"QualifiedTable","DefinitionCount","SourceFile","SourceRelativePath"
"public.shelf_life_predictions","3","C:\Users\DIYA GOEL\Downloads\EBDESIGN\backend\migrations\1000_energy_food_erp_modules.sql","backend\migrations\1000_energy_food_erp_modules.sql"
"public.shelf_life_predictions","3","C:\Users\DIYA GOEL\Downloads\EBDESIGN\backend\src\database\shelf_life_schema.sql","backend\src\database\shelf_life_schema.sql"
"public.shelf_life_predictions","3","C:\Users\DIYA GOEL\Downloads\EBDESIGN\backend\src\database\migrations\043_shelf_life_schema.sql","backend\src\database\migrations\043_shelf_life_schema.sql"
"public.fixed_assets","2","C:\Users\DIYA GOEL\Downloads\EBDESIGN\backend\migrations\1000_energy_food_erp_modules.sql","backend\migrations\1000_energy_food_erp_modules.sql"
"public.fixed_assets","2","C:\Users\DIYA GOEL\Downloads\EBDESIGN\backend\src\database\migrations\996_enterprise_foundation.sql","backend\src\database\migrations\996_enterprise_foundation.sql"
"public.projects","2","C:\Users\DIYA GOEL\Downloads\EBDESIGN\backend\migrations\1000_energy_food_erp_modules.sql","backend\migrations\1000_energy_food_erp_modules.sql"
"public.projects","2","C:\Users\DIYA GOEL\Downloads\EBDESIGN\backend\src\database\migrations\9996_project_systems_schema.sql","backend\src\database\migrations\9996_project_systems_schema.sql"
"public.copilot_sessions","2","C:\Users\DIYA GOEL\Downloads\EBDESIGN\backend\src\database\ai_copilot_schema.sql","backend\src\database\ai_copilot_schema.sql"
"public.copilot_sessions","2","C:\Users\DIYA GOEL\Downloads\EBDESIGN\backend\src\database\migrations\016_ai_copilot_schema.sql","backend\src\database\migrations\016_ai_copilot_schema.sql"
"public.copilot_messages","2","C:\Users\DIYA GOEL\Downloads\EBDESIGN\backend\src\database\ai_copilot_schema.sql","backend\src\database\ai_copilot_schema.sql"
"public.copilot_messages","2","C:\Users\DIYA GOEL\Downloads\EBDESIGN\backend\src\database\migrations\016_ai_copilot_schema.sql","backend\src\database\migrations\016_ai_copilot_schema.sql"
"public.finance_copilot_data","2","C:\Users\DIYA GOEL\Downloads\EBDESIGN\backend\src\database\ai_copilot_schema.sql","backend\src\database\ai_copilot_schema.sql"
"public.finance_copilot_data","2","C:\Users\DIYA GOEL\Downloads\EBDESIGN\backend\src\database\migrations\016_ai_copilot_schema.sql","backend\src\database\migrations\016_ai_copilot_schema.sql"
"public.logistics_copilot_data","2","C:\Users\DIYA GOEL\Downloads\EBDESIGN\backend\src\database\ai_copilot_schema.sql","backend\src\database\ai_copilot_schema.sql"
"public.logistics_copilot_data","2","C:\Users\DIYA GOEL\Downloads\EBDESIGN\backend\src\database\migrations\016_ai_copilot_schema.sql","backend\src\database\migrations\016_ai_copilot_schema.sql"
"public.warehouse_copilot_data","2","C:\Users\DIYA GOEL\Downloads\EBDESIGN\backend\src\database\ai_copilot_schema.sql","backend\src\database\ai_copilot_schema.sql"
"public.warehouse_copilot_data","2","C:\Users\DIYA GOEL\Downloads\EBDESIGN\backend\src\database\migrations\016_ai_copilot_schema.sql","backend\src\database\migrations\016_ai_copilot_schema.sql"
"public.insurance_copilot_data","2","C:\Users\DIYA GOEL\Downloads\EBDESIGN\backend\src\database\ai_copilot_schema.sql","backend\src\database\ai_copilot_schema.sql"
"public.insurance_copilot_data","2","C:\Users\DIYA GOEL\Downloads\EBDESIGN\backend\src\database\migrations\016_ai_copilot_schema.sql","backend\src\database\migrations\016_ai_copilot_schema.sql"
"public.nutrition_copilot_data","2","C:\Users\DIYA GOEL\Downloads\EBDESIGN\backend\src\database\ai_copilot_schema.sql","backend\src\database\ai_copilot_schema.sql"
"public.nutrition_copilot_data","2","C:\Users\DIYA GOEL\Downloads\EBDESIGN\backend\src\database\migrations\016_ai_copilot_schema.sql","backend\src\database\migrations\016_ai_copilot_schema.sql"
"public.marketplace_copilot_data","2","C:\Users\DIYA GOEL\Downloads\EBDESIGN\backend\src\database\ai_copilot_schema.sql","backend\src\database\ai_copilot_schema.sql"
"public.marketplace_copilot_data","2","C:\Users\DIYA GOEL\Downloads\EBDESIGN\backend\src\database\migrations\016_ai_copilot_schema.sql","backend\src\database\migrations\016_ai_copilot_schema.sql"
"public.ar_vr_experiences","3","C:\Users\DIYA GOEL\Downloads\EBDESIGN\backend\src\database\ar_vr_schema.sql","backend\src\database\ar_vr_schema.sql"
"public.ar_vr_experiences","3","C:\Users\DIYA GOEL\Downloads\EBDESIGN\backend\src\database\migrations\015_advanced_features.sql","backend\src\database\migrations\015_advanced_features.sql"
"public.ar_vr_experiences","3","C:\Users\DIYA GOEL\Downloads\EBDESIGN\backend\src\database\migrations\017_ar_vr_schema.sql","backend\src\database\migrations\017_ar_vr_schema.sql"
"public.ar_vr_assets","2","C:\Users\DIYA GOEL\Downloads\EBDESIGN\backend\src\database\ar_vr_schema.sql","backend\src\database\ar_vr_schema.sql"
"public.ar_vr_assets","2","C:\Users\DIYA GOEL\Downloads\EBDESIGN\backend\src\database\migrations\017_ar_vr_schema.sql","backend\src\database\migrations\017_ar_vr_schema.sql"
"public.experience_assets","2","C:\Users\DIYA GOEL\Downloads\EBDESIGN\backend\src\database\ar_vr_schema.sql","backend\src\database\ar_vr_schema.sql"
"public.experience_assets","2","C:\Users\DIYA GOEL\Downloads\EBDESIGN\backend\src\database\migrations\017_ar_vr_schema.sql","backend\src\database\migrations\017_ar_vr_schema.sql"
"public.interaction_points","2","C:\Users\DIYA GOEL\Downloads\EBDESIGN\backend\src\database\ar_vr_schema.sql","backend\src\database\ar_vr_schema.sql"
"public.interaction_points","2","C:\Users\DIYA GOEL\Downloads\EBDESIGN\backend\src\database\migrations\017_ar_vr_schema.sql","backend\src\database\migrations\017_ar_vr_schema.sql"
"public.ar_vr_sessions","2","C:\Users\DIYA GOEL\Downloads\EBDESIGN\backend\src\database\ar_vr_schema.sql","backend\src\database\ar_vr_schema.sql"
"public.ar_vr_sessions","2","C:\Users\DIYA GOEL\Downloads\EBDESIGN\backend\src\database\migrations\017_ar_vr_schema.sql","backend\src\database\migrations\017_ar_vr_schema.sql"
"public.ar_vr_analytics","2","C:\Users\DIYA GOEL\Downloads\EBDESIGN\backend\src\database\ar_vr_schema.sql","backend\src\database\ar_vr_schema.sql"
"public.ar_vr_analytics","2","C:\Users\DIYA GOEL\Downloads\EBDESIGN\backend\src\database\migrations\017_ar_vr_schema.sql","backend\src\database\migrations\017_ar_vr_schema.sql"
"public.species_database","2","C:\Users\DIYA GOEL\Downloads\EBDESIGN\backend\src\database\biodiversity_schema.sql","backend\src\database\biodiversity_schema.sql"
"public.species_database","2","C:\Users\DIYA GOEL\Downloads\EBDESIGN\backend\src\database\migrations\018_biodiversity_schema.sql","backend\src\database\migrations\018_biodiversity_schema.sql"
"public.native_crops_database","2","C:\Users\DIYA GOEL\Downloads\EBDESIGN\backend\src\database\biodiversity_schema.sql","backend\src\database\biodiversity_schema.sql"
"public.native_crops_database","2","C:\Users\DIYA GOEL\Downloads\EBDESIGN\backend\src\database\migrations\018_biodiversity_schema.sql","backend\src\database\migrations\018_biodiversity_schema.sql"
"public.traditional_varieties_database","2","C:\Users\DIYA GOEL\Downloads\EBDESIGN\backend\src\database\biodiversity_schema.sql","backend\src\database\biodiversity_schema.sql"
"public.traditional_varieties_database","2","C:\Users\DIYA GOEL\Downloads\EBDESIGN\backend\src\database\migrations\018_biodiversity_schema.sql","backend\src\database\migrations\018_biodiversity_schema.sql"
"public.medicinal_plants_database","2","C:\Users\DIYA GOEL\Downloads\EBDESIGN\backend\src\database\biodiversity_schema.sql","backend\src\database\biodiversity_schema.sql"
"public.medicinal_plants_database","2","C:\Users\DIYA GOEL\Downloads\EBDESIGN\backend\src\database\migrations\018_biodiversity_schema.sql","backend\src\database\migrations\018_biodiversity_schema.sql"
"public.wild_foods_database","2","C:\Users\DIYA GOEL\Downloads\EBDESIGN\backend\src\database\biodiversity_schema.sql","backend\src\database\biodiversity_schema.sql"
"public.wild_foods_database","2","C:\Users\DIYA GOEL\Downloads\EBDESIGN\backend\src\database\migrations\018_biodiversity_schema.sql","backend\src\database\migrations\018_biodiversity_schema.sql"
"public.conservation_tracking","2","C:\Users\DIYA GOEL\Downloads\EBDESIGN\backend\src\database\biodiversity_schema.sql","backend\src\database\biodiversity_schema.sql"
"public.conservation_tracking","2","C:\Users\DIYA GOEL\Downloads\EBDESIGN\backend\src\database\migrations\018_biodiversity_schema.sql","backend\src\database\migrations\018_biodiversity_schema.sql"
"public.biodiversity_risk_predictions","2","C:\Users\DIYA GOEL\Downloads\EBDESIGN\backend\src\database\biodiversity_schema.sql","backend\src\database\biodiversity_schema.sql"
"public.biodiversity_risk_predictions","2","C:\Users\DIYA GOEL\Downloads\EBDESIGN\backend\src\database\migrations\018_biodiversity_schema.sql","backend\src\database\migrations\018_biodiversity_schema.sql"
"public.blockchain_transactions","2","C:\Users\DIYA GOEL\Downloads\EBDESIGN\backend\src\database\blockchain_traceability_schema.sql","backend\src\database\blockchain_traceability_schema.sql"
"public.blockchain_transactions","2","C:\Users\DIYA GOEL\Downloads\EBDESIGN\backend\src\database\migrations\019_blockchain_traceability_schema.sql","backend\src\database\migrations\019_blockchain_traceability_schema.sql"
"public.traceability_events","2","C:\Users\DIYA GOEL\Downloads\EBDESIGN\backend\src\database\blockchain_traceability_schema.sql","backend\src\database\blockchain_traceability_schema.sql"
"public.traceability_events","2","C:\Users\DIYA GOEL\Downloads\EBDESIGN\backend\src\database\migrations\019_blockchain_traceability_schema.sql","backend\src\database\migrations\019_blockchain_traceability_schema.sql"
"public.chain_of_custody","2","C:\Users\DIYA GOEL\Downloads\EBDESIGN\backend\src\database\blockchain_traceability_schema.sql","backend\src\database\blockchain_traceability_schema.sql"
"public.chain_of_custody","2","C:\Users\DIYA GOEL\Downloads\EBDESIGN\backend\src\database\migrations\019_blockchain_traceability_schema.sql","backend\src\database\migrations\019_blockchain_traceability_schema.sql"
"public.blockchain_certificates","2","C:\Users\DIYA GOEL\Downloads\EBDESIGN\backend\src\database\blockchain_traceability_schema.sql","backend\src\database\blockchain_traceability_schema.sql"
"public.blockchain_certificates","2","C:\Users\DIYA GOEL\Downloads\EBDESIGN\backend\src\database\migrations\019_blockchain_traceability_schema.sql","backend\src\database\migrations\019_blockchain_traceability_schema.sql"
"public.smart_contracts","3","C:\Users\DIYA GOEL\Downloads\EBDESIGN\backend\src\database\blockchain_traceability_schema.sql","backend\src\database\blockchain_traceability_schema.sql"
"public.smart_contracts","3","C:\Users\DIYA GOEL\Downloads\EBDESIGN\backend\src\database\migrations\015_advanced_features.sql","backend\src\database\migrations\015_advanced_features.sql"
"public.smart_contracts","3","C:\Users\DIYA GOEL\Downloads\EBDESIGN\backend\src\database\migrations\019_blockchain_traceability_schema.sql","backend\src\database\migrations\019_blockchain_traceability_schema.sql"
"public.blockchain_analytics","2","C:\Users\DIYA GOEL\Downloads\EBDESIGN\backend\src\database\blockchain_traceability_schema.sql","backend\src\database\blockchain_traceability_schema.sql"
"public.blockchain_analytics","2","C:\Users\DIYA GOEL\Downloads\EBDESIGN\backend\src\database\migrations\019_blockchain_traceability_schema.sql","backend\src\database\migrations\019_blockchain_traceability_schema.sql"
"public.verification_requests","2","C:\Users\DIYA GOEL\Downloads\EBDESIGN\backend\src\database\blockchain_traceability_schema.sql","backend\src\database\blockchain_traceability_schema.sql"
"public.verification_requests","2","C:\Users\DIYA GOEL\Downloads\EBDESIGN\backend\src\database\migrations\019_blockchain_traceability_schema.sql","backend\src\database\migrations\019_blockchain_traceability_schema.sql"
"public.health_profiles","2","C:\Users\DIYA GOEL\Downloads\EBDESIGN\backend\src\database\consumer_health_schema.sql","backend\src\database\consumer_health_schema.sql"
"public.health_profiles","2","C:\Users\DIYA GOEL\Downloads\EBDESIGN\backend\src\database\migrations\020_consumer_health_schema.sql","backend\src\database\migrations\020_consumer_health_schema.sql"
"public.dietary_profiles","4","C:\Users\DIYA GOEL\Downloads\EBDESIGN\backend\src\database\consumer_health_schema.sql","backend\src\database\consumer_health_schema.sql"
"public.dietary_profiles","4","C:\Users\DIYA GOEL\Downloads\EBDESIGN\backend\src\database\nutrition_intelligence_schema.sql","backend\src\database\nutrition_intelligence_schema.sql"
"public.dietary_profiles","4","C:\Users\DIYA GOEL\Downloads\EBDESIGN\backend\src\database\migrations\020_consumer_health_schema.sql","backend\src\database\migrations\020_consumer_health_schema.sql"
"public.dietary_profiles","4","C:\Users\DIYA GOEL\Downloads\EBDESIGN\backend\src\database\migrations\036_nutrition_intelligence_schema.sql","backend\src\database\migrations\036_nutrition_intelligence_schema.sql"
"public.health_metrics","2","C:\Users\DIYA GOEL\Downloads\EBDESIGN\backend\src\database\consumer_health_schema.sql","backend\src\database\consumer_health_schema.sql"
"public.health_metrics","2","C:\Users\DIYA GOEL\Downloads\EBDESIGN\backend\src\database\migrations\020_consumer_health_schema.sql","backend\src\database\migrations\020_consumer_health_schema.sql"
"public.health_goals","2","C:\Users\DIYA GOEL\Downloads\EBDESIGN\backend\src\database\consumer_health_schema.sql","backend\src\database\consumer_health_schema.sql"
"public.health_goals","2","C:\Users\DIYA GOEL\Downloads\EBDESIGN\backend\src\database\migrations\020_consumer_health_schema.sql","backend\src\database\migrations\020_consumer_health_schema.sql"
"public.dietary_recommendations","2","C:\Users\DIYA GOEL\Downloads\EBDESIGN\backend\src\database\consumer_health_schema.sql","backend\src\database\consumer_health_schema.sql"
"public.dietary_recommendations","2","C:\Users\DIYA GOEL\Downloads\EBDESIGN\backend\src\database\migrations\020_consumer_health_schema.sql","backend\src\database\migrations\020_consumer_health_schema.sql"
"public.health_alerts","2","C:\Users\DIYA GOEL\Downloads\EBDESIGN\backend\src\database\consumer_health_schema.sql","backend\src\database\consumer_health_schema.sql"
"public.health_alerts","2","C:\Users\DIYA GOEL\Downloads\EBDESIGN\backend\src\database\migrations\020_consumer_health_schema.sql","backend\src\database\migrations\020_consumer_health_schema.sql"
"public.food_consumption_logs","2","C:\Users\DIYA GOEL\Downloads\EBDESIGN\backend\src\database\consumer_health_schema.sql","backend\src\database\consumer_health_schema.sql"
"public.food_consumption_logs","2","C:\Users\DIYA GOEL\Downloads\EBDESIGN\backend\src\database\migrations\020_consumer_health_schema.sql","backend\src\database\migrations\020_consumer_health_schema.sql"
"public.health_analytics","2","C:\Users\DIYA GOEL\Downloads\EBDESIGN\backend\src\database\consumer_health_schema.sql","backend\src\database\consumer_health_schema.sql"
"public.health_analytics","2","C:\Users\DIYA GOEL\Downloads\EBDESIGN\backend\src\database\migrations\020_consumer_health_schema.sql","backend\src\database\migrations\020_consumer_health_schema.sql"
"public.conversation_domains","2","C:\Users\DIYA GOEL\Downloads\EBDESIGN\backend\src\database\conversational_ai_schema.sql","backend\src\database\conversational_ai_schema.sql"
"public.conversation_domains","2","C:\Users\DIYA GOEL\Downloads\EBDESIGN\backend\src\database\migrations\021_conversational_ai_schema.sql","backend\src\database\migrations\021_conversational_ai_schema.sql"
"public.conversation_sessions","2","C:\Users\DIYA GOEL\Downloads\EBDESIGN\backend\src\database\conversational_ai_schema.sql","backend\src\database\conversational_ai_schema.sql"
"public.conversation_sessions","2","C:\Users\DIYA GOEL\Downloads\EBDESIGN\backend\src\database\migrations\021_conversational_ai_schema.sql","backend\src\database\migrations\021_conversational_ai_schema.sql"
"public.conversation_messages","2","C:\Users\DIYA GOEL\Downloads\EBDESIGN\backend\src\database\conversational_ai_schema.sql","backend\src\database\conversational_ai_schema.sql"
"public.conversation_messages","2","C:\Users\DIYA GOEL\Downloads\EBDESIGN\backend\src\database\migrations\021_conversational_ai_schema.sql","backend\src\database\migrations\021_conversational_ai_schema.sql"
"public.intents","2","C:\Users\DIYA GOEL\Downloads\EBDESIGN\backend\src\database\conversational_ai_schema.sql","backend\src\database\conversational_ai_schema.sql"
"public.intents","2","C:\Users\DIYA GOEL\Downloads\EBDESIGN\backend\src\database\migrations\021_conversational_ai_schema.sql","backend\src\database\migrations\021_conversational_ai_schema.sql"
"public.conversation_context","2","C:\Users\DIYA GOEL\Downloads\EBDESIGN\backend\src\database\conversational_ai_schema.sql","backend\src\database\conversational_ai_schema.sql"
"public.conversation_context","2","C:\Users\DIYA GOEL\Downloads\EBDESIGN\backend\src\database\migrations\021_conversational_ai_schema.sql","backend\src\database\migrations\021_conversational_ai_schema.sql"
"public.knowledge_base_articles","2","C:\Users\DIYA GOEL\Downloads\EBDESIGN\backend\src\database\conversational_ai_schema.sql","backend\src\database\conversational_ai_schema.sql"
"public.knowledge_base_articles","2","C:\Users\DIYA GOEL\Downloads\EBDESIGN\backend\src\database\migrations\021_conversational_ai_schema.sql","backend\src\database\migrations\021_conversational_ai_schema.sql"
"public.conversation_analytics","2","C:\Users\DIYA GOEL\Downloads\EBDESIGN\backend\src\database\conversational_ai_schema.sql","backend\src\database\conversational_ai_schema.sql"
"public.conversation_analytics","2","C:\Users\DIYA GOEL\Downloads\EBDESIGN\backend\src\database\migrations\021_conversational_ai_schema.sql","backend\src\database\migrations\021_conversational_ai_schema.sql"
"public.ai_models","2","C:\Users\DIYA GOEL\Downloads\EBDESIGN\backend\src\database\conversational_ai_schema.sql","backend\src\database\conversational_ai_schema.sql"
"public.ai_models","2","C:\Users\DIYA GOEL\Downloads\EBDESIGN\backend\src\database\migrations\021_conversational_ai_schema.sql","backend\src\database\migrations\021_conversational_ai_schema.sql"
"public.conversation_handoffs","2","C:\Users\DIYA GOEL\Downloads\EBDESIGN\backend\src\database\conversational_ai_schema.sql","backend\src\database\conversational_ai_schema.sql"
"public.conversation_handoffs","2","C:\Users\DIYA GOEL\Downloads\EBDESIGN\backend\src\database\migrations\021_conversational_ai_schema.sql","backend\src\database\migrations\021_conversational_ai_schema.sql"
"public.product_ids","2","C:\Users\DIYA GOEL\Downloads\EBDESIGN\backend\src\database\digital_product_passport_schema.sql","backend\src\database\digital_product_passport_schema.sql"
"public.product_ids","2","C:\Users\DIYA GOEL\Downloads\EBDESIGN\backend\src\database\migrations\022_digital_product_passport_schema.sql","backend\src\database\migrations\022_digital_product_passport_schema.sql"
"public.batch_tracking","2","C:\Users\DIYA GOEL\Downloads\EBDESIGN\backend\src\database\digital_product_passport_schema.sql","backend\src\database\digital_product_passport_schema.sql"
"public.batch_tracking","2","C:\Users\DIYA GOEL\Downloads\EBDESIGN\backend\src\database\migrations\022_digital_product_passport_schema.sql","backend\src\database\migrations\022_digital_product_passport_schema.sql"
"public.farm_information","2","C:\Users\DIYA GOEL\Downloads\EBDESIGN\backend\src\database\digital_product_passport_schema.sql","backend\src\database\digital_product_passport_schema.sql"
"public.farm_information","2","C:\Users\DIYA GOEL\Downloads\EBDESIGN\backend\src\database\migrations\022_digital_product_passport_schema.sql","backend\src\database\migrations\022_digital_product_passport_schema.sql"
"public.farmer_information","2","C:\Users\DIYA GOEL\Downloads\EBDESIGN\backend\src\database\digital_product_passport_schema.sql","backend\src\database\digital_product_passport_schema.sql"
"public.farmer_information","2","C:\Users\DIYA GOEL\Downloads\EBDESIGN\backend\src\database\migrations\022_digital_product_passport_schema.sql","backend\src\database\migrations\022_digital_product_passport_schema.sql"
"public.certification_information","2","C:\Users\DIYA GOEL\Downloads\EBDESIGN\backend\src\database\digital_product_passport_schema.sql","backend\src\database\digital_product_passport_schema.sql"
"public.certification_information","2","C:\Users\DIYA GOEL\Downloads\EBDESIGN\backend\src\database\migrations\022_digital_product_passport_schema.sql","backend\src\database\migrations\022_digital_product_passport_schema.sql"
"public.processing_history","2","C:\Users\DIYA GOEL\Downloads\EBDESIGN\backend\src\database\digital_product_passport_schema.sql","backend\src\database\digital_product_passport_schema.sql"
"public.processing_history","2","C:\Users\DIYA GOEL\Downloads\EBDESIGN\backend\src\database\migrations\022_digital_product_passport_schema.sql","backend\src\database\migrations\022_digital_product_passport_schema.sql"
"public.logistics_history","2","C:\Users\DIYA GOEL\Downloads\EBDESIGN\backend\src\database\digital_product_passport_schema.sql","backend\src\database\digital_product_passport_schema.sql"
"public.logistics_history","2","C:\Users\DIYA GOEL\Downloads\EBDESIGN\backend\src\database\migrations\022_digital_product_passport_schema.sql","backend\src\database\migrations\022_digital_product_passport_schema.sql"
"public.sustainability_data","2","C:\Users\DIYA GOEL\Downloads\EBDESIGN\backend\src\database\digital_product_passport_schema.sql","backend\src\database\digital_product_passport_schema.sql"
"public.sustainability_data","2","C:\Users\DIYA GOEL\Downloads\EBDESIGN\backend\src\database\migrations\022_digital_product_passport_schema.sql","backend\src\database\migrations\022_digital_product_passport_schema.sql"
"public.carbon_data","2","C:\Users\DIYA GOEL\Downloads\EBDESIGN\backend\src\database\digital_product_passport_schema.sql","backend\src\database\digital_product_passport_schema.sql"
"public.carbon_data","2","C:\Users\DIYA GOEL\Downloads\EBDESIGN\backend\src\database\migrations\022_digital_product_passport_schema.sql","backend\src\database\migrations\022_digital_product_passport_schema.sql"
"public.quality_reports","2","C:\Users\DIYA GOEL\Downloads\EBDESIGN\backend\src\database\digital_product_passport_schema.sql","backend\src\database\digital_product_passport_schema.sql"
"public.quality_reports","2","C:\Users\DIYA GOEL\Downloads\EBDESIGN\backend\src\database\migrations\022_digital_product_passport_schema.sql","backend\src\database\migrations\022_digital_product_passport_schema.sql"
"public.recall_status","2","C:\Users\DIYA GOEL\Downloads\EBDESIGN\backend\src\database\digital_product_passport_schema.sql","backend\src\database\digital_product_passport_schema.sql"
"public.recall_status","2","C:\Users\DIYA GOEL\Downloads\EBDESIGN\backend\src\database\migrations\022_digital_product_passport_schema.sql","backend\src\database\migrations\022_digital_product_passport_schema.sql"
"public.qr_codes","2","C:\Users\DIYA GOEL\Downloads\EBDESIGN\backend\src\database\digital_product_passport_schema.sql","backend\src\database\digital_product_passport_schema.sql"
"public.qr_codes","2","C:\Users\DIYA GOEL\Downloads\EBDESIGN\backend\src\database\migrations\022_digital_product_passport_schema.sql","backend\src\database\migrations\022_digital_product_passport_schema.sql"
"public.engineering_projects","2","C:\Users\DIYA GOEL\Downloads\EBDESIGN\backend\src\database\engineering_schema.sql","backend\src\database\engineering_schema.sql"
"public.engineering_projects","2","C:\Users\DIYA GOEL\Downloads\EBDESIGN\backend\src\database\migrations\023_engineering_schema.sql","backend\src\database\migrations\023_engineering_schema.sql"
"public.design_documents","2","C:\Users\DIYA GOEL\Downloads\EBDESIGN\backend\src\database\engineering_schema.sql","backend\src\database\engineering_schema.sql"
"public.design_documents","2","C:\Users\DIYA GOEL\Downloads\EBDESIGN\backend\src\database\migrations\023_engineering_schema.sql","backend\src\database\migrations\023_engineering_schema.sql"
"public.ai_analysis_results","2","C:\Users\DIYA GOEL\Downloads\EBDESIGN\backend\src\database\engineering_schema.sql","backend\src\database\engineering_schema.sql"
"public.ai_analysis_results","2","C:\Users\DIYA GOEL\Downloads\EBDESIGN\backend\src\database\migrations\023_engineering_schema.sql","backend\src\database\migrations\023_engineering_schema.sql"
"public.boq_items","2","C:\Users\DIYA GOEL\Downloads\EBDESIGN\backend\src\database\engineering_schema.sql","backend\src\database\engineering_schema.sql"
"public.boq_items","2","C:\Users\DIYA GOEL\Downloads\EBDESIGN\backend\src\database\migrations\023_engineering_schema.sql","backend\src\database\migrations\023_engineering_schema.sql"
"public.cost_estimates","2","C:\Users\DIYA GOEL\Downloads\EBDESIGN\backend\src\database\engineering_schema.sql","backend\src\database\engineering_schema.sql"
"public.cost_estimates","2","C:\Users\DIYA GOEL\Downloads\EBDESIGN\backend\src\database\migrations\023_engineering_schema.sql","backend\src\database\migrations\023_engineering_schema.sql"
"public.material_prices","2","C:\Users\DIYA GOEL\Downloads\EBDESIGN\backend\src\database\engineering_schema.sql","backend\src\database\engineering_schema.sql"
"public.material_prices","2","C:\Users\DIYA GOEL\Downloads\EBDESIGN\backend\src\database\migrations\023_engineering_schema.sql","backend\src\database\migrations\023_engineering_schema.sql"
"public.labor_rates","2","C:\Users\DIYA GOEL\Downloads\EBDESIGN\backend\src\database\engineering_schema.sql","backend\src\database\engineering_schema.sql"
"public.labor_rates","2","C:\Users\DIYA GOEL\Downloads\EBDESIGN\backend\src\database\migrations\023_engineering_schema.sql","backend\src\database\migrations\023_engineering_schema.sql"
"public.equipment_rates","2","C:\Users\DIYA GOEL\Downloads\EBDESIGN\backend\src\database\engineering_schema.sql","backend\src\database\engineering_schema.sql"
"public.equipment_rates","2","C:\Users\DIYA GOEL\Downloads\EBDESIGN\backend\src\database\migrations\023_engineering_schema.sql","backend\src\database\migrations\023_engineering_schema.sql"
"public.project_schedules","2","C:\Users\DIYA GOEL\Downloads\EBDESIGN\backend\src\database\engineering_schema.sql","backend\src\database\engineering_schema.sql"
"public.project_schedules","2","C:\Users\DIYA GOEL\Downloads\EBDESIGN\backend\src\database\migrations\023_engineering_schema.sql","backend\src\database\migrations\023_engineering_schema.sql"
"public.schedule_activities","2","C:\Users\DIYA GOEL\Downloads\EBDESIGN\backend\src\database\engineering_schema.sql","backend\src\database\engineering_schema.sql"
"public.schedule_activities","2","C:\Users\DIYA GOEL\Downloads\EBDESIGN\backend\src\database\migrations\023_engineering_schema.sql","backend\src\database\migrations\023_engineering_schema.sql"
"public.bim_models","2","C:\Users\DIYA GOEL\Downloads\EBDESIGN\backend\src\database\engineering_schema.sql","backend\src\database\engineering_schema.sql"
"public.bim_models","2","C:\Users\DIYA GOEL\Downloads\EBDESIGN\backend\src\database\migrations\023_engineering_schema.sql","backend\src\database\migrations\023_engineering_schema.sql"
"public.cad_files","2","C:\Users\DIYA GOEL\Downloads\EBDESIGN\backend\src\database\engineering_schema.sql","backend\src\database\engineering_schema.sql"
"public.cad_files","2","C:\Users\DIYA GOEL\Downloads\EBDESIGN\backend\src\database\migrations\023_engineering_schema.sql","backend\src\database\migrations\023_engineering_schema.sql"
"public.digital_twin_sensors","2","C:\Users\DIYA GOEL\Downloads\EBDESIGN\backend\src\database\engineering_schema.sql","backend\src\database\engineering_schema.sql"
"public.digital_twin_sensors","2","C:\Users\DIYA GOEL\Downloads\EBDESIGN\backend\src\database\migrations\023_engineering_schema.sql","backend\src\database\migrations\023_engineering_schema.sql"
"public.digital_twin_data","2","C:\Users\DIYA GOEL\Downloads\EBDESIGN\backend\src\database\engineering_schema.sql","backend\src\database\engineering_schema.sql"
"public.digital_twin_data","2","C:\Users\DIYA GOEL\Downloads\EBDESIGN\backend\src\database\migrations\023_engineering_schema.sql","backend\src\database\migrations\023_engineering_schema.sql"
"public.digital_twin_data_y2024","2","C:\Users\DIYA GOEL\Downloads\EBDESIGN\backend\src\database\engineering_schema.sql","backend\src\database\engineering_schema.sql"
"public.digital_twin_data_y2024","2","C:\Users\DIYA GOEL\Downloads\EBDESIGN\backend\src\database\migrations\023_engineering_schema.sql","backend\src\database\migrations\023_engineering_schema.sql"
"public.compliance_records","3","C:\Users\DIYA GOEL\Downloads\EBDESIGN\backend\src\database\engineering_schema.sql","backend\src\database\engineering_schema.sql"
"public.compliance_records","3","C:\Users\DIYA GOEL\Downloads\EBDESIGN\backend\src\database\schema.sql","backend\src\database\schema.sql"
"public.compliance_records","3","C:\Users\DIYA GOEL\Downloads\EBDESIGN\backend\src\database\migrations\000_base_schema.sql","backend\src\database\migrations\000_base_schema.sql"
"public.dpr_documents","3","C:\Users\DIYA GOEL\Downloads\EBDESIGN\backend\src\database\engineering_schema.sql","backend\src\database\engineering_schema.sql"
"public.dpr_documents","3","C:\Users\DIYA GOEL\Downloads\EBDESIGN\backend\src\database\migrations\023_engineering_schema.sql","backend\src\database\migrations\023_engineering_schema.sql"
"public.dpr_documents","3","C:\Users\DIYA GOEL\Downloads\EBDESIGN\backend\src\database\migrations\3105_dpr_documents_schema.sql","backend\src\database\migrations\3105_dpr_documents_schema.sql"
"public.tender_documents","2","C:\Users\DIYA GOEL\Downloads\EBDESIGN\backend\src\database\engineering_schema.sql","backend\src\database\engineering_schema.sql"
"public.tender_documents","2","C:\Users\DIYA GOEL\Downloads\EBDESIGN\backend\src\database\migrations\023_engineering_schema.sql","backend\src\database\migrations\023_engineering_schema.sql"
"public.tender_bids","5","C:\Users\DIYA GOEL\Downloads\EBDESIGN\backend\src\database\engineering_schema.sql","backend\src\database\engineering_schema.sql"
"public.tender_bids","5","C:\Users\DIYA GOEL\Downloads\EBDESIGN\backend\src\database\institutional_procurement_schema.sql","backend\src\database\institutional_procurement_schema.sql"
"public.tender_bids","5","C:\Users\DIYA GOEL\Downloads\EBDESIGN\backend\src\database\migrations\030_institutional_procurement_schema.sql","backend\src\database\migrations\030_institutional_procurement_schema.sql"
"public.tender_bids","5","C:\Users\DIYA GOEL\Downloads\EBDESIGN\backend\src\database\migrations\999_zz_tender_bids_collision_repair.sql","backend\src\database\migrations\999_zz_tender_bids_collision_repair.sql"
"public.tender_bids","5","C:\Users\DIYA GOEL\Downloads\EBDESIGN\backend\src\database\migrations\999_zz_tender_bids_collision_repair.sql","backend\src\database\migrations\999_zz_tender_bids_collision_repair.sql"
"public.construction_progress","2","C:\Users\DIYA GOEL\Downloads\EBDESIGN\backend\src\database\engineering_schema.sql","backend\src\database\engineering_schema.sql"
"public.construction_progress","2","C:\Users\DIYA GOEL\Downloads\EBDESIGN\backend\src\database\migrations\023_engineering_schema.sql","backend\src\database\migrations\023_engineering_schema.sql"
"public.quality_checks","2","C:\Users\DIYA GOEL\Downloads\EBDESIGN\backend\src\database\engineering_schema.sql","backend\src\database\engineering_schema.sql"
"public.quality_checks","2","C:\Users\DIYA GOEL\Downloads\EBDESIGN\backend\src\database\migrations\023_engineering_schema.sql","backend\src\database\migrations\023_engineering_schema.sql"
"public.drone_surveys","2","C:\Users\DIYA GOEL\Downloads\EBDESIGN\backend\src\database\engineering_schema.sql","backend\src\database\engineering_schema.sql"
"public.drone_surveys","2","C:\Users\DIYA GOEL\Downloads\EBDESIGN\backend\src\database\migrations\023_engineering_schema.sql","backend\src\database\migrations\023_engineering_schema.sql"
"public.facility_operations","2","C:\Users\DIYA GOEL\Downloads\EBDESIGN\backend\src\database\engineering_schema.sql","backend\src\database\engineering_schema.sql"
"public.facility_operations","2","C:\Users\DIYA GOEL\Downloads\EBDESIGN\backend\src\database\migrations\023_engineering_schema.sql","backend\src\database\migrations\023_engineering_schema.sql"
"public.maintenance_records","3","C:\Users\DIYA GOEL\Downloads\EBDESIGN\backend\src\database\engineering_schema.sql","backend\src\database\engineering_schema.sql"
"public.maintenance_records","3","C:\Users\DIYA GOEL\Downloads\EBDESIGN\backend\src\database\schema.sql","backend\src\database\schema.sql"
"public.maintenance_records","3","C:\Users\DIYA GOEL\Downloads\EBDESIGN\backend\src\database\migrations\000_base_schema.sql","backend\src\database\migrations\000_base_schema.sql"
"public.vendors","2","C:\Users\DIYA GOEL\Downloads\EBDESIGN\backend\src\database\engineering_schema.sql","backend\src\database\engineering_schema.sql"
"public.vendors","2","C:\Users\DIYA GOEL\Downloads\EBDESIGN\backend\src\database\migrations\023_engineering_schema.sql","backend\src\database\migrations\023_engineering_schema.sql"
"public.engineering_audit_log","2","C:\Users\DIYA GOEL\Downloads\EBDESIGN\backend\src\database\engineering_schema.sql","backend\src\database\engineering_schema.sql"
"public.engineering_audit_log","2","C:\Users\DIYA GOEL\Downloads\EBDESIGN\backend\src\database\migrations\023_engineering_schema.sql","backend\src\database\migrations\023_engineering_schema.sql"
"public.food_categories","2","C:\Users\DIYA GOEL\Downloads\EBDESIGN\backend\src\database\food_intelligence_schema.sql","backend\src\database\food_intelligence_schema.sql"
"public.food_categories","2","C:\Users\DIYA GOEL\Downloads\EBDESIGN\backend\src\database\migrations\024_food_intelligence_schema.sql","backend\src\database\migrations\024_food_intelligence_schema.sql"
"public.food_items","2","C:\Users\DIYA GOEL\Downloads\EBDESIGN\backend\src\database\food_intelligence_schema.sql","backend\src\database\food_intelligence_schema.sql"
"public.food_items","2","C:\Users\DIYA GOEL\Downloads\EBDESIGN\backend\src\database\migrations\024_food_intelligence_schema.sql","backend\src\database\migrations\024_food_intelligence_schema.sql"
"public.food_safety_standards","2","C:\Users\DIYA GOEL\Downloads\EBDESIGN\backend\src\database\food_intelligence_schema.sql","backend\src\database\food_intelligence_schema.sql"
"public.food_safety_standards","2","C:\Users\DIYA GOEL\Downloads\EBDESIGN\backend\src\database\migrations\024_food_intelligence_schema.sql","backend\src\database\migrations\024_food_intelligence_schema.sql"
"public.food_safety_certifications","2","C:\Users\DIYA GOEL\Downloads\EBDESIGN\backend\src\database\food_intelligence_schema.sql","backend\src\database\food_intelligence_schema.sql"
"public.food_safety_certifications","2","C:\Users\DIYA GOEL\Downloads\EBDESIGN\backend\src\database\migrations\024_food_intelligence_schema.sql","backend\src\database\migrations\024_food_intelligence_schema.sql"
"public.food_quality_parameters","2","C:\Users\DIYA GOEL\Downloads\EBDESIGN\backend\src\database\food_intelligence_schema.sql","backend\src\database\food_intelligence_schema.sql"
"public.food_quality_parameters","2","C:\Users\DIYA GOEL\Downloads\EBDESIGN\backend\src\database\migrations\024_food_intelligence_schema.sql","backend\src\database\migrations\024_food_intelligence_schema.sql"
"public.food_quality_assessments","2","C:\Users\DIYA GOEL\Downloads\EBDESIGN\backend\src\database\food_intelligence_schema.sql","backend\src\database\food_intelligence_schema.sql"
"public.food_quality_assessments","2","C:\Users\DIYA GOEL\Downloads\EBDESIGN\backend\src\database\migrations\024_food_intelligence_schema.sql","backend\src\database\migrations\024_food_intelligence_schema.sql"
"public.contaminant_types","2","C:\Users\DIYA GOEL\Downloads\EBDESIGN\backend\src\database\food_intelligence_schema.sql","backend\src\database\food_intelligence_schema.sql"
"public.contaminant_types","2","C:\Users\DIYA GOEL\Downloads\EBDESIGN\backend\src\database\migrations\024_food_intelligence_schema.sql","backend\src\database\migrations\024_food_intelligence_schema.sql"
"public.food_contaminant_tests","2","C:\Users\DIYA GOEL\Downloads\EBDESIGN\backend\src\database\food_intelligence_schema.sql","backend\src\database\food_intelligence_schema.sql"
"public.food_contaminant_tests","2","C:\Users\DIYA GOEL\Downloads\EBDESIGN\backend\src\database\migrations\024_food_intelligence_schema.sql","backend\src\database\migrations\024_food_intelligence_schema.sql"
"public.freshness_indicators","2","C:\Users\DIYA GOEL\Downloads\EBDESIGN\backend\src\database\food_intelligence_schema.sql","backend\src\database\food_intelligence_schema.sql"
"public.freshness_indicators","2","C:\Users\DIYA GOEL\Downloads\EBDESIGN\backend\src\database\migrations\024_food_intelligence_schema.sql","backend\src\database\migrations\024_food_intelligence_schema.sql"
"public.food_freshness_assessments","2","C:\Users\DIYA GOEL\Downloads\EBDESIGN\backend\src\database\food_intelligence_schema.sql","backend\src\database\food_intelligence_schema.sql"
"public.food_freshness_assessments","2","C:\Users\DIYA GOEL\Downloads\EBDESIGN\backend\src\database\migrations\024_food_intelligence_schema.sql","backend\src\database\migrations\024_food_intelligence_schema.sql"
"public.food_recalls","2","C:\Users\DIYA GOEL\Downloads\EBDESIGN\backend\src\database\food_intelligence_schema.sql","backend\src\database\food_intelligence_schema.sql"
"public.food_recalls","2","C:\Users\DIYA GOEL\Downloads\EBDESIGN\backend\src\database\migrations\024_food_intelligence_schema.sql","backend\src\database\migrations\024_food_intelligence_schema.sql"
"public.food_intelligence_analytics","2","C:\Users\DIYA GOEL\Downloads\EBDESIGN\backend\src\database\food_intelligence_schema.sql","backend\src\database\food_intelligence_schema.sql"
"public.food_intelligence_analytics","2","C:\Users\DIYA GOEL\Downloads\EBDESIGN\backend\src\database\migrations\024_food_intelligence_schema.sql","backend\src\database\migrations\024_food_intelligence_schema.sql"
"public.food_recipes","2","C:\Users\DIYA GOEL\Downloads\EBDESIGN\backend\src\database\food_intelligence_schema.sql","backend\src\database\food_intelligence_schema.sql"
"public.food_recipes","2","C:\Users\DIYA GOEL\Downloads\EBDESIGN\backend\src\database\migrations\024_food_intelligence_schema.sql","backend\src\database\migrations\024_food_intelligence_schema.sql"
"public.haccp_plans","2","C:\Users\DIYA GOEL\Downloads\EBDESIGN\backend\src\database\food_safety_schema.sql","backend\src\database\food_safety_schema.sql"
"public.haccp_plans","2","C:\Users\DIYA GOEL\Downloads\EBDESIGN\backend\src\database\migrations\025_food_safety_schema.sql","backend\src\database\migrations\025_food_safety_schema.sql"
"public.haccp_monitoring_records","2","C:\Users\DIYA GOEL\Downloads\EBDESIGN\backend\src\database\food_safety_schema.sql","backend\src\database\food_safety_schema.sql"
"public.haccp_monitoring_records","2","C:\Users\DIYA GOEL\Downloads\EBDESIGN\backend\src\database\migrations\025_food_safety_schema.sql","backend\src\database\migrations\025_food_safety_schema.sql"
"public.fssai_compliance","2","C:\Users\DIYA GOEL\Downloads\EBDESIGN\backend\src\database\food_safety_schema.sql","backend\src\database\food_safety_schema.sql"
"public.fssai_compliance","2","C:\Users\DIYA GOEL\Downloads\EBDESIGN\backend\src\database\migrations\025_food_safety_schema.sql","backend\src\database\migrations\025_food_safety_schema.sql"
"public.iso22000_compliance","2","C:\Users\DIYA GOEL\Downloads\EBDESIGN\backend\src\database\food_safety_schema.sql","backend\src\database\food_safety_schema.sql"
"public.iso22000_compliance","2","C:\Users\DIYA GOEL\Downloads\EBDESIGN\backend\src\database\migrations\025_food_safety_schema.sql","backend\src\database\migrations\025_food_safety_schema.sql"
"public.food_safety_recalls","2","C:\Users\DIYA GOEL\Downloads\EBDESIGN\backend\src\database\food_safety_schema.sql","backend\src\database\food_safety_schema.sql"
"public.food_safety_recalls","2","C:\Users\DIYA GOEL\Downloads\EBDESIGN\backend\src\database\migrations\025_food_safety_schema.sql","backend\src\database\migrations\025_food_safety_schema.sql"
"public.capa_records","2","C:\Users\DIYA GOEL\Downloads\EBDESIGN\backend\src\database\food_safety_schema.sql","backend\src\database\food_safety_schema.sql"
"public.capa_records","2","C:\Users\DIYA GOEL\Downloads\EBDESIGN\backend\src\database\migrations\025_food_safety_schema.sql","backend\src\database\migrations\025_food_safety_schema.sql"
"public.food_safety_audits","2","C:\Users\DIYA GOEL\Downloads\EBDESIGN\backend\src\database\food_safety_schema.sql","backend\src\database\food_safety_schema.sql"
"public.food_safety_audits","2","C:\Users\DIYA GOEL\Downloads\EBDESIGN\backend\src\database\migrations\025_food_safety_schema.sql","backend\src\database\migrations\025_food_safety_schema.sql"
"public.food_safety_risk_assessments","2","C:\Users\DIYA GOEL\Downloads\EBDESIGN\backend\src\database\food_safety_schema.sql","backend\src\database\food_safety_schema.sql"
"public.food_safety_risk_assessments","2","C:\Users\DIYA GOEL\Downloads\EBDESIGN\backend\src\database\migrations\025_food_safety_schema.sql","backend\src\database\migrations\025_food_safety_schema.sql"
"public.corrective_actions","2","C:\Users\DIYA GOEL\Downloads\EBDESIGN\backend\src\database\food_safety_schema.sql","backend\src\database\food_safety_schema.sql"
"public.corrective_actions","2","C:\Users\DIYA GOEL\Downloads\EBDESIGN\backend\src\database\migrations\025_food_safety_schema.sql","backend\src\database\migrations\025_food_safety_schema.sql"
"public.form_definitions","2","C:\Users\DIYA GOEL\Downloads\EBDESIGN\backend\src\database\form_management_schema.sql","backend\src\database\form_management_schema.sql"
"public.form_definitions","2","C:\Users\DIYA GOEL\Downloads\EBDESIGN\backend\src\database\migrations\026_form_management_schema.sql","backend\src\database\migrations\026_form_management_schema.sql"
"public.form_submissions","2","C:\Users\DIYA GOEL\Downloads\EBDESIGN\backend\src\database\form_management_schema.sql","backend\src\database\form_management_schema.sql"
"public.form_submissions","2","C:\Users\DIYA GOEL\Downloads\EBDESIGN\backend\src\database\migrations\026_form_management_schema.sql","backend\src\database\migrations\026_form_management_schema.sql"
"public.gi_products","2","C:\Users\DIYA GOEL\Downloads\EBDESIGN\backend\src\database\gi_intelligence_schema.sql","backend\src\database\gi_intelligence_schema.sql"
"public.gi_products","2","C:\Users\DIYA GOEL\Downloads\EBDESIGN\backend\src\database\migrations\027_gi_intelligence_schema.sql","backend\src\database\migrations\027_gi_intelligence_schema.sql"
"public.gi_producers","2","C:\Users\DIYA GOEL\Downloads\EBDESIGN\backend\src\database\gi_intelligence_schema.sql","backend\src\database\gi_intelligence_schema.sql"
"public.gi_producers","2","C:\Users\DIYA GOEL\Downloads\EBDESIGN\backend\src\database\migrations\027_gi_intelligence_schema.sql","backend\src\database\migrations\027_gi_intelligence_schema.sql"
"public.gi_verifications","2","C:\Users\DIYA GOEL\Downloads\EBDESIGN\backend\src\database\gi_intelligence_schema.sql","backend\src\database\gi_intelligence_schema.sql"
"public.gi_verifications","2","C:\Users\DIYA GOEL\Downloads\EBDESIGN\backend\src\database\migrations\027_gi_intelligence_schema.sql","backend\src\database\migrations\027_gi_intelligence_schema.sql"
"public.gi_pricing_rules","2","C:\Users\DIYA GOEL\Downloads\EBDESIGN\backend\src\database\gi_intelligence_schema.sql","backend\src\database\gi_intelligence_schema.sql"
"public.gi_pricing_rules","2","C:\Users\DIYA GOEL\Downloads\EBDESIGN\backend\src\database\migrations\027_gi_intelligence_schema.sql","backend\src\database\migrations\027_gi_intelligence_schema.sql"
"public.gi_product_pricing","2","C:\Users\DIYA GOEL\Downloads\EBDESIGN\backend\src\database\gi_intelligence_schema.sql","backend\src\database\gi_intelligence_schema.sql"
"public.gi_product_pricing","2","C:\Users\DIYA GOEL\Downloads\EBDESIGN\backend\src\database\migrations\027_gi_intelligence_schema.sql","backend\src\database\migrations\027_gi_intelligence_schema.sql"
"public.gi_quality_tiers","2","C:\Users\DIYA GOEL\Downloads\EBDESIGN\backend\src\database\gi_intelligence_schema.sql","backend\src\database\gi_intelligence_schema.sql"
"public.gi_quality_tiers","2","C:\Users\DIYA GOEL\Downloads\EBDESIGN\backend\src\database\migrations\027_gi_intelligence_schema.sql","backend\src\database\migrations\027_gi_intelligence_schema.sql"
"public.gi_product_quality_ratings","2","C:\Users\DIYA GOEL\Downloads\EBDESIGN\backend\src\database\gi_intelligence_schema.sql","backend\src\database\gi_intelligence_schema.sql"
"public.gi_product_quality_ratings","2","C:\Users\DIYA GOEL\Downloads\EBDESIGN\backend\src\database\migrations\027_gi_intelligence_schema.sql","backend\src\database\migrations\027_gi_intelligence_schema.sql"
"public.gi_authentication","2","C:\Users\DIYA GOEL\Downloads\EBDESIGN\backend\src\database\gi_intelligence_schema.sql","backend\src\database\gi_intelligence_schema.sql"
"public.gi_authentication","2","C:\Users\DIYA GOEL\Downloads\EBDESIGN\backend\src\database\migrations\027_gi_intelligence_schema.sql","backend\src\database\migrations\027_gi_intelligence_schema.sql"
"public.gi_marketplace_listings","3","C:\Users\DIYA GOEL\Downloads\EBDESIGN\backend\src\database\gi_intelligence_schema.sql","backend\src\database\gi_intelligence_schema.sql"
"public.gi_marketplace_listings","3","C:\Users\DIYA GOEL\Downloads\EBDESIGN\backend\src\database\migrations\027_gi_intelligence_schema.sql","backend\src\database\migrations\027_gi_intelligence_schema.sql"
"public.gi_marketplace_listings","3","C:\Users\DIYA GOEL\Downloads\EBDESIGN\backend\src\database\migrations\3100_ecommerce_tables.sql","backend\src\database\migrations\3100_ecommerce_tables.sql"
"public.gi_educational_content","2","C:\Users\DIYA GOEL\Downloads\EBDESIGN\backend\src\database\gi_intelligence_schema.sql","backend\src\database\gi_intelligence_schema.sql"
"public.gi_educational_content","2","C:\Users\DIYA GOEL\Downloads\EBDESIGN\backend\src\database\migrations\027_gi_intelligence_schema.sql","backend\src\database\migrations\027_gi_intelligence_schema.sql"
"public.gi_analytics","2","C:\Users\DIYA GOEL\Downloads\EBDESIGN\backend\src\database\gi_intelligence_schema.sql","backend\src\database\gi_intelligence_schema.sql"
"public.gi_analytics","2","C:\Users\DIYA GOEL\Downloads\EBDESIGN\backend\src\database\migrations\027_gi_intelligence_schema.sql","backend\src\database\migrations\027_gi_intelligence_schema.sql"
"public.gst_rates","2","C:\Users\DIYA GOEL\Downloads\EBDESIGN\backend\src\database\gst_schema.sql","backend\src\database\gst_schema.sql"
"public.gst_rates","2","C:\Users\DIYA GOEL\Downloads\EBDESIGN\backend\src\database\migrations\028_gst_schema.sql","backend\src\database\migrations\028_gst_schema.sql"
"public.gst_calculations","2","C:\Users\DIYA GOEL\Downloads\EBDESIGN\backend\src\database\gst_schema.sql","backend\src\database\gst_schema.sql"
"public.gst_calculations","2","C:\Users\DIYA GOEL\Downloads\EBDESIGN\backend\src\database\migrations\028_gst_schema.sql","backend\src\database\migrations\028_gst_schema.sql"
"public.gst_invoices","4","C:\Users\DIYA GOEL\Downloads\EBDESIGN\backend\src\database\gst_schema.sql","backend\src\database\gst_schema.sql"
"public.gst_invoices","4","C:\Users\DIYA GOEL\Downloads\EBDESIGN\backend\src\database\migrations\028_gst_schema.sql","backend\src\database\migrations\028_gst_schema.sql"
"public.gst_invoices","4","C:\Users\DIYA GOEL\Downloads\EBDESIGN\backend\src\database\migrations\047_gst_tables.sql","backend\src\database\migrations\047_gst_tables.sql"
"public.gst_invoices","4","C:\Users\DIYA GOEL\Downloads\EBDESIGN\backend\src\database\migrations\3102_ecommerce_ai_erp_business_marketing.sql","backend\src\database\migrations\3102_ecommerce_ai_erp_business_marketing.sql"
"public.gst_invoice_items","3","C:\Users\DIYA GOEL\Downloads\EBDESIGN\backend\src\database\gst_schema.sql","backend\src\database\gst_schema.sql"
"public.gst_invoice_items","3","C:\Users\DIYA GOEL\Downloads\EBDESIGN\backend\src\database\migrations\028_gst_schema.sql","backend\src\database\migrations\028_gst_schema.sql"
"public.gst_invoice_items","3","C:\Users\DIYA GOEL\Downloads\EBDESIGN\backend\src\database\migrations\047_gst_tables.sql","backend\src\database\migrations\047_gst_tables.sql"
"public.gst_returns","2","C:\Users\DIYA GOEL\Downloads\EBDESIGN\backend\src\database\gst_schema.sql","backend\src\database\gst_schema.sql"
"public.gst_returns","2","C:\Users\DIYA GOEL\Downloads\EBDESIGN\backend\src\database\migrations\028_gst_schema.sql","backend\src\database\migrations\028_gst_schema.sql"
"public.gst_payments","2","C:\Users\DIYA GOEL\Downloads\EBDESIGN\backend\src\database\gst_schema.sql","backend\src\database\gst_schema.sql"
"public.gst_payments","2","C:\Users\DIYA GOEL\Downloads\EBDESIGN\backend\src\database\migrations\028_gst_schema.sql","backend\src\database\migrations\028_gst_schema.sql"
"public.gst_notifications","2","C:\Users\DIYA GOEL\Downloads\EBDESIGN\backend\src\database\gst_schema.sql","backend\src\database\gst_schema.sql"
"public.gst_notifications","2","C:\Users\DIYA GOEL\Downloads\EBDESIGN\backend\src\database\migrations\028_gst_schema.sql","backend\src\database\migrations\028_gst_schema.sql"
"public.gst_compliance_records","2","C:\Users\DIYA GOEL\Downloads\EBDESIGN\backend\src\database\gst_schema.sql","backend\src\database\gst_schema.sql"
"public.gst_compliance_records","2","C:\Users\DIYA GOEL\Downloads\EBDESIGN\backend\src\database\migrations\028_gst_schema.sql","backend\src\database\migrations\028_gst_schema.sql"
"public.gst_audit_logs","2","C:\Users\DIYA GOEL\Downloads\EBDESIGN\backend\src\database\gst_schema.sql","backend\src\database\gst_schema.sql"
"public.gst_audit_logs","2","C:\Users\DIYA GOEL\Downloads\EBDESIGN\backend\src\database\migrations\028_gst_schema.sql","backend\src\database\migrations\028_gst_schema.sql"
"public.traditional_recipes","2","C:\Users\DIYA GOEL\Downloads\EBDESIGN\backend\src\database\indigenous_knowledge_schema.sql","backend\src\database\indigenous_knowledge_schema.sql"
"public.traditional_recipes","2","C:\Users\DIYA GOEL\Downloads\EBDESIGN\backend\src\database\migrations\029_indigenous_knowledge_schema.sql","backend\src\database\migrations\029_indigenous_knowledge_schema.sql"
"public.traditional_medicine","2","C:\Users\DIYA GOEL\Downloads\EBDESIGN\backend\src\database\indigenous_knowledge_schema.sql","backend\src\database\indigenous_knowledge_schema.sql"
"public.traditional_medicine","2","C:\Users\DIYA GOEL\Downloads\EBDESIGN\backend\src\database\migrations\029_indigenous_knowledge_schema.sql","backend\src\database\migrations\029_indigenous_knowledge_schema.sql"
"public.indigenous_farming_practices","2","C:\Users\DIYA GOEL\Downloads\EBDESIGN\backend\src\database\indigenous_knowledge_schema.sql","backend\src\database\indigenous_knowledge_schema.sql"
"public.indigenous_farming_practices","2","C:\Users\DIYA GOEL\Downloads\EBDESIGN\backend\src\database\migrations\029_indigenous_knowledge_schema.sql","backend\src\database\migrations\029_indigenous_knowledge_schema.sql"
"public.oral_history","2","C:\Users\DIYA GOEL\Downloads\EBDESIGN\backend\src\database\indigenous_knowledge_schema.sql","backend\src\database\indigenous_knowledge_schema.sql"
"public.oral_history","2","C:\Users\DIYA GOEL\Downloads\EBDESIGN\backend\src\database\migrations\029_indigenous_knowledge_schema.sql","backend\src\database\migrations\029_indigenous_knowledge_schema.sql"
"public.tribal_knowledge","2","C:\Users\DIYA GOEL\Downloads\EBDESIGN\backend\src\database\indigenous_knowledge_schema.sql","backend\src\database\indigenous_knowledge_schema.sql"
"public.tribal_knowledge","2","C:\Users\DIYA GOEL\Downloads\EBDESIGN\backend\src\database\migrations\029_indigenous_knowledge_schema.sql","backend\src\database\migrations\029_indigenous_knowledge_schema.sql"
"public.indigenous_documentation","2","C:\Users\DIYA GOEL\Downloads\EBDESIGN\backend\src\database\indigenous_knowledge_schema.sql","backend\src\database\indigenous_knowledge_schema.sql"
"public.indigenous_documentation","2","C:\Users\DIYA GOEL\Downloads\EBDESIGN\backend\src\database\migrations\029_indigenous_knowledge_schema.sql","backend\src\database\migrations\029_indigenous_knowledge_schema.sql"
"public.indigenous_protection","2","C:\Users\DIYA GOEL\Downloads\EBDESIGN\backend\src\database\indigenous_knowledge_schema.sql","backend\src\database\indigenous_knowledge_schema.sql"
"public.indigenous_protection","2","C:\Users\DIYA GOEL\Downloads\EBDESIGN\backend\src\database\migrations\029_indigenous_knowledge_schema.sql","backend\src\database\migrations\029_indigenous_knowledge_schema.sql"
"public.indigenous_ip_management","2","C:\Users\DIYA GOEL\Downloads\EBDESIGN\backend\src\database\indigenous_knowledge_schema.sql","backend\src\database\indigenous_knowledge_schema.sql"
"public.indigenous_ip_management","2","C:\Users\DIYA GOEL\Downloads\EBDESIGN\backend\src\database\migrations\029_indigenous_knowledge_schema.sql","backend\src\database\migrations\029_indigenous_knowledge_schema.sql"
"public.procurement_tenders","2","C:\Users\DIYA GOEL\Downloads\EBDESIGN\backend\src\database\institutional_procurement_schema.sql","backend\src\database\institutional_procurement_schema.sql"
"public.procurement_tenders","2","C:\Users\DIYA GOEL\Downloads\EBDESIGN\backend\src\database\migrations\030_institutional_procurement_schema.sql","backend\src\database\migrations\030_institutional_procurement_schema.sql"
"public.demand_forecasts","6","C:\Users\DIYA GOEL\Downloads\EBDESIGN\backend\src\database\institutional_procurement_schema.sql","backend\src\database\institutional_procurement_schema.sql"
"public.demand_forecasts","6","C:\Users\DIYA GOEL\Downloads\EBDESIGN\backend\src\database\migrations\015_advanced_features.sql","backend\src\database\migrations\015_advanced_features.sql"
"public.demand_forecasts","6","C:\Users\DIYA GOEL\Downloads\EBDESIGN\backend\src\database\migrations\030_institutional_procurement_schema.sql","backend\src\database\migrations\030_institutional_procurement_schema.sql"
"public.demand_forecasts","6","C:\Users\DIYA GOEL\Downloads\EBDESIGN\backend\src\database\migrations\052_economic_layer.sql","backend\src\database\migrations\052_economic_layer.sql"
"public.demand_forecasts","6","C:\Users\DIYA GOEL\Downloads\EBDESIGN\backend\src\database\migrations\3102_ecommerce_ai_erp_business_marketing.sql","backend\src\database\migrations\3102_ecommerce_ai_erp_business_marketing.sql"
"public.demand_forecasts","6","C:\Users\DIYA GOEL\Downloads\EBDESIGN\backend\src\modules\M055\model.sql","backend\src\modules\M055\model.sql"
"public.menu_plans","2","C:\Users\DIYA GOEL\Downloads\EBDESIGN\backend\src\database\institutional_procurement_schema.sql","backend\src\database\institutional_procurement_schema.sql"
"public.menu_plans","2","C:\Users\DIYA GOEL\Downloads\EBDESIGN\backend\src\database\migrations\030_institutional_procurement_schema.sql","backend\src\database\migrations\030_institutional_procurement_schema.sql"
"public.nutrition_compliance","2","C:\Users\DIYA GOEL\Downloads\EBDESIGN\backend\src\database\institutional_procurement_schema.sql","backend\src\database\institutional_procurement_schema.sql"
"public.nutrition_compliance","2","C:\Users\DIYA GOEL\Downloads\EBDESIGN\backend\src\database\migrations\030_institutional_procurement_schema.sql","backend\src\database\migrations\030_institutional_procurement_schema.sql"
"public.supply_contracts","2","C:\Users\DIYA GOEL\Downloads\EBDESIGN\backend\src\database\institutional_procurement_schema.sql","backend\src\database\institutional_procurement_schema.sql"
"public.supply_contracts","2","C:\Users\DIYA GOEL\Downloads\EBDESIGN\backend\src\database\migrations\030_institutional_procurement_schema.sql","backend\src\database\migrations\030_institutional_procurement_schema.sql"
"public.quality_inspections","2","C:\Users\DIYA GOEL\Downloads\EBDESIGN\backend\src\database\institutional_procurement_schema.sql","backend\src\database\institutional_procurement_schema.sql"
"public.quality_inspections","2","C:\Users\DIYA GOEL\Downloads\EBDESIGN\backend\src\database\migrations\030_institutional_procurement_schema.sql","backend\src\database\migrations\030_institutional_procurement_schema.sql"
"public.settlement_records","2","C:\Users\DIYA GOEL\Downloads\EBDESIGN\backend\src\database\institutional_procurement_schema.sql","backend\src\database\institutional_procurement_schema.sql"
"public.settlement_records","2","C:\Users\DIYA GOEL\Downloads\EBDESIGN\backend\src\database\migrations\030_institutional_procurement_schema.sql","backend\src\database\migrations\030_institutional_procurement_schema.sql"
"public.iot_devices","4","C:\Users\DIYA GOEL\Downloads\EBDESIGN\backend\src\database\iot_integration_schema.sql","backend\src\database\iot_integration_schema.sql"
"public.iot_devices","4","C:\Users\DIYA GOEL\Downloads\EBDESIGN\backend\src\database\migrations\015_advanced_features.sql","backend\src\database\migrations\015_advanced_features.sql"
"public.iot_devices","4","C:\Users\DIYA GOEL\Downloads\EBDESIGN\backend\src\database\migrations\031_iot_integration_schema.sql","backend\src\database\migrations\031_iot_integration_schema.sql"
"public.iot_devices","4","C:\Users\DIYA GOEL\Downloads\EBDESIGN\backend\src\database\migrations\3030_m030_farmer_advisory.sql","backend\src\database\migrations\3030_m030_farmer_advisory.sql"
"public.sensor_data","2","C:\Users\DIYA GOEL\Downloads\EBDESIGN\backend\src\database\iot_integration_schema.sql","backend\src\database\iot_integration_schema.sql"
"public.sensor_data","2","C:\Users\DIYA GOEL\Downloads\EBDESIGN\backend\src\database\migrations\031_iot_integration_schema.sql","backend\src\database\migrations\031_iot_integration_schema.sql"
"public.device_commands","2","C:\Users\DIYA GOEL\Downloads\EBDESIGN\backend\src\database\iot_integration_schema.sql","backend\src\database\iot_integration_schema.sql"
"public.device_commands","2","C:\Users\DIYA GOEL\Downloads\EBDESIGN\backend\src\database\migrations\031_iot_integration_schema.sql","backend\src\database\migrations\031_iot_integration_schema.sql"
"public.device_alerts","2","C:\Users\DIYA GOEL\Downloads\EBDESIGN\backend\src\database\iot_integration_schema.sql","backend\src\database\iot_integration_schema.sql"
"public.device_alerts","2","C:\Users\DIYA GOEL\Downloads\EBDESIGN\backend\src\database\migrations\031_iot_integration_schema.sql","backend\src\database\migrations\031_iot_integration_schema.sql"
"public.device_groups","2","C:\Users\DIYA GOEL\Downloads\EBDESIGN\backend\src\database\iot_integration_schema.sql","backend\src\database\iot_integration_schema.sql"
"public.device_groups","2","C:\Users\DIYA GOEL\Downloads\EBDESIGN\backend\src\database\migrations\031_iot_integration_schema.sql","backend\src\database\migrations\031_iot_integration_schema.sql"
"public.device_group_members","2","C:\Users\DIYA GOEL\Downloads\EBDESIGN\backend\src\database\iot_integration_schema.sql","backend\src\database\iot_integration_schema.sql"
"public.device_group_members","2","C:\Users\DIYA GOEL\Downloads\EBDESIGN\backend\src\database\migrations\031_iot_integration_schema.sql","backend\src\database\migrations\031_iot_integration_schema.sql"
"public.iot_analytics","2","C:\Users\DIYA GOEL\Downloads\EBDESIGN\backend\src\database\iot_integration_schema.sql","backend\src\database\iot_integration_schema.sql"
"public.iot_analytics","2","C:\Users\DIYA GOEL\Downloads\EBDESIGN\backend\src\database\migrations\031_iot_integration_schema.sql","backend\src\database\migrations\031_iot_integration_schema.sql"
"public.knowledge_nodes","2","C:\Users\DIYA GOEL\Downloads\EBDESIGN\backend\src\database\knowledge_graph_schema.sql","backend\src\database\knowledge_graph_schema.sql"
"public.knowledge_nodes","2","C:\Users\DIYA GOEL\Downloads\EBDESIGN\backend\src\database\migrations\032_knowledge_graph_schema.sql","backend\src\database\migrations\032_knowledge_graph_schema.sql"
"public.knowledge_relationships","2","C:\Users\DIYA GOEL\Downloads\EBDESIGN\backend\src\database\knowledge_graph_schema.sql","backend\src\database\knowledge_graph_schema.sql"
"public.knowledge_relationships","2","C:\Users\DIYA GOEL\Downloads\EBDESIGN\backend\src\database\migrations\032_knowledge_graph_schema.sql","backend\src\database\migrations\032_knowledge_graph_schema.sql"
"public.knowledge_graphs","2","C:\Users\DIYA GOEL\Downloads\EBDESIGN\backend\src\database\knowledge_graph_schema.sql","backend\src\database\knowledge_graph_schema.sql"
"public.knowledge_graphs","2","C:\Users\DIYA GOEL\Downloads\EBDESIGN\backend\src\database\migrations\032_knowledge_graph_schema.sql","backend\src\database\migrations\032_knowledge_graph_schema.sql"
"public.graph_queries","2","C:\Users\DIYA GOEL\Downloads\EBDESIGN\backend\src\database\knowledge_graph_schema.sql","backend\src\database\knowledge_graph_schema.sql"
"public.graph_queries","2","C:\Users\DIYA GOEL\Downloads\EBDESIGN\backend\src\database\migrations\032_knowledge_graph_schema.sql","backend\src\database\migrations\032_knowledge_graph_schema.sql"
"public.query_results","2","C:\Users\DIYA GOEL\Downloads\EBDESIGN\backend\src\database\knowledge_graph_schema.sql","backend\src\database\knowledge_graph_schema.sql"
"public.query_results","2","C:\Users\DIYA GOEL\Downloads\EBDESIGN\backend\src\database\migrations\032_knowledge_graph_schema.sql","backend\src\database\migrations\032_knowledge_graph_schema.sql"
"public.semantic_search_index","2","C:\Users\DIYA GOEL\Downloads\EBDESIGN\backend\src\database\knowledge_graph_schema.sql","backend\src\database\knowledge_graph_schema.sql"
"public.semantic_search_index","2","C:\Users\DIYA GOEL\Downloads\EBDESIGN\backend\src\database\migrations\032_knowledge_graph_schema.sql","backend\src\database\migrations\032_knowledge_graph_schema.sql"
"public.knowledge_analytics","2","C:\Users\DIYA GOEL\Downloads\EBDESIGN\backend\src\database\knowledge_graph_schema.sql","backend\src\database\knowledge_graph_schema.sql"
"public.knowledge_analytics","2","C:\Users\DIYA GOEL\Downloads\EBDESIGN\backend\src\database\migrations\032_knowledge_graph_schema.sql","backend\src\database\migrations\032_knowledge_graph_schema.sql"
"public.laboratories","2","C:\Users\DIYA GOEL\Downloads\EBDESIGN\backend\src\database\laboratory_erp_schema.sql","backend\src\database\laboratory_erp_schema.sql"
"public.laboratories","2","C:\Users\DIYA GOEL\Downloads\EBDESIGN\backend\src\database\migrations\033_laboratory_erp_schema.sql","backend\src\database\migrations\033_laboratory_erp_schema.sql"
"public.test_categories","2","C:\Users\DIYA GOEL\Downloads\EBDESIGN\backend\src\database\laboratory_erp_schema.sql","backend\src\database\laboratory_erp_schema.sql"
"public.test_categories","2","C:\Users\DIYA GOEL\Downloads\EBDESIGN\backend\src\database\migrations\033_laboratory_erp_schema.sql","backend\src\database\migrations\033_laboratory_erp_schema.sql"
"public.test_methods","2","C:\Users\DIYA GOEL\Downloads\EBDESIGN\backend\src\database\laboratory_erp_schema.sql","backend\src\database\laboratory_erp_schema.sql"
"public.test_methods","2","C:\Users\DIYA GOEL\Downloads\EBDESIGN\backend\src\database\migrations\033_laboratory_erp_schema.sql","backend\src\database\migrations\033_laboratory_erp_schema.sql"
"public.sample_registrations","2","C:\Users\DIYA GOEL\Downloads\EBDESIGN\backend\src\database\laboratory_erp_schema.sql","backend\src\database\laboratory_erp_schema.sql"
"public.sample_registrations","2","C:\Users\DIYA GOEL\Downloads\EBDESIGN\backend\src\database\migrations\033_laboratory_erp_schema.sql","backend\src\database\migrations\033_laboratory_erp_schema.sql"
"public.sample_tracking","2","C:\Users\DIYA GOEL\Downloads\EBDESIGN\backend\src\database\laboratory_erp_schema.sql","backend\src\database\laboratory_erp_schema.sql"
"public.sample_tracking","2","C:\Users\DIYA GOEL\Downloads\EBDESIGN\backend\src\database\migrations\033_laboratory_erp_schema.sql","backend\src\database\migrations\033_laboratory_erp_schema.sql"
"public.test_assignments","2","C:\Users\DIYA GOEL\Downloads\EBDESIGN\backend\src\database\laboratory_erp_schema.sql","backend\src\database\laboratory_erp_schema.sql"
"public.test_assignments","2","C:\Users\DIYA GOEL\Downloads\EBDESIGN\backend\src\database\migrations\033_laboratory_erp_schema.sql","backend\src\database\migrations\033_laboratory_erp_schema.sql"
"public.test_results","2","C:\Users\DIYA GOEL\Downloads\EBDESIGN\backend\src\database\laboratory_erp_schema.sql","backend\src\database\laboratory_erp_schema.sql"
"public.test_results","2","C:\Users\DIYA GOEL\Downloads\EBDESIGN\backend\src\database\migrations\033_laboratory_erp_schema.sql","backend\src\database\migrations\033_laboratory_erp_schema.sql"
"public.certification_reports","2","C:\Users\DIYA GOEL\Downloads\EBDESIGN\backend\src\database\laboratory_erp_schema.sql","backend\src\database\laboratory_erp_schema.sql"
"public.certification_reports","2","C:\Users\DIYA GOEL\Downloads\EBDESIGN\backend\src\database\migrations\033_laboratory_erp_schema.sql","backend\src\database\migrations\033_laboratory_erp_schema.sql"
"public.quality_control_samples","2","C:\Users\DIYA GOEL\Downloads\EBDESIGN\backend\src\database\laboratory_erp_schema.sql","backend\src\database\laboratory_erp_schema.sql"
"public.quality_control_samples","2","C:\Users\DIYA GOEL\Downloads\EBDESIGN\backend\src\database\migrations\033_laboratory_erp_schema.sql","backend\src\database\migrations\033_laboratory_erp_schema.sql"
"public.equipment_calibration","2","C:\Users\DIYA GOEL\Downloads\EBDESIGN\backend\src\database\laboratory_erp_schema.sql","backend\src\database\laboratory_erp_schema.sql"
"public.equipment_calibration","2","C:\Users\DIYA GOEL\Downloads\EBDESIGN\backend\src\database\migrations\033_laboratory_erp_schema.sql","backend\src\database\migrations\033_laboratory_erp_schema.sql"
"public.laboratory_analysts","2","C:\Users\DIYA GOEL\Downloads\EBDESIGN\backend\src\database\laboratory_erp_schema.sql","backend\src\database\laboratory_erp_schema.sql"
"public.laboratory_analysts","2","C:\Users\DIYA GOEL\Downloads\EBDESIGN\backend\src\database\migrations\033_laboratory_erp_schema.sql","backend\src\database\migrations\033_laboratory_erp_schema.sql"
"public.laboratory_invoices","2","C:\Users\DIYA GOEL\Downloads\EBDESIGN\backend\src\database\laboratory_erp_schema.sql","backend\src\database\laboratory_erp_schema.sql"
"public.laboratory_invoices","2","C:\Users\DIYA GOEL\Downloads\EBDESIGN\backend\src\database\migrations\033_laboratory_erp_schema.sql","backend\src\database\migrations\033_laboratory_erp_schema.sql"
"public.fleet_vehicles","4","C:\Users\DIYA GOEL\Downloads\EBDESIGN\backend\src\database\logistics_enhancement_schema.sql","backend\src\database\logistics_enhancement_schema.sql"
"public.fleet_vehicles","4","C:\Users\DIYA GOEL\Downloads\EBDESIGN\backend\src\database\migrations\013_logistics_enhancements.sql","backend\src\database\migrations\013_logistics_enhancements.sql"
"public.fleet_vehicles","4","C:\Users\DIYA GOEL\Downloads\EBDESIGN\backend\src\database\migrations\034_logistics_enhancement_schema.sql","backend\src\database\migrations\034_logistics_enhancement_schema.sql"
"public.fleet_vehicles","4","C:\Users\DIYA GOEL\Downloads\EBDESIGN\backend\src\modules\M105\model.sql","backend\src\modules\M105\model.sql"
"public.vehicle_maintenance","3","C:\Users\DIYA GOEL\Downloads\EBDESIGN\backend\src\database\logistics_enhancement_schema.sql","backend\src\database\logistics_enhancement_schema.sql"
"public.vehicle_maintenance","3","C:\Users\DIYA GOEL\Downloads\EBDESIGN\backend\src\database\migrations\013_logistics_enhancements.sql","backend\src\database\migrations\013_logistics_enhancements.sql"
"public.vehicle_maintenance","3","C:\Users\DIYA GOEL\Downloads\EBDESIGN\backend\src\database\migrations\034_logistics_enhancement_schema.sql","backend\src\database\migrations\034_logistics_enhancement_schema.sql"
"public.shipment_tracking","6","C:\Users\DIYA GOEL\Downloads\EBDESIGN\backend\src\database\logistics_enhancement_schema.sql","backend\src\database\logistics_enhancement_schema.sql"
"public.shipment_tracking","6","C:\Users\DIYA GOEL\Downloads\EBDESIGN\backend\src\database\schema.sql","backend\src\database\schema.sql"
"public.shipment_tracking","6","C:\Users\DIYA GOEL\Downloads\EBDESIGN\backend\src\database\migrations\000_base_schema.sql","backend\src\database\migrations\000_base_schema.sql"
"public.shipment_tracking","6","C:\Users\DIYA GOEL\Downloads\EBDESIGN\backend\src\database\migrations\013_logistics_enhancements.sql","backend\src\database\migrations\013_logistics_enhancements.sql"
"public.shipment_tracking","6","C:\Users\DIYA GOEL\Downloads\EBDESIGN\backend\src\database\migrations\034_logistics_enhancement_schema.sql","backend\src\database\migrations\034_logistics_enhancement_schema.sql"
"public.shipment_tracking","6","C:\Users\DIYA GOEL\Downloads\EBDESIGN\backend\src\modules\M057\model.sql","backend\src\modules\M057\model.sql"
"public.shipment_geofences","3","C:\Users\DIYA GOEL\Downloads\EBDESIGN\backend\src\database\logistics_enhancement_schema.sql","backend\src\database\logistics_enhancement_schema.sql"
"public.shipment_geofences","3","C:\Users\DIYA GOEL\Downloads\EBDESIGN\backend\src\database\migrations\013_logistics_enhancements.sql","backend\src\database\migrations\013_logistics_enhancements.sql"
"public.shipment_geofences","3","C:\Users\DIYA GOEL\Downloads\EBDESIGN\backend\src\database\migrations\034_logistics_enhancement_schema.sql","backend\src\database\migrations\034_logistics_enhancement_schema.sql"
"public.temperature_readings","3","C:\Users\DIYA GOEL\Downloads\EBDESIGN\backend\src\database\logistics_enhancement_schema.sql","backend\src\database\logistics_enhancement_schema.sql"
"public.temperature_readings","3","C:\Users\DIYA GOEL\Downloads\EBDESIGN\backend\src\database\migrations\013_logistics_enhancements.sql","backend\src\database\migrations\013_logistics_enhancements.sql"
"public.temperature_readings","3","C:\Users\DIYA GOEL\Downloads\EBDESIGN\backend\src\database\migrations\034_logistics_enhancement_schema.sql","backend\src\database\migrations\034_logistics_enhancement_schema.sql"
"public.temperature_alerts","3","C:\Users\DIYA GOEL\Downloads\EBDESIGN\backend\src\database\logistics_enhancement_schema.sql","backend\src\database\logistics_enhancement_schema.sql"
"public.temperature_alerts","3","C:\Users\DIYA GOEL\Downloads\EBDESIGN\backend\src\database\migrations\013_logistics_enhancements.sql","backend\src\database\migrations\013_logistics_enhancements.sql"
"public.temperature_alerts","3","C:\Users\DIYA GOEL\Downloads\EBDESIGN\backend\src\database\migrations\034_logistics_enhancement_schema.sql","backend\src\database\migrations\034_logistics_enhancement_schema.sql"
"public.warehouse_locations","2","C:\Users\DIYA GOEL\Downloads\EBDESIGN\backend\src\database\logistics_enhancement_schema.sql","backend\src\database\logistics_enhancement_schema.sql"
"public.warehouse_locations","2","C:\Users\DIYA GOEL\Downloads\EBDESIGN\backend\src\database\migrations\034_logistics_enhancement_schema.sql","backend\src\database\migrations\034_logistics_enhancement_schema.sql"
"public.warehouse_inventory","4","C:\Users\DIYA GOEL\Downloads\EBDESIGN\backend\src\database\logistics_enhancement_schema.sql","backend\src\database\logistics_enhancement_schema.sql"
"public.warehouse_inventory","4","C:\Users\DIYA GOEL\Downloads\EBDESIGN\backend\src\database\migrations\013_logistics_enhancements.sql","backend\src\database\migrations\013_logistics_enhancements.sql"
"public.warehouse_inventory","4","C:\Users\DIYA GOEL\Downloads\EBDESIGN\backend\src\database\migrations\034_logistics_enhancement_schema.sql","backend\src\database\migrations\034_logistics_enhancement_schema.sql"
"public.warehouse_inventory","4","C:\Users\DIYA GOEL\Downloads\EBDESIGN\backend\src\database\migrations\3102_ecommerce_ai_erp_business_marketing.sql","backend\src\database\migrations\3102_ecommerce_ai_erp_business_marketing.sql"
"public.inventory_movements","2","C:\Users\DIYA GOEL\Downloads\EBDESIGN\backend\src\database\logistics_enhancement_schema.sql","backend\src\database\logistics_enhancement_schema.sql"
"public.inventory_movements","2","C:\Users\DIYA GOEL\Downloads\EBDESIGN\backend\src\database\migrations\034_logistics_enhancement_schema.sql","backend\src\database\migrations\034_logistics_enhancement_schema.sql"
"public.warehouse_performance","2","C:\Users\DIYA GOEL\Downloads\EBDESIGN\backend\src\database\logistics_enhancement_schema.sql","backend\src\database\logistics_enhancement_schema.sql"
"public.warehouse_performance","2","C:\Users\DIYA GOEL\Downloads\EBDESIGN\backend\src\database\migrations\034_logistics_enhancement_schema.sql","backend\src\database\migrations\034_logistics_enhancement_schema.sql"
"public.route_optimization","2","C:\Users\DIYA GOEL\Downloads\EBDESIGN\backend\src\database\logistics_enhancement_schema.sql","backend\src\database\logistics_enhancement_schema.sql"
"public.route_optimization","2","C:\Users\DIYA GOEL\Downloads\EBDESIGN\backend\src\database\migrations\034_logistics_enhancement_schema.sql","backend\src\database\migrations\034_logistics_enhancement_schema.sql"
"public.delivery_schedules","2","C:\Users\DIYA GOEL\Downloads\EBDESIGN\backend\src\database\logistics_enhancement_schema.sql","backend\src\database\logistics_enhancement_schema.sql"
"public.delivery_schedules","2","C:\Users\DIYA GOEL\Downloads\EBDESIGN\backend\src\database\migrations\034_logistics_enhancement_schema.sql","backend\src\database\migrations\034_logistics_enhancement_schema.sql"
"public.languages","2","C:\Users\DIYA GOEL\Downloads\EBDESIGN\backend\src\database\multilingual_schema.sql","backend\src\database\multilingual_schema.sql"
"public.languages","2","C:\Users\DIYA GOEL\Downloads\EBDESIGN\backend\src\database\migrations\035_multilingual_schema.sql","backend\src\database\migrations\035_multilingual_schema.sql"
"public.locales","2","C:\Users\DIYA GOEL\Downloads\EBDESIGN\backend\src\database\multilingual_schema.sql","backend\src\database\multilingual_schema.sql"
"public.locales","2","C:\Users\DIYA GOEL\Downloads\EBDESIGN\backend\src\database\migrations\035_multilingual_schema.sql","backend\src\database\migrations\035_multilingual_schema.sql"
"public.translation_memory","2","C:\Users\DIYA GOEL\Downloads\EBDESIGN\backend\src\database\multilingual_schema.sql","backend\src\database\multilingual_schema.sql"
"public.translation_memory","2","C:\Users\DIYA GOEL\Downloads\EBDESIGN\backend\src\database\migrations\035_multilingual_schema.sql","backend\src\database\migrations\035_multilingual_schema.sql"
"public.content_translations","2","C:\Users\DIYA GOEL\Downloads\EBDESIGN\backend\src\database\multilingual_schema.sql","backend\src\database\multilingual_schema.sql"
"public.content_translations","2","C:\Users\DIYA GOEL\Downloads\EBDESIGN\backend\src\database\migrations\035_multilingual_schema.sql","backend\src\database\migrations\035_multilingual_schema.sql"
"public.language_detection_logs","2","C:\Users\DIYA GOEL\Downloads\EBDESIGN\backend\src\database\multilingual_schema.sql","backend\src\database\multilingual_schema.sql"
"public.language_detection_logs","2","C:\Users\DIYA GOEL\Downloads\EBDESIGN\backend\src\database\migrations\035_multilingual_schema.sql","backend\src\database\migrations\035_multilingual_schema.sql"
"public.translation_requests","2","C:\Users\DIYA GOEL\Downloads\EBDESIGN\backend\src\database\multilingual_schema.sql","backend\src\database\multilingual_schema.sql"
"public.translation_requests","2","C:\Users\DIYA GOEL\Downloads\EBDESIGN\backend\src\database\migrations\035_multilingual_schema.sql","backend\src\database\migrations\035_multilingual_schema.sql"
"public.user_language_preferences","2","C:\Users\DIYA GOEL\Downloads\EBDESIGN\backend\src\database\multilingual_schema.sql","backend\src\database\multilingual_schema.sql"
"public.user_language_preferences","2","C:\Users\DIYA GOEL\Downloads\EBDESIGN\backend\src\database\migrations\035_multilingual_schema.sql","backend\src\database\migrations\035_multilingual_schema.sql"
"public.pronunciation_guides","2","C:\Users\DIYA GOEL\Downloads\EBDESIGN\backend\src\database\multilingual_schema.sql","backend\src\database\multilingual_schema.sql"
"public.pronunciation_guides","2","C:\Users\DIYA GOEL\Downloads\EBDESIGN\backend\src\database\migrations\035_multilingual_schema.sql","backend\src\database\migrations\035_multilingual_schema.sql"
"public.nutrient_categories","2","C:\Users\DIYA GOEL\Downloads\EBDESIGN\backend\src\database\nutrition_intelligence_schema.sql","backend\src\database\nutrition_intelligence_schema.sql"
"public.nutrient_categories","2","C:\Users\DIYA GOEL\Downloads\EBDESIGN\backend\src\database\migrations\036_nutrition_intelligence_schema.sql","backend\src\database\migrations\036_nutrition_intelligence_schema.sql"
"public.nutrients","2","C:\Users\DIYA GOEL\Downloads\EBDESIGN\backend\src\database\nutrition_intelligence_schema.sql","backend\src\database\nutrition_intelligence_schema.sql"
"public.nutrients","2","C:\Users\DIYA GOEL\Downloads\EBDESIGN\backend\src\database\migrations\036_nutrition_intelligence_schema.sql","backend\src\database\migrations\036_nutrition_intelligence_schema.sql"
"public.food_nutrition_profiles","2","C:\Users\DIYA GOEL\Downloads\EBDESIGN\backend\src\database\nutrition_intelligence_schema.sql","backend\src\database\nutrition_intelligence_schema.sql"
"public.food_nutrition_profiles","2","C:\Users\DIYA GOEL\Downloads\EBDESIGN\backend\src\database\migrations\036_nutrition_intelligence_schema.sql","backend\src\database\migrations\036_nutrition_intelligence_schema.sql"
"public.product_nutrition","2","C:\Users\DIYA GOEL\Downloads\EBDESIGN\backend\src\database\nutrition_intelligence_schema.sql","backend\src\database\nutrition_intelligence_schema.sql"
"public.product_nutrition","2","C:\Users\DIYA GOEL\Downloads\EBDESIGN\backend\src\database\migrations\036_nutrition_intelligence_schema.sql","backend\src\database\migrations\036_nutrition_intelligence_schema.sql"
"public.nutrition_scoring_models","2","C:\Users\DIYA GOEL\Downloads\EBDESIGN\backend\src\database\nutrition_intelligence_schema.sql","backend\src\database\nutrition_intelligence_schema.sql"
"public.nutrition_scoring_models","2","C:\Users\DIYA GOEL\Downloads\EBDESIGN\backend\src\database\migrations\036_nutrition_intelligence_schema.sql","backend\src\database\migrations\036_nutrition_intelligence_schema.sql"
"public.product_nutrition_scores","2","C:\Users\DIYA GOEL\Downloads\EBDESIGN\backend\src\database\nutrition_intelligence_schema.sql","backend\src\database\nutrition_intelligence_schema.sql"
"public.product_nutrition_scores","2","C:\Users\DIYA GOEL\Downloads\EBDESIGN\backend\src\database\migrations\036_nutrition_intelligence_schema.sql","backend\src\database\migrations\036_nutrition_intelligence_schema.sql"
"public.nutrition_pricing_rules","2","C:\Users\DIYA GOEL\Downloads\EBDESIGN\backend\src\database\nutrition_intelligence_schema.sql","backend\src\database\nutrition_intelligence_schema.sql"
"public.nutrition_pricing_rules","2","C:\Users\DIYA GOEL\Downloads\EBDESIGN\backend\src\database\migrations\036_nutrition_intelligence_schema.sql","backend\src\database\migrations\036_nutrition_intelligence_schema.sql"
"public.product_nutrition_pricing","2","C:\Users\DIYA GOEL\Downloads\EBDESIGN\backend\src\database\nutrition_intelligence_schema.sql","backend\src\database\nutrition_intelligence_schema.sql"
"public.product_nutrition_pricing","2","C:\Users\DIYA GOEL\Downloads\EBDESIGN\backend\src\database\migrations\036_nutrition_intelligence_schema.sql","backend\src\database\migrations\036_nutrition_intelligence_schema.sql"
"public.nutrition_recommendations","2","C:\Users\DIYA GOEL\Downloads\EBDESIGN\backend\src\database\nutrition_intelligence_schema.sql","backend\src\database\nutrition_intelligence_schema.sql"
"public.nutrition_recommendations","2","C:\Users\DIYA GOEL\Downloads\EBDESIGN\backend\src\database\migrations\036_nutrition_intelligence_schema.sql","backend\src\database\migrations\036_nutrition_intelligence_schema.sql"
"public.nutrition_labels","2","C:\Users\DIYA GOEL\Downloads\EBDESIGN\backend\src\database\nutrition_intelligence_schema.sql","backend\src\database\nutrition_intelligence_schema.sql"
"public.nutrition_labels","2","C:\Users\DIYA GOEL\Downloads\EBDESIGN\backend\src\database\migrations\036_nutrition_intelligence_schema.sql","backend\src\database\migrations\036_nutrition_intelligence_schema.sql"
"public.nutrition_comparisons","2","C:\Users\DIYA GOEL\Downloads\EBDESIGN\backend\src\database\nutrition_intelligence_schema.sql","backend\src\database\nutrition_intelligence_schema.sql"
"public.nutrition_comparisons","2","C:\Users\DIYA GOEL\Downloads\EBDESIGN\backend\src\database\migrations\036_nutrition_intelligence_schema.sql","backend\src\database\migrations\036_nutrition_intelligence_schema.sql"
"public.omnichannel_sessions","2","C:\Users\DIYA GOEL\Downloads\EBDESIGN\backend\src\database\omnichannel_ai_schema.sql","backend\src\database\omnichannel_ai_schema.sql"
"public.omnichannel_sessions","2","C:\Users\DIYA GOEL\Downloads\EBDESIGN\backend\src\database\migrations\037_omnichannel_ai_schema.sql","backend\src\database\migrations\037_omnichannel_ai_schema.sql"
"public.omnichannel_messages","2","C:\Users\DIYA GOEL\Downloads\EBDESIGN\backend\src\database\omnichannel_ai_schema.sql","backend\src\database\omnichannel_ai_schema.sql"
"public.omnichannel_messages","2","C:\Users\DIYA GOEL\Downloads\EBDESIGN\backend\src\database\migrations\037_omnichannel_ai_schema.sql","backend\src\database\migrations\037_omnichannel_ai_schema.sql"
"public.omnichannel_config","2","C:\Users\DIYA GOEL\Downloads\EBDESIGN\backend\src\database\omnichannel_ai_schema.sql","backend\src\database\omnichannel_ai_schema.sql"
"public.omnichannel_config","2","C:\Users\DIYA GOEL\Downloads\EBDESIGN\backend\src\database\migrations\037_omnichannel_ai_schema.sql","backend\src\database\migrations\037_omnichannel_ai_schema.sql"
"public.web_ai_integration","2","C:\Users\DIYA GOEL\Downloads\EBDESIGN\backend\src\database\omnichannel_ai_schema.sql","backend\src\database\omnichannel_ai_schema.sql"
"public.web_ai_integration","2","C:\Users\DIYA GOEL\Downloads\EBDESIGN\backend\src\database\migrations\037_omnichannel_ai_schema.sql","backend\src\database\migrations\037_omnichannel_ai_schema.sql"
"public.android_ai_integration","2","C:\Users\DIYA GOEL\Downloads\EBDESIGN\backend\src\database\omnichannel_ai_schema.sql","backend\src\database\omnichannel_ai_schema.sql"
"public.android_ai_integration","2","C:\Users\DIYA GOEL\Downloads\EBDESIGN\backend\src\database\migrations\037_omnichannel_ai_schema.sql","backend\src\database\migrations\037_omnichannel_ai_schema.sql"
"public.android_push_notifications","2","C:\Users\DIYA GOEL\Downloads\EBDESIGN\backend\src\database\omnichannel_ai_schema.sql","backend\src\database\omnichannel_ai_schema.sql"
"public.android_push_notifications","2","C:\Users\DIYA GOEL\Downloads\EBDESIGN\backend\src\database\migrations\037_omnichannel_ai_schema.sql","backend\src\database\migrations\037_omnichannel_ai_schema.sql"
"public.ios_ai_integration","2","C:\Users\DIYA GOEL\Downloads\EBDESIGN\backend\src\database\omnichannel_ai_schema.sql","backend\src\database\omnichannel_ai_schema.sql"
"public.ios_ai_integration","2","C:\Users\DIYA GOEL\Downloads\EBDESIGN\backend\src\database\migrations\037_omnichannel_ai_schema.sql","backend\src\database\migrations\037_omnichannel_ai_schema.sql"
"public.ios_push_notifications","2","C:\Users\DIYA GOEL\Downloads\EBDESIGN\backend\src\database\omnichannel_ai_schema.sql","backend\src\database\omnichannel_ai_schema.sql"
"public.ios_push_notifications","2","C:\Users\DIYA GOEL\Downloads\EBDESIGN\backend\src\database\migrations\037_omnichannel_ai_schema.sql","backend\src\database\migrations\037_omnichannel_ai_schema.sql"
"public.whatsapp_ai_integration","2","C:\Users\DIYA GOEL\Downloads\EBDESIGN\backend\src\database\omnichannel_ai_schema.sql","backend\src\database\omnichannel_ai_schema.sql"
"public.whatsapp_ai_integration","2","C:\Users\DIYA GOEL\Downloads\EBDESIGN\backend\src\database\migrations\037_omnichannel_ai_schema.sql","backend\src\database\migrations\037_omnichannel_ai_schema.sql"
"public.whatsapp_templates","2","C:\Users\DIYA GOEL\Downloads\EBDESIGN\backend\src\database\omnichannel_ai_schema.sql","backend\src\database\omnichannel_ai_schema.sql"
"public.whatsapp_templates","2","C:\Users\DIYA GOEL\Downloads\EBDESIGN\backend\src\database\migrations\037_omnichannel_ai_schema.sql","backend\src\database\migrations\037_omnichannel_ai_schema.sql"
"public.sms_ai_integration","2","C:\Users\DIYA GOEL\Downloads\EBDESIGN\backend\src\database\omnichannel_ai_schema.sql","backend\src\database\omnichannel_ai_schema.sql"
"public.sms_ai_integration","2","C:\Users\DIYA GOEL\Downloads\EBDESIGN\backend\src\database\migrations\037_omnichannel_ai_schema.sql","backend\src\database\migrations\037_omnichannel_ai_schema.sql"
"public.telegram_ai_integration","2","C:\Users\DIYA GOEL\Downloads\EBDESIGN\backend\src\database\omnichannel_ai_schema.sql","backend\src\database\omnichannel_ai_schema.sql"
"public.telegram_ai_integration","2","C:\Users\DIYA GOEL\Downloads\EBDESIGN\backend\src\database\migrations\037_omnichannel_ai_schema.sql","backend\src\database\migrations\037_omnichannel_ai_schema.sql"
"public.email_ai_integration","2","C:\Users\DIYA GOEL\Downloads\EBDESIGN\backend\src\database\omnichannel_ai_schema.sql","backend\src\database\omnichannel_ai_schema.sql"
"public.email_ai_integration","2","C:\Users\DIYA GOEL\Downloads\EBDESIGN\backend\src\database\migrations\037_omnichannel_ai_schema.sql","backend\src\database\migrations\037_omnichannel_ai_schema.sql"
"public.voice_ai_integration","2","C:\Users\DIYA GOEL\Downloads\EBDESIGN\backend\src\database\omnichannel_ai_schema.sql","backend\src\database\omnichannel_ai_schema.sql"
"public.voice_ai_integration","2","C:\Users\DIYA GOEL\Downloads\EBDESIGN\backend\src\database\migrations\037_omnichannel_ai_schema.sql","backend\src\database\migrations\037_omnichannel_ai_schema.sql"
"public.ivr_ai_integration","2","C:\Users\DIYA GOEL\Downloads\EBDESIGN\backend\src\database\omnichannel_ai_schema.sql","backend\src\database\omnichannel_ai_schema.sql"
"public.ivr_ai_integration","2","C:\Users\DIYA GOEL\Downloads\EBDESIGN\backend\src\database\migrations\037_omnichannel_ai_schema.sql","backend\src\database\migrations\037_omnichannel_ai_schema.sql"
"public.ivr_call_flows","2","C:\Users\DIYA GOEL\Downloads\EBDESIGN\backend\src\database\omnichannel_ai_schema.sql","backend\src\database\omnichannel_ai_schema.sql"
"public.ivr_call_flows","2","C:\Users\DIYA GOEL\Downloads\EBDESIGN\backend\src\database\migrations\037_omnichannel_ai_schema.sql","backend\src\database\migrations\037_omnichannel_ai_schema.sql"
"public.kiosk_ai_integration","2","C:\Users\DIYA GOEL\Downloads\EBDESIGN\backend\src\database\omnichannel_ai_schema.sql","backend\src\database\omnichannel_ai_schema.sql"
"public.kiosk_ai_integration","2","C:\Users\DIYA GOEL\Downloads\EBDESIGN\backend\src\database\migrations\037_omnichannel_ai_schema.sql","backend\src\database\migrations\037_omnichannel_ai_schema.sql"
"public.kiosk_screens","2","C:\Users\DIYA GOEL\Downloads\EBDESIGN\backend\src\database\omnichannel_ai_schema.sql","backend\src\database\omnichannel_ai_schema.sql"
"public.kiosk_screens","2","C:\Users\DIYA GOEL\Downloads\EBDESIGN\backend\src\database\migrations\037_omnichannel_ai_schema.sql","backend\src\database\migrations\037_omnichannel_ai_schema.sql"
"public.organic_standards","2","C:\Users\DIYA GOEL\Downloads\EBDESIGN\backend\src\database\organic_traceability_schema.sql","backend\src\database\organic_traceability_schema.sql"
"public.organic_standards","2","C:\Users\DIYA GOEL\Downloads\EBDESIGN\backend\src\database\migrations\038_organic_traceability_schema.sql","backend\src\database\migrations\038_organic_traceability_schema.sql"
"public.organic_farms","2","C:\Users\DIYA GOEL\Downloads\EBDESIGN\backend\src\database\organic_traceability_schema.sql","backend\src\database\organic_traceability_schema.sql"
"public.organic_farms","2","C:\Users\DIYA GOEL\Downloads\EBDESIGN\backend\src\database\migrations\038_organic_traceability_schema.sql","backend\src\database\migrations\038_organic_traceability_schema.sql"
"public.organic_plots","2","C:\Users\DIYA GOEL\Downloads\EBDESIGN\backend\src\database\organic_traceability_schema.sql","backend\src\database\organic_traceability_schema.sql"
"public.organic_plots","2","C:\Users\DIYA GOEL\Downloads\EBDESIGN\backend\src\database\migrations\038_organic_traceability_schema.sql","backend\src\database\migrations\038_organic_traceability_schema.sql"
"public.organic_input_types","2","C:\Users\DIYA GOEL\Downloads\EBDESIGN\backend\src\database\organic_traceability_schema.sql","backend\src\database\organic_traceability_schema.sql"
"public.organic_input_types","2","C:\Users\DIYA GOEL\Downloads\EBDESIGN\backend\src\database\migrations\038_organic_traceability_schema.sql","backend\src\database\migrations\038_organic_traceability_schema.sql"
"public.organic_inputs","2","C:\Users\DIYA GOEL\Downloads\EBDESIGN\backend\src\database\organic_traceability_schema.sql","backend\src\database\organic_traceability_schema.sql"
"public.organic_inputs","2","C:\Users\DIYA GOEL\Downloads\EBDESIGN\backend\src\database\migrations\038_organic_traceability_schema.sql","backend\src\database\migrations\038_organic_traceability_schema.sql"
"public.organic_input_usage","2","C:\Users\DIYA GOEL\Downloads\EBDESIGN\backend\src\database\organic_traceability_schema.sql","backend\src\database\organic_traceability_schema.sql"
"public.organic_input_usage","2","C:\Users\DIYA GOEL\Downloads\EBDESIGN\backend\src\database\migrations\038_organic_traceability_schema.sql","backend\src\database\migrations\038_organic_traceability_schema.sql"
"public.organic_crops","2","C:\Users\DIYA GOEL\Downloads\EBDESIGN\backend\src\database\organic_traceability_schema.sql","backend\src\database\organic_traceability_schema.sql"
"public.organic_crops","2","C:\Users\DIYA GOEL\Downloads\EBDESIGN\backend\src\database\migrations\038_organic_traceability_schema.sql","backend\src\database\migrations\038_organic_traceability_schema.sql"
"public.organic_harvests","2","C:\Users\DIYA GOEL\Downloads\EBDESIGN\backend\src\database\organic_traceability_schema.sql","backend\src\database\organic_traceability_schema.sql"
"public.organic_harvests","2","C:\Users\DIYA GOEL\Downloads\EBDESIGN\backend\src\database\migrations\038_organic_traceability_schema.sql","backend\src\database\migrations\038_organic_traceability_schema.sql"
"public.organic_processing_facilities","2","C:\Users\DIYA GOEL\Downloads\EBDESIGN\backend\src\database\organic_traceability_schema.sql","backend\src\database\organic_traceability_schema.sql"
"public.organic_processing_facilities","2","C:\Users\DIYA GOEL\Downloads\EBDESIGN\backend\src\database\migrations\038_organic_traceability_schema.sql","backend\src\database\migrations\038_organic_traceability_schema.sql"
"public.organic_processing_batches","2","C:\Users\DIYA GOEL\Downloads\EBDESIGN\backend\src\database\organic_traceability_schema.sql","backend\src\database\organic_traceability_schema.sql"
"public.organic_processing_batches","2","C:\Users\DIYA GOEL\Downloads\EBDESIGN\backend\src\database\migrations\038_organic_traceability_schema.sql","backend\src\database\migrations\038_organic_traceability_schema.sql"
"public.organic_storage_facilities","2","C:\Users\DIYA GOEL\Downloads\EBDESIGN\backend\src\database\organic_traceability_schema.sql","backend\src\database\organic_traceability_schema.sql"
"public.organic_storage_facilities","2","C:\Users\DIYA GOEL\Downloads\EBDESIGN\backend\src\database\migrations\038_organic_traceability_schema.sql","backend\src\database\migrations\038_organic_traceability_schema.sql"
"public.organic_storage_records","2","C:\Users\DIYA GOEL\Downloads\EBDESIGN\backend\src\database\organic_traceability_schema.sql","backend\src\database\organic_traceability_schema.sql"
"public.organic_storage_records","2","C:\Users\DIYA GOEL\Downloads\EBDESIGN\backend\src\database\migrations\038_organic_traceability_schema.sql","backend\src\database\migrations\038_organic_traceability_schema.sql"
"public.organic_transport_records","2","C:\Users\DIYA GOEL\Downloads\EBDESIGN\backend\src\database\organic_traceability_schema.sql","backend\src\database\organic_traceability_schema.sql"
"public.organic_transport_records","2","C:\Users\DIYA GOEL\Downloads\EBDESIGN\backend\src\database\migrations\038_organic_traceability_schema.sql","backend\src\database\migrations\038_organic_traceability_schema.sql"
"public.organic_packaging_materials","2","C:\Users\DIYA GOEL\Downloads\EBDESIGN\backend\src\database\organic_traceability_schema.sql","backend\src\database\organic_traceability_schema.sql"
"public.organic_packaging_materials","2","C:\Users\DIYA GOEL\Downloads\EBDESIGN\backend\src\database\migrations\038_organic_traceability_schema.sql","backend\src\database\migrations\038_organic_traceability_schema.sql"
"public.organic_packaging_records","2","C:\Users\DIYA GOEL\Downloads\EBDESIGN\backend\src\database\organic_traceability_schema.sql","backend\src\database\organic_traceability_schema.sql"
"public.organic_packaging_records","2","C:\Users\DIYA GOEL\Downloads\EBDESIGN\backend\src\database\migrations\038_organic_traceability_schema.sql","backend\src\database\migrations\038_organic_traceability_schema.sql"
"public.organic_chain_of_custody","2","C:\Users\DIYA GOEL\Downloads\EBDESIGN\backend\src\database\organic_traceability_schema.sql","backend\src\database\organic_traceability_schema.sql"
"public.organic_chain_of_custody","2","C:\Users\DIYA GOEL\Downloads\EBDESIGN\backend\src\database\migrations\038_organic_traceability_schema.sql","backend\src\database\migrations\038_organic_traceability_schema.sql"
"public.organic_audits","2","C:\Users\DIYA GOEL\Downloads\EBDESIGN\backend\src\database\organic_traceability_schema.sql","backend\src\database\organic_traceability_schema.sql"
"public.organic_audits","2","C:\Users\DIYA GOEL\Downloads\EBDESIGN\backend\src\database\migrations\038_organic_traceability_schema.sql","backend\src\database\migrations\038_organic_traceability_schema.sql"
"public.organic_consumer_transparency","2","C:\Users\DIYA GOEL\Downloads\EBDESIGN\backend\src\database\organic_traceability_schema.sql","backend\src\database\organic_traceability_schema.sql"
"public.organic_consumer_transparency","2","C:\Users\DIYA GOEL\Downloads\EBDESIGN\backend\src\database\migrations\038_organic_traceability_schema.sql","backend\src\database\migrations\038_organic_traceability_schema.sql"
"public.organic_fraud_alerts","2","C:\Users\DIYA GOEL\Downloads\EBDESIGN\backend\src\database\organic_traceability_schema.sql","backend\src\database\organic_traceability_schema.sql"
"public.organic_fraud_alerts","2","C:\Users\DIYA GOEL\Downloads\EBDESIGN\backend\src\database\migrations\038_organic_traceability_schema.sql","backend\src\database\migrations\038_organic_traceability_schema.sql"
"public.predictive_models","2","C:\Users\DIYA GOEL\Downloads\EBDESIGN\backend\src\database\predictive_analytics_schema.sql","backend\src\database\predictive_analytics_schema.sql"
"public.predictive_models","2","C:\Users\DIYA GOEL\Downloads\EBDESIGN\backend\src\database\migrations\039_predictive_analytics_schema.sql","backend\src\database\migrations\039_predictive_analytics_schema.sql"
"public.predictions","2","C:\Users\DIYA GOEL\Downloads\EBDESIGN\backend\src\database\predictive_analytics_schema.sql","backend\src\database\predictive_analytics_schema.sql"
"public.predictions","2","C:\Users\DIYA GOEL\Downloads\EBDESIGN\backend\src\database\migrations\039_predictive_analytics_schema.sql","backend\src\database\migrations\039_predictive_analytics_schema.sql"
"public.forecasts","2","C:\Users\DIYA GOEL\Downloads\EBDESIGN\backend\src\database\predictive_analytics_schema.sql","backend\src\database\predictive_analytics_schema.sql"
"public.forecasts","2","C:\Users\DIYA GOEL\Downloads\EBDESIGN\backend\src\database\migrations\039_predictive_analytics_schema.sql","backend\src\database\migrations\039_predictive_analytics_schema.sql"
"public.model_performance","2","C:\Users\DIYA GOEL\Downloads\EBDESIGN\backend\src\database\predictive_analytics_schema.sql","backend\src\database\predictive_analytics_schema.sql"
"public.model_performance","2","C:\Users\DIYA GOEL\Downloads\EBDESIGN\backend\src\database\migrations\039_predictive_analytics_schema.sql","backend\src\database\migrations\039_predictive_analytics_schema.sql"
"public.model_training_history","2","C:\Users\DIYA GOEL\Downloads\EBDESIGN\backend\src\database\predictive_analytics_schema.sql","backend\src\database\predictive_analytics_schema.sql"
"public.model_training_history","2","C:\Users\DIYA GOEL\Downloads\EBDESIGN\backend\src\database\migrations\039_predictive_analytics_schema.sql","backend\src\database\migrations\039_predictive_analytics_schema.sql"
"public.anomaly_detection","2","C:\Users\DIYA GOEL\Downloads\EBDESIGN\backend\src\database\predictive_analytics_schema.sql","backend\src\database\predictive_analytics_schema.sql"
"public.anomaly_detection","2","C:\Users\DIYA GOEL\Downloads\EBDESIGN\backend\src\database\migrations\039_predictive_analytics_schema.sql","backend\src\database\migrations\039_predictive_analytics_schema.sql"
"public.trend_analysis","3","C:\Users\DIYA GOEL\Downloads\EBDESIGN\backend\src\database\predictive_analytics_schema.sql","backend\src\database\predictive_analytics_schema.sql"
"public.trend_analysis","3","C:\Users\DIYA GOEL\Downloads\EBDESIGN\backend\src\database\migrations\039_predictive_analytics_schema.sql","backend\src\database\migrations\039_predictive_analytics_schema.sql"
"public.trend_analysis","3","C:\Users\DIYA GOEL\Downloads\EBDESIGN\backend\src\modules\M084\model.sql","backend\src\modules\M084\model.sql"
"public.what_if_scenarios","2","C:\Users\DIYA GOEL\Downloads\EBDESIGN\backend\src\database\predictive_analytics_schema.sql","backend\src\database\predictive_analytics_schema.sql"
"public.what_if_scenarios","2","C:\Users\DIYA GOEL\Downloads\EBDESIGN\backend\src\database\migrations\039_predictive_analytics_schema.sql","backend\src\database\migrations\039_predictive_analytics_schema.sql"
"public.recipe_database","2","C:\Users\DIYA GOEL\Downloads\EBDESIGN\backend\src\database\recipe_intelligence_schema.sql","backend\src\database\recipe_intelligence_schema.sql"
"public.recipe_database","2","C:\Users\DIYA GOEL\Downloads\EBDESIGN\backend\src\database\migrations\040_recipe_intelligence_schema.sql","backend\src\database\migrations\040_recipe_intelligence_schema.sql"
"public.ingredient_substitutions","2","C:\Users\DIYA GOEL\Downloads\EBDESIGN\backend\src\database\recipe_intelligence_schema.sql","backend\src\database\recipe_intelligence_schema.sql"
"public.ingredient_substitutions","2","C:\Users\DIYA GOEL\Downloads\EBDESIGN\backend\src\database\migrations\040_recipe_intelligence_schema.sql","backend\src\database\migrations\040_recipe_intelligence_schema.sql"
"public.ingredient_pricing","2","C:\Users\DIYA GOEL\Downloads\EBDESIGN\backend\src\database\recipe_intelligence_schema.sql","backend\src\database\recipe_intelligence_schema.sql"
"public.ingredient_pricing","2","C:\Users\DIYA GOEL\Downloads\EBDESIGN\backend\src\database\migrations\040_recipe_intelligence_schema.sql","backend\src\database\migrations\040_recipe_intelligence_schema.sql"
"public.seasonal_ingredients","2","C:\Users\DIYA GOEL\Downloads\EBDESIGN\backend\src\database\recipe_intelligence_schema.sql","backend\src\database\recipe_intelligence_schema.sql"
"public.seasonal_ingredients","2","C:\Users\DIYA GOEL\Downloads\EBDESIGN\backend\src\database\migrations\040_recipe_intelligence_schema.sql","backend\src\database\migrations\040_recipe_intelligence_schema.sql"
"public.regional_cuisine","2","C:\Users\DIYA GOEL\Downloads\EBDESIGN\backend\src\database\recipe_intelligence_schema.sql","backend\src\database\recipe_intelligence_schema.sql"
"public.regional_cuisine","2","C:\Users\DIYA GOEL\Downloads\EBDESIGN\backend\src\database\migrations\040_recipe_intelligence_schema.sql","backend\src\database\migrations\040_recipe_intelligence_schema.sql"
"public.institutional_recipes","2","C:\Users\DIYA GOEL\Downloads\EBDESIGN\backend\src\database\recipe_intelligence_schema.sql","backend\src\database\recipe_intelligence_schema.sql"
"public.institutional_recipes","2","C:\Users\DIYA GOEL\Downloads\EBDESIGN\backend\src\database\migrations\040_recipe_intelligence_schema.sql","backend\src\database\migrations\040_recipe_intelligence_schema.sql"
"public.institutional_ingredient_substitutions","2","C:\Users\DIYA GOEL\Downloads\EBDESIGN\backend\src\database\recipe_intelligence_schema.sql","backend\src\database\recipe_intelligence_schema.sql"
"public.institutional_ingredient_substitutions","2","C:\Users\DIYA GOEL\Downloads\EBDESIGN\backend\src\database\migrations\040_recipe_intelligence_schema.sql","backend\src\database\migrations\040_recipe_intelligence_schema.sql"
"public.institutional_nutrition_requirements","2","C:\Users\DIYA GOEL\Downloads\EBDESIGN\backend\src\database\recipe_intelligence_schema.sql","backend\src\database\recipe_intelligence_schema.sql"
"public.institutional_nutrition_requirements","2","C:\Users\DIYA GOEL\Downloads\EBDESIGN\backend\src\database\migrations\040_recipe_intelligence_schema.sql","backend\src\database\migrations\040_recipe_intelligence_schema.sql"
"public.rural_economic_units","2","C:\Users\DIYA GOEL\Downloads\EBDESIGN\backend\src\database\rural_life_os_schema.sql","backend\src\database\rural_life_os_schema.sql"
"public.rural_economic_units","2","C:\Users\DIYA GOEL\Downloads\EBDESIGN\backend\src\database\migrations\041_rural_life_os_schema.sql","backend\src\database\migrations\041_rural_life_os_schema.sql"
"public.household_economy","2","C:\Users\DIYA GOEL\Downloads\EBDESIGN\backend\src\database\rural_life_os_schema.sql","backend\src\database\rural_life_os_schema.sql"
"public.household_economy","2","C:\Users\DIYA GOEL\Downloads\EBDESIGN\backend\src\database\migrations\041_rural_life_os_schema.sql","backend\src\database\migrations\041_rural_life_os_schema.sql"
"public.household_orders","2","C:\Users\DIYA GOEL\Downloads\EBDESIGN\backend\src\database\rural_life_os_schema.sql","backend\src\database\rural_life_os_schema.sql"
"public.household_orders","2","C:\Users\DIYA GOEL\Downloads\EBDESIGN\backend\src\database\migrations\041_rural_life_os_schema.sql","backend\src\database\migrations\041_rural_life_os_schema.sql"
"public.farm_consumables","2","C:\Users\DIYA GOEL\Downloads\EBDESIGN\backend\src\database\rural_life_os_schema.sql","backend\src\database\rural_life_os_schema.sql"
"public.farm_consumables","2","C:\Users\DIYA GOEL\Downloads\EBDESIGN\backend\src\database\migrations\041_rural_life_os_schema.sql","backend\src\database\migrations\041_rural_life_os_schema.sql"
"public.machinery_access","2","C:\Users\DIYA GOEL\Downloads\EBDESIGN\backend\src\database\rural_life_os_schema.sql","backend\src\database\rural_life_os_schema.sql"
"public.machinery_access","2","C:\Users\DIYA GOEL\Downloads\EBDESIGN\backend\src\database\migrations\041_rural_life_os_schema.sql","backend\src\database\migrations\041_rural_life_os_schema.sql"
"public.shared_infrastructure_access","2","C:\Users\DIYA GOEL\Downloads\EBDESIGN\backend\src\database\rural_life_os_schema.sql","backend\src\database\rural_life_os_schema.sql"
"public.shared_infrastructure_access","2","C:\Users\DIYA GOEL\Downloads\EBDESIGN\backend\src\database\migrations\041_rural_life_os_schema.sql","backend\src\database\migrations\041_rural_life_os_schema.sql"
"public.rural_enterprises","2","C:\Users\DIYA GOEL\Downloads\EBDESIGN\backend\src\database\rural_life_os_schema.sql","backend\src\database\rural_life_os_schema.sql"
"public.rural_enterprises","2","C:\Users\DIYA GOEL\Downloads\EBDESIGN\backend\src\database\migrations\041_rural_life_os_schema.sql","backend\src\database\migrations\041_rural_life_os_schema.sql"
"public.enterprise_feasibility_analysis","2","C:\Users\DIYA GOEL\Downloads\EBDESIGN\backend\src\database\rural_life_os_schema.sql","backend\src\database\rural_life_os_schema.sql"
"public.enterprise_feasibility_analysis","2","C:\Users\DIYA GOEL\Downloads\EBDESIGN\backend\src\database\migrations\041_rural_life_os_schema.sql","backend\src\database\migrations\041_rural_life_os_schema.sql"
"public.renewable_energy_systems","2","C:\Users\DIYA GOEL\Downloads\EBDESIGN\backend\src\database\rural_life_os_schema.sql","backend\src\database\rural_life_os_schema.sql"
"public.renewable_energy_systems","2","C:\Users\DIYA GOEL\Downloads\EBDESIGN\backend\src\database\migrations\041_rural_life_os_schema.sql","backend\src\database\migrations\041_rural_life_os_schema.sql"
"public.energy_generation_data","2","C:\Users\DIYA GOEL\Downloads\EBDESIGN\backend\src\database\rural_life_os_schema.sql","backend\src\database\rural_life_os_schema.sql"
"public.energy_generation_data","2","C:\Users\DIYA GOEL\Downloads\EBDESIGN\backend\src\database\migrations\041_rural_life_os_schema.sql","backend\src\database\migrations\041_rural_life_os_schema.sql"
"public.rural_finance","2","C:\Users\DIYA GOEL\Downloads\EBDESIGN\backend\src\database\rural_life_os_schema.sql","backend\src\database\rural_life_os_schema.sql"
"public.rural_finance","2","C:\Users\DIYA GOEL\Downloads\EBDESIGN\backend\src\database\migrations\041_rural_life_os_schema.sql","backend\src\database\migrations\041_rural_life_os_schema.sql"
"public.financial_needs_assessment","2","C:\Users\DIYA GOEL\Downloads\EBDESIGN\backend\src\database\rural_life_os_schema.sql","backend\src\database\rural_life_os_schema.sql"
"public.financial_needs_assessment","2","C:\Users\DIYA GOEL\Downloads\EBDESIGN\backend\src\database\migrations\041_rural_life_os_schema.sql","backend\src\database\migrations\041_rural_life_os_schema.sql"
"public.ai_advisories","2","C:\Users\DIYA GOEL\Downloads\EBDESIGN\backend\src\database\rural_life_os_schema.sql","backend\src\database\rural_life_os_schema.sql"
"public.ai_advisories","2","C:\Users\DIYA GOEL\Downloads\EBDESIGN\backend\src\database\migrations\041_rural_life_os_schema.sql","backend\src\database\migrations\041_rural_life_os_schema.sql"
"public.advisory_attachments","2","C:\Users\DIYA GOEL\Downloads\EBDESIGN\backend\src\database\rural_life_os_schema.sql","backend\src\database\rural_life_os_schema.sql"
"public.advisory_attachments","2","C:\Users\DIYA GOEL\Downloads\EBDESIGN\backend\src\database\migrations\041_rural_life_os_schema.sql","backend\src\database\migrations\041_rural_life_os_schema.sql"
"public.market_access","2","C:\Users\DIYA GOEL\Downloads\EBDESIGN\backend\src\database\rural_life_os_schema.sql","backend\src\database\rural_life_os_schema.sql"
"public.market_access","2","C:\Users\DIYA GOEL\Downloads\EBDESIGN\backend\src\database\migrations\041_rural_life_os_schema.sql","backend\src\database\migrations\041_rural_life_os_schema.sql"
"public.market_intelligence","2","C:\Users\DIYA GOEL\Downloads\EBDESIGN\backend\src\database\rural_life_os_schema.sql","backend\src\database\rural_life_os_schema.sql"
"public.market_intelligence","2","C:\Users\DIYA GOEL\Downloads\EBDESIGN\backend\src\database\migrations\041_rural_life_os_schema.sql","backend\src\database\migrations\041_rural_life_os_schema.sql"
"public.procurement_orders","2","C:\Users\DIYA GOEL\Downloads\EBDESIGN\backend\src\database\rural_procurement_logistics_mobility_schema.sql","backend\src\database\rural_procurement_logistics_mobility_schema.sql"
"public.procurement_orders","2","C:\Users\DIYA GOEL\Downloads\EBDESIGN\backend\src\database\migrations\042_rural_procurement_logistics_mobility_schema.sql","backend\src\database\migrations\042_rural_procurement_logistics_mobility_schema.sql"
"public.price_intelligence","2","C:\Users\DIYA GOEL\Downloads\EBDESIGN\backend\src\database\rural_procurement_logistics_mobility_schema.sql","backend\src\database\rural_procurement_logistics_mobility_schema.sql"
"public.price_intelligence","2","C:\Users\DIYA GOEL\Downloads\EBDESIGN\backend\src\database\migrations\042_rural_procurement_logistics_mobility_schema.sql","backend\src\database\migrations\042_rural_procurement_logistics_mobility_schema.sql"
"public.buying_clubs","2","C:\Users\DIYA GOEL\Downloads\EBDESIGN\backend\src\database\rural_procurement_logistics_mobility_schema.sql","backend\src\database\rural_procurement_logistics_mobility_schema.sql"
"public.buying_clubs","2","C:\Users\DIYA GOEL\Downloads\EBDESIGN\backend\src\database\migrations\042_rural_procurement_logistics_mobility_schema.sql","backend\src\database\migrations\042_rural_procurement_logistics_mobility_schema.sql"
"public.procurement_subscriptions","2","C:\Users\DIYA GOEL\Downloads\EBDESIGN\backend\src\database\rural_procurement_logistics_mobility_schema.sql","backend\src\database\rural_procurement_logistics_mobility_schema.sql"
"public.procurement_subscriptions","2","C:\Users\DIYA GOEL\Downloads\EBDESIGN\backend\src\database\migrations\042_rural_procurement_logistics_mobility_schema.sql","backend\src\database\migrations\042_rural_procurement_logistics_mobility_schema.sql"
"public.logistics_orders","2","C:\Users\DIYA GOEL\Downloads\EBDESIGN\backend\src\database\rural_procurement_logistics_mobility_schema.sql","backend\src\database\rural_procurement_logistics_mobility_schema.sql"
"public.logistics_orders","2","C:\Users\DIYA GOEL\Downloads\EBDESIGN\backend\src\database\migrations\042_rural_procurement_logistics_mobility_schema.sql","backend\src\database\migrations\042_rural_procurement_logistics_mobility_schema.sql"
"public.logistics_partners","2","C:\Users\DIYA GOEL\Downloads\EBDESIGN\backend\src\database\rural_procurement_logistics_mobility_schema.sql","backend\src\database\rural_procurement_logistics_mobility_schema.sql"
"public.logistics_partners","2","C:\Users\DIYA GOEL\Downloads\EBDESIGN\backend\src\database\migrations\042_rural_procurement_logistics_mobility_schema.sql","backend\src\database\migrations\042_rural_procurement_logistics_mobility_schema.sql"
"public.last_mile_partners","2","C:\Users\DIYA GOEL\Downloads\EBDESIGN\backend\src\database\rural_procurement_logistics_mobility_schema.sql","backend\src\database\rural_procurement_logistics_mobility_schema.sql"
"public.last_mile_partners","2","C:\Users\DIYA GOEL\Downloads\EBDESIGN\backend\src\database\migrations\042_rural_procurement_logistics_mobility_schema.sql","backend\src\database\migrations\042_rural_procurement_logistics_mobility_schema.sql"
"public.reverse_logistics","2","C:\Users\DIYA GOEL\Downloads\EBDESIGN\backend\src\database\rural_procurement_logistics_mobility_schema.sql","backend\src\database\rural_procurement_logistics_mobility_schema.sql"
"public.reverse_logistics","2","C:\Users\DIYA GOEL\Downloads\EBDESIGN\backend\src\database\migrations\042_rural_procurement_logistics_mobility_schema.sql","backend\src\database\migrations\042_rural_procurement_logistics_mobility_schema.sql"
"public.backhaul_opportunities","2","C:\Users\DIYA GOEL\Downloads\EBDESIGN\backend\src\database\rural_procurement_logistics_mobility_schema.sql","backend\src\database\rural_procurement_logistics_mobility_schema.sql"
"public.backhaul_opportunities","2","C:\Users\DIYA GOEL\Downloads\EBDESIGN\backend\src\database\migrations\042_rural_procurement_logistics_mobility_schema.sql","backend\src\database\migrations\042_rural_procurement_logistics_mobility_schema.sql"
"public.mobility_rides","2","C:\Users\DIYA GOEL\Downloads\EBDESIGN\backend\src\database\rural_procurement_logistics_mobility_schema.sql","backend\src\database\rural_procurement_logistics_mobility_schema.sql"
"public.mobility_rides","2","C:\Users\DIYA GOEL\Downloads\EBDESIGN\backend\src\database\migrations\042_rural_procurement_logistics_mobility_schema.sql","backend\src\database\migrations\042_rural_procurement_logistics_mobility_schema.sql"
"public.mobility_vehicles","2","C:\Users\DIYA GOEL\Downloads\EBDESIGN\backend\src\database\rural_procurement_logistics_mobility_schema.sql","backend\src\database\rural_procurement_logistics_mobility_schema.sql"
"public.mobility_vehicles","2","C:\Users\DIYA GOEL\Downloads\EBDESIGN\backend\src\database\migrations\042_rural_procurement_logistics_mobility_schema.sql","backend\src\database\migrations\042_rural_procurement_logistics_mobility_schema.sql"
"public.safety_incidents","2","C:\Users\DIYA GOEL\Downloads\EBDESIGN\backend\src\database\rural_procurement_logistics_mobility_schema.sql","backend\src\database\rural_procurement_logistics_mobility_schema.sql"
"public.safety_incidents","2","C:\Users\DIYA GOEL\Downloads\EBDESIGN\backend\src\database\migrations\042_rural_procurement_logistics_mobility_schema.sql","backend\src\database\migrations\042_rural_procurement_logistics_mobility_schema.sql"
"public.trust_scores","2","C:\Users\DIYA GOEL\Downloads\EBDESIGN\backend\src\database\rural_procurement_logistics_mobility_schema.sql","backend\src\database\rural_procurement_logistics_mobility_schema.sql"
"public.trust_scores","2","C:\Users\DIYA GOEL\Downloads\EBDESIGN\backend\src\database\migrations\042_rural_procurement_logistics_mobility_schema.sql","backend\src\database\migrations\042_rural_procurement_logistics_mobility_schema.sql"
"public.cross_system_savings","2","C:\Users\DIYA GOEL\Downloads\EBDESIGN\backend\src\database\rural_procurement_logistics_mobility_schema.sql","backend\src\database\rural_procurement_logistics_mobility_schema.sql"
"public.cross_system_savings","2","C:\Users\DIYA GOEL\Downloads\EBDESIGN\backend\src\database\migrations\042_rural_procurement_logistics_mobility_schema.sql","backend\src\database\migrations\042_rural_procurement_logistics_mobility_schema.sql"
"public.cross_system_orders","2","C:\Users\DIYA GOEL\Downloads\EBDESIGN\backend\src\database\rural_procurement_logistics_mobility_schema.sql","backend\src\database\rural_procurement_logistics_mobility_schema.sql"
"public.cross_system_orders","2","C:\Users\DIYA GOEL\Downloads\EBDESIGN\backend\src\database\migrations\042_rural_procurement_logistics_mobility_schema.sql","backend\src\database\migrations\042_rural_procurement_logistics_mobility_schema.sql"
"public.users","4","C:\Users\DIYA GOEL\Downloads\EBDESIGN\backend\src\database\schema.sql","backend\src\database\schema.sql"
"public.users","4","C:\Users\DIYA GOEL\Downloads\EBDESIGN\backend\src\database\migrations\000_base_schema.sql","backend\src\database\migrations\000_base_schema.sql"
"public.users","4","C:\Users\DIYA GOEL\Downloads\EBDESIGN\backend\src\database\migrations\1000_user_management.sql","backend\src\database\migrations\1000_user_management.sql"
"public.users","4","C:\Users\DIYA GOEL\Downloads\EBDESIGN\backend\src\database\migrations\3000_M011_generated.sql","backend\src\database\migrations\3000_M011_generated.sql"
"public.user_profiles","3","C:\Users\DIYA GOEL\Downloads\EBDESIGN\backend\src\database\schema.sql","backend\src\database\schema.sql"
"public.user_profiles","3","C:\Users\DIYA GOEL\Downloads\EBDESIGN\backend\src\database\migrations\000_base_schema.sql","backend\src\database\migrations\000_base_schema.sql"
"public.user_profiles","3","C:\Users\DIYA GOEL\Downloads\EBDESIGN\backend\src\database\migrations\3019_m019_profile_management.sql","backend\src\database\migrations\3019_m019_profile_management.sql"
"public.addresses","2","C:\Users\DIYA GOEL\Downloads\EBDESIGN\backend\src\database\schema.sql","backend\src\database\schema.sql"
"public.addresses","2","C:\Users\DIYA GOEL\Downloads\EBDESIGN\backend\src\database\migrations\000_base_schema.sql","backend\src\database\migrations\000_base_schema.sql"
"public.roles","5","C:\Users\DIYA GOEL\Downloads\EBDESIGN\backend\src\database\schema.sql","backend\src\database\schema.sql"
"public.roles","5","C:\Users\DIYA GOEL\Downloads\EBDESIGN\backend\src\database\migrations\000_base_schema.sql","backend\src\database\migrations\000_base_schema.sql"
"public.roles","5","C:\Users\DIYA GOEL\Downloads\EBDESIGN\backend\src\database\migrations\014_platform_foundation_modules.sql","backend\src\database\migrations\014_platform_foundation_modules.sql"
"public.roles","5","C:\Users\DIYA GOEL\Downloads\EBDESIGN\backend\src\database\migrations\015_authorization_service.sql","backend\src\database\migrations\015_authorization_service.sql"
"public.roles","5","C:\Users\DIYA GOEL\Downloads\EBDESIGN\backend\src\database\migrations\1000_user_management.sql","backend\src\database\migrations\1000_user_management.sql"
"public.user_roles","4","C:\Users\DIYA GOEL\Downloads\EBDESIGN\backend\src\database\schema.sql","backend\src\database\schema.sql"
"public.user_roles","4","C:\Users\DIYA GOEL\Downloads\EBDESIGN\backend\src\database\migrations\000_base_schema.sql","backend\src\database\migrations\000_base_schema.sql"
"public.user_roles","4","C:\Users\DIYA GOEL\Downloads\EBDESIGN\backend\src\database\migrations\014_platform_foundation_modules.sql","backend\src\database\migrations\014_platform_foundation_modules.sql"
"public.user_roles","4","C:\Users\DIYA GOEL\Downloads\EBDESIGN\backend\src\database\migrations\1000_user_management.sql","backend\src\database\migrations\1000_user_management.sql"
"public.categories","2","C:\Users\DIYA GOEL\Downloads\EBDESIGN\backend\src\database\schema.sql","backend\src\database\schema.sql"
"public.categories","2","C:\Users\DIYA GOEL\Downloads\EBDESIGN\backend\src\database\migrations\000_base_schema.sql","backend\src\database\migrations\000_base_schema.sql"
"public.states","2","C:\Users\DIYA GOEL\Downloads\EBDESIGN\backend\src\database\schema.sql","backend\src\database\schema.sql"
"public.states","2","C:\Users\DIYA GOEL\Downloads\EBDESIGN\backend\src\database\migrations\000_base_schema.sql","backend\src\database\migrations\000_base_schema.sql"
"public.units","2","C:\Users\DIYA GOEL\Downloads\EBDESIGN\backend\src\database\schema.sql","backend\src\database\schema.sql"
"public.units","2","C:\Users\DIYA GOEL\Downloads\EBDESIGN\backend\src\database\migrations\000_base_schema.sql","backend\src\database\migrations\000_base_schema.sql"
"public.products","4","C:\Users\DIYA GOEL\Downloads\EBDESIGN\backend\src\database\schema.sql","backend\src\database\schema.sql"
"public.products","4","C:\Users\DIYA GOEL\Downloads\EBDESIGN\backend\src\database\migrations\000_base_schema.sql","backend\src\database\migrations\000_base_schema.sql"
"public.products","4","C:\Users\DIYA GOEL\Downloads\EBDESIGN\backend\src\modules\M052\model.sql","backend\src\modules\M052\model.sql"
"public.products","4","C:\Users\DIYA GOEL\Downloads\EBDESIGN\docs\db-core-tables.sql","docs\db-core-tables.sql"
"public.product_variants","2","C:\Users\DIYA GOEL\Downloads\EBDESIGN\backend\src\database\schema.sql","backend\src\database\schema.sql"
"public.product_variants","2","C:\Users\DIYA GOEL\Downloads\EBDESIGN\backend\src\database\migrations\000_base_schema.sql","backend\src\database\migrations\000_base_schema.sql"
"public.certifications","2","C:\Users\DIYA GOEL\Downloads\EBDESIGN\backend\src\database\schema.sql","backend\src\database\schema.sql"
"public.certifications","2","C:\Users\DIYA GOEL\Downloads\EBDESIGN\backend\src\database\migrations\000_base_schema.sql","backend\src\database\migrations\000_base_schema.sql"
"public.orders","4","C:\Users\DIYA GOEL\Downloads\EBDESIGN\backend\src\database\schema.sql","backend\src\database\schema.sql"
"public.orders","4","C:\Users\DIYA GOEL\Downloads\EBDESIGN\backend\src\database\migrations\000_base_schema.sql","backend\src\database\migrations\000_base_schema.sql"
"public.orders","4","C:\Users\DIYA GOEL\Downloads\EBDESIGN\backend\src\modules\M053\model.sql","backend\src\modules\M053\model.sql"
"public.orders","4","C:\Users\DIYA GOEL\Downloads\EBDESIGN\docs\db-core-tables.sql","docs\db-core-tables.sql"
"public.order_items","3","C:\Users\DIYA GOEL\Downloads\EBDESIGN\backend\src\database\schema.sql","backend\src\database\schema.sql"
"public.order_items","3","C:\Users\DIYA GOEL\Downloads\EBDESIGN\backend\src\database\migrations\000_base_schema.sql","backend\src\database\migrations\000_base_schema.sql"
"public.order_items","3","C:\Users\DIYA GOEL\Downloads\EBDESIGN\backend\src\modules\M053\model.sql","backend\src\modules\M053\model.sql"
"public.cart","2","C:\Users\DIYA GOEL\Downloads\EBDESIGN\backend\src\database\schema.sql","backend\src\database\schema.sql"
"public.cart","2","C:\Users\DIYA GOEL\Downloads\EBDESIGN\backend\src\database\migrations\000_base_schema.sql","backend\src\database\migrations\000_base_schema.sql"
"public.payments","4","C:\Users\DIYA GOEL\Downloads\EBDESIGN\backend\src\database\schema.sql","backend\src\database\schema.sql"
"public.payments","4","C:\Users\DIYA GOEL\Downloads\EBDESIGN\backend\src\database\migrations\000_base_schema.sql","backend\src\database\migrations\000_base_schema.sql"
"public.payments","4","C:\Users\DIYA GOEL\Downloads\EBDESIGN\backend\src\modules\M053\model.sql","backend\src\modules\M053\model.sql"
"public.payments","4","C:\Users\DIYA GOEL\Downloads\EBDESIGN\backend\src\modules\M056\model.sql","backend\src\modules\M056\model.sql"
"public.coupons","2","C:\Users\DIYA GOEL\Downloads\EBDESIGN\backend\src\database\schema.sql","backend\src\database\schema.sql"
"public.coupons","2","C:\Users\DIYA GOEL\Downloads\EBDESIGN\backend\src\database\migrations\000_base_schema.sql","backend\src\database\migrations\000_base_schema.sql"
"public.fpos","3","C:\Users\DIYA GOEL\Downloads\EBDESIGN\backend\src\database\schema.sql","backend\src\database\schema.sql"
"public.fpos","3","C:\Users\DIYA GOEL\Downloads\EBDESIGN\backend\src\database\migrations\000_base_schema.sql","backend\src\database\migrations\000_base_schema.sql"
"public.fpos","3","C:\Users\DIYA GOEL\Downloads\EBDESIGN\backend\src\modules\M051\model.sql","backend\src\modules\M051\model.sql"
"public.farmers","4","C:\Users\DIYA GOEL\Downloads\EBDESIGN\backend\src\database\schema.sql","backend\src\database\schema.sql"
"public.farmers","4","C:\Users\DIYA GOEL\Downloads\EBDESIGN\backend\src\database\migrations\000_base_schema.sql","backend\src\database\migrations\000_base_schema.sql"
"public.farmers","4","C:\Users\DIYA GOEL\Downloads\EBDESIGN\backend\src\database\migrations\3021_m021_farmer_registration.sql","backend\src\database\migrations\3021_m021_farmer_registration.sql"
"public.farmers","4","C:\Users\DIYA GOEL\Downloads\EBDESIGN\docs\db-core-tables.sql","docs\db-core-tables.sql"
"public.farmer_certifications","2","C:\Users\DIYA GOEL\Downloads\EBDESIGN\backend\src\database\schema.sql","backend\src\database\schema.sql"
"public.farmer_certifications","2","C:\Users\DIYA GOEL\Downloads\EBDESIGN\backend\src\database\migrations\000_base_schema.sql","backend\src\database\migrations\000_base_schema.sql"
"public.training_records","3","C:\Users\DIYA GOEL\Downloads\EBDESIGN\backend\src\database\schema.sql","backend\src\database\schema.sql"
"public.training_records","3","C:\Users\DIYA GOEL\Downloads\EBDESIGN\backend\src\database\migrations\000_base_schema.sql","backend\src\database\migrations\000_base_schema.sql"
"public.training_records","3","C:\Users\DIYA GOEL\Downloads\EBDESIGN\backend\src\database\migrations\3200_hr_module_schema.sql","backend\src\database\migrations\3200_hr_module_schema.sql"
"public.credit_scores","2","C:\Users\DIYA GOEL\Downloads\EBDESIGN\backend\src\database\schema.sql","backend\src\database\schema.sql"
"public.credit_scores","2","C:\Users\DIYA GOEL\Downloads\EBDESIGN\backend\src\database\migrations\000_base_schema.sql","backend\src\database\migrations\000_base_schema.sql"
"public.loans","2","C:\Users\DIYA GOEL\Downloads\EBDESIGN\backend\src\database\schema.sql","backend\src\database\schema.sql"
"public.loans","2","C:\Users\DIYA GOEL\Downloads\EBDESIGN\backend\src\database\migrations\000_base_schema.sql","backend\src\database\migrations\000_base_schema.sql"
"public.emi_schedule","2","C:\Users\DIYA GOEL\Downloads\EBDESIGN\backend\src\database\schema.sql","backend\src\database\schema.sql"
"public.emi_schedule","2","C:\Users\DIYA GOEL\Downloads\EBDESIGN\backend\src\database\migrations\000_base_schema.sql","backend\src\database\migrations\000_base_schema.sql"
"public.advances","2","C:\Users\DIYA GOEL\Downloads\EBDESIGN\backend\src\database\schema.sql","backend\src\database\schema.sql"
"public.advances","2","C:\Users\DIYA GOEL\Downloads\EBDESIGN\backend\src\database\migrations\000_base_schema.sql","backend\src\database\migrations\000_base_schema.sql"
"public.financial_transactions","2","C:\Users\DIYA GOEL\Downloads\EBDESIGN\backend\src\database\schema.sql","backend\src\database\schema.sql"
"public.financial_transactions","2","C:\Users\DIYA GOEL\Downloads\EBDESIGN\backend\src\database\migrations\000_base_schema.sql","backend\src\database\migrations\000_base_schema.sql"
"public.insurance_products","2","C:\Users\DIYA GOEL\Downloads\EBDESIGN\backend\src\database\schema.sql","backend\src\database\schema.sql"
"public.insurance_products","2","C:\Users\DIYA GOEL\Downloads\EBDESIGN\backend\src\database\migrations\000_base_schema.sql","backend\src\database\migrations\000_base_schema.sql"
"public.policies","2","C:\Users\DIYA GOEL\Downloads\EBDESIGN\backend\src\database\schema.sql","backend\src\database\schema.sql"
"public.policies","2","C:\Users\DIYA GOEL\Downloads\EBDESIGN\backend\src\database\migrations\000_base_schema.sql","backend\src\database\migrations\000_base_schema.sql"
"public.claims","2","C:\Users\DIYA GOEL\Downloads\EBDESIGN\backend\src\database\schema.sql","backend\src\database\schema.sql"
"public.claims","2","C:\Users\DIYA GOEL\Downloads\EBDESIGN\backend\src\database\migrations\000_base_schema.sql","backend\src\database\migrations\000_base_schema.sql"
"public.master_policies","2","C:\Users\DIYA GOEL\Downloads\EBDESIGN\backend\src\database\schema.sql","backend\src\database\schema.sql"
"public.master_policies","2","C:\Users\DIYA GOEL\Downloads\EBDESIGN\backend\src\database\migrations\000_base_schema.sql","backend\src\database\migrations\000_base_schema.sql"
"public.shipment_modes","2","C:\Users\DIYA GOEL\Downloads\EBDESIGN\backend\src\database\schema.sql","backend\src\database\schema.sql"
"public.shipment_modes","2","C:\Users\DIYA GOEL\Downloads\EBDESIGN\backend\src\database\migrations\000_base_schema.sql","backend\src\database\migrations\000_base_schema.sql"
"public.shipments","3","C:\Users\DIYA GOEL\Downloads\EBDESIGN\backend\src\database\schema.sql","backend\src\database\schema.sql"
"public.shipments","3","C:\Users\DIYA GOEL\Downloads\EBDESIGN\backend\src\database\migrations\000_base_schema.sql","backend\src\database\migrations\000_base_schema.sql"
"public.shipments","3","C:\Users\DIYA GOEL\Downloads\EBDESIGN\backend\src\modules\M057\model.sql","backend\src\modules\M057\model.sql"
"public.vehicles","2","C:\Users\DIYA GOEL\Downloads\EBDESIGN\backend\src\database\schema.sql","backend\src\database\schema.sql"
"public.vehicles","2","C:\Users\DIYA GOEL\Downloads\EBDESIGN\backend\src\database\migrations\000_base_schema.sql","backend\src\database\migrations\000_base_schema.sql"
"public.drivers","2","C:\Users\DIYA GOEL\Downloads\EBDESIGN\backend\src\database\schema.sql","backend\src\database\schema.sql"
"public.drivers","2","C:\Users\DIYA GOEL\Downloads\EBDESIGN\backend\src\database\migrations\000_base_schema.sql","backend\src\database\migrations\000_base_schema.sql"
"public.contracts","2","C:\Users\DIYA GOEL\Downloads\EBDESIGN\backend\src\database\schema.sql","backend\src\database\schema.sql"
"public.contracts","2","C:\Users\DIYA GOEL\Downloads\EBDESIGN\backend\src\database\migrations\000_base_schema.sql","backend\src\database\migrations\000_base_schema.sql"
"public.contract_milestones","3","C:\Users\DIYA GOEL\Downloads\EBDESIGN\backend\src\database\schema.sql","backend\src\database\schema.sql"
"public.contract_milestones","3","C:\Users\DIYA GOEL\Downloads\EBDESIGN\backend\src\database\migrations\000_base_schema.sql","backend\src\database\migrations\000_base_schema.sql"
"public.contract_milestones","3","C:\Users\DIYA GOEL\Downloads\EBDESIGN\backend\src\database\migrations\3102_ecommerce_ai_erp_business_marketing.sql","backend\src\database\migrations\3102_ecommerce_ai_erp_business_marketing.sql"
"public.escrow_accounts","2","C:\Users\DIYA GOEL\Downloads\EBDESIGN\backend\src\database\schema.sql","backend\src\database\schema.sql"
"public.escrow_accounts","2","C:\Users\DIYA GOEL\Downloads\EBDESIGN\backend\src\database\migrations\000_base_schema.sql","backend\src\database\migrations\000_base_schema.sql"
"public.asset_types","2","C:\Users\DIYA GOEL\Downloads\EBDESIGN\backend\src\database\schema.sql","backend\src\database\schema.sql"
"public.asset_types","2","C:\Users\DIYA GOEL\Downloads\EBDESIGN\backend\src\database\migrations\000_base_schema.sql","backend\src\database\migrations\000_base_schema.sql"
"public.assets","2","C:\Users\DIYA GOEL\Downloads\EBDESIGN\backend\src\database\schema.sql","backend\src\database\schema.sql"
"public.assets","2","C:\Users\DIYA GOEL\Downloads\EBDESIGN\backend\src\database\migrations\000_base_schema.sql","backend\src\database\migrations\000_base_schema.sql"
"public.asset_bookings","2","C:\Users\DIYA GOEL\Downloads\EBDESIGN\backend\src\database\schema.sql","backend\src\database\schema.sql"
"public.asset_bookings","2","C:\Users\DIYA GOEL\Downloads\EBDESIGN\backend\src\database\migrations\000_base_schema.sql","backend\src\database\migrations\000_base_schema.sql"
"public.schemes","2","C:\Users\DIYA GOEL\Downloads\EBDESIGN\backend\src\database\schema.sql","backend\src\database\schema.sql"
"public.schemes","2","C:\Users\DIYA GOEL\Downloads\EBDESIGN\backend\src\database\migrations\000_base_schema.sql","backend\src\database\migrations\000_base_schema.sql"
"public.subsidy_claims","2","C:\Users\DIYA GOEL\Downloads\EBDESIGN\backend\src\database\schema.sql","backend\src\database\schema.sql"
"public.subsidy_claims","2","C:\Users\DIYA GOEL\Downloads\EBDESIGN\backend\src\database\migrations\000_base_schema.sql","backend\src\database\migrations\000_base_schema.sql"
"public.audit_logs","6","C:\Users\DIYA GOEL\Downloads\EBDESIGN\backend\src\database\schema.sql","backend\src\database\schema.sql"
"public.audit_logs","6","C:\Users\DIYA GOEL\Downloads\EBDESIGN\backend\src\database\migrations\000_base_schema.sql","backend\src\database\migrations\000_base_schema.sql"
"public.audit_logs","6","C:\Users\DIYA GOEL\Downloads\EBDESIGN\backend\src\database\migrations\014_audit_system.sql","backend\src\database\migrations\014_audit_system.sql"
"public.audit_logs","6","C:\Users\DIYA GOEL\Downloads\EBDESIGN\backend\src\database\migrations\014_platform_foundation_modules.sql","backend\src\database\migrations\014_platform_foundation_modules.sql"
"public.audit_logs","6","C:\Users\DIYA GOEL\Downloads\EBDESIGN\backend\src\database\migrations\1002_system_administration.sql","backend\src\database\migrations\1002_system_administration.sql"
"public.audit_logs","6","C:\Users\DIYA GOEL\Downloads\EBDESIGN\docs\db-core-tables.sql","docs\db-core-tables.sql"
"public.erp_sync_logs","2","C:\Users\DIYA GOEL\Downloads\EBDESIGN\backend\src\database\schema.sql","backend\src\database\schema.sql"
"public.erp_sync_logs","2","C:\Users\DIYA GOEL\Downloads\EBDESIGN\backend\src\database\migrations\000_base_schema.sql","backend\src\database\migrations\000_base_schema.sql"
"public.ai_predictions","2","C:\Users\DIYA GOEL\Downloads\EBDESIGN\backend\src\database\schema.sql","backend\src\database\schema.sql"
"public.ai_predictions","2","C:\Users\DIYA GOEL\Downloads\EBDESIGN\backend\src\database\migrations\000_base_schema.sql","backend\src\database\migrations\000_base_schema.sql"
"public.recommendations","2","C:\Users\DIYA GOEL\Downloads\EBDESIGN\backend\src\database\schema.sql","backend\src\database\schema.sql"
"public.recommendations","2","C:\Users\DIYA GOEL\Downloads\EBDESIGN\backend\src\database\migrations\000_base_schema.sql","backend\src\database\migrations\000_base_schema.sql"
"public.analytics_events","2","C:\Users\DIYA GOEL\Downloads\EBDESIGN\backend\src\database\schema.sql","backend\src\database\schema.sql"
"public.analytics_events","2","C:\Users\DIYA GOEL\Downloads\EBDESIGN\backend\src\database\migrations\000_base_schema.sql","backend\src\database\migrations\000_base_schema.sql"
"public.temperature_monitoring","2","C:\Users\DIYA GOEL\Downloads\EBDESIGN\backend\src\database\shelf_life_schema.sql","backend\src\database\shelf_life_schema.sql"
"public.temperature_monitoring","2","C:\Users\DIYA GOEL\Downloads\EBDESIGN\backend\src\database\migrations\043_shelf_life_schema.sql","backend\src\database\migrations\043_shelf_life_schema.sql"
"public.humidity_monitoring","2","C:\Users\DIYA GOEL\Downloads\EBDESIGN\backend\src\database\shelf_life_schema.sql","backend\src\database\shelf_life_schema.sql"
"public.humidity_monitoring","2","C:\Users\DIYA GOEL\Downloads\EBDESIGN\backend\src\database\migrations\043_shelf_life_schema.sql","backend\src\database\migrations\043_shelf_life_schema.sql"
"public.packaging_analysis","2","C:\Users\DIYA GOEL\Downloads\EBDESIGN\backend\src\database\shelf_life_schema.sql","backend\src\database\shelf_life_schema.sql"
"public.packaging_analysis","2","C:\Users\DIYA GOEL\Downloads\EBDESIGN\backend\src\database\migrations\043_shelf_life_schema.sql","backend\src\database\migrations\043_shelf_life_schema.sql"
"public.transport_analysis","2","C:\Users\DIYA GOEL\Downloads\EBDESIGN\backend\src\database\shelf_life_schema.sql","backend\src\database\shelf_life_schema.sql"
"public.transport_analysis","2","C:\Users\DIYA GOEL\Downloads\EBDESIGN\backend\src\database\migrations\043_shelf_life_schema.sql","backend\src\database\migrations\043_shelf_life_schema.sql"
"public.storage_analysis","2","C:\Users\DIYA GOEL\Downloads\EBDESIGN\backend\src\database\shelf_life_schema.sql","backend\src\database\shelf_life_schema.sql"
"public.storage_analysis","2","C:\Users\DIYA GOEL\Downloads\EBDESIGN\backend\src\database\migrations\043_shelf_life_schema.sql","backend\src\database\migrations\043_shelf_life_schema.sql"
"public.spoilage_risk_predictions","2","C:\Users\DIYA GOEL\Downloads\EBDESIGN\backend\src\database\shelf_life_schema.sql","backend\src\database\shelf_life_schema.sql"
"public.spoilage_risk_predictions","2","C:\Users\DIYA GOEL\Downloads\EBDESIGN\backend\src\database\migrations\043_shelf_life_schema.sql","backend\src\database\migrations\043_shelf_life_schema.sql"
"public.value_factors","2","C:\Users\DIYA GOEL\Downloads\EBDESIGN\backend\src\database\value_commerce_schema.sql","backend\src\database\value_commerce_schema.sql"
"public.value_factors","2","C:\Users\DIYA GOEL\Downloads\EBDESIGN\backend\src\database\migrations\044_value_commerce_schema.sql","backend\src\database\migrations\044_value_commerce_schema.sql"
"public.value_calculation_models","2","C:\Users\DIYA GOEL\Downloads\EBDESIGN\backend\src\database\value_commerce_schema.sql","backend\src\database\value_commerce_schema.sql"
"public.value_calculation_models","2","C:\Users\DIYA GOEL\Downloads\EBDESIGN\backend\src\database\migrations\044_value_commerce_schema.sql","backend\src\database\migrations\044_value_commerce_schema.sql"
"public.product_value_scores","2","C:\Users\DIYA GOEL\Downloads\EBDESIGN\backend\src\database\value_commerce_schema.sql","backend\src\database\value_commerce_schema.sql"
"public.product_value_scores","2","C:\Users\DIYA GOEL\Downloads\EBDESIGN\backend\src\database\migrations\044_value_commerce_schema.sql","backend\src\database\migrations\044_value_commerce_schema.sql"
"public.value_pricing_rules","2","C:\Users\DIYA GOEL\Downloads\EBDESIGN\backend\src\database\value_commerce_schema.sql","backend\src\database\value_commerce_schema.sql"
"public.value_pricing_rules","2","C:\Users\DIYA GOEL\Downloads\EBDESIGN\backend\src\database\migrations\044_value_commerce_schema.sql","backend\src\database\migrations\044_value_commerce_schema.sql"
"public.product_value_pricing","2","C:\Users\DIYA GOEL\Downloads\EBDESIGN\backend\src\database\value_commerce_schema.sql","backend\src\database\value_commerce_schema.sql"
"public.product_value_pricing","2","C:\Users\DIYA GOEL\Downloads\EBDESIGN\backend\src\database\migrations\044_value_commerce_schema.sql","backend\src\database\migrations\044_value_commerce_schema.sql"
"public.value_tiers","2","C:\Users\DIYA GOEL\Downloads\EBDESIGN\backend\src\database\value_commerce_schema.sql","backend\src\database\value_commerce_schema.sql"
"public.value_tiers","2","C:\Users\DIYA GOEL\Downloads\EBDESIGN\backend\src\database\migrations\044_value_commerce_schema.sql","backend\src\database\migrations\044_value_commerce_schema.sql"
"public.consumer_value_preferences","2","C:\Users\DIYA GOEL\Downloads\EBDESIGN\backend\src\database\value_commerce_schema.sql","backend\src\database\value_commerce_schema.sql"
"public.consumer_value_preferences","2","C:\Users\DIYA GOEL\Downloads\EBDESIGN\backend\src\database\migrations\044_value_commerce_schema.sql","backend\src\database\migrations\044_value_commerce_schema.sql"
"public.value_recommendations","2","C:\Users\DIYA GOEL\Downloads\EBDESIGN\backend\src\database\value_commerce_schema.sql","backend\src\database\value_commerce_schema.sql"
"public.value_recommendations","2","C:\Users\DIYA GOEL\Downloads\EBDESIGN\backend\src\database\migrations\044_value_commerce_schema.sql","backend\src\database\migrations\044_value_commerce_schema.sql"
"public.value_commerce_analytics","2","C:\Users\DIYA GOEL\Downloads\EBDESIGN\backend\src\database\value_commerce_schema.sql","backend\src\database\value_commerce_schema.sql"
"public.value_commerce_analytics","2","C:\Users\DIYA GOEL\Downloads\EBDESIGN\backend\src\database\migrations\044_value_commerce_schema.sql","backend\src\database\migrations\044_value_commerce_schema.sql"
"public.voice_sessions","2","C:\Users\DIYA GOEL\Downloads\EBDESIGN\backend\src\database\voice_ai_schema.sql","backend\src\database\voice_ai_schema.sql"
"public.voice_sessions","2","C:\Users\DIYA GOEL\Downloads\EBDESIGN\backend\src\database\migrations\045_voice_ai_schema.sql","backend\src\database\migrations\045_voice_ai_schema.sql"
"public.voice_commands","3","C:\Users\DIYA GOEL\Downloads\EBDESIGN\backend\src\database\voice_ai_schema.sql","backend\src\database\voice_ai_schema.sql"
"public.voice_commands","3","C:\Users\DIYA GOEL\Downloads\EBDESIGN\backend\src\database\migrations\015_advanced_features.sql","backend\src\database\migrations\015_advanced_features.sql"
"public.voice_commands","3","C:\Users\DIYA GOEL\Downloads\EBDESIGN\backend\src\database\migrations\045_voice_ai_schema.sql","backend\src\database\migrations\045_voice_ai_schema.sql"
"public.speech_recognition_logs","2","C:\Users\DIYA GOEL\Downloads\EBDESIGN\backend\src\database\voice_ai_schema.sql","backend\src\database\voice_ai_schema.sql"
"public.speech_recognition_logs","2","C:\Users\DIYA GOEL\Downloads\EBDESIGN\backend\src\database\migrations\045_voice_ai_schema.sql","backend\src\database\migrations\045_voice_ai_schema.sql"
"public.voice_responses","2","C:\Users\DIYA GOEL\Downloads\EBDESIGN\backend\src\database\voice_ai_schema.sql","backend\src\database\voice_ai_schema.sql"
"public.voice_responses","2","C:\Users\DIYA GOEL\Downloads\EBDESIGN\backend\src\database\migrations\045_voice_ai_schema.sql","backend\src\database\migrations\045_voice_ai_schema.sql"
"public.voice_intents","2","C:\Users\DIYA GOEL\Downloads\EBDESIGN\backend\src\database\voice_ai_schema.sql","backend\src\database\voice_ai_schema.sql"
"public.voice_intents","2","C:\Users\DIYA GOEL\Downloads\EBDESIGN\backend\src\database\migrations\045_voice_ai_schema.sql","backend\src\database\migrations\045_voice_ai_schema.sql"
"public.voice_analytics","2","C:\Users\DIYA GOEL\Downloads\EBDESIGN\backend\src\database\voice_ai_schema.sql","backend\src\database\voice_ai_schema.sql"
"public.voice_analytics","2","C:\Users\DIYA GOEL\Downloads\EBDESIGN\backend\src\database\migrations\045_voice_ai_schema.sql","backend\src\database\migrations\045_voice_ai_schema.sql"
"public.voice_preferences","2","C:\Users\DIYA GOEL\Downloads\EBDESIGN\backend\src\database\voice_ai_schema.sql","backend\src\database\voice_ai_schema.sql"
"public.voice_preferences","2","C:\Users\DIYA GOEL\Downloads\EBDESIGN\backend\src\database\migrations\045_voice_ai_schema.sql","backend\src\database\migrations\045_voice_ai_schema.sql"
"public.product_reviews","3","C:\Users\DIYA GOEL\Downloads\EBDESIGN\backend\src\database\migrations\009_marketplace_enhancements.sql","backend\src\database\migrations\009_marketplace_enhancements.sql"
"public.product_reviews","3","C:\Users\DIYA GOEL\Downloads\EBDESIGN\backend\src\database\migrations\3100_ecommerce_tables.sql","backend\src\database\migrations\3100_ecommerce_tables.sql"
"public.product_reviews","3","C:\Users\DIYA GOEL\Downloads\EBDESIGN\backend\src\modules\M052\model.sql","backend\src\modules\M052\model.sql"
"public.review_reports","2","C:\Users\DIYA GOEL\Downloads\EBDESIGN\backend\src\database\migrations\009_marketplace_enhancements.sql","backend\src\database\migrations\009_marketplace_enhancements.sql"
"public.review_reports","2","C:\Users\DIYA GOEL\Downloads\EBDESIGN\backend\src\database\migrations\3100_ecommerce_tables.sql","backend\src\database\migrations\3100_ecommerce_tables.sql"
"public.bulk_orders","2","C:\Users\DIYA GOEL\Downloads\EBDESIGN\backend\src\database\migrations\009_marketplace_enhancements.sql","backend\src\database\migrations\009_marketplace_enhancements.sql"
"public.bulk_orders","2","C:\Users\DIYA GOEL\Downloads\EBDESIGN\backend\src\database\migrations\3100_ecommerce_tables.sql","backend\src\database\migrations\3100_ecommerce_tables.sql"
"public.land_records","2","C:\Users\DIYA GOEL\Downloads\EBDESIGN\backend\src\database\migrations\011_farmer_portal_enhancements.sql","backend\src\database\migrations\011_farmer_portal_enhancements.sql"
"public.land_records","2","C:\Users\DIYA GOEL\Downloads\EBDESIGN\backend\src\modules\M031\model.sql","backend\src\modules\M031\model.sql"
"public.villages","2","C:\Users\DIYA GOEL\Downloads\EBDESIGN\backend\src\database\migrations\012_governance_module.sql","backend\src\database\migrations\012_governance_module.sql"
"public.villages","2","C:\Users\DIYA GOEL\Downloads\EBDESIGN\backend\src\modules\M041\model.sql","backend\src\modules\M041\model.sql"
"public.above","15","C:\Users\DIYA GOEL\Downloads\EBDESIGN\backend\src\database\migrations\013_logistics_enhancements.sql","backend\src\database\migrations\013_logistics_enhancements.sql"
"public.above","15","C:\Users\DIYA GOEL\Downloads\EBDESIGN\backend\src\database\migrations\014_audit_system.sql","backend\src\database\migrations\014_audit_system.sql"
"public.above","15","C:\Users\DIYA GOEL\Downloads\EBDESIGN\backend\src\database\migrations\017_ar_vr_schema.sql","backend\src\database\migrations\017_ar_vr_schema.sql"
"public.above","15","C:\Users\DIYA GOEL\Downloads\EBDESIGN\backend\src\database\migrations\019_blockchain_traceability_schema.sql","backend\src\database\migrations\019_blockchain_traceability_schema.sql"
"public.above","15","C:\Users\DIYA GOEL\Downloads\EBDESIGN\backend\src\database\migrations\030_institutional_procurement_schema.sql","backend\src\database\migrations\030_institutional_procurement_schema.sql"
"public.above","15","C:\Users\DIYA GOEL\Downloads\EBDESIGN\backend\src\database\migrations\030_institutional_procurement_schema.sql","backend\src\database\migrations\030_institutional_procurement_schema.sql"
"public.above","15","C:\Users\DIYA GOEL\Downloads\EBDESIGN\backend\src\database\migrations\031_iot_integration_schema.sql","backend\src\database\migrations\031_iot_integration_schema.sql"
"public.above","15","C:\Users\DIYA GOEL\Downloads\EBDESIGN\backend\src\database\migrations\034_logistics_enhancement_schema.sql","backend\src\database\migrations\034_logistics_enhancement_schema.sql"
"public.above","15","C:\Users\DIYA GOEL\Downloads\EBDESIGN\backend\src\database\migrations\034_logistics_enhancement_schema.sql","backend\src\database\migrations\034_logistics_enhancement_schema.sql"
"public.above","15","C:\Users\DIYA GOEL\Downloads\EBDESIGN\backend\src\database\migrations\034_logistics_enhancement_schema.sql","backend\src\database\migrations\034_logistics_enhancement_schema.sql"
"public.above","15","C:\Users\DIYA GOEL\Downloads\EBDESIGN\backend\src\database\migrations\034_logistics_enhancement_schema.sql","backend\src\database\migrations\034_logistics_enhancement_schema.sql"
"public.above","15","C:\Users\DIYA GOEL\Downloads\EBDESIGN\backend\src\database\migrations\034_logistics_enhancement_schema.sql","backend\src\database\migrations\034_logistics_enhancement_schema.sql"
"public.above","15","C:\Users\DIYA GOEL\Downloads\EBDESIGN\backend\src\database\migrations\034_logistics_enhancement_schema.sql","backend\src\database\migrations\034_logistics_enhancement_schema.sql"
"public.above","15","C:\Users\DIYA GOEL\Downloads\EBDESIGN\backend\src\database\migrations\036_nutrition_intelligence_schema.sql","backend\src\database\migrations\036_nutrition_intelligence_schema.sql"
"public.above","15","C:\Users\DIYA GOEL\Downloads\EBDESIGN\backend\src\database\migrations\045_voice_ai_schema.sql","backend\src\database\migrations\045_voice_ai_schema.sql"
"public.platform_configurations","4","C:\Users\DIYA GOEL\Downloads\EBDESIGN\backend\src\database\migrations\014_platform_foundation_modules.sql","backend\src\database\migrations\014_platform_foundation_modules.sql"
"public.platform_configurations","4","C:\Users\DIYA GOEL\Downloads\EBDESIGN\backend\src\database\migrations\1001_platform_configuration.sql","backend\src\database\migrations\1001_platform_configuration.sql"
"public.platform_configurations","4","C:\Users\DIYA GOEL\Downloads\EBDESIGN\backend\src\modules\M001\model.sql","backend\src\modules\M001\model.sql"
"public.platform_configurations","4","C:\Users\DIYA GOEL\Downloads\EBDESIGN\backend\src\modules\M002\model.sql","backend\src\modules\M002\model.sql"
"public.tenants","2","C:\Users\DIYA GOEL\Downloads\EBDESIGN\backend\src\database\migrations\014_platform_foundation_modules.sql","backend\src\database\migrations\014_platform_foundation_modules.sql"
"public.tenants","2","C:\Users\DIYA GOEL\Downloads\EBDESIGN\backend\src\modules\M003\model.sql","backend\src\modules\M003\model.sql"
"public.organizations","2","C:\Users\DIYA GOEL\Downloads\EBDESIGN\backend\src\database\migrations\014_platform_foundation_modules.sql","backend\src\database\migrations\014_platform_foundation_modules.sql"
"public.organizations","2","C:\Users\DIYA GOEL\Downloads\EBDESIGN\backend\src\modules\M004\model.sql","backend\src\modules\M004\model.sql"
"public.environments","2","C:\Users\DIYA GOEL\Downloads\EBDESIGN\backend\src\database\migrations\014_platform_foundation_modules.sql","backend\src\database\migrations\014_platform_foundation_modules.sql"
"public.environments","2","C:\Users\DIYA GOEL\Downloads\EBDESIGN\backend\src\modules\M005\model.sql","backend\src\modules\M005\model.sql"
"public.consents","2","C:\Users\DIYA GOEL\Downloads\EBDESIGN\backend\src\database\migrations\014_platform_foundation_modules.sql","backend\src\database\migrations\014_platform_foundation_modules.sql"
"public.consents","2","C:\Users\DIYA GOEL\Downloads\EBDESIGN\backend\src\database\migrations\3017_m017_consent_management.sql","backend\src\database\migrations\3017_m017_consent_management.sql"
"public.makes","3","C:\Users\DIYA GOEL\Downloads\EBDESIGN\backend\src\database\migrations\017_ar_vr_schema.sql","backend\src\database\migrations\017_ar_vr_schema.sql"
"public.makes","3","C:\Users\DIYA GOEL\Downloads\EBDESIGN\backend\src\database\migrations\031_iot_integration_schema.sql","backend\src\database\migrations\031_iot_integration_schema.sql"
"public.makes","3","C:\Users\DIYA GOEL\Downloads\EBDESIGN\backend\src\database\migrations\045_voice_ai_schema.sql","backend\src\database\migrations\045_voice_ai_schema.sql"
"public.IF","3","C:\Users\DIYA GOEL\Downloads\EBDESIGN\backend\src\database\migrations\023_engineering_schema.sql","backend\src\database\migrations\023_engineering_schema.sql"
"public.IF","3","C:\Users\DIYA GOEL\Downloads\EBDESIGN\backend\src\database\migrations\999_schema_reconciliation.sql","backend\src\database\migrations\999_schema_reconciliation.sql"
"public.IF","3","C:\Users\DIYA GOEL\Downloads\EBDESIGN\backend\src\database\migrations\999_zz_tender_bids_collision_repair.sql","backend\src\database\migrations\999_zz_tender_bids_collision_repair.sql"
"public.and","2","C:\Users\DIYA GOEL\Downloads\EBDESIGN\backend\src\database\migrations\041_rural_life_os_schema.sql","backend\src\database\migrations\041_rural_life_os_schema.sql"
"public.and","2","C:\Users\DIYA GOEL\Downloads\EBDESIGN\backend\src\database\migrations\041_rural_life_os_schema.sql","backend\src\database\migrations\041_rural_life_os_schema.sql"
"public.body","34","C:\Users\DIYA GOEL\Downloads\EBDESIGN\backend\src\database\migrations\046_advanced_voice_ai_tables.sql","backend\src\database\migrations\046_advanced_voice_ai_tables.sql"
"public.body","34","C:\Users\DIYA GOEL\Downloads\EBDESIGN\backend\src\database\migrations\046_advanced_voice_ai_tables.sql","backend\src\database\migrations\046_advanced_voice_ai_tables.sql"
"public.body","34","C:\Users\DIYA GOEL\Downloads\EBDESIGN\backend\src\database\migrations\046_advanced_voice_ai_tables.sql","backend\src\database\migrations\046_advanced_voice_ai_tables.sql"
"public.body","34","C:\Users\DIYA GOEL\Downloads\EBDESIGN\backend\src\database\migrations\046_advanced_voice_ai_tables.sql","backend\src\database\migrations\046_advanced_voice_ai_tables.sql"
"public.body","34","C:\Users\DIYA GOEL\Downloads\EBDESIGN\backend\src\database\migrations\046_advanced_voice_ai_tables.sql","backend\src\database\migrations\046_advanced_voice_ai_tables.sql"
"public.body","34","C:\Users\DIYA GOEL\Downloads\EBDESIGN\backend\src\database\migrations\047_gst_tables.sql","backend\src\database\migrations\047_gst_tables.sql"
"public.body","34","C:\Users\DIYA GOEL\Downloads\EBDESIGN\backend\src\database\migrations\047_gst_tables.sql","backend\src\database\migrations\047_gst_tables.sql"
"public.body","34","C:\Users\DIYA GOEL\Downloads\EBDESIGN\backend\src\database\migrations\047_gst_tables.sql","backend\src\database\migrations\047_gst_tables.sql"
"public.body","34","C:\Users\DIYA GOEL\Downloads\EBDESIGN\backend\src\database\migrations\047_gst_tables.sql","backend\src\database\migrations\047_gst_tables.sql"
"public.body","34","C:\Users\DIYA GOEL\Downloads\EBDESIGN\backend\src\database\migrations\047_gst_tables.sql","backend\src\database\migrations\047_gst_tables.sql"
"public.body","34","C:\Users\DIYA GOEL\Downloads\EBDESIGN\backend\src\database\migrations\047_gst_tables.sql","backend\src\database\migrations\047_gst_tables.sql"
"public.body","34","C:\Users\DIYA GOEL\Downloads\EBDESIGN\backend\src\database\migrations\047_gst_tables.sql","backend\src\database\migrations\047_gst_tables.sql"
"public.body","34","C:\Users\DIYA GOEL\Downloads\EBDESIGN\backend\src\database\migrations\048_offline_payment_tables.sql","backend\src\database\migrations\048_offline_payment_tables.sql"
"public.body","34","C:\Users\DIYA GOEL\Downloads\EBDESIGN\backend\src\database\migrations\048_offline_payment_tables.sql","backend\src\database\migrations\048_offline_payment_tables.sql"
"public.body","34","C:\Users\DIYA GOEL\Downloads\EBDESIGN\backend\src\database\migrations\048_offline_payment_tables.sql","backend\src\database\migrations\048_offline_payment_tables.sql"
"public.body","34","C:\Users\DIYA GOEL\Downloads\EBDESIGN\backend\src\database\migrations\048_offline_payment_tables.sql","backend\src\database\migrations\048_offline_payment_tables.sql"
"public.body","34","C:\Users\DIYA GOEL\Downloads\EBDESIGN\backend\src\database\migrations\048_offline_payment_tables.sql","backend\src\database\migrations\048_offline_payment_tables.sql"
"public.body","34","C:\Users\DIYA GOEL\Downloads\EBDESIGN\backend\src\database\migrations\048_offline_payment_tables.sql","backend\src\database\migrations\048_offline_payment_tables.sql"
"public.body","34","C:\Users\DIYA GOEL\Downloads\EBDESIGN\backend\src\database\migrations\048_offline_payment_tables.sql","backend\src\database\migrations\048_offline_payment_tables.sql"
"public.body","34","C:\Users\DIYA GOEL\Downloads\EBDESIGN\backend\src\database\migrations\048_offline_payment_tables.sql","backend\src\database\migrations\048_offline_payment_tables.sql"
"public.body","34","C:\Users\DIYA GOEL\Downloads\EBDESIGN\backend\src\database\migrations\048_offline_payment_tables.sql","backend\src\database\migrations\048_offline_payment_tables.sql"
"public.body","34","C:\Users\DIYA GOEL\Downloads\EBDESIGN\backend\src\database\migrations\049_offline_sync_tables.sql","backend\src\database\migrations\049_offline_sync_tables.sql"
"public.body","34","C:\Users\DIYA GOEL\Downloads\EBDESIGN\backend\src\database\migrations\049_offline_sync_tables.sql","backend\src\database\migrations\049_offline_sync_tables.sql"
"public.body","34","C:\Users\DIYA GOEL\Downloads\EBDESIGN\backend\src\database\migrations\049_offline_sync_tables.sql","backend\src\database\migrations\049_offline_sync_tables.sql"
"public.body","34","C:\Users\DIYA GOEL\Downloads\EBDESIGN\backend\src\database\migrations\049_offline_sync_tables.sql","backend\src\database\migrations\049_offline_sync_tables.sql"
"public.body","34","C:\Users\DIYA GOEL\Downloads\EBDESIGN\backend\src\database\migrations\049_offline_sync_tables.sql","backend\src\database\migrations\049_offline_sync_tables.sql"
"public.body","34","C:\Users\DIYA GOEL\Downloads\EBDESIGN\backend\src\database\migrations\049_offline_sync_tables.sql","backend\src\database\migrations\049_offline_sync_tables.sql"
"public.body","34","C:\Users\DIYA GOEL\Downloads\EBDESIGN\backend\src\database\migrations\049_offline_sync_tables.sql","backend\src\database\migrations\049_offline_sync_tables.sql"
"public.body","34","C:\Users\DIYA GOEL\Downloads\EBDESIGN\backend\src\database\migrations\049_offline_sync_tables.sql","backend\src\database\migrations\049_offline_sync_tables.sql"
"public.body","34","C:\Users\DIYA GOEL\Downloads\EBDESIGN\backend\src\database\migrations\050_sms_auth_tables.sql","backend\src\database\migrations\050_sms_auth_tables.sql"
"public.body","34","C:\Users\DIYA GOEL\Downloads\EBDESIGN\backend\src\database\migrations\050_sms_auth_tables.sql","backend\src\database\migrations\050_sms_auth_tables.sql"
"public.body","34","C:\Users\DIYA GOEL\Downloads\EBDESIGN\backend\src\database\migrations\050_sms_auth_tables.sql","backend\src\database\migrations\050_sms_auth_tables.sql"
"public.body","34","C:\Users\DIYA GOEL\Downloads\EBDESIGN\backend\src\database\migrations\050_sms_auth_tables.sql","backend\src\database\migrations\050_sms_auth_tables.sql"
"public.body","34","C:\Users\DIYA GOEL\Downloads\EBDESIGN\backend\src\database\migrations\050_sms_auth_tables.sql","backend\src\database\migrations\050_sms_auth_tables.sql"
"public.is","34","C:\Users\DIYA GOEL\Downloads\EBDESIGN\backend\src\database\migrations\046_advanced_voice_ai_tables.sql","backend\src\database\migrations\046_advanced_voice_ai_tables.sql"
"public.is","34","C:\Users\DIYA GOEL\Downloads\EBDESIGN\backend\src\database\migrations\046_advanced_voice_ai_tables.sql","backend\src\database\migrations\046_advanced_voice_ai_tables.sql"
"public.is","34","C:\Users\DIYA GOEL\Downloads\EBDESIGN\backend\src\database\migrations\046_advanced_voice_ai_tables.sql","backend\src\database\migrations\046_advanced_voice_ai_tables.sql"
"public.is","34","C:\Users\DIYA GOEL\Downloads\EBDESIGN\backend\src\database\migrations\046_advanced_voice_ai_tables.sql","backend\src\database\migrations\046_advanced_voice_ai_tables.sql"
"public.is","34","C:\Users\DIYA GOEL\Downloads\EBDESIGN\backend\src\database\migrations\046_advanced_voice_ai_tables.sql","backend\src\database\migrations\046_advanced_voice_ai_tables.sql"
"public.is","34","C:\Users\DIYA GOEL\Downloads\EBDESIGN\backend\src\database\migrations\047_gst_tables.sql","backend\src\database\migrations\047_gst_tables.sql"
"public.is","34","C:\Users\DIYA GOEL\Downloads\EBDESIGN\backend\src\database\migrations\047_gst_tables.sql","backend\src\database\migrations\047_gst_tables.sql"
"public.is","34","C:\Users\DIYA GOEL\Downloads\EBDESIGN\backend\src\database\migrations\047_gst_tables.sql","backend\src\database\migrations\047_gst_tables.sql"
"public.is","34","C:\Users\DIYA GOEL\Downloads\EBDESIGN\backend\src\database\migrations\047_gst_tables.sql","backend\src\database\migrations\047_gst_tables.sql"
"public.is","34","C:\Users\DIYA GOEL\Downloads\EBDESIGN\backend\src\database\migrations\047_gst_tables.sql","backend\src\database\migrations\047_gst_tables.sql"
"public.is","34","C:\Users\DIYA GOEL\Downloads\EBDESIGN\backend\src\database\migrations\047_gst_tables.sql","backend\src\database\migrations\047_gst_tables.sql"
"public.is","34","C:\Users\DIYA GOEL\Downloads\EBDESIGN\backend\src\database\migrations\047_gst_tables.sql","backend\src\database\migrations\047_gst_tables.sql"
"public.is","34","C:\Users\DIYA GOEL\Downloads\EBDESIGN\backend\src\database\migrations\048_offline_payment_tables.sql","backend\src\database\migrations\048_offline_payment_tables.sql"
"public.is","34","C:\Users\DIYA GOEL\Downloads\EBDESIGN\backend\src\database\migrations\048_offline_payment_tables.sql","backend\src\database\migrations\048_offline_payment_tables.sql"
"public.is","34","C:\Users\DIYA GOEL\Downloads\EBDESIGN\backend\src\database\migrations\048_offline_payment_tables.sql","backend\src\database\migrations\048_offline_payment_tables.sql"
"public.is","34","C:\Users\DIYA GOEL\Downloads\EBDESIGN\backend\src\database\migrations\048_offline_payment_tables.sql","backend\src\database\migrations\048_offline_payment_tables.sql"
"public.is","34","C:\Users\DIYA GOEL\Downloads\EBDESIGN\backend\src\database\migrations\048_offline_payment_tables.sql","backend\src\database\migrations\048_offline_payment_tables.sql"
"public.is","34","C:\Users\DIYA GOEL\Downloads\EBDESIGN\backend\src\database\migrations\048_offline_payment_tables.sql","backend\src\database\migrations\048_offline_payment_tables.sql"
"public.is","34","C:\Users\DIYA GOEL\Downloads\EBDESIGN\backend\src\database\migrations\048_offline_payment_tables.sql","backend\src\database\migrations\048_offline_payment_tables.sql"
"public.is","34","C:\Users\DIYA GOEL\Downloads\EBDESIGN\backend\src\database\migrations\048_offline_payment_tables.sql","backend\src\database\migrations\048_offline_payment_tables.sql"
"public.is","34","C:\Users\DIYA GOEL\Downloads\EBDESIGN\backend\src\database\migrations\048_offline_payment_tables.sql","backend\src\database\migrations\048_offline_payment_tables.sql"
"public.is","34","C:\Users\DIYA GOEL\Downloads\EBDESIGN\backend\src\database\migrations\049_offline_sync_tables.sql","backend\src\database\migrations\049_offline_sync_tables.sql"
"public.is","34","C:\Users\DIYA GOEL\Downloads\EBDESIGN\backend\src\database\migrations\049_offline_sync_tables.sql","backend\src\database\migrations\049_offline_sync_tables.sql"
"public.is","34","C:\Users\DIYA GOEL\Downloads\EBDESIGN\backend\src\database\migrations\049_offline_sync_tables.sql","backend\src\database\migrations\049_offline_sync_tables.sql"
"public.is","34","C:\Users\DIYA GOEL\Downloads\EBDESIGN\backend\src\database\migrations\049_offline_sync_tables.sql","backend\src\database\migrations\049_offline_sync_tables.sql"
"public.is","34","C:\Users\DIYA GOEL\Downloads\EBDESIGN\backend\src\database\migrations\049_offline_sync_tables.sql","backend\src\database\migrations\049_offline_sync_tables.sql"
"public.is","34","C:\Users\DIYA GOEL\Downloads\EBDESIGN\backend\src\database\migrations\049_offline_sync_tables.sql","backend\src\database\migrations\049_offline_sync_tables.sql"
"public.is","34","C:\Users\DIYA GOEL\Downloads\EBDESIGN\backend\src\database\migrations\049_offline_sync_tables.sql","backend\src\database\migrations\049_offline_sync_tables.sql"
"public.is","34","C:\Users\DIYA GOEL\Downloads\EBDESIGN\backend\src\database\migrations\049_offline_sync_tables.sql","backend\src\database\migrations\049_offline_sync_tables.sql"
"public.is","34","C:\Users\DIYA GOEL\Downloads\EBDESIGN\backend\src\database\migrations\050_sms_auth_tables.sql","backend\src\database\migrations\050_sms_auth_tables.sql"
"public.is","34","C:\Users\DIYA GOEL\Downloads\EBDESIGN\backend\src\database\migrations\050_sms_auth_tables.sql","backend\src\database\migrations\050_sms_auth_tables.sql"
"public.is","34","C:\Users\DIYA GOEL\Downloads\EBDESIGN\backend\src\database\migrations\050_sms_auth_tables.sql","backend\src\database\migrations\050_sms_auth_tables.sql"
"public.is","34","C:\Users\DIYA GOEL\Downloads\EBDESIGN\backend\src\database\migrations\050_sms_auth_tables.sql","backend\src\database\migrations\050_sms_auth_tables.sql"
"public.is","34","C:\Users\DIYA GOEL\Downloads\EBDESIGN\backend\src\database\migrations\050_sms_auth_tables.sql","backend\src\database\migrations\050_sms_auth_tables.sql"
"public.profile_views","2","C:\Users\DIYA GOEL\Downloads\EBDESIGN\backend\src\database\migrations\3018_m018_privacy_controls.sql","backend\src\database\migrations\3018_m018_privacy_controls.sql"
"public.profile_views","2","C:\Users\DIYA GOEL\Downloads\EBDESIGN\backend\src\database\migrations\3019_m019_profile_management.sql","backend\src\database\migrations\3019_m019_profile_management.sql"
"public.profile_activity","2","C:\Users\DIYA GOEL\Downloads\EBDESIGN\backend\src\database\migrations\3018_m018_privacy_controls.sql","backend\src\database\migrations\3018_m018_privacy_controls.sql"
"public.profile_activity","2","C:\Users\DIYA GOEL\Downloads\EBDESIGN\backend\src\database\migrations\3019_m019_profile_management.sql","backend\src\database\migrations\3019_m019_profile_management.sql"
"public.customer_segments","2","C:\Users\DIYA GOEL\Downloads\EBDESIGN\backend\src\database\migrations\3102_ecommerce_ai_erp_business_marketing.sql","backend\src\database\migrations\3102_ecommerce_ai_erp_business_marketing.sql"
"public.customer_segments","2","C:\Users\DIYA GOEL\Downloads\EBDESIGN\backend\src\modules\M054\model.sql","backend\src\modules\M054\model.sql"
"public.journal_entries","2","C:\Users\DIYA GOEL\Downloads\EBDESIGN\backend\src\database\migrations\3102_ecommerce_ai_erp_business_marketing.sql","backend\src\database\migrations\3102_ecommerce_ai_erp_business_marketing.sql"
"public.journal_entries","2","C:\Users\DIYA GOEL\Downloads\EBDESIGN\backend\src\database\migrations\996_enterprise_foundation.sql","backend\src\database\migrations\996_enterprise_foundation.sql"
"public.purchase_orders","2","C:\Users\DIYA GOEL\Downloads\EBDESIGN\backend\src\database\migrations\3102_ecommerce_ai_erp_business_marketing.sql","backend\src\database\migrations\3102_ecommerce_ai_erp_business_marketing.sql"
"public.purchase_orders","2","C:\Users\DIYA GOEL\Downloads\EBDESIGN\backend\src\database\migrations\995_erp_process_layer.sql","backend\src\database\migrations\995_erp_process_layer.sql"
"public.production_orders","2","C:\Users\DIYA GOEL\Downloads\EBDESIGN\backend\src\database\migrations\3102_ecommerce_ai_erp_business_marketing.sql","backend\src\database\migrations\3102_ecommerce_ai_erp_business_marketing.sql"
"public.production_orders","2","C:\Users\DIYA GOEL\Downloads\EBDESIGN\backend\src\database\migrations\995_erp_process_layer.sql","backend\src\database\migrations\995_erp_process_layer.sql"
"public.promotions","2","C:\Users\DIYA GOEL\Downloads\EBDESIGN\backend\src\database\migrations\3102_ecommerce_ai_erp_business_marketing.sql","backend\src\database\migrations\3102_ecommerce_ai_erp_business_marketing.sql"
"public.promotions","2","C:\Users\DIYA GOEL\Downloads\EBDESIGN\backend\src\database\migrations\3200_hr_module_schema.sql","backend\src\database\migrations\3200_hr_module_schema.sql"
"public.cold_storage_bookings","2","C:\Users\DIYA GOEL\Downloads\EBDESIGN\backend\src\database\migrations\3104_cold_storage_schema.sql","backend\src\database\migrations\3104_cold_storage_schema.sql"
"public.cold_storage_bookings","2","C:\Users\DIYA GOEL\Downloads\EBDESIGN\backend\src\database\migrations\994_recovered_capabilities.sql","backend\src\database\migrations\994_recovered_capabilities.sql"
"public.departments","2","C:\Users\DIYA GOEL\Downloads\EBDESIGN\backend\src\database\migrations\3200_hr_module_schema.sql","backend\src\database\migrations\3200_hr_module_schema.sql"
"public.departments","2","C:\Users\DIYA GOEL\Downloads\EBDESIGN\backend\src\database\migrations\996_enterprise_foundation.sql","backend\src\database\migrations\996_enterprise_foundation.sql"
"public.training_programs","2","C:\Users\DIYA GOEL\Downloads\EBDESIGN\backend\src\database\migrations\3200_hr_module_schema.sql","backend\src\database\migrations\3200_hr_module_schema.sql"
"public.training_programs","2","C:\Users\DIYA GOEL\Downloads\EBDESIGN\backend\src\modules\M023\model.sql","backend\src\modules\M023\model.sql"
"public.statements","2","C:\Users\DIYA GOEL\Downloads\EBDESIGN\backend\src\database\migrations\991_aeos_folu_ne_policy.sql","backend\src\database\migrations\991_aeos_folu_ne_policy.sql"
"public.statements","2","C:\Users\DIYA GOEL\Downloads\EBDESIGN\backend\src\database\migrations\991_aeos_folu_ne_policy.sql","backend\src\database\migrations\991_aeos_folu_ne_policy.sql"
"public.feature_flags","2","C:\Users\DIYA GOEL\Downloads\EBDESIGN\backend\src\modules\M001\model.sql","backend\src\modules\M001\model.sql"
"public.feature_flags","2","C:\Users\DIYA GOEL\Downloads\EBDESIGN\backend\src\modules\M002\model.sql","backend\src\modules\M002\model.sql"
"public.equipment_inventory","2","C:\Users\DIYA GOEL\Downloads\EBDESIGN\backend\src\modules\M042\model.sql","backend\src\modules\M042\model.sql"
"public.equipment_inventory","2","C:\Users\DIYA GOEL\Downloads\EBDESIGN\backend\src\modules\M103\model.sql","backend\src\modules\M103\model.sql"
"public.water_usage_records","2","C:\Users\DIYA GOEL\Downloads\EBDESIGN\backend\src\modules\M076\model.sql","backend\src\modules\M076\model.sql"
"public.water_usage_records","2","C:\Users\DIYA GOEL\Downloads\EBDESIGN\backend\src\modules\M080\model.sql","backend\src\modules\M080\model.sql"
"public.water_sources","2","C:\Users\DIYA GOEL\Downloads\EBDESIGN\backend\src\modules\M077\model.sql","backend\src\modules\M077\model.sql"
"public.water_sources","2","C:\Users\DIYA GOEL\Downloads\EBDESIGN\backend\src\modules\M080\model.sql","backend\src\modules\M080\model.sql"
"public.dashboard_widgets","2","C:\Users\DIYA GOEL\Downloads\EBDESIGN\backend\src\modules\M081\model.sql","backend\src\modules\M081\model.sql"
"public.dashboard_widgets","2","C:\Users\DIYA GOEL\Downloads\EBDESIGN\backend\src\modules\M086\model.sql","backend\src\modules\M086\model.sql"
"public.alert_history","2","C:\Users\DIYA GOEL\Downloads\EBDESIGN\backend\src\modules\M086\model.sql","backend\src\modules\M086\model.sql"
"public.alert_history","2","C:\Users\DIYA GOEL\Downloads\EBDESIGN\backend\src\modules\M087\model.sql","backend\src\modules\M087\model.sql"
