"Method","Prefix","LocalPath","EffectiveURL","RouterFile","Variable","MountLine","RouteLine"
"GET","/api/v1/backend-modules/M041","/villages","/api/v1/backend-modules/M041/villages","C:\Users\DIYA GOEL\Downloads\EBDESIGN\backend\src\modules\M041\routes.js","M041VillageERPRoutes","1120","10"
"GET","/api/v1/backend-modules/M041","/villages/:villageId","/api/v1/backend-modules/M041/villages/:villageId","C:\Users\DIYA GOEL\Downloads\EBDESIGN\backend\src\modules\M041\routes.js","M041VillageERPRoutes","1120","11"
"POST","/api/v1/backend-modules/M041","/villages","/api/v1/backend-modules/M041/villages","C:\Users\DIYA GOEL\Downloads\EBDESIGN\backend\src\modules\M041\routes.js","M041VillageERPRoutes","1120","12"
"PUT","/api/v1/backend-modules/M041","/villages/:villageId","/api/v1/backend-modules/M041/villages/:villageId","C:\Users\DIYA GOEL\Downloads\EBDESIGN\backend\src\modules\M041\routes.js","M041VillageERPRoutes","1120","13"
"DELETE","/api/v1/backend-modules/M041","/villages/:villageId","/api/v1/backend-modules/M041/villages/:villageId","C:\Users\DIYA GOEL\Downloads\EBDESIGN\backend\src\modules\M041\routes.js","M041VillageERPRoutes","1120","14"
"POST","/api/v1/backend-modules/M041","/villages/:villageId/resources","/api/v1/backend-modules/M041/villages/:villageId/resources","C:\Users\DIYA GOEL\Downloads\EBDESIGN\backend\src\modules\M041\routes.js","M041VillageERPRoutes","1120","15"
"GET","/api/v1/backend-modules/M041","/villages/:villageId/analytics","/api/v1/backend-modules/M041/villages/:villageId/analytics","C:\Users\DIYA GOEL\Downloads\EBDESIGN\backend\src\modules\M041\routes.js","M041VillageERPRoutes","1120","16"
"GET","/api/v1/backend-modules/M041","/districts/:district/summary","/api/v1/backend-modules/M041/districts/:district/summary","C:\Users\DIYA GOEL\Downloads\EBDESIGN\backend\src\modules\M041\routes.js","M041VillageERPRoutes","1120","17"
"GET","/api/v1/backend-modules/M041","/villages/:villageId/geolocation","/api/v1/backend-modules/M041/villages/:villageId/geolocation","C:\Users\DIYA GOEL\Downloads\EBDESIGN\backend\src\modules\M041\routes.js","M041VillageERPRoutes","1120","20"
"PUT","/api/v1/backend-modules/M041","/villages/:villageId/geolocation","/api/v1/backend-modules/M041/villages/:villageId/geolocation","C:\Users\DIYA GOEL\Downloads\EBDESIGN\backend\src\modules\M041\routes.js","M041VillageERPRoutes","1120","21"
"GET","/api/v1/backend-modules/M041","/villages/:villageId/logistics/nearest","/api/v1/backend-modules/M041/villages/:villageId/logistics/nearest","C:\Users\DIYA GOEL\Downloads\EBDESIGN\backend\src\modules\M041\routes.js","M041VillageERPRoutes","1120","22"
"POST","/api/v1/backend-modules/M041","/logistics/facilities","/api/v1/backend-modules/M041/logistics/facilities","C:\Users\DIYA GOEL\Downloads\EBDESIGN\backend\src\modules\M041\routes.js","M041VillageERPRoutes","1120","23"
"GET","/api/v1/backend-modules/M041","/villages/:villageId/economy/balance","/api/v1/backend-modules/M041/villages/:villageId/economy/balance","C:\Users\DIYA GOEL\Downloads\EBDESIGN\backend\src\modules\M041\routes.js","M041VillageERPRoutes","1120","26"
"POST","/api/v1/backend-modules/M041","/villages/:villageId/economy/production","/api/v1/backend-modules/M041/villages/:villageId/economy/production","C:\Users\DIYA GOEL\Downloads\EBDESIGN\backend\src\modules\M041\routes.js","M041VillageERPRoutes","1120","27"
"POST","/api/v1/backend-modules/M041","/villages/:villageId/economy/flows","/api/v1/backend-modules/M041/villages/:villageId/economy/flows","C:\Users\DIYA GOEL\Downloads\EBDESIGN\backend\src\modules\M041\routes.js","M041VillageERPRoutes","1120","28"
"GET","/api/v1/backend-modules/M041","/villages/:villageId/economy/production-potential","/api/v1/backend-modules/M041/villages/:villageId/economy/production-potential","C:\Users\DIYA GOEL\Downloads\EBDESIGN\backend\src\modules\M041\routes.js","M041VillageERPRoutes","1120","31"
"PUT","/api/v1/backend-modules/M041","/villages/:villageId/economy/production-potential","/api/v1/backend-modules/M041/villages/:villageId/economy/production-potential","C:\Users\DIYA GOEL\Downloads\EBDESIGN\backend\src\modules\M041\routes.js","M041VillageERPRoutes","1120","32"
"GET","/api/v1/backend-modules/M041","/supply-catalog","/api/v1/backend-modules/M041/supply-catalog","C:\Users\DIYA GOEL\Downloads\EBDESIGN\backend\src\modules\M041\routes.js","M041VillageERPRoutes","1120","35"
"POST","/api/v1/backend-modules/M041","/supply-catalog","/api/v1/backend-modules/M041/supply-catalog","C:\Users\DIYA GOEL\Downloads\EBDESIGN\backend\src\modules\M041\routes.js","M041VillageERPRoutes","1120","36"
"POST","/api/v1/backend-modules/M041","/villages/:villageId/external-demand","/api/v1/backend-modules/M041/villages/:villageId/external-demand","C:\Users\DIYA GOEL\Downloads\EBDESIGN\backend\src\modules\M041\routes.js","M041VillageERPRoutes","1120","37"
"GET","/api/v1/backend-modules/M041","/villages/:villageId/external-supply-plan","/api/v1/backend-modules/M041/villages/:villageId/external-supply-plan","C:\Users\DIYA GOEL\Downloads\EBDESIGN\backend\src\modules\M041\routes.js","M041VillageERPRoutes","1120","38"
"POST","/api/v1/backend-modules/M041","/villages/:villageId/supply-orders","/api/v1/backend-modules/M041/villages/:villageId/supply-orders","C:\Users\DIYA GOEL\Downloads\EBDESIGN\backend\src\modules\M041\routes.js","M041VillageERPRoutes","1120","39"
"GET","/api/v1/backend-modules/M041","/villages/:villageId/supply-orders","/api/v1/backend-modules/M041/villages/:villageId/supply-orders","C:\Users\DIYA GOEL\Downloads\EBDESIGN\backend\src\modules\M041\routes.js","M041VillageERPRoutes","1120","40"
"POST","/api/v1/backend-modules/M041","/supply-orders/:orderId/lines","/api/v1/backend-modules/M041/supply-orders/:orderId/lines","C:\Users\DIYA GOEL\Downloads\EBDESIGN\backend\src\modules\M041\routes.js","M041VillageERPRoutes","1120","41"
"PATCH","/api/v1/backend-modules/M041","/supply-orders/:orderId","/api/v1/backend-modules/M041/supply-orders/:orderId","C:\Users\DIYA GOEL\Downloads\EBDESIGN\backend\src\modules\M041\routes.js","M041VillageERPRoutes","1120","42"
"GET","/api/v1/backend-modules/M041","/villages/:villageId/ai/supply-context","/api/v1/backend-modules/M041/villages/:villageId/ai/supply-context","C:\Users\DIYA GOEL\Downloads\EBDESIGN\backend\src\modules\M041\routes.js","M041VillageERPRoutes","1120","43"
"GET","/api/v1/backend-modules/M041","/villages/:villageId/finance","/api/v1/backend-modules/M041/villages/:villageId/finance","C:\Users\DIYA GOEL\Downloads\EBDESIGN\backend\src\modules\M041\routes.js","M041VillageERPRoutes","1120","46"
"POST","/api/v1/backend-modules/M041","/villages/:villageId/finance/initialize","/api/v1/backend-modules/M041/villages/:villageId/finance/initialize","C:\Users\DIYA GOEL\Downloads\EBDESIGN\backend\src\modules\M041\routes.js","M041VillageERPRoutes","1120","47"
"POST","/api/v1/backend-modules/M041","/villages/:villageId/finance/journal","/api/v1/backend-modules/M041/villages/:villageId/finance/journal","C:\Users\DIYA GOEL\Downloads\EBDESIGN\backend\src\modules\M041\routes.js","M041VillageERPRoutes","1120","48"
"GET","/api/v1/backend-modules/M041","/villages/:villageId/households","/api/v1/backend-modules/M041/villages/:villageId/households","C:\Users\DIYA GOEL\Downloads\EBDESIGN\backend\src\modules\M041\routes.js","M041VillageERPRoutes","1120","51"
"POST","/api/v1/backend-modules/M041","/villages/:villageId/households","/api/v1/backend-modules/M041/villages/:villageId/households","C:\Users\DIYA GOEL\Downloads\EBDESIGN\backend\src\modules\M041\routes.js","M041VillageERPRoutes","1120","52"
"POST","/api/v1/backend-modules/M041","/households/:householdId/members","/api/v1/backend-modules/M041/households/:householdId/members","C:\Users\DIYA GOEL\Downloads\EBDESIGN\backend\src\modules\M041\routes.js","M041VillageERPRoutes","1120","53"
"GET","/api/v1/backend-modules/M041","/villages/:villageId/enterprises","/api/v1/backend-modules/M041/villages/:villageId/enterprises","C:\Users\DIYA GOEL\Downloads\EBDESIGN\backend\src\modules\M041\routes.js","M041VillageERPRoutes","1120","54"
"POST","/api/v1/backend-modules/M041","/villages/:villageId/enterprises","/api/v1/backend-modules/M041/villages/:villageId/enterprises","C:\Users\DIYA GOEL\Downloads\EBDESIGN\backend\src\modules\M041\routes.js","M041VillageERPRoutes","1120","55"
"GET","/api/v1/backend-modules/M041","/villages/:villageId/budgets","/api/v1/backend-modules/M041/villages/:villageId/budgets","C:\Users\DIYA GOEL\Downloads\EBDESIGN\backend\src\modules\M041\routes.js","M041VillageERPRoutes","1120","56"
"POST","/api/v1/backend-modules/M041","/villages/:villageId/budgets","/api/v1/backend-modules/M041/villages/:villageId/budgets","C:\Users\DIYA GOEL\Downloads\EBDESIGN\backend\src\modules\M041\routes.js","M041VillageERPRoutes","1120","57"
"GET","/api/v1/backend-modules/M041","/villages/:villageId/erp-overview","/api/v1/backend-modules/M041/villages/:villageId/erp-overview","C:\Users\DIYA GOEL\Downloads\EBDESIGN\backend\src\modules\M041\routes.js","M041VillageERPRoutes","1120","58"
"GET","/api/v1/backend-modules/M041","/villages/:villageId/dashboard","/api/v1/backend-modules/M041/villages/:villageId/dashboard","C:\Users\DIYA GOEL\Downloads\EBDESIGN\backend\src\modules\M041\routes.js","M041VillageERPRoutes","1120","61"
"POST","/api/v1/backend-modules/M041","/villages/:villageId/kpis","/api/v1/backend-modules/M041/villages/:villageId/kpis","C:\Users\DIYA GOEL\Downloads\EBDESIGN\backend\src\modules\M041\routes.js","M041VillageERPRoutes","1120","62"
"POST","/api/v1/backend-modules/M041","/villages/:villageId/tasks","/api/v1/backend-modules/M041/villages/:villageId/tasks","C:\Users\DIYA GOEL\Downloads\EBDESIGN\backend\src\modules\M041\routes.js","M041VillageERPRoutes","1120","63"
"PATCH","/api/v1/backend-modules/M041","/village-tasks/:taskId","/api/v1/backend-modules/M041/village-tasks/:taskId","C:\Users\DIYA GOEL\Downloads\EBDESIGN\backend\src\modules\M041\routes.js","M041VillageERPRoutes","1120","64"
"POST","/api/v1/backend-modules/M041","/villages/:villageId/ai/insights","/api/v1/backend-modules/M041/villages/:villageId/ai/insights","C:\Users\DIYA GOEL\Downloads\EBDESIGN\backend\src\modules\M041\routes.js","M041VillageERPRoutes","1120","67"
"GET","/api/v1/backend-modules/M041","/villages/:villageId/projects","/api/v1/backend-modules/M041/villages/:villageId/projects","C:\Users\DIYA GOEL\Downloads\EBDESIGN\backend\src\modules\M041\routes.js","M041VillageERPRoutes","1120","70"
"POST","/api/v1/backend-modules/M041","/villages/:villageId/projects","/api/v1/backend-modules/M041/villages/:villageId/projects","C:\Users\DIYA GOEL\Downloads\EBDESIGN\backend\src\modules\M041\routes.js","M041VillageERPRoutes","1120","71"
"GET","/api/v1/backend-modules/M041","/projects/:projectId","/api/v1/backend-modules/M041/projects/:projectId","C:\Users\DIYA GOEL\Downloads\EBDESIGN\backend\src\modules\M041\routes.js","M041VillageERPRoutes","1120","72"
"POST","/api/v1/backend-modules/M041","/projects/:projectId/estimates","/api/v1/backend-modules/M041/projects/:projectId/estimates","C:\Users\DIYA GOEL\Downloads\EBDESIGN\backend\src\modules\M041\routes.js","M041VillageERPRoutes","1120","73"
"POST","/api/v1/backend-modules/M041","/projects/:projectId/funding-sources","/api/v1/backend-modules/M041/projects/:projectId/funding-sources","C:\Users\DIYA GOEL\Downloads\EBDESIGN\backend\src\modules\M041\routes.js","M041VillageERPRoutes","1120","74"
"POST","/api/v1/backend-modules/M041","/projects/:projectId/subsidy-matches","/api/v1/backend-modules/M041/projects/:projectId/subsidy-matches","C:\Users\DIYA GOEL\Downloads\EBDESIGN\backend\src\modules\M041\routes.js","M041VillageERPRoutes","1120","75"
"GET","/api/v1/backend-modules/M041","/projects/:projectId/subsidy-ai-context","/api/v1/backend-modules/M041/projects/:projectId/subsidy-ai-context","C:\Users\DIYA GOEL\Downloads\EBDESIGN\backend\src\modules\M041\routes.js","M041VillageERPRoutes","1120","76"
"POST","/api/v1/backend-modules/M041","/scheme-catalogue","/api/v1/backend-modules/M041/scheme-catalogue","C:\Users\DIYA GOEL\Downloads\EBDESIGN\backend\src\modules\M041\routes.js","M041VillageERPRoutes","1120","77"
"GET","/api/v1/backend-modules/M041","/villages/:villageId/completeness","/api/v1/backend-modules/M041/villages/:villageId/completeness","C:\Users\DIYA GOEL\Downloads\EBDESIGN\backend\src\modules\M041\routes.js","M041VillageERPRoutes","1120","80"
"GET","/api/v1/backend-modules/M041","/villages/:villageId/infrastructure-profile","/api/v1/backend-modules/M041/villages/:villageId/infrastructure-profile","C:\Users\DIYA GOEL\Downloads\EBDESIGN\backend\src\modules\M041\routes.js","M041VillageERPRoutes","1120","81"
"GET","/api/v1/backend-modules/M041","/villages/:villageId/readiness","/api/v1/backend-modules/M041/villages/:villageId/readiness","C:\Users\DIYA GOEL\Downloads\EBDESIGN\backend\src\modules\M041\routes.js","M041VillageERPRoutes","1120","82"
"POST","/api/v1/backend-modules/M002","/configurations","/api/v1/backend-modules/M002/configurations","C:\Users\DIYA GOEL\Downloads\EBDESIGN\backend\src\modules\M002\routes.js","finalBatchModuleM002Routes","1121","6"
"GET","/api/v1/backend-modules/M002","/configurations/:key","/api/v1/backend-modules/M002/configurations/:key","C:\Users\DIYA GOEL\Downloads\EBDESIGN\backend\src\modules\M002\routes.js","finalBatchModuleM002Routes","1121","7"
"PUT","/api/v1/backend-modules/M002","/configurations/:id","/api/v1/backend-modules/M002/configurations/:id","C:\Users\DIYA GOEL\Downloads\EBDESIGN\backend\src\modules\M002\routes.js","finalBatchModuleM002Routes","1121","8"
"POST","/api/v1/backend-modules/M002","/configurations/bulk","/api/v1/backend-modules/M002/configurations/bulk","C:\Users\DIYA GOEL\Downloads\EBDESIGN\backend\src\modules\M002\routes.js","finalBatchModuleM002Routes","1121","9"
"GET","/api/v1/backend-modules/M002","/configurations/:id/history","/api/v1/backend-modules/M002/configurations/:id/history","C:\Users\DIYA GOEL\Downloads\EBDESIGN\backend\src\modules\M002\routes.js","finalBatchModuleM002Routes","1121","10"
"POST","/api/v1/backend-modules/M003","/tenants","/api/v1/backend-modules/M003/tenants","C:\Users\DIYA GOEL\Downloads\EBDESIGN\backend\src\modules\M003\routes.js","finalBatchModuleM003Routes","1122","6"
"GET","/api/v1/backend-modules/M003","/tenants/:id","/api/v1/backend-modules/M003/tenants/:id","C:\Users\DIYA GOEL\Downloads\EBDESIGN\backend\src\modules\M003\routes.js","finalBatchModuleM003Routes","1122","7"
"PUT","/api/v1/backend-modules/M003","/tenants/:id","/api/v1/backend-modules/M003/tenants/:id","C:\Users\DIYA GOEL\Downloads\EBDESIGN\backend\src\modules\M003\routes.js","finalBatchModuleM003Routes","1122","8"
"GET","/api/v1/backend-modules/M003","/tenants/:id/usage","/api/v1/backend-modules/M003/tenants/:id/usage","C:\Users\DIYA GOEL\Downloads\EBDESIGN\backend\src\modules\M003\routes.js","finalBatchModuleM003Routes","1122","9"
"GET","/api/v1/backend-modules/M003","/tenants","/api/v1/backend-modules/M003/tenants","C:\Users\DIYA GOEL\Downloads\EBDESIGN\backend\src\modules\M003\routes.js","finalBatchModuleM003Routes","1122","10"
"POST","/api/v1/backend-modules/M004","/organizations","/api/v1/backend-modules/M004/organizations","C:\Users\DIYA GOEL\Downloads\EBDESIGN\backend\src\modules\M004\routes.js","finalBatchModuleM004Routes","1123","6"
"GET","/api/v1/backend-modules/M004","/organizations/:id","/api/v1/backend-modules/M004/organizations/:id","C:\Users\DIYA GOEL\Downloads\EBDESIGN\backend\src\modules\M004\routes.js","finalBatchModuleM004Routes","1123","7"
"PUT","/api/v1/backend-modules/M004","/organizations/:id","/api/v1/backend-modules/M004/organizations/:id","C:\Users\DIYA GOEL\Downloads\EBDESIGN\backend\src\modules\M004\routes.js","finalBatchModuleM004Routes","1123","8"
"GET","/api/v1/backend-modules/M004","/organizations","/api/v1/backend-modules/M004/organizations","C:\Users\DIYA GOEL\Downloads\EBDESIGN\backend\src\modules\M004\routes.js","finalBatchModuleM004Routes","1123","9"
"POST","/api/v1/backend-modules/M005","/environments","/api/v1/backend-modules/M005/environments","C:\Users\DIYA GOEL\Downloads\EBDESIGN\backend\src\modules\M005\routes.js","finalBatchModuleM005Routes","1124","6"
"GET","/api/v1/backend-modules/M005","/environments/:id","/api/v1/backend-modules/M005/environments/:id","C:\Users\DIYA GOEL\Downloads\EBDESIGN\backend\src\modules\M005\routes.js","finalBatchModuleM005Routes","1124","7"
"PUT","/api/v1/backend-modules/M005","/environments/:id","/api/v1/backend-modules/M005/environments/:id","C:\Users\DIYA GOEL\Downloads\EBDESIGN\backend\src\modules\M005\routes.js","finalBatchModuleM005Routes","1124","8"
"GET","/api/v1/backend-modules/M005","/environments","/api/v1/backend-modules/M005/environments","C:\Users\DIYA GOEL\Downloads\EBDESIGN\backend\src\modules\M005\routes.js","finalBatchModuleM005Routes","1124","9"
"GET","/api/v1/backend-modules/M006","/settings","/api/v1/backend-modules/M006/settings","C:\Users\DIYA GOEL\Downloads\EBDESIGN\backend\src\modules\M006\routes.js","finalBatchModuleM006Routes","1125","7"
"GET","/api/v1/backend-modules/M006","/settings/:name","/api/v1/backend-modules/M006/settings/:name","C:\Users\DIYA GOEL\Downloads\EBDESIGN\backend\src\modules\M006\routes.js","finalBatchModuleM006Routes","1125","8"
"PUT","/api/v1/backend-modules/M006","/settings/:name","/api/v1/backend-modules/M006/settings/:name","C:\Users\DIYA GOEL\Downloads\EBDESIGN\backend\src\modules\M006\routes.js","finalBatchModuleM006Routes","1125","9"
"POST","/api/v1/backend-modules/M006","/audit","/api/v1/backend-modules/M006/audit","C:\Users\DIYA GOEL\Downloads\EBDESIGN\backend\src\modules\M006\routes.js","finalBatchModuleM006Routes","1125","12"
"GET","/api/v1/backend-modules/M006","/analytics","/api/v1/backend-modules/M006/analytics","C:\Users\DIYA GOEL\Downloads\EBDESIGN\backend\src\modules\M006\routes.js","finalBatchModuleM006Routes","1125","15"
"GET","/api/v1/backend-modules/M006","/anomalies","/api/v1/backend-modules/M006/anomalies","C:\Users\DIYA GOEL\Downloads\EBDESIGN\backend\src\modules\M006\routes.js","finalBatchModuleM006Routes","1125","16"
"GET","/api/v1/backend-modules/M006","/predictive-maintenance","/api/v1/backend-modules/M006/predictive-maintenance","C:\Users\DIYA GOEL\Downloads\EBDESIGN\backend\src\modules\M006\routes.js","finalBatchModuleM006Routes","1125","17"
"GET","/api/v1/backend-modules/M007","/roles","/api/v1/backend-modules/M007/roles","C:\Users\DIYA GOEL\Downloads\EBDESIGN\backend\src\modules\M007\routes.js","finalBatchModuleM007Routes","1126","7"
"GET","/api/v1/backend-modules/M007","/roles/:id","/api/v1/backend-modules/M007/roles/:id","C:\Users\DIYA GOEL\Downloads\EBDESIGN\backend\src\modules\M007\routes.js","finalBatchModuleM007Routes","1126","8"
"POST","/api/v1/backend-modules/M007","/roles","/api/v1/backend-modules/M007/roles","C:\Users\DIYA GOEL\Downloads\EBDESIGN\backend\src\modules\M007\routes.js","finalBatchModuleM007Routes","1126","9"
"PUT","/api/v1/backend-modules/M007","/roles/:id","/api/v1/backend-modules/M007/roles/:id","C:\Users\DIYA GOEL\Downloads\EBDESIGN\backend\src\modules\M007\routes.js","finalBatchModuleM007Routes","1126","10"
"DELETE","/api/v1/backend-modules/M007","/roles/:id","/api/v1/backend-modules/M007/roles/:id","C:\Users\DIYA GOEL\Downloads\EBDESIGN\backend\src\modules\M007\routes.js","finalBatchModuleM007Routes","1126","11"
"GET","/api/v1/backend-modules/M007","/permissions","/api/v1/backend-modules/M007/permissions","C:\Users\DIYA GOEL\Downloads\EBDESIGN\backend\src\modules\M007\routes.js","finalBatchModuleM007Routes","1126","14"
"POST","/api/v1/backend-modules/M007","/permissions","/api/v1/backend-modules/M007/permissions","C:\Users\DIYA GOEL\Downloads\EBDESIGN\backend\src\modules\M007\routes.js","finalBatchModuleM007Routes","1126","15"
"POST","/api/v1/backend-modules/M007","/assign-role","/api/v1/backend-modules/M007/assign-role","C:\Users\DIYA GOEL\Downloads\EBDESIGN\backend\src\modules\M007\routes.js","finalBatchModuleM007Routes","1126","18"
"POST","/api/v1/backend-modules/M007","/remove-role","/api/v1/backend-modules/M007/remove-role","C:\Users\DIYA GOEL\Downloads\EBDESIGN\backend\src\modules\M007\routes.js","finalBatchModuleM007Routes","1126","19"
"GET","/api/v1/backend-modules/M007","/users/:userId/roles","/api/v1/backend-modules/M007/users/:userId/roles","C:\Users\DIYA GOEL\Downloads\EBDESIGN\backend\src\modules\M007\routes.js","finalBatchModuleM007Routes","1126","20"
"GET","/api/v1/backend-modules/M007","/users/:userId/permissions","/api/v1/backend-modules/M007/users/:userId/permissions","C:\Users\DIYA GOEL\Downloads\EBDESIGN\backend\src\modules\M007\routes.js","finalBatchModuleM007Routes","1126","21"
"GET","/api/v1/backend-modules/M007","/users/:userId/recommend-role","/api/v1/backend-modules/M007/users/:userId/recommend-role","C:\Users\DIYA GOEL\Downloads\EBDESIGN\backend\src\modules\M007\routes.js","finalBatchModuleM007Routes","1126","24"
"GET","/api/v1/backend-modules/M007","/permission-matrix","/api/v1/backend-modules/M007/permission-matrix","C:\Users\DIYA GOEL\Downloads\EBDESIGN\backend\src\modules\M007\routes.js","finalBatchModuleM007Routes","1126","25"
"GET","/api/v1/backend-modules/M007","/role-hierarchy","/api/v1/backend-modules/M007/role-hierarchy","C:\Users\DIYA GOEL\Downloads\EBDESIGN\backend\src\modules\M007\routes.js","finalBatchModuleM007Routes","1126","26"
"POST","/api/v1/backend-modules/M008","/logs","/api/v1/backend-modules/M008/logs","C:\Users\DIYA GOEL\Downloads\EBDESIGN\backend\src\modules\M008\routes.js","finalBatchModuleM008Routes","1127","7"
"GET","/api/v1/backend-modules/M008","/logs","/api/v1/backend-modules/M008/logs","C:\Users\DIYA GOEL\Downloads\EBDESIGN\backend\src\modules\M008\routes.js","finalBatchModuleM008Routes","1127","8"
"GET","/api/v1/backend-modules/M008","/logs/:id","/api/v1/backend-modules/M008/logs/:id","C:\Users\DIYA GOEL\Downloads\EBDESIGN\backend\src\modules\M008\routes.js","finalBatchModuleM008Routes","1127","9"
"GET","/api/v1/backend-modules/M008","/logs/:id/verify","/api/v1/backend-modules/M008/logs/:id/verify","C:\Users\DIYA GOEL\Downloads\EBDESIGN\backend\src\modules\M008\routes.js","finalBatchModuleM008Routes","1127","12"
"POST","/api/v1/backend-modules/M008","/compliance-rules","/api/v1/backend-modules/M008/compliance-rules","C:\Users\DIYA GOEL\Downloads\EBDESIGN\backend\src\modules\M008\routes.js","finalBatchModuleM008Routes","1127","15"
"GET","/api/v1/backend-modules/M008","/compliance-rules","/api/v1/backend-modules/M008/compliance-rules","C:\Users\DIYA GOEL\Downloads\EBDESIGN\backend\src\modules\M008\routes.js","finalBatchModuleM008Routes","1127","16"
"GET","/api/v1/backend-modules/M008","/users/:userId/compliance","/api/v1/backend-modules/M008/users/:userId/compliance","C:\Users\DIYA GOEL\Downloads\EBDESIGN\backend\src\modules\M008\routes.js","finalBatchModuleM008Routes","1127","17"
"GET","/api/v1/backend-modules/M008","/reports/compliance","/api/v1/backend-modules/M008/reports/compliance","C:\Users\DIYA GOEL\Downloads\EBDESIGN\backend\src\modules\M008\routes.js","finalBatchModuleM008Routes","1127","20"
"GET","/api/v1/backend-modules/M008","/anomalies","/api/v1/backend-modules/M008/anomalies","C:\Users\DIYA GOEL\Downloads\EBDESIGN\backend\src\modules\M008\routes.js","finalBatchModuleM008Routes","1127","23"
"POST","/api/v1/backend-modules/M009","/events","/api/v1/backend-modules/M009/events","C:\Users\DIYA GOEL\Downloads\EBDESIGN\backend\src\modules\M009\routes.js","finalBatchModuleM009Routes","1128","7"
"GET","/api/v1/backend-modules/M009","/events","/api/v1/backend-modules/M009/events","C:\Users\DIYA GOEL\Downloads\EBDESIGN\backend\src\modules\M009\routes.js","finalBatchModuleM009Routes","1128","8"
"POST","/api/v1/backend-modules/M009","/ip-list","/api/v1/backend-modules/M009/ip-list","C:\Users\DIYA GOEL\Downloads\EBDESIGN\backend\src\modules\M009\routes.js","finalBatchModuleM009Routes","1128","11"
"DELETE","/api/v1/backend-modules/M009","/ip-list","/api/v1/backend-modules/M009/ip-list","C:\Users\DIYA GOEL\Downloads\EBDESIGN\backend\src\modules\M009\routes.js","finalBatchModuleM009Routes","1128","12"
"GET","/api/v1/backend-modules/M009","/ip-list/:listType","/api/v1/backend-modules/M009/ip-list/:listType","C:\Users\DIYA GOEL\Downloads\EBDESIGN\backend\src\modules\M009\routes.js","finalBatchModuleM009Routes","1128","13"
"POST","/api/v1/backend-modules/M009","/ip-list/check","/api/v1/backend-modules/M009/ip-list/check","C:\Users\DIYA GOEL\Downloads\EBDESIGN\backend\src\modules\M009\routes.js","finalBatchModuleM009Routes","1128","14"
"POST","/api/v1/backend-modules/M009","/rate-limit/check","/api/v1/backend-modules/M009/rate-limit/check","C:\Users\DIYA GOEL\Downloads\EBDESIGN\backend\src\modules\M009\routes.js","finalBatchModuleM009Routes","1128","17"
"GET","/api/v1/backend-modules/M009","/threats/detect","/api/v1/backend-modules/M009/threats/detect","C:\Users\DIYA GOEL\Downloads\EBDESIGN\backend\src\modules\M009\routes.js","finalBatchModuleM009Routes","1128","20"
"GET","/api/v1/backend-modules/M009","/users/:userId/security-score","/api/v1/backend-modules/M009/users/:userId/security-score","C:\Users\DIYA GOEL\Downloads\EBDESIGN\backend\src\modules\M009\routes.js","finalBatchModuleM009Routes","1128","23"
"POST","/api/v1/backend-modules/M009","/policies","/api/v1/backend-modules/M009/policies","C:\Users\DIYA GOEL\Downloads\EBDESIGN\backend\src\modules\M009\routes.js","finalBatchModuleM009Routes","1128","26"
"POST","/api/v1/backend-modules/M009","/policies/evaluate","/api/v1/backend-modules/M009/policies/evaluate","C:\Users\DIYA GOEL\Downloads\EBDESIGN\backend\src\modules\M009\routes.js","finalBatchModuleM009Routes","1128","27"
"POST","/api/v1/backend-modules/M010","/notifications","/api/v1/backend-modules/M010/notifications","C:\Users\DIYA GOEL\Downloads\EBDESIGN\backend\src\modules\M010\routes.js","finalBatchModuleM010Routes","1129","7"
"GET","/api/v1/backend-modules/M010","/notifications","/api/v1/backend-modules/M010/notifications","C:\Users\DIYA GOEL\Downloads\EBDESIGN\backend\src\modules\M010\routes.js","finalBatchModuleM010Routes","1129","8"
"GET","/api/v1/backend-modules/M010","/notifications/:id","/api/v1/backend-modules/M010/notifications/:id","C:\Users\DIYA GOEL\Downloads\EBDESIGN\backend\src\modules\M010\routes.js","finalBatchModuleM010Routes","1129","9"
"PUT","/api/v1/backend-modules/M010","/notifications/:id/read","/api/v1/backend-modules/M010/notifications/:id/read","C:\Users\DIYA GOEL\Downloads\EBDESIGN\backend\src\modules\M010\routes.js","finalBatchModuleM010Routes","1129","10"
"PUT","/api/v1/backend-modules/M010","/notifications/read-all","/api/v1/backend-modules/M010/notifications/read-all","C:\Users\DIYA GOEL\Downloads\EBDESIGN\backend\src\modules\M010\routes.js","finalBatchModuleM010Routes","1129","11"
"POST","/api/v1/backend-modules/M010","/notifications/:id/deliver","/api/v1/backend-modules/M010/notifications/:id/deliver","C:\Users\DIYA GOEL\Downloads\EBDESIGN\backend\src\modules\M010\routes.js","finalBatchModuleM010Routes","1129","14"
"GET","/api/v1/backend-modules/M010","/preferences/:userId","/api/v1/backend-modules/M010/preferences/:userId","C:\Users\DIYA GOEL\Downloads\EBDESIGN\backend\src\modules\M010\routes.js","finalBatchModuleM010Routes","1129","17"
"GET","/api/v1/backend-modules/M010","/preferences","/api/v1/backend-modules/M010/preferences","C:\Users\DIYA GOEL\Downloads\EBDESIGN\backend\src\modules\M010\routes.js","finalBatchModuleM010Routes","1129","18"
"PUT","/api/v1/backend-modules/M010","/preferences","/api/v1/backend-modules/M010/preferences","C:\Users\DIYA GOEL\Downloads\EBDESIGN\backend\src\modules\M010\routes.js","finalBatchModuleM010Routes","1129","19"
"POST","/api/v1/backend-modules/M010","/templates","/api/v1/backend-modules/M010/templates","C:\Users\DIYA GOEL\Downloads\EBDESIGN\backend\src\modules\M010\routes.js","finalBatchModuleM010Routes","1129","22"
"GET","/api/v1/backend-modules/M010","/templates","/api/v1/backend-modules/M010/templates","C:\Users\DIYA GOEL\Downloads\EBDESIGN\backend\src\modules\M010\routes.js","finalBatchModuleM010Routes","1129","23"
"POST","/api/v1/backend-modules/M010","/templates/render","/api/v1/backend-modules/M010/templates/render","C:\Users\DIYA GOEL\Downloads\EBDESIGN\backend\src\modules\M010\routes.js","finalBatchModuleM010Routes","1129","24"
"POST","/api/v1/backend-modules/M010","/batch","/api/v1/backend-modules/M010/batch","C:\Users\DIYA GOEL\Downloads\EBDESIGN\backend\src\modules\M010\routes.js","finalBatchModuleM010Routes","1129","27"
"GET","/api/v1/backend-modules/M010","/analytics","/api/v1/backend-modules/M010/analytics","C:\Users\DIYA GOEL\Downloads\EBDESIGN\backend\src\modules\M010\routes.js","finalBatchModuleM010Routes","1129","30"
"GET","/api/v1/backend-modules/M011","/","/api/v1/backend-modules/M011/","C:\Users\DIYA GOEL\Downloads\EBDESIGN\backend\src\modules\M011\routes.js","finalBatchModuleM011Routes","1130","8"
"POST","/api/v1/backend-modules/M011","/","/api/v1/backend-modules/M011/","C:\Users\DIYA GOEL\Downloads\EBDESIGN\backend\src\modules\M011\routes.js","finalBatchModuleM011Routes","1130","10"
"GET","/api/v1/backend-modules/M011","/:id","/api/v1/backend-modules/M011/:id","C:\Users\DIYA GOEL\Downloads\EBDESIGN\backend\src\modules\M011\routes.js","finalBatchModuleM011Routes","1130","12"
"PUT","/api/v1/backend-modules/M011","/:id","/api/v1/backend-modules/M011/:id","C:\Users\DIYA GOEL\Downloads\EBDESIGN\backend\src\modules\M011\routes.js","finalBatchModuleM011Routes","1130","14"
"DELETE","/api/v1/backend-modules/M011","/:id","/api/v1/backend-modules/M011/:id","C:\Users\DIYA GOEL\Downloads\EBDESIGN\backend\src\modules\M011\routes.js","finalBatchModuleM011Routes","1130","16"
"GET","/api/v1/backend-modules/M011","/:userId/analytics","/api/v1/backend-modules/M011/:userId/analytics","C:\Users\DIYA GOEL\Downloads\EBDESIGN\backend\src\modules\M011\routes.js","finalBatchModuleM011Routes","1130","19"
"GET","/api/v1/backend-modules/M011","/:userId/activity","/api/v1/backend-modules/M011/:userId/activity","C:\Users\DIYA GOEL\Downloads\EBDESIGN\backend\src\modules\M011\routes.js","finalBatchModuleM011Routes","1130","20"
"GET","/api/v1/backend-modules/M011","/:userId/engagement-score","/api/v1/backend-modules/M011/:userId/engagement-score","C:\Users\DIYA GOEL\Downloads\EBDESIGN\backend\src\modules\M011\routes.js","finalBatchModuleM011Routes","1130","21"
"GET","/api/v1/backend-modules/M011","/:userId/behavior-profile","/api/v1/backend-modules/M011/:userId/behavior-profile","C:\Users\DIYA GOEL\Downloads\EBDESIGN\backend\src\modules\M011\routes.js","finalBatchModuleM011Routes","1130","22"
"POST","/api/v1/backend-modules/M011","/bulk-create","/api/v1/backend-modules/M011/bulk-create","C:\Users\DIYA GOEL\Downloads\EBDESIGN\backend\src\modules\M011\routes.js","finalBatchModuleM011Routes","1130","25"
"POST","/api/v1/backend-modules/M012","/sessions","/api/v1/backend-modules/M012/sessions","C:\Users\DIYA GOEL\Downloads\EBDESIGN\backend\src\modules\M012\routes.js","finalBatchModuleM012Routes","1131","18"
"POST","/api/v1/backend-modules/M012","/sessions/validate","/api/v1/backend-modules/M012/sessions/validate","C:\Users\DIYA GOEL\Downloads\EBDESIGN\backend\src\modules\M012\routes.js","finalBatchModuleM012Routes","1131","19"
"POST","/api/v1/backend-modules/M012","/sessions/invalidate","/api/v1/backend-modules/M012/sessions/invalidate","C:\Users\DIYA GOEL\Downloads\EBDESIGN\backend\src\modules\M012\routes.js","finalBatchModuleM012Routes","1131","20"
"POST","/api/v1/backend-modules/M012","/sessions/invalidate-all/:userId","/api/v1/backend-modules/M012/sessions/invalidate-all/:userId","C:\Users\DIYA GOEL\Downloads\EBDESIGN\backend\src\modules\M012\routes.js","finalBatchModuleM012Routes","1131","21"
"POST","/api/v1/backend-modules/M012","/devices/fingerprint","/api/v1/backend-modules/M012/devices/fingerprint","C:\Users\DIYA GOEL\Downloads\EBDESIGN\backend\src\modules\M012\routes.js","finalBatchModuleM012Routes","1131","24"
"GET","/api/v1/backend-modules/M012","/devices/:userId","/api/v1/backend-modules/M012/devices/:userId","C:\Users\DIYA GOEL\Downloads\EBDESIGN\backend\src\modules\M012\routes.js","finalBatchModuleM012Routes","1131","25"
"GET","/api/v1/backend-modules/M012","/security-events/:userId","/api/v1/backend-modules/M012/security-events/:userId","C:\Users\DIYA GOEL\Downloads\EBDESIGN\backend\src\modules\M012\routes.js","finalBatchModuleM012Routes","1131","28"
"POST","/api/v1/backend-modules/M012","/change-password","/api/v1/backend-modules/M012/change-password","C:\Users\DIYA GOEL\Downloads\EBDESIGN\backend\src\modules\M012\routes.js","finalBatchModuleM012Routes","1131","31"
"GET","/api/v1/backend-modules/M013","/","/api/v1/backend-modules/M013/","C:\Users\DIYA GOEL\Downloads\EBDESIGN\backend\src\modules\M013\routes.js","finalBatchModuleM013Routes","1132","7"
"GET","/api/v1/backend-modules/M013","/:id","/api/v1/backend-modules/M013/:id","C:\Users\DIYA GOEL\Downloads\EBDESIGN\backend\src\modules\M013\routes.js","finalBatchModuleM013Routes","1132","8"
"POST","/api/v1/backend-modules/M013","/","/api/v1/backend-modules/M013/","C:\Users\DIYA GOEL\Downloads\EBDESIGN\backend\src\modules\M013\routes.js","finalBatchModuleM013Routes","1132","9"
"PUT","/api/v1/backend-modules/M013","/:id","/api/v1/backend-modules/M013/:id","C:\Users\DIYA GOEL\Downloads\EBDESIGN\backend\src\modules\M013\routes.js","finalBatchModuleM013Routes","1132","10"
"DELETE","/api/v1/backend-modules/M013","/:id","/api/v1/backend-modules/M013/:id","C:\Users\DIYA GOEL\Downloads\EBDESIGN\backend\src\modules\M013\routes.js","finalBatchModuleM013Routes","1132","11"
"POST","/api/v1/backend-modules/M014","/oauth/initiate","/api/v1/backend-modules/M014/oauth/initiate","C:\Users\DIYA GOEL\Downloads\EBDESIGN\backend\src\modules\M014\routes.js","finalBatchModuleM014Routes","1133","7"
"POST","/api/v1/backend-modules/M014","/oauth/callback","/api/v1/backend-modules/M014/oauth/callback","C:\Users\DIYA GOEL\Downloads\EBDESIGN\backend\src\modules\M014\routes.js","finalBatchModuleM014Routes","1133","8"
"POST","/api/v1/backend-modules/M014","/saml/initiate","/api/v1/backend-modules/M014/saml/initiate","C:\Users\DIYA GOEL\Downloads\EBDESIGN\backend\src\modules\M014\routes.js","finalBatchModuleM014Routes","1133","11"
"POST","/api/v1/backend-modules/M014","/saml/response","/api/v1/backend-modules/M014/saml/response","C:\Users\DIYA GOEL\Downloads\EBDESIGN\backend\src\modules\M014\routes.js","finalBatchModuleM014Routes","1133","12"
"POST","/api/v1/backend-modules/M014","/providers","/api/v1/backend-modules/M014/providers","C:\Users\DIYA GOEL\Downloads\EBDESIGN\backend\src\modules\M014\routes.js","finalBatchModuleM014Routes","1133","15"
"GET","/api/v1/backend-modules/M014","/providers","/api/v1/backend-modules/M014/providers","C:\Users\DIYA GOEL\Downloads\EBDESIGN\backend\src\modules\M014\routes.js","finalBatchModuleM014Routes","1133","16"
"GET","/api/v1/backend-modules/M014","/analytics","/api/v1/backend-modules/M014/analytics","C:\Users\DIYA GOEL\Downloads\EBDESIGN\backend\src\modules\M014\routes.js","finalBatchModuleM014Routes","1133","19"
"GET","/api/v1/backend-modules/M014","/anomalies","/api/v1/backend-modules/M014/anomalies","C:\Users\DIYA GOEL\Downloads\EBDESIGN\backend\src\modules\M014\routes.js","finalBatchModuleM014Routes","1133","20"
"POST","/api/v1/backend-modules/M015","/totp/setup","/api/v1/backend-modules/M015/totp/setup","C:\Users\DIYA GOEL\Downloads\EBDESIGN\backend\src\modules\M015\routes.js","finalBatchModuleM015Routes","1134","7"
"POST","/api/v1/backend-modules/M015","/totp/verify","/api/v1/backend-modules/M015/totp/verify","C:\Users\DIYA GOEL\Downloads\EBDESIGN\backend\src\modules\M015\routes.js","finalBatchModuleM015Routes","1134","8"
"POST","/api/v1/backend-modules/M015","/sms/send","/api/v1/backend-modules/M015/sms/send","C:\Users\DIYA GOEL\Downloads\EBDESIGN\backend\src\modules\M015\routes.js","finalBatchModuleM015Routes","1134","11"
"POST","/api/v1/backend-modules/M015","/sms/verify","/api/v1/backend-modules/M015/sms/verify","C:\Users\DIYA GOEL\Downloads\EBDESIGN\backend\src\modules\M015\routes.js","finalBatchModuleM015Routes","1134","12"
"POST","/api/v1/backend-modules/M015","/email/send","/api/v1/backend-modules/M015/email/send","C:\Users\DIYA GOEL\Downloads\EBDESIGN\backend\src\modules\M015\routes.js","finalBatchModuleM015Routes","1134","15"
"POST","/api/v1/backend-modules/M015","/email/verify","/api/v1/backend-modules/M015/email/verify","C:\Users\DIYA GOEL\Downloads\EBDESIGN\backend\src\modules\M015\routes.js","finalBatchModuleM015Routes","1134","16"
"POST","/api/v1/backend-modules/M015","/biometric/register","/api/v1/backend-modules/M015/biometric/register","C:\Users\DIYA GOEL\Downloads\EBDESIGN\backend\src\modules\M015\routes.js","finalBatchModuleM015Routes","1134","19"
"POST","/api/v1/backend-modules/M015","/biometric/verify","/api/v1/backend-modules/M015/biometric/verify","C:\Users\DIYA GOEL\Downloads\EBDESIGN\backend\src\modules\M015\routes.js","finalBatchModuleM015Routes","1134","20"
"POST","/api/v1/backend-modules/M015","/device/trust","/api/v1/backend-modules/M015/device/trust","C:\Users\DIYA GOEL\Downloads\EBDESIGN\backend\src\modules\M015\routes.js","finalBatchModuleM015Routes","1134","23"
"POST","/api/v1/backend-modules/M015","/device/check","/api/v1/backend-modules/M015/device/check","C:\Users\DIYA GOEL\Downloads\EBDESIGN\backend\src\modules\M015\routes.js","finalBatchModuleM015Routes","1134","24"
"POST","/api/v1/backend-modules/M015","/recovery-codes/generate","/api/v1/backend-modules/M015/recovery-codes/generate","C:\Users\DIYA GOEL\Downloads\EBDESIGN\backend\src\modules\M015\routes.js","finalBatchModuleM015Routes","1134","27"
"POST","/api/v1/backend-modules/M015","/recovery-codes/verify","/api/v1/backend-modules/M015/recovery-codes/verify","C:\Users\DIYA GOEL\Downloads\EBDESIGN\backend\src\modules\M015\routes.js","finalBatchModuleM015Routes","1134","28"
"GET","/api/v1/backend-modules/M015","/status/:userId","/api/v1/backend-modules/M015/status/:userId","C:\Users\DIYA GOEL\Downloads\EBDESIGN\backend\src\modules\M015\routes.js","finalBatchModuleM015Routes","1134","31"
"GET","/api/v1/backend-modules/M015","/status","/api/v1/backend-modules/M015/status","C:\Users\DIYA GOEL\Downloads\EBDESIGN\backend\src\modules\M015\routes.js","finalBatchModuleM015Routes","1134","32"
"POST","/api/v1/backend-modules/M015","/disable","/api/v1/backend-modules/M015/disable","C:\Users\DIYA GOEL\Downloads\EBDESIGN\backend\src\modules\M015\routes.js","finalBatchModuleM015Routes","1134","33"
"POST","/api/v1/backend-modules/M015","/fraud/detect","/api/v1/backend-modules/M015/fraud/detect","C:\Users\DIYA GOEL\Downloads\EBDESIGN\backend\src\modules\M015\routes.js","finalBatchModuleM015Routes","1134","36"
"POST","/api/v1/backend-modules/M017","/consents","/api/v1/backend-modules/M017/consents","C:\Users\DIYA GOEL\Downloads\EBDESIGN\backend\src\modules\M017\routes.js","finalBatchModuleM017Routes","1135","12"
"GET","/api/v1/backend-modules/M017","/consents/user/:userId","/api/v1/backend-modules/M017/consents/user/:userId","C:\Users\DIYA GOEL\Downloads\EBDESIGN\backend\src\modules\M017\routes.js","finalBatchModuleM017Routes","1135","13"
"GET","/api/v1/backend-modules/M017","/consents/:consentId","/api/v1/backend-modules/M017/consents/:consentId","C:\Users\DIYA GOEL\Downloads\EBDESIGN\backend\src\modules\M017\routes.js","finalBatchModuleM017Routes","1135","14"
"PUT","/api/v1/backend-modules/M017","/consents/:consentId","/api/v1/backend-modules/M017/consents/:consentId","C:\Users\DIYA GOEL\Downloads\EBDESIGN\backend\src\modules\M017\routes.js","finalBatchModuleM017Routes","1135","15"
"POST","/api/v1/backend-modules/M017","/consents/:consentId/revoke","/api/v1/backend-modules/M017/consents/:consentId/revoke","C:\Users\DIYA GOEL\Downloads\EBDESIGN\backend\src\modules\M017\routes.js","finalBatchModuleM017Routes","1135","16"
"POST","/api/v1/backend-modules/M017","/categories","/api/v1/backend-modules/M017/categories","C:\Users\DIYA GOEL\Downloads\EBDESIGN\backend\src\modules\M017\routes.js","finalBatchModuleM017Routes","1135","19"
"GET","/api/v1/backend-modules/M017","/categories","/api/v1/backend-modules/M017/categories","C:\Users\DIYA GOEL\Downloads\EBDESIGN\backend\src\modules\M017\routes.js","finalBatchModuleM017Routes","1135","20"
"POST","/api/v1/backend-modules/M017","/templates","/api/v1/backend-modules/M017/templates","C:\Users\DIYA GOEL\Downloads\EBDESIGN\backend\src\modules\M017\routes.js","finalBatchModuleM017Routes","1135","23"
"GET","/api/v1/backend-modules/M017","/templates","/api/v1/backend-modules/M017/templates","C:\Users\DIYA GOEL\Downloads\EBDESIGN\backend\src\modules\M017\routes.js","finalBatchModuleM017Routes","1135","24"
"POST","/api/v1/backend-modules/M017","/templates/apply","/api/v1/backend-modules/M017/templates/apply","C:\Users\DIYA GOEL\Downloads\EBDESIGN\backend\src\modules\M017\routes.js","finalBatchModuleM017Routes","1135","25"
"GET","/api/v1/backend-modules/M017","/consents/user/:userId/compliance","/api/v1/backend-modules/M017/consents/user/:userId/compliance","C:\Users\DIYA GOEL\Downloads\EBDESIGN\backend\src\modules\M017\routes.js","finalBatchModuleM017Routes","1135","28"
"GET","/api/v1/backend-modules/M017","/consents/:consentId/history","/api/v1/backend-modules/M017/consents/:consentId/history","C:\Users\DIYA GOEL\Downloads\EBDESIGN\backend\src\modules\M017\routes.js","finalBatchModuleM017Routes","1135","31"
"POST","/api/v1/backend-modules/M017","/consents/check-expired","/api/v1/backend-modules/M017/consents/check-expired","C:\Users\DIYA GOEL\Downloads\EBDESIGN\backend\src\modules\M017\routes.js","finalBatchModuleM017Routes","1135","34"
"GET","/api/v1/backend-modules/M017","/analytics","/api/v1/backend-modules/M017/analytics","C:\Users\DIYA GOEL\Downloads\EBDESIGN\backend\src\modules\M017\routes.js","finalBatchModuleM017Routes","1135","37"
"POST","/api/v1/backend-modules/M017","/consents/bulk","/api/v1/backend-modules/M017/consents/bulk","C:\Users\DIYA GOEL\Downloads\EBDESIGN\backend\src\modules\M017\routes.js","finalBatchModuleM017Routes","1135","40"
"POST","/api/v1/backend-modules/M018","/access-policies","/api/v1/backend-modules/M018/access-policies","C:\Users\DIYA GOEL\Downloads\EBDESIGN\backend\src\modules\M018\routes.js","finalBatchModuleM018Routes","1136","7"
"GET","/api/v1/backend-modules/M018","/access-policies","/api/v1/backend-modules/M018/access-policies","C:\Users\DIYA GOEL\Downloads\EBDESIGN\backend\src\modules\M018\routes.js","finalBatchModuleM018Routes","1136","8"
"POST","/api/v1/backend-modules/M018","/access-check","/api/v1/backend-modules/M018/access-check","C:\Users\DIYA GOEL\Downloads\EBDESIGN\backend\src\modules\M018\routes.js","finalBatchModuleM018Routes","1136","9"
"POST","/api/v1/backend-modules/M018","/masking/apply","/api/v1/backend-modules/M018/masking/apply","C:\Users\DIYA GOEL\Downloads\EBDESIGN\backend\src\modules\M018\routes.js","finalBatchModuleM018Routes","1136","12"
"POST","/api/v1/backend-modules/M018","/masking-rules","/api/v1/backend-modules/M018/masking-rules","C:\Users\DIYA GOEL\Downloads\EBDESIGN\backend\src\modules\M018\routes.js","finalBatchModuleM018Routes","1136","13"
"GET","/api/v1/backend-modules/M018","/masking-rules","/api/v1/backend-modules/M018/masking-rules","C:\Users\DIYA GOEL\Downloads\EBDESIGN\backend\src\modules\M018\routes.js","finalBatchModuleM018Routes","1136","14"
"POST","/api/v1/backend-modules/M018","/privacy-policies","/api/v1/backend-modules/M018/privacy-policies","C:\Users\DIYA GOEL\Downloads\EBDESIGN\backend\src\modules\M018\routes.js","finalBatchModuleM018Routes","1136","17"
"GET","/api/v1/backend-modules/M018","/privacy-policies","/api/v1/backend-modules/M018/privacy-policies","C:\Users\DIYA GOEL\Downloads\EBDESIGN\backend\src\modules\M018\routes.js","finalBatchModuleM018Routes","1136","18"
"POST","/api/v1/backend-modules/M018","/privacy-policies/accept","/api/v1/backend-modules/M018/privacy-policies/accept","C:\Users\DIYA GOEL\Downloads\EBDESIGN\backend\src\modules\M018\routes.js","finalBatchModuleM018Routes","1136","19"
"POST","/api/v1/backend-modules/M018","/risk-assessment","/api/v1/backend-modules/M018/risk-assessment","C:\Users\DIYA GOEL\Downloads\EBDESIGN\backend\src\modules\M018\routes.js","finalBatchModuleM018Routes","1136","22"
"POST","/api/v1/backend-modules/M018","/impact-analysis","/api/v1/backend-modules/M018/impact-analysis","C:\Users\DIYA GOEL\Downloads\EBDESIGN\backend\src\modules\M018\routes.js","finalBatchModuleM018Routes","1136","25"
"GET","/api/v1/backend-modules/M018","/compliance-status","/api/v1/backend-modules/M018/compliance-status","C:\Users\DIYA GOEL\Downloads\EBDESIGN\backend\src\modules\M018\routes.js","finalBatchModuleM018Routes","1136","28"
"POST","/api/v1/backend-modules/M018","/data-retention/enforce","/api/v1/backend-modules/M018/data-retention/enforce","C:\Users\DIYA GOEL\Downloads\EBDESIGN\backend\src\modules\M018\routes.js","finalBatchModuleM018Routes","1136","31"
"POST","/api/v1/backend-modules/M019","/profiles","/api/v1/backend-modules/M019/profiles","C:\Users\DIYA GOEL\Downloads\EBDESIGN\backend\src\modules\M019\routes.js","finalBatchModuleM019Routes","1137","10"
"GET","/api/v1/backend-modules/M019","/profiles/:userId","/api/v1/backend-modules/M019/profiles/:userId","C:\Users\DIYA GOEL\Downloads\EBDESIGN\backend\src\modules\M019\routes.js","finalBatchModuleM019Routes","1137","11"
"GET","/api/v1/backend-modules/M019","/profiles","/api/v1/backend-modules/M019/profiles","C:\Users\DIYA GOEL\Downloads\EBDESIGN\backend\src\modules\M019\routes.js","finalBatchModuleM019Routes","1137","12"
"PUT","/api/v1/backend-modules/M019","/profiles/:userId","/api/v1/backend-modules/M019/profiles/:userId","C:\Users\DIYA GOEL\Downloads\EBDESIGN\backend\src\modules\M019\routes.js","finalBatchModuleM019Routes","1137","13"
"PUT","/api/v1/backend-modules/M019","/profiles","/api/v1/backend-modules/M019/profiles","C:\Users\DIYA GOEL\Downloads\EBDESIGN\backend\src\modules\M019\routes.js","finalBatchModuleM019Routes","1137","14"
"DELETE","/api/v1/backend-modules/M019","/profiles/:userId","/api/v1/backend-modules/M019/profiles/:userId","C:\Users\DIYA GOEL\Downloads\EBDESIGN\backend\src\modules\M019\routes.js","finalBatchModuleM019Routes","1137","15"
"POST","/api/v1/backend-modules/M019","/profiles/:userId/enrich","/api/v1/backend-modules/M019/profiles/:userId/enrich","C:\Users\DIYA GOEL\Downloads\EBDESIGN\backend\src\modules\M019\routes.js","finalBatchModuleM019Routes","1137","18"
"GET","/api/v1/backend-modules/M019","/profiles/:userId/completion","/api/v1/backend-modules/M019/profiles/:userId/completion","C:\Users\DIYA GOEL\Downloads\EBDESIGN\backend\src\modules\M019\routes.js","finalBatchModuleM019Routes","1137","21"
"GET","/api/v1/backend-modules/M019","/profiles/completion","/api/v1/backend-modules/M019/profiles/completion","C:\Users\DIYA GOEL\Downloads\EBDESIGN\backend\src\modules\M019\routes.js","finalBatchModuleM019Routes","1137","22"
"POST","/api/v1/backend-modules/M019","/profiles/social/link","/api/v1/backend-modules/M019/profiles/social/link","C:\Users\DIYA GOEL\Downloads\EBDESIGN\backend\src\modules\M019\routes.js","finalBatchModuleM019Routes","1137","25"
"POST","/api/v1/backend-modules/M019","/profiles/social/unlink","/api/v1/backend-modules/M019/profiles/social/unlink","C:\Users\DIYA GOEL\Downloads\EBDESIGN\backend\src\modules\M019\routes.js","finalBatchModuleM019Routes","1137","26"
"POST","/api/v1/backend-modules/M019","/profiles/visibility","/api/v1/backend-modules/M019/profiles/visibility","C:\Users\DIYA GOEL\Downloads\EBDESIGN\backend\src\modules\M019\routes.js","finalBatchModuleM019Routes","1137","29"
"GET","/api/v1/backend-modules/M019","/profiles/:userId/visibility","/api/v1/backend-modules/M019/profiles/:userId/visibility","C:\Users\DIYA GOEL\Downloads\EBDESIGN\backend\src\modules\M019\routes.js","finalBatchModuleM019Routes","1137","30"
"GET","/api/v1/backend-modules/M019","/profiles/visibility","/api/v1/backend-modules/M019/profiles/visibility","C:\Users\DIYA GOEL\Downloads\EBDESIGN\backend\src\modules\M019\routes.js","finalBatchModuleM019Routes","1137","31"
"POST","/api/v1/backend-modules/M019","/profiles/activity","/api/v1/backend-modules/M019/profiles/activity","C:\Users\DIYA GOEL\Downloads\EBDESIGN\backend\src\modules\M019\routes.js","finalBatchModuleM019Routes","1137","34"
"GET","/api/v1/backend-modules/M019","/profiles/:userId/activity","/api/v1/backend-modules/M019/profiles/:userId/activity","C:\Users\DIYA GOEL\Downloads\EBDESIGN\backend\src\modules\M019\routes.js","finalBatchModuleM019Routes","1137","35"
"GET","/api/v1/backend-modules/M019","/profiles/activity","/api/v1/backend-modules/M019/profiles/activity","C:\Users\DIYA GOEL\Downloads\EBDESIGN\backend\src\modules\M019\routes.js","finalBatchModuleM019Routes","1137","36"
"GET","/api/v1/backend-modules/M019","/profiles/search","/api/v1/backend-modules/M019/profiles/search","C:\Users\DIYA GOEL\Downloads\EBDESIGN\backend\src\modules\M019\routes.js","finalBatchModuleM019Routes","1137","39"
"GET","/api/v1/backend-modules/M019","/profiles/:userId/recommendations","/api/v1/backend-modules/M019/profiles/:userId/recommendations","C:\Users\DIYA GOEL\Downloads\EBDESIGN\backend\src\modules\M019\routes.js","finalBatchModuleM019Routes","1137","40"
"GET","/api/v1/backend-modules/M019","/profiles/recommendations","/api/v1/backend-modules/M019/profiles/recommendations","C:\Users\DIYA GOEL\Downloads\EBDESIGN\backend\src\modules\M019\routes.js","finalBatchModuleM019Routes","1137","41"
"GET","/api/v1/backend-modules/M019","/profiles/:userId/analytics","/api/v1/backend-modules/M019/profiles/:userId/analytics","C:\Users\DIYA GOEL\Downloads\EBDESIGN\backend\src\modules\M019\routes.js","finalBatchModuleM019Routes","1137","44"
"GET","/api/v1/backend-modules/M019","/profiles/analytics","/api/v1/backend-modules/M019/profiles/analytics","C:\Users\DIYA GOEL\Downloads\EBDESIGN\backend\src\modules\M019\routes.js","finalBatchModuleM019Routes","1137","45"
"POST","/api/v1/backend-modules/M019","/profiles/bulk-update","/api/v1/backend-modules/M019/profiles/bulk-update","C:\Users\DIYA GOEL\Downloads\EBDESIGN\backend\src\modules\M019\routes.js","finalBatchModuleM019Routes","1137","48"
"POST","/api/v1/backend-modules/M020","/password-reset/initiate","/api/v1/backend-modules/M020/password-reset/initiate","C:\Users\DIYA GOEL\Downloads\EBDESIGN\backend\src\modules\M020\routes.js","finalBatchModuleM020Routes","1138","7"
"POST","/api/v1/backend-modules/M020","/password-reset/verify","/api/v1/backend-modules/M020/password-reset/verify","C:\Users\DIYA GOEL\Downloads\EBDESIGN\backend\src\modules\M020\routes.js","finalBatchModuleM020Routes","1138","8"
"POST","/api/v1/backend-modules/M020","/password-reset/reset","/api/v1/backend-modules/M020/password-reset/reset","C:\Users\DIYA GOEL\Downloads\EBDESIGN\backend\src\modules\M020\routes.js","finalBatchModuleM020Routes","1138","9"
"POST","/api/v1/backend-modules/M020","/security-questions/setup","/api/v1/backend-modules/M020/security-questions/setup","C:\Users\DIYA GOEL\Downloads\EBDESIGN\backend\src\modules\M020\routes.js","finalBatchModuleM020Routes","1138","12"
"POST","/api/v1/backend-modules/M020","/security-questions/verify/:userId","/api/v1/backend-modules/M020/security-questions/verify/:userId","C:\Users\DIYA GOEL\Downloads\EBDESIGN\backend\src\modules\M020\routes.js","finalBatchModuleM020Routes","1138","13"
"POST","/api/v1/backend-modules/M020","/security-questions/verify","/api/v1/backend-modules/M020/security-questions/verify","C:\Users\DIYA GOEL\Downloads\EBDESIGN\backend\src\modules\M020\routes.js","finalBatchModuleM020Routes","1138","14"
"POST","/api/v1/backend-modules/M020","/accounts/lock","/api/v1/backend-modules/M020/accounts/lock","C:\Users\DIYA GOEL\Downloads\EBDESIGN\backend\src\modules\M020\routes.js","finalBatchModuleM020Routes","1138","17"
"POST","/api/v1/backend-modules/M020","/accounts/unlock/:userId","/api/v1/backend-modules/M020/accounts/unlock/:userId","C:\Users\DIYA GOEL\Downloads\EBDESIGN\backend\src\modules\M020\routes.js","finalBatchModuleM020Routes","1138","18"
"GET","/api/v1/backend-modules/M020","/accounts/:userId/lock-status","/api/v1/backend-modules/M020/accounts/:userId/lock-status","C:\Users\DIYA GOEL\Downloads\EBDESIGN\backend\src\modules\M020\routes.js","finalBatchModuleM020Routes","1138","19"
"GET","/api/v1/backend-modules/M020","/accounts/lock-status","/api/v1/backend-modules/M020/accounts/lock-status","C:\Users\DIYA GOEL\Downloads\EBDESIGN\backend\src\modules\M020\routes.js","finalBatchModuleM020Routes","1138","20"
"GET","/api/v1/backend-modules/M020","/recovery-attempts/:userId","/api/v1/backend-modules/M020/recovery-attempts/:userId","C:\Users\DIYA GOEL\Downloads\EBDESIGN\backend\src\modules\M020\routes.js","finalBatchModuleM020Routes","1138","23"
"GET","/api/v1/backend-modules/M020","/recovery-attempts","/api/v1/backend-modules/M020/recovery-attempts","C:\Users\DIYA GOEL\Downloads\EBDESIGN\backend\src\modules\M020\routes.js","finalBatchModuleM020Routes","1138","24"
"POST","/api/v1/backend-modules/M020","/fraud/detect","/api/v1/backend-modules/M020/fraud/detect","C:\Users\DIYA GOEL\Downloads\EBDESIGN\backend\src\modules\M020\routes.js","finalBatchModuleM020Routes","1138","27"
"POST","/api/v1/backend-modules/M020","/temp-password/:userId","/api/v1/backend-modules/M020/temp-password/:userId","C:\Users\DIYA GOEL\Downloads\EBDESIGN\backend\src\modules\M020\routes.js","finalBatchModuleM020Routes","1138","30"
"GET","/api/v1/backend-modules/M020","/analytics","/api/v1/backend-modules/M020/analytics","C:\Users\DIYA GOEL\Downloads\EBDESIGN\backend\src\modules\M020\routes.js","finalBatchModuleM020Routes","1138","33"
"POST","/api/v1/backend-modules/M021","/farmers","/api/v1/backend-modules/M021/farmers","C:\Users\DIYA GOEL\Downloads\EBDESIGN\backend\src\modules\M021\routes.js","finalBatchModuleM021Routes","1139","8"
"GET","/api/v1/backend-modules/M021","/farmers","/api/v1/backend-modules/M021/farmers","C:\Users\DIYA GOEL\Downloads\EBDESIGN\backend\src\modules\M021\routes.js","finalBatchModuleM021Routes","1139","9"
"GET","/api/v1/backend-modules/M021","/farmers/:farmerId","/api/v1/backend-modules/M021/farmers/:farmerId","C:\Users\DIYA GOEL\Downloads\EBDESIGN\backend\src\modules\M021\routes.js","finalBatchModuleM021Routes","1139","10"
"PUT","/api/v1/backend-modules/M021","/farmers/:farmerId","/api/v1/backend-modules/M021/farmers/:farmerId","C:\Users\DIYA GOEL\Downloads\EBDESIGN\backend\src\modules\M021\routes.js","finalBatchModuleM021Routes","1139","11"
"GET","/api/v1/backend-modules/M021","/farmers/:farmerId/analysis","/api/v1/backend-modules/M021/farmers/:farmerId/analysis","C:\Users\DIYA GOEL\Downloads\EBDESIGN\backend\src\modules\M021\routes.js","finalBatchModuleM021Routes","1139","14"
"POST","/api/v1/backend-modules/M021","/farmers/:farmerId/verify","/api/v1/backend-modules/M021/farmers/:farmerId/verify","C:\Users\DIYA GOEL\Downloads\EBDESIGN\backend\src\modules\M021\routes.js","finalBatchModuleM021Routes","1139","17"
"POST","/api/v1/backend-modules/M021","/farmers/:farmerId/verify/approve","/api/v1/backend-modules/M021/farmers/:farmerId/verify/approve","C:\Users\DIYA GOEL\Downloads\EBDESIGN\backend\src\modules\M021\routes.js","finalBatchModuleM021Routes","1139","18"
"POST","/api/v1/backend-modules/M021","/farmers/:farmerId/onboarding","/api/v1/backend-modules/M021/farmers/:farmerId/onboarding","C:\Users\DIYA GOEL\Downloads\EBDESIGN\backend\src\modules\M021\routes.js","finalBatchModuleM021Routes","1139","21"
"PUT","/api/v1/backend-modules/M021","/farmers/:farmerId/onboarding/progress","/api/v1/backend-modules/M021/farmers/:farmerId/onboarding/progress","C:\Users\DIYA GOEL\Downloads\EBDESIGN\backend\src\modules\M021\routes.js","finalBatchModuleM021Routes","1139","22"
"GET","/api/v1/backend-modules/M021","/farmers/analytics","/api/v1/backend-modules/M021/farmers/analytics","C:\Users\DIYA GOEL\Downloads\EBDESIGN\backend\src\modules\M021\routes.js","finalBatchModuleM021Routes","1139","25"
"POST","/api/v1/backend-modules/M022","/profiles","/api/v1/backend-modules/M022/profiles","C:\Users\DIYA GOEL\Downloads\EBDESIGN\backend\src\modules\M022\routes.js","finalBatchModuleM022Routes","1140","6"
"GET","/api/v1/backend-modules/M022","/profiles","/api/v1/backend-modules/M022/profiles","C:\Users\DIYA GOEL\Downloads\EBDESIGN\backend\src\modules\M022\routes.js","finalBatchModuleM022Routes","1140","7"
"GET","/api/v1/backend-modules/M022","/profiles/:id","/api/v1/backend-modules/M022/profiles/:id","C:\Users\DIYA GOEL\Downloads\EBDESIGN\backend\src\modules\M022\routes.js","finalBatchModuleM022Routes","1140","8"
"GET","/api/v1/backend-modules/M022","/profiles/farmer/:farmerId","/api/v1/backend-modules/M022/profiles/farmer/:farmerId","C:\Users\DIYA GOEL\Downloads\EBDESIGN\backend\src\modules\M022\routes.js","finalBatchModuleM022Routes","1140","9"
"PUT","/api/v1/backend-modules/M022","/profiles/:id","/api/v1/backend-modules/M022/profiles/:id","C:\Users\DIYA GOEL\Downloads\EBDESIGN\backend\src\modules\M022\routes.js","finalBatchModuleM022Routes","1140","10"
"GET","/api/v1/backend-modules/M022","/profiles/:id/full","/api/v1/backend-modules/M022/profiles/:id/full","C:\Users\DIYA GOEL\Downloads\EBDESIGN\backend\src\modules\M022\routes.js","finalBatchModuleM022Routes","1140","11"
"POST","/api/v1/backend-modules/M022","/profiles/:id/contacts","/api/v1/backend-modules/M022/profiles/:id/contacts","C:\Users\DIYA GOEL\Downloads\EBDESIGN\backend\src\modules\M022\routes.js","finalBatchModuleM022Routes","1140","12"
"POST","/api/v1/backend-modules/M022","/profiles/:id/household","/api/v1/backend-modules/M022/profiles/:id/household","C:\Users\DIYA GOEL\Downloads\EBDESIGN\backend\src\modules\M022\routes.js","finalBatchModuleM022Routes","1140","13"
"POST","/api/v1/backend-modules/M022","/profiles/:id/skills","/api/v1/backend-modules/M022/profiles/:id/skills","C:\Users\DIYA GOEL\Downloads\EBDESIGN\backend\src\modules\M022\routes.js","finalBatchModuleM022Routes","1140","14"
"POST","/api/v1/backend-modules/M022","/profiles/:id/enrich","/api/v1/backend-modules/M022/profiles/:id/enrich","C:\Users\DIYA GOEL\Downloads\EBDESIGN\backend\src\modules\M022\routes.js","finalBatchModuleM022Routes","1140","15"
"GET","/api/v1/backend-modules/M022","/profiles/:id/completeness","/api/v1/backend-modules/M022/profiles/:id/completeness","C:\Users\DIYA GOEL\Downloads\EBDESIGN\backend\src\modules\M022\routes.js","finalBatchModuleM022Routes","1140","16"
"POST","/api/v1/backend-modules/M023","/programs","/api/v1/backend-modules/M023/programs","C:\Users\DIYA GOEL\Downloads\EBDESIGN\backend\src\modules\M023\routes.js","finalBatchModuleM023Routes","1141","6"
"POST","/api/v1/backend-modules/M023","/sessions","/api/v1/backend-modules/M023/sessions","C:\Users\DIYA GOEL\Downloads\EBDESIGN\backend\src\modules\M023\routes.js","finalBatchModuleM023Routes","1141","7"
"POST","/api/v1/backend-modules/M023","/sessions/:sessionId/enroll","/api/v1/backend-modules/M023/sessions/:sessionId/enroll","C:\Users\DIYA GOEL\Downloads\EBDESIGN\backend\src\modules\M023\routes.js","finalBatchModuleM023Routes","1141","8"
"POST","/api/v1/backend-modules/M023","/sessions/:sessionId/attendance/:farmerId","/api/v1/backend-modules/M023/sessions/:sessionId/attendance/:farmerId","C:\Users\DIYA GOEL\Downloads\EBDESIGN\backend\src\modules\M023\routes.js","finalBatchModuleM023Routes","1141","9"
"POST","/api/v1/backend-modules/M023","/assessments/:assessmentId/submit","/api/v1/backend-modules/M023/assessments/:assessmentId/submit","C:\Users\DIYA GOEL\Downloads\EBDESIGN\backend\src\modules\M023\routes.js","finalBatchModuleM023Routes","1141","10"
"GET","/api/v1/backend-modules/M023","/farmers/:farmerId/recommendations","/api/v1/backend-modules/M023/farmers/:farmerId/recommendations","C:\Users\DIYA GOEL\Downloads\EBDESIGN\backend\src\modules\M023\routes.js","finalBatchModuleM023Routes","1141","11"
"GET","/api/v1/backend-modules/M023","/analytics","/api/v1/backend-modules/M023/analytics","C:\Users\DIYA GOEL\Downloads\EBDESIGN\backend\src\modules\M023\routes.js","finalBatchModuleM023Routes","1141","12"
"POST","/api/v1/backend-modules/M024","/groups","/api/v1/backend-modules/M024/groups","C:\Users\DIYA GOEL\Downloads\EBDESIGN\backend\src\modules\M024\routes.js","finalBatchModuleM024Routes","1142","6"
"POST","/api/v1/backend-modules/M024","/groups/:groupId/members","/api/v1/backend-modules/M024/groups/:groupId/members","C:\Users\DIYA GOEL\Downloads\EBDESIGN\backend\src\modules\M024\routes.js","finalBatchModuleM024Routes","1142","7"
"POST","/api/v1/backend-modules/M024","/groups/:groupId/meetings","/api/v1/backend-modules/M024/groups/:groupId/meetings","C:\Users\DIYA GOEL\Downloads\EBDESIGN\backend\src\modules\M024\routes.js","finalBatchModuleM024Routes","1142","8"
"POST","/api/v1/backend-modules/M024","/groups/:groupId/transactions","/api/v1/backend-modules/M024/groups/:groupId/transactions","C:\Users\DIYA GOEL\Downloads\EBDESIGN\backend\src\modules\M024\routes.js","finalBatchModuleM024Routes","1142","9"
"GET","/api/v1/backend-modules/M024","/groups/:groupId/analytics","/api/v1/backend-modules/M024/groups/:groupId/analytics","C:\Users\DIYA GOEL\Downloads\EBDESIGN\backend\src\modules\M024\routes.js","finalBatchModuleM024Routes","1142","10"
"POST","/api/v1/backend-modules/M025","/schemes","/api/v1/backend-modules/M025/schemes","C:\Users\DIYA GOEL\Downloads\EBDESIGN\backend\src\modules\M025\routes.js","finalBatchModuleM025Routes","1143","6"
"POST","/api/v1/backend-modules/M025","/schemes/:schemeId/apply","/api/v1/backend-modules/M025/schemes/:schemeId/apply","C:\Users\DIYA GOEL\Downloads\EBDESIGN\backend\src\modules\M025\routes.js","finalBatchModuleM025Routes","1143","7"
"GET","/api/v1/backend-modules/M025","/farmers/:farmerId/recommendations","/api/v1/backend-modules/M025/farmers/:farmerId/recommendations","C:\Users\DIYA GOEL\Downloads\EBDESIGN\backend\src\modules\M025\routes.js","finalBatchModuleM025Routes","1143","8"
"GET","/api/v1/backend-modules/M026","/","/api/v1/backend-modules/M026/","C:\Users\DIYA GOEL\Downloads\EBDESIGN\backend\src\modules\M026\routes.js","finalBatchModuleM026Routes","1144","7"
"GET","/api/v1/backend-modules/M026","/:id","/api/v1/backend-modules/M026/:id","C:\Users\DIYA GOEL\Downloads\EBDESIGN\backend\src\modules\M026\routes.js","finalBatchModuleM026Routes","1144","8"
"POST","/api/v1/backend-modules/M026","/","/api/v1/backend-modules/M026/","C:\Users\DIYA GOEL\Downloads\EBDESIGN\backend\src\modules\M026\routes.js","finalBatchModuleM026Routes","1144","9"
"PUT","/api/v1/backend-modules/M026","/:id","/api/v1/backend-modules/M026/:id","C:\Users\DIYA GOEL\Downloads\EBDESIGN\backend\src\modules\M026\routes.js","finalBatchModuleM026Routes","1144","10"
"DELETE","/api/v1/backend-modules/M026","/:id","/api/v1/backend-modules/M026/:id","C:\Users\DIYA GOEL\Downloads\EBDESIGN\backend\src\modules\M026\routes.js","finalBatchModuleM026Routes","1144","11"
"GET","/api/v1/backend-modules/M027","/","/api/v1/backend-modules/M027/","C:\Users\DIYA GOEL\Downloads\EBDESIGN\backend\src\modules\M027\routes.js","finalBatchModuleM027Routes","1145","7"
"GET","/api/v1/backend-modules/M027","/:id","/api/v1/backend-modules/M027/:id","C:\Users\DIYA GOEL\Downloads\EBDESIGN\backend\src\modules\M027\routes.js","finalBatchModuleM027Routes","1145","8"
"POST","/api/v1/backend-modules/M027","/","/api/v1/backend-modules/M027/","C:\Users\DIYA GOEL\Downloads\EBDESIGN\backend\src\modules\M027\routes.js","finalBatchModuleM027Routes","1145","9"
"PUT","/api/v1/backend-modules/M027","/:id","/api/v1/backend-modules/M027/:id","C:\Users\DIYA GOEL\Downloads\EBDESIGN\backend\src\modules\M027\routes.js","finalBatchModuleM027Routes","1145","10"
"DELETE","/api/v1/backend-modules/M027","/:id","/api/v1/backend-modules/M027/:id","C:\Users\DIYA GOEL\Downloads\EBDESIGN\backend\src\modules\M027\routes.js","finalBatchModuleM027Routes","1145","11"
"GET","/api/v1/backend-modules/M028","/","/api/v1/backend-modules/M028/","C:\Users\DIYA GOEL\Downloads\EBDESIGN\backend\src\modules\M028\routes.js","finalBatchModuleM028Routes","1146","7"
"GET","/api/v1/backend-modules/M028","/:id","/api/v1/backend-modules/M028/:id","C:\Users\DIYA GOEL\Downloads\EBDESIGN\backend\src\modules\M028\routes.js","finalBatchModuleM028Routes","1146","8"
"POST","/api/v1/backend-modules/M028","/","/api/v1/backend-modules/M028/","C:\Users\DIYA GOEL\Downloads\EBDESIGN\backend\src\modules\M028\routes.js","finalBatchModuleM028Routes","1146","9"
"PUT","/api/v1/backend-modules/M028","/:id","/api/v1/backend-modules/M028/:id","C:\Users\DIYA GOEL\Downloads\EBDESIGN\backend\src\modules\M028\routes.js","finalBatchModuleM028Routes","1146","10"
"DELETE","/api/v1/backend-modules/M028","/:id","/api/v1/backend-modules/M028/:id","C:\Users\DIYA GOEL\Downloads\EBDESIGN\backend\src\modules\M028\routes.js","finalBatchModuleM028Routes","1146","11"
"GET","/api/v1/backend-modules/M029","/","/api/v1/backend-modules/M029/","C:\Users\DIYA GOEL\Downloads\EBDESIGN\backend\src\modules\M029\routes.js","finalBatchModuleM029Routes","1147","7"
"GET","/api/v1/backend-modules/M029","/:id","/api/v1/backend-modules/M029/:id","C:\Users\DIYA GOEL\Downloads\EBDESIGN\backend\src\modules\M029\routes.js","finalBatchModuleM029Routes","1147","8"
"POST","/api/v1/backend-modules/M029","/","/api/v1/backend-modules/M029/","C:\Users\DIYA GOEL\Downloads\EBDESIGN\backend\src\modules\M029\routes.js","finalBatchModuleM029Routes","1147","9"
"PUT","/api/v1/backend-modules/M029","/:id","/api/v1/backend-modules/M029/:id","C:\Users\DIYA GOEL\Downloads\EBDESIGN\backend\src\modules\M029\routes.js","finalBatchModuleM029Routes","1147","10"
"DELETE","/api/v1/backend-modules/M029","/:id","/api/v1/backend-modules/M029/:id","C:\Users\DIYA GOEL\Downloads\EBDESIGN\backend\src\modules\M029\routes.js","finalBatchModuleM029Routes","1147","11"
"POST","/api/v1/backend-modules/M030","/advisories/generate","/api/v1/backend-modules/M030/advisories/generate","C:\Users\DIYA GOEL\Downloads\EBDESIGN\backend\src\modules\M030\routes.js","finalBatchModuleM030Routes","1148","14"
"GET","/api/v1/backend-modules/M030","/advisories","/api/v1/backend-modules/M030/advisories","C:\Users\DIYA GOEL\Downloads\EBDESIGN\backend\src\modules\M030\routes.js","finalBatchModuleM030Routes","1148","17"
"GET","/api/v1/backend-modules/M030","/advisories/analytics","/api/v1/backend-modules/M030/advisories/analytics","C:\Users\DIYA GOEL\Downloads\EBDESIGN\backend\src\modules\M030\routes.js","finalBatchModuleM030Routes","1148","18"
"GET","/api/v1/backend-modules/M030","/advisories/:advisoryId","/api/v1/backend-modules/M030/advisories/:advisoryId","C:\Users\DIYA GOEL\Downloads\EBDESIGN\backend\src\modules\M030\routes.js","finalBatchModuleM030Routes","1148","19"
"POST","/api/v1/backend-modules/M030","/iot-devices","/api/v1/backend-modules/M030/iot-devices","C:\Users\DIYA GOEL\Downloads\EBDESIGN\backend\src\modules\M030\routes.js","finalBatchModuleM030Routes","1148","22"
"GET","/api/v1/backend-modules/M030","/iot-devices/data","/api/v1/backend-modules/M030/iot-devices/data","C:\Users\DIYA GOEL\Downloads\EBDESIGN\backend\src\modules\M030\routes.js","finalBatchModuleM030Routes","1148","23"
"POST","/api/v1/backend-modules/M030","/alerts","/api/v1/backend-modules/M030/alerts","C:\Users\DIYA GOEL\Downloads\EBDESIGN\backend\src\modules\M030\routes.js","finalBatchModuleM030Routes","1148","26"
"GET","/api/v1/backend-modules/M030","/alerts","/api/v1/backend-modules/M030/alerts","C:\Users\DIYA GOEL\Downloads\EBDESIGN\backend\src\modules\M030\routes.js","finalBatchModuleM030Routes","1148","27"
"PUT","/api/v1/backend-modules/M030","/alerts/:alertId/read","/api/v1/backend-modules/M030/alerts/:alertId/read","C:\Users\DIYA GOEL\Downloads\EBDESIGN\backend\src\modules\M030\routes.js","finalBatchModuleM030Routes","1148","28"
"POST","/api/v1/backend-modules/M101","/","/api/v1/backend-modules/M101/","C:\Users\DIYA GOEL\Downloads\EBDESIGN\backend\src\modules\M101\routes.js","finalBatchModuleM101Routes","1149","12"
"GET","/api/v1/backend-modules/M101","/:id","/api/v1/backend-modules/M101/:id","C:\Users\DIYA GOEL\Downloads\EBDESIGN\backend\src\modules\M101\routes.js","finalBatchModuleM101Routes","1149","13"
"PUT","/api/v1/backend-modules/M101","/:id","/api/v1/backend-modules/M101/:id","C:\Users\DIYA GOEL\Downloads\EBDESIGN\backend\src\modules\M101\routes.js","finalBatchModuleM101Routes","1149","14"
"DELETE","/api/v1/backend-modules/M101","/:id","/api/v1/backend-modules/M101/:id","C:\Users\DIYA GOEL\Downloads\EBDESIGN\backend\src\modules\M101\routes.js","finalBatchModuleM101Routes","1149","15"
"GET","/api/v1/backend-modules/M101","/","/api/v1/backend-modules/M101/","C:\Users\DIYA GOEL\Downloads\EBDESIGN\backend\src\modules\M101\routes.js","finalBatchModuleM101Routes","1149","16"
"POST","/api/v1/backend-modules/M102","/","/api/v1/backend-modules/M102/","C:\Users\DIYA GOEL\Downloads\EBDESIGN\backend\src\modules\M102\routes.js","finalBatchModuleM102Routes","1150","12"
"GET","/api/v1/backend-modules/M102","/:id","/api/v1/backend-modules/M102/:id","C:\Users\DIYA GOEL\Downloads\EBDESIGN\backend\src\modules\M102\routes.js","finalBatchModuleM102Routes","1150","13"
"PUT","/api/v1/backend-modules/M102","/:id","/api/v1/backend-modules/M102/:id","C:\Users\DIYA GOEL\Downloads\EBDESIGN\backend\src\modules\M102\routes.js","finalBatchModuleM102Routes","1150","14"
"DELETE","/api/v1/backend-modules/M102","/:id","/api/v1/backend-modules/M102/:id","C:\Users\DIYA GOEL\Downloads\EBDESIGN\backend\src\modules\M102\routes.js","finalBatchModuleM102Routes","1150","15"
"GET","/api/v1/backend-modules/M102","/","/api/v1/backend-modules/M102/","C:\Users\DIYA GOEL\Downloads\EBDESIGN\backend\src\modules\M102\routes.js","finalBatchModuleM102Routes","1150","16"
"POST","/api/v1/backend-modules/M151","/","/api/v1/backend-modules/M151/","C:\Users\DIYA GOEL\Downloads\EBDESIGN\backend\src\modules\M151\routes.js","finalBatchModuleM151Routes","1151","12"
"GET","/api/v1/backend-modules/M151","/:id","/api/v1/backend-modules/M151/:id","C:\Users\DIYA GOEL\Downloads\EBDESIGN\backend\src\modules\M151\routes.js","finalBatchModuleM151Routes","1151","13"
"PUT","/api/v1/backend-modules/M151","/:id","/api/v1/backend-modules/M151/:id","C:\Users\DIYA GOEL\Downloads\EBDESIGN\backend\src\modules\M151\routes.js","finalBatchModuleM151Routes","1151","14"
"DELETE","/api/v1/backend-modules/M151","/:id","/api/v1/backend-modules/M151/:id","C:\Users\DIYA GOEL\Downloads\EBDESIGN\backend\src\modules\M151\routes.js","finalBatchModuleM151Routes","1151","15"
"GET","/api/v1/backend-modules/M151","/","/api/v1/backend-modules/M151/","C:\Users\DIYA GOEL\Downloads\EBDESIGN\backend\src\modules\M151\routes.js","finalBatchModuleM151Routes","1151","16"
"POST","/api/v1/backend-modules/M201","/","/api/v1/backend-modules/M201/","C:\Users\DIYA GOEL\Downloads\EBDESIGN\backend\src\modules\M201\routes.js","finalBatchModuleM201Routes","1152","12"
"GET","/api/v1/backend-modules/M201","/:id","/api/v1/backend-modules/M201/:id","C:\Users\DIYA GOEL\Downloads\EBDESIGN\backend\src\modules\M201\routes.js","finalBatchModuleM201Routes","1152","13"
"PUT","/api/v1/backend-modules/M201","/:id","/api/v1/backend-modules/M201/:id","C:\Users\DIYA GOEL\Downloads\EBDESIGN\backend\src\modules\M201\routes.js","finalBatchModuleM201Routes","1152","14"
"DELETE","/api/v1/backend-modules/M201","/:id","/api/v1/backend-modules/M201/:id","C:\Users\DIYA GOEL\Downloads\EBDESIGN\backend\src\modules\M201\routes.js","finalBatchModuleM201Routes","1152","15"
"GET","/api/v1/backend-modules/M201","/","/api/v1/backend-modules/M201/","C:\Users\DIYA GOEL\Downloads\EBDESIGN\backend\src\modules\M201\routes.js","finalBatchModuleM201Routes","1152","16"
"POST","/api/v1/backend-modules/M301","/","/api/v1/backend-modules/M301/","C:\Users\DIYA GOEL\Downloads\EBDESIGN\backend\src\modules\M301\routes.js","finalBatchModuleM301Routes","1153","12"
"GET","/api/v1/backend-modules/M301","/:id","/api/v1/backend-modules/M301/:id","C:\Users\DIYA GOEL\Downloads\EBDESIGN\backend\src\modules\M301\routes.js","finalBatchModuleM301Routes","1153","13"
"PUT","/api/v1/backend-modules/M301","/:id","/api/v1/backend-modules/M301/:id","C:\Users\DIYA GOEL\Downloads\EBDESIGN\backend\src\modules\M301\routes.js","finalBatchModuleM301Routes","1153","14"
"DELETE","/api/v1/backend-modules/M301","/:id","/api/v1/backend-modules/M301/:id","C:\Users\DIYA GOEL\Downloads\EBDESIGN\backend\src\modules\M301\routes.js","finalBatchModuleM301Routes","1153","15"
"GET","/api/v1/backend-modules/M301","/","/api/v1/backend-modules/M301/","C:\Users\DIYA GOEL\Downloads\EBDESIGN\backend\src\modules\M301\routes.js","finalBatchModuleM301Routes","1153","16"
"POST","/api/v1/backend-modules/M63","/","/api/v1/backend-modules/M63/","C:\Users\DIYA GOEL\Downloads\EBDESIGN\backend\src\modules\M63\routes.js","finalBatchModuleM63Routes","1154","12"
"GET","/api/v1/backend-modules/M63","/:id","/api/v1/backend-modules/M63/:id","C:\Users\DIYA GOEL\Downloads\EBDESIGN\backend\src\modules\M63\routes.js","finalBatchModuleM63Routes","1154","13"
"PUT","/api/v1/backend-modules/M63","/:id","/api/v1/backend-modules/M63/:id","C:\Users\DIYA GOEL\Downloads\EBDESIGN\backend\src\modules\M63\routes.js","finalBatchModuleM63Routes","1154","14"
"DELETE","/api/v1/backend-modules/M63","/:id","/api/v1/backend-modules/M63/:id","C:\Users\DIYA GOEL\Downloads\EBDESIGN\backend\src\modules\M63\routes.js","finalBatchModuleM63Routes","1154","15"
"GET","/api/v1/backend-modules/M63","/","/api/v1/backend-modules/M63/","C:\Users\DIYA GOEL\Downloads\EBDESIGN\backend\src\modules\M63\routes.js","finalBatchModuleM63Routes","1154","16"
"POST","/api/v1/backend-modules/M64","/","/api/v1/backend-modules/M64/","C:\Users\DIYA GOEL\Downloads\EBDESIGN\backend\src\modules\M64\routes.js","finalBatchModuleM64Routes","1155","12"
"GET","/api/v1/backend-modules/M64","/:id","/api/v1/backend-modules/M64/:id","C:\Users\DIYA GOEL\Downloads\EBDESIGN\backend\src\modules\M64\routes.js","finalBatchModuleM64Routes","1155","13"
"PUT","/api/v1/backend-modules/M64","/:id","/api/v1/backend-modules/M64/:id","C:\Users\DIYA GOEL\Downloads\EBDESIGN\backend\src\modules\M64\routes.js","finalBatchModuleM64Routes","1155","14"
"DELETE","/api/v1/backend-modules/M64","/:id","/api/v1/backend-modules/M64/:id","C:\Users\DIYA GOEL\Downloads\EBDESIGN\backend\src\modules\M64\routes.js","finalBatchModuleM64Routes","1155","15"
"GET","/api/v1/backend-modules/M64","/","/api/v1/backend-modules/M64/","C:\Users\DIYA GOEL\Downloads\EBDESIGN\backend\src\modules\M64\routes.js","finalBatchModuleM64Routes","1155","16"
"POST","/api/v1/backend-modules/M65","/","/api/v1/backend-modules/M65/","C:\Users\DIYA GOEL\Downloads\EBDESIGN\backend\src\modules\M65\routes.js","finalBatchModuleM65Routes","1156","12"
"GET","/api/v1/backend-modules/M65","/:id","/api/v1/backend-modules/M65/:id","C:\Users\DIYA GOEL\Downloads\EBDESIGN\backend\src\modules\M65\routes.js","finalBatchModuleM65Routes","1156","13"
"PUT","/api/v1/backend-modules/M65","/:id","/api/v1/backend-modules/M65/:id","C:\Users\DIYA GOEL\Downloads\EBDESIGN\backend\src\modules\M65\routes.js","finalBatchModuleM65Routes","1156","14"
"DELETE","/api/v1/backend-modules/M65","/:id","/api/v1/backend-modules/M65/:id","C:\Users\DIYA GOEL\Downloads\EBDESIGN\backend\src\modules\M65\routes.js","finalBatchModuleM65Routes","1156","15"
"GET","/api/v1/backend-modules/M65","/","/api/v1/backend-modules/M65/","C:\Users\DIYA GOEL\Downloads\EBDESIGN\backend\src\modules\M65\routes.js","finalBatchModuleM65Routes","1156","16"
"POST","/api/v1/backend-modules/M001","/initialize","/api/v1/backend-modules/M001/initialize","C:\Users\DIYA GOEL\Downloads\EBDESIGN\backend\src\modules\M001\routes.js","legacyModuleM001Routes","1157","9"
"GET","/api/v1/backend-modules/M001","/health","/api/v1/backend-modules/M001/health","C:\Users\DIYA GOEL\Downloads\EBDESIGN\backend\src\modules\M001\routes.js","legacyModuleM001Routes","1157","10"
"GET","/api/v1/backend-modules/M001","/metrics","/api/v1/backend-modules/M001/metrics","C:\Users\DIYA GOEL\Downloads\EBDESIGN\backend\src\modules\M001\routes.js","legacyModuleM001Routes","1157","11"
"PUT","/api/v1/backend-modules/M001","/configurations/:id","/api/v1/backend-modules/M001/configurations/:id","C:\Users\DIYA GOEL\Downloads\EBDESIGN\backend\src\modules\M001\routes.js","legacyModuleM001Routes","1157","12"
"POST","/api/v1/backend-modules/M016","/identities","/api/v1/backend-modules/M016/identities","C:\Users\DIYA GOEL\Downloads\EBDESIGN\backend\src\modules\M016\routes.js","legacyModuleM016Routes","1158","11"
"GET","/api/v1/backend-modules/M016","/identities/:userId([0-9a-fA-F-]{36})","/api/v1/backend-modules/M016/identities/:userId([0-9a-fA-F-]{36})","C:\Users\DIYA GOEL\Downloads\EBDESIGN\backend\src\modules\M016\routes.js","legacyModuleM016Routes","1158","12"
"GET","/api/v1/backend-modules/M016","/identities/:identityId([1-9][0-9]*)","/api/v1/backend-modules/M016/identities/:identityId([1-9][0-9]*)","C:\Users\DIYA GOEL\Downloads\EBDESIGN\backend\src\modules\M016\routes.js","legacyModuleM016Routes","1158","13"
"PUT","/api/v1/backend-modules/M016","/identities/:identityId","/api/v1/backend-modules/M016/identities/:identityId","C:\Users\DIYA GOEL\Downloads\EBDESIGN\backend\src\modules\M016\routes.js","legacyModuleM016Routes","1158","14"
"POST","/api/v1/backend-modules/M016","/identities/:identityId/revoke","/api/v1/backend-modules/M016/identities/:identityId/revoke","C:\Users\DIYA GOEL\Downloads\EBDESIGN\backend\src\modules\M016\routes.js","legacyModuleM016Routes","1158","15"
"POST","/api/v1/backend-modules/M016","/attribute-mappings","/api/v1/backend-modules/M016/attribute-mappings","C:\Users\DIYA GOEL\Downloads\EBDESIGN\backend\src\modules\M016\routes.js","legacyModuleM016Routes","1158","18"
"GET","/api/v1/backend-modules/M016","/attribute-mappings/:provider","/api/v1/backend-modules/M016/attribute-mappings/:provider","C:\Users\DIYA GOEL\Downloads\EBDESIGN\backend\src\modules\M016\routes.js","legacyModuleM016Routes","1158","19"
"POST","/api/v1/backend-modules/M016","/attribute-mappings/apply","/api/v1/backend-modules/M016/attribute-mappings/apply","C:\Users\DIYA GOEL\Downloads\EBDESIGN\backend\src\modules\M016\routes.js","legacyModuleM016Routes","1158","20"
"POST","/api/v1/backend-modules/M016","/trust-relationships","/api/v1/backend-modules/M016/trust-relationships","C:\Users\DIYA GOEL\Downloads\EBDESIGN\backend\src\modules\M016\routes.js","legacyModuleM016Routes","1158","23"
"GET","/api/v1/backend-modules/M016","/trust-relationships","/api/v1/backend-modules/M016/trust-relationships","C:\Users\DIYA GOEL\Downloads\EBDESIGN\backend\src\modules\M016\routes.js","legacyModuleM016Routes","1158","24"
"POST","/api/v1/backend-modules/M016","/trust-relationships/update-score","/api/v1/backend-modules/M016/trust-relationships/update-score","C:\Users\DIYA GOEL\Downloads\EBDESIGN\backend\src\modules\M016\routes.js","legacyModuleM016Routes","1158","25"
"GET","/api/v1/backend-modules/M016","/directory/search","/api/v1/backend-modules/M016/directory/search","C:\Users\DIYA GOEL\Downloads\EBDESIGN\backend\src\modules\M016\routes.js","legacyModuleM016Routes","1158","28"
"GET","/api/v1/backend-modules/M016","/analytics/patterns","/api/v1/backend-modules/M016/analytics/patterns","C:\Users\DIYA GOEL\Downloads\EBDESIGN\backend\src\modules\M016\routes.js","legacyModuleM016Routes","1158","31"
"GET","/api/v1/backend-modules/M016","/health","/api/v1/backend-modules/M016/health","C:\Users\DIYA GOEL\Downloads\EBDESIGN\backend\src\modules\M016\routes.js","legacyModuleM016Routes","1158","34"
"GET","/api/v1/backend-modules/M031","/","/api/v1/backend-modules/M031/","C:\Users\DIYA GOEL\Downloads\EBDESIGN\backend\src\modules\M031\routes.js","legacyModuleM031Routes","1159","20"
"POST","/api/v1/backend-modules/M031","/bulk","/api/v1/backend-modules/M031/bulk","C:\Users\DIYA GOEL\Downloads\EBDESIGN\backend\src\modules\M031\routes.js","legacyModuleM031Routes","1159","28"
"GET","/api/v1/backend-modules/M031","/search","/api/v1/backend-modules/M031/search","C:\Users\DIYA GOEL\Downloads\EBDESIGN\backend\src\modules\M031\routes.js","legacyModuleM031Routes","1159","36"
"POST","/api/v1/backend-modules/M031","/","/api/v1/backend-modules/M031/","C:\Users\DIYA GOEL\Downloads\EBDESIGN\backend\src\modules\M031\routes.js","legacyModuleM031Routes","1159","44"
"GET","/api/v1/backend-modules/M031","/:id","/api/v1/backend-modules/M031/:id","C:\Users\DIYA GOEL\Downloads\EBDESIGN\backend\src\modules\M031\routes.js","legacyModuleM031Routes","1159","51"
"PUT","/api/v1/backend-modules/M031","/:id","/api/v1/backend-modules/M031/:id","C:\Users\DIYA GOEL\Downloads\EBDESIGN\backend\src\modules\M031\routes.js","legacyModuleM031Routes","1159","58"
"DELETE","/api/v1/backend-modules/M031","/:id","/api/v1/backend-modules/M031/:id","C:\Users\DIYA GOEL\Downloads\EBDESIGN\backend\src\modules\M031\routes.js","legacyModuleM031Routes","1159","65"
"GET","/api/v1/backend-modules/M032","/","/api/v1/backend-modules/M032/","C:\Users\DIYA GOEL\Downloads\EBDESIGN\backend\src\modules\M032\routes.js","legacyModuleM032Routes","1160","20"
"POST","/api/v1/backend-modules/M032","/bulk","/api/v1/backend-modules/M032/bulk","C:\Users\DIYA GOEL\Downloads\EBDESIGN\backend\src\modules\M032\routes.js","legacyModuleM032Routes","1160","28"
"GET","/api/v1/backend-modules/M032","/search","/api/v1/backend-modules/M032/search","C:\Users\DIYA GOEL\Downloads\EBDESIGN\backend\src\modules\M032\routes.js","legacyModuleM032Routes","1160","36"
"POST","/api/v1/backend-modules/M032","/","/api/v1/backend-modules/M032/","C:\Users\DIYA GOEL\Downloads\EBDESIGN\backend\src\modules\M032\routes.js","legacyModuleM032Routes","1160","44"
"GET","/api/v1/backend-modules/M032","/:id","/api/v1/backend-modules/M032/:id","C:\Users\DIYA GOEL\Downloads\EBDESIGN\backend\src\modules\M032\routes.js","legacyModuleM032Routes","1160","51"
"PUT","/api/v1/backend-modules/M032","/:id","/api/v1/backend-modules/M032/:id","C:\Users\DIYA GOEL\Downloads\EBDESIGN\backend\src\modules\M032\routes.js","legacyModuleM032Routes","1160","58"
"DELETE","/api/v1/backend-modules/M032","/:id","/api/v1/backend-modules/M032/:id","C:\Users\DIYA GOEL\Downloads\EBDESIGN\backend\src\modules\M032\routes.js","legacyModuleM032Routes","1160","65"
"GET","/api/v1/backend-modules/M033","/","/api/v1/backend-modules/M033/","C:\Users\DIYA GOEL\Downloads\EBDESIGN\backend\src\modules\M033\routes.js","legacyModuleM033Routes","1161","20"
"POST","/api/v1/backend-modules/M033","/bulk","/api/v1/backend-modules/M033/bulk","C:\Users\DIYA GOEL\Downloads\EBDESIGN\backend\src\modules\M033\routes.js","legacyModuleM033Routes","1161","28"
"GET","/api/v1/backend-modules/M033","/search","/api/v1/backend-modules/M033/search","C:\Users\DIYA GOEL\Downloads\EBDESIGN\backend\src\modules\M033\routes.js","legacyModuleM033Routes","1161","36"
"POST","/api/v1/backend-modules/M033","/","/api/v1/backend-modules/M033/","C:\Users\DIYA GOEL\Downloads\EBDESIGN\backend\src\modules\M033\routes.js","legacyModuleM033Routes","1161","44"
"GET","/api/v1/backend-modules/M033","/:id","/api/v1/backend-modules/M033/:id","C:\Users\DIYA GOEL\Downloads\EBDESIGN\backend\src\modules\M033\routes.js","legacyModuleM033Routes","1161","51"
"PUT","/api/v1/backend-modules/M033","/:id","/api/v1/backend-modules/M033/:id","C:\Users\DIYA GOEL\Downloads\EBDESIGN\backend\src\modules\M033\routes.js","legacyModuleM033Routes","1161","58"
"DELETE","/api/v1/backend-modules/M033","/:id","/api/v1/backend-modules/M033/:id","C:\Users\DIYA GOEL\Downloads\EBDESIGN\backend\src\modules\M033\routes.js","legacyModuleM033Routes","1161","65"
"GET","/api/v1/backend-modules/M034","/","/api/v1/backend-modules/M034/","C:\Users\DIYA GOEL\Downloads\EBDESIGN\backend\src\modules\M034\routes.js","legacyModuleM034Routes","1162","20"
"POST","/api/v1/backend-modules/M034","/bulk","/api/v1/backend-modules/M034/bulk","C:\Users\DIYA GOEL\Downloads\EBDESIGN\backend\src\modules\M034\routes.js","legacyModuleM034Routes","1162","28"
"GET","/api/v1/backend-modules/M034","/search","/api/v1/backend-modules/M034/search","C:\Users\DIYA GOEL\Downloads\EBDESIGN\backend\src\modules\M034\routes.js","legacyModuleM034Routes","1162","36"
"POST","/api/v1/backend-modules/M034","/","/api/v1/backend-modules/M034/","C:\Users\DIYA GOEL\Downloads\EBDESIGN\backend\src\modules\M034\routes.js","legacyModuleM034Routes","1162","44"
"GET","/api/v1/backend-modules/M034","/:id","/api/v1/backend-modules/M034/:id","C:\Users\DIYA GOEL\Downloads\EBDESIGN\backend\src\modules\M034\routes.js","legacyModuleM034Routes","1162","51"
"PUT","/api/v1/backend-modules/M034","/:id","/api/v1/backend-modules/M034/:id","C:\Users\DIYA GOEL\Downloads\EBDESIGN\backend\src\modules\M034\routes.js","legacyModuleM034Routes","1162","58"
"DELETE","/api/v1/backend-modules/M034","/:id","/api/v1/backend-modules/M034/:id","C:\Users\DIYA GOEL\Downloads\EBDESIGN\backend\src\modules\M034\routes.js","legacyModuleM034Routes","1162","65"
"GET","/api/v1/backend-modules/M035","/","/api/v1/backend-modules/M035/","C:\Users\DIYA GOEL\Downloads\EBDESIGN\backend\src\modules\M035\routes.js","legacyModuleM035Routes","1163","20"
"POST","/api/v1/backend-modules/M035","/bulk","/api/v1/backend-modules/M035/bulk","C:\Users\DIYA GOEL\Downloads\EBDESIGN\backend\src\modules\M035\routes.js","legacyModuleM035Routes","1163","28"
"GET","/api/v1/backend-modules/M035","/search","/api/v1/backend-modules/M035/search","C:\Users\DIYA GOEL\Downloads\EBDESIGN\backend\src\modules\M035\routes.js","legacyModuleM035Routes","1163","36"
"POST","/api/v1/backend-modules/M035","/","/api/v1/backend-modules/M035/","C:\Users\DIYA GOEL\Downloads\EBDESIGN\backend\src\modules\M035\routes.js","legacyModuleM035Routes","1163","44"
"GET","/api/v1/backend-modules/M035","/:id","/api/v1/backend-modules/M035/:id","C:\Users\DIYA GOEL\Downloads\EBDESIGN\backend\src\modules\M035\routes.js","legacyModuleM035Routes","1163","51"
"PUT","/api/v1/backend-modules/M035","/:id","/api/v1/backend-modules/M035/:id","C:\Users\DIYA GOEL\Downloads\EBDESIGN\backend\src\modules\M035\routes.js","legacyModuleM035Routes","1163","58"
"DELETE","/api/v1/backend-modules/M035","/:id","/api/v1/backend-modules/M035/:id","C:\Users\DIYA GOEL\Downloads\EBDESIGN\backend\src\modules\M035\routes.js","legacyModuleM035Routes","1163","65"
"GET","/api/v1/backend-modules/M036","/","/api/v1/backend-modules/M036/","C:\Users\DIYA GOEL\Downloads\EBDESIGN\backend\src\modules\M036\routes.js","legacyModuleM036Routes","1164","20"
"POST","/api/v1/backend-modules/M036","/bulk","/api/v1/backend-modules/M036/bulk","C:\Users\DIYA GOEL\Downloads\EBDESIGN\backend\src\modules\M036\routes.js","legacyModuleM036Routes","1164","28"
"GET","/api/v1/backend-modules/M036","/search","/api/v1/backend-modules/M036/search","C:\Users\DIYA GOEL\Downloads\EBDESIGN\backend\src\modules\M036\routes.js","legacyModuleM036Routes","1164","36"
"POST","/api/v1/backend-modules/M036","/","/api/v1/backend-modules/M036/","C:\Users\DIYA GOEL\Downloads\EBDESIGN\backend\src\modules\M036\routes.js","legacyModuleM036Routes","1164","44"
"GET","/api/v1/backend-modules/M036","/:id","/api/v1/backend-modules/M036/:id","C:\Users\DIYA GOEL\Downloads\EBDESIGN\backend\src\modules\M036\routes.js","legacyModuleM036Routes","1164","51"
"PUT","/api/v1/backend-modules/M036","/:id","/api/v1/backend-modules/M036/:id","C:\Users\DIYA GOEL\Downloads\EBDESIGN\backend\src\modules\M036\routes.js","legacyModuleM036Routes","1164","58"
"DELETE","/api/v1/backend-modules/M036","/:id","/api/v1/backend-modules/M036/:id","C:\Users\DIYA GOEL\Downloads\EBDESIGN\backend\src\modules\M036\routes.js","legacyModuleM036Routes","1164","65"
"GET","/api/v1/backend-modules/M037","/","/api/v1/backend-modules/M037/","C:\Users\DIYA GOEL\Downloads\EBDESIGN\backend\src\modules\M037\routes.js","legacyModuleM037Routes","1165","20"
"POST","/api/v1/backend-modules/M037","/bulk","/api/v1/backend-modules/M037/bulk","C:\Users\DIYA GOEL\Downloads\EBDESIGN\backend\src\modules\M037\routes.js","legacyModuleM037Routes","1165","28"
"GET","/api/v1/backend-modules/M037","/search","/api/v1/backend-modules/M037/search","C:\Users\DIYA GOEL\Downloads\EBDESIGN\backend\src\modules\M037\routes.js","legacyModuleM037Routes","1165","36"
"POST","/api/v1/backend-modules/M037","/","/api/v1/backend-modules/M037/","C:\Users\DIYA GOEL\Downloads\EBDESIGN\backend\src\modules\M037\routes.js","legacyModuleM037Routes","1165","44"
"GET","/api/v1/backend-modules/M037","/:id","/api/v1/backend-modules/M037/:id","C:\Users\DIYA GOEL\Downloads\EBDESIGN\backend\src\modules\M037\routes.js","legacyModuleM037Routes","1165","51"
"PUT","/api/v1/backend-modules/M037","/:id","/api/v1/backend-modules/M037/:id","C:\Users\DIYA GOEL\Downloads\EBDESIGN\backend\src\modules\M037\routes.js","legacyModuleM037Routes","1165","58"
"DELETE","/api/v1/backend-modules/M037","/:id","/api/v1/backend-modules/M037/:id","C:\Users\DIYA GOEL\Downloads\EBDESIGN\backend\src\modules\M037\routes.js","legacyModuleM037Routes","1165","65"
"GET","/api/v1/backend-modules/M038","/","/api/v1/backend-modules/M038/","C:\Users\DIYA GOEL\Downloads\EBDESIGN\backend\src\modules\M038\routes.js","legacyModuleM038Routes","1166","20"
"POST","/api/v1/backend-modules/M038","/bulk","/api/v1/backend-modules/M038/bulk","C:\Users\DIYA GOEL\Downloads\EBDESIGN\backend\src\modules\M038\routes.js","legacyModuleM038Routes","1166","28"
"GET","/api/v1/backend-modules/M038","/search","/api/v1/backend-modules/M038/search","C:\Users\DIYA GOEL\Downloads\EBDESIGN\backend\src\modules\M038\routes.js","legacyModuleM038Routes","1166","36"
"POST","/api/v1/backend-modules/M038","/","/api/v1/backend-modules/M038/","C:\Users\DIYA GOEL\Downloads\EBDESIGN\backend\src\modules\M038\routes.js","legacyModuleM038Routes","1166","44"
"GET","/api/v1/backend-modules/M038","/:id","/api/v1/backend-modules/M038/:id","C:\Users\DIYA GOEL\Downloads\EBDESIGN\backend\src\modules\M038\routes.js","legacyModuleM038Routes","1166","51"
"PUT","/api/v1/backend-modules/M038","/:id","/api/v1/backend-modules/M038/:id","C:\Users\DIYA GOEL\Downloads\EBDESIGN\backend\src\modules\M038\routes.js","legacyModuleM038Routes","1166","58"
"DELETE","/api/v1/backend-modules/M038","/:id","/api/v1/backend-modules/M038/:id","C:\Users\DIYA GOEL\Downloads\EBDESIGN\backend\src\modules\M038\routes.js","legacyModuleM038Routes","1166","65"
"GET","/api/v1/backend-modules/M039","/","/api/v1/backend-modules/M039/","C:\Users\DIYA GOEL\Downloads\EBDESIGN\backend\src\modules\M039\routes.js","legacyModuleM039Routes","1167","20"
"POST","/api/v1/backend-modules/M039","/bulk","/api/v1/backend-modules/M039/bulk","C:\Users\DIYA GOEL\Downloads\EBDESIGN\backend\src\modules\M039\routes.js","legacyModuleM039Routes","1167","28"
"GET","/api/v1/backend-modules/M039","/search","/api/v1/backend-modules/M039/search","C:\Users\DIYA GOEL\Downloads\EBDESIGN\backend\src\modules\M039\routes.js","legacyModuleM039Routes","1167","36"
"POST","/api/v1/backend-modules/M039","/","/api/v1/backend-modules/M039/","C:\Users\DIYA GOEL\Downloads\EBDESIGN\backend\src\modules\M039\routes.js","legacyModuleM039Routes","1167","44"
"GET","/api/v1/backend-modules/M039","/:id","/api/v1/backend-modules/M039/:id","C:\Users\DIYA GOEL\Downloads\EBDESIGN\backend\src\modules\M039\routes.js","legacyModuleM039Routes","1167","51"
"PUT","/api/v1/backend-modules/M039","/:id","/api/v1/backend-modules/M039/:id","C:\Users\DIYA GOEL\Downloads\EBDESIGN\backend\src\modules\M039\routes.js","legacyModuleM039Routes","1167","58"
"DELETE","/api/v1/backend-modules/M039","/:id","/api/v1/backend-modules/M039/:id","C:\Users\DIYA GOEL\Downloads\EBDESIGN\backend\src\modules\M039\routes.js","legacyModuleM039Routes","1167","65"
"GET","/api/v1/backend-modules/M040","/","/api/v1/backend-modules/M040/","C:\Users\DIYA GOEL\Downloads\EBDESIGN\backend\src\modules\M040\routes.js","legacyModuleM040Routes","1168","20"
"POST","/api/v1/backend-modules/M040","/bulk","/api/v1/backend-modules/M040/bulk","C:\Users\DIYA GOEL\Downloads\EBDESIGN\backend\src\modules\M040\routes.js","legacyModuleM040Routes","1168","28"
"GET","/api/v1/backend-modules/M040","/search","/api/v1/backend-modules/M040/search","C:\Users\DIYA GOEL\Downloads\EBDESIGN\backend\src\modules\M040\routes.js","legacyModuleM040Routes","1168","36"
"POST","/api/v1/backend-modules/M040","/","/api/v1/backend-modules/M040/","C:\Users\DIYA GOEL\Downloads\EBDESIGN\backend\src\modules\M040\routes.js","legacyModuleM040Routes","1168","44"
"GET","/api/v1/backend-modules/M040","/:id","/api/v1/backend-modules/M040/:id","C:\Users\DIYA GOEL\Downloads\EBDESIGN\backend\src\modules\M040\routes.js","legacyModuleM040Routes","1168","51"
"PUT","/api/v1/backend-modules/M040","/:id","/api/v1/backend-modules/M040/:id","C:\Users\DIYA GOEL\Downloads\EBDESIGN\backend\src\modules\M040\routes.js","legacyModuleM040Routes","1168","58"
"DELETE","/api/v1/backend-modules/M040","/:id","/api/v1/backend-modules/M040/:id","C:\Users\DIYA GOEL\Downloads\EBDESIGN\backend\src\modules\M040\routes.js","legacyModuleM040Routes","1168","65"
"GET","/api/v1/backend-modules/M042","/","/api/v1/backend-modules/M042/","C:\Users\DIYA GOEL\Downloads\EBDESIGN\backend\src\modules\M042\routes.js","legacyModuleM042Routes","1169","20"
"POST","/api/v1/backend-modules/M042","/bulk","/api/v1/backend-modules/M042/bulk","C:\Users\DIYA GOEL\Downloads\EBDESIGN\backend\src\modules\M042\routes.js","legacyModuleM042Routes","1169","28"
"GET","/api/v1/backend-modules/M042","/search","/api/v1/backend-modules/M042/search","C:\Users\DIYA GOEL\Downloads\EBDESIGN\backend\src\modules\M042\routes.js","legacyModuleM042Routes","1169","36"
"POST","/api/v1/backend-modules/M042","/","/api/v1/backend-modules/M042/","C:\Users\DIYA GOEL\Downloads\EBDESIGN\backend\src\modules\M042\routes.js","legacyModuleM042Routes","1169","44"
"GET","/api/v1/backend-modules/M042","/:id","/api/v1/backend-modules/M042/:id","C:\Users\DIYA GOEL\Downloads\EBDESIGN\backend\src\modules\M042\routes.js","legacyModuleM042Routes","1169","51"
"PUT","/api/v1/backend-modules/M042","/:id","/api/v1/backend-modules/M042/:id","C:\Users\DIYA GOEL\Downloads\EBDESIGN\backend\src\modules\M042\routes.js","legacyModuleM042Routes","1169","58"
"DELETE","/api/v1/backend-modules/M042","/:id","/api/v1/backend-modules/M042/:id","C:\Users\DIYA GOEL\Downloads\EBDESIGN\backend\src\modules\M042\routes.js","legacyModuleM042Routes","1169","65"
"GET","/api/v1/backend-modules/M043","/","/api/v1/backend-modules/M043/","C:\Users\DIYA GOEL\Downloads\EBDESIGN\backend\src\modules\M043\routes.js","legacyModuleM043Routes","1170","20"
"POST","/api/v1/backend-modules/M043","/bulk","/api/v1/backend-modules/M043/bulk","C:\Users\DIYA GOEL\Downloads\EBDESIGN\backend\src\modules\M043\routes.js","legacyModuleM043Routes","1170","28"
"GET","/api/v1/backend-modules/M043","/search","/api/v1/backend-modules/M043/search","C:\Users\DIYA GOEL\Downloads\EBDESIGN\backend\src\modules\M043\routes.js","legacyModuleM043Routes","1170","36"
"POST","/api/v1/backend-modules/M043","/","/api/v1/backend-modules/M043/","C:\Users\DIYA GOEL\Downloads\EBDESIGN\backend\src\modules\M043\routes.js","legacyModuleM043Routes","1170","44"
"GET","/api/v1/backend-modules/M043","/:id","/api/v1/backend-modules/M043/:id","C:\Users\DIYA GOEL\Downloads\EBDESIGN\backend\src\modules\M043\routes.js","legacyModuleM043Routes","1170","51"
"PUT","/api/v1/backend-modules/M043","/:id","/api/v1/backend-modules/M043/:id","C:\Users\DIYA GOEL\Downloads\EBDESIGN\backend\src\modules\M043\routes.js","legacyModuleM043Routes","1170","58"
"DELETE","/api/v1/backend-modules/M043","/:id","/api/v1/backend-modules/M043/:id","C:\Users\DIYA GOEL\Downloads\EBDESIGN\backend\src\modules\M043\routes.js","legacyModuleM043Routes","1170","65"
"GET","/api/v1/backend-modules/M044","/","/api/v1/backend-modules/M044/","C:\Users\DIYA GOEL\Downloads\EBDESIGN\backend\src\modules\M044\routes.js","legacyModuleM044Routes","1171","20"
"POST","/api/v1/backend-modules/M044","/bulk","/api/v1/backend-modules/M044/bulk","C:\Users\DIYA GOEL\Downloads\EBDESIGN\backend\src\modules\M044\routes.js","legacyModuleM044Routes","1171","28"
"GET","/api/v1/backend-modules/M044","/search","/api/v1/backend-modules/M044/search","C:\Users\DIYA GOEL\Downloads\EBDESIGN\backend\src\modules\M044\routes.js","legacyModuleM044Routes","1171","36"
"POST","/api/v1/backend-modules/M044","/","/api/v1/backend-modules/M044/","C:\Users\DIYA GOEL\Downloads\EBDESIGN\backend\src\modules\M044\routes.js","legacyModuleM044Routes","1171","44"
"GET","/api/v1/backend-modules/M044","/:id","/api/v1/backend-modules/M044/:id","C:\Users\DIYA GOEL\Downloads\EBDESIGN\backend\src\modules\M044\routes.js","legacyModuleM044Routes","1171","51"
"PUT","/api/v1/backend-modules/M044","/:id","/api/v1/backend-modules/M044/:id","C:\Users\DIYA GOEL\Downloads\EBDESIGN\backend\src\modules\M044\routes.js","legacyModuleM044Routes","1171","58"
"DELETE","/api/v1/backend-modules/M044","/:id","/api/v1/backend-modules/M044/:id","C:\Users\DIYA GOEL\Downloads\EBDESIGN\backend\src\modules\M044\routes.js","legacyModuleM044Routes","1171","65"
"GET","/api/v1/backend-modules/M045","/","/api/v1/backend-modules/M045/","C:\Users\DIYA GOEL\Downloads\EBDESIGN\backend\src\modules\M045\routes.js","legacyModuleM045Routes","1172","20"
"POST","/api/v1/backend-modules/M045","/bulk","/api/v1/backend-modules/M045/bulk","C:\Users\DIYA GOEL\Downloads\EBDESIGN\backend\src\modules\M045\routes.js","legacyModuleM045Routes","1172","28"
"GET","/api/v1/backend-modules/M045","/search","/api/v1/backend-modules/M045/search","C:\Users\DIYA GOEL\Downloads\EBDESIGN\backend\src\modules\M045\routes.js","legacyModuleM045Routes","1172","36"
"POST","/api/v1/backend-modules/M045","/","/api/v1/backend-modules/M045/","C:\Users\DIYA GOEL\Downloads\EBDESIGN\backend\src\modules\M045\routes.js","legacyModuleM045Routes","1172","44"
"GET","/api/v1/backend-modules/M045","/:id","/api/v1/backend-modules/M045/:id","C:\Users\DIYA GOEL\Downloads\EBDESIGN\backend\src\modules\M045\routes.js","legacyModuleM045Routes","1172","51"
"PUT","/api/v1/backend-modules/M045","/:id","/api/v1/backend-modules/M045/:id","C:\Users\DIYA GOEL\Downloads\EBDESIGN\backend\src\modules\M045\routes.js","legacyModuleM045Routes","1172","58"
"DELETE","/api/v1/backend-modules/M045","/:id","/api/v1/backend-modules/M045/:id","C:\Users\DIYA GOEL\Downloads\EBDESIGN\backend\src\modules\M045\routes.js","legacyModuleM045Routes","1172","65"
"GET","/api/v1/backend-modules/M046","/","/api/v1/backend-modules/M046/","C:\Users\DIYA GOEL\Downloads\EBDESIGN\backend\src\modules\M046\routes.js","legacyModuleM046Routes","1173","20"
"POST","/api/v1/backend-modules/M046","/bulk","/api/v1/backend-modules/M046/bulk","C:\Users\DIYA GOEL\Downloads\EBDESIGN\backend\src\modules\M046\routes.js","legacyModuleM046Routes","1173","28"
"GET","/api/v1/backend-modules/M046","/search","/api/v1/backend-modules/M046/search","C:\Users\DIYA GOEL\Downloads\EBDESIGN\backend\src\modules\M046\routes.js","legacyModuleM046Routes","1173","36"
"POST","/api/v1/backend-modules/M046","/","/api/v1/backend-modules/M046/","C:\Users\DIYA GOEL\Downloads\EBDESIGN\backend\src\modules\M046\routes.js","legacyModuleM046Routes","1173","44"
"GET","/api/v1/backend-modules/M046","/:id","/api/v1/backend-modules/M046/:id","C:\Users\DIYA GOEL\Downloads\EBDESIGN\backend\src\modules\M046\routes.js","legacyModuleM046Routes","1173","51"
"PUT","/api/v1/backend-modules/M046","/:id","/api/v1/backend-modules/M046/:id","C:\Users\DIYA GOEL\Downloads\EBDESIGN\backend\src\modules\M046\routes.js","legacyModuleM046Routes","1173","58"
"DELETE","/api/v1/backend-modules/M046","/:id","/api/v1/backend-modules/M046/:id","C:\Users\DIYA GOEL\Downloads\EBDESIGN\backend\src\modules\M046\routes.js","legacyModuleM046Routes","1173","65"
"GET","/api/v1/backend-modules/M047","/","/api/v1/backend-modules/M047/","C:\Users\DIYA GOEL\Downloads\EBDESIGN\backend\src\modules\M047\routes.js","legacyModuleM047Routes","1174","20"
"POST","/api/v1/backend-modules/M047","/bulk","/api/v1/backend-modules/M047/bulk","C:\Users\DIYA GOEL\Downloads\EBDESIGN\backend\src\modules\M047\routes.js","legacyModuleM047Routes","1174","28"
"GET","/api/v1/backend-modules/M047","/search","/api/v1/backend-modules/M047/search","C:\Users\DIYA GOEL\Downloads\EBDESIGN\backend\src\modules\M047\routes.js","legacyModuleM047Routes","1174","36"
"POST","/api/v1/backend-modules/M047","/","/api/v1/backend-modules/M047/","C:\Users\DIYA GOEL\Downloads\EBDESIGN\backend\src\modules\M047\routes.js","legacyModuleM047Routes","1174","44"
"GET","/api/v1/backend-modules/M047","/:id","/api/v1/backend-modules/M047/:id","C:\Users\DIYA GOEL\Downloads\EBDESIGN\backend\src\modules\M047\routes.js","legacyModuleM047Routes","1174","51"
"PUT","/api/v1/backend-modules/M047","/:id","/api/v1/backend-modules/M047/:id","C:\Users\DIYA GOEL\Downloads\EBDESIGN\backend\src\modules\M047\routes.js","legacyModuleM047Routes","1174","58"
"DELETE","/api/v1/backend-modules/M047","/:id","/api/v1/backend-modules/M047/:id","C:\Users\DIYA GOEL\Downloads\EBDESIGN\backend\src\modules\M047\routes.js","legacyModuleM047Routes","1174","65"
"GET","/api/v1/backend-modules/M048","/","/api/v1/backend-modules/M048/","C:\Users\DIYA GOEL\Downloads\EBDESIGN\backend\src\modules\M048\routes.js","legacyModuleM048Routes","1175","20"
"POST","/api/v1/backend-modules/M048","/bulk","/api/v1/backend-modules/M048/bulk","C:\Users\DIYA GOEL\Downloads\EBDESIGN\backend\src\modules\M048\routes.js","legacyModuleM048Routes","1175","28"
"GET","/api/v1/backend-modules/M048","/search","/api/v1/backend-modules/M048/search","C:\Users\DIYA GOEL\Downloads\EBDESIGN\backend\src\modules\M048\routes.js","legacyModuleM048Routes","1175","36"
"POST","/api/v1/backend-modules/M048","/","/api/v1/backend-modules/M048/","C:\Users\DIYA GOEL\Downloads\EBDESIGN\backend\src\modules\M048\routes.js","legacyModuleM048Routes","1175","44"
"GET","/api/v1/backend-modules/M048","/:id","/api/v1/backend-modules/M048/:id","C:\Users\DIYA GOEL\Downloads\EBDESIGN\backend\src\modules\M048\routes.js","legacyModuleM048Routes","1175","51"
"PUT","/api/v1/backend-modules/M048","/:id","/api/v1/backend-modules/M048/:id","C:\Users\DIYA GOEL\Downloads\EBDESIGN\backend\src\modules\M048\routes.js","legacyModuleM048Routes","1175","58"
"DELETE","/api/v1/backend-modules/M048","/:id","/api/v1/backend-modules/M048/:id","C:\Users\DIYA GOEL\Downloads\EBDESIGN\backend\src\modules\M048\routes.js","legacyModuleM048Routes","1175","65"
"GET","/api/v1/backend-modules/M049","/","/api/v1/backend-modules/M049/","C:\Users\DIYA GOEL\Downloads\EBDESIGN\backend\src\modules\M049\routes.js","legacyModuleM049Routes","1176","20"
"POST","/api/v1/backend-modules/M049","/bulk","/api/v1/backend-modules/M049/bulk","C:\Users\DIYA GOEL\Downloads\EBDESIGN\backend\src\modules\M049\routes.js","legacyModuleM049Routes","1176","28"
"GET","/api/v1/backend-modules/M049","/search","/api/v1/backend-modules/M049/search","C:\Users\DIYA GOEL\Downloads\EBDESIGN\backend\src\modules\M049\routes.js","legacyModuleM049Routes","1176","36"
"POST","/api/v1/backend-modules/M049","/","/api/v1/backend-modules/M049/","C:\Users\DIYA GOEL\Downloads\EBDESIGN\backend\src\modules\M049\routes.js","legacyModuleM049Routes","1176","44"
"GET","/api/v1/backend-modules/M049","/:id","/api/v1/backend-modules/M049/:id","C:\Users\DIYA GOEL\Downloads\EBDESIGN\backend\src\modules\M049\routes.js","legacyModuleM049Routes","1176","51"
"PUT","/api/v1/backend-modules/M049","/:id","/api/v1/backend-modules/M049/:id","C:\Users\DIYA GOEL\Downloads\EBDESIGN\backend\src\modules\M049\routes.js","legacyModuleM049Routes","1176","58"
"DELETE","/api/v1/backend-modules/M049","/:id","/api/v1/backend-modules/M049/:id","C:\Users\DIYA GOEL\Downloads\EBDESIGN\backend\src\modules\M049\routes.js","legacyModuleM049Routes","1176","65"
"GET","/api/v1/backend-modules/M050","/","/api/v1/backend-modules/M050/","C:\Users\DIYA GOEL\Downloads\EBDESIGN\backend\src\modules\M050\routes.js","legacyModuleM050Routes","1177","20"
"POST","/api/v1/backend-modules/M050","/bulk","/api/v1/backend-modules/M050/bulk","C:\Users\DIYA GOEL\Downloads\EBDESIGN\backend\src\modules\M050\routes.js","legacyModuleM050Routes","1177","28"
"GET","/api/v1/backend-modules/M050","/search","/api/v1/backend-modules/M050/search","C:\Users\DIYA GOEL\Downloads\EBDESIGN\backend\src\modules\M050\routes.js","legacyModuleM050Routes","1177","36"
"POST","/api/v1/backend-modules/M050","/","/api/v1/backend-modules/M050/","C:\Users\DIYA GOEL\Downloads\EBDESIGN\backend\src\modules\M050\routes.js","legacyModuleM050Routes","1177","44"
"GET","/api/v1/backend-modules/M050","/:id","/api/v1/backend-modules/M050/:id","C:\Users\DIYA GOEL\Downloads\EBDESIGN\backend\src\modules\M050\routes.js","legacyModuleM050Routes","1177","51"
"PUT","/api/v1/backend-modules/M050","/:id","/api/v1/backend-modules/M050/:id","C:\Users\DIYA GOEL\Downloads\EBDESIGN\backend\src\modules\M050\routes.js","legacyModuleM050Routes","1177","58"
"DELETE","/api/v1/backend-modules/M050","/:id","/api/v1/backend-modules/M050/:id","C:\Users\DIYA GOEL\Downloads\EBDESIGN\backend\src\modules\M050\routes.js","legacyModuleM050Routes","1177","65"
"GET","/api/v1/backend-modules/M051","/","/api/v1/backend-modules/M051/","C:\Users\DIYA GOEL\Downloads\EBDESIGN\backend\src\modules\M051\routes.js","legacyModuleM051Routes","1178","20"
"POST","/api/v1/backend-modules/M051","/bulk","/api/v1/backend-modules/M051/bulk","C:\Users\DIYA GOEL\Downloads\EBDESIGN\backend\src\modules\M051\routes.js","legacyModuleM051Routes","1178","28"
"GET","/api/v1/backend-modules/M051","/search","/api/v1/backend-modules/M051/search","C:\Users\DIYA GOEL\Downloads\EBDESIGN\backend\src\modules\M051\routes.js","legacyModuleM051Routes","1178","36"
"POST","/api/v1/backend-modules/M051","/","/api/v1/backend-modules/M051/","C:\Users\DIYA GOEL\Downloads\EBDESIGN\backend\src\modules\M051\routes.js","legacyModuleM051Routes","1178","44"
"GET","/api/v1/backend-modules/M051","/:id","/api/v1/backend-modules/M051/:id","C:\Users\DIYA GOEL\Downloads\EBDESIGN\backend\src\modules\M051\routes.js","legacyModuleM051Routes","1178","51"
"PUT","/api/v1/backend-modules/M051","/:id","/api/v1/backend-modules/M051/:id","C:\Users\DIYA GOEL\Downloads\EBDESIGN\backend\src\modules\M051\routes.js","legacyModuleM051Routes","1178","58"
"DELETE","/api/v1/backend-modules/M051","/:id","/api/v1/backend-modules/M051/:id","C:\Users\DIYA GOEL\Downloads\EBDESIGN\backend\src\modules\M051\routes.js","legacyModuleM051Routes","1178","65"
"GET","/api/v1/backend-modules/M052","/","/api/v1/backend-modules/M052/","C:\Users\DIYA GOEL\Downloads\EBDESIGN\backend\src\modules\M052\routes.js","legacyModuleM052Routes","1179","20"
"POST","/api/v1/backend-modules/M052","/bulk","/api/v1/backend-modules/M052/bulk","C:\Users\DIYA GOEL\Downloads\EBDESIGN\backend\src\modules\M052\routes.js","legacyModuleM052Routes","1179","28"
"GET","/api/v1/backend-modules/M052","/search","/api/v1/backend-modules/M052/search","C:\Users\DIYA GOEL\Downloads\EBDESIGN\backend\src\modules\M052\routes.js","legacyModuleM052Routes","1179","36"
"POST","/api/v1/backend-modules/M052","/","/api/v1/backend-modules/M052/","C:\Users\DIYA GOEL\Downloads\EBDESIGN\backend\src\modules\M052\routes.js","legacyModuleM052Routes","1179","44"
"GET","/api/v1/backend-modules/M052","/:id","/api/v1/backend-modules/M052/:id","C:\Users\DIYA GOEL\Downloads\EBDESIGN\backend\src\modules\M052\routes.js","legacyModuleM052Routes","1179","51"
"PUT","/api/v1/backend-modules/M052","/:id","/api/v1/backend-modules/M052/:id","C:\Users\DIYA GOEL\Downloads\EBDESIGN\backend\src\modules\M052\routes.js","legacyModuleM052Routes","1179","58"
"DELETE","/api/v1/backend-modules/M052","/:id","/api/v1/backend-modules/M052/:id","C:\Users\DIYA GOEL\Downloads\EBDESIGN\backend\src\modules\M052\routes.js","legacyModuleM052Routes","1179","65"
"GET","/api/v1/backend-modules/M053","/","/api/v1/backend-modules/M053/","C:\Users\DIYA GOEL\Downloads\EBDESIGN\backend\src\modules\M053\routes.js","legacyModuleM053Routes","1180","20"
"POST","/api/v1/backend-modules/M053","/bulk","/api/v1/backend-modules/M053/bulk","C:\Users\DIYA GOEL\Downloads\EBDESIGN\backend\src\modules\M053\routes.js","legacyModuleM053Routes","1180","28"
"GET","/api/v1/backend-modules/M053","/search","/api/v1/backend-modules/M053/search","C:\Users\DIYA GOEL\Downloads\EBDESIGN\backend\src\modules\M053\routes.js","legacyModuleM053Routes","1180","36"
"POST","/api/v1/backend-modules/M053","/","/api/v1/backend-modules/M053/","C:\Users\DIYA GOEL\Downloads\EBDESIGN\backend\src\modules\M053\routes.js","legacyModuleM053Routes","1180","44"
"GET","/api/v1/backend-modules/M053","/:id","/api/v1/backend-modules/M053/:id","C:\Users\DIYA GOEL\Downloads\EBDESIGN\backend\src\modules\M053\routes.js","legacyModuleM053Routes","1180","51"
"PUT","/api/v1/backend-modules/M053","/:id","/api/v1/backend-modules/M053/:id","C:\Users\DIYA GOEL\Downloads\EBDESIGN\backend\src\modules\M053\routes.js","legacyModuleM053Routes","1180","58"
"DELETE","/api/v1/backend-modules/M053","/:id","/api/v1/backend-modules/M053/:id","C:\Users\DIYA GOEL\Downloads\EBDESIGN\backend\src\modules\M053\routes.js","legacyModuleM053Routes","1180","65"
"GET","/api/v1/backend-modules/M054","/","/api/v1/backend-modules/M054/","C:\Users\DIYA GOEL\Downloads\EBDESIGN\backend\src\modules\M054\routes.js","legacyModuleM054Routes","1181","20"
"POST","/api/v1/backend-modules/M054","/bulk","/api/v1/backend-modules/M054/bulk","C:\Users\DIYA GOEL\Downloads\EBDESIGN\backend\src\modules\M054\routes.js","legacyModuleM054Routes","1181","28"
"GET","/api/v1/backend-modules/M054","/search","/api/v1/backend-modules/M054/search","C:\Users\DIYA GOEL\Downloads\EBDESIGN\backend\src\modules\M054\routes.js","legacyModuleM054Routes","1181","36"
"POST","/api/v1/backend-modules/M054","/","/api/v1/backend-modules/M054/","C:\Users\DIYA GOEL\Downloads\EBDESIGN\backend\src\modules\M054\routes.js","legacyModuleM054Routes","1181","44"
"GET","/api/v1/backend-modules/M054","/:id","/api/v1/backend-modules/M054/:id","C:\Users\DIYA GOEL\Downloads\EBDESIGN\backend\src\modules\M054\routes.js","legacyModuleM054Routes","1181","51"
"PUT","/api/v1/backend-modules/M054","/:id","/api/v1/backend-modules/M054/:id","C:\Users\DIYA GOEL\Downloads\EBDESIGN\backend\src\modules\M054\routes.js","legacyModuleM054Routes","1181","58"
"DELETE","/api/v1/backend-modules/M054","/:id","/api/v1/backend-modules/M054/:id","C:\Users\DIYA GOEL\Downloads\EBDESIGN\backend\src\modules\M054\routes.js","legacyModuleM054Routes","1181","65"
"GET","/api/v1/backend-modules/M055","/","/api/v1/backend-modules/M055/","C:\Users\DIYA GOEL\Downloads\EBDESIGN\backend\src\modules\M055\routes.js","legacyModuleM055Routes","1182","20"
"POST","/api/v1/backend-modules/M055","/bulk","/api/v1/backend-modules/M055/bulk","C:\Users\DIYA GOEL\Downloads\EBDESIGN\backend\src\modules\M055\routes.js","legacyModuleM055Routes","1182","28"
"GET","/api/v1/backend-modules/M055","/search","/api/v1/backend-modules/M055/search","C:\Users\DIYA GOEL\Downloads\EBDESIGN\backend\src\modules\M055\routes.js","legacyModuleM055Routes","1182","36"
"POST","/api/v1/backend-modules/M055","/","/api/v1/backend-modules/M055/","C:\Users\DIYA GOEL\Downloads\EBDESIGN\backend\src\modules\M055\routes.js","legacyModuleM055Routes","1182","44"
"GET","/api/v1/backend-modules/M055","/:id","/api/v1/backend-modules/M055/:id","C:\Users\DIYA GOEL\Downloads\EBDESIGN\backend\src\modules\M055\routes.js","legacyModuleM055Routes","1182","51"
"PUT","/api/v1/backend-modules/M055","/:id","/api/v1/backend-modules/M055/:id","C:\Users\DIYA GOEL\Downloads\EBDESIGN\backend\src\modules\M055\routes.js","legacyModuleM055Routes","1182","58"
"DELETE","/api/v1/backend-modules/M055","/:id","/api/v1/backend-modules/M055/:id","C:\Users\DIYA GOEL\Downloads\EBDESIGN\backend\src\modules\M055\routes.js","legacyModuleM055Routes","1182","65"
"GET","/api/v1/backend-modules/M056","/","/api/v1/backend-modules/M056/","C:\Users\DIYA GOEL\Downloads\EBDESIGN\backend\src\modules\M056\routes.js","legacyModuleM056Routes","1183","20"
"POST","/api/v1/backend-modules/M056","/bulk","/api/v1/backend-modules/M056/bulk","C:\Users\DIYA GOEL\Downloads\EBDESIGN\backend\src\modules\M056\routes.js","legacyModuleM056Routes","1183","28"
"GET","/api/v1/backend-modules/M056","/search","/api/v1/backend-modules/M056/search","C:\Users\DIYA GOEL\Downloads\EBDESIGN\backend\src\modules\M056\routes.js","legacyModuleM056Routes","1183","36"
"POST","/api/v1/backend-modules/M056","/","/api/v1/backend-modules/M056/","C:\Users\DIYA GOEL\Downloads\EBDESIGN\backend\src\modules\M056\routes.js","legacyModuleM056Routes","1183","44"
"GET","/api/v1/backend-modules/M056","/:id","/api/v1/backend-modules/M056/:id","C:\Users\DIYA GOEL\Downloads\EBDESIGN\backend\src\modules\M056\routes.js","legacyModuleM056Routes","1183","51"
"PUT","/api/v1/backend-modules/M056","/:id","/api/v1/backend-modules/M056/:id","C:\Users\DIYA GOEL\Downloads\EBDESIGN\backend\src\modules\M056\routes.js","legacyModuleM056Routes","1183","58"
"DELETE","/api/v1/backend-modules/M056","/:id","/api/v1/backend-modules/M056/:id","C:\Users\DIYA GOEL\Downloads\EBDESIGN\backend\src\modules\M056\routes.js","legacyModuleM056Routes","1183","65"
"GET","/api/v1/backend-modules/M057","/","/api/v1/backend-modules/M057/","C:\Users\DIYA GOEL\Downloads\EBDESIGN\backend\src\modules\M057\routes.js","legacyModuleM057Routes","1184","20"
"POST","/api/v1/backend-modules/M057","/bulk","/api/v1/backend-modules/M057/bulk","C:\Users\DIYA GOEL\Downloads\EBDESIGN\backend\src\modules\M057\routes.js","legacyModuleM057Routes","1184","28"
"GET","/api/v1/backend-modules/M057","/search","/api/v1/backend-modules/M057/search","C:\Users\DIYA GOEL\Downloads\EBDESIGN\backend\src\modules\M057\routes.js","legacyModuleM057Routes","1184","36"
"POST","/api/v1/backend-modules/M057","/","/api/v1/backend-modules/M057/","C:\Users\DIYA GOEL\Downloads\EBDESIGN\backend\src\modules\M057\routes.js","legacyModuleM057Routes","1184","44"
"GET","/api/v1/backend-modules/M057","/:id","/api/v1/backend-modules/M057/:id","C:\Users\DIYA GOEL\Downloads\EBDESIGN\backend\src\modules\M057\routes.js","legacyModuleM057Routes","1184","51"
"PUT","/api/v1/backend-modules/M057","/:id","/api/v1/backend-modules/M057/:id","C:\Users\DIYA GOEL\Downloads\EBDESIGN\backend\src\modules\M057\routes.js","legacyModuleM057Routes","1184","58"
"DELETE","/api/v1/backend-modules/M057","/:id","/api/v1/backend-modules/M057/:id","C:\Users\DIYA GOEL\Downloads\EBDESIGN\backend\src\modules\M057\routes.js","legacyModuleM057Routes","1184","65"
"GET","/api/v1/backend-modules/M058","/","/api/v1/backend-modules/M058/","C:\Users\DIYA GOEL\Downloads\EBDESIGN\backend\src\modules\M058\routes.js","legacyModuleM058Routes","1185","20"
"POST","/api/v1/backend-modules/M058","/bulk","/api/v1/backend-modules/M058/bulk","C:\Users\DIYA GOEL\Downloads\EBDESIGN\backend\src\modules\M058\routes.js","legacyModuleM058Routes","1185","28"
"GET","/api/v1/backend-modules/M058","/search","/api/v1/backend-modules/M058/search","C:\Users\DIYA GOEL\Downloads\EBDESIGN\backend\src\modules\M058\routes.js","legacyModuleM058Routes","1185","36"
"POST","/api/v1/backend-modules/M058","/","/api/v1/backend-modules/M058/","C:\Users\DIYA GOEL\Downloads\EBDESIGN\backend\src\modules\M058\routes.js","legacyModuleM058Routes","1185","44"
"GET","/api/v1/backend-modules/M058","/:id","/api/v1/backend-modules/M058/:id","C:\Users\DIYA GOEL\Downloads\EBDESIGN\backend\src\modules\M058\routes.js","legacyModuleM058Routes","1185","51"
"PUT","/api/v1/backend-modules/M058","/:id","/api/v1/backend-modules/M058/:id","C:\Users\DIYA GOEL\Downloads\EBDESIGN\backend\src\modules\M058\routes.js","legacyModuleM058Routes","1185","58"
"DELETE","/api/v1/backend-modules/M058","/:id","/api/v1/backend-modules/M058/:id","C:\Users\DIYA GOEL\Downloads\EBDESIGN\backend\src\modules\M058\routes.js","legacyModuleM058Routes","1185","65"
"GET","/api/v1/backend-modules/M059","/","/api/v1/backend-modules/M059/","C:\Users\DIYA GOEL\Downloads\EBDESIGN\backend\src\modules\M059\routes.js","legacyModuleM059Routes","1186","20"
"POST","/api/v1/backend-modules/M059","/bulk","/api/v1/backend-modules/M059/bulk","C:\Users\DIYA GOEL\Downloads\EBDESIGN\backend\src\modules\M059\routes.js","legacyModuleM059Routes","1186","28"
"GET","/api/v1/backend-modules/M059","/search","/api/v1/backend-modules/M059/search","C:\Users\DIYA GOEL\Downloads\EBDESIGN\backend\src\modules\M059\routes.js","legacyModuleM059Routes","1186","36"
"POST","/api/v1/backend-modules/M059","/","/api/v1/backend-modules/M059/","C:\Users\DIYA GOEL\Downloads\EBDESIGN\backend\src\modules\M059\routes.js","legacyModuleM059Routes","1186","44"
"GET","/api/v1/backend-modules/M059","/:id","/api/v1/backend-modules/M059/:id","C:\Users\DIYA GOEL\Downloads\EBDESIGN\backend\src\modules\M059\routes.js","legacyModuleM059Routes","1186","51"
"PUT","/api/v1/backend-modules/M059","/:id","/api/v1/backend-modules/M059/:id","C:\Users\DIYA GOEL\Downloads\EBDESIGN\backend\src\modules\M059\routes.js","legacyModuleM059Routes","1186","58"
"DELETE","/api/v1/backend-modules/M059","/:id","/api/v1/backend-modules/M059/:id","C:\Users\DIYA GOEL\Downloads\EBDESIGN\backend\src\modules\M059\routes.js","legacyModuleM059Routes","1186","65"
"GET","/api/v1/backend-modules/M060","/","/api/v1/backend-modules/M060/","C:\Users\DIYA GOEL\Downloads\EBDESIGN\backend\src\modules\M060\routes.js","legacyModuleM060Routes","1187","20"
"POST","/api/v1/backend-modules/M060","/bulk","/api/v1/backend-modules/M060/bulk","C:\Users\DIYA GOEL\Downloads\EBDESIGN\backend\src\modules\M060\routes.js","legacyModuleM060Routes","1187","28"
"GET","/api/v1/backend-modules/M060","/search","/api/v1/backend-modules/M060/search","C:\Users\DIYA GOEL\Downloads\EBDESIGN\backend\src\modules\M060\routes.js","legacyModuleM060Routes","1187","36"
"POST","/api/v1/backend-modules/M060","/","/api/v1/backend-modules/M060/","C:\Users\DIYA GOEL\Downloads\EBDESIGN\backend\src\modules\M060\routes.js","legacyModuleM060Routes","1187","44"
"GET","/api/v1/backend-modules/M060","/:id","/api/v1/backend-modules/M060/:id","C:\Users\DIYA GOEL\Downloads\EBDESIGN\backend\src\modules\M060\routes.js","legacyModuleM060Routes","1187","51"
"PUT","/api/v1/backend-modules/M060","/:id","/api/v1/backend-modules/M060/:id","C:\Users\DIYA GOEL\Downloads\EBDESIGN\backend\src\modules\M060\routes.js","legacyModuleM060Routes","1187","58"
"DELETE","/api/v1/backend-modules/M060","/:id","/api/v1/backend-modules/M060/:id","C:\Users\DIYA GOEL\Downloads\EBDESIGN\backend\src\modules\M060\routes.js","legacyModuleM060Routes","1187","65"
"GET","/api/v1/backend-modules/M061","/","/api/v1/backend-modules/M061/","C:\Users\DIYA GOEL\Downloads\EBDESIGN\backend\src\modules\M061\routes.js","legacyModuleM061Routes","1188","20"
"POST","/api/v1/backend-modules/M061","/bulk","/api/v1/backend-modules/M061/bulk","C:\Users\DIYA GOEL\Downloads\EBDESIGN\backend\src\modules\M061\routes.js","legacyModuleM061Routes","1188","28"
"GET","/api/v1/backend-modules/M061","/search","/api/v1/backend-modules/M061/search","C:\Users\DIYA GOEL\Downloads\EBDESIGN\backend\src\modules\M061\routes.js","legacyModuleM061Routes","1188","36"
"POST","/api/v1/backend-modules/M061","/","/api/v1/backend-modules/M061/","C:\Users\DIYA GOEL\Downloads\EBDESIGN\backend\src\modules\M061\routes.js","legacyModuleM061Routes","1188","44"
"GET","/api/v1/backend-modules/M061","/:id","/api/v1/backend-modules/M061/:id","C:\Users\DIYA GOEL\Downloads\EBDESIGN\backend\src\modules\M061\routes.js","legacyModuleM061Routes","1188","51"
"PUT","/api/v1/backend-modules/M061","/:id","/api/v1/backend-modules/M061/:id","C:\Users\DIYA GOEL\Downloads\EBDESIGN\backend\src\modules\M061\routes.js","legacyModuleM061Routes","1188","58"
"DELETE","/api/v1/backend-modules/M061","/:id","/api/v1/backend-modules/M061/:id","C:\Users\DIYA GOEL\Downloads\EBDESIGN\backend\src\modules\M061\routes.js","legacyModuleM061Routes","1188","65"
"GET","/api/v1/backend-modules/M062","/","/api/v1/backend-modules/M062/","C:\Users\DIYA GOEL\Downloads\EBDESIGN\backend\src\modules\M062\routes.js","legacyModuleM062Routes","1189","20"
"POST","/api/v1/backend-modules/M062","/bulk","/api/v1/backend-modules/M062/bulk","C:\Users\DIYA GOEL\Downloads\EBDESIGN\backend\src\modules\M062\routes.js","legacyModuleM062Routes","1189","28"
"GET","/api/v1/backend-modules/M062","/search","/api/v1/backend-modules/M062/search","C:\Users\DIYA GOEL\Downloads\EBDESIGN\backend\src\modules\M062\routes.js","legacyModuleM062Routes","1189","36"
"POST","/api/v1/backend-modules/M062","/","/api/v1/backend-modules/M062/","C:\Users\DIYA GOEL\Downloads\EBDESIGN\backend\src\modules\M062\routes.js","legacyModuleM062Routes","1189","44"
"GET","/api/v1/backend-modules/M062","/:id","/api/v1/backend-modules/M062/:id","C:\Users\DIYA GOEL\Downloads\EBDESIGN\backend\src\modules\M062\routes.js","legacyModuleM062Routes","1189","51"
"PUT","/api/v1/backend-modules/M062","/:id","/api/v1/backend-modules/M062/:id","C:\Users\DIYA GOEL\Downloads\EBDESIGN\backend\src\modules\M062\routes.js","legacyModuleM062Routes","1189","58"
"DELETE","/api/v1/backend-modules/M062","/:id","/api/v1/backend-modules/M062/:id","C:\Users\DIYA GOEL\Downloads\EBDESIGN\backend\src\modules\M062\routes.js","legacyModuleM062Routes","1189","65"
"GET","/api/v1/backend-modules/M063","/","/api/v1/backend-modules/M063/","C:\Users\DIYA GOEL\Downloads\EBDESIGN\backend\src\modules\M063\routes.js","legacyModuleM063Routes","1190","20"
"POST","/api/v1/backend-modules/M063","/bulk","/api/v1/backend-modules/M063/bulk","C:\Users\DIYA GOEL\Downloads\EBDESIGN\backend\src\modules\M063\routes.js","legacyModuleM063Routes","1190","28"
"GET","/api/v1/backend-modules/M063","/search","/api/v1/backend-modules/M063/search","C:\Users\DIYA GOEL\Downloads\EBDESIGN\backend\src\modules\M063\routes.js","legacyModuleM063Routes","1190","36"
"POST","/api/v1/backend-modules/M063","/","/api/v1/backend-modules/M063/","C:\Users\DIYA GOEL\Downloads\EBDESIGN\backend\src\modules\M063\routes.js","legacyModuleM063Routes","1190","44"
"GET","/api/v1/backend-modules/M063","/:id","/api/v1/backend-modules/M063/:id","C:\Users\DIYA GOEL\Downloads\EBDESIGN\backend\src\modules\M063\routes.js","legacyModuleM063Routes","1190","51"
"PUT","/api/v1/backend-modules/M063","/:id","/api/v1/backend-modules/M063/:id","C:\Users\DIYA GOEL\Downloads\EBDESIGN\backend\src\modules\M063\routes.js","legacyModuleM063Routes","1190","58"
"DELETE","/api/v1/backend-modules/M063","/:id","/api/v1/backend-modules/M063/:id","C:\Users\DIYA GOEL\Downloads\EBDESIGN\backend\src\modules\M063\routes.js","legacyModuleM063Routes","1190","65"
"GET","/api/v1/backend-modules/M064","/","/api/v1/backend-modules/M064/","C:\Users\DIYA GOEL\Downloads\EBDESIGN\backend\src\modules\M064\routes.js","legacyModuleM064Routes","1191","20"
"POST","/api/v1/backend-modules/M064","/bulk","/api/v1/backend-modules/M064/bulk","C:\Users\DIYA GOEL\Downloads\EBDESIGN\backend\src\modules\M064\routes.js","legacyModuleM064Routes","1191","28"
"GET","/api/v1/backend-modules/M064","/search","/api/v1/backend-modules/M064/search","C:\Users\DIYA GOEL\Downloads\EBDESIGN\backend\src\modules\M064\routes.js","legacyModuleM064Routes","1191","36"
"POST","/api/v1/backend-modules/M064","/","/api/v1/backend-modules/M064/","C:\Users\DIYA GOEL\Downloads\EBDESIGN\backend\src\modules\M064\routes.js","legacyModuleM064Routes","1191","44"
"GET","/api/v1/backend-modules/M064","/:id","/api/v1/backend-modules/M064/:id","C:\Users\DIYA GOEL\Downloads\EBDESIGN\backend\src\modules\M064\routes.js","legacyModuleM064Routes","1191","51"
"PUT","/api/v1/backend-modules/M064","/:id","/api/v1/backend-modules/M064/:id","C:\Users\DIYA GOEL\Downloads\EBDESIGN\backend\src\modules\M064\routes.js","legacyModuleM064Routes","1191","58"
"DELETE","/api/v1/backend-modules/M064","/:id","/api/v1/backend-modules/M064/:id","C:\Users\DIYA GOEL\Downloads\EBDESIGN\backend\src\modules\M064\routes.js","legacyModuleM064Routes","1191","65"
"GET","/api/v1/backend-modules/M065","/","/api/v1/backend-modules/M065/","C:\Users\DIYA GOEL\Downloads\EBDESIGN\backend\src\modules\M065\routes.js","legacyModuleM065Routes","1192","20"
"POST","/api/v1/backend-modules/M065","/bulk","/api/v1/backend-modules/M065/bulk","C:\Users\DIYA GOEL\Downloads\EBDESIGN\backend\src\modules\M065\routes.js","legacyModuleM065Routes","1192","28"
"GET","/api/v1/backend-modules/M065","/search","/api/v1/backend-modules/M065/search","C:\Users\DIYA GOEL\Downloads\EBDESIGN\backend\src\modules\M065\routes.js","legacyModuleM065Routes","1192","36"
"POST","/api/v1/backend-modules/M065","/","/api/v1/backend-modules/M065/","C:\Users\DIYA GOEL\Downloads\EBDESIGN\backend\src\modules\M065\routes.js","legacyModuleM065Routes","1192","44"
"GET","/api/v1/backend-modules/M065","/:id","/api/v1/backend-modules/M065/:id","C:\Users\DIYA GOEL\Downloads\EBDESIGN\backend\src\modules\M065\routes.js","legacyModuleM065Routes","1192","51"
"PUT","/api/v1/backend-modules/M065","/:id","/api/v1/backend-modules/M065/:id","C:\Users\DIYA GOEL\Downloads\EBDESIGN\backend\src\modules\M065\routes.js","legacyModuleM065Routes","1192","58"
"DELETE","/api/v1/backend-modules/M065","/:id","/api/v1/backend-modules/M065/:id","C:\Users\DIYA GOEL\Downloads\EBDESIGN\backend\src\modules\M065\routes.js","legacyModuleM065Routes","1192","65"
"GET","/api/v1/backend-modules/M066","/","/api/v1/backend-modules/M066/","C:\Users\DIYA GOEL\Downloads\EBDESIGN\backend\src\modules\M066\routes.js","legacyModuleM066Routes","1193","20"
"POST","/api/v1/backend-modules/M066","/bulk","/api/v1/backend-modules/M066/bulk","C:\Users\DIYA GOEL\Downloads\EBDESIGN\backend\src\modules\M066\routes.js","legacyModuleM066Routes","1193","28"
"GET","/api/v1/backend-modules/M066","/search","/api/v1/backend-modules/M066/search","C:\Users\DIYA GOEL\Downloads\EBDESIGN\backend\src\modules\M066\routes.js","legacyModuleM066Routes","1193","36"
"POST","/api/v1/backend-modules/M066","/","/api/v1/backend-modules/M066/","C:\Users\DIYA GOEL\Downloads\EBDESIGN\backend\src\modules\M066\routes.js","legacyModuleM066Routes","1193","44"
"GET","/api/v1/backend-modules/M066","/:id","/api/v1/backend-modules/M066/:id","C:\Users\DIYA GOEL\Downloads\EBDESIGN\backend\src\modules\M066\routes.js","legacyModuleM066Routes","1193","51"
"PUT","/api/v1/backend-modules/M066","/:id","/api/v1/backend-modules/M066/:id","C:\Users\DIYA GOEL\Downloads\EBDESIGN\backend\src\modules\M066\routes.js","legacyModuleM066Routes","1193","58"
"DELETE","/api/v1/backend-modules/M066","/:id","/api/v1/backend-modules/M066/:id","C:\Users\DIYA GOEL\Downloads\EBDESIGN\backend\src\modules\M066\routes.js","legacyModuleM066Routes","1193","65"
"GET","/api/v1/backend-modules/M067","/","/api/v1/backend-modules/M067/","C:\Users\DIYA GOEL\Downloads\EBDESIGN\backend\src\modules\M067\routes.js","legacyModuleM067Routes","1194","20"
"POST","/api/v1/backend-modules/M067","/bulk","/api/v1/backend-modules/M067/bulk","C:\Users\DIYA GOEL\Downloads\EBDESIGN\backend\src\modules\M067\routes.js","legacyModuleM067Routes","1194","28"
"GET","/api/v1/backend-modules/M067","/search","/api/v1/backend-modules/M067/search","C:\Users\DIYA GOEL\Downloads\EBDESIGN\backend\src\modules\M067\routes.js","legacyModuleM067Routes","1194","36"
"POST","/api/v1/backend-modules/M067","/","/api/v1/backend-modules/M067/","C:\Users\DIYA GOEL\Downloads\EBDESIGN\backend\src\modules\M067\routes.js","legacyModuleM067Routes","1194","44"
"GET","/api/v1/backend-modules/M067","/:id","/api/v1/backend-modules/M067/:id","C:\Users\DIYA GOEL\Downloads\EBDESIGN\backend\src\modules\M067\routes.js","legacyModuleM067Routes","1194","51"
"PUT","/api/v1/backend-modules/M067","/:id","/api/v1/backend-modules/M067/:id","C:\Users\DIYA GOEL\Downloads\EBDESIGN\backend\src\modules\M067\routes.js","legacyModuleM067Routes","1194","58"
"DELETE","/api/v1/backend-modules/M067","/:id","/api/v1/backend-modules/M067/:id","C:\Users\DIYA GOEL\Downloads\EBDESIGN\backend\src\modules\M067\routes.js","legacyModuleM067Routes","1194","65"
"GET","/api/v1/backend-modules/M068","/","/api/v1/backend-modules/M068/","C:\Users\DIYA GOEL\Downloads\EBDESIGN\backend\src\modules\M068\routes.js","legacyModuleM068Routes","1195","20"
"POST","/api/v1/backend-modules/M068","/bulk","/api/v1/backend-modules/M068/bulk","C:\Users\DIYA GOEL\Downloads\EBDESIGN\backend\src\modules\M068\routes.js","legacyModuleM068Routes","1195","28"
"GET","/api/v1/backend-modules/M068","/search","/api/v1/backend-modules/M068/search","C:\Users\DIYA GOEL\Downloads\EBDESIGN\backend\src\modules\M068\routes.js","legacyModuleM068Routes","1195","36"
"POST","/api/v1/backend-modules/M068","/","/api/v1/backend-modules/M068/","C:\Users\DIYA GOEL\Downloads\EBDESIGN\backend\src\modules\M068\routes.js","legacyModuleM068Routes","1195","44"
"GET","/api/v1/backend-modules/M068","/:id","/api/v1/backend-modules/M068/:id","C:\Users\DIYA GOEL\Downloads\EBDESIGN\backend\src\modules\M068\routes.js","legacyModuleM068Routes","1195","51"
"PUT","/api/v1/backend-modules/M068","/:id","/api/v1/backend-modules/M068/:id","C:\Users\DIYA GOEL\Downloads\EBDESIGN\backend\src\modules\M068\routes.js","legacyModuleM068Routes","1195","58"
"DELETE","/api/v1/backend-modules/M068","/:id","/api/v1/backend-modules/M068/:id","C:\Users\DIYA GOEL\Downloads\EBDESIGN\backend\src\modules\M068\routes.js","legacyModuleM068Routes","1195","65"
"GET","/api/v1/backend-modules/M069","/","/api/v1/backend-modules/M069/","C:\Users\DIYA GOEL\Downloads\EBDESIGN\backend\src\modules\M069\routes.js","legacyModuleM069Routes","1196","20"
"POST","/api/v1/backend-modules/M069","/bulk","/api/v1/backend-modules/M069/bulk","C:\Users\DIYA GOEL\Downloads\EBDESIGN\backend\src\modules\M069\routes.js","legacyModuleM069Routes","1196","28"
"GET","/api/v1/backend-modules/M069","/search","/api/v1/backend-modules/M069/search","C:\Users\DIYA GOEL\Downloads\EBDESIGN\backend\src\modules\M069\routes.js","legacyModuleM069Routes","1196","36"
"POST","/api/v1/backend-modules/M069","/","/api/v1/backend-modules/M069/","C:\Users\DIYA GOEL\Downloads\EBDESIGN\backend\src\modules\M069\routes.js","legacyModuleM069Routes","1196","44"
"GET","/api/v1/backend-modules/M069","/:id","/api/v1/backend-modules/M069/:id","C:\Users\DIYA GOEL\Downloads\EBDESIGN\backend\src\modules\M069\routes.js","legacyModuleM069Routes","1196","51"
"PUT","/api/v1/backend-modules/M069","/:id","/api/v1/backend-modules/M069/:id","C:\Users\DIYA GOEL\Downloads\EBDESIGN\backend\src\modules\M069\routes.js","legacyModuleM069Routes","1196","58"
"DELETE","/api/v1/backend-modules/M069","/:id","/api/v1/backend-modules/M069/:id","C:\Users\DIYA GOEL\Downloads\EBDESIGN\backend\src\modules\M069\routes.js","legacyModuleM069Routes","1196","65"
"GET","/api/v1/backend-modules/M070","/","/api/v1/backend-modules/M070/","C:\Users\DIYA GOEL\Downloads\EBDESIGN\backend\src\modules\M070\routes.js","legacyModuleM070Routes","1197","20"
"POST","/api/v1/backend-modules/M070","/bulk","/api/v1/backend-modules/M070/bulk","C:\Users\DIYA GOEL\Downloads\EBDESIGN\backend\src\modules\M070\routes.js","legacyModuleM070Routes","1197","28"
"GET","/api/v1/backend-modules/M070","/search","/api/v1/backend-modules/M070/search","C:\Users\DIYA GOEL\Downloads\EBDESIGN\backend\src\modules\M070\routes.js","legacyModuleM070Routes","1197","36"
"POST","/api/v1/backend-modules/M070","/","/api/v1/backend-modules/M070/","C:\Users\DIYA GOEL\Downloads\EBDESIGN\backend\src\modules\M070\routes.js","legacyModuleM070Routes","1197","44"
"GET","/api/v1/backend-modules/M070","/:id","/api/v1/backend-modules/M070/:id","C:\Users\DIYA GOEL\Downloads\EBDESIGN\backend\src\modules\M070\routes.js","legacyModuleM070Routes","1197","51"
"PUT","/api/v1/backend-modules/M070","/:id","/api/v1/backend-modules/M070/:id","C:\Users\DIYA GOEL\Downloads\EBDESIGN\backend\src\modules\M070\routes.js","legacyModuleM070Routes","1197","58"
"DELETE","/api/v1/backend-modules/M070","/:id","/api/v1/backend-modules/M070/:id","C:\Users\DIYA GOEL\Downloads\EBDESIGN\backend\src\modules\M070\routes.js","legacyModuleM070Routes","1197","65"
"GET","/api/v1/backend-modules/M071","/","/api/v1/backend-modules/M071/","C:\Users\DIYA GOEL\Downloads\EBDESIGN\backend\src\modules\M071\routes.js","legacyModuleM071Routes","1198","20"
"POST","/api/v1/backend-modules/M071","/bulk","/api/v1/backend-modules/M071/bulk","C:\Users\DIYA GOEL\Downloads\EBDESIGN\backend\src\modules\M071\routes.js","legacyModuleM071Routes","1198","28"
"GET","/api/v1/backend-modules/M071","/search","/api/v1/backend-modules/M071/search","C:\Users\DIYA GOEL\Downloads\EBDESIGN\backend\src\modules\M071\routes.js","legacyModuleM071Routes","1198","36"
"POST","/api/v1/backend-modules/M071","/","/api/v1/backend-modules/M071/","C:\Users\DIYA GOEL\Downloads\EBDESIGN\backend\src\modules\M071\routes.js","legacyModuleM071Routes","1198","44"
"GET","/api/v1/backend-modules/M071","/:id","/api/v1/backend-modules/M071/:id","C:\Users\DIYA GOEL\Downloads\EBDESIGN\backend\src\modules\M071\routes.js","legacyModuleM071Routes","1198","51"
"PUT","/api/v1/backend-modules/M071","/:id","/api/v1/backend-modules/M071/:id","C:\Users\DIYA GOEL\Downloads\EBDESIGN\backend\src\modules\M071\routes.js","legacyModuleM071Routes","1198","58"
"DELETE","/api/v1/backend-modules/M071","/:id","/api/v1/backend-modules/M071/:id","C:\Users\DIYA GOEL\Downloads\EBDESIGN\backend\src\modules\M071\routes.js","legacyModuleM071Routes","1198","65"
"GET","/api/v1/backend-modules/M072","/","/api/v1/backend-modules/M072/","C:\Users\DIYA GOEL\Downloads\EBDESIGN\backend\src\modules\M072\routes.js","legacyModuleM072Routes","1199","20"
"POST","/api/v1/backend-modules/M072","/bulk","/api/v1/backend-modules/M072/bulk","C:\Users\DIYA GOEL\Downloads\EBDESIGN\backend\src\modules\M072\routes.js","legacyModuleM072Routes","1199","28"
"GET","/api/v1/backend-modules/M072","/search","/api/v1/backend-modules/M072/search","C:\Users\DIYA GOEL\Downloads\EBDESIGN\backend\src\modules\M072\routes.js","legacyModuleM072Routes","1199","36"
"POST","/api/v1/backend-modules/M072","/","/api/v1/backend-modules/M072/","C:\Users\DIYA GOEL\Downloads\EBDESIGN\backend\src\modules\M072\routes.js","legacyModuleM072Routes","1199","44"
"GET","/api/v1/backend-modules/M072","/:id","/api/v1/backend-modules/M072/:id","C:\Users\DIYA GOEL\Downloads\EBDESIGN\backend\src\modules\M072\routes.js","legacyModuleM072Routes","1199","51"
"PUT","/api/v1/backend-modules/M072","/:id","/api/v1/backend-modules/M072/:id","C:\Users\DIYA GOEL\Downloads\EBDESIGN\backend\src\modules\M072\routes.js","legacyModuleM072Routes","1199","58"
"DELETE","/api/v1/backend-modules/M072","/:id","/api/v1/backend-modules/M072/:id","C:\Users\DIYA GOEL\Downloads\EBDESIGN\backend\src\modules\M072\routes.js","legacyModuleM072Routes","1199","65"
"GET","/api/v1/backend-modules/M073","/","/api/v1/backend-modules/M073/","C:\Users\DIYA GOEL\Downloads\EBDESIGN\backend\src\modules\M073\routes.js","legacyModuleM073Routes","1200","20"
"POST","/api/v1/backend-modules/M073","/bulk","/api/v1/backend-modules/M073/bulk","C:\Users\DIYA GOEL\Downloads\EBDESIGN\backend\src\modules\M073\routes.js","legacyModuleM073Routes","1200","28"
"GET","/api/v1/backend-modules/M073","/search","/api/v1/backend-modules/M073/search","C:\Users\DIYA GOEL\Downloads\EBDESIGN\backend\src\modules\M073\routes.js","legacyModuleM073Routes","1200","36"
"POST","/api/v1/backend-modules/M073","/","/api/v1/backend-modules/M073/","C:\Users\DIYA GOEL\Downloads\EBDESIGN\backend\src\modules\M073\routes.js","legacyModuleM073Routes","1200","44"
"GET","/api/v1/backend-modules/M073","/:id","/api/v1/backend-modules/M073/:id","C:\Users\DIYA GOEL\Downloads\EBDESIGN\backend\src\modules\M073\routes.js","legacyModuleM073Routes","1200","51"
"PUT","/api/v1/backend-modules/M073","/:id","/api/v1/backend-modules/M073/:id","C:\Users\DIYA GOEL\Downloads\EBDESIGN\backend\src\modules\M073\routes.js","legacyModuleM073Routes","1200","58"
"DELETE","/api/v1/backend-modules/M073","/:id","/api/v1/backend-modules/M073/:id","C:\Users\DIYA GOEL\Downloads\EBDESIGN\backend\src\modules\M073\routes.js","legacyModuleM073Routes","1200","65"
"GET","/api/v1/backend-modules/M074","/","/api/v1/backend-modules/M074/","C:\Users\DIYA GOEL\Downloads\EBDESIGN\backend\src\modules\M074\routes.js","legacyModuleM074Routes","1201","20"
"POST","/api/v1/backend-modules/M074","/bulk","/api/v1/backend-modules/M074/bulk","C:\Users\DIYA GOEL\Downloads\EBDESIGN\backend\src\modules\M074\routes.js","legacyModuleM074Routes","1201","28"
"GET","/api/v1/backend-modules/M074","/search","/api/v1/backend-modules/M074/search","C:\Users\DIYA GOEL\Downloads\EBDESIGN\backend\src\modules\M074\routes.js","legacyModuleM074Routes","1201","36"
"POST","/api/v1/backend-modules/M074","/","/api/v1/backend-modules/M074/","C:\Users\DIYA GOEL\Downloads\EBDESIGN\backend\src\modules\M074\routes.js","legacyModuleM074Routes","1201","44"
"GET","/api/v1/backend-modules/M074","/:id","/api/v1/backend-modules/M074/:id","C:\Users\DIYA GOEL\Downloads\EBDESIGN\backend\src\modules\M074\routes.js","legacyModuleM074Routes","1201","51"
"PUT","/api/v1/backend-modules/M074","/:id","/api/v1/backend-modules/M074/:id","C:\Users\DIYA GOEL\Downloads\EBDESIGN\backend\src\modules\M074\routes.js","legacyModuleM074Routes","1201","58"
"DELETE","/api/v1/backend-modules/M074","/:id","/api/v1/backend-modules/M074/:id","C:\Users\DIYA GOEL\Downloads\EBDESIGN\backend\src\modules\M074\routes.js","legacyModuleM074Routes","1201","65"
"GET","/api/v1/backend-modules/M075","/","/api/v1/backend-modules/M075/","C:\Users\DIYA GOEL\Downloads\EBDESIGN\backend\src\modules\M075\routes.js","legacyModuleM075Routes","1202","20"
"POST","/api/v1/backend-modules/M075","/bulk","/api/v1/backend-modules/M075/bulk","C:\Users\DIYA GOEL\Downloads\EBDESIGN\backend\src\modules\M075\routes.js","legacyModuleM075Routes","1202","28"
"GET","/api/v1/backend-modules/M075","/search","/api/v1/backend-modules/M075/search","C:\Users\DIYA GOEL\Downloads\EBDESIGN\backend\src\modules\M075\routes.js","legacyModuleM075Routes","1202","36"
"POST","/api/v1/backend-modules/M075","/","/api/v1/backend-modules/M075/","C:\Users\DIYA GOEL\Downloads\EBDESIGN\backend\src\modules\M075\routes.js","legacyModuleM075Routes","1202","44"
"GET","/api/v1/backend-modules/M075","/:id","/api/v1/backend-modules/M075/:id","C:\Users\DIYA GOEL\Downloads\EBDESIGN\backend\src\modules\M075\routes.js","legacyModuleM075Routes","1202","51"
"PUT","/api/v1/backend-modules/M075","/:id","/api/v1/backend-modules/M075/:id","C:\Users\DIYA GOEL\Downloads\EBDESIGN\backend\src\modules\M075\routes.js","legacyModuleM075Routes","1202","58"
"DELETE","/api/v1/backend-modules/M075","/:id","/api/v1/backend-modules/M075/:id","C:\Users\DIYA GOEL\Downloads\EBDESIGN\backend\src\modules\M075\routes.js","legacyModuleM075Routes","1202","65"
"GET","/api/v1/backend-modules/M076","/","/api/v1/backend-modules/M076/","C:\Users\DIYA GOEL\Downloads\EBDESIGN\backend\src\modules\M076\routes.js","legacyModuleM076Routes","1203","20"
"POST","/api/v1/backend-modules/M076","/bulk","/api/v1/backend-modules/M076/bulk","C:\Users\DIYA GOEL\Downloads\EBDESIGN\backend\src\modules\M076\routes.js","legacyModuleM076Routes","1203","28"
"GET","/api/v1/backend-modules/M076","/search","/api/v1/backend-modules/M076/search","C:\Users\DIYA GOEL\Downloads\EBDESIGN\backend\src\modules\M076\routes.js","legacyModuleM076Routes","1203","36"
"POST","/api/v1/backend-modules/M076","/","/api/v1/backend-modules/M076/","C:\Users\DIYA GOEL\Downloads\EBDESIGN\backend\src\modules\M076\routes.js","legacyModuleM076Routes","1203","44"
"GET","/api/v1/backend-modules/M076","/:id","/api/v1/backend-modules/M076/:id","C:\Users\DIYA GOEL\Downloads\EBDESIGN\backend\src\modules\M076\routes.js","legacyModuleM076Routes","1203","51"
"PUT","/api/v1/backend-modules/M076","/:id","/api/v1/backend-modules/M076/:id","C:\Users\DIYA GOEL\Downloads\EBDESIGN\backend\src\modules\M076\routes.js","legacyModuleM076Routes","1203","58"
"DELETE","/api/v1/backend-modules/M076","/:id","/api/v1/backend-modules/M076/:id","C:\Users\DIYA GOEL\Downloads\EBDESIGN\backend\src\modules\M076\routes.js","legacyModuleM076Routes","1203","65"
"GET","/api/v1/backend-modules/M077","/","/api/v1/backend-modules/M077/","C:\Users\DIYA GOEL\Downloads\EBDESIGN\backend\src\modules\M077\routes.js","legacyModuleM077Routes","1204","20"
"POST","/api/v1/backend-modules/M077","/bulk","/api/v1/backend-modules/M077/bulk","C:\Users\DIYA GOEL\Downloads\EBDESIGN\backend\src\modules\M077\routes.js","legacyModuleM077Routes","1204","28"
"GET","/api/v1/backend-modules/M077","/search","/api/v1/backend-modules/M077/search","C:\Users\DIYA GOEL\Downloads\EBDESIGN\backend\src\modules\M077\routes.js","legacyModuleM077Routes","1204","36"
"POST","/api/v1/backend-modules/M077","/","/api/v1/backend-modules/M077/","C:\Users\DIYA GOEL\Downloads\EBDESIGN\backend\src\modules\M077\routes.js","legacyModuleM077Routes","1204","44"
"GET","/api/v1/backend-modules/M077","/:id","/api/v1/backend-modules/M077/:id","C:\Users\DIYA GOEL\Downloads\EBDESIGN\backend\src\modules\M077\routes.js","legacyModuleM077Routes","1204","51"
"PUT","/api/v1/backend-modules/M077","/:id","/api/v1/backend-modules/M077/:id","C:\Users\DIYA GOEL\Downloads\EBDESIGN\backend\src\modules\M077\routes.js","legacyModuleM077Routes","1204","58"
"DELETE","/api/v1/backend-modules/M077","/:id","/api/v1/backend-modules/M077/:id","C:\Users\DIYA GOEL\Downloads\EBDESIGN\backend\src\modules\M077\routes.js","legacyModuleM077Routes","1204","65"
"GET","/api/v1/backend-modules/M078","/","/api/v1/backend-modules/M078/","C:\Users\DIYA GOEL\Downloads\EBDESIGN\backend\src\modules\M078\routes.js","legacyModuleM078Routes","1205","20"
"POST","/api/v1/backend-modules/M078","/bulk","/api/v1/backend-modules/M078/bulk","C:\Users\DIYA GOEL\Downloads\EBDESIGN\backend\src\modules\M078\routes.js","legacyModuleM078Routes","1205","28"
"GET","/api/v1/backend-modules/M078","/search","/api/v1/backend-modules/M078/search","C:\Users\DIYA GOEL\Downloads\EBDESIGN\backend\src\modules\M078\routes.js","legacyModuleM078Routes","1205","36"
"POST","/api/v1/backend-modules/M078","/","/api/v1/backend-modules/M078/","C:\Users\DIYA GOEL\Downloads\EBDESIGN\backend\src\modules\M078\routes.js","legacyModuleM078Routes","1205","44"
"GET","/api/v1/backend-modules/M078","/:id","/api/v1/backend-modules/M078/:id","C:\Users\DIYA GOEL\Downloads\EBDESIGN\backend\src\modules\M078\routes.js","legacyModuleM078Routes","1205","51"
"PUT","/api/v1/backend-modules/M078","/:id","/api/v1/backend-modules/M078/:id","C:\Users\DIYA GOEL\Downloads\EBDESIGN\backend\src\modules\M078\routes.js","legacyModuleM078Routes","1205","58"
"DELETE","/api/v1/backend-modules/M078","/:id","/api/v1/backend-modules/M078/:id","C:\Users\DIYA GOEL\Downloads\EBDESIGN\backend\src\modules\M078\routes.js","legacyModuleM078Routes","1205","65"
"GET","/api/v1/backend-modules/M079","/","/api/v1/backend-modules/M079/","C:\Users\DIYA GOEL\Downloads\EBDESIGN\backend\src\modules\M079\routes.js","legacyModuleM079Routes","1206","20"
"POST","/api/v1/backend-modules/M079","/bulk","/api/v1/backend-modules/M079/bulk","C:\Users\DIYA GOEL\Downloads\EBDESIGN\backend\src\modules\M079\routes.js","legacyModuleM079Routes","1206","28"
"GET","/api/v1/backend-modules/M079","/search","/api/v1/backend-modules/M079/search","C:\Users\DIYA GOEL\Downloads\EBDESIGN\backend\src\modules\M079\routes.js","legacyModuleM079Routes","1206","36"
"POST","/api/v1/backend-modules/M079","/","/api/v1/backend-modules/M079/","C:\Users\DIYA GOEL\Downloads\EBDESIGN\backend\src\modules\M079\routes.js","legacyModuleM079Routes","1206","44"
"GET","/api/v1/backend-modules/M079","/:id","/api/v1/backend-modules/M079/:id","C:\Users\DIYA GOEL\Downloads\EBDESIGN\backend\src\modules\M079\routes.js","legacyModuleM079Routes","1206","51"
"PUT","/api/v1/backend-modules/M079","/:id","/api/v1/backend-modules/M079/:id","C:\Users\DIYA GOEL\Downloads\EBDESIGN\backend\src\modules\M079\routes.js","legacyModuleM079Routes","1206","58"
"DELETE","/api/v1/backend-modules/M079","/:id","/api/v1/backend-modules/M079/:id","C:\Users\DIYA GOEL\Downloads\EBDESIGN\backend\src\modules\M079\routes.js","legacyModuleM079Routes","1206","65"
"GET","/api/v1/backend-modules/M080","/","/api/v1/backend-modules/M080/","C:\Users\DIYA GOEL\Downloads\EBDESIGN\backend\src\modules\M080\routes.js","legacyModuleM080Routes","1207","20"
"POST","/api/v1/backend-modules/M080","/bulk","/api/v1/backend-modules/M080/bulk","C:\Users\DIYA GOEL\Downloads\EBDESIGN\backend\src\modules\M080\routes.js","legacyModuleM080Routes","1207","28"
"GET","/api/v1/backend-modules/M080","/search","/api/v1/backend-modules/M080/search","C:\Users\DIYA GOEL\Downloads\EBDESIGN\backend\src\modules\M080\routes.js","legacyModuleM080Routes","1207","36"
"POST","/api/v1/backend-modules/M080","/","/api/v1/backend-modules/M080/","C:\Users\DIYA GOEL\Downloads\EBDESIGN\backend\src\modules\M080\routes.js","legacyModuleM080Routes","1207","44"
"GET","/api/v1/backend-modules/M080","/:id","/api/v1/backend-modules/M080/:id","C:\Users\DIYA GOEL\Downloads\EBDESIGN\backend\src\modules\M080\routes.js","legacyModuleM080Routes","1207","51"
"PUT","/api/v1/backend-modules/M080","/:id","/api/v1/backend-modules/M080/:id","C:\Users\DIYA GOEL\Downloads\EBDESIGN\backend\src\modules\M080\routes.js","legacyModuleM080Routes","1207","58"
"DELETE","/api/v1/backend-modules/M080","/:id","/api/v1/backend-modules/M080/:id","C:\Users\DIYA GOEL\Downloads\EBDESIGN\backend\src\modules\M080\routes.js","legacyModuleM080Routes","1207","65"
"GET","/api/v1/backend-modules/M081","/","/api/v1/backend-modules/M081/","C:\Users\DIYA GOEL\Downloads\EBDESIGN\backend\src\modules\M081\routes.js","legacyModuleM081Routes","1208","20"
"POST","/api/v1/backend-modules/M081","/bulk","/api/v1/backend-modules/M081/bulk","C:\Users\DIYA GOEL\Downloads\EBDESIGN\backend\src\modules\M081\routes.js","legacyModuleM081Routes","1208","28"
"GET","/api/v1/backend-modules/M081","/search","/api/v1/backend-modules/M081/search","C:\Users\DIYA GOEL\Downloads\EBDESIGN\backend\src\modules\M081\routes.js","legacyModuleM081Routes","1208","36"
"POST","/api/v1/backend-modules/M081","/","/api/v1/backend-modules/M081/","C:\Users\DIYA GOEL\Downloads\EBDESIGN\backend\src\modules\M081\routes.js","legacyModuleM081Routes","1208","44"
"GET","/api/v1/backend-modules/M081","/:id","/api/v1/backend-modules/M081/:id","C:\Users\DIYA GOEL\Downloads\EBDESIGN\backend\src\modules\M081\routes.js","legacyModuleM081Routes","1208","51"
"PUT","/api/v1/backend-modules/M081","/:id","/api/v1/backend-modules/M081/:id","C:\Users\DIYA GOEL\Downloads\EBDESIGN\backend\src\modules\M081\routes.js","legacyModuleM081Routes","1208","58"
"DELETE","/api/v1/backend-modules/M081","/:id","/api/v1/backend-modules/M081/:id","C:\Users\DIYA GOEL\Downloads\EBDESIGN\backend\src\modules\M081\routes.js","legacyModuleM081Routes","1208","65"
"GET","/api/v1/backend-modules/M082","/","/api/v1/backend-modules/M082/","C:\Users\DIYA GOEL\Downloads\EBDESIGN\backend\src\modules\M082\routes.js","legacyModuleM082Routes","1209","20"
"POST","/api/v1/backend-modules/M082","/bulk","/api/v1/backend-modules/M082/bulk","C:\Users\DIYA GOEL\Downloads\EBDESIGN\backend\src\modules\M082\routes.js","legacyModuleM082Routes","1209","28"
"GET","/api/v1/backend-modules/M082","/search","/api/v1/backend-modules/M082/search","C:\Users\DIYA GOEL\Downloads\EBDESIGN\backend\src\modules\M082\routes.js","legacyModuleM082Routes","1209","36"
"POST","/api/v1/backend-modules/M082","/","/api/v1/backend-modules/M082/","C:\Users\DIYA GOEL\Downloads\EBDESIGN\backend\src\modules\M082\routes.js","legacyModuleM082Routes","1209","44"
"GET","/api/v1/backend-modules/M082","/:id","/api/v1/backend-modules/M082/:id","C:\Users\DIYA GOEL\Downloads\EBDESIGN\backend\src\modules\M082\routes.js","legacyModuleM082Routes","1209","51"
"PUT","/api/v1/backend-modules/M082","/:id","/api/v1/backend-modules/M082/:id","C:\Users\DIYA GOEL\Downloads\EBDESIGN\backend\src\modules\M082\routes.js","legacyModuleM082Routes","1209","58"
"DELETE","/api/v1/backend-modules/M082","/:id","/api/v1/backend-modules/M082/:id","C:\Users\DIYA GOEL\Downloads\EBDESIGN\backend\src\modules\M082\routes.js","legacyModuleM082Routes","1209","65"
"GET","/api/v1/backend-modules/M083","/","/api/v1/backend-modules/M083/","C:\Users\DIYA GOEL\Downloads\EBDESIGN\backend\src\modules\M083\routes.js","legacyModuleM083Routes","1210","20"
"POST","/api/v1/backend-modules/M083","/bulk","/api/v1/backend-modules/M083/bulk","C:\Users\DIYA GOEL\Downloads\EBDESIGN\backend\src\modules\M083\routes.js","legacyModuleM083Routes","1210","28"
"GET","/api/v1/backend-modules/M083","/search","/api/v1/backend-modules/M083/search","C:\Users\DIYA GOEL\Downloads\EBDESIGN\backend\src\modules\M083\routes.js","legacyModuleM083Routes","1210","36"
"POST","/api/v1/backend-modules/M083","/","/api/v1/backend-modules/M083/","C:\Users\DIYA GOEL\Downloads\EBDESIGN\backend\src\modules\M083\routes.js","legacyModuleM083Routes","1210","44"
"GET","/api/v1/backend-modules/M083","/:id","/api/v1/backend-modules/M083/:id","C:\Users\DIYA GOEL\Downloads\EBDESIGN\backend\src\modules\M083\routes.js","legacyModuleM083Routes","1210","51"
"PUT","/api/v1/backend-modules/M083","/:id","/api/v1/backend-modules/M083/:id","C:\Users\DIYA GOEL\Downloads\EBDESIGN\backend\src\modules\M083\routes.js","legacyModuleM083Routes","1210","58"
"DELETE","/api/v1/backend-modules/M083","/:id","/api/v1/backend-modules/M083/:id","C:\Users\DIYA GOEL\Downloads\EBDESIGN\backend\src\modules\M083\routes.js","legacyModuleM083Routes","1210","65"
"GET","/api/v1/backend-modules/M084","/","/api/v1/backend-modules/M084/","C:\Users\DIYA GOEL\Downloads\EBDESIGN\backend\src\modules\M084\routes.js","legacyModuleM084Routes","1211","20"
"POST","/api/v1/backend-modules/M084","/bulk","/api/v1/backend-modules/M084/bulk","C:\Users\DIYA GOEL\Downloads\EBDESIGN\backend\src\modules\M084\routes.js","legacyModuleM084Routes","1211","28"
"GET","/api/v1/backend-modules/M084","/search","/api/v1/backend-modules/M084/search","C:\Users\DIYA GOEL\Downloads\EBDESIGN\backend\src\modules\M084\routes.js","legacyModuleM084Routes","1211","36"
"POST","/api/v1/backend-modules/M084","/","/api/v1/backend-modules/M084/","C:\Users\DIYA GOEL\Downloads\EBDESIGN\backend\src\modules\M084\routes.js","legacyModuleM084Routes","1211","44"
"GET","/api/v1/backend-modules/M084","/:id","/api/v1/backend-modules/M084/:id","C:\Users\DIYA GOEL\Downloads\EBDESIGN\backend\src\modules\M084\routes.js","legacyModuleM084Routes","1211","51"
"PUT","/api/v1/backend-modules/M084","/:id","/api/v1/backend-modules/M084/:id","C:\Users\DIYA GOEL\Downloads\EBDESIGN\backend\src\modules\M084\routes.js","legacyModuleM084Routes","1211","58"
"DELETE","/api/v1/backend-modules/M084","/:id","/api/v1/backend-modules/M084/:id","C:\Users\DIYA GOEL\Downloads\EBDESIGN\backend\src\modules\M084\routes.js","legacyModuleM084Routes","1211","65"
"GET","/api/v1/backend-modules/M085","/","/api/v1/backend-modules/M085/","C:\Users\DIYA GOEL\Downloads\EBDESIGN\backend\src\modules\M085\routes.js","legacyModuleM085Routes","1212","20"
"POST","/api/v1/backend-modules/M085","/bulk","/api/v1/backend-modules/M085/bulk","C:\Users\DIYA GOEL\Downloads\EBDESIGN\backend\src\modules\M085\routes.js","legacyModuleM085Routes","1212","28"
"GET","/api/v1/backend-modules/M085","/search","/api/v1/backend-modules/M085/search","C:\Users\DIYA GOEL\Downloads\EBDESIGN\backend\src\modules\M085\routes.js","legacyModuleM085Routes","1212","36"
"POST","/api/v1/backend-modules/M085","/","/api/v1/backend-modules/M085/","C:\Users\DIYA GOEL\Downloads\EBDESIGN\backend\src\modules\M085\routes.js","legacyModuleM085Routes","1212","44"
"GET","/api/v1/backend-modules/M085","/:id","/api/v1/backend-modules/M085/:id","C:\Users\DIYA GOEL\Downloads\EBDESIGN\backend\src\modules\M085\routes.js","legacyModuleM085Routes","1212","51"
"PUT","/api/v1/backend-modules/M085","/:id","/api/v1/backend-modules/M085/:id","C:\Users\DIYA GOEL\Downloads\EBDESIGN\backend\src\modules\M085\routes.js","legacyModuleM085Routes","1212","58"
"DELETE","/api/v1/backend-modules/M085","/:id","/api/v1/backend-modules/M085/:id","C:\Users\DIYA GOEL\Downloads\EBDESIGN\backend\src\modules\M085\routes.js","legacyModuleM085Routes","1212","65"
"GET","/api/v1/backend-modules/M086","/","/api/v1/backend-modules/M086/","C:\Users\DIYA GOEL\Downloads\EBDESIGN\backend\src\modules\M086\routes.js","legacyModuleM086Routes","1213","20"
"POST","/api/v1/backend-modules/M086","/bulk","/api/v1/backend-modules/M086/bulk","C:\Users\DIYA GOEL\Downloads\EBDESIGN\backend\src\modules\M086\routes.js","legacyModuleM086Routes","1213","28"
"GET","/api/v1/backend-modules/M086","/search","/api/v1/backend-modules/M086/search","C:\Users\DIYA GOEL\Downloads\EBDESIGN\backend\src\modules\M086\routes.js","legacyModuleM086Routes","1213","36"
"POST","/api/v1/backend-modules/M086","/","/api/v1/backend-modules/M086/","C:\Users\DIYA GOEL\Downloads\EBDESIGN\backend\src\modules\M086\routes.js","legacyModuleM086Routes","1213","44"
"GET","/api/v1/backend-modules/M086","/:id","/api/v1/backend-modules/M086/:id","C:\Users\DIYA GOEL\Downloads\EBDESIGN\backend\src\modules\M086\routes.js","legacyModuleM086Routes","1213","51"
"PUT","/api/v1/backend-modules/M086","/:id","/api/v1/backend-modules/M086/:id","C:\Users\DIYA GOEL\Downloads\EBDESIGN\backend\src\modules\M086\routes.js","legacyModuleM086Routes","1213","58"
"DELETE","/api/v1/backend-modules/M086","/:id","/api/v1/backend-modules/M086/:id","C:\Users\DIYA GOEL\Downloads\EBDESIGN\backend\src\modules\M086\routes.js","legacyModuleM086Routes","1213","65"
"GET","/api/v1/backend-modules/M087","/","/api/v1/backend-modules/M087/","C:\Users\DIYA GOEL\Downloads\EBDESIGN\backend\src\modules\M087\routes.js","legacyModuleM087Routes","1214","20"
"POST","/api/v1/backend-modules/M087","/bulk","/api/v1/backend-modules/M087/bulk","C:\Users\DIYA GOEL\Downloads\EBDESIGN\backend\src\modules\M087\routes.js","legacyModuleM087Routes","1214","28"
"GET","/api/v1/backend-modules/M087","/search","/api/v1/backend-modules/M087/search","C:\Users\DIYA GOEL\Downloads\EBDESIGN\backend\src\modules\M087\routes.js","legacyModuleM087Routes","1214","36"
"POST","/api/v1/backend-modules/M087","/","/api/v1/backend-modules/M087/","C:\Users\DIYA GOEL\Downloads\EBDESIGN\backend\src\modules\M087\routes.js","legacyModuleM087Routes","1214","44"
"GET","/api/v1/backend-modules/M087","/:id","/api/v1/backend-modules/M087/:id","C:\Users\DIYA GOEL\Downloads\EBDESIGN\backend\src\modules\M087\routes.js","legacyModuleM087Routes","1214","51"
"PUT","/api/v1/backend-modules/M087","/:id","/api/v1/backend-modules/M087/:id","C:\Users\DIYA GOEL\Downloads\EBDESIGN\backend\src\modules\M087\routes.js","legacyModuleM087Routes","1214","58"
"DELETE","/api/v1/backend-modules/M087","/:id","/api/v1/backend-modules/M087/:id","C:\Users\DIYA GOEL\Downloads\EBDESIGN\backend\src\modules\M087\routes.js","legacyModuleM087Routes","1214","65"
"GET","/api/v1/backend-modules/M088","/","/api/v1/backend-modules/M088/","C:\Users\DIYA GOEL\Downloads\EBDESIGN\backend\src\modules\M088\routes.js","legacyModuleM088Routes","1215","20"
"POST","/api/v1/backend-modules/M088","/bulk","/api/v1/backend-modules/M088/bulk","C:\Users\DIYA GOEL\Downloads\EBDESIGN\backend\src\modules\M088\routes.js","legacyModuleM088Routes","1215","28"
"GET","/api/v1/backend-modules/M088","/search","/api/v1/backend-modules/M088/search","C:\Users\DIYA GOEL\Downloads\EBDESIGN\backend\src\modules\M088\routes.js","legacyModuleM088Routes","1215","36"
"POST","/api/v1/backend-modules/M088","/","/api/v1/backend-modules/M088/","C:\Users\DIYA GOEL\Downloads\EBDESIGN\backend\src\modules\M088\routes.js","legacyModuleM088Routes","1215","44"
"GET","/api/v1/backend-modules/M088","/:id","/api/v1/backend-modules/M088/:id","C:\Users\DIYA GOEL\Downloads\EBDESIGN\backend\src\modules\M088\routes.js","legacyModuleM088Routes","1215","51"
"PUT","/api/v1/backend-modules/M088","/:id","/api/v1/backend-modules/M088/:id","C:\Users\DIYA GOEL\Downloads\EBDESIGN\backend\src\modules\M088\routes.js","legacyModuleM088Routes","1215","58"
"DELETE","/api/v1/backend-modules/M088","/:id","/api/v1/backend-modules/M088/:id","C:\Users\DIYA GOEL\Downloads\EBDESIGN\backend\src\modules\M088\routes.js","legacyModuleM088Routes","1215","65"
"GET","/api/v1/backend-modules/M089","/","/api/v1/backend-modules/M089/","C:\Users\DIYA GOEL\Downloads\EBDESIGN\backend\src\modules\M089\routes.js","legacyModuleM089Routes","1216","20"
"POST","/api/v1/backend-modules/M089","/bulk","/api/v1/backend-modules/M089/bulk","C:\Users\DIYA GOEL\Downloads\EBDESIGN\backend\src\modules\M089\routes.js","legacyModuleM089Routes","1216","28"
"GET","/api/v1/backend-modules/M089","/search","/api/v1/backend-modules/M089/search","C:\Users\DIYA GOEL\Downloads\EBDESIGN\backend\src\modules\M089\routes.js","legacyModuleM089Routes","1216","36"
"POST","/api/v1/backend-modules/M089","/","/api/v1/backend-modules/M089/","C:\Users\DIYA GOEL\Downloads\EBDESIGN\backend\src\modules\M089\routes.js","legacyModuleM089Routes","1216","44"
"GET","/api/v1/backend-modules/M089","/:id","/api/v1/backend-modules/M089/:id","C:\Users\DIYA GOEL\Downloads\EBDESIGN\backend\src\modules\M089\routes.js","legacyModuleM089Routes","1216","51"
"PUT","/api/v1/backend-modules/M089","/:id","/api/v1/backend-modules/M089/:id","C:\Users\DIYA GOEL\Downloads\EBDESIGN\backend\src\modules\M089\routes.js","legacyModuleM089Routes","1216","58"
"DELETE","/api/v1/backend-modules/M089","/:id","/api/v1/backend-modules/M089/:id","C:\Users\DIYA GOEL\Downloads\EBDESIGN\backend\src\modules\M089\routes.js","legacyModuleM089Routes","1216","65"
"GET","/api/v1/backend-modules/M090","/","/api/v1/backend-modules/M090/","C:\Users\DIYA GOEL\Downloads\EBDESIGN\backend\src\modules\M090\routes.js","legacyModuleM090Routes","1217","20"
"POST","/api/v1/backend-modules/M090","/bulk","/api/v1/backend-modules/M090/bulk","C:\Users\DIYA GOEL\Downloads\EBDESIGN\backend\src\modules\M090\routes.js","legacyModuleM090Routes","1217","28"
"GET","/api/v1/backend-modules/M090","/search","/api/v1/backend-modules/M090/search","C:\Users\DIYA GOEL\Downloads\EBDESIGN\backend\src\modules\M090\routes.js","legacyModuleM090Routes","1217","36"
"POST","/api/v1/backend-modules/M090","/","/api/v1/backend-modules/M090/","C:\Users\DIYA GOEL\Downloads\EBDESIGN\backend\src\modules\M090\routes.js","legacyModuleM090Routes","1217","44"
"GET","/api/v1/backend-modules/M090","/:id","/api/v1/backend-modules/M090/:id","C:\Users\DIYA GOEL\Downloads\EBDESIGN\backend\src\modules\M090\routes.js","legacyModuleM090Routes","1217","51"
"PUT","/api/v1/backend-modules/M090","/:id","/api/v1/backend-modules/M090/:id","C:\Users\DIYA GOEL\Downloads\EBDESIGN\backend\src\modules\M090\routes.js","legacyModuleM090Routes","1217","58"
"DELETE","/api/v1/backend-modules/M090","/:id","/api/v1/backend-modules/M090/:id","C:\Users\DIYA GOEL\Downloads\EBDESIGN\backend\src\modules\M090\routes.js","legacyModuleM090Routes","1217","65"
"GET","/api/v1/backend-modules/M091","/","/api/v1/backend-modules/M091/","C:\Users\DIYA GOEL\Downloads\EBDESIGN\backend\src\modules\M091\routes.js","legacyModuleM091Routes","1218","20"
"POST","/api/v1/backend-modules/M091","/bulk","/api/v1/backend-modules/M091/bulk","C:\Users\DIYA GOEL\Downloads\EBDESIGN\backend\src\modules\M091\routes.js","legacyModuleM091Routes","1218","28"
"GET","/api/v1/backend-modules/M091","/search","/api/v1/backend-modules/M091/search","C:\Users\DIYA GOEL\Downloads\EBDESIGN\backend\src\modules\M091\routes.js","legacyModuleM091Routes","1218","36"
"POST","/api/v1/backend-modules/M091","/","/api/v1/backend-modules/M091/","C:\Users\DIYA GOEL\Downloads\EBDESIGN\backend\src\modules\M091\routes.js","legacyModuleM091Routes","1218","44"
"GET","/api/v1/backend-modules/M091","/:id","/api/v1/backend-modules/M091/:id","C:\Users\DIYA GOEL\Downloads\EBDESIGN\backend\src\modules\M091\routes.js","legacyModuleM091Routes","1218","51"
"PUT","/api/v1/backend-modules/M091","/:id","/api/v1/backend-modules/M091/:id","C:\Users\DIYA GOEL\Downloads\EBDESIGN\backend\src\modules\M091\routes.js","legacyModuleM091Routes","1218","58"
"DELETE","/api/v1/backend-modules/M091","/:id","/api/v1/backend-modules/M091/:id","C:\Users\DIYA GOEL\Downloads\EBDESIGN\backend\src\modules\M091\routes.js","legacyModuleM091Routes","1218","65"
"GET","/api/v1/backend-modules/M092","/","/api/v1/backend-modules/M092/","C:\Users\DIYA GOEL\Downloads\EBDESIGN\backend\src\modules\M092\routes.js","legacyModuleM092Routes","1219","20"
"POST","/api/v1/backend-modules/M092","/bulk","/api/v1/backend-modules/M092/bulk","C:\Users\DIYA GOEL\Downloads\EBDESIGN\backend\src\modules\M092\routes.js","legacyModuleM092Routes","1219","28"
"GET","/api/v1/backend-modules/M092","/search","/api/v1/backend-modules/M092/search","C:\Users\DIYA GOEL\Downloads\EBDESIGN\backend\src\modules\M092\routes.js","legacyModuleM092Routes","1219","36"
"POST","/api/v1/backend-modules/M092","/","/api/v1/backend-modules/M092/","C:\Users\DIYA GOEL\Downloads\EBDESIGN\backend\src\modules\M092\routes.js","legacyModuleM092Routes","1219","44"
"GET","/api/v1/backend-modules/M092","/:id","/api/v1/backend-modules/M092/:id","C:\Users\DIYA GOEL\Downloads\EBDESIGN\backend\src\modules\M092\routes.js","legacyModuleM092Routes","1219","51"
"PUT","/api/v1/backend-modules/M092","/:id","/api/v1/backend-modules/M092/:id","C:\Users\DIYA GOEL\Downloads\EBDESIGN\backend\src\modules\M092\routes.js","legacyModuleM092Routes","1219","58"
"DELETE","/api/v1/backend-modules/M092","/:id","/api/v1/backend-modules/M092/:id","C:\Users\DIYA GOEL\Downloads\EBDESIGN\backend\src\modules\M092\routes.js","legacyModuleM092Routes","1219","65"
"GET","/api/v1/backend-modules/M093","/","/api/v1/backend-modules/M093/","C:\Users\DIYA GOEL\Downloads\EBDESIGN\backend\src\modules\M093\routes.js","legacyModuleM093Routes","1220","20"
"POST","/api/v1/backend-modules/M093","/bulk","/api/v1/backend-modules/M093/bulk","C:\Users\DIYA GOEL\Downloads\EBDESIGN\backend\src\modules\M093\routes.js","legacyModuleM093Routes","1220","28"
"GET","/api/v1/backend-modules/M093","/search","/api/v1/backend-modules/M093/search","C:\Users\DIYA GOEL\Downloads\EBDESIGN\backend\src\modules\M093\routes.js","legacyModuleM093Routes","1220","36"
"POST","/api/v1/backend-modules/M093","/","/api/v1/backend-modules/M093/","C:\Users\DIYA GOEL\Downloads\EBDESIGN\backend\src\modules\M093\routes.js","legacyModuleM093Routes","1220","44"
"GET","/api/v1/backend-modules/M093","/:id","/api/v1/backend-modules/M093/:id","C:\Users\DIYA GOEL\Downloads\EBDESIGN\backend\src\modules\M093\routes.js","legacyModuleM093Routes","1220","51"
"PUT","/api/v1/backend-modules/M093","/:id","/api/v1/backend-modules/M093/:id","C:\Users\DIYA GOEL\Downloads\EBDESIGN\backend\src\modules\M093\routes.js","legacyModuleM093Routes","1220","58"
"DELETE","/api/v1/backend-modules/M093","/:id","/api/v1/backend-modules/M093/:id","C:\Users\DIYA GOEL\Downloads\EBDESIGN\backend\src\modules\M093\routes.js","legacyModuleM093Routes","1220","65"
"GET","/api/v1/backend-modules/M094","/","/api/v1/backend-modules/M094/","C:\Users\DIYA GOEL\Downloads\EBDESIGN\backend\src\modules\M094\routes.js","legacyModuleM094Routes","1221","20"
"POST","/api/v1/backend-modules/M094","/bulk","/api/v1/backend-modules/M094/bulk","C:\Users\DIYA GOEL\Downloads\EBDESIGN\backend\src\modules\M094\routes.js","legacyModuleM094Routes","1221","28"
"GET","/api/v1/backend-modules/M094","/search","/api/v1/backend-modules/M094/search","C:\Users\DIYA GOEL\Downloads\EBDESIGN\backend\src\modules\M094\routes.js","legacyModuleM094Routes","1221","36"
"POST","/api/v1/backend-modules/M094","/","/api/v1/backend-modules/M094/","C:\Users\DIYA GOEL\Downloads\EBDESIGN\backend\src\modules\M094\routes.js","legacyModuleM094Routes","1221","44"
"GET","/api/v1/backend-modules/M094","/:id","/api/v1/backend-modules/M094/:id","C:\Users\DIYA GOEL\Downloads\EBDESIGN\backend\src\modules\M094\routes.js","legacyModuleM094Routes","1221","51"
"PUT","/api/v1/backend-modules/M094","/:id","/api/v1/backend-modules/M094/:id","C:\Users\DIYA GOEL\Downloads\EBDESIGN\backend\src\modules\M094\routes.js","legacyModuleM094Routes","1221","58"
"DELETE","/api/v1/backend-modules/M094","/:id","/api/v1/backend-modules/M094/:id","C:\Users\DIYA GOEL\Downloads\EBDESIGN\backend\src\modules\M094\routes.js","legacyModuleM094Routes","1221","65"
"GET","/api/v1/backend-modules/M095","/","/api/v1/backend-modules/M095/","C:\Users\DIYA GOEL\Downloads\EBDESIGN\backend\src\modules\M095\routes.js","legacyModuleM095Routes","1222","20"
"POST","/api/v1/backend-modules/M095","/bulk","/api/v1/backend-modules/M095/bulk","C:\Users\DIYA GOEL\Downloads\EBDESIGN\backend\src\modules\M095\routes.js","legacyModuleM095Routes","1222","28"
"GET","/api/v1/backend-modules/M095","/search","/api/v1/backend-modules/M095/search","C:\Users\DIYA GOEL\Downloads\EBDESIGN\backend\src\modules\M095\routes.js","legacyModuleM095Routes","1222","36"
"POST","/api/v1/backend-modules/M095","/","/api/v1/backend-modules/M095/","C:\Users\DIYA GOEL\Downloads\EBDESIGN\backend\src\modules\M095\routes.js","legacyModuleM095Routes","1222","44"
"GET","/api/v1/backend-modules/M095","/:id","/api/v1/backend-modules/M095/:id","C:\Users\DIYA GOEL\Downloads\EBDESIGN\backend\src\modules\M095\routes.js","legacyModuleM095Routes","1222","51"
"PUT","/api/v1/backend-modules/M095","/:id","/api/v1/backend-modules/M095/:id","C:\Users\DIYA GOEL\Downloads\EBDESIGN\backend\src\modules\M095\routes.js","legacyModuleM095Routes","1222","58"
"DELETE","/api/v1/backend-modules/M095","/:id","/api/v1/backend-modules/M095/:id","C:\Users\DIYA GOEL\Downloads\EBDESIGN\backend\src\modules\M095\routes.js","legacyModuleM095Routes","1222","65"
"GET","/api/v1/backend-modules/M096","/","/api/v1/backend-modules/M096/","C:\Users\DIYA GOEL\Downloads\EBDESIGN\backend\src\modules\M096\routes.js","legacyModuleM096Routes","1223","20"
"POST","/api/v1/backend-modules/M096","/bulk","/api/v1/backend-modules/M096/bulk","C:\Users\DIYA GOEL\Downloads\EBDESIGN\backend\src\modules\M096\routes.js","legacyModuleM096Routes","1223","28"
"GET","/api/v1/backend-modules/M096","/search","/api/v1/backend-modules/M096/search","C:\Users\DIYA GOEL\Downloads\EBDESIGN\backend\src\modules\M096\routes.js","legacyModuleM096Routes","1223","36"
"POST","/api/v1/backend-modules/M096","/","/api/v1/backend-modules/M096/","C:\Users\DIYA GOEL\Downloads\EBDESIGN\backend\src\modules\M096\routes.js","legacyModuleM096Routes","1223","44"
"GET","/api/v1/backend-modules/M096","/:id","/api/v1/backend-modules/M096/:id","C:\Users\DIYA GOEL\Downloads\EBDESIGN\backend\src\modules\M096\routes.js","legacyModuleM096Routes","1223","51"
"PUT","/api/v1/backend-modules/M096","/:id","/api/v1/backend-modules/M096/:id","C:\Users\DIYA GOEL\Downloads\EBDESIGN\backend\src\modules\M096\routes.js","legacyModuleM096Routes","1223","58"
"DELETE","/api/v1/backend-modules/M096","/:id","/api/v1/backend-modules/M096/:id","C:\Users\DIYA GOEL\Downloads\EBDESIGN\backend\src\modules\M096\routes.js","legacyModuleM096Routes","1223","65"
"GET","/api/v1/backend-modules/M097","/","/api/v1/backend-modules/M097/","C:\Users\DIYA GOEL\Downloads\EBDESIGN\backend\src\modules\M097\routes.js","legacyModuleM097Routes","1224","20"
"POST","/api/v1/backend-modules/M097","/bulk","/api/v1/backend-modules/M097/bulk","C:\Users\DIYA GOEL\Downloads\EBDESIGN\backend\src\modules\M097\routes.js","legacyModuleM097Routes","1224","28"
"GET","/api/v1/backend-modules/M097","/search","/api/v1/backend-modules/M097/search","C:\Users\DIYA GOEL\Downloads\EBDESIGN\backend\src\modules\M097\routes.js","legacyModuleM097Routes","1224","36"
"POST","/api/v1/backend-modules/M097","/","/api/v1/backend-modules/M097/","C:\Users\DIYA GOEL\Downloads\EBDESIGN\backend\src\modules\M097\routes.js","legacyModuleM097Routes","1224","44"
"GET","/api/v1/backend-modules/M097","/:id","/api/v1/backend-modules/M097/:id","C:\Users\DIYA GOEL\Downloads\EBDESIGN\backend\src\modules\M097\routes.js","legacyModuleM097Routes","1224","51"
"PUT","/api/v1/backend-modules/M097","/:id","/api/v1/backend-modules/M097/:id","C:\Users\DIYA GOEL\Downloads\EBDESIGN\backend\src\modules\M097\routes.js","legacyModuleM097Routes","1224","58"
"DELETE","/api/v1/backend-modules/M097","/:id","/api/v1/backend-modules/M097/:id","C:\Users\DIYA GOEL\Downloads\EBDESIGN\backend\src\modules\M097\routes.js","legacyModuleM097Routes","1224","65"
"GET","/api/v1/backend-modules/M098","/","/api/v1/backend-modules/M098/","C:\Users\DIYA GOEL\Downloads\EBDESIGN\backend\src\modules\M098\routes.js","legacyModuleM098Routes","1225","20"
"POST","/api/v1/backend-modules/M098","/bulk","/api/v1/backend-modules/M098/bulk","C:\Users\DIYA GOEL\Downloads\EBDESIGN\backend\src\modules\M098\routes.js","legacyModuleM098Routes","1225","28"
"GET","/api/v1/backend-modules/M098","/search","/api/v1/backend-modules/M098/search","C:\Users\DIYA GOEL\Downloads\EBDESIGN\backend\src\modules\M098\routes.js","legacyModuleM098Routes","1225","36"
"POST","/api/v1/backend-modules/M098","/","/api/v1/backend-modules/M098/","C:\Users\DIYA GOEL\Downloads\EBDESIGN\backend\src\modules\M098\routes.js","legacyModuleM098Routes","1225","44"
"GET","/api/v1/backend-modules/M098","/:id","/api/v1/backend-modules/M098/:id","C:\Users\DIYA GOEL\Downloads\EBDESIGN\backend\src\modules\M098\routes.js","legacyModuleM098Routes","1225","51"
"PUT","/api/v1/backend-modules/M098","/:id","/api/v1/backend-modules/M098/:id","C:\Users\DIYA GOEL\Downloads\EBDESIGN\backend\src\modules\M098\routes.js","legacyModuleM098Routes","1225","58"
"DELETE","/api/v1/backend-modules/M098","/:id","/api/v1/backend-modules/M098/:id","C:\Users\DIYA GOEL\Downloads\EBDESIGN\backend\src\modules\M098\routes.js","legacyModuleM098Routes","1225","65"
"GET","/api/v1/backend-modules/M099","/","/api/v1/backend-modules/M099/","C:\Users\DIYA GOEL\Downloads\EBDESIGN\backend\src\modules\M099\routes.js","legacyModuleM099Routes","1226","20"
"POST","/api/v1/backend-modules/M099","/bulk","/api/v1/backend-modules/M099/bulk","C:\Users\DIYA GOEL\Downloads\EBDESIGN\backend\src\modules\M099\routes.js","legacyModuleM099Routes","1226","28"
"GET","/api/v1/backend-modules/M099","/search","/api/v1/backend-modules/M099/search","C:\Users\DIYA GOEL\Downloads\EBDESIGN\backend\src\modules\M099\routes.js","legacyModuleM099Routes","1226","36"
"POST","/api/v1/backend-modules/M099","/","/api/v1/backend-modules/M099/","C:\Users\DIYA GOEL\Downloads\EBDESIGN\backend\src\modules\M099\routes.js","legacyModuleM099Routes","1226","44"
"GET","/api/v1/backend-modules/M099","/:id","/api/v1/backend-modules/M099/:id","C:\Users\DIYA GOEL\Downloads\EBDESIGN\backend\src\modules\M099\routes.js","legacyModuleM099Routes","1226","51"
"PUT","/api/v1/backend-modules/M099","/:id","/api/v1/backend-modules/M099/:id","C:\Users\DIYA GOEL\Downloads\EBDESIGN\backend\src\modules\M099\routes.js","legacyModuleM099Routes","1226","58"
"DELETE","/api/v1/backend-modules/M099","/:id","/api/v1/backend-modules/M099/:id","C:\Users\DIYA GOEL\Downloads\EBDESIGN\backend\src\modules\M099\routes.js","legacyModuleM099Routes","1226","65"
"GET","/api/v1/backend-modules/M100","/","/api/v1/backend-modules/M100/","C:\Users\DIYA GOEL\Downloads\EBDESIGN\backend\src\modules\M100\routes.js","legacyModuleM100Routes","1227","20"
"POST","/api/v1/backend-modules/M100","/bulk","/api/v1/backend-modules/M100/bulk","C:\Users\DIYA GOEL\Downloads\EBDESIGN\backend\src\modules\M100\routes.js","legacyModuleM100Routes","1227","28"
"GET","/api/v1/backend-modules/M100","/search","/api/v1/backend-modules/M100/search","C:\Users\DIYA GOEL\Downloads\EBDESIGN\backend\src\modules\M100\routes.js","legacyModuleM100Routes","1227","36"
"POST","/api/v1/backend-modules/M100","/","/api/v1/backend-modules/M100/","C:\Users\DIYA GOEL\Downloads\EBDESIGN\backend\src\modules\M100\routes.js","legacyModuleM100Routes","1227","44"
"GET","/api/v1/backend-modules/M100","/:id","/api/v1/backend-modules/M100/:id","C:\Users\DIYA GOEL\Downloads\EBDESIGN\backend\src\modules\M100\routes.js","legacyModuleM100Routes","1227","51"
"PUT","/api/v1/backend-modules/M100","/:id","/api/v1/backend-modules/M100/:id","C:\Users\DIYA GOEL\Downloads\EBDESIGN\backend\src\modules\M100\routes.js","legacyModuleM100Routes","1227","58"
"DELETE","/api/v1/backend-modules/M100","/:id","/api/v1/backend-modules/M100/:id","C:\Users\DIYA GOEL\Downloads\EBDESIGN\backend\src\modules\M100\routes.js","legacyModuleM100Routes","1227","65"
"GET","/api/v1/backend-modules/M103","/","/api/v1/backend-modules/M103/","C:\Users\DIYA GOEL\Downloads\EBDESIGN\backend\src\modules\M103\routes.js","legacyModuleM103Routes","1228","20"
"POST","/api/v1/backend-modules/M103","/bulk","/api/v1/backend-modules/M103/bulk","C:\Users\DIYA GOEL\Downloads\EBDESIGN\backend\src\modules\M103\routes.js","legacyModuleM103Routes","1228","28"
"GET","/api/v1/backend-modules/M103","/search","/api/v1/backend-modules/M103/search","C:\Users\DIYA GOEL\Downloads\EBDESIGN\backend\src\modules\M103\routes.js","legacyModuleM103Routes","1228","36"
"POST","/api/v1/backend-modules/M103","/","/api/v1/backend-modules/M103/","C:\Users\DIYA GOEL\Downloads\EBDESIGN\backend\src\modules\M103\routes.js","legacyModuleM103Routes","1228","44"
"GET","/api/v1/backend-modules/M103","/:id","/api/v1/backend-modules/M103/:id","C:\Users\DIYA GOEL\Downloads\EBDESIGN\backend\src\modules\M103\routes.js","legacyModuleM103Routes","1228","51"
"PUT","/api/v1/backend-modules/M103","/:id","/api/v1/backend-modules/M103/:id","C:\Users\DIYA GOEL\Downloads\EBDESIGN\backend\src\modules\M103\routes.js","legacyModuleM103Routes","1228","58"
"DELETE","/api/v1/backend-modules/M103","/:id","/api/v1/backend-modules/M103/:id","C:\Users\DIYA GOEL\Downloads\EBDESIGN\backend\src\modules\M103\routes.js","legacyModuleM103Routes","1228","65"
"GET","/api/v1/backend-modules/M104","/","/api/v1/backend-modules/M104/","C:\Users\DIYA GOEL\Downloads\EBDESIGN\backend\src\modules\M104\routes.js","legacyModuleM104Routes","1229","20"
"POST","/api/v1/backend-modules/M104","/bulk","/api/v1/backend-modules/M104/bulk","C:\Users\DIYA GOEL\Downloads\EBDESIGN\backend\src\modules\M104\routes.js","legacyModuleM104Routes","1229","28"
"GET","/api/v1/backend-modules/M104","/search","/api/v1/backend-modules/M104/search","C:\Users\DIYA GOEL\Downloads\EBDESIGN\backend\src\modules\M104\routes.js","legacyModuleM104Routes","1229","36"
"POST","/api/v1/backend-modules/M104","/","/api/v1/backend-modules/M104/","C:\Users\DIYA GOEL\Downloads\EBDESIGN\backend\src\modules\M104\routes.js","legacyModuleM104Routes","1229","44"
"GET","/api/v1/backend-modules/M104","/:id","/api/v1/backend-modules/M104/:id","C:\Users\DIYA GOEL\Downloads\EBDESIGN\backend\src\modules\M104\routes.js","legacyModuleM104Routes","1229","51"
"PUT","/api/v1/backend-modules/M104","/:id","/api/v1/backend-modules/M104/:id","C:\Users\DIYA GOEL\Downloads\EBDESIGN\backend\src\modules\M104\routes.js","legacyModuleM104Routes","1229","58"
"DELETE","/api/v1/backend-modules/M104","/:id","/api/v1/backend-modules/M104/:id","C:\Users\DIYA GOEL\Downloads\EBDESIGN\backend\src\modules\M104\routes.js","legacyModuleM104Routes","1229","65"
"GET","/api/v1/backend-modules/M105","/","/api/v1/backend-modules/M105/","C:\Users\DIYA GOEL\Downloads\EBDESIGN\backend\src\modules\M105\routes.js","legacyModuleM105Routes","1230","20"
"POST","/api/v1/backend-modules/M105","/bulk","/api/v1/backend-modules/M105/bulk","C:\Users\DIYA GOEL\Downloads\EBDESIGN\backend\src\modules\M105\routes.js","legacyModuleM105Routes","1230","28"
"GET","/api/v1/backend-modules/M105","/search","/api/v1/backend-modules/M105/search","C:\Users\DIYA GOEL\Downloads\EBDESIGN\backend\src\modules\M105\routes.js","legacyModuleM105Routes","1230","36"
"POST","/api/v1/backend-modules/M105","/","/api/v1/backend-modules/M105/","C:\Users\DIYA GOEL\Downloads\EBDESIGN\backend\src\modules\M105\routes.js","legacyModuleM105Routes","1230","44"
"GET","/api/v1/backend-modules/M105","/:id","/api/v1/backend-modules/M105/:id","C:\Users\DIYA GOEL\Downloads\EBDESIGN\backend\src\modules\M105\routes.js","legacyModuleM105Routes","1230","51"
"PUT","/api/v1/backend-modules/M105","/:id","/api/v1/backend-modules/M105/:id","C:\Users\DIYA GOEL\Downloads\EBDESIGN\backend\src\modules\M105\routes.js","legacyModuleM105Routes","1230","58"
"DELETE","/api/v1/backend-modules/M105","/:id","/api/v1/backend-modules/M105/:id","C:\Users\DIYA GOEL\Downloads\EBDESIGN\backend\src\modules\M105\routes.js","legacyModuleM105Routes","1230","65"
"GET","/api/v1/backend-modules/M106","/","/api/v1/backend-modules/M106/","C:\Users\DIYA GOEL\Downloads\EBDESIGN\backend\src\modules\M106\routes.js","legacyModuleM106Routes","1231","20"
"POST","/api/v1/backend-modules/M106","/bulk","/api/v1/backend-modules/M106/bulk","C:\Users\DIYA GOEL\Downloads\EBDESIGN\backend\src\modules\M106\routes.js","legacyModuleM106Routes","1231","28"
"GET","/api/v1/backend-modules/M106","/search","/api/v1/backend-modules/M106/search","C:\Users\DIYA GOEL\Downloads\EBDESIGN\backend\src\modules\M106\routes.js","legacyModuleM106Routes","1231","36"
"POST","/api/v1/backend-modules/M106","/","/api/v1/backend-modules/M106/","C:\Users\DIYA GOEL\Downloads\EBDESIGN\backend\src\modules\M106\routes.js","legacyModuleM106Routes","1231","44"
"GET","/api/v1/backend-modules/M106","/:id","/api/v1/backend-modules/M106/:id","C:\Users\DIYA GOEL\Downloads\EBDESIGN\backend\src\modules\M106\routes.js","legacyModuleM106Routes","1231","51"
"PUT","/api/v1/backend-modules/M106","/:id","/api/v1/backend-modules/M106/:id","C:\Users\DIYA GOEL\Downloads\EBDESIGN\backend\src\modules\M106\routes.js","legacyModuleM106Routes","1231","58"
"DELETE","/api/v1/backend-modules/M106","/:id","/api/v1/backend-modules/M106/:id","C:\Users\DIYA GOEL\Downloads\EBDESIGN\backend\src\modules\M106\routes.js","legacyModuleM106Routes","1231","65"
"GET","/api/v1/backend-modules/M107","/","/api/v1/backend-modules/M107/","C:\Users\DIYA GOEL\Downloads\EBDESIGN\backend\src\modules\M107\routes.js","legacyModuleM107Routes","1232","20"
"POST","/api/v1/backend-modules/M107","/bulk","/api/v1/backend-modules/M107/bulk","C:\Users\DIYA GOEL\Downloads\EBDESIGN\backend\src\modules\M107\routes.js","legacyModuleM107Routes","1232","28"
"GET","/api/v1/backend-modules/M107","/search","/api/v1/backend-modules/M107/search","C:\Users\DIYA GOEL\Downloads\EBDESIGN\backend\src\modules\M107\routes.js","legacyModuleM107Routes","1232","36"
"POST","/api/v1/backend-modules/M107","/","/api/v1/backend-modules/M107/","C:\Users\DIYA GOEL\Downloads\EBDESIGN\backend\src\modules\M107\routes.js","legacyModuleM107Routes","1232","44"
"GET","/api/v1/backend-modules/M107","/:id","/api/v1/backend-modules/M107/:id","C:\Users\DIYA GOEL\Downloads\EBDESIGN\backend\src\modules\M107\routes.js","legacyModuleM107Routes","1232","51"
"PUT","/api/v1/backend-modules/M107","/:id","/api/v1/backend-modules/M107/:id","C:\Users\DIYA GOEL\Downloads\EBDESIGN\backend\src\modules\M107\routes.js","legacyModuleM107Routes","1232","58"
"DELETE","/api/v1/backend-modules/M107","/:id","/api/v1/backend-modules/M107/:id","C:\Users\DIYA GOEL\Downloads\EBDESIGN\backend\src\modules\M107\routes.js","legacyModuleM107Routes","1232","65"
"GET","/api/v1/backend-modules/M108","/","/api/v1/backend-modules/M108/","C:\Users\DIYA GOEL\Downloads\EBDESIGN\backend\src\modules\M108\routes.js","legacyModuleM108Routes","1233","20"
"POST","/api/v1/backend-modules/M108","/bulk","/api/v1/backend-modules/M108/bulk","C:\Users\DIYA GOEL\Downloads\EBDESIGN\backend\src\modules\M108\routes.js","legacyModuleM108Routes","1233","28"
"GET","/api/v1/backend-modules/M108","/search","/api/v1/backend-modules/M108/search","C:\Users\DIYA GOEL\Downloads\EBDESIGN\backend\src\modules\M108\routes.js","legacyModuleM108Routes","1233","36"
"POST","/api/v1/backend-modules/M108","/","/api/v1/backend-modules/M108/","C:\Users\DIYA GOEL\Downloads\EBDESIGN\backend\src\modules\M108\routes.js","legacyModuleM108Routes","1233","44"
"GET","/api/v1/backend-modules/M108","/:id","/api/v1/backend-modules/M108/:id","C:\Users\DIYA GOEL\Downloads\EBDESIGN\backend\src\modules\M108\routes.js","legacyModuleM108Routes","1233","51"
"PUT","/api/v1/backend-modules/M108","/:id","/api/v1/backend-modules/M108/:id","C:\Users\DIYA GOEL\Downloads\EBDESIGN\backend\src\modules\M108\routes.js","legacyModuleM108Routes","1233","58"
"DELETE","/api/v1/backend-modules/M108","/:id","/api/v1/backend-modules/M108/:id","C:\Users\DIYA GOEL\Downloads\EBDESIGN\backend\src\modules\M108\routes.js","legacyModuleM108Routes","1233","65"
"GET","/api/v1/backend-modules/M109","/","/api/v1/backend-modules/M109/","C:\Users\DIYA GOEL\Downloads\EBDESIGN\backend\src\modules\M109\routes.js","legacyModuleM109Routes","1234","20"
"POST","/api/v1/backend-modules/M109","/bulk","/api/v1/backend-modules/M109/bulk","C:\Users\DIYA GOEL\Downloads\EBDESIGN\backend\src\modules\M109\routes.js","legacyModuleM109Routes","1234","28"
"GET","/api/v1/backend-modules/M109","/search","/api/v1/backend-modules/M109/search","C:\Users\DIYA GOEL\Downloads\EBDESIGN\backend\src\modules\M109\routes.js","legacyModuleM109Routes","1234","36"
"POST","/api/v1/backend-modules/M109","/","/api/v1/backend-modules/M109/","C:\Users\DIYA GOEL\Downloads\EBDESIGN\backend\src\modules\M109\routes.js","legacyModuleM109Routes","1234","44"
"GET","/api/v1/backend-modules/M109","/:id","/api/v1/backend-modules/M109/:id","C:\Users\DIYA GOEL\Downloads\EBDESIGN\backend\src\modules\M109\routes.js","legacyModuleM109Routes","1234","51"
"PUT","/api/v1/backend-modules/M109","/:id","/api/v1/backend-modules/M109/:id","C:\Users\DIYA GOEL\Downloads\EBDESIGN\backend\src\modules\M109\routes.js","legacyModuleM109Routes","1234","58"
"DELETE","/api/v1/backend-modules/M109","/:id","/api/v1/backend-modules/M109/:id","C:\Users\DIYA GOEL\Downloads\EBDESIGN\backend\src\modules\M109\routes.js","legacyModuleM109Routes","1234","65"
"GET","/api/v1/backend-modules/M110","/","/api/v1/backend-modules/M110/","C:\Users\DIYA GOEL\Downloads\EBDESIGN\backend\src\modules\M110\routes.js","legacyModuleM110Routes","1235","20"
"POST","/api/v1/backend-modules/M110","/bulk","/api/v1/backend-modules/M110/bulk","C:\Users\DIYA GOEL\Downloads\EBDESIGN\backend\src\modules\M110\routes.js","legacyModuleM110Routes","1235","28"
"GET","/api/v1/backend-modules/M110","/search","/api/v1/backend-modules/M110/search","C:\Users\DIYA GOEL\Downloads\EBDESIGN\backend\src\modules\M110\routes.js","legacyModuleM110Routes","1235","36"
"POST","/api/v1/backend-modules/M110","/","/api/v1/backend-modules/M110/","C:\Users\DIYA GOEL\Downloads\EBDESIGN\backend\src\modules\M110\routes.js","legacyModuleM110Routes","1235","44"
"GET","/api/v1/backend-modules/M110","/:id","/api/v1/backend-modules/M110/:id","C:\Users\DIYA GOEL\Downloads\EBDESIGN\backend\src\modules\M110\routes.js","legacyModuleM110Routes","1235","51"
"PUT","/api/v1/backend-modules/M110","/:id","/api/v1/backend-modules/M110/:id","C:\Users\DIYA GOEL\Downloads\EBDESIGN\backend\src\modules\M110\routes.js","legacyModuleM110Routes","1235","58"
"DELETE","/api/v1/backend-modules/M110","/:id","/api/v1/backend-modules/M110/:id","C:\Users\DIYA GOEL\Downloads\EBDESIGN\backend\src\modules\M110\routes.js","legacyModuleM110Routes","1235","65"
"GET","/api/v1/backend-modules/M111","/","/api/v1/backend-modules/M111/","C:\Users\DIYA GOEL\Downloads\EBDESIGN\backend\src\modules\M111\routes.js","legacyModuleM111Routes","1236","20"
"POST","/api/v1/backend-modules/M111","/bulk","/api/v1/backend-modules/M111/bulk","C:\Users\DIYA GOEL\Downloads\EBDESIGN\backend\src\modules\M111\routes.js","legacyModuleM111Routes","1236","28"
"GET","/api/v1/backend-modules/M111","/search","/api/v1/backend-modules/M111/search","C:\Users\DIYA GOEL\Downloads\EBDESIGN\backend\src\modules\M111\routes.js","legacyModuleM111Routes","1236","36"
"POST","/api/v1/backend-modules/M111","/","/api/v1/backend-modules/M111/","C:\Users\DIYA GOEL\Downloads\EBDESIGN\backend\src\modules\M111\routes.js","legacyModuleM111Routes","1236","44"
"GET","/api/v1/backend-modules/M111","/:id","/api/v1/backend-modules/M111/:id","C:\Users\DIYA GOEL\Downloads\EBDESIGN\backend\src\modules\M111\routes.js","legacyModuleM111Routes","1236","51"
"PUT","/api/v1/backend-modules/M111","/:id","/api/v1/backend-modules/M111/:id","C:\Users\DIYA GOEL\Downloads\EBDESIGN\backend\src\modules\M111\routes.js","legacyModuleM111Routes","1236","58"
"DELETE","/api/v1/backend-modules/M111","/:id","/api/v1/backend-modules/M111/:id","C:\Users\DIYA GOEL\Downloads\EBDESIGN\backend\src\modules\M111\routes.js","legacyModuleM111Routes","1236","65"
"GET","/api/v1/backend-modules/M112","/","/api/v1/backend-modules/M112/","C:\Users\DIYA GOEL\Downloads\EBDESIGN\backend\src\modules\M112\routes.js","legacyModuleM112Routes","1237","20"
"POST","/api/v1/backend-modules/M112","/bulk","/api/v1/backend-modules/M112/bulk","C:\Users\DIYA GOEL\Downloads\EBDESIGN\backend\src\modules\M112\routes.js","legacyModuleM112Routes","1237","28"
"GET","/api/v1/backend-modules/M112","/search","/api/v1/backend-modules/M112/search","C:\Users\DIYA GOEL\Downloads\EBDESIGN\backend\src\modules\M112\routes.js","legacyModuleM112Routes","1237","36"
"POST","/api/v1/backend-modules/M112","/","/api/v1/backend-modules/M112/","C:\Users\DIYA GOEL\Downloads\EBDESIGN\backend\src\modules\M112\routes.js","legacyModuleM112Routes","1237","44"
"GET","/api/v1/backend-modules/M112","/:id","/api/v1/backend-modules/M112/:id","C:\Users\DIYA GOEL\Downloads\EBDESIGN\backend\src\modules\M112\routes.js","legacyModuleM112Routes","1237","51"
"PUT","/api/v1/backend-modules/M112","/:id","/api/v1/backend-modules/M112/:id","C:\Users\DIYA GOEL\Downloads\EBDESIGN\backend\src\modules\M112\routes.js","legacyModuleM112Routes","1237","58"
"DELETE","/api/v1/backend-modules/M112","/:id","/api/v1/backend-modules/M112/:id","C:\Users\DIYA GOEL\Downloads\EBDESIGN\backend\src\modules\M112\routes.js","legacyModuleM112Routes","1237","65"
"GET","/api/v1/backend-modules/M113","/","/api/v1/backend-modules/M113/","C:\Users\DIYA GOEL\Downloads\EBDESIGN\backend\src\modules\M113\routes.js","legacyModuleM113Routes","1238","20"
"POST","/api/v1/backend-modules/M113","/bulk","/api/v1/backend-modules/M113/bulk","C:\Users\DIYA GOEL\Downloads\EBDESIGN\backend\src\modules\M113\routes.js","legacyModuleM113Routes","1238","28"
"GET","/api/v1/backend-modules/M113","/search","/api/v1/backend-modules/M113/search","C:\Users\DIYA GOEL\Downloads\EBDESIGN\backend\src\modules\M113\routes.js","legacyModuleM113Routes","1238","36"
"POST","/api/v1/backend-modules/M113","/","/api/v1/backend-modules/M113/","C:\Users\DIYA GOEL\Downloads\EBDESIGN\backend\src\modules\M113\routes.js","legacyModuleM113Routes","1238","44"
"GET","/api/v1/backend-modules/M113","/:id","/api/v1/backend-modules/M113/:id","C:\Users\DIYA GOEL\Downloads\EBDESIGN\backend\src\modules\M113\routes.js","legacyModuleM113Routes","1238","51"
"PUT","/api/v1/backend-modules/M113","/:id","/api/v1/backend-modules/M113/:id","C:\Users\DIYA GOEL\Downloads\EBDESIGN\backend\src\modules\M113\routes.js","legacyModuleM113Routes","1238","58"
"DELETE","/api/v1/backend-modules/M113","/:id","/api/v1/backend-modules/M113/:id","C:\Users\DIYA GOEL\Downloads\EBDESIGN\backend\src\modules\M113\routes.js","legacyModuleM113Routes","1238","65"
"GET","/api/v1/backend-modules/M114","/","/api/v1/backend-modules/M114/","C:\Users\DIYA GOEL\Downloads\EBDESIGN\backend\src\modules\M114\routes.js","legacyModuleM114Routes","1239","20"
"POST","/api/v1/backend-modules/M114","/bulk","/api/v1/backend-modules/M114/bulk","C:\Users\DIYA GOEL\Downloads\EBDESIGN\backend\src\modules\M114\routes.js","legacyModuleM114Routes","1239","28"
"GET","/api/v1/backend-modules/M114","/search","/api/v1/backend-modules/M114/search","C:\Users\DIYA GOEL\Downloads\EBDESIGN\backend\src\modules\M114\routes.js","legacyModuleM114Routes","1239","36"
"POST","/api/v1/backend-modules/M114","/","/api/v1/backend-modules/M114/","C:\Users\DIYA GOEL\Downloads\EBDESIGN\backend\src\modules\M114\routes.js","legacyModuleM114Routes","1239","44"
"GET","/api/v1/backend-modules/M114","/:id","/api/v1/backend-modules/M114/:id","C:\Users\DIYA GOEL\Downloads\EBDESIGN\backend\src\modules\M114\routes.js","legacyModuleM114Routes","1239","51"
"PUT","/api/v1/backend-modules/M114","/:id","/api/v1/backend-modules/M114/:id","C:\Users\DIYA GOEL\Downloads\EBDESIGN\backend\src\modules\M114\routes.js","legacyModuleM114Routes","1239","58"
"DELETE","/api/v1/backend-modules/M114","/:id","/api/v1/backend-modules/M114/:id","C:\Users\DIYA GOEL\Downloads\EBDESIGN\backend\src\modules\M114\routes.js","legacyModuleM114Routes","1239","65"
"GET","/api/v1/backend-modules/M115","/","/api/v1/backend-modules/M115/","C:\Users\DIYA GOEL\Downloads\EBDESIGN\backend\src\modules\M115\routes.js","legacyModuleM115Routes","1240","20"
"POST","/api/v1/backend-modules/M115","/bulk","/api/v1/backend-modules/M115/bulk","C:\Users\DIYA GOEL\Downloads\EBDESIGN\backend\src\modules\M115\routes.js","legacyModuleM115Routes","1240","28"
"GET","/api/v1/backend-modules/M115","/search","/api/v1/backend-modules/M115/search","C:\Users\DIYA GOEL\Downloads\EBDESIGN\backend\src\modules\M115\routes.js","legacyModuleM115Routes","1240","36"
"POST","/api/v1/backend-modules/M115","/","/api/v1/backend-modules/M115/","C:\Users\DIYA GOEL\Downloads\EBDESIGN\backend\src\modules\M115\routes.js","legacyModuleM115Routes","1240","44"
"GET","/api/v1/backend-modules/M115","/:id","/api/v1/backend-modules/M115/:id","C:\Users\DIYA GOEL\Downloads\EBDESIGN\backend\src\modules\M115\routes.js","legacyModuleM115Routes","1240","51"
"PUT","/api/v1/backend-modules/M115","/:id","/api/v1/backend-modules/M115/:id","C:\Users\DIYA GOEL\Downloads\EBDESIGN\backend\src\modules\M115\routes.js","legacyModuleM115Routes","1240","58"
"DELETE","/api/v1/backend-modules/M115","/:id","/api/v1/backend-modules/M115/:id","C:\Users\DIYA GOEL\Downloads\EBDESIGN\backend\src\modules\M115\routes.js","legacyModuleM115Routes","1240","65"
"GET","/api/v1/backend-modules/M116","/","/api/v1/backend-modules/M116/","C:\Users\DIYA GOEL\Downloads\EBDESIGN\backend\src\modules\M116\routes.js","legacyModuleM116Routes","1241","20"
"POST","/api/v1/backend-modules/M116","/bulk","/api/v1/backend-modules/M116/bulk","C:\Users\DIYA GOEL\Downloads\EBDESIGN\backend\src\modules\M116\routes.js","legacyModuleM116Routes","1241","28"
"GET","/api/v1/backend-modules/M116","/search","/api/v1/backend-modules/M116/search","C:\Users\DIYA GOEL\Downloads\EBDESIGN\backend\src\modules\M116\routes.js","legacyModuleM116Routes","1241","36"
"POST","/api/v1/backend-modules/M116","/","/api/v1/backend-modules/M116/","C:\Users\DIYA GOEL\Downloads\EBDESIGN\backend\src\modules\M116\routes.js","legacyModuleM116Routes","1241","44"
"GET","/api/v1/backend-modules/M116","/:id","/api/v1/backend-modules/M116/:id","C:\Users\DIYA GOEL\Downloads\EBDESIGN\backend\src\modules\M116\routes.js","legacyModuleM116Routes","1241","51"
"PUT","/api/v1/backend-modules/M116","/:id","/api/v1/backend-modules/M116/:id","C:\Users\DIYA GOEL\Downloads\EBDESIGN\backend\src\modules\M116\routes.js","legacyModuleM116Routes","1241","58"
"DELETE","/api/v1/backend-modules/M116","/:id","/api/v1/backend-modules/M116/:id","C:\Users\DIYA GOEL\Downloads\EBDESIGN\backend\src\modules\M116\routes.js","legacyModuleM116Routes","1241","65"
"GET","/api/v1/backend-modules/M117","/","/api/v1/backend-modules/M117/","C:\Users\DIYA GOEL\Downloads\EBDESIGN\backend\src\modules\M117\routes.js","legacyModuleM117Routes","1242","20"
"POST","/api/v1/backend-modules/M117","/bulk","/api/v1/backend-modules/M117/bulk","C:\Users\DIYA GOEL\Downloads\EBDESIGN\backend\src\modules\M117\routes.js","legacyModuleM117Routes","1242","28"
"GET","/api/v1/backend-modules/M117","/search","/api/v1/backend-modules/M117/search","C:\Users\DIYA GOEL\Downloads\EBDESIGN\backend\src\modules\M117\routes.js","legacyModuleM117Routes","1242","36"
"POST","/api/v1/backend-modules/M117","/","/api/v1/backend-modules/M117/","C:\Users\DIYA GOEL\Downloads\EBDESIGN\backend\src\modules\M117\routes.js","legacyModuleM117Routes","1242","44"
"GET","/api/v1/backend-modules/M117","/:id","/api/v1/backend-modules/M117/:id","C:\Users\DIYA GOEL\Downloads\EBDESIGN\backend\src\modules\M117\routes.js","legacyModuleM117Routes","1242","51"
"PUT","/api/v1/backend-modules/M117","/:id","/api/v1/backend-modules/M117/:id","C:\Users\DIYA GOEL\Downloads\EBDESIGN\backend\src\modules\M117\routes.js","legacyModuleM117Routes","1242","58"
"DELETE","/api/v1/backend-modules/M117","/:id","/api/v1/backend-modules/M117/:id","C:\Users\DIYA GOEL\Downloads\EBDESIGN\backend\src\modules\M117\routes.js","legacyModuleM117Routes","1242","65"
"GET","/api/v1/backend-modules/M118","/","/api/v1/backend-modules/M118/","C:\Users\DIYA GOEL\Downloads\EBDESIGN\backend\src\modules\M118\routes.js","legacyModuleM118Routes","1243","20"
"POST","/api/v1/backend-modules/M118","/bulk","/api/v1/backend-modules/M118/bulk","C:\Users\DIYA GOEL\Downloads\EBDESIGN\backend\src\modules\M118\routes.js","legacyModuleM118Routes","1243","28"
"GET","/api/v1/backend-modules/M118","/search","/api/v1/backend-modules/M118/search","C:\Users\DIYA GOEL\Downloads\EBDESIGN\backend\src\modules\M118\routes.js","legacyModuleM118Routes","1243","36"
"POST","/api/v1/backend-modules/M118","/","/api/v1/backend-modules/M118/","C:\Users\DIYA GOEL\Downloads\EBDESIGN\backend\src\modules\M118\routes.js","legacyModuleM118Routes","1243","44"
"GET","/api/v1/backend-modules/M118","/:id","/api/v1/backend-modules/M118/:id","C:\Users\DIYA GOEL\Downloads\EBDESIGN\backend\src\modules\M118\routes.js","legacyModuleM118Routes","1243","51"
"PUT","/api/v1/backend-modules/M118","/:id","/api/v1/backend-modules/M118/:id","C:\Users\DIYA GOEL\Downloads\EBDESIGN\backend\src\modules\M118\routes.js","legacyModuleM118Routes","1243","58"
"DELETE","/api/v1/backend-modules/M118","/:id","/api/v1/backend-modules/M118/:id","C:\Users\DIYA GOEL\Downloads\EBDESIGN\backend\src\modules\M118\routes.js","legacyModuleM118Routes","1243","65"
"GET","/api/v1/backend-modules/M119","/","/api/v1/backend-modules/M119/","C:\Users\DIYA GOEL\Downloads\EBDESIGN\backend\src\modules\M119\routes.js","legacyModuleM119Routes","1244","20"
"POST","/api/v1/backend-modules/M119","/bulk","/api/v1/backend-modules/M119/bulk","C:\Users\DIYA GOEL\Downloads\EBDESIGN\backend\src\modules\M119\routes.js","legacyModuleM119Routes","1244","28"
"GET","/api/v1/backend-modules/M119","/search","/api/v1/backend-modules/M119/search","C:\Users\DIYA GOEL\Downloads\EBDESIGN\backend\src\modules\M119\routes.js","legacyModuleM119Routes","1244","36"
"POST","/api/v1/backend-modules/M119","/","/api/v1/backend-modules/M119/","C:\Users\DIYA GOEL\Downloads\EBDESIGN\backend\src\modules\M119\routes.js","legacyModuleM119Routes","1244","44"
"GET","/api/v1/backend-modules/M119","/:id","/api/v1/backend-modules/M119/:id","C:\Users\DIYA GOEL\Downloads\EBDESIGN\backend\src\modules\M119\routes.js","legacyModuleM119Routes","1244","51"
"PUT","/api/v1/backend-modules/M119","/:id","/api/v1/backend-modules/M119/:id","C:\Users\DIYA GOEL\Downloads\EBDESIGN\backend\src\modules\M119\routes.js","legacyModuleM119Routes","1244","58"
"DELETE","/api/v1/backend-modules/M119","/:id","/api/v1/backend-modules/M119/:id","C:\Users\DIYA GOEL\Downloads\EBDESIGN\backend\src\modules\M119\routes.js","legacyModuleM119Routes","1244","65"
"GET","/api/v1/backend-modules/M120","/","/api/v1/backend-modules/M120/","C:\Users\DIYA GOEL\Downloads\EBDESIGN\backend\src\modules\M120\routes.js","legacyModuleM120Routes","1245","20"
"POST","/api/v1/backend-modules/M120","/bulk","/api/v1/backend-modules/M120/bulk","C:\Users\DIYA GOEL\Downloads\EBDESIGN\backend\src\modules\M120\routes.js","legacyModuleM120Routes","1245","28"
"GET","/api/v1/backend-modules/M120","/search","/api/v1/backend-modules/M120/search","C:\Users\DIYA GOEL\Downloads\EBDESIGN\backend\src\modules\M120\routes.js","legacyModuleM120Routes","1245","36"
"POST","/api/v1/backend-modules/M120","/","/api/v1/backend-modules/M120/","C:\Users\DIYA GOEL\Downloads\EBDESIGN\backend\src\modules\M120\routes.js","legacyModuleM120Routes","1245","44"
"GET","/api/v1/backend-modules/M120","/:id","/api/v1/backend-modules/M120/:id","C:\Users\DIYA GOEL\Downloads\EBDESIGN\backend\src\modules\M120\routes.js","legacyModuleM120Routes","1245","51"
"PUT","/api/v1/backend-modules/M120","/:id","/api/v1/backend-modules/M120/:id","C:\Users\DIYA GOEL\Downloads\EBDESIGN\backend\src\modules\M120\routes.js","legacyModuleM120Routes","1245","58"
"DELETE","/api/v1/backend-modules/M120","/:id","/api/v1/backend-modules/M120/:id","C:\Users\DIYA GOEL\Downloads\EBDESIGN\backend\src\modules\M120\routes.js","legacyModuleM120Routes","1245","65"
"GET","/api/v1/backend-modules/M121","/","/api/v1/backend-modules/M121/","C:\Users\DIYA GOEL\Downloads\EBDESIGN\backend\src\modules\M121\routes.js","legacyModuleM121Routes","1246","20"
"POST","/api/v1/backend-modules/M121","/bulk","/api/v1/backend-modules/M121/bulk","C:\Users\DIYA GOEL\Downloads\EBDESIGN\backend\src\modules\M121\routes.js","legacyModuleM121Routes","1246","28"
"GET","/api/v1/backend-modules/M121","/search","/api/v1/backend-modules/M121/search","C:\Users\DIYA GOEL\Downloads\EBDESIGN\backend\src\modules\M121\routes.js","legacyModuleM121Routes","1246","36"
"POST","/api/v1/backend-modules/M121","/","/api/v1/backend-modules/M121/","C:\Users\DIYA GOEL\Downloads\EBDESIGN\backend\src\modules\M121\routes.js","legacyModuleM121Routes","1246","44"
"GET","/api/v1/backend-modules/M121","/:id","/api/v1/backend-modules/M121/:id","C:\Users\DIYA GOEL\Downloads\EBDESIGN\backend\src\modules\M121\routes.js","legacyModuleM121Routes","1246","51"
"PUT","/api/v1/backend-modules/M121","/:id","/api/v1/backend-modules/M121/:id","C:\Users\DIYA GOEL\Downloads\EBDESIGN\backend\src\modules\M121\routes.js","legacyModuleM121Routes","1246","58"
"DELETE","/api/v1/backend-modules/M121","/:id","/api/v1/backend-modules/M121/:id","C:\Users\DIYA GOEL\Downloads\EBDESIGN\backend\src\modules\M121\routes.js","legacyModuleM121Routes","1246","65"
"GET","/api/v1/backend-modules/M122","/","/api/v1/backend-modules/M122/","C:\Users\DIYA GOEL\Downloads\EBDESIGN\backend\src\modules\M122\routes.js","legacyModuleM122Routes","1247","20"
"POST","/api/v1/backend-modules/M122","/bulk","/api/v1/backend-modules/M122/bulk","C:\Users\DIYA GOEL\Downloads\EBDESIGN\backend\src\modules\M122\routes.js","legacyModuleM122Routes","1247","28"
"GET","/api/v1/backend-modules/M122","/search","/api/v1/backend-modules/M122/search","C:\Users\DIYA GOEL\Downloads\EBDESIGN\backend\src\modules\M122\routes.js","legacyModuleM122Routes","1247","36"
"POST","/api/v1/backend-modules/M122","/","/api/v1/backend-modules/M122/","C:\Users\DIYA GOEL\Downloads\EBDESIGN\backend\src\modules\M122\routes.js","legacyModuleM122Routes","1247","44"
"GET","/api/v1/backend-modules/M122","/:id","/api/v1/backend-modules/M122/:id","C:\Users\DIYA GOEL\Downloads\EBDESIGN\backend\src\modules\M122\routes.js","legacyModuleM122Routes","1247","51"
"PUT","/api/v1/backend-modules/M122","/:id","/api/v1/backend-modules/M122/:id","C:\Users\DIYA GOEL\Downloads\EBDESIGN\backend\src\modules\M122\routes.js","legacyModuleM122Routes","1247","58"
"DELETE","/api/v1/backend-modules/M122","/:id","/api/v1/backend-modules/M122/:id","C:\Users\DIYA GOEL\Downloads\EBDESIGN\backend\src\modules\M122\routes.js","legacyModuleM122Routes","1247","65"
"GET","/api/v1/backend-modules/M123","/","/api/v1/backend-modules/M123/","C:\Users\DIYA GOEL\Downloads\EBDESIGN\backend\src\modules\M123\routes.js","legacyModuleM123Routes","1248","20"
"POST","/api/v1/backend-modules/M123","/bulk","/api/v1/backend-modules/M123/bulk","C:\Users\DIYA GOEL\Downloads\EBDESIGN\backend\src\modules\M123\routes.js","legacyModuleM123Routes","1248","28"
"GET","/api/v1/backend-modules/M123","/search","/api/v1/backend-modules/M123/search","C:\Users\DIYA GOEL\Downloads\EBDESIGN\backend\src\modules\M123\routes.js","legacyModuleM123Routes","1248","36"
"POST","/api/v1/backend-modules/M123","/","/api/v1/backend-modules/M123/","C:\Users\DIYA GOEL\Downloads\EBDESIGN\backend\src\modules\M123\routes.js","legacyModuleM123Routes","1248","44"
"GET","/api/v1/backend-modules/M123","/:id","/api/v1/backend-modules/M123/:id","C:\Users\DIYA GOEL\Downloads\EBDESIGN\backend\src\modules\M123\routes.js","legacyModuleM123Routes","1248","51"
"PUT","/api/v1/backend-modules/M123","/:id","/api/v1/backend-modules/M123/:id","C:\Users\DIYA GOEL\Downloads\EBDESIGN\backend\src\modules\M123\routes.js","legacyModuleM123Routes","1248","58"
"DELETE","/api/v1/backend-modules/M123","/:id","/api/v1/backend-modules/M123/:id","C:\Users\DIYA GOEL\Downloads\EBDESIGN\backend\src\modules\M123\routes.js","legacyModuleM123Routes","1248","65"
"GET","/api/v1/backend-modules/M124","/","/api/v1/backend-modules/M124/","C:\Users\DIYA GOEL\Downloads\EBDESIGN\backend\src\modules\M124\routes.js","legacyModuleM124Routes","1249","20"
"POST","/api/v1/backend-modules/M124","/bulk","/api/v1/backend-modules/M124/bulk","C:\Users\DIYA GOEL\Downloads\EBDESIGN\backend\src\modules\M124\routes.js","legacyModuleM124Routes","1249","28"
"GET","/api/v1/backend-modules/M124","/search","/api/v1/backend-modules/M124/search","C:\Users\DIYA GOEL\Downloads\EBDESIGN\backend\src\modules\M124\routes.js","legacyModuleM124Routes","1249","36"
"POST","/api/v1/backend-modules/M124","/","/api/v1/backend-modules/M124/","C:\Users\DIYA GOEL\Downloads\EBDESIGN\backend\src\modules\M124\routes.js","legacyModuleM124Routes","1249","44"
"GET","/api/v1/backend-modules/M124","/:id","/api/v1/backend-modules/M124/:id","C:\Users\DIYA GOEL\Downloads\EBDESIGN\backend\src\modules\M124\routes.js","legacyModuleM124Routes","1249","51"
"PUT","/api/v1/backend-modules/M124","/:id","/api/v1/backend-modules/M124/:id","C:\Users\DIYA GOEL\Downloads\EBDESIGN\backend\src\modules\M124\routes.js","legacyModuleM124Routes","1249","58"
"DELETE","/api/v1/backend-modules/M124","/:id","/api/v1/backend-modules/M124/:id","C:\Users\DIYA GOEL\Downloads\EBDESIGN\backend\src\modules\M124\routes.js","legacyModuleM124Routes","1249","65"
"GET","/api/v1/backend-modules/M125","/","/api/v1/backend-modules/M125/","C:\Users\DIYA GOEL\Downloads\EBDESIGN\backend\src\modules\M125\routes.js","legacyModuleM125Routes","1250","20"
"POST","/api/v1/backend-modules/M125","/bulk","/api/v1/backend-modules/M125/bulk","C:\Users\DIYA GOEL\Downloads\EBDESIGN\backend\src\modules\M125\routes.js","legacyModuleM125Routes","1250","28"
"GET","/api/v1/backend-modules/M125","/search","/api/v1/backend-modules/M125/search","C:\Users\DIYA GOEL\Downloads\EBDESIGN\backend\src\modules\M125\routes.js","legacyModuleM125Routes","1250","36"
"POST","/api/v1/backend-modules/M125","/","/api/v1/backend-modules/M125/","C:\Users\DIYA GOEL\Downloads\EBDESIGN\backend\src\modules\M125\routes.js","legacyModuleM125Routes","1250","44"
"GET","/api/v1/backend-modules/M125","/:id","/api/v1/backend-modules/M125/:id","C:\Users\DIYA GOEL\Downloads\EBDESIGN\backend\src\modules\M125\routes.js","legacyModuleM125Routes","1250","51"
"PUT","/api/v1/backend-modules/M125","/:id","/api/v1/backend-modules/M125/:id","C:\Users\DIYA GOEL\Downloads\EBDESIGN\backend\src\modules\M125\routes.js","legacyModuleM125Routes","1250","58"
"DELETE","/api/v1/backend-modules/M125","/:id","/api/v1/backend-modules/M125/:id","C:\Users\DIYA GOEL\Downloads\EBDESIGN\backend\src\modules\M125\routes.js","legacyModuleM125Routes","1250","65"
"GET","/api/v1/backend-modules/M126","/","/api/v1/backend-modules/M126/","C:\Users\DIYA GOEL\Downloads\EBDESIGN\backend\src\modules\M126\routes.js","legacyModuleM126Routes","1251","20"
"POST","/api/v1/backend-modules/M126","/bulk","/api/v1/backend-modules/M126/bulk","C:\Users\DIYA GOEL\Downloads\EBDESIGN\backend\src\modules\M126\routes.js","legacyModuleM126Routes","1251","28"
"GET","/api/v1/backend-modules/M126","/search","/api/v1/backend-modules/M126/search","C:\Users\DIYA GOEL\Downloads\EBDESIGN\backend\src\modules\M126\routes.js","legacyModuleM126Routes","1251","36"
"POST","/api/v1/backend-modules/M126","/","/api/v1/backend-modules/M126/","C:\Users\DIYA GOEL\Downloads\EBDESIGN\backend\src\modules\M126\routes.js","legacyModuleM126Routes","1251","44"
"GET","/api/v1/backend-modules/M126","/:id","/api/v1/backend-modules/M126/:id","C:\Users\DIYA GOEL\Downloads\EBDESIGN\backend\src\modules\M126\routes.js","legacyModuleM126Routes","1251","51"
"PUT","/api/v1/backend-modules/M126","/:id","/api/v1/backend-modules/M126/:id","C:\Users\DIYA GOEL\Downloads\EBDESIGN\backend\src\modules\M126\routes.js","legacyModuleM126Routes","1251","58"
"DELETE","/api/v1/backend-modules/M126","/:id","/api/v1/backend-modules/M126/:id","C:\Users\DIYA GOEL\Downloads\EBDESIGN\backend\src\modules\M126\routes.js","legacyModuleM126Routes","1251","65"
"GET","/api/v1/backend-modules/M127","/","/api/v1/backend-modules/M127/","C:\Users\DIYA GOEL\Downloads\EBDESIGN\backend\src\modules\M127\routes.js","legacyModuleM127Routes","1252","20"
"POST","/api/v1/backend-modules/M127","/bulk","/api/v1/backend-modules/M127/bulk","C:\Users\DIYA GOEL\Downloads\EBDESIGN\backend\src\modules\M127\routes.js","legacyModuleM127Routes","1252","28"
"GET","/api/v1/backend-modules/M127","/search","/api/v1/backend-modules/M127/search","C:\Users\DIYA GOEL\Downloads\EBDESIGN\backend\src\modules\M127\routes.js","legacyModuleM127Routes","1252","36"
"POST","/api/v1/backend-modules/M127","/","/api/v1/backend-modules/M127/","C:\Users\DIYA GOEL\Downloads\EBDESIGN\backend\src\modules\M127\routes.js","legacyModuleM127Routes","1252","44"
"GET","/api/v1/backend-modules/M127","/:id","/api/v1/backend-modules/M127/:id","C:\Users\DIYA GOEL\Downloads\EBDESIGN\backend\src\modules\M127\routes.js","legacyModuleM127Routes","1252","51"
"PUT","/api/v1/backend-modules/M127","/:id","/api/v1/backend-modules/M127/:id","C:\Users\DIYA GOEL\Downloads\EBDESIGN\backend\src\modules\M127\routes.js","legacyModuleM127Routes","1252","58"
"DELETE","/api/v1/backend-modules/M127","/:id","/api/v1/backend-modules/M127/:id","C:\Users\DIYA GOEL\Downloads\EBDESIGN\backend\src\modules\M127\routes.js","legacyModuleM127Routes","1252","65"
"GET","/api/v1/backend-modules/M128","/","/api/v1/backend-modules/M128/","C:\Users\DIYA GOEL\Downloads\EBDESIGN\backend\src\modules\M128\routes.js","legacyModuleM128Routes","1253","20"
"POST","/api/v1/backend-modules/M128","/bulk","/api/v1/backend-modules/M128/bulk","C:\Users\DIYA GOEL\Downloads\EBDESIGN\backend\src\modules\M128\routes.js","legacyModuleM128Routes","1253","28"
"GET","/api/v1/backend-modules/M128","/search","/api/v1/backend-modules/M128/search","C:\Users\DIYA GOEL\Downloads\EBDESIGN\backend\src\modules\M128\routes.js","legacyModuleM128Routes","1253","36"
"POST","/api/v1/backend-modules/M128","/","/api/v1/backend-modules/M128/","C:\Users\DIYA GOEL\Downloads\EBDESIGN\backend\src\modules\M128\routes.js","legacyModuleM128Routes","1253","44"
"GET","/api/v1/backend-modules/M128","/:id","/api/v1/backend-modules/M128/:id","C:\Users\DIYA GOEL\Downloads\EBDESIGN\backend\src\modules\M128\routes.js","legacyModuleM128Routes","1253","51"
"PUT","/api/v1/backend-modules/M128","/:id","/api/v1/backend-modules/M128/:id","C:\Users\DIYA GOEL\Downloads\EBDESIGN\backend\src\modules\M128\routes.js","legacyModuleM128Routes","1253","58"
"DELETE","/api/v1/backend-modules/M128","/:id","/api/v1/backend-modules/M128/:id","C:\Users\DIYA GOEL\Downloads\EBDESIGN\backend\src\modules\M128\routes.js","legacyModuleM128Routes","1253","65"
"GET","/api/v1/backend-modules/M129","/","/api/v1/backend-modules/M129/","C:\Users\DIYA GOEL\Downloads\EBDESIGN\backend\src\modules\M129\routes.js","legacyModuleM129Routes","1254","20"
"POST","/api/v1/backend-modules/M129","/bulk","/api/v1/backend-modules/M129/bulk","C:\Users\DIYA GOEL\Downloads\EBDESIGN\backend\src\modules\M129\routes.js","legacyModuleM129Routes","1254","28"
"GET","/api/v1/backend-modules/M129","/search","/api/v1/backend-modules/M129/search","C:\Users\DIYA GOEL\Downloads\EBDESIGN\backend\src\modules\M129\routes.js","legacyModuleM129Routes","1254","36"
"POST","/api/v1/backend-modules/M129","/","/api/v1/backend-modules/M129/","C:\Users\DIYA GOEL\Downloads\EBDESIGN\backend\src\modules\M129\routes.js","legacyModuleM129Routes","1254","44"
"GET","/api/v1/backend-modules/M129","/:id","/api/v1/backend-modules/M129/:id","C:\Users\DIYA GOEL\Downloads\EBDESIGN\backend\src\modules\M129\routes.js","legacyModuleM129Routes","1254","51"
"PUT","/api/v1/backend-modules/M129","/:id","/api/v1/backend-modules/M129/:id","C:\Users\DIYA GOEL\Downloads\EBDESIGN\backend\src\modules\M129\routes.js","legacyModuleM129Routes","1254","58"
"DELETE","/api/v1/backend-modules/M129","/:id","/api/v1/backend-modules/M129/:id","C:\Users\DIYA GOEL\Downloads\EBDESIGN\backend\src\modules\M129\routes.js","legacyModuleM129Routes","1254","65"
"GET","/api/v1/backend-modules/M130","/","/api/v1/backend-modules/M130/","C:\Users\DIYA GOEL\Downloads\EBDESIGN\backend\src\modules\M130\routes.js","legacyModuleM130Routes","1255","20"
"POST","/api/v1/backend-modules/M130","/bulk","/api/v1/backend-modules/M130/bulk","C:\Users\DIYA GOEL\Downloads\EBDESIGN\backend\src\modules\M130\routes.js","legacyModuleM130Routes","1255","28"
"GET","/api/v1/backend-modules/M130","/search","/api/v1/backend-modules/M130/search","C:\Users\DIYA GOEL\Downloads\EBDESIGN\backend\src\modules\M130\routes.js","legacyModuleM130Routes","1255","36"
"POST","/api/v1/backend-modules/M130","/","/api/v1/backend-modules/M130/","C:\Users\DIYA GOEL\Downloads\EBDESIGN\backend\src\modules\M130\routes.js","legacyModuleM130Routes","1255","44"
"GET","/api/v1/backend-modules/M130","/:id","/api/v1/backend-modules/M130/:id","C:\Users\DIYA GOEL\Downloads\EBDESIGN\backend\src\modules\M130\routes.js","legacyModuleM130Routes","1255","51"
"PUT","/api/v1/backend-modules/M130","/:id","/api/v1/backend-modules/M130/:id","C:\Users\DIYA GOEL\Downloads\EBDESIGN\backend\src\modules\M130\routes.js","legacyModuleM130Routes","1255","58"
"DELETE","/api/v1/backend-modules/M130","/:id","/api/v1/backend-modules/M130/:id","C:\Users\DIYA GOEL\Downloads\EBDESIGN\backend\src\modules\M130\routes.js","legacyModuleM130Routes","1255","65"
"GET","/api/v1/backend-modules/M131","/","/api/v1/backend-modules/M131/","C:\Users\DIYA GOEL\Downloads\EBDESIGN\backend\src\modules\M131\routes.js","legacyModuleM131Routes","1256","20"
"POST","/api/v1/backend-modules/M131","/bulk","/api/v1/backend-modules/M131/bulk","C:\Users\DIYA GOEL\Downloads\EBDESIGN\backend\src\modules\M131\routes.js","legacyModuleM131Routes","1256","28"
"GET","/api/v1/backend-modules/M131","/search","/api/v1/backend-modules/M131/search","C:\Users\DIYA GOEL\Downloads\EBDESIGN\backend\src\modules\M131\routes.js","legacyModuleM131Routes","1256","36"
"POST","/api/v1/backend-modules/M131","/","/api/v1/backend-modules/M131/","C:\Users\DIYA GOEL\Downloads\EBDESIGN\backend\src\modules\M131\routes.js","legacyModuleM131Routes","1256","44"
"GET","/api/v1/backend-modules/M131","/:id","/api/v1/backend-modules/M131/:id","C:\Users\DIYA GOEL\Downloads\EBDESIGN\backend\src\modules\M131\routes.js","legacyModuleM131Routes","1256","51"
"PUT","/api/v1/backend-modules/M131","/:id","/api/v1/backend-modules/M131/:id","C:\Users\DIYA GOEL\Downloads\EBDESIGN\backend\src\modules\M131\routes.js","legacyModuleM131Routes","1256","58"
"DELETE","/api/v1/backend-modules/M131","/:id","/api/v1/backend-modules/M131/:id","C:\Users\DIYA GOEL\Downloads\EBDESIGN\backend\src\modules\M131\routes.js","legacyModuleM131Routes","1256","65"
"GET","/api/v1/backend-modules/M132","/","/api/v1/backend-modules/M132/","C:\Users\DIYA GOEL\Downloads\EBDESIGN\backend\src\modules\M132\routes.js","legacyModuleM132Routes","1257","20"
"POST","/api/v1/backend-modules/M132","/bulk","/api/v1/backend-modules/M132/bulk","C:\Users\DIYA GOEL\Downloads\EBDESIGN\backend\src\modules\M132\routes.js","legacyModuleM132Routes","1257","28"
"GET","/api/v1/backend-modules/M132","/search","/api/v1/backend-modules/M132/search","C:\Users\DIYA GOEL\Downloads\EBDESIGN\backend\src\modules\M132\routes.js","legacyModuleM132Routes","1257","36"
"POST","/api/v1/backend-modules/M132","/","/api/v1/backend-modules/M132/","C:\Users\DIYA GOEL\Downloads\EBDESIGN\backend\src\modules\M132\routes.js","legacyModuleM132Routes","1257","44"
"GET","/api/v1/backend-modules/M132","/:id","/api/v1/backend-modules/M132/:id","C:\Users\DIYA GOEL\Downloads\EBDESIGN\backend\src\modules\M132\routes.js","legacyModuleM132Routes","1257","51"
"PUT","/api/v1/backend-modules/M132","/:id","/api/v1/backend-modules/M132/:id","C:\Users\DIYA GOEL\Downloads\EBDESIGN\backend\src\modules\M132\routes.js","legacyModuleM132Routes","1257","58"
"DELETE","/api/v1/backend-modules/M132","/:id","/api/v1/backend-modules/M132/:id","C:\Users\DIYA GOEL\Downloads\EBDESIGN\backend\src\modules\M132\routes.js","legacyModuleM132Routes","1257","65"
"GET","/api/v1/backend-modules/M133","/","/api/v1/backend-modules/M133/","C:\Users\DIYA GOEL\Downloads\EBDESIGN\backend\src\modules\M133\routes.js","legacyModuleM133Routes","1258","20"
"POST","/api/v1/backend-modules/M133","/bulk","/api/v1/backend-modules/M133/bulk","C:\Users\DIYA GOEL\Downloads\EBDESIGN\backend\src\modules\M133\routes.js","legacyModuleM133Routes","1258","28"
"GET","/api/v1/backend-modules/M133","/search","/api/v1/backend-modules/M133/search","C:\Users\DIYA GOEL\Downloads\EBDESIGN\backend\src\modules\M133\routes.js","legacyModuleM133Routes","1258","36"
"POST","/api/v1/backend-modules/M133","/","/api/v1/backend-modules/M133/","C:\Users\DIYA GOEL\Downloads\EBDESIGN\backend\src\modules\M133\routes.js","legacyModuleM133Routes","1258","44"
"GET","/api/v1/backend-modules/M133","/:id","/api/v1/backend-modules/M133/:id","C:\Users\DIYA GOEL\Downloads\EBDESIGN\backend\src\modules\M133\routes.js","legacyModuleM133Routes","1258","51"
"PUT","/api/v1/backend-modules/M133","/:id","/api/v1/backend-modules/M133/:id","C:\Users\DIYA GOEL\Downloads\EBDESIGN\backend\src\modules\M133\routes.js","legacyModuleM133Routes","1258","58"
"DELETE","/api/v1/backend-modules/M133","/:id","/api/v1/backend-modules/M133/:id","C:\Users\DIYA GOEL\Downloads\EBDESIGN\backend\src\modules\M133\routes.js","legacyModuleM133Routes","1258","65"
"GET","/api/v1/backend-modules/M134","/","/api/v1/backend-modules/M134/","C:\Users\DIYA GOEL\Downloads\EBDESIGN\backend\src\modules\M134\routes.js","legacyModuleM134Routes","1259","20"
"POST","/api/v1/backend-modules/M134","/bulk","/api/v1/backend-modules/M134/bulk","C:\Users\DIYA GOEL\Downloads\EBDESIGN\backend\src\modules\M134\routes.js","legacyModuleM134Routes","1259","28"
"GET","/api/v1/backend-modules/M134","/search","/api/v1/backend-modules/M134/search","C:\Users\DIYA GOEL\Downloads\EBDESIGN\backend\src\modules\M134\routes.js","legacyModuleM134Routes","1259","36"
"POST","/api/v1/backend-modules/M134","/","/api/v1/backend-modules/M134/","C:\Users\DIYA GOEL\Downloads\EBDESIGN\backend\src\modules\M134\routes.js","legacyModuleM134Routes","1259","44"
"GET","/api/v1/backend-modules/M134","/:id","/api/v1/backend-modules/M134/:id","C:\Users\DIYA GOEL\Downloads\EBDESIGN\backend\src\modules\M134\routes.js","legacyModuleM134Routes","1259","51"
"PUT","/api/v1/backend-modules/M134","/:id","/api/v1/backend-modules/M134/:id","C:\Users\DIYA GOEL\Downloads\EBDESIGN\backend\src\modules\M134\routes.js","legacyModuleM134Routes","1259","58"
"DELETE","/api/v1/backend-modules/M134","/:id","/api/v1/backend-modules/M134/:id","C:\Users\DIYA GOEL\Downloads\EBDESIGN\backend\src\modules\M134\routes.js","legacyModuleM134Routes","1259","65"
"GET","/api/v1/backend-modules/M135","/","/api/v1/backend-modules/M135/","C:\Users\DIYA GOEL\Downloads\EBDESIGN\backend\src\modules\M135\routes.js","legacyModuleM135Routes","1260","20"
"POST","/api/v1/backend-modules/M135","/bulk","/api/v1/backend-modules/M135/bulk","C:\Users\DIYA GOEL\Downloads\EBDESIGN\backend\src\modules\M135\routes.js","legacyModuleM135Routes","1260","28"
"GET","/api/v1/backend-modules/M135","/search","/api/v1/backend-modules/M135/search","C:\Users\DIYA GOEL\Downloads\EBDESIGN\backend\src\modules\M135\routes.js","legacyModuleM135Routes","1260","36"
"POST","/api/v1/backend-modules/M135","/","/api/v1/backend-modules/M135/","C:\Users\DIYA GOEL\Downloads\EBDESIGN\backend\src\modules\M135\routes.js","legacyModuleM135Routes","1260","44"
"GET","/api/v1/backend-modules/M135","/:id","/api/v1/backend-modules/M135/:id","C:\Users\DIYA GOEL\Downloads\EBDESIGN\backend\src\modules\M135\routes.js","legacyModuleM135Routes","1260","51"
"PUT","/api/v1/backend-modules/M135","/:id","/api/v1/backend-modules/M135/:id","C:\Users\DIYA GOEL\Downloads\EBDESIGN\backend\src\modules\M135\routes.js","legacyModuleM135Routes","1260","58"
"DELETE","/api/v1/backend-modules/M135","/:id","/api/v1/backend-modules/M135/:id","C:\Users\DIYA GOEL\Downloads\EBDESIGN\backend\src\modules\M135\routes.js","legacyModuleM135Routes","1260","65"
"GET","/api/v1/backend-modules/M136","/","/api/v1/backend-modules/M136/","C:\Users\DIYA GOEL\Downloads\EBDESIGN\backend\src\modules\M136\routes.js","legacyModuleM136Routes","1261","20"
"POST","/api/v1/backend-modules/M136","/bulk","/api/v1/backend-modules/M136/bulk","C:\Users\DIYA GOEL\Downloads\EBDESIGN\backend\src\modules\M136\routes.js","legacyModuleM136Routes","1261","28"
"GET","/api/v1/backend-modules/M136","/search","/api/v1/backend-modules/M136/search","C:\Users\DIYA GOEL\Downloads\EBDESIGN\backend\src\modules\M136\routes.js","legacyModuleM136Routes","1261","36"
"POST","/api/v1/backend-modules/M136","/","/api/v1/backend-modules/M136/","C:\Users\DIYA GOEL\Downloads\EBDESIGN\backend\src\modules\M136\routes.js","legacyModuleM136Routes","1261","44"
"GET","/api/v1/backend-modules/M136","/:id","/api/v1/backend-modules/M136/:id","C:\Users\DIYA GOEL\Downloads\EBDESIGN\backend\src\modules\M136\routes.js","legacyModuleM136Routes","1261","51"
"PUT","/api/v1/backend-modules/M136","/:id","/api/v1/backend-modules/M136/:id","C:\Users\DIYA GOEL\Downloads\EBDESIGN\backend\src\modules\M136\routes.js","legacyModuleM136Routes","1261","58"
"DELETE","/api/v1/backend-modules/M136","/:id","/api/v1/backend-modules/M136/:id","C:\Users\DIYA GOEL\Downloads\EBDESIGN\backend\src\modules\M136\routes.js","legacyModuleM136Routes","1261","65"
"GET","/api/v1/backend-modules/M137","/","/api/v1/backend-modules/M137/","C:\Users\DIYA GOEL\Downloads\EBDESIGN\backend\src\modules\M137\routes.js","legacyModuleM137Routes","1262","20"
"POST","/api/v1/backend-modules/M137","/bulk","/api/v1/backend-modules/M137/bulk","C:\Users\DIYA GOEL\Downloads\EBDESIGN\backend\src\modules\M137\routes.js","legacyModuleM137Routes","1262","28"
"GET","/api/v1/backend-modules/M137","/search","/api/v1/backend-modules/M137/search","C:\Users\DIYA GOEL\Downloads\EBDESIGN\backend\src\modules\M137\routes.js","legacyModuleM137Routes","1262","36"
"POST","/api/v1/backend-modules/M137","/","/api/v1/backend-modules/M137/","C:\Users\DIYA GOEL\Downloads\EBDESIGN\backend\src\modules\M137\routes.js","legacyModuleM137Routes","1262","44"
"GET","/api/v1/backend-modules/M137","/:id","/api/v1/backend-modules/M137/:id","C:\Users\DIYA GOEL\Downloads\EBDESIGN\backend\src\modules\M137\routes.js","legacyModuleM137Routes","1262","51"
"PUT","/api/v1/backend-modules/M137","/:id","/api/v1/backend-modules/M137/:id","C:\Users\DIYA GOEL\Downloads\EBDESIGN\backend\src\modules\M137\routes.js","legacyModuleM137Routes","1262","58"
"DELETE","/api/v1/backend-modules/M137","/:id","/api/v1/backend-modules/M137/:id","C:\Users\DIYA GOEL\Downloads\EBDESIGN\backend\src\modules\M137\routes.js","legacyModuleM137Routes","1262","65"
"GET","/api/v1/backend-modules/M138","/","/api/v1/backend-modules/M138/","C:\Users\DIYA GOEL\Downloads\EBDESIGN\backend\src\modules\M138\routes.js","legacyModuleM138Routes","1263","20"
"POST","/api/v1/backend-modules/M138","/bulk","/api/v1/backend-modules/M138/bulk","C:\Users\DIYA GOEL\Downloads\EBDESIGN\backend\src\modules\M138\routes.js","legacyModuleM138Routes","1263","28"
"GET","/api/v1/backend-modules/M138","/search","/api/v1/backend-modules/M138/search","C:\Users\DIYA GOEL\Downloads\EBDESIGN\backend\src\modules\M138\routes.js","legacyModuleM138Routes","1263","36"
"POST","/api/v1/backend-modules/M138","/","/api/v1/backend-modules/M138/","C:\Users\DIYA GOEL\Downloads\EBDESIGN\backend\src\modules\M138\routes.js","legacyModuleM138Routes","1263","44"
"GET","/api/v1/backend-modules/M138","/:id","/api/v1/backend-modules/M138/:id","C:\Users\DIYA GOEL\Downloads\EBDESIGN\backend\src\modules\M138\routes.js","legacyModuleM138Routes","1263","51"
"PUT","/api/v1/backend-modules/M138","/:id","/api/v1/backend-modules/M138/:id","C:\Users\DIYA GOEL\Downloads\EBDESIGN\backend\src\modules\M138\routes.js","legacyModuleM138Routes","1263","58"
"DELETE","/api/v1/backend-modules/M138","/:id","/api/v1/backend-modules/M138/:id","C:\Users\DIYA GOEL\Downloads\EBDESIGN\backend\src\modules\M138\routes.js","legacyModuleM138Routes","1263","65"
"GET","/api/v1/backend-modules/M139","/","/api/v1/backend-modules/M139/","C:\Users\DIYA GOEL\Downloads\EBDESIGN\backend\src\modules\M139\routes.js","legacyModuleM139Routes","1264","20"
"POST","/api/v1/backend-modules/M139","/bulk","/api/v1/backend-modules/M139/bulk","C:\Users\DIYA GOEL\Downloads\EBDESIGN\backend\src\modules\M139\routes.js","legacyModuleM139Routes","1264","28"
"GET","/api/v1/backend-modules/M139","/search","/api/v1/backend-modules/M139/search","C:\Users\DIYA GOEL\Downloads\EBDESIGN\backend\src\modules\M139\routes.js","legacyModuleM139Routes","1264","36"
"POST","/api/v1/backend-modules/M139","/","/api/v1/backend-modules/M139/","C:\Users\DIYA GOEL\Downloads\EBDESIGN\backend\src\modules\M139\routes.js","legacyModuleM139Routes","1264","44"
"GET","/api/v1/backend-modules/M139","/:id","/api/v1/backend-modules/M139/:id","C:\Users\DIYA GOEL\Downloads\EBDESIGN\backend\src\modules\M139\routes.js","legacyModuleM139Routes","1264","51"
"PUT","/api/v1/backend-modules/M139","/:id","/api/v1/backend-modules/M139/:id","C:\Users\DIYA GOEL\Downloads\EBDESIGN\backend\src\modules\M139\routes.js","legacyModuleM139Routes","1264","58"
"DELETE","/api/v1/backend-modules/M139","/:id","/api/v1/backend-modules/M139/:id","C:\Users\DIYA GOEL\Downloads\EBDESIGN\backend\src\modules\M139\routes.js","legacyModuleM139Routes","1264","65"
"GET","/api/v1/backend-modules/M140","/","/api/v1/backend-modules/M140/","C:\Users\DIYA GOEL\Downloads\EBDESIGN\backend\src\modules\M140\routes.js","legacyModuleM140Routes","1265","20"
"POST","/api/v1/backend-modules/M140","/bulk","/api/v1/backend-modules/M140/bulk","C:\Users\DIYA GOEL\Downloads\EBDESIGN\backend\src\modules\M140\routes.js","legacyModuleM140Routes","1265","28"
"GET","/api/v1/backend-modules/M140","/search","/api/v1/backend-modules/M140/search","C:\Users\DIYA GOEL\Downloads\EBDESIGN\backend\src\modules\M140\routes.js","legacyModuleM140Routes","1265","36"
"POST","/api/v1/backend-modules/M140","/","/api/v1/backend-modules/M140/","C:\Users\DIYA GOEL\Downloads\EBDESIGN\backend\src\modules\M140\routes.js","legacyModuleM140Routes","1265","44"
"GET","/api/v1/backend-modules/M140","/:id","/api/v1/backend-modules/M140/:id","C:\Users\DIYA GOEL\Downloads\EBDESIGN\backend\src\modules\M140\routes.js","legacyModuleM140Routes","1265","51"
"PUT","/api/v1/backend-modules/M140","/:id","/api/v1/backend-modules/M140/:id","C:\Users\DIYA GOEL\Downloads\EBDESIGN\backend\src\modules\M140\routes.js","legacyModuleM140Routes","1265","58"
"DELETE","/api/v1/backend-modules/M140","/:id","/api/v1/backend-modules/M140/:id","C:\Users\DIYA GOEL\Downloads\EBDESIGN\backend\src\modules\M140\routes.js","legacyModuleM140Routes","1265","65"
"GET","/api/v1/backend-modules/M141","/","/api/v1/backend-modules/M141/","C:\Users\DIYA GOEL\Downloads\EBDESIGN\backend\src\modules\M141\routes.js","legacyModuleM141Routes","1266","20"
"POST","/api/v1/backend-modules/M141","/bulk","/api/v1/backend-modules/M141/bulk","C:\Users\DIYA GOEL\Downloads\EBDESIGN\backend\src\modules\M141\routes.js","legacyModuleM141Routes","1266","28"
"GET","/api/v1/backend-modules/M141","/search","/api/v1/backend-modules/M141/search","C:\Users\DIYA GOEL\Downloads\EBDESIGN\backend\src\modules\M141\routes.js","legacyModuleM141Routes","1266","36"
"POST","/api/v1/backend-modules/M141","/","/api/v1/backend-modules/M141/","C:\Users\DIYA GOEL\Downloads\EBDESIGN\backend\src\modules\M141\routes.js","legacyModuleM141Routes","1266","44"
"GET","/api/v1/backend-modules/M141","/:id","/api/v1/backend-modules/M141/:id","C:\Users\DIYA GOEL\Downloads\EBDESIGN\backend\src\modules\M141\routes.js","legacyModuleM141Routes","1266","51"
"PUT","/api/v1/backend-modules/M141","/:id","/api/v1/backend-modules/M141/:id","C:\Users\DIYA GOEL\Downloads\EBDESIGN\backend\src\modules\M141\routes.js","legacyModuleM141Routes","1266","58"
"DELETE","/api/v1/backend-modules/M141","/:id","/api/v1/backend-modules/M141/:id","C:\Users\DIYA GOEL\Downloads\EBDESIGN\backend\src\modules\M141\routes.js","legacyModuleM141Routes","1266","65"
"GET","/api/v1/backend-modules/M142","/","/api/v1/backend-modules/M142/","C:\Users\DIYA GOEL\Downloads\EBDESIGN\backend\src\modules\M142\routes.js","legacyModuleM142Routes","1267","20"
"POST","/api/v1/backend-modules/M142","/bulk","/api/v1/backend-modules/M142/bulk","C:\Users\DIYA GOEL\Downloads\EBDESIGN\backend\src\modules\M142\routes.js","legacyModuleM142Routes","1267","28"
"GET","/api/v1/backend-modules/M142","/search","/api/v1/backend-modules/M142/search","C:\Users\DIYA GOEL\Downloads\EBDESIGN\backend\src\modules\M142\routes.js","legacyModuleM142Routes","1267","36"
"POST","/api/v1/backend-modules/M142","/","/api/v1/backend-modules/M142/","C:\Users\DIYA GOEL\Downloads\EBDESIGN\backend\src\modules\M142\routes.js","legacyModuleM142Routes","1267","44"
"GET","/api/v1/backend-modules/M142","/:id","/api/v1/backend-modules/M142/:id","C:\Users\DIYA GOEL\Downloads\EBDESIGN\backend\src\modules\M142\routes.js","legacyModuleM142Routes","1267","51"
"PUT","/api/v1/backend-modules/M142","/:id","/api/v1/backend-modules/M142/:id","C:\Users\DIYA GOEL\Downloads\EBDESIGN\backend\src\modules\M142\routes.js","legacyModuleM142Routes","1267","58"
"DELETE","/api/v1/backend-modules/M142","/:id","/api/v1/backend-modules/M142/:id","C:\Users\DIYA GOEL\Downloads\EBDESIGN\backend\src\modules\M142\routes.js","legacyModuleM142Routes","1267","65"
"GET","/api/v1/backend-modules/M143","/","/api/v1/backend-modules/M143/","C:\Users\DIYA GOEL\Downloads\EBDESIGN\backend\src\modules\M143\routes.js","legacyModuleM143Routes","1268","20"
"POST","/api/v1/backend-modules/M143","/bulk","/api/v1/backend-modules/M143/bulk","C:\Users\DIYA GOEL\Downloads\EBDESIGN\backend\src\modules\M143\routes.js","legacyModuleM143Routes","1268","28"
"GET","/api/v1/backend-modules/M143","/search","/api/v1/backend-modules/M143/search","C:\Users\DIYA GOEL\Downloads\EBDESIGN\backend\src\modules\M143\routes.js","legacyModuleM143Routes","1268","36"
"POST","/api/v1/backend-modules/M143","/","/api/v1/backend-modules/M143/","C:\Users\DIYA GOEL\Downloads\EBDESIGN\backend\src\modules\M143\routes.js","legacyModuleM143Routes","1268","44"
"GET","/api/v1/backend-modules/M143","/:id","/api/v1/backend-modules/M143/:id","C:\Users\DIYA GOEL\Downloads\EBDESIGN\backend\src\modules\M143\routes.js","legacyModuleM143Routes","1268","51"
"PUT","/api/v1/backend-modules/M143","/:id","/api/v1/backend-modules/M143/:id","C:\Users\DIYA GOEL\Downloads\EBDESIGN\backend\src\modules\M143\routes.js","legacyModuleM143Routes","1268","58"
"DELETE","/api/v1/backend-modules/M143","/:id","/api/v1/backend-modules/M143/:id","C:\Users\DIYA GOEL\Downloads\EBDESIGN\backend\src\modules\M143\routes.js","legacyModuleM143Routes","1268","65"
"GET","/api/v1/backend-modules/M144","/","/api/v1/backend-modules/M144/","C:\Users\DIYA GOEL\Downloads\EBDESIGN\backend\src\modules\M144\routes.js","legacyModuleM144Routes","1269","20"
"POST","/api/v1/backend-modules/M144","/bulk","/api/v1/backend-modules/M144/bulk","C:\Users\DIYA GOEL\Downloads\EBDESIGN\backend\src\modules\M144\routes.js","legacyModuleM144Routes","1269","28"
"GET","/api/v1/backend-modules/M144","/search","/api/v1/backend-modules/M144/search","C:\Users\DIYA GOEL\Downloads\EBDESIGN\backend\src\modules\M144\routes.js","legacyModuleM144Routes","1269","36"
"POST","/api/v1/backend-modules/M144","/","/api/v1/backend-modules/M144/","C:\Users\DIYA GOEL\Downloads\EBDESIGN\backend\src\modules\M144\routes.js","legacyModuleM144Routes","1269","44"
"GET","/api/v1/backend-modules/M144","/:id","/api/v1/backend-modules/M144/:id","C:\Users\DIYA GOEL\Downloads\EBDESIGN\backend\src\modules\M144\routes.js","legacyModuleM144Routes","1269","51"
"PUT","/api/v1/backend-modules/M144","/:id","/api/v1/backend-modules/M144/:id","C:\Users\DIYA GOEL\Downloads\EBDESIGN\backend\src\modules\M144\routes.js","legacyModuleM144Routes","1269","58"
"DELETE","/api/v1/backend-modules/M144","/:id","/api/v1/backend-modules/M144/:id","C:\Users\DIYA GOEL\Downloads\EBDESIGN\backend\src\modules\M144\routes.js","legacyModuleM144Routes","1269","65"
"GET","/api/v1/backend-modules/M145","/","/api/v1/backend-modules/M145/","C:\Users\DIYA GOEL\Downloads\EBDESIGN\backend\src\modules\M145\routes.js","legacyModuleM145Routes","1270","20"
"POST","/api/v1/backend-modules/M145","/bulk","/api/v1/backend-modules/M145/bulk","C:\Users\DIYA GOEL\Downloads\EBDESIGN\backend\src\modules\M145\routes.js","legacyModuleM145Routes","1270","28"
"GET","/api/v1/backend-modules/M145","/search","/api/v1/backend-modules/M145/search","C:\Users\DIYA GOEL\Downloads\EBDESIGN\backend\src\modules\M145\routes.js","legacyModuleM145Routes","1270","36"
"POST","/api/v1/backend-modules/M145","/","/api/v1/backend-modules/M145/","C:\Users\DIYA GOEL\Downloads\EBDESIGN\backend\src\modules\M145\routes.js","legacyModuleM145Routes","1270","44"
"GET","/api/v1/backend-modules/M145","/:id","/api/v1/backend-modules/M145/:id","C:\Users\DIYA GOEL\Downloads\EBDESIGN\backend\src\modules\M145\routes.js","legacyModuleM145Routes","1270","51"
"PUT","/api/v1/backend-modules/M145","/:id","/api/v1/backend-modules/M145/:id","C:\Users\DIYA GOEL\Downloads\EBDESIGN\backend\src\modules\M145\routes.js","legacyModuleM145Routes","1270","58"
"DELETE","/api/v1/backend-modules/M145","/:id","/api/v1/backend-modules/M145/:id","C:\Users\DIYA GOEL\Downloads\EBDESIGN\backend\src\modules\M145\routes.js","legacyModuleM145Routes","1270","65"
"GET","/api/v1/backend-modules/M146","/","/api/v1/backend-modules/M146/","C:\Users\DIYA GOEL\Downloads\EBDESIGN\backend\src\modules\M146\routes.js","legacyModuleM146Routes","1271","20"
"POST","/api/v1/backend-modules/M146","/bulk","/api/v1/backend-modules/M146/bulk","C:\Users\DIYA GOEL\Downloads\EBDESIGN\backend\src\modules\M146\routes.js","legacyModuleM146Routes","1271","28"
"GET","/api/v1/backend-modules/M146","/search","/api/v1/backend-modules/M146/search","C:\Users\DIYA GOEL\Downloads\EBDESIGN\backend\src\modules\M146\routes.js","legacyModuleM146Routes","1271","36"
"POST","/api/v1/backend-modules/M146","/","/api/v1/backend-modules/M146/","C:\Users\DIYA GOEL\Downloads\EBDESIGN\backend\src\modules\M146\routes.js","legacyModuleM146Routes","1271","44"
"GET","/api/v1/backend-modules/M146","/:id","/api/v1/backend-modules/M146/:id","C:\Users\DIYA GOEL\Downloads\EBDESIGN\backend\src\modules\M146\routes.js","legacyModuleM146Routes","1271","51"
"PUT","/api/v1/backend-modules/M146","/:id","/api/v1/backend-modules/M146/:id","C:\Users\DIYA GOEL\Downloads\EBDESIGN\backend\src\modules\M146\routes.js","legacyModuleM146Routes","1271","58"
"DELETE","/api/v1/backend-modules/M146","/:id","/api/v1/backend-modules/M146/:id","C:\Users\DIYA GOEL\Downloads\EBDESIGN\backend\src\modules\M146\routes.js","legacyModuleM146Routes","1271","65"
"GET","/api/v1/backend-modules/M147","/","/api/v1/backend-modules/M147/","C:\Users\DIYA GOEL\Downloads\EBDESIGN\backend\src\modules\M147\routes.js","legacyModuleM147Routes","1272","20"
"POST","/api/v1/backend-modules/M147","/bulk","/api/v1/backend-modules/M147/bulk","C:\Users\DIYA GOEL\Downloads\EBDESIGN\backend\src\modules\M147\routes.js","legacyModuleM147Routes","1272","28"
"GET","/api/v1/backend-modules/M147","/search","/api/v1/backend-modules/M147/search","C:\Users\DIYA GOEL\Downloads\EBDESIGN\backend\src\modules\M147\routes.js","legacyModuleM147Routes","1272","36"
"POST","/api/v1/backend-modules/M147","/","/api/v1/backend-modules/M147/","C:\Users\DIYA GOEL\Downloads\EBDESIGN\backend\src\modules\M147\routes.js","legacyModuleM147Routes","1272","44"
"GET","/api/v1/backend-modules/M147","/:id","/api/v1/backend-modules/M147/:id","C:\Users\DIYA GOEL\Downloads\EBDESIGN\backend\src\modules\M147\routes.js","legacyModuleM147Routes","1272","51"
"PUT","/api/v1/backend-modules/M147","/:id","/api/v1/backend-modules/M147/:id","C:\Users\DIYA GOEL\Downloads\EBDESIGN\backend\src\modules\M147\routes.js","legacyModuleM147Routes","1272","58"
"DELETE","/api/v1/backend-modules/M147","/:id","/api/v1/backend-modules/M147/:id","C:\Users\DIYA GOEL\Downloads\EBDESIGN\backend\src\modules\M147\routes.js","legacyModuleM147Routes","1272","65"
"GET","/api/v1/backend-modules/M148","/","/api/v1/backend-modules/M148/","C:\Users\DIYA GOEL\Downloads\EBDESIGN\backend\src\modules\M148\routes.js","legacyModuleM148Routes","1273","20"
"POST","/api/v1/backend-modules/M148","/bulk","/api/v1/backend-modules/M148/bulk","C:\Users\DIYA GOEL\Downloads\EBDESIGN\backend\src\modules\M148\routes.js","legacyModuleM148Routes","1273","28"
"GET","/api/v1/backend-modules/M148","/search","/api/v1/backend-modules/M148/search","C:\Users\DIYA GOEL\Downloads\EBDESIGN\backend\src\modules\M148\routes.js","legacyModuleM148Routes","1273","36"
"POST","/api/v1/backend-modules/M148","/","/api/v1/backend-modules/M148/","C:\Users\DIYA GOEL\Downloads\EBDESIGN\backend\src\modules\M148\routes.js","legacyModuleM148Routes","1273","44"
"GET","/api/v1/backend-modules/M148","/:id","/api/v1/backend-modules/M148/:id","C:\Users\DIYA GOEL\Downloads\EBDESIGN\backend\src\modules\M148\routes.js","legacyModuleM148Routes","1273","51"
"PUT","/api/v1/backend-modules/M148","/:id","/api/v1/backend-modules/M148/:id","C:\Users\DIYA GOEL\Downloads\EBDESIGN\backend\src\modules\M148\routes.js","legacyModuleM148Routes","1273","58"
"DELETE","/api/v1/backend-modules/M148","/:id","/api/v1/backend-modules/M148/:id","C:\Users\DIYA GOEL\Downloads\EBDESIGN\backend\src\modules\M148\routes.js","legacyModuleM148Routes","1273","65"
"GET","/api/v1/backend-modules/M149","/","/api/v1/backend-modules/M149/","C:\Users\DIYA GOEL\Downloads\EBDESIGN\backend\src\modules\M149\routes.js","legacyModuleM149Routes","1274","20"
"POST","/api/v1/backend-modules/M149","/bulk","/api/v1/backend-modules/M149/bulk","C:\Users\DIYA GOEL\Downloads\EBDESIGN\backend\src\modules\M149\routes.js","legacyModuleM149Routes","1274","28"
"GET","/api/v1/backend-modules/M149","/search","/api/v1/backend-modules/M149/search","C:\Users\DIYA GOEL\Downloads\EBDESIGN\backend\src\modules\M149\routes.js","legacyModuleM149Routes","1274","36"
"POST","/api/v1/backend-modules/M149","/","/api/v1/backend-modules/M149/","C:\Users\DIYA GOEL\Downloads\EBDESIGN\backend\src\modules\M149\routes.js","legacyModuleM149Routes","1274","44"
"GET","/api/v1/backend-modules/M149","/:id","/api/v1/backend-modules/M149/:id","C:\Users\DIYA GOEL\Downloads\EBDESIGN\backend\src\modules\M149\routes.js","legacyModuleM149Routes","1274","51"
"PUT","/api/v1/backend-modules/M149","/:id","/api/v1/backend-modules/M149/:id","C:\Users\DIYA GOEL\Downloads\EBDESIGN\backend\src\modules\M149\routes.js","legacyModuleM149Routes","1274","58"
"DELETE","/api/v1/backend-modules/M149","/:id","/api/v1/backend-modules/M149/:id","C:\Users\DIYA GOEL\Downloads\EBDESIGN\backend\src\modules\M149\routes.js","legacyModuleM149Routes","1274","65"
"GET","/api/v1/backend-modules/M150","/","/api/v1/backend-modules/M150/","C:\Users\DIYA GOEL\Downloads\EBDESIGN\backend\src\modules\M150\routes.js","legacyModuleM150Routes","1275","20"
"POST","/api/v1/backend-modules/M150","/bulk","/api/v1/backend-modules/M150/bulk","C:\Users\DIYA GOEL\Downloads\EBDESIGN\backend\src\modules\M150\routes.js","legacyModuleM150Routes","1275","28"
"GET","/api/v1/backend-modules/M150","/search","/api/v1/backend-modules/M150/search","C:\Users\DIYA GOEL\Downloads\EBDESIGN\backend\src\modules\M150\routes.js","legacyModuleM150Routes","1275","36"
"POST","/api/v1/backend-modules/M150","/","/api/v1/backend-modules/M150/","C:\Users\DIYA GOEL\Downloads\EBDESIGN\backend\src\modules\M150\routes.js","legacyModuleM150Routes","1275","44"
"GET","/api/v1/backend-modules/M150","/:id","/api/v1/backend-modules/M150/:id","C:\Users\DIYA GOEL\Downloads\EBDESIGN\backend\src\modules\M150\routes.js","legacyModuleM150Routes","1275","51"
"PUT","/api/v1/backend-modules/M150","/:id","/api/v1/backend-modules/M150/:id","C:\Users\DIYA GOEL\Downloads\EBDESIGN\backend\src\modules\M150\routes.js","legacyModuleM150Routes","1275","58"
"DELETE","/api/v1/backend-modules/M150","/:id","/api/v1/backend-modules/M150/:id","C:\Users\DIYA GOEL\Downloads\EBDESIGN\backend\src\modules\M150\routes.js","legacyModuleM150Routes","1275","65"
"GET","/api/v1/backend-modules/M152","/","/api/v1/backend-modules/M152/","C:\Users\DIYA GOEL\Downloads\EBDESIGN\backend\src\modules\M152\routes.js","legacyModuleM152Routes","1276","20"
"POST","/api/v1/backend-modules/M152","/bulk","/api/v1/backend-modules/M152/bulk","C:\Users\DIYA GOEL\Downloads\EBDESIGN\backend\src\modules\M152\routes.js","legacyModuleM152Routes","1276","28"
"GET","/api/v1/backend-modules/M152","/search","/api/v1/backend-modules/M152/search","C:\Users\DIYA GOEL\Downloads\EBDESIGN\backend\src\modules\M152\routes.js","legacyModuleM152Routes","1276","36"
"POST","/api/v1/backend-modules/M152","/","/api/v1/backend-modules/M152/","C:\Users\DIYA GOEL\Downloads\EBDESIGN\backend\src\modules\M152\routes.js","legacyModuleM152Routes","1276","44"
"GET","/api/v1/backend-modules/M152","/:id","/api/v1/backend-modules/M152/:id","C:\Users\DIYA GOEL\Downloads\EBDESIGN\backend\src\modules\M152\routes.js","legacyModuleM152Routes","1276","51"
"PUT","/api/v1/backend-modules/M152","/:id","/api/v1/backend-modules/M152/:id","C:\Users\DIYA GOEL\Downloads\EBDESIGN\backend\src\modules\M152\routes.js","legacyModuleM152Routes","1276","58"
"DELETE","/api/v1/backend-modules/M152","/:id","/api/v1/backend-modules/M152/:id","C:\Users\DIYA GOEL\Downloads\EBDESIGN\backend\src\modules\M152\routes.js","legacyModuleM152Routes","1276","65"
"GET","/api/v1/backend-modules/M153","/","/api/v1/backend-modules/M153/","C:\Users\DIYA GOEL\Downloads\EBDESIGN\backend\src\modules\M153\routes.js","legacyModuleM153Routes","1277","20"
"POST","/api/v1/backend-modules/M153","/bulk","/api/v1/backend-modules/M153/bulk","C:\Users\DIYA GOEL\Downloads\EBDESIGN\backend\src\modules\M153\routes.js","legacyModuleM153Routes","1277","28"
"GET","/api/v1/backend-modules/M153","/search","/api/v1/backend-modules/M153/search","C:\Users\DIYA GOEL\Downloads\EBDESIGN\backend\src\modules\M153\routes.js","legacyModuleM153Routes","1277","36"
"POST","/api/v1/backend-modules/M153","/","/api/v1/backend-modules/M153/","C:\Users\DIYA GOEL\Downloads\EBDESIGN\backend\src\modules\M153\routes.js","legacyModuleM153Routes","1277","44"
"GET","/api/v1/backend-modules/M153","/:id","/api/v1/backend-modules/M153/:id","C:\Users\DIYA GOEL\Downloads\EBDESIGN\backend\src\modules\M153\routes.js","legacyModuleM153Routes","1277","51"
"PUT","/api/v1/backend-modules/M153","/:id","/api/v1/backend-modules/M153/:id","C:\Users\DIYA GOEL\Downloads\EBDESIGN\backend\src\modules\M153\routes.js","legacyModuleM153Routes","1277","58"
"DELETE","/api/v1/backend-modules/M153","/:id","/api/v1/backend-modules/M153/:id","C:\Users\DIYA GOEL\Downloads\EBDESIGN\backend\src\modules\M153\routes.js","legacyModuleM153Routes","1277","65"
"GET","/api/v1/backend-modules/M154","/","/api/v1/backend-modules/M154/","C:\Users\DIYA GOEL\Downloads\EBDESIGN\backend\src\modules\M154\routes.js","legacyModuleM154Routes","1278","20"
"POST","/api/v1/backend-modules/M154","/bulk","/api/v1/backend-modules/M154/bulk","C:\Users\DIYA GOEL\Downloads\EBDESIGN\backend\src\modules\M154\routes.js","legacyModuleM154Routes","1278","28"
"GET","/api/v1/backend-modules/M154","/search","/api/v1/backend-modules/M154/search","C:\Users\DIYA GOEL\Downloads\EBDESIGN\backend\src\modules\M154\routes.js","legacyModuleM154Routes","1278","36"
"POST","/api/v1/backend-modules/M154","/","/api/v1/backend-modules/M154/","C:\Users\DIYA GOEL\Downloads\EBDESIGN\backend\src\modules\M154\routes.js","legacyModuleM154Routes","1278","44"
"GET","/api/v1/backend-modules/M154","/:id","/api/v1/backend-modules/M154/:id","C:\Users\DIYA GOEL\Downloads\EBDESIGN\backend\src\modules\M154\routes.js","legacyModuleM154Routes","1278","51"
"PUT","/api/v1/backend-modules/M154","/:id","/api/v1/backend-modules/M154/:id","C:\Users\DIYA GOEL\Downloads\EBDESIGN\backend\src\modules\M154\routes.js","legacyModuleM154Routes","1278","58"
"DELETE","/api/v1/backend-modules/M154","/:id","/api/v1/backend-modules/M154/:id","C:\Users\DIYA GOEL\Downloads\EBDESIGN\backend\src\modules\M154\routes.js","legacyModuleM154Routes","1278","65"
"GET","/api/v1/backend-modules/M155","/","/api/v1/backend-modules/M155/","C:\Users\DIYA GOEL\Downloads\EBDESIGN\backend\src\modules\M155\routes.js","legacyModuleM155Routes","1279","20"
"POST","/api/v1/backend-modules/M155","/bulk","/api/v1/backend-modules/M155/bulk","C:\Users\DIYA GOEL\Downloads\EBDESIGN\backend\src\modules\M155\routes.js","legacyModuleM155Routes","1279","28"
"GET","/api/v1/backend-modules/M155","/search","/api/v1/backend-modules/M155/search","C:\Users\DIYA GOEL\Downloads\EBDESIGN\backend\src\modules\M155\routes.js","legacyModuleM155Routes","1279","36"
"POST","/api/v1/backend-modules/M155","/","/api/v1/backend-modules/M155/","C:\Users\DIYA GOEL\Downloads\EBDESIGN\backend\src\modules\M155\routes.js","legacyModuleM155Routes","1279","44"
"GET","/api/v1/backend-modules/M155","/:id","/api/v1/backend-modules/M155/:id","C:\Users\DIYA GOEL\Downloads\EBDESIGN\backend\src\modules\M155\routes.js","legacyModuleM155Routes","1279","51"
"PUT","/api/v1/backend-modules/M155","/:id","/api/v1/backend-modules/M155/:id","C:\Users\DIYA GOEL\Downloads\EBDESIGN\backend\src\modules\M155\routes.js","legacyModuleM155Routes","1279","58"
"DELETE","/api/v1/backend-modules/M155","/:id","/api/v1/backend-modules/M155/:id","C:\Users\DIYA GOEL\Downloads\EBDESIGN\backend\src\modules\M155\routes.js","legacyModuleM155Routes","1279","65"
"GET","/api/v1/backend-modules/M156","/","/api/v1/backend-modules/M156/","C:\Users\DIYA GOEL\Downloads\EBDESIGN\backend\src\modules\M156\routes.js","legacyModuleM156Routes","1280","20"
"POST","/api/v1/backend-modules/M156","/bulk","/api/v1/backend-modules/M156/bulk","C:\Users\DIYA GOEL\Downloads\EBDESIGN\backend\src\modules\M156\routes.js","legacyModuleM156Routes","1280","28"
"GET","/api/v1/backend-modules/M156","/search","/api/v1/backend-modules/M156/search","C:\Users\DIYA GOEL\Downloads\EBDESIGN\backend\src\modules\M156\routes.js","legacyModuleM156Routes","1280","36"
"POST","/api/v1/backend-modules/M156","/","/api/v1/backend-modules/M156/","C:\Users\DIYA GOEL\Downloads\EBDESIGN\backend\src\modules\M156\routes.js","legacyModuleM156Routes","1280","44"
"GET","/api/v1/backend-modules/M156","/:id","/api/v1/backend-modules/M156/:id","C:\Users\DIYA GOEL\Downloads\EBDESIGN\backend\src\modules\M156\routes.js","legacyModuleM156Routes","1280","51"
"PUT","/api/v1/backend-modules/M156","/:id","/api/v1/backend-modules/M156/:id","C:\Users\DIYA GOEL\Downloads\EBDESIGN\backend\src\modules\M156\routes.js","legacyModuleM156Routes","1280","58"
"DELETE","/api/v1/backend-modules/M156","/:id","/api/v1/backend-modules/M156/:id","C:\Users\DIYA GOEL\Downloads\EBDESIGN\backend\src\modules\M156\routes.js","legacyModuleM156Routes","1280","65"
"GET","/api/v1/backend-modules/M157","/","/api/v1/backend-modules/M157/","C:\Users\DIYA GOEL\Downloads\EBDESIGN\backend\src\modules\M157\routes.js","legacyModuleM157Routes","1281","20"
"POST","/api/v1/backend-modules/M157","/bulk","/api/v1/backend-modules/M157/bulk","C:\Users\DIYA GOEL\Downloads\EBDESIGN\backend\src\modules\M157\routes.js","legacyModuleM157Routes","1281","28"
"GET","/api/v1/backend-modules/M157","/search","/api/v1/backend-modules/M157/search","C:\Users\DIYA GOEL\Downloads\EBDESIGN\backend\src\modules\M157\routes.js","legacyModuleM157Routes","1281","36"
"POST","/api/v1/backend-modules/M157","/","/api/v1/backend-modules/M157/","C:\Users\DIYA GOEL\Downloads\EBDESIGN\backend\src\modules\M157\routes.js","legacyModuleM157Routes","1281","44"
"GET","/api/v1/backend-modules/M157","/:id","/api/v1/backend-modules/M157/:id","C:\Users\DIYA GOEL\Downloads\EBDESIGN\backend\src\modules\M157\routes.js","legacyModuleM157Routes","1281","51"
"PUT","/api/v1/backend-modules/M157","/:id","/api/v1/backend-modules/M157/:id","C:\Users\DIYA GOEL\Downloads\EBDESIGN\backend\src\modules\M157\routes.js","legacyModuleM157Routes","1281","58"
"DELETE","/api/v1/backend-modules/M157","/:id","/api/v1/backend-modules/M157/:id","C:\Users\DIYA GOEL\Downloads\EBDESIGN\backend\src\modules\M157\routes.js","legacyModuleM157Routes","1281","65"
"GET","/api/v1/backend-modules/M158","/","/api/v1/backend-modules/M158/","C:\Users\DIYA GOEL\Downloads\EBDESIGN\backend\src\modules\M158\routes.js","legacyModuleM158Routes","1282","20"
"POST","/api/v1/backend-modules/M158","/bulk","/api/v1/backend-modules/M158/bulk","C:\Users\DIYA GOEL\Downloads\EBDESIGN\backend\src\modules\M158\routes.js","legacyModuleM158Routes","1282","28"
"GET","/api/v1/backend-modules/M158","/search","/api/v1/backend-modules/M158/search","C:\Users\DIYA GOEL\Downloads\EBDESIGN\backend\src\modules\M158\routes.js","legacyModuleM158Routes","1282","36"
"POST","/api/v1/backend-modules/M158","/","/api/v1/backend-modules/M158/","C:\Users\DIYA GOEL\Downloads\EBDESIGN\backend\src\modules\M158\routes.js","legacyModuleM158Routes","1282","44"
"GET","/api/v1/backend-modules/M158","/:id","/api/v1/backend-modules/M158/:id","C:\Users\DIYA GOEL\Downloads\EBDESIGN\backend\src\modules\M158\routes.js","legacyModuleM158Routes","1282","51"
"PUT","/api/v1/backend-modules/M158","/:id","/api/v1/backend-modules/M158/:id","C:\Users\DIYA GOEL\Downloads\EBDESIGN\backend\src\modules\M158\routes.js","legacyModuleM158Routes","1282","58"
"DELETE","/api/v1/backend-modules/M158","/:id","/api/v1/backend-modules/M158/:id","C:\Users\DIYA GOEL\Downloads\EBDESIGN\backend\src\modules\M158\routes.js","legacyModuleM158Routes","1282","65"
"GET","/api/v1/backend-modules/M159","/","/api/v1/backend-modules/M159/","C:\Users\DIYA GOEL\Downloads\EBDESIGN\backend\src\modules\M159\routes.js","legacyModuleM159Routes","1283","20"
"POST","/api/v1/backend-modules/M159","/bulk","/api/v1/backend-modules/M159/bulk","C:\Users\DIYA GOEL\Downloads\EBDESIGN\backend\src\modules\M159\routes.js","legacyModuleM159Routes","1283","28"
"GET","/api/v1/backend-modules/M159","/search","/api/v1/backend-modules/M159/search","C:\Users\DIYA GOEL\Downloads\EBDESIGN\backend\src\modules\M159\routes.js","legacyModuleM159Routes","1283","36"
"POST","/api/v1/backend-modules/M159","/","/api/v1/backend-modules/M159/","C:\Users\DIYA GOEL\Downloads\EBDESIGN\backend\src\modules\M159\routes.js","legacyModuleM159Routes","1283","44"
"GET","/api/v1/backend-modules/M159","/:id","/api/v1/backend-modules/M159/:id","C:\Users\DIYA GOEL\Downloads\EBDESIGN\backend\src\modules\M159\routes.js","legacyModuleM159Routes","1283","51"
"PUT","/api/v1/backend-modules/M159","/:id","/api/v1/backend-modules/M159/:id","C:\Users\DIYA GOEL\Downloads\EBDESIGN\backend\src\modules\M159\routes.js","legacyModuleM159Routes","1283","58"
"DELETE","/api/v1/backend-modules/M159","/:id","/api/v1/backend-modules/M159/:id","C:\Users\DIYA GOEL\Downloads\EBDESIGN\backend\src\modules\M159\routes.js","legacyModuleM159Routes","1283","65"
"GET","/api/v1/backend-modules/M160","/","/api/v1/backend-modules/M160/","C:\Users\DIYA GOEL\Downloads\EBDESIGN\backend\src\modules\M160\routes.js","legacyModuleM160Routes","1284","20"
"POST","/api/v1/backend-modules/M160","/bulk","/api/v1/backend-modules/M160/bulk","C:\Users\DIYA GOEL\Downloads\EBDESIGN\backend\src\modules\M160\routes.js","legacyModuleM160Routes","1284","28"
"GET","/api/v1/backend-modules/M160","/search","/api/v1/backend-modules/M160/search","C:\Users\DIYA GOEL\Downloads\EBDESIGN\backend\src\modules\M160\routes.js","legacyModuleM160Routes","1284","36"
"POST","/api/v1/backend-modules/M160","/","/api/v1/backend-modules/M160/","C:\Users\DIYA GOEL\Downloads\EBDESIGN\backend\src\modules\M160\routes.js","legacyModuleM160Routes","1284","44"
"GET","/api/v1/backend-modules/M160","/:id","/api/v1/backend-modules/M160/:id","C:\Users\DIYA GOEL\Downloads\EBDESIGN\backend\src\modules\M160\routes.js","legacyModuleM160Routes","1284","51"
"PUT","/api/v1/backend-modules/M160","/:id","/api/v1/backend-modules/M160/:id","C:\Users\DIYA GOEL\Downloads\EBDESIGN\backend\src\modules\M160\routes.js","legacyModuleM160Routes","1284","58"
"DELETE","/api/v1/backend-modules/M160","/:id","/api/v1/backend-modules/M160/:id","C:\Users\DIYA GOEL\Downloads\EBDESIGN\backend\src\modules\M160\routes.js","legacyModuleM160Routes","1284","65"
"GET","/api/v1/backend-modules/M161","/","/api/v1/backend-modules/M161/","C:\Users\DIYA GOEL\Downloads\EBDESIGN\backend\src\modules\M161\routes.js","legacyModuleM161Routes","1285","20"
"POST","/api/v1/backend-modules/M161","/bulk","/api/v1/backend-modules/M161/bulk","C:\Users\DIYA GOEL\Downloads\EBDESIGN\backend\src\modules\M161\routes.js","legacyModuleM161Routes","1285","28"
"GET","/api/v1/backend-modules/M161","/search","/api/v1/backend-modules/M161/search","C:\Users\DIYA GOEL\Downloads\EBDESIGN\backend\src\modules\M161\routes.js","legacyModuleM161Routes","1285","36"
"POST","/api/v1/backend-modules/M161","/","/api/v1/backend-modules/M161/","C:\Users\DIYA GOEL\Downloads\EBDESIGN\backend\src\modules\M161\routes.js","legacyModuleM161Routes","1285","44"
"GET","/api/v1/backend-modules/M161","/:id","/api/v1/backend-modules/M161/:id","C:\Users\DIYA GOEL\Downloads\EBDESIGN\backend\src\modules\M161\routes.js","legacyModuleM161Routes","1285","51"
"PUT","/api/v1/backend-modules/M161","/:id","/api/v1/backend-modules/M161/:id","C:\Users\DIYA GOEL\Downloads\EBDESIGN\backend\src\modules\M161\routes.js","legacyModuleM161Routes","1285","58"
"DELETE","/api/v1/backend-modules/M161","/:id","/api/v1/backend-modules/M161/:id","C:\Users\DIYA GOEL\Downloads\EBDESIGN\backend\src\modules\M161\routes.js","legacyModuleM161Routes","1285","65"
"GET","/api/v1/backend-modules/M162","/","/api/v1/backend-modules/M162/","C:\Users\DIYA GOEL\Downloads\EBDESIGN\backend\src\modules\M162\routes.js","legacyModuleM162Routes","1286","20"
"POST","/api/v1/backend-modules/M162","/bulk","/api/v1/backend-modules/M162/bulk","C:\Users\DIYA GOEL\Downloads\EBDESIGN\backend\src\modules\M162\routes.js","legacyModuleM162Routes","1286","28"
"GET","/api/v1/backend-modules/M162","/search","/api/v1/backend-modules/M162/search","C:\Users\DIYA GOEL\Downloads\EBDESIGN\backend\src\modules\M162\routes.js","legacyModuleM162Routes","1286","36"
"POST","/api/v1/backend-modules/M162","/","/api/v1/backend-modules/M162/","C:\Users\DIYA GOEL\Downloads\EBDESIGN\backend\src\modules\M162\routes.js","legacyModuleM162Routes","1286","44"
"GET","/api/v1/backend-modules/M162","/:id","/api/v1/backend-modules/M162/:id","C:\Users\DIYA GOEL\Downloads\EBDESIGN\backend\src\modules\M162\routes.js","legacyModuleM162Routes","1286","51"
"PUT","/api/v1/backend-modules/M162","/:id","/api/v1/backend-modules/M162/:id","C:\Users\DIYA GOEL\Downloads\EBDESIGN\backend\src\modules\M162\routes.js","legacyModuleM162Routes","1286","58"
"DELETE","/api/v1/backend-modules/M162","/:id","/api/v1/backend-modules/M162/:id","C:\Users\DIYA GOEL\Downloads\EBDESIGN\backend\src\modules\M162\routes.js","legacyModuleM162Routes","1286","65"
"GET","/api/v1/backend-modules/M163","/","/api/v1/backend-modules/M163/","C:\Users\DIYA GOEL\Downloads\EBDESIGN\backend\src\modules\M163\routes.js","legacyModuleM163Routes","1287","20"
"POST","/api/v1/backend-modules/M163","/bulk","/api/v1/backend-modules/M163/bulk","C:\Users\DIYA GOEL\Downloads\EBDESIGN\backend\src\modules\M163\routes.js","legacyModuleM163Routes","1287","28"
"GET","/api/v1/backend-modules/M163","/search","/api/v1/backend-modules/M163/search","C:\Users\DIYA GOEL\Downloads\EBDESIGN\backend\src\modules\M163\routes.js","legacyModuleM163Routes","1287","36"
"POST","/api/v1/backend-modules/M163","/","/api/v1/backend-modules/M163/","C:\Users\DIYA GOEL\Downloads\EBDESIGN\backend\src\modules\M163\routes.js","legacyModuleM163Routes","1287","44"
"GET","/api/v1/backend-modules/M163","/:id","/api/v1/backend-modules/M163/:id","C:\Users\DIYA GOEL\Downloads\EBDESIGN\backend\src\modules\M163\routes.js","legacyModuleM163Routes","1287","51"
"PUT","/api/v1/backend-modules/M163","/:id","/api/v1/backend-modules/M163/:id","C:\Users\DIYA GOEL\Downloads\EBDESIGN\backend\src\modules\M163\routes.js","legacyModuleM163Routes","1287","58"
"DELETE","/api/v1/backend-modules/M163","/:id","/api/v1/backend-modules/M163/:id","C:\Users\DIYA GOEL\Downloads\EBDESIGN\backend\src\modules\M163\routes.js","legacyModuleM163Routes","1287","65"
"GET","/api/v1/backend-modules/M164","/","/api/v1/backend-modules/M164/","C:\Users\DIYA GOEL\Downloads\EBDESIGN\backend\src\modules\M164\routes.js","legacyModuleM164Routes","1288","20"
"POST","/api/v1/backend-modules/M164","/bulk","/api/v1/backend-modules/M164/bulk","C:\Users\DIYA GOEL\Downloads\EBDESIGN\backend\src\modules\M164\routes.js","legacyModuleM164Routes","1288","28"
"GET","/api/v1/backend-modules/M164","/search","/api/v1/backend-modules/M164/search","C:\Users\DIYA GOEL\Downloads\EBDESIGN\backend\src\modules\M164\routes.js","legacyModuleM164Routes","1288","36"
"POST","/api/v1/backend-modules/M164","/","/api/v1/backend-modules/M164/","C:\Users\DIYA GOEL\Downloads\EBDESIGN\backend\src\modules\M164\routes.js","legacyModuleM164Routes","1288","44"
"GET","/api/v1/backend-modules/M164","/:id","/api/v1/backend-modules/M164/:id","C:\Users\DIYA GOEL\Downloads\EBDESIGN\backend\src\modules\M164\routes.js","legacyModuleM164Routes","1288","51"
"PUT","/api/v1/backend-modules/M164","/:id","/api/v1/backend-modules/M164/:id","C:\Users\DIYA GOEL\Downloads\EBDESIGN\backend\src\modules\M164\routes.js","legacyModuleM164Routes","1288","58"
"DELETE","/api/v1/backend-modules/M164","/:id","/api/v1/backend-modules/M164/:id","C:\Users\DIYA GOEL\Downloads\EBDESIGN\backend\src\modules\M164\routes.js","legacyModuleM164Routes","1288","65"
"GET","/api/v1/backend-modules/M165","/","/api/v1/backend-modules/M165/","C:\Users\DIYA GOEL\Downloads\EBDESIGN\backend\src\modules\M165\routes.js","legacyModuleM165Routes","1289","20"
"POST","/api/v1/backend-modules/M165","/bulk","/api/v1/backend-modules/M165/bulk","C:\Users\DIYA GOEL\Downloads\EBDESIGN\backend\src\modules\M165\routes.js","legacyModuleM165Routes","1289","28"
"GET","/api/v1/backend-modules/M165","/search","/api/v1/backend-modules/M165/search","C:\Users\DIYA GOEL\Downloads\EBDESIGN\backend\src\modules\M165\routes.js","legacyModuleM165Routes","1289","36"
"POST","/api/v1/backend-modules/M165","/","/api/v1/backend-modules/M165/","C:\Users\DIYA GOEL\Downloads\EBDESIGN\backend\src\modules\M165\routes.js","legacyModuleM165Routes","1289","44"
"GET","/api/v1/backend-modules/M165","/:id","/api/v1/backend-modules/M165/:id","C:\Users\DIYA GOEL\Downloads\EBDESIGN\backend\src\modules\M165\routes.js","legacyModuleM165Routes","1289","51"
"PUT","/api/v1/backend-modules/M165","/:id","/api/v1/backend-modules/M165/:id","C:\Users\DIYA GOEL\Downloads\EBDESIGN\backend\src\modules\M165\routes.js","legacyModuleM165Routes","1289","58"
"DELETE","/api/v1/backend-modules/M165","/:id","/api/v1/backend-modules/M165/:id","C:\Users\DIYA GOEL\Downloads\EBDESIGN\backend\src\modules\M165\routes.js","legacyModuleM165Routes","1289","65"
"GET","/api/v1/backend-modules/M166","/","/api/v1/backend-modules/M166/","C:\Users\DIYA GOEL\Downloads\EBDESIGN\backend\src\modules\M166\routes.js","legacyModuleM166Routes","1290","20"
"POST","/api/v1/backend-modules/M166","/bulk","/api/v1/backend-modules/M166/bulk","C:\Users\DIYA GOEL\Downloads\EBDESIGN\backend\src\modules\M166\routes.js","legacyModuleM166Routes","1290","28"
"GET","/api/v1/backend-modules/M166","/search","/api/v1/backend-modules/M166/search","C:\Users\DIYA GOEL\Downloads\EBDESIGN\backend\src\modules\M166\routes.js","legacyModuleM166Routes","1290","36"
"POST","/api/v1/backend-modules/M166","/","/api/v1/backend-modules/M166/","C:\Users\DIYA GOEL\Downloads\EBDESIGN\backend\src\modules\M166\routes.js","legacyModuleM166Routes","1290","44"
"GET","/api/v1/backend-modules/M166","/:id","/api/v1/backend-modules/M166/:id","C:\Users\DIYA GOEL\Downloads\EBDESIGN\backend\src\modules\M166\routes.js","legacyModuleM166Routes","1290","51"
"PUT","/api/v1/backend-modules/M166","/:id","/api/v1/backend-modules/M166/:id","C:\Users\DIYA GOEL\Downloads\EBDESIGN\backend\src\modules\M166\routes.js","legacyModuleM166Routes","1290","58"
"DELETE","/api/v1/backend-modules/M166","/:id","/api/v1/backend-modules/M166/:id","C:\Users\DIYA GOEL\Downloads\EBDESIGN\backend\src\modules\M166\routes.js","legacyModuleM166Routes","1290","65"
"GET","/api/v1/backend-modules/M167","/","/api/v1/backend-modules/M167/","C:\Users\DIYA GOEL\Downloads\EBDESIGN\backend\src\modules\M167\routes.js","legacyModuleM167Routes","1291","20"
"POST","/api/v1/backend-modules/M167","/bulk","/api/v1/backend-modules/M167/bulk","C:\Users\DIYA GOEL\Downloads\EBDESIGN\backend\src\modules\M167\routes.js","legacyModuleM167Routes","1291","28"
"GET","/api/v1/backend-modules/M167","/search","/api/v1/backend-modules/M167/search","C:\Users\DIYA GOEL\Downloads\EBDESIGN\backend\src\modules\M167\routes.js","legacyModuleM167Routes","1291","36"
"POST","/api/v1/backend-modules/M167","/","/api/v1/backend-modules/M167/","C:\Users\DIYA GOEL\Downloads\EBDESIGN\backend\src\modules\M167\routes.js","legacyModuleM167Routes","1291","44"
"GET","/api/v1/backend-modules/M167","/:id","/api/v1/backend-modules/M167/:id","C:\Users\DIYA GOEL\Downloads\EBDESIGN\backend\src\modules\M167\routes.js","legacyModuleM167Routes","1291","51"
"PUT","/api/v1/backend-modules/M167","/:id","/api/v1/backend-modules/M167/:id","C:\Users\DIYA GOEL\Downloads\EBDESIGN\backend\src\modules\M167\routes.js","legacyModuleM167Routes","1291","58"
"DELETE","/api/v1/backend-modules/M167","/:id","/api/v1/backend-modules/M167/:id","C:\Users\DIYA GOEL\Downloads\EBDESIGN\backend\src\modules\M167\routes.js","legacyModuleM167Routes","1291","65"
"GET","/api/v1/backend-modules/M168","/","/api/v1/backend-modules/M168/","C:\Users\DIYA GOEL\Downloads\EBDESIGN\backend\src\modules\M168\routes.js","legacyModuleM168Routes","1292","20"
"POST","/api/v1/backend-modules/M168","/bulk","/api/v1/backend-modules/M168/bulk","C:\Users\DIYA GOEL\Downloads\EBDESIGN\backend\src\modules\M168\routes.js","legacyModuleM168Routes","1292","28"
"GET","/api/v1/backend-modules/M168","/search","/api/v1/backend-modules/M168/search","C:\Users\DIYA GOEL\Downloads\EBDESIGN\backend\src\modules\M168\routes.js","legacyModuleM168Routes","1292","36"
"POST","/api/v1/backend-modules/M168","/","/api/v1/backend-modules/M168/","C:\Users\DIYA GOEL\Downloads\EBDESIGN\backend\src\modules\M168\routes.js","legacyModuleM168Routes","1292","44"
"GET","/api/v1/backend-modules/M168","/:id","/api/v1/backend-modules/M168/:id","C:\Users\DIYA GOEL\Downloads\EBDESIGN\backend\src\modules\M168\routes.js","legacyModuleM168Routes","1292","51"
"PUT","/api/v1/backend-modules/M168","/:id","/api/v1/backend-modules/M168/:id","C:\Users\DIYA GOEL\Downloads\EBDESIGN\backend\src\modules\M168\routes.js","legacyModuleM168Routes","1292","58"
"DELETE","/api/v1/backend-modules/M168","/:id","/api/v1/backend-modules/M168/:id","C:\Users\DIYA GOEL\Downloads\EBDESIGN\backend\src\modules\M168\routes.js","legacyModuleM168Routes","1292","65"
"GET","/api/v1/backend-modules/M169","/","/api/v1/backend-modules/M169/","C:\Users\DIYA GOEL\Downloads\EBDESIGN\backend\src\modules\M169\routes.js","legacyModuleM169Routes","1293","20"
"POST","/api/v1/backend-modules/M169","/bulk","/api/v1/backend-modules/M169/bulk","C:\Users\DIYA GOEL\Downloads\EBDESIGN\backend\src\modules\M169\routes.js","legacyModuleM169Routes","1293","28"
"GET","/api/v1/backend-modules/M169","/search","/api/v1/backend-modules/M169/search","C:\Users\DIYA GOEL\Downloads\EBDESIGN\backend\src\modules\M169\routes.js","legacyModuleM169Routes","1293","36"
"POST","/api/v1/backend-modules/M169","/","/api/v1/backend-modules/M169/","C:\Users\DIYA GOEL\Downloads\EBDESIGN\backend\src\modules\M169\routes.js","legacyModuleM169Routes","1293","44"
"GET","/api/v1/backend-modules/M169","/:id","/api/v1/backend-modules/M169/:id","C:\Users\DIYA GOEL\Downloads\EBDESIGN\backend\src\modules\M169\routes.js","legacyModuleM169Routes","1293","51"
"PUT","/api/v1/backend-modules/M169","/:id","/api/v1/backend-modules/M169/:id","C:\Users\DIYA GOEL\Downloads\EBDESIGN\backend\src\modules\M169\routes.js","legacyModuleM169Routes","1293","58"
"DELETE","/api/v1/backend-modules/M169","/:id","/api/v1/backend-modules/M169/:id","C:\Users\DIYA GOEL\Downloads\EBDESIGN\backend\src\modules\M169\routes.js","legacyModuleM169Routes","1293","65"
"GET","/api/v1/backend-modules/M170","/","/api/v1/backend-modules/M170/","C:\Users\DIYA GOEL\Downloads\EBDESIGN\backend\src\modules\M170\routes.js","legacyModuleM170Routes","1294","20"
"POST","/api/v1/backend-modules/M170","/bulk","/api/v1/backend-modules/M170/bulk","C:\Users\DIYA GOEL\Downloads\EBDESIGN\backend\src\modules\M170\routes.js","legacyModuleM170Routes","1294","28"
"GET","/api/v1/backend-modules/M170","/search","/api/v1/backend-modules/M170/search","C:\Users\DIYA GOEL\Downloads\EBDESIGN\backend\src\modules\M170\routes.js","legacyModuleM170Routes","1294","36"
"POST","/api/v1/backend-modules/M170","/","/api/v1/backend-modules/M170/","C:\Users\DIYA GOEL\Downloads\EBDESIGN\backend\src\modules\M170\routes.js","legacyModuleM170Routes","1294","44"
"GET","/api/v1/backend-modules/M170","/:id","/api/v1/backend-modules/M170/:id","C:\Users\DIYA GOEL\Downloads\EBDESIGN\backend\src\modules\M170\routes.js","legacyModuleM170Routes","1294","51"
"PUT","/api/v1/backend-modules/M170","/:id","/api/v1/backend-modules/M170/:id","C:\Users\DIYA GOEL\Downloads\EBDESIGN\backend\src\modules\M170\routes.js","legacyModuleM170Routes","1294","58"
"DELETE","/api/v1/backend-modules/M170","/:id","/api/v1/backend-modules/M170/:id","C:\Users\DIYA GOEL\Downloads\EBDESIGN\backend\src\modules\M170\routes.js","legacyModuleM170Routes","1294","65"
"GET","/api/v1/backend-modules/M171","/","/api/v1/backend-modules/M171/","C:\Users\DIYA GOEL\Downloads\EBDESIGN\backend\src\modules\M171\routes.js","legacyModuleM171Routes","1295","20"
"POST","/api/v1/backend-modules/M171","/bulk","/api/v1/backend-modules/M171/bulk","C:\Users\DIYA GOEL\Downloads\EBDESIGN\backend\src\modules\M171\routes.js","legacyModuleM171Routes","1295","28"
"GET","/api/v1/backend-modules/M171","/search","/api/v1/backend-modules/M171/search","C:\Users\DIYA GOEL\Downloads\EBDESIGN\backend\src\modules\M171\routes.js","legacyModuleM171Routes","1295","36"
"POST","/api/v1/backend-modules/M171","/","/api/v1/backend-modules/M171/","C:\Users\DIYA GOEL\Downloads\EBDESIGN\backend\src\modules\M171\routes.js","legacyModuleM171Routes","1295","44"
"GET","/api/v1/backend-modules/M171","/:id","/api/v1/backend-modules/M171/:id","C:\Users\DIYA GOEL\Downloads\EBDESIGN\backend\src\modules\M171\routes.js","legacyModuleM171Routes","1295","51"
"PUT","/api/v1/backend-modules/M171","/:id","/api/v1/backend-modules/M171/:id","C:\Users\DIYA GOEL\Downloads\EBDESIGN\backend\src\modules\M171\routes.js","legacyModuleM171Routes","1295","58"
"DELETE","/api/v1/backend-modules/M171","/:id","/api/v1/backend-modules/M171/:id","C:\Users\DIYA GOEL\Downloads\EBDESIGN\backend\src\modules\M171\routes.js","legacyModuleM171Routes","1295","65"
"GET","/api/v1/backend-modules/M172","/","/api/v1/backend-modules/M172/","C:\Users\DIYA GOEL\Downloads\EBDESIGN\backend\src\modules\M172\routes.js","legacyModuleM172Routes","1296","20"
"POST","/api/v1/backend-modules/M172","/bulk","/api/v1/backend-modules/M172/bulk","C:\Users\DIYA GOEL\Downloads\EBDESIGN\backend\src\modules\M172\routes.js","legacyModuleM172Routes","1296","28"
"GET","/api/v1/backend-modules/M172","/search","/api/v1/backend-modules/M172/search","C:\Users\DIYA GOEL\Downloads\EBDESIGN\backend\src\modules\M172\routes.js","legacyModuleM172Routes","1296","36"
"POST","/api/v1/backend-modules/M172","/","/api/v1/backend-modules/M172/","C:\Users\DIYA GOEL\Downloads\EBDESIGN\backend\src\modules\M172\routes.js","legacyModuleM172Routes","1296","44"
"GET","/api/v1/backend-modules/M172","/:id","/api/v1/backend-modules/M172/:id","C:\Users\DIYA GOEL\Downloads\EBDESIGN\backend\src\modules\M172\routes.js","legacyModuleM172Routes","1296","51"
"PUT","/api/v1/backend-modules/M172","/:id","/api/v1/backend-modules/M172/:id","C:\Users\DIYA GOEL\Downloads\EBDESIGN\backend\src\modules\M172\routes.js","legacyModuleM172Routes","1296","58"
"DELETE","/api/v1/backend-modules/M172","/:id","/api/v1/backend-modules/M172/:id","C:\Users\DIYA GOEL\Downloads\EBDESIGN\backend\src\modules\M172\routes.js","legacyModuleM172Routes","1296","65"
"GET","/api/v1/backend-modules/M173","/","/api/v1/backend-modules/M173/","C:\Users\DIYA GOEL\Downloads\EBDESIGN\backend\src\modules\M173\routes.js","legacyModuleM173Routes","1297","20"
"POST","/api/v1/backend-modules/M173","/bulk","/api/v1/backend-modules/M173/bulk","C:\Users\DIYA GOEL\Downloads\EBDESIGN\backend\src\modules\M173\routes.js","legacyModuleM173Routes","1297","28"
"GET","/api/v1/backend-modules/M173","/search","/api/v1/backend-modules/M173/search","C:\Users\DIYA GOEL\Downloads\EBDESIGN\backend\src\modules\M173\routes.js","legacyModuleM173Routes","1297","36"
"POST","/api/v1/backend-modules/M173","/","/api/v1/backend-modules/M173/","C:\Users\DIYA GOEL\Downloads\EBDESIGN\backend\src\modules\M173\routes.js","legacyModuleM173Routes","1297","44"
"GET","/api/v1/backend-modules/M173","/:id","/api/v1/backend-modules/M173/:id","C:\Users\DIYA GOEL\Downloads\EBDESIGN\backend\src\modules\M173\routes.js","legacyModuleM173Routes","1297","51"
"PUT","/api/v1/backend-modules/M173","/:id","/api/v1/backend-modules/M173/:id","C:\Users\DIYA GOEL\Downloads\EBDESIGN\backend\src\modules\M173\routes.js","legacyModuleM173Routes","1297","58"
"DELETE","/api/v1/backend-modules/M173","/:id","/api/v1/backend-modules/M173/:id","C:\Users\DIYA GOEL\Downloads\EBDESIGN\backend\src\modules\M173\routes.js","legacyModuleM173Routes","1297","65"
"GET","/api/v1/backend-modules/M174","/","/api/v1/backend-modules/M174/","C:\Users\DIYA GOEL\Downloads\EBDESIGN\backend\src\modules\M174\routes.js","legacyModuleM174Routes","1298","20"
"POST","/api/v1/backend-modules/M174","/bulk","/api/v1/backend-modules/M174/bulk","C:\Users\DIYA GOEL\Downloads\EBDESIGN\backend\src\modules\M174\routes.js","legacyModuleM174Routes","1298","28"
"GET","/api/v1/backend-modules/M174","/search","/api/v1/backend-modules/M174/search","C:\Users\DIYA GOEL\Downloads\EBDESIGN\backend\src\modules\M174\routes.js","legacyModuleM174Routes","1298","36"
"POST","/api/v1/backend-modules/M174","/","/api/v1/backend-modules/M174/","C:\Users\DIYA GOEL\Downloads\EBDESIGN\backend\src\modules\M174\routes.js","legacyModuleM174Routes","1298","44"
"GET","/api/v1/backend-modules/M174","/:id","/api/v1/backend-modules/M174/:id","C:\Users\DIYA GOEL\Downloads\EBDESIGN\backend\src\modules\M174\routes.js","legacyModuleM174Routes","1298","51"
"PUT","/api/v1/backend-modules/M174","/:id","/api/v1/backend-modules/M174/:id","C:\Users\DIYA GOEL\Downloads\EBDESIGN\backend\src\modules\M174\routes.js","legacyModuleM174Routes","1298","58"
"DELETE","/api/v1/backend-modules/M174","/:id","/api/v1/backend-modules/M174/:id","C:\Users\DIYA GOEL\Downloads\EBDESIGN\backend\src\modules\M174\routes.js","legacyModuleM174Routes","1298","65"
"GET","/api/v1/backend-modules/M175","/","/api/v1/backend-modules/M175/","C:\Users\DIYA GOEL\Downloads\EBDESIGN\backend\src\modules\M175\routes.js","legacyModuleM175Routes","1299","20"
"POST","/api/v1/backend-modules/M175","/bulk","/api/v1/backend-modules/M175/bulk","C:\Users\DIYA GOEL\Downloads\EBDESIGN\backend\src\modules\M175\routes.js","legacyModuleM175Routes","1299","28"
"GET","/api/v1/backend-modules/M175","/search","/api/v1/backend-modules/M175/search","C:\Users\DIYA GOEL\Downloads\EBDESIGN\backend\src\modules\M175\routes.js","legacyModuleM175Routes","1299","36"
"POST","/api/v1/backend-modules/M175","/","/api/v1/backend-modules/M175/","C:\Users\DIYA GOEL\Downloads\EBDESIGN\backend\src\modules\M175\routes.js","legacyModuleM175Routes","1299","44"
"GET","/api/v1/backend-modules/M175","/:id","/api/v1/backend-modules/M175/:id","C:\Users\DIYA GOEL\Downloads\EBDESIGN\backend\src\modules\M175\routes.js","legacyModuleM175Routes","1299","51"
"PUT","/api/v1/backend-modules/M175","/:id","/api/v1/backend-modules/M175/:id","C:\Users\DIYA GOEL\Downloads\EBDESIGN\backend\src\modules\M175\routes.js","legacyModuleM175Routes","1299","58"
"DELETE","/api/v1/backend-modules/M175","/:id","/api/v1/backend-modules/M175/:id","C:\Users\DIYA GOEL\Downloads\EBDESIGN\backend\src\modules\M175\routes.js","legacyModuleM175Routes","1299","65"
"GET","/api/v1/backend-modules/M176","/","/api/v1/backend-modules/M176/","C:\Users\DIYA GOEL\Downloads\EBDESIGN\backend\src\modules\M176\routes.js","legacyModuleM176Routes","1300","20"
"POST","/api/v1/backend-modules/M176","/bulk","/api/v1/backend-modules/M176/bulk","C:\Users\DIYA GOEL\Downloads\EBDESIGN\backend\src\modules\M176\routes.js","legacyModuleM176Routes","1300","28"
"GET","/api/v1/backend-modules/M176","/search","/api/v1/backend-modules/M176/search","C:\Users\DIYA GOEL\Downloads\EBDESIGN\backend\src\modules\M176\routes.js","legacyModuleM176Routes","1300","36"
"POST","/api/v1/backend-modules/M176","/","/api/v1/backend-modules/M176/","C:\Users\DIYA GOEL\Downloads\EBDESIGN\backend\src\modules\M176\routes.js","legacyModuleM176Routes","1300","44"
"GET","/api/v1/backend-modules/M176","/:id","/api/v1/backend-modules/M176/:id","C:\Users\DIYA GOEL\Downloads\EBDESIGN\backend\src\modules\M176\routes.js","legacyModuleM176Routes","1300","51"
"PUT","/api/v1/backend-modules/M176","/:id","/api/v1/backend-modules/M176/:id","C:\Users\DIYA GOEL\Downloads\EBDESIGN\backend\src\modules\M176\routes.js","legacyModuleM176Routes","1300","58"
"DELETE","/api/v1/backend-modules/M176","/:id","/api/v1/backend-modules/M176/:id","C:\Users\DIYA GOEL\Downloads\EBDESIGN\backend\src\modules\M176\routes.js","legacyModuleM176Routes","1300","65"
"GET","/api/v1/backend-modules/M177","/","/api/v1/backend-modules/M177/","C:\Users\DIYA GOEL\Downloads\EBDESIGN\backend\src\modules\M177\routes.js","legacyModuleM177Routes","1301","20"
"POST","/api/v1/backend-modules/M177","/bulk","/api/v1/backend-modules/M177/bulk","C:\Users\DIYA GOEL\Downloads\EBDESIGN\backend\src\modules\M177\routes.js","legacyModuleM177Routes","1301","28"
"GET","/api/v1/backend-modules/M177","/search","/api/v1/backend-modules/M177/search","C:\Users\DIYA GOEL\Downloads\EBDESIGN\backend\src\modules\M177\routes.js","legacyModuleM177Routes","1301","36"
"POST","/api/v1/backend-modules/M177","/","/api/v1/backend-modules/M177/","C:\Users\DIYA GOEL\Downloads\EBDESIGN\backend\src\modules\M177\routes.js","legacyModuleM177Routes","1301","44"
"GET","/api/v1/backend-modules/M177","/:id","/api/v1/backend-modules/M177/:id","C:\Users\DIYA GOEL\Downloads\EBDESIGN\backend\src\modules\M177\routes.js","legacyModuleM177Routes","1301","51"
"PUT","/api/v1/backend-modules/M177","/:id","/api/v1/backend-modules/M177/:id","C:\Users\DIYA GOEL\Downloads\EBDESIGN\backend\src\modules\M177\routes.js","legacyModuleM177Routes","1301","58"
"DELETE","/api/v1/backend-modules/M177","/:id","/api/v1/backend-modules/M177/:id","C:\Users\DIYA GOEL\Downloads\EBDESIGN\backend\src\modules\M177\routes.js","legacyModuleM177Routes","1301","65"
"GET","/api/v1/backend-modules/M178","/","/api/v1/backend-modules/M178/","C:\Users\DIYA GOEL\Downloads\EBDESIGN\backend\src\modules\M178\routes.js","legacyModuleM178Routes","1302","20"
"POST","/api/v1/backend-modules/M178","/bulk","/api/v1/backend-modules/M178/bulk","C:\Users\DIYA GOEL\Downloads\EBDESIGN\backend\src\modules\M178\routes.js","legacyModuleM178Routes","1302","28"
"GET","/api/v1/backend-modules/M178","/search","/api/v1/backend-modules/M178/search","C:\Users\DIYA GOEL\Downloads\EBDESIGN\backend\src\modules\M178\routes.js","legacyModuleM178Routes","1302","36"
"POST","/api/v1/backend-modules/M178","/","/api/v1/backend-modules/M178/","C:\Users\DIYA GOEL\Downloads\EBDESIGN\backend\src\modules\M178\routes.js","legacyModuleM178Routes","1302","44"
"GET","/api/v1/backend-modules/M178","/:id","/api/v1/backend-modules/M178/:id","C:\Users\DIYA GOEL\Downloads\EBDESIGN\backend\src\modules\M178\routes.js","legacyModuleM178Routes","1302","51"
"PUT","/api/v1/backend-modules/M178","/:id","/api/v1/backend-modules/M178/:id","C:\Users\DIYA GOEL\Downloads\EBDESIGN\backend\src\modules\M178\routes.js","legacyModuleM178Routes","1302","58"
"DELETE","/api/v1/backend-modules/M178","/:id","/api/v1/backend-modules/M178/:id","C:\Users\DIYA GOEL\Downloads\EBDESIGN\backend\src\modules\M178\routes.js","legacyModuleM178Routes","1302","65"
"GET","/api/v1/backend-modules/M179","/","/api/v1/backend-modules/M179/","C:\Users\DIYA GOEL\Downloads\EBDESIGN\backend\src\modules\M179\routes.js","legacyModuleM179Routes","1303","20"
"POST","/api/v1/backend-modules/M179","/bulk","/api/v1/backend-modules/M179/bulk","C:\Users\DIYA GOEL\Downloads\EBDESIGN\backend\src\modules\M179\routes.js","legacyModuleM179Routes","1303","28"
"GET","/api/v1/backend-modules/M179","/search","/api/v1/backend-modules/M179/search","C:\Users\DIYA GOEL\Downloads\EBDESIGN\backend\src\modules\M179\routes.js","legacyModuleM179Routes","1303","36"
"POST","/api/v1/backend-modules/M179","/","/api/v1/backend-modules/M179/","C:\Users\DIYA GOEL\Downloads\EBDESIGN\backend\src\modules\M179\routes.js","legacyModuleM179Routes","1303","44"
"GET","/api/v1/backend-modules/M179","/:id","/api/v1/backend-modules/M179/:id","C:\Users\DIYA GOEL\Downloads\EBDESIGN\backend\src\modules\M179\routes.js","legacyModuleM179Routes","1303","51"
"PUT","/api/v1/backend-modules/M179","/:id","/api/v1/backend-modules/M179/:id","C:\Users\DIYA GOEL\Downloads\EBDESIGN\backend\src\modules\M179\routes.js","legacyModuleM179Routes","1303","58"
"DELETE","/api/v1/backend-modules/M179","/:id","/api/v1/backend-modules/M179/:id","C:\Users\DIYA GOEL\Downloads\EBDESIGN\backend\src\modules\M179\routes.js","legacyModuleM179Routes","1303","65"
"GET","/api/v1/backend-modules/M180","/","/api/v1/backend-modules/M180/","C:\Users\DIYA GOEL\Downloads\EBDESIGN\backend\src\modules\M180\routes.js","legacyModuleM180Routes","1304","20"
"POST","/api/v1/backend-modules/M180","/bulk","/api/v1/backend-modules/M180/bulk","C:\Users\DIYA GOEL\Downloads\EBDESIGN\backend\src\modules\M180\routes.js","legacyModuleM180Routes","1304","28"
"GET","/api/v1/backend-modules/M180","/search","/api/v1/backend-modules/M180/search","C:\Users\DIYA GOEL\Downloads\EBDESIGN\backend\src\modules\M180\routes.js","legacyModuleM180Routes","1304","36"
"POST","/api/v1/backend-modules/M180","/","/api/v1/backend-modules/M180/","C:\Users\DIYA GOEL\Downloads\EBDESIGN\backend\src\modules\M180\routes.js","legacyModuleM180Routes","1304","44"
"GET","/api/v1/backend-modules/M180","/:id","/api/v1/backend-modules/M180/:id","C:\Users\DIYA GOEL\Downloads\EBDESIGN\backend\src\modules\M180\routes.js","legacyModuleM180Routes","1304","51"
"PUT","/api/v1/backend-modules/M180","/:id","/api/v1/backend-modules/M180/:id","C:\Users\DIYA GOEL\Downloads\EBDESIGN\backend\src\modules\M180\routes.js","legacyModuleM180Routes","1304","58"
"DELETE","/api/v1/backend-modules/M180","/:id","/api/v1/backend-modules/M180/:id","C:\Users\DIYA GOEL\Downloads\EBDESIGN\backend\src\modules\M180\routes.js","legacyModuleM180Routes","1304","65"
"GET","/api/v1/backend-modules/M181","/","/api/v1/backend-modules/M181/","C:\Users\DIYA GOEL\Downloads\EBDESIGN\backend\src\modules\M181\routes.js","legacyModuleM181Routes","1305","20"
"POST","/api/v1/backend-modules/M181","/bulk","/api/v1/backend-modules/M181/bulk","C:\Users\DIYA GOEL\Downloads\EBDESIGN\backend\src\modules\M181\routes.js","legacyModuleM181Routes","1305","28"
"GET","/api/v1/backend-modules/M181","/search","/api/v1/backend-modules/M181/search","C:\Users\DIYA GOEL\Downloads\EBDESIGN\backend\src\modules\M181\routes.js","legacyModuleM181Routes","1305","36"
"POST","/api/v1/backend-modules/M181","/","/api/v1/backend-modules/M181/","C:\Users\DIYA GOEL\Downloads\EBDESIGN\backend\src\modules\M181\routes.js","legacyModuleM181Routes","1305","44"
"GET","/api/v1/backend-modules/M181","/:id","/api/v1/backend-modules/M181/:id","C:\Users\DIYA GOEL\Downloads\EBDESIGN\backend\src\modules\M181\routes.js","legacyModuleM181Routes","1305","51"
"PUT","/api/v1/backend-modules/M181","/:id","/api/v1/backend-modules/M181/:id","C:\Users\DIYA GOEL\Downloads\EBDESIGN\backend\src\modules\M181\routes.js","legacyModuleM181Routes","1305","58"
"DELETE","/api/v1/backend-modules/M181","/:id","/api/v1/backend-modules/M181/:id","C:\Users\DIYA GOEL\Downloads\EBDESIGN\backend\src\modules\M181\routes.js","legacyModuleM181Routes","1305","65"
"GET","/api/v1/backend-modules/M182","/","/api/v1/backend-modules/M182/","C:\Users\DIYA GOEL\Downloads\EBDESIGN\backend\src\modules\M182\routes.js","legacyModuleM182Routes","1306","20"
"POST","/api/v1/backend-modules/M182","/bulk","/api/v1/backend-modules/M182/bulk","C:\Users\DIYA GOEL\Downloads\EBDESIGN\backend\src\modules\M182\routes.js","legacyModuleM182Routes","1306","28"
"GET","/api/v1/backend-modules/M182","/search","/api/v1/backend-modules/M182/search","C:\Users\DIYA GOEL\Downloads\EBDESIGN\backend\src\modules\M182\routes.js","legacyModuleM182Routes","1306","36"
"POST","/api/v1/backend-modules/M182","/","/api/v1/backend-modules/M182/","C:\Users\DIYA GOEL\Downloads\EBDESIGN\backend\src\modules\M182\routes.js","legacyModuleM182Routes","1306","44"
"GET","/api/v1/backend-modules/M182","/:id","/api/v1/backend-modules/M182/:id","C:\Users\DIYA GOEL\Downloads\EBDESIGN\backend\src\modules\M182\routes.js","legacyModuleM182Routes","1306","51"
"PUT","/api/v1/backend-modules/M182","/:id","/api/v1/backend-modules/M182/:id","C:\Users\DIYA GOEL\Downloads\EBDESIGN\backend\src\modules\M182\routes.js","legacyModuleM182Routes","1306","58"
"DELETE","/api/v1/backend-modules/M182","/:id","/api/v1/backend-modules/M182/:id","C:\Users\DIYA GOEL\Downloads\EBDESIGN\backend\src\modules\M182\routes.js","legacyModuleM182Routes","1306","65"
"GET","/api/v1/backend-modules/M183","/","/api/v1/backend-modules/M183/","C:\Users\DIYA GOEL\Downloads\EBDESIGN\backend\src\modules\M183\routes.js","legacyModuleM183Routes","1307","20"
"POST","/api/v1/backend-modules/M183","/bulk","/api/v1/backend-modules/M183/bulk","C:\Users\DIYA GOEL\Downloads\EBDESIGN\backend\src\modules\M183\routes.js","legacyModuleM183Routes","1307","28"
"GET","/api/v1/backend-modules/M183","/search","/api/v1/backend-modules/M183/search","C:\Users\DIYA GOEL\Downloads\EBDESIGN\backend\src\modules\M183\routes.js","legacyModuleM183Routes","1307","36"
"POST","/api/v1/backend-modules/M183","/","/api/v1/backend-modules/M183/","C:\Users\DIYA GOEL\Downloads\EBDESIGN\backend\src\modules\M183\routes.js","legacyModuleM183Routes","1307","44"
"GET","/api/v1/backend-modules/M183","/:id","/api/v1/backend-modules/M183/:id","C:\Users\DIYA GOEL\Downloads\EBDESIGN\backend\src\modules\M183\routes.js","legacyModuleM183Routes","1307","51"
"PUT","/api/v1/backend-modules/M183","/:id","/api/v1/backend-modules/M183/:id","C:\Users\DIYA GOEL\Downloads\EBDESIGN\backend\src\modules\M183\routes.js","legacyModuleM183Routes","1307","58"
"DELETE","/api/v1/backend-modules/M183","/:id","/api/v1/backend-modules/M183/:id","C:\Users\DIYA GOEL\Downloads\EBDESIGN\backend\src\modules\M183\routes.js","legacyModuleM183Routes","1307","65"
"GET","/api/v1/backend-modules/M184","/","/api/v1/backend-modules/M184/","C:\Users\DIYA GOEL\Downloads\EBDESIGN\backend\src\modules\M184\routes.js","legacyModuleM184Routes","1308","20"
"POST","/api/v1/backend-modules/M184","/bulk","/api/v1/backend-modules/M184/bulk","C:\Users\DIYA GOEL\Downloads\EBDESIGN\backend\src\modules\M184\routes.js","legacyModuleM184Routes","1308","28"
"GET","/api/v1/backend-modules/M184","/search","/api/v1/backend-modules/M184/search","C:\Users\DIYA GOEL\Downloads\EBDESIGN\backend\src\modules\M184\routes.js","legacyModuleM184Routes","1308","36"
"POST","/api/v1/backend-modules/M184","/","/api/v1/backend-modules/M184/","C:\Users\DIYA GOEL\Downloads\EBDESIGN\backend\src\modules\M184\routes.js","legacyModuleM184Routes","1308","44"
"GET","/api/v1/backend-modules/M184","/:id","/api/v1/backend-modules/M184/:id","C:\Users\DIYA GOEL\Downloads\EBDESIGN\backend\src\modules\M184\routes.js","legacyModuleM184Routes","1308","51"
"PUT","/api/v1/backend-modules/M184","/:id","/api/v1/backend-modules/M184/:id","C:\Users\DIYA GOEL\Downloads\EBDESIGN\backend\src\modules\M184\routes.js","legacyModuleM184Routes","1308","58"
"DELETE","/api/v1/backend-modules/M184","/:id","/api/v1/backend-modules/M184/:id","C:\Users\DIYA GOEL\Downloads\EBDESIGN\backend\src\modules\M184\routes.js","legacyModuleM184Routes","1308","65"
"GET","/api/v1/backend-modules/M185","/","/api/v1/backend-modules/M185/","C:\Users\DIYA GOEL\Downloads\EBDESIGN\backend\src\modules\M185\routes.js","legacyModuleM185Routes","1309","20"
"POST","/api/v1/backend-modules/M185","/bulk","/api/v1/backend-modules/M185/bulk","C:\Users\DIYA GOEL\Downloads\EBDESIGN\backend\src\modules\M185\routes.js","legacyModuleM185Routes","1309","28"
"GET","/api/v1/backend-modules/M185","/search","/api/v1/backend-modules/M185/search","C:\Users\DIYA GOEL\Downloads\EBDESIGN\backend\src\modules\M185\routes.js","legacyModuleM185Routes","1309","36"
"POST","/api/v1/backend-modules/M185","/","/api/v1/backend-modules/M185/","C:\Users\DIYA GOEL\Downloads\EBDESIGN\backend\src\modules\M185\routes.js","legacyModuleM185Routes","1309","44"
"GET","/api/v1/backend-modules/M185","/:id","/api/v1/backend-modules/M185/:id","C:\Users\DIYA GOEL\Downloads\EBDESIGN\backend\src\modules\M185\routes.js","legacyModuleM185Routes","1309","51"
"PUT","/api/v1/backend-modules/M185","/:id","/api/v1/backend-modules/M185/:id","C:\Users\DIYA GOEL\Downloads\EBDESIGN\backend\src\modules\M185\routes.js","legacyModuleM185Routes","1309","58"
"DELETE","/api/v1/backend-modules/M185","/:id","/api/v1/backend-modules/M185/:id","C:\Users\DIYA GOEL\Downloads\EBDESIGN\backend\src\modules\M185\routes.js","legacyModuleM185Routes","1309","65"
"GET","/api/v1/backend-modules/M186","/","/api/v1/backend-modules/M186/","C:\Users\DIYA GOEL\Downloads\EBDESIGN\backend\src\modules\M186\routes.js","legacyModuleM186Routes","1310","20"
"POST","/api/v1/backend-modules/M186","/bulk","/api/v1/backend-modules/M186/bulk","C:\Users\DIYA GOEL\Downloads\EBDESIGN\backend\src\modules\M186\routes.js","legacyModuleM186Routes","1310","28"
"GET","/api/v1/backend-modules/M186","/search","/api/v1/backend-modules/M186/search","C:\Users\DIYA GOEL\Downloads\EBDESIGN\backend\src\modules\M186\routes.js","legacyModuleM186Routes","1310","36"
"POST","/api/v1/backend-modules/M186","/","/api/v1/backend-modules/M186/","C:\Users\DIYA GOEL\Downloads\EBDESIGN\backend\src\modules\M186\routes.js","legacyModuleM186Routes","1310","44"
"GET","/api/v1/backend-modules/M186","/:id","/api/v1/backend-modules/M186/:id","C:\Users\DIYA GOEL\Downloads\EBDESIGN\backend\src\modules\M186\routes.js","legacyModuleM186Routes","1310","51"
"PUT","/api/v1/backend-modules/M186","/:id","/api/v1/backend-modules/M186/:id","C:\Users\DIYA GOEL\Downloads\EBDESIGN\backend\src\modules\M186\routes.js","legacyModuleM186Routes","1310","58"
"DELETE","/api/v1/backend-modules/M186","/:id","/api/v1/backend-modules/M186/:id","C:\Users\DIYA GOEL\Downloads\EBDESIGN\backend\src\modules\M186\routes.js","legacyModuleM186Routes","1310","65"
"GET","/api/v1/backend-modules/M187","/","/api/v1/backend-modules/M187/","C:\Users\DIYA GOEL\Downloads\EBDESIGN\backend\src\modules\M187\routes.js","legacyModuleM187Routes","1311","20"
"POST","/api/v1/backend-modules/M187","/bulk","/api/v1/backend-modules/M187/bulk","C:\Users\DIYA GOEL\Downloads\EBDESIGN\backend\src\modules\M187\routes.js","legacyModuleM187Routes","1311","28"
"GET","/api/v1/backend-modules/M187","/search","/api/v1/backend-modules/M187/search","C:\Users\DIYA GOEL\Downloads\EBDESIGN\backend\src\modules\M187\routes.js","legacyModuleM187Routes","1311","36"
"POST","/api/v1/backend-modules/M187","/","/api/v1/backend-modules/M187/","C:\Users\DIYA GOEL\Downloads\EBDESIGN\backend\src\modules\M187\routes.js","legacyModuleM187Routes","1311","44"
"GET","/api/v1/backend-modules/M187","/:id","/api/v1/backend-modules/M187/:id","C:\Users\DIYA GOEL\Downloads\EBDESIGN\backend\src\modules\M187\routes.js","legacyModuleM187Routes","1311","51"
"PUT","/api/v1/backend-modules/M187","/:id","/api/v1/backend-modules/M187/:id","C:\Users\DIYA GOEL\Downloads\EBDESIGN\backend\src\modules\M187\routes.js","legacyModuleM187Routes","1311","58"
"DELETE","/api/v1/backend-modules/M187","/:id","/api/v1/backend-modules/M187/:id","C:\Users\DIYA GOEL\Downloads\EBDESIGN\backend\src\modules\M187\routes.js","legacyModuleM187Routes","1311","65"
"GET","/api/v1/backend-modules/M188","/","/api/v1/backend-modules/M188/","C:\Users\DIYA GOEL\Downloads\EBDESIGN\backend\src\modules\M188\routes.js","legacyModuleM188Routes","1312","20"
"POST","/api/v1/backend-modules/M188","/bulk","/api/v1/backend-modules/M188/bulk","C:\Users\DIYA GOEL\Downloads\EBDESIGN\backend\src\modules\M188\routes.js","legacyModuleM188Routes","1312","28"
"GET","/api/v1/backend-modules/M188","/search","/api/v1/backend-modules/M188/search","C:\Users\DIYA GOEL\Downloads\EBDESIGN\backend\src\modules\M188\routes.js","legacyModuleM188Routes","1312","36"
"POST","/api/v1/backend-modules/M188","/","/api/v1/backend-modules/M188/","C:\Users\DIYA GOEL\Downloads\EBDESIGN\backend\src\modules\M188\routes.js","legacyModuleM188Routes","1312","44"
"GET","/api/v1/backend-modules/M188","/:id","/api/v1/backend-modules/M188/:id","C:\Users\DIYA GOEL\Downloads\EBDESIGN\backend\src\modules\M188\routes.js","legacyModuleM188Routes","1312","51"
"PUT","/api/v1/backend-modules/M188","/:id","/api/v1/backend-modules/M188/:id","C:\Users\DIYA GOEL\Downloads\EBDESIGN\backend\src\modules\M188\routes.js","legacyModuleM188Routes","1312","58"
"DELETE","/api/v1/backend-modules/M188","/:id","/api/v1/backend-modules/M188/:id","C:\Users\DIYA GOEL\Downloads\EBDESIGN\backend\src\modules\M188\routes.js","legacyModuleM188Routes","1312","65"
"GET","/api/v1/backend-modules/M189","/","/api/v1/backend-modules/M189/","C:\Users\DIYA GOEL\Downloads\EBDESIGN\backend\src\modules\M189\routes.js","legacyModuleM189Routes","1313","20"
"POST","/api/v1/backend-modules/M189","/bulk","/api/v1/backend-modules/M189/bulk","C:\Users\DIYA GOEL\Downloads\EBDESIGN\backend\src\modules\M189\routes.js","legacyModuleM189Routes","1313","28"
"GET","/api/v1/backend-modules/M189","/search","/api/v1/backend-modules/M189/search","C:\Users\DIYA GOEL\Downloads\EBDESIGN\backend\src\modules\M189\routes.js","legacyModuleM189Routes","1313","36"
"POST","/api/v1/backend-modules/M189","/","/api/v1/backend-modules/M189/","C:\Users\DIYA GOEL\Downloads\EBDESIGN\backend\src\modules\M189\routes.js","legacyModuleM189Routes","1313","44"
"GET","/api/v1/backend-modules/M189","/:id","/api/v1/backend-modules/M189/:id","C:\Users\DIYA GOEL\Downloads\EBDESIGN\backend\src\modules\M189\routes.js","legacyModuleM189Routes","1313","51"
"PUT","/api/v1/backend-modules/M189","/:id","/api/v1/backend-modules/M189/:id","C:\Users\DIYA GOEL\Downloads\EBDESIGN\backend\src\modules\M189\routes.js","legacyModuleM189Routes","1313","58"
"DELETE","/api/v1/backend-modules/M189","/:id","/api/v1/backend-modules/M189/:id","C:\Users\DIYA GOEL\Downloads\EBDESIGN\backend\src\modules\M189\routes.js","legacyModuleM189Routes","1313","65"
"GET","/api/v1/backend-modules/M190","/","/api/v1/backend-modules/M190/","C:\Users\DIYA GOEL\Downloads\EBDESIGN\backend\src\modules\M190\routes.js","legacyModuleM190Routes","1314","20"
"POST","/api/v1/backend-modules/M190","/bulk","/api/v1/backend-modules/M190/bulk","C:\Users\DIYA GOEL\Downloads\EBDESIGN\backend\src\modules\M190\routes.js","legacyModuleM190Routes","1314","28"
"GET","/api/v1/backend-modules/M190","/search","/api/v1/backend-modules/M190/search","C:\Users\DIYA GOEL\Downloads\EBDESIGN\backend\src\modules\M190\routes.js","legacyModuleM190Routes","1314","36"
"POST","/api/v1/backend-modules/M190","/","/api/v1/backend-modules/M190/","C:\Users\DIYA GOEL\Downloads\EBDESIGN\backend\src\modules\M190\routes.js","legacyModuleM190Routes","1314","44"
"GET","/api/v1/backend-modules/M190","/:id","/api/v1/backend-modules/M190/:id","C:\Users\DIYA GOEL\Downloads\EBDESIGN\backend\src\modules\M190\routes.js","legacyModuleM190Routes","1314","51"
"PUT","/api/v1/backend-modules/M190","/:id","/api/v1/backend-modules/M190/:id","C:\Users\DIYA GOEL\Downloads\EBDESIGN\backend\src\modules\M190\routes.js","legacyModuleM190Routes","1314","58"
"DELETE","/api/v1/backend-modules/M190","/:id","/api/v1/backend-modules/M190/:id","C:\Users\DIYA GOEL\Downloads\EBDESIGN\backend\src\modules\M190\routes.js","legacyModuleM190Routes","1314","65"
"GET","/api/v1/backend-modules/M191","/","/api/v1/backend-modules/M191/","C:\Users\DIYA GOEL\Downloads\EBDESIGN\backend\src\modules\M191\routes.js","legacyModuleM191Routes","1315","20"
"POST","/api/v1/backend-modules/M191","/bulk","/api/v1/backend-modules/M191/bulk","C:\Users\DIYA GOEL\Downloads\EBDESIGN\backend\src\modules\M191\routes.js","legacyModuleM191Routes","1315","28"
"GET","/api/v1/backend-modules/M191","/search","/api/v1/backend-modules/M191/search","C:\Users\DIYA GOEL\Downloads\EBDESIGN\backend\src\modules\M191\routes.js","legacyModuleM191Routes","1315","36"
"POST","/api/v1/backend-modules/M191","/","/api/v1/backend-modules/M191/","C:\Users\DIYA GOEL\Downloads\EBDESIGN\backend\src\modules\M191\routes.js","legacyModuleM191Routes","1315","44"
"GET","/api/v1/backend-modules/M191","/:id","/api/v1/backend-modules/M191/:id","C:\Users\DIYA GOEL\Downloads\EBDESIGN\backend\src\modules\M191\routes.js","legacyModuleM191Routes","1315","51"
"PUT","/api/v1/backend-modules/M191","/:id","/api/v1/backend-modules/M191/:id","C:\Users\DIYA GOEL\Downloads\EBDESIGN\backend\src\modules\M191\routes.js","legacyModuleM191Routes","1315","58"
"DELETE","/api/v1/backend-modules/M191","/:id","/api/v1/backend-modules/M191/:id","C:\Users\DIYA GOEL\Downloads\EBDESIGN\backend\src\modules\M191\routes.js","legacyModuleM191Routes","1315","65"
"GET","/api/v1/backend-modules/M192","/","/api/v1/backend-modules/M192/","C:\Users\DIYA GOEL\Downloads\EBDESIGN\backend\src\modules\M192\routes.js","legacyModuleM192Routes","1316","20"
"POST","/api/v1/backend-modules/M192","/bulk","/api/v1/backend-modules/M192/bulk","C:\Users\DIYA GOEL\Downloads\EBDESIGN\backend\src\modules\M192\routes.js","legacyModuleM192Routes","1316","28"
"GET","/api/v1/backend-modules/M192","/search","/api/v1/backend-modules/M192/search","C:\Users\DIYA GOEL\Downloads\EBDESIGN\backend\src\modules\M192\routes.js","legacyModuleM192Routes","1316","36"
"POST","/api/v1/backend-modules/M192","/","/api/v1/backend-modules/M192/","C:\Users\DIYA GOEL\Downloads\EBDESIGN\backend\src\modules\M192\routes.js","legacyModuleM192Routes","1316","44"
"GET","/api/v1/backend-modules/M192","/:id","/api/v1/backend-modules/M192/:id","C:\Users\DIYA GOEL\Downloads\EBDESIGN\backend\src\modules\M192\routes.js","legacyModuleM192Routes","1316","51"
"PUT","/api/v1/backend-modules/M192","/:id","/api/v1/backend-modules/M192/:id","C:\Users\DIYA GOEL\Downloads\EBDESIGN\backend\src\modules\M192\routes.js","legacyModuleM192Routes","1316","58"
"DELETE","/api/v1/backend-modules/M192","/:id","/api/v1/backend-modules/M192/:id","C:\Users\DIYA GOEL\Downloads\EBDESIGN\backend\src\modules\M192\routes.js","legacyModuleM192Routes","1316","65"
"GET","/api/v1/backend-modules/M193","/","/api/v1/backend-modules/M193/","C:\Users\DIYA GOEL\Downloads\EBDESIGN\backend\src\modules\M193\routes.js","legacyModuleM193Routes","1317","20"
"POST","/api/v1/backend-modules/M193","/bulk","/api/v1/backend-modules/M193/bulk","C:\Users\DIYA GOEL\Downloads\EBDESIGN\backend\src\modules\M193\routes.js","legacyModuleM193Routes","1317","28"
"GET","/api/v1/backend-modules/M193","/search","/api/v1/backend-modules/M193/search","C:\Users\DIYA GOEL\Downloads\EBDESIGN\backend\src\modules\M193\routes.js","legacyModuleM193Routes","1317","36"
"POST","/api/v1/backend-modules/M193","/","/api/v1/backend-modules/M193/","C:\Users\DIYA GOEL\Downloads\EBDESIGN\backend\src\modules\M193\routes.js","legacyModuleM193Routes","1317","44"
"GET","/api/v1/backend-modules/M193","/:id","/api/v1/backend-modules/M193/:id","C:\Users\DIYA GOEL\Downloads\EBDESIGN\backend\src\modules\M193\routes.js","legacyModuleM193Routes","1317","51"
"PUT","/api/v1/backend-modules/M193","/:id","/api/v1/backend-modules/M193/:id","C:\Users\DIYA GOEL\Downloads\EBDESIGN\backend\src\modules\M193\routes.js","legacyModuleM193Routes","1317","58"
"DELETE","/api/v1/backend-modules/M193","/:id","/api/v1/backend-modules/M193/:id","C:\Users\DIYA GOEL\Downloads\EBDESIGN\backend\src\modules\M193\routes.js","legacyModuleM193Routes","1317","65"
"GET","/api/v1/backend-modules/M194","/","/api/v1/backend-modules/M194/","C:\Users\DIYA GOEL\Downloads\EBDESIGN\backend\src\modules\M194\routes.js","legacyModuleM194Routes","1318","20"
"POST","/api/v1/backend-modules/M194","/bulk","/api/v1/backend-modules/M194/bulk","C:\Users\DIYA GOEL\Downloads\EBDESIGN\backend\src\modules\M194\routes.js","legacyModuleM194Routes","1318","28"
"GET","/api/v1/backend-modules/M194","/search","/api/v1/backend-modules/M194/search","C:\Users\DIYA GOEL\Downloads\EBDESIGN\backend\src\modules\M194\routes.js","legacyModuleM194Routes","1318","36"
"POST","/api/v1/backend-modules/M194","/","/api/v1/backend-modules/M194/","C:\Users\DIYA GOEL\Downloads\EBDESIGN\backend\src\modules\M194\routes.js","legacyModuleM194Routes","1318","44"
"GET","/api/v1/backend-modules/M194","/:id","/api/v1/backend-modules/M194/:id","C:\Users\DIYA GOEL\Downloads\EBDESIGN\backend\src\modules\M194\routes.js","legacyModuleM194Routes","1318","51"
"PUT","/api/v1/backend-modules/M194","/:id","/api/v1/backend-modules/M194/:id","C:\Users\DIYA GOEL\Downloads\EBDESIGN\backend\src\modules\M194\routes.js","legacyModuleM194Routes","1318","58"
"DELETE","/api/v1/backend-modules/M194","/:id","/api/v1/backend-modules/M194/:id","C:\Users\DIYA GOEL\Downloads\EBDESIGN\backend\src\modules\M194\routes.js","legacyModuleM194Routes","1318","65"
"GET","/api/v1/backend-modules/M195","/","/api/v1/backend-modules/M195/","C:\Users\DIYA GOEL\Downloads\EBDESIGN\backend\src\modules\M195\routes.js","legacyModuleM195Routes","1319","20"
"POST","/api/v1/backend-modules/M195","/bulk","/api/v1/backend-modules/M195/bulk","C:\Users\DIYA GOEL\Downloads\EBDESIGN\backend\src\modules\M195\routes.js","legacyModuleM195Routes","1319","28"
"GET","/api/v1/backend-modules/M195","/search","/api/v1/backend-modules/M195/search","C:\Users\DIYA GOEL\Downloads\EBDESIGN\backend\src\modules\M195\routes.js","legacyModuleM195Routes","1319","36"
"POST","/api/v1/backend-modules/M195","/","/api/v1/backend-modules/M195/","C:\Users\DIYA GOEL\Downloads\EBDESIGN\backend\src\modules\M195\routes.js","legacyModuleM195Routes","1319","44"
"GET","/api/v1/backend-modules/M195","/:id","/api/v1/backend-modules/M195/:id","C:\Users\DIYA GOEL\Downloads\EBDESIGN\backend\src\modules\M195\routes.js","legacyModuleM195Routes","1319","51"
"PUT","/api/v1/backend-modules/M195","/:id","/api/v1/backend-modules/M195/:id","C:\Users\DIYA GOEL\Downloads\EBDESIGN\backend\src\modules\M195\routes.js","legacyModuleM195Routes","1319","58"
"DELETE","/api/v1/backend-modules/M195","/:id","/api/v1/backend-modules/M195/:id","C:\Users\DIYA GOEL\Downloads\EBDESIGN\backend\src\modules\M195\routes.js","legacyModuleM195Routes","1319","65"
"GET","/api/v1/backend-modules/M196","/","/api/v1/backend-modules/M196/","C:\Users\DIYA GOEL\Downloads\EBDESIGN\backend\src\modules\M196\routes.js","legacyModuleM196Routes","1320","20"
"POST","/api/v1/backend-modules/M196","/bulk","/api/v1/backend-modules/M196/bulk","C:\Users\DIYA GOEL\Downloads\EBDESIGN\backend\src\modules\M196\routes.js","legacyModuleM196Routes","1320","28"
"GET","/api/v1/backend-modules/M196","/search","/api/v1/backend-modules/M196/search","C:\Users\DIYA GOEL\Downloads\EBDESIGN\backend\src\modules\M196\routes.js","legacyModuleM196Routes","1320","36"
"POST","/api/v1/backend-modules/M196","/","/api/v1/backend-modules/M196/","C:\Users\DIYA GOEL\Downloads\EBDESIGN\backend\src\modules\M196\routes.js","legacyModuleM196Routes","1320","44"
"GET","/api/v1/backend-modules/M196","/:id","/api/v1/backend-modules/M196/:id","C:\Users\DIYA GOEL\Downloads\EBDESIGN\backend\src\modules\M196\routes.js","legacyModuleM196Routes","1320","51"
"PUT","/api/v1/backend-modules/M196","/:id","/api/v1/backend-modules/M196/:id","C:\Users\DIYA GOEL\Downloads\EBDESIGN\backend\src\modules\M196\routes.js","legacyModuleM196Routes","1320","58"
"DELETE","/api/v1/backend-modules/M196","/:id","/api/v1/backend-modules/M196/:id","C:\Users\DIYA GOEL\Downloads\EBDESIGN\backend\src\modules\M196\routes.js","legacyModuleM196Routes","1320","65"
"GET","/api/v1/backend-modules/M197","/","/api/v1/backend-modules/M197/","C:\Users\DIYA GOEL\Downloads\EBDESIGN\backend\src\modules\M197\routes.js","legacyModuleM197Routes","1321","20"
"POST","/api/v1/backend-modules/M197","/bulk","/api/v1/backend-modules/M197/bulk","C:\Users\DIYA GOEL\Downloads\EBDESIGN\backend\src\modules\M197\routes.js","legacyModuleM197Routes","1321","28"
"GET","/api/v1/backend-modules/M197","/search","/api/v1/backend-modules/M197/search","C:\Users\DIYA GOEL\Downloads\EBDESIGN\backend\src\modules\M197\routes.js","legacyModuleM197Routes","1321","36"
"POST","/api/v1/backend-modules/M197","/","/api/v1/backend-modules/M197/","C:\Users\DIYA GOEL\Downloads\EBDESIGN\backend\src\modules\M197\routes.js","legacyModuleM197Routes","1321","44"
"GET","/api/v1/backend-modules/M197","/:id","/api/v1/backend-modules/M197/:id","C:\Users\DIYA GOEL\Downloads\EBDESIGN\backend\src\modules\M197\routes.js","legacyModuleM197Routes","1321","51"
"PUT","/api/v1/backend-modules/M197","/:id","/api/v1/backend-modules/M197/:id","C:\Users\DIYA GOEL\Downloads\EBDESIGN\backend\src\modules\M197\routes.js","legacyModuleM197Routes","1321","58"
"DELETE","/api/v1/backend-modules/M197","/:id","/api/v1/backend-modules/M197/:id","C:\Users\DIYA GOEL\Downloads\EBDESIGN\backend\src\modules\M197\routes.js","legacyModuleM197Routes","1321","65"
"GET","/api/v1/backend-modules/M198","/","/api/v1/backend-modules/M198/","C:\Users\DIYA GOEL\Downloads\EBDESIGN\backend\src\modules\M198\routes.js","legacyModuleM198Routes","1322","20"
"POST","/api/v1/backend-modules/M198","/bulk","/api/v1/backend-modules/M198/bulk","C:\Users\DIYA GOEL\Downloads\EBDESIGN\backend\src\modules\M198\routes.js","legacyModuleM198Routes","1322","28"
"GET","/api/v1/backend-modules/M198","/search","/api/v1/backend-modules/M198/search","C:\Users\DIYA GOEL\Downloads\EBDESIGN\backend\src\modules\M198\routes.js","legacyModuleM198Routes","1322","36"
"POST","/api/v1/backend-modules/M198","/","/api/v1/backend-modules/M198/","C:\Users\DIYA GOEL\Downloads\EBDESIGN\backend\src\modules\M198\routes.js","legacyModuleM198Routes","1322","44"
"GET","/api/v1/backend-modules/M198","/:id","/api/v1/backend-modules/M198/:id","C:\Users\DIYA GOEL\Downloads\EBDESIGN\backend\src\modules\M198\routes.js","legacyModuleM198Routes","1322","51"
"PUT","/api/v1/backend-modules/M198","/:id","/api/v1/backend-modules/M198/:id","C:\Users\DIYA GOEL\Downloads\EBDESIGN\backend\src\modules\M198\routes.js","legacyModuleM198Routes","1322","58"
"DELETE","/api/v1/backend-modules/M198","/:id","/api/v1/backend-modules/M198/:id","C:\Users\DIYA GOEL\Downloads\EBDESIGN\backend\src\modules\M198\routes.js","legacyModuleM198Routes","1322","65"
"GET","/api/v1/backend-modules/M199","/","/api/v1/backend-modules/M199/","C:\Users\DIYA GOEL\Downloads\EBDESIGN\backend\src\modules\M199\routes.js","legacyModuleM199Routes","1323","20"
"POST","/api/v1/backend-modules/M199","/bulk","/api/v1/backend-modules/M199/bulk","C:\Users\DIYA GOEL\Downloads\EBDESIGN\backend\src\modules\M199\routes.js","legacyModuleM199Routes","1323","28"
"GET","/api/v1/backend-modules/M199","/search","/api/v1/backend-modules/M199/search","C:\Users\DIYA GOEL\Downloads\EBDESIGN\backend\src\modules\M199\routes.js","legacyModuleM199Routes","1323","36"
"POST","/api/v1/backend-modules/M199","/","/api/v1/backend-modules/M199/","C:\Users\DIYA GOEL\Downloads\EBDESIGN\backend\src\modules\M199\routes.js","legacyModuleM199Routes","1323","44"
"GET","/api/v1/backend-modules/M199","/:id","/api/v1/backend-modules/M199/:id","C:\Users\DIYA GOEL\Downloads\EBDESIGN\backend\src\modules\M199\routes.js","legacyModuleM199Routes","1323","51"
"PUT","/api/v1/backend-modules/M199","/:id","/api/v1/backend-modules/M199/:id","C:\Users\DIYA GOEL\Downloads\EBDESIGN\backend\src\modules\M199\routes.js","legacyModuleM199Routes","1323","58"
"DELETE","/api/v1/backend-modules/M199","/:id","/api/v1/backend-modules/M199/:id","C:\Users\DIYA GOEL\Downloads\EBDESIGN\backend\src\modules\M199\routes.js","legacyModuleM199Routes","1323","65"
"GET","/api/v1/backend-modules/M200","/","/api/v1/backend-modules/M200/","C:\Users\DIYA GOEL\Downloads\EBDESIGN\backend\src\modules\M200\routes.js","legacyModuleM200Routes","1324","20"
"POST","/api/v1/backend-modules/M200","/bulk","/api/v1/backend-modules/M200/bulk","C:\Users\DIYA GOEL\Downloads\EBDESIGN\backend\src\modules\M200\routes.js","legacyModuleM200Routes","1324","28"
"GET","/api/v1/backend-modules/M200","/search","/api/v1/backend-modules/M200/search","C:\Users\DIYA GOEL\Downloads\EBDESIGN\backend\src\modules\M200\routes.js","legacyModuleM200Routes","1324","36"
"POST","/api/v1/backend-modules/M200","/","/api/v1/backend-modules/M200/","C:\Users\DIYA GOEL\Downloads\EBDESIGN\backend\src\modules\M200\routes.js","legacyModuleM200Routes","1324","44"
"GET","/api/v1/backend-modules/M200","/:id","/api/v1/backend-modules/M200/:id","C:\Users\DIYA GOEL\Downloads\EBDESIGN\backend\src\modules\M200\routes.js","legacyModuleM200Routes","1324","51"
"PUT","/api/v1/backend-modules/M200","/:id","/api/v1/backend-modules/M200/:id","C:\Users\DIYA GOEL\Downloads\EBDESIGN\backend\src\modules\M200\routes.js","legacyModuleM200Routes","1324","58"
"DELETE","/api/v1/backend-modules/M200","/:id","/api/v1/backend-modules/M200/:id","C:\Users\DIYA GOEL\Downloads\EBDESIGN\backend\src\modules\M200\routes.js","legacyModuleM200Routes","1324","65"
"GET","/api/v1/backend-modules/M202","/","/api/v1/backend-modules/M202/","C:\Users\DIYA GOEL\Downloads\EBDESIGN\backend\src\modules\M202\routes.js","legacyModuleM202Routes","1325","20"
"POST","/api/v1/backend-modules/M202","/bulk","/api/v1/backend-modules/M202/bulk","C:\Users\DIYA GOEL\Downloads\EBDESIGN\backend\src\modules\M202\routes.js","legacyModuleM202Routes","1325","28"
"GET","/api/v1/backend-modules/M202","/search","/api/v1/backend-modules/M202/search","C:\Users\DIYA GOEL\Downloads\EBDESIGN\backend\src\modules\M202\routes.js","legacyModuleM202Routes","1325","36"
"POST","/api/v1/backend-modules/M202","/","/api/v1/backend-modules/M202/","C:\Users\DIYA GOEL\Downloads\EBDESIGN\backend\src\modules\M202\routes.js","legacyModuleM202Routes","1325","44"
"GET","/api/v1/backend-modules/M202","/:id","/api/v1/backend-modules/M202/:id","C:\Users\DIYA GOEL\Downloads\EBDESIGN\backend\src\modules\M202\routes.js","legacyModuleM202Routes","1325","51"
"PUT","/api/v1/backend-modules/M202","/:id","/api/v1/backend-modules/M202/:id","C:\Users\DIYA GOEL\Downloads\EBDESIGN\backend\src\modules\M202\routes.js","legacyModuleM202Routes","1325","58"
"DELETE","/api/v1/backend-modules/M202","/:id","/api/v1/backend-modules/M202/:id","C:\Users\DIYA GOEL\Downloads\EBDESIGN\backend\src\modules\M202\routes.js","legacyModuleM202Routes","1325","65"
"GET","/api/v1/backend-modules/M203","/","/api/v1/backend-modules/M203/","C:\Users\DIYA GOEL\Downloads\EBDESIGN\backend\src\modules\M203\routes.js","legacyModuleM203Routes","1326","20"
"POST","/api/v1/backend-modules/M203","/bulk","/api/v1/backend-modules/M203/bulk","C:\Users\DIYA GOEL\Downloads\EBDESIGN\backend\src\modules\M203\routes.js","legacyModuleM203Routes","1326","28"
"GET","/api/v1/backend-modules/M203","/search","/api/v1/backend-modules/M203/search","C:\Users\DIYA GOEL\Downloads\EBDESIGN\backend\src\modules\M203\routes.js","legacyModuleM203Routes","1326","36"
"POST","/api/v1/backend-modules/M203","/","/api/v1/backend-modules/M203/","C:\Users\DIYA GOEL\Downloads\EBDESIGN\backend\src\modules\M203\routes.js","legacyModuleM203Routes","1326","44"
"GET","/api/v1/backend-modules/M203","/:id","/api/v1/backend-modules/M203/:id","C:\Users\DIYA GOEL\Downloads\EBDESIGN\backend\src\modules\M203\routes.js","legacyModuleM203Routes","1326","51"
"PUT","/api/v1/backend-modules/M203","/:id","/api/v1/backend-modules/M203/:id","C:\Users\DIYA GOEL\Downloads\EBDESIGN\backend\src\modules\M203\routes.js","legacyModuleM203Routes","1326","58"
"DELETE","/api/v1/backend-modules/M203","/:id","/api/v1/backend-modules/M203/:id","C:\Users\DIYA GOEL\Downloads\EBDESIGN\backend\src\modules\M203\routes.js","legacyModuleM203Routes","1326","65"
"GET","/api/v1/backend-modules/M204","/","/api/v1/backend-modules/M204/","C:\Users\DIYA GOEL\Downloads\EBDESIGN\backend\src\modules\M204\routes.js","legacyModuleM204Routes","1327","20"
"POST","/api/v1/backend-modules/M204","/bulk","/api/v1/backend-modules/M204/bulk","C:\Users\DIYA GOEL\Downloads\EBDESIGN\backend\src\modules\M204\routes.js","legacyModuleM204Routes","1327","28"
"GET","/api/v1/backend-modules/M204","/search","/api/v1/backend-modules/M204/search","C:\Users\DIYA GOEL\Downloads\EBDESIGN\backend\src\modules\M204\routes.js","legacyModuleM204Routes","1327","36"
"POST","/api/v1/backend-modules/M204","/","/api/v1/backend-modules/M204/","C:\Users\DIYA GOEL\Downloads\EBDESIGN\backend\src\modules\M204\routes.js","legacyModuleM204Routes","1327","44"
"GET","/api/v1/backend-modules/M204","/:id","/api/v1/backend-modules/M204/:id","C:\Users\DIYA GOEL\Downloads\EBDESIGN\backend\src\modules\M204\routes.js","legacyModuleM204Routes","1327","51"
"PUT","/api/v1/backend-modules/M204","/:id","/api/v1/backend-modules/M204/:id","C:\Users\DIYA GOEL\Downloads\EBDESIGN\backend\src\modules\M204\routes.js","legacyModuleM204Routes","1327","58"
"DELETE","/api/v1/backend-modules/M204","/:id","/api/v1/backend-modules/M204/:id","C:\Users\DIYA GOEL\Downloads\EBDESIGN\backend\src\modules\M204\routes.js","legacyModuleM204Routes","1327","65"
"GET","/api/v1/backend-modules/M205","/","/api/v1/backend-modules/M205/","C:\Users\DIYA GOEL\Downloads\EBDESIGN\backend\src\modules\M205\routes.js","legacyModuleM205Routes","1328","20"
"POST","/api/v1/backend-modules/M205","/bulk","/api/v1/backend-modules/M205/bulk","C:\Users\DIYA GOEL\Downloads\EBDESIGN\backend\src\modules\M205\routes.js","legacyModuleM205Routes","1328","28"
"GET","/api/v1/backend-modules/M205","/search","/api/v1/backend-modules/M205/search","C:\Users\DIYA GOEL\Downloads\EBDESIGN\backend\src\modules\M205\routes.js","legacyModuleM205Routes","1328","36"
"POST","/api/v1/backend-modules/M205","/","/api/v1/backend-modules/M205/","C:\Users\DIYA GOEL\Downloads\EBDESIGN\backend\src\modules\M205\routes.js","legacyModuleM205Routes","1328","44"
"GET","/api/v1/backend-modules/M205","/:id","/api/v1/backend-modules/M205/:id","C:\Users\DIYA GOEL\Downloads\EBDESIGN\backend\src\modules\M205\routes.js","legacyModuleM205Routes","1328","51"
"PUT","/api/v1/backend-modules/M205","/:id","/api/v1/backend-modules/M205/:id","C:\Users\DIYA GOEL\Downloads\EBDESIGN\backend\src\modules\M205\routes.js","legacyModuleM205Routes","1328","58"
"DELETE","/api/v1/backend-modules/M205","/:id","/api/v1/backend-modules/M205/:id","C:\Users\DIYA GOEL\Downloads\EBDESIGN\backend\src\modules\M205\routes.js","legacyModuleM205Routes","1328","65"
"GET","/api/v1/backend-modules/M206","/","/api/v1/backend-modules/M206/","C:\Users\DIYA GOEL\Downloads\EBDESIGN\backend\src\modules\M206\routes.js","legacyModuleM206Routes","1329","20"
"POST","/api/v1/backend-modules/M206","/bulk","/api/v1/backend-modules/M206/bulk","C:\Users\DIYA GOEL\Downloads\EBDESIGN\backend\src\modules\M206\routes.js","legacyModuleM206Routes","1329","28"
"GET","/api/v1/backend-modules/M206","/search","/api/v1/backend-modules/M206/search","C:\Users\DIYA GOEL\Downloads\EBDESIGN\backend\src\modules\M206\routes.js","legacyModuleM206Routes","1329","36"
"POST","/api/v1/backend-modules/M206","/","/api/v1/backend-modules/M206/","C:\Users\DIYA GOEL\Downloads\EBDESIGN\backend\src\modules\M206\routes.js","legacyModuleM206Routes","1329","44"
"GET","/api/v1/backend-modules/M206","/:id","/api/v1/backend-modules/M206/:id","C:\Users\DIYA GOEL\Downloads\EBDESIGN\backend\src\modules\M206\routes.js","legacyModuleM206Routes","1329","51"
"PUT","/api/v1/backend-modules/M206","/:id","/api/v1/backend-modules/M206/:id","C:\Users\DIYA GOEL\Downloads\EBDESIGN\backend\src\modules\M206\routes.js","legacyModuleM206Routes","1329","58"
"DELETE","/api/v1/backend-modules/M206","/:id","/api/v1/backend-modules/M206/:id","C:\Users\DIYA GOEL\Downloads\EBDESIGN\backend\src\modules\M206\routes.js","legacyModuleM206Routes","1329","65"
"GET","/api/v1/backend-modules/M207","/","/api/v1/backend-modules/M207/","C:\Users\DIYA GOEL\Downloads\EBDESIGN\backend\src\modules\M207\routes.js","legacyModuleM207Routes","1330","20"
"POST","/api/v1/backend-modules/M207","/bulk","/api/v1/backend-modules/M207/bulk","C:\Users\DIYA GOEL\Downloads\EBDESIGN\backend\src\modules\M207\routes.js","legacyModuleM207Routes","1330","28"
"GET","/api/v1/backend-modules/M207","/search","/api/v1/backend-modules/M207/search","C:\Users\DIYA GOEL\Downloads\EBDESIGN\backend\src\modules\M207\routes.js","legacyModuleM207Routes","1330","36"
"POST","/api/v1/backend-modules/M207","/","/api/v1/backend-modules/M207/","C:\Users\DIYA GOEL\Downloads\EBDESIGN\backend\src\modules\M207\routes.js","legacyModuleM207Routes","1330","44"
"GET","/api/v1/backend-modules/M207","/:id","/api/v1/backend-modules/M207/:id","C:\Users\DIYA GOEL\Downloads\EBDESIGN\backend\src\modules\M207\routes.js","legacyModuleM207Routes","1330","51"
"PUT","/api/v1/backend-modules/M207","/:id","/api/v1/backend-modules/M207/:id","C:\Users\DIYA GOEL\Downloads\EBDESIGN\backend\src\modules\M207\routes.js","legacyModuleM207Routes","1330","58"
"DELETE","/api/v1/backend-modules/M207","/:id","/api/v1/backend-modules/M207/:id","C:\Users\DIYA GOEL\Downloads\EBDESIGN\backend\src\modules\M207\routes.js","legacyModuleM207Routes","1330","65"
"GET","/api/v1/backend-modules/M208","/","/api/v1/backend-modules/M208/","C:\Users\DIYA GOEL\Downloads\EBDESIGN\backend\src\modules\M208\routes.js","legacyModuleM208Routes","1331","20"
"POST","/api/v1/backend-modules/M208","/bulk","/api/v1/backend-modules/M208/bulk","C:\Users\DIYA GOEL\Downloads\EBDESIGN\backend\src\modules\M208\routes.js","legacyModuleM208Routes","1331","28"
"GET","/api/v1/backend-modules/M208","/search","/api/v1/backend-modules/M208/search","C:\Users\DIYA GOEL\Downloads\EBDESIGN\backend\src\modules\M208\routes.js","legacyModuleM208Routes","1331","36"
"POST","/api/v1/backend-modules/M208","/","/api/v1/backend-modules/M208/","C:\Users\DIYA GOEL\Downloads\EBDESIGN\backend\src\modules\M208\routes.js","legacyModuleM208Routes","1331","44"
"GET","/api/v1/backend-modules/M208","/:id","/api/v1/backend-modules/M208/:id","C:\Users\DIYA GOEL\Downloads\EBDESIGN\backend\src\modules\M208\routes.js","legacyModuleM208Routes","1331","51"
"PUT","/api/v1/backend-modules/M208","/:id","/api/v1/backend-modules/M208/:id","C:\Users\DIYA GOEL\Downloads\EBDESIGN\backend\src\modules\M208\routes.js","legacyModuleM208Routes","1331","58"
"DELETE","/api/v1/backend-modules/M208","/:id","/api/v1/backend-modules/M208/:id","C:\Users\DIYA GOEL\Downloads\EBDESIGN\backend\src\modules\M208\routes.js","legacyModuleM208Routes","1331","65"
"GET","/api/v1/backend-modules/M209","/","/api/v1/backend-modules/M209/","C:\Users\DIYA GOEL\Downloads\EBDESIGN\backend\src\modules\M209\routes.js","legacyModuleM209Routes","1332","20"
"POST","/api/v1/backend-modules/M209","/bulk","/api/v1/backend-modules/M209/bulk","C:\Users\DIYA GOEL\Downloads\EBDESIGN\backend\src\modules\M209\routes.js","legacyModuleM209Routes","1332","28"
"GET","/api/v1/backend-modules/M209","/search","/api/v1/backend-modules/M209/search","C:\Users\DIYA GOEL\Downloads\EBDESIGN\backend\src\modules\M209\routes.js","legacyModuleM209Routes","1332","36"
"POST","/api/v1/backend-modules/M209","/","/api/v1/backend-modules/M209/","C:\Users\DIYA GOEL\Downloads\EBDESIGN\backend\src\modules\M209\routes.js","legacyModuleM209Routes","1332","44"
"GET","/api/v1/backend-modules/M209","/:id","/api/v1/backend-modules/M209/:id","C:\Users\DIYA GOEL\Downloads\EBDESIGN\backend\src\modules\M209\routes.js","legacyModuleM209Routes","1332","51"
"PUT","/api/v1/backend-modules/M209","/:id","/api/v1/backend-modules/M209/:id","C:\Users\DIYA GOEL\Downloads\EBDESIGN\backend\src\modules\M209\routes.js","legacyModuleM209Routes","1332","58"
"DELETE","/api/v1/backend-modules/M209","/:id","/api/v1/backend-modules/M209/:id","C:\Users\DIYA GOEL\Downloads\EBDESIGN\backend\src\modules\M209\routes.js","legacyModuleM209Routes","1332","65"
"GET","/api/v1/backend-modules/M210","/","/api/v1/backend-modules/M210/","C:\Users\DIYA GOEL\Downloads\EBDESIGN\backend\src\modules\M210\routes.js","legacyModuleM210Routes","1333","20"
"POST","/api/v1/backend-modules/M210","/bulk","/api/v1/backend-modules/M210/bulk","C:\Users\DIYA GOEL\Downloads\EBDESIGN\backend\src\modules\M210\routes.js","legacyModuleM210Routes","1333","28"
"GET","/api/v1/backend-modules/M210","/search","/api/v1/backend-modules/M210/search","C:\Users\DIYA GOEL\Downloads\EBDESIGN\backend\src\modules\M210\routes.js","legacyModuleM210Routes","1333","36"
"POST","/api/v1/backend-modules/M210","/","/api/v1/backend-modules/M210/","C:\Users\DIYA GOEL\Downloads\EBDESIGN\backend\src\modules\M210\routes.js","legacyModuleM210Routes","1333","44"
"GET","/api/v1/backend-modules/M210","/:id","/api/v1/backend-modules/M210/:id","C:\Users\DIYA GOEL\Downloads\EBDESIGN\backend\src\modules\M210\routes.js","legacyModuleM210Routes","1333","51"
"PUT","/api/v1/backend-modules/M210","/:id","/api/v1/backend-modules/M210/:id","C:\Users\DIYA GOEL\Downloads\EBDESIGN\backend\src\modules\M210\routes.js","legacyModuleM210Routes","1333","58"
"DELETE","/api/v1/backend-modules/M210","/:id","/api/v1/backend-modules/M210/:id","C:\Users\DIYA GOEL\Downloads\EBDESIGN\backend\src\modules\M210\routes.js","legacyModuleM210Routes","1333","65"
"GET","/api/v1/backend-modules/M211","/","/api/v1/backend-modules/M211/","C:\Users\DIYA GOEL\Downloads\EBDESIGN\backend\src\modules\M211\routes.js","legacyModuleM211Routes","1334","20"
"POST","/api/v1/backend-modules/M211","/bulk","/api/v1/backend-modules/M211/bulk","C:\Users\DIYA GOEL\Downloads\EBDESIGN\backend\src\modules\M211\routes.js","legacyModuleM211Routes","1334","28"
"GET","/api/v1/backend-modules/M211","/search","/api/v1/backend-modules/M211/search","C:\Users\DIYA GOEL\Downloads\EBDESIGN\backend\src\modules\M211\routes.js","legacyModuleM211Routes","1334","36"
"POST","/api/v1/backend-modules/M211","/","/api/v1/backend-modules/M211/","C:\Users\DIYA GOEL\Downloads\EBDESIGN\backend\src\modules\M211\routes.js","legacyModuleM211Routes","1334","44"
"GET","/api/v1/backend-modules/M211","/:id","/api/v1/backend-modules/M211/:id","C:\Users\DIYA GOEL\Downloads\EBDESIGN\backend\src\modules\M211\routes.js","legacyModuleM211Routes","1334","51"
"PUT","/api/v1/backend-modules/M211","/:id","/api/v1/backend-modules/M211/:id","C:\Users\DIYA GOEL\Downloads\EBDESIGN\backend\src\modules\M211\routes.js","legacyModuleM211Routes","1334","58"
"DELETE","/api/v1/backend-modules/M211","/:id","/api/v1/backend-modules/M211/:id","C:\Users\DIYA GOEL\Downloads\EBDESIGN\backend\src\modules\M211\routes.js","legacyModuleM211Routes","1334","65"
"GET","/api/v1/backend-modules/M212","/","/api/v1/backend-modules/M212/","C:\Users\DIYA GOEL\Downloads\EBDESIGN\backend\src\modules\M212\routes.js","legacyModuleM212Routes","1335","20"
"POST","/api/v1/backend-modules/M212","/bulk","/api/v1/backend-modules/M212/bulk","C:\Users\DIYA GOEL\Downloads\EBDESIGN\backend\src\modules\M212\routes.js","legacyModuleM212Routes","1335","28"
"GET","/api/v1/backend-modules/M212","/search","/api/v1/backend-modules/M212/search","C:\Users\DIYA GOEL\Downloads\EBDESIGN\backend\src\modules\M212\routes.js","legacyModuleM212Routes","1335","36"
"POST","/api/v1/backend-modules/M212","/","/api/v1/backend-modules/M212/","C:\Users\DIYA GOEL\Downloads\EBDESIGN\backend\src\modules\M212\routes.js","legacyModuleM212Routes","1335","44"
"GET","/api/v1/backend-modules/M212","/:id","/api/v1/backend-modules/M212/:id","C:\Users\DIYA GOEL\Downloads\EBDESIGN\backend\src\modules\M212\routes.js","legacyModuleM212Routes","1335","51"
"PUT","/api/v1/backend-modules/M212","/:id","/api/v1/backend-modules/M212/:id","C:\Users\DIYA GOEL\Downloads\EBDESIGN\backend\src\modules\M212\routes.js","legacyModuleM212Routes","1335","58"
"DELETE","/api/v1/backend-modules/M212","/:id","/api/v1/backend-modules/M212/:id","C:\Users\DIYA GOEL\Downloads\EBDESIGN\backend\src\modules\M212\routes.js","legacyModuleM212Routes","1335","65"
"GET","/api/v1/backend-modules/M213","/","/api/v1/backend-modules/M213/","C:\Users\DIYA GOEL\Downloads\EBDESIGN\backend\src\modules\M213\routes.js","legacyModuleM213Routes","1336","20"
"POST","/api/v1/backend-modules/M213","/bulk","/api/v1/backend-modules/M213/bulk","C:\Users\DIYA GOEL\Downloads\EBDESIGN\backend\src\modules\M213\routes.js","legacyModuleM213Routes","1336","28"
"GET","/api/v1/backend-modules/M213","/search","/api/v1/backend-modules/M213/search","C:\Users\DIYA GOEL\Downloads\EBDESIGN\backend\src\modules\M213\routes.js","legacyModuleM213Routes","1336","36"
"POST","/api/v1/backend-modules/M213","/","/api/v1/backend-modules/M213/","C:\Users\DIYA GOEL\Downloads\EBDESIGN\backend\src\modules\M213\routes.js","legacyModuleM213Routes","1336","44"
"GET","/api/v1/backend-modules/M213","/:id","/api/v1/backend-modules/M213/:id","C:\Users\DIYA GOEL\Downloads\EBDESIGN\backend\src\modules\M213\routes.js","legacyModuleM213Routes","1336","51"
"PUT","/api/v1/backend-modules/M213","/:id","/api/v1/backend-modules/M213/:id","C:\Users\DIYA GOEL\Downloads\EBDESIGN\backend\src\modules\M213\routes.js","legacyModuleM213Routes","1336","58"
"DELETE","/api/v1/backend-modules/M213","/:id","/api/v1/backend-modules/M213/:id","C:\Users\DIYA GOEL\Downloads\EBDESIGN\backend\src\modules\M213\routes.js","legacyModuleM213Routes","1336","65"
"GET","/api/v1/backend-modules/M214","/","/api/v1/backend-modules/M214/","C:\Users\DIYA GOEL\Downloads\EBDESIGN\backend\src\modules\M214\routes.js","legacyModuleM214Routes","1337","20"
"POST","/api/v1/backend-modules/M214","/bulk","/api/v1/backend-modules/M214/bulk","C:\Users\DIYA GOEL\Downloads\EBDESIGN\backend\src\modules\M214\routes.js","legacyModuleM214Routes","1337","28"
"GET","/api/v1/backend-modules/M214","/search","/api/v1/backend-modules/M214/search","C:\Users\DIYA GOEL\Downloads\EBDESIGN\backend\src\modules\M214\routes.js","legacyModuleM214Routes","1337","36"
"POST","/api/v1/backend-modules/M214","/","/api/v1/backend-modules/M214/","C:\Users\DIYA GOEL\Downloads\EBDESIGN\backend\src\modules\M214\routes.js","legacyModuleM214Routes","1337","44"
"GET","/api/v1/backend-modules/M214","/:id","/api/v1/backend-modules/M214/:id","C:\Users\DIYA GOEL\Downloads\EBDESIGN\backend\src\modules\M214\routes.js","legacyModuleM214Routes","1337","51"
"PUT","/api/v1/backend-modules/M214","/:id","/api/v1/backend-modules/M214/:id","C:\Users\DIYA GOEL\Downloads\EBDESIGN\backend\src\modules\M214\routes.js","legacyModuleM214Routes","1337","58"
"DELETE","/api/v1/backend-modules/M214","/:id","/api/v1/backend-modules/M214/:id","C:\Users\DIYA GOEL\Downloads\EBDESIGN\backend\src\modules\M214\routes.js","legacyModuleM214Routes","1337","65"
"GET","/api/v1/backend-modules/M215","/","/api/v1/backend-modules/M215/","C:\Users\DIYA GOEL\Downloads\EBDESIGN\backend\src\modules\M215\routes.js","legacyModuleM215Routes","1338","20"
"POST","/api/v1/backend-modules/M215","/bulk","/api/v1/backend-modules/M215/bulk","C:\Users\DIYA GOEL\Downloads\EBDESIGN\backend\src\modules\M215\routes.js","legacyModuleM215Routes","1338","28"
"GET","/api/v1/backend-modules/M215","/search","/api/v1/backend-modules/M215/search","C:\Users\DIYA GOEL\Downloads\EBDESIGN\backend\src\modules\M215\routes.js","legacyModuleM215Routes","1338","36"
"POST","/api/v1/backend-modules/M215","/","/api/v1/backend-modules/M215/","C:\Users\DIYA GOEL\Downloads\EBDESIGN\backend\src\modules\M215\routes.js","legacyModuleM215Routes","1338","44"
"GET","/api/v1/backend-modules/M215","/:id","/api/v1/backend-modules/M215/:id","C:\Users\DIYA GOEL\Downloads\EBDESIGN\backend\src\modules\M215\routes.js","legacyModuleM215Routes","1338","51"
"PUT","/api/v1/backend-modules/M215","/:id","/api/v1/backend-modules/M215/:id","C:\Users\DIYA GOEL\Downloads\EBDESIGN\backend\src\modules\M215\routes.js","legacyModuleM215Routes","1338","58"
"DELETE","/api/v1/backend-modules/M215","/:id","/api/v1/backend-modules/M215/:id","C:\Users\DIYA GOEL\Downloads\EBDESIGN\backend\src\modules\M215\routes.js","legacyModuleM215Routes","1338","65"
"GET","/api/v1/backend-modules/M216","/","/api/v1/backend-modules/M216/","C:\Users\DIYA GOEL\Downloads\EBDESIGN\backend\src\modules\M216\routes.js","legacyModuleM216Routes","1339","20"
"POST","/api/v1/backend-modules/M216","/bulk","/api/v1/backend-modules/M216/bulk","C:\Users\DIYA GOEL\Downloads\EBDESIGN\backend\src\modules\M216\routes.js","legacyModuleM216Routes","1339","28"
"GET","/api/v1/backend-modules/M216","/search","/api/v1/backend-modules/M216/search","C:\Users\DIYA GOEL\Downloads\EBDESIGN\backend\src\modules\M216\routes.js","legacyModuleM216Routes","1339","36"
"POST","/api/v1/backend-modules/M216","/","/api/v1/backend-modules/M216/","C:\Users\DIYA GOEL\Downloads\EBDESIGN\backend\src\modules\M216\routes.js","legacyModuleM216Routes","1339","44"
"GET","/api/v1/backend-modules/M216","/:id","/api/v1/backend-modules/M216/:id","C:\Users\DIYA GOEL\Downloads\EBDESIGN\backend\src\modules\M216\routes.js","legacyModuleM216Routes","1339","51"
"PUT","/api/v1/backend-modules/M216","/:id","/api/v1/backend-modules/M216/:id","C:\Users\DIYA GOEL\Downloads\EBDESIGN\backend\src\modules\M216\routes.js","legacyModuleM216Routes","1339","58"
"DELETE","/api/v1/backend-modules/M216","/:id","/api/v1/backend-modules/M216/:id","C:\Users\DIYA GOEL\Downloads\EBDESIGN\backend\src\modules\M216\routes.js","legacyModuleM216Routes","1339","65"
"GET","/api/v1/backend-modules/M217","/","/api/v1/backend-modules/M217/","C:\Users\DIYA GOEL\Downloads\EBDESIGN\backend\src\modules\M217\routes.js","legacyModuleM217Routes","1340","20"
"POST","/api/v1/backend-modules/M217","/bulk","/api/v1/backend-modules/M217/bulk","C:\Users\DIYA GOEL\Downloads\EBDESIGN\backend\src\modules\M217\routes.js","legacyModuleM217Routes","1340","28"
"GET","/api/v1/backend-modules/M217","/search","/api/v1/backend-modules/M217/search","C:\Users\DIYA GOEL\Downloads\EBDESIGN\backend\src\modules\M217\routes.js","legacyModuleM217Routes","1340","36"
"POST","/api/v1/backend-modules/M217","/","/api/v1/backend-modules/M217/","C:\Users\DIYA GOEL\Downloads\EBDESIGN\backend\src\modules\M217\routes.js","legacyModuleM217Routes","1340","44"
"GET","/api/v1/backend-modules/M217","/:id","/api/v1/backend-modules/M217/:id","C:\Users\DIYA GOEL\Downloads\EBDESIGN\backend\src\modules\M217\routes.js","legacyModuleM217Routes","1340","51"
"PUT","/api/v1/backend-modules/M217","/:id","/api/v1/backend-modules/M217/:id","C:\Users\DIYA GOEL\Downloads\EBDESIGN\backend\src\modules\M217\routes.js","legacyModuleM217Routes","1340","58"
"DELETE","/api/v1/backend-modules/M217","/:id","/api/v1/backend-modules/M217/:id","C:\Users\DIYA GOEL\Downloads\EBDESIGN\backend\src\modules\M217\routes.js","legacyModuleM217Routes","1340","65"
"GET","/api/v1/backend-modules/M218","/","/api/v1/backend-modules/M218/","C:\Users\DIYA GOEL\Downloads\EBDESIGN\backend\src\modules\M218\routes.js","legacyModuleM218Routes","1341","20"
"POST","/api/v1/backend-modules/M218","/bulk","/api/v1/backend-modules/M218/bulk","C:\Users\DIYA GOEL\Downloads\EBDESIGN\backend\src\modules\M218\routes.js","legacyModuleM218Routes","1341","28"
"GET","/api/v1/backend-modules/M218","/search","/api/v1/backend-modules/M218/search","C:\Users\DIYA GOEL\Downloads\EBDESIGN\backend\src\modules\M218\routes.js","legacyModuleM218Routes","1341","36"
"POST","/api/v1/backend-modules/M218","/","/api/v1/backend-modules/M218/","C:\Users\DIYA GOEL\Downloads\EBDESIGN\backend\src\modules\M218\routes.js","legacyModuleM218Routes","1341","44"
"GET","/api/v1/backend-modules/M218","/:id","/api/v1/backend-modules/M218/:id","C:\Users\DIYA GOEL\Downloads\EBDESIGN\backend\src\modules\M218\routes.js","legacyModuleM218Routes","1341","51"
"PUT","/api/v1/backend-modules/M218","/:id","/api/v1/backend-modules/M218/:id","C:\Users\DIYA GOEL\Downloads\EBDESIGN\backend\src\modules\M218\routes.js","legacyModuleM218Routes","1341","58"
"DELETE","/api/v1/backend-modules/M218","/:id","/api/v1/backend-modules/M218/:id","C:\Users\DIYA GOEL\Downloads\EBDESIGN\backend\src\modules\M218\routes.js","legacyModuleM218Routes","1341","65"
"GET","/api/v1/backend-modules/M219","/","/api/v1/backend-modules/M219/","C:\Users\DIYA GOEL\Downloads\EBDESIGN\backend\src\modules\M219\routes.js","legacyModuleM219Routes","1342","20"
"POST","/api/v1/backend-modules/M219","/bulk","/api/v1/backend-modules/M219/bulk","C:\Users\DIYA GOEL\Downloads\EBDESIGN\backend\src\modules\M219\routes.js","legacyModuleM219Routes","1342","28"
"GET","/api/v1/backend-modules/M219","/search","/api/v1/backend-modules/M219/search","C:\Users\DIYA GOEL\Downloads\EBDESIGN\backend\src\modules\M219\routes.js","legacyModuleM219Routes","1342","36"
"POST","/api/v1/backend-modules/M219","/","/api/v1/backend-modules/M219/","C:\Users\DIYA GOEL\Downloads\EBDESIGN\backend\src\modules\M219\routes.js","legacyModuleM219Routes","1342","44"
"GET","/api/v1/backend-modules/M219","/:id","/api/v1/backend-modules/M219/:id","C:\Users\DIYA GOEL\Downloads\EBDESIGN\backend\src\modules\M219\routes.js","legacyModuleM219Routes","1342","51"
"PUT","/api/v1/backend-modules/M219","/:id","/api/v1/backend-modules/M219/:id","C:\Users\DIYA GOEL\Downloads\EBDESIGN\backend\src\modules\M219\routes.js","legacyModuleM219Routes","1342","58"
"DELETE","/api/v1/backend-modules/M219","/:id","/api/v1/backend-modules/M219/:id","C:\Users\DIYA GOEL\Downloads\EBDESIGN\backend\src\modules\M219\routes.js","legacyModuleM219Routes","1342","65"
"GET","/api/v1/backend-modules/M220","/","/api/v1/backend-modules/M220/","C:\Users\DIYA GOEL\Downloads\EBDESIGN\backend\src\modules\M220\routes.js","legacyModuleM220Routes","1343","20"
"POST","/api/v1/backend-modules/M220","/bulk","/api/v1/backend-modules/M220/bulk","C:\Users\DIYA GOEL\Downloads\EBDESIGN\backend\src\modules\M220\routes.js","legacyModuleM220Routes","1343","28"
"GET","/api/v1/backend-modules/M220","/search","/api/v1/backend-modules/M220/search","C:\Users\DIYA GOEL\Downloads\EBDESIGN\backend\src\modules\M220\routes.js","legacyModuleM220Routes","1343","36"
"POST","/api/v1/backend-modules/M220","/","/api/v1/backend-modules/M220/","C:\Users\DIYA GOEL\Downloads\EBDESIGN\backend\src\modules\M220\routes.js","legacyModuleM220Routes","1343","44"
"GET","/api/v1/backend-modules/M220","/:id","/api/v1/backend-modules/M220/:id","C:\Users\DIYA GOEL\Downloads\EBDESIGN\backend\src\modules\M220\routes.js","legacyModuleM220Routes","1343","51"
"PUT","/api/v1/backend-modules/M220","/:id","/api/v1/backend-modules/M220/:id","C:\Users\DIYA GOEL\Downloads\EBDESIGN\backend\src\modules\M220\routes.js","legacyModuleM220Routes","1343","58"
"DELETE","/api/v1/backend-modules/M220","/:id","/api/v1/backend-modules/M220/:id","C:\Users\DIYA GOEL\Downloads\EBDESIGN\backend\src\modules\M220\routes.js","legacyModuleM220Routes","1343","65"
"GET","/api/v1/backend-modules/M221","/","/api/v1/backend-modules/M221/","C:\Users\DIYA GOEL\Downloads\EBDESIGN\backend\src\modules\M221\routes.js","legacyModuleM221Routes","1344","20"
"POST","/api/v1/backend-modules/M221","/bulk","/api/v1/backend-modules/M221/bulk","C:\Users\DIYA GOEL\Downloads\EBDESIGN\backend\src\modules\M221\routes.js","legacyModuleM221Routes","1344","28"
"GET","/api/v1/backend-modules/M221","/search","/api/v1/backend-modules/M221/search","C:\Users\DIYA GOEL\Downloads\EBDESIGN\backend\src\modules\M221\routes.js","legacyModuleM221Routes","1344","36"
"POST","/api/v1/backend-modules/M221","/","/api/v1/backend-modules/M221/","C:\Users\DIYA GOEL\Downloads\EBDESIGN\backend\src\modules\M221\routes.js","legacyModuleM221Routes","1344","44"
"GET","/api/v1/backend-modules/M221","/:id","/api/v1/backend-modules/M221/:id","C:\Users\DIYA GOEL\Downloads\EBDESIGN\backend\src\modules\M221\routes.js","legacyModuleM221Routes","1344","51"
"PUT","/api/v1/backend-modules/M221","/:id","/api/v1/backend-modules/M221/:id","C:\Users\DIYA GOEL\Downloads\EBDESIGN\backend\src\modules\M221\routes.js","legacyModuleM221Routes","1344","58"
"DELETE","/api/v1/backend-modules/M221","/:id","/api/v1/backend-modules/M221/:id","C:\Users\DIYA GOEL\Downloads\EBDESIGN\backend\src\modules\M221\routes.js","legacyModuleM221Routes","1344","65"
"GET","/api/v1/backend-modules/M222","/","/api/v1/backend-modules/M222/","C:\Users\DIYA GOEL\Downloads\EBDESIGN\backend\src\modules\M222\routes.js","legacyModuleM222Routes","1345","20"
"POST","/api/v1/backend-modules/M222","/bulk","/api/v1/backend-modules/M222/bulk","C:\Users\DIYA GOEL\Downloads\EBDESIGN\backend\src\modules\M222\routes.js","legacyModuleM222Routes","1345","28"
"GET","/api/v1/backend-modules/M222","/search","/api/v1/backend-modules/M222/search","C:\Users\DIYA GOEL\Downloads\EBDESIGN\backend\src\modules\M222\routes.js","legacyModuleM222Routes","1345","36"
"POST","/api/v1/backend-modules/M222","/","/api/v1/backend-modules/M222/","C:\Users\DIYA GOEL\Downloads\EBDESIGN\backend\src\modules\M222\routes.js","legacyModuleM222Routes","1345","44"
"GET","/api/v1/backend-modules/M222","/:id","/api/v1/backend-modules/M222/:id","C:\Users\DIYA GOEL\Downloads\EBDESIGN\backend\src\modules\M222\routes.js","legacyModuleM222Routes","1345","51"
"PUT","/api/v1/backend-modules/M222","/:id","/api/v1/backend-modules/M222/:id","C:\Users\DIYA GOEL\Downloads\EBDESIGN\backend\src\modules\M222\routes.js","legacyModuleM222Routes","1345","58"
"DELETE","/api/v1/backend-modules/M222","/:id","/api/v1/backend-modules/M222/:id","C:\Users\DIYA GOEL\Downloads\EBDESIGN\backend\src\modules\M222\routes.js","legacyModuleM222Routes","1345","65"
"GET","/api/v1/backend-modules/M223","/","/api/v1/backend-modules/M223/","C:\Users\DIYA GOEL\Downloads\EBDESIGN\backend\src\modules\M223\routes.js","legacyModuleM223Routes","1346","20"
"POST","/api/v1/backend-modules/M223","/bulk","/api/v1/backend-modules/M223/bulk","C:\Users\DIYA GOEL\Downloads\EBDESIGN\backend\src\modules\M223\routes.js","legacyModuleM223Routes","1346","28"
"GET","/api/v1/backend-modules/M223","/search","/api/v1/backend-modules/M223/search","C:\Users\DIYA GOEL\Downloads\EBDESIGN\backend\src\modules\M223\routes.js","legacyModuleM223Routes","1346","36"
"POST","/api/v1/backend-modules/M223","/","/api/v1/backend-modules/M223/","C:\Users\DIYA GOEL\Downloads\EBDESIGN\backend\src\modules\M223\routes.js","legacyModuleM223Routes","1346","44"
"GET","/api/v1/backend-modules/M223","/:id","/api/v1/backend-modules/M223/:id","C:\Users\DIYA GOEL\Downloads\EBDESIGN\backend\src\modules\M223\routes.js","legacyModuleM223Routes","1346","51"
"PUT","/api/v1/backend-modules/M223","/:id","/api/v1/backend-modules/M223/:id","C:\Users\DIYA GOEL\Downloads\EBDESIGN\backend\src\modules\M223\routes.js","legacyModuleM223Routes","1346","58"
"DELETE","/api/v1/backend-modules/M223","/:id","/api/v1/backend-modules/M223/:id","C:\Users\DIYA GOEL\Downloads\EBDESIGN\backend\src\modules\M223\routes.js","legacyModuleM223Routes","1346","65"
"GET","/api/v1/backend-modules/M224","/","/api/v1/backend-modules/M224/","C:\Users\DIYA GOEL\Downloads\EBDESIGN\backend\src\modules\M224\routes.js","legacyModuleM224Routes","1347","20"
"POST","/api/v1/backend-modules/M224","/bulk","/api/v1/backend-modules/M224/bulk","C:\Users\DIYA GOEL\Downloads\EBDESIGN\backend\src\modules\M224\routes.js","legacyModuleM224Routes","1347","28"
"GET","/api/v1/backend-modules/M224","/search","/api/v1/backend-modules/M224/search","C:\Users\DIYA GOEL\Downloads\EBDESIGN\backend\src\modules\M224\routes.js","legacyModuleM224Routes","1347","36"
"POST","/api/v1/backend-modules/M224","/","/api/v1/backend-modules/M224/","C:\Users\DIYA GOEL\Downloads\EBDESIGN\backend\src\modules\M224\routes.js","legacyModuleM224Routes","1347","44"
"GET","/api/v1/backend-modules/M224","/:id","/api/v1/backend-modules/M224/:id","C:\Users\DIYA GOEL\Downloads\EBDESIGN\backend\src\modules\M224\routes.js","legacyModuleM224Routes","1347","51"
"PUT","/api/v1/backend-modules/M224","/:id","/api/v1/backend-modules/M224/:id","C:\Users\DIYA GOEL\Downloads\EBDESIGN\backend\src\modules\M224\routes.js","legacyModuleM224Routes","1347","58"
"DELETE","/api/v1/backend-modules/M224","/:id","/api/v1/backend-modules/M224/:id","C:\Users\DIYA GOEL\Downloads\EBDESIGN\backend\src\modules\M224\routes.js","legacyModuleM224Routes","1347","65"
"GET","/api/v1/backend-modules/M225","/","/api/v1/backend-modules/M225/","C:\Users\DIYA GOEL\Downloads\EBDESIGN\backend\src\modules\M225\routes.js","legacyModuleM225Routes","1348","20"
"POST","/api/v1/backend-modules/M225","/bulk","/api/v1/backend-modules/M225/bulk","C:\Users\DIYA GOEL\Downloads\EBDESIGN\backend\src\modules\M225\routes.js","legacyModuleM225Routes","1348","28"
"GET","/api/v1/backend-modules/M225","/search","/api/v1/backend-modules/M225/search","C:\Users\DIYA GOEL\Downloads\EBDESIGN\backend\src\modules\M225\routes.js","legacyModuleM225Routes","1348","36"
"POST","/api/v1/backend-modules/M225","/","/api/v1/backend-modules/M225/","C:\Users\DIYA GOEL\Downloads\EBDESIGN\backend\src\modules\M225\routes.js","legacyModuleM225Routes","1348","44"
"GET","/api/v1/backend-modules/M225","/:id","/api/v1/backend-modules/M225/:id","C:\Users\DIYA GOEL\Downloads\EBDESIGN\backend\src\modules\M225\routes.js","legacyModuleM225Routes","1348","51"
"PUT","/api/v1/backend-modules/M225","/:id","/api/v1/backend-modules/M225/:id","C:\Users\DIYA GOEL\Downloads\EBDESIGN\backend\src\modules\M225\routes.js","legacyModuleM225Routes","1348","58"
"DELETE","/api/v1/backend-modules/M225","/:id","/api/v1/backend-modules/M225/:id","C:\Users\DIYA GOEL\Downloads\EBDESIGN\backend\src\modules\M225\routes.js","legacyModuleM225Routes","1348","65"
"GET","/api/v1/backend-modules/M226","/","/api/v1/backend-modules/M226/","C:\Users\DIYA GOEL\Downloads\EBDESIGN\backend\src\modules\M226\routes.js","legacyModuleM226Routes","1349","20"
"POST","/api/v1/backend-modules/M226","/bulk","/api/v1/backend-modules/M226/bulk","C:\Users\DIYA GOEL\Downloads\EBDESIGN\backend\src\modules\M226\routes.js","legacyModuleM226Routes","1349","28"
"GET","/api/v1/backend-modules/M226","/search","/api/v1/backend-modules/M226/search","C:\Users\DIYA GOEL\Downloads\EBDESIGN\backend\src\modules\M226\routes.js","legacyModuleM226Routes","1349","36"
"POST","/api/v1/backend-modules/M226","/","/api/v1/backend-modules/M226/","C:\Users\DIYA GOEL\Downloads\EBDESIGN\backend\src\modules\M226\routes.js","legacyModuleM226Routes","1349","44"
"GET","/api/v1/backend-modules/M226","/:id","/api/v1/backend-modules/M226/:id","C:\Users\DIYA GOEL\Downloads\EBDESIGN\backend\src\modules\M226\routes.js","legacyModuleM226Routes","1349","51"
"PUT","/api/v1/backend-modules/M226","/:id","/api/v1/backend-modules/M226/:id","C:\Users\DIYA GOEL\Downloads\EBDESIGN\backend\src\modules\M226\routes.js","legacyModuleM226Routes","1349","58"
"DELETE","/api/v1/backend-modules/M226","/:id","/api/v1/backend-modules/M226/:id","C:\Users\DIYA GOEL\Downloads\EBDESIGN\backend\src\modules\M226\routes.js","legacyModuleM226Routes","1349","65"
"GET","/api/v1/backend-modules/M227","/","/api/v1/backend-modules/M227/","C:\Users\DIYA GOEL\Downloads\EBDESIGN\backend\src\modules\M227\routes.js","legacyModuleM227Routes","1350","20"
"POST","/api/v1/backend-modules/M227","/bulk","/api/v1/backend-modules/M227/bulk","C:\Users\DIYA GOEL\Downloads\EBDESIGN\backend\src\modules\M227\routes.js","legacyModuleM227Routes","1350","28"
"GET","/api/v1/backend-modules/M227","/search","/api/v1/backend-modules/M227/search","C:\Users\DIYA GOEL\Downloads\EBDESIGN\backend\src\modules\M227\routes.js","legacyModuleM227Routes","1350","36"
"POST","/api/v1/backend-modules/M227","/","/api/v1/backend-modules/M227/","C:\Users\DIYA GOEL\Downloads\EBDESIGN\backend\src\modules\M227\routes.js","legacyModuleM227Routes","1350","44"
"GET","/api/v1/backend-modules/M227","/:id","/api/v1/backend-modules/M227/:id","C:\Users\DIYA GOEL\Downloads\EBDESIGN\backend\src\modules\M227\routes.js","legacyModuleM227Routes","1350","51"
"PUT","/api/v1/backend-modules/M227","/:id","/api/v1/backend-modules/M227/:id","C:\Users\DIYA GOEL\Downloads\EBDESIGN\backend\src\modules\M227\routes.js","legacyModuleM227Routes","1350","58"
"DELETE","/api/v1/backend-modules/M227","/:id","/api/v1/backend-modules/M227/:id","C:\Users\DIYA GOEL\Downloads\EBDESIGN\backend\src\modules\M227\routes.js","legacyModuleM227Routes","1350","65"
"GET","/api/v1/backend-modules/M228","/","/api/v1/backend-modules/M228/","C:\Users\DIYA GOEL\Downloads\EBDESIGN\backend\src\modules\M228\routes.js","legacyModuleM228Routes","1351","20"
"POST","/api/v1/backend-modules/M228","/bulk","/api/v1/backend-modules/M228/bulk","C:\Users\DIYA GOEL\Downloads\EBDESIGN\backend\src\modules\M228\routes.js","legacyModuleM228Routes","1351","28"
"GET","/api/v1/backend-modules/M228","/search","/api/v1/backend-modules/M228/search","C:\Users\DIYA GOEL\Downloads\EBDESIGN\backend\src\modules\M228\routes.js","legacyModuleM228Routes","1351","36"
"POST","/api/v1/backend-modules/M228","/","/api/v1/backend-modules/M228/","C:\Users\DIYA GOEL\Downloads\EBDESIGN\backend\src\modules\M228\routes.js","legacyModuleM228Routes","1351","44"
"GET","/api/v1/backend-modules/M228","/:id","/api/v1/backend-modules/M228/:id","C:\Users\DIYA GOEL\Downloads\EBDESIGN\backend\src\modules\M228\routes.js","legacyModuleM228Routes","1351","51"
"PUT","/api/v1/backend-modules/M228","/:id","/api/v1/backend-modules/M228/:id","C:\Users\DIYA GOEL\Downloads\EBDESIGN\backend\src\modules\M228\routes.js","legacyModuleM228Routes","1351","58"
"DELETE","/api/v1/backend-modules/M228","/:id","/api/v1/backend-modules/M228/:id","C:\Users\DIYA GOEL\Downloads\EBDESIGN\backend\src\modules\M228\routes.js","legacyModuleM228Routes","1351","65"
"GET","/api/v1/backend-modules/M229","/","/api/v1/backend-modules/M229/","C:\Users\DIYA GOEL\Downloads\EBDESIGN\backend\src\modules\M229\routes.js","legacyModuleM229Routes","1352","20"
"POST","/api/v1/backend-modules/M229","/bulk","/api/v1/backend-modules/M229/bulk","C:\Users\DIYA GOEL\Downloads\EBDESIGN\backend\src\modules\M229\routes.js","legacyModuleM229Routes","1352","28"
"GET","/api/v1/backend-modules/M229","/search","/api/v1/backend-modules/M229/search","C:\Users\DIYA GOEL\Downloads\EBDESIGN\backend\src\modules\M229\routes.js","legacyModuleM229Routes","1352","36"
"POST","/api/v1/backend-modules/M229","/","/api/v1/backend-modules/M229/","C:\Users\DIYA GOEL\Downloads\EBDESIGN\backend\src\modules\M229\routes.js","legacyModuleM229Routes","1352","44"
"GET","/api/v1/backend-modules/M229","/:id","/api/v1/backend-modules/M229/:id","C:\Users\DIYA GOEL\Downloads\EBDESIGN\backend\src\modules\M229\routes.js","legacyModuleM229Routes","1352","51"
"PUT","/api/v1/backend-modules/M229","/:id","/api/v1/backend-modules/M229/:id","C:\Users\DIYA GOEL\Downloads\EBDESIGN\backend\src\modules\M229\routes.js","legacyModuleM229Routes","1352","58"
"DELETE","/api/v1/backend-modules/M229","/:id","/api/v1/backend-modules/M229/:id","C:\Users\DIYA GOEL\Downloads\EBDESIGN\backend\src\modules\M229\routes.js","legacyModuleM229Routes","1352","65"
"GET","/api/v1/backend-modules/M230","/","/api/v1/backend-modules/M230/","C:\Users\DIYA GOEL\Downloads\EBDESIGN\backend\src\modules\M230\routes.js","legacyModuleM230Routes","1353","20"
"POST","/api/v1/backend-modules/M230","/bulk","/api/v1/backend-modules/M230/bulk","C:\Users\DIYA GOEL\Downloads\EBDESIGN\backend\src\modules\M230\routes.js","legacyModuleM230Routes","1353","28"
"GET","/api/v1/backend-modules/M230","/search","/api/v1/backend-modules/M230/search","C:\Users\DIYA GOEL\Downloads\EBDESIGN\backend\src\modules\M230\routes.js","legacyModuleM230Routes","1353","36"
"POST","/api/v1/backend-modules/M230","/","/api/v1/backend-modules/M230/","C:\Users\DIYA GOEL\Downloads\EBDESIGN\backend\src\modules\M230\routes.js","legacyModuleM230Routes","1353","44"
"GET","/api/v1/backend-modules/M230","/:id","/api/v1/backend-modules/M230/:id","C:\Users\DIYA GOEL\Downloads\EBDESIGN\backend\src\modules\M230\routes.js","legacyModuleM230Routes","1353","51"
"PUT","/api/v1/backend-modules/M230","/:id","/api/v1/backend-modules/M230/:id","C:\Users\DIYA GOEL\Downloads\EBDESIGN\backend\src\modules\M230\routes.js","legacyModuleM230Routes","1353","58"
"DELETE","/api/v1/backend-modules/M230","/:id","/api/v1/backend-modules/M230/:id","C:\Users\DIYA GOEL\Downloads\EBDESIGN\backend\src\modules\M230\routes.js","legacyModuleM230Routes","1353","65"
"GET","/api/v1/backend-modules/M231","/","/api/v1/backend-modules/M231/","C:\Users\DIYA GOEL\Downloads\EBDESIGN\backend\src\modules\M231\routes.js","legacyModuleM231Routes","1354","20"
"POST","/api/v1/backend-modules/M231","/bulk","/api/v1/backend-modules/M231/bulk","C:\Users\DIYA GOEL\Downloads\EBDESIGN\backend\src\modules\M231\routes.js","legacyModuleM231Routes","1354","28"
"GET","/api/v1/backend-modules/M231","/search","/api/v1/backend-modules/M231/search","C:\Users\DIYA GOEL\Downloads\EBDESIGN\backend\src\modules\M231\routes.js","legacyModuleM231Routes","1354","36"
"POST","/api/v1/backend-modules/M231","/","/api/v1/backend-modules/M231/","C:\Users\DIYA GOEL\Downloads\EBDESIGN\backend\src\modules\M231\routes.js","legacyModuleM231Routes","1354","44"
"GET","/api/v1/backend-modules/M231","/:id","/api/v1/backend-modules/M231/:id","C:\Users\DIYA GOEL\Downloads\EBDESIGN\backend\src\modules\M231\routes.js","legacyModuleM231Routes","1354","51"
"PUT","/api/v1/backend-modules/M231","/:id","/api/v1/backend-modules/M231/:id","C:\Users\DIYA GOEL\Downloads\EBDESIGN\backend\src\modules\M231\routes.js","legacyModuleM231Routes","1354","58"
"DELETE","/api/v1/backend-modules/M231","/:id","/api/v1/backend-modules/M231/:id","C:\Users\DIYA GOEL\Downloads\EBDESIGN\backend\src\modules\M231\routes.js","legacyModuleM231Routes","1354","65"
"GET","/api/v1/backend-modules/M232","/","/api/v1/backend-modules/M232/","C:\Users\DIYA GOEL\Downloads\EBDESIGN\backend\src\modules\M232\routes.js","legacyModuleM232Routes","1355","20"
"POST","/api/v1/backend-modules/M232","/bulk","/api/v1/backend-modules/M232/bulk","C:\Users\DIYA GOEL\Downloads\EBDESIGN\backend\src\modules\M232\routes.js","legacyModuleM232Routes","1355","28"
"GET","/api/v1/backend-modules/M232","/search","/api/v1/backend-modules/M232/search","C:\Users\DIYA GOEL\Downloads\EBDESIGN\backend\src\modules\M232\routes.js","legacyModuleM232Routes","1355","36"
"POST","/api/v1/backend-modules/M232","/","/api/v1/backend-modules/M232/","C:\Users\DIYA GOEL\Downloads\EBDESIGN\backend\src\modules\M232\routes.js","legacyModuleM232Routes","1355","44"
"GET","/api/v1/backend-modules/M232","/:id","/api/v1/backend-modules/M232/:id","C:\Users\DIYA GOEL\Downloads\EBDESIGN\backend\src\modules\M232\routes.js","legacyModuleM232Routes","1355","51"
"PUT","/api/v1/backend-modules/M232","/:id","/api/v1/backend-modules/M232/:id","C:\Users\DIYA GOEL\Downloads\EBDESIGN\backend\src\modules\M232\routes.js","legacyModuleM232Routes","1355","58"
"DELETE","/api/v1/backend-modules/M232","/:id","/api/v1/backend-modules/M232/:id","C:\Users\DIYA GOEL\Downloads\EBDESIGN\backend\src\modules\M232\routes.js","legacyModuleM232Routes","1355","65"
"GET","/api/v1/backend-modules/M233","/","/api/v1/backend-modules/M233/","C:\Users\DIYA GOEL\Downloads\EBDESIGN\backend\src\modules\M233\routes.js","legacyModuleM233Routes","1356","20"
"POST","/api/v1/backend-modules/M233","/bulk","/api/v1/backend-modules/M233/bulk","C:\Users\DIYA GOEL\Downloads\EBDESIGN\backend\src\modules\M233\routes.js","legacyModuleM233Routes","1356","28"
"GET","/api/v1/backend-modules/M233","/search","/api/v1/backend-modules/M233/search","C:\Users\DIYA GOEL\Downloads\EBDESIGN\backend\src\modules\M233\routes.js","legacyModuleM233Routes","1356","36"
"POST","/api/v1/backend-modules/M233","/","/api/v1/backend-modules/M233/","C:\Users\DIYA GOEL\Downloads\EBDESIGN\backend\src\modules\M233\routes.js","legacyModuleM233Routes","1356","44"
"GET","/api/v1/backend-modules/M233","/:id","/api/v1/backend-modules/M233/:id","C:\Users\DIYA GOEL\Downloads\EBDESIGN\backend\src\modules\M233\routes.js","legacyModuleM233Routes","1356","51"
"PUT","/api/v1/backend-modules/M233","/:id","/api/v1/backend-modules/M233/:id","C:\Users\DIYA GOEL\Downloads\EBDESIGN\backend\src\modules\M233\routes.js","legacyModuleM233Routes","1356","58"
"DELETE","/api/v1/backend-modules/M233","/:id","/api/v1/backend-modules/M233/:id","C:\Users\DIYA GOEL\Downloads\EBDESIGN\backend\src\modules\M233\routes.js","legacyModuleM233Routes","1356","65"
"GET","/api/v1/backend-modules/M234","/","/api/v1/backend-modules/M234/","C:\Users\DIYA GOEL\Downloads\EBDESIGN\backend\src\modules\M234\routes.js","legacyModuleM234Routes","1357","20"
"POST","/api/v1/backend-modules/M234","/bulk","/api/v1/backend-modules/M234/bulk","C:\Users\DIYA GOEL\Downloads\EBDESIGN\backend\src\modules\M234\routes.js","legacyModuleM234Routes","1357","28"
"GET","/api/v1/backend-modules/M234","/search","/api/v1/backend-modules/M234/search","C:\Users\DIYA GOEL\Downloads\EBDESIGN\backend\src\modules\M234\routes.js","legacyModuleM234Routes","1357","36"
"POST","/api/v1/backend-modules/M234","/","/api/v1/backend-modules/M234/","C:\Users\DIYA GOEL\Downloads\EBDESIGN\backend\src\modules\M234\routes.js","legacyModuleM234Routes","1357","44"
"GET","/api/v1/backend-modules/M234","/:id","/api/v1/backend-modules/M234/:id","C:\Users\DIYA GOEL\Downloads\EBDESIGN\backend\src\modules\M234\routes.js","legacyModuleM234Routes","1357","51"
"PUT","/api/v1/backend-modules/M234","/:id","/api/v1/backend-modules/M234/:id","C:\Users\DIYA GOEL\Downloads\EBDESIGN\backend\src\modules\M234\routes.js","legacyModuleM234Routes","1357","58"
"DELETE","/api/v1/backend-modules/M234","/:id","/api/v1/backend-modules/M234/:id","C:\Users\DIYA GOEL\Downloads\EBDESIGN\backend\src\modules\M234\routes.js","legacyModuleM234Routes","1357","65"
"GET","/api/v1/backend-modules/M235","/","/api/v1/backend-modules/M235/","C:\Users\DIYA GOEL\Downloads\EBDESIGN\backend\src\modules\M235\routes.js","legacyModuleM235Routes","1358","20"
"POST","/api/v1/backend-modules/M235","/bulk","/api/v1/backend-modules/M235/bulk","C:\Users\DIYA GOEL\Downloads\EBDESIGN\backend\src\modules\M235\routes.js","legacyModuleM235Routes","1358","28"
"GET","/api/v1/backend-modules/M235","/search","/api/v1/backend-modules/M235/search","C:\Users\DIYA GOEL\Downloads\EBDESIGN\backend\src\modules\M235\routes.js","legacyModuleM235Routes","1358","36"
"POST","/api/v1/backend-modules/M235","/","/api/v1/backend-modules/M235/","C:\Users\DIYA GOEL\Downloads\EBDESIGN\backend\src\modules\M235\routes.js","legacyModuleM235Routes","1358","44"
"GET","/api/v1/backend-modules/M235","/:id","/api/v1/backend-modules/M235/:id","C:\Users\DIYA GOEL\Downloads\EBDESIGN\backend\src\modules\M235\routes.js","legacyModuleM235Routes","1358","51"
"PUT","/api/v1/backend-modules/M235","/:id","/api/v1/backend-modules/M235/:id","C:\Users\DIYA GOEL\Downloads\EBDESIGN\backend\src\modules\M235\routes.js","legacyModuleM235Routes","1358","58"
"DELETE","/api/v1/backend-modules/M235","/:id","/api/v1/backend-modules/M235/:id","C:\Users\DIYA GOEL\Downloads\EBDESIGN\backend\src\modules\M235\routes.js","legacyModuleM235Routes","1358","65"
"GET","/api/v1/backend-modules/M236","/","/api/v1/backend-modules/M236/","C:\Users\DIYA GOEL\Downloads\EBDESIGN\backend\src\modules\M236\routes.js","legacyModuleM236Routes","1359","20"
"POST","/api/v1/backend-modules/M236","/bulk","/api/v1/backend-modules/M236/bulk","C:\Users\DIYA GOEL\Downloads\EBDESIGN\backend\src\modules\M236\routes.js","legacyModuleM236Routes","1359","28"
"GET","/api/v1/backend-modules/M236","/search","/api/v1/backend-modules/M236/search","C:\Users\DIYA GOEL\Downloads\EBDESIGN\backend\src\modules\M236\routes.js","legacyModuleM236Routes","1359","36"
"POST","/api/v1/backend-modules/M236","/","/api/v1/backend-modules/M236/","C:\Users\DIYA GOEL\Downloads\EBDESIGN\backend\src\modules\M236\routes.js","legacyModuleM236Routes","1359","44"
"GET","/api/v1/backend-modules/M236","/:id","/api/v1/backend-modules/M236/:id","C:\Users\DIYA GOEL\Downloads\EBDESIGN\backend\src\modules\M236\routes.js","legacyModuleM236Routes","1359","51"
"PUT","/api/v1/backend-modules/M236","/:id","/api/v1/backend-modules/M236/:id","C:\Users\DIYA GOEL\Downloads\EBDESIGN\backend\src\modules\M236\routes.js","legacyModuleM236Routes","1359","58"
"DELETE","/api/v1/backend-modules/M236","/:id","/api/v1/backend-modules/M236/:id","C:\Users\DIYA GOEL\Downloads\EBDESIGN\backend\src\modules\M236\routes.js","legacyModuleM236Routes","1359","65"
"GET","/api/v1/backend-modules/M237","/","/api/v1/backend-modules/M237/","C:\Users\DIYA GOEL\Downloads\EBDESIGN\backend\src\modules\M237\routes.js","legacyModuleM237Routes","1360","20"
"POST","/api/v1/backend-modules/M237","/bulk","/api/v1/backend-modules/M237/bulk","C:\Users\DIYA GOEL\Downloads\EBDESIGN\backend\src\modules\M237\routes.js","legacyModuleM237Routes","1360","28"
"GET","/api/v1/backend-modules/M237","/search","/api/v1/backend-modules/M237/search","C:\Users\DIYA GOEL\Downloads\EBDESIGN\backend\src\modules\M237\routes.js","legacyModuleM237Routes","1360","36"
"POST","/api/v1/backend-modules/M237","/","/api/v1/backend-modules/M237/","C:\Users\DIYA GOEL\Downloads\EBDESIGN\backend\src\modules\M237\routes.js","legacyModuleM237Routes","1360","44"
"GET","/api/v1/backend-modules/M237","/:id","/api/v1/backend-modules/M237/:id","C:\Users\DIYA GOEL\Downloads\EBDESIGN\backend\src\modules\M237\routes.js","legacyModuleM237Routes","1360","51"
"PUT","/api/v1/backend-modules/M237","/:id","/api/v1/backend-modules/M237/:id","C:\Users\DIYA GOEL\Downloads\EBDESIGN\backend\src\modules\M237\routes.js","legacyModuleM237Routes","1360","58"
"DELETE","/api/v1/backend-modules/M237","/:id","/api/v1/backend-modules/M237/:id","C:\Users\DIYA GOEL\Downloads\EBDESIGN\backend\src\modules\M237\routes.js","legacyModuleM237Routes","1360","65"
"GET","/api/v1/backend-modules/M238","/","/api/v1/backend-modules/M238/","C:\Users\DIYA GOEL\Downloads\EBDESIGN\backend\src\modules\M238\routes.js","legacyModuleM238Routes","1361","20"
"POST","/api/v1/backend-modules/M238","/bulk","/api/v1/backend-modules/M238/bulk","C:\Users\DIYA GOEL\Downloads\EBDESIGN\backend\src\modules\M238\routes.js","legacyModuleM238Routes","1361","28"
"GET","/api/v1/backend-modules/M238","/search","/api/v1/backend-modules/M238/search","C:\Users\DIYA GOEL\Downloads\EBDESIGN\backend\src\modules\M238\routes.js","legacyModuleM238Routes","1361","36"
"POST","/api/v1/backend-modules/M238","/","/api/v1/backend-modules/M238/","C:\Users\DIYA GOEL\Downloads\EBDESIGN\backend\src\modules\M238\routes.js","legacyModuleM238Routes","1361","44"
"GET","/api/v1/backend-modules/M238","/:id","/api/v1/backend-modules/M238/:id","C:\Users\DIYA GOEL\Downloads\EBDESIGN\backend\src\modules\M238\routes.js","legacyModuleM238Routes","1361","51"
"PUT","/api/v1/backend-modules/M238","/:id","/api/v1/backend-modules/M238/:id","C:\Users\DIYA GOEL\Downloads\EBDESIGN\backend\src\modules\M238\routes.js","legacyModuleM238Routes","1361","58"
"DELETE","/api/v1/backend-modules/M238","/:id","/api/v1/backend-modules/M238/:id","C:\Users\DIYA GOEL\Downloads\EBDESIGN\backend\src\modules\M238\routes.js","legacyModuleM238Routes","1361","65"
"GET","/api/v1/backend-modules/M239","/","/api/v1/backend-modules/M239/","C:\Users\DIYA GOEL\Downloads\EBDESIGN\backend\src\modules\M239\routes.js","legacyModuleM239Routes","1362","20"
"POST","/api/v1/backend-modules/M239","/bulk","/api/v1/backend-modules/M239/bulk","C:\Users\DIYA GOEL\Downloads\EBDESIGN\backend\src\modules\M239\routes.js","legacyModuleM239Routes","1362","28"
"GET","/api/v1/backend-modules/M239","/search","/api/v1/backend-modules/M239/search","C:\Users\DIYA GOEL\Downloads\EBDESIGN\backend\src\modules\M239\routes.js","legacyModuleM239Routes","1362","36"
"POST","/api/v1/backend-modules/M239","/","/api/v1/backend-modules/M239/","C:\Users\DIYA GOEL\Downloads\EBDESIGN\backend\src\modules\M239\routes.js","legacyModuleM239Routes","1362","44"
"GET","/api/v1/backend-modules/M239","/:id","/api/v1/backend-modules/M239/:id","C:\Users\DIYA GOEL\Downloads\EBDESIGN\backend\src\modules\M239\routes.js","legacyModuleM239Routes","1362","51"
"PUT","/api/v1/backend-modules/M239","/:id","/api/v1/backend-modules/M239/:id","C:\Users\DIYA GOEL\Downloads\EBDESIGN\backend\src\modules\M239\routes.js","legacyModuleM239Routes","1362","58"
"DELETE","/api/v1/backend-modules/M239","/:id","/api/v1/backend-modules/M239/:id","C:\Users\DIYA GOEL\Downloads\EBDESIGN\backend\src\modules\M239\routes.js","legacyModuleM239Routes","1362","65"
"GET","/api/v1/backend-modules/M240","/","/api/v1/backend-modules/M240/","C:\Users\DIYA GOEL\Downloads\EBDESIGN\backend\src\modules\M240\routes.js","legacyModuleM240Routes","1363","20"
"POST","/api/v1/backend-modules/M240","/bulk","/api/v1/backend-modules/M240/bulk","C:\Users\DIYA GOEL\Downloads\EBDESIGN\backend\src\modules\M240\routes.js","legacyModuleM240Routes","1363","28"
"GET","/api/v1/backend-modules/M240","/search","/api/v1/backend-modules/M240/search","C:\Users\DIYA GOEL\Downloads\EBDESIGN\backend\src\modules\M240\routes.js","legacyModuleM240Routes","1363","36"
"POST","/api/v1/backend-modules/M240","/","/api/v1/backend-modules/M240/","C:\Users\DIYA GOEL\Downloads\EBDESIGN\backend\src\modules\M240\routes.js","legacyModuleM240Routes","1363","44"
"GET","/api/v1/backend-modules/M240","/:id","/api/v1/backend-modules/M240/:id","C:\Users\DIYA GOEL\Downloads\EBDESIGN\backend\src\modules\M240\routes.js","legacyModuleM240Routes","1363","51"
"PUT","/api/v1/backend-modules/M240","/:id","/api/v1/backend-modules/M240/:id","C:\Users\DIYA GOEL\Downloads\EBDESIGN\backend\src\modules\M240\routes.js","legacyModuleM240Routes","1363","58"
"DELETE","/api/v1/backend-modules/M240","/:id","/api/v1/backend-modules/M240/:id","C:\Users\DIYA GOEL\Downloads\EBDESIGN\backend\src\modules\M240\routes.js","legacyModuleM240Routes","1363","65"
"GET","/api/v1/backend-modules/M241","/","/api/v1/backend-modules/M241/","C:\Users\DIYA GOEL\Downloads\EBDESIGN\backend\src\modules\M241\routes.js","legacyModuleM241Routes","1364","20"
"POST","/api/v1/backend-modules/M241","/bulk","/api/v1/backend-modules/M241/bulk","C:\Users\DIYA GOEL\Downloads\EBDESIGN\backend\src\modules\M241\routes.js","legacyModuleM241Routes","1364","28"
"GET","/api/v1/backend-modules/M241","/search","/api/v1/backend-modules/M241/search","C:\Users\DIYA GOEL\Downloads\EBDESIGN\backend\src\modules\M241\routes.js","legacyModuleM241Routes","1364","36"
"POST","/api/v1/backend-modules/M241","/","/api/v1/backend-modules/M241/","C:\Users\DIYA GOEL\Downloads\EBDESIGN\backend\src\modules\M241\routes.js","legacyModuleM241Routes","1364","44"
"GET","/api/v1/backend-modules/M241","/:id","/api/v1/backend-modules/M241/:id","C:\Users\DIYA GOEL\Downloads\EBDESIGN\backend\src\modules\M241\routes.js","legacyModuleM241Routes","1364","51"
"PUT","/api/v1/backend-modules/M241","/:id","/api/v1/backend-modules/M241/:id","C:\Users\DIYA GOEL\Downloads\EBDESIGN\backend\src\modules\M241\routes.js","legacyModuleM241Routes","1364","58"
"DELETE","/api/v1/backend-modules/M241","/:id","/api/v1/backend-modules/M241/:id","C:\Users\DIYA GOEL\Downloads\EBDESIGN\backend\src\modules\M241\routes.js","legacyModuleM241Routes","1364","65"
"GET","/api/v1/backend-modules/M242","/","/api/v1/backend-modules/M242/","C:\Users\DIYA GOEL\Downloads\EBDESIGN\backend\src\modules\M242\routes.js","legacyModuleM242Routes","1365","20"
"POST","/api/v1/backend-modules/M242","/bulk","/api/v1/backend-modules/M242/bulk","C:\Users\DIYA GOEL\Downloads\EBDESIGN\backend\src\modules\M242\routes.js","legacyModuleM242Routes","1365","28"
"GET","/api/v1/backend-modules/M242","/search","/api/v1/backend-modules/M242/search","C:\Users\DIYA GOEL\Downloads\EBDESIGN\backend\src\modules\M242\routes.js","legacyModuleM242Routes","1365","36"
"POST","/api/v1/backend-modules/M242","/","/api/v1/backend-modules/M242/","C:\Users\DIYA GOEL\Downloads\EBDESIGN\backend\src\modules\M242\routes.js","legacyModuleM242Routes","1365","44"
"GET","/api/v1/backend-modules/M242","/:id","/api/v1/backend-modules/M242/:id","C:\Users\DIYA GOEL\Downloads\EBDESIGN\backend\src\modules\M242\routes.js","legacyModuleM242Routes","1365","51"
"PUT","/api/v1/backend-modules/M242","/:id","/api/v1/backend-modules/M242/:id","C:\Users\DIYA GOEL\Downloads\EBDESIGN\backend\src\modules\M242\routes.js","legacyModuleM242Routes","1365","58"
"DELETE","/api/v1/backend-modules/M242","/:id","/api/v1/backend-modules/M242/:id","C:\Users\DIYA GOEL\Downloads\EBDESIGN\backend\src\modules\M242\routes.js","legacyModuleM242Routes","1365","65"
"GET","/api/v1/backend-modules/M243","/","/api/v1/backend-modules/M243/","C:\Users\DIYA GOEL\Downloads\EBDESIGN\backend\src\modules\M243\routes.js","legacyModuleM243Routes","1366","20"
"POST","/api/v1/backend-modules/M243","/bulk","/api/v1/backend-modules/M243/bulk","C:\Users\DIYA GOEL\Downloads\EBDESIGN\backend\src\modules\M243\routes.js","legacyModuleM243Routes","1366","28"
"GET","/api/v1/backend-modules/M243","/search","/api/v1/backend-modules/M243/search","C:\Users\DIYA GOEL\Downloads\EBDESIGN\backend\src\modules\M243\routes.js","legacyModuleM243Routes","1366","36"
"POST","/api/v1/backend-modules/M243","/","/api/v1/backend-modules/M243/","C:\Users\DIYA GOEL\Downloads\EBDESIGN\backend\src\modules\M243\routes.js","legacyModuleM243Routes","1366","44"
"GET","/api/v1/backend-modules/M243","/:id","/api/v1/backend-modules/M243/:id","C:\Users\DIYA GOEL\Downloads\EBDESIGN\backend\src\modules\M243\routes.js","legacyModuleM243Routes","1366","51"
"PUT","/api/v1/backend-modules/M243","/:id","/api/v1/backend-modules/M243/:id","C:\Users\DIYA GOEL\Downloads\EBDESIGN\backend\src\modules\M243\routes.js","legacyModuleM243Routes","1366","58"
"DELETE","/api/v1/backend-modules/M243","/:id","/api/v1/backend-modules/M243/:id","C:\Users\DIYA GOEL\Downloads\EBDESIGN\backend\src\modules\M243\routes.js","legacyModuleM243Routes","1366","65"
"GET","/api/v1/backend-modules/M244","/","/api/v1/backend-modules/M244/","C:\Users\DIYA GOEL\Downloads\EBDESIGN\backend\src\modules\M244\routes.js","legacyModuleM244Routes","1367","20"
"POST","/api/v1/backend-modules/M244","/bulk","/api/v1/backend-modules/M244/bulk","C:\Users\DIYA GOEL\Downloads\EBDESIGN\backend\src\modules\M244\routes.js","legacyModuleM244Routes","1367","28"
"GET","/api/v1/backend-modules/M244","/search","/api/v1/backend-modules/M244/search","C:\Users\DIYA GOEL\Downloads\EBDESIGN\backend\src\modules\M244\routes.js","legacyModuleM244Routes","1367","36"
"POST","/api/v1/backend-modules/M244","/","/api/v1/backend-modules/M244/","C:\Users\DIYA GOEL\Downloads\EBDESIGN\backend\src\modules\M244\routes.js","legacyModuleM244Routes","1367","44"
"GET","/api/v1/backend-modules/M244","/:id","/api/v1/backend-modules/M244/:id","C:\Users\DIYA GOEL\Downloads\EBDESIGN\backend\src\modules\M244\routes.js","legacyModuleM244Routes","1367","51"
"PUT","/api/v1/backend-modules/M244","/:id","/api/v1/backend-modules/M244/:id","C:\Users\DIYA GOEL\Downloads\EBDESIGN\backend\src\modules\M244\routes.js","legacyModuleM244Routes","1367","58"
"DELETE","/api/v1/backend-modules/M244","/:id","/api/v1/backend-modules/M244/:id","C:\Users\DIYA GOEL\Downloads\EBDESIGN\backend\src\modules\M244\routes.js","legacyModuleM244Routes","1367","65"
"GET","/api/v1/backend-modules/M245","/","/api/v1/backend-modules/M245/","C:\Users\DIYA GOEL\Downloads\EBDESIGN\backend\src\modules\M245\routes.js","legacyModuleM245Routes","1368","20"
"POST","/api/v1/backend-modules/M245","/bulk","/api/v1/backend-modules/M245/bulk","C:\Users\DIYA GOEL\Downloads\EBDESIGN\backend\src\modules\M245\routes.js","legacyModuleM245Routes","1368","28"
"GET","/api/v1/backend-modules/M245","/search","/api/v1/backend-modules/M245/search","C:\Users\DIYA GOEL\Downloads\EBDESIGN\backend\src\modules\M245\routes.js","legacyModuleM245Routes","1368","36"
"POST","/api/v1/backend-modules/M245","/","/api/v1/backend-modules/M245/","C:\Users\DIYA GOEL\Downloads\EBDESIGN\backend\src\modules\M245\routes.js","legacyModuleM245Routes","1368","44"
"GET","/api/v1/backend-modules/M245","/:id","/api/v1/backend-modules/M245/:id","C:\Users\DIYA GOEL\Downloads\EBDESIGN\backend\src\modules\M245\routes.js","legacyModuleM245Routes","1368","51"
"PUT","/api/v1/backend-modules/M245","/:id","/api/v1/backend-modules/M245/:id","C:\Users\DIYA GOEL\Downloads\EBDESIGN\backend\src\modules\M245\routes.js","legacyModuleM245Routes","1368","58"
"DELETE","/api/v1/backend-modules/M245","/:id","/api/v1/backend-modules/M245/:id","C:\Users\DIYA GOEL\Downloads\EBDESIGN\backend\src\modules\M245\routes.js","legacyModuleM245Routes","1368","65"
"GET","/api/v1/backend-modules/M246","/","/api/v1/backend-modules/M246/","C:\Users\DIYA GOEL\Downloads\EBDESIGN\backend\src\modules\M246\routes.js","legacyModuleM246Routes","1369","20"
"POST","/api/v1/backend-modules/M246","/bulk","/api/v1/backend-modules/M246/bulk","C:\Users\DIYA GOEL\Downloads\EBDESIGN\backend\src\modules\M246\routes.js","legacyModuleM246Routes","1369","28"
"GET","/api/v1/backend-modules/M246","/search","/api/v1/backend-modules/M246/search","C:\Users\DIYA GOEL\Downloads\EBDESIGN\backend\src\modules\M246\routes.js","legacyModuleM246Routes","1369","36"
"POST","/api/v1/backend-modules/M246","/","/api/v1/backend-modules/M246/","C:\Users\DIYA GOEL\Downloads\EBDESIGN\backend\src\modules\M246\routes.js","legacyModuleM246Routes","1369","44"
"GET","/api/v1/backend-modules/M246","/:id","/api/v1/backend-modules/M246/:id","C:\Users\DIYA GOEL\Downloads\EBDESIGN\backend\src\modules\M246\routes.js","legacyModuleM246Routes","1369","51"
"PUT","/api/v1/backend-modules/M246","/:id","/api/v1/backend-modules/M246/:id","C:\Users\DIYA GOEL\Downloads\EBDESIGN\backend\src\modules\M246\routes.js","legacyModuleM246Routes","1369","58"
"DELETE","/api/v1/backend-modules/M246","/:id","/api/v1/backend-modules/M246/:id","C:\Users\DIYA GOEL\Downloads\EBDESIGN\backend\src\modules\M246\routes.js","legacyModuleM246Routes","1369","65"
"GET","/api/v1/backend-modules/M247","/","/api/v1/backend-modules/M247/","C:\Users\DIYA GOEL\Downloads\EBDESIGN\backend\src\modules\M247\routes.js","legacyModuleM247Routes","1370","20"
"POST","/api/v1/backend-modules/M247","/bulk","/api/v1/backend-modules/M247/bulk","C:\Users\DIYA GOEL\Downloads\EBDESIGN\backend\src\modules\M247\routes.js","legacyModuleM247Routes","1370","28"
"GET","/api/v1/backend-modules/M247","/search","/api/v1/backend-modules/M247/search","C:\Users\DIYA GOEL\Downloads\EBDESIGN\backend\src\modules\M247\routes.js","legacyModuleM247Routes","1370","36"
"POST","/api/v1/backend-modules/M247","/","/api/v1/backend-modules/M247/","C:\Users\DIYA GOEL\Downloads\EBDESIGN\backend\src\modules\M247\routes.js","legacyModuleM247Routes","1370","44"
"GET","/api/v1/backend-modules/M247","/:id","/api/v1/backend-modules/M247/:id","C:\Users\DIYA GOEL\Downloads\EBDESIGN\backend\src\modules\M247\routes.js","legacyModuleM247Routes","1370","51"
"PUT","/api/v1/backend-modules/M247","/:id","/api/v1/backend-modules/M247/:id","C:\Users\DIYA GOEL\Downloads\EBDESIGN\backend\src\modules\M247\routes.js","legacyModuleM247Routes","1370","58"
"DELETE","/api/v1/backend-modules/M247","/:id","/api/v1/backend-modules/M247/:id","C:\Users\DIYA GOEL\Downloads\EBDESIGN\backend\src\modules\M247\routes.js","legacyModuleM247Routes","1370","65"
"GET","/api/v1/backend-modules/M248","/","/api/v1/backend-modules/M248/","C:\Users\DIYA GOEL\Downloads\EBDESIGN\backend\src\modules\M248\routes.js","legacyModuleM248Routes","1371","20"
"POST","/api/v1/backend-modules/M248","/bulk","/api/v1/backend-modules/M248/bulk","C:\Users\DIYA GOEL\Downloads\EBDESIGN\backend\src\modules\M248\routes.js","legacyModuleM248Routes","1371","28"
"GET","/api/v1/backend-modules/M248","/search","/api/v1/backend-modules/M248/search","C:\Users\DIYA GOEL\Downloads\EBDESIGN\backend\src\modules\M248\routes.js","legacyModuleM248Routes","1371","36"
"POST","/api/v1/backend-modules/M248","/","/api/v1/backend-modules/M248/","C:\Users\DIYA GOEL\Downloads\EBDESIGN\backend\src\modules\M248\routes.js","legacyModuleM248Routes","1371","44"
"GET","/api/v1/backend-modules/M248","/:id","/api/v1/backend-modules/M248/:id","C:\Users\DIYA GOEL\Downloads\EBDESIGN\backend\src\modules\M248\routes.js","legacyModuleM248Routes","1371","51"
"PUT","/api/v1/backend-modules/M248","/:id","/api/v1/backend-modules/M248/:id","C:\Users\DIYA GOEL\Downloads\EBDESIGN\backend\src\modules\M248\routes.js","legacyModuleM248Routes","1371","58"
"DELETE","/api/v1/backend-modules/M248","/:id","/api/v1/backend-modules/M248/:id","C:\Users\DIYA GOEL\Downloads\EBDESIGN\backend\src\modules\M248\routes.js","legacyModuleM248Routes","1371","65"
"GET","/api/v1/backend-modules/M249","/","/api/v1/backend-modules/M249/","C:\Users\DIYA GOEL\Downloads\EBDESIGN\backend\src\modules\M249\routes.js","legacyModuleM249Routes","1372","20"
"POST","/api/v1/backend-modules/M249","/bulk","/api/v1/backend-modules/M249/bulk","C:\Users\DIYA GOEL\Downloads\EBDESIGN\backend\src\modules\M249\routes.js","legacyModuleM249Routes","1372","28"
"GET","/api/v1/backend-modules/M249","/search","/api/v1/backend-modules/M249/search","C:\Users\DIYA GOEL\Downloads\EBDESIGN\backend\src\modules\M249\routes.js","legacyModuleM249Routes","1372","36"
"POST","/api/v1/backend-modules/M249","/","/api/v1/backend-modules/M249/","C:\Users\DIYA GOEL\Downloads\EBDESIGN\backend\src\modules\M249\routes.js","legacyModuleM249Routes","1372","44"
"GET","/api/v1/backend-modules/M249","/:id","/api/v1/backend-modules/M249/:id","C:\Users\DIYA GOEL\Downloads\EBDESIGN\backend\src\modules\M249\routes.js","legacyModuleM249Routes","1372","51"
"PUT","/api/v1/backend-modules/M249","/:id","/api/v1/backend-modules/M249/:id","C:\Users\DIYA GOEL\Downloads\EBDESIGN\backend\src\modules\M249\routes.js","legacyModuleM249Routes","1372","58"
"DELETE","/api/v1/backend-modules/M249","/:id","/api/v1/backend-modules/M249/:id","C:\Users\DIYA GOEL\Downloads\EBDESIGN\backend\src\modules\M249\routes.js","legacyModuleM249Routes","1372","65"
"GET","/api/v1/backend-modules/M250","/","/api/v1/backend-modules/M250/","C:\Users\DIYA GOEL\Downloads\EBDESIGN\backend\src\modules\M250\routes.js","legacyModuleM250Routes","1373","20"
"POST","/api/v1/backend-modules/M250","/bulk","/api/v1/backend-modules/M250/bulk","C:\Users\DIYA GOEL\Downloads\EBDESIGN\backend\src\modules\M250\routes.js","legacyModuleM250Routes","1373","28"
"GET","/api/v1/backend-modules/M250","/search","/api/v1/backend-modules/M250/search","C:\Users\DIYA GOEL\Downloads\EBDESIGN\backend\src\modules\M250\routes.js","legacyModuleM250Routes","1373","36"
"POST","/api/v1/backend-modules/M250","/","/api/v1/backend-modules/M250/","C:\Users\DIYA GOEL\Downloads\EBDESIGN\backend\src\modules\M250\routes.js","legacyModuleM250Routes","1373","44"
"GET","/api/v1/backend-modules/M250","/:id","/api/v1/backend-modules/M250/:id","C:\Users\DIYA GOEL\Downloads\EBDESIGN\backend\src\modules\M250\routes.js","legacyModuleM250Routes","1373","51"
"PUT","/api/v1/backend-modules/M250","/:id","/api/v1/backend-modules/M250/:id","C:\Users\DIYA GOEL\Downloads\EBDESIGN\backend\src\modules\M250\routes.js","legacyModuleM250Routes","1373","58"
"DELETE","/api/v1/backend-modules/M250","/:id","/api/v1/backend-modules/M250/:id","C:\Users\DIYA GOEL\Downloads\EBDESIGN\backend\src\modules\M250\routes.js","legacyModuleM250Routes","1373","65"
"GET","/api/v1/backend-modules/M251","/","/api/v1/backend-modules/M251/","C:\Users\DIYA GOEL\Downloads\EBDESIGN\backend\src\modules\M251\routes.js","legacyModuleM251Routes","1374","20"
"POST","/api/v1/backend-modules/M251","/bulk","/api/v1/backend-modules/M251/bulk","C:\Users\DIYA GOEL\Downloads\EBDESIGN\backend\src\modules\M251\routes.js","legacyModuleM251Routes","1374","28"
"GET","/api/v1/backend-modules/M251","/search","/api/v1/backend-modules/M251/search","C:\Users\DIYA GOEL\Downloads\EBDESIGN\backend\src\modules\M251\routes.js","legacyModuleM251Routes","1374","36"
"POST","/api/v1/backend-modules/M251","/","/api/v1/backend-modules/M251/","C:\Users\DIYA GOEL\Downloads\EBDESIGN\backend\src\modules\M251\routes.js","legacyModuleM251Routes","1374","44"
"GET","/api/v1/backend-modules/M251","/:id","/api/v1/backend-modules/M251/:id","C:\Users\DIYA GOEL\Downloads\EBDESIGN\backend\src\modules\M251\routes.js","legacyModuleM251Routes","1374","51"
"PUT","/api/v1/backend-modules/M251","/:id","/api/v1/backend-modules/M251/:id","C:\Users\DIYA GOEL\Downloads\EBDESIGN\backend\src\modules\M251\routes.js","legacyModuleM251Routes","1374","58"
"DELETE","/api/v1/backend-modules/M251","/:id","/api/v1/backend-modules/M251/:id","C:\Users\DIYA GOEL\Downloads\EBDESIGN\backend\src\modules\M251\routes.js","legacyModuleM251Routes","1374","65"
"GET","/api/v1/backend-modules/M252","/","/api/v1/backend-modules/M252/","C:\Users\DIYA GOEL\Downloads\EBDESIGN\backend\src\modules\M252\routes.js","legacyModuleM252Routes","1375","20"
"POST","/api/v1/backend-modules/M252","/bulk","/api/v1/backend-modules/M252/bulk","C:\Users\DIYA GOEL\Downloads\EBDESIGN\backend\src\modules\M252\routes.js","legacyModuleM252Routes","1375","28"
"GET","/api/v1/backend-modules/M252","/search","/api/v1/backend-modules/M252/search","C:\Users\DIYA GOEL\Downloads\EBDESIGN\backend\src\modules\M252\routes.js","legacyModuleM252Routes","1375","36"
"POST","/api/v1/backend-modules/M252","/","/api/v1/backend-modules/M252/","C:\Users\DIYA GOEL\Downloads\EBDESIGN\backend\src\modules\M252\routes.js","legacyModuleM252Routes","1375","44"
"GET","/api/v1/backend-modules/M252","/:id","/api/v1/backend-modules/M252/:id","C:\Users\DIYA GOEL\Downloads\EBDESIGN\backend\src\modules\M252\routes.js","legacyModuleM252Routes","1375","51"
"PUT","/api/v1/backend-modules/M252","/:id","/api/v1/backend-modules/M252/:id","C:\Users\DIYA GOEL\Downloads\EBDESIGN\backend\src\modules\M252\routes.js","legacyModuleM252Routes","1375","58"
"DELETE","/api/v1/backend-modules/M252","/:id","/api/v1/backend-modules/M252/:id","C:\Users\DIYA GOEL\Downloads\EBDESIGN\backend\src\modules\M252\routes.js","legacyModuleM252Routes","1375","65"
"GET","/api/v1/backend-modules/M253","/","/api/v1/backend-modules/M253/","C:\Users\DIYA GOEL\Downloads\EBDESIGN\backend\src\modules\M253\routes.js","legacyModuleM253Routes","1376","20"
"POST","/api/v1/backend-modules/M253","/bulk","/api/v1/backend-modules/M253/bulk","C:\Users\DIYA GOEL\Downloads\EBDESIGN\backend\src\modules\M253\routes.js","legacyModuleM253Routes","1376","28"
"GET","/api/v1/backend-modules/M253","/search","/api/v1/backend-modules/M253/search","C:\Users\DIYA GOEL\Downloads\EBDESIGN\backend\src\modules\M253\routes.js","legacyModuleM253Routes","1376","36"
"POST","/api/v1/backend-modules/M253","/","/api/v1/backend-modules/M253/","C:\Users\DIYA GOEL\Downloads\EBDESIGN\backend\src\modules\M253\routes.js","legacyModuleM253Routes","1376","44"
"GET","/api/v1/backend-modules/M253","/:id","/api/v1/backend-modules/M253/:id","C:\Users\DIYA GOEL\Downloads\EBDESIGN\backend\src\modules\M253\routes.js","legacyModuleM253Routes","1376","51"
"PUT","/api/v1/backend-modules/M253","/:id","/api/v1/backend-modules/M253/:id","C:\Users\DIYA GOEL\Downloads\EBDESIGN\backend\src\modules\M253\routes.js","legacyModuleM253Routes","1376","58"
"DELETE","/api/v1/backend-modules/M253","/:id","/api/v1/backend-modules/M253/:id","C:\Users\DIYA GOEL\Downloads\EBDESIGN\backend\src\modules\M253\routes.js","legacyModuleM253Routes","1376","65"
"GET","/api/v1/backend-modules/M254","/","/api/v1/backend-modules/M254/","C:\Users\DIYA GOEL\Downloads\EBDESIGN\backend\src\modules\M254\routes.js","legacyModuleM254Routes","1377","20"
"POST","/api/v1/backend-modules/M254","/bulk","/api/v1/backend-modules/M254/bulk","C:\Users\DIYA GOEL\Downloads\EBDESIGN\backend\src\modules\M254\routes.js","legacyModuleM254Routes","1377","28"
"GET","/api/v1/backend-modules/M254","/search","/api/v1/backend-modules/M254/search","C:\Users\DIYA GOEL\Downloads\EBDESIGN\backend\src\modules\M254\routes.js","legacyModuleM254Routes","1377","36"
"POST","/api/v1/backend-modules/M254","/","/api/v1/backend-modules/M254/","C:\Users\DIYA GOEL\Downloads\EBDESIGN\backend\src\modules\M254\routes.js","legacyModuleM254Routes","1377","44"
"GET","/api/v1/backend-modules/M254","/:id","/api/v1/backend-modules/M254/:id","C:\Users\DIYA GOEL\Downloads\EBDESIGN\backend\src\modules\M254\routes.js","legacyModuleM254Routes","1377","51"
"PUT","/api/v1/backend-modules/M254","/:id","/api/v1/backend-modules/M254/:id","C:\Users\DIYA GOEL\Downloads\EBDESIGN\backend\src\modules\M254\routes.js","legacyModuleM254Routes","1377","58"
"DELETE","/api/v1/backend-modules/M254","/:id","/api/v1/backend-modules/M254/:id","C:\Users\DIYA GOEL\Downloads\EBDESIGN\backend\src\modules\M254\routes.js","legacyModuleM254Routes","1377","65"
"GET","/api/v1/backend-modules/M255","/","/api/v1/backend-modules/M255/","C:\Users\DIYA GOEL\Downloads\EBDESIGN\backend\src\modules\M255\routes.js","legacyModuleM255Routes","1378","20"
"POST","/api/v1/backend-modules/M255","/bulk","/api/v1/backend-modules/M255/bulk","C:\Users\DIYA GOEL\Downloads\EBDESIGN\backend\src\modules\M255\routes.js","legacyModuleM255Routes","1378","28"
"GET","/api/v1/backend-modules/M255","/search","/api/v1/backend-modules/M255/search","C:\Users\DIYA GOEL\Downloads\EBDESIGN\backend\src\modules\M255\routes.js","legacyModuleM255Routes","1378","36"
"POST","/api/v1/backend-modules/M255","/","/api/v1/backend-modules/M255/","C:\Users\DIYA GOEL\Downloads\EBDESIGN\backend\src\modules\M255\routes.js","legacyModuleM255Routes","1378","44"
"GET","/api/v1/backend-modules/M255","/:id","/api/v1/backend-modules/M255/:id","C:\Users\DIYA GOEL\Downloads\EBDESIGN\backend\src\modules\M255\routes.js","legacyModuleM255Routes","1378","51"
"PUT","/api/v1/backend-modules/M255","/:id","/api/v1/backend-modules/M255/:id","C:\Users\DIYA GOEL\Downloads\EBDESIGN\backend\src\modules\M255\routes.js","legacyModuleM255Routes","1378","58"
"DELETE","/api/v1/backend-modules/M255","/:id","/api/v1/backend-modules/M255/:id","C:\Users\DIYA GOEL\Downloads\EBDESIGN\backend\src\modules\M255\routes.js","legacyModuleM255Routes","1378","65"
"GET","/api/v1/backend-modules/M256","/","/api/v1/backend-modules/M256/","C:\Users\DIYA GOEL\Downloads\EBDESIGN\backend\src\modules\M256\routes.js","legacyModuleM256Routes","1379","20"
"POST","/api/v1/backend-modules/M256","/bulk","/api/v1/backend-modules/M256/bulk","C:\Users\DIYA GOEL\Downloads\EBDESIGN\backend\src\modules\M256\routes.js","legacyModuleM256Routes","1379","28"
"GET","/api/v1/backend-modules/M256","/search","/api/v1/backend-modules/M256/search","C:\Users\DIYA GOEL\Downloads\EBDESIGN\backend\src\modules\M256\routes.js","legacyModuleM256Routes","1379","36"
"POST","/api/v1/backend-modules/M256","/","/api/v1/backend-modules/M256/","C:\Users\DIYA GOEL\Downloads\EBDESIGN\backend\src\modules\M256\routes.js","legacyModuleM256Routes","1379","44"
"GET","/api/v1/backend-modules/M256","/:id","/api/v1/backend-modules/M256/:id","C:\Users\DIYA GOEL\Downloads\EBDESIGN\backend\src\modules\M256\routes.js","legacyModuleM256Routes","1379","51"
"PUT","/api/v1/backend-modules/M256","/:id","/api/v1/backend-modules/M256/:id","C:\Users\DIYA GOEL\Downloads\EBDESIGN\backend\src\modules\M256\routes.js","legacyModuleM256Routes","1379","58"
"DELETE","/api/v1/backend-modules/M256","/:id","/api/v1/backend-modules/M256/:id","C:\Users\DIYA GOEL\Downloads\EBDESIGN\backend\src\modules\M256\routes.js","legacyModuleM256Routes","1379","65"
"GET","/api/v1/backend-modules/M257","/","/api/v1/backend-modules/M257/","C:\Users\DIYA GOEL\Downloads\EBDESIGN\backend\src\modules\M257\routes.js","legacyModuleM257Routes","1380","20"
"POST","/api/v1/backend-modules/M257","/bulk","/api/v1/backend-modules/M257/bulk","C:\Users\DIYA GOEL\Downloads\EBDESIGN\backend\src\modules\M257\routes.js","legacyModuleM257Routes","1380","28"
"GET","/api/v1/backend-modules/M257","/search","/api/v1/backend-modules/M257/search","C:\Users\DIYA GOEL\Downloads\EBDESIGN\backend\src\modules\M257\routes.js","legacyModuleM257Routes","1380","36"
"POST","/api/v1/backend-modules/M257","/","/api/v1/backend-modules/M257/","C:\Users\DIYA GOEL\Downloads\EBDESIGN\backend\src\modules\M257\routes.js","legacyModuleM257Routes","1380","44"
"GET","/api/v1/backend-modules/M257","/:id","/api/v1/backend-modules/M257/:id","C:\Users\DIYA GOEL\Downloads\EBDESIGN\backend\src\modules\M257\routes.js","legacyModuleM257Routes","1380","51"
"PUT","/api/v1/backend-modules/M257","/:id","/api/v1/backend-modules/M257/:id","C:\Users\DIYA GOEL\Downloads\EBDESIGN\backend\src\modules\M257\routes.js","legacyModuleM257Routes","1380","58"
"DELETE","/api/v1/backend-modules/M257","/:id","/api/v1/backend-modules/M257/:id","C:\Users\DIYA GOEL\Downloads\EBDESIGN\backend\src\modules\M257\routes.js","legacyModuleM257Routes","1380","65"
"GET","/api/v1/backend-modules/M258","/","/api/v1/backend-modules/M258/","C:\Users\DIYA GOEL\Downloads\EBDESIGN\backend\src\modules\M258\routes.js","legacyModuleM258Routes","1381","20"
"POST","/api/v1/backend-modules/M258","/bulk","/api/v1/backend-modules/M258/bulk","C:\Users\DIYA GOEL\Downloads\EBDESIGN\backend\src\modules\M258\routes.js","legacyModuleM258Routes","1381","28"
"GET","/api/v1/backend-modules/M258","/search","/api/v1/backend-modules/M258/search","C:\Users\DIYA GOEL\Downloads\EBDESIGN\backend\src\modules\M258\routes.js","legacyModuleM258Routes","1381","36"
"POST","/api/v1/backend-modules/M258","/","/api/v1/backend-modules/M258/","C:\Users\DIYA GOEL\Downloads\EBDESIGN\backend\src\modules\M258\routes.js","legacyModuleM258Routes","1381","44"
"GET","/api/v1/backend-modules/M258","/:id","/api/v1/backend-modules/M258/:id","C:\Users\DIYA GOEL\Downloads\EBDESIGN\backend\src\modules\M258\routes.js","legacyModuleM258Routes","1381","51"
"PUT","/api/v1/backend-modules/M258","/:id","/api/v1/backend-modules/M258/:id","C:\Users\DIYA GOEL\Downloads\EBDESIGN\backend\src\modules\M258\routes.js","legacyModuleM258Routes","1381","58"
"DELETE","/api/v1/backend-modules/M258","/:id","/api/v1/backend-modules/M258/:id","C:\Users\DIYA GOEL\Downloads\EBDESIGN\backend\src\modules\M258\routes.js","legacyModuleM258Routes","1381","65"
"GET","/api/v1/backend-modules/M259","/","/api/v1/backend-modules/M259/","C:\Users\DIYA GOEL\Downloads\EBDESIGN\backend\src\modules\M259\routes.js","legacyModuleM259Routes","1382","20"
"POST","/api/v1/backend-modules/M259","/bulk","/api/v1/backend-modules/M259/bulk","C:\Users\DIYA GOEL\Downloads\EBDESIGN\backend\src\modules\M259\routes.js","legacyModuleM259Routes","1382","28"
"GET","/api/v1/backend-modules/M259","/search","/api/v1/backend-modules/M259/search","C:\Users\DIYA GOEL\Downloads\EBDESIGN\backend\src\modules\M259\routes.js","legacyModuleM259Routes","1382","36"
"POST","/api/v1/backend-modules/M259","/","/api/v1/backend-modules/M259/","C:\Users\DIYA GOEL\Downloads\EBDESIGN\backend\src\modules\M259\routes.js","legacyModuleM259Routes","1382","44"
"GET","/api/v1/backend-modules/M259","/:id","/api/v1/backend-modules/M259/:id","C:\Users\DIYA GOEL\Downloads\EBDESIGN\backend\src\modules\M259\routes.js","legacyModuleM259Routes","1382","51"
"PUT","/api/v1/backend-modules/M259","/:id","/api/v1/backend-modules/M259/:id","C:\Users\DIYA GOEL\Downloads\EBDESIGN\backend\src\modules\M259\routes.js","legacyModuleM259Routes","1382","58"
"DELETE","/api/v1/backend-modules/M259","/:id","/api/v1/backend-modules/M259/:id","C:\Users\DIYA GOEL\Downloads\EBDESIGN\backend\src\modules\M259\routes.js","legacyModuleM259Routes","1382","65"
"GET","/api/v1/backend-modules/M260","/","/api/v1/backend-modules/M260/","C:\Users\DIYA GOEL\Downloads\EBDESIGN\backend\src\modules\M260\routes.js","legacyModuleM260Routes","1383","20"
"POST","/api/v1/backend-modules/M260","/bulk","/api/v1/backend-modules/M260/bulk","C:\Users\DIYA GOEL\Downloads\EBDESIGN\backend\src\modules\M260\routes.js","legacyModuleM260Routes","1383","28"
"GET","/api/v1/backend-modules/M260","/search","/api/v1/backend-modules/M260/search","C:\Users\DIYA GOEL\Downloads\EBDESIGN\backend\src\modules\M260\routes.js","legacyModuleM260Routes","1383","36"
"POST","/api/v1/backend-modules/M260","/","/api/v1/backend-modules/M260/","C:\Users\DIYA GOEL\Downloads\EBDESIGN\backend\src\modules\M260\routes.js","legacyModuleM260Routes","1383","44"
"GET","/api/v1/backend-modules/M260","/:id","/api/v1/backend-modules/M260/:id","C:\Users\DIYA GOEL\Downloads\EBDESIGN\backend\src\modules\M260\routes.js","legacyModuleM260Routes","1383","51"
"PUT","/api/v1/backend-modules/M260","/:id","/api/v1/backend-modules/M260/:id","C:\Users\DIYA GOEL\Downloads\EBDESIGN\backend\src\modules\M260\routes.js","legacyModuleM260Routes","1383","58"
"DELETE","/api/v1/backend-modules/M260","/:id","/api/v1/backend-modules/M260/:id","C:\Users\DIYA GOEL\Downloads\EBDESIGN\backend\src\modules\M260\routes.js","legacyModuleM260Routes","1383","65"
"GET","/api/v1/backend-modules/M261","/","/api/v1/backend-modules/M261/","C:\Users\DIYA GOEL\Downloads\EBDESIGN\backend\src\modules\M261\routes.js","legacyModuleM261Routes","1384","20"
"POST","/api/v1/backend-modules/M261","/bulk","/api/v1/backend-modules/M261/bulk","C:\Users\DIYA GOEL\Downloads\EBDESIGN\backend\src\modules\M261\routes.js","legacyModuleM261Routes","1384","28"
"GET","/api/v1/backend-modules/M261","/search","/api/v1/backend-modules/M261/search","C:\Users\DIYA GOEL\Downloads\EBDESIGN\backend\src\modules\M261\routes.js","legacyModuleM261Routes","1384","36"
"POST","/api/v1/backend-modules/M261","/","/api/v1/backend-modules/M261/","C:\Users\DIYA GOEL\Downloads\EBDESIGN\backend\src\modules\M261\routes.js","legacyModuleM261Routes","1384","44"
"GET","/api/v1/backend-modules/M261","/:id","/api/v1/backend-modules/M261/:id","C:\Users\DIYA GOEL\Downloads\EBDESIGN\backend\src\modules\M261\routes.js","legacyModuleM261Routes","1384","51"
"PUT","/api/v1/backend-modules/M261","/:id","/api/v1/backend-modules/M261/:id","C:\Users\DIYA GOEL\Downloads\EBDESIGN\backend\src\modules\M261\routes.js","legacyModuleM261Routes","1384","58"
"DELETE","/api/v1/backend-modules/M261","/:id","/api/v1/backend-modules/M261/:id","C:\Users\DIYA GOEL\Downloads\EBDESIGN\backend\src\modules\M261\routes.js","legacyModuleM261Routes","1384","65"
"GET","/api/v1/backend-modules/M262","/","/api/v1/backend-modules/M262/","C:\Users\DIYA GOEL\Downloads\EBDESIGN\backend\src\modules\M262\routes.js","legacyModuleM262Routes","1385","20"
"POST","/api/v1/backend-modules/M262","/bulk","/api/v1/backend-modules/M262/bulk","C:\Users\DIYA GOEL\Downloads\EBDESIGN\backend\src\modules\M262\routes.js","legacyModuleM262Routes","1385","28"
"GET","/api/v1/backend-modules/M262","/search","/api/v1/backend-modules/M262/search","C:\Users\DIYA GOEL\Downloads\EBDESIGN\backend\src\modules\M262\routes.js","legacyModuleM262Routes","1385","36"
"POST","/api/v1/backend-modules/M262","/","/api/v1/backend-modules/M262/","C:\Users\DIYA GOEL\Downloads\EBDESIGN\backend\src\modules\M262\routes.js","legacyModuleM262Routes","1385","44"
"GET","/api/v1/backend-modules/M262","/:id","/api/v1/backend-modules/M262/:id","C:\Users\DIYA GOEL\Downloads\EBDESIGN\backend\src\modules\M262\routes.js","legacyModuleM262Routes","1385","51"
"PUT","/api/v1/backend-modules/M262","/:id","/api/v1/backend-modules/M262/:id","C:\Users\DIYA GOEL\Downloads\EBDESIGN\backend\src\modules\M262\routes.js","legacyModuleM262Routes","1385","58"
"DELETE","/api/v1/backend-modules/M262","/:id","/api/v1/backend-modules/M262/:id","C:\Users\DIYA GOEL\Downloads\EBDESIGN\backend\src\modules\M262\routes.js","legacyModuleM262Routes","1385","65"
"GET","/api/v1/backend-modules/M263","/","/api/v1/backend-modules/M263/","C:\Users\DIYA GOEL\Downloads\EBDESIGN\backend\src\modules\M263\routes.js","legacyModuleM263Routes","1386","20"
"POST","/api/v1/backend-modules/M263","/bulk","/api/v1/backend-modules/M263/bulk","C:\Users\DIYA GOEL\Downloads\EBDESIGN\backend\src\modules\M263\routes.js","legacyModuleM263Routes","1386","28"
"GET","/api/v1/backend-modules/M263","/search","/api/v1/backend-modules/M263/search","C:\Users\DIYA GOEL\Downloads\EBDESIGN\backend\src\modules\M263\routes.js","legacyModuleM263Routes","1386","36"
"POST","/api/v1/backend-modules/M263","/","/api/v1/backend-modules/M263/","C:\Users\DIYA GOEL\Downloads\EBDESIGN\backend\src\modules\M263\routes.js","legacyModuleM263Routes","1386","44"
"GET","/api/v1/backend-modules/M263","/:id","/api/v1/backend-modules/M263/:id","C:\Users\DIYA GOEL\Downloads\EBDESIGN\backend\src\modules\M263\routes.js","legacyModuleM263Routes","1386","51"
"PUT","/api/v1/backend-modules/M263","/:id","/api/v1/backend-modules/M263/:id","C:\Users\DIYA GOEL\Downloads\EBDESIGN\backend\src\modules\M263\routes.js","legacyModuleM263Routes","1386","58"
"DELETE","/api/v1/backend-modules/M263","/:id","/api/v1/backend-modules/M263/:id","C:\Users\DIYA GOEL\Downloads\EBDESIGN\backend\src\modules\M263\routes.js","legacyModuleM263Routes","1386","65"
"GET","/api/v1/backend-modules/M264","/","/api/v1/backend-modules/M264/","C:\Users\DIYA GOEL\Downloads\EBDESIGN\backend\src\modules\M264\routes.js","legacyModuleM264Routes","1387","20"
"POST","/api/v1/backend-modules/M264","/bulk","/api/v1/backend-modules/M264/bulk","C:\Users\DIYA GOEL\Downloads\EBDESIGN\backend\src\modules\M264\routes.js","legacyModuleM264Routes","1387","28"
"GET","/api/v1/backend-modules/M264","/search","/api/v1/backend-modules/M264/search","C:\Users\DIYA GOEL\Downloads\EBDESIGN\backend\src\modules\M264\routes.js","legacyModuleM264Routes","1387","36"
"POST","/api/v1/backend-modules/M264","/","/api/v1/backend-modules/M264/","C:\Users\DIYA GOEL\Downloads\EBDESIGN\backend\src\modules\M264\routes.js","legacyModuleM264Routes","1387","44"
"GET","/api/v1/backend-modules/M264","/:id","/api/v1/backend-modules/M264/:id","C:\Users\DIYA GOEL\Downloads\EBDESIGN\backend\src\modules\M264\routes.js","legacyModuleM264Routes","1387","51"
"PUT","/api/v1/backend-modules/M264","/:id","/api/v1/backend-modules/M264/:id","C:\Users\DIYA GOEL\Downloads\EBDESIGN\backend\src\modules\M264\routes.js","legacyModuleM264Routes","1387","58"
"DELETE","/api/v1/backend-modules/M264","/:id","/api/v1/backend-modules/M264/:id","C:\Users\DIYA GOEL\Downloads\EBDESIGN\backend\src\modules\M264\routes.js","legacyModuleM264Routes","1387","65"
"GET","/api/v1/backend-modules/M265","/","/api/v1/backend-modules/M265/","C:\Users\DIYA GOEL\Downloads\EBDESIGN\backend\src\modules\M265\routes.js","legacyModuleM265Routes","1388","20"
"POST","/api/v1/backend-modules/M265","/bulk","/api/v1/backend-modules/M265/bulk","C:\Users\DIYA GOEL\Downloads\EBDESIGN\backend\src\modules\M265\routes.js","legacyModuleM265Routes","1388","28"
"GET","/api/v1/backend-modules/M265","/search","/api/v1/backend-modules/M265/search","C:\Users\DIYA GOEL\Downloads\EBDESIGN\backend\src\modules\M265\routes.js","legacyModuleM265Routes","1388","36"
"POST","/api/v1/backend-modules/M265","/","/api/v1/backend-modules/M265/","C:\Users\DIYA GOEL\Downloads\EBDESIGN\backend\src\modules\M265\routes.js","legacyModuleM265Routes","1388","44"
"GET","/api/v1/backend-modules/M265","/:id","/api/v1/backend-modules/M265/:id","C:\Users\DIYA GOEL\Downloads\EBDESIGN\backend\src\modules\M265\routes.js","legacyModuleM265Routes","1388","51"
"PUT","/api/v1/backend-modules/M265","/:id","/api/v1/backend-modules/M265/:id","C:\Users\DIYA GOEL\Downloads\EBDESIGN\backend\src\modules\M265\routes.js","legacyModuleM265Routes","1388","58"
"DELETE","/api/v1/backend-modules/M265","/:id","/api/v1/backend-modules/M265/:id","C:\Users\DIYA GOEL\Downloads\EBDESIGN\backend\src\modules\M265\routes.js","legacyModuleM265Routes","1388","65"
"GET","/api/v1/backend-modules/M266","/","/api/v1/backend-modules/M266/","C:\Users\DIYA GOEL\Downloads\EBDESIGN\backend\src\modules\M266\routes.js","legacyModuleM266Routes","1389","20"
"POST","/api/v1/backend-modules/M266","/bulk","/api/v1/backend-modules/M266/bulk","C:\Users\DIYA GOEL\Downloads\EBDESIGN\backend\src\modules\M266\routes.js","legacyModuleM266Routes","1389","28"
"GET","/api/v1/backend-modules/M266","/search","/api/v1/backend-modules/M266/search","C:\Users\DIYA GOEL\Downloads\EBDESIGN\backend\src\modules\M266\routes.js","legacyModuleM266Routes","1389","36"
"POST","/api/v1/backend-modules/M266","/","/api/v1/backend-modules/M266/","C:\Users\DIYA GOEL\Downloads\EBDESIGN\backend\src\modules\M266\routes.js","legacyModuleM266Routes","1389","44"
"GET","/api/v1/backend-modules/M266","/:id","/api/v1/backend-modules/M266/:id","C:\Users\DIYA GOEL\Downloads\EBDESIGN\backend\src\modules\M266\routes.js","legacyModuleM266Routes","1389","51"
"PUT","/api/v1/backend-modules/M266","/:id","/api/v1/backend-modules/M266/:id","C:\Users\DIYA GOEL\Downloads\EBDESIGN\backend\src\modules\M266\routes.js","legacyModuleM266Routes","1389","58"
"DELETE","/api/v1/backend-modules/M266","/:id","/api/v1/backend-modules/M266/:id","C:\Users\DIYA GOEL\Downloads\EBDESIGN\backend\src\modules\M266\routes.js","legacyModuleM266Routes","1389","65"
"GET","/api/v1/backend-modules/M267","/","/api/v1/backend-modules/M267/","C:\Users\DIYA GOEL\Downloads\EBDESIGN\backend\src\modules\M267\routes.js","legacyModuleM267Routes","1390","20"
"POST","/api/v1/backend-modules/M267","/bulk","/api/v1/backend-modules/M267/bulk","C:\Users\DIYA GOEL\Downloads\EBDESIGN\backend\src\modules\M267\routes.js","legacyModuleM267Routes","1390","28"
"GET","/api/v1/backend-modules/M267","/search","/api/v1/backend-modules/M267/search","C:\Users\DIYA GOEL\Downloads\EBDESIGN\backend\src\modules\M267\routes.js","legacyModuleM267Routes","1390","36"
"POST","/api/v1/backend-modules/M267","/","/api/v1/backend-modules/M267/","C:\Users\DIYA GOEL\Downloads\EBDESIGN\backend\src\modules\M267\routes.js","legacyModuleM267Routes","1390","44"
"GET","/api/v1/backend-modules/M267","/:id","/api/v1/backend-modules/M267/:id","C:\Users\DIYA GOEL\Downloads\EBDESIGN\backend\src\modules\M267\routes.js","legacyModuleM267Routes","1390","51"
"PUT","/api/v1/backend-modules/M267","/:id","/api/v1/backend-modules/M267/:id","C:\Users\DIYA GOEL\Downloads\EBDESIGN\backend\src\modules\M267\routes.js","legacyModuleM267Routes","1390","58"
"DELETE","/api/v1/backend-modules/M267","/:id","/api/v1/backend-modules/M267/:id","C:\Users\DIYA GOEL\Downloads\EBDESIGN\backend\src\modules\M267\routes.js","legacyModuleM267Routes","1390","65"
"GET","/api/v1/backend-modules/M268","/","/api/v1/backend-modules/M268/","C:\Users\DIYA GOEL\Downloads\EBDESIGN\backend\src\modules\M268\routes.js","legacyModuleM268Routes","1391","20"
"POST","/api/v1/backend-modules/M268","/bulk","/api/v1/backend-modules/M268/bulk","C:\Users\DIYA GOEL\Downloads\EBDESIGN\backend\src\modules\M268\routes.js","legacyModuleM268Routes","1391","28"
"GET","/api/v1/backend-modules/M268","/search","/api/v1/backend-modules/M268/search","C:\Users\DIYA GOEL\Downloads\EBDESIGN\backend\src\modules\M268\routes.js","legacyModuleM268Routes","1391","36"
"POST","/api/v1/backend-modules/M268","/","/api/v1/backend-modules/M268/","C:\Users\DIYA GOEL\Downloads\EBDESIGN\backend\src\modules\M268\routes.js","legacyModuleM268Routes","1391","44"
"GET","/api/v1/backend-modules/M268","/:id","/api/v1/backend-modules/M268/:id","C:\Users\DIYA GOEL\Downloads\EBDESIGN\backend\src\modules\M268\routes.js","legacyModuleM268Routes","1391","51"
"PUT","/api/v1/backend-modules/M268","/:id","/api/v1/backend-modules/M268/:id","C:\Users\DIYA GOEL\Downloads\EBDESIGN\backend\src\modules\M268\routes.js","legacyModuleM268Routes","1391","58"
"DELETE","/api/v1/backend-modules/M268","/:id","/api/v1/backend-modules/M268/:id","C:\Users\DIYA GOEL\Downloads\EBDESIGN\backend\src\modules\M268\routes.js","legacyModuleM268Routes","1391","65"
"GET","/api/v1/backend-modules/M269","/","/api/v1/backend-modules/M269/","C:\Users\DIYA GOEL\Downloads\EBDESIGN\backend\src\modules\M269\routes.js","legacyModuleM269Routes","1392","20"
"POST","/api/v1/backend-modules/M269","/bulk","/api/v1/backend-modules/M269/bulk","C:\Users\DIYA GOEL\Downloads\EBDESIGN\backend\src\modules\M269\routes.js","legacyModuleM269Routes","1392","28"
"GET","/api/v1/backend-modules/M269","/search","/api/v1/backend-modules/M269/search","C:\Users\DIYA GOEL\Downloads\EBDESIGN\backend\src\modules\M269\routes.js","legacyModuleM269Routes","1392","36"
"POST","/api/v1/backend-modules/M269","/","/api/v1/backend-modules/M269/","C:\Users\DIYA GOEL\Downloads\EBDESIGN\backend\src\modules\M269\routes.js","legacyModuleM269Routes","1392","44"
"GET","/api/v1/backend-modules/M269","/:id","/api/v1/backend-modules/M269/:id","C:\Users\DIYA GOEL\Downloads\EBDESIGN\backend\src\modules\M269\routes.js","legacyModuleM269Routes","1392","51"
"PUT","/api/v1/backend-modules/M269","/:id","/api/v1/backend-modules/M269/:id","C:\Users\DIYA GOEL\Downloads\EBDESIGN\backend\src\modules\M269\routes.js","legacyModuleM269Routes","1392","58"
"DELETE","/api/v1/backend-modules/M269","/:id","/api/v1/backend-modules/M269/:id","C:\Users\DIYA GOEL\Downloads\EBDESIGN\backend\src\modules\M269\routes.js","legacyModuleM269Routes","1392","65"
"GET","/api/v1/backend-modules/M270","/","/api/v1/backend-modules/M270/","C:\Users\DIYA GOEL\Downloads\EBDESIGN\backend\src\modules\M270\routes.js","legacyModuleM270Routes","1393","20"
"POST","/api/v1/backend-modules/M270","/bulk","/api/v1/backend-modules/M270/bulk","C:\Users\DIYA GOEL\Downloads\EBDESIGN\backend\src\modules\M270\routes.js","legacyModuleM270Routes","1393","28"
"GET","/api/v1/backend-modules/M270","/search","/api/v1/backend-modules/M270/search","C:\Users\DIYA GOEL\Downloads\EBDESIGN\backend\src\modules\M270\routes.js","legacyModuleM270Routes","1393","36"
"POST","/api/v1/backend-modules/M270","/","/api/v1/backend-modules/M270/","C:\Users\DIYA GOEL\Downloads\EBDESIGN\backend\src\modules\M270\routes.js","legacyModuleM270Routes","1393","44"
"GET","/api/v1/backend-modules/M270","/:id","/api/v1/backend-modules/M270/:id","C:\Users\DIYA GOEL\Downloads\EBDESIGN\backend\src\modules\M270\routes.js","legacyModuleM270Routes","1393","51"
"PUT","/api/v1/backend-modules/M270","/:id","/api/v1/backend-modules/M270/:id","C:\Users\DIYA GOEL\Downloads\EBDESIGN\backend\src\modules\M270\routes.js","legacyModuleM270Routes","1393","58"
"DELETE","/api/v1/backend-modules/M270","/:id","/api/v1/backend-modules/M270/:id","C:\Users\DIYA GOEL\Downloads\EBDESIGN\backend\src\modules\M270\routes.js","legacyModuleM270Routes","1393","65"
"GET","/api/v1/backend-modules/M271","/","/api/v1/backend-modules/M271/","C:\Users\DIYA GOEL\Downloads\EBDESIGN\backend\src\modules\M271\routes.js","legacyModuleM271Routes","1394","20"
"POST","/api/v1/backend-modules/M271","/bulk","/api/v1/backend-modules/M271/bulk","C:\Users\DIYA GOEL\Downloads\EBDESIGN\backend\src\modules\M271\routes.js","legacyModuleM271Routes","1394","28"
"GET","/api/v1/backend-modules/M271","/search","/api/v1/backend-modules/M271/search","C:\Users\DIYA GOEL\Downloads\EBDESIGN\backend\src\modules\M271\routes.js","legacyModuleM271Routes","1394","36"
"POST","/api/v1/backend-modules/M271","/","/api/v1/backend-modules/M271/","C:\Users\DIYA GOEL\Downloads\EBDESIGN\backend\src\modules\M271\routes.js","legacyModuleM271Routes","1394","44"
"GET","/api/v1/backend-modules/M271","/:id","/api/v1/backend-modules/M271/:id","C:\Users\DIYA GOEL\Downloads\EBDESIGN\backend\src\modules\M271\routes.js","legacyModuleM271Routes","1394","51"
"PUT","/api/v1/backend-modules/M271","/:id","/api/v1/backend-modules/M271/:id","C:\Users\DIYA GOEL\Downloads\EBDESIGN\backend\src\modules\M271\routes.js","legacyModuleM271Routes","1394","58"
"DELETE","/api/v1/backend-modules/M271","/:id","/api/v1/backend-modules/M271/:id","C:\Users\DIYA GOEL\Downloads\EBDESIGN\backend\src\modules\M271\routes.js","legacyModuleM271Routes","1394","65"
"GET","/api/v1/backend-modules/M272","/","/api/v1/backend-modules/M272/","C:\Users\DIYA GOEL\Downloads\EBDESIGN\backend\src\modules\M272\routes.js","legacyModuleM272Routes","1395","20"
"POST","/api/v1/backend-modules/M272","/bulk","/api/v1/backend-modules/M272/bulk","C:\Users\DIYA GOEL\Downloads\EBDESIGN\backend\src\modules\M272\routes.js","legacyModuleM272Routes","1395","28"
"GET","/api/v1/backend-modules/M272","/search","/api/v1/backend-modules/M272/search","C:\Users\DIYA GOEL\Downloads\EBDESIGN\backend\src\modules\M272\routes.js","legacyModuleM272Routes","1395","36"
"POST","/api/v1/backend-modules/M272","/","/api/v1/backend-modules/M272/","C:\Users\DIYA GOEL\Downloads\EBDESIGN\backend\src\modules\M272\routes.js","legacyModuleM272Routes","1395","44"
"GET","/api/v1/backend-modules/M272","/:id","/api/v1/backend-modules/M272/:id","C:\Users\DIYA GOEL\Downloads\EBDESIGN\backend\src\modules\M272\routes.js","legacyModuleM272Routes","1395","51"
"PUT","/api/v1/backend-modules/M272","/:id","/api/v1/backend-modules/M272/:id","C:\Users\DIYA GOEL\Downloads\EBDESIGN\backend\src\modules\M272\routes.js","legacyModuleM272Routes","1395","58"
"DELETE","/api/v1/backend-modules/M272","/:id","/api/v1/backend-modules/M272/:id","C:\Users\DIYA GOEL\Downloads\EBDESIGN\backend\src\modules\M272\routes.js","legacyModuleM272Routes","1395","65"
"GET","/api/v1/backend-modules/M273","/","/api/v1/backend-modules/M273/","C:\Users\DIYA GOEL\Downloads\EBDESIGN\backend\src\modules\M273\routes.js","legacyModuleM273Routes","1396","20"
"POST","/api/v1/backend-modules/M273","/bulk","/api/v1/backend-modules/M273/bulk","C:\Users\DIYA GOEL\Downloads\EBDESIGN\backend\src\modules\M273\routes.js","legacyModuleM273Routes","1396","28"
"GET","/api/v1/backend-modules/M273","/search","/api/v1/backend-modules/M273/search","C:\Users\DIYA GOEL\Downloads\EBDESIGN\backend\src\modules\M273\routes.js","legacyModuleM273Routes","1396","36"
"POST","/api/v1/backend-modules/M273","/","/api/v1/backend-modules/M273/","C:\Users\DIYA GOEL\Downloads\EBDESIGN\backend\src\modules\M273\routes.js","legacyModuleM273Routes","1396","44"
"GET","/api/v1/backend-modules/M273","/:id","/api/v1/backend-modules/M273/:id","C:\Users\DIYA GOEL\Downloads\EBDESIGN\backend\src\modules\M273\routes.js","legacyModuleM273Routes","1396","51"
"PUT","/api/v1/backend-modules/M273","/:id","/api/v1/backend-modules/M273/:id","C:\Users\DIYA GOEL\Downloads\EBDESIGN\backend\src\modules\M273\routes.js","legacyModuleM273Routes","1396","58"
"DELETE","/api/v1/backend-modules/M273","/:id","/api/v1/backend-modules/M273/:id","C:\Users\DIYA GOEL\Downloads\EBDESIGN\backend\src\modules\M273\routes.js","legacyModuleM273Routes","1396","65"
"GET","/api/v1/backend-modules/M274","/","/api/v1/backend-modules/M274/","C:\Users\DIYA GOEL\Downloads\EBDESIGN\backend\src\modules\M274\routes.js","legacyModuleM274Routes","1397","20"
"POST","/api/v1/backend-modules/M274","/bulk","/api/v1/backend-modules/M274/bulk","C:\Users\DIYA GOEL\Downloads\EBDESIGN\backend\src\modules\M274\routes.js","legacyModuleM274Routes","1397","28"
"GET","/api/v1/backend-modules/M274","/search","/api/v1/backend-modules/M274/search","C:\Users\DIYA GOEL\Downloads\EBDESIGN\backend\src\modules\M274\routes.js","legacyModuleM274Routes","1397","36"
"POST","/api/v1/backend-modules/M274","/","/api/v1/backend-modules/M274/","C:\Users\DIYA GOEL\Downloads\EBDESIGN\backend\src\modules\M274\routes.js","legacyModuleM274Routes","1397","44"
"GET","/api/v1/backend-modules/M274","/:id","/api/v1/backend-modules/M274/:id","C:\Users\DIYA GOEL\Downloads\EBDESIGN\backend\src\modules\M274\routes.js","legacyModuleM274Routes","1397","51"
"PUT","/api/v1/backend-modules/M274","/:id","/api/v1/backend-modules/M274/:id","C:\Users\DIYA GOEL\Downloads\EBDESIGN\backend\src\modules\M274\routes.js","legacyModuleM274Routes","1397","58"
"DELETE","/api/v1/backend-modules/M274","/:id","/api/v1/backend-modules/M274/:id","C:\Users\DIYA GOEL\Downloads\EBDESIGN\backend\src\modules\M274\routes.js","legacyModuleM274Routes","1397","65"
"GET","/api/v1/backend-modules/M275","/","/api/v1/backend-modules/M275/","C:\Users\DIYA GOEL\Downloads\EBDESIGN\backend\src\modules\M275\routes.js","legacyModuleM275Routes","1398","20"
"POST","/api/v1/backend-modules/M275","/bulk","/api/v1/backend-modules/M275/bulk","C:\Users\DIYA GOEL\Downloads\EBDESIGN\backend\src\modules\M275\routes.js","legacyModuleM275Routes","1398","28"
"GET","/api/v1/backend-modules/M275","/search","/api/v1/backend-modules/M275/search","C:\Users\DIYA GOEL\Downloads\EBDESIGN\backend\src\modules\M275\routes.js","legacyModuleM275Routes","1398","36"
"POST","/api/v1/backend-modules/M275","/","/api/v1/backend-modules/M275/","C:\Users\DIYA GOEL\Downloads\EBDESIGN\backend\src\modules\M275\routes.js","legacyModuleM275Routes","1398","44"
"GET","/api/v1/backend-modules/M275","/:id","/api/v1/backend-modules/M275/:id","C:\Users\DIYA GOEL\Downloads\EBDESIGN\backend\src\modules\M275\routes.js","legacyModuleM275Routes","1398","51"
"PUT","/api/v1/backend-modules/M275","/:id","/api/v1/backend-modules/M275/:id","C:\Users\DIYA GOEL\Downloads\EBDESIGN\backend\src\modules\M275\routes.js","legacyModuleM275Routes","1398","58"
"DELETE","/api/v1/backend-modules/M275","/:id","/api/v1/backend-modules/M275/:id","C:\Users\DIYA GOEL\Downloads\EBDESIGN\backend\src\modules\M275\routes.js","legacyModuleM275Routes","1398","65"
"GET","/api/v1/backend-modules/M276","/","/api/v1/backend-modules/M276/","C:\Users\DIYA GOEL\Downloads\EBDESIGN\backend\src\modules\M276\routes.js","legacyModuleM276Routes","1399","20"
"POST","/api/v1/backend-modules/M276","/bulk","/api/v1/backend-modules/M276/bulk","C:\Users\DIYA GOEL\Downloads\EBDESIGN\backend\src\modules\M276\routes.js","legacyModuleM276Routes","1399","28"
"GET","/api/v1/backend-modules/M276","/search","/api/v1/backend-modules/M276/search","C:\Users\DIYA GOEL\Downloads\EBDESIGN\backend\src\modules\M276\routes.js","legacyModuleM276Routes","1399","36"
"POST","/api/v1/backend-modules/M276","/","/api/v1/backend-modules/M276/","C:\Users\DIYA GOEL\Downloads\EBDESIGN\backend\src\modules\M276\routes.js","legacyModuleM276Routes","1399","44"
"GET","/api/v1/backend-modules/M276","/:id","/api/v1/backend-modules/M276/:id","C:\Users\DIYA GOEL\Downloads\EBDESIGN\backend\src\modules\M276\routes.js","legacyModuleM276Routes","1399","51"
"PUT","/api/v1/backend-modules/M276","/:id","/api/v1/backend-modules/M276/:id","C:\Users\DIYA GOEL\Downloads\EBDESIGN\backend\src\modules\M276\routes.js","legacyModuleM276Routes","1399","58"
"DELETE","/api/v1/backend-modules/M276","/:id","/api/v1/backend-modules/M276/:id","C:\Users\DIYA GOEL\Downloads\EBDESIGN\backend\src\modules\M276\routes.js","legacyModuleM276Routes","1399","65"
"GET","/api/v1/backend-modules/M277","/","/api/v1/backend-modules/M277/","C:\Users\DIYA GOEL\Downloads\EBDESIGN\backend\src\modules\M277\routes.js","legacyModuleM277Routes","1400","20"
"POST","/api/v1/backend-modules/M277","/bulk","/api/v1/backend-modules/M277/bulk","C:\Users\DIYA GOEL\Downloads\EBDESIGN\backend\src\modules\M277\routes.js","legacyModuleM277Routes","1400","28"
"GET","/api/v1/backend-modules/M277","/search","/api/v1/backend-modules/M277/search","C:\Users\DIYA GOEL\Downloads\EBDESIGN\backend\src\modules\M277\routes.js","legacyModuleM277Routes","1400","36"
"POST","/api/v1/backend-modules/M277","/","/api/v1/backend-modules/M277/","C:\Users\DIYA GOEL\Downloads\EBDESIGN\backend\src\modules\M277\routes.js","legacyModuleM277Routes","1400","44"
"GET","/api/v1/backend-modules/M277","/:id","/api/v1/backend-modules/M277/:id","C:\Users\DIYA GOEL\Downloads\EBDESIGN\backend\src\modules\M277\routes.js","legacyModuleM277Routes","1400","51"
"PUT","/api/v1/backend-modules/M277","/:id","/api/v1/backend-modules/M277/:id","C:\Users\DIYA GOEL\Downloads\EBDESIGN\backend\src\modules\M277\routes.js","legacyModuleM277Routes","1400","58"
"DELETE","/api/v1/backend-modules/M277","/:id","/api/v1/backend-modules/M277/:id","C:\Users\DIYA GOEL\Downloads\EBDESIGN\backend\src\modules\M277\routes.js","legacyModuleM277Routes","1400","65"
"GET","/api/v1/backend-modules/M278","/","/api/v1/backend-modules/M278/","C:\Users\DIYA GOEL\Downloads\EBDESIGN\backend\src\modules\M278\routes.js","legacyModuleM278Routes","1401","20"
"POST","/api/v1/backend-modules/M278","/bulk","/api/v1/backend-modules/M278/bulk","C:\Users\DIYA GOEL\Downloads\EBDESIGN\backend\src\modules\M278\routes.js","legacyModuleM278Routes","1401","28"
"GET","/api/v1/backend-modules/M278","/search","/api/v1/backend-modules/M278/search","C:\Users\DIYA GOEL\Downloads\EBDESIGN\backend\src\modules\M278\routes.js","legacyModuleM278Routes","1401","36"
"POST","/api/v1/backend-modules/M278","/","/api/v1/backend-modules/M278/","C:\Users\DIYA GOEL\Downloads\EBDESIGN\backend\src\modules\M278\routes.js","legacyModuleM278Routes","1401","44"
"GET","/api/v1/backend-modules/M278","/:id","/api/v1/backend-modules/M278/:id","C:\Users\DIYA GOEL\Downloads\EBDESIGN\backend\src\modules\M278\routes.js","legacyModuleM278Routes","1401","51"
"PUT","/api/v1/backend-modules/M278","/:id","/api/v1/backend-modules/M278/:id","C:\Users\DIYA GOEL\Downloads\EBDESIGN\backend\src\modules\M278\routes.js","legacyModuleM278Routes","1401","58"
"DELETE","/api/v1/backend-modules/M278","/:id","/api/v1/backend-modules/M278/:id","C:\Users\DIYA GOEL\Downloads\EBDESIGN\backend\src\modules\M278\routes.js","legacyModuleM278Routes","1401","65"
"GET","/api/v1/backend-modules/M279","/","/api/v1/backend-modules/M279/","C:\Users\DIYA GOEL\Downloads\EBDESIGN\backend\src\modules\M279\routes.js","legacyModuleM279Routes","1402","20"
"POST","/api/v1/backend-modules/M279","/bulk","/api/v1/backend-modules/M279/bulk","C:\Users\DIYA GOEL\Downloads\EBDESIGN\backend\src\modules\M279\routes.js","legacyModuleM279Routes","1402","28"
"GET","/api/v1/backend-modules/M279","/search","/api/v1/backend-modules/M279/search","C:\Users\DIYA GOEL\Downloads\EBDESIGN\backend\src\modules\M279\routes.js","legacyModuleM279Routes","1402","36"
"POST","/api/v1/backend-modules/M279","/","/api/v1/backend-modules/M279/","C:\Users\DIYA GOEL\Downloads\EBDESIGN\backend\src\modules\M279\routes.js","legacyModuleM279Routes","1402","44"
"GET","/api/v1/backend-modules/M279","/:id","/api/v1/backend-modules/M279/:id","C:\Users\DIYA GOEL\Downloads\EBDESIGN\backend\src\modules\M279\routes.js","legacyModuleM279Routes","1402","51"
"PUT","/api/v1/backend-modules/M279","/:id","/api/v1/backend-modules/M279/:id","C:\Users\DIYA GOEL\Downloads\EBDESIGN\backend\src\modules\M279\routes.js","legacyModuleM279Routes","1402","58"
"DELETE","/api/v1/backend-modules/M279","/:id","/api/v1/backend-modules/M279/:id","C:\Users\DIYA GOEL\Downloads\EBDESIGN\backend\src\modules\M279\routes.js","legacyModuleM279Routes","1402","65"
"GET","/api/v1/backend-modules/M280","/","/api/v1/backend-modules/M280/","C:\Users\DIYA GOEL\Downloads\EBDESIGN\backend\src\modules\M280\routes.js","legacyModuleM280Routes","1403","20"
"POST","/api/v1/backend-modules/M280","/bulk","/api/v1/backend-modules/M280/bulk","C:\Users\DIYA GOEL\Downloads\EBDESIGN\backend\src\modules\M280\routes.js","legacyModuleM280Routes","1403","28"
"GET","/api/v1/backend-modules/M280","/search","/api/v1/backend-modules/M280/search","C:\Users\DIYA GOEL\Downloads\EBDESIGN\backend\src\modules\M280\routes.js","legacyModuleM280Routes","1403","36"
"POST","/api/v1/backend-modules/M280","/","/api/v1/backend-modules/M280/","C:\Users\DIYA GOEL\Downloads\EBDESIGN\backend\src\modules\M280\routes.js","legacyModuleM280Routes","1403","44"
"GET","/api/v1/backend-modules/M280","/:id","/api/v1/backend-modules/M280/:id","C:\Users\DIYA GOEL\Downloads\EBDESIGN\backend\src\modules\M280\routes.js","legacyModuleM280Routes","1403","51"
"PUT","/api/v1/backend-modules/M280","/:id","/api/v1/backend-modules/M280/:id","C:\Users\DIYA GOEL\Downloads\EBDESIGN\backend\src\modules\M280\routes.js","legacyModuleM280Routes","1403","58"
"DELETE","/api/v1/backend-modules/M280","/:id","/api/v1/backend-modules/M280/:id","C:\Users\DIYA GOEL\Downloads\EBDESIGN\backend\src\modules\M280\routes.js","legacyModuleM280Routes","1403","65"
"GET","/api/v1/backend-modules/M281","/","/api/v1/backend-modules/M281/","C:\Users\DIYA GOEL\Downloads\EBDESIGN\backend\src\modules\M281\routes.js","legacyModuleM281Routes","1404","20"
"POST","/api/v1/backend-modules/M281","/bulk","/api/v1/backend-modules/M281/bulk","C:\Users\DIYA GOEL\Downloads\EBDESIGN\backend\src\modules\M281\routes.js","legacyModuleM281Routes","1404","28"
"GET","/api/v1/backend-modules/M281","/search","/api/v1/backend-modules/M281/search","C:\Users\DIYA GOEL\Downloads\EBDESIGN\backend\src\modules\M281\routes.js","legacyModuleM281Routes","1404","36"
"POST","/api/v1/backend-modules/M281","/","/api/v1/backend-modules/M281/","C:\Users\DIYA GOEL\Downloads\EBDESIGN\backend\src\modules\M281\routes.js","legacyModuleM281Routes","1404","44"
"GET","/api/v1/backend-modules/M281","/:id","/api/v1/backend-modules/M281/:id","C:\Users\DIYA GOEL\Downloads\EBDESIGN\backend\src\modules\M281\routes.js","legacyModuleM281Routes","1404","51"
"PUT","/api/v1/backend-modules/M281","/:id","/api/v1/backend-modules/M281/:id","C:\Users\DIYA GOEL\Downloads\EBDESIGN\backend\src\modules\M281\routes.js","legacyModuleM281Routes","1404","58"
"DELETE","/api/v1/backend-modules/M281","/:id","/api/v1/backend-modules/M281/:id","C:\Users\DIYA GOEL\Downloads\EBDESIGN\backend\src\modules\M281\routes.js","legacyModuleM281Routes","1404","65"
"GET","/api/v1/backend-modules/M282","/","/api/v1/backend-modules/M282/","C:\Users\DIYA GOEL\Downloads\EBDESIGN\backend\src\modules\M282\routes.js","legacyModuleM282Routes","1405","20"
"POST","/api/v1/backend-modules/M282","/bulk","/api/v1/backend-modules/M282/bulk","C:\Users\DIYA GOEL\Downloads\EBDESIGN\backend\src\modules\M282\routes.js","legacyModuleM282Routes","1405","28"
"GET","/api/v1/backend-modules/M282","/search","/api/v1/backend-modules/M282/search","C:\Users\DIYA GOEL\Downloads\EBDESIGN\backend\src\modules\M282\routes.js","legacyModuleM282Routes","1405","36"
"POST","/api/v1/backend-modules/M282","/","/api/v1/backend-modules/M282/","C:\Users\DIYA GOEL\Downloads\EBDESIGN\backend\src\modules\M282\routes.js","legacyModuleM282Routes","1405","44"
"GET","/api/v1/backend-modules/M282","/:id","/api/v1/backend-modules/M282/:id","C:\Users\DIYA GOEL\Downloads\EBDESIGN\backend\src\modules\M282\routes.js","legacyModuleM282Routes","1405","51"
"PUT","/api/v1/backend-modules/M282","/:id","/api/v1/backend-modules/M282/:id","C:\Users\DIYA GOEL\Downloads\EBDESIGN\backend\src\modules\M282\routes.js","legacyModuleM282Routes","1405","58"
"DELETE","/api/v1/backend-modules/M282","/:id","/api/v1/backend-modules/M282/:id","C:\Users\DIYA GOEL\Downloads\EBDESIGN\backend\src\modules\M282\routes.js","legacyModuleM282Routes","1405","65"
"GET","/api/v1/backend-modules/M283","/","/api/v1/backend-modules/M283/","C:\Users\DIYA GOEL\Downloads\EBDESIGN\backend\src\modules\M283\routes.js","legacyModuleM283Routes","1406","20"
"POST","/api/v1/backend-modules/M283","/bulk","/api/v1/backend-modules/M283/bulk","C:\Users\DIYA GOEL\Downloads\EBDESIGN\backend\src\modules\M283\routes.js","legacyModuleM283Routes","1406","28"
"GET","/api/v1/backend-modules/M283","/search","/api/v1/backend-modules/M283/search","C:\Users\DIYA GOEL\Downloads\EBDESIGN\backend\src\modules\M283\routes.js","legacyModuleM283Routes","1406","36"
"POST","/api/v1/backend-modules/M283","/","/api/v1/backend-modules/M283/","C:\Users\DIYA GOEL\Downloads\EBDESIGN\backend\src\modules\M283\routes.js","legacyModuleM283Routes","1406","44"
"GET","/api/v1/backend-modules/M283","/:id","/api/v1/backend-modules/M283/:id","C:\Users\DIYA GOEL\Downloads\EBDESIGN\backend\src\modules\M283\routes.js","legacyModuleM283Routes","1406","51"
"PUT","/api/v1/backend-modules/M283","/:id","/api/v1/backend-modules/M283/:id","C:\Users\DIYA GOEL\Downloads\EBDESIGN\backend\src\modules\M283\routes.js","legacyModuleM283Routes","1406","58"
"DELETE","/api/v1/backend-modules/M283","/:id","/api/v1/backend-modules/M283/:id","C:\Users\DIYA GOEL\Downloads\EBDESIGN\backend\src\modules\M283\routes.js","legacyModuleM283Routes","1406","65"
"GET","/api/v1/backend-modules/M284","/","/api/v1/backend-modules/M284/","C:\Users\DIYA GOEL\Downloads\EBDESIGN\backend\src\modules\M284\routes.js","legacyModuleM284Routes","1407","20"
"POST","/api/v1/backend-modules/M284","/bulk","/api/v1/backend-modules/M284/bulk","C:\Users\DIYA GOEL\Downloads\EBDESIGN\backend\src\modules\M284\routes.js","legacyModuleM284Routes","1407","28"
"GET","/api/v1/backend-modules/M284","/search","/api/v1/backend-modules/M284/search","C:\Users\DIYA GOEL\Downloads\EBDESIGN\backend\src\modules\M284\routes.js","legacyModuleM284Routes","1407","36"
"POST","/api/v1/backend-modules/M284","/","/api/v1/backend-modules/M284/","C:\Users\DIYA GOEL\Downloads\EBDESIGN\backend\src\modules\M284\routes.js","legacyModuleM284Routes","1407","44"
"GET","/api/v1/backend-modules/M284","/:id","/api/v1/backend-modules/M284/:id","C:\Users\DIYA GOEL\Downloads\EBDESIGN\backend\src\modules\M284\routes.js","legacyModuleM284Routes","1407","51"
"PUT","/api/v1/backend-modules/M284","/:id","/api/v1/backend-modules/M284/:id","C:\Users\DIYA GOEL\Downloads\EBDESIGN\backend\src\modules\M284\routes.js","legacyModuleM284Routes","1407","58"
"DELETE","/api/v1/backend-modules/M284","/:id","/api/v1/backend-modules/M284/:id","C:\Users\DIYA GOEL\Downloads\EBDESIGN\backend\src\modules\M284\routes.js","legacyModuleM284Routes","1407","65"
"GET","/api/v1/backend-modules/M285","/","/api/v1/backend-modules/M285/","C:\Users\DIYA GOEL\Downloads\EBDESIGN\backend\src\modules\M285\routes.js","legacyModuleM285Routes","1408","20"
"POST","/api/v1/backend-modules/M285","/bulk","/api/v1/backend-modules/M285/bulk","C:\Users\DIYA GOEL\Downloads\EBDESIGN\backend\src\modules\M285\routes.js","legacyModuleM285Routes","1408","28"
"GET","/api/v1/backend-modules/M285","/search","/api/v1/backend-modules/M285/search","C:\Users\DIYA GOEL\Downloads\EBDESIGN\backend\src\modules\M285\routes.js","legacyModuleM285Routes","1408","36"
"POST","/api/v1/backend-modules/M285","/","/api/v1/backend-modules/M285/","C:\Users\DIYA GOEL\Downloads\EBDESIGN\backend\src\modules\M285\routes.js","legacyModuleM285Routes","1408","44"
"GET","/api/v1/backend-modules/M285","/:id","/api/v1/backend-modules/M285/:id","C:\Users\DIYA GOEL\Downloads\EBDESIGN\backend\src\modules\M285\routes.js","legacyModuleM285Routes","1408","51"
"PUT","/api/v1/backend-modules/M285","/:id","/api/v1/backend-modules/M285/:id","C:\Users\DIYA GOEL\Downloads\EBDESIGN\backend\src\modules\M285\routes.js","legacyModuleM285Routes","1408","58"
"DELETE","/api/v1/backend-modules/M285","/:id","/api/v1/backend-modules/M285/:id","C:\Users\DIYA GOEL\Downloads\EBDESIGN\backend\src\modules\M285\routes.js","legacyModuleM285Routes","1408","65"
"GET","/api/v1/backend-modules/M286","/","/api/v1/backend-modules/M286/","C:\Users\DIYA GOEL\Downloads\EBDESIGN\backend\src\modules\M286\routes.js","legacyModuleM286Routes","1409","20"
"POST","/api/v1/backend-modules/M286","/bulk","/api/v1/backend-modules/M286/bulk","C:\Users\DIYA GOEL\Downloads\EBDESIGN\backend\src\modules\M286\routes.js","legacyModuleM286Routes","1409","28"
"GET","/api/v1/backend-modules/M286","/search","/api/v1/backend-modules/M286/search","C:\Users\DIYA GOEL\Downloads\EBDESIGN\backend\src\modules\M286\routes.js","legacyModuleM286Routes","1409","36"
"POST","/api/v1/backend-modules/M286","/","/api/v1/backend-modules/M286/","C:\Users\DIYA GOEL\Downloads\EBDESIGN\backend\src\modules\M286\routes.js","legacyModuleM286Routes","1409","44"
"GET","/api/v1/backend-modules/M286","/:id","/api/v1/backend-modules/M286/:id","C:\Users\DIYA GOEL\Downloads\EBDESIGN\backend\src\modules\M286\routes.js","legacyModuleM286Routes","1409","51"
"PUT","/api/v1/backend-modules/M286","/:id","/api/v1/backend-modules/M286/:id","C:\Users\DIYA GOEL\Downloads\EBDESIGN\backend\src\modules\M286\routes.js","legacyModuleM286Routes","1409","58"
"DELETE","/api/v1/backend-modules/M286","/:id","/api/v1/backend-modules/M286/:id","C:\Users\DIYA GOEL\Downloads\EBDESIGN\backend\src\modules\M286\routes.js","legacyModuleM286Routes","1409","65"
"GET","/api/v1/backend-modules/M287","/","/api/v1/backend-modules/M287/","C:\Users\DIYA GOEL\Downloads\EBDESIGN\backend\src\modules\M287\routes.js","legacyModuleM287Routes","1410","20"
"POST","/api/v1/backend-modules/M287","/bulk","/api/v1/backend-modules/M287/bulk","C:\Users\DIYA GOEL\Downloads\EBDESIGN\backend\src\modules\M287\routes.js","legacyModuleM287Routes","1410","28"
"GET","/api/v1/backend-modules/M287","/search","/api/v1/backend-modules/M287/search","C:\Users\DIYA GOEL\Downloads\EBDESIGN\backend\src\modules\M287\routes.js","legacyModuleM287Routes","1410","36"
"POST","/api/v1/backend-modules/M287","/","/api/v1/backend-modules/M287/","C:\Users\DIYA GOEL\Downloads\EBDESIGN\backend\src\modules\M287\routes.js","legacyModuleM287Routes","1410","44"
"GET","/api/v1/backend-modules/M287","/:id","/api/v1/backend-modules/M287/:id","C:\Users\DIYA GOEL\Downloads\EBDESIGN\backend\src\modules\M287\routes.js","legacyModuleM287Routes","1410","51"
"PUT","/api/v1/backend-modules/M287","/:id","/api/v1/backend-modules/M287/:id","C:\Users\DIYA GOEL\Downloads\EBDESIGN\backend\src\modules\M287\routes.js","legacyModuleM287Routes","1410","58"
"DELETE","/api/v1/backend-modules/M287","/:id","/api/v1/backend-modules/M287/:id","C:\Users\DIYA GOEL\Downloads\EBDESIGN\backend\src\modules\M287\routes.js","legacyModuleM287Routes","1410","65"
"GET","/api/v1/backend-modules/M288","/","/api/v1/backend-modules/M288/","C:\Users\DIYA GOEL\Downloads\EBDESIGN\backend\src\modules\M288\routes.js","legacyModuleM288Routes","1411","20"
"POST","/api/v1/backend-modules/M288","/bulk","/api/v1/backend-modules/M288/bulk","C:\Users\DIYA GOEL\Downloads\EBDESIGN\backend\src\modules\M288\routes.js","legacyModuleM288Routes","1411","28"
"GET","/api/v1/backend-modules/M288","/search","/api/v1/backend-modules/M288/search","C:\Users\DIYA GOEL\Downloads\EBDESIGN\backend\src\modules\M288\routes.js","legacyModuleM288Routes","1411","36"
"POST","/api/v1/backend-modules/M288","/","/api/v1/backend-modules/M288/","C:\Users\DIYA GOEL\Downloads\EBDESIGN\backend\src\modules\M288\routes.js","legacyModuleM288Routes","1411","44"
"GET","/api/v1/backend-modules/M288","/:id","/api/v1/backend-modules/M288/:id","C:\Users\DIYA GOEL\Downloads\EBDESIGN\backend\src\modules\M288\routes.js","legacyModuleM288Routes","1411","51"
"PUT","/api/v1/backend-modules/M288","/:id","/api/v1/backend-modules/M288/:id","C:\Users\DIYA GOEL\Downloads\EBDESIGN\backend\src\modules\M288\routes.js","legacyModuleM288Routes","1411","58"
"DELETE","/api/v1/backend-modules/M288","/:id","/api/v1/backend-modules/M288/:id","C:\Users\DIYA GOEL\Downloads\EBDESIGN\backend\src\modules\M288\routes.js","legacyModuleM288Routes","1411","65"
"GET","/api/v1/backend-modules/M289","/","/api/v1/backend-modules/M289/","C:\Users\DIYA GOEL\Downloads\EBDESIGN\backend\src\modules\M289\routes.js","legacyModuleM289Routes","1412","20"
"POST","/api/v1/backend-modules/M289","/bulk","/api/v1/backend-modules/M289/bulk","C:\Users\DIYA GOEL\Downloads\EBDESIGN\backend\src\modules\M289\routes.js","legacyModuleM289Routes","1412","28"
"GET","/api/v1/backend-modules/M289","/search","/api/v1/backend-modules/M289/search","C:\Users\DIYA GOEL\Downloads\EBDESIGN\backend\src\modules\M289\routes.js","legacyModuleM289Routes","1412","36"
"POST","/api/v1/backend-modules/M289","/","/api/v1/backend-modules/M289/","C:\Users\DIYA GOEL\Downloads\EBDESIGN\backend\src\modules\M289\routes.js","legacyModuleM289Routes","1412","44"
"GET","/api/v1/backend-modules/M289","/:id","/api/v1/backend-modules/M289/:id","C:\Users\DIYA GOEL\Downloads\EBDESIGN\backend\src\modules\M289\routes.js","legacyModuleM289Routes","1412","51"
"PUT","/api/v1/backend-modules/M289","/:id","/api/v1/backend-modules/M289/:id","C:\Users\DIYA GOEL\Downloads\EBDESIGN\backend\src\modules\M289\routes.js","legacyModuleM289Routes","1412","58"
"DELETE","/api/v1/backend-modules/M289","/:id","/api/v1/backend-modules/M289/:id","C:\Users\DIYA GOEL\Downloads\EBDESIGN\backend\src\modules\M289\routes.js","legacyModuleM289Routes","1412","65"
"GET","/api/v1/backend-modules/M290","/","/api/v1/backend-modules/M290/","C:\Users\DIYA GOEL\Downloads\EBDESIGN\backend\src\modules\M290\routes.js","legacyModuleM290Routes","1413","20"
"POST","/api/v1/backend-modules/M290","/bulk","/api/v1/backend-modules/M290/bulk","C:\Users\DIYA GOEL\Downloads\EBDESIGN\backend\src\modules\M290\routes.js","legacyModuleM290Routes","1413","28"
"GET","/api/v1/backend-modules/M290","/search","/api/v1/backend-modules/M290/search","C:\Users\DIYA GOEL\Downloads\EBDESIGN\backend\src\modules\M290\routes.js","legacyModuleM290Routes","1413","36"
"POST","/api/v1/backend-modules/M290","/","/api/v1/backend-modules/M290/","C:\Users\DIYA GOEL\Downloads\EBDESIGN\backend\src\modules\M290\routes.js","legacyModuleM290Routes","1413","44"
"GET","/api/v1/backend-modules/M290","/:id","/api/v1/backend-modules/M290/:id","C:\Users\DIYA GOEL\Downloads\EBDESIGN\backend\src\modules\M290\routes.js","legacyModuleM290Routes","1413","51"
"PUT","/api/v1/backend-modules/M290","/:id","/api/v1/backend-modules/M290/:id","C:\Users\DIYA GOEL\Downloads\EBDESIGN\backend\src\modules\M290\routes.js","legacyModuleM290Routes","1413","58"
"DELETE","/api/v1/backend-modules/M290","/:id","/api/v1/backend-modules/M290/:id","C:\Users\DIYA GOEL\Downloads\EBDESIGN\backend\src\modules\M290\routes.js","legacyModuleM290Routes","1413","65"
"GET","/api/v1/backend-modules/M291","/","/api/v1/backend-modules/M291/","C:\Users\DIYA GOEL\Downloads\EBDESIGN\backend\src\modules\M291\routes.js","legacyModuleM291Routes","1414","20"
"POST","/api/v1/backend-modules/M291","/bulk","/api/v1/backend-modules/M291/bulk","C:\Users\DIYA GOEL\Downloads\EBDESIGN\backend\src\modules\M291\routes.js","legacyModuleM291Routes","1414","28"
"GET","/api/v1/backend-modules/M291","/search","/api/v1/backend-modules/M291/search","C:\Users\DIYA GOEL\Downloads\EBDESIGN\backend\src\modules\M291\routes.js","legacyModuleM291Routes","1414","36"
"POST","/api/v1/backend-modules/M291","/","/api/v1/backend-modules/M291/","C:\Users\DIYA GOEL\Downloads\EBDESIGN\backend\src\modules\M291\routes.js","legacyModuleM291Routes","1414","44"
"GET","/api/v1/backend-modules/M291","/:id","/api/v1/backend-modules/M291/:id","C:\Users\DIYA GOEL\Downloads\EBDESIGN\backend\src\modules\M291\routes.js","legacyModuleM291Routes","1414","51"
"PUT","/api/v1/backend-modules/M291","/:id","/api/v1/backend-modules/M291/:id","C:\Users\DIYA GOEL\Downloads\EBDESIGN\backend\src\modules\M291\routes.js","legacyModuleM291Routes","1414","58"
"DELETE","/api/v1/backend-modules/M291","/:id","/api/v1/backend-modules/M291/:id","C:\Users\DIYA GOEL\Downloads\EBDESIGN\backend\src\modules\M291\routes.js","legacyModuleM291Routes","1414","65"
"GET","/api/v1/backend-modules/M292","/","/api/v1/backend-modules/M292/","C:\Users\DIYA GOEL\Downloads\EBDESIGN\backend\src\modules\M292\routes.js","legacyModuleM292Routes","1415","20"
"POST","/api/v1/backend-modules/M292","/bulk","/api/v1/backend-modules/M292/bulk","C:\Users\DIYA GOEL\Downloads\EBDESIGN\backend\src\modules\M292\routes.js","legacyModuleM292Routes","1415","28"
"GET","/api/v1/backend-modules/M292","/search","/api/v1/backend-modules/M292/search","C:\Users\DIYA GOEL\Downloads\EBDESIGN\backend\src\modules\M292\routes.js","legacyModuleM292Routes","1415","36"
"POST","/api/v1/backend-modules/M292","/","/api/v1/backend-modules/M292/","C:\Users\DIYA GOEL\Downloads\EBDESIGN\backend\src\modules\M292\routes.js","legacyModuleM292Routes","1415","44"
"GET","/api/v1/backend-modules/M292","/:id","/api/v1/backend-modules/M292/:id","C:\Users\DIYA GOEL\Downloads\EBDESIGN\backend\src\modules\M292\routes.js","legacyModuleM292Routes","1415","51"
"PUT","/api/v1/backend-modules/M292","/:id","/api/v1/backend-modules/M292/:id","C:\Users\DIYA GOEL\Downloads\EBDESIGN\backend\src\modules\M292\routes.js","legacyModuleM292Routes","1415","58"
"DELETE","/api/v1/backend-modules/M292","/:id","/api/v1/backend-modules/M292/:id","C:\Users\DIYA GOEL\Downloads\EBDESIGN\backend\src\modules\M292\routes.js","legacyModuleM292Routes","1415","65"
"GET","/api/v1/backend-modules/M293","/","/api/v1/backend-modules/M293/","C:\Users\DIYA GOEL\Downloads\EBDESIGN\backend\src\modules\M293\routes.js","legacyModuleM293Routes","1416","20"
"POST","/api/v1/backend-modules/M293","/bulk","/api/v1/backend-modules/M293/bulk","C:\Users\DIYA GOEL\Downloads\EBDESIGN\backend\src\modules\M293\routes.js","legacyModuleM293Routes","1416","28"
"GET","/api/v1/backend-modules/M293","/search","/api/v1/backend-modules/M293/search","C:\Users\DIYA GOEL\Downloads\EBDESIGN\backend\src\modules\M293\routes.js","legacyModuleM293Routes","1416","36"
"POST","/api/v1/backend-modules/M293","/","/api/v1/backend-modules/M293/","C:\Users\DIYA GOEL\Downloads\EBDESIGN\backend\src\modules\M293\routes.js","legacyModuleM293Routes","1416","44"
"GET","/api/v1/backend-modules/M293","/:id","/api/v1/backend-modules/M293/:id","C:\Users\DIYA GOEL\Downloads\EBDESIGN\backend\src\modules\M293\routes.js","legacyModuleM293Routes","1416","51"
"PUT","/api/v1/backend-modules/M293","/:id","/api/v1/backend-modules/M293/:id","C:\Users\DIYA GOEL\Downloads\EBDESIGN\backend\src\modules\M293\routes.js","legacyModuleM293Routes","1416","58"
"DELETE","/api/v1/backend-modules/M293","/:id","/api/v1/backend-modules/M293/:id","C:\Users\DIYA GOEL\Downloads\EBDESIGN\backend\src\modules\M293\routes.js","legacyModuleM293Routes","1416","65"
"GET","/api/v1/backend-modules/M294","/","/api/v1/backend-modules/M294/","C:\Users\DIYA GOEL\Downloads\EBDESIGN\backend\src\modules\M294\routes.js","legacyModuleM294Routes","1417","20"
"POST","/api/v1/backend-modules/M294","/bulk","/api/v1/backend-modules/M294/bulk","C:\Users\DIYA GOEL\Downloads\EBDESIGN\backend\src\modules\M294\routes.js","legacyModuleM294Routes","1417","28"
"GET","/api/v1/backend-modules/M294","/search","/api/v1/backend-modules/M294/search","C:\Users\DIYA GOEL\Downloads\EBDESIGN\backend\src\modules\M294\routes.js","legacyModuleM294Routes","1417","36"
"POST","/api/v1/backend-modules/M294","/","/api/v1/backend-modules/M294/","C:\Users\DIYA GOEL\Downloads\EBDESIGN\backend\src\modules\M294\routes.js","legacyModuleM294Routes","1417","44"
"GET","/api/v1/backend-modules/M294","/:id","/api/v1/backend-modules/M294/:id","C:\Users\DIYA GOEL\Downloads\EBDESIGN\backend\src\modules\M294\routes.js","legacyModuleM294Routes","1417","51"
"PUT","/api/v1/backend-modules/M294","/:id","/api/v1/backend-modules/M294/:id","C:\Users\DIYA GOEL\Downloads\EBDESIGN\backend\src\modules\M294\routes.js","legacyModuleM294Routes","1417","58"
"DELETE","/api/v1/backend-modules/M294","/:id","/api/v1/backend-modules/M294/:id","C:\Users\DIYA GOEL\Downloads\EBDESIGN\backend\src\modules\M294\routes.js","legacyModuleM294Routes","1417","65"
"GET","/api/v1/backend-modules/M295","/","/api/v1/backend-modules/M295/","C:\Users\DIYA GOEL\Downloads\EBDESIGN\backend\src\modules\M295\routes.js","legacyModuleM295Routes","1418","20"
"POST","/api/v1/backend-modules/M295","/bulk","/api/v1/backend-modules/M295/bulk","C:\Users\DIYA GOEL\Downloads\EBDESIGN\backend\src\modules\M295\routes.js","legacyModuleM295Routes","1418","28"
"GET","/api/v1/backend-modules/M295","/search","/api/v1/backend-modules/M295/search","C:\Users\DIYA GOEL\Downloads\EBDESIGN\backend\src\modules\M295\routes.js","legacyModuleM295Routes","1418","36"
"POST","/api/v1/backend-modules/M295","/","/api/v1/backend-modules/M295/","C:\Users\DIYA GOEL\Downloads\EBDESIGN\backend\src\modules\M295\routes.js","legacyModuleM295Routes","1418","44"
"GET","/api/v1/backend-modules/M295","/:id","/api/v1/backend-modules/M295/:id","C:\Users\DIYA GOEL\Downloads\EBDESIGN\backend\src\modules\M295\routes.js","legacyModuleM295Routes","1418","51"
"PUT","/api/v1/backend-modules/M295","/:id","/api/v1/backend-modules/M295/:id","C:\Users\DIYA GOEL\Downloads\EBDESIGN\backend\src\modules\M295\routes.js","legacyModuleM295Routes","1418","58"
"DELETE","/api/v1/backend-modules/M295","/:id","/api/v1/backend-modules/M295/:id","C:\Users\DIYA GOEL\Downloads\EBDESIGN\backend\src\modules\M295\routes.js","legacyModuleM295Routes","1418","65"
"GET","/api/v1/backend-modules/M296","/","/api/v1/backend-modules/M296/","C:\Users\DIYA GOEL\Downloads\EBDESIGN\backend\src\modules\M296\routes.js","legacyModuleM296Routes","1419","20"
"POST","/api/v1/backend-modules/M296","/bulk","/api/v1/backend-modules/M296/bulk","C:\Users\DIYA GOEL\Downloads\EBDESIGN\backend\src\modules\M296\routes.js","legacyModuleM296Routes","1419","28"
"GET","/api/v1/backend-modules/M296","/search","/api/v1/backend-modules/M296/search","C:\Users\DIYA GOEL\Downloads\EBDESIGN\backend\src\modules\M296\routes.js","legacyModuleM296Routes","1419","36"
"POST","/api/v1/backend-modules/M296","/","/api/v1/backend-modules/M296/","C:\Users\DIYA GOEL\Downloads\EBDESIGN\backend\src\modules\M296\routes.js","legacyModuleM296Routes","1419","44"
"GET","/api/v1/backend-modules/M296","/:id","/api/v1/backend-modules/M296/:id","C:\Users\DIYA GOEL\Downloads\EBDESIGN\backend\src\modules\M296\routes.js","legacyModuleM296Routes","1419","51"
"PUT","/api/v1/backend-modules/M296","/:id","/api/v1/backend-modules/M296/:id","C:\Users\DIYA GOEL\Downloads\EBDESIGN\backend\src\modules\M296\routes.js","legacyModuleM296Routes","1419","58"
"DELETE","/api/v1/backend-modules/M296","/:id","/api/v1/backend-modules/M296/:id","C:\Users\DIYA GOEL\Downloads\EBDESIGN\backend\src\modules\M296\routes.js","legacyModuleM296Routes","1419","65"
"GET","/api/v1/backend-modules/M297","/","/api/v1/backend-modules/M297/","C:\Users\DIYA GOEL\Downloads\EBDESIGN\backend\src\modules\M297\routes.js","legacyModuleM297Routes","1420","20"
"POST","/api/v1/backend-modules/M297","/bulk","/api/v1/backend-modules/M297/bulk","C:\Users\DIYA GOEL\Downloads\EBDESIGN\backend\src\modules\M297\routes.js","legacyModuleM297Routes","1420","28"
"GET","/api/v1/backend-modules/M297","/search","/api/v1/backend-modules/M297/search","C:\Users\DIYA GOEL\Downloads\EBDESIGN\backend\src\modules\M297\routes.js","legacyModuleM297Routes","1420","36"
"POST","/api/v1/backend-modules/M297","/","/api/v1/backend-modules/M297/","C:\Users\DIYA GOEL\Downloads\EBDESIGN\backend\src\modules\M297\routes.js","legacyModuleM297Routes","1420","44"
"GET","/api/v1/backend-modules/M297","/:id","/api/v1/backend-modules/M297/:id","C:\Users\DIYA GOEL\Downloads\EBDESIGN\backend\src\modules\M297\routes.js","legacyModuleM297Routes","1420","51"
"PUT","/api/v1/backend-modules/M297","/:id","/api/v1/backend-modules/M297/:id","C:\Users\DIYA GOEL\Downloads\EBDESIGN\backend\src\modules\M297\routes.js","legacyModuleM297Routes","1420","58"
"DELETE","/api/v1/backend-modules/M297","/:id","/api/v1/backend-modules/M297/:id","C:\Users\DIYA GOEL\Downloads\EBDESIGN\backend\src\modules\M297\routes.js","legacyModuleM297Routes","1420","65"
"GET","/api/v1/backend-modules/M298","/","/api/v1/backend-modules/M298/","C:\Users\DIYA GOEL\Downloads\EBDESIGN\backend\src\modules\M298\routes.js","legacyModuleM298Routes","1421","20"
"POST","/api/v1/backend-modules/M298","/bulk","/api/v1/backend-modules/M298/bulk","C:\Users\DIYA GOEL\Downloads\EBDESIGN\backend\src\modules\M298\routes.js","legacyModuleM298Routes","1421","28"
"GET","/api/v1/backend-modules/M298","/search","/api/v1/backend-modules/M298/search","C:\Users\DIYA GOEL\Downloads\EBDESIGN\backend\src\modules\M298\routes.js","legacyModuleM298Routes","1421","36"
"POST","/api/v1/backend-modules/M298","/","/api/v1/backend-modules/M298/","C:\Users\DIYA GOEL\Downloads\EBDESIGN\backend\src\modules\M298\routes.js","legacyModuleM298Routes","1421","44"
"GET","/api/v1/backend-modules/M298","/:id","/api/v1/backend-modules/M298/:id","C:\Users\DIYA GOEL\Downloads\EBDESIGN\backend\src\modules\M298\routes.js","legacyModuleM298Routes","1421","51"
"PUT","/api/v1/backend-modules/M298","/:id","/api/v1/backend-modules/M298/:id","C:\Users\DIYA GOEL\Downloads\EBDESIGN\backend\src\modules\M298\routes.js","legacyModuleM298Routes","1421","58"
"DELETE","/api/v1/backend-modules/M298","/:id","/api/v1/backend-modules/M298/:id","C:\Users\DIYA GOEL\Downloads\EBDESIGN\backend\src\modules\M298\routes.js","legacyModuleM298Routes","1421","65"
"GET","/api/v1/backend-modules/M299","/","/api/v1/backend-modules/M299/","C:\Users\DIYA GOEL\Downloads\EBDESIGN\backend\src\modules\M299\routes.js","legacyModuleM299Routes","1422","20"
"POST","/api/v1/backend-modules/M299","/bulk","/api/v1/backend-modules/M299/bulk","C:\Users\DIYA GOEL\Downloads\EBDESIGN\backend\src\modules\M299\routes.js","legacyModuleM299Routes","1422","28"
"GET","/api/v1/backend-modules/M299","/search","/api/v1/backend-modules/M299/search","C:\Users\DIYA GOEL\Downloads\EBDESIGN\backend\src\modules\M299\routes.js","legacyModuleM299Routes","1422","36"
"POST","/api/v1/backend-modules/M299","/","/api/v1/backend-modules/M299/","C:\Users\DIYA GOEL\Downloads\EBDESIGN\backend\src\modules\M299\routes.js","legacyModuleM299Routes","1422","44"
"GET","/api/v1/backend-modules/M299","/:id","/api/v1/backend-modules/M299/:id","C:\Users\DIYA GOEL\Downloads\EBDESIGN\backend\src\modules\M299\routes.js","legacyModuleM299Routes","1422","51"
"PUT","/api/v1/backend-modules/M299","/:id","/api/v1/backend-modules/M299/:id","C:\Users\DIYA GOEL\Downloads\EBDESIGN\backend\src\modules\M299\routes.js","legacyModuleM299Routes","1422","58"
"DELETE","/api/v1/backend-modules/M299","/:id","/api/v1/backend-modules/M299/:id","C:\Users\DIYA GOEL\Downloads\EBDESIGN\backend\src\modules\M299\routes.js","legacyModuleM299Routes","1422","65"
"GET","/api/v1/backend-modules/M300","/","/api/v1/backend-modules/M300/","C:\Users\DIYA GOEL\Downloads\EBDESIGN\backend\src\modules\M300\routes.js","legacyModuleM300Routes","1423","20"
"POST","/api/v1/backend-modules/M300","/bulk","/api/v1/backend-modules/M300/bulk","C:\Users\DIYA GOEL\Downloads\EBDESIGN\backend\src\modules\M300\routes.js","legacyModuleM300Routes","1423","28"
"GET","/api/v1/backend-modules/M300","/search","/api/v1/backend-modules/M300/search","C:\Users\DIYA GOEL\Downloads\EBDESIGN\backend\src\modules\M300\routes.js","legacyModuleM300Routes","1423","36"
"POST","/api/v1/backend-modules/M300","/","/api/v1/backend-modules/M300/","C:\Users\DIYA GOEL\Downloads\EBDESIGN\backend\src\modules\M300\routes.js","legacyModuleM300Routes","1423","44"
"GET","/api/v1/backend-modules/M300","/:id","/api/v1/backend-modules/M300/:id","C:\Users\DIYA GOEL\Downloads\EBDESIGN\backend\src\modules\M300\routes.js","legacyModuleM300Routes","1423","51"
"PUT","/api/v1/backend-modules/M300","/:id","/api/v1/backend-modules/M300/:id","C:\Users\DIYA GOEL\Downloads\EBDESIGN\backend\src\modules\M300\routes.js","legacyModuleM300Routes","1423","58"
"DELETE","/api/v1/backend-modules/M300","/:id","/api/v1/backend-modules/M300/:id","C:\Users\DIYA GOEL\Downloads\EBDESIGN\backend\src\modules\M300\routes.js","legacyModuleM300Routes","1423","65"
"GET","/api/v1/backend-modules/M302","/","/api/v1/backend-modules/M302/","C:\Users\DIYA GOEL\Downloads\EBDESIGN\backend\src\modules\M302\routes.js","legacyModuleM302Routes","1424","20"
"POST","/api/v1/backend-modules/M302","/bulk","/api/v1/backend-modules/M302/bulk","C:\Users\DIYA GOEL\Downloads\EBDESIGN\backend\src\modules\M302\routes.js","legacyModuleM302Routes","1424","28"
"GET","/api/v1/backend-modules/M302","/search","/api/v1/backend-modules/M302/search","C:\Users\DIYA GOEL\Downloads\EBDESIGN\backend\src\modules\M302\routes.js","legacyModuleM302Routes","1424","36"
"POST","/api/v1/backend-modules/M302","/","/api/v1/backend-modules/M302/","C:\Users\DIYA GOEL\Downloads\EBDESIGN\backend\src\modules\M302\routes.js","legacyModuleM302Routes","1424","44"
"GET","/api/v1/backend-modules/M302","/:id","/api/v1/backend-modules/M302/:id","C:\Users\DIYA GOEL\Downloads\EBDESIGN\backend\src\modules\M302\routes.js","legacyModuleM302Routes","1424","51"
"PUT","/api/v1/backend-modules/M302","/:id","/api/v1/backend-modules/M302/:id","C:\Users\DIYA GOEL\Downloads\EBDESIGN\backend\src\modules\M302\routes.js","legacyModuleM302Routes","1424","58"
"DELETE","/api/v1/backend-modules/M302","/:id","/api/v1/backend-modules/M302/:id","C:\Users\DIYA GOEL\Downloads\EBDESIGN\backend\src\modules\M302\routes.js","legacyModuleM302Routes","1424","65"
"GET","/api/v1/backend-modules/M303","/","/api/v1/backend-modules/M303/","C:\Users\DIYA GOEL\Downloads\EBDESIGN\backend\src\modules\M303\routes.js","legacyModuleM303Routes","1425","20"
"POST","/api/v1/backend-modules/M303","/bulk","/api/v1/backend-modules/M303/bulk","C:\Users\DIYA GOEL\Downloads\EBDESIGN\backend\src\modules\M303\routes.js","legacyModuleM303Routes","1425","28"
"GET","/api/v1/backend-modules/M303","/search","/api/v1/backend-modules/M303/search","C:\Users\DIYA GOEL\Downloads\EBDESIGN\backend\src\modules\M303\routes.js","legacyModuleM303Routes","1425","36"
"POST","/api/v1/backend-modules/M303","/","/api/v1/backend-modules/M303/","C:\Users\DIYA GOEL\Downloads\EBDESIGN\backend\src\modules\M303\routes.js","legacyModuleM303Routes","1425","44"
"GET","/api/v1/backend-modules/M303","/:id","/api/v1/backend-modules/M303/:id","C:\Users\DIYA GOEL\Downloads\EBDESIGN\backend\src\modules\M303\routes.js","legacyModuleM303Routes","1425","51"
"PUT","/api/v1/backend-modules/M303","/:id","/api/v1/backend-modules/M303/:id","C:\Users\DIYA GOEL\Downloads\EBDESIGN\backend\src\modules\M303\routes.js","legacyModuleM303Routes","1425","58"
"DELETE","/api/v1/backend-modules/M303","/:id","/api/v1/backend-modules/M303/:id","C:\Users\DIYA GOEL\Downloads\EBDESIGN\backend\src\modules\M303\routes.js","legacyModuleM303Routes","1425","65"
"GET","/api/v1/backend-modules/M304","/","/api/v1/backend-modules/M304/","C:\Users\DIYA GOEL\Downloads\EBDESIGN\backend\src\modules\M304\routes.js","legacyModuleM304Routes","1426","20"
"POST","/api/v1/backend-modules/M304","/bulk","/api/v1/backend-modules/M304/bulk","C:\Users\DIYA GOEL\Downloads\EBDESIGN\backend\src\modules\M304\routes.js","legacyModuleM304Routes","1426","28"
"GET","/api/v1/backend-modules/M304","/search","/api/v1/backend-modules/M304/search","C:\Users\DIYA GOEL\Downloads\EBDESIGN\backend\src\modules\M304\routes.js","legacyModuleM304Routes","1426","36"
"POST","/api/v1/backend-modules/M304","/","/api/v1/backend-modules/M304/","C:\Users\DIYA GOEL\Downloads\EBDESIGN\backend\src\modules\M304\routes.js","legacyModuleM304Routes","1426","44"
"GET","/api/v1/backend-modules/M304","/:id","/api/v1/backend-modules/M304/:id","C:\Users\DIYA GOEL\Downloads\EBDESIGN\backend\src\modules\M304\routes.js","legacyModuleM304Routes","1426","51"
"PUT","/api/v1/backend-modules/M304","/:id","/api/v1/backend-modules/M304/:id","C:\Users\DIYA GOEL\Downloads\EBDESIGN\backend\src\modules\M304\routes.js","legacyModuleM304Routes","1426","58"
"DELETE","/api/v1/backend-modules/M304","/:id","/api/v1/backend-modules/M304/:id","C:\Users\DIYA GOEL\Downloads\EBDESIGN\backend\src\modules\M304\routes.js","legacyModuleM304Routes","1426","65"
"GET","/api/v1/backend-modules/M305","/","/api/v1/backend-modules/M305/","C:\Users\DIYA GOEL\Downloads\EBDESIGN\backend\src\modules\M305\routes.js","legacyModuleM305Routes","1427","20"
"POST","/api/v1/backend-modules/M305","/bulk","/api/v1/backend-modules/M305/bulk","C:\Users\DIYA GOEL\Downloads\EBDESIGN\backend\src\modules\M305\routes.js","legacyModuleM305Routes","1427","28"
"GET","/api/v1/backend-modules/M305","/search","/api/v1/backend-modules/M305/search","C:\Users\DIYA GOEL\Downloads\EBDESIGN\backend\src\modules\M305\routes.js","legacyModuleM305Routes","1427","36"
"POST","/api/v1/backend-modules/M305","/","/api/v1/backend-modules/M305/","C:\Users\DIYA GOEL\Downloads\EBDESIGN\backend\src\modules\M305\routes.js","legacyModuleM305Routes","1427","44"
"GET","/api/v1/backend-modules/M305","/:id","/api/v1/backend-modules/M305/:id","C:\Users\DIYA GOEL\Downloads\EBDESIGN\backend\src\modules\M305\routes.js","legacyModuleM305Routes","1427","51"
"PUT","/api/v1/backend-modules/M305","/:id","/api/v1/backend-modules/M305/:id","C:\Users\DIYA GOEL\Downloads\EBDESIGN\backend\src\modules\M305\routes.js","legacyModuleM305Routes","1427","58"
"DELETE","/api/v1/backend-modules/M305","/:id","/api/v1/backend-modules/M305/:id","C:\Users\DIYA GOEL\Downloads\EBDESIGN\backend\src\modules\M305\routes.js","legacyModuleM305Routes","1427","65"
"GET","/api/v1/backend-modules/M306","/","/api/v1/backend-modules/M306/","C:\Users\DIYA GOEL\Downloads\EBDESIGN\backend\src\modules\M306\routes.js","legacyModuleM306Routes","1428","20"
"POST","/api/v1/backend-modules/M306","/bulk","/api/v1/backend-modules/M306/bulk","C:\Users\DIYA GOEL\Downloads\EBDESIGN\backend\src\modules\M306\routes.js","legacyModuleM306Routes","1428","28"
"GET","/api/v1/backend-modules/M306","/search","/api/v1/backend-modules/M306/search","C:\Users\DIYA GOEL\Downloads\EBDESIGN\backend\src\modules\M306\routes.js","legacyModuleM306Routes","1428","36"
"POST","/api/v1/backend-modules/M306","/","/api/v1/backend-modules/M306/","C:\Users\DIYA GOEL\Downloads\EBDESIGN\backend\src\modules\M306\routes.js","legacyModuleM306Routes","1428","44"
"GET","/api/v1/backend-modules/M306","/:id","/api/v1/backend-modules/M306/:id","C:\Users\DIYA GOEL\Downloads\EBDESIGN\backend\src\modules\M306\routes.js","legacyModuleM306Routes","1428","51"
"PUT","/api/v1/backend-modules/M306","/:id","/api/v1/backend-modules/M306/:id","C:\Users\DIYA GOEL\Downloads\EBDESIGN\backend\src\modules\M306\routes.js","legacyModuleM306Routes","1428","58"
"DELETE","/api/v1/backend-modules/M306","/:id","/api/v1/backend-modules/M306/:id","C:\Users\DIYA GOEL\Downloads\EBDESIGN\backend\src\modules\M306\routes.js","legacyModuleM306Routes","1428","65"
"GET","/api/v1/backend-modules/M307","/","/api/v1/backend-modules/M307/","C:\Users\DIYA GOEL\Downloads\EBDESIGN\backend\src\modules\M307\routes.js","legacyModuleM307Routes","1429","20"
"POST","/api/v1/backend-modules/M307","/bulk","/api/v1/backend-modules/M307/bulk","C:\Users\DIYA GOEL\Downloads\EBDESIGN\backend\src\modules\M307\routes.js","legacyModuleM307Routes","1429","28"
"GET","/api/v1/backend-modules/M307","/search","/api/v1/backend-modules/M307/search","C:\Users\DIYA GOEL\Downloads\EBDESIGN\backend\src\modules\M307\routes.js","legacyModuleM307Routes","1429","36"
"POST","/api/v1/backend-modules/M307","/","/api/v1/backend-modules/M307/","C:\Users\DIYA GOEL\Downloads\EBDESIGN\backend\src\modules\M307\routes.js","legacyModuleM307Routes","1429","44"
"GET","/api/v1/backend-modules/M307","/:id","/api/v1/backend-modules/M307/:id","C:\Users\DIYA GOEL\Downloads\EBDESIGN\backend\src\modules\M307\routes.js","legacyModuleM307Routes","1429","51"
"PUT","/api/v1/backend-modules/M307","/:id","/api/v1/backend-modules/M307/:id","C:\Users\DIYA GOEL\Downloads\EBDESIGN\backend\src\modules\M307\routes.js","legacyModuleM307Routes","1429","58"
"DELETE","/api/v1/backend-modules/M307","/:id","/api/v1/backend-modules/M307/:id","C:\Users\DIYA GOEL\Downloads\EBDESIGN\backend\src\modules\M307\routes.js","legacyModuleM307Routes","1429","65"
"GET","/api/v1/backend-modules/M308","/","/api/v1/backend-modules/M308/","C:\Users\DIYA GOEL\Downloads\EBDESIGN\backend\src\modules\M308\routes.js","legacyModuleM308Routes","1430","20"
"POST","/api/v1/backend-modules/M308","/bulk","/api/v1/backend-modules/M308/bulk","C:\Users\DIYA GOEL\Downloads\EBDESIGN\backend\src\modules\M308\routes.js","legacyModuleM308Routes","1430","28"
"GET","/api/v1/backend-modules/M308","/search","/api/v1/backend-modules/M308/search","C:\Users\DIYA GOEL\Downloads\EBDESIGN\backend\src\modules\M308\routes.js","legacyModuleM308Routes","1430","36"
"POST","/api/v1/backend-modules/M308","/","/api/v1/backend-modules/M308/","C:\Users\DIYA GOEL\Downloads\EBDESIGN\backend\src\modules\M308\routes.js","legacyModuleM308Routes","1430","44"
"GET","/api/v1/backend-modules/M308","/:id","/api/v1/backend-modules/M308/:id","C:\Users\DIYA GOEL\Downloads\EBDESIGN\backend\src\modules\M308\routes.js","legacyModuleM308Routes","1430","51"
"PUT","/api/v1/backend-modules/M308","/:id","/api/v1/backend-modules/M308/:id","C:\Users\DIYA GOEL\Downloads\EBDESIGN\backend\src\modules\M308\routes.js","legacyModuleM308Routes","1430","58"
"DELETE","/api/v1/backend-modules/M308","/:id","/api/v1/backend-modules/M308/:id","C:\Users\DIYA GOEL\Downloads\EBDESIGN\backend\src\modules\M308\routes.js","legacyModuleM308Routes","1430","65"
"GET","/api/v1/backend-modules/M309","/","/api/v1/backend-modules/M309/","C:\Users\DIYA GOEL\Downloads\EBDESIGN\backend\src\modules\M309\routes.js","legacyModuleM309Routes","1431","20"
"POST","/api/v1/backend-modules/M309","/bulk","/api/v1/backend-modules/M309/bulk","C:\Users\DIYA GOEL\Downloads\EBDESIGN\backend\src\modules\M309\routes.js","legacyModuleM309Routes","1431","28"
"GET","/api/v1/backend-modules/M309","/search","/api/v1/backend-modules/M309/search","C:\Users\DIYA GOEL\Downloads\EBDESIGN\backend\src\modules\M309\routes.js","legacyModuleM309Routes","1431","36"
"POST","/api/v1/backend-modules/M309","/","/api/v1/backend-modules/M309/","C:\Users\DIYA GOEL\Downloads\EBDESIGN\backend\src\modules\M309\routes.js","legacyModuleM309Routes","1431","44"
"GET","/api/v1/backend-modules/M309","/:id","/api/v1/backend-modules/M309/:id","C:\Users\DIYA GOEL\Downloads\EBDESIGN\backend\src\modules\M309\routes.js","legacyModuleM309Routes","1431","51"
"PUT","/api/v1/backend-modules/M309","/:id","/api/v1/backend-modules/M309/:id","C:\Users\DIYA GOEL\Downloads\EBDESIGN\backend\src\modules\M309\routes.js","legacyModuleM309Routes","1431","58"
"DELETE","/api/v1/backend-modules/M309","/:id","/api/v1/backend-modules/M309/:id","C:\Users\DIYA GOEL\Downloads\EBDESIGN\backend\src\modules\M309\routes.js","legacyModuleM309Routes","1431","65"
"GET","/api/v1/backend-modules/M310","/","/api/v1/backend-modules/M310/","C:\Users\DIYA GOEL\Downloads\EBDESIGN\backend\src\modules\M310\routes.js","legacyModuleM310Routes","1432","20"
"POST","/api/v1/backend-modules/M310","/bulk","/api/v1/backend-modules/M310/bulk","C:\Users\DIYA GOEL\Downloads\EBDESIGN\backend\src\modules\M310\routes.js","legacyModuleM310Routes","1432","28"
"GET","/api/v1/backend-modules/M310","/search","/api/v1/backend-modules/M310/search","C:\Users\DIYA GOEL\Downloads\EBDESIGN\backend\src\modules\M310\routes.js","legacyModuleM310Routes","1432","36"
"POST","/api/v1/backend-modules/M310","/","/api/v1/backend-modules/M310/","C:\Users\DIYA GOEL\Downloads\EBDESIGN\backend\src\modules\M310\routes.js","legacyModuleM310Routes","1432","44"
"GET","/api/v1/backend-modules/M310","/:id","/api/v1/backend-modules/M310/:id","C:\Users\DIYA GOEL\Downloads\EBDESIGN\backend\src\modules\M310\routes.js","legacyModuleM310Routes","1432","51"
"PUT","/api/v1/backend-modules/M310","/:id","/api/v1/backend-modules/M310/:id","C:\Users\DIYA GOEL\Downloads\EBDESIGN\backend\src\modules\M310\routes.js","legacyModuleM310Routes","1432","58"
"DELETE","/api/v1/backend-modules/M310","/:id","/api/v1/backend-modules/M310/:id","C:\Users\DIYA GOEL\Downloads\EBDESIGN\backend\src\modules\M310\routes.js","legacyModuleM310Routes","1432","65"
"GET","/api/v1/backend-modules/M311","/","/api/v1/backend-modules/M311/","C:\Users\DIYA GOEL\Downloads\EBDESIGN\backend\src\modules\M311\routes.js","legacyModuleM311Routes","1433","20"
"POST","/api/v1/backend-modules/M311","/bulk","/api/v1/backend-modules/M311/bulk","C:\Users\DIYA GOEL\Downloads\EBDESIGN\backend\src\modules\M311\routes.js","legacyModuleM311Routes","1433","28"
"GET","/api/v1/backend-modules/M311","/search","/api/v1/backend-modules/M311/search","C:\Users\DIYA GOEL\Downloads\EBDESIGN\backend\src\modules\M311\routes.js","legacyModuleM311Routes","1433","36"
"POST","/api/v1/backend-modules/M311","/","/api/v1/backend-modules/M311/","C:\Users\DIYA GOEL\Downloads\EBDESIGN\backend\src\modules\M311\routes.js","legacyModuleM311Routes","1433","44"
"GET","/api/v1/backend-modules/M311","/:id","/api/v1/backend-modules/M311/:id","C:\Users\DIYA GOEL\Downloads\EBDESIGN\backend\src\modules\M311\routes.js","legacyModuleM311Routes","1433","51"
"PUT","/api/v1/backend-modules/M311","/:id","/api/v1/backend-modules/M311/:id","C:\Users\DIYA GOEL\Downloads\EBDESIGN\backend\src\modules\M311\routes.js","legacyModuleM311Routes","1433","58"
"DELETE","/api/v1/backend-modules/M311","/:id","/api/v1/backend-modules/M311/:id","C:\Users\DIYA GOEL\Downloads\EBDESIGN\backend\src\modules\M311\routes.js","legacyModuleM311Routes","1433","65"
"GET","/api/v1/backend-modules/M312","/","/api/v1/backend-modules/M312/","C:\Users\DIYA GOEL\Downloads\EBDESIGN\backend\src\modules\M312\routes.js","legacyModuleM312Routes","1434","20"
"POST","/api/v1/backend-modules/M312","/bulk","/api/v1/backend-modules/M312/bulk","C:\Users\DIYA GOEL\Downloads\EBDESIGN\backend\src\modules\M312\routes.js","legacyModuleM312Routes","1434","28"
"GET","/api/v1/backend-modules/M312","/search","/api/v1/backend-modules/M312/search","C:\Users\DIYA GOEL\Downloads\EBDESIGN\backend\src\modules\M312\routes.js","legacyModuleM312Routes","1434","36"
"POST","/api/v1/backend-modules/M312","/","/api/v1/backend-modules/M312/","C:\Users\DIYA GOEL\Downloads\EBDESIGN\backend\src\modules\M312\routes.js","legacyModuleM312Routes","1434","44"
"GET","/api/v1/backend-modules/M312","/:id","/api/v1/backend-modules/M312/:id","C:\Users\DIYA GOEL\Downloads\EBDESIGN\backend\src\modules\M312\routes.js","legacyModuleM312Routes","1434","51"
"PUT","/api/v1/backend-modules/M312","/:id","/api/v1/backend-modules/M312/:id","C:\Users\DIYA GOEL\Downloads\EBDESIGN\backend\src\modules\M312\routes.js","legacyModuleM312Routes","1434","58"
"DELETE","/api/v1/backend-modules/M312","/:id","/api/v1/backend-modules/M312/:id","C:\Users\DIYA GOEL\Downloads\EBDESIGN\backend\src\modules\M312\routes.js","legacyModuleM312Routes","1434","65"
"GET","/api/v1/backend-modules/M313","/","/api/v1/backend-modules/M313/","C:\Users\DIYA GOEL\Downloads\EBDESIGN\backend\src\modules\M313\routes.js","legacyModuleM313Routes","1435","20"
"POST","/api/v1/backend-modules/M313","/bulk","/api/v1/backend-modules/M313/bulk","C:\Users\DIYA GOEL\Downloads\EBDESIGN\backend\src\modules\M313\routes.js","legacyModuleM313Routes","1435","28"
"GET","/api/v1/backend-modules/M313","/search","/api/v1/backend-modules/M313/search","C:\Users\DIYA GOEL\Downloads\EBDESIGN\backend\src\modules\M313\routes.js","legacyModuleM313Routes","1435","36"
"POST","/api/v1/backend-modules/M313","/","/api/v1/backend-modules/M313/","C:\Users\DIYA GOEL\Downloads\EBDESIGN\backend\src\modules\M313\routes.js","legacyModuleM313Routes","1435","44"
"GET","/api/v1/backend-modules/M313","/:id","/api/v1/backend-modules/M313/:id","C:\Users\DIYA GOEL\Downloads\EBDESIGN\backend\src\modules\M313\routes.js","legacyModuleM313Routes","1435","51"
"PUT","/api/v1/backend-modules/M313","/:id","/api/v1/backend-modules/M313/:id","C:\Users\DIYA GOEL\Downloads\EBDESIGN\backend\src\modules\M313\routes.js","legacyModuleM313Routes","1435","58"
"DELETE","/api/v1/backend-modules/M313","/:id","/api/v1/backend-modules/M313/:id","C:\Users\DIYA GOEL\Downloads\EBDESIGN\backend\src\modules\M313\routes.js","legacyModuleM313Routes","1435","65"
"GET","/api/v1/backend-modules/M314","/","/api/v1/backend-modules/M314/","C:\Users\DIYA GOEL\Downloads\EBDESIGN\backend\src\modules\M314\routes.js","legacyModuleM314Routes","1436","20"
"POST","/api/v1/backend-modules/M314","/bulk","/api/v1/backend-modules/M314/bulk","C:\Users\DIYA GOEL\Downloads\EBDESIGN\backend\src\modules\M314\routes.js","legacyModuleM314Routes","1436","28"
"GET","/api/v1/backend-modules/M314","/search","/api/v1/backend-modules/M314/search","C:\Users\DIYA GOEL\Downloads\EBDESIGN\backend\src\modules\M314\routes.js","legacyModuleM314Routes","1436","36"
"POST","/api/v1/backend-modules/M314","/","/api/v1/backend-modules/M314/","C:\Users\DIYA GOEL\Downloads\EBDESIGN\backend\src\modules\M314\routes.js","legacyModuleM314Routes","1436","44"
"GET","/api/v1/backend-modules/M314","/:id","/api/v1/backend-modules/M314/:id","C:\Users\DIYA GOEL\Downloads\EBDESIGN\backend\src\modules\M314\routes.js","legacyModuleM314Routes","1436","51"
"PUT","/api/v1/backend-modules/M314","/:id","/api/v1/backend-modules/M314/:id","C:\Users\DIYA GOEL\Downloads\EBDESIGN\backend\src\modules\M314\routes.js","legacyModuleM314Routes","1436","58"
"DELETE","/api/v1/backend-modules/M314","/:id","/api/v1/backend-modules/M314/:id","C:\Users\DIYA GOEL\Downloads\EBDESIGN\backend\src\modules\M314\routes.js","legacyModuleM314Routes","1436","65"
"GET","/api/v1/backend-modules/M315","/","/api/v1/backend-modules/M315/","C:\Users\DIYA GOEL\Downloads\EBDESIGN\backend\src\modules\M315\routes.js","legacyModuleM315Routes","1437","20"
"POST","/api/v1/backend-modules/M315","/bulk","/api/v1/backend-modules/M315/bulk","C:\Users\DIYA GOEL\Downloads\EBDESIGN\backend\src\modules\M315\routes.js","legacyModuleM315Routes","1437","28"
"GET","/api/v1/backend-modules/M315","/search","/api/v1/backend-modules/M315/search","C:\Users\DIYA GOEL\Downloads\EBDESIGN\backend\src\modules\M315\routes.js","legacyModuleM315Routes","1437","36"
"POST","/api/v1/backend-modules/M315","/","/api/v1/backend-modules/M315/","C:\Users\DIYA GOEL\Downloads\EBDESIGN\backend\src\modules\M315\routes.js","legacyModuleM315Routes","1437","44"
"GET","/api/v1/backend-modules/M315","/:id","/api/v1/backend-modules/M315/:id","C:\Users\DIYA GOEL\Downloads\EBDESIGN\backend\src\modules\M315\routes.js","legacyModuleM315Routes","1437","51"
"PUT","/api/v1/backend-modules/M315","/:id","/api/v1/backend-modules/M315/:id","C:\Users\DIYA GOEL\Downloads\EBDESIGN\backend\src\modules\M315\routes.js","legacyModuleM315Routes","1437","58"
"DELETE","/api/v1/backend-modules/M315","/:id","/api/v1/backend-modules/M315/:id","C:\Users\DIYA GOEL\Downloads\EBDESIGN\backend\src\modules\M315\routes.js","legacyModuleM315Routes","1437","65"
"GET","/api/v1/backend-modules/M316","/","/api/v1/backend-modules/M316/","C:\Users\DIYA GOEL\Downloads\EBDESIGN\backend\src\modules\M316\routes.js","legacyModuleM316Routes","1438","20"
"POST","/api/v1/backend-modules/M316","/bulk","/api/v1/backend-modules/M316/bulk","C:\Users\DIYA GOEL\Downloads\EBDESIGN\backend\src\modules\M316\routes.js","legacyModuleM316Routes","1438","28"
"GET","/api/v1/backend-modules/M316","/search","/api/v1/backend-modules/M316/search","C:\Users\DIYA GOEL\Downloads\EBDESIGN\backend\src\modules\M316\routes.js","legacyModuleM316Routes","1438","36"
"POST","/api/v1/backend-modules/M316","/","/api/v1/backend-modules/M316/","C:\Users\DIYA GOEL\Downloads\EBDESIGN\backend\src\modules\M316\routes.js","legacyModuleM316Routes","1438","44"
"GET","/api/v1/backend-modules/M316","/:id","/api/v1/backend-modules/M316/:id","C:\Users\DIYA GOEL\Downloads\EBDESIGN\backend\src\modules\M316\routes.js","legacyModuleM316Routes","1438","51"
"PUT","/api/v1/backend-modules/M316","/:id","/api/v1/backend-modules/M316/:id","C:\Users\DIYA GOEL\Downloads\EBDESIGN\backend\src\modules\M316\routes.js","legacyModuleM316Routes","1438","58"
"DELETE","/api/v1/backend-modules/M316","/:id","/api/v1/backend-modules/M316/:id","C:\Users\DIYA GOEL\Downloads\EBDESIGN\backend\src\modules\M316\routes.js","legacyModuleM316Routes","1438","65"
"GET","/api/v1/backend-modules/M317","/","/api/v1/backend-modules/M317/","C:\Users\DIYA GOEL\Downloads\EBDESIGN\backend\src\modules\M317\routes.js","legacyModuleM317Routes","1439","20"
"POST","/api/v1/backend-modules/M317","/bulk","/api/v1/backend-modules/M317/bulk","C:\Users\DIYA GOEL\Downloads\EBDESIGN\backend\src\modules\M317\routes.js","legacyModuleM317Routes","1439","28"
"GET","/api/v1/backend-modules/M317","/search","/api/v1/backend-modules/M317/search","C:\Users\DIYA GOEL\Downloads\EBDESIGN\backend\src\modules\M317\routes.js","legacyModuleM317Routes","1439","36"
"POST","/api/v1/backend-modules/M317","/","/api/v1/backend-modules/M317/","C:\Users\DIYA GOEL\Downloads\EBDESIGN\backend\src\modules\M317\routes.js","legacyModuleM317Routes","1439","44"
"GET","/api/v1/backend-modules/M317","/:id","/api/v1/backend-modules/M317/:id","C:\Users\DIYA GOEL\Downloads\EBDESIGN\backend\src\modules\M317\routes.js","legacyModuleM317Routes","1439","51"
"PUT","/api/v1/backend-modules/M317","/:id","/api/v1/backend-modules/M317/:id","C:\Users\DIYA GOEL\Downloads\EBDESIGN\backend\src\modules\M317\routes.js","legacyModuleM317Routes","1439","58"
"DELETE","/api/v1/backend-modules/M317","/:id","/api/v1/backend-modules/M317/:id","C:\Users\DIYA GOEL\Downloads\EBDESIGN\backend\src\modules\M317\routes.js","legacyModuleM317Routes","1439","65"
"GET","/api/v1/backend-modules/M318","/","/api/v1/backend-modules/M318/","C:\Users\DIYA GOEL\Downloads\EBDESIGN\backend\src\modules\M318\routes.js","legacyModuleM318Routes","1440","20"
"POST","/api/v1/backend-modules/M318","/bulk","/api/v1/backend-modules/M318/bulk","C:\Users\DIYA GOEL\Downloads\EBDESIGN\backend\src\modules\M318\routes.js","legacyModuleM318Routes","1440","28"
"GET","/api/v1/backend-modules/M318","/search","/api/v1/backend-modules/M318/search","C:\Users\DIYA GOEL\Downloads\EBDESIGN\backend\src\modules\M318\routes.js","legacyModuleM318Routes","1440","36"
"POST","/api/v1/backend-modules/M318","/","/api/v1/backend-modules/M318/","C:\Users\DIYA GOEL\Downloads\EBDESIGN\backend\src\modules\M318\routes.js","legacyModuleM318Routes","1440","44"
"GET","/api/v1/backend-modules/M318","/:id","/api/v1/backend-modules/M318/:id","C:\Users\DIYA GOEL\Downloads\EBDESIGN\backend\src\modules\M318\routes.js","legacyModuleM318Routes","1440","51"
"PUT","/api/v1/backend-modules/M318","/:id","/api/v1/backend-modules/M318/:id","C:\Users\DIYA GOEL\Downloads\EBDESIGN\backend\src\modules\M318\routes.js","legacyModuleM318Routes","1440","58"
"DELETE","/api/v1/backend-modules/M318","/:id","/api/v1/backend-modules/M318/:id","C:\Users\DIYA GOEL\Downloads\EBDESIGN\backend\src\modules\M318\routes.js","legacyModuleM318Routes","1440","65"
"GET","/api/v1/backend-modules/M319","/","/api/v1/backend-modules/M319/","C:\Users\DIYA GOEL\Downloads\EBDESIGN\backend\src\modules\M319\routes.js","legacyModuleM319Routes","1441","20"
"POST","/api/v1/backend-modules/M319","/bulk","/api/v1/backend-modules/M319/bulk","C:\Users\DIYA GOEL\Downloads\EBDESIGN\backend\src\modules\M319\routes.js","legacyModuleM319Routes","1441","28"
"GET","/api/v1/backend-modules/M319","/search","/api/v1/backend-modules/M319/search","C:\Users\DIYA GOEL\Downloads\EBDESIGN\backend\src\modules\M319\routes.js","legacyModuleM319Routes","1441","36"
"POST","/api/v1/backend-modules/M319","/","/api/v1/backend-modules/M319/","C:\Users\DIYA GOEL\Downloads\EBDESIGN\backend\src\modules\M319\routes.js","legacyModuleM319Routes","1441","44"
"GET","/api/v1/backend-modules/M319","/:id","/api/v1/backend-modules/M319/:id","C:\Users\DIYA GOEL\Downloads\EBDESIGN\backend\src\modules\M319\routes.js","legacyModuleM319Routes","1441","51"
"PUT","/api/v1/backend-modules/M319","/:id","/api/v1/backend-modules/M319/:id","C:\Users\DIYA GOEL\Downloads\EBDESIGN\backend\src\modules\M319\routes.js","legacyModuleM319Routes","1441","58"
"DELETE","/api/v1/backend-modules/M319","/:id","/api/v1/backend-modules/M319/:id","C:\Users\DIYA GOEL\Downloads\EBDESIGN\backend\src\modules\M319\routes.js","legacyModuleM319Routes","1441","65"
"GET","/api/v1/backend-modules/M320","/","/api/v1/backend-modules/M320/","C:\Users\DIYA GOEL\Downloads\EBDESIGN\backend\src\modules\M320\routes.js","legacyModuleM320Routes","1442","20"
"POST","/api/v1/backend-modules/M320","/bulk","/api/v1/backend-modules/M320/bulk","C:\Users\DIYA GOEL\Downloads\EBDESIGN\backend\src\modules\M320\routes.js","legacyModuleM320Routes","1442","28"
"GET","/api/v1/backend-modules/M320","/search","/api/v1/backend-modules/M320/search","C:\Users\DIYA GOEL\Downloads\EBDESIGN\backend\src\modules\M320\routes.js","legacyModuleM320Routes","1442","36"
"POST","/api/v1/backend-modules/M320","/","/api/v1/backend-modules/M320/","C:\Users\DIYA GOEL\Downloads\EBDESIGN\backend\src\modules\M320\routes.js","legacyModuleM320Routes","1442","44"
"GET","/api/v1/backend-modules/M320","/:id","/api/v1/backend-modules/M320/:id","C:\Users\DIYA GOEL\Downloads\EBDESIGN\backend\src\modules\M320\routes.js","legacyModuleM320Routes","1442","51"
"PUT","/api/v1/backend-modules/M320","/:id","/api/v1/backend-modules/M320/:id","C:\Users\DIYA GOEL\Downloads\EBDESIGN\backend\src\modules\M320\routes.js","legacyModuleM320Routes","1442","58"
"DELETE","/api/v1/backend-modules/M320","/:id","/api/v1/backend-modules/M320/:id","C:\Users\DIYA GOEL\Downloads\EBDESIGN\backend\src\modules\M320\routes.js","legacyModuleM320Routes","1442","65"
"GET","/api/v1/backend-modules/M321","/","/api/v1/backend-modules/M321/","C:\Users\DIYA GOEL\Downloads\EBDESIGN\backend\src\modules\M321\routes.js","legacyModuleM321Routes","1443","20"
"POST","/api/v1/backend-modules/M321","/bulk","/api/v1/backend-modules/M321/bulk","C:\Users\DIYA GOEL\Downloads\EBDESIGN\backend\src\modules\M321\routes.js","legacyModuleM321Routes","1443","28"
"GET","/api/v1/backend-modules/M321","/search","/api/v1/backend-modules/M321/search","C:\Users\DIYA GOEL\Downloads\EBDESIGN\backend\src\modules\M321\routes.js","legacyModuleM321Routes","1443","36"
"POST","/api/v1/backend-modules/M321","/","/api/v1/backend-modules/M321/","C:\Users\DIYA GOEL\Downloads\EBDESIGN\backend\src\modules\M321\routes.js","legacyModuleM321Routes","1443","44"
"GET","/api/v1/backend-modules/M321","/:id","/api/v1/backend-modules/M321/:id","C:\Users\DIYA GOEL\Downloads\EBDESIGN\backend\src\modules\M321\routes.js","legacyModuleM321Routes","1443","51"
"PUT","/api/v1/backend-modules/M321","/:id","/api/v1/backend-modules/M321/:id","C:\Users\DIYA GOEL\Downloads\EBDESIGN\backend\src\modules\M321\routes.js","legacyModuleM321Routes","1443","58"
"DELETE","/api/v1/backend-modules/M321","/:id","/api/v1/backend-modules/M321/:id","C:\Users\DIYA GOEL\Downloads\EBDESIGN\backend\src\modules\M321\routes.js","legacyModuleM321Routes","1443","65"
"GET","/api/v1/backend-modules/M322","/","/api/v1/backend-modules/M322/","C:\Users\DIYA GOEL\Downloads\EBDESIGN\backend\src\modules\M322\routes.js","legacyModuleM322Routes","1444","20"
"POST","/api/v1/backend-modules/M322","/bulk","/api/v1/backend-modules/M322/bulk","C:\Users\DIYA GOEL\Downloads\EBDESIGN\backend\src\modules\M322\routes.js","legacyModuleM322Routes","1444","28"
"GET","/api/v1/backend-modules/M322","/search","/api/v1/backend-modules/M322/search","C:\Users\DIYA GOEL\Downloads\EBDESIGN\backend\src\modules\M322\routes.js","legacyModuleM322Routes","1444","36"
"POST","/api/v1/backend-modules/M322","/","/api/v1/backend-modules/M322/","C:\Users\DIYA GOEL\Downloads\EBDESIGN\backend\src\modules\M322\routes.js","legacyModuleM322Routes","1444","44"
"GET","/api/v1/backend-modules/M322","/:id","/api/v1/backend-modules/M322/:id","C:\Users\DIYA GOEL\Downloads\EBDESIGN\backend\src\modules\M322\routes.js","legacyModuleM322Routes","1444","51"
"PUT","/api/v1/backend-modules/M322","/:id","/api/v1/backend-modules/M322/:id","C:\Users\DIYA GOEL\Downloads\EBDESIGN\backend\src\modules\M322\routes.js","legacyModuleM322Routes","1444","58"
"DELETE","/api/v1/backend-modules/M322","/:id","/api/v1/backend-modules/M322/:id","C:\Users\DIYA GOEL\Downloads\EBDESIGN\backend\src\modules\M322\routes.js","legacyModuleM322Routes","1444","65"
"GET","/api/v1/backend-modules/M323","/","/api/v1/backend-modules/M323/","C:\Users\DIYA GOEL\Downloads\EBDESIGN\backend\src\modules\M323\routes.js","legacyModuleM323Routes","1445","20"
"POST","/api/v1/backend-modules/M323","/bulk","/api/v1/backend-modules/M323/bulk","C:\Users\DIYA GOEL\Downloads\EBDESIGN\backend\src\modules\M323\routes.js","legacyModuleM323Routes","1445","28"
"GET","/api/v1/backend-modules/M323","/search","/api/v1/backend-modules/M323/search","C:\Users\DIYA GOEL\Downloads\EBDESIGN\backend\src\modules\M323\routes.js","legacyModuleM323Routes","1445","36"
"POST","/api/v1/backend-modules/M323","/","/api/v1/backend-modules/M323/","C:\Users\DIYA GOEL\Downloads\EBDESIGN\backend\src\modules\M323\routes.js","legacyModuleM323Routes","1445","44"
"GET","/api/v1/backend-modules/M323","/:id","/api/v1/backend-modules/M323/:id","C:\Users\DIYA GOEL\Downloads\EBDESIGN\backend\src\modules\M323\routes.js","legacyModuleM323Routes","1445","51"
"PUT","/api/v1/backend-modules/M323","/:id","/api/v1/backend-modules/M323/:id","C:\Users\DIYA GOEL\Downloads\EBDESIGN\backend\src\modules\M323\routes.js","legacyModuleM323Routes","1445","58"
"DELETE","/api/v1/backend-modules/M323","/:id","/api/v1/backend-modules/M323/:id","C:\Users\DIYA GOEL\Downloads\EBDESIGN\backend\src\modules\M323\routes.js","legacyModuleM323Routes","1445","65"
"GET","/api/v1/backend-modules/M324","/","/api/v1/backend-modules/M324/","C:\Users\DIYA GOEL\Downloads\EBDESIGN\backend\src\modules\M324\routes.js","legacyModuleM324Routes","1446","20"
"POST","/api/v1/backend-modules/M324","/bulk","/api/v1/backend-modules/M324/bulk","C:\Users\DIYA GOEL\Downloads\EBDESIGN\backend\src\modules\M324\routes.js","legacyModuleM324Routes","1446","28"
"GET","/api/v1/backend-modules/M324","/search","/api/v1/backend-modules/M324/search","C:\Users\DIYA GOEL\Downloads\EBDESIGN\backend\src\modules\M324\routes.js","legacyModuleM324Routes","1446","36"
"POST","/api/v1/backend-modules/M324","/","/api/v1/backend-modules/M324/","C:\Users\DIYA GOEL\Downloads\EBDESIGN\backend\src\modules\M324\routes.js","legacyModuleM324Routes","1446","44"
"GET","/api/v1/backend-modules/M324","/:id","/api/v1/backend-modules/M324/:id","C:\Users\DIYA GOEL\Downloads\EBDESIGN\backend\src\modules\M324\routes.js","legacyModuleM324Routes","1446","51"
"PUT","/api/v1/backend-modules/M324","/:id","/api/v1/backend-modules/M324/:id","C:\Users\DIYA GOEL\Downloads\EBDESIGN\backend\src\modules\M324\routes.js","legacyModuleM324Routes","1446","58"
"DELETE","/api/v1/backend-modules/M324","/:id","/api/v1/backend-modules/M324/:id","C:\Users\DIYA GOEL\Downloads\EBDESIGN\backend\src\modules\M324\routes.js","legacyModuleM324Routes","1446","65"
"GET","/api/v1/backend-modules/M325","/","/api/v1/backend-modules/M325/","C:\Users\DIYA GOEL\Downloads\EBDESIGN\backend\src\modules\M325\routes.js","legacyModuleM325Routes","1447","20"
"POST","/api/v1/backend-modules/M325","/bulk","/api/v1/backend-modules/M325/bulk","C:\Users\DIYA GOEL\Downloads\EBDESIGN\backend\src\modules\M325\routes.js","legacyModuleM325Routes","1447","28"
"GET","/api/v1/backend-modules/M325","/search","/api/v1/backend-modules/M325/search","C:\Users\DIYA GOEL\Downloads\EBDESIGN\backend\src\modules\M325\routes.js","legacyModuleM325Routes","1447","36"
"POST","/api/v1/backend-modules/M325","/","/api/v1/backend-modules/M325/","C:\Users\DIYA GOEL\Downloads\EBDESIGN\backend\src\modules\M325\routes.js","legacyModuleM325Routes","1447","44"
"GET","/api/v1/backend-modules/M325","/:id","/api/v1/backend-modules/M325/:id","C:\Users\DIYA GOEL\Downloads\EBDESIGN\backend\src\modules\M325\routes.js","legacyModuleM325Routes","1447","51"
"PUT","/api/v1/backend-modules/M325","/:id","/api/v1/backend-modules/M325/:id","C:\Users\DIYA GOEL\Downloads\EBDESIGN\backend\src\modules\M325\routes.js","legacyModuleM325Routes","1447","58"
"DELETE","/api/v1/backend-modules/M325","/:id","/api/v1/backend-modules/M325/:id","C:\Users\DIYA GOEL\Downloads\EBDESIGN\backend\src\modules\M325\routes.js","legacyModuleM325Routes","1447","65"
"GET","/api/v1/backend-modules/M326","/","/api/v1/backend-modules/M326/","C:\Users\DIYA GOEL\Downloads\EBDESIGN\backend\src\modules\M326\routes.js","legacyModuleM326Routes","1448","20"
"POST","/api/v1/backend-modules/M326","/bulk","/api/v1/backend-modules/M326/bulk","C:\Users\DIYA GOEL\Downloads\EBDESIGN\backend\src\modules\M326\routes.js","legacyModuleM326Routes","1448","28"
"GET","/api/v1/backend-modules/M326","/search","/api/v1/backend-modules/M326/search","C:\Users\DIYA GOEL\Downloads\EBDESIGN\backend\src\modules\M326\routes.js","legacyModuleM326Routes","1448","36"
"POST","/api/v1/backend-modules/M326","/","/api/v1/backend-modules/M326/","C:\Users\DIYA GOEL\Downloads\EBDESIGN\backend\src\modules\M326\routes.js","legacyModuleM326Routes","1448","44"
"GET","/api/v1/backend-modules/M326","/:id","/api/v1/backend-modules/M326/:id","C:\Users\DIYA GOEL\Downloads\EBDESIGN\backend\src\modules\M326\routes.js","legacyModuleM326Routes","1448","51"
"PUT","/api/v1/backend-modules/M326","/:id","/api/v1/backend-modules/M326/:id","C:\Users\DIYA GOEL\Downloads\EBDESIGN\backend\src\modules\M326\routes.js","legacyModuleM326Routes","1448","58"
"DELETE","/api/v1/backend-modules/M326","/:id","/api/v1/backend-modules/M326/:id","C:\Users\DIYA GOEL\Downloads\EBDESIGN\backend\src\modules\M326\routes.js","legacyModuleM326Routes","1448","65"
"GET","/api/v1/backend-modules/M327","/","/api/v1/backend-modules/M327/","C:\Users\DIYA GOEL\Downloads\EBDESIGN\backend\src\modules\M327\routes.js","legacyModuleM327Routes","1449","20"
"POST","/api/v1/backend-modules/M327","/bulk","/api/v1/backend-modules/M327/bulk","C:\Users\DIYA GOEL\Downloads\EBDESIGN\backend\src\modules\M327\routes.js","legacyModuleM327Routes","1449","28"
"GET","/api/v1/backend-modules/M327","/search","/api/v1/backend-modules/M327/search","C:\Users\DIYA GOEL\Downloads\EBDESIGN\backend\src\modules\M327\routes.js","legacyModuleM327Routes","1449","36"
"POST","/api/v1/backend-modules/M327","/","/api/v1/backend-modules/M327/","C:\Users\DIYA GOEL\Downloads\EBDESIGN\backend\src\modules\M327\routes.js","legacyModuleM327Routes","1449","44"
"GET","/api/v1/backend-modules/M327","/:id","/api/v1/backend-modules/M327/:id","C:\Users\DIYA GOEL\Downloads\EBDESIGN\backend\src\modules\M327\routes.js","legacyModuleM327Routes","1449","51"
"PUT","/api/v1/backend-modules/M327","/:id","/api/v1/backend-modules/M327/:id","C:\Users\DIYA GOEL\Downloads\EBDESIGN\backend\src\modules\M327\routes.js","legacyModuleM327Routes","1449","58"
"DELETE","/api/v1/backend-modules/M327","/:id","/api/v1/backend-modules/M327/:id","C:\Users\DIYA GOEL\Downloads\EBDESIGN\backend\src\modules\M327\routes.js","legacyModuleM327Routes","1449","65"
"GET","/api/v1/backend-modules/M328","/","/api/v1/backend-modules/M328/","C:\Users\DIYA GOEL\Downloads\EBDESIGN\backend\src\modules\M328\routes.js","legacyModuleM328Routes","1450","20"
"POST","/api/v1/backend-modules/M328","/bulk","/api/v1/backend-modules/M328/bulk","C:\Users\DIYA GOEL\Downloads\EBDESIGN\backend\src\modules\M328\routes.js","legacyModuleM328Routes","1450","28"
"GET","/api/v1/backend-modules/M328","/search","/api/v1/backend-modules/M328/search","C:\Users\DIYA GOEL\Downloads\EBDESIGN\backend\src\modules\M328\routes.js","legacyModuleM328Routes","1450","36"
"POST","/api/v1/backend-modules/M328","/","/api/v1/backend-modules/M328/","C:\Users\DIYA GOEL\Downloads\EBDESIGN\backend\src\modules\M328\routes.js","legacyModuleM328Routes","1450","44"
"GET","/api/v1/backend-modules/M328","/:id","/api/v1/backend-modules/M328/:id","C:\Users\DIYA GOEL\Downloads\EBDESIGN\backend\src\modules\M328\routes.js","legacyModuleM328Routes","1450","51"
"PUT","/api/v1/backend-modules/M328","/:id","/api/v1/backend-modules/M328/:id","C:\Users\DIYA GOEL\Downloads\EBDESIGN\backend\src\modules\M328\routes.js","legacyModuleM328Routes","1450","58"
"DELETE","/api/v1/backend-modules/M328","/:id","/api/v1/backend-modules/M328/:id","C:\Users\DIYA GOEL\Downloads\EBDESIGN\backend\src\modules\M328\routes.js","legacyModuleM328Routes","1450","65"
"GET","/api/v1/backend-modules/M329","/","/api/v1/backend-modules/M329/","C:\Users\DIYA GOEL\Downloads\EBDESIGN\backend\src\modules\M329\routes.js","legacyModuleM329Routes","1451","20"
"POST","/api/v1/backend-modules/M329","/bulk","/api/v1/backend-modules/M329/bulk","C:\Users\DIYA GOEL\Downloads\EBDESIGN\backend\src\modules\M329\routes.js","legacyModuleM329Routes","1451","28"
"GET","/api/v1/backend-modules/M329","/search","/api/v1/backend-modules/M329/search","C:\Users\DIYA GOEL\Downloads\EBDESIGN\backend\src\modules\M329\routes.js","legacyModuleM329Routes","1451","36"
"POST","/api/v1/backend-modules/M329","/","/api/v1/backend-modules/M329/","C:\Users\DIYA GOEL\Downloads\EBDESIGN\backend\src\modules\M329\routes.js","legacyModuleM329Routes","1451","44"
"GET","/api/v1/backend-modules/M329","/:id","/api/v1/backend-modules/M329/:id","C:\Users\DIYA GOEL\Downloads\EBDESIGN\backend\src\modules\M329\routes.js","legacyModuleM329Routes","1451","51"
"PUT","/api/v1/backend-modules/M329","/:id","/api/v1/backend-modules/M329/:id","C:\Users\DIYA GOEL\Downloads\EBDESIGN\backend\src\modules\M329\routes.js","legacyModuleM329Routes","1451","58"
"DELETE","/api/v1/backend-modules/M329","/:id","/api/v1/backend-modules/M329/:id","C:\Users\DIYA GOEL\Downloads\EBDESIGN\backend\src\modules\M329\routes.js","legacyModuleM329Routes","1451","65"
"GET","/api/v1/backend-modules/M330","/","/api/v1/backend-modules/M330/","C:\Users\DIYA GOEL\Downloads\EBDESIGN\backend\src\modules\M330\routes.js","legacyModuleM330Routes","1452","20"
"POST","/api/v1/backend-modules/M330","/bulk","/api/v1/backend-modules/M330/bulk","C:\Users\DIYA GOEL\Downloads\EBDESIGN\backend\src\modules\M330\routes.js","legacyModuleM330Routes","1452","28"
"GET","/api/v1/backend-modules/M330","/search","/api/v1/backend-modules/M330/search","C:\Users\DIYA GOEL\Downloads\EBDESIGN\backend\src\modules\M330\routes.js","legacyModuleM330Routes","1452","36"
"POST","/api/v1/backend-modules/M330","/","/api/v1/backend-modules/M330/","C:\Users\DIYA GOEL\Downloads\EBDESIGN\backend\src\modules\M330\routes.js","legacyModuleM330Routes","1452","44"
"GET","/api/v1/backend-modules/M330","/:id","/api/v1/backend-modules/M330/:id","C:\Users\DIYA GOEL\Downloads\EBDESIGN\backend\src\modules\M330\routes.js","legacyModuleM330Routes","1452","51"
"PUT","/api/v1/backend-modules/M330","/:id","/api/v1/backend-modules/M330/:id","C:\Users\DIYA GOEL\Downloads\EBDESIGN\backend\src\modules\M330\routes.js","legacyModuleM330Routes","1452","58"
"DELETE","/api/v1/backend-modules/M330","/:id","/api/v1/backend-modules/M330/:id","C:\Users\DIYA GOEL\Downloads\EBDESIGN\backend\src\modules\M330\routes.js","legacyModuleM330Routes","1452","65"
"GET","/api/v1/backend-modules/M331","/","/api/v1/backend-modules/M331/","C:\Users\DIYA GOEL\Downloads\EBDESIGN\backend\src\modules\M331\routes.js","legacyModuleM331Routes","1453","20"
"POST","/api/v1/backend-modules/M331","/bulk","/api/v1/backend-modules/M331/bulk","C:\Users\DIYA GOEL\Downloads\EBDESIGN\backend\src\modules\M331\routes.js","legacyModuleM331Routes","1453","28"
"GET","/api/v1/backend-modules/M331","/search","/api/v1/backend-modules/M331/search","C:\Users\DIYA GOEL\Downloads\EBDESIGN\backend\src\modules\M331\routes.js","legacyModuleM331Routes","1453","36"
"POST","/api/v1/backend-modules/M331","/","/api/v1/backend-modules/M331/","C:\Users\DIYA GOEL\Downloads\EBDESIGN\backend\src\modules\M331\routes.js","legacyModuleM331Routes","1453","44"
"GET","/api/v1/backend-modules/M331","/:id","/api/v1/backend-modules/M331/:id","C:\Users\DIYA GOEL\Downloads\EBDESIGN\backend\src\modules\M331\routes.js","legacyModuleM331Routes","1453","51"
"PUT","/api/v1/backend-modules/M331","/:id","/api/v1/backend-modules/M331/:id","C:\Users\DIYA GOEL\Downloads\EBDESIGN\backend\src\modules\M331\routes.js","legacyModuleM331Routes","1453","58"
"DELETE","/api/v1/backend-modules/M331","/:id","/api/v1/backend-modules/M331/:id","C:\Users\DIYA GOEL\Downloads\EBDESIGN\backend\src\modules\M331\routes.js","legacyModuleM331Routes","1453","65"
"GET","/api/v1/backend-modules/M332","/","/api/v1/backend-modules/M332/","C:\Users\DIYA GOEL\Downloads\EBDESIGN\backend\src\modules\M332\routes.js","legacyModuleM332Routes","1454","20"
"POST","/api/v1/backend-modules/M332","/bulk","/api/v1/backend-modules/M332/bulk","C:\Users\DIYA GOEL\Downloads\EBDESIGN\backend\src\modules\M332\routes.js","legacyModuleM332Routes","1454","28"
"GET","/api/v1/backend-modules/M332","/search","/api/v1/backend-modules/M332/search","C:\Users\DIYA GOEL\Downloads\EBDESIGN\backend\src\modules\M332\routes.js","legacyModuleM332Routes","1454","36"
"POST","/api/v1/backend-modules/M332","/","/api/v1/backend-modules/M332/","C:\Users\DIYA GOEL\Downloads\EBDESIGN\backend\src\modules\M332\routes.js","legacyModuleM332Routes","1454","44"
"GET","/api/v1/backend-modules/M332","/:id","/api/v1/backend-modules/M332/:id","C:\Users\DIYA GOEL\Downloads\EBDESIGN\backend\src\modules\M332\routes.js","legacyModuleM332Routes","1454","51"
"PUT","/api/v1/backend-modules/M332","/:id","/api/v1/backend-modules/M332/:id","C:\Users\DIYA GOEL\Downloads\EBDESIGN\backend\src\modules\M332\routes.js","legacyModuleM332Routes","1454","58"
"DELETE","/api/v1/backend-modules/M332","/:id","/api/v1/backend-modules/M332/:id","C:\Users\DIYA GOEL\Downloads\EBDESIGN\backend\src\modules\M332\routes.js","legacyModuleM332Routes","1454","65"
"GET","/api/v1/backend-modules/M333","/","/api/v1/backend-modules/M333/","C:\Users\DIYA GOEL\Downloads\EBDESIGN\backend\src\modules\M333\routes.js","legacyModuleM333Routes","1455","20"
"POST","/api/v1/backend-modules/M333","/bulk","/api/v1/backend-modules/M333/bulk","C:\Users\DIYA GOEL\Downloads\EBDESIGN\backend\src\modules\M333\routes.js","legacyModuleM333Routes","1455","28"
"GET","/api/v1/backend-modules/M333","/search","/api/v1/backend-modules/M333/search","C:\Users\DIYA GOEL\Downloads\EBDESIGN\backend\src\modules\M333\routes.js","legacyModuleM333Routes","1455","36"
"POST","/api/v1/backend-modules/M333","/","/api/v1/backend-modules/M333/","C:\Users\DIYA GOEL\Downloads\EBDESIGN\backend\src\modules\M333\routes.js","legacyModuleM333Routes","1455","44"
"GET","/api/v1/backend-modules/M333","/:id","/api/v1/backend-modules/M333/:id","C:\Users\DIYA GOEL\Downloads\EBDESIGN\backend\src\modules\M333\routes.js","legacyModuleM333Routes","1455","51"
"PUT","/api/v1/backend-modules/M333","/:id","/api/v1/backend-modules/M333/:id","C:\Users\DIYA GOEL\Downloads\EBDESIGN\backend\src\modules\M333\routes.js","legacyModuleM333Routes","1455","58"
"DELETE","/api/v1/backend-modules/M333","/:id","/api/v1/backend-modules/M333/:id","C:\Users\DIYA GOEL\Downloads\EBDESIGN\backend\src\modules\M333\routes.js","legacyModuleM333Routes","1455","65"
"GET","/api/v1/backend-modules/M334","/","/api/v1/backend-modules/M334/","C:\Users\DIYA GOEL\Downloads\EBDESIGN\backend\src\modules\M334\routes.js","legacyModuleM334Routes","1456","20"
"POST","/api/v1/backend-modules/M334","/bulk","/api/v1/backend-modules/M334/bulk","C:\Users\DIYA GOEL\Downloads\EBDESIGN\backend\src\modules\M334\routes.js","legacyModuleM334Routes","1456","28"
"GET","/api/v1/backend-modules/M334","/search","/api/v1/backend-modules/M334/search","C:\Users\DIYA GOEL\Downloads\EBDESIGN\backend\src\modules\M334\routes.js","legacyModuleM334Routes","1456","36"
"POST","/api/v1/backend-modules/M334","/","/api/v1/backend-modules/M334/","C:\Users\DIYA GOEL\Downloads\EBDESIGN\backend\src\modules\M334\routes.js","legacyModuleM334Routes","1456","44"
"GET","/api/v1/backend-modules/M334","/:id","/api/v1/backend-modules/M334/:id","C:\Users\DIYA GOEL\Downloads\EBDESIGN\backend\src\modules\M334\routes.js","legacyModuleM334Routes","1456","51"
"PUT","/api/v1/backend-modules/M334","/:id","/api/v1/backend-modules/M334/:id","C:\Users\DIYA GOEL\Downloads\EBDESIGN\backend\src\modules\M334\routes.js","legacyModuleM334Routes","1456","58"
"DELETE","/api/v1/backend-modules/M334","/:id","/api/v1/backend-modules/M334/:id","C:\Users\DIYA GOEL\Downloads\EBDESIGN\backend\src\modules\M334\routes.js","legacyModuleM334Routes","1456","65"
"GET","/api/v1/backend-modules/M335","/","/api/v1/backend-modules/M335/","C:\Users\DIYA GOEL\Downloads\EBDESIGN\backend\src\modules\M335\routes.js","legacyModuleM335Routes","1457","20"
"POST","/api/v1/backend-modules/M335","/bulk","/api/v1/backend-modules/M335/bulk","C:\Users\DIYA GOEL\Downloads\EBDESIGN\backend\src\modules\M335\routes.js","legacyModuleM335Routes","1457","28"
"GET","/api/v1/backend-modules/M335","/search","/api/v1/backend-modules/M335/search","C:\Users\DIYA GOEL\Downloads\EBDESIGN\backend\src\modules\M335\routes.js","legacyModuleM335Routes","1457","36"
"POST","/api/v1/backend-modules/M335","/","/api/v1/backend-modules/M335/","C:\Users\DIYA GOEL\Downloads\EBDESIGN\backend\src\modules\M335\routes.js","legacyModuleM335Routes","1457","44"
"GET","/api/v1/backend-modules/M335","/:id","/api/v1/backend-modules/M335/:id","C:\Users\DIYA GOEL\Downloads\EBDESIGN\backend\src\modules\M335\routes.js","legacyModuleM335Routes","1457","51"
"PUT","/api/v1/backend-modules/M335","/:id","/api/v1/backend-modules/M335/:id","C:\Users\DIYA GOEL\Downloads\EBDESIGN\backend\src\modules\M335\routes.js","legacyModuleM335Routes","1457","58"
"DELETE","/api/v1/backend-modules/M335","/:id","/api/v1/backend-modules/M335/:id","C:\Users\DIYA GOEL\Downloads\EBDESIGN\backend\src\modules\M335\routes.js","legacyModuleM335Routes","1457","65"
"GET","/api/v1/backend-modules/M336","/","/api/v1/backend-modules/M336/","C:\Users\DIYA GOEL\Downloads\EBDESIGN\backend\src\modules\M336\routes.js","legacyModuleM336Routes","1458","20"
"POST","/api/v1/backend-modules/M336","/bulk","/api/v1/backend-modules/M336/bulk","C:\Users\DIYA GOEL\Downloads\EBDESIGN\backend\src\modules\M336\routes.js","legacyModuleM336Routes","1458","28"
"GET","/api/v1/backend-modules/M336","/search","/api/v1/backend-modules/M336/search","C:\Users\DIYA GOEL\Downloads\EBDESIGN\backend\src\modules\M336\routes.js","legacyModuleM336Routes","1458","36"
"POST","/api/v1/backend-modules/M336","/","/api/v1/backend-modules/M336/","C:\Users\DIYA GOEL\Downloads\EBDESIGN\backend\src\modules\M336\routes.js","legacyModuleM336Routes","1458","44"
"GET","/api/v1/backend-modules/M336","/:id","/api/v1/backend-modules/M336/:id","C:\Users\DIYA GOEL\Downloads\EBDESIGN\backend\src\modules\M336\routes.js","legacyModuleM336Routes","1458","51"
"PUT","/api/v1/backend-modules/M336","/:id","/api/v1/backend-modules/M336/:id","C:\Users\DIYA GOEL\Downloads\EBDESIGN\backend\src\modules\M336\routes.js","legacyModuleM336Routes","1458","58"
"DELETE","/api/v1/backend-modules/M336","/:id","/api/v1/backend-modules/M336/:id","C:\Users\DIYA GOEL\Downloads\EBDESIGN\backend\src\modules\M336\routes.js","legacyModuleM336Routes","1458","65"
"GET","/api/v1/backend-modules/M337","/","/api/v1/backend-modules/M337/","C:\Users\DIYA GOEL\Downloads\EBDESIGN\backend\src\modules\M337\routes.js","legacyModuleM337Routes","1459","20"
"POST","/api/v1/backend-modules/M337","/bulk","/api/v1/backend-modules/M337/bulk","C:\Users\DIYA GOEL\Downloads\EBDESIGN\backend\src\modules\M337\routes.js","legacyModuleM337Routes","1459","28"
"GET","/api/v1/backend-modules/M337","/search","/api/v1/backend-modules/M337/search","C:\Users\DIYA GOEL\Downloads\EBDESIGN\backend\src\modules\M337\routes.js","legacyModuleM337Routes","1459","36"
"POST","/api/v1/backend-modules/M337","/","/api/v1/backend-modules/M337/","C:\Users\DIYA GOEL\Downloads\EBDESIGN\backend\src\modules\M337\routes.js","legacyModuleM337Routes","1459","44"
"GET","/api/v1/backend-modules/M337","/:id","/api/v1/backend-modules/M337/:id","C:\Users\DIYA GOEL\Downloads\EBDESIGN\backend\src\modules\M337\routes.js","legacyModuleM337Routes","1459","51"
"PUT","/api/v1/backend-modules/M337","/:id","/api/v1/backend-modules/M337/:id","C:\Users\DIYA GOEL\Downloads\EBDESIGN\backend\src\modules\M337\routes.js","legacyModuleM337Routes","1459","58"
"DELETE","/api/v1/backend-modules/M337","/:id","/api/v1/backend-modules/M337/:id","C:\Users\DIYA GOEL\Downloads\EBDESIGN\backend\src\modules\M337\routes.js","legacyModuleM337Routes","1459","65"
"GET","/api/v1/backend-modules/M338","/","/api/v1/backend-modules/M338/","C:\Users\DIYA GOEL\Downloads\EBDESIGN\backend\src\modules\M338\routes.js","legacyModuleM338Routes","1460","20"
"POST","/api/v1/backend-modules/M338","/bulk","/api/v1/backend-modules/M338/bulk","C:\Users\DIYA GOEL\Downloads\EBDESIGN\backend\src\modules\M338\routes.js","legacyModuleM338Routes","1460","28"
"GET","/api/v1/backend-modules/M338","/search","/api/v1/backend-modules/M338/search","C:\Users\DIYA GOEL\Downloads\EBDESIGN\backend\src\modules\M338\routes.js","legacyModuleM338Routes","1460","36"
"POST","/api/v1/backend-modules/M338","/","/api/v1/backend-modules/M338/","C:\Users\DIYA GOEL\Downloads\EBDESIGN\backend\src\modules\M338\routes.js","legacyModuleM338Routes","1460","44"
"GET","/api/v1/backend-modules/M338","/:id","/api/v1/backend-modules/M338/:id","C:\Users\DIYA GOEL\Downloads\EBDESIGN\backend\src\modules\M338\routes.js","legacyModuleM338Routes","1460","51"
"PUT","/api/v1/backend-modules/M338","/:id","/api/v1/backend-modules/M338/:id","C:\Users\DIYA GOEL\Downloads\EBDESIGN\backend\src\modules\M338\routes.js","legacyModuleM338Routes","1460","58"
"DELETE","/api/v1/backend-modules/M338","/:id","/api/v1/backend-modules/M338/:id","C:\Users\DIYA GOEL\Downloads\EBDESIGN\backend\src\modules\M338\routes.js","legacyModuleM338Routes","1460","65"
"GET","/api/v1/backend-modules/M339","/","/api/v1/backend-modules/M339/","C:\Users\DIYA GOEL\Downloads\EBDESIGN\backend\src\modules\M339\routes.js","legacyModuleM339Routes","1461","20"
"POST","/api/v1/backend-modules/M339","/bulk","/api/v1/backend-modules/M339/bulk","C:\Users\DIYA GOEL\Downloads\EBDESIGN\backend\src\modules\M339\routes.js","legacyModuleM339Routes","1461","28"
"GET","/api/v1/backend-modules/M339","/search","/api/v1/backend-modules/M339/search","C:\Users\DIYA GOEL\Downloads\EBDESIGN\backend\src\modules\M339\routes.js","legacyModuleM339Routes","1461","36"
"POST","/api/v1/backend-modules/M339","/","/api/v1/backend-modules/M339/","C:\Users\DIYA GOEL\Downloads\EBDESIGN\backend\src\modules\M339\routes.js","legacyModuleM339Routes","1461","44"
"GET","/api/v1/backend-modules/M339","/:id","/api/v1/backend-modules/M339/:id","C:\Users\DIYA GOEL\Downloads\EBDESIGN\backend\src\modules\M339\routes.js","legacyModuleM339Routes","1461","51"
"PUT","/api/v1/backend-modules/M339","/:id","/api/v1/backend-modules/M339/:id","C:\Users\DIYA GOEL\Downloads\EBDESIGN\backend\src\modules\M339\routes.js","legacyModuleM339Routes","1461","58"
"DELETE","/api/v1/backend-modules/M339","/:id","/api/v1/backend-modules/M339/:id","C:\Users\DIYA GOEL\Downloads\EBDESIGN\backend\src\modules\M339\routes.js","legacyModuleM339Routes","1461","65"
"GET","/api/v1/backend-modules/M340","/","/api/v1/backend-modules/M340/","C:\Users\DIYA GOEL\Downloads\EBDESIGN\backend\src\modules\M340\routes.js","legacyModuleM340Routes","1462","20"
"POST","/api/v1/backend-modules/M340","/bulk","/api/v1/backend-modules/M340/bulk","C:\Users\DIYA GOEL\Downloads\EBDESIGN\backend\src\modules\M340\routes.js","legacyModuleM340Routes","1462","28"
"GET","/api/v1/backend-modules/M340","/search","/api/v1/backend-modules/M340/search","C:\Users\DIYA GOEL\Downloads\EBDESIGN\backend\src\modules\M340\routes.js","legacyModuleM340Routes","1462","36"
"POST","/api/v1/backend-modules/M340","/","/api/v1/backend-modules/M340/","C:\Users\DIYA GOEL\Downloads\EBDESIGN\backend\src\modules\M340\routes.js","legacyModuleM340Routes","1462","44"
"GET","/api/v1/backend-modules/M340","/:id","/api/v1/backend-modules/M340/:id","C:\Users\DIYA GOEL\Downloads\EBDESIGN\backend\src\modules\M340\routes.js","legacyModuleM340Routes","1462","51"
"PUT","/api/v1/backend-modules/M340","/:id","/api/v1/backend-modules/M340/:id","C:\Users\DIYA GOEL\Downloads\EBDESIGN\backend\src\modules\M340\routes.js","legacyModuleM340Routes","1462","58"
"DELETE","/api/v1/backend-modules/M340","/:id","/api/v1/backend-modules/M340/:id","C:\Users\DIYA GOEL\Downloads\EBDESIGN\backend\src\modules\M340\routes.js","legacyModuleM340Routes","1462","65"
"GET","/api/v1/backend-modules/M341","/","/api/v1/backend-modules/M341/","C:\Users\DIYA GOEL\Downloads\EBDESIGN\backend\src\modules\M341\routes.js","legacyModuleM341Routes","1463","20"
"POST","/api/v1/backend-modules/M341","/bulk","/api/v1/backend-modules/M341/bulk","C:\Users\DIYA GOEL\Downloads\EBDESIGN\backend\src\modules\M341\routes.js","legacyModuleM341Routes","1463","28"
"GET","/api/v1/backend-modules/M341","/search","/api/v1/backend-modules/M341/search","C:\Users\DIYA GOEL\Downloads\EBDESIGN\backend\src\modules\M341\routes.js","legacyModuleM341Routes","1463","36"
"POST","/api/v1/backend-modules/M341","/","/api/v1/backend-modules/M341/","C:\Users\DIYA GOEL\Downloads\EBDESIGN\backend\src\modules\M341\routes.js","legacyModuleM341Routes","1463","44"
"GET","/api/v1/backend-modules/M341","/:id","/api/v1/backend-modules/M341/:id","C:\Users\DIYA GOEL\Downloads\EBDESIGN\backend\src\modules\M341\routes.js","legacyModuleM341Routes","1463","51"
"PUT","/api/v1/backend-modules/M341","/:id","/api/v1/backend-modules/M341/:id","C:\Users\DIYA GOEL\Downloads\EBDESIGN\backend\src\modules\M341\routes.js","legacyModuleM341Routes","1463","58"
"DELETE","/api/v1/backend-modules/M341","/:id","/api/v1/backend-modules/M341/:id","C:\Users\DIYA GOEL\Downloads\EBDESIGN\backend\src\modules\M341\routes.js","legacyModuleM341Routes","1463","65"
"GET","/api/v1/backend-modules/M342","/","/api/v1/backend-modules/M342/","C:\Users\DIYA GOEL\Downloads\EBDESIGN\backend\src\modules\M342\routes.js","legacyModuleM342Routes","1464","20"
"POST","/api/v1/backend-modules/M342","/bulk","/api/v1/backend-modules/M342/bulk","C:\Users\DIYA GOEL\Downloads\EBDESIGN\backend\src\modules\M342\routes.js","legacyModuleM342Routes","1464","28"
"GET","/api/v1/backend-modules/M342","/search","/api/v1/backend-modules/M342/search","C:\Users\DIYA GOEL\Downloads\EBDESIGN\backend\src\modules\M342\routes.js","legacyModuleM342Routes","1464","36"
"POST","/api/v1/backend-modules/M342","/","/api/v1/backend-modules/M342/","C:\Users\DIYA GOEL\Downloads\EBDESIGN\backend\src\modules\M342\routes.js","legacyModuleM342Routes","1464","44"
"GET","/api/v1/backend-modules/M342","/:id","/api/v1/backend-modules/M342/:id","C:\Users\DIYA GOEL\Downloads\EBDESIGN\backend\src\modules\M342\routes.js","legacyModuleM342Routes","1464","51"
"PUT","/api/v1/backend-modules/M342","/:id","/api/v1/backend-modules/M342/:id","C:\Users\DIYA GOEL\Downloads\EBDESIGN\backend\src\modules\M342\routes.js","legacyModuleM342Routes","1464","58"
"DELETE","/api/v1/backend-modules/M342","/:id","/api/v1/backend-modules/M342/:id","C:\Users\DIYA GOEL\Downloads\EBDESIGN\backend\src\modules\M342\routes.js","legacyModuleM342Routes","1464","65"
"GET","/api/v1/backend-modules/M343","/","/api/v1/backend-modules/M343/","C:\Users\DIYA GOEL\Downloads\EBDESIGN\backend\src\modules\M343\routes.js","legacyModuleM343Routes","1465","20"
"POST","/api/v1/backend-modules/M343","/bulk","/api/v1/backend-modules/M343/bulk","C:\Users\DIYA GOEL\Downloads\EBDESIGN\backend\src\modules\M343\routes.js","legacyModuleM343Routes","1465","28"
"GET","/api/v1/backend-modules/M343","/search","/api/v1/backend-modules/M343/search","C:\Users\DIYA GOEL\Downloads\EBDESIGN\backend\src\modules\M343\routes.js","legacyModuleM343Routes","1465","36"
"POST","/api/v1/backend-modules/M343","/","/api/v1/backend-modules/M343/","C:\Users\DIYA GOEL\Downloads\EBDESIGN\backend\src\modules\M343\routes.js","legacyModuleM343Routes","1465","44"
"GET","/api/v1/backend-modules/M343","/:id","/api/v1/backend-modules/M343/:id","C:\Users\DIYA GOEL\Downloads\EBDESIGN\backend\src\modules\M343\routes.js","legacyModuleM343Routes","1465","51"
"PUT","/api/v1/backend-modules/M343","/:id","/api/v1/backend-modules/M343/:id","C:\Users\DIYA GOEL\Downloads\EBDESIGN\backend\src\modules\M343\routes.js","legacyModuleM343Routes","1465","58"
"DELETE","/api/v1/backend-modules/M343","/:id","/api/v1/backend-modules/M343/:id","C:\Users\DIYA GOEL\Downloads\EBDESIGN\backend\src\modules\M343\routes.js","legacyModuleM343Routes","1465","65"
"GET","/api/v1/backend-modules/M344","/","/api/v1/backend-modules/M344/","C:\Users\DIYA GOEL\Downloads\EBDESIGN\backend\src\modules\M344\routes.js","legacyModuleM344Routes","1466","20"
"POST","/api/v1/backend-modules/M344","/bulk","/api/v1/backend-modules/M344/bulk","C:\Users\DIYA GOEL\Downloads\EBDESIGN\backend\src\modules\M344\routes.js","legacyModuleM344Routes","1466","28"
"GET","/api/v1/backend-modules/M344","/search","/api/v1/backend-modules/M344/search","C:\Users\DIYA GOEL\Downloads\EBDESIGN\backend\src\modules\M344\routes.js","legacyModuleM344Routes","1466","36"
"POST","/api/v1/backend-modules/M344","/","/api/v1/backend-modules/M344/","C:\Users\DIYA GOEL\Downloads\EBDESIGN\backend\src\modules\M344\routes.js","legacyModuleM344Routes","1466","44"
"GET","/api/v1/backend-modules/M344","/:id","/api/v1/backend-modules/M344/:id","C:\Users\DIYA GOEL\Downloads\EBDESIGN\backend\src\modules\M344\routes.js","legacyModuleM344Routes","1466","51"
"PUT","/api/v1/backend-modules/M344","/:id","/api/v1/backend-modules/M344/:id","C:\Users\DIYA GOEL\Downloads\EBDESIGN\backend\src\modules\M344\routes.js","legacyModuleM344Routes","1466","58"
"DELETE","/api/v1/backend-modules/M344","/:id","/api/v1/backend-modules/M344/:id","C:\Users\DIYA GOEL\Downloads\EBDESIGN\backend\src\modules\M344\routes.js","legacyModuleM344Routes","1466","65"
"GET","/api/yieldmanagement","/health","/api/yieldmanagement/health","C:\Users\DIYA GOEL\Downloads\EBDESIGN\backend\src\routes\yieldManagement.js","yieldManagement","1467","12"
"GET","/api/wikipedia","/health","/api/wikipedia/health","C:\Users\DIYA GOEL\Downloads\EBDESIGN\backend\src\routes\wikipediaRoutes.js","wikipediaRoutes","1468","32"
"GET","/api/wikipedia","/lookup","/api/wikipedia/lookup","C:\Users\DIYA GOEL\Downloads\EBDESIGN\backend\src\routes\wikipediaRoutes.js","wikipediaRoutes","1468","39"
"GET","/api/wikipedia","/summary/:title","/api/wikipedia/summary/:title","C:\Users\DIYA GOEL\Downloads\EBDESIGN\backend\src\routes\wikipediaRoutes.js","wikipediaRoutes","1468","53"
"GET","/api/weather","/health","/api/weather/health","C:\Users\DIYA GOEL\Downloads\EBDESIGN\backend\src\routes\weatherRoutes.js","weatherRoutes","1469","31"
"GET","/api/weather","/coverage","/api/weather/coverage","C:\Users\DIYA GOEL\Downloads\EBDESIGN\backend\src\routes\weatherRoutes.js","weatherRoutes","1469","45"
"GET","/api/weather","/for-arp","/api/weather/for-arp","C:\Users\DIYA GOEL\Downloads\EBDESIGN\backend\src\routes\weatherRoutes.js","weatherRoutes","1469","48"
"GET","/api/weather","/alerts/active","/api/weather/alerts/active","C:\Users\DIYA GOEL\Downloads\EBDESIGN\backend\src\routes\weatherRoutes.js","weatherRoutes","1469","55"
"GET","/api/weather","/alerts/dispatch-check","/api/weather/alerts/dispatch-check","C:\Users\DIYA GOEL\Downloads\EBDESIGN\backend\src\routes\weatherRoutes.js","weatherRoutes","1469","58"
"GET","/api/weather","/pest-forecast","/api/weather/pest-forecast","C:\Users\DIYA GOEL\Downloads\EBDESIGN\backend\src\routes\weatherRoutes.js","weatherRoutes","1469","64"
"GET","/api/weather","/forecast-accuracy","/api/weather/forecast-accuracy","C:\Users\DIYA GOEL\Downloads\EBDESIGN\backend\src\routes\weatherRoutes.js","weatherRoutes","1469","67"
"GET","/api/weather","/advisory-triggers","/api/weather/advisory-triggers","C:\Users\DIYA GOEL\Downloads\EBDESIGN\backend\src\routes\weatherRoutes.js","weatherRoutes","1469","73"
"POST","/api/weather","/observations","/api/weather/observations","C:\Users\DIYA GOEL\Downloads\EBDESIGN\backend\src\routes\weatherRoutes.js","weatherRoutes","1469","76"
"POST","/api/weather","/forecasts","/api/weather/forecasts","C:\Users\DIYA GOEL\Downloads\EBDESIGN\backend\src\routes\weatherRoutes.js","weatherRoutes","1469","79"
"POST","/api/weather","/forecasts/score","/api/weather/forecasts/score","C:\Users\DIYA GOEL\Downloads\EBDESIGN\backend\src\routes\weatherRoutes.js","weatherRoutes","1469","82"
"POST","/api/weather","/alerts","/api/weather/alerts","C:\Users\DIYA GOEL\Downloads\EBDESIGN\backend\src\routes\weatherRoutes.js","weatherRoutes","1469","85"
"GET","/api/weatheradvisory","/weather/:lat/:lng/advisory","/api/weatheradvisory/weather/:lat/:lng/advisory","C:\Users\DIYA GOEL\Downloads\EBDESIGN\backend\src\routes\weatherAdvisory.js","weatherAdvisory","1470","6"
"GET","/api/weatheradvisory","/weather/:lat/:lng/crop-advisory","/api/weatheradvisory/weather/:lat/:lng/crop-advisory","C:\Users\DIYA GOEL\Downloads\EBDESIGN\backend\src\routes\weatherAdvisory.js","weatherAdvisory","1470","13"
"GET","/api/weatheradvisory","/weather/:lat/:lng/alerts","/api/weatheradvisory/weather/:lat/:lng/alerts","C:\Users\DIYA GOEL\Downloads\EBDESIGN\backend\src\routes\weatherAdvisory.js","weatherAdvisory","1470","21"
"POST","/api/v1/sms-auth","/initiate","/api/v1/sms-auth/initiate","C:\Users\DIYA GOEL\Downloads\EBDESIGN\backend\src\services\platform\smsAuthService.js","smsAuthService","1471","490"
"POST","/api/v1/sms-auth","/verify","/api/v1/sms-auth/verify","C:\Users\DIYA GOEL\Downloads\EBDESIGN\backend\src\services\platform\smsAuthService.js","smsAuthService","1471","514"
"POST","/api/v1/sms-auth","/register","/api/v1/sms-auth/register","C:\Users\DIYA GOEL\Downloads\EBDESIGN\backend\src\services\platform\smsAuthService.js","smsAuthService","1471","534"
"POST","/api/v1/sms-auth","/complete-registration","/api/v1/sms-auth/complete-registration","C:\Users\DIYA GOEL\Downloads\EBDESIGN\backend\src\services\platform\smsAuthService.js","smsAuthService","1471","554"
"GET","/api/v1/sms-auth","/languages","/api/v1/sms-auth/languages","C:\Users\DIYA GOEL\Downloads\EBDESIGN\backend\src\services\platform\smsAuthService.js","smsAuthService","1471","574"
"GET","/api/wearableintegration","/status","/api/wearableintegration/status","C:\Users\DIYA GOEL\Downloads\EBDESIGN\backend\src\routes\wearableIntegrationRoutes.js","wearableIntegrationRoutes","1472","19"
"GET","/api/wearableintegration","/fitbit/auth-url","/api/wearableintegration/fitbit/auth-url","C:\Users\DIYA GOEL\Downloads\EBDESIGN\backend\src\routes\wearableIntegrationRoutes.js","wearableIntegrationRoutes","1472","20"
"POST","/api/wearableintegration","/fitbit/callback","/api/wearableintegration/fitbit/callback","C:\Users\DIYA GOEL\Downloads\EBDESIGN\backend\src\routes\wearableIntegrationRoutes.js","wearableIntegrationRoutes","1472","21"
"POST","/api/wearableintegration","/fitbit/sync","/api/wearableintegration/fitbit/sync","C:\Users\DIYA GOEL\Downloads\EBDESIGN\backend\src\routes\wearableIntegrationRoutes.js","wearableIntegrationRoutes","1472","22"
"POST","/api/wearableintegration","/sync","/api/wearableintegration/sync","C:\Users\DIYA GOEL\Downloads\EBDESIGN\backend\src\routes\wearableIntegrationRoutes.js","wearableIntegrationRoutes","1472","23"
"GET","/api/wearableintegration","/activity/recent","/api/wearableintegration/activity/recent","C:\Users\DIYA GOEL\Downloads\EBDESIGN\backend\src\routes\wearableIntegrationRoutes.js","wearableIntegrationRoutes","1472","24"
"DELETE","/api/wearableintegration","/:provider","/api/wearableintegration/:provider","C:\Users\DIYA GOEL\Downloads\EBDESIGN\backend\src\routes\wearableIntegrationRoutes.js","wearableIntegrationRoutes","1472","25"
"POST","/api/watermanagement","/","/api/watermanagement/","C:\Users\DIYA GOEL\Downloads\EBDESIGN\backend\src\routes\waterManagementRoutes.js","waterManagementRoutes","1473","18"
"GET","/api/watermanagement","/health","/api/watermanagement/health","C:\Users\DIYA GOEL\Downloads\EBDESIGN\backend\src\routes\waterManagementRoutes.js","waterManagementRoutes","1473","30"
"GET","/api/warehousemanagement","/health","/api/warehousemanagement/health","C:\Users\DIYA GOEL\Downloads\EBDESIGN\backend\src\routes\warehouseManagement.js","warehouseManagement","1474","12"
"GET","/api/wallet","/balance/:userId","/api/wallet/balance/:userId","C:\Users\DIYA GOEL\Downloads\EBDESIGN\backend\src\routes\walletRoutes.js","walletRoutes","1475","16"
"POST","/api/wallet","/create","/api/wallet/create","C:\Users\DIYA GOEL\Downloads\EBDESIGN\backend\src\routes\walletRoutes.js","walletRoutes","1475","17"
"POST","/api/wallet","/add-funds/:walletId","/api/wallet/add-funds/:walletId","C:\Users\DIYA GOEL\Downloads\EBDESIGN\backend\src\routes\walletRoutes.js","walletRoutes","1475","18"
"GET","/api/wallet","/transactions/:walletId","/api/wallet/transactions/:walletId","C:\Users\DIYA GOEL\Downloads\EBDESIGN\backend\src\routes\walletRoutes.js","walletRoutes","1475","19"
"GET","/api/vr","/health","/api/vr/health","C:\Users\DIYA GOEL\Downloads\EBDESIGN\backend\src\routes\vr.js","vr","1476","12"
"GET","/api/vision","/health","/api/vision/health","C:\Users\DIYA GOEL\Downloads\EBDESIGN\backend\src\routes\visionRoutes.js","visionRoutes","1477","52"
"POST","/api/vision","/analyze-quality","/api/vision/analyze-quality","C:\Users\DIYA GOEL\Downloads\EBDESIGN\backend\src\routes\visionRoutes.js","visionRoutes","1477","78"
"POST","/api/vision","/metadata","/api/vision/metadata","C:\Users\DIYA GOEL\Downloads\EBDESIGN\backend\src\routes\visionRoutes.js","visionRoutes","1477","93"
"POST","/api/vision","/thumbnail","/api/vision/thumbnail","C:\Users\DIYA GOEL\Downloads\EBDESIGN\backend\src\routes\visionRoutes.js","visionRoutes","1477","108"
"POST","/api/vision","/ocr","/api/vision/ocr","C:\Users\DIYA GOEL\Downloads\EBDESIGN\backend\src\routes\visionRoutes.js","visionRoutes","1477","140"
"GET","/api/videoanalytics","/health","/api/videoanalytics/health","C:\Users\DIYA GOEL\Downloads\EBDESIGN\backend\src\routes\videoAnalytics.js","videoAnalytics","1478","12"
"POST","/api/vendor","/","/api/vendor/","C:\Users\DIYA GOEL\Downloads\EBDESIGN\backend\src\routes\vendorRoutes.js","vendorRoutes","1479","18"
"GET","/api/vendor","/health","/api/vendor/health","C:\Users\DIYA GOEL\Downloads\EBDESIGN\backend\src\routes\vendorRoutes.js","vendorRoutes","1479","30"
"POST","/api/user","/","/api/user/","C:\Users\DIYA GOEL\Downloads\EBDESIGN\backend\src\routes\userRoutes.js","userRoutes","1480","18"
"GET","/api/user","/health","/api/user/health","C:\Users\DIYA GOEL\Downloads\EBDESIGN\backend\src\routes\userRoutes.js","userRoutes","1480","30"
"GET","/api/unifiedai","/health","/api/unifiedai/health","C:\Users\DIYA GOEL\Downloads\EBDESIGN\backend\src\routes\unifiedAIRoutes.js","unifiedAIRoutes","1481","39"
"POST","/api/unifiedai","/unified","/api/unifiedai/unified","C:\Users\DIYA GOEL\Downloads\EBDESIGN\backend\src\routes\unifiedAIRoutes.js","unifiedAIRoutes","1481","94"
"POST","/api/unifiedai","/conversational","/api/unifiedai/conversational","C:\Users\DIYA GOEL\Downloads\EBDESIGN\backend\src\routes\unifiedAIRoutes.js","unifiedAIRoutes","1481","98"
"POST","/api/unifiedai","/analytical","/api/unifiedai/analytical","C:\Users\DIYA GOEL\Downloads\EBDESIGN\backend\src\routes\unifiedAIRoutes.js","unifiedAIRoutes","1481","102"
"POST","/api/unifiedai","/automation","/api/unifiedai/automation","C:\Users\DIYA GOEL\Downloads\EBDESIGN\backend\src\routes\unifiedAIRoutes.js","unifiedAIRoutes","1481","106"
"POST","/api/unifiedai","/governance","/api/unifiedai/governance","C:\Users\DIYA GOEL\Downloads\EBDESIGN\backend\src\routes\unifiedAIRoutes.js","unifiedAIRoutes","1481","110"
"GET","/api/unifiedai","/agents","/api/unifiedai/agents","C:\Users\DIYA GOEL\Downloads\EBDESIGN\backend\src\routes\unifiedAIRoutes.js","unifiedAIRoutes","1481","114"
"GET","/api/unifiedai","/usage","/api/unifiedai/usage","C:\Users\DIYA GOEL\Downloads\EBDESIGN\backend\src\routes\unifiedAIRoutes.js","unifiedAIRoutes","1481","118"
"GET","/api/ai","/health","/api/ai/health","C:\Users\DIYA GOEL\Downloads\EBDESIGN\backend\src\routes\unifiedAIRoutes.js","unifiedAIRoutes","1482","39"
"POST","/api/ai","/unified","/api/ai/unified","C:\Users\DIYA GOEL\Downloads\EBDESIGN\backend\src\routes\unifiedAIRoutes.js","unifiedAIRoutes","1482","94"
"POST","/api/ai","/conversational","/api/ai/conversational","C:\Users\DIYA GOEL\Downloads\EBDESIGN\backend\src\routes\unifiedAIRoutes.js","unifiedAIRoutes","1482","98"
"POST","/api/ai","/analytical","/api/ai/analytical","C:\Users\DIYA GOEL\Downloads\EBDESIGN\backend\src\routes\unifiedAIRoutes.js","unifiedAIRoutes","1482","102"
"POST","/api/ai","/automation","/api/ai/automation","C:\Users\DIYA GOEL\Downloads\EBDESIGN\backend\src\routes\unifiedAIRoutes.js","unifiedAIRoutes","1482","106"
"POST","/api/ai","/governance","/api/ai/governance","C:\Users\DIYA GOEL\Downloads\EBDESIGN\backend\src\routes\unifiedAIRoutes.js","unifiedAIRoutes","1482","110"
"GET","/api/ai","/agents","/api/ai/agents","C:\Users\DIYA GOEL\Downloads\EBDESIGN\backend\src\routes\unifiedAIRoutes.js","unifiedAIRoutes","1482","114"
"GET","/api/ai","/usage","/api/ai/usage","C:\Users\DIYA GOEL\Downloads\EBDESIGN\backend\src\routes\unifiedAIRoutes.js","unifiedAIRoutes","1482","118"
"GET","/api/v1/ai","/health","/api/v1/ai/health","C:\Users\DIYA GOEL\Downloads\EBDESIGN\backend\src\routes\unifiedAIRoutes.js","unifiedAIRoutes","1483","39"
"POST","/api/v1/ai","/unified","/api/v1/ai/unified","C:\Users\DIYA GOEL\Downloads\EBDESIGN\backend\src\routes\unifiedAIRoutes.js","unifiedAIRoutes","1483","94"
"POST","/api/v1/ai","/conversational","/api/v1/ai/conversational","C:\Users\DIYA GOEL\Downloads\EBDESIGN\backend\src\routes\unifiedAIRoutes.js","unifiedAIRoutes","1483","98"
"POST","/api/v1/ai","/analytical","/api/v1/ai/analytical","C:\Users\DIYA GOEL\Downloads\EBDESIGN\backend\src\routes\unifiedAIRoutes.js","unifiedAIRoutes","1483","102"
"POST","/api/v1/ai","/automation","/api/v1/ai/automation","C:\Users\DIYA GOEL\Downloads\EBDESIGN\backend\src\routes\unifiedAIRoutes.js","unifiedAIRoutes","1483","106"
"POST","/api/v1/ai","/governance","/api/v1/ai/governance","C:\Users\DIYA GOEL\Downloads\EBDESIGN\backend\src\routes\unifiedAIRoutes.js","unifiedAIRoutes","1483","110"
"GET","/api/v1/ai","/agents","/api/v1/ai/agents","C:\Users\DIYA GOEL\Downloads\EBDESIGN\backend\src\routes\unifiedAIRoutes.js","unifiedAIRoutes","1483","114"
"GET","/api/v1/ai","/usage","/api/v1/ai/usage","C:\Users\DIYA GOEL\Downloads\EBDESIGN\backend\src\routes\unifiedAIRoutes.js","unifiedAIRoutes","1483","118"
"POST","/api/ai/copilot","/session","/api/ai/copilot/session","C:\Users\DIYA GOEL\Downloads\EBDESIGN\backend\src\services\legacy\aiCopilotService.js","aiCopilotFramework","1484","25"
"POST","/api/ai/copilot","/session/:id/message","/api/ai/copilot/session/:id/message","C:\Users\DIYA GOEL\Downloads\EBDESIGN\backend\src\services\legacy\aiCopilotService.js","aiCopilotFramework","1484","48"
"GET","/api/ai/copilot","/sessions","/api/ai/copilot/sessions","C:\Users\DIYA GOEL\Downloads\EBDESIGN\backend\src\services\legacy\aiCopilotService.js","aiCopilotFramework","1484","104"
"GET","/api/ai/copilot","/session/:id/history","/api/ai/copilot/session/:id/history","C:\Users\DIYA GOEL\Downloads\EBDESIGN\backend\src\services\legacy\aiCopilotService.js","aiCopilotFramework","1484","153"
"PUT","/api/ai/copilot","/session/:id/close","/api/ai/copilot/session/:id/close","C:\Users\DIYA GOEL\Downloads\EBDESIGN\backend\src\services\legacy\aiCopilotService.js","aiCopilotFramework","1484","172"
"GET","/api/ai/copilot","/finance/analytics","/api/ai/copilot/finance/analytics","C:\Users\DIYA GOEL\Downloads\EBDESIGN\backend\src\services\legacy\aiCopilotService.js","aiCopilotFramework","1484","231"
"GET","/api/ai/copilot","/logistics/routes","/api/ai/copilot/logistics/routes","C:\Users\DIYA GOEL\Downloads\EBDESIGN\backend\src\services\legacy\aiCopilotService.js","aiCopilotFramework","1484","294"
"GET","/api/ai/copilot","/warehouse/inventory","/api/ai/copilot/warehouse/inventory","C:\Users\DIYA GOEL\Downloads\EBDESIGN\backend\src\services\legacy\aiCopilotService.js","aiCopilotFramework","1484","362"
"GET","/api/ai/copilot","/insurance/policies","/api/ai/copilot/insurance/policies","C:\Users\DIYA GOEL\Downloads\EBDESIGN\backend\src\services\legacy\aiCopilotService.js","aiCopilotFramework","1484","431"
"GET","/api/ai/copilot","/nutrition/analysis","/api/ai/copilot/nutrition/analysis","C:\Users\DIYA GOEL\Downloads\EBDESIGN\backend\src\services\legacy\aiCopilotService.js","aiCopilotFramework","1484","533"
"GET","/api/ai/copilot","/marketplace/trends","/api/ai/copilot/marketplace/trends","C:\Users\DIYA GOEL\Downloads\EBDESIGN\backend\src\services\legacy\aiCopilotService.js","aiCopilotFramework","1484","626"
"GET","/api/ai/copilot","/analytics","/api/ai/copilot/analytics","C:\Users\DIYA GOEL\Downloads\EBDESIGN\backend\src\services\legacy\aiCopilotService.js","aiCopilotFramework","1484","665"
"POST","/api/v1/ai/copilot","/session","/api/v1/ai/copilot/session","C:\Users\DIYA GOEL\Downloads\EBDESIGN\backend\src\services\legacy\aiCopilotService.js","aiCopilotFramework","1485","25"
"POST","/api/v1/ai/copilot","/session/:id/message","/api/v1/ai/copilot/session/:id/message","C:\Users\DIYA GOEL\Downloads\EBDESIGN\backend\src\services\legacy\aiCopilotService.js","aiCopilotFramework","1485","48"
"GET","/api/v1/ai/copilot","/sessions","/api/v1/ai/copilot/sessions","C:\Users\DIYA GOEL\Downloads\EBDESIGN\backend\src\services\legacy\aiCopilotService.js","aiCopilotFramework","1485","104"
"GET","/api/v1/ai/copilot","/session/:id/history","/api/v1/ai/copilot/session/:id/history","C:\Users\DIYA GOEL\Downloads\EBDESIGN\backend\src\services\legacy\aiCopilotService.js","aiCopilotFramework","1485","153"
"PUT","/api/v1/ai/copilot","/session/:id/close","/api/v1/ai/copilot/session/:id/close","C:\Users\DIYA GOEL\Downloads\EBDESIGN\backend\src\services\legacy\aiCopilotService.js","aiCopilotFramework","1485","172"
"GET","/api/v1/ai/copilot","/finance/analytics","/api/v1/ai/copilot/finance/analytics","C:\Users\DIYA GOEL\Downloads\EBDESIGN\backend\src\services\legacy\aiCopilotService.js","aiCopilotFramework","1485","231"
"GET","/api/v1/ai/copilot","/logistics/routes","/api/v1/ai/copilot/logistics/routes","C:\Users\DIYA GOEL\Downloads\EBDESIGN\backend\src\services\legacy\aiCopilotService.js","aiCopilotFramework","1485","294"
"GET","/api/v1/ai/copilot","/warehouse/inventory","/api/v1/ai/copilot/warehouse/inventory","C:\Users\DIYA GOEL\Downloads\EBDESIGN\backend\src\services\legacy\aiCopilotService.js","aiCopilotFramework","1485","362"
"GET","/api/v1/ai/copilot","/insurance/policies","/api/v1/ai/copilot/insurance/policies","C:\Users\DIYA GOEL\Downloads\EBDESIGN\backend\src\services\legacy\aiCopilotService.js","aiCopilotFramework","1485","431"
"GET","/api/v1/ai/copilot","/nutrition/analysis","/api/v1/ai/copilot/nutrition/analysis","C:\Users\DIYA GOEL\Downloads\EBDESIGN\backend\src\services\legacy\aiCopilotService.js","aiCopilotFramework","1485","533"
"GET","/api/v1/ai/copilot","/marketplace/trends","/api/v1/ai/copilot/marketplace/trends","C:\Users\DIYA GOEL\Downloads\EBDESIGN\backend\src\services\legacy\aiCopilotService.js","aiCopilotFramework","1485","626"
"GET","/api/v1/ai/copilot","/analytics","/api/v1/ai/copilot/analytics","C:\Users\DIYA GOEL\Downloads\EBDESIGN\backend\src\services\legacy\aiCopilotService.js","aiCopilotFramework","1485","665"
"POST","/api/ai/models","/","/api/ai/models/","C:\Users\DIYA GOEL\Downloads\EBDESIGN\backend\src\routes\aiModelsRoutes.js","aiModelsRoutes","1486","18"
"GET","/api/ai/models","/health","/api/ai/models/health","C:\Users\DIYA GOEL\Downloads\EBDESIGN\backend\src\routes\aiModelsRoutes.js","aiModelsRoutes","1486","30"
"GET","/api/ai/training","/training/collect-data","/api/ai/training/training/collect-data","C:\Users\DIYA GOEL\Downloads\EBDESIGN\backend\src\routes\aiTrainingEvaluationRoutes.js","aiTrainingEvaluationRoutes","1487","18"
"GET","/api/ai/training","/training/accuracy","/api/ai/training/training/accuracy","C:\Users\DIYA GOEL\Downloads\EBDESIGN\backend\src\routes\aiTrainingEvaluationRoutes.js","aiTrainingEvaluationRoutes","1487","27"
"POST","/api/ai/training","/training/train/:modelType","/api/ai/training/training/train/:modelType","C:\Users\DIYA GOEL\Downloads\EBDESIGN\backend\src\routes\aiTrainingEvaluationRoutes.js","aiTrainingEvaluationRoutes","1487","39"
"GET","/api/ai/training","/training/optimize/:modelType","/api/ai/training/training/optimize/:modelType","C:\Users\DIYA GOEL\Downloads\EBDESIGN\backend\src\routes\aiTrainingEvaluationRoutes.js","aiTrainingEvaluationRoutes","1487","54"
"GET","/api/ai/training","/training/report/:modelType","/api/ai/training/training/report/:modelType","C:\Users\DIYA GOEL\Downloads\EBDESIGN\backend\src\routes\aiTrainingEvaluationRoutes.js","aiTrainingEvaluationRoutes","1487","64"
"GET","/api/ai/training","/training/drift-detection","/api/ai/training/training/drift-detection","C:\Users\DIYA GOEL\Downloads\EBDESIGN\backend\src\routes\aiTrainingEvaluationRoutes.js","aiTrainingEvaluationRoutes","1487","74"
"POST","/api/ai/training","/training/retrain/:modelType","/api/ai/training/training/retrain/:modelType","C:\Users\DIYA GOEL\Downloads\EBDESIGN\backend\src\routes\aiTrainingEvaluationRoutes.js","aiTrainingEvaluationRoutes","1487","87"
"GET","/api/ai/training","/training/metrics/:modelType","/api/ai/training/training/metrics/:modelType","C:\Users\DIYA GOEL\Downloads\EBDESIGN\backend\src\routes\aiTrainingEvaluationRoutes.js","aiTrainingEvaluationRoutes","1487","97"
"GET","/api/ai/training","/training/metrics-all","/api/ai/training/training/metrics-all","C:\Users\DIYA GOEL\Downloads\EBDESIGN\backend\src\routes\aiTrainingEvaluationRoutes.js","aiTrainingEvaluationRoutes","1487","107"
"GET","/api/ai/training","/evaluation/accuracy/:modelType","/api/ai/training/evaluation/accuracy/:modelType","C:\Users\DIYA GOEL\Downloads\EBDESIGN\backend\src\routes\aiTrainingEvaluationRoutes.js","aiTrainingEvaluationRoutes","1487","118"
"GET","/api/ai/training","/evaluation/optimization/:optimizationType","/api/ai/training/evaluation/optimization/:optimizationType","C:\Users\DIYA GOEL\Downloads\EBDESIGN\backend\src\routes\aiTrainingEvaluationRoutes.js","aiTrainingEvaluationRoutes","1487","132"
"GET","/api/ai/training","/evaluation/analysis/:analysisType","/api/ai/training/evaluation/analysis/:analysisType","C:\Users\DIYA GOEL\Downloads\EBDESIGN\backend\src\routes\aiTrainingEvaluationRoutes.js","aiTrainingEvaluationRoutes","1487","144"
"GET","/api/ai/training","/evaluation/model-card/:modelType","/api/ai/training/evaluation/model-card/:modelType","C:\Users\DIYA GOEL\Downloads\EBDESIGN\backend\src\routes\aiTrainingEvaluationRoutes.js","aiTrainingEvaluationRoutes","1487","156"
"POST","/api/ai/training","/evaluation/benchmark/:modelType","/api/ai/training/evaluation/benchmark/:modelType","C:\Users\DIYA GOEL\Downloads\EBDESIGN\backend\src\routes\aiTrainingEvaluationRoutes.js","aiTrainingEvaluationRoutes","1487","168"
"GET","/api/ai/training","/evaluation/end-to-end","/api/ai/training/evaluation/end-to-end","C:\Users\DIYA GOEL\Downloads\EBDESIGN\backend\src\routes\aiTrainingEvaluationRoutes.js","aiTrainingEvaluationRoutes","1487","183"
"GET","/api/ai/training","/evaluation/validate/:modelType","/api/ai/training/evaluation/validate/:modelType","C:\Users\DIYA GOEL\Downloads\EBDESIGN\backend\src\routes\aiTrainingEvaluationRoutes.js","aiTrainingEvaluationRoutes","1487","192"
"GET","/api/ai/training","/evaluation/quality-report","/api/ai/training/evaluation/quality-report","C:\Users\DIYA GOEL\Downloads\EBDESIGN\backend\src\routes\aiTrainingEvaluationRoutes.js","aiTrainingEvaluationRoutes","1487","206"
"GET","/api/ai/training","/health","/api/ai/training/health","C:\Users\DIYA GOEL\Downloads\EBDESIGN\backend\src\routes\aiTrainingEvaluationRoutes.js","aiTrainingEvaluationRoutes","1487","217"
"POST","/api/v1/ai/models","/","/api/v1/ai/models/","C:\Users\DIYA GOEL\Downloads\EBDESIGN\backend\src\routes\aiModelsRoutes.js","aiModelsRoutes","1488","18"
"GET","/api/v1/ai/models","/health","/api/v1/ai/models/health","C:\Users\DIYA GOEL\Downloads\EBDESIGN\backend\src\routes\aiModelsRoutes.js","aiModelsRoutes","1488","30"
"GET","/api/v1/ai/training","/training/collect-data","/api/v1/ai/training/training/collect-data","C:\Users\DIYA GOEL\Downloads\EBDESIGN\backend\src\routes\aiTrainingEvaluationRoutes.js","aiTrainingEvaluationRoutes","1489","18"
"GET","/api/v1/ai/training","/training/accuracy","/api/v1/ai/training/training/accuracy","C:\Users\DIYA GOEL\Downloads\EBDESIGN\backend\src\routes\aiTrainingEvaluationRoutes.js","aiTrainingEvaluationRoutes","1489","27"
"POST","/api/v1/ai/training","/training/train/:modelType","/api/v1/ai/training/training/train/:modelType","C:\Users\DIYA GOEL\Downloads\EBDESIGN\backend\src\routes\aiTrainingEvaluationRoutes.js","aiTrainingEvaluationRoutes","1489","39"
"GET","/api/v1/ai/training","/training/optimize/:modelType","/api/v1/ai/training/training/optimize/:modelType","C:\Users\DIYA GOEL\Downloads\EBDESIGN\backend\src\routes\aiTrainingEvaluationRoutes.js","aiTrainingEvaluationRoutes","1489","54"
"GET","/api/v1/ai/training","/training/report/:modelType","/api/v1/ai/training/training/report/:modelType","C:\Users\DIYA GOEL\Downloads\EBDESIGN\backend\src\routes\aiTrainingEvaluationRoutes.js","aiTrainingEvaluationRoutes","1489","64"
"GET","/api/v1/ai/training","/training/drift-detection","/api/v1/ai/training/training/drift-detection","C:\Users\DIYA GOEL\Downloads\EBDESIGN\backend\src\routes\aiTrainingEvaluationRoutes.js","aiTrainingEvaluationRoutes","1489","74"
"POST","/api/v1/ai/training","/training/retrain/:modelType","/api/v1/ai/training/training/retrain/:modelType","C:\Users\DIYA GOEL\Downloads\EBDESIGN\backend\src\routes\aiTrainingEvaluationRoutes.js","aiTrainingEvaluationRoutes","1489","87"
"GET","/api/v1/ai/training","/training/metrics/:modelType","/api/v1/ai/training/training/metrics/:modelType","C:\Users\DIYA GOEL\Downloads\EBDESIGN\backend\src\routes\aiTrainingEvaluationRoutes.js","aiTrainingEvaluationRoutes","1489","97"
"GET","/api/v1/ai/training","/training/metrics-all","/api/v1/ai/training/training/metrics-all","C:\Users\DIYA GOEL\Downloads\EBDESIGN\backend\src\routes\aiTrainingEvaluationRoutes.js","aiTrainingEvaluationRoutes","1489","107"
"GET","/api/v1/ai/training","/evaluation/accuracy/:modelType","/api/v1/ai/training/evaluation/accuracy/:modelType","C:\Users\DIYA GOEL\Downloads\EBDESIGN\backend\src\routes\aiTrainingEvaluationRoutes.js","aiTrainingEvaluationRoutes","1489","118"
"GET","/api/v1/ai/training","/evaluation/optimization/:optimizationType","/api/v1/ai/training/evaluation/optimization/:optimizationType","C:\Users\DIYA GOEL\Downloads\EBDESIGN\backend\src\routes\aiTrainingEvaluationRoutes.js","aiTrainingEvaluationRoutes","1489","132"
"GET","/api/v1/ai/training","/evaluation/analysis/:analysisType","/api/v1/ai/training/evaluation/analysis/:analysisType","C:\Users\DIYA GOEL\Downloads\EBDESIGN\backend\src\routes\aiTrainingEvaluationRoutes.js","aiTrainingEvaluationRoutes","1489","144"
"GET","/api/v1/ai/training","/evaluation/model-card/:modelType","/api/v1/ai/training/evaluation/model-card/:modelType","C:\Users\DIYA GOEL\Downloads\EBDESIGN\backend\src\routes\aiTrainingEvaluationRoutes.js","aiTrainingEvaluationRoutes","1489","156"
"POST","/api/v1/ai/training","/evaluation/benchmark/:modelType","/api/v1/ai/training/evaluation/benchmark/:modelType","C:\Users\DIYA GOEL\Downloads\EBDESIGN\backend\src\routes\aiTrainingEvaluationRoutes.js","aiTrainingEvaluationRoutes","1489","168"
"GET","/api/v1/ai/training","/evaluation/end-to-end","/api/v1/ai/training/evaluation/end-to-end","C:\Users\DIYA GOEL\Downloads\EBDESIGN\backend\src\routes\aiTrainingEvaluationRoutes.js","aiTrainingEvaluationRoutes","1489","183"
"GET","/api/v1/ai/training","/evaluation/validate/:modelType","/api/v1/ai/training/evaluation/validate/:modelType","C:\Users\DIYA GOEL\Downloads\EBDESIGN\backend\src\routes\aiTrainingEvaluationRoutes.js","aiTrainingEvaluationRoutes","1489","192"
"GET","/api/v1/ai/training","/evaluation/quality-report","/api/v1/ai/training/evaluation/quality-report","C:\Users\DIYA GOEL\Downloads\EBDESIGN\backend\src\routes\aiTrainingEvaluationRoutes.js","aiTrainingEvaluationRoutes","1489","206"
"GET","/api/v1/ai/training","/health","/api/v1/ai/training/health","C:\Users\DIYA GOEL\Downloads\EBDESIGN\backend\src\routes\aiTrainingEvaluationRoutes.js","aiTrainingEvaluationRoutes","1489","217"
"GET","/api/monitoring","/datadog/config","/api/monitoring/datadog/config","C:\Users\DIYA GOEL\Downloads\EBDESIGN\backend\src\routes\infrastructureMonitoringRoutes.js","infrastructureMonitoringRoutes","1490","8"
"GET","/api/monitoring","/metrics","/api/monitoring/metrics","C:\Users\DIYA GOEL\Downloads\EBDESIGN\backend\src\routes\infrastructureMonitoringRoutes.js","infrastructureMonitoringRoutes","1490","17"
"POST","/api/monitoring","/alerts","/api/monitoring/alerts","C:\Users\DIYA GOEL\Downloads\EBDESIGN\backend\src\routes\infrastructureMonitoringRoutes.js","infrastructureMonitoringRoutes","1490","26"
"GET","/api/monitoring","/dashboard","/api/monitoring/dashboard","C:\Users\DIYA GOEL\Downloads\EBDESIGN\backend\src\routes\infrastructureMonitoringRoutes.js","infrastructureMonitoringRoutes","1490","35"
"GET","/api/v1/monitoring","/datadog/config","/api/v1/monitoring/datadog/config","C:\Users\DIYA GOEL\Downloads\EBDESIGN\backend\src\routes\infrastructureMonitoringRoutes.js","infrastructureMonitoringRoutes","1491","8"
"GET","/api/v1/monitoring","/metrics","/api/v1/monitoring/metrics","C:\Users\DIYA GOEL\Downloads\EBDESIGN\backend\src\routes\infrastructureMonitoringRoutes.js","infrastructureMonitoringRoutes","1491","17"
"POST","/api/v1/monitoring","/alerts","/api/v1/monitoring/alerts","C:\Users\DIYA GOEL\Downloads\EBDESIGN\backend\src\routes\infrastructureMonitoringRoutes.js","infrastructureMonitoringRoutes","1491","26"
"GET","/api/v1/monitoring","/dashboard","/api/v1/monitoring/dashboard","C:\Users\DIYA GOEL\Downloads\EBDESIGN\backend\src\routes\infrastructureMonitoringRoutes.js","infrastructureMonitoringRoutes","1491","35"
"POST","/api/gdpr","/data-inventory","/api/gdpr/data-inventory","C:\Users\DIYA GOEL\Downloads\EBDESIGN\backend\src\routes\gdprComplianceRoutes.js","gdprComplianceRoutes","1492","8"
"POST","/api/gdpr","/consent","/api/gdpr/consent","C:\Users\DIYA GOEL\Downloads\EBDESIGN\backend\src\routes\gdprComplianceRoutes.js","gdprComplianceRoutes","1492","17"
"POST","/api/gdpr","/export","/api/gdpr/export","C:\Users\DIYA GOEL\Downloads\EBDESIGN\backend\src\routes\gdprComplianceRoutes.js","gdprComplianceRoutes","1492","26"
"POST","/api/gdpr","/delete","/api/gdpr/delete","C:\Users\DIYA GOEL\Downloads\EBDESIGN\backend\src\routes\gdprComplianceRoutes.js","gdprComplianceRoutes","1492","35"
"POST","/api/v1/gdpr","/data-inventory","/api/v1/gdpr/data-inventory","C:\Users\DIYA GOEL\Downloads\EBDESIGN\backend\src\routes\gdprComplianceRoutes.js","gdprComplianceRoutes","1493","8"
"POST","/api/v1/gdpr","/consent","/api/v1/gdpr/consent","C:\Users\DIYA GOEL\Downloads\EBDESIGN\backend\src\routes\gdprComplianceRoutes.js","gdprComplianceRoutes","1493","17"
"POST","/api/v1/gdpr","/export","/api/v1/gdpr/export","C:\Users\DIYA GOEL\Downloads\EBDESIGN\backend\src\routes\gdprComplianceRoutes.js","gdprComplianceRoutes","1493","26"
"POST","/api/v1/gdpr","/delete","/api/v1/gdpr/delete","C:\Users\DIYA GOEL\Downloads\EBDESIGN\backend\src\routes\gdprComplianceRoutes.js","gdprComplianceRoutes","1493","35"
"GET","/api/unifiedaigateway","/health","/api/unifiedaigateway/health","C:\Users\DIYA GOEL\Downloads\EBDESIGN\backend\src\routes\unifiedAIGateway.js","unifiedAIGateway","1494","12"
"POST","/api/transaction","/create","/api/transaction/create","C:\Users\DIYA GOEL\Downloads\EBDESIGN\backend\src\routes\transactionRoutes.js","transactionRoutes","1495","16"
"GET","/api/transaction","/:transactionId","/api/transaction/:transactionId","C:\Users\DIYA GOEL\Downloads\EBDESIGN\backend\src\routes\transactionRoutes.js","transactionRoutes","1495","17"
"GET","/api/transaction","/user/:userId","/api/transaction/user/:userId","C:\Users\DIYA GOEL\Downloads\EBDESIGN\backend\src\routes\transactionRoutes.js","transactionRoutes","1495","18"
"PUT","/api/transaction","/:transactionId/status","/api/transaction/:transactionId/status","C:\Users\DIYA GOEL\Downloads\EBDESIGN\backend\src\routes\transactionRoutes.js","transactionRoutes","1495","19"
"GET","/api/trackdart","/health","/api/trackdart/health","C:\Users\DIYA GOEL\Downloads\EBDESIGN\backend\src\routes\trackDartRoutes.js","trackDartRoutes","1496","34"
"GET","/api/trackdart","/","/api/trackdart/","C:\Users\DIYA GOEL\Downloads\EBDESIGN\backend\src\routes\trackDartRoutes.js","trackDartRoutes","1496","65"
"POST","/api/tenantmanagement","/","/api/tenantmanagement/","C:\Users\DIYA GOEL\Downloads\EBDESIGN\backend\src\routes\tenantManagementRoutes.js","tenantManagementRoutes","1497","18"
"GET","/api/tenantmanagement","/health","/api/tenantmanagement/health","C:\Users\DIYA GOEL\Downloads\EBDESIGN\backend\src\routes\tenantManagementRoutes.js","tenantManagementRoutes","1497","30"
"POST","/api/systemadministration","/","/api/systemadministration/","C:\Users\DIYA GOEL\Downloads\EBDESIGN\backend\src\routes\systemAdministrationRoutes.js","systemAdministrationRoutes","1498","18"
"GET","/api/systemadministration","/health","/api/systemadministration/health","C:\Users\DIYA GOEL\Downloads\EBDESIGN\backend\src\routes\systemAdministrationRoutes.js","systemAdministrationRoutes","1498","30"
"GET","/api/supplychaintracking","/health","/api/supplychaintracking/health","C:\Users\DIYA GOEL\Downloads\EBDESIGN\backend\src\routes\supplyChainTracking.js","supplyChainTracking","1499","12"
"GET","/api/supplychainanalytics","/health","/api/supplychainanalytics/health","C:\Users\DIYA GOEL\Downloads\EBDESIGN\backend\src\routes\supplyChainAnalytics.js","supplyChainAnalytics","1500","12"
"POST","/api/supply-chain","/","/api/supply-chain/","C:\Users\DIYA GOEL\Downloads\EBDESIGN\backend\src\routes\supplyChainDecisionRoutes.js","supplyChainDecisionRoutes","1501","18"
"GET","/api/supply-chain","/health","/api/supply-chain/health","C:\Users\DIYA GOEL\Downloads\EBDESIGN\backend\src\routes\supplyChainDecisionRoutes.js","supplyChainDecisionRoutes","1501","30"
"POST","/api/v1/supply-chain","/","/api/v1/supply-chain/","C:\Users\DIYA GOEL\Downloads\EBDESIGN\backend\src\routes\supplyChainDecisionRoutes.js","supplyChainDecisionRoutes","1502","18"
"GET","/api/v1/supply-chain","/health","/api/v1/supply-chain/health","C:\Users\DIYA GOEL\Downloads\EBDESIGN\backend\src\routes\supplyChainDecisionRoutes.js","supplyChainDecisionRoutes","1502","30"
"POST","/api/subscriptions","/subscriptions","/api/subscriptions/subscriptions","C:\Users\DIYA GOEL\Downloads\EBDESIGN\backend\src\routes\subscriptions.js","subscriptions","1503","10"
"GET","/api/subscriptions","/users/:id/subscription","/api/subscriptions/users/:id/subscription","C:\Users\DIYA GOEL\Downloads\EBDESIGN\backend\src\routes\subscriptions.js","subscriptions","1503","17"
"PUT","/api/subscriptions","/subscriptions/:id/upgrade","/api/subscriptions/subscriptions/:id/upgrade","C:\Users\DIYA GOEL\Downloads\EBDESIGN\backend\src\routes\subscriptions.js","subscriptions","1503","24"
"DELETE","/api/subscriptions","/subscriptions/:id","/api/subscriptions/subscriptions/:id","C:\Users\DIYA GOEL\Downloads\EBDESIGN\backend\src\routes\subscriptions.js","subscriptions","1503","31"
"POST","/api/soilmanagement","/","/api/soilmanagement/","C:\Users\DIYA GOEL\Downloads\EBDESIGN\backend\src\routes\soilManagementRoutes.js","soilManagementRoutes","1504","18"
"GET","/api/soilmanagement","/health","/api/soilmanagement/health","C:\Users\DIYA GOEL\Downloads\EBDESIGN\backend\src\routes\soilManagementRoutes.js","soilManagementRoutes","1504","30"
"GET","/api/soilhealth","/health","/api/soilhealth/health","C:\Users\DIYA GOEL\Downloads\EBDESIGN\backend\src\routes\soilHealth.js","soilHealth","1505","12"
"GET","/api/sheep","/health","/api/sheep/health","C:\Users\DIYA GOEL\Downloads\EBDESIGN\backend\src\routes\sheepRoutes.js","sheepRoutes","1506","60"
"GET","/api/sheep","/flock","/api/sheep/flock","C:\Users\DIYA GOEL\Downloads\EBDESIGN\backend\src\routes\sheepRoutes.js","sheepRoutes","1506","73"
"POST","/api/sheep","/flock","/api/sheep/flock","C:\Users\DIYA GOEL\Downloads\EBDESIGN\backend\src\routes\sheepRoutes.js","sheepRoutes","1506","88"
"GET","/api/sheep","/flock/:id","/api/sheep/flock/:id","C:\Users\DIYA GOEL\Downloads\EBDESIGN\backend\src\routes\sheepRoutes.js","sheepRoutes","1506","102"
"PUT","/api/sheep","/flock/:id","/api/sheep/flock/:id","C:\Users\DIYA GOEL\Downloads\EBDESIGN\backend\src\routes\sheepRoutes.js","sheepRoutes","1506","120"
"DELETE","/api/sheep","/flock/:id","/api/sheep/flock/:id","C:\Users\DIYA GOEL\Downloads\EBDESIGN\backend\src\routes\sheepRoutes.js","sheepRoutes","1506","137"
"GET","/api/sheep","/flock/:animalId/wool-production","/api/sheep/flock/:animalId/wool-production","C:\Users\DIYA GOEL\Downloads\EBDESIGN\backend\src\routes\sheepRoutes.js","sheepRoutes","1506","154"
"POST","/api/sheep","/flock/:animalId/wool-production","/api/sheep/flock/:animalId/wool-production","C:\Users\DIYA GOEL\Downloads\EBDESIGN\backend\src\routes\sheepRoutes.js","sheepRoutes","1506","169"
"GET","/api/sheep","/flock/:animalId/feed-consumption","/api/sheep/flock/:animalId/feed-consumption","C:\Users\DIYA GOEL\Downloads\EBDESIGN\backend\src\routes\sheepRoutes.js","sheepRoutes","1506","183"
"POST","/api/sheep","/flock/:animalId/feed-consumption","/api/sheep/flock/:animalId/feed-consumption","C:\Users\DIYA GOEL\Downloads\EBDESIGN\backend\src\routes\sheepRoutes.js","sheepRoutes","1506","198"
"GET","/api/sheep","/flock/:femaleId/breeding","/api/sheep/flock/:femaleId/breeding","C:\Users\DIYA GOEL\Downloads\EBDESIGN\backend\src\routes\sheepRoutes.js","sheepRoutes","1506","212"
"POST","/api/sheep","/flock/:femaleId/breeding","/api/sheep/flock/:femaleId/breeding","C:\Users\DIYA GOEL\Downloads\EBDESIGN\backend\src\routes\sheepRoutes.js","sheepRoutes","1506","227"
"GET","/api/sheep","/flock/:animalId/vaccinations","/api/sheep/flock/:animalId/vaccinations","C:\Users\DIYA GOEL\Downloads\EBDESIGN\backend\src\routes\sheepRoutes.js","sheepRoutes","1506","264"
"POST","/api/sheep","/flock/:animalId/vaccinations","/api/sheep/flock/:animalId/vaccinations","C:\Users\DIYA GOEL\Downloads\EBDESIGN\backend\src\routes\sheepRoutes.js","sheepRoutes","1506","279"
"GET","/api/sheep","/flock/:animalId/performance","/api/sheep/flock/:animalId/performance","C:\Users\DIYA GOEL\Downloads\EBDESIGN\backend\src\routes\sheepRoutes.js","sheepRoutes","1506","293"
"GET","/api/sheep","/breeding-alerts","/api/sheep/breeding-alerts","C:\Users\DIYA GOEL\Downloads\EBDESIGN\backend\src\routes\sheepRoutes.js","sheepRoutes","1506","307"
"GET","/api/sheep","/vaccination-alerts","/api/sheep/vaccination-alerts","C:\Users\DIYA GOEL\Downloads\EBDESIGN\backend\src\routes\sheepRoutes.js","sheepRoutes","1506","321"
"GET","/api/sheep","/shearing-alerts","/api/sheep/shearing-alerts","C:\Users\DIYA GOEL\Downloads\EBDESIGN\backend\src\routes\sheepRoutes.js","sheepRoutes","1506","335"
"POST","/api/sheep","/ai/optimize-wool/:animalId","/api/sheep/ai/optimize-wool/:animalId","C:\Users\DIYA GOEL\Downloads\EBDESIGN\backend\src\routes\sheepRoutes.js","sheepRoutes","1506","353"
"POST","/api/sheep","/ai/monitor-health/:animalId","/api/sheep/ai/monitor-health/:animalId","C:\Users\DIYA GOEL\Downloads\EBDESIGN\backend\src\routes\sheepRoutes.js","sheepRoutes","1506","367"
"POST","/api/sheep","/ai/optimize-feed/:animalId","/api/sheep/ai/optimize-feed/:animalId","C:\Users\DIYA GOEL\Downloads\EBDESIGN\backend\src\routes\sheepRoutes.js","sheepRoutes","1506","381"
"POST","/api/sheep","/ai/recommend-breeding/:animalId","/api/sheep/ai/recommend-breeding/:animalId","C:\Users\DIYA GOEL\Downloads\EBDESIGN\backend\src\routes\sheepRoutes.js","sheepRoutes","1506","396"
"GET","/api/sellerverifications","/health","/api/sellerverifications/health","C:\Users\DIYA GOEL\Downloads\EBDESIGN\backend\src\routes\sellerVerifications.js","sellerVerifications","1507","12"
"POST","/api/sellerranking","/","/api/sellerranking/","C:\Users\DIYA GOEL\Downloads\EBDESIGN\backend\src\routes\sellerRankingRoutes.js","sellerRankingRoutes","1508","18"
"GET","/api/sellerranking","/health","/api/sellerranking/health","C:\Users\DIYA GOEL\Downloads\EBDESIGN\backend\src\routes\sellerRankingRoutes.js","sellerRankingRoutes","1508","30"
"GET","/api/seedvault","/health","/api/seedvault/health","C:\Users\DIYA GOEL\Downloads\EBDESIGN\backend\src\routes\seedVaultRoutes.js","seedVaultRoutes","1509","35"
"GET","/api/seedvault","/","/api/seedvault/","C:\Users\DIYA GOEL\Downloads\EBDESIGN\backend\src\routes\seedVaultRoutes.js","seedVaultRoutes","1509","56"
"GET","/api/seedvault","/categories","/api/seedvault/categories","C:\Users\DIYA GOEL\Downloads\EBDESIGN\backend\src\routes\seedVaultRoutes.js","seedVaultRoutes","1509","65"
"POST","/api/seedvault","/","/api/seedvault/","C:\Users\DIYA GOEL\Downloads\EBDESIGN\backend\src\routes\seedVaultRoutes.js","seedVaultRoutes","1509","74"
"PUT","/api/seedvault","/:seedId","/api/seedvault/:seedId","C:\Users\DIYA GOEL\Downloads\EBDESIGN\backend\src\routes\seedVaultRoutes.js","seedVaultRoutes","1509","83"
"POST","/api/seedvault","/:seedId/record-usage","/api/seedvault/:seedId/record-usage","C:\Users\DIYA GOEL\Downloads\EBDESIGN\backend\src\routes\seedVaultRoutes.js","seedVaultRoutes","1509","92"
"DELETE","/api/seedvault","/:seedId","/api/seedvault/:seedId","C:\Users\DIYA GOEL\Downloads\EBDESIGN\backend\src\routes\seedVaultRoutes.js","seedVaultRoutes","1509","101"
"POST","/api/sapmodulearchitecture","/","/api/sapmodulearchitecture/","C:\Users\DIYA GOEL\Downloads\EBDESIGN\backend\src\routes\sapModuleArchitectureRoutes.js","sapModuleArchitectureRoutes","1510","18"
"GET","/api/sapmodulearchitecture","/status","/api/sapmodulearchitecture/status","C:\Users\DIYA GOEL\Downloads\EBDESIGN\backend\src\routes\sapModuleArchitectureRoutes.js","sapModuleArchitectureRoutes","1510","34"
"GET","/api/sapmodulearchitecture","/health","/api/sapmodulearchitecture/health","C:\Users\DIYA GOEL\Downloads\EBDESIGN\backend\src\routes\sapModuleArchitectureRoutes.js","sapModuleArchitectureRoutes","1510","38"
"POST","/api/rolemanagement","/","/api/rolemanagement/","C:\Users\DIYA GOEL\Downloads\EBDESIGN\backend\src\routes\roleManagementRoutes.js","roleManagementRoutes","1511","19"
"GET","/api/rolemanagement","/","/api/rolemanagement/","C:\Users\DIYA GOEL\Downloads\EBDESIGN\backend\src\routes\roleManagementRoutes.js","roleManagementRoutes","1511","28"
"GET","/api/rolemanagement","/:id","/api/rolemanagement/:id","C:\Users\DIYA GOEL\Downloads\EBDESIGN\backend\src\routes\roleManagementRoutes.js","roleManagementRoutes","1511","37"
"PUT","/api/rolemanagement","/:id","/api/rolemanagement/:id","C:\Users\DIYA GOEL\Downloads\EBDESIGN\backend\src\routes\roleManagementRoutes.js","roleManagementRoutes","1511","50"
"DELETE","/api/rolemanagement","/:id","/api/rolemanagement/:id","C:\Users\DIYA GOEL\Downloads\EBDESIGN\backend\src\routes\roleManagementRoutes.js","roleManagementRoutes","1511","63"
"POST","/api/rolemanagement","/:id/permissions/:permissionId","/api/rolemanagement/:id/permissions/:permissionId","C:\Users\DIYA GOEL\Downloads\EBDESIGN\backend\src\routes\roleManagementRoutes.js","roleManagementRoutes","1511","76"
"DELETE","/api/rolemanagement","/:id/permissions/:permissionId","/api/rolemanagement/:id/permissions/:permissionId","C:\Users\DIYA GOEL\Downloads\EBDESIGN\backend\src\routes\roleManagementRoutes.js","roleManagementRoutes","1511","85"
"POST","/api/rolemanagement","/optimize","/api/rolemanagement/optimize","C:\Users\DIYA GOEL\Downloads\EBDESIGN\backend\src\routes\roleManagementRoutes.js","roleManagementRoutes","1511","94"
"GET","/api/rolemanagement","/permissions/analysis","/api/rolemanagement/permissions/analysis","C:\Users\DIYA GOEL\Downloads\EBDESIGN\backend\src\routes\roleManagementRoutes.js","roleManagementRoutes","1511","103"
"GET","/api/riskpricing","/health","/api/riskpricing/health","C:\Users\DIYA GOEL\Downloads\EBDESIGN\backend\src\routes\riskPricingRoutes.js","riskPricingRoutes","1512","51"
"GET","/api/riskpricing","/crops/:cropKey","/api/riskpricing/crops/:cropKey","C:\Users\DIYA GOEL\Downloads\EBDESIGN\backend\src\routes\riskPricingRoutes.js","riskPricingRoutes","1512","65"
"GET","/api/riskpricing","/forward","/api/riskpricing/forward","C:\Users\DIYA GOEL\Downloads\EBDESIGN\backend\src\routes\riskPricingRoutes.js","riskPricingRoutes","1512","75"
"GET","/api/riskpricing","/calibration/:state/:district/:cropKey","/api/riskpricing/calibration/:state/:district/:cropKey","C:\Users\DIYA GOEL\Downloads\EBDESIGN\backend\src\routes\riskPricingRoutes.js","riskPricingRoutes","1512","99"
"POST","/api/riskpricing","/advise","/api/riskpricing/advise","C:\Users\DIYA GOEL\Downloads\EBDESIGN\backend\src\routes\riskPricingRoutes.js","riskPricingRoutes","1512","124"
"POST","/api/riskpricing","/publish","/api/riskpricing/publish","C:\Users\DIYA GOEL\Downloads\EBDESIGN\backend\src\routes\riskPricingRoutes.js","riskPricingRoutes","1512","139"
"POST","/api/riskpricing","/basis","/api/riskpricing/basis","C:\Users\DIYA GOEL\Downloads\EBDESIGN\backend\src\routes\riskPricingRoutes.js","riskPricingRoutes","1512","160"
"GET","/api/riskpricing","/lots/:lotCode/price","/api/riskpricing/lots/:lotCode/price","C:\Users\DIYA GOEL\Downloads\EBDESIGN\backend\src\routes\riskPricingRoutes.js","riskPricingRoutes","1512","178"
"POST","/api/riskpricing","/lots/:lotCode/open-bucket","/api/riskpricing/lots/:lotCode/open-bucket","C:\Users\DIYA GOEL\Downloads\EBDESIGN\backend\src\routes\riskPricingRoutes.js","riskPricingRoutes","1512","184"
"GET","/api/riskpricing","/booking-curve/:cropKey","/api/riskpricing/booking-curve/:cropKey","C:\Users\DIYA GOEL\Downloads\EBDESIGN\backend\src\routes\riskPricingRoutes.js","riskPricingRoutes","1512","190"
"POST","/api/riskpricing","/booking-curve","/api/riskpricing/booking-curve","C:\Users\DIYA GOEL\Downloads\EBDESIGN\backend\src\routes\riskPricingRoutes.js","riskPricingRoutes","1512","196"
"GET","/api/riskpricing","/lots/attention","/api/riskpricing/lots/attention","C:\Users\DIYA GOEL\Downloads\EBDESIGN\backend\src\routes\riskPricingRoutes.js","riskPricingRoutes","1512","202"
"GET","/api/riskassessment","/health","/api/riskassessment/health","C:\Users\DIYA GOEL\Downloads\EBDESIGN\backend\src\routes\riskAssessment.js","riskAssessment","1513","12"
"GET","/api/rfq","/health","/api/rfq/health","C:\Users\DIYA GOEL\Downloads\EBDESIGN\backend\src\routes\rfqRoutes.js","rfqRoutes","1514","31"
"POST","/api/rfq","/rfq","/api/rfq/rfq","C:\Users\DIYA GOEL\Downloads\EBDESIGN\backend\src\routes\rfqRoutes.js","rfqRoutes","1514","45"
"POST","/api/rfq","/rfq/:id/bid","/api/rfq/rfq/:id/bid","C:\Users\DIYA GOEL\Downloads\EBDESIGN\backend\src\routes\rfqRoutes.js","rfqRoutes","1514","48"
"GET","/api/rfq","/rfq/:id/bids","/api/rfq/rfq/:id/bids","C:\Users\DIYA GOEL\Downloads\EBDESIGN\backend\src\routes\rfqRoutes.js","rfqRoutes","1514","54"
"POST","/api/rfq","/quotes/outcome","/api/rfq/quotes/outcome","C:\Users\DIYA GOEL\Downloads\EBDESIGN\backend\src\routes\rfqRoutes.js","rfqRoutes","1514","60"
"GET","/api/rfq","/quotes/loss-analysis","/api/rfq/quotes/loss-analysis","C:\Users\DIYA GOEL\Downloads\EBDESIGN\backend\src\routes\rfqRoutes.js","rfqRoutes","1514","63"
"POST","/api/rfq","/qc/hold","/api/rfq/qc/hold","C:\Users\DIYA GOEL\Downloads\EBDESIGN\backend\src\routes\rfqRoutes.js","rfqRoutes","1514","66"
"POST","/api/rfq","/qc/release","/api/rfq/qc/release","C:\Users\DIYA GOEL\Downloads\EBDESIGN\backend\src\routes\rfqRoutes.js","rfqRoutes","1514","69"
"GET","/api/rfq","/qc/holds","/api/rfq/qc/holds","C:\Users\DIYA GOEL\Downloads\EBDESIGN\backend\src\routes\rfqRoutes.js","rfqRoutes","1514","74"
"GET","/api/rfq","/fpo/centre-pnl","/api/rfq/fpo/centre-pnl","C:\Users\DIYA GOEL\Downloads\EBDESIGN\backend\src\routes\rfqRoutes.js","rfqRoutes","1514","77"
"GET","/api/revenue","/health","/api/revenue/health","C:\Users\DIYA GOEL\Downloads\EBDESIGN\backend\src\routes\revenueRoutes.js","revenueRoutes","1515","30"
"GET","/api/revenue","/overview","/api/revenue/overview","C:\Users\DIYA GOEL\Downloads\EBDESIGN\backend\src\routes\revenueRoutes.js","revenueRoutes","1515","40"
"POST","/api/revenue","/allocate","/api/revenue/allocate","C:\Users\DIYA GOEL\Downloads\EBDESIGN\backend\src\routes\revenueRoutes.js","revenueRoutes","1515","49"
"GET","/api/returnloadboard","/health","/api/returnloadboard/health","C:\Users\DIYA GOEL\Downloads\EBDESIGN\backend\src\routes\returnLoadBoardRoutes.js","returnLoadBoardRoutes","1516","30"
"POST","/api/returnloadboard","/","/api/returnloadboard/","C:\Users\DIYA GOEL\Downloads\EBDESIGN\backend\src\routes\returnLoadBoardRoutes.js","returnLoadBoardRoutes","1516","37"
"GET","/api/returnloadboard","/","/api/returnloadboard/","C:\Users\DIYA GOEL\Downloads\EBDESIGN\backend\src\routes\returnLoadBoardRoutes.js","returnLoadBoardRoutes","1516","46"
"POST","/api/returnloadboard","/:postingId/book","/api/returnloadboard/:postingId/book","C:\Users\DIYA GOEL\Downloads\EBDESIGN\backend\src\routes\returnLoadBoardRoutes.js","returnLoadBoardRoutes","1516","56"
"DELETE","/api/returnloadboard","/:postingId","/api/returnloadboard/:postingId","C:\Users\DIYA GOEL\Downloads\EBDESIGN\backend\src\routes\returnLoadBoardRoutes.js","returnLoadBoardRoutes","1516","65"
"POST","/api/researchanddevelopment","/","/api/researchanddevelopment/","C:\Users\DIYA GOEL\Downloads\EBDESIGN\backend\src\routes\researchAndDevelopmentRoutes.js","researchAndDevelopmentRoutes","1517","18"
"GET","/api/researchanddevelopment","/health","/api/researchanddevelopment/health","C:\Users\DIYA GOEL\Downloads\EBDESIGN\backend\src\routes\researchAndDevelopmentRoutes.js","researchAndDevelopmentRoutes","1517","30"
"GET","/api/regionalvariety","/health","/api/regionalvariety/health","C:\Users\DIYA GOEL\Downloads\EBDESIGN\backend\src\routes\regionalVarietyRoutes.js","regionalVarietyRoutes","1518","33"
"GET","/api/regionalvariety","/","/api/regionalvariety/","C:\Users\DIYA GOEL\Downloads\EBDESIGN\backend\src\routes\regionalVarietyRoutes.js","regionalVarietyRoutes","1518","40"
"GET","/api/regionalvariety","/categories","/api/regionalvariety/categories","C:\Users\DIYA GOEL\Downloads\EBDESIGN\backend\src\routes\regionalVarietyRoutes.js","regionalVarietyRoutes","1518","50"
"GET","/api/regionalvariety","/:id","/api/regionalvariety/:id","C:\Users\DIYA GOEL\Downloads\EBDESIGN\backend\src\routes\regionalVarietyRoutes.js","regionalVarietyRoutes","1518","59"
"POST","/api/regionalvariety","/:id/generate-image","/api/regionalvariety/:id/generate-image","C:\Users\DIYA GOEL\Downloads\EBDESIGN\backend\src\routes\regionalVarietyRoutes.js","regionalVarietyRoutes","1518","68"
"POST","/api/regionalvariety","/:id/create-listing","/api/regionalvariety/:id/create-listing","C:\Users\DIYA GOEL\Downloads\EBDESIGN\backend\src\routes\regionalVarietyRoutes.js","regionalVarietyRoutes","1518","77"
"GET","/api/v1/varieties","/","/api/v1/varieties/","C:\Users\DIYA GOEL\Downloads\EBDESIGN\backend\src\routes\neVarietiesRoutes.js","neVarietiesRoutes","1519","30"
"GET","/api/v1/varieties","/:id","/api/v1/varieties/:id","C:\Users\DIYA GOEL\Downloads\EBDESIGN\backend\src\routes\neVarietiesRoutes.js","neVarietiesRoutes","1519","131"
"GET","/api/v1/varieties","/category/:category","/api/v1/varieties/category/:category","C:\Users\DIYA GOEL\Downloads\EBDESIGN\backend\src\routes\neVarietiesRoutes.js","neVarietiesRoutes","1519","173"
"GET","/api/v1/varieties","/region/:region","/api/v1/varieties/region/:region","C:\Users\DIYA GOEL\Downloads\EBDESIGN\backend\src\routes\neVarietiesRoutes.js","neVarietiesRoutes","1519","236"
"GET","/api/v1/varieties","/gi-tags/list","/api/v1/varieties/gi-tags/list","C:\Users\DIYA GOEL\Downloads\EBDESIGN\backend\src\routes\neVarietiesRoutes.js","neVarietiesRoutes","1519","294"
"GET","/api/v1/varieties","/stats/summary","/api/v1/varieties/stats/summary","C:\Users\DIYA GOEL\Downloads\EBDESIGN\backend\src\routes\neVarietiesRoutes.js","neVarietiesRoutes","1519","338"
"GET","/api/recoveredfinance","/health","/api/recoveredfinance/health","C:\Users\DIYA GOEL\Downloads\EBDESIGN\backend\src\routes\recoveredFinanceRoutes.js","recoveredFinanceRoutes","1520","38"
"GET","/api/recoveredfinance","/ledger/trial-balance","/api/recoveredfinance/ledger/trial-balance","C:\Users\DIYA GOEL\Downloads\EBDESIGN\backend\src\routes\recoveredFinanceRoutes.js","recoveredFinanceRoutes","1520","80"
"GET","/api/recoveredfinance","/ledger/verify","/api/recoveredfinance/ledger/verify","C:\Users\DIYA GOEL\Downloads\EBDESIGN\backend\src\routes\recoveredFinanceRoutes.js","recoveredFinanceRoutes","1520","85"
"GET","/api/recoveredfinance","/schemes/match","/api/recoveredfinance/schemes/match","C:\Users\DIYA GOEL\Downloads\EBDESIGN\backend\src\routes\recoveredFinanceRoutes.js","recoveredFinanceRoutes","1520","93"
"POST","/api/recoveredfinance","/enwr/issue","/api/recoveredfinance/enwr/issue","C:\Users\DIYA GOEL\Downloads\EBDESIGN\backend\src\routes\recoveredFinanceRoutes.js","recoveredFinanceRoutes","1520","103"
"GET","/api/recoveredfinance","/enwr/my-receipts","/api/recoveredfinance/enwr/my-receipts","C:\Users\DIYA GOEL\Downloads\EBDESIGN\backend\src\routes\recoveredFinanceRoutes.js","recoveredFinanceRoutes","1520","111"
"GET","/api/recoveredfinance","/freight/rate","/api/recoveredfinance/freight/rate","C:\Users\DIYA GOEL\Downloads\EBDESIGN\backend\src\routes\recoveredFinanceRoutes.js","recoveredFinanceRoutes","1520","119"
"GET","/api/recoveredfinance","/subsidy/equipment","/api/recoveredfinance/subsidy/equipment","C:\Users\DIYA GOEL\Downloads\EBDESIGN\backend\src\routes\recoveredFinanceRoutes.js","recoveredFinanceRoutes","1520","136"
"POST","/api/recoveredfinance","/risk/event","/api/recoveredfinance/risk/event","C:\Users\DIYA GOEL\Downloads\EBDESIGN\backend\src\routes\recoveredFinanceRoutes.js","recoveredFinanceRoutes","1520","144"
"GET","/api/recoveredfinance","/risk/:partyId","/api/recoveredfinance/risk/:partyId","C:\Users\DIYA GOEL\Downloads\EBDESIGN\backend\src\routes\recoveredFinanceRoutes.js","recoveredFinanceRoutes","1520","152"
"GET","/api/recoveredfinance","/certificates/expiring","/api/recoveredfinance/certificates/expiring","C:\Users\DIYA GOEL\Downloads\EBDESIGN\backend\src\routes\recoveredFinanceRoutes.js","recoveredFinanceRoutes","1520","156"
"POST","/api/realtimemonitoring","/","/api/realtimemonitoring/","C:\Users\DIYA GOEL\Downloads\EBDESIGN\backend\src\routes\realtimeMonitoringRoutes.js","realtimeMonitoringRoutes","1521","18"
"GET","/api/realtimemonitoring","/health","/api/realtimemonitoring/health","C:\Users\DIYA GOEL\Downloads\EBDESIGN\backend\src\routes\realtimeMonitoringRoutes.js","realtimeMonitoringRoutes","1521","30"
"GET","/api/qualityassurance","/health","/api/qualityassurance/health","C:\Users\DIYA GOEL\Downloads\EBDESIGN\backend\src\routes\qualityAssurance.js","qualityAssurance","1522","12"
"GET","/api/projectsystems","/health","/api/projectsystems/health","C:\Users\DIYA GOEL\Downloads\EBDESIGN\backend\src\routes\projectSystemsRoutes.js","projectSystemsRoutes","1523","33"
"POST","/api/projectsystems","/","/api/projectsystems/","C:\Users\DIYA GOEL\Downloads\EBDESIGN\backend\src\routes\projectSystemsRoutes.js","projectSystemsRoutes","1523","42"
"GET","/api/projectsystems","/","/api/projectsystems/","C:\Users\DIYA GOEL\Downloads\EBDESIGN\backend\src\routes\projectSystemsRoutes.js","projectSystemsRoutes","1523","51"
"GET","/api/projectsystems","/:projectId","/api/projectsystems/:projectId","C:\Users\DIYA GOEL\Downloads\EBDESIGN\backend\src\routes\projectSystemsRoutes.js","projectSystemsRoutes","1523","61"
"POST","/api/projectsystems","/:projectId/status","/api/projectsystems/:projectId/status","C:\Users\DIYA GOEL\Downloads\EBDESIGN\backend\src\routes\projectSystemsRoutes.js","projectSystemsRoutes","1523","70"
"POST","/api/projectsystems","/:projectId/wbs","/api/projectsystems/:projectId/wbs","C:\Users\DIYA GOEL\Downloads\EBDESIGN\backend\src\routes\projectSystemsRoutes.js","projectSystemsRoutes","1523","83"
"GET","/api/projectsystems","/:projectId/wbs","/api/projectsystems/:projectId/wbs","C:\Users\DIYA GOEL\Downloads\EBDESIGN\backend\src\routes\projectSystemsRoutes.js","projectSystemsRoutes","1523","92"
"GET","/api/projectsystems","/:projectId/wbs/rollup","/api/projectsystems/:projectId/wbs/rollup","C:\Users\DIYA GOEL\Downloads\EBDESIGN\backend\src\routes\projectSystemsRoutes.js","projectSystemsRoutes","1523","101"
"GET","/api/projectsystems","/wbs/:wbsId","/api/projectsystems/wbs/:wbsId","C:\Users\DIYA GOEL\Downloads\EBDESIGN\backend\src\routes\projectSystemsRoutes.js","projectSystemsRoutes","1523","110"
"POST","/api/projectsystems","/wbs/:wbsId/status","/api/projectsystems/wbs/:wbsId/status","C:\Users\DIYA GOEL\Downloads\EBDESIGN\backend\src\routes\projectSystemsRoutes.js","projectSystemsRoutes","1523","119"
"POST","/api/projectsystems","/:projectId/milestones","/api/projectsystems/:projectId/milestones","C:\Users\DIYA GOEL\Downloads\EBDESIGN\backend\src\routes\projectSystemsRoutes.js","projectSystemsRoutes","1523","132"
"GET","/api/projectsystems","/:projectId/milestones","/api/projectsystems/:projectId/milestones","C:\Users\DIYA GOEL\Downloads\EBDESIGN\backend\src\routes\projectSystemsRoutes.js","projectSystemsRoutes","1523","141"
"GET","/api/projectsystems","/:projectId/milestones/summary","/api/projectsystems/:projectId/milestones/summary","C:\Users\DIYA GOEL\Downloads\EBDESIGN\backend\src\routes\projectSystemsRoutes.js","projectSystemsRoutes","1523","150"
"POST","/api/projectsystems","/milestones/:milestoneId/complete","/api/projectsystems/milestones/:milestoneId/complete","C:\Users\DIYA GOEL\Downloads\EBDESIGN\backend\src\routes\projectSystemsRoutes.js","projectSystemsRoutes","1523","159"
"GET","/api/projectsystems","/:projectId/budget-vs-actual","/api/projectsystems/:projectId/budget-vs-actual","C:\Users\DIYA GOEL\Downloads\EBDESIGN\backend\src\routes\projectSystemsRoutes.js","projectSystemsRoutes","1523","170"
"POST","/api/product","/","/api/product/","C:\Users\DIYA GOEL\Downloads\EBDESIGN\backend\src\routes\productRoutes.js","productRoutes","1524","18"
"GET","/api/product","/health","/api/product/health","C:\Users\DIYA GOEL\Downloads\EBDESIGN\backend\src\routes\productRoutes.js","productRoutes","1524","30"
"POST","/api/productreview","/products/:productId","/api/productreview/products/:productId","C:\Users\DIYA GOEL\Downloads\EBDESIGN\backend\src\routes\productReviewRoutes.js","productReviewRoutes","1525","19"
"GET","/api/productreview","/products/:productId","/api/productreview/products/:productId","C:\Users\DIYA GOEL\Downloads\EBDESIGN\backend\src\routes\productReviewRoutes.js","productReviewRoutes","1525","28"
"GET","/api/productreview","/products/:productId/stats","/api/productreview/products/:productId/stats","C:\Users\DIYA GOEL\Downloads\EBDESIGN\backend\src\routes\productReviewRoutes.js","productReviewRoutes","1525","37"
"GET","/api/productreview","/me","/api/productreview/me","C:\Users\DIYA GOEL\Downloads\EBDESIGN\backend\src\routes\productReviewRoutes.js","productReviewRoutes","1525","46"
"PUT","/api/productreview","/:reviewId","/api/productreview/:reviewId","C:\Users\DIYA GOEL\Downloads\EBDESIGN\backend\src\routes\productReviewRoutes.js","productReviewRoutes","1525","56"
"DELETE","/api/productreview","/:reviewId","/api/productreview/:reviewId","C:\Users\DIYA GOEL\Downloads\EBDESIGN\backend\src\routes\productReviewRoutes.js","productReviewRoutes","1525","65"
"POST","/api/productreview","/:reviewId/helpful","/api/productreview/:reviewId/helpful","C:\Users\DIYA GOEL\Downloads\EBDESIGN\backend\src\routes\productReviewRoutes.js","productReviewRoutes","1525","75"
"POST","/api/productreview","/:reviewId/report","/api/productreview/:reviewId/report","C:\Users\DIYA GOEL\Downloads\EBDESIGN\backend\src\routes\productReviewRoutes.js","productReviewRoutes","1525","84"
"PATCH","/api/productreview","/:reviewId/moderate","/api/productreview/:reviewId/moderate","C:\Users\DIYA GOEL\Downloads\EBDESIGN\backend\src\routes\productReviewRoutes.js","productReviewRoutes","1525","93"
"GET","/api/productmediaai","/status","/api/productmediaai/status","C:\Users\DIYA GOEL\Downloads\EBDESIGN\backend\src\routes\productMediaAIRoutes.js","productMediaAIRoutes","1526","15"
"POST","/api/productmediaai","/products/:productId/image","/api/productmediaai/products/:productId/image","C:\Users\DIYA GOEL\Downloads\EBDESIGN\backend\src\routes\productMediaAIRoutes.js","productMediaAIRoutes","1526","17"
"POST","/api/productmediaai","/products/:productId/cartoon","/api/productmediaai/products/:productId/cartoon","C:\Users\DIYA GOEL\Downloads\EBDESIGN\backend\src\routes\productMediaAIRoutes.js","productMediaAIRoutes","1526","18"
"POST","/api/productmediaai","/products/:productId/video-script","/api/productmediaai/products/:productId/video-script","C:\Users\DIYA GOEL\Downloads\EBDESIGN\backend\src\routes\productMediaAIRoutes.js","productMediaAIRoutes","1526","19"
"POST","/api/productmediaai","/products/:productId/video","/api/productmediaai/products/:productId/video","C:\Users\DIYA GOEL\Downloads\EBDESIGN\backend\src\routes\productMediaAIRoutes.js","productMediaAIRoutes","1526","20"
"GET","/api/ai/product-media-ai","/status","/api/ai/product-media-ai/status","C:\Users\DIYA GOEL\Downloads\EBDESIGN\backend\src\routes\productMediaAIRoutes.js","productMediaAIRoutes","1527","15"
"POST","/api/ai/product-media-ai","/products/:productId/image","/api/ai/product-media-ai/products/:productId/image","C:\Users\DIYA GOEL\Downloads\EBDESIGN\backend\src\routes\productMediaAIRoutes.js","productMediaAIRoutes","1527","17"
"POST","/api/ai/product-media-ai","/products/:productId/cartoon","/api/ai/product-media-ai/products/:productId/cartoon","C:\Users\DIYA GOEL\Downloads\EBDESIGN\backend\src\routes\productMediaAIRoutes.js","productMediaAIRoutes","1527","18"
"POST","/api/ai/product-media-ai","/products/:productId/video-script","/api/ai/product-media-ai/products/:productId/video-script","C:\Users\DIYA GOEL\Downloads\EBDESIGN\backend\src\routes\productMediaAIRoutes.js","productMediaAIRoutes","1527","19"
"POST","/api/ai/product-media-ai","/products/:productId/video","/api/ai/product-media-ai/products/:productId/video","C:\Users\DIYA GOEL\Downloads\EBDESIGN\backend\src\routes\productMediaAIRoutes.js","productMediaAIRoutes","1527","20"
"GET","/api/v1/ai/product-media-ai","/status","/api/v1/ai/product-media-ai/status","C:\Users\DIYA GOEL\Downloads\EBDESIGN\backend\src\routes\productMediaAIRoutes.js","productMediaAIRoutes","1528","15"
"POST","/api/v1/ai/product-media-ai","/products/:productId/image","/api/v1/ai/product-media-ai/products/:productId/image","C:\Users\DIYA GOEL\Downloads\EBDESIGN\backend\src\routes\productMediaAIRoutes.js","productMediaAIRoutes","1528","17"
"POST","/api/v1/ai/product-media-ai","/products/:productId/cartoon","/api/v1/ai/product-media-ai/products/:productId/cartoon","C:\Users\DIYA GOEL\Downloads\EBDESIGN\backend\src\routes\productMediaAIRoutes.js","productMediaAIRoutes","1528","18"
"POST","/api/v1/ai/product-media-ai","/products/:productId/video-script","/api/v1/ai/product-media-ai/products/:productId/video-script","C:\Users\DIYA GOEL\Downloads\EBDESIGN\backend\src\routes\productMediaAIRoutes.js","productMediaAIRoutes","1528","19"
"POST","/api/v1/ai/product-media-ai","/products/:productId/video","/api/v1/ai/product-media-ai/products/:productId/video","C:\Users\DIYA GOEL\Downloads\EBDESIGN\backend\src\routes\productMediaAIRoutes.js","productMediaAIRoutes","1528","20"
"POST","/api/publicdata","/","/api/publicdata/","C:\Users\DIYA GOEL\Downloads\EBDESIGN\backend\src\routes\publicDataRoutes.js","publicDataRoutes","1529","18"
"GET","/api/publicdata","/health","/api/publicdata/health","C:\Users\DIYA GOEL\Downloads\EBDESIGN\backend\src\routes\publicDataRoutes.js","publicDataRoutes","1529","30"
"GET","/api/productcertifications","/health","/api/productcertifications/health","C:\Users\DIYA GOEL\Downloads\EBDESIGN\backend\src\routes\productCertifications.js","productCertifications","1530","12"
"GET","/api/priceforecasting","/products/:id/price-forecast","/api/priceforecasting/products/:id/price-forecast","C:\Users\DIYA GOEL\Downloads\EBDESIGN\backend\src\routes\priceForecasting.js","priceForecasting","1531","9"
"GET","/api/priceforecasting","/products/:id/price-history","/api/priceforecasting/products/:id/price-history","C:\Users\DIYA GOEL\Downloads\EBDESIGN\backend\src\routes\priceForecasting.js","priceForecasting","1531","16"
"POST","/api/preventivemaintenance","/","/api/preventivemaintenance/","C:\Users\DIYA GOEL\Downloads\EBDESIGN\backend\src\routes\preventiveMaintenanceRoutes.js","preventiveMaintenanceRoutes","1532","18"
"GET","/api/preventivemaintenance","/health","/api/preventivemaintenance/health","C:\Users\DIYA GOEL\Downloads\EBDESIGN\backend\src\routes\preventiveMaintenanceRoutes.js","preventiveMaintenanceRoutes","1532","30"
"POST","/api/predictiveintelligence","/","/api/predictiveintelligence/","C:\Users\DIYA GOEL\Downloads\EBDESIGN\backend\src\routes\predictiveIntelligenceRoutes.js","predictiveIntelligenceRoutes","1533","18"
"GET","/api/predictiveintelligence","/health","/api/predictiveintelligence/health","C:\Users\DIYA GOEL\Downloads\EBDESIGN\backend\src\routes\predictiveIntelligenceRoutes.js","predictiveIntelligenceRoutes","1533","30"
"GET","/api/predictiveanalytics","/health","/api/predictiveanalytics/health","C:\Users\DIYA GOEL\Downloads\EBDESIGN\backend\src\routes\predictiveAnalytics.js","predictiveAnalytics","1534","12"
"GET","/api/poultry","/health","/api/poultry/health","C:\Users\DIYA GOEL\Downloads\EBDESIGN\backend\src\routes\poultryRoutes.js","poultryRoutes","1535","58"
"GET","/api/poultry","/flocks","/api/poultry/flocks","C:\Users\DIYA GOEL\Downloads\EBDESIGN\backend\src\routes\poultryRoutes.js","poultryRoutes","1535","70"
"POST","/api/poultry","/flocks","/api/poultry/flocks","C:\Users\DIYA GOEL\Downloads\EBDESIGN\backend\src\routes\poultryRoutes.js","poultryRoutes","1535","85"
"GET","/api/poultry","/flocks/:id","/api/poultry/flocks/:id","C:\Users\DIYA GOEL\Downloads\EBDESIGN\backend\src\routes\poultryRoutes.js","poultryRoutes","1535","99"
"PUT","/api/poultry","/flocks/:id","/api/poultry/flocks/:id","C:\Users\DIYA GOEL\Downloads\EBDESIGN\backend\src\routes\poultryRoutes.js","poultryRoutes","1535","118"
"DELETE","/api/poultry","/flocks/:id","/api/poultry/flocks/:id","C:\Users\DIYA GOEL\Downloads\EBDESIGN\backend\src\routes\poultryRoutes.js","poultryRoutes","1535","135"
"GET","/api/poultry","/flocks/:flockId/egg-production","/api/poultry/flocks/:flockId/egg-production","C:\Users\DIYA GOEL\Downloads\EBDESIGN\backend\src\routes\poultryRoutes.js","poultryRoutes","1535","152"
"POST","/api/poultry","/flocks/:flockId/egg-production","/api/poultry/flocks/:flockId/egg-production","C:\Users\DIYA GOEL\Downloads\EBDESIGN\backend\src\routes\poultryRoutes.js","poultryRoutes","1535","167"
"GET","/api/poultry","/flocks/:flockId/feed-consumption","/api/poultry/flocks/:flockId/feed-consumption","C:\Users\DIYA GOEL\Downloads\EBDESIGN\backend\src\routes\poultryRoutes.js","poultryRoutes","1535","181"
"POST","/api/poultry","/flocks/:flockId/feed-consumption","/api/poultry/flocks/:flockId/feed-consumption","C:\Users\DIYA GOEL\Downloads\EBDESIGN\backend\src\routes\poultryRoutes.js","poultryRoutes","1535","196"
"GET","/api/poultry","/flocks/:flockId/mortality","/api/poultry/flocks/:flockId/mortality","C:\Users\DIYA GOEL\Downloads\EBDESIGN\backend\src\routes\poultryRoutes.js","poultryRoutes","1535","210"
"POST","/api/poultry","/flocks/:flockId/mortality","/api/poultry/flocks/:flockId/mortality","C:\Users\DIYA GOEL\Downloads\EBDESIGN\backend\src\routes\poultryRoutes.js","poultryRoutes","1535","225"
"GET","/api/poultry","/flocks/:flockId/vaccinations","/api/poultry/flocks/:flockId/vaccinations","C:\Users\DIYA GOEL\Downloads\EBDESIGN\backend\src\routes\poultryRoutes.js","poultryRoutes","1535","239"
"POST","/api/poultry","/flocks/:flockId/vaccinations","/api/poultry/flocks/:flockId/vaccinations","C:\Users\DIYA GOEL\Downloads\EBDESIGN\backend\src\routes\poultryRoutes.js","poultryRoutes","1535","254"
"GET","/api/poultry","/flocks/:flockId/performance","/api/poultry/flocks/:flockId/performance","C:\Users\DIYA GOEL\Downloads\EBDESIGN\backend\src\routes\poultryRoutes.js","poultryRoutes","1535","268"
"GET","/api/poultry","/vaccination-alerts","/api/poultry/vaccination-alerts","C:\Users\DIYA GOEL\Downloads\EBDESIGN\backend\src\routes\poultryRoutes.js","poultryRoutes","1535","282"
"POST","/api/poultry","/ai/optimize-production/:flockId","/api/poultry/ai/optimize-production/:flockId","C:\Users\DIYA GOEL\Downloads\EBDESIGN\backend\src\routes\poultryRoutes.js","poultryRoutes","1535","300"
"POST","/api/poultry","/ai/monitor-health/:flockId","/api/poultry/ai/monitor-health/:flockId","C:\Users\DIYA GOEL\Downloads\EBDESIGN\backend\src\routes\poultryRoutes.js","poultryRoutes","1535","314"
"POST","/api/poultry","/ai/optimize-feed/:flockId","/api/poultry/ai/optimize-feed/:flockId","C:\Users\DIYA GOEL\Downloads\EBDESIGN\backend\src\routes\poultryRoutes.js","poultryRoutes","1535","328"
"POST","/api/poultry","/ai/predict-mortality/:flockId","/api/poultry/ai/predict-mortality/:flockId","C:\Users\DIYA GOEL\Downloads\EBDESIGN\backend\src\routes\poultryRoutes.js","poultryRoutes","1535","343"
"POST","/api/platformtelemetry","/","/api/platformtelemetry/","C:\Users\DIYA GOEL\Downloads\EBDESIGN\backend\src\routes\platformTelemetryRoutes.js","platformTelemetryRoutes","1536","18"
"GET","/api/platformtelemetry","/health","/api/platformtelemetry/health","C:\Users\DIYA GOEL\Downloads\EBDESIGN\backend\src\routes\platformTelemetryRoutes.js","platformTelemetryRoutes","1536","30"
"GET","/api/platformcore","/config","/api/platformcore/config","C:\Users\DIYA GOEL\Downloads\EBDESIGN\backend\src\routes\platformCoreRoutes.js","platformCoreRoutes","1537","35"
"PUT","/api/platformcore","/config/:key","/api/platformcore/config/:key","C:\Users\DIYA GOEL\Downloads\EBDESIGN\backend\src\routes\platformCoreRoutes.js","platformCoreRoutes","1537","56"
"GET","/api/platformcore","/health","/api/platformcore/health","C:\Users\DIYA GOEL\Downloads\EBDESIGN\backend\src\routes\platformCoreRoutes.js","platformCoreRoutes","1537","82"
"GET","/api/platformcore","/stats","/api/platformcore/stats","C:\Users\DIYA GOEL\Downloads\EBDESIGN\backend\src\routes\platformCoreRoutes.js","platformCoreRoutes","1537","104"
"GET","/api/platformcore","/optimizations","/api/platformcore/optimizations","C:\Users\DIYA GOEL\Downloads\EBDESIGN\backend\src\routes\platformCoreRoutes.js","platformCoreRoutes","1537","126"
"POST","/api/platformcore","/initialize","/api/platformcore/initialize","C:\Users\DIYA GOEL\Downloads\EBDESIGN\backend\src\routes\platformCoreRoutes.js","platformCoreRoutes","1537","159"
"GET","/api/platformcore","/scaling/recommendations","/api/platformcore/scaling/recommendations","C:\Users\DIYA GOEL\Downloads\EBDESIGN\backend\src\routes\platformCoreRoutes.js","platformCoreRoutes","1537","160"
"GET","/api/platformcore","/capacity/predict","/api/platformcore/capacity/predict","C:\Users\DIYA GOEL\Downloads\EBDESIGN\backend\src\routes\platformCoreRoutes.js","platformCoreRoutes","1537","161"
"POST","/api/platformcore","/disaster-recovery","/api/platformcore/disaster-recovery","C:\Users\DIYA GOEL\Downloads\EBDESIGN\backend\src\routes\platformCoreRoutes.js","platformCoreRoutes","1537","162"
"GET","/api/platformcore","/performance/monitor","/api/platformcore/performance/monitor","C:\Users\DIYA GOEL\Downloads\EBDESIGN\backend\src\routes\platformCoreRoutes.js","platformCoreRoutes","1537","163"
"POST","/api/platformcore","/self-healing","/api/platformcore/self-healing","C:\Users\DIYA GOEL\Downloads\EBDESIGN\backend\src\routes\platformCoreRoutes.js","platformCoreRoutes","1537","164"
"GET","/api/platformcore","/configuration/optimized","/api/platformcore/configuration/optimized","C:\Users\DIYA GOEL\Downloads\EBDESIGN\backend\src\routes\platformCoreRoutes.js","platformCoreRoutes","1537","165"
"POST","/api/platformcore","/configuration/apply","/api/platformcore/configuration/apply","C:\Users\DIYA GOEL\Downloads\EBDESIGN\backend\src\routes\platformCoreRoutes.js","platformCoreRoutes","1537","166"
"GET","/api/platformcore","/metrics","/api/platformcore/metrics","C:\Users\DIYA GOEL\Downloads\EBDESIGN\backend\src\routes\platformCoreRoutes.js","platformCoreRoutes","1537","167"
"GET","/api/platformcore","/state","/api/platformcore/state","C:\Users\DIYA GOEL\Downloads\EBDESIGN\backend\src\routes\platformCoreRoutes.js","platformCoreRoutes","1537","168"
"POST","/api/platformconfiguration","/","/api/platformconfiguration/","C:\Users\DIYA GOEL\Downloads\EBDESIGN\backend\src\routes\platformConfigurationRoutes.js","platformConfigurationRoutes","1538","18"
"GET","/api/platformconfiguration","/health","/api/platformconfiguration/health","C:\Users\DIYA GOEL\Downloads\EBDESIGN\backend\src\routes\platformConfigurationRoutes.js","platformConfigurationRoutes","1538","30"
"GET","/api/pig","/health","/api/pig/health","C:\Users\DIYA GOEL\Downloads\EBDESIGN\backend\src\routes\pigRoutes.js","pigRoutes","1539","59"
"GET","/api/pig","/herd","/api/pig/herd","C:\Users\DIYA GOEL\Downloads\EBDESIGN\backend\src\routes\pigRoutes.js","pigRoutes","1539","72"
"POST","/api/pig","/herd","/api/pig/herd","C:\Users\DIYA GOEL\Downloads\EBDESIGN\backend\src\routes\pigRoutes.js","pigRoutes","1539","87"
"GET","/api/pig","/herd/:id","/api/pig/herd/:id","C:\Users\DIYA GOEL\Downloads\EBDESIGN\backend\src\routes\pigRoutes.js","pigRoutes","1539","101"
"PUT","/api/pig","/herd/:id","/api/pig/herd/:id","C:\Users\DIYA GOEL\Downloads\EBDESIGN\backend\src\routes\pigRoutes.js","pigRoutes","1539","119"
"DELETE","/api/pig","/herd/:id","/api/pig/herd/:id","C:\Users\DIYA GOEL\Downloads\EBDESIGN\backend\src\routes\pigRoutes.js","pigRoutes","1539","136"
"GET","/api/pig","/herd/:animalId/weight-records","/api/pig/herd/:animalId/weight-records","C:\Users\DIYA GOEL\Downloads\EBDESIGN\backend\src\routes\pigRoutes.js","pigRoutes","1539","153"
"POST","/api/pig","/herd/:animalId/weight-records","/api/pig/herd/:animalId/weight-records","C:\Users\DIYA GOEL\Downloads\EBDESIGN\backend\src\routes\pigRoutes.js","pigRoutes","1539","168"
"GET","/api/pig","/herd/:animalId/feed-consumption","/api/pig/herd/:animalId/feed-consumption","C:\Users\DIYA GOEL\Downloads\EBDESIGN\backend\src\routes\pigRoutes.js","pigRoutes","1539","182"
"POST","/api/pig","/herd/:animalId/feed-consumption","/api/pig/herd/:animalId/feed-consumption","C:\Users\DIYA GOEL\Downloads\EBDESIGN\backend\src\routes\pigRoutes.js","pigRoutes","1539","197"
"GET","/api/pig","/herd/:sowId/breeding","/api/pig/herd/:sowId/breeding","C:\Users\DIYA GOEL\Downloads\EBDESIGN\backend\src\routes\pigRoutes.js","pigRoutes","1539","211"
"POST","/api/pig","/herd/:sowId/breeding","/api/pig/herd/:sowId/breeding","C:\Users\DIYA GOEL\Downloads\EBDESIGN\backend\src\routes\pigRoutes.js","pigRoutes","1539","226"
"GET","/api/pig","/herd/:animalId/vaccinations","/api/pig/herd/:animalId/vaccinations","C:\Users\DIYA GOEL\Downloads\EBDESIGN\backend\src\routes\pigRoutes.js","pigRoutes","1539","263"
"POST","/api/pig","/herd/:animalId/vaccinations","/api/pig/herd/:animalId/vaccinations","C:\Users\DIYA GOEL\Downloads\EBDESIGN\backend\src\routes\pigRoutes.js","pigRoutes","1539","278"
"GET","/api/pig","/herd/:animalId/performance","/api/pig/herd/:animalId/performance","C:\Users\DIYA GOEL\Downloads\EBDESIGN\backend\src\routes\pigRoutes.js","pigRoutes","1539","292"
"GET","/api/pig","/herd/:animalId/fcr","/api/pig/herd/:animalId/fcr","C:\Users\DIYA GOEL\Downloads\EBDESIGN\backend\src\routes\pigRoutes.js","pigRoutes","1539","313"
"GET","/api/pig","/breeding-alerts","/api/pig/breeding-alerts","C:\Users\DIYA GOEL\Downloads\EBDESIGN\backend\src\routes\pigRoutes.js","pigRoutes","1539","341"
"GET","/api/pig","/vaccination-alerts","/api/pig/vaccination-alerts","C:\Users\DIYA GOEL\Downloads\EBDESIGN\backend\src\routes\pigRoutes.js","pigRoutes","1539","355"
"POST","/api/pig","/ai/optimize-meat/:animalId","/api/pig/ai/optimize-meat/:animalId","C:\Users\DIYA GOEL\Downloads\EBDESIGN\backend\src\routes\pigRoutes.js","pigRoutes","1539","373"
"POST","/api/pig","/ai/monitor-health/:animalId","/api/pig/ai/monitor-health/:animalId","C:\Users\DIYA GOEL\Downloads\EBDESIGN\backend\src\routes\pigRoutes.js","pigRoutes","1539","387"
"POST","/api/pig","/ai/optimize-feed/:animalId","/api/pig/ai/optimize-feed/:animalId","C:\Users\DIYA GOEL\Downloads\EBDESIGN\backend\src\routes\pigRoutes.js","pigRoutes","1539","401"
"POST","/api/pig","/ai/recommend-breeding/:animalId","/api/pig/ai/recommend-breeding/:animalId","C:\Users\DIYA GOEL\Downloads\EBDESIGN\backend\src\routes\pigRoutes.js","pigRoutes","1539","416"
"GET","/api/phase9","/health","/api/phase9/health","C:\Users\DIYA GOEL\Downloads\EBDESIGN\backend\src\routes\phase9.js","phase9","1540","12"
"GET","/api/phase8","/health","/api/phase8/health","C:\Users\DIYA GOEL\Downloads\EBDESIGN\backend\src\routes\phase8.js","phase8","1541","12"
"GET","/api/phase12","/health","/api/phase12/health","C:\Users\DIYA GOEL\Downloads\EBDESIGN\backend\src\routes\phase12.js","phase12","1542","12"
"GET","/api/phase11","/health","/api/phase11/health","C:\Users\DIYA GOEL\Downloads\EBDESIGN\backend\src\routes\phase11.js","phase11","1543","12"
"GET","/api/phase10","/health","/api/phase10/health","C:\Users\DIYA GOEL\Downloads\EBDESIGN\backend\src\routes\phase10.js","phase10","1544","12"
"POST","/api/payment","/","/api/payment/","C:\Users\DIYA GOEL\Downloads\EBDESIGN\backend\src\routes\paymentRoutes.js","paymentRoutes","1545","18"
"GET","/api/payment","/health","/api/payment/health","C:\Users\DIYA GOEL\Downloads\EBDESIGN\backend\src\routes\paymentRoutes.js","paymentRoutes","1545","30"
"POST","/api/paymentgateway","/process","/api/paymentgateway/process","C:\Users\DIYA GOEL\Downloads\EBDESIGN\backend\src\routes\paymentGatewayRoutes.js","paymentGatewayRoutes","1546","14"
"GET","/api/paymentgateway","/status/:paymentId","/api/paymentgateway/status/:paymentId","C:\Users\DIYA GOEL\Downloads\EBDESIGN\backend\src\routes\paymentGatewayRoutes.js","paymentGatewayRoutes","1546","15"
"POST","/api/paymentgateway","/refund/:paymentId","/api/paymentgateway/refund/:paymentId","C:\Users\DIYA GOEL\Downloads\EBDESIGN\backend\src\routes\paymentGatewayRoutes.js","paymentGatewayRoutes","1546","16"
"GET","/api/paymentgateway","/gateways","/api/paymentgateway/gateways","C:\Users\DIYA GOEL\Downloads\EBDESIGN\backend\src\routes\paymentGatewayRoutes.js","paymentGatewayRoutes","1546","17"
"POST","/api/organizationmanagement","/","/api/organizationmanagement/","C:\Users\DIYA GOEL\Downloads\EBDESIGN\backend\src\routes\organizationManagementRoutes.js","organizationManagementRoutes","1582","18"
"GET","/api/organizationmanagement","/health","/api/organizationmanagement/health","C:\Users\DIYA GOEL\Downloads\EBDESIGN\backend\src\routes\organizationManagementRoutes.js","organizationManagementRoutes","1582","30"
"POST","/api/order","/","/api/order/","C:\Users\DIYA GOEL\Downloads\EBDESIGN\backend\src\routes\orderRoutes.js","orderRoutes","1583","18"
"GET","/api/order","/health","/api/order/health","C:\Users\DIYA GOEL\Downloads\EBDESIGN\backend\src\routes\orderRoutes.js","orderRoutes","1583","30"
"GET","/api/operationsroutesupport","/health","/api/operationsroutesupport/health","C:\Users\DIYA GOEL\Downloads\EBDESIGN\backend\src\routes\operationsRouteSupport.js","operationsRouteSupport","1586","8"
"POST","/api/operationsmanagement","/","/api/operationsmanagement/","C:\Users\DIYA GOEL\Downloads\EBDESIGN\backend\src\routes\operationsManagementRoutes.js","operationsManagementRoutes","1587","18"
"GET","/api/operationsmanagement","/health","/api/operationsmanagement/health","C:\Users\DIYA GOEL\Downloads\EBDESIGN\backend\src\routes\operationsManagementRoutes.js","operationsManagementRoutes","1587","30"
"GET","/api/nutritionintelligence","/nutrients","/api/nutritionintelligence/nutrients","C:\Users\DIYA GOEL\Downloads\EBDESIGN\backend\src\routes\nutritionIntelligenceRoutes.js","nutritionIntelligenceRoutes","1588","27"
"POST","/api/nutritionintelligence","/food-profiles","/api/nutritionintelligence/food-profiles","C:\Users\DIYA GOEL\Downloads\EBDESIGN\backend\src\routes\nutritionIntelligenceRoutes.js","nutritionIntelligenceRoutes","1588","45"
"GET","/api/nutritionintelligence","/food-profiles/search","/api/nutritionintelligence/food-profiles/search","C:\Users\DIYA GOEL\Downloads\EBDESIGN\backend\src\routes\nutritionIntelligenceRoutes.js","nutritionIntelligenceRoutes","1588","59"
"POST","/api/nutritionintelligence","/product-nutrition","/api/nutritionintelligence/product-nutrition","C:\Users\DIYA GOEL\Downloads\EBDESIGN\backend\src\routes\nutritionIntelligenceRoutes.js","nutritionIntelligenceRoutes","1588","78"
"GET","/api/nutritionintelligence","/product-nutrition/:productId","/api/nutritionintelligence/product-nutrition/:productId","C:\Users\DIYA GOEL\Downloads\EBDESIGN\backend\src\routes\nutritionIntelligenceRoutes.js","nutritionIntelligenceRoutes","1588","92"
"POST","/api/nutritionintelligence","/product-nutrition/:productId/score","/api/nutritionintelligence/product-nutrition/:productId/score","C:\Users\DIYA GOEL\Downloads\EBDESIGN\backend\src\routes\nutritionIntelligenceRoutes.js","nutritionIntelligenceRoutes","1588","107"
"GET","/api/nutritionintelligence","/product-nutrition/:productId/score","/api/nutritionintelligence/product-nutrition/:productId/score","C:\Users\DIYA GOEL\Downloads\EBDESIGN\backend\src\routes\nutritionIntelligenceRoutes.js","nutritionIntelligenceRoutes","1588","122"
"POST","/api/nutritionintelligence","/product-nutrition/:productId/pricing","/api/nutritionintelligence/product-nutrition/:productId/pricing","C:\Users\DIYA GOEL\Downloads\EBDESIGN\backend\src\routes\nutritionIntelligenceRoutes.js","nutritionIntelligenceRoutes","1588","137"
"GET","/api/nutritionintelligence","/product-nutrition/:productId/value-per-nutrient","/api/nutritionintelligence/product-nutrition/:productId/value-per-nutrient","C:\Users\DIYA GOEL\Downloads\EBDESIGN\backend\src\routes\nutritionIntelligenceRoutes.js","nutritionIntelligenceRoutes","1588","152"
"POST","/api/nutritionintelligence","/compare","/api/nutritionintelligence/compare","C:\Users\DIYA GOEL\Downloads\EBDESIGN\backend\src\routes\nutritionIntelligenceRoutes.js","nutritionIntelligenceRoutes","1588","171"
"GET","/api/nutritionintelligence","/dietary-profiles","/api/nutritionintelligence/dietary-profiles","C:\Users\DIYA GOEL\Downloads\EBDESIGN\backend\src\routes\nutritionIntelligenceRoutes.js","nutritionIntelligenceRoutes","1588","190"
"GET","/api/nutritionintelligence","/recommendations","/api/nutritionintelligence/recommendations","C:\Users\DIYA GOEL\Downloads\EBDESIGN\backend\src\routes\nutritionIntelligenceRoutes.js","nutritionIntelligenceRoutes","1588","208"
"POST","/api/nutritionintelligence","/recommendations","/api/nutritionintelligence/recommendations","C:\Users\DIYA GOEL\Downloads\EBDESIGN\backend\src\routes\nutritionIntelligenceRoutes.js","nutritionIntelligenceRoutes","1588","222"
"GET","/api/nutritionintelligence","/wellness-practices","/api/nutritionintelligence/wellness-practices","C:\Users\DIYA GOEL\Downloads\EBDESIGN\backend\src\routes\nutritionIntelligenceRoutes.js","nutritionIntelligenceRoutes","1588","245"
"POST","/api/nutritionintelligence","/recipes","/api/nutritionintelligence/recipes","C:\Users\DIYA GOEL\Downloads\EBDESIGN\backend\src\routes\nutritionIntelligenceRoutes.js","nutritionIntelligenceRoutes","1588","264"
"GET","/api/nutrition-intelligence","/nutrients","/api/nutrition-intelligence/nutrients","C:\Users\DIYA GOEL\Downloads\EBDESIGN\backend\src\routes\nutritionIntelligenceRoutes.js","nutritionIntelligenceRoutes","1589","27"
"POST","/api/nutrition-intelligence","/food-profiles","/api/nutrition-intelligence/food-profiles","C:\Users\DIYA GOEL\Downloads\EBDESIGN\backend\src\routes\nutritionIntelligenceRoutes.js","nutritionIntelligenceRoutes","1589","45"
"GET","/api/nutrition-intelligence","/food-profiles/search","/api/nutrition-intelligence/food-profiles/search","C:\Users\DIYA GOEL\Downloads\EBDESIGN\backend\src\routes\nutritionIntelligenceRoutes.js","nutritionIntelligenceRoutes","1589","59"
"POST","/api/nutrition-intelligence","/product-nutrition","/api/nutrition-intelligence/product-nutrition","C:\Users\DIYA GOEL\Downloads\EBDESIGN\backend\src\routes\nutritionIntelligenceRoutes.js","nutritionIntelligenceRoutes","1589","78"
"GET","/api/nutrition-intelligence","/product-nutrition/:productId","/api/nutrition-intelligence/product-nutrition/:productId","C:\Users\DIYA GOEL\Downloads\EBDESIGN\backend\src\routes\nutritionIntelligenceRoutes.js","nutritionIntelligenceRoutes","1589","92"
"POST","/api/nutrition-intelligence","/product-nutrition/:productId/score","/api/nutrition-intelligence/product-nutrition/:productId/score","C:\Users\DIYA GOEL\Downloads\EBDESIGN\backend\src\routes\nutritionIntelligenceRoutes.js","nutritionIntelligenceRoutes","1589","107"
"GET","/api/nutrition-intelligence","/product-nutrition/:productId/score","/api/nutrition-intelligence/product-nutrition/:productId/score","C:\Users\DIYA GOEL\Downloads\EBDESIGN\backend\src\routes\nutritionIntelligenceRoutes.js","nutritionIntelligenceRoutes","1589","122"
"POST","/api/nutrition-intelligence","/product-nutrition/:productId/pricing","/api/nutrition-intelligence/product-nutrition/:productId/pricing","C:\Users\DIYA GOEL\Downloads\EBDESIGN\backend\src\routes\nutritionIntelligenceRoutes.js","nutritionIntelligenceRoutes","1589","137"
"GET","/api/nutrition-intelligence","/product-nutrition/:productId/value-per-nutrient","/api/nutrition-intelligence/product-nutrition/:productId/value-per-nutrient","C:\Users\DIYA GOEL\Downloads\EBDESIGN\backend\src\routes\nutritionIntelligenceRoutes.js","nutritionIntelligenceRoutes","1589","152"
"POST","/api/nutrition-intelligence","/compare","/api/nutrition-intelligence/compare","C:\Users\DIYA GOEL\Downloads\EBDESIGN\backend\src\routes\nutritionIntelligenceRoutes.js","nutritionIntelligenceRoutes","1589","171"
"GET","/api/nutrition-intelligence","/dietary-profiles","/api/nutrition-intelligence/dietary-profiles","C:\Users\DIYA GOEL\Downloads\EBDESIGN\backend\src\routes\nutritionIntelligenceRoutes.js","nutritionIntelligenceRoutes","1589","190"
"GET","/api/nutrition-intelligence","/recommendations","/api/nutrition-intelligence/recommendations","C:\Users\DIYA GOEL\Downloads\EBDESIGN\backend\src\routes\nutritionIntelligenceRoutes.js","nutritionIntelligenceRoutes","1589","208"
"POST","/api/nutrition-intelligence","/recommendations","/api/nutrition-intelligence/recommendations","C:\Users\DIYA GOEL\Downloads\EBDESIGN\backend\src\routes\nutritionIntelligenceRoutes.js","nutritionIntelligenceRoutes","1589","222"
"GET","/api/nutrition-intelligence","/wellness-practices","/api/nutrition-intelligence/wellness-practices","C:\Users\DIYA GOEL\Downloads\EBDESIGN\backend\src\routes\nutritionIntelligenceRoutes.js","nutritionIntelligenceRoutes","1589","245"
"POST","/api/nutrition-intelligence","/recipes","/api/nutrition-intelligence/recipes","C:\Users\DIYA GOEL\Downloads\EBDESIGN\backend\src\routes\nutritionIntelligenceRoutes.js","nutritionIntelligenceRoutes","1589","264"
"GET","/api/v1/nutrition-intelligence","/nutrients","/api/v1/nutrition-intelligence/nutrients","C:\Users\DIYA GOEL\Downloads\EBDESIGN\backend\src\routes\nutritionIntelligenceRoutes.js","nutritionIntelligenceRoutes","1590","27"
"POST","/api/v1/nutrition-intelligence","/food-profiles","/api/v1/nutrition-intelligence/food-profiles","C:\Users\DIYA GOEL\Downloads\EBDESIGN\backend\src\routes\nutritionIntelligenceRoutes.js","nutritionIntelligenceRoutes","1590","45"
"GET","/api/v1/nutrition-intelligence","/food-profiles/search","/api/v1/nutrition-intelligence/food-profiles/search","C:\Users\DIYA GOEL\Downloads\EBDESIGN\backend\src\routes\nutritionIntelligenceRoutes.js","nutritionIntelligenceRoutes","1590","59"
"POST","/api/v1/nutrition-intelligence","/product-nutrition","/api/v1/nutrition-intelligence/product-nutrition","C:\Users\DIYA GOEL\Downloads\EBDESIGN\backend\src\routes\nutritionIntelligenceRoutes.js","nutritionIntelligenceRoutes","1590","78"
"GET","/api/v1/nutrition-intelligence","/product-nutrition/:productId","/api/v1/nutrition-intelligence/product-nutrition/:productId","C:\Users\DIYA GOEL\Downloads\EBDESIGN\backend\src\routes\nutritionIntelligenceRoutes.js","nutritionIntelligenceRoutes","1590","92"
"POST","/api/v1/nutrition-intelligence","/product-nutrition/:productId/score","/api/v1/nutrition-intelligence/product-nutrition/:productId/score","C:\Users\DIYA GOEL\Downloads\EBDESIGN\backend\src\routes\nutritionIntelligenceRoutes.js","nutritionIntelligenceRoutes","1590","107"
"GET","/api/v1/nutrition-intelligence","/product-nutrition/:productId/score","/api/v1/nutrition-intelligence/product-nutrition/:productId/score","C:\Users\DIYA GOEL\Downloads\EBDESIGN\backend\src\routes\nutritionIntelligenceRoutes.js","nutritionIntelligenceRoutes","1590","122"
"POST","/api/v1/nutrition-intelligence","/product-nutrition/:productId/pricing","/api/v1/nutrition-intelligence/product-nutrition/:productId/pricing","C:\Users\DIYA GOEL\Downloads\EBDESIGN\backend\src\routes\nutritionIntelligenceRoutes.js","nutritionIntelligenceRoutes","1590","137"
"GET","/api/v1/nutrition-intelligence","/product-nutrition/:productId/value-per-nutrient","/api/v1/nutrition-intelligence/product-nutrition/:productId/value-per-nutrient","C:\Users\DIYA GOEL\Downloads\EBDESIGN\backend\src\routes\nutritionIntelligenceRoutes.js","nutritionIntelligenceRoutes","1590","152"
"POST","/api/v1/nutrition-intelligence","/compare","/api/v1/nutrition-intelligence/compare","C:\Users\DIYA GOEL\Downloads\EBDESIGN\backend\src\routes\nutritionIntelligenceRoutes.js","nutritionIntelligenceRoutes","1590","171"
"GET","/api/v1/nutrition-intelligence","/dietary-profiles","/api/v1/nutrition-intelligence/dietary-profiles","C:\Users\DIYA GOEL\Downloads\EBDESIGN\backend\src\routes\nutritionIntelligenceRoutes.js","nutritionIntelligenceRoutes","1590","190"
"GET","/api/v1/nutrition-intelligence","/recommendations","/api/v1/nutrition-intelligence/recommendations","C:\Users\DIYA GOEL\Downloads\EBDESIGN\backend\src\routes\nutritionIntelligenceRoutes.js","nutritionIntelligenceRoutes","1590","208"
"POST","/api/v1/nutrition-intelligence","/recommendations","/api/v1/nutrition-intelligence/recommendations","C:\Users\DIYA GOEL\Downloads\EBDESIGN\backend\src\routes\nutritionIntelligenceRoutes.js","nutritionIntelligenceRoutes","1590","222"
"GET","/api/v1/nutrition-intelligence","/wellness-practices","/api/v1/nutrition-intelligence/wellness-practices","C:\Users\DIYA GOEL\Downloads\EBDESIGN\backend\src\routes\nutritionIntelligenceRoutes.js","nutritionIntelligenceRoutes","1590","245"
"POST","/api/v1/nutrition-intelligence","/recipes","/api/v1/nutrition-intelligence/recipes","C:\Users\DIYA GOEL\Downloads\EBDESIGN\backend\src\routes\nutritionIntelligenceRoutes.js","nutritionIntelligenceRoutes","1590","264"
"GET","/api/nutrientvaluesales","/health","/api/nutrientvaluesales/health","C:\Users\DIYA GOEL\Downloads\EBDESIGN\backend\src\routes\nutrientValueSalesRoutes.js","nutrientValueSalesRoutes","1591","38"
"POST","/api/nutrientvaluesales","/calculate-price/:productId","/api/nutrientvaluesales/calculate-price/:productId","C:\Users\DIYA GOEL\Downloads\EBDESIGN\backend\src\routes\nutrientValueSalesRoutes.js","nutrientValueSalesRoutes","1591","55"
"POST","/api/nutrientvaluesales","/submit-verification","/api/nutrientvaluesales/submit-verification","C:\Users\DIYA GOEL\Downloads\EBDESIGN\backend\src\routes\nutrientValueSalesRoutes.js","nutrientValueSalesRoutes","1591","66"
"POST","/api/nutrientvaluesales","/approve-verification/:verificationId","/api/nutrientvaluesales/approve-verification/:verificationId","C:\Users\DIYA GOEL\Downloads\EBDESIGN\backend\src\routes\nutrientValueSalesRoutes.js","nutrientValueSalesRoutes","1591","73"
"POST","/api/nutrientvaluesales","/create-listing","/api/nutrientvaluesales/create-listing","C:\Users\DIYA GOEL\Downloads\EBDESIGN\backend\src\routes\nutrientValueSalesRoutes.js","nutrientValueSalesRoutes","1591","84"
"POST","/api/nutrientvaluesales","/assign-tier/:productId","/api/nutrientvaluesales/assign-tier/:productId","C:\Users\DIYA GOEL\Downloads\EBDESIGN\backend\src\routes\nutrientValueSalesRoutes.js","nutrientValueSalesRoutes","1591","95"
"POST","/api/nutrientvaluesales","/compare-products","/api/nutrientvaluesales/compare-products","C:\Users\DIYA GOEL\Downloads\EBDESIGN\backend\src\routes\nutrientValueSalesRoutes.js","nutrientValueSalesRoutes","1591","106"
"POST","/api/nutrientvaluesales","/issue-certificate","/api/nutrientvaluesales/issue-certificate","C:\Users\DIYA GOEL\Downloads\EBDESIGN\backend\src\routes\nutrientValueSalesRoutes.js","nutrientValueSalesRoutes","1591","117"
"POST","/api/nutrientvaluesales","/calculate-commission/:orderId","/api/nutrientvaluesales/calculate-commission/:orderId","C:\Users\DIYA GOEL\Downloads\EBDESIGN\backend\src\routes\nutrientValueSalesRoutes.js","nutrientValueSalesRoutes","1591","128"
"GET","/api/nutrientvaluesales","/search","/api/nutrientvaluesales/search","C:\Users\DIYA GOEL\Downloads\EBDESIGN\backend\src\routes\nutrientValueSalesRoutes.js","nutrientValueSalesRoutes","1591","139"
"GET","/api/nlp","/health","/api/nlp/health","C:\Users\DIYA GOEL\Downloads\EBDESIGN\backend\src\routes\nlp.js","nlp","1592","12"
"POST","/api/nervoussystem","/brain/process-event","/api/nervoussystem/brain/process-event","C:\Users\DIYA GOEL\Downloads\EBDESIGN\backend\src\routes\nervousSystemRoutes.js","nervousSystemRoutes","1593","47"
"GET","/api/nervoussystem","/brain/decision-history","/api/nervoussystem/brain/decision-history","C:\Users\DIYA GOEL\Downloads\EBDESIGN\backend\src\routes\nervousSystemRoutes.js","nervousSystemRoutes","1593","54"
"GET","/api/nervoussystem","/brain/focus","/api/nervoussystem/brain/focus","C:\Users\DIYA GOEL\Downloads\EBDESIGN\backend\src\routes\nervousSystemRoutes.js","nervousSystemRoutes","1593","61"
"POST","/api/nervoussystem","/heart/start","/api/nervoussystem/heart/start","C:\Users\DIYA GOEL\Downloads\EBDESIGN\backend\src\routes\nervousSystemRoutes.js","nervousSystemRoutes","1593","72"
"POST","/api/nervoussystem","/heart/stop","/api/nervoussystem/heart/stop","C:\Users\DIYA GOEL\Downloads\EBDESIGN\backend\src\routes\nervousSystemRoutes.js","nervousSystemRoutes","1593","79"
"GET","/api/nervoussystem","/heart/status","/api/nervoussystem/heart/status","C:\Users\DIYA GOEL\Downloads\EBDESIGN\backend\src\routes\nervousSystemRoutes.js","nervousSystemRoutes","1593","86"
"POST","/api/nervoussystem","/neural/create-pathway","/api/nervoussystem/neural/create-pathway","C:\Users\DIYA GOEL\Downloads\EBDESIGN\backend\src\routes\nervousSystemRoutes.js","nervousSystemRoutes","1593","97"
"GET","/api/nervoussystem","/neural/pathways","/api/nervoussystem/neural/pathways","C:\Users\DIYA GOEL\Downloads\EBDESIGN\backend\src\routes\nervousSystemRoutes.js","nervousSystemRoutes","1593","104"
"POST","/api/nervoussystem","/neural/strengthen/:pathwayId","/api/nervoussystem/neural/strengthen/:pathwayId","C:\Users\DIYA GOEL\Downloads\EBDESIGN\backend\src\routes\nervousSystemRoutes.js","nervousSystemRoutes","1593","111"
"POST","/api/nervoussystem","/reflex/create-arc","/api/nervoussystem/reflex/create-arc","C:\Users\DIYA GOEL\Downloads\EBDESIGN\backend\src\routes\nervousSystemRoutes.js","nervousSystemRoutes","1593","122"
"GET","/api/nervoussystem","/reflex/arcs","/api/nervoussystem/reflex/arcs","C:\Users\DIYA GOEL\Downloads\EBDESIGN\backend\src\routes\nervousSystemRoutes.js","nervousSystemRoutes","1593","129"
"POST","/api/nervoussystem","/reflex/trigger","/api/nervoussystem/reflex/trigger","C:\Users\DIYA GOEL\Downloads\EBDESIGN\backend\src\routes\nervousSystemRoutes.js","nervousSystemRoutes","1593","136"
"POST","/api/nervoussystem","/sensor/register","/api/nervoussystem/sensor/register","C:\Users\DIYA GOEL\Downloads\EBDESIGN\backend\src\routes\nervousSystemRoutes.js","nervousSystemRoutes","1593","147"
"GET","/api/nervoussystem","/sensor/data/:sensorId","/api/nervoussystem/sensor/data/:sensorId","C:\Users\DIYA GOEL\Downloads\EBDESIGN\backend\src\routes\nervousSystemRoutes.js","nervousSystemRoutes","1593","154"
"GET","/api/nervoussystem","/sensor/status","/api/nervoussystem/sensor/status","C:\Users\DIYA GOEL\Downloads\EBDESIGN\backend\src\routes\nervousSystemRoutes.js","nervousSystemRoutes","1593","161"
"POST","/api/nervoussystem","/motor/execute","/api/nervoussystem/motor/execute","C:\Users\DIYA GOEL\Downloads\EBDESIGN\backend\src\routes\nervousSystemRoutes.js","nervousSystemRoutes","1593","172"
"GET","/api/nervoussystem","/motor/active","/api/nervoussystem/motor/active","C:\Users\DIYA GOEL\Downloads\EBDESIGN\backend\src\routes\nervousSystemRoutes.js","nervousSystemRoutes","1593","179"
"POST","/api/nervoussystem","/route/register","/api/nervoussystem/route/register","C:\Users\DIYA GOEL\Downloads\EBDESIGN\backend\src\routes\nervousSystemRoutes.js","nervousSystemRoutes","1593","190"
"POST","/api/nervoussystem","/route/request","/api/nervoussystem/route/request","C:\Users\DIYA GOEL\Downloads\EBDESIGN\backend\src\routes\nervousSystemRoutes.js","nervousSystemRoutes","1593","197"
"GET","/api/nervoussystem","/route/optimal","/api/nervoussystem/route/optimal","C:\Users\DIYA GOEL\Downloads\EBDESIGN\backend\src\routes\nervousSystemRoutes.js","nervousSystemRoutes","1593","204"
"POST","/api/nervoussystem","/route/deactivate/:routeId","/api/nervoussystem/route/deactivate/:routeId","C:\Users\DIYA GOEL\Downloads\EBDESIGN\backend\src\routes\nervousSystemRoutes.js","nervousSystemRoutes","1593","211"
"GET","/api/nervoussystem","/health","/api/nervoussystem/health","C:\Users\DIYA GOEL\Downloads\EBDESIGN\backend\src\routes\nervousSystemRoutes.js","nervousSystemRoutes","1593","222"
"GET","/api/mloptimization","/health","/api/mloptimization/health","C:\Users\DIYA GOEL\Downloads\EBDESIGN\backend\src\routes\mlOptimization.js","mlOptimization","1594","12"
"GET","/api/v1/optimization","/objectives","/api/v1/optimization/objectives","C:\Users\DIYA GOEL\Downloads\EBDESIGN\backend\src\routes\optimizationRoutes.js","optimizationRoutes","1595","9"
"POST","/api/v1/optimization","/jobs","/api/v1/optimization/jobs","C:\Users\DIYA GOEL\Downloads\EBDESIGN\backend\src\routes\optimizationRoutes.js","optimizationRoutes","1595","10"
"POST","/api/v1/optimization","/jobs/:jobId/execute","/api/v1/optimization/jobs/:jobId/execute","C:\Users\DIYA GOEL\Downloads\EBDESIGN\backend\src\routes\optimizationRoutes.js","optimizationRoutes","1595","13"
"GET","/api/v1/optimization","/jobs/:jobId","/api/v1/optimization/jobs/:jobId","C:\Users\DIYA GOEL\Downloads\EBDESIGN\backend\src\routes\optimizationRoutes.js","optimizationRoutes","1595","16"
"POST","/api/v1/shared-capacity","/optimize","/api/v1/shared-capacity/optimize","C:\Users\DIYA GOEL\Downloads\EBDESIGN\backend\src\routes\sharedCapacityRoutes.js","sharedCapacityRoutes","1596","4"
"POST","/api/v1/shared-capacity","/resources","/api/v1/shared-capacity/resources","C:\Users\DIYA GOEL\Downloads\EBDESIGN\backend\src\routes\sharedCapacityRoutes.js","sharedCapacityRoutes","1596","5"
"POST","/api/v1/shared-capacity","/slots","/api/v1/shared-capacity/slots","C:\Users\DIYA GOEL\Downloads\EBDESIGN\backend\src\routes\sharedCapacityRoutes.js","sharedCapacityRoutes","1596","6"
"POST","/api/v1/shared-capacity","/reservations","/api/v1/shared-capacity/reservations","C:\Users\DIYA GOEL\Downloads\EBDESIGN\backend\src\routes\sharedCapacityRoutes.js","sharedCapacityRoutes","1596","7"
"POST","/api/v1/shared-capacity","/reservations/:id/cancel","/api/v1/shared-capacity/reservations/:id/cancel","C:\Users\DIYA GOEL\Downloads\EBDESIGN\backend\src\routes\sharedCapacityRoutes.js","sharedCapacityRoutes","1596","8"
"GET","/api/v1/india-coverage","/","/api/v1/india-coverage/","C:\Users\DIYA GOEL\Downloads\EBDESIGN\backend\src\routes\indiaCoverageRoutes.js","indiaCoverageRoutes","1597","13"
"PATCH","/api/v1/india-coverage","/:name/stage","/api/v1/india-coverage/:name/stage","C:\Users\DIYA GOEL\Downloads\EBDESIGN\backend\src\routes\indiaCoverageRoutes.js","indiaCoverageRoutes","1597","14"
"GET","/api/marketplaceenhancements","/health","/api/marketplaceenhancements/health","C:\Users\DIYA GOEL\Downloads\EBDESIGN\backend\src\routes\marketplaceEnhancements.js","marketplaceEnhancements","1598","29"
"POST","/api/marketplaceenhancements","/gst/calculate/order/:orderId","/api/marketplaceenhancements/gst/calculate/order/:orderId","C:\Users\DIYA GOEL\Downloads\EBDESIGN\backend\src\routes\marketplaceEnhancements.js","marketplaceEnhancements","1598","42"
"POST","/api/marketplaceenhancements","/gst/calculate/product","/api/marketplaceenhancements/gst/calculate/product","C:\Users\DIYA GOEL\Downloads\EBDESIGN\backend\src\routes\marketplaceEnhancements.js","marketplaceEnhancements","1598","52"
"GET","/api/marketplaceenhancements","/gst/summary","/api/marketplaceenhancements/gst/summary","C:\Users\DIYA GOEL\Downloads\EBDESIGN\backend\src\routes\marketplaceEnhancements.js","marketplaceEnhancements","1598","61"
"POST","/api/marketplaceenhancements","/gst/invoice/:orderId","/api/marketplaceenhancements/gst/invoice/:orderId","C:\Users\DIYA GOEL\Downloads\EBDESIGN\backend\src\routes\marketplaceEnhancements.js","marketplaceEnhancements","1598","71"
"POST","/api/marketplaceenhancements","/gst/validate","/api/marketplaceenhancements/gst/validate","C:\Users\DIYA GOEL\Downloads\EBDESIGN\backend\src\routes\marketplaceEnhancements.js","marketplaceEnhancements","1598","81"
"POST","/api/marketplaceenhancements","/reviews","/api/marketplaceenhancements/reviews","C:\Users\DIYA GOEL\Downloads\EBDESIGN\backend\src\routes\marketplaceEnhancements.js","marketplaceEnhancements","1598","92"
"GET","/api/marketplaceenhancements","/reviews/product/:productId","/api/marketplaceenhancements/reviews/product/:productId","C:\Users\DIYA GOEL\Downloads\EBDESIGN\backend\src\routes\marketplaceEnhancements.js","marketplaceEnhancements","1598","101"
"GET","/api/marketplaceenhancements","/reviews/product/:productId/stats","/api/marketplaceenhancements/reviews/product/:productId/stats","C:\Users\DIYA GOEL\Downloads\EBDESIGN\backend\src\routes\marketplaceEnhancements.js","marketplaceEnhancements","1598","111"
"POST","/api/marketplaceenhancements","/reviews/:reviewId/helpful","/api/marketplaceenhancements/reviews/:reviewId/helpful","C:\Users\DIYA GOEL\Downloads\EBDESIGN\backend\src\routes\marketplaceEnhancements.js","marketplaceEnhancements","1598","121"
"PUT","/api/marketplaceenhancements","/reviews/:reviewId","/api/marketplaceenhancements/reviews/:reviewId","C:\Users\DIYA GOEL\Downloads\EBDESIGN\backend\src\routes\marketplaceEnhancements.js","marketplaceEnhancements","1598","131"
"DELETE","/api/marketplaceenhancements","/reviews/:reviewId","/api/marketplaceenhancements/reviews/:reviewId","C:\Users\DIYA GOEL\Downloads\EBDESIGN\backend\src\routes\marketplaceEnhancements.js","marketplaceEnhancements","1598","141"
"PUT","/api/marketplaceenhancements","/reviews/:reviewId/moderate","/api/marketplaceenhancements/reviews/:reviewId/moderate","C:\Users\DIYA GOEL\Downloads\EBDESIGN\backend\src\routes\marketplaceEnhancements.js","marketplaceEnhancements","1598","151"
"GET","/api/marketplaceenhancements","/reviews/user","/api/marketplaceenhancements/reviews/user","C:\Users\DIYA GOEL\Downloads\EBDESIGN\backend\src\routes\marketplaceEnhancements.js","marketplaceEnhancements","1598","162"
"POST","/api/marketplaceenhancements","/reviews/:reviewId/report","/api/marketplaceenhancements/reviews/:reviewId/report","C:\Users\DIYA GOEL\Downloads\EBDESIGN\backend\src\routes\marketplaceEnhancements.js","marketplaceEnhancements","1598","171"
"POST","/api/marketplaceenhancements","/bulk-orders","/api/marketplaceenhancements/bulk-orders","C:\Users\DIYA GOEL\Downloads\EBDESIGN\backend\src\routes\marketplaceEnhancements.js","marketplaceEnhancements","1598","183"
"GET","/api/marketplaceenhancements","/bulk-orders/:orderId","/api/marketplaceenhancements/bulk-orders/:orderId","C:\Users\DIYA GOEL\Downloads\EBDESIGN\backend\src\routes\marketplaceEnhancements.js","marketplaceEnhancements","1598","192"
"GET","/api/marketplaceenhancements","/bulk-orders","/api/marketplaceenhancements/bulk-orders","C:\Users\DIYA GOEL\Downloads\EBDESIGN\backend\src\routes\marketplaceEnhancements.js","marketplaceEnhancements","1598","202"
"PUT","/api/marketplaceenhancements","/bulk-orders/:orderId/status","/api/marketplaceenhancements/bulk-orders/:orderId/status","C:\Users\DIYA GOEL\Downloads\EBDESIGN\backend\src\routes\marketplaceEnhancements.js","marketplaceEnhancements","1598","216"
"POST","/api/marketplaceenhancements","/bulk-orders/:orderId/quotation","/api/marketplaceenhancements/bulk-orders/:orderId/quotation","C:\Users\DIYA GOEL\Downloads\EBDESIGN\backend\src\routes\marketplaceEnhancements.js","marketplaceEnhancements","1598","227"
"POST","/api/marketplaceenhancements","/quotations/:quotationId/accept","/api/marketplaceenhancements/quotations/:quotationId/accept","C:\Users\DIYA GOEL\Downloads\EBDESIGN\backend\src\routes\marketplaceEnhancements.js","marketplaceEnhancements","1598","237"
"POST","/api/marketplaceenhancements","/quotations/:quotationId/reject","/api/marketplaceenhancements/quotations/:quotationId/reject","C:\Users\DIYA GOEL\Downloads\EBDESIGN\backend\src\routes\marketplaceEnhancements.js","marketplaceEnhancements","1598","247"
"GET","/api/marketplaceenhancements","/bulk-orders/stats","/api/marketplaceenhancements/bulk-orders/stats","C:\Users\DIYA GOEL\Downloads\EBDESIGN\backend\src\routes\marketplaceEnhancements.js","marketplaceEnhancements","1598","258"
"DELETE","/api/marketplaceenhancements","/bulk-orders/:orderId","/api/marketplaceenhancements/bulk-orders/:orderId","C:\Users\DIYA GOEL\Downloads\EBDESIGN\backend\src\routes\marketplaceEnhancements.js","marketplaceEnhancements","1598","267"
"GET","/api/marketdata","/health","/api/marketdata/health","C:\Users\DIYA GOEL\Downloads\EBDESIGN\backend\src\routes\marketDataRoutes.js","marketDataRoutes","1599","32"
"GET","/api/marketdata","/prices/trend","/api/marketdata/prices/trend","C:\Users\DIYA GOEL\Downloads\EBDESIGN\backend\src\routes\marketDataRoutes.js","marketDataRoutes","1599","43"
"POST","/api/marketdata","/prices/ingest","/api/marketdata/prices/ingest","C:\Users\DIYA GOEL\Downloads\EBDESIGN\backend\src\routes\marketDataRoutes.js","marketDataRoutes","1599","46"
"POST","/api/marketdata","/dbt/reconcile","/api/marketdata/dbt/reconcile","C:\Users\DIYA GOEL\Downloads\EBDESIGN\backend\src\routes\marketDataRoutes.js","marketDataRoutes","1599","52"
"GET","/api/marketdata","/dbt/unclaimed","/api/marketdata/dbt/unclaimed","C:\Users\DIYA GOEL\Downloads\EBDESIGN\backend\src\routes\marketDataRoutes.js","marketDataRoutes","1599","55"
"POST","/api/marketdata","/competitor/observe","/api/marketdata/competitor/observe","C:\Users\DIYA GOEL\Downloads\EBDESIGN\backend\src\routes\marketDataRoutes.js","marketDataRoutes","1599","58"
"GET","/api/marketdata","/competitor/position","/api/marketdata/competitor/position","C:\Users\DIYA GOEL\Downloads\EBDESIGN\backend\src\routes\marketDataRoutes.js","marketDataRoutes","1599","61"
"GET","/api/marketanalytics","/health","/api/marketanalytics/health","C:\Users\DIYA GOEL\Downloads\EBDESIGN\backend\src\routes\marketAnalytics.js","marketAnalytics","1600","12"
"GET","/api/m400aibackbone","/health","/api/m400aibackbone/health","C:\Users\DIYA GOEL\Downloads\EBDESIGN\backend\src\routes\m400AiBackboneRoutes.js","m400AiBackboneRoutes","1601","91"
"POST","/api/m400aibackbone","/execute","/api/m400aibackbone/execute","C:\Users\DIYA GOEL\Downloads\EBDESIGN\backend\src\routes\m400AiBackboneRoutes.js","m400AiBackboneRoutes","1601","103"
"POST","/api/m400aibackbone","/coordinate","/api/m400aibackbone/coordinate","C:\Users\DIYA GOEL\Downloads\EBDESIGN\backend\src\routes\m400AiBackboneRoutes.js","m400AiBackboneRoutes","1601","118"
"POST","/api/m400aibackbone","/decide","/api/m400aibackbone/decide","C:\Users\DIYA GOEL\Downloads\EBDESIGN\backend\src\routes\m400AiBackboneRoutes.js","m400AiBackboneRoutes","1601","129"
"POST","/api/m400aibackbone","/strategize","/api/m400aibackbone/strategize","C:\Users\DIYA GOEL\Downloads\EBDESIGN\backend\src\routes\m400AiBackboneRoutes.js","m400AiBackboneRoutes","1601","141"
"GET","/api/m400aibackbone","/intelligence","/api/m400aibackbone/intelligence","C:\Users\DIYA GOEL\Downloads\EBDESIGN\backend\src\routes\m400AiBackboneRoutes.js","m400AiBackboneRoutes","1601","153"
"POST","/api/m400aibackbone","/modules","/api/m400aibackbone/modules","C:\Users\DIYA GOEL\Downloads\EBDESIGN\backend\src\routes\m400AiBackboneRoutes.js","m400AiBackboneRoutes","1601","164"
"DELETE","/api/m400aibackbone","/modules/:moduleId","/api/m400aibackbone/modules/:moduleId","C:\Users\DIYA GOEL\Downloads\EBDESIGN\backend\src\routes\m400AiBackboneRoutes.js","m400AiBackboneRoutes","1601","175"
"GET","/api/logisticsenhancements","/health","/api/logisticsenhancements/health","C:\Users\DIYA GOEL\Downloads\EBDESIGN\backend\src\routes\logisticsEnhancements.js","logisticsEnhancements","1602","29"
"POST","/api/logisticsenhancements","/fleet","/api/logisticsenhancements/fleet","C:\Users\DIYA GOEL\Downloads\EBDESIGN\backend\src\routes\logisticsEnhancements.js","logisticsEnhancements","1602","39"
"GET","/api/logisticsenhancements","/fleet","/api/logisticsenhancements/fleet","C:\Users\DIYA GOEL\Downloads\EBDESIGN\backend\src\routes\logisticsEnhancements.js","logisticsEnhancements","1602","48"
"GET","/api/logisticsenhancements","/fleet/maintenance-due","/api/logisticsenhancements/fleet/maintenance-due","C:\Users\DIYA GOEL\Downloads\EBDESIGN\backend\src\routes\logisticsEnhancements.js","logisticsEnhancements","1602","59"
"GET","/api/logisticsenhancements","/fleet/:vehicleId","/api/logisticsenhancements/fleet/:vehicleId","C:\Users\DIYA GOEL\Downloads\EBDESIGN\backend\src\routes\logisticsEnhancements.js","logisticsEnhancements","1602","69"
"PUT","/api/logisticsenhancements","/fleet/:vehicleId","/api/logisticsenhancements/fleet/:vehicleId","C:\Users\DIYA GOEL\Downloads\EBDESIGN\backend\src\routes\logisticsEnhancements.js","logisticsEnhancements","1602","79"
"POST","/api/logisticsenhancements","/fleet/:vehicleId/maintenance","/api/logisticsenhancements/fleet/:vehicleId/maintenance","C:\Users\DIYA GOEL\Downloads\EBDESIGN\backend\src\routes\logisticsEnhancements.js","logisticsEnhancements","1602","89"
"POST","/api/logisticsenhancements","/shipments/:shipmentId/tracking","/api/logisticsenhancements/shipments/:shipmentId/tracking","C:\Users\DIYA GOEL\Downloads\EBDESIGN\backend\src\routes\logisticsEnhancements.js","logisticsEnhancements","1602","100"
"GET","/api/logisticsenhancements","/shipments/:shipmentId/tracking","/api/logisticsenhancements/shipments/:shipmentId/tracking","C:\Users\DIYA GOEL\Downloads\EBDESIGN\backend\src\routes\logisticsEnhancements.js","logisticsEnhancements","1602","110"
"GET","/api/logisticsenhancements","/shipments/:shipmentId/live-tracking","/api/logisticsenhancements/shipments/:shipmentId/live-tracking","C:\Users\DIYA GOEL\Downloads\EBDESIGN\backend\src\routes\logisticsEnhancements.js","logisticsEnhancements","1602","120"
"POST","/api/logisticsenhancements","/shipments/:shipmentId/geofence","/api/logisticsenhancements/shipments/:shipmentId/geofence","C:\Users\DIYA GOEL\Downloads\EBDESIGN\backend\src\routes\logisticsEnhancements.js","logisticsEnhancements","1602","130"
"POST","/api/logisticsenhancements","/shipments/:shipmentId/temperature","/api/logisticsenhancements/shipments/:shipmentId/temperature","C:\Users\DIYA GOEL\Downloads\EBDESIGN\backend\src\routes\logisticsEnhancements.js","logisticsEnhancements","1602","141"
"GET","/api/logisticsenhancements","/shipments/:shipmentId/temperature","/api/logisticsenhancements/shipments/:shipmentId/temperature","C:\Users\DIYA GOEL\Downloads\EBDESIGN\backend\src\routes\logisticsEnhancements.js","logisticsEnhancements","1602","151"
"POST","/api/logisticsenhancements","/shipments/:shipmentId/temperature-alerts","/api/logisticsenhancements/shipments/:shipmentId/temperature-alerts","C:\Users\DIYA GOEL\Downloads\EBDESIGN\backend\src\routes\logisticsEnhancements.js","logisticsEnhancements","1602","161"
"GET","/api/logisticsenhancements","/shipments/:shipmentId/temperature-alerts","/api/logisticsenhancements/shipments/:shipmentId/temperature-alerts","C:\Users\DIYA GOEL\Downloads\EBDESIGN\backend\src\routes\logisticsEnhancements.js","logisticsEnhancements","1602","171"
"POST","/api/logisticsenhancements","/warehouses","/api/logisticsenhancements/warehouses","C:\Users\DIYA GOEL\Downloads\EBDESIGN\backend\src\routes\logisticsEnhancements.js","logisticsEnhancements","1602","182"
"GET","/api/logisticsenhancements","/warehouses","/api/logisticsenhancements/warehouses","C:\Users\DIYA GOEL\Downloads\EBDESIGN\backend\src\routes\logisticsEnhancements.js","logisticsEnhancements","1602","191"
"GET","/api/logisticsenhancements","/warehouses/:warehouseId","/api/logisticsenhancements/warehouses/:warehouseId","C:\Users\DIYA GOEL\Downloads\EBDESIGN\backend\src\routes\logisticsEnhancements.js","logisticsEnhancements","1602","200"
"POST","/api/logisticsenhancements","/warehouses/:warehouseId/inventory","/api/logisticsenhancements/warehouses/:warehouseId/inventory","C:\Users\DIYA GOEL\Downloads\EBDESIGN\backend\src\routes\logisticsEnhancements.js","logisticsEnhancements","1602","210"
"GET","/api/logisticsenhancements","/warehouses/:warehouseId/inventory","/api/logisticsenhancements/warehouses/:warehouseId/inventory","C:\Users\DIYA GOEL\Downloads\EBDESIGN\backend\src\routes\logisticsEnhancements.js","logisticsEnhancements","1602","220"
"POST","/api/logisticsenhancements","/warehouses/:warehouseId/shipments","/api/logisticsenhancements/warehouses/:warehouseId/shipments","C:\Users\DIYA GOEL\Downloads\EBDESIGN\backend\src\routes\logisticsEnhancements.js","logisticsEnhancements","1602","230"
"GET","/api/logisticsenhancements","/statistics","/api/logisticsenhancements/statistics","C:\Users\DIYA GOEL\Downloads\EBDESIGN\backend\src\routes\logisticsEnhancements.js","logisticsEnhancements","1602","240"
"POST","/api/logisticsenhancement","/","/api/logisticsenhancement/","C:\Users\DIYA GOEL\Downloads\EBDESIGN\backend\src\routes\logisticsEnhancementRoutes.js","logisticsEnhancementRoutes","1603","18"
"GET","/api/logisticsenhancement","/health","/api/logisticsenhancement/health","C:\Users\DIYA GOEL\Downloads\EBDESIGN\backend\src\routes\logisticsEnhancementRoutes.js","logisticsEnhancementRoutes","1603","30"
"GET","/api/loanmanagement","/health","/api/loanmanagement/health","C:\Users\DIYA GOEL\Downloads\EBDESIGN\backend\src\routes\loanManagement.js","loanManagement","1604","12"
"POST","/api/livestockmanagement","/","/api/livestockmanagement/","C:\Users\DIYA GOEL\Downloads\EBDESIGN\backend\src\routes\livestockManagementRoutes.js","livestockManagementRoutes","1606","18"
"GET","/api/livestockmanagement","/health","/api/livestockmanagement/health","C:\Users\DIYA GOEL\Downloads\EBDESIGN\backend\src\routes\livestockManagementRoutes.js","livestockManagementRoutes","1606","30"
"GET","/api/livestock","/health","/api/livestock/health","C:\Users\DIYA GOEL\Downloads\EBDESIGN\backend\src\routes\livestock.js","livestock","1607","12"
"GET","/api/library","/health","/api/library/health","C:\Users\DIYA GOEL\Downloads\EBDESIGN\backend\src\routes\libraryRoutes.js","libraryRoutes","1608","332"
"GET","/api/library","/","/api/library/","C:\Users\DIYA GOEL\Downloads\EBDESIGN\backend\src\routes\libraryRoutes.js","libraryRoutes","1608","354"
"POST","/api/library","/initialize","/api/library/initialize","C:\Users\DIYA GOEL\Downloads\EBDESIGN\backend\src\routes\libraryRoutes.js","libraryRoutes","1608","359"
"GET","/api/library","/statistics","/api/library/statistics","C:\Users\DIYA GOEL\Downloads\EBDESIGN\backend\src\routes\libraryRoutes.js","libraryRoutes","1608","373"
"GET","/api/library","/verify","/api/library/verify","C:\Users\DIYA GOEL\Downloads\EBDESIGN\backend\src\routes\libraryRoutes.js","libraryRoutes","1608","378"
"GET","/api/library","/search","/api/library/search","C:\Users\DIYA GOEL\Downloads\EBDESIGN\backend\src\routes\libraryRoutes.js","libraryRoutes","1608","383"
"POST","/api/library","/search","/api/library/search","C:\Users\DIYA GOEL\Downloads\EBDESIGN\backend\src\routes\libraryRoutes.js","libraryRoutes","1608","392"
"POST","/api/library","/advanced-search","/api/library/advanced-search","C:\Users\DIYA GOEL\Downloads\EBDESIGN\backend\src\routes\libraryRoutes.js","libraryRoutes","1608","402"
"POST","/api/library","/recommendations","/api/library/recommendations","C:\Users\DIYA GOEL\Downloads\EBDESIGN\backend\src\routes\libraryRoutes.js","libraryRoutes","1608","412"
"GET","/api/library","/modules","/api/library/modules","C:\Users\DIYA GOEL\Downloads\EBDESIGN\backend\src\routes\libraryRoutes.js","libraryRoutes","1608","422"
"GET","/api/library","/modules/:moduleId","/api/library/modules/:moduleId","C:\Users\DIYA GOEL\Downloads\EBDESIGN\backend\src\routes\libraryRoutes.js","libraryRoutes","1608","427"
"GET","/api/library","/components","/api/library/components","C:\Users\DIYA GOEL\Downloads\EBDESIGN\backend\src\routes\libraryRoutes.js","libraryRoutes","1608","442"
"GET","/api/library","/item/:filename","/api/library/item/:filename","C:\Users\DIYA GOEL\Downloads\EBDESIGN\backend\src\routes\libraryRoutes.js","libraryRoutes","1608","452"
"GET","/api/library","/enterprise-index/summary","/api/library/enterprise-index/summary","C:\Users\DIYA GOEL\Downloads\EBDESIGN\backend\src\routes\libraryRoutes.js","libraryRoutes","1608","460"
"GET","/api/library","/enterprise-index/features","/api/library/enterprise-index/features","C:\Users\DIYA GOEL\Downloads\EBDESIGN\backend\src\routes\libraryRoutes.js","libraryRoutes","1608","483"
"GET","/api/library","/enterprise-index/duplicates","/api/library/enterprise-index/duplicates","C:\Users\DIYA GOEL\Downloads\EBDESIGN\backend\src\routes\libraryRoutes.js","libraryRoutes","1608","502"
"GET","/api/library","/enterprise-index/files/search","/api/library/enterprise-index/files/search","C:\Users\DIYA GOEL\Downloads\EBDESIGN\backend\src\routes\libraryRoutes.js","libraryRoutes","1608","515"
"GET","/api/library","/enterprise-index/activity/summary","/api/library/enterprise-index/activity/summary","C:\Users\DIYA GOEL\Downloads\EBDESIGN\backend\src\routes\libraryRoutes.js","libraryRoutes","1608","529"
"GET","/api/library","/enterprise-index/activity/files/search","/api/library/enterprise-index/activity/files/search","C:\Users\DIYA GOEL\Downloads\EBDESIGN\backend\src\routes\libraryRoutes.js","libraryRoutes","1608","575"
"GET","/api/library","/enterprise-index/activity/ledger/summary","/api/library/enterprise-index/activity/ledger/summary","C:\Users\DIYA GOEL\Downloads\EBDESIGN\backend\src\routes\libraryRoutes.js","libraryRoutes","1608","593"
"GET","/api/library","/enterprise-index/activity/ledger/latest","/api/library/enterprise-index/activity/ledger/latest","C:\Users\DIYA GOEL\Downloads\EBDESIGN\backend\src\routes\libraryRoutes.js","libraryRoutes","1608","617"
"GET","/api/library","/enterprise-index/activity/ledger/search","/api/library/enterprise-index/activity/ledger/search","C:\Users\DIYA GOEL\Downloads\EBDESIGN\backend\src\routes\libraryRoutes.js","libraryRoutes","1608","632"
"GET","/api/library","/enterprise-index/workflow","/api/library/enterprise-index/workflow","C:\Users\DIYA GOEL\Downloads\EBDESIGN\backend\src\routes\libraryRoutes.js","libraryRoutes","1608","650"
"GET","/api/library","/enterprise-index/ai-workflow","/api/library/enterprise-index/ai-workflow","C:\Users\DIYA GOEL\Downloads\EBDESIGN\backend\src\routes\libraryRoutes.js","libraryRoutes","1608","658"
"GET","/api/library","/cards/:id","/api/library/cards/:id","C:\Users\DIYA GOEL\Downloads\EBDESIGN\backend\src\routes\libraryRoutes.js","libraryRoutes","1608","666"
"POST","/api/library","/ai-context","/api/library/ai-context","C:\Users\DIYA GOEL\Downloads\EBDESIGN\backend\src\routes\libraryRoutes.js","libraryRoutes","1608","671"
"POST","/api/library","/sync-database","/api/library/sync-database","C:\Users\DIYA GOEL\Downloads\EBDESIGN\backend\src\routes\libraryRoutes.js","libraryRoutes","1608","681"
"GET","/api/library","/org-chart","/api/library/org-chart","C:\Users\DIYA GOEL\Downloads\EBDESIGN\backend\src\routes\libraryRoutes.js","libraryRoutes","1608","690"
"GET","/api/library","/manifest","/api/library/manifest","C:\Users\DIYA GOEL\Downloads\EBDESIGN\backend\src\routes\libraryRoutes.js","libraryRoutes","1608","701"
"GET","/api/library","/meta/duplicate-names","/api/library/meta/duplicate-names","C:\Users\DIYA GOEL\Downloads\EBDESIGN\backend\src\routes\libraryRoutes.js","libraryRoutes","1608","714"
"GET","/api/library","/find","/api/library/find","C:\Users\DIYA GOEL\Downloads\EBDESIGN\backend\src\routes\libraryRoutes.js","libraryRoutes","1608","723"
"GET","/api/library","/resolve","/api/library/resolve","C:\Users\DIYA GOEL\Downloads\EBDESIGN\backend\src\routes\libraryRoutes.js","libraryRoutes","1608","739"
"GET","/api/library","/dependencies/:id","/api/library/dependencies/:id","C:\Users\DIYA GOEL\Downloads\EBDESIGN\backend\src\routes\libraryRoutes.js","libraryRoutes","1608","752"
"POST","/api/library","/meta/reindex","/api/library/meta/reindex","C:\Users\DIYA GOEL\Downloads\EBDESIGN\backend\src\routes\libraryRoutes.js","libraryRoutes","1608","758"
"GET","/api/library","/meta/watch","/api/library/meta/watch","C:\Users\DIYA GOEL\Downloads\EBDESIGN\backend\src\routes\libraryRoutes.js","libraryRoutes","1608","764"
"POST","/api/library","/meta/watch/start","/api/library/meta/watch/start","C:\Users\DIYA GOEL\Downloads\EBDESIGN\backend\src\routes\libraryRoutes.js","libraryRoutes","1608","769"
"POST","/api/library","/meta/watch/stop","/api/library/meta/watch/stop","C:\Users\DIYA GOEL\Downloads\EBDESIGN\backend\src\routes\libraryRoutes.js","libraryRoutes","1608","774"
"GET","/api/library-knowledge","/health","/api/library-knowledge/health","C:\Users\DIYA GOEL\Downloads\EBDESIGN\backend\src\routes\libraryRoutes.js","libraryRoutes","1609","332"
"GET","/api/library-knowledge","/","/api/library-knowledge/","C:\Users\DIYA GOEL\Downloads\EBDESIGN\backend\src\routes\libraryRoutes.js","libraryRoutes","1609","354"
"POST","/api/library-knowledge","/initialize","/api/library-knowledge/initialize","C:\Users\DIYA GOEL\Downloads\EBDESIGN\backend\src\routes\libraryRoutes.js","libraryRoutes","1609","359"
"GET","/api/library-knowledge","/statistics","/api/library-knowledge/statistics","C:\Users\DIYA GOEL\Downloads\EBDESIGN\backend\src\routes\libraryRoutes.js","libraryRoutes","1609","373"
"GET","/api/library-knowledge","/verify","/api/library-knowledge/verify","C:\Users\DIYA GOEL\Downloads\EBDESIGN\backend\src\routes\libraryRoutes.js","libraryRoutes","1609","378"
"GET","/api/library-knowledge","/search","/api/library-knowledge/search","C:\Users\DIYA GOEL\Downloads\EBDESIGN\backend\src\routes\libraryRoutes.js","libraryRoutes","1609","383"
"POST","/api/library-knowledge","/search","/api/library-knowledge/search","C:\Users\DIYA GOEL\Downloads\EBDESIGN\backend\src\routes\libraryRoutes.js","libraryRoutes","1609","392"
"POST","/api/library-knowledge","/advanced-search","/api/library-knowledge/advanced-search","C:\Users\DIYA GOEL\Downloads\EBDESIGN\backend\src\routes\libraryRoutes.js","libraryRoutes","1609","402"
"POST","/api/library-knowledge","/recommendations","/api/library-knowledge/recommendations","C:\Users\DIYA GOEL\Downloads\EBDESIGN\backend\src\routes\libraryRoutes.js","libraryRoutes","1609","412"
"GET","/api/library-knowledge","/modules","/api/library-knowledge/modules","C:\Users\DIYA GOEL\Downloads\EBDESIGN\backend\src\routes\libraryRoutes.js","libraryRoutes","1609","422"
"GET","/api/library-knowledge","/modules/:moduleId","/api/library-knowledge/modules/:moduleId","C:\Users\DIYA GOEL\Downloads\EBDESIGN\backend\src\routes\libraryRoutes.js","libraryRoutes","1609","427"
"GET","/api/library-knowledge","/components","/api/library-knowledge/components","C:\Users\DIYA GOEL\Downloads\EBDESIGN\backend\src\routes\libraryRoutes.js","libraryRoutes","1609","442"
"GET","/api/library-knowledge","/item/:filename","/api/library-knowledge/item/:filename","C:\Users\DIYA GOEL\Downloads\EBDESIGN\backend\src\routes\libraryRoutes.js","libraryRoutes","1609","452"
"GET","/api/library-knowledge","/enterprise-index/summary","/api/library-knowledge/enterprise-index/summary","C:\Users\DIYA GOEL\Downloads\EBDESIGN\backend\src\routes\libraryRoutes.js","libraryRoutes","1609","460"
"GET","/api/library-knowledge","/enterprise-index/features","/api/library-knowledge/enterprise-index/features","C:\Users\DIYA GOEL\Downloads\EBDESIGN\backend\src\routes\libraryRoutes.js","libraryRoutes","1609","483"
"GET","/api/library-knowledge","/enterprise-index/duplicates","/api/library-knowledge/enterprise-index/duplicates","C:\Users\DIYA GOEL\Downloads\EBDESIGN\backend\src\routes\libraryRoutes.js","libraryRoutes","1609","502"
"GET","/api/library-knowledge","/enterprise-index/files/search","/api/library-knowledge/enterprise-index/files/search","C:\Users\DIYA GOEL\Downloads\EBDESIGN\backend\src\routes\libraryRoutes.js","libraryRoutes","1609","515"
"GET","/api/library-knowledge","/enterprise-index/activity/summary","/api/library-knowledge/enterprise-index/activity/summary","C:\Users\DIYA GOEL\Downloads\EBDESIGN\backend\src\routes\libraryRoutes.js","libraryRoutes","1609","529"
"GET","/api/library-knowledge","/enterprise-index/activity/files/search","/api/library-knowledge/enterprise-index/activity/files/search","C:\Users\DIYA GOEL\Downloads\EBDESIGN\backend\src\routes\libraryRoutes.js","libraryRoutes","1609","575"
"GET","/api/library-knowledge","/enterprise-index/activity/ledger/summary","/api/library-knowledge/enterprise-index/activity/ledger/summary","C:\Users\DIYA GOEL\Downloads\EBDESIGN\backend\src\routes\libraryRoutes.js","libraryRoutes","1609","593"
"GET","/api/library-knowledge","/enterprise-index/activity/ledger/latest","/api/library-knowledge/enterprise-index/activity/ledger/latest","C:\Users\DIYA GOEL\Downloads\EBDESIGN\backend\src\routes\libraryRoutes.js","libraryRoutes","1609","617"
"GET","/api/library-knowledge","/enterprise-index/activity/ledger/search","/api/library-knowledge/enterprise-index/activity/ledger/search","C:\Users\DIYA GOEL\Downloads\EBDESIGN\backend\src\routes\libraryRoutes.js","libraryRoutes","1609","632"
"GET","/api/library-knowledge","/enterprise-index/workflow","/api/library-knowledge/enterprise-index/workflow","C:\Users\DIYA GOEL\Downloads\EBDESIGN\backend\src\routes\libraryRoutes.js","libraryRoutes","1609","650"
"GET","/api/library-knowledge","/enterprise-index/ai-workflow","/api/library-knowledge/enterprise-index/ai-workflow","C:\Users\DIYA GOEL\Downloads\EBDESIGN\backend\src\routes\libraryRoutes.js","libraryRoutes","1609","658"
"GET","/api/library-knowledge","/cards/:id","/api/library-knowledge/cards/:id","C:\Users\DIYA GOEL\Downloads\EBDESIGN\backend\src\routes\libraryRoutes.js","libraryRoutes","1609","666"
"POST","/api/library-knowledge","/ai-context","/api/library-knowledge/ai-context","C:\Users\DIYA GOEL\Downloads\EBDESIGN\backend\src\routes\libraryRoutes.js","libraryRoutes","1609","671"
"POST","/api/library-knowledge","/sync-database","/api/library-knowledge/sync-database","C:\Users\DIYA GOEL\Downloads\EBDESIGN\backend\src\routes\libraryRoutes.js","libraryRoutes","1609","681"
"GET","/api/library-knowledge","/org-chart","/api/library-knowledge/org-chart","C:\Users\DIYA GOEL\Downloads\EBDESIGN\backend\src\routes\libraryRoutes.js","libraryRoutes","1609","690"
"GET","/api/library-knowledge","/manifest","/api/library-knowledge/manifest","C:\Users\DIYA GOEL\Downloads\EBDESIGN\backend\src\routes\libraryRoutes.js","libraryRoutes","1609","701"
"GET","/api/library-knowledge","/meta/duplicate-names","/api/library-knowledge/meta/duplicate-names","C:\Users\DIYA GOEL\Downloads\EBDESIGN\backend\src\routes\libraryRoutes.js","libraryRoutes","1609","714"
"GET","/api/library-knowledge","/find","/api/library-knowledge/find","C:\Users\DIYA GOEL\Downloads\EBDESIGN\backend\src\routes\libraryRoutes.js","libraryRoutes","1609","723"
"GET","/api/library-knowledge","/resolve","/api/library-knowledge/resolve","C:\Users\DIYA GOEL\Downloads\EBDESIGN\backend\src\routes\libraryRoutes.js","libraryRoutes","1609","739"
"GET","/api/library-knowledge","/dependencies/:id","/api/library-knowledge/dependencies/:id","C:\Users\DIYA GOEL\Downloads\EBDESIGN\backend\src\routes\libraryRoutes.js","libraryRoutes","1609","752"
"POST","/api/library-knowledge","/meta/reindex","/api/library-knowledge/meta/reindex","C:\Users\DIYA GOEL\Downloads\EBDESIGN\backend\src\routes\libraryRoutes.js","libraryRoutes","1609","758"
"GET","/api/library-knowledge","/meta/watch","/api/library-knowledge/meta/watch","C:\Users\DIYA GOEL\Downloads\EBDESIGN\backend\src\routes\libraryRoutes.js","libraryRoutes","1609","764"
"POST","/api/library-knowledge","/meta/watch/start","/api/library-knowledge/meta/watch/start","C:\Users\DIYA GOEL\Downloads\EBDESIGN\backend\src\routes\libraryRoutes.js","libraryRoutes","1609","769"
"POST","/api/library-knowledge","/meta/watch/stop","/api/library-knowledge/meta/watch/stop","C:\Users\DIYA GOEL\Downloads\EBDESIGN\backend\src\routes\libraryRoutes.js","libraryRoutes","1609","774"
"GET","/api/v1/library","/health","/api/v1/library/health","C:\Users\DIYA GOEL\Downloads\EBDESIGN\backend\src\routes\libraryRoutes.js","libraryRoutes","1610","332"
"GET","/api/v1/library","/","/api/v1/library/","C:\Users\DIYA GOEL\Downloads\EBDESIGN\backend\src\routes\libraryRoutes.js","libraryRoutes","1610","354"
"POST","/api/v1/library","/initialize","/api/v1/library/initialize","C:\Users\DIYA GOEL\Downloads\EBDESIGN\backend\src\routes\libraryRoutes.js","libraryRoutes","1610","359"
"GET","/api/v1/library","/statistics","/api/v1/library/statistics","C:\Users\DIYA GOEL\Downloads\EBDESIGN\backend\src\routes\libraryRoutes.js","libraryRoutes","1610","373"
"GET","/api/v1/library","/verify","/api/v1/library/verify","C:\Users\DIYA GOEL\Downloads\EBDESIGN\backend\src\routes\libraryRoutes.js","libraryRoutes","1610","378"
"GET","/api/v1/library","/search","/api/v1/library/search","C:\Users\DIYA GOEL\Downloads\EBDESIGN\backend\src\routes\libraryRoutes.js","libraryRoutes","1610","383"
"POST","/api/v1/library","/search","/api/v1/library/search","C:\Users\DIYA GOEL\Downloads\EBDESIGN\backend\src\routes\libraryRoutes.js","libraryRoutes","1610","392"
"POST","/api/v1/library","/advanced-search","/api/v1/library/advanced-search","C:\Users\DIYA GOEL\Downloads\EBDESIGN\backend\src\routes\libraryRoutes.js","libraryRoutes","1610","402"
"POST","/api/v1/library","/recommendations","/api/v1/library/recommendations","C:\Users\DIYA GOEL\Downloads\EBDESIGN\backend\src\routes\libraryRoutes.js","libraryRoutes","1610","412"
"GET","/api/v1/library","/modules","/api/v1/library/modules","C:\Users\DIYA GOEL\Downloads\EBDESIGN\backend\src\routes\libraryRoutes.js","libraryRoutes","1610","422"
"GET","/api/v1/library","/modules/:moduleId","/api/v1/library/modules/:moduleId","C:\Users\DIYA GOEL\Downloads\EBDESIGN\backend\src\routes\libraryRoutes.js","libraryRoutes","1610","427"
"GET","/api/v1/library","/components","/api/v1/library/components","C:\Users\DIYA GOEL\Downloads\EBDESIGN\backend\src\routes\libraryRoutes.js","libraryRoutes","1610","442"
"GET","/api/v1/library","/item/:filename","/api/v1/library/item/:filename","C:\Users\DIYA GOEL\Downloads\EBDESIGN\backend\src\routes\libraryRoutes.js","libraryRoutes","1610","452"
"GET","/api/v1/library","/enterprise-index/summary","/api/v1/library/enterprise-index/summary","C:\Users\DIYA GOEL\Downloads\EBDESIGN\backend\src\routes\libraryRoutes.js","libraryRoutes","1610","460"
"GET","/api/v1/library","/enterprise-index/features","/api/v1/library/enterprise-index/features","C:\Users\DIYA GOEL\Downloads\EBDESIGN\backend\src\routes\libraryRoutes.js","libraryRoutes","1610","483"
"GET","/api/v1/library","/enterprise-index/duplicates","/api/v1/library/enterprise-index/duplicates","C:\Users\DIYA GOEL\Downloads\EBDESIGN\backend\src\routes\libraryRoutes.js","libraryRoutes","1610","502"
"GET","/api/v1/library","/enterprise-index/files/search","/api/v1/library/enterprise-index/files/search","C:\Users\DIYA GOEL\Downloads\EBDESIGN\backend\src\routes\libraryRoutes.js","libraryRoutes","1610","515"
"GET","/api/v1/library","/enterprise-index/activity/summary","/api/v1/library/enterprise-index/activity/summary","C:\Users\DIYA GOEL\Downloads\EBDESIGN\backend\src\routes\libraryRoutes.js","libraryRoutes","1610","529"
"GET","/api/v1/library","/enterprise-index/activity/files/search","/api/v1/library/enterprise-index/activity/files/search","C:\Users\DIYA GOEL\Downloads\EBDESIGN\backend\src\routes\libraryRoutes.js","libraryRoutes","1610","575"
"GET","/api/v1/library","/enterprise-index/activity/ledger/summary","/api/v1/library/enterprise-index/activity/ledger/summary","C:\Users\DIYA GOEL\Downloads\EBDESIGN\backend\src\routes\libraryRoutes.js","libraryRoutes","1610","593"
"GET","/api/v1/library","/enterprise-index/activity/ledger/latest","/api/v1/library/enterprise-index/activity/ledger/latest","C:\Users\DIYA GOEL\Downloads\EBDESIGN\backend\src\routes\libraryRoutes.js","libraryRoutes","1610","617"
"GET","/api/v1/library","/enterprise-index/activity/ledger/search","/api/v1/library/enterprise-index/activity/ledger/search","C:\Users\DIYA GOEL\Downloads\EBDESIGN\backend\src\routes\libraryRoutes.js","libraryRoutes","1610","632"
"GET","/api/v1/library","/enterprise-index/workflow","/api/v1/library/enterprise-index/workflow","C:\Users\DIYA GOEL\Downloads\EBDESIGN\backend\src\routes\libraryRoutes.js","libraryRoutes","1610","650"
"GET","/api/v1/library","/enterprise-index/ai-workflow","/api/v1/library/enterprise-index/ai-workflow","C:\Users\DIYA GOEL\Downloads\EBDESIGN\backend\src\routes\libraryRoutes.js","libraryRoutes","1610","658"
"GET","/api/v1/library","/cards/:id","/api/v1/library/cards/:id","C:\Users\DIYA GOEL\Downloads\EBDESIGN\backend\src\routes\libraryRoutes.js","libraryRoutes","1610","666"
"POST","/api/v1/library","/ai-context","/api/v1/library/ai-context","C:\Users\DIYA GOEL\Downloads\EBDESIGN\backend\src\routes\libraryRoutes.js","libraryRoutes","1610","671"
"POST","/api/v1/library","/sync-database","/api/v1/library/sync-database","C:\Users\DIYA GOEL\Downloads\EBDESIGN\backend\src\routes\libraryRoutes.js","libraryRoutes","1610","681"
"GET","/api/v1/library","/org-chart","/api/v1/library/org-chart","C:\Users\DIYA GOEL\Downloads\EBDESIGN\backend\src\routes\libraryRoutes.js","libraryRoutes","1610","690"
"GET","/api/v1/library","/manifest","/api/v1/library/manifest","C:\Users\DIYA GOEL\Downloads\EBDESIGN\backend\src\routes\libraryRoutes.js","libraryRoutes","1610","701"
"GET","/api/v1/library","/meta/duplicate-names","/api/v1/library/meta/duplicate-names","C:\Users\DIYA GOEL\Downloads\EBDESIGN\backend\src\routes\libraryRoutes.js","libraryRoutes","1610","714"
"GET","/api/v1/library","/find","/api/v1/library/find","C:\Users\DIYA GOEL\Downloads\EBDESIGN\backend\src\routes\libraryRoutes.js","libraryRoutes","1610","723"
"GET","/api/v1/library","/resolve","/api/v1/library/resolve","C:\Users\DIYA GOEL\Downloads\EBDESIGN\backend\src\routes\libraryRoutes.js","libraryRoutes","1610","739"
"GET","/api/v1/library","/dependencies/:id","/api/v1/library/dependencies/:id","C:\Users\DIYA GOEL\Downloads\EBDESIGN\backend\src\routes\libraryRoutes.js","libraryRoutes","1610","752"
"POST","/api/v1/library","/meta/reindex","/api/v1/library/meta/reindex","C:\Users\DIYA GOEL\Downloads\EBDESIGN\backend\src\routes\libraryRoutes.js","libraryRoutes","1610","758"
"GET","/api/v1/library","/meta/watch","/api/v1/library/meta/watch","C:\Users\DIYA GOEL\Downloads\EBDESIGN\backend\src\routes\libraryRoutes.js","libraryRoutes","1610","764"
"POST","/api/v1/library","/meta/watch/start","/api/v1/library/meta/watch/start","C:\Users\DIYA GOEL\Downloads\EBDESIGN\backend\src\routes\libraryRoutes.js","libraryRoutes","1610","769"
"POST","/api/v1/library","/meta/watch/stop","/api/v1/library/meta/watch/stop","C:\Users\DIYA GOEL\Downloads\EBDESIGN\backend\src\routes\libraryRoutes.js","libraryRoutes","1610","774"
"GET","/api/library-ai-workspace","/status","/api/library-ai-workspace/status","C:\Users\DIYA GOEL\Downloads\EBDESIGN\backend\src\routes\libraryAIWorkspaceRoutes.js","libraryAIWorkspaceRoutes","1611","29"
"GET","/api/library-ai-workspace","/orchestrator/status","/api/library-ai-workspace/orchestrator/status","C:\Users\DIYA GOEL\Downloads\EBDESIGN\backend\src\routes\libraryAIWorkspaceRoutes.js","libraryAIWorkspaceRoutes","1611","37"
"GET","/api/library-ai-workspace","/orchestrator/groups/search","/api/library-ai-workspace/orchestrator/groups/search","C:\Users\DIYA GOEL\Downloads\EBDESIGN\backend\src\routes\libraryAIWorkspaceRoutes.js","libraryAIWorkspaceRoutes","1611","45"
"GET","/api/library-ai-workspace","/orchestrator/tasks","/api/library-ai-workspace/orchestrator/tasks","C:\Users\DIYA GOEL\Downloads\EBDESIGN\backend\src\routes\libraryAIWorkspaceRoutes.js","libraryAIWorkspaceRoutes","1611","54"
"GET","/api/library-ai-workspace","/files/search","/api/library-ai-workspace/files/search","C:\Users\DIYA GOEL\Downloads\EBDESIGN\backend\src\routes\libraryAIWorkspaceRoutes.js","libraryAIWorkspaceRoutes","1611","63"
"GET","/api/library-ai-workspace","/files/:libraryId","/api/library-ai-workspace/files/:libraryId","C:\Users\DIYA GOEL\Downloads\EBDESIGN\backend\src\routes\libraryAIWorkspaceRoutes.js","libraryAIWorkspaceRoutes","1611","76"
"GET","/api/library-ai-workspace","/files/:libraryId/content","/api/library-ai-workspace/files/:libraryId/content","C:\Users\DIYA GOEL\Downloads\EBDESIGN\backend\src\routes\libraryAIWorkspaceRoutes.js","libraryAIWorkspaceRoutes","1611","86"
"POST","/api/library-ai-workspace","/context","/api/library-ai-workspace/context","C:\Users\DIYA GOEL\Downloads\EBDESIGN\backend\src\routes\libraryAIWorkspaceRoutes.js","libraryAIWorkspaceRoutes","1611","97"
"POST","/api/library-ai-workspace","/improvement-workspace","/api/library-ai-workspace/improvement-workspace","C:\Users\DIYA GOEL\Downloads\EBDESIGN\backend\src\routes\libraryAIWorkspaceRoutes.js","libraryAIWorkspaceRoutes","1611","106"
"POST","/api/library-ai-workspace","/events","/api/library-ai-workspace/events","C:\Users\DIYA GOEL\Downloads\EBDESIGN\backend\src\routes\libraryAIWorkspaceRoutes.js","libraryAIWorkspaceRoutes","1611","118"
"GET","/api/ai/library-workspace","/status","/api/ai/library-workspace/status","C:\Users\DIYA GOEL\Downloads\EBDESIGN\backend\src\routes\libraryAIWorkspaceRoutes.js","libraryAIWorkspaceRoutes","1612","29"
"GET","/api/ai/library-workspace","/orchestrator/status","/api/ai/library-workspace/orchestrator/status","C:\Users\DIYA GOEL\Downloads\EBDESIGN\backend\src\routes\libraryAIWorkspaceRoutes.js","libraryAIWorkspaceRoutes","1612","37"
"GET","/api/ai/library-workspace","/orchestrator/groups/search","/api/ai/library-workspace/orchestrator/groups/search","C:\Users\DIYA GOEL\Downloads\EBDESIGN\backend\src\routes\libraryAIWorkspaceRoutes.js","libraryAIWorkspaceRoutes","1612","45"
"GET","/api/ai/library-workspace","/orchestrator/tasks","/api/ai/library-workspace/orchestrator/tasks","C:\Users\DIYA GOEL\Downloads\EBDESIGN\backend\src\routes\libraryAIWorkspaceRoutes.js","libraryAIWorkspaceRoutes","1612","54"
"GET","/api/ai/library-workspace","/files/search","/api/ai/library-workspace/files/search","C:\Users\DIYA GOEL\Downloads\EBDESIGN\backend\src\routes\libraryAIWorkspaceRoutes.js","libraryAIWorkspaceRoutes","1612","63"
"GET","/api/ai/library-workspace","/files/:libraryId","/api/ai/library-workspace/files/:libraryId","C:\Users\DIYA GOEL\Downloads\EBDESIGN\backend\src\routes\libraryAIWorkspaceRoutes.js","libraryAIWorkspaceRoutes","1612","76"
"GET","/api/ai/library-workspace","/files/:libraryId/content","/api/ai/library-workspace/files/:libraryId/content","C:\Users\DIYA GOEL\Downloads\EBDESIGN\backend\src\routes\libraryAIWorkspaceRoutes.js","libraryAIWorkspaceRoutes","1612","86"
"POST","/api/ai/library-workspace","/context","/api/ai/library-workspace/context","C:\Users\DIYA GOEL\Downloads\EBDESIGN\backend\src\routes\libraryAIWorkspaceRoutes.js","libraryAIWorkspaceRoutes","1612","97"
"POST","/api/ai/library-workspace","/improvement-workspace","/api/ai/library-workspace/improvement-workspace","C:\Users\DIYA GOEL\Downloads\EBDESIGN\backend\src\routes\libraryAIWorkspaceRoutes.js","libraryAIWorkspaceRoutes","1612","106"
"POST","/api/ai/library-workspace","/events","/api/ai/library-workspace/events","C:\Users\DIYA GOEL\Downloads\EBDESIGN\backend\src\routes\libraryAIWorkspaceRoutes.js","libraryAIWorkspaceRoutes","1612","118"
"GET","/api/v1/ai/library-workspace","/status","/api/v1/ai/library-workspace/status","C:\Users\DIYA GOEL\Downloads\EBDESIGN\backend\src\routes\libraryAIWorkspaceRoutes.js","libraryAIWorkspaceRoutes","1613","29"
"GET","/api/v1/ai/library-workspace","/orchestrator/status","/api/v1/ai/library-workspace/orchestrator/status","C:\Users\DIYA GOEL\Downloads\EBDESIGN\backend\src\routes\libraryAIWorkspaceRoutes.js","libraryAIWorkspaceRoutes","1613","37"
"GET","/api/v1/ai/library-workspace","/orchestrator/groups/search","/api/v1/ai/library-workspace/orchestrator/groups/search","C:\Users\DIYA GOEL\Downloads\EBDESIGN\backend\src\routes\libraryAIWorkspaceRoutes.js","libraryAIWorkspaceRoutes","1613","45"
"GET","/api/v1/ai/library-workspace","/orchestrator/tasks","/api/v1/ai/library-workspace/orchestrator/tasks","C:\Users\DIYA GOEL\Downloads\EBDESIGN\backend\src\routes\libraryAIWorkspaceRoutes.js","libraryAIWorkspaceRoutes","1613","54"
"GET","/api/v1/ai/library-workspace","/files/search","/api/v1/ai/library-workspace/files/search","C:\Users\DIYA GOEL\Downloads\EBDESIGN\backend\src\routes\libraryAIWorkspaceRoutes.js","libraryAIWorkspaceRoutes","1613","63"
"GET","/api/v1/ai/library-workspace","/files/:libraryId","/api/v1/ai/library-workspace/files/:libraryId","C:\Users\DIYA GOEL\Downloads\EBDESIGN\backend\src\routes\libraryAIWorkspaceRoutes.js","libraryAIWorkspaceRoutes","1613","76"
"GET","/api/v1/ai/library-workspace","/files/:libraryId/content","/api/v1/ai/library-workspace/files/:libraryId/content","C:\Users\DIYA GOEL\Downloads\EBDESIGN\backend\src\routes\libraryAIWorkspaceRoutes.js","libraryAIWorkspaceRoutes","1613","86"
"POST","/api/v1/ai/library-workspace","/context","/api/v1/ai/library-workspace/context","C:\Users\DIYA GOEL\Downloads\EBDESIGN\backend\src\routes\libraryAIWorkspaceRoutes.js","libraryAIWorkspaceRoutes","1613","97"
"POST","/api/v1/ai/library-workspace","/improvement-workspace","/api/v1/ai/library-workspace/improvement-workspace","C:\Users\DIYA GOEL\Downloads\EBDESIGN\backend\src\routes\libraryAIWorkspaceRoutes.js","libraryAIWorkspaceRoutes","1613","106"
"POST","/api/v1/ai/library-workspace","/events","/api/v1/ai/library-workspace/events","C:\Users\DIYA GOEL\Downloads\EBDESIGN\backend\src\routes\libraryAIWorkspaceRoutes.js","libraryAIWorkspaceRoutes","1613","118"
"POST","/api/landrecords","/","/api/landrecords/","C:\Users\DIYA GOEL\Downloads\EBDESIGN\backend\src\routes\landRecordsRoutes.js","landRecordsRoutes","1614","20"
"GET","/api/landrecords","/","/api/landrecords/","C:\Users\DIYA GOEL\Downloads\EBDESIGN\backend\src\routes\landRecordsRoutes.js","landRecordsRoutes","1614","29"
"GET","/api/landrecords","/regional-statistics","/api/landrecords/regional-statistics","C:\Users\DIYA GOEL\Downloads\EBDESIGN\backend\src\routes\landRecordsRoutes.js","landRecordsRoutes","1614","38"
"GET","/api/landrecords","/:recordId","/api/landrecords/:recordId","C:\Users\DIYA GOEL\Downloads\EBDESIGN\backend\src\routes\landRecordsRoutes.js","landRecordsRoutes","1614","47"
"PUT","/api/landrecords","/:recordId","/api/landrecords/:recordId","C:\Users\DIYA GOEL\Downloads\EBDESIGN\backend\src\routes\landRecordsRoutes.js","landRecordsRoutes","1614","57"
"DELETE","/api/landrecords","/:recordId","/api/landrecords/:recordId","C:\Users\DIYA GOEL\Downloads\EBDESIGN\backend\src\routes\landRecordsRoutes.js","landRecordsRoutes","1614","66"
"POST","/api/landrecords","/:recordId/verify","/api/landrecords/:recordId/verify","C:\Users\DIYA GOEL\Downloads\EBDESIGN\backend\src\routes\landRecordsRoutes.js","landRecordsRoutes","1614","75"
"POST","/api/landrecords","/sync-government","/api/landrecords/sync-government","C:\Users\DIYA GOEL\Downloads\EBDESIGN\backend\src\routes\landRecordsRoutes.js","landRecordsRoutes","1614","84"
"POST","/api/landmanagement","/","/api/landmanagement/","C:\Users\DIYA GOEL\Downloads\EBDESIGN\backend\src\routes\landManagementRoutes.js","landManagementRoutes","1615","18"
"GET","/api/landmanagement","/health","/api/landmanagement/health","C:\Users\DIYA GOEL\Downloads\EBDESIGN\backend\src\routes\landManagementRoutes.js","landManagementRoutes","1615","30"
"POST","/api/knowledge","/","/api/knowledge/","C:\Users\DIYA GOEL\Downloads\EBDESIGN\backend\src\routes\knowledgeRoutes.js","knowledgeRoutes","1616","18"
"GET","/api/knowledge","/health","/api/knowledge/health","C:\Users\DIYA GOEL\Downloads\EBDESIGN\backend\src\routes\knowledgeRoutes.js","knowledgeRoutes","1616","30"
"POST","/api/irrigationmanagement","/","/api/irrigationmanagement/","C:\Users\DIYA GOEL\Downloads\EBDESIGN\backend\src\routes\irrigationManagementRoutes.js","irrigationManagementRoutes","1617","18"
"GET","/api/irrigationmanagement","/health","/api/irrigationmanagement/health","C:\Users\DIYA GOEL\Downloads\EBDESIGN\backend\src\routes\irrigationManagementRoutes.js","irrigationManagementRoutes","1617","30"
"GET","/api/iotsensors","/health","/api/iotsensors/health","C:\Users\DIYA GOEL\Downloads\EBDESIGN\backend\src\routes\iotSensors.js","iotSensors","1618","12"
"POST","/api/iotintegration","/","/api/iotintegration/","C:\Users\DIYA GOEL\Downloads\EBDESIGN\backend\src\routes\iotIntegrationRoutes.js","iotIntegrationRoutes","1619","18"
"GET","/api/iotintegration","/health","/api/iotintegration/health","C:\Users\DIYA GOEL\Downloads\EBDESIGN\backend\src\routes\iotIntegrationRoutes.js","iotIntegrationRoutes","1619","30"
"GET","/api/insuranceenhancements","/health","/api/insuranceenhancements/health","C:\Users\DIYA GOEL\Downloads\EBDESIGN\backend\src\routes\insuranceEnhancements.js","insuranceEnhancements","1620","29"
"POST","/api/insuranceenhancements","/quotes","/api/insuranceenhancements/quotes","C:\Users\DIYA GOEL\Downloads\EBDESIGN\backend\src\routes\insuranceEnhancements.js","insuranceEnhancements","1620","43"
"GET","/api/insuranceenhancements","/quotes/:quoteId","/api/insuranceenhancements/quotes/:quoteId","C:\Users\DIYA GOEL\Downloads\EBDESIGN\backend\src\routes\insuranceEnhancements.js","insuranceEnhancements","1620","52"
"POST","/api/insuranceenhancements","/calculate/crop","/api/insuranceenhancements/calculate/crop","C:\Users\DIYA GOEL\Downloads\EBDESIGN\backend\src\routes\insuranceEnhancements.js","insuranceEnhancements","1620","62"
"POST","/api/insuranceenhancements","/calculate/transit","/api/insuranceenhancements/calculate/transit","C:\Users\DIYA GOEL\Downloads\EBDESIGN\backend\src\routes\insuranceEnhancements.js","insuranceEnhancements","1620","71"
"POST","/api/insuranceenhancements","/calculate/warehouse","/api/insuranceenhancements/calculate/warehouse","C:\Users\DIYA GOEL\Downloads\EBDESIGN\backend\src\routes\insuranceEnhancements.js","insuranceEnhancements","1620","80"
"POST","/api/insuranceenhancements","/calculate/livestock","/api/insuranceenhancements/calculate/livestock","C:\Users\DIYA GOEL\Downloads\EBDESIGN\backend\src\routes\insuranceEnhancements.js","insuranceEnhancements","1620","89"
"POST","/api/insuranceenhancements","/policies","/api/insuranceenhancements/policies","C:\Users\DIYA GOEL\Downloads\EBDESIGN\backend\src\routes\insuranceEnhancements.js","insuranceEnhancements","1620","99"
"GET","/api/insuranceenhancements","/policies/:policyId","/api/insuranceenhancements/policies/:policyId","C:\Users\DIYA GOEL\Downloads\EBDESIGN\backend\src\routes\insuranceEnhancements.js","insuranceEnhancements","1620","108"
"GET","/api/insuranceenhancements","/policies/number/:policyNumber","/api/insuranceenhancements/policies/number/:policyNumber","C:\Users\DIYA GOEL\Downloads\EBDESIGN\backend\src\routes\insuranceEnhancements.js","insuranceEnhancements","1620","118"
"GET","/api/insuranceenhancements","/policies","/api/insuranceenhancements/policies","C:\Users\DIYA GOEL\Downloads\EBDESIGN\backend\src\routes\insuranceEnhancements.js","insuranceEnhancements","1620","128"
"PUT","/api/insuranceenhancements","/policies/:policyId/renew","/api/insuranceenhancements/policies/:policyId/renew","C:\Users\DIYA GOEL\Downloads\EBDESIGN\backend\src\routes\insuranceEnhancements.js","insuranceEnhancements","1620","137"
"DELETE","/api/insuranceenhancements","/policies/:policyId","/api/insuranceenhancements/policies/:policyId","C:\Users\DIYA GOEL\Downloads\EBDESIGN\backend\src\routes\insuranceEnhancements.js","insuranceEnhancements","1620","149"
"POST","/api/insuranceenhancements","/policies/:policyId/payments/:installmentNumber","/api/insuranceenhancements/policies/:policyId/payments/:installmentNumber","C:\Users\DIYA GOEL\Downloads\EBDESIGN\backend\src\routes\insuranceEnhancements.js","insuranceEnhancements","1620","160"
"GET","/api/insuranceenhancements","/policies/:policyId/documents","/api/insuranceenhancements/policies/:policyId/documents","C:\Users\DIYA GOEL\Downloads\EBDESIGN\backend\src\routes\insuranceEnhancements.js","insuranceEnhancements","1620","170"
"POST","/api/insuranceenhancements","/policies/:policyId/documents","/api/insuranceenhancements/policies/:policyId/documents","C:\Users\DIYA GOEL\Downloads\EBDESIGN\backend\src\routes\insuranceEnhancements.js","insuranceEnhancements","1620","180"
"PATCH","/api/insuranceenhancements","/quotes/:quoteId/status","/api/insuranceenhancements/quotes/:quoteId/status","C:\Users\DIYA GOEL\Downloads\EBDESIGN\backend\src\routes\insuranceEnhancements.js","insuranceEnhancements","1620","193"
"POST","/api/insuranceenhancements","/claims/:claimId/fraud-analysis","/api/insuranceenhancements/claims/:claimId/fraud-analysis","C:\Users\DIYA GOEL\Downloads\EBDESIGN\backend\src\routes\insuranceEnhancements.js","insuranceEnhancements","1620","203"
"GET","/api/insuranceenhancements","/claims/:claimId/fraud-analysis","/api/insuranceenhancements/claims/:claimId/fraud-analysis","C:\Users\DIYA GOEL\Downloads\EBDESIGN\backend\src\routes\insuranceEnhancements.js","insuranceEnhancements","1620","217"
"GET","/api/insuranceenhancements","/fraud/statistics","/api/insuranceenhancements/fraud/statistics","C:\Users\DIYA GOEL\Downloads\EBDESIGN\backend\src\routes\insuranceEnhancements.js","insuranceEnhancements","1620","227"
"POST","/api/inputsupplymanagement","/","/api/inputsupplymanagement/","C:\Users\DIYA GOEL\Downloads\EBDESIGN\backend\src\routes\inputSupplyManagementRoutes.js","inputSupplyManagementRoutes","1621","18"
"GET","/api/inputsupplymanagement","/health","/api/inputsupplymanagement/health","C:\Users\DIYA GOEL\Downloads\EBDESIGN\backend\src\routes\inputSupplyManagementRoutes.js","inputSupplyManagementRoutes","1621","30"
"POST","/api/informationsharing","/","/api/informationsharing/","C:\Users\DIYA GOEL\Downloads\EBDESIGN\backend\src\routes\informationSharingRoutes.js","informationSharingRoutes","1622","18"
"GET","/api/informationsharing","/health","/api/informationsharing/health","C:\Users\DIYA GOEL\Downloads\EBDESIGN\backend\src\routes\informationSharingRoutes.js","informationSharingRoutes","1622","30"
"POST","/api/identitymanagement","/","/api/identitymanagement/","C:\Users\DIYA GOEL\Downloads\EBDESIGN\backend\src\routes\identityManagementRoutes.js","identityManagementRoutes","1623","18"
"GET","/api/identitymanagement","/health","/api/identitymanagement/health","C:\Users\DIYA GOEL\Downloads\EBDESIGN\backend\src\routes\identityManagementRoutes.js","identityManagementRoutes","1623","30"
"POST","/api/hr","/employees","/api/hr/employees","C:\Users\DIYA GOEL\Downloads\EBDESIGN\backend\src\routes\hrRoutes.js","hrRoutes","1624","29"
"GET","/api/hr","/employees/:employeeId/attrition-risk","/api/hr/employees/:employeeId/attrition-risk","C:\Users\DIYA GOEL\Downloads\EBDESIGN\backend\src\routes\hrRoutes.js","hrRoutes","1624","42"
"GET","/api/hr","/employees/:employeeId/sentiment","/api/hr/employees/:employeeId/sentiment","C:\Users\DIYA GOEL\Downloads\EBDESIGN\backend\src\routes\hrRoutes.js","hrRoutes","1624","55"
"GET","/api/hr","/employees/:employeeId/training-recommendations","/api/hr/employees/:employeeId/training-recommendations","C:\Users\DIYA GOEL\Downloads\EBDESIGN\backend\src\routes\hrRoutes.js","hrRoutes","1624","69"
"POST","/api/hr","/shifts/optimize","/api/hr/shifts/optimize","C:\Users\DIYA GOEL\Downloads\EBDESIGN\backend\src\routes\hrRoutes.js","hrRoutes","1624","86"
"POST","/api/hr","/timesheets/analyze-anomalies","/api/hr/timesheets/analyze-anomalies","C:\Users\DIYA GOEL\Downloads\EBDESIGN\backend\src\routes\hrRoutes.js","hrRoutes","1624","104"
"GET","/api/hr","/analytics/workforce","/api/hr/analytics/workforce","C:\Users\DIYA GOEL\Downloads\EBDESIGN\backend\src\routes\hrRoutes.js","hrRoutes","1624","121"
"GET","/api/hr","/analytics/predictions","/api/hr/analytics/predictions","C:\Users\DIYA GOEL\Downloads\EBDESIGN\backend\src\routes\hrRoutes.js","hrRoutes","1624","143"
"POST","/api/horticulturemanagement","/","/api/horticulturemanagement/","C:\Users\DIYA GOEL\Downloads\EBDESIGN\backend\src\routes\horticultureManagementRoutes.js","horticultureManagementRoutes","1625","18"
"GET","/api/horticulturemanagement","/health","/api/horticulturemanagement/health","C:\Users\DIYA GOEL\Downloads\EBDESIGN\backend\src\routes\horticultureManagementRoutes.js","horticultureManagementRoutes","1625","30"
"GET","/api/horticulture","/health","/api/horticulture/health","C:\Users\DIYA GOEL\Downloads\EBDESIGN\backend\src\routes\horticulture.js","horticulture","1626","12"
"GET","/api/gst","/health","/api/gst/health","C:\Users\DIYA GOEL\Downloads\EBDESIGN\backend\src\routes\finance\gstRoutes.js","gstRoutes","1627","14"
"POST","/api/gst","/calculate/order/:orderId","/api/gst/calculate/order/:orderId","C:\Users\DIYA GOEL\Downloads\EBDESIGN\backend\src\routes\finance\gstRoutes.js","gstRoutes","1627","31"
"POST","/api/gst","/calculate/product","/api/gst/calculate/product","C:\Users\DIYA GOEL\Downloads\EBDESIGN\backend\src\routes\finance\gstRoutes.js","gstRoutes","1627","44"
"GET","/api/gst","/summary","/api/gst/summary","C:\Users\DIYA GOEL\Downloads\EBDESIGN\backend\src\routes\finance\gstRoutes.js","gstRoutes","1627","57"
"POST","/api/gst","/invoice/:orderId","/api/gst/invoice/:orderId","C:\Users\DIYA GOEL\Downloads\EBDESIGN\backend\src\routes\finance\gstRoutes.js","gstRoutes","1627","78"
"PUT","/api/gst","/order/:orderId/gst","/api/gst/order/:orderId/gst","C:\Users\DIYA GOEL\Downloads\EBDESIGN\backend\src\routes\finance\gstRoutes.js","gstRoutes","1627","94"
"POST","/api/gst","/validate/gst-number","/api/gst/validate/gst-number","C:\Users\DIYA GOEL\Downloads\EBDESIGN\backend\src\routes\finance\gstRoutes.js","gstRoutes","1627","111"
"GET","/api/gst","/rate/:category","/api/gst/rate/:category","C:\Users\DIYA GOEL\Downloads\EBDESIGN\backend\src\routes\finance\gstRoutes.js","gstRoutes","1627","132"
"POST","/api/gst","/calculate/components","/api/gst/calculate/components","C:\Users\DIYA GOEL\Downloads\EBDESIGN\backend\src\routes\finance\gstRoutes.js","gstRoutes","1627","145"
"GET","/api/gst","/rate/hsn/:hsnCode","/api/gst/rate/hsn/:hsnCode","C:\Users\DIYA GOEL\Downloads\EBDESIGN\backend\src\routes\finance\gstRoutes.js","gstRoutes","1627","150"
"GET","/api/gst","/rates","/api/gst/rates","C:\Users\DIYA GOEL\Downloads\EBDESIGN\backend\src\routes\finance\gstRoutes.js","gstRoutes","1627","162"
"POST","/api/gst","/rates","/api/gst/rates","C:\Users\DIYA GOEL\Downloads\EBDESIGN\backend\src\routes\finance\gstRoutes.js","gstRoutes","1627","178"
"DELETE","/api/gst","/rates/:category","/api/gst/rates/:category","C:\Users\DIYA GOEL\Downloads\EBDESIGN\backend\src\routes\finance\gstRoutes.js","gstRoutes","1627","211"
"POST","/api/gst","/returns","/api/gst/returns","C:\Users\DIYA GOEL\Downloads\EBDESIGN\backend\src\routes\finance\gstRoutes.js","gstRoutes","1627","237"
"GET","/api/gst","/returns","/api/gst/returns","C:\Users\DIYA GOEL\Downloads\EBDESIGN\backend\src\routes\finance\gstRoutes.js","gstRoutes","1627","261"
"PUT","/api/gst","/returns/:returnId/status","/api/gst/returns/:returnId/status","C:\Users\DIYA GOEL\Downloads\EBDESIGN\backend\src\routes\finance\gstRoutes.js","gstRoutes","1627","313"
"POST","/api/gst","/payments","/api/gst/payments","C:\Users\DIYA GOEL\Downloads\EBDESIGN\backend\src\routes\finance\gstRoutes.js","gstRoutes","1627","332"
"GET","/api/gst","/payments","/api/gst/payments","C:\Users\DIYA GOEL\Downloads\EBDESIGN\backend\src\routes\finance\gstRoutes.js","gstRoutes","1627","355"
"PUT","/api/gst","/payments/:paymentId/status","/api/gst/payments/:paymentId/status","C:\Users\DIYA GOEL\Downloads\EBDESIGN\backend\src\routes\finance\gstRoutes.js","gstRoutes","1627","407"
"GET","/api/greenhouse","/health","/api/greenhouse/health","C:\Users\DIYA GOEL\Downloads\EBDESIGN\backend\src\routes\greenhouse.js","greenhouse","1628","12"
"GET","/api/governancemodule","/health","/api/governancemodule/health","C:\Users\DIYA GOEL\Downloads\EBDESIGN\backend\src\routes\governanceModule.js","governanceModule","1629","23"
"POST","/api/governancemodule","/villages","/api/governancemodule/villages","C:\Users\DIYA GOEL\Downloads\EBDESIGN\backend\src\routes\governanceModule.js","governanceModule","1629","33"
"GET","/api/governancemodule","/villages","/api/governancemodule/villages","C:\Users\DIYA GOEL\Downloads\EBDESIGN\backend\src\routes\governanceModule.js","governanceModule","1629","42"
"GET","/api/governancemodule","/villages/:villageId","/api/governancemodule/villages/:villageId","C:\Users\DIYA GOEL\Downloads\EBDESIGN\backend\src\routes\governanceModule.js","governanceModule","1629","51"
"PUT","/api/governancemodule","/villages/:villageId","/api/governancemodule/villages/:villageId","C:\Users\DIYA GOEL\Downloads\EBDESIGN\backend\src\routes\governanceModule.js","governanceModule","1629","61"
"POST","/api/governancemodule","/panchayats","/api/governancemodule/panchayats","C:\Users\DIYA GOEL\Downloads\EBDESIGN\backend\src\routes\governanceModule.js","governanceModule","1629","72"
"GET","/api/governancemodule","/panchayats","/api/governancemodule/panchayats","C:\Users\DIYA GOEL\Downloads\EBDESIGN\backend\src\routes\governanceModule.js","governanceModule","1629","81"
"GET","/api/governancemodule","/panchayats/:panchayatId","/api/governancemodule/panchayats/:panchayatId","C:\Users\DIYA GOEL\Downloads\EBDESIGN\backend\src\routes\governanceModule.js","governanceModule","1629","90"
"POST","/api/governancemodule","/panchayats/:panchayatId/schemes","/api/governancemodule/panchayats/:panchayatId/schemes","C:\Users\DIYA GOEL\Downloads\EBDESIGN\backend\src\routes\governanceModule.js","governanceModule","1629","100"
"POST","/api/governancemodule","/csr-projects","/api/governancemodule/csr-projects","C:\Users\DIYA GOEL\Downloads\EBDESIGN\backend\src\routes\governanceModule.js","governanceModule","1629","111"
"GET","/api/governancemodule","/csr-projects","/api/governancemodule/csr-projects","C:\Users\DIYA GOEL\Downloads\EBDESIGN\backend\src\routes\governanceModule.js","governanceModule","1629","120"
"GET","/api/governancemodule","/csr-projects/:projectId","/api/governancemodule/csr-projects/:projectId","C:\Users\DIYA GOEL\Downloads\EBDESIGN\backend\src\routes\governanceModule.js","governanceModule","1629","129"
"PUT","/api/governancemodule","/csr-projects/:projectId","/api/governancemodule/csr-projects/:projectId","C:\Users\DIYA GOEL\Downloads\EBDESIGN\backend\src\routes\governanceModule.js","governanceModule","1629","139"
"POST","/api/governancemodule","/csr-projects/:projectId/contributions","/api/governancemodule/csr-projects/:projectId/contributions","C:\Users\DIYA GOEL\Downloads\EBDESIGN\backend\src\routes\governanceModule.js","governanceModule","1629","149"
"GET","/api/governancemodule","/csr/statistics","/api/governancemodule/csr/statistics","C:\Users\DIYA GOEL\Downloads\EBDESIGN\backend\src\routes\governanceModule.js","governanceModule","1629","159"
"POST","/api/governancemodule","/compliance-reports","/api/governancemodule/compliance-reports","C:\Users\DIYA GOEL\Downloads\EBDESIGN\backend\src\routes\governanceModule.js","governanceModule","1629","169"
"GET","/api/governancemodule","/compliance-reports","/api/governancemodule/compliance-reports","C:\Users\DIYA GOEL\Downloads\EBDESIGN\backend\src\routes\governanceModule.js","governanceModule","1629","178"
"GET","/api/governancemodule","/compliance-reports/:reportId","/api/governancemodule/compliance-reports/:reportId","C:\Users\DIYA GOEL\Downloads\EBDESIGN\backend\src\routes\governanceModule.js","governanceModule","1629","187"
"PUT","/api/governancemodule","/compliance-reports/:reportId/review","/api/governancemodule/compliance-reports/:reportId/review","C:\Users\DIYA GOEL\Downloads\EBDESIGN\backend\src\routes\governanceModule.js","governanceModule","1629","197"
"GET","/api/governancemodule","/compliance/statistics","/api/governancemodule/compliance/statistics","C:\Users\DIYA GOEL\Downloads\EBDESIGN\backend\src\routes\governanceModule.js","governanceModule","1629","207"
"GET","/api/governancemodule","/compliance/gaps","/api/governancemodule/compliance/gaps","C:\Users\DIYA GOEL\Downloads\EBDESIGN\backend\src\routes\governanceModule.js","governanceModule","1629","217"
"GET","/api/governancemodule","/compliance/ready","/api/governancemodule/compliance/ready","C:\Users\DIYA GOEL\Downloads\EBDESIGN\backend\src\routes\governanceModule.js","governanceModule","1629","226"
"POST","/api/governancemodule","/cooperatives","/api/governancemodule/cooperatives","C:\Users\DIYA GOEL\Downloads\EBDESIGN\backend\src\routes\governanceModule.js","governanceModule","1629","236"
"GET","/api/governancemodule","/cooperatives","/api/governancemodule/cooperatives","C:\Users\DIYA GOEL\Downloads\EBDESIGN\backend\src\routes\governanceModule.js","governanceModule","1629","245"
"POST","/api/governancemodule","/cooperatives/:cooperativeId/members","/api/governancemodule/cooperatives/:cooperativeId/members","C:\Users\DIYA GOEL\Downloads\EBDESIGN\backend\src\routes\governanceModule.js","governanceModule","1629","254"
"GET","/api/goat","/herd","/api/goat/herd","C:\Users\DIYA GOEL\Downloads\EBDESIGN\backend\src\routes\goatRoutes.js","goatRoutes","1630","54"
"POST","/api/goat","/herd","/api/goat/herd","C:\Users\DIYA GOEL\Downloads\EBDESIGN\backend\src\routes\goatRoutes.js","goatRoutes","1630","69"
"GET","/api/goat","/herd/:id","/api/goat/herd/:id","C:\Users\DIYA GOEL\Downloads\EBDESIGN\backend\src\routes\goatRoutes.js","goatRoutes","1630","83"
"PUT","/api/goat","/herd/:id","/api/goat/herd/:id","C:\Users\DIYA GOEL\Downloads\EBDESIGN\backend\src\routes\goatRoutes.js","goatRoutes","1630","101"
"DELETE","/api/goat","/herd/:id","/api/goat/herd/:id","C:\Users\DIYA GOEL\Downloads\EBDESIGN\backend\src\routes\goatRoutes.js","goatRoutes","1630","118"
"GET","/api/goat","/herd/:animalId/milk-production","/api/goat/herd/:animalId/milk-production","C:\Users\DIYA GOEL\Downloads\EBDESIGN\backend\src\routes\goatRoutes.js","goatRoutes","1630","135"
"POST","/api/goat","/herd/:animalId/milk-production","/api/goat/herd/:animalId/milk-production","C:\Users\DIYA GOEL\Downloads\EBDESIGN\backend\src\routes\goatRoutes.js","goatRoutes","1630","150"
"GET","/api/goat","/herd/:animalId/feed-consumption","/api/goat/herd/:animalId/feed-consumption","C:\Users\DIYA GOEL\Downloads\EBDESIGN\backend\src\routes\goatRoutes.js","goatRoutes","1630","179"
"POST","/api/goat","/herd/:animalId/feed-consumption","/api/goat/herd/:animalId/feed-consumption","C:\Users\DIYA GOEL\Downloads\EBDESIGN\backend\src\routes\goatRoutes.js","goatRoutes","1630","194"
"GET","/api/goat","/herd/:femaleId/breeding","/api/goat/herd/:femaleId/breeding","C:\Users\DIYA GOEL\Downloads\EBDESIGN\backend\src\routes\goatRoutes.js","goatRoutes","1630","223"
"POST","/api/goat","/herd/:femaleId/breeding","/api/goat/herd/:femaleId/breeding","C:\Users\DIYA GOEL\Downloads\EBDESIGN\backend\src\routes\goatRoutes.js","goatRoutes","1630","238"
"GET","/api/goat","/herd/:animalId/vaccinations","/api/goat/herd/:animalId/vaccinations","C:\Users\DIYA GOEL\Downloads\EBDESIGN\backend\src\routes\goatRoutes.js","goatRoutes","1630","291"
"POST","/api/goat","/herd/:animalId/vaccinations","/api/goat/herd/:animalId/vaccinations","C:\Users\DIYA GOEL\Downloads\EBDESIGN\backend\src\routes\goatRoutes.js","goatRoutes","1630","306"
"GET","/api/goat","/herd/:animalId/performance","/api/goat/herd/:animalId/performance","C:\Users\DIYA GOEL\Downloads\EBDESIGN\backend\src\routes\goatRoutes.js","goatRoutes","1630","335"
"GET","/api/goat","/breeding-alerts","/api/goat/breeding-alerts","C:\Users\DIYA GOEL\Downloads\EBDESIGN\backend\src\routes\goatRoutes.js","goatRoutes","1630","349"
"GET","/api/goat","/vaccination-alerts","/api/goat/vaccination-alerts","C:\Users\DIYA GOEL\Downloads\EBDESIGN\backend\src\routes\goatRoutes.js","goatRoutes","1630","363"
"POST","/api/goat","/ai/optimize-milk/:animalId","/api/goat/ai/optimize-milk/:animalId","C:\Users\DIYA GOEL\Downloads\EBDESIGN\backend\src\routes\goatRoutes.js","goatRoutes","1630","381"
"POST","/api/goat","/ai/monitor-health/:animalId","/api/goat/ai/monitor-health/:animalId","C:\Users\DIYA GOEL\Downloads\EBDESIGN\backend\src\routes\goatRoutes.js","goatRoutes","1630","395"
"POST","/api/goat","/ai/optimize-feed/:animalId","/api/goat/ai/optimize-feed/:animalId","C:\Users\DIYA GOEL\Downloads\EBDESIGN\backend\src\routes\goatRoutes.js","goatRoutes","1630","409"
"POST","/api/goat","/ai/recommend-breeding/:animalId","/api/goat/ai/recommend-breeding/:animalId","C:\Users\DIYA GOEL\Downloads\EBDESIGN\backend\src\routes\goatRoutes.js","goatRoutes","1630","424"
"GET","/api/glutwarning","/health","/api/glutwarning/health","C:\Users\DIYA GOEL\Downloads\EBDESIGN\backend\src\routes\glutWarningRoutes.js","glutWarningRoutes","1631","28"
"GET","/api/glutwarning","/check","/api/glutwarning/check","C:\Users\DIYA GOEL\Downloads\EBDESIGN\backend\src\routes\glutWarningRoutes.js","glutWarningRoutes","1631","35"
"GET","/api/glutwarning","/scan","/api/glutwarning/scan","C:\Users\DIYA GOEL\Downloads\EBDESIGN\backend\src\routes\glutWarningRoutes.js","glutWarningRoutes","1631","48"
"POST","/api/geofencing","/zones","/api/geofencing/zones","C:\Users\DIYA GOEL\Downloads\EBDESIGN\backend\src\routes\geofencingRoutes.js","geofencingRoutes","1632","31"
"GET","/api/geofencing","/zones","/api/geofencing/zones","C:\Users\DIYA GOEL\Downloads\EBDESIGN\backend\src\routes\geofencingRoutes.js","geofencingRoutes","1632","38"
"GET","/api/geofencing","/zones/:id","/api/geofencing/zones/:id","C:\Users\DIYA GOEL\Downloads\EBDESIGN\backend\src\routes\geofencingRoutes.js","geofencingRoutes","1632","45"
"PUT","/api/geofencing","/zones/:id","/api/geofencing/zones/:id","C:\Users\DIYA GOEL\Downloads\EBDESIGN\backend\src\routes\geofencingRoutes.js","geofencingRoutes","1632","52"
"DELETE","/api/geofencing","/zones/:id","/api/geofencing/zones/:id","C:\Users\DIYA GOEL\Downloads\EBDESIGN\backend\src\routes\geofencingRoutes.js","geofencingRoutes","1632","59"
"GET","/api/geofencing","/zones/:id/events","/api/geofencing/zones/:id/events","C:\Users\DIYA GOEL\Downloads\EBDESIGN\backend\src\routes\geofencingRoutes.js","geofencingRoutes","1632","66"
"GET","/api/geofencing","/zones/:id/current","/api/geofencing/zones/:id/current","C:\Users\DIYA GOEL\Downloads\EBDESIGN\backend\src\routes\geofencingRoutes.js","geofencingRoutes","1632","73"
"POST","/api/geofencing","/check-polygon","/api/geofencing/check-polygon","C:\Users\DIYA GOEL\Downloads\EBDESIGN\backend\src\routes\geofencingRoutes.js","geofencingRoutes","1632","80"
"POST","/api/geofencing","/checkins","/api/geofencing/checkins","C:\Users\DIYA GOEL\Downloads\EBDESIGN\backend\src\routes\geofencingRoutes.js","geofencingRoutes","1632","92"
"GET","/api/geofencing","/checkins","/api/geofencing/checkins","C:\Users\DIYA GOEL\Downloads\EBDESIGN\backend\src\routes\geofencingRoutes.js","geofencingRoutes","1632","107"
"POST","/api/geofencing","/driver-zone-check","/api/geofencing/driver-zone-check","C:\Users\DIYA GOEL\Downloads\EBDESIGN\backend\src\routes\geofencingRoutes.js","geofencingRoutes","1632","122"
"GET","/api/freightpooling","/poolable-shipments","/api/freightpooling/poolable-shipments","C:\Users\DIYA GOEL\Downloads\EBDESIGN\backend\src\routes\freightPoolingRoutes.js","freightPoolingRoutes","1633","10"
"POST","/api/freightpooling","/windows","/api/freightpooling/windows","C:\Users\DIYA GOEL\Downloads\EBDESIGN\backend\src\routes\freightPoolingRoutes.js","freightPoolingRoutes","1633","23"
"GET","/api/freightpooling","/windows","/api/freightpooling/windows","C:\Users\DIYA GOEL\Downloads\EBDESIGN\backend\src\routes\freightPoolingRoutes.js","freightPoolingRoutes","1633","32"
"GET","/api/freightpooling","/windows/:windowId","/api/freightpooling/windows/:windowId","C:\Users\DIYA GOEL\Downloads\EBDESIGN\backend\src\routes\freightPoolingRoutes.js","freightPoolingRoutes","1633","41"
"POST","/api/freightpooling","/windows/:windowId/join","/api/freightpooling/windows/:windowId/join","C:\Users\DIYA GOEL\Downloads\EBDESIGN\backend\src\routes\freightPoolingRoutes.js","freightPoolingRoutes","1633","50"
"POST","/api/freightpooling","/windows/:windowId/dispatch","/api/freightpooling/windows/:windowId/dispatch","C:\Users\DIYA GOEL\Downloads\EBDESIGN\backend\src\routes\freightPoolingRoutes.js","freightPoolingRoutes","1633","59"
"GET","/api/freightpooling","/health","/api/freightpooling/health","C:\Users\DIYA GOEL\Downloads\EBDESIGN\backend\src\routes\freightPooling.js","freightPooling","1634","12"
"POST","/api/food","/","/api/food/","C:\Users\DIYA GOEL\Downloads\EBDESIGN\backend\src\routes\foodRoutes.js","foodRoutes","1635","18"
"GET","/api/food","/health","/api/food/health","C:\Users\DIYA GOEL\Downloads\EBDESIGN\backend\src\routes\foodRoutes.js","foodRoutes","1635","30"
"GET","/api/folu","/health","/api/folu/health","C:\Users\DIYA GOEL\Downloads\EBDESIGN\backend\src\routes\foluRoutes.js","foluRoutes","1636","31"
"GET","/api/folu","/land-use/summary","/api/folu/land-use/summary","C:\Users\DIYA GOEL\Downloads\EBDESIGN\backend\src\routes\foluRoutes.js","foluRoutes","1636","40"
"POST","/api/folu","/parcels","/api/folu/parcels","C:\Users\DIYA GOEL\Downloads\EBDESIGN\backend\src\routes\foluRoutes.js","foluRoutes","1636","43"
"POST","/api/folu","/land-use/change","/api/folu/land-use/change","C:\Users\DIYA GOEL\Downloads\EBDESIGN\backend\src\routes\foluRoutes.js","foluRoutes","1636","46"
"POST","/api/folu","/carbon/estimate","/api/folu/carbon/estimate","C:\Users\DIYA GOEL\Downloads\EBDESIGN\backend\src\routes\foluRoutes.js","foluRoutes","1636","49"
"GET","/api/folu","/schemes/:farmerId","/api/folu/schemes/:farmerId","C:\Users\DIYA GOEL\Downloads\EBDESIGN\backend\src\routes\foluRoutes.js","foluRoutes","1636","52"
"GET","/api/folubenchmark","/health","/api/folubenchmark/health","C:\Users\DIYA GOEL\Downloads\EBDESIGN\backend\src\routes\foluBenchmarkRoutes.js","foluBenchmarkRoutes","1637","30"
"GET","/api/folubenchmark","/transitions","/api/folubenchmark/transitions","C:\Users\DIYA GOEL\Downloads\EBDESIGN\backend\src\routes\foluBenchmarkRoutes.js","foluBenchmarkRoutes","1637","37"
"GET","/api/folubenchmark","/report","/api/folubenchmark/report","C:\Users\DIYA GOEL\Downloads\EBDESIGN\backend\src\routes\foluBenchmarkRoutes.js","foluBenchmarkRoutes","1637","41"
"POST","/api/fisheriesmanagement","/","/api/fisheriesmanagement/","C:\Users\DIYA GOEL\Downloads\EBDESIGN\backend\src\routes\fisheriesManagementRoutes.js","fisheriesManagementRoutes","1638","18"
"GET","/api/fisheriesmanagement","/health","/api/fisheriesmanagement/health","C:\Users\DIYA GOEL\Downloads\EBDESIGN\backend\src\routes\fisheriesManagementRoutes.js","fisheriesManagementRoutes","1638","30"
"GET","/api/financialanalytics","/health","/api/financialanalytics/health","C:\Users\DIYA GOEL\Downloads\EBDESIGN\backend\src\routes\financialAnalytics.js","financialAnalytics","1639","12"
"POST","/api/fertilizer","/","/api/fertilizer/","C:\Users\DIYA GOEL\Downloads\EBDESIGN\backend\src\routes\fertilizerRoutes.js","fertilizerRoutes","1640","18"
"GET","/api/fertilizer","/health","/api/fertilizer/health","C:\Users\DIYA GOEL\Downloads\EBDESIGN\backend\src\routes\fertilizerRoutes.js","fertilizerRoutes","1640","30"
"GET","/api/farmervalue","/season-ledger","/api/farmervalue/season-ledger","C:\Users\DIYA GOEL\Downloads\EBDESIGN\backend\src\routes\farmerValueRoutes.js","farmerValueRoutes","1641","13"
"GET","/api/farmervalue","/:farmerId/fvi","/api/farmervalue/:farmerId/fvi","C:\Users\DIYA GOEL\Downloads\EBDESIGN\backend\src\routes\farmerValueRoutes.js","farmerValueRoutes","1641","25"
"GET","/api/farmervalue","/:farmerId/unclaimed-subsidy","/api/farmervalue/:farmerId/unclaimed-subsidy","C:\Users\DIYA GOEL\Downloads\EBDESIGN\backend\src\routes\farmerValueRoutes.js","farmerValueRoutes","1641","36"
"GET","/api/farmervalue","/:farmerId/fvi-history","/api/farmervalue/:farmerId/fvi-history","C:\Users\DIYA GOEL\Downloads\EBDESIGN\backend\src\routes\farmerValueRoutes.js","farmerValueRoutes","1641","46"
"GET","/api/farmertraining","/health","/api/farmertraining/health","C:\Users\DIYA GOEL\Downloads\EBDESIGN\backend\src\routes\farmerTrainingRoutes.js","farmerTrainingRoutes","1642","35"
"POST","/api/farmertraining","/programs","/api/farmertraining/programs","C:\Users\DIYA GOEL\Downloads\EBDESIGN\backend\src\routes\farmerTrainingRoutes.js","farmerTrainingRoutes","1642","43"
"POST","/api/farmertraining","/register","/api/farmertraining/register","C:\Users\DIYA GOEL\Downloads\EBDESIGN\backend\src\routes\farmerTrainingRoutes.js","farmerTrainingRoutes","1642","44"
"GET","/api/farmertraining","/progress/:registrationId","/api/farmertraining/progress/:registrationId","C:\Users\DIYA GOEL\Downloads\EBDESIGN\backend\src\routes\farmerTrainingRoutes.js","farmerTrainingRoutes","1642","45"
"POST","/api/farmertraining","/folu-assessment","/api/farmertraining/folu-assessment","C:\Users\DIYA GOEL\Downloads\EBDESIGN\backend\src\routes\farmerTrainingRoutes.js","farmerTrainingRoutes","1642","48"
"GET","/api/farmertraining","/carbon-footprint/:farmerId","/api/farmertraining/carbon-footprint/:farmerId","C:\Users\DIYA GOEL\Downloads\EBDESIGN\backend\src\routes\farmerTrainingRoutes.js","farmerTrainingRoutes","1642","49"
"POST","/api/farmertraining","/compliance-report","/api/farmertraining/compliance-report","C:\Users\DIYA GOEL\Downloads\EBDESIGN\backend\src\routes\farmerTrainingRoutes.js","farmerTrainingRoutes","1642","50"
"GET","/api/farmertraining","/northeast-organic","/api/farmertraining/northeast-organic","C:\Users\DIYA GOEL\Downloads\EBDESIGN\backend\src\routes\farmerTrainingRoutes.js","farmerTrainingRoutes","1642","53"
"POST","/api/farmertraining","/certificates/:registrationId","/api/farmertraining/certificates/:registrationId","C:\Users\DIYA GOEL\Downloads\EBDESIGN\backend\src\routes\farmerTrainingRoutes.js","farmerTrainingRoutes","1642","56"
"GET","/api/farmertraining","/recommendations/:farmerId","/api/farmertraining/recommendations/:farmerId","C:\Users\DIYA GOEL\Downloads\EBDESIGN\backend\src\routes\farmerTrainingRoutes.js","farmerTrainingRoutes","1642","57"
"GET","/api/farmer","/health","/api/farmer/health","C:\Users\DIYA GOEL\Downloads\EBDESIGN\backend\src\routes\farmerRoutes.js","farmerRoutes","1643","33"
"GET","/api/farmer","/","/api/farmer/","C:\Users\DIYA GOEL\Downloads\EBDESIGN\backend\src\routes\farmerRoutes.js","farmerRoutes","1643","54"
"GET","/api/farmer","/fpos/list","/api/farmer/fpos/list","C:\Users\DIYA GOEL\Downloads\EBDESIGN\backend\src\routes\farmerRoutes.js","farmerRoutes","1643","65"
"GET","/api/farmer","/me","/api/farmer/me","C:\Users\DIYA GOEL\Downloads\EBDESIGN\backend\src\routes\farmerRoutes.js","farmerRoutes","1643","80"
"GET","/api/farmer","/:farmerId","/api/farmer/:farmerId","C:\Users\DIYA GOEL\Downloads\EBDESIGN\backend\src\routes\farmerRoutes.js","farmerRoutes","1643","91"
"POST","/api/farmer","/:farmerId/fdi","/api/farmer/:farmerId/fdi","C:\Users\DIYA GOEL\Downloads\EBDESIGN\backend\src\routes\farmerRoutes.js","farmerRoutes","1643","110"
"GET","/api/farmer","/:farmerId/certifications","/api/farmer/:farmerId/certifications","C:\Users\DIYA GOEL\Downloads\EBDESIGN\backend\src\routes\farmerRoutes.js","farmerRoutes","1643","120"
"POST","/api/farmer","/:farmerId/certifications","/api/farmer/:farmerId/certifications","C:\Users\DIYA GOEL\Downloads\EBDESIGN\backend\src\routes\farmerRoutes.js","farmerRoutes","1643","132"
"GET","/api/farmerportalenhancements","/health","/api/farmerportalenhancements/health","C:\Users\DIYA GOEL\Downloads\EBDESIGN\backend\src\routes\farmerPortalEnhancements.js","farmerPortalEnhancements","1644","29"
"POST","/api/farmerportalenhancements","/land-records","/api/farmerportalenhancements/land-records","C:\Users\DIYA GOEL\Downloads\EBDESIGN\backend\src\routes\farmerPortalEnhancements.js","farmerPortalEnhancements","1644","79"
"GET","/api/farmerportalenhancements","/land-records","/api/farmerportalenhancements/land-records","C:\Users\DIYA GOEL\Downloads\EBDESIGN\backend\src\routes\farmerPortalEnhancements.js","farmerPortalEnhancements","1644","88"
"GET","/api/farmerportalenhancements","/land-records/:recordId","/api/farmerportalenhancements/land-records/:recordId","C:\Users\DIYA GOEL\Downloads\EBDESIGN\backend\src\routes\farmerPortalEnhancements.js","farmerPortalEnhancements","1644","97"
"PUT","/api/farmerportalenhancements","/land-records/:recordId","/api/farmerportalenhancements/land-records/:recordId","C:\Users\DIYA GOEL\Downloads\EBDESIGN\backend\src\routes\farmerPortalEnhancements.js","farmerPortalEnhancements","1644","107"
"PUT","/api/farmerportalenhancements","/land-records/:recordId/verify","/api/farmerportalenhancements/land-records/:recordId/verify","C:\Users\DIYA GOEL\Downloads\EBDESIGN\backend\src\routes\farmerPortalEnhancements.js","farmerPortalEnhancements","1644","125"
"POST","/api/farmerportalenhancements","/land-records/sync-government","/api/farmerportalenhancements/land-records/sync-government","C:\Users\DIYA GOEL\Downloads\EBDESIGN\backend\src\routes\farmerPortalEnhancements.js","farmerPortalEnhancements","1644","135"
"GET","/api/farmerportalenhancements","/land-records/statistics/region","/api/farmerportalenhancements/land-records/statistics/region","C:\Users\DIYA GOEL\Downloads\EBDESIGN\backend\src\routes\farmerPortalEnhancements.js","farmerPortalEnhancements","1644","144"
"DELETE","/api/farmerportalenhancements","/land-records/:recordId","/api/farmerportalenhancements/land-records/:recordId","C:\Users\DIYA GOEL\Downloads\EBDESIGN\backend\src\routes\farmerPortalEnhancements.js","farmerPortalEnhancements","1644","153"
"POST","/api/farmerportalenhancements","/crop-plans","/api/farmerportalenhancements/crop-plans","C:\Users\DIYA GOEL\Downloads\EBDESIGN\backend\src\routes\farmerPortalEnhancements.js","farmerPortalEnhancements","1644","164"
"GET","/api/farmerportalenhancements","/crop-plans","/api/farmerportalenhancements/crop-plans","C:\Users\DIYA GOEL\Downloads\EBDESIGN\backend\src\routes\farmerPortalEnhancements.js","farmerPortalEnhancements","1644","173"
"GET","/api/farmerportalenhancements","/crop-plans/recommendations/:landRecordId","/api/farmerportalenhancements/crop-plans/recommendations/:landRecordId","C:\Users\DIYA GOEL\Downloads\EBDESIGN\backend\src\routes\farmerPortalEnhancements.js","farmerPortalEnhancements","1644","182"
"PUT","/api/farmerportalenhancements","/crop-plans/:planId/status","/api/farmerportalenhancements/crop-plans/:planId/status","C:\Users\DIYA GOEL\Downloads\EBDESIGN\backend\src\routes\farmerPortalEnhancements.js","farmerPortalEnhancements","1644","192"
"GET","/api/farmerportalenhancements","/crop-plans/analytics","/api/farmerportalenhancements/crop-plans/analytics","C:\Users\DIYA GOEL\Downloads\EBDESIGN\backend\src\routes\farmerPortalEnhancements.js","farmerPortalEnhancements","1644","203"
"GET","/api/farmerportalenhancements","/wallet","/api/farmerportalenhancements/wallet","C:\Users\DIYA GOEL\Downloads\EBDESIGN\backend\src\routes\farmerPortalEnhancements.js","farmerPortalEnhancements","1644","213"
"GET","/api/farmerportalenhancements","/wallet/transactions","/api/farmerportalenhancements/wallet/transactions","C:\Users\DIYA GOEL\Downloads\EBDESIGN\backend\src\routes\farmerPortalEnhancements.js","farmerPortalEnhancements","1644","222"
"POST","/api/farmerportalenhancements","/wallet/deposit","/api/farmerportalenhancements/wallet/deposit","C:\Users\DIYA GOEL\Downloads\EBDESIGN\backend\src\routes\farmerPortalEnhancements.js","farmerPortalEnhancements","1644","231"
"POST","/api/farmerportalenhancements","/wallet/withdraw","/api/farmerportalenhancements/wallet/withdraw","C:\Users\DIYA GOEL\Downloads\EBDESIGN\backend\src\routes\farmerPortalEnhancements.js","farmerPortalEnhancements","1644","241"
"POST","/api/farmerportalenhancements","/wallet/transfer","/api/farmerportalenhancements/wallet/transfer","C:\Users\DIYA GOEL\Downloads\EBDESIGN\backend\src\routes\farmerPortalEnhancements.js","farmerPortalEnhancements","1644","251"
"GET","/api/farmerportalenhancements","/wallet/balance","/api/farmerportalenhancements/wallet/balance","C:\Users\DIYA GOEL\Downloads\EBDESIGN\backend\src\routes\farmerPortalEnhancements.js","farmerPortalEnhancements","1644","261"
"POST","/api/farmerportalenhancements","/wallet/link-bank","/api/farmerportalenhancements/wallet/link-bank","C:\Users\DIYA GOEL\Downloads\EBDESIGN\backend\src\routes\farmerPortalEnhancements.js","farmerPortalEnhancements","1644","270"
"GET","/api/farmerhealth","/health","/api/farmerhealth/health","C:\Users\DIYA GOEL\Downloads\EBDESIGN\backend\src\routes\agriculture\farmerHealthRoutes.js","farmerHealthRoutes","1645","6"
"GET","/api/farmerhealth","/health-records","/api/farmerhealth/health-records","C:\Users\DIYA GOEL\Downloads\EBDESIGN\backend\src\routes\agriculture\farmerHealthRoutes.js","farmerHealthRoutes","1645","62"
"GET","/api/farmerhealth","/health-records/:id","/api/farmerhealth/health-records/:id","C:\Users\DIYA GOEL\Downloads\EBDESIGN\backend\src\routes\agriculture\farmerHealthRoutes.js","farmerHealthRoutes","1645","81"
"POST","/api/farmerhealth","/health-records","/api/farmerhealth/health-records","C:\Users\DIYA GOEL\Downloads\EBDESIGN\backend\src\routes\agriculture\farmerHealthRoutes.js","farmerHealthRoutes","1645","93"
"PUT","/api/farmerhealth","/health-records/:id","/api/farmerhealth/health-records/:id","C:\Users\DIYA GOEL\Downloads\EBDESIGN\backend\src\routes\agriculture\farmerHealthRoutes.js","farmerHealthRoutes","1645","103"
"DELETE","/api/farmerhealth","/health-records/:id","/api/farmerhealth/health-records/:id","C:\Users\DIYA GOEL\Downloads\EBDESIGN\backend\src\routes\agriculture\farmerHealthRoutes.js","farmerHealthRoutes","1645","115"
"GET","/api/farmerhealth","/farmers/:farmerId/health-summary","/api/farmerhealth/farmers/:farmerId/health-summary","C:\Users\DIYA GOEL\Downloads\EBDESIGN\backend\src\routes\agriculture\farmerHealthRoutes.js","farmerHealthRoutes","1645","128"
"GET","/api/farmerhealth","/welfare-programs","/api/farmerhealth/welfare-programs","C:\Users\DIYA GOEL\Downloads\EBDESIGN\backend\src\routes\agriculture\farmerHealthRoutes.js","farmerHealthRoutes","1645","142"
"POST","/api/farmerhealth","/welfare-enrollments","/api/farmerhealth/welfare-enrollments","C:\Users\DIYA GOEL\Downloads\EBDESIGN\backend\src\routes\agriculture\farmerHealthRoutes.js","farmerHealthRoutes","1645","156"
"POST","/api/farmerfamily","/","/api/farmerfamily/","C:\Users\DIYA GOEL\Downloads\EBDESIGN\backend\src\routes\farmerFamilyRoutes.js","farmerFamilyRoutes","1646","18"
"GET","/api/farmerfamily","/health","/api/farmerfamily/health","C:\Users\DIYA GOEL\Downloads\EBDESIGN\backend\src\routes\farmerFamilyRoutes.js","farmerFamilyRoutes","1646","30"
"GET","/api/farmcosting","/health","/api/farmcosting/health","C:\Users\DIYA GOEL\Downloads\EBDESIGN\backend\src\routes\farmCosting.js","farmCosting","1647","245"
"GET","/api/farmcosting","/","/api/farmcosting/","C:\Users\DIYA GOEL\Downloads\EBDESIGN\backend\src\routes\farmCosting.js","farmCosting","1647","253"
"GET","/api/farmcosting","/records","/api/farmcosting/records","C:\Users\DIYA GOEL\Downloads\EBDESIGN\backend\src\routes\farmCosting.js","farmCosting","1647","262"
"POST","/api/farmcosting","/records","/api/farmcosting/records","C:\Users\DIYA GOEL\Downloads\EBDESIGN\backend\src\routes\farmCosting.js","farmCosting","1647","272"
"DELETE","/api/farmcosting","/records/:id","/api/farmcosting/records/:id","C:\Users\DIYA GOEL\Downloads\EBDESIGN\backend\src\routes\farmCosting.js","farmCosting","1647","287"
"POST","/api/farmcosting","/calculate","/api/farmcosting/calculate","C:\Users\DIYA GOEL\Downloads\EBDESIGN\backend\src\routes\farmCosting.js","farmCosting","1647","300"
"POST","/api/farmcosting","/optimize","/api/farmcosting/optimize","C:\Users\DIYA GOEL\Downloads\EBDESIGN\backend\src\routes\farmCosting.js","farmCosting","1647","310"
"GET","/api/farm-costing","/health","/api/farm-costing/health","C:\Users\DIYA GOEL\Downloads\EBDESIGN\backend\src\routes\farmCosting.js","farmCosting","1648","245"
"GET","/api/farm-costing","/","/api/farm-costing/","C:\Users\DIYA GOEL\Downloads\EBDESIGN\backend\src\routes\farmCosting.js","farmCosting","1648","253"
"GET","/api/farm-costing","/records","/api/farm-costing/records","C:\Users\DIYA GOEL\Downloads\EBDESIGN\backend\src\routes\farmCosting.js","farmCosting","1648","262"
"POST","/api/farm-costing","/records","/api/farm-costing/records","C:\Users\DIYA GOEL\Downloads\EBDESIGN\backend\src\routes\farmCosting.js","farmCosting","1648","272"
"DELETE","/api/farm-costing","/records/:id","/api/farm-costing/records/:id","C:\Users\DIYA GOEL\Downloads\EBDESIGN\backend\src\routes\farmCosting.js","farmCosting","1648","287"
"POST","/api/farm-costing","/calculate","/api/farm-costing/calculate","C:\Users\DIYA GOEL\Downloads\EBDESIGN\backend\src\routes\farmCosting.js","farmCosting","1648","300"
"POST","/api/farm-costing","/optimize","/api/farm-costing/optimize","C:\Users\DIYA GOEL\Downloads\EBDESIGN\backend\src\routes\farmCosting.js","farmCosting","1648","310"
"GET","/api/v1/farm-costing","/health","/api/v1/farm-costing/health","C:\Users\DIYA GOEL\Downloads\EBDESIGN\backend\src\routes\farmCosting.js","farmCosting","1649","245"
"GET","/api/v1/farm-costing","/","/api/v1/farm-costing/","C:\Users\DIYA GOEL\Downloads\EBDESIGN\backend\src\routes\farmCosting.js","farmCosting","1649","253"
"GET","/api/v1/farm-costing","/records","/api/v1/farm-costing/records","C:\Users\DIYA GOEL\Downloads\EBDESIGN\backend\src\routes\farmCosting.js","farmCosting","1649","262"
"POST","/api/v1/farm-costing","/records","/api/v1/farm-costing/records","C:\Users\DIYA GOEL\Downloads\EBDESIGN\backend\src\routes\farmCosting.js","farmCosting","1649","272"
"DELETE","/api/v1/farm-costing","/records/:id","/api/v1/farm-costing/records/:id","C:\Users\DIYA GOEL\Downloads\EBDESIGN\backend\src\routes\farmCosting.js","farmCosting","1649","287"
"POST","/api/v1/farm-costing","/calculate","/api/v1/farm-costing/calculate","C:\Users\DIYA GOEL\Downloads\EBDESIGN\backend\src\routes\farmCosting.js","farmCosting","1649","300"
"POST","/api/v1/farm-costing","/optimize","/api/v1/farm-costing/optimize","C:\Users\DIYA GOEL\Downloads\EBDESIGN\backend\src\routes\farmCosting.js","farmCosting","1649","310"
"GET","/api/farmanalytics","/health","/api/farmanalytics/health","C:\Users\DIYA GOEL\Downloads\EBDESIGN\backend\src\routes\farmAnalytics.js","farmAnalytics","1650","12"
"GET","/api/experience","/resolve","/api/experience/resolve","C:\Users\DIYA GOEL\Downloads\EBDESIGN\backend\src\routes\experienceRoutes.js","experienceRoutes","1651","19"
"GET","/api/experience","/tokens","/api/experience/tokens","C:\Users\DIYA GOEL\Downloads\EBDESIGN\backend\src\routes\experienceRoutes.js","experienceRoutes","1651","30"
"POST","/api/experience","/tokens","/api/experience/tokens","C:\Users\DIYA GOEL\Downloads\EBDESIGN\backend\src\routes\experienceRoutes.js","experienceRoutes","1651","33"
"GET","/api/experience","/themes","/api/experience/themes","C:\Users\DIYA GOEL\Downloads\EBDESIGN\backend\src\routes\experienceRoutes.js","experienceRoutes","1651","36"
"GET","/api/experience","/contrast","/api/experience/contrast","C:\Users\DIYA GOEL\Downloads\EBDESIGN\backend\src\routes\experienceRoutes.js","experienceRoutes","1651","39"
"GET","/api/experience","/motion","/api/experience/motion","C:\Users\DIYA GOEL\Downloads\EBDESIGN\backend\src\routes\experienceRoutes.js","experienceRoutes","1651","46"
"GET","/api/experience","/breakpoint","/api/experience/breakpoint","C:\Users\DIYA GOEL\Downloads\EBDESIGN\backend\src\routes\experienceRoutes.js","experienceRoutes","1651","51"
"GET","/api/experience","/components","/api/experience/components","C:\Users\DIYA GOEL\Downloads\EBDESIGN\backend\src\routes\experienceRoutes.js","experienceRoutes","1651","54"
"POST","/api/experience","/components","/api/experience/components","C:\Users\DIYA GOEL\Downloads\EBDESIGN\backend\src\routes\experienceRoutes.js","experienceRoutes","1651","57"
"GET","/api/experience","/accessibility","/api/experience/accessibility","C:\Users\DIYA GOEL\Downloads\EBDESIGN\backend\src\routes\experienceRoutes.js","experienceRoutes","1651","60"
"POST","/api/experience","/accessibility","/api/experience/accessibility","C:\Users\DIYA GOEL\Downloads\EBDESIGN\backend\src\routes\experienceRoutes.js","experienceRoutes","1651","63"
"GET","/api/experience","/preferences","/api/experience/preferences","C:\Users\DIYA GOEL\Downloads\EBDESIGN\backend\src\routes\experienceRoutes.js","experienceRoutes","1651","66"
"PUT","/api/experience","/preferences","/api/experience/preferences","C:\Users\DIYA GOEL\Downloads\EBDESIGN\backend\src\routes\experienceRoutes.js","experienceRoutes","1651","69"
"GET","/api/experience","/feedback/:eventKey","/api/experience/feedback/:eventKey","C:\Users\DIYA GOEL\Downloads\EBDESIGN\backend\src\routes\experienceRoutes.js","experienceRoutes","1651","72"
"POST","/api/escrow","/","/api/escrow/","C:\Users\DIYA GOEL\Downloads\EBDESIGN\backend\src\routes\escrowRoutes.js","escrowRoutes","1652","18"
"GET","/api/escrow","/health","/api/escrow/health","C:\Users\DIYA GOEL\Downloads\EBDESIGN\backend\src\routes\escrowRoutes.js","escrowRoutes","1652","30"
"GET","/api/equipmentexchange","/health","/api/equipmentexchange/health","C:\Users\DIYA GOEL\Downloads\EBDESIGN\backend\src\routes\commerce\equipmentExchangeRoutes.js","equipmentExchangeRoutes","1653","9"
"POST","/api/equipmentexchange","/","/api/equipmentexchange/","C:\Users\DIYA GOEL\Downloads\EBDESIGN\backend\src\routes\commerce\equipmentExchangeRoutes.js","equipmentExchangeRoutes","1653","16"
"GET","/api/equipmentexchange","/","/api/equipmentexchange/","C:\Users\DIYA GOEL\Downloads\EBDESIGN\backend\src\routes\commerce\equipmentExchangeRoutes.js","equipmentExchangeRoutes","1653","25"
"GET","/api/equipmentexchange","/:listingId","/api/equipmentexchange/:listingId","C:\Users\DIYA GOEL\Downloads\EBDESIGN\backend\src\routes\commerce\equipmentExchangeRoutes.js","equipmentExchangeRoutes","1653","37"
"POST","/api/equipmentexchange","/:listingId/reserve","/api/equipmentexchange/:listingId/reserve","C:\Users\DIYA GOEL\Downloads\EBDESIGN\backend\src\routes\commerce\equipmentExchangeRoutes.js","equipmentExchangeRoutes","1653","46"
"POST","/api/equipmentexchange","/:listingId/complete","/api/equipmentexchange/:listingId/complete","C:\Users\DIYA GOEL\Downloads\EBDESIGN\backend\src\routes\commerce\equipmentExchangeRoutes.js","equipmentExchangeRoutes","1653","55"
"DELETE","/api/equipmentexchange","/:listingId","/api/equipmentexchange/:listingId","C:\Users\DIYA GOEL\Downloads\EBDESIGN\backend\src\routes\commerce\equipmentExchangeRoutes.js","equipmentExchangeRoutes","1653","64"
"POST","/api/enterpriseintegration","/","/api/enterpriseintegration/","C:\Users\DIYA GOEL\Downloads\EBDESIGN\backend\src\routes\enterpriseIntegrationRoutes.js","enterpriseIntegrationRoutes","1655","18"
"GET","/api/enterpriseintegration","/health","/api/enterpriseintegration/health","C:\Users\DIYA GOEL\Downloads\EBDESIGN\backend\src\routes\enterpriseIntegrationRoutes.js","enterpriseIntegrationRoutes","1655","30"
"GET","/api/enterpriseai","/health","/api/enterpriseai/health","C:\Users\DIYA GOEL\Downloads\EBDESIGN\backend\src\routes\ai\enterpriseAIRoutes.js","enterpriseAIRoutes","1656","9"
"POST","/api/enterpriseai","/credit-score","/api/enterpriseai/credit-score","C:\Users\DIYA GOEL\Downloads\EBDESIGN\backend\src\routes\ai\enterpriseAIRoutes.js","enterpriseAIRoutes","1656","16"
"POST","/api/enterpriseai","/scheme-eligibility","/api/enterpriseai/scheme-eligibility","C:\Users\DIYA GOEL\Downloads\EBDESIGN\backend\src\routes\ai\enterpriseAIRoutes.js","enterpriseAIRoutes","1656","26"
"POST","/api/enterpriseai","/assess-risk","/api/enterpriseai/assess-risk","C:\Users\DIYA GOEL\Downloads\EBDESIGN\backend\src\routes\ai\enterpriseAIRoutes.js","enterpriseAIRoutes","1656","36"
"POST","/api/enterpriseai","/recommendations","/api/enterpriseai/recommendations","C:\Users\DIYA GOEL\Downloads\EBDESIGN\backend\src\routes\ai\enterpriseAIRoutes.js","enterpriseAIRoutes","1656","46"
"POST","/api/enterpriseai","/entity-profile","/api/enterpriseai/entity-profile","C:\Users\DIYA GOEL\Downloads\EBDESIGN\backend\src\routes\ai\enterpriseAIRoutes.js","enterpriseAIRoutes","1656","56"
"POST","/api/enterpriseai","/anomaly-detection","/api/enterpriseai/anomaly-detection","C:\Users\DIYA GOEL\Downloads\EBDESIGN\backend\src\routes\ai\enterpriseAIRoutes.js","enterpriseAIRoutes","1656","66"
"POST","/api/enterpriseai","/predict-yield","/api/enterpriseai/predict-yield","C:\Users\DIYA GOEL\Downloads\EBDESIGN\backend\src\routes\ai\enterpriseAIRoutes.js","enterpriseAIRoutes","1656","75"
"POST","/api/enterpriseai","/predict-demand","/api/enterpriseai/predict-demand","C:\Users\DIYA GOEL\Downloads\EBDESIGN\backend\src\routes\ai\enterpriseAIRoutes.js","enterpriseAIRoutes","1656","85"
"POST","/api/enterpriseai","/predict-price","/api/enterpriseai/predict-price","C:\Users\DIYA GOEL\Downloads\EBDESIGN\backend\src\routes\ai\enterpriseAIRoutes.js","enterpriseAIRoutes","1656","95"
"GET","/api/enterpriseai","/model-slots","/api/enterpriseai/model-slots","C:\Users\DIYA GOEL\Downloads\EBDESIGN\backend\src\routes\ai\enterpriseAIRoutes.js","enterpriseAIRoutes","1656","105"
"GET","/api/enterpriseai","/unserved-intents","/api/enterpriseai/unserved-intents","C:\Users\DIYA GOEL\Downloads\EBDESIGN\backend\src\routes\ai\enterpriseAIRoutes.js","enterpriseAIRoutes","1656","114"
"POST","/api/enterpriseai","/model-slots","/api/enterpriseai/model-slots","C:\Users\DIYA GOEL\Downloads\EBDESIGN\backend\src\routes\ai\enterpriseAIRoutes.js","enterpriseAIRoutes","1656","123"
"POST","/api/enterpriseai","/query","/api/enterpriseai/query","C:\Users\DIYA GOEL\Downloads\EBDESIGN\backend\src\routes\ai\enterpriseAIRoutes.js","enterpriseAIRoutes","1656","132"
"POST","/api/engineeringproject","/projects","/api/engineeringproject/projects","C:\Users\DIYA GOEL\Downloads\EBDESIGN\backend\src\routes\engineeringProjectRoutes.js","engineeringProjectRoutes","1657","10"
"GET","/api/engineeringproject","/projects","/api/engineeringproject/projects","C:\Users\DIYA GOEL\Downloads\EBDESIGN\backend\src\routes\engineeringProjectRoutes.js","engineeringProjectRoutes","1657","19"
"GET","/api/engineeringproject","/projects/:id","/api/engineeringproject/projects/:id","C:\Users\DIYA GOEL\Downloads\EBDESIGN\backend\src\routes\engineeringProjectRoutes.js","engineeringProjectRoutes","1657","28"
"PUT","/api/engineeringproject","/projects/:id/phase","/api/engineeringproject/projects/:id/phase","C:\Users\DIYA GOEL\Downloads\EBDESIGN\backend\src\routes\engineeringProjectRoutes.js","engineeringProjectRoutes","1657","37"
"POST","/api/engineeringproject","/projects/:id/cost-estimates","/api/engineeringproject/projects/:id/cost-estimates","C:\Users\DIYA GOEL\Downloads\EBDESIGN\backend\src\routes\engineeringProjectRoutes.js","engineeringProjectRoutes","1657","48"
"GET","/api/engineeringproject","/projects/:id/cost-estimates","/api/engineeringproject/projects/:id/cost-estimates","C:\Users\DIYA GOEL\Downloads\EBDESIGN\backend\src\routes\engineeringProjectRoutes.js","engineeringProjectRoutes","1657","62"
"POST","/api/energy","/","/api/energy/","C:\Users\DIYA GOEL\Downloads\EBDESIGN\backend\src\routes\energyRoutes.js","energyRoutes","1658","18"
"GET","/api/energy","/health","/api/energy/health","C:\Users\DIYA GOEL\Downloads\EBDESIGN\backend\src\routes\energyRoutes.js","energyRoutes","1658","30"
"GET","/api/ecommerce","/health","/api/ecommerce/health","C:\Users\DIYA GOEL\Downloads\EBDESIGN\backend\src\routes\ecommerceRoutes.js","ecommerceRoutes","1659","30"
"POST","/api/ecommerce","/listings","/api/ecommerce/listings","C:\Users\DIYA GOEL\Downloads\EBDESIGN\backend\src\routes\ecommerceRoutes.js","ecommerceRoutes","1659","48"
"GET","/api/ecommerce","/listings","/api/ecommerce/listings","C:\Users\DIYA GOEL\Downloads\EBDESIGN\backend\src\routes\ecommerceRoutes.js","ecommerceRoutes","1659","55"
"GET","/api/ecommerce","/listings/:id","/api/ecommerce/listings/:id","C:\Users\DIYA GOEL\Downloads\EBDESIGN\backend\src\routes\ecommerceRoutes.js","ecommerceRoutes","1659","62"
"PUT","/api/ecommerce","/listings/:id","/api/ecommerce/listings/:id","C:\Users\DIYA GOEL\Downloads\EBDESIGN\backend\src\routes\ecommerceRoutes.js","ecommerceRoutes","1659","69"
"DELETE","/api/ecommerce","/listings/:id","/api/ecommerce/listings/:id","C:\Users\DIYA GOEL\Downloads\EBDESIGN\backend\src\routes\ecommerceRoutes.js","ecommerceRoutes","1659","76"
"GET","/api/ecommerce","/seller/analytics","/api/ecommerce/seller/analytics","C:\Users\DIYA GOEL\Downloads\EBDESIGN\backend\src\routes\ecommerceRoutes.js","ecommerceRoutes","1659","87"
"GET","/api/ecommerce","/seller/listings","/api/ecommerce/seller/listings","C:\Users\DIYA GOEL\Downloads\EBDESIGN\backend\src\routes\ecommerceRoutes.js","ecommerceRoutes","1659","94"
"GET","/api/ecommerce","/gi-listings","/api/ecommerce/gi-listings","C:\Users\DIYA GOEL\Downloads\EBDESIGN\backend\src\routes\ecommerceRoutes.js","ecommerceRoutes","1659","105"
"GET","/api/ecommerce","/market/price-trends/:categoryId","/api/ecommerce/market/price-trends/:categoryId","C:\Users\DIYA GOEL\Downloads\EBDESIGN\backend\src\routes\ecommerceRoutes.js","ecommerceRoutes","1659","116"
"GET","/api/ecommerce","/market/demand/:categoryId","/api/ecommerce/market/demand/:categoryId","C:\Users\DIYA GOEL\Downloads\EBDESIGN\backend\src\routes\ecommerceRoutes.js","ecommerceRoutes","1659","123"
"POST","/api/ecommerce","/price-recommendation","/api/ecommerce/price-recommendation","C:\Users\DIYA GOEL\Downloads\EBDESIGN\backend\src\routes\ecommerceRoutes.js","ecommerceRoutes","1659","130"
"GET","/api/ecommercemarketing","/health","/api/ecommercemarketing/health","C:\Users\DIYA GOEL\Downloads\EBDESIGN\backend\src\routes\ecommerceMarketingRoutes.js","ecommerceMarketingRoutes","1660","35"
"POST","/api/ecommercemarketing","/create-campaign","/api/ecommercemarketing/create-campaign","C:\Users\DIYA GOEL\Downloads\EBDESIGN\backend\src\routes\ecommerceMarketingRoutes.js","ecommerceMarketingRoutes","1660","52"
"POST","/api/ecommercemarketing","/launch-campaign/:campaignId","/api/ecommercemarketing/launch-campaign/:campaignId","C:\Users\DIYA GOEL\Downloads\EBDESIGN\backend\src\routes\ecommerceMarketingRoutes.js","ecommerceMarketingRoutes","1660","59"
"POST","/api/ecommercemarketing","/update-campaign-metrics/:campaignId","/api/ecommercemarketing/update-campaign-metrics/:campaignId","C:\Users\DIYA GOEL\Downloads\EBDESIGN\backend\src\routes\ecommerceMarketingRoutes.js","ecommerceMarketingRoutes","1660","66"
"POST","/api/ecommercemarketing","/create-sponsored-product","/api/ecommercemarketing/create-sponsored-product","C:\Users\DIYA GOEL\Downloads\EBDESIGN\backend\src\routes\ecommerceMarketingRoutes.js","ecommerceMarketingRoutes","1660","77"
"GET","/api/ecommercemarketing","/sponsored-products","/api/ecommercemarketing/sponsored-products","C:\Users\DIYA GOEL\Downloads\EBDESIGN\backend\src\routes\ecommerceMarketingRoutes.js","ecommerceMarketingRoutes","1660","84"
"POST","/api/ecommercemarketing","/create-promotion","/api/ecommercemarketing/create-promotion","C:\Users\DIYA GOEL\Downloads\EBDESIGN\backend\src\routes\ecommerceMarketingRoutes.js","ecommerceMarketingRoutes","1660","95"
"POST","/api/ecommercemarketing","/apply-promotion/:promoCode","/api/ecommercemarketing/apply-promotion/:promoCode","C:\Users\DIYA GOEL\Downloads\EBDESIGN\backend\src\routes\ecommerceMarketingRoutes.js","ecommerceMarketingRoutes","1660","102"
"POST","/api/ecommercemarketing","/retargeting-cart","/api/ecommercemarketing/retargeting-cart","C:\Users\DIYA GOEL\Downloads\EBDESIGN\backend\src\routes\ecommerceMarketingRoutes.js","ecommerceMarketingRoutes","1660","113"
"POST","/api/ecommercemarketing","/retargeting-product-view","/api/ecommercemarketing/retargeting-product-view","C:\Users\DIYA GOEL\Downloads\EBDESIGN\backend\src\routes\ecommerceMarketingRoutes.js","ecommerceMarketingRoutes","1660","120"
"GET","/api/ecommercemarketing","/analytics","/api/ecommercemarketing/analytics","C:\Users\DIYA GOEL\Downloads\EBDESIGN\backend\src\routes\ecommerceMarketingRoutes.js","ecommerceMarketingRoutes","1660","131"
"POST","/api/ecommerceintegration","/nutrition-score/:productId","/api/ecommerceintegration/nutrition-score/:productId","C:\Users\DIYA GOEL\Downloads\EBDESIGN\backend\src\routes\ecommerceIntegrationRoutes.js","ecommerceIntegrationRoutes","1661","46"
"GET","/api/ecommerceintegration","/nutrition-price/:productId","/api/ecommerceintegration/nutrition-price/:productId","C:\Users\DIYA GOEL\Downloads\EBDESIGN\backend\src\routes\ecommerceIntegrationRoutes.js","ecommerceIntegrationRoutes","1661","53"
"GET","/api/ecommerceintegration","/recipes/:productId","/api/ecommerceintegration/recipes/:productId","C:\Users\DIYA GOEL\Downloads\EBDESIGN\backend\src\routes\ecommerceIntegrationRoutes.js","ecommerceIntegrationRoutes","1661","64"
"GET","/api/ecommerceintegration","/recipe-products/:recipeId","/api/ecommerceintegration/recipe-products/:recipeId","C:\Users\DIYA GOEL\Downloads\EBDESIGN\backend\src\routes\ecommerceIntegrationRoutes.js","ecommerceIntegrationRoutes","1661","71"
"GET","/api/ecommerceintegration","/health-recommendations","/api/ecommerceintegration/health-recommendations","C:\Users\DIYA GOEL\Downloads\EBDESIGN\backend\src\routes\ecommerceIntegrationRoutes.js","ecommerceIntegrationRoutes","1661","82"
"GET","/api/ecommerceintegration","/compatibility/:productId","/api/ecommerceintegration/compatibility/:productId","C:\Users\DIYA GOEL\Downloads\EBDESIGN\backend\src\routes\ecommerceIntegrationRoutes.js","ecommerceIntegrationRoutes","1661","89"
"POST","/api/ecommerceintegration","/cart-nutrition","/api/ecommerceintegration/cart-nutrition","C:\Users\DIYA GOEL\Downloads\EBDESIGN\backend\src\routes\ecommerceIntegrationRoutes.js","ecommerceIntegrationRoutes","1661","100"
"POST","/api/ecommerceintegration","/cart-rda","/api/ecommerceintegration/cart-rda","C:\Users\DIYA GOEL\Downloads\EBDESIGN\backend\src\routes\ecommerceIntegrationRoutes.js","ecommerceIntegrationRoutes","1661","107"
"GET","/api/ecommerceintegration","/dietitian-collections","/api/ecommerceintegration/dietitian-collections","C:\Users\DIYA GOEL\Downloads\EBDESIGN\backend\src\routes\ecommerceIntegrationRoutes.js","ecommerceIntegrationRoutes","1661","118"
"GET","/api/ecommerceintegration","/dietitian-recommendation","/api/ecommerceintegration/dietitian-recommendation","C:\Users\DIYA GOEL\Downloads\EBDESIGN\backend\src\routes\ecommerceIntegrationRoutes.js","ecommerceIntegrationRoutes","1661","125"
"GET","/api/ecommerceerp","/health","/api/ecommerceerp/health","C:\Users\DIYA GOEL\Downloads\EBDESIGN\backend\src\routes\ecommerceERPRoutes.js","ecommerceERPRoutes","1662","34"
"POST","/api/ecommerceerp","/post-gl","/api/ecommerceerp/post-gl","C:\Users\DIYA GOEL\Downloads\EBDESIGN\backend\src\routes\ecommerceERPRoutes.js","ecommerceERPRoutes","1662","51"
"POST","/api/ecommerceerp","/generate-gst-invoice/:orderId","/api/ecommerceerp/generate-gst-invoice/:orderId","C:\Users\DIYA GOEL\Downloads\EBDESIGN\backend\src\routes\ecommerceERPRoutes.js","ecommerceERPRoutes","1662","58"
"POST","/api/ecommerceerp","/sync-inventory/:productId","/api/ecommerceerp/sync-inventory/:productId","C:\Users\DIYA GOEL\Downloads\EBDESIGN\backend\src\routes\ecommerceERPRoutes.js","ecommerceERPRoutes","1662","69"
"POST","/api/ecommerceerp","/create-purchase-order","/api/ecommerceerp/create-purchase-order","C:\Users\DIYA GOEL\Downloads\EBDESIGN\backend\src\routes\ecommerceERPRoutes.js","ecommerceERPRoutes","1662","76"
"POST","/api/ecommerceerp","/sync-customer/:userId","/api/ecommerceerp/sync-customer/:userId","C:\Users\DIYA GOEL\Downloads\EBDESIGN\backend\src\routes\ecommerceERPRoutes.js","ecommerceERPRoutes","1662","87"
"POST","/api/ecommerceerp","/create-production-order","/api/ecommerceerp/create-production-order","C:\Users\DIYA GOEL\Downloads\EBDESIGN\backend\src\routes\ecommerceERPRoutes.js","ecommerceERPRoutes","1662","98"
"GET","/api/ecommercebusinesssales","/health","/api/ecommercebusinesssales/health","C:\Users\DIYA GOEL\Downloads\EBDESIGN\backend\src\routes\ecommerceBusinessSalesRoutes.js","ecommerceBusinessSalesRoutes","1663","35"
"POST","/api/ecommercebusinesssales","/create-bulk-order","/api/ecommercebusinesssales/create-bulk-order","C:\Users\DIYA GOEL\Downloads\EBDESIGN\backend\src\routes\ecommerceBusinessSalesRoutes.js","ecommerceBusinessSalesRoutes","1663","52"
"POST","/api/ecommercebusinesssales","/submit-quotation","/api/ecommercebusinesssales/submit-quotation","C:\Users\DIYA GOEL\Downloads\EBDESIGN\backend\src\routes\ecommerceBusinessSalesRoutes.js","ecommerceBusinessSalesRoutes","1663","59"
"POST","/api/ecommercebusinesssales","/accept-quotation/:quotationId","/api/ecommercebusinesssales/accept-quotation/:quotationId","C:\Users\DIYA GOEL\Downloads\EBDESIGN\backend\src\routes\ecommerceBusinessSalesRoutes.js","ecommerceBusinessSalesRoutes","1663","66"
"POST","/api/ecommercebusinesssales","/create-contract-farming","/api/ecommercebusinesssales/create-contract-farming","C:\Users\DIYA GOEL\Downloads\EBDESIGN\backend\src\routes\ecommerceBusinessSalesRoutes.js","ecommerceBusinessSalesRoutes","1663","77"
"POST","/api/ecommercebusinesssales","/record-milestone","/api/ecommercebusinesssales/record-milestone","C:\Users\DIYA GOEL\Downloads\EBDESIGN\backend\src\routes\ecommerceBusinessSalesRoutes.js","ecommerceBusinessSalesRoutes","1663","84"
"GET","/api/ecommercebusinesssales","/sales-analytics","/api/ecommercebusinesssales/sales-analytics","C:\Users\DIYA GOEL\Downloads\EBDESIGN\backend\src\routes\ecommerceBusinessSalesRoutes.js","ecommerceBusinessSalesRoutes","1663","95"
"GET","/api/ecommercebusinesssales","/b2b-conversion-metrics","/api/ecommercebusinesssales/b2b-conversion-metrics","C:\Users\DIYA GOEL\Downloads\EBDESIGN\backend\src\routes\ecommerceBusinessSalesRoutes.js","ecommerceBusinessSalesRoutes","1663","102"
"POST","/api/ecommercebusinesssales","/calculate-commission/:orderId","/api/ecommercebusinesssales/calculate-commission/:orderId","C:\Users\DIYA GOEL\Downloads\EBDESIGN\backend\src\routes\ecommerceBusinessSalesRoutes.js","ecommerceBusinessSalesRoutes","1663","113"
"GET","/api/ecommerceai","/health","/api/ecommerceai/health","C:\Users\DIYA GOEL\Downloads\EBDESIGN\backend\src\routes\ecommerceAIRoutes.js","ecommerceAIRoutes","1664","37"
"POST","/api/ecommerceai","/segment-customers-rfm","/api/ecommerceai/segment-customers-rfm","C:\Users\DIYA GOEL\Downloads\EBDESIGN\backend\src\routes\ecommerceAIRoutes.js","ecommerceAIRoutes","1664","54"
"POST","/api/ecommerceai","/segment-customers-behavioral","/api/ecommerceai/segment-customers-behavioral","C:\Users\DIYA GOEL\Downloads\EBDESIGN\backend\src\routes\ecommerceAIRoutes.js","ecommerceAIRoutes","1664","61"
"POST","/api/ecommerceai","/forecast-demand/:productId","/api/ecommerceai/forecast-demand/:productId","C:\Users\DIYA GOEL\Downloads\EBDESIGN\backend\src\routes\ecommerceAIRoutes.js","ecommerceAIRoutes","1664","72"
"POST","/api/ecommerceai","/optimize-inventory/:productId","/api/ecommerceai/optimize-inventory/:productId","C:\Users\DIYA GOEL\Downloads\EBDESIGN\backend\src\routes\ecommerceAIRoutes.js","ecommerceAIRoutes","1664","83"
"GET","/api/ecommerceai","/recommendations/:userId","/api/ecommerceai/recommendations/:userId","C:\Users\DIYA GOEL\Downloads\EBDESIGN\backend\src\routes\ecommerceAIRoutes.js","ecommerceAIRoutes","1664","94"
"POST","/api/ecommerceai","/predict-sales","/api/ecommerceai/predict-sales","C:\Users\DIYA GOEL\Downloads\EBDESIGN\backend\src\routes\ecommerceAIRoutes.js","ecommerceAIRoutes","1664","105"
"GET","/api/ecommerceai","/clv/:userId","/api/ecommerceai/clv/:userId","C:\Users\DIYA GOEL\Downloads\EBDESIGN\backend\src\routes\ecommerceAIRoutes.js","ecommerceAIRoutes","1664","116"
"GET","/api/ecommerceai","/market-basket","/api/ecommerceai/market-basket","C:\Users\DIYA GOEL\Downloads\EBDESIGN\backend\src\routes\ecommerceAIRoutes.js","ecommerceAIRoutes","1664","127"
"GET","/api/dprgeneration","/health","/api/dprgeneration/health","C:\Users\DIYA GOEL\Downloads\EBDESIGN\backend\src\routes\dprGenerationRoutes.js","dprGenerationRoutes","1665","33"
"POST","/api/dprgeneration","/preview","/api/dprgeneration/preview","C:\Users\DIYA GOEL\Downloads\EBDESIGN\backend\src\routes\dprGenerationRoutes.js","dprGenerationRoutes","1665","40"
"POST","/api/dprgeneration","/","/api/dprgeneration/","C:\Users\DIYA GOEL\Downloads\EBDESIGN\backend\src\routes\dprGenerationRoutes.js","dprGenerationRoutes","1665","51"
"GET","/api/dprgeneration","/","/api/dprgeneration/","C:\Users\DIYA GOEL\Downloads\EBDESIGN\backend\src\routes\dprGenerationRoutes.js","dprGenerationRoutes","1665","64"
"GET","/api/dprgeneration","/:id","/api/dprgeneration/:id","C:\Users\DIYA GOEL\Downloads\EBDESIGN\backend\src\routes\dprGenerationRoutes.js","dprGenerationRoutes","1665","74"
"GET","/api/dprgeneration","/:id/pdf","/api/dprgeneration/:id/pdf","C:\Users\DIYA GOEL\Downloads\EBDESIGN\backend\src\routes\dprGenerationRoutes.js","dprGenerationRoutes","1665","83"
"POST","/api/digitaltwin","/","/api/digitaltwin/","C:\Users\DIYA GOEL\Downloads\EBDESIGN\backend\src\routes\digitalTwinRoutes.js","digitalTwinRoutes","1666","18"
"GET","/api/digitaltwin","/health","/api/digitaltwin/health","C:\Users\DIYA GOEL\Downloads\EBDESIGN\backend\src\routes\digitalTwinRoutes.js","digitalTwinRoutes","1666","30"
"POST","/api/diettherapy","/","/api/diettherapy/","C:\Users\DIYA GOEL\Downloads\EBDESIGN\backend\src\routes\dietTherapyRoutes.js","dietTherapyRoutes","1667","18"
"GET","/api/diettherapy","/health","/api/diettherapy/health","C:\Users\DIYA GOEL\Downloads\EBDESIGN\backend\src\routes\dietTherapyRoutes.js","dietTherapyRoutes","1667","30"
"GET","/api/demand","/health","/api/demand/health","C:\Users\DIYA GOEL\Downloads\EBDESIGN\backend\src\routes\demandRoutes.js","demandRoutes","1668","28"
"GET","/api/demand","/forecast","/api/demand/forecast","C:\Users\DIYA GOEL\Downloads\EBDESIGN\backend\src\routes\demandRoutes.js","demandRoutes","1668","37"
"GET","/api/demand","/heatmap","/api/demand/heatmap","C:\Users\DIYA GOEL\Downloads\EBDESIGN\backend\src\routes\demandRoutes.js","demandRoutes","1668","42"
"GET","/api/demand","/mandi-signal","/api/demand/mandi-signal","C:\Users\DIYA GOEL\Downloads\EBDESIGN\backend\src\routes\demandRoutes.js","demandRoutes","1668","47"
"GET","/api/defensefitnessprep","/categories","/api/defensefitnessprep/categories","C:\Users\DIYA GOEL\Downloads\EBDESIGN\backend\src\routes\defenseFitnessPrepRoutes.js","defenseFitnessPrepRoutes","1669","16"
"GET","/api/defensefitnessprep","/standards/:category","/api/defensefitnessprep/standards/:category","C:\Users\DIYA GOEL\Downloads\EBDESIGN\backend\src\routes\defenseFitnessPrepRoutes.js","defenseFitnessPrepRoutes","1669","17"
"POST","/api/defensefitnessprep","/attempts","/api/defensefitnessprep/attempts","C:\Users\DIYA GOEL\Downloads\EBDESIGN\backend\src\routes\defenseFitnessPrepRoutes.js","defenseFitnessPrepRoutes","1669","18"
"GET","/api/defensefitnessprep","/readiness/:category","/api/defensefitnessprep/readiness/:category","C:\Users\DIYA GOEL\Downloads\EBDESIGN\backend\src\routes\defenseFitnessPrepRoutes.js","defenseFitnessPrepRoutes","1669","19"
"POST","/api/decisionsupport","/corp-credit-eligible","/api/decisionsupport/corp-credit-eligible","C:\Users\DIYA GOEL\Downloads\EBDESIGN\backend\src\routes\decisionSupportRoutes.js","decisionSupportRoutes","1670","40"
"POST","/api/decisionsupport","/floor-benchmark","/api/decisionsupport/floor-benchmark","C:\Users\DIYA GOEL\Downloads\EBDESIGN\backend\src\routes\decisionSupportRoutes.js","decisionSupportRoutes","1670","62"
"POST","/api/decisionsupport","/eco-logistics-miles","/api/decisionsupport/eco-logistics-miles","C:\Users\DIYA GOEL\Downloads\EBDESIGN\backend\src\routes\decisionSupportRoutes.js","decisionSupportRoutes","1670","84"
"POST","/api/decisionsupport","/harvest-points","/api/decisionsupport/harvest-points","C:\Users\DIYA GOEL\Downloads\EBDESIGN\backend\src\routes\decisionSupportRoutes.js","decisionSupportRoutes","1670","106"
"POST","/api/decisionsupport","/alloc-score","/api/decisionsupport/alloc-score","C:\Users\DIYA GOEL\Downloads\EBDESIGN\backend\src\routes\decisionSupportRoutes.js","decisionSupportRoutes","1670","128"
"POST","/api/decisionsupport","/compost-plan","/api/decisionsupport/compost-plan","C:\Users\DIYA GOEL\Downloads\EBDESIGN\backend\src\routes\decisionSupportRoutes.js","decisionSupportRoutes","1670","150"
"GET","/api/decisionsupport","/scheme-expiry-status","/api/decisionsupport/scheme-expiry-status","C:\Users\DIYA GOEL\Downloads\EBDESIGN\backend\src\routes\decisionSupportRoutes.js","decisionSupportRoutes","1670","172"
"POST","/api/decisionsupport","/compliance-gaps","/api/decisionsupport/compliance-gaps","C:\Users\DIYA GOEL\Downloads\EBDESIGN\backend\src\routes\decisionSupportRoutes.js","decisionSupportRoutes","1670","185"
"GET","/api/decisionsupport","/health","/api/decisionsupport/health","C:\Users\DIYA GOEL\Downloads\EBDESIGN\backend\src\routes\decisionSupportRoutes.js","decisionSupportRoutes","1670","200"
"GET","/api/datavisualization","/health","/api/datavisualization/health","C:\Users\DIYA GOEL\Downloads\EBDESIGN\backend\src\routes\dataVisualization.js","dataVisualization","1671","12"
"POST","/api/dashboard","/","/api/dashboard/","C:\Users\DIYA GOEL\Downloads\EBDESIGN\backend\src\routes\dashboardRoutes.js","dashboardRoutes","1672","18"
"GET","/api/dashboard","/health","/api/dashboard/health","C:\Users\DIYA GOEL\Downloads\EBDESIGN\backend\src\routes\dashboardRoutes.js","dashboardRoutes","1672","30"
"POST","/api/dairy","/","/api/dairy/","C:\Users\DIYA GOEL\Downloads\EBDESIGN\backend\src\routes\dairyRoutes.js","dairyRoutes","1673","18"
"GET","/api/dairy","/health","/api/dairy/health","C:\Users\DIYA GOEL\Downloads\EBDESIGN\backend\src\routes\dairyRoutes.js","dairyRoutes","1673","30"
"POST","/api/cropvalueresearch","/","/api/cropvalueresearch/","C:\Users\DIYA GOEL\Downloads\EBDESIGN\backend\src\routes\cropValueResearchRoutes.js","cropValueResearchRoutes","1674","18"
"GET","/api/cropvalueresearch","/health","/api/cropvalueresearch/health","C:\Users\DIYA GOEL\Downloads\EBDESIGN\backend\src\routes\cropValueResearchRoutes.js","cropValueResearchRoutes","1674","30"
"POST","/api/croprecommendations","/recommendations/crops","/api/croprecommendations/recommendations/crops","C:\Users\DIYA GOEL\Downloads\EBDESIGN\backend\src\routes\cropRecommendations.js","cropRecommendations","1675","9"
"GET","/api/croprecommendations","/crops/:type/guidance","/api/croprecommendations/crops/:type/guidance","C:\Users\DIYA GOEL\Downloads\EBDESIGN\backend\src\routes\cropRecommendations.js","cropRecommendations","1675","17"
"GET","/api/croprecommendations","/crops/:type/market-outlook","/api/croprecommendations/crops/:type/market-outlook","C:\Users\DIYA GOEL\Downloads\EBDESIGN\backend\src\routes\cropRecommendations.js","cropRecommendations","1675","25"
"POST","/api/cropplanning","/","/api/cropplanning/","C:\Users\DIYA GOEL\Downloads\EBDESIGN\backend\src\routes\cropPlanningRoutes.js","cropPlanningRoutes","1676","18"
"GET","/api/cropplanning","/","/api/cropplanning/","C:\Users\DIYA GOEL\Downloads\EBDESIGN\backend\src\routes\cropPlanningRoutes.js","cropPlanningRoutes","1676","27"
"GET","/api/cropplanning","/recommend/:landRecordId","/api/cropplanning/recommend/:landRecordId","C:\Users\DIYA GOEL\Downloads\EBDESIGN\backend\src\routes\cropPlanningRoutes.js","cropPlanningRoutes","1676","36"
"GET","/api/cropplanning","/suitable-crops","/api/cropplanning/suitable-crops","C:\Users\DIYA GOEL\Downloads\EBDESIGN\backend\src\routes\cropPlanningRoutes.js","cropPlanningRoutes","1676","45"
"GET","/api/cropplanning","/market-demand","/api/cropplanning/market-demand","C:\Users\DIYA GOEL\Downloads\EBDESIGN\backend\src\routes\cropPlanningRoutes.js","cropPlanningRoutes","1676","55"
"GET","/api/cropplanning","/weather-forecast","/api/cropplanning/weather-forecast","C:\Users\DIYA GOEL\Downloads\EBDESIGN\backend\src\routes\cropPlanningRoutes.js","cropPlanningRoutes","1676","64"
"PATCH","/api/cropplanning","/:planId/status","/api/cropplanning/:planId/status","C:\Users\DIYA GOEL\Downloads\EBDESIGN\backend\src\routes\cropPlanningRoutes.js","cropPlanningRoutes","1676","74"
"GET","/api/cropplanning","/analytics","/api/cropplanning/analytics","C:\Users\DIYA GOEL\Downloads\EBDESIGN\backend\src\routes\cropPlanningRoutes.js","cropPlanningRoutes","1676","84"
"POST","/api/cropmanagement","/","/api/cropmanagement/","C:\Users\DIYA GOEL\Downloads\EBDESIGN\backend\src\routes\cropManagementRoutes.js","cropManagementRoutes","1677","18"
"GET","/api/cropmanagement","/health","/api/cropmanagement/health","C:\Users\DIYA GOEL\Downloads\EBDESIGN\backend\src\routes\cropManagementRoutes.js","cropManagementRoutes","1677","30"
"GET","/api/v1","/crop-monitoring","/api/v1/crop-monitoring","C:\Users\DIYA GOEL\Downloads\EBDESIGN\backend\src\routes\cropDomainRoutes.js","cropDomainRoutes","1678","33"
"POST","/api/v1","/crop-monitoring/monitor","/api/v1/crop-monitoring/monitor","C:\Users\DIYA GOEL\Downloads\EBDESIGN\backend\src\routes\cropDomainRoutes.js","cropDomainRoutes","1678","41"
"GET","/api/v1","/seed-planning/plans","/api/v1/seed-planning/plans","C:\Users\DIYA GOEL\Downloads\EBDESIGN\backend\src\routes\cropDomainRoutes.js","cropDomainRoutes","1678","54"
"POST","/api/v1","/seed-planning/plan","/api/v1/seed-planning/plan","C:\Users\DIYA GOEL\Downloads\EBDESIGN\backend\src\routes\cropDomainRoutes.js","cropDomainRoutes","1678","62"
"PUT","/api/v1","/seed-planning/plan/:id","/api/v1/seed-planning/plan/:id","C:\Users\DIYA GOEL\Downloads\EBDESIGN\backend\src\routes\cropDomainRoutes.js","cropDomainRoutes","1678","70"
"DELETE","/api/v1","/seed-planning/plan/:id","/api/v1/seed-planning/plan/:id","C:\Users\DIYA GOEL\Downloads\EBDESIGN\backend\src\routes\cropDomainRoutes.js","cropDomainRoutes","1678","79"
"GET","/api/v1","/nursery/nurseries","/api/v1/nursery/nurseries","C:\Users\DIYA GOEL\Downloads\EBDESIGN\backend\src\routes\cropDomainRoutes.js","cropDomainRoutes","1678","90"
"POST","/api/v1","/nursery/nursery","/api/v1/nursery/nursery","C:\Users\DIYA GOEL\Downloads\EBDESIGN\backend\src\routes\cropDomainRoutes.js","cropDomainRoutes","1678","98"
"PUT","/api/v1","/nursery/nursery/:id","/api/v1/nursery/nursery/:id","C:\Users\DIYA GOEL\Downloads\EBDESIGN\backend\src\routes\cropDomainRoutes.js","cropDomainRoutes","1678","106"
"DELETE","/api/v1","/nursery/nursery/:id","/api/v1/nursery/nursery/:id","C:\Users\DIYA GOEL\Downloads\EBDESIGN\backend\src\routes\cropDomainRoutes.js","cropDomainRoutes","1678","115"
"GET","/api/v1","/sowing/records","/api/v1/sowing/records","C:\Users\DIYA GOEL\Downloads\EBDESIGN\backend\src\routes\cropDomainRoutes.js","cropDomainRoutes","1678","126"
"POST","/api/v1","/sowing/record","/api/v1/sowing/record","C:\Users\DIYA GOEL\Downloads\EBDESIGN\backend\src\routes\cropDomainRoutes.js","cropDomainRoutes","1678","134"
"PUT","/api/v1","/sowing/record/:id","/api/v1/sowing/record/:id","C:\Users\DIYA GOEL\Downloads\EBDESIGN\backend\src\routes\cropDomainRoutes.js","cropDomainRoutes","1678","142"
"DELETE","/api/v1","/sowing/record/:id","/api/v1/sowing/record/:id","C:\Users\DIYA GOEL\Downloads\EBDESIGN\backend\src\routes\cropDomainRoutes.js","cropDomainRoutes","1678","151"
"GET","/api/v1/seed-vault","/health","/api/v1/seed-vault/health","C:\Users\DIYA GOEL\Downloads\EBDESIGN\backend\src\routes\seedVaultRoutes.js","seedVaultRoutesMerged","1679","35"
"GET","/api/v1/seed-vault","/","/api/v1/seed-vault/","C:\Users\DIYA GOEL\Downloads\EBDESIGN\backend\src\routes\seedVaultRoutes.js","seedVaultRoutesMerged","1679","56"
"GET","/api/v1/seed-vault","/categories","/api/v1/seed-vault/categories","C:\Users\DIYA GOEL\Downloads\EBDESIGN\backend\src\routes\seedVaultRoutes.js","seedVaultRoutesMerged","1679","65"
"POST","/api/v1/seed-vault","/","/api/v1/seed-vault/","C:\Users\DIYA GOEL\Downloads\EBDESIGN\backend\src\routes\seedVaultRoutes.js","seedVaultRoutesMerged","1679","74"
"PUT","/api/v1/seed-vault","/:seedId","/api/v1/seed-vault/:seedId","C:\Users\DIYA GOEL\Downloads\EBDESIGN\backend\src\routes\seedVaultRoutes.js","seedVaultRoutesMerged","1679","83"
"POST","/api/v1/seed-vault","/:seedId/record-usage","/api/v1/seed-vault/:seedId/record-usage","C:\Users\DIYA GOEL\Downloads\EBDESIGN\backend\src\routes\seedVaultRoutes.js","seedVaultRoutesMerged","1679","92"
"DELETE","/api/v1/seed-vault","/:seedId","/api/v1/seed-vault/:seedId","C:\Users\DIYA GOEL\Downloads\EBDESIGN\backend\src\routes\seedVaultRoutes.js","seedVaultRoutesMerged","1679","101"
"POST","/api/v1/financial-ai","/ai-enhanced/process-loan","/api/v1/financial-ai/ai-enhanced/process-loan","C:\Users\DIYA GOEL\Downloads\EBDESIGN\backend\src\routes\claude\financialAIRoutes.js","financialAIRoutes","1680","13"
"POST","/api/v1/financial-ai","/ai-enhanced/assess-credit","/api/v1/financial-ai/ai-enhanced/assess-credit","C:\Users\DIYA GOEL\Downloads\EBDESIGN\backend\src\routes\claude\financialAIRoutes.js","financialAIRoutes","1680","23"
"GET","/api/v1/financial-ai","/ai-capability","/api/v1/financial-ai/ai-capability","C:\Users\DIYA GOEL\Downloads\EBDESIGN\backend\src\routes\claude\financialAIRoutes.js","financialAIRoutes","1680","33"
"POST","/api/v1/financial-ai","/apply-loan","/api/v1/financial-ai/apply-loan","C:\Users\DIYA GOEL\Downloads\EBDESIGN\backend\src\routes\claude\financialAIRoutes.js","financialAIRoutes","1680","38"
"POST","/api/v1/insurance-ai","/","/api/v1/insurance-ai/","C:\Users\DIYA GOEL\Downloads\EBDESIGN\backend\src\routes\claude\insuranceAIRoutes.js","insuranceAIRoutes","1681","18"
"GET","/api/v1/insurance-ai","/health","/api/v1/insurance-ai/health","C:\Users\DIYA GOEL\Downloads\EBDESIGN\backend\src\routes\claude\insuranceAIRoutes.js","insuranceAIRoutes","1681","30"
"POST","/api/v1/logistics-ai","/","/api/v1/logistics-ai/","C:\Users\DIYA GOEL\Downloads\EBDESIGN\backend\src\routes\claude\logisticsAIRoutes.js","logisticsAIRoutes","1682","18"
"GET","/api/v1/logistics-ai","/health","/api/v1/logistics-ai/health","C:\Users\DIYA GOEL\Downloads\EBDESIGN\backend\src\routes\claude\logisticsAIRoutes.js","logisticsAIRoutes","1682","30"
"POST","/api/v1/order-ai","/","/api/v1/order-ai/","C:\Users\DIYA GOEL\Downloads\EBDESIGN\backend\src\routes\claude\orderAIRoutes.js","orderAIRoutes","1683","18"
"GET","/api/v1/order-ai","/health","/api/v1/order-ai/health","C:\Users\DIYA GOEL\Downloads\EBDESIGN\backend\src\routes\claude\orderAIRoutes.js","orderAIRoutes","1683","30"
"POST","/api/v1/product-ai","/","/api/v1/product-ai/","C:\Users\DIYA GOEL\Downloads\EBDESIGN\backend\src\routes\claude\productAIRoutes.js","productAIRoutes","1684","18"
"GET","/api/v1/product-ai","/health","/api/v1/product-ai/health","C:\Users\DIYA GOEL\Downloads\EBDESIGN\backend\src\routes\claude\productAIRoutes.js","productAIRoutes","1684","30"
"POST","/api/v1/ai-coordination","/","/api/v1/ai-coordination/","C:\Users\DIYA GOEL\Downloads\EBDESIGN\backend\src\routes\claude\aiCoordinationRoutes.js","aiCoordinationRoutes","1685","18"
"GET","/api/v1/ai-coordination","/health","/api/v1/ai-coordination/health","C:\Users\DIYA GOEL\Downloads\EBDESIGN\backend\src\routes\claude\aiCoordinationRoutes.js","aiCoordinationRoutes","1685","30"
"POST","/api/v1/ai-copilot","/ai-enhanced/generate-copilot-response","/api/v1/ai-copilot/ai-enhanced/generate-copilot-response","C:\Users\DIYA GOEL\Downloads\EBDESIGN\backend\src\routes\claude\aiCopilotRoutes.js","aiCopilotRoutes","1686","21"
"GET","/api/v1/ai-copilot","/ai-context/copilot","/api/v1/ai-copilot/ai-context/copilot","C:\Users\DIYA GOEL\Downloads\EBDESIGN\backend\src\routes\claude\aiCopilotRoutes.js","aiCopilotRoutes","1686","41"
"GET","/api/v1/ai-copilot","/ai-capability","/api/v1/ai-copilot/ai-capability","C:\Users\DIYA GOEL\Downloads\EBDESIGN\backend\src\routes\claude\aiCopilotRoutes.js","aiCopilotRoutes","1686","59"
"POST","/api/v1/ai-copilot","/generate-copilot-response","/api/v1/ai-copilot/generate-copilot-response","C:\Users\DIYA GOEL\Downloads\EBDESIGN\backend\src\routes\claude\aiCopilotRoutes.js","aiCopilotRoutes","1686","68"
"POST","/api/v1/ai-decision","/ai-enhanced/predict-demand","/api/v1/ai-decision/ai-enhanced/predict-demand","C:\Users\DIYA GOEL\Downloads\EBDESIGN\backend\src\routes\claude\aiDecisionRoutes.js","aiDecisionRoutes","1687","37"
"POST","/api/v1/ai-decision","/ai-enhanced/optimize-price","/api/v1/ai-decision/ai-enhanced/optimize-price","C:\Users\DIYA GOEL\Downloads\EBDESIGN\backend\src\routes\claude\aiDecisionRoutes.js","aiDecisionRoutes","1687","59"
"POST","/api/v1/ai-decision","/ai-enhanced/assess-credit-risk","/api/v1/ai-decision/ai-enhanced/assess-credit-risk","C:\Users\DIYA GOEL\Downloads\EBDESIGN\backend\src\routes\claude\aiDecisionRoutes.js","aiDecisionRoutes","1687","81"
"POST","/api/v1/ai-decision","/ai-enhanced/detect-fraud","/api/v1/ai-decision/ai-enhanced/detect-fraud","C:\Users\DIYA GOEL\Downloads\EBDESIGN\backend\src\routes\claude\aiDecisionRoutes.js","aiDecisionRoutes","1687","103"
"POST","/api/v1/ai-decision","/ai-enhanced/generate-recommendations","/api/v1/ai-decision/ai-enhanced/generate-recommendations","C:\Users\DIYA GOEL\Downloads\EBDESIGN\backend\src\routes\claude\aiDecisionRoutes.js","aiDecisionRoutes","1687","125"
"GET","/api/v1/ai-decision","/ai-context/predict-demand","/api/v1/ai-decision/ai-context/predict-demand","C:\Users\DIYA GOEL\Downloads\EBDESIGN\backend\src\routes\claude\aiDecisionRoutes.js","aiDecisionRoutes","1687","151"
"GET","/api/v1/ai-decision","/ai-context/optimize-price","/api/v1/ai-decision/ai-context/optimize-price","C:\Users\DIYA GOEL\Downloads\EBDESIGN\backend\src\routes\claude\aiDecisionRoutes.js","aiDecisionRoutes","1687","171"
"GET","/api/v1/ai-decision","/ai-context/assess-credit-risk","/api/v1/ai-decision/ai-context/assess-credit-risk","C:\Users\DIYA GOEL\Downloads\EBDESIGN\backend\src\routes\claude\aiDecisionRoutes.js","aiDecisionRoutes","1687","191"
"GET","/api/v1/ai-decision","/ai-context/detect-fraud","/api/v1/ai-decision/ai-context/detect-fraud","C:\Users\DIYA GOEL\Downloads\EBDESIGN\backend\src\routes\claude\aiDecisionRoutes.js","aiDecisionRoutes","1687","211"
"GET","/api/v1/ai-decision","/ai-context/generate-recommendations","/api/v1/ai-decision/ai-context/generate-recommendations","C:\Users\DIYA GOEL\Downloads\EBDESIGN\backend\src\routes\claude\aiDecisionRoutes.js","aiDecisionRoutes","1687","231"
"GET","/api/v1/ai-decision","/ai-capability","/api/v1/ai-decision/ai-capability","C:\Users\DIYA GOEL\Downloads\EBDESIGN\backend\src\routes\claude\aiDecisionRoutes.js","aiDecisionRoutes","1687","255"
"POST","/api/v1/ai-decision","/predict/demand","/api/v1/ai-decision/predict/demand","C:\Users\DIYA GOEL\Downloads\EBDESIGN\backend\src\routes\claude\aiDecisionRoutes.js","aiDecisionRoutes","1687","270"
"POST","/api/v1/ai-decision","/optimize/price","/api/v1/ai-decision/optimize/price","C:\Users\DIYA GOEL\Downloads\EBDESIGN\backend\src\routes\claude\aiDecisionRoutes.js","aiDecisionRoutes","1687","292"
"POST","/api/v1/ai-decision","/assess/credit-risk","/api/v1/ai-decision/assess/credit-risk","C:\Users\DIYA GOEL\Downloads\EBDESIGN\backend\src\routes\claude\aiDecisionRoutes.js","aiDecisionRoutes","1687","314"
"POST","/api/v1/ai-decision","/detect/fraud","/api/v1/ai-decision/detect/fraud","C:\Users\DIYA GOEL\Downloads\EBDESIGN\backend\src\routes\claude\aiDecisionRoutes.js","aiDecisionRoutes","1687","336"
"POST","/api/v1/ai-decision","/recommend","/api/v1/ai-decision/recommend","C:\Users\DIYA GOEL\Downloads\EBDESIGN\backend\src\routes\claude\aiDecisionRoutes.js","aiDecisionRoutes","1687","358"
"POST","/api/v1/ai-provider","/","/api/v1/ai-provider/","C:\Users\DIYA GOEL\Downloads\EBDESIGN\backend\src\routes\claude\aiProviderRoutes.js","aiProviderRoutes","1688","18"
"GET","/api/v1/ai-provider","/health","/api/v1/ai-provider/health","C:\Users\DIYA GOEL\Downloads\EBDESIGN\backend\src\routes\claude\aiProviderRoutes.js","aiProviderRoutes","1688","30"
"POST","/api/v1/ai-strategy","/ai-enhanced/generate-strategy","/api/v1/ai-strategy/ai-enhanced/generate-strategy","C:\Users\DIYA GOEL\Downloads\EBDESIGN\backend\src\routes\claude\aiStrategyRoutes.js","aiStrategyRoutes","1689","21"
"GET","/api/v1/ai-strategy","/ai-context/generate-strategy","/api/v1/ai-strategy/ai-context/generate-strategy","C:\Users\DIYA GOEL\Downloads\EBDESIGN\backend\src\routes\claude\aiStrategyRoutes.js","aiStrategyRoutes","1689","41"
"GET","/api/v1/ai-strategy","/ai-capability","/api/v1/ai-strategy/ai-capability","C:\Users\DIYA GOEL\Downloads\EBDESIGN\backend\src\routes\claude\aiStrategyRoutes.js","aiStrategyRoutes","1689","59"
"POST","/api/v1/ai-strategy","/generate-strategy","/api/v1/ai-strategy/generate-strategy","C:\Users\DIYA GOEL\Downloads\EBDESIGN\backend\src\routes\claude\aiStrategyRoutes.js","aiStrategyRoutes","1689","68"
"GET","/api/v1","/cattle-registry/animals","/api/v1/cattle-registry/animals","C:\Users\DIYA GOEL\Downloads\EBDESIGN\backend\src\routes\livestockDomainRoutes.js","livestockDomainRoutes","1690","26"
"POST","/api/v1","/cattle-registry/animal","/api/v1/cattle-registry/animal","C:\Users\DIYA GOEL\Downloads\EBDESIGN\backend\src\routes\livestockDomainRoutes.js","livestockDomainRoutes","1690","34"
"PUT","/api/v1","/cattle-registry/animal/:id","/api/v1/cattle-registry/animal/:id","C:\Users\DIYA GOEL\Downloads\EBDESIGN\backend\src\routes\livestockDomainRoutes.js","livestockDomainRoutes","1690","42"
"DELETE","/api/v1","/cattle-registry/animal/:id","/api/v1/cattle-registry/animal/:id","C:\Users\DIYA GOEL\Downloads\EBDESIGN\backend\src\routes\livestockDomainRoutes.js","livestockDomainRoutes","1690","51"
"GET","/api/v1","/feed-management/records","/api/v1/feed-management/records","C:\Users\DIYA GOEL\Downloads\EBDESIGN\backend\src\routes\livestockDomainRoutes.js","livestockDomainRoutes","1690","62"
"POST","/api/v1","/feed-management/record","/api/v1/feed-management/record","C:\Users\DIYA GOEL\Downloads\EBDESIGN\backend\src\routes\livestockDomainRoutes.js","livestockDomainRoutes","1690","70"
"PUT","/api/v1","/feed-management/record/:id","/api/v1/feed-management/record/:id","C:\Users\DIYA GOEL\Downloads\EBDESIGN\backend\src\routes\livestockDomainRoutes.js","livestockDomainRoutes","1690","78"
"DELETE","/api/v1","/feed-management/record/:id","/api/v1/feed-management/record/:id","C:\Users\DIYA GOEL\Downloads\EBDESIGN\backend\src\routes\livestockDomainRoutes.js","livestockDomainRoutes","1690","87"
"GET","/api/v1","/livestock-analytics/records","/api/v1/livestock-analytics/records","C:\Users\DIYA GOEL\Downloads\EBDESIGN\backend\src\routes\livestockDomainRoutes.js","livestockDomainRoutes","1690","98"
"POST","/api/v1","/livestock-analytics/record","/api/v1/livestock-analytics/record","C:\Users\DIYA GOEL\Downloads\EBDESIGN\backend\src\routes\livestockDomainRoutes.js","livestockDomainRoutes","1690","106"
"PUT","/api/v1","/livestock-analytics/record/:id","/api/v1/livestock-analytics/record/:id","C:\Users\DIYA GOEL\Downloads\EBDESIGN\backend\src\routes\livestockDomainRoutes.js","livestockDomainRoutes","1690","114"
"DELETE","/api/v1","/livestock-analytics/record/:id","/api/v1/livestock-analytics/record/:id","C:\Users\DIYA GOEL\Downloads\EBDESIGN\backend\src\routes\livestockDomainRoutes.js","livestockDomainRoutes","1690","123"
"GET","/api/v1","/dairy/animals","/api/v1/dairy/animals","C:\Users\DIYA GOEL\Downloads\EBDESIGN\backend\src\routes\dairyDomainRoutes.js","dairyDomainRoutes","1692","27"
"POST","/api/v1","/dairy/animal","/api/v1/dairy/animal","C:\Users\DIYA GOEL\Downloads\EBDESIGN\backend\src\routes\dairyDomainRoutes.js","dairyDomainRoutes","1692","35"
"PUT","/api/v1","/dairy/animal/:id","/api/v1/dairy/animal/:id","C:\Users\DIYA GOEL\Downloads\EBDESIGN\backend\src\routes\dairyDomainRoutes.js","dairyDomainRoutes","1692","43"
"DELETE","/api/v1","/dairy/animal/:id","/api/v1/dairy/animal/:id","C:\Users\DIYA GOEL\Downloads\EBDESIGN\backend\src\routes\dairyDomainRoutes.js","dairyDomainRoutes","1692","51"
"GET","/api/v1","/dairy/milk-records","/api/v1/dairy/milk-records","C:\Users\DIYA GOEL\Downloads\EBDESIGN\backend\src\routes\dairyDomainRoutes.js","dairyDomainRoutes","1692","60"
"POST","/api/v1","/dairy/milk-record","/api/v1/dairy/milk-record","C:\Users\DIYA GOEL\Downloads\EBDESIGN\backend\src\routes\dairyDomainRoutes.js","dairyDomainRoutes","1692","68"
"POST","/api/v1","/dairy-ai/optimize-milk-production/:animalId","/api/v1/dairy-ai/optimize-milk-production/:animalId","C:\Users\DIYA GOEL\Downloads\EBDESIGN\backend\src\routes\dairyDomainRoutes.js","dairyDomainRoutes","1692","77"
"POST","/api/v1","/dairy-ai/predict-health-risks/:animalId","/api/v1/dairy-ai/predict-health-risks/:animalId","C:\Users\DIYA GOEL\Downloads\EBDESIGN\backend\src\routes\dairyDomainRoutes.js","dairyDomainRoutes","1692","85"
"POST","/api/v1","/dairy-ai/optimize-feed-composition/:animalId","/api/v1/dairy-ai/optimize-feed-composition/:animalId","C:\Users\DIYA GOEL\Downloads\EBDESIGN\backend\src\routes\dairyDomainRoutes.js","dairyDomainRoutes","1692","93"
"POST","/api/v1","/dairy-ai/recommend-breeding/:animalId","/api/v1/dairy-ai/recommend-breeding/:animalId","C:\Users\DIYA GOEL\Downloads\EBDESIGN\backend\src\routes\dairyDomainRoutes.js","dairyDomainRoutes","1692","101"
"GET","/api/v1","/fertilizer-inventory/items","/api/v1/fertilizer-inventory/items","C:\Users\DIYA GOEL\Downloads\EBDESIGN\backend\src\routes\fertilizerDomainRoutes.js","fertilizerDomainRoutes","1693","25"
"POST","/api/v1","/fertilizer-inventory/item","/api/v1/fertilizer-inventory/item","C:\Users\DIYA GOEL\Downloads\EBDESIGN\backend\src\routes\fertilizerDomainRoutes.js","fertilizerDomainRoutes","1693","33"
"PUT","/api/v1","/fertilizer-inventory/item/:id","/api/v1/fertilizer-inventory/item/:id","C:\Users\DIYA GOEL\Downloads\EBDESIGN\backend\src\routes\fertilizerDomainRoutes.js","fertilizerDomainRoutes","1693","41"
"DELETE","/api/v1","/fertilizer-inventory/item/:id","/api/v1/fertilizer-inventory/item/:id","C:\Users\DIYA GOEL\Downloads\EBDESIGN\backend\src\routes\fertilizerDomainRoutes.js","fertilizerDomainRoutes","1693","49"
"POST","/api/v1","/fertilizer-inventory/item/:id/issue","/api/v1/fertilizer-inventory/item/:id/issue","C:\Users\DIYA GOEL\Downloads\EBDESIGN\backend\src\routes\fertilizerDomainRoutes.js","fertilizerDomainRoutes","1693","57"
"GET","/api/v1","/organization-management/all-organizations","/api/v1/organization-management/all-organizations","C:\Users\DIYA GOEL\Downloads\EBDESIGN\backend\src\routes\organizationDomainRoutes.js","organizationDomainRoutes","1696","25"
"POST","/api/v1","/organization-management/organization","/api/v1/organization-management/organization","C:\Users\DIYA GOEL\Downloads\EBDESIGN\backend\src\routes\organizationDomainRoutes.js","organizationDomainRoutes","1696","34"
"DELETE","/api/v1","/organization-management/organization/:id","/api/v1/organization-management/organization/:id","C:\Users\DIYA GOEL\Downloads\EBDESIGN\backend\src\routes\organizationDomainRoutes.js","organizationDomainRoutes","1696","43"
"POST","/api/v1","/accounting/journals","/api/v1/accounting/journals","C:\Users\DIYA GOEL\Downloads\EBDESIGN\backend\src\routes\comprehensiveERPDomainRoutes.js","comprehensiveERPDomainRoutes","1698","31"
"GET","/api/v1","/accounting/journals/:id","/api/v1/accounting/journals/:id","C:\Users\DIYA GOEL\Downloads\EBDESIGN\backend\src\routes\comprehensiveERPDomainRoutes.js","comprehensiveERPDomainRoutes","1698","35"
"POST","/api/v1","/accounting/journals/:id/post","/api/v1/accounting/journals/:id/post","C:\Users\DIYA GOEL\Downloads\EBDESIGN\backend\src\routes\comprehensiveERPDomainRoutes.js","comprehensiveERPDomainRoutes","1698","39"
"POST","/api/v1","/accounting/journals/:id/reverse","/api/v1/accounting/journals/:id/reverse","C:\Users\DIYA GOEL\Downloads\EBDESIGN\backend\src\routes\comprehensiveERPDomainRoutes.js","comprehensiveERPDomainRoutes","1698","43"
"PUT","/api/v1","/accounting/periods/:id/status","/api/v1/accounting/periods/:id/status","C:\Users\DIYA GOEL\Downloads\EBDESIGN\backend\src\routes\comprehensiveERPDomainRoutes.js","comprehensiveERPDomainRoutes","1698","47"
"GET","/api/v1","/accounting/statements","/api/v1/accounting/statements","C:\Users\DIYA GOEL\Downloads\EBDESIGN\backend\src\routes\comprehensiveERPDomainRoutes.js","comprehensiveERPDomainRoutes","1698","51"
"GET","/api/v1","/research-development/rd-projects","/api/v1/research-development/rd-projects","C:\Users\DIYA GOEL\Downloads\EBDESIGN\backend\src\routes\researchAndDevelopmentDomainRoutes.js","researchAndDevelopmentDomainRoutes","1699","29"
"POST","/api/v1","/research-development/rd-project","/api/v1/research-development/rd-project","C:\Users\DIYA GOEL\Downloads\EBDESIGN\backend\src\routes\researchAndDevelopmentDomainRoutes.js","researchAndDevelopmentDomainRoutes","1699","30"
"GET","/api/v1","/research-development/rd-project/:projectId","/api/v1/research-development/rd-project/:projectId","C:\Users\DIYA GOEL\Downloads\EBDESIGN\backend\src\routes\researchAndDevelopmentDomainRoutes.js","researchAndDevelopmentDomainRoutes","1699","31"
"PUT","/api/v1","/research-development/rd-project/:projectId","/api/v1/research-development/rd-project/:projectId","C:\Users\DIYA GOEL\Downloads\EBDESIGN\backend\src\routes\researchAndDevelopmentDomainRoutes.js","researchAndDevelopmentDomainRoutes","1699","32"
"DELETE","/api/v1","/research-development/rd-project/:projectId","/api/v1/research-development/rd-project/:projectId","C:\Users\DIYA GOEL\Downloads\EBDESIGN\backend\src\routes\researchAndDevelopmentDomainRoutes.js","researchAndDevelopmentDomainRoutes","1699","33"
"POST","/api/v1","/research-development/rd-project/:projectId/milestone","/api/v1/research-development/rd-project/:projectId/milestone","C:\Users\DIYA GOEL\Downloads\EBDESIGN\backend\src\routes\researchAndDevelopmentDomainRoutes.js","researchAndDevelopmentDomainRoutes","1699","35"
"PUT","/api/v1","/research-development/rd-project/:projectId/milestone/:milestoneId","/api/v1/research-development/rd-project/:projectId/milestone/:milestoneId","C:\Users\DIYA GOEL\Downloads\EBDESIGN\backend\src\routes\researchAndDevelopmentDomainRoutes.js","researchAndDevelopmentDomainRoutes","1699","36"
"GET","/api/v1","/research-development/collaborations","/api/v1/research-development/collaborations","C:\Users\DIYA GOEL\Downloads\EBDESIGN\backend\src\routes\researchAndDevelopmentDomainRoutes.js","researchAndDevelopmentDomainRoutes","1699","38"
"POST","/api/v1","/research-development/collaboration","/api/v1/research-development/collaboration","C:\Users\DIYA GOEL\Downloads\EBDESIGN\backend\src\routes\researchAndDevelopmentDomainRoutes.js","researchAndDevelopmentDomainRoutes","1699","39"
"GET","/api/v1","/research-development/innovations","/api/v1/research-development/innovations","C:\Users\DIYA GOEL\Downloads\EBDESIGN\backend\src\routes\researchAndDevelopmentDomainRoutes.js","researchAndDevelopmentDomainRoutes","1699","41"
"POST","/api/v1","/research-development/innovation","/api/v1/research-development/innovation","C:\Users\DIYA GOEL\Downloads\EBDESIGN\backend\src\routes\researchAndDevelopmentDomainRoutes.js","researchAndDevelopmentDomainRoutes","1699","42"
"GET","/api/v1","/research-development/patents","/api/v1/research-development/patents","C:\Users\DIYA GOEL\Downloads\EBDESIGN\backend\src\routes\researchAndDevelopmentDomainRoutes.js","researchAndDevelopmentDomainRoutes","1699","44"
"POST","/api/v1","/research-development/patent","/api/v1/research-development/patent","C:\Users\DIYA GOEL\Downloads\EBDESIGN\backend\src\routes\researchAndDevelopmentDomainRoutes.js","researchAndDevelopmentDomainRoutes","1699","45"
"GET","/api/v1","/research-development/funding-opportunities","/api/v1/research-development/funding-opportunities","C:\Users\DIYA GOEL\Downloads\EBDESIGN\backend\src\routes\researchAndDevelopmentDomainRoutes.js","researchAndDevelopmentDomainRoutes","1699","47"
"POST","/api/v1","/research-development/funding-opportunity","/api/v1/research-development/funding-opportunity","C:\Users\DIYA GOEL\Downloads\EBDESIGN\backend\src\routes\researchAndDevelopmentDomainRoutes.js","researchAndDevelopmentDomainRoutes","1699","48"
"POST","/api/v1","/research-development/funding-opportunity/:fundingId/apply","/api/v1/research-development/funding-opportunity/:fundingId/apply","C:\Users\DIYA GOEL\Downloads\EBDESIGN\backend\src\routes\researchAndDevelopmentDomainRoutes.js","researchAndDevelopmentDomainRoutes","1699","49"
"GET","/api/v1","/research-development/publications","/api/v1/research-development/publications","C:\Users\DIYA GOEL\Downloads\EBDESIGN\backend\src\routes\researchAndDevelopmentDomainRoutes.js","researchAndDevelopmentDomainRoutes","1699","51"
"POST","/api/v1","/research-development/publication","/api/v1/research-development/publication","C:\Users\DIYA GOEL\Downloads\EBDESIGN\backend\src\routes\researchAndDevelopmentDomainRoutes.js","researchAndDevelopmentDomainRoutes","1699","52"
"POST","/api/v1","/research-development/knowledge","/api/v1/research-development/knowledge","C:\Users\DIYA GOEL\Downloads\EBDESIGN\backend\src\routes\researchAndDevelopmentDomainRoutes.js","researchAndDevelopmentDomainRoutes","1699","54"
"GET","/api/v1","/research-development/knowledge/search","/api/v1/research-development/knowledge/search","C:\Users\DIYA GOEL\Downloads\EBDESIGN\backend\src\routes\researchAndDevelopmentDomainRoutes.js","researchAndDevelopmentDomainRoutes","1699","55"
"GET","/api/v1","/research-development/analytics","/api/v1/research-development/analytics","C:\Users\DIYA GOEL\Downloads\EBDESIGN\backend\src\routes\researchAndDevelopmentDomainRoutes.js","researchAndDevelopmentDomainRoutes","1699","57"
"GET","/api/v1","/research-development/health","/api/v1/research-development/health","C:\Users\DIYA GOEL\Downloads\EBDESIGN\backend\src\routes\researchAndDevelopmentDomainRoutes.js","researchAndDevelopmentDomainRoutes","1699","58"
"POST","/api/v1","/research-development/ai-assistance","/api/v1/research-development/ai-assistance","C:\Users\DIYA GOEL\Downloads\EBDESIGN\backend\src\routes\researchAndDevelopmentDomainRoutes.js","researchAndDevelopmentDomainRoutes","1699","60"
"POST","/api/v1/artificial-scientist","/hypotheses","/api/v1/artificial-scientist/hypotheses","C:\Users\DIYA GOEL\Downloads\EBDESIGN\backend\src\routes\artificialScientistRoutes.js","artificialScientistRoutes","1700","19"
"GET","/api/v1/artificial-scientist","/hypotheses/:id","/api/v1/artificial-scientist/hypotheses/:id","C:\Users\DIYA GOEL\Downloads\EBDESIGN\backend\src\routes\artificialScientistRoutes.js","artificialScientistRoutes","1700","20"
"POST","/api/v1/artificial-scientist","/hypotheses/:id/review","/api/v1/artificial-scientist/hypotheses/:id/review","C:\Users\DIYA GOEL\Downloads\EBDESIGN\backend\src\routes\artificialScientistRoutes.js","artificialScientistRoutes","1700","21"
"POST","/api/v1/artificial-scientist","/experiments","/api/v1/artificial-scientist/experiments","C:\Users\DIYA GOEL\Downloads\EBDESIGN\backend\src\routes\artificialScientistRoutes.js","artificialScientistRoutes","1700","22"
"GET","/api/v1/artificial-scientist","/experiments/:id","/api/v1/artificial-scientist/experiments/:id","C:\Users\DIYA GOEL\Downloads\EBDESIGN\backend\src\routes\artificialScientistRoutes.js","artificialScientistRoutes","1700","23"
"POST","/api/v1/artificial-scientist","/experiments/:id/protocols","/api/v1/artificial-scientist/experiments/:id/protocols","C:\Users\DIYA GOEL\Downloads\EBDESIGN\backend\src\routes\artificialScientistRoutes.js","artificialScientistRoutes","1700","24"
"GET","/api/v1/artificial-scientist","/protocols/:id","/api/v1/artificial-scientist/protocols/:id","C:\Users\DIYA GOEL\Downloads\EBDESIGN\backend\src\routes\artificialScientistRoutes.js","artificialScientistRoutes","1700","25"
"POST","/api/v1/artificial-scientist","/protocols/:id/review","/api/v1/artificial-scientist/protocols/:id/review","C:\Users\DIYA GOEL\Downloads\EBDESIGN\backend\src\routes\artificialScientistRoutes.js","artificialScientistRoutes","1700","26"
"POST","/api/v1/artificial-scientist","/experiments/:id/transition","/api/v1/artificial-scientist/experiments/:id/transition","C:\Users\DIYA GOEL\Downloads\EBDESIGN\backend\src\routes\artificialScientistRoutes.js","artificialScientistRoutes","1700","27"
"POST","/api/v1/artificial-scientist","/experiments/:id/runs","/api/v1/artificial-scientist/experiments/:id/runs","C:\Users\DIYA GOEL\Downloads\EBDESIGN\backend\src\routes\artificialScientistRoutes.js","artificialScientistRoutes","1700","28"
"GET","/api/v1/artificial-scientist","/runs/:id","/api/v1/artificial-scientist/runs/:id","C:\Users\DIYA GOEL\Downloads\EBDESIGN\backend\src\routes\artificialScientistRoutes.js","artificialScientistRoutes","1700","29"
"POST","/api/v1/artificial-scientist","/runs/:id/transition","/api/v1/artificial-scientist/runs/:id/transition","C:\Users\DIYA GOEL\Downloads\EBDESIGN\backend\src\routes\artificialScientistRoutes.js","artificialScientistRoutes","1700","30"
"POST","/api/v1/artificial-scientist","/artifacts","/api/v1/artificial-scientist/artifacts","C:\Users\DIYA GOEL\Downloads\EBDESIGN\backend\src\routes\artificialScientistRoutes.js","artificialScientistRoutes","1700","31"
"POST","/api/v1/artificial-scientist","/:entityType/:id/reviews","/api/v1/artificial-scientist/:entityType/:id/reviews","C:\Users\DIYA GOEL\Downloads\EBDESIGN\backend\src\routes\artificialScientistRoutes.js","artificialScientistRoutes","1700","32"
"POST","/api/v1/artificial-scientist","/ai-assistance","/api/v1/artificial-scientist/ai-assistance","C:\Users\DIYA GOEL\Downloads\EBDESIGN\backend\src\routes\artificialScientistRoutes.js","artificialScientistRoutes","1700","33"
"GET","/api/v1","/sap-module-architecture/overview","/api/v1/sap-module-architecture/overview","C:\Users\DIYA GOEL\Downloads\EBDESIGN\backend\src\routes\sapModuleArchitectureDomainRoutes.js","sapModuleArchitectureDomainRoutes","1701","31"
"GET","/api/v1","/sap-module-architecture/dependency-graph","/api/v1/sap-module-architecture/dependency-graph","C:\Users\DIYA GOEL\Downloads\EBDESIGN\backend\src\routes\sapModuleArchitectureDomainRoutes.js","sapModuleArchitectureDomainRoutes","1701","32"
"GET","/api/v1","/sap-module-architecture/modules","/api/v1/sap-module-architecture/modules","C:\Users\DIYA GOEL\Downloads\EBDESIGN\backend\src\routes\sapModuleArchitectureDomainRoutes.js","sapModuleArchitectureDomainRoutes","1701","33"
"GET","/api/v1","/sap-module-architecture/modules/by-type/:type","/api/v1/sap-module-architecture/modules/by-type/:type","C:\Users\DIYA GOEL\Downloads\EBDESIGN\backend\src\routes\sapModuleArchitectureDomainRoutes.js","sapModuleArchitectureDomainRoutes","1701","34"
"POST","/api/v1","/sap-module-architecture/module","/api/v1/sap-module-architecture/module","C:\Users\DIYA GOEL\Downloads\EBDESIGN\backend\src\routes\sapModuleArchitectureDomainRoutes.js","sapModuleArchitectureDomainRoutes","1701","35"
"GET","/api/v1","/sap-module-architecture/module/:id","/api/v1/sap-module-architecture/module/:id","C:\Users\DIYA GOEL\Downloads\EBDESIGN\backend\src\routes\sapModuleArchitectureDomainRoutes.js","sapModuleArchitectureDomainRoutes","1701","36"
"PUT","/api/v1","/sap-module-architecture/module/:id","/api/v1/sap-module-architecture/module/:id","C:\Users\DIYA GOEL\Downloads\EBDESIGN\backend\src\routes\sapModuleArchitectureDomainRoutes.js","sapModuleArchitectureDomainRoutes","1701","37"
"DELETE","/api/v1","/sap-module-architecture/module/:id","/api/v1/sap-module-architecture/module/:id","C:\Users\DIYA GOEL\Downloads\EBDESIGN\backend\src\routes\sapModuleArchitectureDomainRoutes.js","sapModuleArchitectureDomainRoutes","1701","38"
"POST","/api/v1","/sap-module-architecture/module/:id/transition","/api/v1/sap-module-architecture/module/:id/transition","C:\Users\DIYA GOEL\Downloads\EBDESIGN\backend\src\routes\sapModuleArchitectureDomainRoutes.js","sapModuleArchitectureDomainRoutes","1701","39"
"GET","/api/v1","/sap-module-architecture/module/:id/dependencies","/api/v1/sap-module-architecture/module/:id/dependencies","C:\Users\DIYA GOEL\Downloads\EBDESIGN\backend\src\routes\sapModuleArchitectureDomainRoutes.js","sapModuleArchitectureDomainRoutes","1701","40"
"GET","/api/v1","/sap-module-architecture/module/:id/resolve-dependencies","/api/v1/sap-module-architecture/module/:id/resolve-dependencies","C:\Users\DIYA GOEL\Downloads\EBDESIGN\backend\src\routes\sapModuleArchitectureDomainRoutes.js","sapModuleArchitectureDomainRoutes","1701","41"
"GET","/api/v1","/sap-module-architecture/module/:id/configuration","/api/v1/sap-module-architecture/module/:id/configuration","C:\Users\DIYA GOEL\Downloads\EBDESIGN\backend\src\routes\sapModuleArchitectureDomainRoutes.js","sapModuleArchitectureDomainRoutes","1701","42"
"PUT","/api/v1","/sap-module-architecture/module/:id/configuration","/api/v1/sap-module-architecture/module/:id/configuration","C:\Users\DIYA GOEL\Downloads\EBDESIGN\backend\src\routes\sapModuleArchitectureDomainRoutes.js","sapModuleArchitectureDomainRoutes","1701","43"
"GET","/api/v1","/sap-module-architecture/module/:id/version","/api/v1/sap-module-architecture/module/:id/version","C:\Users\DIYA GOEL\Downloads\EBDESIGN\backend\src\routes\sapModuleArchitectureDomainRoutes.js","sapModuleArchitectureDomainRoutes","1701","44"
"PUT","/api/v1","/sap-module-architecture/module/:id/version","/api/v1/sap-module-architecture/module/:id/version","C:\Users\DIYA GOEL\Downloads\EBDESIGN\backend\src\routes\sapModuleArchitectureDomainRoutes.js","sapModuleArchitectureDomainRoutes","1701","45"
"GET","/api/v1","/sap-module-architecture/module/:id/compatibility","/api/v1/sap-module-architecture/module/:id/compatibility","C:\Users\DIYA GOEL\Downloads\EBDESIGN\backend\src\routes\sapModuleArchitectureDomainRoutes.js","sapModuleArchitectureDomainRoutes","1701","46"
"GET","/api/v1","/sap-module-architecture/module/:id/mta-descriptor","/api/v1/sap-module-architecture/module/:id/mta-descriptor","C:\Users\DIYA GOEL\Downloads\EBDESIGN\backend\src\routes\sapModuleArchitectureDomainRoutes.js","sapModuleArchitectureDomainRoutes","1701","47"
"GET","/api/v1","/sap-module-architecture/module/:id/lifecycle","/api/v1/sap-module-architecture/module/:id/lifecycle","C:\Users\DIYA GOEL\Downloads\EBDESIGN\backend\src\routes\sapModuleArchitectureDomainRoutes.js","sapModuleArchitectureDomainRoutes","1701","48"
"GET","/api/v1","/sap-module-architecture/health","/api/v1/sap-module-architecture/health","C:\Users\DIYA GOEL\Downloads\EBDESIGN\backend\src\routes\sapModuleArchitectureDomainRoutes.js","sapModuleArchitectureDomainRoutes","1701","49"
"GET","/api/v1","/animal-health/examinations","/api/v1/animal-health/examinations","C:\Users\DIYA GOEL\Downloads\EBDESIGN\backend\src\routes\animalHealthDomainRoutes.js","animalHealthDomainRoutes","1702","28"
"POST","/api/v1","/animal-health/examination","/api/v1/animal-health/examination","C:\Users\DIYA GOEL\Downloads\EBDESIGN\backend\src\routes\animalHealthDomainRoutes.js","animalHealthDomainRoutes","1702","29"
"PUT","/api/v1","/animal-health/examination/:id","/api/v1/animal-health/examination/:id","C:\Users\DIYA GOEL\Downloads\EBDESIGN\backend\src\routes\animalHealthDomainRoutes.js","animalHealthDomainRoutes","1702","30"
"DELETE","/api/v1","/animal-health/examination/:id","/api/v1/animal-health/examination/:id","C:\Users\DIYA GOEL\Downloads\EBDESIGN\backend\src\routes\animalHealthDomainRoutes.js","animalHealthDomainRoutes","1702","31"
"GET","/api/v1","/animal-health/treatments","/api/v1/animal-health/treatments","C:\Users\DIYA GOEL\Downloads\EBDESIGN\backend\src\routes\animalHealthDomainRoutes.js","animalHealthDomainRoutes","1702","33"
"POST","/api/v1","/animal-health/treatment","/api/v1/animal-health/treatment","C:\Users\DIYA GOEL\Downloads\EBDESIGN\backend\src\routes\animalHealthDomainRoutes.js","animalHealthDomainRoutes","1702","34"
"PUT","/api/v1","/animal-health/treatment/:id","/api/v1/animal-health/treatment/:id","C:\Users\DIYA GOEL\Downloads\EBDESIGN\backend\src\routes\animalHealthDomainRoutes.js","animalHealthDomainRoutes","1702","35"
"DELETE","/api/v1","/animal-health/treatment/:id","/api/v1/animal-health/treatment/:id","C:\Users\DIYA GOEL\Downloads\EBDESIGN\backend\src\routes\animalHealthDomainRoutes.js","animalHealthDomainRoutes","1702","36"
"GET","/api/v1","/animal-health/outbreaks","/api/v1/animal-health/outbreaks","C:\Users\DIYA GOEL\Downloads\EBDESIGN\backend\src\routes\animalHealthDomainRoutes.js","animalHealthDomainRoutes","1702","38"
"POST","/api/v1","/animal-health/outbreak","/api/v1/animal-health/outbreak","C:\Users\DIYA GOEL\Downloads\EBDESIGN\backend\src\routes\animalHealthDomainRoutes.js","animalHealthDomainRoutes","1702","39"
"PUT","/api/v1","/animal-health/outbreak/:id","/api/v1/animal-health/outbreak/:id","C:\Users\DIYA GOEL\Downloads\EBDESIGN\backend\src\routes\animalHealthDomainRoutes.js","animalHealthDomainRoutes","1702","40"
"DELETE","/api/v1","/animal-health/outbreak/:id","/api/v1/animal-health/outbreak/:id","C:\Users\DIYA GOEL\Downloads\EBDESIGN\backend\src\routes\animalHealthDomainRoutes.js","animalHealthDomainRoutes","1702","41"
"GET","/api/v1","/animal-health/outbreaks/active","/api/v1/animal-health/outbreaks/active","C:\Users\DIYA GOEL\Downloads\EBDESIGN\backend\src\routes\animalHealthDomainRoutes.js","animalHealthDomainRoutes","1702","42"
"GET","/api/v1","/animal-health/quarantines","/api/v1/animal-health/quarantines","C:\Users\DIYA GOEL\Downloads\EBDESIGN\backend\src\routes\animalHealthDomainRoutes.js","animalHealthDomainRoutes","1702","44"
"POST","/api/v1","/animal-health/quarantine","/api/v1/animal-health/quarantine","C:\Users\DIYA GOEL\Downloads\EBDESIGN\backend\src\routes\animalHealthDomainRoutes.js","animalHealthDomainRoutes","1702","45"
"PUT","/api/v1","/animal-health/quarantine/:id","/api/v1/animal-health/quarantine/:id","C:\Users\DIYA GOEL\Downloads\EBDESIGN\backend\src\routes\animalHealthDomainRoutes.js","animalHealthDomainRoutes","1702","46"
"DELETE","/api/v1","/animal-health/quarantine/:id","/api/v1/animal-health/quarantine/:id","C:\Users\DIYA GOEL\Downloads\EBDESIGN\backend\src\routes\animalHealthDomainRoutes.js","animalHealthDomainRoutes","1702","47"
"GET","/api/v1","/animal-health/quarantines/active","/api/v1/animal-health/quarantines/active","C:\Users\DIYA GOEL\Downloads\EBDESIGN\backend\src\routes\animalHealthDomainRoutes.js","animalHealthDomainRoutes","1702","48"
"GET","/api/v1","/animal-health/overview","/api/v1/animal-health/overview","C:\Users\DIYA GOEL\Downloads\EBDESIGN\backend\src\routes\animalHealthDomainRoutes.js","animalHealthDomainRoutes","1702","50"
"POST","/api/v1","/complete-ai-integration/recommend-crop-planning/:farmerId","/api/v1/complete-ai-integration/recommend-crop-planning/:farmerId","C:\Users\DIYA GOEL\Downloads\EBDESIGN\backend\src\routes\completeAIIntegrationDomainRoutes.js","completeAIIntegrationDomainRoutes","1703","31"
"POST","/api/v1","/complete-ai-integration/predict-harvest-timing/:farmerId","/api/v1/complete-ai-integration/predict-harvest-timing/:farmerId","C:\Users\DIYA GOEL\Downloads\EBDESIGN\backend\src\routes\completeAIIntegrationDomainRoutes.js","completeAIIntegrationDomainRoutes","1703","32"
"POST","/api/v1","/complete-ai-integration/optimize-farmer-resources/:farmerId","/api/v1/complete-ai-integration/optimize-farmer-resources/:farmerId","C:\Users\DIYA GOEL\Downloads\EBDESIGN\backend\src\routes\completeAIIntegrationDomainRoutes.js","completeAIIntegrationDomainRoutes","1703","33"
"POST","/api/v1","/complete-ai-integration/detect-crop-disease/:cropId","/api/v1/complete-ai-integration/detect-crop-disease/:cropId","C:\Users\DIYA GOEL\Downloads\EBDESIGN\backend\src\routes\completeAIIntegrationDomainRoutes.js","completeAIIntegrationDomainRoutes","1703","34"
"POST","/api/v1","/complete-ai-integration/predict-crop-yield/:cropId","/api/v1/complete-ai-integration/predict-crop-yield/:cropId","C:\Users\DIYA GOEL\Downloads\EBDESIGN\backend\src\routes\completeAIIntegrationDomainRoutes.js","completeAIIntegrationDomainRoutes","1703","35"
"POST","/api/v1","/complete-ai-integration/monitor-livestock-health/:livestockId","/api/v1/complete-ai-integration/monitor-livestock-health/:livestockId","C:\Users\DIYA GOEL\Downloads\EBDESIGN\backend\src\routes\completeAIIntegrationDomainRoutes.js","completeAIIntegrationDomainRoutes","1703","36"
"POST","/api/v1","/complete-ai-integration/recommend-livestock-breeding/:livestockId","/api/v1/complete-ai-integration/recommend-livestock-breeding/:livestockId","C:\Users\DIYA GOEL\Downloads\EBDESIGN\backend\src\routes\completeAIIntegrationDomainRoutes.js","completeAIIntegrationDomainRoutes","1703","37"
"POST","/api/v1","/complete-ai-integration/optimize-dairy-production/:dairyId","/api/v1/complete-ai-integration/optimize-dairy-production/:dairyId","C:\Users\DIYA GOEL\Downloads\EBDESIGN\backend\src\routes\completeAIIntegrationDomainRoutes.js","completeAIIntegrationDomainRoutes","1703","38"
"POST","/api/v1","/complete-ai-integration/monitor-poultry-health/:poultryId","/api/v1/complete-ai-integration/monitor-poultry-health/:poultryId","C:\Users\DIYA GOEL\Downloads\EBDESIGN\backend\src\routes\completeAIIntegrationDomainRoutes.js","completeAIIntegrationDomainRoutes","1703","39"
"POST","/api/v1","/complete-ai-integration/optimize-goat-production/:goatId","/api/v1/complete-ai-integration/optimize-goat-production/:goatId","C:\Users\DIYA GOEL\Downloads\EBDESIGN\backend\src\routes\completeAIIntegrationDomainRoutes.js","completeAIIntegrationDomainRoutes","1703","40"
"POST","/api/v1","/complete-ai-integration/optimize-sheep-production/:sheepId","/api/v1/complete-ai-integration/optimize-sheep-production/:sheepId","C:\Users\DIYA GOEL\Downloads\EBDESIGN\backend\src\routes\completeAIIntegrationDomainRoutes.js","completeAIIntegrationDomainRoutes","1703","41"
"POST","/api/v1","/complete-ai-integration/optimize-pig-production/:pigId","/api/v1/complete-ai-integration/optimize-pig-production/:pigId","C:\Users\DIYA GOEL\Downloads\EBDESIGN\backend\src\routes\completeAIIntegrationDomainRoutes.js","completeAIIntegrationDomainRoutes","1703","42"
"POST","/api/v1","/complete-erp-integration/sync-farmer-crop-planning/:farmerId","/api/v1/complete-erp-integration/sync-farmer-crop-planning/:farmerId","C:\Users\DIYA GOEL\Downloads\EBDESIGN\backend\src\routes\completeERPIntegrationDomainRoutes.js","completeERPIntegrationDomainRoutes","1704","32"
"POST","/api/v1","/complete-erp-integration/sync-farmer-harvest/:farmerId","/api/v1/complete-erp-integration/sync-farmer-harvest/:farmerId","C:\Users\DIYA GOEL\Downloads\EBDESIGN\backend\src\routes\completeERPIntegrationDomainRoutes.js","completeERPIntegrationDomainRoutes","1704","33"
"POST","/api/v1","/complete-erp-integration/sync-farmer-field/:farmerId","/api/v1/complete-erp-integration/sync-farmer-field/:farmerId","C:\Users\DIYA GOEL\Downloads\EBDESIGN\backend\src\routes\completeERPIntegrationDomainRoutes.js","completeERPIntegrationDomainRoutes","1704","34"
"POST","/api/v1","/complete-erp-integration/sync-crop-lifecycle/:cropId","/api/v1/complete-erp-integration/sync-crop-lifecycle/:cropId","C:\Users\DIYA GOEL\Downloads\EBDESIGN\backend\src\routes\completeERPIntegrationDomainRoutes.js","completeERPIntegrationDomainRoutes","1704","35"
"POST","/api/v1","/complete-erp-integration/sync-crop-yield/:cropId","/api/v1/complete-erp-integration/sync-crop-yield/:cropId","C:\Users\DIYA GOEL\Downloads\EBDESIGN\backend\src\routes\completeERPIntegrationDomainRoutes.js","completeERPIntegrationDomainRoutes","1704","36"
"POST","/api/v1","/complete-erp-integration/sync-livestock/:livestockId","/api/v1/complete-erp-integration/sync-livestock/:livestockId","C:\Users\DIYA GOEL\Downloads\EBDESIGN\backend\src\routes\completeERPIntegrationDomainRoutes.js","completeERPIntegrationDomainRoutes","1704","37"
"POST","/api/v1","/complete-erp-integration/sync-livestock-production/:livestockId","/api/v1/complete-erp-integration/sync-livestock-production/:livestockId","C:\Users\DIYA GOEL\Downloads\EBDESIGN\backend\src\routes\completeERPIntegrationDomainRoutes.js","completeERPIntegrationDomainRoutes","1704","38"
"POST","/api/v1","/complete-erp-integration/sync-livestock-health/:livestockId","/api/v1/complete-erp-integration/sync-livestock-health/:livestockId","C:\Users\DIYA GOEL\Downloads\EBDESIGN\backend\src\routes\completeERPIntegrationDomainRoutes.js","completeERPIntegrationDomainRoutes","1704","39"
"POST","/api/v1","/complete-erp-integration/sync-dairy-production/:dairyId","/api/v1/complete-erp-integration/sync-dairy-production/:dairyId","C:\Users\DIYA GOEL\Downloads\EBDESIGN\backend\src\routes\completeERPIntegrationDomainRoutes.js","completeERPIntegrationDomainRoutes","1704","40"
"POST","/api/v1","/complete-erp-integration/sync-poultry-production/:poultryId","/api/v1/complete-erp-integration/sync-poultry-production/:poultryId","C:\Users\DIYA GOEL\Downloads\EBDESIGN\backend\src\routes\completeERPIntegrationDomainRoutes.js","completeERPIntegrationDomainRoutes","1704","41"
"POST","/api/v1","/complete-erp-integration/sync-goat-production/:goatId","/api/v1/complete-erp-integration/sync-goat-production/:goatId","C:\Users\DIYA GOEL\Downloads\EBDESIGN\backend\src\routes\completeERPIntegrationDomainRoutes.js","completeERPIntegrationDomainRoutes","1704","42"
"POST","/api/v1","/complete-erp-integration/sync-sheep-production/:sheepId","/api/v1/complete-erp-integration/sync-sheep-production/:sheepId","C:\Users\DIYA GOEL\Downloads\EBDESIGN\backend\src\routes\completeERPIntegrationDomainRoutes.js","completeERPIntegrationDomainRoutes","1704","43"
"POST","/api/v1","/complete-erp-integration/sync-pig-production/:pigId","/api/v1/complete-erp-integration/sync-pig-production/:pigId","C:\Users\DIYA GOEL\Downloads\EBDESIGN\backend\src\routes\completeERPIntegrationDomainRoutes.js","completeERPIntegrationDomainRoutes","1704","44"
"GET","/api/v1","/ai-operation-intelligence/metrics","/api/v1/ai-operation-intelligence/metrics","C:\Users\DIYA GOEL\Downloads\EBDESIGN\backend\src\routes\aiOperationIntelligenceDomainRoutes.js","aiOperationIntelligenceDomainRoutes","1705","38"
"GET","/api/v1","/ai-operation-intelligence/strategies","/api/v1/ai-operation-intelligence/strategies","C:\Users\DIYA GOEL\Downloads\EBDESIGN\backend\src\routes\aiOperationIntelligenceDomainRoutes.js","aiOperationIntelligenceDomainRoutes","1705","39"
"GET","/api/v1","/ai-operation-intelligence/resource-allocation","/api/v1/ai-operation-intelligence/resource-allocation","C:\Users\DIYA GOEL\Downloads\EBDESIGN\backend\src\routes\aiOperationIntelligenceDomainRoutes.js","aiOperationIntelligenceDomainRoutes","1705","40"
"GET","/api/v1","/ai-operation-intelligence/operation-history","/api/v1/ai-operation-intelligence/operation-history","C:\Users\DIYA GOEL\Downloads\EBDESIGN\backend\src\routes\aiOperationIntelligenceDomainRoutes.js","aiOperationIntelligenceDomainRoutes","1705","41"
"POST","/api/v1","/ai-operation-intelligence/strategy","/api/v1/ai-operation-intelligence/strategy","C:\Users\DIYA GOEL\Downloads\EBDESIGN\backend\src\routes\aiOperationIntelligenceDomainRoutes.js","aiOperationIntelligenceDomainRoutes","1705","42"
"GET","/api/v1","/ai-operation-intelligence/continuous-improvement","/api/v1/ai-operation-intelligence/continuous-improvement","C:\Users\DIYA GOEL\Downloads\EBDESIGN\backend\src\routes\aiOperationIntelligenceDomainRoutes.js","aiOperationIntelligenceDomainRoutes","1705","43"
"GET","/api/v1","/ai-operation-intelligence/health","/api/v1/ai-operation-intelligence/health","C:\Users\DIYA GOEL\Downloads\EBDESIGN\backend\src\routes\aiOperationIntelligenceDomainRoutes.js","aiOperationIntelligenceDomainRoutes","1705","44"
"POST","/api/v1","/ai-operation-intelligence/analyze-performance","/api/v1/ai-operation-intelligence/analyze-performance","C:\Users\DIYA GOEL\Downloads\EBDESIGN\backend\src\routes\aiOperationIntelligenceDomainRoutes.js","aiOperationIntelligenceDomainRoutes","1705","45"
"POST","/api/v1","/ai-operation-intelligence/execute-optimizations","/api/v1/ai-operation-intelligence/execute-optimizations","C:\Users\DIYA GOEL\Downloads\EBDESIGN\backend\src\routes\aiOperationIntelligenceDomainRoutes.js","aiOperationIntelligenceDomainRoutes","1705","46"
"POST","/api/v1","/ai-operation-intelligence/recommend-optimizations","/api/v1/ai-operation-intelligence/recommend-optimizations","C:\Users\DIYA GOEL\Downloads\EBDESIGN\backend\src\routes\aiOperationIntelligenceDomainRoutes.js","aiOperationIntelligenceDomainRoutes","1705","47"
"GET","/api/v1","/ai-operation-intelligence/detect-anomalies","/api/v1/ai-operation-intelligence/detect-anomalies","C:\Users\DIYA GOEL\Downloads\EBDESIGN\backend\src\routes\aiOperationIntelligenceDomainRoutes.js","aiOperationIntelligenceDomainRoutes","1705","48"
"POST","/api/v1","/ai-operation-intelligence/run-optimization-cycle","/api/v1/ai-operation-intelligence/run-optimization-cycle","C:\Users\DIYA GOEL\Downloads\EBDESIGN\backend\src\routes\aiOperationIntelligenceDomainRoutes.js","aiOperationIntelligenceDomainRoutes","1705","49"
"GET","/api/v1","/ai-operation-intelligence/predict-optimization","/api/v1/ai-operation-intelligence/predict-optimization","C:\Users\DIYA GOEL\Downloads\EBDESIGN\backend\src\routes\aiOperationIntelligenceDomainRoutes.js","aiOperationIntelligenceDomainRoutes","1705","50"
"GET","/api/v1","/ai-self-healing/health-metrics","/api/v1/ai-self-healing/health-metrics","C:\Users\DIYA GOEL\Downloads\EBDESIGN\backend\src\routes\aiSelfHealingDomainRoutes.js","aiSelfHealingDomainRoutes","1706","39"
"GET","/api/v1","/ai-self-healing/health","/api/v1/ai-self-healing/health","C:\Users\DIYA GOEL\Downloads\EBDESIGN\backend\src\routes\aiSelfHealingDomainRoutes.js","aiSelfHealingDomainRoutes","1706","40"
"GET","/api/v1","/ai-self-healing/system-state","/api/v1/ai-self-healing/system-state","C:\Users\DIYA GOEL\Downloads\EBDESIGN\backend\src\routes\aiSelfHealingDomainRoutes.js","aiSelfHealingDomainRoutes","1706","41"
"GET","/api/v1","/ai-self-healing/predict-failures","/api/v1/ai-self-healing/predict-failures","C:\Users\DIYA GOEL\Downloads\EBDESIGN\backend\src\routes\aiSelfHealingDomainRoutes.js","aiSelfHealingDomainRoutes","1706","42"
"POST","/api/v1","/ai-self-healing/detect-error","/api/v1/ai-self-healing/detect-error","C:\Users\DIYA GOEL\Downloads\EBDESIGN\backend\src\routes\aiSelfHealingDomainRoutes.js","aiSelfHealingDomainRoutes","1706","43"
"POST","/api/v1","/ai-self-healing/root-cause-analysis","/api/v1/ai-self-healing/root-cause-analysis","C:\Users\DIYA GOEL\Downloads\EBDESIGN\backend\src\routes\aiSelfHealingDomainRoutes.js","aiSelfHealingDomainRoutes","1706","44"
"GET","/api/v1","/ai-self-healing/healing-history","/api/v1/ai-self-healing/healing-history","C:\Users\DIYA GOEL\Downloads\EBDESIGN\backend\src\routes\aiSelfHealingDomainRoutes.js","aiSelfHealingDomainRoutes","1706","45"
"POST","/api/v1","/ai-self-healing/error-pattern","/api/v1/ai-self-healing/error-pattern","C:\Users\DIYA GOEL\Downloads\EBDESIGN\backend\src\routes\aiSelfHealingDomainRoutes.js","aiSelfHealingDomainRoutes","1706","46"
"POST","/api/v1","/ai-self-healing/recovery-strategy","/api/v1/ai-self-healing/recovery-strategy","C:\Users\DIYA GOEL\Downloads\EBDESIGN\backend\src\routes\aiSelfHealingDomainRoutes.js","aiSelfHealingDomainRoutes","1706","47"
"POST","/api/v1","/ai-self-healing/execute-recovery","/api/v1/ai-self-healing/execute-recovery","C:\Users\DIYA GOEL\Downloads\EBDESIGN\backend\src\routes\aiSelfHealingDomainRoutes.js","aiSelfHealingDomainRoutes","1706","48"
"POST","/api/v1","/cold-storage/facility","/api/v1/cold-storage/facility","C:\Users\DIYA GOEL\Downloads\EBDESIGN\backend\src\routes\coldStorageDomainRoutes.js","coldStorageDomainRoutes","1707","32"
"GET","/api/v1","/cold-storage/facilities","/api/v1/cold-storage/facilities","C:\Users\DIYA GOEL\Downloads\EBDESIGN\backend\src\routes\coldStorageDomainRoutes.js","coldStorageDomainRoutes","1707","33"
"GET","/api/v1","/cold-storage/facility/:facilityId","/api/v1/cold-storage/facility/:facilityId","C:\Users\DIYA GOEL\Downloads\EBDESIGN\backend\src\routes\coldStorageDomainRoutes.js","coldStorageDomainRoutes","1707","34"
"PUT","/api/v1","/cold-storage/facility/:facilityId","/api/v1/cold-storage/facility/:facilityId","C:\Users\DIYA GOEL\Downloads\EBDESIGN\backend\src\routes\coldStorageDomainRoutes.js","coldStorageDomainRoutes","1707","35"
"POST","/api/v1","/cold-storage/booking","/api/v1/cold-storage/booking","C:\Users\DIYA GOEL\Downloads\EBDESIGN\backend\src\routes\coldStorageDomainRoutes.js","coldStorageDomainRoutes","1707","37"
"GET","/api/v1","/cold-storage/bookings","/api/v1/cold-storage/bookings","C:\Users\DIYA GOEL\Downloads\EBDESIGN\backend\src\routes\coldStorageDomainRoutes.js","coldStorageDomainRoutes","1707","38"
"PUT","/api/v1","/cold-storage/booking/:bookingId/status","/api/v1/cold-storage/booking/:bookingId/status","C:\Users\DIYA GOEL\Downloads\EBDESIGN\backend\src\routes\coldStorageDomainRoutes.js","coldStorageDomainRoutes","1707","39"
"POST","/api/v1","/cold-storage/facility/:facilityId/book","/api/v1/cold-storage/facility/:facilityId/book","C:\Users\DIYA GOEL\Downloads\EBDESIGN\backend\src\routes\coldStorageDomainRoutes.js","coldStorageDomainRoutes","1707","40"
"GET","/api/v1","/cold-storage/utilization","/api/v1/cold-storage/utilization","C:\Users\DIYA GOEL\Downloads\EBDESIGN\backend\src\routes\coldStorageDomainRoutes.js","coldStorageDomainRoutes","1707","42"
"GET","/api/v1","/cold-storage/compliance-status/:facilityId","/api/v1/cold-storage/compliance-status/:facilityId","C:\Users\DIYA GOEL\Downloads\EBDESIGN\backend\src\routes\coldStorageDomainRoutes.js","coldStorageDomainRoutes","1707","43"
"GET","/api/v1","/cold-storage/status","/api/v1/cold-storage/status","C:\Users\DIYA GOEL\Downloads\EBDESIGN\backend\src\routes\coldStorageDomainRoutes.js","coldStorageDomainRoutes","1707","44"
"GET","/api/v1","/cold-storage/temperature/:facilityId","/api/v1/cold-storage/temperature/:facilityId","C:\Users\DIYA GOEL\Downloads\EBDESIGN\backend\src\routes\coldStorageDomainRoutes.js","coldStorageDomainRoutes","1707","45"
"POST","/api/v1","/cost-control/cost-center","/api/v1/cost-control/cost-center","C:\Users\DIYA GOEL\Downloads\EBDESIGN\backend\src\routes\costControlDomainRoutes.js","costControlDomainRoutes","1708","28"
"GET","/api/v1","/cost-control/cost-centers/:companyId","/api/v1/cost-control/cost-centers/:companyId","C:\Users\DIYA GOEL\Downloads\EBDESIGN\backend\src\routes\costControlDomainRoutes.js","costControlDomainRoutes","1708","29"
"GET","/api/v1","/cost-control/cost-center/:costCenterId","/api/v1/cost-control/cost-center/:costCenterId","C:\Users\DIYA GOEL\Downloads\EBDESIGN\backend\src\routes\costControlDomainRoutes.js","costControlDomainRoutes","1708","30"
"GET","/api/v1","/cost-control/cost-center/:costCenterId/actuals","/api/v1/cost-control/cost-center/:costCenterId/actuals","C:\Users\DIYA GOEL\Downloads\EBDESIGN\backend\src\routes\costControlDomainRoutes.js","costControlDomainRoutes","1708","31"
"POST","/api/v1","/cost-control/profit-center","/api/v1/cost-control/profit-center","C:\Users\DIYA GOEL\Downloads\EBDESIGN\backend\src\routes\costControlDomainRoutes.js","costControlDomainRoutes","1708","33"
"GET","/api/v1","/cost-control/profit-centers/:companyId","/api/v1/cost-control/profit-centers/:companyId","C:\Users\DIYA GOEL\Downloads\EBDESIGN\backend\src\routes\costControlDomainRoutes.js","costControlDomainRoutes","1708","34"
"POST","/api/v1","/cost-control/budget","/api/v1/cost-control/budget","C:\Users\DIYA GOEL\Downloads\EBDESIGN\backend\src\routes\costControlDomainRoutes.js","costControlDomainRoutes","1708","36"
"GET","/api/v1","/cost-control/budgets/:companyId","/api/v1/cost-control/budgets/:companyId","C:\Users\DIYA GOEL\Downloads\EBDESIGN\backend\src\routes\costControlDomainRoutes.js","costControlDomainRoutes","1708","37"
"GET","/api/v1","/cost-control/budget/:budgetId","/api/v1/cost-control/budget/:budgetId","C:\Users\DIYA GOEL\Downloads\EBDESIGN\backend\src\routes\costControlDomainRoutes.js","costControlDomainRoutes","1708","38"
"POST","/api/v1","/cost-control/budget/:budgetId/submit","/api/v1/cost-control/budget/:budgetId/submit","C:\Users\DIYA GOEL\Downloads\EBDESIGN\backend\src\routes\costControlDomainRoutes.js","costControlDomainRoutes","1708","39"
"POST","/api/v1","/cost-control/budget/:budgetId/approve","/api/v1/cost-control/budget/:budgetId/approve","C:\Users\DIYA GOEL\Downloads\EBDESIGN\backend\src\routes\costControlDomainRoutes.js","costControlDomainRoutes","1708","40"
"POST","/api/v1","/cost-control/budget/:budgetId/line","/api/v1/cost-control/budget/:budgetId/line","C:\Users\DIYA GOEL\Downloads\EBDESIGN\backend\src\routes\costControlDomainRoutes.js","costControlDomainRoutes","1708","41"
"GET","/api/v1","/cost-control/budget/:budgetId/lines","/api/v1/cost-control/budget/:budgetId/lines","C:\Users\DIYA GOEL\Downloads\EBDESIGN\backend\src\routes\costControlDomainRoutes.js","costControlDomainRoutes","1708","42"
"GET","/api/v1","/cost-control/budget/:budgetId/vs-actual","/api/v1/cost-control/budget/:budgetId/vs-actual","C:\Users\DIYA GOEL\Downloads\EBDESIGN\backend\src\routes\costControlDomainRoutes.js","costControlDomainRoutes","1708","43"
"GET","/api/v1","/cost-control/budget/:budgetId/cost-reduction-recommendations","/api/v1/cost-control/budget/:budgetId/cost-reduction-recommendations","C:\Users\DIYA GOEL\Downloads\EBDESIGN\backend\src\routes\costControlDomainRoutes.js","costControlDomainRoutes","1708","44"
"GET","/api/v1","/sheep/flock","/api/v1/sheep/flock","C:\Users\DIYA GOEL\Downloads\EBDESIGN\backend\src\routes\sheepDomainRoutes.js","sheepDomainRoutes","1709","26"
"POST","/api/v1","/sheep/animal","/api/v1/sheep/animal","C:\Users\DIYA GOEL\Downloads\EBDESIGN\backend\src\routes\sheepDomainRoutes.js","sheepDomainRoutes","1709","27"
"PUT","/api/v1","/sheep/animal/:id","/api/v1/sheep/animal/:id","C:\Users\DIYA GOEL\Downloads\EBDESIGN\backend\src\routes\sheepDomainRoutes.js","sheepDomainRoutes","1709","28"
"DELETE","/api/v1","/sheep/animal/:id","/api/v1/sheep/animal/:id","C:\Users\DIYA GOEL\Downloads\EBDESIGN\backend\src\routes\sheepDomainRoutes.js","sheepDomainRoutes","1709","29"
"GET","/api/v1","/sheep/wool-production","/api/v1/sheep/wool-production","C:\Users\DIYA GOEL\Downloads\EBDESIGN\backend\src\routes\sheepDomainRoutes.js","sheepDomainRoutes","1709","31"
"POST","/api/v1","/sheep/wool-production","/api/v1/sheep/wool-production","C:\Users\DIYA GOEL\Downloads\EBDESIGN\backend\src\routes\sheepDomainRoutes.js","sheepDomainRoutes","1709","32"
"GET","/api/v1","/sheep/feed-consumption","/api/v1/sheep/feed-consumption","C:\Users\DIYA GOEL\Downloads\EBDESIGN\backend\src\routes\sheepDomainRoutes.js","sheepDomainRoutes","1709","34"
"POST","/api/v1","/sheep/feed-consumption","/api/v1/sheep/feed-consumption","C:\Users\DIYA GOEL\Downloads\EBDESIGN\backend\src\routes\sheepDomainRoutes.js","sheepDomainRoutes","1709","35"
"GET","/api/v1","/sheep/breeding-records","/api/v1/sheep/breeding-records","C:\Users\DIYA GOEL\Downloads\EBDESIGN\backend\src\routes\sheepDomainRoutes.js","sheepDomainRoutes","1709","37"
"POST","/api/v1","/sheep/breeding-records","/api/v1/sheep/breeding-records","C:\Users\DIYA GOEL\Downloads\EBDESIGN\backend\src\routes\sheepDomainRoutes.js","sheepDomainRoutes","1709","38"
"PUT","/api/v1","/sheep/lambing-outcome/:id","/api/v1/sheep/lambing-outcome/:id","C:\Users\DIYA GOEL\Downloads\EBDESIGN\backend\src\routes\sheepDomainRoutes.js","sheepDomainRoutes","1709","39"
"GET","/api/v1","/sheep/vaccination-records","/api/v1/sheep/vaccination-records","C:\Users\DIYA GOEL\Downloads\EBDESIGN\backend\src\routes\sheepDomainRoutes.js","sheepDomainRoutes","1709","41"
"POST","/api/v1","/sheep/vaccination-records","/api/v1/sheep/vaccination-records","C:\Users\DIYA GOEL\Downloads\EBDESIGN\backend\src\routes\sheepDomainRoutes.js","sheepDomainRoutes","1709","42"
"GET","/api/v1","/sheep/flock-performance","/api/v1/sheep/flock-performance","C:\Users\DIYA GOEL\Downloads\EBDESIGN\backend\src\routes\sheepDomainRoutes.js","sheepDomainRoutes","1709","44"
"GET","/api/v1","/sheep/breeding-alerts","/api/v1/sheep/breeding-alerts","C:\Users\DIYA GOEL\Downloads\EBDESIGN\backend\src\routes\sheepDomainRoutes.js","sheepDomainRoutes","1709","45"
"GET","/api/v1","/sheep/vaccination-alerts","/api/v1/sheep/vaccination-alerts","C:\Users\DIYA GOEL\Downloads\EBDESIGN\backend\src\routes\sheepDomainRoutes.js","sheepDomainRoutes","1709","46"
"GET","/api/v1","/sheep/shearing-alerts","/api/v1/sheep/shearing-alerts","C:\Users\DIYA GOEL\Downloads\EBDESIGN\backend\src\routes\sheepDomainRoutes.js","sheepDomainRoutes","1709","47"
"GET","/api/v1","/ai-agent/agents","/api/v1/ai-agent/agents","C:\Users\DIYA GOEL\Downloads\EBDESIGN\backend\src\routes\aiAgentDomainRoutes.js","aiAgentDomainRoutes","1710","38"
"GET","/api/v1","/ai-agent/health","/api/v1/ai-agent/health","C:\Users\DIYA GOEL\Downloads\EBDESIGN\backend\src\routes\aiAgentDomainRoutes.js","aiAgentDomainRoutes","1710","39"
"GET","/api/v1","/ai-agent/tools","/api/v1/ai-agent/tools","C:\Users\DIYA GOEL\Downloads\EBDESIGN\backend\src\routes\aiAgentDomainRoutes.js","aiAgentDomainRoutes","1710","40"
"POST","/api/v1","/ai-agent/coordinate","/api/v1/ai-agent/coordinate","C:\Users\DIYA GOEL\Downloads\EBDESIGN\backend\src\routes\aiAgentDomainRoutes.js","aiAgentDomainRoutes","1710","41"
"POST","/api/v1","/ai-agent/agent/:agentName/clear-memory","/api/v1/ai-agent/agent/:agentName/clear-memory","C:\Users\DIYA GOEL\Downloads\EBDESIGN\backend\src\routes\aiAgentDomainRoutes.js","aiAgentDomainRoutes","1710","42"
"GET","/api/v1","/ai-agent/agent/:agentName","/api/v1/ai-agent/agent/:agentName","C:\Users\DIYA GOEL\Downloads\EBDESIGN\backend\src\routes\aiAgentDomainRoutes.js","aiAgentDomainRoutes","1710","43"
"POST","/api/v1","/ai-agent/agent/:agentName/execute-task","/api/v1/ai-agent/agent/:agentName/execute-task","C:\Users\DIYA GOEL\Downloads\EBDESIGN\backend\src\routes\aiAgentDomainRoutes.js","aiAgentDomainRoutes","1710","44"
"POST","/api/v1","/ai-agent/agent","/api/v1/ai-agent/agent","C:\Users\DIYA GOEL\Downloads\EBDESIGN\backend\src\routes\aiAgentDomainRoutes.js","aiAgentDomainRoutes","1710","45"
"POST","/api/v1","/ai-agent/tool","/api/v1/ai-agent/tool","C:\Users\DIYA GOEL\Downloads\EBDESIGN\backend\src\routes\aiAgentDomainRoutes.js","aiAgentDomainRoutes","1710","46"
"PUT","/api/v1","/ai-agent/agent/:agentName","/api/v1/ai-agent/agent/:agentName","C:\Users\DIYA GOEL\Downloads\EBDESIGN\backend\src\routes\aiAgentDomainRoutes.js","aiAgentDomainRoutes","1710","47"
"GET","/api/v1","/ai-brain/knowledge-graph","/api/v1/ai-brain/knowledge-graph","C:\Users\DIYA GOEL\Downloads\EBDESIGN\backend\src\routes\aiBrainDomainRoutes.js","aiBrainDomainRoutes","1711","37"
"GET","/api/v1","/ai-brain/memory-state","/api/v1/ai-brain/memory-state","C:\Users\DIYA GOEL\Downloads\EBDESIGN\backend\src\routes\aiBrainDomainRoutes.js","aiBrainDomainRoutes","1711","38"
"POST","/api/v1","/ai-brain/attention","/api/v1/ai-brain/attention","C:\Users\DIYA GOEL\Downloads\EBDESIGN\backend\src\routes\aiBrainDomainRoutes.js","aiBrainDomainRoutes","1711","42"
"POST","/api/v1","/ai-brain/decision","/api/v1/ai-brain/decision","C:\Users\DIYA GOEL\Downloads\EBDESIGN\backend\src\routes\aiBrainDomainRoutes.js","aiBrainDomainRoutes","1711","43"
"POST","/api/v1","/ai-brain/learning","/api/v1/ai-brain/learning","C:\Users\DIYA GOEL\Downloads\EBDESIGN\backend\src\routes\aiBrainDomainRoutes.js","aiBrainDomainRoutes","1711","44"
"POST","/api/v1","/ai-brain/perception","/api/v1/ai-brain/perception","C:\Users\DIYA GOEL\Downloads\EBDESIGN\backend\src\routes\aiBrainDomainRoutes.js","aiBrainDomainRoutes","1711","48"
"POST","/api/v1","/ai-brain/planning","/api/v1/ai-brain/planning","C:\Users\DIYA GOEL\Downloads\EBDESIGN\backend\src\routes\aiBrainDomainRoutes.js","aiBrainDomainRoutes","1711","49"
"POST","/api/v1","/ai-brain/reasoning","/api/v1/ai-brain/reasoning","C:\Users\DIYA GOEL\Downloads\EBDESIGN\backend\src\routes\aiBrainDomainRoutes.js","aiBrainDomainRoutes","1711","50"
"GET","/api/v1","/ai-brain/cognitive-state","/api/v1/ai-brain/cognitive-state","C:\Users\DIYA GOEL\Downloads\EBDESIGN\backend\src\routes\aiBrainDomainRoutes.js","aiBrainDomainRoutes","1711","54"
"GET","/api/v1","/ecommerce-ai/market-basket","/api/v1/ecommerce-ai/market-basket","C:\Users\DIYA GOEL\Downloads\EBDESIGN\backend\src\routes\ecommerceAIDomainRoutes.js","ecommerceAIDomainRoutes","1712","30"
"GET","/api/v1","/ecommerce-ai/predict-sales","/api/v1/ecommerce-ai/predict-sales","C:\Users\DIYA GOEL\Downloads\EBDESIGN\backend\src\routes\ecommerceAIDomainRoutes.js","ecommerceAIDomainRoutes","1712","31"
"GET","/api/v1","/ecommerce-ai/segment-customers/behavioral","/api/v1/ecommerce-ai/segment-customers/behavioral","C:\Users\DIYA GOEL\Downloads\EBDESIGN\backend\src\routes\ecommerceAIDomainRoutes.js","ecommerceAIDomainRoutes","1712","32"
"GET","/api/v1","/ecommerce-ai/segment-customers/rfm","/api/v1/ecommerce-ai/segment-customers/rfm","C:\Users\DIYA GOEL\Downloads\EBDESIGN\backend\src\routes\ecommerceAIDomainRoutes.js","ecommerceAIDomainRoutes","1712","33"
"GET","/api/v1","/ecommerce-ai/forecast-demand/:productId","/api/v1/ecommerce-ai/forecast-demand/:productId","C:\Users\DIYA GOEL\Downloads\EBDESIGN\backend\src\routes\ecommerceAIDomainRoutes.js","ecommerceAIDomainRoutes","1712","34"
"GET","/api/v1","/ecommerce-ai/optimize-inventory/:productId","/api/v1/ecommerce-ai/optimize-inventory/:productId","C:\Users\DIYA GOEL\Downloads\EBDESIGN\backend\src\routes\ecommerceAIDomainRoutes.js","ecommerceAIDomainRoutes","1712","35"
"GET","/api/v1","/ecommerce-ai/customer-lifetime-value/:userId","/api/v1/ecommerce-ai/customer-lifetime-value/:userId","C:\Users\DIYA GOEL\Downloads\EBDESIGN\backend\src\routes\ecommerceAIDomainRoutes.js","ecommerceAIDomainRoutes","1712","36"
"GET","/api/v1","/ecommerce-ai/recommendations/:userId","/api/v1/ecommerce-ai/recommendations/:userId","C:\Users\DIYA GOEL\Downloads\EBDESIGN\backend\src\routes\ecommerceAIDomainRoutes.js","ecommerceAIDomainRoutes","1712","37"
"GET","/api/v1","/agricultural-intelligence/health","/api/v1/agricultural-intelligence/health","C:\Users\DIYA GOEL\Downloads\EBDESIGN\backend\src\routes\agriculturalIntelligenceDomainRoutes.js","agriculturalIntelligenceDomainRoutes","1713","27"
"POST","/api/v1","/agricultural-intelligence/analyze-soil","/api/v1/agricultural-intelligence/analyze-soil","C:\Users\DIYA GOEL\Downloads\EBDESIGN\backend\src\routes\agriculturalIntelligenceDomainRoutes.js","agriculturalIntelligenceDomainRoutes","1713","28"
"POST","/api/v1","/agricultural-intelligence/optimize-irrigation","/api/v1/agricultural-intelligence/optimize-irrigation","C:\Users\DIYA GOEL\Downloads\EBDESIGN\backend\src\routes\agriculturalIntelligenceDomainRoutes.js","agriculturalIntelligenceDomainRoutes","1713","29"
"POST","/api/v1","/agricultural-intelligence/predict-crop-yield","/api/v1/agricultural-intelligence/predict-crop-yield","C:\Users\DIYA GOEL\Downloads\EBDESIGN\backend\src\routes\agriculturalIntelligenceDomainRoutes.js","agriculturalIntelligenceDomainRoutes","1713","30"
"POST","/api/v1","/agricultural-intelligence/predict-pest-outbreak","/api/v1/agricultural-intelligence/predict-pest-outbreak","C:\Users\DIYA GOEL\Downloads\EBDESIGN\backend\src\routes\agriculturalIntelligenceDomainRoutes.js","agriculturalIntelligenceDomainRoutes","1713","31"
"POST","/api/v1","/agricultural-intelligence/recommend-crops","/api/v1/agricultural-intelligence/recommend-crops","C:\Users\DIYA GOEL\Downloads\EBDESIGN\backend\src\routes\agriculturalIntelligenceDomainRoutes.js","agriculturalIntelligenceDomainRoutes","1713","32"
"POST","/api/v1","/agricultural-intelligence/recommend-fertilizer","/api/v1/agricultural-intelligence/recommend-fertilizer","C:\Users\DIYA GOEL\Downloads\EBDESIGN\backend\src\routes\agriculturalIntelligenceDomainRoutes.js","agriculturalIntelligenceDomainRoutes","1713","33"
"GET","/api/v1","/agricultural-intelligence/analytics","/api/v1/agricultural-intelligence/analytics","C:\Users\DIYA GOEL\Downloads\EBDESIGN\backend\src\routes\agriculturalIntelligenceDomainRoutes.js","agriculturalIntelligenceDomainRoutes","1713","34"
"GET","/api/v1","/agricultural-intelligence/weather","/api/v1/agricultural-intelligence/weather","C:\Users\DIYA GOEL\Downloads\EBDESIGN\backend\src\routes\agriculturalIntelligenceDomainRoutes.js","agriculturalIntelligenceDomainRoutes","1713","35"
"GET","/api/v1","/ecommerce-integration/dietitian-recommendation","/api/v1/ecommerce-integration/dietitian-recommendation","C:\Users\DIYA GOEL\Downloads\EBDESIGN\backend\src\routes\ecommerceIntegrationDomainRoutes.js","ecommerceIntegrationDomainRoutes","1714","35"
"POST","/api/v1","/ecommerce-integration/cart-nutrition","/api/v1/ecommerce-integration/cart-nutrition","C:\Users\DIYA GOEL\Downloads\EBDESIGN\backend\src\routes\ecommerceIntegrationDomainRoutes.js","ecommerceIntegrationDomainRoutes","1714","36"
"GET","/api/v1","/ecommerce-integration/nutrition-score/:productId","/api/v1/ecommerce-integration/nutrition-score/:productId","C:\Users\DIYA GOEL\Downloads\EBDESIGN\backend\src\routes\ecommerceIntegrationDomainRoutes.js","ecommerceIntegrationDomainRoutes","1714","37"
"GET","/api/v1","/ecommerce-integration/compatibility/:productId","/api/v1/ecommerce-integration/compatibility/:productId","C:\Users\DIYA GOEL\Downloads\EBDESIGN\backend\src\routes\ecommerceIntegrationDomainRoutes.js","ecommerceIntegrationDomainRoutes","1714","38"
"GET","/api/v1","/ecommerce-integration/dietitian-collections","/api/v1/ecommerce-integration/dietitian-collections","C:\Users\DIYA GOEL\Downloads\EBDESIGN\backend\src\routes\ecommerceIntegrationDomainRoutes.js","ecommerceIntegrationDomainRoutes","1714","39"
"GET","/api/v1","/ecommerce-integration/health-recommendations","/api/v1/ecommerce-integration/health-recommendations","C:\Users\DIYA GOEL\Downloads\EBDESIGN\backend\src\routes\ecommerceIntegrationDomainRoutes.js","ecommerceIntegrationDomainRoutes","1714","40"
"GET","/api/v1","/ecommerce-integration/nutrition-price-premium/:productId","/api/v1/ecommerce-integration/nutrition-price-premium/:productId","C:\Users\DIYA GOEL\Downloads\EBDESIGN\backend\src\routes\ecommerceIntegrationDomainRoutes.js","ecommerceIntegrationDomainRoutes","1714","41"
"GET","/api/v1","/ecommerce-integration/recipe-products/:recipeId","/api/v1/ecommerce-integration/recipe-products/:recipeId","C:\Users\DIYA GOEL\Downloads\EBDESIGN\backend\src\routes\ecommerceIntegrationDomainRoutes.js","ecommerceIntegrationDomainRoutes","1714","42"
"GET","/api/v1","/ecommerce-integration/recipe-suggestions/:productId","/api/v1/ecommerce-integration/recipe-suggestions/:productId","C:\Users\DIYA GOEL\Downloads\EBDESIGN\backend\src\routes\ecommerceIntegrationDomainRoutes.js","ecommerceIntegrationDomainRoutes","1714","43"
"GET","/api/v1","/poultry/flocks","/api/v1/poultry/flocks","C:\Users\DIYA GOEL\Downloads\EBDESIGN\backend\src\routes\poultryDomainRoutes.js","poultryDomainRoutes","1715","26"
"POST","/api/v1","/poultry/flock","/api/v1/poultry/flock","C:\Users\DIYA GOEL\Downloads\EBDESIGN\backend\src\routes\poultryDomainRoutes.js","poultryDomainRoutes","1715","27"
"PUT","/api/v1","/poultry/flock/:id","/api/v1/poultry/flock/:id","C:\Users\DIYA GOEL\Downloads\EBDESIGN\backend\src\routes\poultryDomainRoutes.js","poultryDomainRoutes","1715","28"
"DELETE","/api/v1","/poultry/flock/:id","/api/v1/poultry/flock/:id","C:\Users\DIYA GOEL\Downloads\EBDESIGN\backend\src\routes\poultryDomainRoutes.js","poultryDomainRoutes","1715","29"
"GET","/api/v1","/poultry/egg-production","/api/v1/poultry/egg-production","C:\Users\DIYA GOEL\Downloads\EBDESIGN\backend\src\routes\poultryDomainRoutes.js","poultryDomainRoutes","1715","31"
"POST","/api/v1","/poultry/egg-production","/api/v1/poultry/egg-production","C:\Users\DIYA GOEL\Downloads\EBDESIGN\backend\src\routes\poultryDomainRoutes.js","poultryDomainRoutes","1715","32"
"GET","/api/v1","/poultry/feed-consumption","/api/v1/poultry/feed-consumption","C:\Users\DIYA GOEL\Downloads\EBDESIGN\backend\src\routes\poultryDomainRoutes.js","poultryDomainRoutes","1715","34"
"POST","/api/v1","/poultry/feed-consumption","/api/v1/poultry/feed-consumption","C:\Users\DIYA GOEL\Downloads\EBDESIGN\backend\src\routes\poultryDomainRoutes.js","poultryDomainRoutes","1715","35"
"GET","/api/v1","/poultry/mortality","/api/v1/poultry/mortality","C:\Users\DIYA GOEL\Downloads\EBDESIGN\backend\src\routes\poultryDomainRoutes.js","poultryDomainRoutes","1715","37"
"POST","/api/v1","/poultry/mortality","/api/v1/poultry/mortality","C:\Users\DIYA GOEL\Downloads\EBDESIGN\backend\src\routes\poultryDomainRoutes.js","poultryDomainRoutes","1715","38"
"GET","/api/v1","/poultry/vaccination-records","/api/v1/poultry/vaccination-records","C:\Users\DIYA GOEL\Downloads\EBDESIGN\backend\src\routes\poultryDomainRoutes.js","poultryDomainRoutes","1715","40"
"POST","/api/v1","/poultry/vaccination-records","/api/v1/poultry/vaccination-records","C:\Users\DIYA GOEL\Downloads\EBDESIGN\backend\src\routes\poultryDomainRoutes.js","poultryDomainRoutes","1715","41"
"GET","/api/v1","/poultry/flock-performance","/api/v1/poultry/flock-performance","C:\Users\DIYA GOEL\Downloads\EBDESIGN\backend\src\routes\poultryDomainRoutes.js","poultryDomainRoutes","1715","43"
"GET","/api/v1","/poultry/vaccination-alerts","/api/v1/poultry/vaccination-alerts","C:\Users\DIYA GOEL\Downloads\EBDESIGN\backend\src\routes\poultryDomainRoutes.js","poultryDomainRoutes","1715","44"
"POST","/api/v1","/asset-accounting/asset","/api/v1/asset-accounting/asset","C:\Users\DIYA GOEL\Downloads\EBDESIGN\backend\src\routes\assetAccountingDomainRoutes.js","assetAccountingDomainRoutes","1716","29"
"GET","/api/v1","/asset-accounting/assets/:companyId","/api/v1/asset-accounting/assets/:companyId","C:\Users\DIYA GOEL\Downloads\EBDESIGN\backend\src\routes\assetAccountingDomainRoutes.js","assetAccountingDomainRoutes","1716","30"
"GET","/api/v1","/asset-accounting/asset/:assetId","/api/v1/asset-accounting/asset/:assetId","C:\Users\DIYA GOEL\Downloads\EBDESIGN\backend\src\routes\assetAccountingDomainRoutes.js","assetAccountingDomainRoutes","1716","31"
"POST","/api/v1","/asset-accounting/asset/:assetId/depreciation-schedule","/api/v1/asset-accounting/asset/:assetId/depreciation-schedule","C:\Users\DIYA GOEL\Downloads\EBDESIGN\backend\src\routes\assetAccountingDomainRoutes.js","assetAccountingDomainRoutes","1716","32"
"GET","/api/v1","/asset-accounting/asset/:assetId/depreciation-schedule","/api/v1/asset-accounting/asset/:assetId/depreciation-schedule","C:\Users\DIYA GOEL\Downloads\EBDESIGN\backend\src\routes\assetAccountingDomainRoutes.js","assetAccountingDomainRoutes","1716","33"
"POST","/api/v1","/asset-accounting/asset/:assetId/post-depreciation","/api/v1/asset-accounting/asset/:assetId/post-depreciation","C:\Users\DIYA GOEL\Downloads\EBDESIGN\backend\src\routes\assetAccountingDomainRoutes.js","assetAccountingDomainRoutes","1716","34"
"POST","/api/v1","/asset-accounting/company/:companyId/run-depreciation","/api/v1/asset-accounting/company/:companyId/run-depreciation","C:\Users\DIYA GOEL\Downloads\EBDESIGN\backend\src\routes\assetAccountingDomainRoutes.js","assetAccountingDomainRoutes","1716","35"
"POST","/api/v1","/asset-accounting/asset/:assetId/dispose","/api/v1/asset-accounting/asset/:assetId/dispose","C:\Users\DIYA GOEL\Downloads\EBDESIGN\backend\src\routes\assetAccountingDomainRoutes.js","assetAccountingDomainRoutes","1716","36"
"GET","/api/v1","/asset-accounting/company/:companyId/register-summary","/api/v1/asset-accounting/company/:companyId/register-summary","C:\Users\DIYA GOEL\Downloads\EBDESIGN\backend\src\routes\assetAccountingDomainRoutes.js","assetAccountingDomainRoutes","1716","37"
"GET","/api/v1","/decision-support/scheme-expiry-status","/api/v1/decision-support/scheme-expiry-status","C:\Users\DIYA GOEL\Downloads\EBDESIGN\backend\src\routes\decisionSupportDomainRoutes.js","decisionSupportDomainRoutes","1717","31"
"POST","/api/v1","/decision-support/alloc-score","/api/v1/decision-support/alloc-score","C:\Users\DIYA GOEL\Downloads\EBDESIGN\backend\src\routes\decisionSupportDomainRoutes.js","decisionSupportDomainRoutes","1717","32"
"POST","/api/v1","/decision-support/compliance-gaps","/api/v1/decision-support/compliance-gaps","C:\Users\DIYA GOEL\Downloads\EBDESIGN\backend\src\routes\decisionSupportDomainRoutes.js","decisionSupportDomainRoutes","1717","33"
"POST","/api/v1","/decision-support/eco-logistics-miles","/api/v1/decision-support/eco-logistics-miles","C:\Users\DIYA GOEL\Downloads\EBDESIGN\backend\src\routes\decisionSupportDomainRoutes.js","decisionSupportDomainRoutes","1717","34"
"POST","/api/v1","/decision-support/harvest-points","/api/v1/decision-support/harvest-points","C:\Users\DIYA GOEL\Downloads\EBDESIGN\backend\src\routes\decisionSupportDomainRoutes.js","decisionSupportDomainRoutes","1717","35"
"POST","/api/v1","/decision-support/corp-credit-eligible","/api/v1/decision-support/corp-credit-eligible","C:\Users\DIYA GOEL\Downloads\EBDESIGN\backend\src\routes\decisionSupportDomainRoutes.js","decisionSupportDomainRoutes","1717","36"
"POST","/api/v1","/decision-support/compost-plan","/api/v1/decision-support/compost-plan","C:\Users\DIYA GOEL\Downloads\EBDESIGN\backend\src\routes\decisionSupportDomainRoutes.js","decisionSupportDomainRoutes","1717","37"
"POST","/api/v1","/decision-support/floor-benchmark","/api/v1/decision-support/floor-benchmark","C:\Users\DIYA GOEL\Downloads\EBDESIGN\backend\src\routes\decisionSupportDomainRoutes.js","decisionSupportDomainRoutes","1717","38"
"GET","/api/v1","/ecommerce-marketplace/gi-listings","/api/v1/ecommerce-marketplace/gi-listings","C:\Users\DIYA GOEL\Downloads\EBDESIGN\backend\src\routes\ecommerceMarketplaceDomainRoutes.js","ecommerceMarketplaceDomainRoutes","1718","26"
"GET","/api/v1","/ecommerce-marketplace/listings","/api/v1/ecommerce-marketplace/listings","C:\Users\DIYA GOEL\Downloads\EBDESIGN\backend\src\routes\ecommerceMarketplaceDomainRoutes.js","ecommerceMarketplaceDomainRoutes","1718","27"
"GET","/api/v1","/ecommerce-marketplace/price-trends/:categoryId","/api/v1/ecommerce-marketplace/price-trends/:categoryId","C:\Users\DIYA GOEL\Downloads\EBDESIGN\backend\src\routes\ecommerceMarketplaceDomainRoutes.js","ecommerceMarketplaceDomainRoutes","1718","28"
"GET","/api/v1","/ecommerce-marketplace/seller-analytics","/api/v1/ecommerce-marketplace/seller-analytics","C:\Users\DIYA GOEL\Downloads\EBDESIGN\backend\src\routes\ecommerceMarketplaceDomainRoutes.js","ecommerceMarketplaceDomainRoutes","1718","29"
"GET","/api/v1","/ecommerce-marketplace/seller-origins","/api/v1/ecommerce-marketplace/seller-origins","C:\Users\DIYA GOEL\Downloads\EBDESIGN\backend\src\routes\ecommerceMarketplaceDomainRoutes.js","ecommerceMarketplaceDomainRoutes","1718","30"
"GET","/api/v1","/ecommerce-marketplace/seller-listings","/api/v1/ecommerce-marketplace/seller-listings","C:\Users\DIYA GOEL\Downloads\EBDESIGN\backend\src\routes\ecommerceMarketplaceDomainRoutes.js","ecommerceMarketplaceDomainRoutes","1718","31"
"POST","/api/v1","/ecommerce-marketplace/listing","/api/v1/ecommerce-marketplace/listing","C:\Users\DIYA GOEL\Downloads\EBDESIGN\backend\src\routes\ecommerceMarketplaceDomainRoutes.js","ecommerceMarketplaceDomainRoutes","1718","32"
"PUT","/api/v1","/ecommerce-marketplace/listing/:id","/api/v1/ecommerce-marketplace/listing/:id","C:\Users\DIYA GOEL\Downloads\EBDESIGN\backend\src\routes\ecommerceMarketplaceDomainRoutes.js","ecommerceMarketplaceDomainRoutes","1718","33"
"DELETE","/api/v1","/ecommerce-marketplace/listing/:id","/api/v1/ecommerce-marketplace/listing/:id","C:\Users\DIYA GOEL\Downloads\EBDESIGN\backend\src\routes\ecommerceMarketplaceDomainRoutes.js","ecommerceMarketplaceDomainRoutes","1718","34"
"GET","/api/v1","/orders/cart","/api/v1/orders/cart","C:\Users\DIYA GOEL\Downloads\EBDESIGN\backend\src\routes\ordersDomainRoutes.js","ordersDomainRoutes","1719","32"
"POST","/api/v1","/orders/cart/add","/api/v1/orders/cart/add","C:\Users\DIYA GOEL\Downloads\EBDESIGN\backend\src\routes\ordersDomainRoutes.js","ordersDomainRoutes","1719","33"
"PUT","/api/v1","/orders/cart/item/:id","/api/v1/orders/cart/item/:id","C:\Users\DIYA GOEL\Downloads\EBDESIGN\backend\src\routes\ordersDomainRoutes.js","ordersDomainRoutes","1719","34"
"DELETE","/api/v1","/orders/cart/item/:id","/api/v1/orders/cart/item/:id","C:\Users\DIYA GOEL\Downloads\EBDESIGN\backend\src\routes\ordersDomainRoutes.js","ordersDomainRoutes","1719","35"
"GET","/api/v1","/orders","/api/v1/orders","C:\Users\DIYA GOEL\Downloads\EBDESIGN\backend\src\routes\ordersDomainRoutes.js","ordersDomainRoutes","1719","37"
"GET","/api/v1","/orders/:id","/api/v1/orders/:id","C:\Users\DIYA GOEL\Downloads\EBDESIGN\backend\src\routes\ordersDomainRoutes.js","ordersDomainRoutes","1719","38"
"POST","/api/v1","/orders/:id/cancel","/api/v1/orders/:id/cancel","C:\Users\DIYA GOEL\Downloads\EBDESIGN\backend\src\routes\ordersDomainRoutes.js","ordersDomainRoutes","1719","39"
"POST","/api/v1","/orders/:id/payment","/api/v1/orders/:id/payment","C:\Users\DIYA GOEL\Downloads\EBDESIGN\backend\src\routes\ordersDomainRoutes.js","ordersDomainRoutes","1719","40"
"GET","/api/v1","/weather/coverage","/api/v1/weather/coverage","C:\Users\DIYA GOEL\Downloads\EBDESIGN\backend\src\routes\weatherDomainRoutes.js","weatherDomainRoutes","1720","33"
"GET","/api/v1","/weather/forecast-accuracy","/api/v1/weather/forecast-accuracy","C:\Users\DIYA GOEL\Downloads\EBDESIGN\backend\src\routes\weatherDomainRoutes.js","weatherDomainRoutes","1720","34"
"GET","/api/v1","/weather/advisory-triggers","/api/v1/weather/advisory-triggers","C:\Users\DIYA GOEL\Downloads\EBDESIGN\backend\src\routes\weatherDomainRoutes.js","weatherDomainRoutes","1720","35"
"POST","/api/v1","/weather/for-arp","/api/v1/weather/for-arp","C:\Users\DIYA GOEL\Downloads\EBDESIGN\backend\src\routes\weatherDomainRoutes.js","weatherDomainRoutes","1720","36"
"POST","/api/v1","/weather/dispatch-check","/api/v1/weather/dispatch-check","C:\Users\DIYA GOEL\Downloads\EBDESIGN\backend\src\routes\weatherDomainRoutes.js","weatherDomainRoutes","1720","37"
"POST","/api/v1","/weather/pest-forecast","/api/v1/weather/pest-forecast","C:\Users\DIYA GOEL\Downloads\EBDESIGN\backend\src\routes\weatherDomainRoutes.js","weatherDomainRoutes","1720","38"
"GET","/api/v1","/climate-advisory/advisories","/api/v1/climate-advisory/advisories","C:\Users\DIYA GOEL\Downloads\EBDESIGN\backend\src\routes\weatherDomainRoutes.js","weatherDomainRoutes","1720","42"
"POST","/api/v1","/climate-advisory/advisory","/api/v1/climate-advisory/advisory","C:\Users\DIYA GOEL\Downloads\EBDESIGN\backend\src\routes\weatherDomainRoutes.js","weatherDomainRoutes","1720","43"
"POST","/api/v1","/cooperative-share/member","/api/v1/cooperative-share/member","C:\Users\DIYA GOEL\Downloads\EBDESIGN\backend\src\routes\cooperativeShareDomainRoutes.js","cooperativeShareDomainRoutes","1721","28"
"GET","/api/v1","/cooperative-share/members/:fpoId","/api/v1/cooperative-share/members/:fpoId","C:\Users\DIYA GOEL\Downloads\EBDESIGN\backend\src\routes\cooperativeShareDomainRoutes.js","cooperativeShareDomainRoutes","1721","29"
"GET","/api/v1","/cooperative-share/paid-up-capital/:fpoId","/api/v1/cooperative-share/paid-up-capital/:fpoId","C:\Users\DIYA GOEL\Downloads\EBDESIGN\backend\src\routes\cooperativeShareDomainRoutes.js","cooperativeShareDomainRoutes","1721","30"
"POST","/api/v1","/cooperative-share/distribution/preview","/api/v1/cooperative-share/distribution/preview","C:\Users\DIYA GOEL\Downloads\EBDESIGN\backend\src\routes\cooperativeShareDomainRoutes.js","cooperativeShareDomainRoutes","1721","31"
"POST","/api/v1","/cooperative-share/distribution","/api/v1/cooperative-share/distribution","C:\Users\DIYA GOEL\Downloads\EBDESIGN\backend\src\routes\cooperativeShareDomainRoutes.js","cooperativeShareDomainRoutes","1721","32"
"GET","/api/v1","/cooperative-share/distribution/:id","/api/v1/cooperative-share/distribution/:id","C:\Users\DIYA GOEL\Downloads\EBDESIGN\backend\src\routes\cooperativeShareDomainRoutes.js","cooperativeShareDomainRoutes","1721","33"
"GET","/api/v1","/cooperative-share/distributions/:fpoId","/api/v1/cooperative-share/distributions/:fpoId","C:\Users\DIYA GOEL\Downloads\EBDESIGN\backend\src\routes\cooperativeShareDomainRoutes.js","cooperativeShareDomainRoutes","1721","34"
"GET","/api/v1","/wallet","/api/v1/wallet","C:\Users\DIYA GOEL\Downloads\EBDESIGN\backend\src\routes\walletDomainRoutes.js","walletDomainRoutes","1722","29"
"POST","/api/v1","/wallet/deposit","/api/v1/wallet/deposit","C:\Users\DIYA GOEL\Downloads\EBDESIGN\backend\src\routes\walletDomainRoutes.js","walletDomainRoutes","1722","31"
"POST","/api/v1","/wallet/withdraw","/api/v1/wallet/withdraw","C:\Users\DIYA GOEL\Downloads\EBDESIGN\backend\src\routes\walletDomainRoutes.js","walletDomainRoutes","1722","36"
"POST","/api/v1","/wallet/transfer","/api/v1/wallet/transfer","C:\Users\DIYA GOEL\Downloads\EBDESIGN\backend\src\routes\walletDomainRoutes.js","walletDomainRoutes","1722","41"
"GET","/api/v1","/wallet/transactions","/api/v1/wallet/transactions","C:\Users\DIYA GOEL\Downloads\EBDESIGN\backend\src\routes\walletDomainRoutes.js","walletDomainRoutes","1722","47"
"POST","/api/v1","/equipment-exchange/listing","/api/v1/equipment-exchange/listing","C:\Users\DIYA GOEL\Downloads\EBDESIGN\backend\src\routes\equipmentExchangeDomainRoutes.js","equipmentExchangeDomainRoutes","1723","24"
"GET","/api/v1","/equipment-exchange/listings","/api/v1/equipment-exchange/listings","C:\Users\DIYA GOEL\Downloads\EBDESIGN\backend\src\routes\equipmentExchangeDomainRoutes.js","equipmentExchangeDomainRoutes","1723","25"
"GET","/api/v1","/equipment-exchange/listing/:listingId","/api/v1/equipment-exchange/listing/:listingId","C:\Users\DIYA GOEL\Downloads\EBDESIGN\backend\src\routes\equipmentExchangeDomainRoutes.js","equipmentExchangeDomainRoutes","1723","26"
"POST","/api/v1","/equipment-exchange/listing/:listingId/reserve","/api/v1/equipment-exchange/listing/:listingId/reserve","C:\Users\DIYA GOEL\Downloads\EBDESIGN\backend\src\routes\equipmentExchangeDomainRoutes.js","equipmentExchangeDomainRoutes","1723","27"
"POST","/api/v1","/equipment-exchange/listing/:listingId/complete","/api/v1/equipment-exchange/listing/:listingId/complete","C:\Users\DIYA GOEL\Downloads\EBDESIGN\backend\src\routes\equipmentExchangeDomainRoutes.js","equipmentExchangeDomainRoutes","1723","28"
"POST","/api/v1","/equipment-exchange/listing/:listingId/withdraw","/api/v1/equipment-exchange/listing/:listingId/withdraw","C:\Users\DIYA GOEL\Downloads\EBDESIGN\backend\src\routes\equipmentExchangeDomainRoutes.js","equipmentExchangeDomainRoutes","1723","29"
"GET","/api/v1","/multilingual/preferences","/api/v1/multilingual/preferences","C:\Users\DIYA GOEL\Downloads\EBDESIGN\backend\src\routes\multilingualDomainRoutes.js","multilingualDomainRoutes","1724","34"
"PUT","/api/v1","/multilingual/preferences","/api/v1/multilingual/preferences","C:\Users\DIYA GOEL\Downloads\EBDESIGN\backend\src\routes\multilingualDomainRoutes.js","multilingualDomainRoutes","1724","35"
"POST","/api/v1","/multilingual/detect","/api/v1/multilingual/detect","C:\Users\DIYA GOEL\Downloads\EBDESIGN\backend\src\routes\multilingualDomainRoutes.js","multilingualDomainRoutes","1724","36"
"GET","/api/v1","/multilingual/languages","/api/v1/multilingual/languages","C:\Users\DIYA GOEL\Downloads\EBDESIGN\backend\src\routes\multilingualDomainRoutes.js","multilingualDomainRoutes","1724","37"
"POST","/api/v1","/multilingual/translate","/api/v1/multilingual/translate","C:\Users\DIYA GOEL\Downloads\EBDESIGN\backend\src\routes\multilingualDomainRoutes.js","multilingualDomainRoutes","1724","38"
"POST","/api/v1","/ecommerce-business-sales/bulk-order","/api/v1/ecommerce-business-sales/bulk-order","C:\Users\DIYA GOEL\Downloads\EBDESIGN\backend\src\routes\ecommerceBusinessSalesDomainRoutes.js","ecommerceBusinessSalesDomainRoutes","1725","23"
"POST","/api/v1","/ecommerce-business-sales/contract-farming","/api/v1/ecommerce-business-sales/contract-farming","C:\Users\DIYA GOEL\Downloads\EBDESIGN\backend\src\routes\ecommerceBusinessSalesDomainRoutes.js","ecommerceBusinessSalesDomainRoutes","1725","24"
"POST","/api/v1","/ecommerce-business-sales/quotation/:quotationId/accept","/api/v1/ecommerce-business-sales/quotation/:quotationId/accept","C:\Users\DIYA GOEL\Downloads\EBDESIGN\backend\src\routes\ecommerceBusinessSalesDomainRoutes.js","ecommerceBusinessSalesDomainRoutes","1725","25"
"GET","/api/v1","/ecommerce-business-sales/b2b-conversion-metrics","/api/v1/ecommerce-business-sales/b2b-conversion-metrics","C:\Users\DIYA GOEL\Downloads\EBDESIGN\backend\src\routes\ecommerceBusinessSalesDomainRoutes.js","ecommerceBusinessSalesDomainRoutes","1725","26"
"GET","/api/v1","/ecommerce-business-sales/sales-analytics","/api/v1/ecommerce-business-sales/sales-analytics","C:\Users\DIYA GOEL\Downloads\EBDESIGN\backend\src\routes\ecommerceBusinessSalesDomainRoutes.js","ecommerceBusinessSalesDomainRoutes","1725","27"
"POST","/api/v1","/bulk-order","/api/v1/bulk-order","C:\Users\DIYA GOEL\Downloads\EBDESIGN\backend\src\routes\bulkOrderDomainRoutes.js","bulkOrderDomainRoutes","1726","29"
"GET","/api/v1","/bulk-order/:orderId","/api/v1/bulk-order/:orderId","C:\Users\DIYA GOEL\Downloads\EBDESIGN\backend\src\routes\bulkOrderDomainRoutes.js","bulkOrderDomainRoutes","1726","30"
"GET","/api/v1","/bulk-order/:orderId/quotations","/api/v1/bulk-order/:orderId/quotations","C:\Users\DIYA GOEL\Downloads\EBDESIGN\backend\src\routes\bulkOrderDomainRoutes.js","bulkOrderDomainRoutes","1726","31"
"POST","/api/v1","/bulk-order/quotation/:quotationId/accept","/api/v1/bulk-order/quotation/:quotationId/accept","C:\Users\DIYA GOEL\Downloads\EBDESIGN\backend\src\routes\bulkOrderDomainRoutes.js","bulkOrderDomainRoutes","1726","32"
"POST","/api/v1","/bulk-order/:orderId/cancel","/api/v1/bulk-order/:orderId/cancel","C:\Users\DIYA GOEL\Downloads\EBDESIGN\backend\src\routes\bulkOrderDomainRoutes.js","bulkOrderDomainRoutes","1726","33"
"GET","/api/v1","/bulk-orders","/api/v1/bulk-orders","C:\Users\DIYA GOEL\Downloads\EBDESIGN\backend\src\routes\bulkOrderDomainRoutes.js","bulkOrderDomainRoutes","1726","34"
"POST","/api/v1","/civil-disruption/report","/api/v1/civil-disruption/report","C:\Users\DIYA GOEL\Downloads\EBDESIGN\backend\src\routes\civilDisruptionDomainRoutes.js","civilDisruptionDomainRoutes","1727","27"
"POST","/api/v1","/civil-disruption/:id/verify","/api/v1/civil-disruption/:id/verify","C:\Users\DIYA GOEL\Downloads\EBDESIGN\backend\src\routes\civilDisruptionDomainRoutes.js","civilDisruptionDomainRoutes","1727","28"
"POST","/api/v1","/civil-disruption/:id/resolve","/api/v1/civil-disruption/:id/resolve","C:\Users\DIYA GOEL\Downloads\EBDESIGN\backend\src\routes\civilDisruptionDomainRoutes.js","civilDisruptionDomainRoutes","1727","29"
"GET","/api/v1","/civil-disruption/active","/api/v1/civil-disruption/active","C:\Users\DIYA GOEL\Downloads\EBDESIGN\backend\src\routes\civilDisruptionDomainRoutes.js","civilDisruptionDomainRoutes","1727","30"
"GET","/api/v1","/civil-disruption/shipment/:shipmentId/risk","/api/v1/civil-disruption/shipment/:shipmentId/risk","C:\Users\DIYA GOEL\Downloads\EBDESIGN\backend\src\routes\civilDisruptionDomainRoutes.js","civilDisruptionDomainRoutes","1727","31"
"POST","/api/v1","/engineering-project/project","/api/v1/engineering-project/project","C:\Users\DIYA GOEL\Downloads\EBDESIGN\backend\src\routes\engineeringProjectDomainRoutes.js","engineeringProjectDomainRoutes","1728","23"
"GET","/api/v1","/engineering-project/project/:id","/api/v1/engineering-project/project/:id","C:\Users\DIYA GOEL\Downloads\EBDESIGN\backend\src\routes\engineeringProjectDomainRoutes.js","engineeringProjectDomainRoutes","1728","24"
"GET","/api/v1","/engineering-project/projects","/api/v1/engineering-project/projects","C:\Users\DIYA GOEL\Downloads\EBDESIGN\backend\src\routes\engineeringProjectDomainRoutes.js","engineeringProjectDomainRoutes","1728","25"
"PUT","/api/v1","/engineering-project/project/:id/phase","/api/v1/engineering-project/project/:id/phase","C:\Users\DIYA GOEL\Downloads\EBDESIGN\backend\src\routes\engineeringProjectDomainRoutes.js","engineeringProjectDomainRoutes","1728","26"
"POST","/api/v1","/engineering-project/project/:id/cost-estimate","/api/v1/engineering-project/project/:id/cost-estimate","C:\Users\DIYA GOEL\Downloads\EBDESIGN\backend\src\routes\engineeringProjectDomainRoutes.js","engineeringProjectDomainRoutes","1728","27"
"GET","/api/v1","/engineering-project/project/:id/cost-estimates","/api/v1/engineering-project/project/:id/cost-estimates","C:\Users\DIYA GOEL\Downloads\EBDESIGN\backend\src\routes\engineeringProjectDomainRoutes.js","engineeringProjectDomainRoutes","1728","28"
"POST","/api/v1","/ecommerce-erp/production-order","/api/v1/ecommerce-erp/production-order","C:\Users\DIYA GOEL\Downloads\EBDESIGN\backend\src\routes\ecommerceERPDomainRoutes.js","ecommerceERPDomainRoutes","1729","28"
"POST","/api/v1","/ecommerce-erp/general-ledger","/api/v1/ecommerce-erp/general-ledger","C:\Users\DIYA GOEL\Downloads\EBDESIGN\backend\src\routes\ecommerceERPDomainRoutes.js","ecommerceERPDomainRoutes","1729","29"
"POST","/api/v1","/ecommerce-erp/sync-customer-crm/:userId","/api/v1/ecommerce-erp/sync-customer-crm/:userId","C:\Users\DIYA GOEL\Downloads\EBDESIGN\backend\src\routes\ecommerceERPDomainRoutes.js","ecommerceERPDomainRoutes","1729","30"
"GET","/api/v1","/ecommerce-erp/gst-invoice/:orderId","/api/v1/ecommerce-erp/gst-invoice/:orderId","C:\Users\DIYA GOEL\Downloads\EBDESIGN\backend\src\routes\ecommerceERPDomainRoutes.js","ecommerceERPDomainRoutes","1729","31"
"GET","/api/v1","/ecommerce-erp/sync-inventory/:productId","/api/v1/ecommerce-erp/sync-inventory/:productId","C:\Users\DIYA GOEL\Downloads\EBDESIGN\backend\src\routes\ecommerceERPDomainRoutes.js","ecommerceERPDomainRoutes","1729","32"
"GET","/api/v1","/experience-layer/accessibility","/api/v1/experience-layer/accessibility","C:\Users\DIYA GOEL\Downloads\EBDESIGN\backend\src\routes\experienceLayerDomainRoutes.js","experienceLayerDomainRoutes","1730","29"
"GET","/api/v1","/experience-layer/components","/api/v1/experience-layer/components","C:\Users\DIYA GOEL\Downloads\EBDESIGN\backend\src\routes\experienceLayerDomainRoutes.js","experienceLayerDomainRoutes","1730","30"
"POST","/api/v1","/experience-layer/motion","/api/v1/experience-layer/motion","C:\Users\DIYA GOEL\Downloads\EBDESIGN\backend\src\routes\experienceLayerDomainRoutes.js","experienceLayerDomainRoutes","1730","31"
"GET","/api/v1","/experience-layer/themes","/api/v1/experience-layer/themes","C:\Users\DIYA GOEL\Downloads\EBDESIGN\backend\src\routes\experienceLayerDomainRoutes.js","experienceLayerDomainRoutes","1730","32"
"POST","/api/v1","/experience-layer/contrast","/api/v1/experience-layer/contrast","C:\Users\DIYA GOEL\Downloads\EBDESIGN\backend\src\routes\experienceLayerDomainRoutes.js","experienceLayerDomainRoutes","1730","33"
"POST","/api/v1","/insurance/policies","/api/v1/insurance/policies","C:\Users\DIYA GOEL\Downloads\EBDESIGN\backend\src\routes\insuranceDomainRoutes.js","insuranceDomainRoutes","1731","26"
"GET","/api/v1","/insurance/policies","/api/v1/insurance/policies","C:\Users\DIYA GOEL\Downloads\EBDESIGN\backend\src\routes\insuranceDomainRoutes.js","insuranceDomainRoutes","1731","27"
"POST","/api/v1","/insurance/claim","/api/v1/insurance/claim","C:\Users\DIYA GOEL\Downloads\EBDESIGN\backend\src\routes\insuranceDomainRoutes.js","insuranceDomainRoutes","1731","28"
"GET","/api/v1","/insurance/claims","/api/v1/insurance/claims","C:\Users\DIYA GOEL\Downloads\EBDESIGN\backend\src\routes\insuranceDomainRoutes.js","insuranceDomainRoutes","1731","29"
"GET","/api/v1","/insurance/products","/api/v1/insurance/products","C:\Users\DIYA GOEL\Downloads\EBDESIGN\backend\src\routes\insuranceDomainRoutes.js","insuranceDomainRoutes","1731","30"
"GET","/api/v1","/authorization/roles","/api/v1/authorization/roles","C:\Users\DIYA GOEL\Downloads\EBDESIGN\backend\src\routes\authorizationDomainRoutes.js","authorizationDomainRoutes","1732","29"
"GET","/api/v1","/authorization/users","/api/v1/authorization/users","C:\Users\DIYA GOEL\Downloads\EBDESIGN\backend\src\routes\authorizationDomainRoutes.js","authorizationDomainRoutes","1732","30"
"POST","/api/v1","/role-management/role","/api/v1/role-management/role","C:\Users\DIYA GOEL\Downloads\EBDESIGN\backend\src\routes\authorizationDomainRoutes.js","authorizationDomainRoutes","1732","33"
"GET","/api/v1","/role-management/roles","/api/v1/role-management/roles","C:\Users\DIYA GOEL\Downloads\EBDESIGN\backend\src\routes\authorizationDomainRoutes.js","authorizationDomainRoutes","1732","34"
"PUT","/api/v1","/role-management/role/:id","/api/v1/role-management/role/:id","C:\Users\DIYA GOEL\Downloads\EBDESIGN\backend\src\routes\authorizationDomainRoutes.js","authorizationDomainRoutes","1732","35"
"DELETE","/api/v1","/role-management/role/:id","/api/v1/role-management/role/:id","C:\Users\DIYA GOEL\Downloads\EBDESIGN\backend\src\routes\authorizationDomainRoutes.js","authorizationDomainRoutes","1732","36"
"GET","/api/v1","/rfq/active-holds","/api/v1/rfq/active-holds","C:\Users\DIYA GOEL\Downloads\EBDESIGN\backend\src\routes\rfqDomainRoutes.js","rfqDomainRoutes","1735","26"
"GET","/api/v1","/rfq/loss-analysis","/api/v1/rfq/loss-analysis","C:\Users\DIYA GOEL\Downloads\EBDESIGN\backend\src\routes\rfqDomainRoutes.js","rfqDomainRoutes","1735","27"
"GET","/api/v1","/rfq/centre-pnl/:fpoId","/api/v1/rfq/centre-pnl/:fpoId","C:\Users\DIYA GOEL\Downloads\EBDESIGN\backend\src\routes\rfqDomainRoutes.js","rfqDomainRoutes","1735","28"
"POST","/api/v1","/rfq/qc-hold/release","/api/v1/rfq/qc-hold/release","C:\Users\DIYA GOEL\Downloads\EBDESIGN\backend\src\routes\rfqDomainRoutes.js","rfqDomainRoutes","1735","29"
"GET","/api/v1","/farmer-health/records","/api/v1/farmer-health/records","C:\Users\DIYA GOEL\Downloads\EBDESIGN\backend\src\routes\farmerHealthDomainRoutes.js","farmerHealthDomainRoutes","1736","27"
"POST","/api/v1","/farmer-health/record","/api/v1/farmer-health/record","C:\Users\DIYA GOEL\Downloads\EBDESIGN\backend\src\routes\farmerHealthDomainRoutes.js","farmerHealthDomainRoutes","1736","28"
"PUT","/api/v1","/farmer-health/record/:id","/api/v1/farmer-health/record/:id","C:\Users\DIYA GOEL\Downloads\EBDESIGN\backend\src\routes\farmerHealthDomainRoutes.js","farmerHealthDomainRoutes","1736","29"
"DELETE","/api/v1","/farmer-health/record/:id","/api/v1/farmer-health/record/:id","C:\Users\DIYA GOEL\Downloads\EBDESIGN\backend\src\routes\farmerHealthDomainRoutes.js","farmerHealthDomainRoutes","1736","30"
"GET","/api/v1","/farmer-welfare/programs","/api/v1/farmer-welfare/programs","C:\Users\DIYA GOEL\Downloads\EBDESIGN\backend\src\routes\farmerHealthDomainRoutes.js","farmerHealthDomainRoutes","1736","33"
"POST","/api/v1","/farmer-welfare/enroll","/api/v1/farmer-welfare/enroll","C:\Users\DIYA GOEL\Downloads\EBDESIGN\backend\src\routes\farmerHealthDomainRoutes.js","farmerHealthDomainRoutes","1736","34"
"GET","/api/v1","/farmer-kyc/applications","/api/v1/farmer-kyc/applications","C:\Users\DIYA GOEL\Downloads\EBDESIGN\backend\src\routes\farmerKycDomainRoutes.js","farmerKycDomainRoutes","1737","28"
"POST","/api/v1","/farmer-kyc/application","/api/v1/farmer-kyc/application","C:\Users\DIYA GOEL\Downloads\EBDESIGN\backend\src\routes\farmerKycDomainRoutes.js","farmerKycDomainRoutes","1737","29"
"POST","/api/v1","/farmer-kyc/application/:id/verify","/api/v1/farmer-kyc/application/:id/verify","C:\Users\DIYA GOEL\Downloads\EBDESIGN\backend\src\routes\farmerKycDomainRoutes.js","farmerKycDomainRoutes","1737","30"
"POST","/api/v1","/farmer-kyc/application/:id/reject","/api/v1/farmer-kyc/application/:id/reject","C:\Users\DIYA GOEL\Downloads\EBDESIGN\backend\src\routes\farmerKycDomainRoutes.js","farmerKycDomainRoutes","1737","31"
"GET","/api/v1","/farmer-verification/requests","/api/v1/farmer-verification/requests","C:\Users\DIYA GOEL\Downloads\EBDESIGN\backend\src\routes\farmerVerificationDomainRoutes.js","farmerVerificationDomainRoutes","1738","28"
"POST","/api/v1","/farmer-verification/request","/api/v1/farmer-verification/request","C:\Users\DIYA GOEL\Downloads\EBDESIGN\backend\src\routes\farmerVerificationDomainRoutes.js","farmerVerificationDomainRoutes","1738","29"
"POST","/api/v1","/farmer-verification/request/:id/verify","/api/v1/farmer-verification/request/:id/verify","C:\Users\DIYA GOEL\Downloads\EBDESIGN\backend\src\routes\farmerVerificationDomainRoutes.js","farmerVerificationDomainRoutes","1738","30"
"POST","/api/v1","/farmer-verification/request/:id/reject","/api/v1/farmer-verification/request/:id/reject","C:\Users\DIYA GOEL\Downloads\EBDESIGN\backend\src\routes\farmerVerificationDomainRoutes.js","farmerVerificationDomainRoutes","1738","31"
"GET","/api/v1","/land/parcels","/api/v1/land/parcels","C:\Users\DIYA GOEL\Downloads\EBDESIGN\backend\src\routes\landRecordsDomainRoutes.js","landRecordsDomainRoutes","1740","25"
"POST","/api/v1","/land/parcel","/api/v1/land/parcel","C:\Users\DIYA GOEL\Downloads\EBDESIGN\backend\src\routes\landRecordsDomainRoutes.js","landRecordsDomainRoutes","1740","26"
"PUT","/api/v1","/land/parcel/:id","/api/v1/land/parcel/:id","C:\Users\DIYA GOEL\Downloads\EBDESIGN\backend\src\routes\landRecordsDomainRoutes.js","landRecordsDomainRoutes","1740","27"
"DELETE","/api/v1","/land/parcel/:id","/api/v1/land/parcel/:id","C:\Users\DIYA GOEL\Downloads\EBDESIGN\backend\src\routes\landRecordsDomainRoutes.js","landRecordsDomainRoutes","1740","28"
"POST","/api/v1","/return-load-board/capacity","/api/v1/return-load-board/capacity","C:\Users\DIYA GOEL\Downloads\EBDESIGN\backend\src\routes\returnLoadBoardDomainRoutes.js","returnLoadBoardDomainRoutes","1741","23"
"GET","/api/v1","/return-load-board/search","/api/v1/return-load-board/search","C:\Users\DIYA GOEL\Downloads\EBDESIGN\backend\src\routes\returnLoadBoardDomainRoutes.js","returnLoadBoardDomainRoutes","1741","24"
"POST","/api/v1","/return-load-board/posting/:postingId/book","/api/v1/return-load-board/posting/:postingId/book","C:\Users\DIYA GOEL\Downloads\EBDESIGN\backend\src\routes\returnLoadBoardDomainRoutes.js","returnLoadBoardDomainRoutes","1741","25"
"POST","/api/v1","/return-load-board/posting/:postingId/cancel","/api/v1/return-load-board/posting/:postingId/cancel","C:\Users\DIYA GOEL\Downloads\EBDESIGN\backend\src\routes\returnLoadBoardDomainRoutes.js","returnLoadBoardDomainRoutes","1741","26"
"GET","/api/v1","/realtime-monitoring/monitors","/api/v1/realtime-monitoring/monitors","C:\Users\DIYA GOEL\Downloads\EBDESIGN\backend\src\routes\realtimeMonitoringDomainRoutes.js","realtimeMonitoringDomainRoutes","1742","26"
"GET","/api/v1","/realtime-monitoring/health","/api/v1/realtime-monitoring/health","C:\Users\DIYA GOEL\Downloads\EBDESIGN\backend\src\routes\realtimeMonitoringDomainRoutes.js","realtimeMonitoringDomainRoutes","1742","27"
"GET","/api/v1","/realtime-monitoring/monitor/:id/status","/api/v1/realtime-monitoring/monitor/:id/status","C:\Users\DIYA GOEL\Downloads\EBDESIGN\backend\src\routes\realtimeMonitoringDomainRoutes.js","realtimeMonitoringDomainRoutes","1742","28"
"POST","/api/v1","/realtime-monitoring/monitor/:id/stop","/api/v1/realtime-monitoring/monitor/:id/stop","C:\Users\DIYA GOEL\Downloads\EBDESIGN\backend\src\routes\realtimeMonitoringDomainRoutes.js","realtimeMonitoringDomainRoutes","1742","29"
"POST","/api/v1","/realtime-monitoring/resource/:resourceId/start","/api/v1/realtime-monitoring/resource/:resourceId/start","C:\Users\DIYA GOEL\Downloads\EBDESIGN\backend\src\routes\realtimeMonitoringDomainRoutes.js","realtimeMonitoringDomainRoutes","1742","30"
"POST","/api/v1","/conversational-ai/session","/api/v1/conversational-ai/session","C:\Users\DIYA GOEL\Downloads\EBDESIGN\backend\src\routes\conversationalAIDomainRoutes.js","conversationalAIDomainRoutes","1743","29"
"GET","/api/v1","/conversational-ai/domains","/api/v1/conversational-ai/domains","C:\Users\DIYA GOEL\Downloads\EBDESIGN\backend\src\routes\conversationalAIDomainRoutes.js","conversationalAIDomainRoutes","1743","30"
"POST","/api/v1","/conversational-ai/session/:sessionId/respond","/api/v1/conversational-ai/session/:sessionId/respond","C:\Users\DIYA GOEL\Downloads\EBDESIGN\backend\src\routes\conversationalAIDomainRoutes.js","conversationalAIDomainRoutes","1743","31"
"POST","/api/v1","/conversational-ai/session/:sessionId/end","/api/v1/conversational-ai/session/:sessionId/end","C:\Users\DIYA GOEL\Downloads\EBDESIGN\backend\src\routes\conversationalAIDomainRoutes.js","conversationalAIDomainRoutes","1743","32"
"POST","/api/v1","/voice-ai/session","/api/v1/voice-ai/session","C:\Users\DIYA GOEL\Downloads\EBDESIGN\backend\src\routes\voiceAIDomainRoutes.js","voiceAIDomainRoutes","1744","25"
"POST","/api/v1","/voice-ai/session/:sessionId/end","/api/v1/voice-ai/session/:sessionId/end","C:\Users\DIYA GOEL\Downloads\EBDESIGN\backend\src\routes\voiceAIDomainRoutes.js","voiceAIDomainRoutes","1744","26"
"GET","/api/v1","/voice-ai/preferences","/api/v1/voice-ai/preferences","C:\Users\DIYA GOEL\Downloads\EBDESIGN\backend\src\routes\voiceAIDomainRoutes.js","voiceAIDomainRoutes","1744","27"
"POST","/api/v1","/voice-ai/command","/api/v1/voice-ai/command","C:\Users\DIYA GOEL\Downloads\EBDESIGN\backend\src\routes\voiceAIDomainRoutes.js","voiceAIDomainRoutes","1744","28"
"POST","/api/v1","/ai-backbone/call","/api/v1/ai-backbone/call","C:\Users\DIYA GOEL\Downloads\EBDESIGN\backend\src\routes\aiBackboneDomainRoutes.js","aiBackboneDomainRoutes","1745","27"
"POST","/api/v1","/ai-backbone/reset-statistics","/api/v1/ai-backbone/reset-statistics","C:\Users\DIYA GOEL\Downloads\EBDESIGN\backend\src\routes\aiBackboneDomainRoutes.js","aiBackboneDomainRoutes","1745","28"
"GET","/api/v1","/ai-backbone/provider-status","/api/v1/ai-backbone/provider-status","C:\Users\DIYA GOEL\Downloads\EBDESIGN\backend\src\routes\aiBackboneDomainRoutes.js","aiBackboneDomainRoutes","1745","29"
"GET","/api/v1","/companies","/api/v1/companies","C:\Users\DIYA GOEL\Downloads\EBDESIGN\backend\src\routes\companyDomainRoutes.js","companyDomainRoutes","1746","27"
"GET","/api/v1","/company/:id","/api/v1/company/:id","C:\Users\DIYA GOEL\Downloads\EBDESIGN\backend\src\routes\companyDomainRoutes.js","companyDomainRoutes","1746","28"
"GET","/api/v1","/company/:id/fiscal-years","/api/v1/company/:id/fiscal-years","C:\Users\DIYA GOEL\Downloads\EBDESIGN\backend\src\routes\companyDomainRoutes.js","companyDomainRoutes","1746","29"
"GET","/api/v1","/company/:id/chart-of-accounts","/api/v1/company/:id/chart-of-accounts","C:\Users\DIYA GOEL\Downloads\EBDESIGN\backend\src\routes\companyDomainRoutes.js","companyDomainRoutes","1746","30"
"GET","/api/v1","/finance/my-enwr-receipts","/api/v1/finance/my-enwr-receipts","C:\Users\DIYA GOEL\Downloads\EBDESIGN\backend\src\routes\financeDomainRoutes.js","financeDomainRoutes","1747","28"
"GET","/api/v1","/finance/trial-balance","/api/v1/finance/trial-balance","C:\Users\DIYA GOEL\Downloads\EBDESIGN\backend\src\routes\financeDomainRoutes.js","financeDomainRoutes","1747","29"
"GET","/api/v1","/finance/verify-ledger","/api/v1/finance/verify-ledger","C:\Users\DIYA GOEL\Downloads\EBDESIGN\backend\src\routes\financeDomainRoutes.js","financeDomainRoutes","1747","30"
"GET","/api/v1","/compliance/tds-summary","/api/v1/compliance/tds-summary","C:\Users\DIYA GOEL\Downloads\EBDESIGN\backend\src\routes\complianceDomainRoutes.js","complianceDomainRoutes","1748","28"
"GET","/api/v1","/compliance/tds-rates","/api/v1/compliance/tds-rates","C:\Users\DIYA GOEL\Downloads\EBDESIGN\backend\src\routes\complianceDomainRoutes.js","complianceDomainRoutes","1748","29"
"GET","/api/v1","/compliance/rcm-outstanding","/api/v1/compliance/rcm-outstanding","C:\Users\DIYA GOEL\Downloads\EBDESIGN\backend\src\routes\complianceDomainRoutes.js","complianceDomainRoutes","1748","30"
"GET","/api/v1","/defense-fitness-prep/categories","/api/v1/defense-fitness-prep/categories","C:\Users\DIYA GOEL\Downloads\EBDESIGN\backend\src\routes\defenseFitnessPrepDomainRoutes.js","defenseFitnessPrepDomainRoutes","1749","24"
"GET","/api/v1","/defense-fitness-prep/readiness/:category","/api/v1/defense-fitness-prep/readiness/:category","C:\Users\DIYA GOEL\Downloads\EBDESIGN\backend\src\routes\defenseFitnessPrepDomainRoutes.js","defenseFitnessPrepDomainRoutes","1749","25"
"POST","/api/v1","/defense-fitness-prep/attempt","/api/v1/defense-fitness-prep/attempt","C:\Users\DIYA GOEL\Downloads\EBDESIGN\backend\src\routes\defenseFitnessPrepDomainRoutes.js","defenseFitnessPrepDomainRoutes","1749","26"
"GET","/api/v1","/enterprise-integration/current","/api/v1/enterprise-integration/current","C:\Users\DIYA GOEL\Downloads\EBDESIGN\backend\src\routes\enterpriseIntegrationDomainRoutes.js","enterpriseIntegrationDomainRoutes","1750","29"
"GET","/api/v1","/enterprise-integration/health/:integrationId","/api/v1/enterprise-integration/health/:integrationId","C:\Users\DIYA GOEL\Downloads\EBDESIGN\backend\src\routes\enterpriseIntegrationDomainRoutes.js","enterpriseIntegrationDomainRoutes","1750","30"
"GET","/api/v1","/escrow/list","/api/v1/escrow/list","C:\Users\DIYA GOEL\Downloads\EBDESIGN\backend\src\routes\escrowDomainRoutes.js","escrowDomainRoutes","1751","24"
"POST","/api/v1","/escrow/:escrowId/release","/api/v1/escrow/:escrowId/release","C:\Users\DIYA GOEL\Downloads\EBDESIGN\backend\src\routes\escrowDomainRoutes.js","escrowDomainRoutes","1751","25"
"POST","/api/v1","/escrow/:escrowId/refund","/api/v1/escrow/:escrowId/refund","C:\Users\DIYA GOEL\Downloads\EBDESIGN\backend\src\routes\escrowDomainRoutes.js","escrowDomainRoutes","1751","26"
"GET","/api/v1","/financial/loans","/api/v1/financial/loans","C:\Users\DIYA GOEL\Downloads\EBDESIGN\backend\src\routes\financialAIDomainRoutes.js","financialAIDomainRoutes","1752","25"
"POST","/api/v1","/system-administration/self-healing","/api/v1/system-administration/self-healing","C:\Users\DIYA GOEL\Downloads\EBDESIGN\backend\src\routes\systemAdministrationDomainRoutes.js","systemAdministrationDomainRoutes","1753","26"
"GET","/api/v1","/system-administration/capacity-forecast","/api/v1/system-administration/capacity-forecast","C:\Users\DIYA GOEL\Downloads\EBDESIGN\backend\src\routes\systemAdministrationDomainRoutes.js","systemAdministrationDomainRoutes","1753","27"
"GET","/api/v1","/system-administration/health-dashboard","/api/v1/system-administration/health-dashboard","C:\Users\DIYA GOEL\Downloads\EBDESIGN\backend\src\routes\systemAdministrationDomainRoutes.js","systemAdministrationDomainRoutes","1753","28"
"GET","/api/v1","/logistics-ai/shipments","/api/v1/logistics-ai/shipments","C:\Users\DIYA GOEL\Downloads\EBDESIGN\backend\src\routes\logisticsAIDomainRoutes.js","logisticsAIDomainRoutes","1754","27"
"GET","/api/v1","/blockchain-verification/product/:productId/verify","/api/v1/blockchain-verification/product/:productId/verify","C:\Users\DIYA GOEL\Downloads\EBDESIGN\backend\src\routes\blockchainVerificationDomainRoutes.js","blockchainVerificationDomainRoutes","1755","27"
"GET","/api/v1","/blockchain-verification/stats","/api/v1/blockchain-verification/stats","C:\Users\DIYA GOEL\Downloads\EBDESIGN\backend\src\routes\blockchainVerificationDomainRoutes.js","blockchainVerificationDomainRoutes","1755","28"
"GET","/api/v1","/knowledge-graph/search","/api/v1/knowledge-graph/search","C:\Users\DIYA GOEL\Downloads\EBDESIGN\backend\src\routes\knowledgeGraphDomainRoutes.js","knowledgeGraphDomainRoutes","1756","27"
"POST","/api/v1","/","/api/v1/","C:\Users\DIYA GOEL\Downloads\EBDESIGN\backend\src\routes\aiDomainAdapterRoutes.js","aiDomainAdapterRoutes","1757","18"
"GET","/api/v1","/health","/api/v1/health","C:\Users\DIYA GOEL\Downloads\EBDESIGN\backend\src\routes\aiDomainAdapterRoutes.js","aiDomainAdapterRoutes","1757","30"
"GET","/api/v1","/crop-value-research/pending","/api/v1/crop-value-research/pending","C:\Users\DIYA GOEL\Downloads\EBDESIGN\backend\src\routes\cropValueResearchDomainRoutes.js","cropValueResearchDomainRoutes","1758","24"
"POST","/api/v1","/crop-value-research/:id/review","/api/v1/crop-value-research/:id/review","C:\Users\DIYA GOEL\Downloads\EBDESIGN\backend\src\routes\cropValueResearchDomainRoutes.js","cropValueResearchDomainRoutes","1758","25"
"GET","/api/v1","/tenant-management/tenants","/api/v1/tenant-management/tenants","C:\Users\DIYA GOEL\Downloads\EBDESIGN\backend\src\routes\tenantManagementDomainRoutes.js","tenantManagementDomainRoutes","1759","27"
"POST","/api/v1","/tenant-management/tenant","/api/v1/tenant-management/tenant","C:\Users\DIYA GOEL\Downloads\EBDESIGN\backend\src\routes\tenantManagementDomainRoutes.js","tenantManagementDomainRoutes","1759","28"
"DELETE","/api/v1","/tenant-management/tenant/:id","/api/v1/tenant-management/tenant/:id","C:\Users\DIYA GOEL\Downloads\EBDESIGN\backend\src\routes\tenantManagementDomainRoutes.js","tenantManagementDomainRoutes","1759","29"
"GET","/api/v1","/platform-core/health","/api/v1/platform-core/health","C:\Users\DIYA GOEL\Downloads\EBDESIGN\backend\src\routes\platformCoreDomainRoutes.js","platformCoreDomainRoutes","1760","28"
"GET","/api/v1","/platform-core/scaling-recommendations","/api/v1/platform-core/scaling-recommendations","C:\Users\DIYA GOEL\Downloads\EBDESIGN\backend\src\routes\platformCoreDomainRoutes.js","platformCoreDomainRoutes","1760","29"
"POST","/api/v1","/mfa/setup","/api/v1/mfa/setup","C:\Users\DIYA GOEL\Downloads\EBDESIGN\backend\src\routes\mfaDomainRoutes.js","mfaDomainRoutes","1761","23"
"POST","/api/v1","/mfa/verify","/api/v1/mfa/verify","C:\Users\DIYA GOEL\Downloads\EBDESIGN\backend\src\routes\mfaDomainRoutes.js","mfaDomainRoutes","1761","24"
"GET","/api/v1","/organic-traceability/consumer-transparency","/api/v1/organic-traceability/consumer-transparency","C:\Users\DIYA GOEL\Downloads\EBDESIGN\backend\src\routes\organicTraceabilityDomainRoutes.js","organicTraceabilityDomainRoutes","1762","21"
"GET","/api/v1","/ecommerce-marketing","/api/v1/ecommerce-marketing","C:\Users\DIYA GOEL\Downloads\EBDESIGN\backend\src\routes\ecommerceMarketingDomainRoutes.js","ecommerceMarketingDomainRoutes","1763","30"
"POST","/api/v1","/ecommerce-marketing/campaign","/api/v1/ecommerce-marketing/campaign","C:\Users\DIYA GOEL\Downloads\EBDESIGN\backend\src\routes\ecommerceMarketingDomainRoutes.js","ecommerceMarketingDomainRoutes","1763","31"
"GET","/api/v1","/seller-ranking","/api/v1/seller-ranking","C:\Users\DIYA GOEL\Downloads\EBDESIGN\backend\src\routes\sellerRankingDomainRoutes.js","sellerRankingDomainRoutes","1764","24"
"GET","/api/v1","/farmer-value/season-ledger","/api/v1/farmer-value/season-ledger","C:\Users\DIYA GOEL\Downloads\EBDESIGN\backend\src\routes\farmerValueDomainRoutes.js","farmerValueDomainRoutes","1765","31"
"GET","/api/v1","/transactions","/api/v1/transactions","C:\Users\DIYA GOEL\Downloads\EBDESIGN\backend\src\routes\transactionDomainRoutes.js","transactionDomainRoutes","1766","18"
"GET","/api/v1","/notifications","/api/v1/notifications","C:\Users\DIYA GOEL\Downloads\EBDESIGN\backend\src\routes\notificationDomainRoutes.js","notificationDomainRoutes","1767","24"
"PUT","/api/v1","/notifications/:id/read","/api/v1/notifications/:id/read","C:\Users\DIYA GOEL\Downloads\EBDESIGN\backend\src\routes\notificationDomainRoutes.js","notificationDomainRoutes","1767","25"
"PUT","/api/v1","/notifications/read-all","/api/v1/notifications/read-all","C:\Users\DIYA GOEL\Downloads\EBDESIGN\backend\src\routes\notificationDomainRoutes.js","notificationDomainRoutes","1767","26"
"POST","/api/v1","/privacy-settings/consent","/api/v1/privacy-settings/consent","C:\Users\DIYA GOEL\Downloads\EBDESIGN\backend\src\routes\privacyDomainRoutes.js","privacyDomainRoutes","1768","17"
"GET","/api/v1","/pest-forecasting","/api/v1/pest-forecasting","C:\Users\DIYA GOEL\Downloads\EBDESIGN\backend\src\routes\pestForecastingDomainRoutes.js","pestForecastingDomainRoutes","1769","22"
"GET","/api/v1","/admin/recent-audit","/api/v1/admin/recent-audit","C:\Users\DIYA GOEL\Downloads\EBDESIGN\backend\src\routes\adminAuditDomainRoutes.js","adminAuditDomainRoutes","1770","31"
"GET","/api/v1","/system/health","/api/v1/system/health","C:\Users\DIYA GOEL\Downloads\EBDESIGN\backend\src\routes\adminAuditDomainRoutes.js","adminAuditDomainRoutes","1770","32"
"GET","/api/v1/apiculture","/health","/api/v1/apiculture/health","C:\Users\DIYA GOEL\Downloads\EBDESIGN\backend\src\routes\apicultureRoutes.js","apicultureRoutes","1771","15"
"GET","/api/v1/apiculture","/","/api/v1/apiculture/","C:\Users\DIYA GOEL\Downloads\EBDESIGN\backend\src\routes\apicultureRoutes.js","apicultureRoutes","1771","23"
"GET","/api/v1/apiculture","/:id","/api/v1/apiculture/:id","C:\Users\DIYA GOEL\Downloads\EBDESIGN\backend\src\routes\apicultureRoutes.js","apicultureRoutes","1771","38"
"POST","/api/v1/apiculture","/","/api/v1/apiculture/","C:\Users\DIYA GOEL\Downloads\EBDESIGN\backend\src\routes\apicultureRoutes.js","apicultureRoutes","1771","48"
"GET","/api/v1/apiculture","/:id/honey","/api/v1/apiculture/:id/honey","C:\Users\DIYA GOEL\Downloads\EBDESIGN\backend\src\routes\apicultureRoutes.js","apicultureRoutes","1771","58"
"GET","/api/v1/apiculture","/:id/hives","/api/v1/apiculture/:id/hives","C:\Users\DIYA GOEL\Downloads\EBDESIGN\backend\src\routes\apicultureRoutes.js","apicultureRoutes","1771","68"
"GET","/api/v1/strategic/contract-farming","/health","/api/v1/strategic/contract-farming/health","C:\Users\DIYA GOEL\Downloads\EBDESIGN\backend\src\routes\contractFarmingRoutes.js","contractFarmingRoutes","1772","18"
"POST","/api/v1/strategic/contract-farming","/contracts","/api/v1/strategic/contract-farming/contracts","C:\Users\DIYA GOEL\Downloads\EBDESIGN\backend\src\routes\contractFarmingRoutes.js","contractFarmingRoutes","1772","34"
"GET","/api/v1/strategic/contract-farming","/contracts/:id","/api/v1/strategic/contract-farming/contracts/:id","C:\Users\DIYA GOEL\Downloads\EBDESIGN\backend\src\routes\contractFarmingRoutes.js","contractFarmingRoutes","1772","48"
"POST","/api/v1/strategic/contract-farming","/contracts/:id/input-usage","/api/v1/strategic/contract-farming/contracts/:id/input-usage","C:\Users\DIYA GOEL\Downloads\EBDESIGN\backend\src\routes\contractFarmingRoutes.js","contractFarmingRoutes","1772","62"
"POST","/api/v1/strategic/contract-farming","/quality-tests/:testId/result","/api/v1/strategic/contract-farming/quality-tests/:testId/result","C:\Users\DIYA GOEL\Downloads\EBDESIGN\backend\src\routes\contractFarmingRoutes.js","contractFarmingRoutes","1772","76"
"POST","/api/v1/strategic/contract-farming","/contracts/:id/amend","/api/v1/strategic/contract-farming/contracts/:id/amend","C:\Users\DIYA GOEL\Downloads\EBDESIGN\backend\src\routes\contractFarmingRoutes.js","contractFarmingRoutes","1772","90"
"GET","/api/v1/strategic/contract-farming","/buyer-portfolio","/api/v1/strategic/contract-farming/buyer-portfolio","C:\Users\DIYA GOEL\Downloads\EBDESIGN\backend\src\routes\contractFarmingRoutes.js","contractFarmingRoutes","1772","104"
"GET","/api/v1/strategic/contract-farming","/opportunities","/api/v1/strategic/contract-farming/opportunities","C:\Users\DIYA GOEL\Downloads\EBDESIGN\backend\src\routes\contractFarmingRoutes.js","contractFarmingRoutes","1772","118"
"GET","/api/v1/strategic/contract-farming","/farmer-contracts","/api/v1/strategic/contract-farming/farmer-contracts","C:\Users\DIYA GOEL\Downloads\EBDESIGN\backend\src\routes\contractFarmingRoutes.js","contractFarmingRoutes","1772","132"
"GET","/api/v1/forestry","/health","/api/v1/forestry/health","C:\Users\DIYA GOEL\Downloads\EBDESIGN\backend\src\routes\forestryRoutes.js","forestryRoutes","1773","14"
"GET","/api/v1/forestry","/","/api/v1/forestry/","C:\Users\DIYA GOEL\Downloads\EBDESIGN\backend\src\routes\forestryRoutes.js","forestryRoutes","1773","21"
"GET","/api/v1/forestry","/:id","/api/v1/forestry/:id","C:\Users\DIYA GOEL\Downloads\EBDESIGN\backend\src\routes\forestryRoutes.js","forestryRoutes","1773","35"
"POST","/api/v1/forestry","/","/api/v1/forestry/","C:\Users\DIYA GOEL\Downloads\EBDESIGN\backend\src\routes\forestryRoutes.js","forestryRoutes","1773","44"
"GET","/api/v1/forestry","/:id/timber","/api/v1/forestry/:id/timber","C:\Users\DIYA GOEL\Downloads\EBDESIGN\backend\src\routes\forestryRoutes.js","forestryRoutes","1773","53"
"GET","/api/v1/forestry","/:id/plantation","/api/v1/forestry/:id/plantation","C:\Users\DIYA GOEL\Downloads\EBDESIGN\backend\src\routes\forestryRoutes.js","forestryRoutes","1773","62"
"GET","/api/v1/vermicompost","/health","/api/v1/vermicompost/health","C:\Users\DIYA GOEL\Downloads\EBDESIGN\backend\src\routes\vermicompostRoutes.js","vermicompostRoutes","1774","16"
"GET","/api/v1/vermicompost","/","/api/v1/vermicompost/","C:\Users\DIYA GOEL\Downloads\EBDESIGN\backend\src\routes\vermicompostRoutes.js","vermicompostRoutes","1774","23"
"GET","/api/v1/vermicompost","/:id","/api/v1/vermicompost/:id","C:\Users\DIYA GOEL\Downloads\EBDESIGN\backend\src\routes\vermicompostRoutes.js","vermicompostRoutes","1774","37"
"POST","/api/v1/vermicompost","/","/api/v1/vermicompost/","C:\Users\DIYA GOEL\Downloads\EBDESIGN\backend\src\routes\vermicompostRoutes.js","vermicompostRoutes","1774","46"
"GET","/api/v1/vermicompost","/:id/earthworms","/api/v1/vermicompost/:id/earthworms","C:\Users\DIYA GOEL\Downloads\EBDESIGN\backend\src\routes\vermicompostRoutes.js","vermicompostRoutes","1774","55"
"GET","/api/v1/vermicompost","/:id/waste","/api/v1/vermicompost/:id/waste","C:\Users\DIYA GOEL\Downloads\EBDESIGN\backend\src\routes\vermicompostRoutes.js","vermicompostRoutes","1774","64"
"GET","/api/v1/sericulture","/health","/api/v1/sericulture/health","C:\Users\DIYA GOEL\Downloads\EBDESIGN\backend\src\routes\sericultureRoutes.js","sericultureRoutes","1775","16"
"GET","/api/v1/sericulture","/","/api/v1/sericulture/","C:\Users\DIYA GOEL\Downloads\EBDESIGN\backend\src\routes\sericultureRoutes.js","sericultureRoutes","1775","23"
"GET","/api/v1/sericulture","/:id","/api/v1/sericulture/:id","C:\Users\DIYA GOEL\Downloads\EBDESIGN\backend\src\routes\sericultureRoutes.js","sericultureRoutes","1775","37"
"POST","/api/v1/sericulture","/","/api/v1/sericulture/","C:\Users\DIYA GOEL\Downloads\EBDESIGN\backend\src\routes\sericultureRoutes.js","sericultureRoutes","1775","46"
"GET","/api/v1/sericulture","/:id/silk","/api/v1/sericulture/:id/silk","C:\Users\DIYA GOEL\Downloads\EBDESIGN\backend\src\routes\sericultureRoutes.js","sericultureRoutes","1775","55"
"GET","/api/v1/sericulture","/:id/mulberry","/api/v1/sericulture/:id/mulberry","C:\Users\DIYA GOEL\Downloads\EBDESIGN\backend\src\routes\sericultureRoutes.js","sericultureRoutes","1775","64"
"GET","/api/v1/fisheries","/health","/api/v1/fisheries/health","C:\Users\DIYA GOEL\Downloads\EBDESIGN\backend\src\routes\fisheriesRoutes.js","fisheriesRoutes","1776","18"
"GET","/api/v1/fisheries","/","/api/v1/fisheries/","C:\Users\DIYA GOEL\Downloads\EBDESIGN\backend\src\routes\fisheriesRoutes.js","fisheriesRoutes","1776","25"
"GET","/api/v1/fisheries","/:id","/api/v1/fisheries/:id","C:\Users\DIYA GOEL\Downloads\EBDESIGN\backend\src\routes\fisheriesRoutes.js","fisheriesRoutes","1776","39"
"POST","/api/v1/fisheries","/","/api/v1/fisheries/","C:\Users\DIYA GOEL\Downloads\EBDESIGN\backend\src\routes\fisheriesRoutes.js","fisheriesRoutes","1776","48"
"GET","/api/v1/fisheries","/:id/ponds","/api/v1/fisheries/:id/ponds","C:\Users\DIYA GOEL\Downloads\EBDESIGN\backend\src\routes\fisheriesRoutes.js","fisheriesRoutes","1776","57"
"GET","/api/v1/fisheries","/:id/feed","/api/v1/fisheries/:id/feed","C:\Users\DIYA GOEL\Downloads\EBDESIGN\backend\src\routes\fisheriesRoutes.js","fisheriesRoutes","1776","66"
"GET","/api/v1/fisheries","/:id/harvest","/api/v1/fisheries/:id/harvest","C:\Users\DIYA GOEL\Downloads\EBDESIGN\backend\src\routes\fisheriesRoutes.js","fisheriesRoutes","1776","75"
"GET","/api/v1/strategic/household","/health","/api/v1/strategic/household/health","C:\Users\DIYA GOEL\Downloads\EBDESIGN\backend\src\routes\householdProcurementRoutes.js","householdProcurementRoutes","1777","18"
"GET","/api/v1/strategic/household","/procurement-plans","/api/v1/strategic/household/procurement-plans","C:\Users\DIYA GOEL\Downloads\EBDESIGN\backend\src\routes\householdProcurementRoutes.js","householdProcurementRoutes","1777","29"
"GET","/api/v1/strategic/household","/subscriptions","/api/v1/strategic/household/subscriptions","C:\Users\DIYA GOEL\Downloads\EBDESIGN\backend\src\routes\householdProcurementRoutes.js","householdProcurementRoutes","1777","34"
"POST","/api/v1/strategic/household","/procurement-plans","/api/v1/strategic/household/procurement-plans","C:\Users\DIYA GOEL\Downloads\EBDESIGN\backend\src\routes\householdProcurementRoutes.js","householdProcurementRoutes","1777","39"
"GET","/api/v1/strategic/household","/procurement-plans/:id","/api/v1/strategic/household/procurement-plans/:id","C:\Users\DIYA GOEL\Downloads\EBDESIGN\backend\src\routes\householdProcurementRoutes.js","householdProcurementRoutes","1777","48"
"POST","/api/v1/strategic/household","/subscriptions","/api/v1/strategic/household/subscriptions","C:\Users\DIYA GOEL\Downloads\EBDESIGN\backend\src\routes\householdProcurementRoutes.js","householdProcurementRoutes","1777","58"
"PUT","/api/v1/strategic/household","/subscriptions/:id","/api/v1/strategic/household/subscriptions/:id","C:\Users\DIYA GOEL\Downloads\EBDESIGN\backend\src\routes\householdProcurementRoutes.js","householdProcurementRoutes","1777","67"
"GET","/api/v1/strategic/household","/dashboard","/api/v1/strategic/household/dashboard","C:\Users\DIYA GOEL\Downloads\EBDESIGN\backend\src\routes\householdProcurementRoutes.js","householdProcurementRoutes","1777","76"
"POST","/api/v1/strategic/household","/aggregate-orders","/api/v1/strategic/household/aggregate-orders","C:\Users\DIYA GOEL\Downloads\EBDESIGN\backend\src\routes\householdProcurementRoutes.js","householdProcurementRoutes","1777","85"
"GET","/api/v1/strategic/household","/aggregation-groups/:id","/api/v1/strategic/household/aggregation-groups/:id","C:\Users\DIYA GOEL\Downloads\EBDESIGN\backend\src\routes\householdProcurementRoutes.js","householdProcurementRoutes","1777","94"
"POST","/api/v1/farmer-procurement","/offers","/api/v1/farmer-procurement/offers","C:\Users\DIYA GOEL\Downloads\EBDESIGN\backend\src\routes\farmerProcurementQuoteRoutes.js","farmerProcurementQuoteRoutes","1778","8"
"POST","/api/v1/farmer-procurement","/offers/:id/approve","/api/v1/farmer-procurement/offers/:id/approve","C:\Users\DIYA GOEL\Downloads\EBDESIGN\backend\src\routes\farmerProcurementQuoteRoutes.js","farmerProcurementQuoteRoutes","1778","18"
"POST","/api/v1/farmer-procurement","/compare","/api/v1/farmer-procurement/compare","C:\Users\DIYA GOEL\Downloads\EBDESIGN\backend\src\routes\farmerProcurementQuoteRoutes.js","farmerProcurementQuoteRoutes","1778","28"
"GET","/api/v1/module-registry","/discover","/api/v1/module-registry/discover","C:\Users\DIYA GOEL\Downloads\EBDESIGN\backend\src\routes\moduleRegistryRoutes.js","moduleRegistryRoutes","1779","43"
"GET","/api/v1/module-registry","/stats","/api/v1/module-registry/stats","C:\Users\DIYA GOEL\Downloads\EBDESIGN\backend\src\routes\moduleRegistryRoutes.js","moduleRegistryRoutes","1779","54"
"GET","/api/v1/module-registry","/loaded","/api/v1/module-registry/loaded","C:\Users\DIYA GOEL\Downloads\EBDESIGN\backend\src\routes\moduleRegistryRoutes.js","moduleRegistryRoutes","1779","63"
"GET","/api/v1/module-registry","/modules","/api/v1/module-registry/modules","C:\Users\DIYA GOEL\Downloads\EBDESIGN\backend\src\routes\moduleRegistryRoutes.js","moduleRegistryRoutes","1779","79"
"GET","/api/v1/module-registry","/modules/:moduleName","/api/v1/module-registry/modules/:moduleName","C:\Users\DIYA GOEL\Downloads\EBDESIGN\backend\src\routes\moduleRegistryRoutes.js","moduleRegistryRoutes","1779","111"
"POST","/api/v1/module-registry","/:moduleId/load","/api/v1/module-registry/:moduleId/load","C:\Users\DIYA GOEL\Downloads\EBDESIGN\backend\src\routes\moduleRegistryRoutes.js","moduleRegistryRoutes","1779","140"
"POST","/api/v1/module-registry","/:moduleId/execute","/api/v1/module-registry/:moduleId/execute","C:\Users\DIYA GOEL\Downloads\EBDESIGN\backend\src\routes\moduleRegistryRoutes.js","moduleRegistryRoutes","1779","150"
"GET","/api/v1/module-registry","/:moduleId/health","/api/v1/module-registry/:moduleId/health","C:\Users\DIYA GOEL\Downloads\EBDESIGN\backend\src\routes\moduleRegistryRoutes.js","moduleRegistryRoutes","1779","164"
"GET","/api/v1/strategic/pre-season","/health","/api/v1/strategic/pre-season/health","C:\Users\DIYA GOEL\Downloads\EBDESIGN\backend\src\routes\preSeasonPurchaseRoutes.js","preSeasonPurchaseRoutes","1780","17"
"POST","/api/v1/strategic/pre-season","/agreements","/api/v1/strategic/pre-season/agreements","C:\Users\DIYA GOEL\Downloads\EBDESIGN\backend\src\routes\preSeasonPurchaseRoutes.js","preSeasonPurchaseRoutes","1780","28"
"GET","/api/v1/strategic/pre-season","/agreements/:id","/api/v1/strategic/pre-season/agreements/:id","C:\Users\DIYA GOEL\Downloads\EBDESIGN\backend\src\routes\preSeasonPurchaseRoutes.js","preSeasonPurchaseRoutes","1780","37"
"PUT","/api/v1/strategic/pre-season","/agreements/:id/milestones/:milestoneId","/api/v1/strategic/pre-season/agreements/:id/milestones/:milestoneId","C:\Users\DIYA GOEL\Downloads\EBDESIGN\backend\src\routes\preSeasonPurchaseRoutes.js","preSeasonPurchaseRoutes","1780","46"
"POST","/api/v1/strategic/pre-season","/agreements/:id/settle","/api/v1/strategic/pre-season/agreements/:id/settle","C:\Users\DIYA GOEL\Downloads\EBDESIGN\backend\src\routes\preSeasonPurchaseRoutes.js","preSeasonPurchaseRoutes","1780","55"
"GET","/api/v1/strategic/pre-season","/opportunities","/api/v1/strategic/pre-season/opportunities","C:\Users\DIYA GOEL\Downloads\EBDESIGN\backend\src\routes\preSeasonPurchaseRoutes.js","preSeasonPurchaseRoutes","1780","64"
"GET","/api/v1/strategic/pre-season","/buyer-portfolio","/api/v1/strategic/pre-season/buyer-portfolio","C:\Users\DIYA GOEL\Downloads\EBDESIGN\backend\src\routes\preSeasonPurchaseRoutes.js","preSeasonPurchaseRoutes","1780","73"
"GET","/api/v1/strategic/pre-season","/farmer-agreements","/api/v1/strategic/pre-season/farmer-agreements","C:\Users\DIYA GOEL\Downloads\EBDESIGN\backend\src\routes\preSeasonPurchaseRoutes.js","preSeasonPurchaseRoutes","1780","82"
"GET","/api/v1/privacy","/health","/api/v1/privacy/health","C:\Users\DIYA GOEL\Downloads\EBDESIGN\backend\src\routes\gdprRoutes.js","gdprRoutes","1781","19"
"POST","/api/v1/privacy","/consent","/api/v1/privacy/consent","C:\Users\DIYA GOEL\Downloads\EBDESIGN\backend\src\routes\gdprRoutes.js","gdprRoutes","1781","27"
"GET","/api/v1/privacy","/consent/:userId","/api/v1/privacy/consent/:userId","C:\Users\DIYA GOEL\Downloads\EBDESIGN\backend\src\routes\gdprRoutes.js","gdprRoutes","1781","56"
"POST","/api/v1/privacy","/rtbf","/api/v1/privacy/rtbf","C:\Users\DIYA GOEL\Downloads\EBDESIGN\backend\src\routes\gdprRoutes.js","gdprRoutes","1781","82"
"GET","/api/v1/privacy","/export/:userId","/api/v1/privacy/export/:userId","C:\Users\DIYA GOEL\Downloads\EBDESIGN\backend\src\routes\gdprRoutes.js","gdprRoutes","1781","100"
"GET","/api/v1/privacy","/data-residency/:userId","/api/v1/privacy/data-residency/:userId","C:\Users\DIYA GOEL\Downloads\EBDESIGN\backend\src\routes\gdprRoutes.js","gdprRoutes","1781","137"
"POST","/api/v1/privacy","/privacy-impact-assessment","/api/v1/privacy/privacy-impact-assessment","C:\Users\DIYA GOEL\Downloads\EBDESIGN\backend\src\routes\gdprRoutes.js","gdprRoutes","1781","157"
"GET","/api/v1/privacy","/policy","/api/v1/privacy/policy","C:\Users\DIYA GOEL\Downloads\EBDESIGN\backend\src\routes\gdprRoutes.js","gdprRoutes","1781","180"
"POST","/api/v1/mfa","/setup","/api/v1/mfa/setup","C:\Users\DIYA GOEL\Downloads\EBDESIGN\backend\src\routes\dual-use\mfaRoutes.js","mfaRoutes","1782","15"
"POST","/api/v1/mfa","/verify","/api/v1/mfa/verify","C:\Users\DIYA GOEL\Downloads\EBDESIGN\backend\src\routes\dual-use\mfaRoutes.js","mfaRoutes","1782","56"
"POST","/api/v1/mfa","/disable","/api/v1/mfa/disable","C:\Users\DIYA GOEL\Downloads\EBDESIGN\backend\src\routes\dual-use\mfaRoutes.js","mfaRoutes","1782","97"
"POST","/api/v1/mfa","/backup/sms","/api/v1/mfa/backup/sms","C:\Users\DIYA GOEL\Downloads\EBDESIGN\backend\src\routes\dual-use\mfaRoutes.js","mfaRoutes","1782","121"
"GET","/api/v1/mfa","/status","/api/v1/mfa/status","C:\Users\DIYA GOEL\Downloads\EBDESIGN\backend\src\routes\dual-use\mfaRoutes.js","mfaRoutes","1782","154"
"GET","/api/v1/strategic/government","/health","/api/v1/strategic/government/health","C:\Users\DIYA GOEL\Downloads\EBDESIGN\backend\src\routes\governmentSubsidyRoutes.js","governmentSubsidyRoutes","1783","18"
"POST","/api/v1/strategic/government","/subsidy-programs","/api/v1/strategic/government/subsidy-programs","C:\Users\DIYA GOEL\Downloads\EBDESIGN\backend\src\routes\governmentSubsidyRoutes.js","governmentSubsidyRoutes","1783","28"
"GET","/api/v1/strategic/government","/subsidy-programs","/api/v1/strategic/government/subsidy-programs","C:\Users\DIYA GOEL\Downloads\EBDESIGN\backend\src\routes\governmentSubsidyRoutes.js","governmentSubsidyRoutes","1783","37"
"GET","/api/v1/strategic/government","/subsidy-programs/:id","/api/v1/strategic/government/subsidy-programs/:id","C:\Users\DIYA GOEL\Downloads\EBDESIGN\backend\src\routes\governmentSubsidyRoutes.js","governmentSubsidyRoutes","1783","48"
"POST","/api/v1/strategic/government","/eligibility","/api/v1/strategic/government/eligibility","C:\Users\DIYA GOEL\Downloads\EBDESIGN\backend\src\routes\governmentSubsidyRoutes.js","governmentSubsidyRoutes","1783","59"
"POST","/api/v1/strategic/government","/applications","/api/v1/strategic/government/applications","C:\Users\DIYA GOEL\Downloads\EBDESIGN\backend\src\routes\governmentSubsidyRoutes.js","governmentSubsidyRoutes","1783","68"
"GET","/api/v1/strategic/government","/applications/:id","/api/v1/strategic/government/applications/:id","C:\Users\DIYA GOEL\Downloads\EBDESIGN\backend\src\routes\governmentSubsidyRoutes.js","governmentSubsidyRoutes","1783","77"
"POST","/api/v1/strategic/government","/applications/:id/disburse","/api/v1/strategic/government/applications/:id/disburse","C:\Users\DIYA GOEL\Downloads\EBDESIGN\backend\src\routes\governmentSubsidyRoutes.js","governmentSubsidyRoutes","1783","88"
"GET","/api/v1/strategic/government","/programs/:id/impact","/api/v1/strategic/government/programs/:id/impact","C:\Users\DIYA GOEL\Downloads\EBDESIGN\backend\src\routes\governmentSubsidyRoutes.js","governmentSubsidyRoutes","1783","97"
"GET","/api/v1/strategic/government","/farmer-dashboard","/api/v1/strategic/government/farmer-dashboard","C:\Users\DIYA GOEL\Downloads\EBDESIGN\backend\src\routes\governmentSubsidyRoutes.js","governmentSubsidyRoutes","1783","106"
"GET","/api/v1/strategic/government","/dashboard","/api/v1/strategic/government/dashboard","C:\Users\DIYA GOEL\Downloads\EBDESIGN\backend\src\routes\governmentSubsidyRoutes.js","governmentSubsidyRoutes","1783","115"
"GET","/api/v1/mushroom","/health","/api/v1/mushroom/health","C:\Users\DIYA GOEL\Downloads\EBDESIGN\backend\src\routes\mushroomRoutes.js","mushroomRoutes","1784","16"
"GET","/api/v1/mushroom","/","/api/v1/mushroom/","C:\Users\DIYA GOEL\Downloads\EBDESIGN\backend\src\routes\mushroomRoutes.js","mushroomRoutes","1784","23"
"GET","/api/v1/mushroom","/:id","/api/v1/mushroom/:id","C:\Users\DIYA GOEL\Downloads\EBDESIGN\backend\src\routes\mushroomRoutes.js","mushroomRoutes","1784","37"
"POST","/api/v1/mushroom","/","/api/v1/mushroom/","C:\Users\DIYA GOEL\Downloads\EBDESIGN\backend\src\routes\mushroomRoutes.js","mushroomRoutes","1784","46"
"GET","/api/v1/mushroom","/:id/spawn","/api/v1/mushroom/:id/spawn","C:\Users\DIYA GOEL\Downloads\EBDESIGN\backend\src\routes\mushroomRoutes.js","mushroomRoutes","1784","55"
"GET","/api/v1/mushroom","/:id/substrate","/api/v1/mushroom/:id/substrate","C:\Users\DIYA GOEL\Downloads\EBDESIGN\backend\src\routes\mushroomRoutes.js","mushroomRoutes","1784","64"
"POST","/api/database-management","/databases","/api/database-management/databases","C:\Users\DIYA GOEL\Downloads\EBDESIGN\backend\src\routes\databaseManagementRoutes.js","databaseManagementRoutes","1785","29"
"GET","/api/database-management","/databases","/api/database-management/databases","C:\Users\DIYA GOEL\Downloads\EBDESIGN\backend\src\routes\databaseManagementRoutes.js","databaseManagementRoutes","1785","64"
"GET","/api/database-management","/databases/:dbId","/api/database-management/databases/:dbId","C:\Users\DIYA GOEL\Downloads\EBDESIGN\backend\src\routes\databaseManagementRoutes.js","databaseManagementRoutes","1785","85"
"GET","/api/database-management","/databases/type/:type","/api/database-management/databases/type/:type","C:\Users\DIYA GOEL\Downloads\EBDESIGN\backend\src\routes\databaseManagementRoutes.js","databaseManagementRoutes","1785","114"
"PUT","/api/database-management","/databases/:dbId","/api/database-management/databases/:dbId","C:\Users\DIYA GOEL\Downloads\EBDESIGN\backend\src\routes\databaseManagementRoutes.js","databaseManagementRoutes","1785","136"
"DELETE","/api/database-management","/databases/:dbId","/api/database-management/databases/:dbId","C:\Users\DIYA GOEL\Downloads\EBDESIGN\backend\src\routes\databaseManagementRoutes.js","databaseManagementRoutes","1785","157"
"POST","/api/database-management","/clusters","/api/database-management/clusters","C:\Users\DIYA GOEL\Downloads\EBDESIGN\backend\src\routes\databaseManagementRoutes.js","databaseManagementRoutes","1785","176"
"GET","/api/database-management","/clusters","/api/database-management/clusters","C:\Users\DIYA GOEL\Downloads\EBDESIGN\backend\src\routes\databaseManagementRoutes.js","databaseManagementRoutes","1785","208"
"GET","/api/database-management","/clusters/:clusterId","/api/database-management/clusters/:clusterId","C:\Users\DIYA GOEL\Downloads\EBDESIGN\backend\src\routes\databaseManagementRoutes.js","databaseManagementRoutes","1785","229"
"POST","/api/database-management","/replications","/api/database-management/replications","C:\Users\DIYA GOEL\Downloads\EBDESIGN\backend\src\routes\databaseManagementRoutes.js","databaseManagementRoutes","1785","258"
"GET","/api/database-management","/replications","/api/database-management/replications","C:\Users\DIYA GOEL\Downloads\EBDESIGN\backend\src\routes\databaseManagementRoutes.js","databaseManagementRoutes","1785","290"
"GET","/api/database-management","/replications/:replicationId","/api/database-management/replications/:replicationId","C:\Users\DIYA GOEL\Downloads\EBDESIGN\backend\src\routes\databaseManagementRoutes.js","databaseManagementRoutes","1785","311"
"POST","/api/database-management","/shards","/api/database-management/shards","C:\Users\DIYA GOEL\Downloads\EBDESIGN\backend\src\routes\databaseManagementRoutes.js","databaseManagementRoutes","1785","340"
"GET","/api/database-management","/shards","/api/database-management/shards","C:\Users\DIYA GOEL\Downloads\EBDESIGN\backend\src\routes\databaseManagementRoutes.js","databaseManagementRoutes","1785","372"
"GET","/api/database-management","/shards/:shardId","/api/database-management/shards/:shardId","C:\Users\DIYA GOEL\Downloads\EBDESIGN\backend\src\routes\databaseManagementRoutes.js","databaseManagementRoutes","1785","393"
"POST","/api/database-management","/backup-configs","/api/database-management/backup-configs","C:\Users\DIYA GOEL\Downloads\EBDESIGN\backend\src\routes\databaseManagementRoutes.js","databaseManagementRoutes","1785","422"
"GET","/api/database-management","/backup-configs","/api/database-management/backup-configs","C:\Users\DIYA GOEL\Downloads\EBDESIGN\backend\src\routes\databaseManagementRoutes.js","databaseManagementRoutes","1785","456"
"GET","/api/database-management","/backup-configs/:backupId","/api/database-management/backup-configs/:backupId","C:\Users\DIYA GOEL\Downloads\EBDESIGN\backend\src\routes\databaseManagementRoutes.js","databaseManagementRoutes","1785","477"
"POST","/api/database-management","/backup-configs/:backupId/execute","/api/database-management/backup-configs/:backupId/execute","C:\Users\DIYA GOEL\Downloads\EBDESIGN\backend\src\routes\databaseManagementRoutes.js","databaseManagementRoutes","1785","506"
"POST","/api/database-management","/databases/:dbId/restore/:backupId","/api/database-management/databases/:dbId/restore/:backupId","C:\Users\DIYA GOEL\Downloads\EBDESIGN\backend\src\routes\databaseManagementRoutes.js","databaseManagementRoutes","1785","525"
"GET","/api/database-management","/databases/:dbId/metrics","/api/database-management/databases/:dbId/metrics","C:\Users\DIYA GOEL\Downloads\EBDESIGN\backend\src\routes\databaseManagementRoutes.js","databaseManagementRoutes","1785","544"
"GET","/api/database-management","/metrics","/api/database-management/metrics","C:\Users\DIYA GOEL\Downloads\EBDESIGN\backend\src\routes\databaseManagementRoutes.js","databaseManagementRoutes","1785","566"
"POST","/api/database-management","/query/optimize","/api/database-management/query/optimize","C:\Users\DIYA GOEL\Downloads\EBDESIGN\backend\src\routes\databaseManagementRoutes.js","databaseManagementRoutes","1785","587"
"POST","/api/database-management","/query/cache","/api/database-management/query/cache","C:\Users\DIYA GOEL\Downloads\EBDESIGN\backend\src\routes\databaseManagementRoutes.js","databaseManagementRoutes","1785","614"
"POST","/api/database-management","/query/cache/get","/api/database-management/query/cache/get","C:\Users\DIYA GOEL\Downloads\EBDESIGN\backend\src\routes\databaseManagementRoutes.js","databaseManagementRoutes","1785","644"
"DELETE","/api/database-management","/query/cache","/api/database-management/query/cache","C:\Users\DIYA GOEL\Downloads\EBDESIGN\backend\src\routes\databaseManagementRoutes.js","databaseManagementRoutes","1785","675"
"GET","/api/database-management","/overview","/api/database-management/overview","C:\Users\DIYA GOEL\Downloads\EBDESIGN\backend\src\routes\databaseManagementRoutes.js","databaseManagementRoutes","1785","693"
"GET","/api/database-management","/service-health","/api/database-management/service-health","C:\Users\DIYA GOEL\Downloads\EBDESIGN\backend\src\routes\databaseManagementRoutes.js","databaseManagementRoutes","1785","714"
"GET","/api/v1/library-ai","/status","/api/v1/library-ai/status","C:\Users\DIYA GOEL\Downloads\EBDESIGN\backend\src\routes\libraryAIWorkspaceRoutes.js","libraryAIWorkspaceRoutes","1786","29"
"GET","/api/v1/library-ai","/orchestrator/status","/api/v1/library-ai/orchestrator/status","C:\Users\DIYA GOEL\Downloads\EBDESIGN\backend\src\routes\libraryAIWorkspaceRoutes.js","libraryAIWorkspaceRoutes","1786","37"
"GET","/api/v1/library-ai","/orchestrator/groups/search","/api/v1/library-ai/orchestrator/groups/search","C:\Users\DIYA GOEL\Downloads\EBDESIGN\backend\src\routes\libraryAIWorkspaceRoutes.js","libraryAIWorkspaceRoutes","1786","45"
"GET","/api/v1/library-ai","/orchestrator/tasks","/api/v1/library-ai/orchestrator/tasks","C:\Users\DIYA GOEL\Downloads\EBDESIGN\backend\src\routes\libraryAIWorkspaceRoutes.js","libraryAIWorkspaceRoutes","1786","54"
"GET","/api/v1/library-ai","/files/search","/api/v1/library-ai/files/search","C:\Users\DIYA GOEL\Downloads\EBDESIGN\backend\src\routes\libraryAIWorkspaceRoutes.js","libraryAIWorkspaceRoutes","1786","63"
"GET","/api/v1/library-ai","/files/:libraryId","/api/v1/library-ai/files/:libraryId","C:\Users\DIYA GOEL\Downloads\EBDESIGN\backend\src\routes\libraryAIWorkspaceRoutes.js","libraryAIWorkspaceRoutes","1786","76"
"GET","/api/v1/library-ai","/files/:libraryId/content","/api/v1/library-ai/files/:libraryId/content","C:\Users\DIYA GOEL\Downloads\EBDESIGN\backend\src\routes\libraryAIWorkspaceRoutes.js","libraryAIWorkspaceRoutes","1786","86"
"POST","/api/v1/library-ai","/context","/api/v1/library-ai/context","C:\Users\DIYA GOEL\Downloads\EBDESIGN\backend\src\routes\libraryAIWorkspaceRoutes.js","libraryAIWorkspaceRoutes","1786","97"
"POST","/api/v1/library-ai","/improvement-workspace","/api/v1/library-ai/improvement-workspace","C:\Users\DIYA GOEL\Downloads\EBDESIGN\backend\src\routes\libraryAIWorkspaceRoutes.js","libraryAIWorkspaceRoutes","1786","106"
"POST","/api/v1/library-ai","/events","/api/v1/library-ai/events","C:\Users\DIYA GOEL\Downloads\EBDESIGN\backend\src\routes\libraryAIWorkspaceRoutes.js","libraryAIWorkspaceRoutes","1786","118"
"GET","/api/v1/governance","/health","/api/v1/governance/health","C:\Users\DIYA GOEL\Downloads\EBDESIGN\backend\src\routes\governanceModule.js","governanceModuleMerged","1787","23"
"POST","/api/v1/governance","/villages","/api/v1/governance/villages","C:\Users\DIYA GOEL\Downloads\EBDESIGN\backend\src\routes\governanceModule.js","governanceModuleMerged","1787","33"
"GET","/api/v1/governance","/villages","/api/v1/governance/villages","C:\Users\DIYA GOEL\Downloads\EBDESIGN\backend\src\routes\governanceModule.js","governanceModuleMerged","1787","42"
"GET","/api/v1/governance","/villages/:villageId","/api/v1/governance/villages/:villageId","C:\Users\DIYA GOEL\Downloads\EBDESIGN\backend\src\routes\governanceModule.js","governanceModuleMerged","1787","51"
"PUT","/api/v1/governance","/villages/:villageId","/api/v1/governance/villages/:villageId","C:\Users\DIYA GOEL\Downloads\EBDESIGN\backend\src\routes\governanceModule.js","governanceModuleMerged","1787","61"
"POST","/api/v1/governance","/panchayats","/api/v1/governance/panchayats","C:\Users\DIYA GOEL\Downloads\EBDESIGN\backend\src\routes\governanceModule.js","governanceModuleMerged","1787","72"
"GET","/api/v1/governance","/panchayats","/api/v1/governance/panchayats","C:\Users\DIYA GOEL\Downloads\EBDESIGN\backend\src\routes\governanceModule.js","governanceModuleMerged","1787","81"
"GET","/api/v1/governance","/panchayats/:panchayatId","/api/v1/governance/panchayats/:panchayatId","C:\Users\DIYA GOEL\Downloads\EBDESIGN\backend\src\routes\governanceModule.js","governanceModuleMerged","1787","90"
"POST","/api/v1/governance","/panchayats/:panchayatId/schemes","/api/v1/governance/panchayats/:panchayatId/schemes","C:\Users\DIYA GOEL\Downloads\EBDESIGN\backend\src\routes\governanceModule.js","governanceModuleMerged","1787","100"
"POST","/api/v1/governance","/csr-projects","/api/v1/governance/csr-projects","C:\Users\DIYA GOEL\Downloads\EBDESIGN\backend\src\routes\governanceModule.js","governanceModuleMerged","1787","111"
"GET","/api/v1/governance","/csr-projects","/api/v1/governance/csr-projects","C:\Users\DIYA GOEL\Downloads\EBDESIGN\backend\src\routes\governanceModule.js","governanceModuleMerged","1787","120"
"GET","/api/v1/governance","/csr-projects/:projectId","/api/v1/governance/csr-projects/:projectId","C:\Users\DIYA GOEL\Downloads\EBDESIGN\backend\src\routes\governanceModule.js","governanceModuleMerged","1787","129"
"PUT","/api/v1/governance","/csr-projects/:projectId","/api/v1/governance/csr-projects/:projectId","C:\Users\DIYA GOEL\Downloads\EBDESIGN\backend\src\routes\governanceModule.js","governanceModuleMerged","1787","139"
"POST","/api/v1/governance","/csr-projects/:projectId/contributions","/api/v1/governance/csr-projects/:projectId/contributions","C:\Users\DIYA GOEL\Downloads\EBDESIGN\backend\src\routes\governanceModule.js","governanceModuleMerged","1787","149"
"GET","/api/v1/governance","/csr/statistics","/api/v1/governance/csr/statistics","C:\Users\DIYA GOEL\Downloads\EBDESIGN\backend\src\routes\governanceModule.js","governanceModuleMerged","1787","159"
"POST","/api/v1/governance","/compliance-reports","/api/v1/governance/compliance-reports","C:\Users\DIYA GOEL\Downloads\EBDESIGN\backend\src\routes\governanceModule.js","governanceModuleMerged","1787","169"
"GET","/api/v1/governance","/compliance-reports","/api/v1/governance/compliance-reports","C:\Users\DIYA GOEL\Downloads\EBDESIGN\backend\src\routes\governanceModule.js","governanceModuleMerged","1787","178"
"GET","/api/v1/governance","/compliance-reports/:reportId","/api/v1/governance/compliance-reports/:reportId","C:\Users\DIYA GOEL\Downloads\EBDESIGN\backend\src\routes\governanceModule.js","governanceModuleMerged","1787","187"
"PUT","/api/v1/governance","/compliance-reports/:reportId/review","/api/v1/governance/compliance-reports/:reportId/review","C:\Users\DIYA GOEL\Downloads\EBDESIGN\backend\src\routes\governanceModule.js","governanceModuleMerged","1787","197"
"GET","/api/v1/governance","/compliance/statistics","/api/v1/governance/compliance/statistics","C:\Users\DIYA GOEL\Downloads\EBDESIGN\backend\src\routes\governanceModule.js","governanceModuleMerged","1787","207"
"GET","/api/v1/governance","/compliance/gaps","/api/v1/governance/compliance/gaps","C:\Users\DIYA GOEL\Downloads\EBDESIGN\backend\src\routes\governanceModule.js","governanceModuleMerged","1787","217"
"GET","/api/v1/governance","/compliance/ready","/api/v1/governance/compliance/ready","C:\Users\DIYA GOEL\Downloads\EBDESIGN\backend\src\routes\governanceModule.js","governanceModuleMerged","1787","226"
"POST","/api/v1/governance","/cooperatives","/api/v1/governance/cooperatives","C:\Users\DIYA GOEL\Downloads\EBDESIGN\backend\src\routes\governanceModule.js","governanceModuleMerged","1787","236"
"GET","/api/v1/governance","/cooperatives","/api/v1/governance/cooperatives","C:\Users\DIYA GOEL\Downloads\EBDESIGN\backend\src\routes\governanceModule.js","governanceModuleMerged","1787","245"
"POST","/api/v1/governance","/cooperatives/:cooperativeId/members","/api/v1/governance/cooperatives/:cooperativeId/members","C:\Users\DIYA GOEL\Downloads\EBDESIGN\backend\src\routes\governanceModule.js","governanceModuleMerged","1787","254"
"GET","/api/v1/cost-management","/health","/api/v1/cost-management/health","C:\Users\DIYA GOEL\Downloads\EBDESIGN\backend\src\routes\costRoutes.js","costRoutesMerged","1788","26"
"GET","/api/v1/cost-management","/breakup","/api/v1/cost-management/breakup","C:\Users\DIYA GOEL\Downloads\EBDESIGN\backend\src\routes\costRoutes.js","costRoutesMerged","1788","37"
"GET","/api/v1/cost-management","/corridor-model","/api/v1/cost-management/corridor-model","C:\Users\DIYA GOEL\Downloads\EBDESIGN\backend\src\routes\costRoutes.js","costRoutesMerged","1788","42"
"GET","/api/cost","/health","/api/cost/health","C:\Users\DIYA GOEL\Downloads\EBDESIGN\backend\src\routes\costRoutes.js","costRoutes","1789","26"
"GET","/api/cost","/breakup","/api/cost/breakup","C:\Users\DIYA GOEL\Downloads\EBDESIGN\backend\src\routes\costRoutes.js","costRoutes","1789","37"
"GET","/api/cost","/corridor-model","/api/cost/corridor-model","C:\Users\DIYA GOEL\Downloads\EBDESIGN\backend\src\routes\costRoutes.js","costRoutes","1789","42"
"POST","/api/costcontrol","/cost-centers","/api/costcontrol/cost-centers","C:\Users\DIYA GOEL\Downloads\EBDESIGN\backend\src\routes\costControlRoutes.js","costControlRoutes","1790","16"
"GET","/api/costcontrol","/cost-centers","/api/costcontrol/cost-centers","C:\Users\DIYA GOEL\Downloads\EBDESIGN\backend\src\routes\costControlRoutes.js","costControlRoutes","1790","25"
"GET","/api/costcontrol","/cost-centers/:costCenterId","/api/costcontrol/cost-centers/:costCenterId","C:\Users\DIYA GOEL\Downloads\EBDESIGN\backend\src\routes\costControlRoutes.js","costControlRoutes","1790","35"
"GET","/api/costcontrol","/cost-centers/:costCenterId/actuals","/api/costcontrol/cost-centers/:costCenterId/actuals","C:\Users\DIYA GOEL\Downloads\EBDESIGN\backend\src\routes\costControlRoutes.js","costControlRoutes","1790","44"
"POST","/api/costcontrol","/profit-centers","/api/costcontrol/profit-centers","C:\Users\DIYA GOEL\Downloads\EBDESIGN\backend\src\routes\costControlRoutes.js","costControlRoutes","1790","54"
"GET","/api/costcontrol","/profit-centers","/api/costcontrol/profit-centers","C:\Users\DIYA GOEL\Downloads\EBDESIGN\backend\src\routes\costControlRoutes.js","costControlRoutes","1790","63"
"POST","/api/costcontrol","/budgets","/api/costcontrol/budgets","C:\Users\DIYA GOEL\Downloads\EBDESIGN\backend\src\routes\costControlRoutes.js","costControlRoutes","1790","74"
"GET","/api/costcontrol","/budgets","/api/costcontrol/budgets","C:\Users\DIYA GOEL\Downloads\EBDESIGN\backend\src\routes\costControlRoutes.js","costControlRoutes","1790","83"
"GET","/api/costcontrol","/budgets/:budgetId","/api/costcontrol/budgets/:budgetId","C:\Users\DIYA GOEL\Downloads\EBDESIGN\backend\src\routes\costControlRoutes.js","costControlRoutes","1790","93"
"POST","/api/costcontrol","/budgets/:budgetId/submit","/api/costcontrol/budgets/:budgetId/submit","C:\Users\DIYA GOEL\Downloads\EBDESIGN\backend\src\routes\costControlRoutes.js","costControlRoutes","1790","102"
"POST","/api/costcontrol","/budgets/:budgetId/approve","/api/costcontrol/budgets/:budgetId/approve","C:\Users\DIYA GOEL\Downloads\EBDESIGN\backend\src\routes\costControlRoutes.js","costControlRoutes","1790","111"
"POST","/api/costcontrol","/budgets/:budgetId/lines","/api/costcontrol/budgets/:budgetId/lines","C:\Users\DIYA GOEL\Downloads\EBDESIGN\backend\src\routes\costControlRoutes.js","costControlRoutes","1790","121"
"GET","/api/costcontrol","/budgets/:budgetId/lines","/api/costcontrol/budgets/:budgetId/lines","C:\Users\DIYA GOEL\Downloads\EBDESIGN\backend\src\routes\costControlRoutes.js","costControlRoutes","1790","130"
"GET","/api/costcontrol","/budgets/:budgetId/vs-actual","/api/costcontrol/budgets/:budgetId/vs-actual","C:\Users\DIYA GOEL\Downloads\EBDESIGN\backend\src\routes\costControlRoutes.js","costControlRoutes","1790","139"
"GET","/api/costcontrol","/budgets/:budgetId/cost-reduction-recommendations","/api/costcontrol/budgets/:budgetId/cost-reduction-recommendations","C:\Users\DIYA GOEL\Downloads\EBDESIGN\backend\src\routes\costControlRoutes.js","costControlRoutes","1790","148"
"POST","/api/cooperativeshare","/members","/api/cooperativeshare/members","C:\Users\DIYA GOEL\Downloads\EBDESIGN\backend\src\routes\cooperativeShareRoutes.js","cooperativeShareRoutes","1791","13"
"GET","/api/cooperativeshare","/members","/api/cooperativeshare/members","C:\Users\DIYA GOEL\Downloads\EBDESIGN\backend\src\routes\cooperativeShareRoutes.js","cooperativeShareRoutes","1791","22"
"GET","/api/cooperativeshare","/capital","/api/cooperativeshare/capital","C:\Users\DIYA GOEL\Downloads\EBDESIGN\backend\src\routes\cooperativeShareRoutes.js","cooperativeShareRoutes","1791","32"
"POST","/api/cooperativeshare","/distributions/preview","/api/cooperativeshare/distributions/preview","C:\Users\DIYA GOEL\Downloads\EBDESIGN\backend\src\routes\cooperativeShareRoutes.js","cooperativeShareRoutes","1791","42"
"POST","/api/cooperativeshare","/distributions","/api/cooperativeshare/distributions","C:\Users\DIYA GOEL\Downloads\EBDESIGN\backend\src\routes\cooperativeShareRoutes.js","cooperativeShareRoutes","1791","51"
"GET","/api/cooperativeshare","/distributions","/api/cooperativeshare/distributions","C:\Users\DIYA GOEL\Downloads\EBDESIGN\backend\src\routes\cooperativeShareRoutes.js","cooperativeShareRoutes","1791","62"
"GET","/api/cooperativeshare","/distributions/:id","/api/cooperativeshare/distributions/:id","C:\Users\DIYA GOEL\Downloads\EBDESIGN\backend\src\routes\cooperativeShareRoutes.js","cooperativeShareRoutes","1791","72"
"POST","/api/comprehensiveerp","/","/api/comprehensiveerp/","C:\Users\DIYA GOEL\Downloads\EBDESIGN\backend\src\routes\comprehensiveERPRoutes.js","comprehensiveERPRoutes","1792","18"
"GET","/api/comprehensiveerp","/health","/api/comprehensiveerp/health","C:\Users\DIYA GOEL\Downloads\EBDESIGN\backend\src\routes\comprehensiveERPRoutes.js","comprehensiveERPRoutes","1792","30"
"GET","/api/compliancetracking","/health","/api/compliancetracking/health","C:\Users\DIYA GOEL\Downloads\EBDESIGN\backend\src\routes\complianceTracking.js","complianceTracking","1793","12"
"POST","/api/compliance","/tds/deduct","/api/compliance/tds/deduct","C:\Users\DIYA GOEL\Downloads\EBDESIGN\backend\src\routes\complianceRoutes.js","complianceRoutes","1794","12"
"GET","/api/compliance","/tds/summary","/api/compliance/tds/summary","C:\Users\DIYA GOEL\Downloads\EBDESIGN\backend\src\routes\complianceRoutes.js","complianceRoutes","1794","15"
"GET","/api/compliance","/tds/rates","/api/compliance/tds/rates","C:\Users\DIYA GOEL\Downloads\EBDESIGN\backend\src\routes\complianceRoutes.js","complianceRoutes","1794","18"
"POST","/api/compliance","/irn/register","/api/compliance/irn/register","C:\Users\DIYA GOEL\Downloads\EBDESIGN\backend\src\routes\complianceRoutes.js","complianceRoutes","1794","21"
"POST","/api/compliance","/irn/result","/api/compliance/irn/result","C:\Users\DIYA GOEL\Downloads\EBDESIGN\backend\src\routes\complianceRoutes.js","complianceRoutes","1794","24"
"POST","/api/compliance","/gstr/draft","/api/compliance/gstr/draft","C:\Users\DIYA GOEL\Downloads\EBDESIGN\backend\src\routes\complianceRoutes.js","complianceRoutes","1794","27"
"POST","/api/compliance","/rcm","/api/compliance/rcm","C:\Users\DIYA GOEL\Downloads\EBDESIGN\backend\src\routes\complianceRoutes.js","complianceRoutes","1794","30"
"GET","/api/compliance","/rcm/outstanding","/api/compliance/rcm/outstanding","C:\Users\DIYA GOEL\Downloads\EBDESIGN\backend\src\routes\complianceRoutes.js","complianceRoutes","1794","33"
"POST","/api/completeerpintegration","/","/api/completeerpintegration/","C:\Users\DIYA GOEL\Downloads\EBDESIGN\backend\src\routes\completeERPIntegrationRoutes.js","completeERPIntegrationRoutes","1795","18"
"GET","/api/completeerpintegration","/health","/api/completeerpintegration/health","C:\Users\DIYA GOEL\Downloads\EBDESIGN\backend\src\routes\completeERPIntegrationRoutes.js","completeERPIntegrationRoutes","1795","30"
"GET","/api/completeaiintegration","/health","/api/completeaiintegration/health","C:\Users\DIYA GOEL\Downloads\EBDESIGN\backend\src\routes\completeAIIntegrationRoutes.js","completeAIIntegrationRoutes","1796","31"
"POST","/api/completeaiintegration","/farmer/:farmerId/crop-planning-recommendation","/api/completeaiintegration/farmer/:farmerId/crop-planning-recommendation","C:\Users\DIYA GOEL\Downloads\EBDESIGN\backend\src\routes\completeAIIntegrationRoutes.js","completeAIIntegrationRoutes","1796","45"
"POST","/api/completeaiintegration","/farmer/:farmerId/harvest-timing-prediction","/api/completeaiintegration/farmer/:farmerId/harvest-timing-prediction","C:\Users\DIYA GOEL\Downloads\EBDESIGN\backend\src\routes\completeAIIntegrationRoutes.js","completeAIIntegrationRoutes","1796","51"
"POST","/api/completeaiintegration","/farmer/:farmerId/resource-optimization","/api/completeaiintegration/farmer/:farmerId/resource-optimization","C:\Users\DIYA GOEL\Downloads\EBDESIGN\backend\src\routes\completeAIIntegrationRoutes.js","completeAIIntegrationRoutes","1796","57"
"POST","/api/completeaiintegration","/crop/:cropId/disease-detection","/api/completeaiintegration/crop/:cropId/disease-detection","C:\Users\DIYA GOEL\Downloads\EBDESIGN\backend\src\routes\completeAIIntegrationRoutes.js","completeAIIntegrationRoutes","1796","67"
"POST","/api/completeaiintegration","/crop/:cropId/yield-prediction","/api/completeaiintegration/crop/:cropId/yield-prediction","C:\Users\DIYA GOEL\Downloads\EBDESIGN\backend\src\routes\completeAIIntegrationRoutes.js","completeAIIntegrationRoutes","1796","73"
"POST","/api/completeaiintegration","/livestock/:livestockId/health-monitoring","/api/completeaiintegration/livestock/:livestockId/health-monitoring","C:\Users\DIYA GOEL\Downloads\EBDESIGN\backend\src\routes\completeAIIntegrationRoutes.js","completeAIIntegrationRoutes","1796","83"
"POST","/api/completeaiintegration","/livestock/:livestockId/breeding-recommendation","/api/completeaiintegration/livestock/:livestockId/breeding-recommendation","C:\Users\DIYA GOEL\Downloads\EBDESIGN\backend\src\routes\completeAIIntegrationRoutes.js","completeAIIntegrationRoutes","1796","89"
"POST","/api/completeaiintegration","/dairy/:dairyId/production-optimization","/api/completeaiintegration/dairy/:dairyId/production-optimization","C:\Users\DIYA GOEL\Downloads\EBDESIGN\backend\src\routes\completeAIIntegrationRoutes.js","completeAIIntegrationRoutes","1796","99"
"POST","/api/completeaiintegration","/poultry/:poultryId/health-monitoring","/api/completeaiintegration/poultry/:poultryId/health-monitoring","C:\Users\DIYA GOEL\Downloads\EBDESIGN\backend\src\routes\completeAIIntegrationRoutes.js","completeAIIntegrationRoutes","1796","105"
"POST","/api/completeaiintegration","/goat/:goatId/production-optimization","/api/completeaiintegration/goat/:goatId/production-optimization","C:\Users\DIYA GOEL\Downloads\EBDESIGN\backend\src\routes\completeAIIntegrationRoutes.js","completeAIIntegrationRoutes","1796","111"
"POST","/api/completeaiintegration","/sheep/:sheepId/production-optimization","/api/completeaiintegration/sheep/:sheepId/production-optimization","C:\Users\DIYA GOEL\Downloads\EBDESIGN\backend\src\routes\completeAIIntegrationRoutes.js","completeAIIntegrationRoutes","1796","117"
"POST","/api/completeaiintegration","/pig/:pigId/production-optimization","/api/completeaiintegration/pig/:pigId/production-optimization","C:\Users\DIYA GOEL\Downloads\EBDESIGN\backend\src\routes\completeAIIntegrationRoutes.js","completeAIIntegrationRoutes","1796","123"
"GET","/api/completeaiintegration","/status","/api/completeaiintegration/status","C:\Users\DIYA GOEL\Downloads\EBDESIGN\backend\src\routes\completeAIIntegrationRoutes.js","completeAIIntegrationRoutes","1796","133"
"POST","/api/completeaiintegration","/force-sync","/api/completeaiintegration/force-sync","C:\Users\DIYA GOEL\Downloads\EBDESIGN\backend\src\routes\completeAIIntegrationRoutes.js","completeAIIntegrationRoutes","1796","139"
"GET","/api/completeaiintegration","/model-info","/api/completeaiintegration/model-info","C:\Users\DIYA GOEL\Downloads\EBDESIGN\backend\src\routes\completeAIIntegrationRoutes.js","completeAIIntegrationRoutes","1796","145"
"GET","/api/company","/","/api/company/","C:\Users\DIYA GOEL\Downloads\EBDESIGN\backend\src\routes\companyRoutes.js","companyRoutes","1797","22"
"GET","/api/company","/:id","/api/company/:id","C:\Users\DIYA GOEL\Downloads\EBDESIGN\backend\src\routes\companyRoutes.js","companyRoutes","1797","36"
"GET","/api/company","/:id/fiscal-years","/api/company/:id/fiscal-years","C:\Users\DIYA GOEL\Downloads\EBDESIGN\backend\src\routes\companyRoutes.js","companyRoutes","1797","53"
"GET","/api/company","/:id/chart-of-accounts","/api/company/:id/chart-of-accounts","C:\Users\DIYA GOEL\Downloads\EBDESIGN\backend\src\routes\companyRoutes.js","companyRoutes","1797","67"
"POST","/api/communitymanagement","/","/api/communitymanagement/","C:\Users\DIYA GOEL\Downloads\EBDESIGN\backend\src\routes\communityManagementRoutes.js","communityManagementRoutes","1798","18"
"GET","/api/communitymanagement","/health","/api/communitymanagement/health","C:\Users\DIYA GOEL\Downloads\EBDESIGN\backend\src\routes\communityManagementRoutes.js","communityManagementRoutes","1798","30"
"POST","/api/coldstorage","/","/api/coldstorage/","C:\Users\DIYA GOEL\Downloads\EBDESIGN\backend\src\routes\coldStorageRoutes.js","coldStorageRoutes","1799","18"
"GET","/api/coldstorage","/health","/api/coldstorage/health","C:\Users\DIYA GOEL\Downloads\EBDESIGN\backend\src\routes\coldStorageRoutes.js","coldStorageRoutes","1799","30"
"GET","/api/coldchainmonitoring","/health","/api/coldchainmonitoring/health","C:\Users\DIYA GOEL\Downloads\EBDESIGN\backend\src\routes\coldChainMonitoring.js","coldChainMonitoring","1800","12"
"POST","/api/climatemonitoring","/","/api/climatemonitoring/","C:\Users\DIYA GOEL\Downloads\EBDESIGN\backend\src\routes\climateMonitoringRoutes.js","climateMonitoringRoutes","1802","18"
"GET","/api/climatemonitoring","/health","/api/climatemonitoring/health","C:\Users\DIYA GOEL\Downloads\EBDESIGN\backend\src\routes\climateMonitoringRoutes.js","climateMonitoringRoutes","1802","30"
"POST","/api/climateadvisory","/","/api/climateadvisory/","C:\Users\DIYA GOEL\Downloads\EBDESIGN\backend\src\routes\climateAdvisoryRoutes.js","climateAdvisoryRoutes","1803","18"
"GET","/api/climateadvisory","/health","/api/climateadvisory/health","C:\Users\DIYA GOEL\Downloads\EBDESIGN\backend\src\routes\climateAdvisoryRoutes.js","climateAdvisoryRoutes","1803","30"
"GET","/api/climateadvisory","/health","/api/climateadvisory/health","C:\Users\DIYA GOEL\Downloads\EBDESIGN\backend\src\routes\climateAdvisory.js","climateAdvisory","1804","12"
"POST","/api/civildisruption","/","/api/civildisruption/","C:\Users\DIYA GOEL\Downloads\EBDESIGN\backend\src\routes\civilDisruptionRoutes.js","civilDisruptionRoutes","1805","12"
"GET","/api/civildisruption","/active","/api/civildisruption/active","C:\Users\DIYA GOEL\Downloads\EBDESIGN\backend\src\routes\civilDisruptionRoutes.js","civilDisruptionRoutes","1805","21"
"POST","/api/civildisruption","/:id/verify","/api/civildisruption/:id/verify","C:\Users\DIYA GOEL\Downloads\EBDESIGN\backend\src\routes\civilDisruptionRoutes.js","civilDisruptionRoutes","1805","31"
"POST","/api/civildisruption","/:id/resolve","/api/civildisruption/:id/resolve","C:\Users\DIYA GOEL\Downloads\EBDESIGN\backend\src\routes\civilDisruptionRoutes.js","civilDisruptionRoutes","1805","40"
"GET","/api/civildisruption","/shipments/:shipmentId/risk","/api/civildisruption/shipments/:shipmentId/risk","C:\Users\DIYA GOEL\Downloads\EBDESIGN\backend\src\routes\civilDisruptionRoutes.js","civilDisruptionRoutes","1805","49"
"GET","/api/certificationmanagement","/health","/api/certificationmanagement/health","C:\Users\DIYA GOEL\Downloads\EBDESIGN\backend\src\routes\certificationManagement.js","certificationManagement","1806","12"
"GET","/api/buyertrust","/buyers/:id/trust","/api/buyertrust/buyers/:id/trust","C:\Users\DIYA GOEL\Downloads\EBDESIGN\backend\src\routes\buyerTrust.js","buyerTrust","1807","19"
"GET","/api/buyertrust","/buyers/:id/reputation","/api/buyertrust/buyers/:id/reputation","C:\Users\DIYA GOEL\Downloads\EBDESIGN\backend\src\routes\buyerTrust.js","buyerTrust","1807","37"
"GET","/api/buyertrust","/buyers/:id/payment-history","/api/buyertrust/buyers/:id/payment-history","C:\Users\DIYA GOEL\Downloads\EBDESIGN\backend\src\routes\buyerTrust.js","buyerTrust","1807","55"
"POST","/api/buyertrust","/buyers/:id/fraud-report","/api/buyertrust/buyers/:id/fraud-report","C:\Users\DIYA GOEL\Downloads\EBDESIGN\backend\src\routes\buyerTrust.js","buyerTrust","1807","73"
"GET","/api/bulkorders","/health","/api/bulkorders/health","C:\Users\DIYA GOEL\Downloads\EBDESIGN\backend\src\routes\bulkOrders.js","bulkOrders","1808","12"
"POST","/api/bulkorder","/","/api/bulkorder/","C:\Users\DIYA GOEL\Downloads\EBDESIGN\backend\src\routes\bulkOrderRoutes.js","bulkOrderRoutes","1809","18"
"GET","/api/bulkorder","/analytics","/api/bulkorder/analytics","C:\Users\DIYA GOEL\Downloads\EBDESIGN\backend\src\routes\bulkOrderRoutes.js","bulkOrderRoutes","1809","24"
"GET","/api/bulkorder","/user/:userId","/api/bulkorder/user/:userId","C:\Users\DIYA GOEL\Downloads\EBDESIGN\backend\src\routes\bulkOrderRoutes.js","bulkOrderRoutes","1809","30"
"GET","/api/bulkorder","/:orderId","/api/bulkorder/:orderId","C:\Users\DIYA GOEL\Downloads\EBDESIGN\backend\src\routes\bulkOrderRoutes.js","bulkOrderRoutes","1809","36"
"PATCH","/api/bulkorder","/:orderId/status","/api/bulkorder/:orderId/status","C:\Users\DIYA GOEL\Downloads\EBDESIGN\backend\src\routes\bulkOrderRoutes.js","bulkOrderRoutes","1809","42"
"GET","/api/bulkorder","/:orderId/quotations","/api/bulkorder/:orderId/quotations","C:\Users\DIYA GOEL\Downloads\EBDESIGN\backend\src\routes\bulkOrderRoutes.js","bulkOrderRoutes","1809","48"
"POST","/api/bulkorder","/:orderId/quotations","/api/bulkorder/:orderId/quotations","C:\Users\DIYA GOEL\Downloads\EBDESIGN\backend\src\routes\bulkOrderRoutes.js","bulkOrderRoutes","1809","54"
"POST","/api/bulkorder","/quotations/:quotationId/accept","/api/bulkorder/quotations/:quotationId/accept","C:\Users\DIYA GOEL\Downloads\EBDESIGN\backend\src\routes\bulkOrderRoutes.js","bulkOrderRoutes","1809","60"
"POST","/api/bulkorder","/:orderId/cancel","/api/bulkorder/:orderId/cancel","C:\Users\DIYA GOEL\Downloads\EBDESIGN\backend\src\routes\bulkOrderRoutes.js","bulkOrderRoutes","1809","66"
"POST","/api/blockchainverification","/","/api/blockchainverification/","C:\Users\DIYA GOEL\Downloads\EBDESIGN\backend\src\routes\blockchainVerificationRoutes.js","blockchainVerificationRoutes","1810","18"
"GET","/api/blockchainverification","/health","/api/blockchainverification/health","C:\Users\DIYA GOEL\Downloads\EBDESIGN\backend\src\routes\blockchainVerificationRoutes.js","blockchainVerificationRoutes","1810","30"
"GET","/api/blockchaintrace","/health","/api/blockchaintrace/health","C:\Users\DIYA GOEL\Downloads\EBDESIGN\backend\src\routes\blockchainTrace.js","blockchainTrace","1811","12"
"GET","/api/biometric","/health","/api/biometric/health","C:\Users\DIYA GOEL\Downloads\EBDESIGN\backend\src\routes\biometric.js","biometric","1812","12"
"GET","/api/automation","/health","/api/automation/health","C:\Users\DIYA GOEL\Downloads\EBDESIGN\backend\src\routes\automation.js","automation","1813","12"
"GET","/api/audittrail","/health","/api/audittrail/health","C:\Users\DIYA GOEL\Downloads\EBDESIGN\backend\src\routes\auditTrail.js","auditTrail","1815","12"
"POST","/api/audit","/events","/api/audit/events","C:\Users\DIYA GOEL\Downloads\EBDESIGN\backend\src\routes\auditRoutes.js","auditRoutes","1816","15"
"GET","/api/audit","/entities/:entityType/:entityId","/api/audit/entities/:entityType/:entityId","C:\Users\DIYA GOEL\Downloads\EBDESIGN\backend\src\routes\auditRoutes.js","auditRoutes","1816","25"
"GET","/api/audit","/users/:userId","/api/audit/users/:userId","C:\Users\DIYA GOEL\Downloads\EBDESIGN\backend\src\routes\auditRoutes.js","auditRoutes","1816","35"
"GET","/api/audit","/report","/api/audit/report","C:\Users\DIYA GOEL\Downloads\EBDESIGN\backend\src\routes\auditRoutes.js","auditRoutes","1816","45"
"GET","/api/audit","/compliance/:complianceType","/api/audit/compliance/:complianceType","C:\Users\DIYA GOEL\Downloads\EBDESIGN\backend\src\routes\auditRoutes.js","auditRoutes","1816","55"
"GET","/api/audit","/security","/api/audit/security","C:\Users\DIYA GOEL\Downloads\EBDESIGN\backend\src\routes\auditRoutes.js","auditRoutes","1816","66"
"GET","/api/audit","/export","/api/audit/export","C:\Users\DIYA GOEL\Downloads\EBDESIGN\backend\src\routes\auditRoutes.js","auditRoutes","1816","76"
"GET","/api/audit","/recent","/api/audit/recent","C:\Users\DIYA GOEL\Downloads\EBDESIGN\backend\src\routes\auditRoutes.js","auditRoutes","1816","87"
"POST","/api/assetaccounting","/assets","/api/assetaccounting/assets","C:\Users\DIYA GOEL\Downloads\EBDESIGN\backend\src\routes\assetAccountingRoutes.js","assetAccountingRoutes","1817","15"
"GET","/api/assetaccounting","/assets","/api/assetaccounting/assets","C:\Users\DIYA GOEL\Downloads\EBDESIGN\backend\src\routes\assetAccountingRoutes.js","assetAccountingRoutes","1817","24"
"GET","/api/assetaccounting","/assets/summary","/api/assetaccounting/assets/summary","C:\Users\DIYA GOEL\Downloads\EBDESIGN\backend\src\routes\assetAccountingRoutes.js","assetAccountingRoutes","1817","34"
"GET","/api/assetaccounting","/assets/:assetId","/api/assetaccounting/assets/:assetId","C:\Users\DIYA GOEL\Downloads\EBDESIGN\backend\src\routes\assetAccountingRoutes.js","assetAccountingRoutes","1817","43"
"POST","/api/assetaccounting","/assets/:assetId/depreciation-schedule","/api/assetaccounting/assets/:assetId/depreciation-schedule","C:\Users\DIYA GOEL\Downloads\EBDESIGN\backend\src\routes\assetAccountingRoutes.js","assetAccountingRoutes","1817","53"
"GET","/api/assetaccounting","/assets/:assetId/depreciation-schedule","/api/assetaccounting/assets/:assetId/depreciation-schedule","C:\Users\DIYA GOEL\Downloads\EBDESIGN\backend\src\routes\assetAccountingRoutes.js","assetAccountingRoutes","1817","62"
"POST","/api/assetaccounting","/assets/:assetId/depreciation-schedule/:periodDate/post","/api/assetaccounting/assets/:assetId/depreciation-schedule/:periodDate/post","C:\Users\DIYA GOEL\Downloads\EBDESIGN\backend\src\routes\assetAccountingRoutes.js","assetAccountingRoutes","1817","71"
"POST","/api/assetaccounting","/depreciation-run","/api/assetaccounting/depreciation-run","C:\Users\DIYA GOEL\Downloads\EBDESIGN\backend\src\routes\assetAccountingRoutes.js","assetAccountingRoutes","1817","80"
"POST","/api/assetaccounting","/assets/:assetId/dispose","/api/assetaccounting/assets/:assetId/dispose","C:\Users\DIYA GOEL\Downloads\EBDESIGN\backend\src\routes\assetAccountingRoutes.js","assetAccountingRoutes","1817","91"
"GET","/api/ar","/health","/api/ar/health","C:\Users\DIYA GOEL\Downloads\EBDESIGN\backend\src\routes\ar.js","ar","1818","12"
"POST","/api/apicompatibility","/","/api/apicompatibility/","C:\Users\DIYA GOEL\Downloads\EBDESIGN\backend\src\routes\apiCompatibilityRoutes.js","apiCompatibilityRoutes","1819","18"
"GET","/api/apicompatibility","/health","/api/apicompatibility/health","C:\Users\DIYA GOEL\Downloads\EBDESIGN\backend\src\routes\apiCompatibilityRoutes.js","apiCompatibilityRoutes","1819","30"
"GET","/api/animalhealth","/examinations","/api/animalhealth/examinations","C:\Users\DIYA GOEL\Downloads\EBDESIGN\backend\src\routes\animalHealthRoutes.js","animalHealthRoutes","1820","63"
"POST","/api/animalhealth","/examinations","/api/animalhealth/examinations","C:\Users\DIYA GOEL\Downloads\EBDESIGN\backend\src\routes\animalHealthRoutes.js","animalHealthRoutes","1820","78"
"PUT","/api/animalhealth","/examinations/:id","/api/animalhealth/examinations/:id","C:\Users\DIYA GOEL\Downloads\EBDESIGN\backend\src\routes\animalHealthRoutes.js","animalHealthRoutes","1820","106"
"DELETE","/api/animalhealth","/examinations/:id","/api/animalhealth/examinations/:id","C:\Users\DIYA GOEL\Downloads\EBDESIGN\backend\src\routes\animalHealthRoutes.js","animalHealthRoutes","1820","123"
"GET","/api/animalhealth","/treatments","/api/animalhealth/treatments","C:\Users\DIYA GOEL\Downloads\EBDESIGN\backend\src\routes\animalHealthRoutes.js","animalHealthRoutes","1820","140"
"POST","/api/animalhealth","/treatments","/api/animalhealth/treatments","C:\Users\DIYA GOEL\Downloads\EBDESIGN\backend\src\routes\animalHealthRoutes.js","animalHealthRoutes","1820","155"
"PUT","/api/animalhealth","/treatments/:id","/api/animalhealth/treatments/:id","C:\Users\DIYA GOEL\Downloads\EBDESIGN\backend\src\routes\animalHealthRoutes.js","animalHealthRoutes","1820","184"
"DELETE","/api/animalhealth","/treatments/:id","/api/animalhealth/treatments/:id","C:\Users\DIYA GOEL\Downloads\EBDESIGN\backend\src\routes\animalHealthRoutes.js","animalHealthRoutes","1820","201"
"GET","/api/animalhealth","/outbreaks","/api/animalhealth/outbreaks","C:\Users\DIYA GOEL\Downloads\EBDESIGN\backend\src\routes\animalHealthRoutes.js","animalHealthRoutes","1820","218"
"POST","/api/animalhealth","/outbreaks","/api/animalhealth/outbreaks","C:\Users\DIYA GOEL\Downloads\EBDESIGN\backend\src\routes\animalHealthRoutes.js","animalHealthRoutes","1820","233"
"PUT","/api/animalhealth","/outbreaks/:id","/api/animalhealth/outbreaks/:id","C:\Users\DIYA GOEL\Downloads\EBDESIGN\backend\src\routes\animalHealthRoutes.js","animalHealthRoutes","1820","262"
"DELETE","/api/animalhealth","/outbreaks/:id","/api/animalhealth/outbreaks/:id","C:\Users\DIYA GOEL\Downloads\EBDESIGN\backend\src\routes\animalHealthRoutes.js","animalHealthRoutes","1820","279"
"GET","/api/animalhealth","/quarantines","/api/animalhealth/quarantines","C:\Users\DIYA GOEL\Downloads\EBDESIGN\backend\src\routes\animalHealthRoutes.js","animalHealthRoutes","1820","296"
"POST","/api/animalhealth","/quarantines","/api/animalhealth/quarantines","C:\Users\DIYA GOEL\Downloads\EBDESIGN\backend\src\routes\animalHealthRoutes.js","animalHealthRoutes","1820","311"
"PUT","/api/animalhealth","/quarantines/:id","/api/animalhealth/quarantines/:id","C:\Users\DIYA GOEL\Downloads\EBDESIGN\backend\src\routes\animalHealthRoutes.js","animalHealthRoutes","1820","340"
"DELETE","/api/animalhealth","/quarantines/:id","/api/animalhealth/quarantines/:id","C:\Users\DIYA GOEL\Downloads\EBDESIGN\backend\src\routes\animalHealthRoutes.js","animalHealthRoutes","1820","357"
"GET","/api/animalhealth","/overview","/api/animalhealth/overview","C:\Users\DIYA GOEL\Downloads\EBDESIGN\backend\src\routes\animalHealthRoutes.js","animalHealthRoutes","1820","374"
"GET","/api/animalhealth","/active-outbreaks","/api/animalhealth/active-outbreaks","C:\Users\DIYA GOEL\Downloads\EBDESIGN\backend\src\routes\animalHealthRoutes.js","animalHealthRoutes","1820","388"
"GET","/api/animalhealth","/active-quarantines","/api/animalhealth/active-quarantines","C:\Users\DIYA GOEL\Downloads\EBDESIGN\backend\src\routes\animalHealthRoutes.js","animalHealthRoutes","1820","402"
"POST","/api/analyticsreport","/","/api/analyticsreport/","C:\Users\DIYA GOEL\Downloads\EBDESIGN\backend\src\routes\analyticsReportRoutes.js","analyticsReportRoutes","1821","18"
"GET","/api/analyticsreport","/health","/api/analyticsreport/health","C:\Users\DIYA GOEL\Downloads\EBDESIGN\backend\src\routes\analyticsReportRoutes.js","analyticsReportRoutes","1821","30"
"POST","/api/aiselfhealing","/detect","/api/aiselfhealing/detect","C:\Users\DIYA GOEL\Downloads\EBDESIGN\backend\src\routes\aiSelfHealingRoutes.js","aiSelfHealingRoutes","1822","40"
"POST","/api/aiselfhealing","/root-cause","/api/aiselfhealing/root-cause","C:\Users\DIYA GOEL\Downloads\EBDESIGN\backend\src\routes\aiSelfHealingRoutes.js","aiSelfHealingRoutes","1822","67"
"POST","/api/aiselfhealing","/recover","/api/aiselfhealing/recover","C:\Users\DIYA GOEL\Downloads\EBDESIGN\backend\src\routes\aiSelfHealingRoutes.js","aiSelfHealingRoutes","1822","94"
"POST","/api/aiselfhealing","/heal","/api/aiselfhealing/heal","C:\Users\DIYA GOEL\Downloads\EBDESIGN\backend\src\routes\aiSelfHealingRoutes.js","aiSelfHealingRoutes","1822","121"
"GET","/api/aiselfhealing","/predict","/api/aiselfhealing/predict","C:\Users\DIYA GOEL\Downloads\EBDESIGN\backend\src\routes\aiSelfHealingRoutes.js","aiSelfHealingRoutes","1822","169"
"GET","/api/aiselfhealing","/history","/api/aiselfhealing/history","C:\Users\DIYA GOEL\Downloads\EBDESIGN\backend\src\routes\aiSelfHealingRoutes.js","aiSelfHealingRoutes","1822","187"
"GET","/api/aiselfhealing","/health","/api/aiselfhealing/health","C:\Users\DIYA GOEL\Downloads\EBDESIGN\backend\src\routes\aiSelfHealingRoutes.js","aiSelfHealingRoutes","1822","209"
"POST","/api/aiselfhealing","/pattern","/api/aiselfhealing/pattern","C:\Users\DIYA GOEL\Downloads\EBDESIGN\backend\src\routes\aiSelfHealingRoutes.js","aiSelfHealingRoutes","1822","230"
"POST","/api/aiselfhealing","/strategy","/api/aiselfhealing/strategy","C:\Users\DIYA GOEL\Downloads\EBDESIGN\backend\src\routes\aiSelfHealingRoutes.js","aiSelfHealingRoutes","1822","264"
"GET","/api/aiselfhealing","/system-state","/api/aiselfhealing/system-state","C:\Users\DIYA GOEL\Downloads\EBDESIGN\backend\src\routes\aiSelfHealingRoutes.js","aiSelfHealingRoutes","1822","294"
"GET","/api/aiselfhealing","/service-health","/api/aiselfhealing/service-health","C:\Users\DIYA GOEL\Downloads\EBDESIGN\backend\src\routes\aiSelfHealingRoutes.js","aiSelfHealingRoutes","1822","315"
"GET","/api/aioperationintelligence","/health","/api/aioperationintelligence/health","C:\Users\DIYA GOEL\Downloads\EBDESIGN\backend\src\routes\aiOperationIntelligenceRoutes.js","aiOperationIntelligenceRoutes","1823","36"
"GET","/api/aioperationintelligence","/metrics","/api/aioperationintelligence/metrics","C:\Users\DIYA GOEL\Downloads\EBDESIGN\backend\src\routes\aiOperationIntelligenceRoutes.js","aiOperationIntelligenceRoutes","1823","46"
"POST","/api/aioperationintelligence","/analyze","/api/aioperationintelligence/analyze","C:\Users\DIYA GOEL\Downloads\EBDESIGN\backend\src\routes\aiOperationIntelligenceRoutes.js","aiOperationIntelligenceRoutes","1823","67"
"POST","/api/aioperationintelligence","/recommend","/api/aioperationintelligence/recommend","C:\Users\DIYA GOEL\Downloads\EBDESIGN\backend\src\routes\aiOperationIntelligenceRoutes.js","aiOperationIntelligenceRoutes","1823","94"
"POST","/api/aioperationintelligence","/optimize","/api/aioperationintelligence/optimize","C:\Users\DIYA GOEL\Downloads\EBDESIGN\backend\src\routes\aiOperationIntelligenceRoutes.js","aiOperationIntelligenceRoutes","1823","121"
"POST","/api/aioperationintelligence","/cycle","/api/aioperationintelligence/cycle","C:\Users\DIYA GOEL\Downloads\EBDESIGN\backend\src\routes\aiOperationIntelligenceRoutes.js","aiOperationIntelligenceRoutes","1823","148"
"GET","/api/aioperationintelligence","/predict","/api/aioperationintelligence/predict","C:\Users\DIYA GOEL\Downloads\EBDESIGN\backend\src\routes\aiOperationIntelligenceRoutes.js","aiOperationIntelligenceRoutes","1823","201"
"GET","/api/aioperationintelligence","/anomalies","/api/aioperationintelligence/anomalies","C:\Users\DIYA GOEL\Downloads\EBDESIGN\backend\src\routes\aiOperationIntelligenceRoutes.js","aiOperationIntelligenceRoutes","1823","220"
"GET","/api/aioperationintelligence","/improvements","/api/aioperationintelligence/improvements","C:\Users\DIYA GOEL\Downloads\EBDESIGN\backend\src\routes\aiOperationIntelligenceRoutes.js","aiOperationIntelligenceRoutes","1823","238"
"GET","/api/aioperationintelligence","/strategies","/api/aioperationintelligence/strategies","C:\Users\DIYA GOEL\Downloads\EBDESIGN\backend\src\routes\aiOperationIntelligenceRoutes.js","aiOperationIntelligenceRoutes","1823","256"
"POST","/api/aioperationintelligence","/strategy","/api/aioperationintelligence/strategy","C:\Users\DIYA GOEL\Downloads\EBDESIGN\backend\src\routes\aiOperationIntelligenceRoutes.js","aiOperationIntelligenceRoutes","1823","277"
"GET","/api/aioperationintelligence","/resources","/api/aioperationintelligence/resources","C:\Users\DIYA GOEL\Downloads\EBDESIGN\backend\src\routes\aiOperationIntelligenceRoutes.js","aiOperationIntelligenceRoutes","1823","311"
"GET","/api/aioperationintelligence","/history","/api/aioperationintelligence/history","C:\Users\DIYA GOEL\Downloads\EBDESIGN\backend\src\routes\aiOperationIntelligenceRoutes.js","aiOperationIntelligenceRoutes","1823","332"
"GET","/api/aioperationintelligence","/service-health","/api/aioperationintelligence/service-health","C:\Users\DIYA GOEL\Downloads\EBDESIGN\backend\src\routes\aiOperationIntelligenceRoutes.js","aiOperationIntelligenceRoutes","1823","354"
"GET","/api/aigateway","/health","/api/aigateway/health","C:\Users\DIYA GOEL\Downloads\EBDESIGN\backend\src\routes\aiGatewayRoutes.js","aiGatewayRoutes","1824","51"
"POST","/api/aigateway","/chat","/api/aigateway/chat","C:\Users\DIYA GOEL\Downloads\EBDESIGN\backend\src\routes\aiGatewayRoutes.js","aiGatewayRoutes","1824","61"
"POST","/api/aigateway","/stream","/api/aigateway/stream","C:\Users\DIYA GOEL\Downloads\EBDESIGN\backend\src\routes\aiGatewayRoutes.js","aiGatewayRoutes","1824","74"
"GET","/api/aigateway","/statistics","/api/aigateway/statistics","C:\Users\DIYA GOEL\Downloads\EBDESIGN\backend\src\routes\aiGatewayRoutes.js","aiGatewayRoutes","1824","87"
"GET","/api/aigateway","/providers","/api/aigateway/providers","C:\Users\DIYA GOEL\Downloads\EBDESIGN\backend\src\routes\aiGatewayRoutes.js","aiGatewayRoutes","1824","92"
"GET","/api/aigateway","/models/:provider","/api/aigateway/models/:provider","C:\Users\DIYA GOEL\Downloads\EBDESIGN\backend\src\routes\aiGatewayRoutes.js","aiGatewayRoutes","1824","96"
"PUT","/api/aigateway","/providers/:provider/enable","/api/aigateway/providers/:provider/enable","C:\Users\DIYA GOEL\Downloads\EBDESIGN\backend\src\routes\aiGatewayRoutes.js","aiGatewayRoutes","1824","105"
"PUT","/api/aigateway","/providers/:provider/disable","/api/aigateway/providers/:provider/disable","C:\Users\DIYA GOEL\Downloads\EBDESIGN\backend\src\routes\aiGatewayRoutes.js","aiGatewayRoutes","1824","115"
"GET","/api/v1/ai-gateway","/health","/api/v1/ai-gateway/health","C:\Users\DIYA GOEL\Downloads\EBDESIGN\backend\src\routes\aiGatewayRoutes.js","aiGatewayRoutes","1825","51"
"POST","/api/v1/ai-gateway","/chat","/api/v1/ai-gateway/chat","C:\Users\DIYA GOEL\Downloads\EBDESIGN\backend\src\routes\aiGatewayRoutes.js","aiGatewayRoutes","1825","61"
"POST","/api/v1/ai-gateway","/stream","/api/v1/ai-gateway/stream","C:\Users\DIYA GOEL\Downloads\EBDESIGN\backend\src\routes\aiGatewayRoutes.js","aiGatewayRoutes","1825","74"
"GET","/api/v1/ai-gateway","/statistics","/api/v1/ai-gateway/statistics","C:\Users\DIYA GOEL\Downloads\EBDESIGN\backend\src\routes\aiGatewayRoutes.js","aiGatewayRoutes","1825","87"
"GET","/api/v1/ai-gateway","/providers","/api/v1/ai-gateway/providers","C:\Users\DIYA GOEL\Downloads\EBDESIGN\backend\src\routes\aiGatewayRoutes.js","aiGatewayRoutes","1825","92"
"GET","/api/v1/ai-gateway","/models/:provider","/api/v1/ai-gateway/models/:provider","C:\Users\DIYA GOEL\Downloads\EBDESIGN\backend\src\routes\aiGatewayRoutes.js","aiGatewayRoutes","1825","96"
"PUT","/api/v1/ai-gateway","/providers/:provider/enable","/api/v1/ai-gateway/providers/:provider/enable","C:\Users\DIYA GOEL\Downloads\EBDESIGN\backend\src\routes\aiGatewayRoutes.js","aiGatewayRoutes","1825","105"
"PUT","/api/v1/ai-gateway","/providers/:provider/disable","/api/v1/ai-gateway/providers/:provider/disable","C:\Users\DIYA GOEL\Downloads\EBDESIGN\backend\src\routes\aiGatewayRoutes.js","aiGatewayRoutes","1825","115"
"POST","/api/v1/robotics","/devices","/api/v1/robotics/devices","C:\Users\DIYA GOEL\Downloads\EBDESIGN\backend\src\routes\roboticsRoutes.js","roboticsRoutes","1826","27"
"POST","/api/v1/robotics","/devices/:id/certification","/api/v1/robotics/devices/:id/certification","C:\Users\DIYA GOEL\Downloads\EBDESIGN\backend\src\routes\roboticsRoutes.js","roboticsRoutes","1826","30"
"POST","/api/v1/robotics","/devices/:id/telemetry","/api/v1/robotics/devices/:id/telemetry","C:\Users\DIYA GOEL\Downloads\EBDESIGN\backend\src\routes\roboticsRoutes.js","roboticsRoutes","1826","31"
"GET","/api/v1/robotics","/devices/:id/telemetry","/api/v1/robotics/devices/:id/telemetry","C:\Users\DIYA GOEL\Downloads\EBDESIGN\backend\src\routes\roboticsRoutes.js","roboticsRoutes","1826","34"
"POST","/api/v1/robotics","/devices/:id/emergency-stop","/api/v1/robotics/devices/:id/emergency-stop","C:\Users\DIYA GOEL\Downloads\EBDESIGN\backend\src\routes\roboticsRoutes.js","roboticsRoutes","1826","35"
"POST","/api/v1/robotics","/devices/:id/emergency-stop/clear","/api/v1/robotics/devices/:id/emergency-stop/clear","C:\Users\DIYA GOEL\Downloads\EBDESIGN\backend\src\routes\roboticsRoutes.js","roboticsRoutes","1826","36"
"POST","/api/v1/robotics","/missions","/api/v1/robotics/missions","C:\Users\DIYA GOEL\Downloads\EBDESIGN\backend\src\routes\roboticsRoutes.js","roboticsRoutes","1826","38"
"GET","/api/v1/robotics","/missions/:id","/api/v1/robotics/missions/:id","C:\Users\DIYA GOEL\Downloads\EBDESIGN\backend\src\routes\roboticsRoutes.js","roboticsRoutes","1826","41"
"POST","/api/v1/robotics","/missions/:id/approval","/api/v1/robotics/missions/:id/approval","C:\Users\DIYA GOEL\Downloads\EBDESIGN\backend\src\routes\roboticsRoutes.js","roboticsRoutes","1826","42"
"POST","/api/v1/robotics","/missions/:id/start","/api/v1/robotics/missions/:id/start","C:\Users\DIYA GOEL\Downloads\EBDESIGN\backend\src\routes\roboticsRoutes.js","roboticsRoutes","1826","43"
"POST","/api/v1/robotics","/missions/:id/pause","/api/v1/robotics/missions/:id/pause","C:\Users\DIYA GOEL\Downloads\EBDESIGN\backend\src\routes\roboticsRoutes.js","roboticsRoutes","1826","44"
"POST","/api/v1/robotics","/missions/:id/complete","/api/v1/robotics/missions/:id/complete","C:\Users\DIYA GOEL\Downloads\EBDESIGN\backend\src\routes\roboticsRoutes.js","roboticsRoutes","1826","45"
"POST","/api/v1/robotics","/missions/:id/abort","/api/v1/robotics/missions/:id/abort","C:\Users\DIYA GOEL\Downloads\EBDESIGN\backend\src\routes\roboticsRoutes.js","roboticsRoutes","1826","46"
"POST","/api/v1/robotics","/planning/advisory","/api/v1/robotics/planning/advisory","C:\Users\DIYA GOEL\Downloads\EBDESIGN\backend\src\routes\roboticsRoutes.js","roboticsRoutes","1826","47"
"GET","/api/aicollaboration","/context","/api/aicollaboration/context","C:\Users\DIYA GOEL\Downloads\EBDESIGN\backend\src\routes\aiCollaborationRoutes.js","aiCollaborationRoutes","1827","39"
"PUT","/api/aicollaboration","/context","/api/aicollaboration/context","C:\Users\DIYA GOEL\Downloads\EBDESIGN\backend\src\routes\aiCollaborationRoutes.js","aiCollaborationRoutes","1827","48"
"POST","/api/aicollaboration","/log-work","/api/aicollaboration/log-work","C:\Users\DIYA GOEL\Downloads\EBDESIGN\backend\src\routes\aiCollaborationRoutes.js","aiCollaborationRoutes","1827","57"
"GET","/api/aicollaboration","/work-history/:aiSource","/api/aicollaboration/work-history/:aiSource","C:\Users\DIYA GOEL\Downloads\EBDESIGN\backend\src\routes\aiCollaborationRoutes.js","aiCollaborationRoutes","1827","70"
"GET","/api/aicollaboration","/continuable/:currentAI","/api/aicollaboration/continuable/:currentAI","C:\Users\DIYA GOEL\Downloads\EBDESIGN\backend\src\routes\aiCollaborationRoutes.js","aiCollaborationRoutes","1827","82"
"POST","/api/aicollaboration","/handoff","/api/aicollaboration/handoff","C:\Users\DIYA GOEL\Downloads\EBDESIGN\backend\src\routes\aiCollaborationRoutes.js","aiCollaborationRoutes","1827","92"
"POST","/api/aicollaboration","/handoff/:handoffId/accept","/api/aicollaboration/handoff/:handoffId/accept","C:\Users\DIYA GOEL\Downloads\EBDESIGN\backend\src\routes\aiCollaborationRoutes.js","aiCollaborationRoutes","1827","105"
"GET","/api/aicollaboration","/handoffs/pending/:forAI","/api/aicollaboration/handoffs/pending/:forAI","C:\Users\DIYA GOEL\Downloads\EBDESIGN\backend\src\routes\aiCollaborationRoutes.js","aiCollaborationRoutes","1827","118"
"GET","/api/aicollaboration","/stats","/api/aicollaboration/stats","C:\Users\DIYA GOEL\Downloads\EBDESIGN\backend\src\routes\aiCollaborationRoutes.js","aiCollaborationRoutes","1827","127"
"GET","/api/aicollaboration","/report","/api/aicollaboration/report","C:\Users\DIYA GOEL\Downloads\EBDESIGN\backend\src\routes\aiCollaborationRoutes.js","aiCollaborationRoutes","1827","136"
"GET","/api/devin","/status","/api/devin/status","C:\Users\DIYA GOEL\Downloads\EBDESIGN\backend\src\routes\devinRoutes.js","devinRoutes","1828","21"
"POST","/api/devin","/sessions","/api/devin/sessions","C:\Users\DIYA GOEL\Downloads\EBDESIGN\backend\src\routes\devinRoutes.js","devinRoutes","1828","28"
"GET","/api/devin","/sessions","/api/devin/sessions","C:\Users\DIYA GOEL\Downloads\EBDESIGN\backend\src\routes\devinRoutes.js","devinRoutes","1828","34"
"GET","/api/devin","/sessions/:sessionId","/api/devin/sessions/:sessionId","C:\Users\DIYA GOEL\Downloads\EBDESIGN\backend\src\routes\devinRoutes.js","devinRoutes","1828","40"
"POST","/api/devin","/sessions/:sessionId/messages","/api/devin/sessions/:sessionId/messages","C:\Users\DIYA GOEL\Downloads\EBDESIGN\backend\src\routes\devinRoutes.js","devinRoutes","1828","47"
"POST","/api/devin","/sessions/:sessionId/close","/api/devin/sessions/:sessionId/close","C:\Users\DIYA GOEL\Downloads\EBDESIGN\backend\src\routes\devinRoutes.js","devinRoutes","1828","53"
"POST","/api/devin","/tasks","/api/devin/tasks","C:\Users\DIYA GOEL\Downloads\EBDESIGN\backend\src\routes\devinRoutes.js","devinRoutes","1828","60"
"POST","/api/aibrain","/cycle","/api/aibrain/cycle","C:\Users\DIYA GOEL\Downloads\EBDESIGN\backend\src\routes\aiBrainRoutes.js","aiBrainRoutes","1829","39"
"POST","/api/aibrain","/perception","/api/aibrain/perception","C:\Users\DIYA GOEL\Downloads\EBDESIGN\backend\src\routes\aiBrainRoutes.js","aiBrainRoutes","1829","71"
"POST","/api/aibrain","/attention","/api/aibrain/attention","C:\Users\DIYA GOEL\Downloads\EBDESIGN\backend\src\routes\aiBrainRoutes.js","aiBrainRoutes","1829","98"
"POST","/api/aibrain","/reasoning","/api/aibrain/reasoning","C:\Users\DIYA GOEL\Downloads\EBDESIGN\backend\src\routes\aiBrainRoutes.js","aiBrainRoutes","1829","125"
"POST","/api/aibrain","/learning","/api/aibrain/learning","C:\Users\DIYA GOEL\Downloads\EBDESIGN\backend\src\routes\aiBrainRoutes.js","aiBrainRoutes","1829","152"
"POST","/api/aibrain","/decision","/api/aibrain/decision","C:\Users\DIYA GOEL\Downloads\EBDESIGN\backend\src\routes\aiBrainRoutes.js","aiBrainRoutes","1829","179"
"POST","/api/aibrain","/planning","/api/aibrain/planning","C:\Users\DIYA GOEL\Downloads\EBDESIGN\backend\src\routes\aiBrainRoutes.js","aiBrainRoutes","1829","210"
"POST","/api/aibrain","/knowledge","/api/aibrain/knowledge","C:\Users\DIYA GOEL\Downloads\EBDESIGN\backend\src\routes\aiBrainRoutes.js","aiBrainRoutes","1829","241"
"GET","/api/aibrain","/knowledge/:domain","/api/aibrain/knowledge/:domain","C:\Users\DIYA GOEL\Downloads\EBDESIGN\backend\src\routes\aiBrainRoutes.js","aiBrainRoutes","1829","272"
"GET","/api/aibrain","/knowledge","/api/aibrain/knowledge","C:\Users\DIYA GOEL\Downloads\EBDESIGN\backend\src\routes\aiBrainRoutes.js","aiBrainRoutes","1829","302"
"GET","/api/aibrain","/state","/api/aibrain/state","C:\Users\DIYA GOEL\Downloads\EBDESIGN\backend\src\routes\aiBrainRoutes.js","aiBrainRoutes","1829","327"
"PUT","/api/aibrain","/context","/api/aibrain/context","C:\Users\DIYA GOEL\Downloads\EBDESIGN\backend\src\routes\aiBrainRoutes.js","aiBrainRoutes","1829","348"
"DELETE","/api/aibrain","/working-memory","/api/aibrain/working-memory","C:\Users\DIYA GOEL\Downloads\EBDESIGN\backend\src\routes\aiBrainRoutes.js","aiBrainRoutes","1829","371"
"GET","/api/aibrain","/health","/api/aibrain/health","C:\Users\DIYA GOEL\Downloads\EBDESIGN\backend\src\routes\aiBrainRoutes.js","aiBrainRoutes","1829","389"
"GET","/api/aibackbone","/health","/api/aibackbone/health","C:\Users\DIYA GOEL\Downloads\EBDESIGN\backend\src\routes\aiBackboneRoutes.js","aiBackboneRoutes","1830","37"
"POST","/api/aibackbone","/call","/api/aibackbone/call","C:\Users\DIYA GOEL\Downloads\EBDESIGN\backend\src\routes\aiBackboneRoutes.js","aiBackboneRoutes","1830","49"
"GET","/api/aibackbone","/status","/api/aibackbone/status","C:\Users\DIYA GOEL\Downloads\EBDESIGN\backend\src\routes\aiBackboneRoutes.js","aiBackboneRoutes","1830","50"
"POST","/api/aibackbone","/switch-provider","/api/aibackbone/switch-provider","C:\Users\DIYA GOEL\Downloads\EBDESIGN\backend\src\routes\aiBackboneRoutes.js","aiBackboneRoutes","1830","51"
"POST","/api/aibackbone","/reset-statistics","/api/aibackbone/reset-statistics","C:\Users\DIYA GOEL\Downloads\EBDESIGN\backend\src\routes\aiBackboneRoutes.js","aiBackboneRoutes","1830","52"
"POST","/api/aibackbone","/agricultural-decision","/api/aibackbone/agricultural-decision","C:\Users\DIYA GOEL\Downloads\EBDESIGN\backend\src\routes\aiBackboneRoutes.js","aiBackboneRoutes","1830","55"
"POST","/api/aibackbone","/livestock-optimization","/api/aibackbone/livestock-optimization","C:\Users\DIYA GOEL\Downloads\EBDESIGN\backend\src\routes\aiBackboneRoutes.js","aiBackboneRoutes","1830","56"
"POST","/api/aiapproval","/proposals","/api/aiapproval/proposals","C:\Users\DIYA GOEL\Downloads\EBDESIGN\backend\src\routes\aiApprovalRoutes.js","aiApprovalRoutes","1831","10"
"GET","/api/aiapproval","/proposals","/api/aiapproval/proposals","C:\Users\DIYA GOEL\Downloads\EBDESIGN\backend\src\routes\aiApprovalRoutes.js","aiApprovalRoutes","1831","19"
"POST","/api/aiapproval","/proposals/:id/decision","/api/aiapproval/proposals/:id/decision","C:\Users\DIYA GOEL\Downloads\EBDESIGN\backend\src\routes\aiApprovalRoutes.js","aiApprovalRoutes","1831","28"
"POST","/api/aiapproval","/proposals/:id/execute","/api/aiapproval/proposals/:id/execute","C:\Users\DIYA GOEL\Downloads\EBDESIGN\backend\src\routes\aiApprovalRoutes.js","aiApprovalRoutes","1831","37"
"POST","/api/aiagent","/","/api/aiagent/","C:\Users\DIYA GOEL\Downloads\EBDESIGN\backend\src\routes\aiAgentRoutes.js","aiAgentRoutes","1832","18"
"GET","/api/aiagent","/health","/api/aiagent/health","C:\Users\DIYA GOEL\Downloads\EBDESIGN\backend\src\routes\aiAgentRoutes.js","aiAgentRoutes","1832","30"
"POST","/api/agriculturalintelligence","/crop-yield/predict","/api/agriculturalintelligence/crop-yield/predict","C:\Users\DIYA GOEL\Downloads\EBDESIGN\backend\src\routes\agriculturalIntelligenceRoutes.js","agriculturalIntelligenceRoutes","1833","15"
"POST","/api/agriculturalintelligence","/soil/analyze","/api/agriculturalintelligence/soil/analyze","C:\Users\DIYA GOEL\Downloads\EBDESIGN\backend\src\routes\agriculturalIntelligenceRoutes.js","agriculturalIntelligenceRoutes","1833","24"
"GET","/api/agriculturalintelligence","/weather-intelligence","/api/agriculturalintelligence/weather-intelligence","C:\Users\DIYA GOEL\Downloads\EBDESIGN\backend\src\routes\agriculturalIntelligenceRoutes.js","agriculturalIntelligenceRoutes","1833","33"
"POST","/api/agriculturalintelligence","/pest-outbreak/predict","/api/agriculturalintelligence/pest-outbreak/predict","C:\Users\DIYA GOEL\Downloads\EBDESIGN\backend\src\routes\agriculturalIntelligenceRoutes.js","agriculturalIntelligenceRoutes","1833","44"
"POST","/api/agriculturalintelligence","/crops/recommend","/api/agriculturalintelligence/crops/recommend","C:\Users\DIYA GOEL\Downloads\EBDESIGN\backend\src\routes\agriculturalIntelligenceRoutes.js","agriculturalIntelligenceRoutes","1833","53"
"POST","/api/agriculturalintelligence","/irrigation/optimize","/api/agriculturalintelligence/irrigation/optimize","C:\Users\DIYA GOEL\Downloads\EBDESIGN\backend\src\routes\agriculturalIntelligenceRoutes.js","agriculturalIntelligenceRoutes","1833","62"
"POST","/api/agriculturalintelligence","/fertilizer/recommend","/api/agriculturalintelligence/fertilizer/recommend","C:\Users\DIYA GOEL\Downloads\EBDESIGN\backend\src\routes\agriculturalIntelligenceRoutes.js","agriculturalIntelligenceRoutes","1833","71"
"GET","/api/agriculturalintelligence","/analytics","/api/agriculturalintelligence/analytics","C:\Users\DIYA GOEL\Downloads\EBDESIGN\backend\src\routes\agriculturalIntelligenceRoutes.js","agriculturalIntelligenceRoutes","1833","80"
"GET","/api/agriculturalintelligence","/health","/api/agriculturalintelligence/health","C:\Users\DIYA GOEL\Downloads\EBDESIGN\backend\src\routes\agriculturalIntelligenceRoutes.js","agriculturalIntelligenceRoutes","1833","89"
"POST","/api/advancedsearch","/","/api/advancedsearch/","C:\Users\DIYA GOEL\Downloads\EBDESIGN\backend\src\routes\advancedSearchRoutes.js","advancedSearchRoutes","1834","18"
"GET","/api/advancedsearch","/health","/api/advancedsearch/health","C:\Users\DIYA GOEL\Downloads\EBDESIGN\backend\src\routes\advancedSearchRoutes.js","advancedSearchRoutes","1834","30"
"POST","/api/advancedfeatures","/ai/recommendations","/api/advancedfeatures/ai/recommendations","C:\Users\DIYA GOEL\Downloads\EBDESIGN\backend\src\routes\advancedFeatures.js","advancedFeatures","1835","14"
"POST","/api/advancedfeatures","/blockchain/contracts","/api/advancedfeatures/blockchain/contracts","C:\Users\DIYA GOEL\Downloads\EBDESIGN\backend\src\routes\advancedFeatures.js","advancedFeatures","1835","24"
"POST","/api/advancedfeatures","/blockchain/contracts/:contractId/execute","/api/advancedfeatures/blockchain/contracts/:contractId/execute","C:\Users\DIYA GOEL\Downloads\EBDESIGN\backend\src\routes\advancedFeatures.js","advancedFeatures","1835","33"
"POST","/api/advancedfeatures","/iot/devices","/api/advancedfeatures/iot/devices","C:\Users\DIYA GOEL\Downloads\EBDESIGN\backend\src\routes\advancedFeatures.js","advancedFeatures","1835","44"
"POST","/api/advancedfeatures","/iot/devices/:deviceId/data","/api/advancedfeatures/iot/devices/:deviceId/data","C:\Users\DIYA GOEL\Downloads\EBDESIGN\backend\src\routes\advancedFeatures.js","advancedFeatures","1835","53"
"POST","/api/advancedfeatures","/analytics/demand-forecast","/api/advancedfeatures/analytics/demand-forecast","C:\Users\DIYA GOEL\Downloads\EBDESIGN\backend\src\routes\advancedFeatures.js","advancedFeatures","1835","64"
"POST","/api/advancedfeatures","/voice/commands","/api/advancedfeatures/voice/commands","C:\Users\DIYA GOEL\Downloads\EBDESIGN\backend\src\routes\advancedFeatures.js","advancedFeatures","1835","74"
"POST","/api/advancedfeatures","/ar-vr/experiences","/api/advancedfeatures/ar-vr/experiences","C:\Users\DIYA GOEL\Downloads\EBDESIGN\backend\src\routes\advancedFeatures.js","advancedFeatures","1835","85"
"POST","/api/advancedfeatures","/knowledge-graph/query","/api/advancedfeatures/knowledge-graph/query","C:\Users\DIYA GOEL\Downloads\EBDESIGN\backend\src\routes\advancedFeatures.js","advancedFeatures","1835","95"
"POST","/api/advancedanalytics","/","/api/advancedanalytics/","C:\Users\DIYA GOEL\Downloads\EBDESIGN\backend\src\routes\advancedAnalyticsRoutes.js","advancedAnalyticsRoutes","1836","18"
"GET","/api/advancedanalytics","/health","/api/advancedanalytics/health","C:\Users\DIYA GOEL\Downloads\EBDESIGN\backend\src\routes\advancedAnalyticsRoutes.js","advancedAnalyticsRoutes","1836","30"
"POST","/api/v1/warnings","/","/api/v1/warnings/","C:\Users\DIYA GOEL\Downloads\EBDESIGN\backend\src\routes\apiWarningRoutes.js","apiWarningRoutes","1837","18"
"GET","/api/v1/warnings","/health","/api/v1/warnings/health","C:\Users\DIYA GOEL\Downloads\EBDESIGN\backend\src\routes\apiWarningRoutes.js","apiWarningRoutes","1837","30"
"GET","/api/index","/health","/api/index/health","C:\Users\DIYA GOEL\Downloads\EBDESIGN\backend\src\routes\index.js","index","1840","8"
"POST","/health","/","/health/","C:\Users\DIYA GOEL\Downloads\EBDESIGN\backend\src\routes\healthRoutes.js","healthRoutes","1842","18"
"GET","/health","/health","/health/health","C:\Users\DIYA GOEL\Downloads\EBDESIGN\backend\src\routes\healthRoutes.js","healthRoutes","1842","30"
"POST","/api/auto-generation","/","/api/auto-generation/","C:\Users\DIYA GOEL\Downloads\EBDESIGN\backend\src\routes\productImageAutoGenerationRoutes.js","productImageAutoGenerationRoutes","1846","18"
"GET","/api/auto-generation","/health","/api/auto-generation/health","C:\Users\DIYA GOEL\Downloads\EBDESIGN\backend\src\routes\productImageAutoGenerationRoutes.js","productImageAutoGenerationRoutes","1846","30"
"POST","/api/ai/images","/","/api/ai/images/","C:\Users\DIYA GOEL\Downloads\EBDESIGN\backend\src\routes\aiImageGenerationEnhancedRoutes.js","aiImageGenerationEnhancedRoutes","1847","18"
"GET","/api/ai/images","/health","/api/ai/images/health","C:\Users\DIYA GOEL\Downloads\EBDESIGN\backend\src\routes\aiImageGenerationEnhancedRoutes.js","aiImageGenerationEnhancedRoutes","1847","30"
"POST","/api/commerce/images","/","/api/commerce/images/","C:\Users\DIYA GOEL\Downloads\EBDESIGN\backend\src\routes\ecommerceImageIntegrationRoutes.js","ecommerceImageIntegrationRoutes","1848","18"
"GET","/api/commerce/images","/health","/api/commerce/images/health","C:\Users\DIYA GOEL\Downloads\EBDESIGN\backend\src\routes\ecommerceImageIntegrationRoutes.js","ecommerceImageIntegrationRoutes","1848","30"
"POST","/api/farmer/images","/","/api/farmer/images/","C:\Users\DIYA GOEL\Downloads\EBDESIGN\backend\src\routes\farmerImagePortalRoutes.js","farmerImagePortalRoutes","1849","15"
"GET","/api/farmer/images","/health","/api/farmer/images/health","C:\Users\DIYA GOEL\Downloads\EBDESIGN\backend\src\routes\farmerImagePortalRoutes.js","farmerImagePortalRoutes","1849","19"
"GET","/api/status","/complete","/api/status/complete","C:\Users\DIYA GOEL\Downloads\EBDESIGN\backend\src\routes\integrationStatusRoutes.js","integrationStatusRoutes","1853","21"
"GET","/api/status","/routes","/api/status/routes","C:\Users\DIYA GOEL\Downloads\EBDESIGN\backend\src\routes\integrationStatusRoutes.js","integrationStatusRoutes","1853","77"
"GET","/api/status","/services","/api/status/services","C:\Users\DIYA GOEL\Downloads\EBDESIGN\backend\src\routes\integrationStatusRoutes.js","integrationStatusRoutes","1853","89"
"GET","/api/status","/modules","/api/status/modules","C:\Users\DIYA GOEL\Downloads\EBDESIGN\backend\src\routes\integrationStatusRoutes.js","integrationStatusRoutes","1853","101"
"GET","/api/status","/blockers","/api/status/blockers","C:\Users\DIYA GOEL\Downloads\EBDESIGN\backend\src\routes\integrationStatusRoutes.js","integrationStatusRoutes","1853","113"
"GET","/api/status","/timeline","/api/status/timeline","C:\Users\DIYA GOEL\Downloads\EBDESIGN\backend\src\routes\integrationStatusRoutes.js","integrationStatusRoutes","1853","129"
"GET","/api/status","/team","/api/status/team","C:\Users\DIYA GOEL\Downloads\EBDESIGN\backend\src\routes\integrationStatusRoutes.js","integrationStatusRoutes","1853","141"
"GET","/api/status","/integration-health","/api/status/integration-health","C:\Users\DIYA GOEL\Downloads\EBDESIGN\backend\src\routes\integrationStatusRoutes.js","integrationStatusRoutes","1853","153"
"GET","/api/debug","/health","/api/debug/health","C:\Users\DIYA GOEL\Downloads\EBDESIGN\backend\src\routes\ENDPOINT_MISMATCH_FIXER.js","endpointMismatchFixer","1858","12"
"POST","/api","/stripe-webhook","/api/stripe-webhook","C:\Users\DIYA GOEL\Downloads\EBDESIGN\backend\src\routes\stripeWebhookRoutes.js","stripeWebhookRoutes","1862","22"
