"Family","File","RelativePath","Size","Mounted"
"TOP_LEVEL_ROUTE","C:\Users\DIYA GOEL\Downloads\EBDESIGN\backend\src\routes\adminAuditDomainRoutes.js","routes\adminAuditDomainRoutes.js","1166","True"
"TOP_LEVEL_ROUTE","C:\Users\DIYA GOEL\Downloads\EBDESIGN\backend\src\routes\adminRoutes.js","routes\adminRoutes.js","480","False"
"TOP_LEVEL_ROUTE","C:\Users\DIYA GOEL\Downloads\EBDESIGN\backend\src\routes\advancedAnalyticsRoutes.js","routes\advancedAnalyticsRoutes.js","651","True"
"TOP_LEVEL_ROUTE","C:\Users\DIYA GOEL\Downloads\EBDESIGN\backend\src\routes\advancedFeatures.js","routes\advancedFeatures.js","3777","True"
"TOP_LEVEL_ROUTE","C:\Users\DIYA GOEL\Downloads\EBDESIGN\backend\src\routes\advancedSearchRoutes.js","routes\advancedSearchRoutes.js","642","True"
"TOP_LEVEL_ROUTE","C:\Users\DIYA GOEL\Downloads\EBDESIGN\backend\src\routes\agriculturalIntelligenceDomainRoutes.js","routes\agriculturalIntelligenceDomainRoutes.js","1702","True"
"TOP_LEVEL_ROUTE","C:\Users\DIYA GOEL\Downloads\EBDESIGN\backend\src\routes\agriculturalIntelligenceRoutes.js","routes\agriculturalIntelligenceRoutes.js","3720","True"
"TOP_LEVEL_ROUTE","C:\Users\DIYA GOEL\Downloads\EBDESIGN\backend\src\routes\aiAgentDomainRoutes.js","routes\aiAgentDomainRoutes.js","2439","True"
"TOP_LEVEL_ROUTE","C:\Users\DIYA GOEL\Downloads\EBDESIGN\backend\src\routes\aiAgentRoutes.js","routes\aiAgentRoutes.js","621","True"
"TOP_LEVEL_ROUTE","C:\Users\DIYA GOEL\Downloads\EBDESIGN\backend\src\routes\aiApprovalRoutes.js","routes\aiApprovalRoutes.js","1584","True"
"TOP_LEVEL_ROUTE","C:\Users\DIYA GOEL\Downloads\EBDESIGN\backend\src\routes\aiBackboneDomainRoutes.js","routes\aiBackboneDomainRoutes.js","1009","True"
"TOP_LEVEL_ROUTE","C:\Users\DIYA GOEL\Downloads\EBDESIGN\backend\src\routes\aiBackboneRoutes.js","routes\aiBackboneRoutes.js","2593","True"
"TOP_LEVEL_ROUTE","C:\Users\DIYA GOEL\Downloads\EBDESIGN\backend\src\routes\aiBrainDomainRoutes.js","routes\aiBrainDomainRoutes.js","2293","True"
"TOP_LEVEL_ROUTE","C:\Users\DIYA GOEL\Downloads\EBDESIGN\backend\src\routes\aiBrainRoutes.js","routes\aiBrainRoutes.js","9572","True"
"TOP_LEVEL_ROUTE","C:\Users\DIYA GOEL\Downloads\EBDESIGN\backend\src\routes\aiCollaborationRoutes.js","routes\aiCollaborationRoutes.js","5126","True"
"TOP_LEVEL_ROUTE","C:\Users\DIYA GOEL\Downloads\EBDESIGN\backend\src\routes\aiDomainAdapterRoutes.js","routes\aiDomainAdapterRoutes.js","646","True"
"TOP_LEVEL_ROUTE","C:\Users\DIYA GOEL\Downloads\EBDESIGN\backend\src\routes\aiGatewayRoutes.js","routes\aiGatewayRoutes.js","4617","True"
"TOP_LEVEL_ROUTE","C:\Users\DIYA GOEL\Downloads\EBDESIGN\backend\src\routes\aiImageGenerationEnhancedRoutes.js","routes\aiImageGenerationEnhancedRoutes.js","668","True"
"TOP_LEVEL_ROUTE","C:\Users\DIYA GOEL\Downloads\EBDESIGN\backend\src\routes\aiModelsRoutes.js","routes\aiModelsRoutes.js","624","True"
"TOP_LEVEL_ROUTE","C:\Users\DIYA GOEL\Downloads\EBDESIGN\backend\src\routes\aiOperationIntelligenceDomainRoutes.js","routes\aiOperationIntelligenceDomainRoutes.js","2906","True"
"TOP_LEVEL_ROUTE","C:\Users\DIYA GOEL\Downloads\EBDESIGN\backend\src\routes\aiOperationIntelligenceRoutes.js","routes\aiOperationIntelligenceRoutes.js","10178","True"
"TOP_LEVEL_ROUTE","C:\Users\DIYA GOEL\Downloads\EBDESIGN\backend\src\routes\aiSelfHealingDomainRoutes.js","routes\aiSelfHealingDomainRoutes.js","2506","True"
"TOP_LEVEL_ROUTE","C:\Users\DIYA GOEL\Downloads\EBDESIGN\backend\src\routes\aiSelfHealingRoutes.js","routes\aiSelfHealingRoutes.js","8343","True"
"TOP_LEVEL_ROUTE","C:\Users\DIYA GOEL\Downloads\EBDESIGN\backend\src\routes\aiTrainingEvaluationRoutes.js","routes\aiTrainingEvaluationRoutes.js","6380","True"
"TOP_LEVEL_ROUTE","C:\Users\DIYA GOEL\Downloads\EBDESIGN\backend\src\routes\analyticsReportRoutes.js","routes\analyticsReportRoutes.js","645","True"
"TOP_LEVEL_ROUTE","C:\Users\DIYA GOEL\Downloads\EBDESIGN\backend\src\routes\analyticsRoutes.js","routes\analyticsRoutes.js","492","False"
"TOP_LEVEL_ROUTE","C:\Users\DIYA GOEL\Downloads\EBDESIGN\backend\src\routes\animalHealthDomainRoutes.js","routes\animalHealthDomainRoutes.js","2581","True"
"TOP_LEVEL_ROUTE","C:\Users\DIYA GOEL\Downloads\EBDESIGN\backend\src\routes\animalHealthRoutes.js","routes\animalHealthRoutes.js","13036","True"
"TOP_LEVEL_ROUTE","C:\Users\DIYA GOEL\Downloads\EBDESIGN\backend\src\routes\apiCompatibilityRoutes.js","routes\apiCompatibilityRoutes.js","648","True"
"TOP_LEVEL_ROUTE","C:\Users\DIYA GOEL\Downloads\EBDESIGN\backend\src\routes\apicultureRoutes.js","routes\apicultureRoutes.js","2728","True"
"TOP_LEVEL_ROUTE","C:\Users\DIYA GOEL\Downloads\EBDESIGN\backend\src\routes\apiDocumentationRoutes.js","routes\apiDocumentationRoutes.js","513","False"
"TOP_LEVEL_ROUTE","C:\Users\DIYA GOEL\Downloads\EBDESIGN\backend\src\routes\apiWarningRoutes.js","routes\apiWarningRoutes.js","630","True"
"TOP_LEVEL_ROUTE","C:\Users\DIYA GOEL\Downloads\EBDESIGN\backend\src\routes\ar.js","routes\ar.js","294","True"
"TOP_LEVEL_ROUTE","C:\Users\DIYA GOEL\Downloads\EBDESIGN\backend\src\routes\artificialScientistRoutes.js","routes\artificialScientistRoutes.js","2801","True"
"TOP_LEVEL_ROUTE","C:\Users\DIYA GOEL\Downloads\EBDESIGN\backend\src\routes\assetAccountingDomainRoutes.js","routes\assetAccountingDomainRoutes.js","1993","True"
"TOP_LEVEL_ROUTE","C:\Users\DIYA GOEL\Downloads\EBDESIGN\backend\src\routes\assetAccountingRoutes.js","routes\assetAccountingRoutes.js","3839","True"
"TOP_LEVEL_ROUTE","C:\Users\DIYA GOEL\Downloads\EBDESIGN\backend\src\routes\auditLogRoutes.js","routes\auditLogRoutes.js","489","False"
"TOP_LEVEL_ROUTE","C:\Users\DIYA GOEL\Downloads\EBDESIGN\backend\src\routes\auditRoutes.js","routes\auditRoutes.js","3539","True"
"TOP_LEVEL_ROUTE","C:\Users\DIYA GOEL\Downloads\EBDESIGN\backend\src\routes\auditTrail.js","routes\auditTrail.js","311","True"
"TOP_LEVEL_ROUTE","C:\Users\DIYA GOEL\Downloads\EBDESIGN\backend\src\routes\authorizationDomainRoutes.js","routes\authorizationDomainRoutes.js","1383","True"
"TOP_LEVEL_ROUTE","C:\Users\DIYA GOEL\Downloads\EBDESIGN\backend\src\routes\authRoutes.js","routes\authRoutes.js","1377","True"
"TOP_LEVEL_ROUTE","C:\Users\DIYA GOEL\Downloads\EBDESIGN\backend\src\routes\automation.js","routes\automation.js","310","True"
"TOP_LEVEL_ROUTE","C:\Users\DIYA GOEL\Downloads\EBDESIGN\backend\src\routes\backupRoutes.js","routes\backupRoutes.js","483","False"
"TOP_LEVEL_ROUTE","C:\Users\DIYA GOEL\Downloads\EBDESIGN\backend\src\routes\biometric.js","routes\biometric.js","308","True"
"TOP_LEVEL_ROUTE","C:\Users\DIYA GOEL\Downloads\EBDESIGN\backend\src\routes\blockchainTrace.js","routes\blockchainTrace.js","321","True"
"TOP_LEVEL_ROUTE","C:\Users\DIYA GOEL\Downloads\EBDESIGN\backend\src\routes\blockchainVerificationDomainRoutes.js","routes\blockchainVerificationDomainRoutes.js","910","True"
"TOP_LEVEL_ROUTE","C:\Users\DIYA GOEL\Downloads\EBDESIGN\backend\src\routes\blockchainVerificationRoutes.js","routes\blockchainVerificationRoutes.js","666","True"
"TOP_LEVEL_ROUTE","C:\Users\DIYA GOEL\Downloads\EBDESIGN\backend\src\routes\bulkOperationRoutes.js","routes\bulkOperationRoutes.js","504","False"
"TOP_LEVEL_ROUTE","C:\Users\DIYA GOEL\Downloads\EBDESIGN\backend\src\routes\bulkOrderDomainRoutes.js","routes\bulkOrderDomainRoutes.js","1728","True"
"TOP_LEVEL_ROUTE","C:\Users\DIYA GOEL\Downloads\EBDESIGN\backend\src\routes\bulkOrderRoutes.js","routes\bulkOrderRoutes.js","1823","True"
"TOP_LEVEL_ROUTE","C:\Users\DIYA GOEL\Downloads\EBDESIGN\backend\src\routes\bulkOrders.js","routes\bulkOrders.js","311","True"
"TOP_LEVEL_ROUTE","C:\Users\DIYA GOEL\Downloads\EBDESIGN\backend\src\routes\buyerTrust.js","routes\buyerTrust.js","2488","True"
"TOP_LEVEL_ROUTE","C:\Users\DIYA GOEL\Downloads\EBDESIGN\backend\src\routes\cacheRoutes.js","routes\cacheRoutes.js","480","False"
"TOP_LEVEL_ROUTE","C:\Users\DIYA GOEL\Downloads\EBDESIGN\backend\src\routes\certificationManagement.js","routes\certificationManagement.js","337","True"
"TOP_LEVEL_ROUTE","C:\Users\DIYA GOEL\Downloads\EBDESIGN\backend\src\routes\civilDisruptionDomainRoutes.js","routes\civilDisruptionDomainRoutes.js","1201","True"
"TOP_LEVEL_ROUTE","C:\Users\DIYA GOEL\Downloads\EBDESIGN\backend\src\routes\civilDisruptionRoutes.js","routes\civilDisruptionRoutes.js","2019","True"
"TOP_LEVEL_ROUTE","C:\Users\DIYA GOEL\Downloads\EBDESIGN\backend\src\routes\climateAdvisory.js","routes\climateAdvisory.js","321","True"
"TOP_LEVEL_ROUTE","C:\Users\DIYA GOEL\Downloads\EBDESIGN\backend\src\routes\climateAdvisoryRoutes.js","routes\climateAdvisoryRoutes.js","645","True"
"TOP_LEVEL_ROUTE","C:\Users\DIYA GOEL\Downloads\EBDESIGN\backend\src\routes\climateMonitoringDomainRoutes.js","routes\climateMonitoringDomainRoutes.js","2364","True"
"TOP_LEVEL_ROUTE","C:\Users\DIYA GOEL\Downloads\EBDESIGN\backend\src\routes\climateMonitoringRoutes.js","routes\climateMonitoringRoutes.js","651","True"
"TOP_LEVEL_ROUTE","C:\Users\DIYA GOEL\Downloads\EBDESIGN\backend\src\routes\climateRouteSupport.js","routes\climateRouteSupport.js","4700","True"
"TOP_LEVEL_ROUTE","C:\Users\DIYA GOEL\Downloads\EBDESIGN\backend\src\routes\cloudManagementRoutes.js","routes\cloudManagementRoutes.js","13356","False"
"TOP_LEVEL_ROUTE","C:\Users\DIYA GOEL\Downloads\EBDESIGN\backend\src\routes\coldChainMonitoring.js","routes\coldChainMonitoring.js","330","True"
"TOP_LEVEL_ROUTE","C:\Users\DIYA GOEL\Downloads\EBDESIGN\backend\src\routes\coldStorageDomainRoutes.js","routes\coldStorageDomainRoutes.js","2239","True"
"TOP_LEVEL_ROUTE","C:\Users\DIYA GOEL\Downloads\EBDESIGN\backend\src\routes\coldStorageRoutes.js","routes\coldStorageRoutes.js","633","True"
"TOP_LEVEL_ROUTE","C:\Users\DIYA GOEL\Downloads\EBDESIGN\backend\src\routes\communityManagementDomainRoutes.js","routes\communityManagementDomainRoutes.js","2327","True"
"TOP_LEVEL_ROUTE","C:\Users\DIYA GOEL\Downloads\EBDESIGN\backend\src\routes\communityManagementRoutes.js","routes\communityManagementRoutes.js","657","True"
"TOP_LEVEL_ROUTE","C:\Users\DIYA GOEL\Downloads\EBDESIGN\backend\src\routes\communityRoutes.js","routes\communityRoutes.js","12325","False"
"TOP_LEVEL_ROUTE","C:\Users\DIYA GOEL\Downloads\EBDESIGN\backend\src\routes\companyDomainRoutes.js","routes\companyDomainRoutes.js","1039","True"
"TOP_LEVEL_ROUTE","C:\Users\DIYA GOEL\Downloads\EBDESIGN\backend\src\routes\companyRoutes.js","routes\companyRoutes.js","2268","True"
"TOP_LEVEL_ROUTE","C:\Users\DIYA GOEL\Downloads\EBDESIGN\backend\src\routes\completeAIIntegrationDomainRoutes.js","routes\completeAIIntegrationDomainRoutes.js","2724","True"
"TOP_LEVEL_ROUTE","C:\Users\DIYA GOEL\Downloads\EBDESIGN\backend\src\routes\completeAIIntegrationRoutes.js","routes\completeAIIntegrationRoutes.js","6370","True"
"TOP_LEVEL_ROUTE","C:\Users\DIYA GOEL\Downloads\EBDESIGN\backend\src\routes\completeERPIntegrationDomainRoutes.js","routes\completeERPIntegrationDomainRoutes.js","2969","True"
"TOP_LEVEL_ROUTE","C:\Users\DIYA GOEL\Downloads\EBDESIGN\backend\src\routes\completeERPIntegrationRoutes.js","routes\completeERPIntegrationRoutes.js","657","True"
"TOP_LEVEL_ROUTE","C:\Users\DIYA GOEL\Downloads\EBDESIGN\backend\src\routes\complianceDomainRoutes.js","routes\complianceDomainRoutes.js","1044","True"
"TOP_LEVEL_ROUTE","C:\Users\DIYA GOEL\Downloads\EBDESIGN\backend\src\routes\complianceRoutes.js","routes\complianceRoutes.js","1871","True"
"TOP_LEVEL_ROUTE","C:\Users\DIYA GOEL\Downloads\EBDESIGN\backend\src\routes\complianceTracking.js","routes\complianceTracking.js","327","True"
"TOP_LEVEL_ROUTE","C:\Users\DIYA GOEL\Downloads\EBDESIGN\backend\src\routes\comprehensiveERPDomainRoutes.js","routes\comprehensiveERPDomainRoutes.js","9963","True"
"TOP_LEVEL_ROUTE","C:\Users\DIYA GOEL\Downloads\EBDESIGN\backend\src\routes\comprehensiveERPRoutes.js","routes\comprehensiveERPRoutes.js","650","True"
"TOP_LEVEL_ROUTE","C:\Users\DIYA GOEL\Downloads\EBDESIGN\backend\src\routes\contractFarmingRoutes.js","routes\contractFarmingRoutes.js","5824","True"
"TOP_LEVEL_ROUTE","C:\Users\DIYA GOEL\Downloads\EBDESIGN\backend\src\routes\conversationalAIDomainRoutes.js","routes\conversationalAIDomainRoutes.js","1359","True"
"TOP_LEVEL_ROUTE","C:\Users\DIYA GOEL\Downloads\EBDESIGN\backend\src\routes\cooperativeShareDomainRoutes.js","routes\cooperativeShareDomainRoutes.js","1469","True"
"TOP_LEVEL_ROUTE","C:\Users\DIYA GOEL\Downloads\EBDESIGN\backend\src\routes\cooperativeShareRoutes.js","routes\cooperativeShareRoutes.js","2820","True"
"TOP_LEVEL_ROUTE","C:\Users\DIYA GOEL\Downloads\EBDESIGN\backend\src\routes\costControlDomainRoutes.js","routes\costControlDomainRoutes.js","2480","True"
"TOP_LEVEL_ROUTE","C:\Users\DIYA GOEL\Downloads\EBDESIGN\backend\src\routes\costControlRoutes.js","routes\costControlRoutes.js","5755","True"
"TOP_LEVEL_ROUTE","C:\Users\DIYA GOEL\Downloads\EBDESIGN\backend\src\routes\costRoutes.js","routes\costRoutes.js","1924","True"
"TOP_LEVEL_ROUTE","C:\Users\DIYA GOEL\Downloads\EBDESIGN\backend\src\routes\cropDomainRoutes.js","routes\cropDomainRoutes.js","5881","True"
"TOP_LEVEL_ROUTE","C:\Users\DIYA GOEL\Downloads\EBDESIGN\backend\src\routes\cropManagementRoutes.js","routes\cropManagementRoutes.js","642","True"
"TOP_LEVEL_ROUTE","C:\Users\DIYA GOEL\Downloads\EBDESIGN\backend\src\routes\cropPlanningRoutes.js","routes\cropPlanningRoutes.js","3326","True"
"TOP_LEVEL_ROUTE","C:\Users\DIYA GOEL\Downloads\EBDESIGN\backend\src\routes\cropRecommendations.js","routes\cropRecommendations.js","1383","True"
"TOP_LEVEL_ROUTE","C:\Users\DIYA GOEL\Downloads\EBDESIGN\backend\src\routes\cropValueResearchDomainRoutes.js","routes\cropValueResearchDomainRoutes.js","934","True"
"TOP_LEVEL_ROUTE","C:\Users\DIYA GOEL\Downloads\EBDESIGN\backend\src\routes\cropValueResearchRoutes.js","routes\cropValueResearchRoutes.js","652","True"
"TOP_LEVEL_ROUTE","C:\Users\DIYA GOEL\Downloads\EBDESIGN\backend\src\routes\dairyDomainRoutes.js","routes\dairyDomainRoutes.js","3670","True"
"TOP_LEVEL_ROUTE","C:\Users\DIYA GOEL\Downloads\EBDESIGN\backend\src\routes\dairyRoutes.js","routes\dairyRoutes.js","614","True"
"TOP_LEVEL_ROUTE","C:\Users\DIYA GOEL\Downloads\EBDESIGN\backend\src\routes\dashboardRoutes.js","routes\dashboardRoutes.js","626","True"
"TOP_LEVEL_ROUTE","C:\Users\DIYA GOEL\Downloads\EBDESIGN\backend\src\routes\databaseManagementRoutes.js","routes\databaseManagementRoutes.js","17278","True"
"TOP_LEVEL_ROUTE","C:\Users\DIYA GOEL\Downloads\EBDESIGN\backend\src\routes\dataExportRoutes.js","routes\dataExportRoutes.js","495","False"
"TOP_LEVEL_ROUTE","C:\Users\DIYA GOEL\Downloads\EBDESIGN\backend\src\routes\dataVisualization.js","routes\dataVisualization.js","325","True"
"TOP_LEVEL_ROUTE","C:\Users\DIYA GOEL\Downloads\EBDESIGN\backend\src\routes\decisionSupportDomainRoutes.js","routes\decisionSupportDomainRoutes.js","1860","True"
"TOP_LEVEL_ROUTE","C:\Users\DIYA GOEL\Downloads\EBDESIGN\backend\src\routes\decisionSupportRoutes.js","routes\decisionSupportRoutes.js","6807","True"
"TOP_LEVEL_ROUTE","C:\Users\DIYA GOEL\Downloads\EBDESIGN\backend\src\routes\defenseFitnessPrepDomainRoutes.js","routes\defenseFitnessPrepDomainRoutes.js","1146","True"
"TOP_LEVEL_ROUTE","C:\Users\DIYA GOEL\Downloads\EBDESIGN\backend\src\routes\defenseFitnessPrepRoutes.js","routes\defenseFitnessPrepRoutes.js","834","True"
"TOP_LEVEL_ROUTE","C:\Users\DIYA GOEL\Downloads\EBDESIGN\backend\src\routes\demandRoutes.js","routes\demandRoutes.js","2242","True"
"TOP_LEVEL_ROUTE","C:\Users\DIYA GOEL\Downloads\EBDESIGN\backend\src\routes\devinRoutes.js","routes\devinRoutes.js","1404","True"
"TOP_LEVEL_ROUTE","C:\Users\DIYA GOEL\Downloads\EBDESIGN\backend\src\routes\dietTherapyRoutes.js","routes\dietTherapyRoutes.js","633","True"
"TOP_LEVEL_ROUTE","C:\Users\DIYA GOEL\Downloads\EBDESIGN\backend\src\routes\digitalTwinRoutes.js","routes\digitalTwinRoutes.js","633","True"
"TOP_LEVEL_ROUTE","C:\Users\DIYA GOEL\Downloads\EBDESIGN\backend\src\routes\dprGenerationRoutes.js","routes\dprGenerationRoutes.js","4192","True"
"TOP_LEVEL_ROUTE","C:\Users\DIYA GOEL\Downloads\EBDESIGN\backend\src\routes\ecommerceAIDomainRoutes.js","routes\ecommerceAIDomainRoutes.js","1835","True"
"TOP_LEVEL_ROUTE","C:\Users\DIYA GOEL\Downloads\EBDESIGN\backend\src\routes\ecommerceAIRoutes.js","routes\ecommerceAIRoutes.js","5576","True"
"TOP_LEVEL_ROUTE","C:\Users\DIYA GOEL\Downloads\EBDESIGN\backend\src\routes\ecommerceBusinessSalesDomainRoutes.js","routes\ecommerceBusinessSalesDomainRoutes.js","1285","True"
"TOP_LEVEL_ROUTE","C:\Users\DIYA GOEL\Downloads\EBDESIGN\backend\src\routes\ecommerceBusinessSalesRoutes.js","routes\ecommerceBusinessSalesRoutes.js","5040","True"
"TOP_LEVEL_ROUTE","C:\Users\DIYA GOEL\Downloads\EBDESIGN\backend\src\routes\ecommerceERPDomainRoutes.js","routes\ecommerceERPDomainRoutes.js","1338","True"
"TOP_LEVEL_ROUTE","C:\Users\DIYA GOEL\Downloads\EBDESIGN\backend\src\routes\ecommerceERPRoutes.js","routes\ecommerceERPRoutes.js","4508","True"
"TOP_LEVEL_ROUTE","C:\Users\DIYA GOEL\Downloads\EBDESIGN\backend\src\routes\ecommerceImageIntegrationRoutes.js","routes\ecommerceImageIntegrationRoutes.js","664","True"
"TOP_LEVEL_ROUTE","C:\Users\DIYA GOEL\Downloads\EBDESIGN\backend\src\routes\ecommerceIntegrationDomainRoutes.js","routes\ecommerceIntegrationDomainRoutes.js","2449","True"
"TOP_LEVEL_ROUTE","C:\Users\DIYA GOEL\Downloads\EBDESIGN\backend\src\routes\ecommerceIntegrationRoutes.js","routes\ecommerceIntegrationRoutes.js","5422","True"
"TOP_LEVEL_ROUTE","C:\Users\DIYA GOEL\Downloads\EBDESIGN\backend\src\routes\ecommerceMarketingDomainRoutes.js","routes\ecommerceMarketingDomainRoutes.js","1071","True"
"TOP_LEVEL_ROUTE","C:\Users\DIYA GOEL\Downloads\EBDESIGN\backend\src\routes\ecommerceMarketingRoutes.js","routes\ecommerceMarketingRoutes.js","5696","True"
"TOP_LEVEL_ROUTE","C:\Users\DIYA GOEL\Downloads\EBDESIGN\backend\src\routes\ecommerceMarketplaceDomainRoutes.js","routes\ecommerceMarketplaceDomainRoutes.js","2103","True"
"TOP_LEVEL_ROUTE","C:\Users\DIYA GOEL\Downloads\EBDESIGN\backend\src\routes\ecommerceRoutes.js","routes\ecommerceRoutes.js","5150","True"
"TOP_LEVEL_ROUTE","C:\Users\DIYA GOEL\Downloads\EBDESIGN\backend\src\routes\ENDPOINT_MISMATCH_FIXER.js","routes\ENDPOINT_MISMATCH_FIXER.js","356","True"
"TOP_LEVEL_ROUTE","C:\Users\DIYA GOEL\Downloads\EBDESIGN\backend\src\routes\ENDPOINT_MISMATCH_FIXER_COMPLETE.js","routes\ENDPOINT_MISMATCH_FIXER_COMPLETE.js","382","False"
"TOP_LEVEL_ROUTE","C:\Users\DIYA GOEL\Downloads\EBDESIGN\backend\src\routes\energyRoutes.js","routes\energyRoutes.js","617","True"
"TOP_LEVEL_ROUTE","C:\Users\DIYA GOEL\Downloads\EBDESIGN\backend\src\routes\engineeringProjectDomainRoutes.js","routes\engineeringProjectDomainRoutes.js","1466","True"
"TOP_LEVEL_ROUTE","C:\Users\DIYA GOEL\Downloads\EBDESIGN\backend\src\routes\engineeringProjectRoutes.js","routes\engineeringProjectRoutes.js","2756","True"
"TOP_LEVEL_ROUTE","C:\Users\DIYA GOEL\Downloads\EBDESIGN\backend\src\routes\enterpriseControlRoutes.js","routes\enterpriseControlRoutes.js","14786","False"
"TOP_LEVEL_ROUTE","C:\Users\DIYA GOEL\Downloads\EBDESIGN\backend\src\routes\enterpriseIntegrationDomainRoutes.js","routes\enterpriseIntegrationDomainRoutes.js","1110","True"
"TOP_LEVEL_ROUTE","C:\Users\DIYA GOEL\Downloads\EBDESIGN\backend\src\routes\enterpriseIntegrationRoutes.js","routes\enterpriseIntegrationRoutes.js","651","True"
"TOP_LEVEL_ROUTE","C:\Users\DIYA GOEL\Downloads\EBDESIGN\backend\src\routes\enterpriseRouteSupport.js","routes\enterpriseRouteSupport.js","5572","True"
"TOP_LEVEL_ROUTE","C:\Users\DIYA GOEL\Downloads\EBDESIGN\backend\src\routes\equipmentExchangeDomainRoutes.js","routes\equipmentExchangeDomainRoutes.js","1433","True"
"TOP_LEVEL_ROUTE","C:\Users\DIYA GOEL\Downloads\EBDESIGN\backend\src\routes\erpRoutes.js","routes\erpRoutes.js","7591","False"
"TOP_LEVEL_ROUTE","C:\Users\DIYA GOEL\Downloads\EBDESIGN\backend\src\routes\errorLogRoutes.js","routes\errorLogRoutes.js","489","False"
"TOP_LEVEL_ROUTE","C:\Users\DIYA GOEL\Downloads\EBDESIGN\backend\src\routes\escrowDomainRoutes.js","routes\escrowDomainRoutes.js","1026","True"
"TOP_LEVEL_ROUTE","C:\Users\DIYA GOEL\Downloads\EBDESIGN\backend\src\routes\escrowRoutes.js","routes\escrowRoutes.js","617","True"
"TOP_LEVEL_ROUTE","C:\Users\DIYA GOEL\Downloads\EBDESIGN\backend\src\routes\experienceLayerDomainRoutes.js","routes\experienceLayerDomainRoutes.js","1344","True"
"TOP_LEVEL_ROUTE","C:\Users\DIYA GOEL\Downloads\EBDESIGN\backend\src\routes\experienceRoutes.js","routes\experienceRoutes.js","3576","True"
"TOP_LEVEL_ROUTE","C:\Users\DIYA GOEL\Downloads\EBDESIGN\backend\src\routes\exportRoutes.js","routes\exportRoutes.js","483","False"
"TOP_LEVEL_ROUTE","C:\Users\DIYA GOEL\Downloads\EBDESIGN\backend\src\routes\farmAnalytics.js","routes\farmAnalytics.js","317","True"
"TOP_LEVEL_ROUTE","C:\Users\DIYA GOEL\Downloads\EBDESIGN\backend\src\routes\farmCosting.js","routes\farmCosting.js","10502","True"
"TOP_LEVEL_ROUTE","C:\Users\DIYA GOEL\Downloads\EBDESIGN\backend\src\routes\farmerFamilyRoutes.js","routes\farmerFamilyRoutes.js","636","True"
"TOP_LEVEL_ROUTE","C:\Users\DIYA GOEL\Downloads\EBDESIGN\backend\src\routes\farmerHealthDomainRoutes.js","routes\farmerHealthDomainRoutes.js","1613","True"
"TOP_LEVEL_ROUTE","C:\Users\DIYA GOEL\Downloads\EBDESIGN\backend\src\routes\farmerImagePortalRoutes.js","routes\farmerImagePortalRoutes.js","493","True"
"TOP_LEVEL_ROUTE","C:\Users\DIYA GOEL\Downloads\EBDESIGN\backend\src\routes\farmerKycDomainRoutes.js","routes\farmerKycDomainRoutes.js","1124","True"
"TOP_LEVEL_ROUTE","C:\Users\DIYA GOEL\Downloads\EBDESIGN\backend\src\routes\farmerKycRoutes.js","routes\farmerKycRoutes.js","1645","False"
"TOP_LEVEL_ROUTE","C:\Users\DIYA GOEL\Downloads\EBDESIGN\backend\src\routes\farmerPortalEnhancements.js","routes\farmerPortalEnhancements.js","12237","True"
"TOP_LEVEL_ROUTE","C:\Users\DIYA GOEL\Downloads\EBDESIGN\backend\src\routes\farmerProcurementQuoteRoutes.js","routes\farmerProcurementQuoteRoutes.js","1960","True"
"TOP_LEVEL_ROUTE","C:\Users\DIYA GOEL\Downloads\EBDESIGN\backend\src\routes\farmerRoutes.js","routes\farmerRoutes.js","5981","True"
"TOP_LEVEL_ROUTE","C:\Users\DIYA GOEL\Downloads\EBDESIGN\backend\src\routes\farmerTrainingRoutes.js","routes\farmerTrainingRoutes.js","2762","True"
"TOP_LEVEL_ROUTE","C:\Users\DIYA GOEL\Downloads\EBDESIGN\backend\src\routes\farmerValueDomainRoutes.js","routes\farmerValueDomainRoutes.js","1597","True"
"TOP_LEVEL_ROUTE","C:\Users\DIYA GOEL\Downloads\EBDESIGN\backend\src\routes\farmerValueRoutes.js","routes\farmerValueRoutes.js","1961","True"
"TOP_LEVEL_ROUTE","C:\Users\DIYA GOEL\Downloads\EBDESIGN\backend\src\routes\farmerVerificationDomainRoutes.js","routes\farmerVerificationDomainRoutes.js","1212","True"
"TOP_LEVEL_ROUTE","C:\Users\DIYA GOEL\Downloads\EBDESIGN\backend\src\routes\farmerVerificationRoutes.js","routes\farmerVerificationRoutes.js","1369","False"
"TOP_LEVEL_ROUTE","C:\Users\DIYA GOEL\Downloads\EBDESIGN\backend\src\routes\fertilizerDomainRoutes.js","routes\fertilizerDomainRoutes.js","2164","True"
"TOP_LEVEL_ROUTE","C:\Users\DIYA GOEL\Downloads\EBDESIGN\backend\src\routes\fertilizerRoutes.js","routes\fertilizerRoutes.js","629","True"
"TOP_LEVEL_ROUTE","C:\Users\DIYA GOEL\Downloads\EBDESIGN\backend\src\routes\financeDomainRoutes.js","routes\financeDomainRoutes.js","1023","True"
"TOP_LEVEL_ROUTE","C:\Users\DIYA GOEL\Downloads\EBDESIGN\backend\src\routes\financialAIDomainRoutes.js","routes\financialAIDomainRoutes.js","855","True"
"TOP_LEVEL_ROUTE","C:\Users\DIYA GOEL\Downloads\EBDESIGN\backend\src\routes\financialAnalytics.js","routes\financialAnalytics.js","327","True"
"TOP_LEVEL_ROUTE","C:\Users\DIYA GOEL\Downloads\EBDESIGN\backend\src\routes\fisheriesDomainRoutes.js","routes\fisheriesDomainRoutes.js","3599","True"
"TOP_LEVEL_ROUTE","C:\Users\DIYA GOEL\Downloads\EBDESIGN\backend\src\routes\fisheriesManagementRoutes.js","routes\fisheriesManagementRoutes.js","657","True"
"TOP_LEVEL_ROUTE","C:\Users\DIYA GOEL\Downloads\EBDESIGN\backend\src\routes\fisheriesRoutes.js","routes\fisheriesRoutes.js","2927","True"
"TOP_LEVEL_ROUTE","C:\Users\DIYA GOEL\Downloads\EBDESIGN\backend\src\routes\foluBenchmarkRoutes.js","routes\foluBenchmarkRoutes.js","2180","True"
"TOP_LEVEL_ROUTE","C:\Users\DIYA GOEL\Downloads\EBDESIGN\backend\src\routes\foluRoutes.js","routes\foluRoutes.js","2877","True"
"TOP_LEVEL_ROUTE","C:\Users\DIYA GOEL\Downloads\EBDESIGN\backend\src\routes\foodRoutes.js","routes\foodRoutes.js","611","True"
"TOP_LEVEL_ROUTE","C:\Users\DIYA GOEL\Downloads\EBDESIGN\backend\src\routes\forestryRoutes.js","routes\forestryRoutes.js","2360","True"
"TOP_LEVEL_ROUTE","C:\Users\DIYA GOEL\Downloads\EBDESIGN\backend\src\routes\freightPooling.js","routes\freightPooling.js","319","True"
"TOP_LEVEL_ROUTE","C:\Users\DIYA GOEL\Downloads\EBDESIGN\backend\src\routes\freightPoolingRoutes.js","routes\freightPoolingRoutes.js","2498","True"
"TOP_LEVEL_ROUTE","C:\Users\DIYA GOEL\Downloads\EBDESIGN\backend\src\routes\gdprComplianceRoutes.js","routes\gdprComplianceRoutes.js","1174","True"
"TOP_LEVEL_ROUTE","C:\Users\DIYA GOEL\Downloads\EBDESIGN\backend\src\routes\gdprRoutes.js","routes\gdprRoutes.js","6417","True"
"TOP_LEVEL_ROUTE","C:\Users\DIYA GOEL\Downloads\EBDESIGN\backend\src\routes\gdprRoutes_merged.js","routes\gdprRoutes_merged.js","1121","False"
"TOP_LEVEL_ROUTE","C:\Users\DIYA GOEL\Downloads\EBDESIGN\backend\src\routes\geofencingRoutes.js","routes\geofencingRoutes.js","4939","True"
"TOP_LEVEL_ROUTE","C:\Users\DIYA GOEL\Downloads\EBDESIGN\backend\src\routes\glutWarningRoutes.js","routes\glutWarningRoutes.js","2489","True"
"TOP_LEVEL_ROUTE","C:\Users\DIYA GOEL\Downloads\EBDESIGN\backend\src\routes\goatRoutes.js","routes\goatRoutes.js","13692","True"
"TOP_LEVEL_ROUTE","C:\Users\DIYA GOEL\Downloads\EBDESIGN\backend\src\routes\governanceModule.js","routes\governanceModule.js","9796","True"
"TOP_LEVEL_ROUTE","C:\Users\DIYA GOEL\Downloads\EBDESIGN\backend\src\routes\governmentSubsidyRoutes.js","routes\governmentSubsidyRoutes.js","5444","True"
"TOP_LEVEL_ROUTE","C:\Users\DIYA GOEL\Downloads\EBDESIGN\backend\src\routes\greenhouse.js","routes\greenhouse.js","310","True"
"TOP_LEVEL_ROUTE","C:\Users\DIYA GOEL\Downloads\EBDESIGN\backend\src\routes\healthCheckRoutes.js","routes\healthCheckRoutes.js","498","False"
"TOP_LEVEL_ROUTE","C:\Users\DIYA GOEL\Downloads\EBDESIGN\backend\src\routes\healthRoutes.js","routes\healthRoutes.js","617","True"
"TOP_LEVEL_ROUTE","C:\Users\DIYA GOEL\Downloads\EBDESIGN\backend\src\routes\horticulture.js","routes\horticulture.js","314","True"
"TOP_LEVEL_ROUTE","C:\Users\DIYA GOEL\Downloads\EBDESIGN\backend\src\routes\horticultureManagementDomainRoutes.js","routes\horticultureManagementDomainRoutes.js","2997","True"
"TOP_LEVEL_ROUTE","C:\Users\DIYA GOEL\Downloads\EBDESIGN\backend\src\routes\horticultureManagementRoutes.js","routes\horticultureManagementRoutes.js","666","True"
"TOP_LEVEL_ROUTE","C:\Users\DIYA GOEL\Downloads\EBDESIGN\backend\src\routes\householdProcurementRoutes.js","routes\householdProcurementRoutes.js","4737","True"
"TOP_LEVEL_ROUTE","C:\Users\DIYA GOEL\Downloads\EBDESIGN\backend\src\routes\hrRoutes.js","routes\hrRoutes.js","4824","True"
"TOP_LEVEL_ROUTE","C:\Users\DIYA GOEL\Downloads\EBDESIGN\backend\src\routes\identityManagementRoutes.js","routes\identityManagementRoutes.js","654","True"
"TOP_LEVEL_ROUTE","C:\Users\DIYA GOEL\Downloads\EBDESIGN\backend\src\routes\index.js","routes\index.js","211","True"
"TOP_LEVEL_ROUTE","C:\Users\DIYA GOEL\Downloads\EBDESIGN\backend\src\routes\indiaCoverageRoutes.js","routes\indiaCoverageRoutes.js","755","True"
"TOP_LEVEL_ROUTE","C:\Users\DIYA GOEL\Downloads\EBDESIGN\backend\src\routes\informationSharingRoutes.js","routes\informationSharingRoutes.js","654","True"
"TOP_LEVEL_ROUTE","C:\Users\DIYA GOEL\Downloads\EBDESIGN\backend\src\routes\infrastructureMonitoringRoutes.js","routes\infrastructureMonitoringRoutes.js","1190","True"
"TOP_LEVEL_ROUTE","C:\Users\DIYA GOEL\Downloads\EBDESIGN\backend\src\routes\inputSupplyManagementRoutes.js","routes\inputSupplyManagementRoutes.js","664","True"
"TOP_LEVEL_ROUTE","C:\Users\DIYA GOEL\Downloads\EBDESIGN\backend\src\routes\insuranceDomainRoutes.js","routes\insuranceDomainRoutes.js","1057","True"
"TOP_LEVEL_ROUTE","C:\Users\DIYA GOEL\Downloads\EBDESIGN\backend\src\routes\insuranceEnhancements.js","routes\insuranceEnhancements.js","9568","True"
"TOP_LEVEL_ROUTE","C:\Users\DIYA GOEL\Downloads\EBDESIGN\backend\src\routes\integrationRoutes.js","routes\integrationRoutes.js","498","False"
"TOP_LEVEL_ROUTE","C:\Users\DIYA GOEL\Downloads\EBDESIGN\backend\src\routes\integrationStatusRoutes.js","routes\integrationStatusRoutes.js","4687","True"
"TOP_LEVEL_ROUTE","C:\Users\DIYA GOEL\Downloads\EBDESIGN\backend\src\routes\iotIntegrationRoutes.js","routes\iotIntegrationRoutes.js","630","True"
"TOP_LEVEL_ROUTE","C:\Users\DIYA GOEL\Downloads\EBDESIGN\backend\src\routes\iotSensors.js","routes\iotSensors.js","311","True"
"TOP_LEVEL_ROUTE","C:\Users\DIYA GOEL\Downloads\EBDESIGN\backend\src\routes\irrigationManagementRoutes.js","routes\irrigationManagementRoutes.js","660","True"
"TOP_LEVEL_ROUTE","C:\Users\DIYA GOEL\Downloads\EBDESIGN\backend\src\routes\knowledgeGraphDomainRoutes.js","routes\knowledgeGraphDomainRoutes.js","812","True"
"TOP_LEVEL_ROUTE","C:\Users\DIYA GOEL\Downloads\EBDESIGN\backend\src\routes\knowledgeRoutes.js","routes\knowledgeRoutes.js","626","True"
"TOP_LEVEL_ROUTE","C:\Users\DIYA GOEL\Downloads\EBDESIGN\backend\src\routes\labourRoutes.js","routes\labourRoutes.js","1024","False"
"TOP_LEVEL_ROUTE","C:\Users\DIYA GOEL\Downloads\EBDESIGN\backend\src\routes\landManagementRoutes.js","routes\landManagementRoutes.js","642","True"
"TOP_LEVEL_ROUTE","C:\Users\DIYA GOEL\Downloads\EBDESIGN\backend\src\routes\landRecordsDomainRoutes.js","routes\landRecordsDomainRoutes.js","1165","True"
"TOP_LEVEL_ROUTE","C:\Users\DIYA GOEL\Downloads\EBDESIGN\backend\src\routes\landRecordsRoutes.js","routes\landRecordsRoutes.js","3426","True"
"TOP_LEVEL_ROUTE","C:\Users\DIYA GOEL\Downloads\EBDESIGN\backend\src\routes\libraryAIWorkspaceRoutes.js","routes\libraryAIWorkspaceRoutes.js","3405","True"
"TOP_LEVEL_ROUTE","C:\Users\DIYA GOEL\Downloads\EBDESIGN\backend\src\routes\libraryRoutes.js","routes\libraryRoutes.js","24791","True"
"TOP_LEVEL_ROUTE","C:\Users\DIYA GOEL\Downloads\EBDESIGN\backend\src\routes\libraryRoutes_merged.js","routes\libraryRoutes_merged.js","1636","False"
"TOP_LEVEL_ROUTE","C:\Users\DIYA GOEL\Downloads\EBDESIGN\backend\src\routes\livestock.js","routes\livestock.js","308","True"
"TOP_LEVEL_ROUTE","C:\Users\DIYA GOEL\Downloads\EBDESIGN\backend\src\routes\livestockDomainRoutes.js","routes\livestockDomainRoutes.js","4696","True"
"TOP_LEVEL_ROUTE","C:\Users\DIYA GOEL\Downloads\EBDESIGN\backend\src\routes\livestockManagementRoutes.js","routes\livestockManagementRoutes.js","657","True"
"TOP_LEVEL_ROUTE","C:\Users\DIYA GOEL\Downloads\EBDESIGN\backend\src\routes\livestockRouteSupport.js","routes\livestockRouteSupport.js","5814","True"
"TOP_LEVEL_ROUTE","C:\Users\DIYA GOEL\Downloads\EBDESIGN\backend\src\routes\loanManagement.js","routes\loanManagement.js","319","True"
"TOP_LEVEL_ROUTE","C:\Users\DIYA GOEL\Downloads\EBDESIGN\backend\src\routes\logisticsAIDomainRoutes.js","routes\logisticsAIDomainRoutes.js","775","True"
"TOP_LEVEL_ROUTE","C:\Users\DIYA GOEL\Downloads\EBDESIGN\backend\src\routes\logisticsEnhancementRoutes.js","routes\logisticsEnhancementRoutes.js","660","True"
"TOP_LEVEL_ROUTE","C:\Users\DIYA GOEL\Downloads\EBDESIGN\backend\src\routes\logisticsEnhancements.js","routes\logisticsEnhancements.js","10020","True"
"TOP_LEVEL_ROUTE","C:\Users\DIYA GOEL\Downloads\EBDESIGN\backend\src\routes\M041VillageERP.js","routes\M041VillageERP.js","12595","False"
"TOP_LEVEL_ROUTE","C:\Users\DIYA GOEL\Downloads\EBDESIGN\backend\src\routes\M100Routes.js","routes\M100Routes.js","956","False"
"TOP_LEVEL_ROUTE","C:\Users\DIYA GOEL\Downloads\EBDESIGN\backend\src\routes\M101Routes.js","routes\M101Routes.js","956","False"
"TOP_LEVEL_ROUTE","C:\Users\DIYA GOEL\Downloads\EBDESIGN\backend\src\routes\M102Routes.js","routes\M102Routes.js","956","False"
"TOP_LEVEL_ROUTE","C:\Users\DIYA GOEL\Downloads\EBDESIGN\backend\src\routes\M103Routes.js","routes\M103Routes.js","956","False"
"TOP_LEVEL_ROUTE","C:\Users\DIYA GOEL\Downloads\EBDESIGN\backend\src\routes\M104Routes.js","routes\M104Routes.js","956","False"
"TOP_LEVEL_ROUTE","C:\Users\DIYA GOEL\Downloads\EBDESIGN\backend\src\routes\M105Routes.js","routes\M105Routes.js","956","False"
"TOP_LEVEL_ROUTE","C:\Users\DIYA GOEL\Downloads\EBDESIGN\backend\src\routes\M106Routes.js","routes\M106Routes.js","956","False"
"TOP_LEVEL_ROUTE","C:\Users\DIYA GOEL\Downloads\EBDESIGN\backend\src\routes\M107Routes.js","routes\M107Routes.js","956","False"
"TOP_LEVEL_ROUTE","C:\Users\DIYA GOEL\Downloads\EBDESIGN\backend\src\routes\M108Routes.js","routes\M108Routes.js","956","False"
"TOP_LEVEL_ROUTE","C:\Users\DIYA GOEL\Downloads\EBDESIGN\backend\src\routes\M109Routes.js","routes\M109Routes.js","956","False"
"TOP_LEVEL_ROUTE","C:\Users\DIYA GOEL\Downloads\EBDESIGN\backend\src\routes\M110Routes.js","routes\M110Routes.js","956","False"
"TOP_LEVEL_ROUTE","C:\Users\DIYA GOEL\Downloads\EBDESIGN\backend\src\routes\M111Routes.js","routes\M111Routes.js","956","False"
"TOP_LEVEL_ROUTE","C:\Users\DIYA GOEL\Downloads\EBDESIGN\backend\src\routes\M112Routes.js","routes\M112Routes.js","956","False"
"TOP_LEVEL_ROUTE","C:\Users\DIYA GOEL\Downloads\EBDESIGN\backend\src\routes\M113Routes.js","routes\M113Routes.js","956","False"
"TOP_LEVEL_ROUTE","C:\Users\DIYA GOEL\Downloads\EBDESIGN\backend\src\routes\M114Routes.js","routes\M114Routes.js","956","False"
"TOP_LEVEL_ROUTE","C:\Users\DIYA GOEL\Downloads\EBDESIGN\backend\src\routes\M115Routes.js","routes\M115Routes.js","956","False"
"TOP_LEVEL_ROUTE","C:\Users\DIYA GOEL\Downloads\EBDESIGN\backend\src\routes\M116Routes.js","routes\M116Routes.js","956","False"
"TOP_LEVEL_ROUTE","C:\Users\DIYA GOEL\Downloads\EBDESIGN\backend\src\routes\M117Routes.js","routes\M117Routes.js","956","False"
"TOP_LEVEL_ROUTE","C:\Users\DIYA GOEL\Downloads\EBDESIGN\backend\src\routes\M118Routes.js","routes\M118Routes.js","956","False"
"TOP_LEVEL_ROUTE","C:\Users\DIYA GOEL\Downloads\EBDESIGN\backend\src\routes\M119Routes.js","routes\M119Routes.js","956","False"
"TOP_LEVEL_ROUTE","C:\Users\DIYA GOEL\Downloads\EBDESIGN\backend\src\routes\M120Routes.js","routes\M120Routes.js","956","False"
"TOP_LEVEL_ROUTE","C:\Users\DIYA GOEL\Downloads\EBDESIGN\backend\src\routes\M121Routes.js","routes\M121Routes.js","956","False"
"TOP_LEVEL_ROUTE","C:\Users\DIYA GOEL\Downloads\EBDESIGN\backend\src\routes\M122Routes.js","routes\M122Routes.js","956","False"
"TOP_LEVEL_ROUTE","C:\Users\DIYA GOEL\Downloads\EBDESIGN\backend\src\routes\M123Routes.js","routes\M123Routes.js","956","False"
"TOP_LEVEL_ROUTE","C:\Users\DIYA GOEL\Downloads\EBDESIGN\backend\src\routes\M124Routes.js","routes\M124Routes.js","956","False"
"TOP_LEVEL_ROUTE","C:\Users\DIYA GOEL\Downloads\EBDESIGN\backend\src\routes\M125Routes.js","routes\M125Routes.js","956","False"
"TOP_LEVEL_ROUTE","C:\Users\DIYA GOEL\Downloads\EBDESIGN\backend\src\routes\M126Routes.js","routes\M126Routes.js","956","False"
"TOP_LEVEL_ROUTE","C:\Users\DIYA GOEL\Downloads\EBDESIGN\backend\src\routes\M127Routes.js","routes\M127Routes.js","956","False"
"TOP_LEVEL_ROUTE","C:\Users\DIYA GOEL\Downloads\EBDESIGN\backend\src\routes\M128Routes.js","routes\M128Routes.js","956","False"
"TOP_LEVEL_ROUTE","C:\Users\DIYA GOEL\Downloads\EBDESIGN\backend\src\routes\M129Routes.js","routes\M129Routes.js","956","False"
"TOP_LEVEL_ROUTE","C:\Users\DIYA GOEL\Downloads\EBDESIGN\backend\src\routes\M130Routes.js","routes\M130Routes.js","956","False"
"TOP_LEVEL_ROUTE","C:\Users\DIYA GOEL\Downloads\EBDESIGN\backend\src\routes\M131Routes.js","routes\M131Routes.js","956","False"
"TOP_LEVEL_ROUTE","C:\Users\DIYA GOEL\Downloads\EBDESIGN\backend\src\routes\M132Routes.js","routes\M132Routes.js","956","False"
"TOP_LEVEL_ROUTE","C:\Users\DIYA GOEL\Downloads\EBDESIGN\backend\src\routes\M133Routes.js","routes\M133Routes.js","956","False"
"TOP_LEVEL_ROUTE","C:\Users\DIYA GOEL\Downloads\EBDESIGN\backend\src\routes\M134Routes.js","routes\M134Routes.js","956","False"
"TOP_LEVEL_ROUTE","C:\Users\DIYA GOEL\Downloads\EBDESIGN\backend\src\routes\M135Routes.js","routes\M135Routes.js","956","False"
"TOP_LEVEL_ROUTE","C:\Users\DIYA GOEL\Downloads\EBDESIGN\backend\src\routes\M136Routes.js","routes\M136Routes.js","956","False"
"TOP_LEVEL_ROUTE","C:\Users\DIYA GOEL\Downloads\EBDESIGN\backend\src\routes\M137Routes.js","routes\M137Routes.js","956","False"
"TOP_LEVEL_ROUTE","C:\Users\DIYA GOEL\Downloads\EBDESIGN\backend\src\routes\M138Routes.js","routes\M138Routes.js","956","False"
"TOP_LEVEL_ROUTE","C:\Users\DIYA GOEL\Downloads\EBDESIGN\backend\src\routes\M139Routes.js","routes\M139Routes.js","956","False"
"TOP_LEVEL_ROUTE","C:\Users\DIYA GOEL\Downloads\EBDESIGN\backend\src\routes\M140Routes.js","routes\M140Routes.js","956","False"
"TOP_LEVEL_ROUTE","C:\Users\DIYA GOEL\Downloads\EBDESIGN\backend\src\routes\M141Routes.js","routes\M141Routes.js","956","False"
"TOP_LEVEL_ROUTE","C:\Users\DIYA GOEL\Downloads\EBDESIGN\backend\src\routes\M142Routes.js","routes\M142Routes.js","956","False"
"TOP_LEVEL_ROUTE","C:\Users\DIYA GOEL\Downloads\EBDESIGN\backend\src\routes\M143Routes.js","routes\M143Routes.js","956","False"
"TOP_LEVEL_ROUTE","C:\Users\DIYA GOEL\Downloads\EBDESIGN\backend\src\routes\M144Routes.js","routes\M144Routes.js","956","False"
"TOP_LEVEL_ROUTE","C:\Users\DIYA GOEL\Downloads\EBDESIGN\backend\src\routes\M145Routes.js","routes\M145Routes.js","956","False"
"TOP_LEVEL_ROUTE","C:\Users\DIYA GOEL\Downloads\EBDESIGN\backend\src\routes\M146Routes.js","routes\M146Routes.js","956","False"
"TOP_LEVEL_ROUTE","C:\Users\DIYA GOEL\Downloads\EBDESIGN\backend\src\routes\M147Routes.js","routes\M147Routes.js","956","False"
"TOP_LEVEL_ROUTE","C:\Users\DIYA GOEL\Downloads\EBDESIGN\backend\src\routes\M148Routes.js","routes\M148Routes.js","956","False"
"TOP_LEVEL_ROUTE","C:\Users\DIYA GOEL\Downloads\EBDESIGN\backend\src\routes\M149Routes.js","routes\M149Routes.js","956","False"
"TOP_LEVEL_ROUTE","C:\Users\DIYA GOEL\Downloads\EBDESIGN\backend\src\routes\M150Routes.js","routes\M150Routes.js","956","False"
"TOP_LEVEL_ROUTE","C:\Users\DIYA GOEL\Downloads\EBDESIGN\backend\src\routes\M151Routes.js","routes\M151Routes.js","956","False"
"TOP_LEVEL_ROUTE","C:\Users\DIYA GOEL\Downloads\EBDESIGN\backend\src\routes\M152Routes.js","routes\M152Routes.js","956","False"
"TOP_LEVEL_ROUTE","C:\Users\DIYA GOEL\Downloads\EBDESIGN\backend\src\routes\M153Routes.js","routes\M153Routes.js","956","False"
"TOP_LEVEL_ROUTE","C:\Users\DIYA GOEL\Downloads\EBDESIGN\backend\src\routes\M154Routes.js","routes\M154Routes.js","956","False"
"TOP_LEVEL_ROUTE","C:\Users\DIYA GOEL\Downloads\EBDESIGN\backend\src\routes\M155Routes.js","routes\M155Routes.js","956","False"
"TOP_LEVEL_ROUTE","C:\Users\DIYA GOEL\Downloads\EBDESIGN\backend\src\routes\M156Routes.js","routes\M156Routes.js","956","False"
"TOP_LEVEL_ROUTE","C:\Users\DIYA GOEL\Downloads\EBDESIGN\backend\src\routes\M157Routes.js","routes\M157Routes.js","956","False"
"TOP_LEVEL_ROUTE","C:\Users\DIYA GOEL\Downloads\EBDESIGN\backend\src\routes\M158Routes.js","routes\M158Routes.js","956","False"
"TOP_LEVEL_ROUTE","C:\Users\DIYA GOEL\Downloads\EBDESIGN\backend\src\routes\M159Routes.js","routes\M159Routes.js","956","False"
"TOP_LEVEL_ROUTE","C:\Users\DIYA GOEL\Downloads\EBDESIGN\backend\src\routes\M160Routes.js","routes\M160Routes.js","956","False"
"TOP_LEVEL_ROUTE","C:\Users\DIYA GOEL\Downloads\EBDESIGN\backend\src\routes\M161Routes.js","routes\M161Routes.js","956","False"
"TOP_LEVEL_ROUTE","C:\Users\DIYA GOEL\Downloads\EBDESIGN\backend\src\routes\M162Routes.js","routes\M162Routes.js","956","False"
"TOP_LEVEL_ROUTE","C:\Users\DIYA GOEL\Downloads\EBDESIGN\backend\src\routes\M163Routes.js","routes\M163Routes.js","956","False"
"TOP_LEVEL_ROUTE","C:\Users\DIYA GOEL\Downloads\EBDESIGN\backend\src\routes\M164Routes.js","routes\M164Routes.js","956","False"
"TOP_LEVEL_ROUTE","C:\Users\DIYA GOEL\Downloads\EBDESIGN\backend\src\routes\M165Routes.js","routes\M165Routes.js","956","False"
"TOP_LEVEL_ROUTE","C:\Users\DIYA GOEL\Downloads\EBDESIGN\backend\src\routes\M166Routes.js","routes\M166Routes.js","956","False"
"TOP_LEVEL_ROUTE","C:\Users\DIYA GOEL\Downloads\EBDESIGN\backend\src\routes\M167Routes.js","routes\M167Routes.js","956","False"
"TOP_LEVEL_ROUTE","C:\Users\DIYA GOEL\Downloads\EBDESIGN\backend\src\routes\M168Routes.js","routes\M168Routes.js","956","False"
"TOP_LEVEL_ROUTE","C:\Users\DIYA GOEL\Downloads\EBDESIGN\backend\src\routes\M169Routes.js","routes\M169Routes.js","956","False"
"TOP_LEVEL_ROUTE","C:\Users\DIYA GOEL\Downloads\EBDESIGN\backend\src\routes\M170Routes.js","routes\M170Routes.js","956","False"
"TOP_LEVEL_ROUTE","C:\Users\DIYA GOEL\Downloads\EBDESIGN\backend\src\routes\M171Routes.js","routes\M171Routes.js","956","False"
"TOP_LEVEL_ROUTE","C:\Users\DIYA GOEL\Downloads\EBDESIGN\backend\src\routes\M172Routes.js","routes\M172Routes.js","956","False"
"TOP_LEVEL_ROUTE","C:\Users\DIYA GOEL\Downloads\EBDESIGN\backend\src\routes\M173Routes.js","routes\M173Routes.js","956","False"
"TOP_LEVEL_ROUTE","C:\Users\DIYA GOEL\Downloads\EBDESIGN\backend\src\routes\M174Routes.js","routes\M174Routes.js","956","False"
"TOP_LEVEL_ROUTE","C:\Users\DIYA GOEL\Downloads\EBDESIGN\backend\src\routes\M175Routes.js","routes\M175Routes.js","956","False"
"TOP_LEVEL_ROUTE","C:\Users\DIYA GOEL\Downloads\EBDESIGN\backend\src\routes\M176Routes.js","routes\M176Routes.js","956","False"
"TOP_LEVEL_ROUTE","C:\Users\DIYA GOEL\Downloads\EBDESIGN\backend\src\routes\M177Routes.js","routes\M177Routes.js","956","False"
"TOP_LEVEL_ROUTE","C:\Users\DIYA GOEL\Downloads\EBDESIGN\backend\src\routes\M178Routes.js","routes\M178Routes.js","956","False"
"TOP_LEVEL_ROUTE","C:\Users\DIYA GOEL\Downloads\EBDESIGN\backend\src\routes\M179Routes.js","routes\M179Routes.js","956","False"
"TOP_LEVEL_ROUTE","C:\Users\DIYA GOEL\Downloads\EBDESIGN\backend\src\routes\M180Routes.js","routes\M180Routes.js","956","False"
"TOP_LEVEL_ROUTE","C:\Users\DIYA GOEL\Downloads\EBDESIGN\backend\src\routes\M181Routes.js","routes\M181Routes.js","956","False"
"TOP_LEVEL_ROUTE","C:\Users\DIYA GOEL\Downloads\EBDESIGN\backend\src\routes\M182Routes.js","routes\M182Routes.js","956","False"
"TOP_LEVEL_ROUTE","C:\Users\DIYA GOEL\Downloads\EBDESIGN\backend\src\routes\M183Routes.js","routes\M183Routes.js","956","False"
"TOP_LEVEL_ROUTE","C:\Users\DIYA GOEL\Downloads\EBDESIGN\backend\src\routes\M184Routes.js","routes\M184Routes.js","956","False"
"TOP_LEVEL_ROUTE","C:\Users\DIYA GOEL\Downloads\EBDESIGN\backend\src\routes\M185Routes.js","routes\M185Routes.js","956","False"
"TOP_LEVEL_ROUTE","C:\Users\DIYA GOEL\Downloads\EBDESIGN\backend\src\routes\M186Routes.js","routes\M186Routes.js","956","False"
"TOP_LEVEL_ROUTE","C:\Users\DIYA GOEL\Downloads\EBDESIGN\backend\src\routes\M187Routes.js","routes\M187Routes.js","956","False"
"TOP_LEVEL_ROUTE","C:\Users\DIYA GOEL\Downloads\EBDESIGN\backend\src\routes\M188Routes.js","routes\M188Routes.js","956","False"
"TOP_LEVEL_ROUTE","C:\Users\DIYA GOEL\Downloads\EBDESIGN\backend\src\routes\M189Routes.js","routes\M189Routes.js","956","False"
"TOP_LEVEL_ROUTE","C:\Users\DIYA GOEL\Downloads\EBDESIGN\backend\src\routes\M190Routes.js","routes\M190Routes.js","956","False"
"TOP_LEVEL_ROUTE","C:\Users\DIYA GOEL\Downloads\EBDESIGN\backend\src\routes\M191Routes.js","routes\M191Routes.js","956","False"
"TOP_LEVEL_ROUTE","C:\Users\DIYA GOEL\Downloads\EBDESIGN\backend\src\routes\M192Routes.js","routes\M192Routes.js","956","False"
"TOP_LEVEL_ROUTE","C:\Users\DIYA GOEL\Downloads\EBDESIGN\backend\src\routes\M193Routes.js","routes\M193Routes.js","956","False"
"TOP_LEVEL_ROUTE","C:\Users\DIYA GOEL\Downloads\EBDESIGN\backend\src\routes\M194Routes.js","routes\M194Routes.js","956","False"
"TOP_LEVEL_ROUTE","C:\Users\DIYA GOEL\Downloads\EBDESIGN\backend\src\routes\M195Routes.js","routes\M195Routes.js","956","False"
"TOP_LEVEL_ROUTE","C:\Users\DIYA GOEL\Downloads\EBDESIGN\backend\src\routes\M196Routes.js","routes\M196Routes.js","956","False"
"TOP_LEVEL_ROUTE","C:\Users\DIYA GOEL\Downloads\EBDESIGN\backend\src\routes\M197Routes.js","routes\M197Routes.js","956","False"
"TOP_LEVEL_ROUTE","C:\Users\DIYA GOEL\Downloads\EBDESIGN\backend\src\routes\M198Routes.js","routes\M198Routes.js","956","False"
"TOP_LEVEL_ROUTE","C:\Users\DIYA GOEL\Downloads\EBDESIGN\backend\src\routes\M199Routes.js","routes\M199Routes.js","956","False"
"TOP_LEVEL_ROUTE","C:\Users\DIYA GOEL\Downloads\EBDESIGN\backend\src\routes\M200Routes.js","routes\M200Routes.js","956","False"
"TOP_LEVEL_ROUTE","C:\Users\DIYA GOEL\Downloads\EBDESIGN\backend\src\routes\M201Routes.js","routes\M201Routes.js","956","False"
"TOP_LEVEL_ROUTE","C:\Users\DIYA GOEL\Downloads\EBDESIGN\backend\src\routes\M202Routes.js","routes\M202Routes.js","956","False"
"TOP_LEVEL_ROUTE","C:\Users\DIYA GOEL\Downloads\EBDESIGN\backend\src\routes\M203Routes.js","routes\M203Routes.js","956","False"
"TOP_LEVEL_ROUTE","C:\Users\DIYA GOEL\Downloads\EBDESIGN\backend\src\routes\M204Routes.js","routes\M204Routes.js","956","False"
"TOP_LEVEL_ROUTE","C:\Users\DIYA GOEL\Downloads\EBDESIGN\backend\src\routes\M205Routes.js","routes\M205Routes.js","956","False"
"TOP_LEVEL_ROUTE","C:\Users\DIYA GOEL\Downloads\EBDESIGN\backend\src\routes\M206Routes.js","routes\M206Routes.js","956","False"
"TOP_LEVEL_ROUTE","C:\Users\DIYA GOEL\Downloads\EBDESIGN\backend\src\routes\M207Routes.js","routes\M207Routes.js","956","False"
"TOP_LEVEL_ROUTE","C:\Users\DIYA GOEL\Downloads\EBDESIGN\backend\src\routes\M208Routes.js","routes\M208Routes.js","956","False"
"TOP_LEVEL_ROUTE","C:\Users\DIYA GOEL\Downloads\EBDESIGN\backend\src\routes\M209Routes.js","routes\M209Routes.js","956","False"
"TOP_LEVEL_ROUTE","C:\Users\DIYA GOEL\Downloads\EBDESIGN\backend\src\routes\M210Routes.js","routes\M210Routes.js","956","False"
"TOP_LEVEL_ROUTE","C:\Users\DIYA GOEL\Downloads\EBDESIGN\backend\src\routes\M211Routes.js","routes\M211Routes.js","956","False"
"TOP_LEVEL_ROUTE","C:\Users\DIYA GOEL\Downloads\EBDESIGN\backend\src\routes\M212Routes.js","routes\M212Routes.js","956","False"
"TOP_LEVEL_ROUTE","C:\Users\DIYA GOEL\Downloads\EBDESIGN\backend\src\routes\M213Routes.js","routes\M213Routes.js","956","False"
"TOP_LEVEL_ROUTE","C:\Users\DIYA GOEL\Downloads\EBDESIGN\backend\src\routes\M214Routes.js","routes\M214Routes.js","956","False"
"TOP_LEVEL_ROUTE","C:\Users\DIYA GOEL\Downloads\EBDESIGN\backend\src\routes\M215Routes.js","routes\M215Routes.js","956","False"
"TOP_LEVEL_ROUTE","C:\Users\DIYA GOEL\Downloads\EBDESIGN\backend\src\routes\M216Routes.js","routes\M216Routes.js","956","False"
"TOP_LEVEL_ROUTE","C:\Users\DIYA GOEL\Downloads\EBDESIGN\backend\src\routes\M217Routes.js","routes\M217Routes.js","956","False"
"TOP_LEVEL_ROUTE","C:\Users\DIYA GOEL\Downloads\EBDESIGN\backend\src\routes\M218Routes.js","routes\M218Routes.js","956","False"
"TOP_LEVEL_ROUTE","C:\Users\DIYA GOEL\Downloads\EBDESIGN\backend\src\routes\M219Routes.js","routes\M219Routes.js","956","False"
"TOP_LEVEL_ROUTE","C:\Users\DIYA GOEL\Downloads\EBDESIGN\backend\src\routes\M220Routes.js","routes\M220Routes.js","956","False"
"TOP_LEVEL_ROUTE","C:\Users\DIYA GOEL\Downloads\EBDESIGN\backend\src\routes\M221Routes.js","routes\M221Routes.js","956","False"
"TOP_LEVEL_ROUTE","C:\Users\DIYA GOEL\Downloads\EBDESIGN\backend\src\routes\M222Routes.js","routes\M222Routes.js","956","False"
"TOP_LEVEL_ROUTE","C:\Users\DIYA GOEL\Downloads\EBDESIGN\backend\src\routes\M223Routes.js","routes\M223Routes.js","956","False"
"TOP_LEVEL_ROUTE","C:\Users\DIYA GOEL\Downloads\EBDESIGN\backend\src\routes\M224Routes.js","routes\M224Routes.js","956","False"
"TOP_LEVEL_ROUTE","C:\Users\DIYA GOEL\Downloads\EBDESIGN\backend\src\routes\M225Routes.js","routes\M225Routes.js","956","False"
"TOP_LEVEL_ROUTE","C:\Users\DIYA GOEL\Downloads\EBDESIGN\backend\src\routes\M226Routes.js","routes\M226Routes.js","956","False"
"TOP_LEVEL_ROUTE","C:\Users\DIYA GOEL\Downloads\EBDESIGN\backend\src\routes\M227Routes.js","routes\M227Routes.js","956","False"
"TOP_LEVEL_ROUTE","C:\Users\DIYA GOEL\Downloads\EBDESIGN\backend\src\routes\M228Routes.js","routes\M228Routes.js","956","False"
"TOP_LEVEL_ROUTE","C:\Users\DIYA GOEL\Downloads\EBDESIGN\backend\src\routes\M229Routes.js","routes\M229Routes.js","956","False"
"TOP_LEVEL_ROUTE","C:\Users\DIYA GOEL\Downloads\EBDESIGN\backend\src\routes\M230Routes.js","routes\M230Routes.js","956","False"
"TOP_LEVEL_ROUTE","C:\Users\DIYA GOEL\Downloads\EBDESIGN\backend\src\routes\M231Routes.js","routes\M231Routes.js","956","False"
"TOP_LEVEL_ROUTE","C:\Users\DIYA GOEL\Downloads\EBDESIGN\backend\src\routes\M232Routes.js","routes\M232Routes.js","956","False"
"TOP_LEVEL_ROUTE","C:\Users\DIYA GOEL\Downloads\EBDESIGN\backend\src\routes\M233Routes.js","routes\M233Routes.js","956","False"
"TOP_LEVEL_ROUTE","C:\Users\DIYA GOEL\Downloads\EBDESIGN\backend\src\routes\M234Routes.js","routes\M234Routes.js","956","False"
"TOP_LEVEL_ROUTE","C:\Users\DIYA GOEL\Downloads\EBDESIGN\backend\src\routes\M235Routes.js","routes\M235Routes.js","956","False"
"TOP_LEVEL_ROUTE","C:\Users\DIYA GOEL\Downloads\EBDESIGN\backend\src\routes\M236Routes.js","routes\M236Routes.js","956","False"
"TOP_LEVEL_ROUTE","C:\Users\DIYA GOEL\Downloads\EBDESIGN\backend\src\routes\M237Routes.js","routes\M237Routes.js","956","False"
"TOP_LEVEL_ROUTE","C:\Users\DIYA GOEL\Downloads\EBDESIGN\backend\src\routes\M238Routes.js","routes\M238Routes.js","956","False"
"TOP_LEVEL_ROUTE","C:\Users\DIYA GOEL\Downloads\EBDESIGN\backend\src\routes\M239Routes.js","routes\M239Routes.js","956","False"
"TOP_LEVEL_ROUTE","C:\Users\DIYA GOEL\Downloads\EBDESIGN\backend\src\routes\M240Routes.js","routes\M240Routes.js","956","False"
"TOP_LEVEL_ROUTE","C:\Users\DIYA GOEL\Downloads\EBDESIGN\backend\src\routes\M241Routes.js","routes\M241Routes.js","956","False"
"TOP_LEVEL_ROUTE","C:\Users\DIYA GOEL\Downloads\EBDESIGN\backend\src\routes\M242Routes.js","routes\M242Routes.js","956","False"
"TOP_LEVEL_ROUTE","C:\Users\DIYA GOEL\Downloads\EBDESIGN\backend\src\routes\M243Routes.js","routes\M243Routes.js","956","False"
"TOP_LEVEL_ROUTE","C:\Users\DIYA GOEL\Downloads\EBDESIGN\backend\src\routes\M244Routes.js","routes\M244Routes.js","956","False"
"TOP_LEVEL_ROUTE","C:\Users\DIYA GOEL\Downloads\EBDESIGN\backend\src\routes\M245Routes.js","routes\M245Routes.js","956","False"
"TOP_LEVEL_ROUTE","C:\Users\DIYA GOEL\Downloads\EBDESIGN\backend\src\routes\M246Routes.js","routes\M246Routes.js","956","False"
"TOP_LEVEL_ROUTE","C:\Users\DIYA GOEL\Downloads\EBDESIGN\backend\src\routes\M247Routes.js","routes\M247Routes.js","956","False"
"TOP_LEVEL_ROUTE","C:\Users\DIYA GOEL\Downloads\EBDESIGN\backend\src\routes\M248Routes.js","routes\M248Routes.js","956","False"
"TOP_LEVEL_ROUTE","C:\Users\DIYA GOEL\Downloads\EBDESIGN\backend\src\routes\M249Routes.js","routes\M249Routes.js","956","False"
"TOP_LEVEL_ROUTE","C:\Users\DIYA GOEL\Downloads\EBDESIGN\backend\src\routes\M250Routes.js","routes\M250Routes.js","956","False"
"TOP_LEVEL_ROUTE","C:\Users\DIYA GOEL\Downloads\EBDESIGN\backend\src\routes\M251Routes.js","routes\M251Routes.js","956","False"
"TOP_LEVEL_ROUTE","C:\Users\DIYA GOEL\Downloads\EBDESIGN\backend\src\routes\M252Routes.js","routes\M252Routes.js","956","False"
"TOP_LEVEL_ROUTE","C:\Users\DIYA GOEL\Downloads\EBDESIGN\backend\src\routes\M253Routes.js","routes\M253Routes.js","956","False"
"TOP_LEVEL_ROUTE","C:\Users\DIYA GOEL\Downloads\EBDESIGN\backend\src\routes\M254Routes.js","routes\M254Routes.js","956","False"
"TOP_LEVEL_ROUTE","C:\Users\DIYA GOEL\Downloads\EBDESIGN\backend\src\routes\M255Routes.js","routes\M255Routes.js","956","False"
"TOP_LEVEL_ROUTE","C:\Users\DIYA GOEL\Downloads\EBDESIGN\backend\src\routes\M256Routes.js","routes\M256Routes.js","956","False"
"TOP_LEVEL_ROUTE","C:\Users\DIYA GOEL\Downloads\EBDESIGN\backend\src\routes\M257Routes.js","routes\M257Routes.js","956","False"
"TOP_LEVEL_ROUTE","C:\Users\DIYA GOEL\Downloads\EBDESIGN\backend\src\routes\M258Routes.js","routes\M258Routes.js","956","False"
"TOP_LEVEL_ROUTE","C:\Users\DIYA GOEL\Downloads\EBDESIGN\backend\src\routes\M259Routes.js","routes\M259Routes.js","956","False"
"TOP_LEVEL_ROUTE","C:\Users\DIYA GOEL\Downloads\EBDESIGN\backend\src\routes\M260Routes.js","routes\M260Routes.js","956","False"
"TOP_LEVEL_ROUTE","C:\Users\DIYA GOEL\Downloads\EBDESIGN\backend\src\routes\M261Routes.js","routes\M261Routes.js","956","False"
"TOP_LEVEL_ROUTE","C:\Users\DIYA GOEL\Downloads\EBDESIGN\backend\src\routes\M262Routes.js","routes\M262Routes.js","956","False"
"TOP_LEVEL_ROUTE","C:\Users\DIYA GOEL\Downloads\EBDESIGN\backend\src\routes\M263Routes.js","routes\M263Routes.js","956","False"
"TOP_LEVEL_ROUTE","C:\Users\DIYA GOEL\Downloads\EBDESIGN\backend\src\routes\M264Routes.js","routes\M264Routes.js","956","False"
"TOP_LEVEL_ROUTE","C:\Users\DIYA GOEL\Downloads\EBDESIGN\backend\src\routes\M265Routes.js","routes\M265Routes.js","956","False"
"TOP_LEVEL_ROUTE","C:\Users\DIYA GOEL\Downloads\EBDESIGN\backend\src\routes\M266Routes.js","routes\M266Routes.js","956","False"
"TOP_LEVEL_ROUTE","C:\Users\DIYA GOEL\Downloads\EBDESIGN\backend\src\routes\M267Routes.js","routes\M267Routes.js","956","False"
"TOP_LEVEL_ROUTE","C:\Users\DIYA GOEL\Downloads\EBDESIGN\backend\src\routes\M268Routes.js","routes\M268Routes.js","956","False"
"TOP_LEVEL_ROUTE","C:\Users\DIYA GOEL\Downloads\EBDESIGN\backend\src\routes\M269Routes.js","routes\M269Routes.js","956","False"
"TOP_LEVEL_ROUTE","C:\Users\DIYA GOEL\Downloads\EBDESIGN\backend\src\routes\M270Routes.js","routes\M270Routes.js","956","False"
"TOP_LEVEL_ROUTE","C:\Users\DIYA GOEL\Downloads\EBDESIGN\backend\src\routes\M271Routes.js","routes\M271Routes.js","956","False"
"TOP_LEVEL_ROUTE","C:\Users\DIYA GOEL\Downloads\EBDESIGN\backend\src\routes\M272Routes.js","routes\M272Routes.js","956","False"
"TOP_LEVEL_ROUTE","C:\Users\DIYA GOEL\Downloads\EBDESIGN\backend\src\routes\M273Routes.js","routes\M273Routes.js","956","False"
"TOP_LEVEL_ROUTE","C:\Users\DIYA GOEL\Downloads\EBDESIGN\backend\src\routes\M274Routes.js","routes\M274Routes.js","956","False"
"TOP_LEVEL_ROUTE","C:\Users\DIYA GOEL\Downloads\EBDESIGN\backend\src\routes\M275Routes.js","routes\M275Routes.js","956","False"
"TOP_LEVEL_ROUTE","C:\Users\DIYA GOEL\Downloads\EBDESIGN\backend\src\routes\M276Routes.js","routes\M276Routes.js","956","False"
"TOP_LEVEL_ROUTE","C:\Users\DIYA GOEL\Downloads\EBDESIGN\backend\src\routes\M277Routes.js","routes\M277Routes.js","956","False"
"TOP_LEVEL_ROUTE","C:\Users\DIYA GOEL\Downloads\EBDESIGN\backend\src\routes\M278Routes.js","routes\M278Routes.js","956","False"
"TOP_LEVEL_ROUTE","C:\Users\DIYA GOEL\Downloads\EBDESIGN\backend\src\routes\M279Routes.js","routes\M279Routes.js","956","False"
"TOP_LEVEL_ROUTE","C:\Users\DIYA GOEL\Downloads\EBDESIGN\backend\src\routes\M280Routes.js","routes\M280Routes.js","956","False"
"TOP_LEVEL_ROUTE","C:\Users\DIYA GOEL\Downloads\EBDESIGN\backend\src\routes\M281Routes.js","routes\M281Routes.js","956","False"
"TOP_LEVEL_ROUTE","C:\Users\DIYA GOEL\Downloads\EBDESIGN\backend\src\routes\M282Routes.js","routes\M282Routes.js","956","False"
"TOP_LEVEL_ROUTE","C:\Users\DIYA GOEL\Downloads\EBDESIGN\backend\src\routes\M283Routes.js","routes\M283Routes.js","956","False"
"TOP_LEVEL_ROUTE","C:\Users\DIYA GOEL\Downloads\EBDESIGN\backend\src\routes\M284Routes.js","routes\M284Routes.js","956","False"
"TOP_LEVEL_ROUTE","C:\Users\DIYA GOEL\Downloads\EBDESIGN\backend\src\routes\M285Routes.js","routes\M285Routes.js","956","False"
"TOP_LEVEL_ROUTE","C:\Users\DIYA GOEL\Downloads\EBDESIGN\backend\src\routes\M286Routes.js","routes\M286Routes.js","956","False"
"TOP_LEVEL_ROUTE","C:\Users\DIYA GOEL\Downloads\EBDESIGN\backend\src\routes\M287Routes.js","routes\M287Routes.js","956","False"
"TOP_LEVEL_ROUTE","C:\Users\DIYA GOEL\Downloads\EBDESIGN\backend\src\routes\M288Routes.js","routes\M288Routes.js","956","False"
"TOP_LEVEL_ROUTE","C:\Users\DIYA GOEL\Downloads\EBDESIGN\backend\src\routes\M289Routes.js","routes\M289Routes.js","956","False"
"TOP_LEVEL_ROUTE","C:\Users\DIYA GOEL\Downloads\EBDESIGN\backend\src\routes\M290Routes.js","routes\M290Routes.js","956","False"
"TOP_LEVEL_ROUTE","C:\Users\DIYA GOEL\Downloads\EBDESIGN\backend\src\routes\M291Routes.js","routes\M291Routes.js","956","False"
"TOP_LEVEL_ROUTE","C:\Users\DIYA GOEL\Downloads\EBDESIGN\backend\src\routes\M292Routes.js","routes\M292Routes.js","956","False"
"TOP_LEVEL_ROUTE","C:\Users\DIYA GOEL\Downloads\EBDESIGN\backend\src\routes\M293Routes.js","routes\M293Routes.js","956","False"
"TOP_LEVEL_ROUTE","C:\Users\DIYA GOEL\Downloads\EBDESIGN\backend\src\routes\M294Routes.js","routes\M294Routes.js","956","False"
"TOP_LEVEL_ROUTE","C:\Users\DIYA GOEL\Downloads\EBDESIGN\backend\src\routes\M295Routes.js","routes\M295Routes.js","956","False"
"TOP_LEVEL_ROUTE","C:\Users\DIYA GOEL\Downloads\EBDESIGN\backend\src\routes\M296Routes.js","routes\M296Routes.js","956","False"
"TOP_LEVEL_ROUTE","C:\Users\DIYA GOEL\Downloads\EBDESIGN\backend\src\routes\M297Routes.js","routes\M297Routes.js","956","False"
"TOP_LEVEL_ROUTE","C:\Users\DIYA GOEL\Downloads\EBDESIGN\backend\src\routes\M298Routes.js","routes\M298Routes.js","956","False"
"TOP_LEVEL_ROUTE","C:\Users\DIYA GOEL\Downloads\EBDESIGN\backend\src\routes\M299Routes.js","routes\M299Routes.js","956","False"
"TOP_LEVEL_ROUTE","C:\Users\DIYA GOEL\Downloads\EBDESIGN\backend\src\routes\M300Routes.js","routes\M300Routes.js","956","False"
"TOP_LEVEL_ROUTE","C:\Users\DIYA GOEL\Downloads\EBDESIGN\backend\src\routes\M301Routes.js","routes\M301Routes.js","956","False"
"TOP_LEVEL_ROUTE","C:\Users\DIYA GOEL\Downloads\EBDESIGN\backend\src\routes\M302Routes.js","routes\M302Routes.js","956","False"
"TOP_LEVEL_ROUTE","C:\Users\DIYA GOEL\Downloads\EBDESIGN\backend\src\routes\M303Routes.js","routes\M303Routes.js","956","False"
"TOP_LEVEL_ROUTE","C:\Users\DIYA GOEL\Downloads\EBDESIGN\backend\src\routes\M304Routes.js","routes\M304Routes.js","956","False"
"TOP_LEVEL_ROUTE","C:\Users\DIYA GOEL\Downloads\EBDESIGN\backend\src\routes\M305Routes.js","routes\M305Routes.js","956","False"
"TOP_LEVEL_ROUTE","C:\Users\DIYA GOEL\Downloads\EBDESIGN\backend\src\routes\M306Routes.js","routes\M306Routes.js","956","False"
"TOP_LEVEL_ROUTE","C:\Users\DIYA GOEL\Downloads\EBDESIGN\backend\src\routes\M307Routes.js","routes\M307Routes.js","956","False"
"TOP_LEVEL_ROUTE","C:\Users\DIYA GOEL\Downloads\EBDESIGN\backend\src\routes\M308Routes.js","routes\M308Routes.js","956","False"
"TOP_LEVEL_ROUTE","C:\Users\DIYA GOEL\Downloads\EBDESIGN\backend\src\routes\M309Routes.js","routes\M309Routes.js","956","False"
"TOP_LEVEL_ROUTE","C:\Users\DIYA GOEL\Downloads\EBDESIGN\backend\src\routes\M310Routes.js","routes\M310Routes.js","956","False"
"TOP_LEVEL_ROUTE","C:\Users\DIYA GOEL\Downloads\EBDESIGN\backend\src\routes\M311Routes.js","routes\M311Routes.js","956","False"
"TOP_LEVEL_ROUTE","C:\Users\DIYA GOEL\Downloads\EBDESIGN\backend\src\routes\M312Routes.js","routes\M312Routes.js","956","False"
"TOP_LEVEL_ROUTE","C:\Users\DIYA GOEL\Downloads\EBDESIGN\backend\src\routes\M313Routes.js","routes\M313Routes.js","956","False"
"TOP_LEVEL_ROUTE","C:\Users\DIYA GOEL\Downloads\EBDESIGN\backend\src\routes\M314Routes.js","routes\M314Routes.js","956","False"
"TOP_LEVEL_ROUTE","C:\Users\DIYA GOEL\Downloads\EBDESIGN\backend\src\routes\M315Routes.js","routes\M315Routes.js","956","False"
"TOP_LEVEL_ROUTE","C:\Users\DIYA GOEL\Downloads\EBDESIGN\backend\src\routes\M316Routes.js","routes\M316Routes.js","956","False"
"TOP_LEVEL_ROUTE","C:\Users\DIYA GOEL\Downloads\EBDESIGN\backend\src\routes\M317Routes.js","routes\M317Routes.js","956","False"
"TOP_LEVEL_ROUTE","C:\Users\DIYA GOEL\Downloads\EBDESIGN\backend\src\routes\M318Routes.js","routes\M318Routes.js","956","False"
"TOP_LEVEL_ROUTE","C:\Users\DIYA GOEL\Downloads\EBDESIGN\backend\src\routes\M319Routes.js","routes\M319Routes.js","956","False"
"TOP_LEVEL_ROUTE","C:\Users\DIYA GOEL\Downloads\EBDESIGN\backend\src\routes\M31Routes.js","routes\M31Routes.js","949","False"
"TOP_LEVEL_ROUTE","C:\Users\DIYA GOEL\Downloads\EBDESIGN\backend\src\routes\M320Routes.js","routes\M320Routes.js","956","False"
"TOP_LEVEL_ROUTE","C:\Users\DIYA GOEL\Downloads\EBDESIGN\backend\src\routes\M321Routes.js","routes\M321Routes.js","956","False"
"TOP_LEVEL_ROUTE","C:\Users\DIYA GOEL\Downloads\EBDESIGN\backend\src\routes\M322Routes.js","routes\M322Routes.js","956","False"
"TOP_LEVEL_ROUTE","C:\Users\DIYA GOEL\Downloads\EBDESIGN\backend\src\routes\M323Routes.js","routes\M323Routes.js","956","False"
"TOP_LEVEL_ROUTE","C:\Users\DIYA GOEL\Downloads\EBDESIGN\backend\src\routes\M324Routes.js","routes\M324Routes.js","956","False"
"TOP_LEVEL_ROUTE","C:\Users\DIYA GOEL\Downloads\EBDESIGN\backend\src\routes\M325Routes.js","routes\M325Routes.js","956","False"
"TOP_LEVEL_ROUTE","C:\Users\DIYA GOEL\Downloads\EBDESIGN\backend\src\routes\M326Routes.js","routes\M326Routes.js","956","False"
"TOP_LEVEL_ROUTE","C:\Users\DIYA GOEL\Downloads\EBDESIGN\backend\src\routes\M327Routes.js","routes\M327Routes.js","956","False"
"TOP_LEVEL_ROUTE","C:\Users\DIYA GOEL\Downloads\EBDESIGN\backend\src\routes\M328Routes.js","routes\M328Routes.js","956","False"
"TOP_LEVEL_ROUTE","C:\Users\DIYA GOEL\Downloads\EBDESIGN\backend\src\routes\M329Routes.js","routes\M329Routes.js","956","False"
"TOP_LEVEL_ROUTE","C:\Users\DIYA GOEL\Downloads\EBDESIGN\backend\src\routes\M32Routes.js","routes\M32Routes.js","949","False"
"TOP_LEVEL_ROUTE","C:\Users\DIYA GOEL\Downloads\EBDESIGN\backend\src\routes\M330Routes.js","routes\M330Routes.js","956","False"
"TOP_LEVEL_ROUTE","C:\Users\DIYA GOEL\Downloads\EBDESIGN\backend\src\routes\M331Routes.js","routes\M331Routes.js","956","False"
"TOP_LEVEL_ROUTE","C:\Users\DIYA GOEL\Downloads\EBDESIGN\backend\src\routes\M332Routes.js","routes\M332Routes.js","956","False"
"TOP_LEVEL_ROUTE","C:\Users\DIYA GOEL\Downloads\EBDESIGN\backend\src\routes\M333Routes.js","routes\M333Routes.js","956","False"
"TOP_LEVEL_ROUTE","C:\Users\DIYA GOEL\Downloads\EBDESIGN\backend\src\routes\M334Routes.js","routes\M334Routes.js","956","False"
"TOP_LEVEL_ROUTE","C:\Users\DIYA GOEL\Downloads\EBDESIGN\backend\src\routes\M335Routes.js","routes\M335Routes.js","956","False"
"TOP_LEVEL_ROUTE","C:\Users\DIYA GOEL\Downloads\EBDESIGN\backend\src\routes\M336Routes.js","routes\M336Routes.js","956","False"
"TOP_LEVEL_ROUTE","C:\Users\DIYA GOEL\Downloads\EBDESIGN\backend\src\routes\M337Routes.js","routes\M337Routes.js","956","False"
"TOP_LEVEL_ROUTE","C:\Users\DIYA GOEL\Downloads\EBDESIGN\backend\src\routes\M338Routes.js","routes\M338Routes.js","956","False"
"TOP_LEVEL_ROUTE","C:\Users\DIYA GOEL\Downloads\EBDESIGN\backend\src\routes\M339Routes.js","routes\M339Routes.js","956","False"
"TOP_LEVEL_ROUTE","C:\Users\DIYA GOEL\Downloads\EBDESIGN\backend\src\routes\M33Routes.js","routes\M33Routes.js","949","False"
"TOP_LEVEL_ROUTE","C:\Users\DIYA GOEL\Downloads\EBDESIGN\backend\src\routes\M340Routes.js","routes\M340Routes.js","956","False"
"TOP_LEVEL_ROUTE","C:\Users\DIYA GOEL\Downloads\EBDESIGN\backend\src\routes\M341Routes.js","routes\M341Routes.js","956","False"
"TOP_LEVEL_ROUTE","C:\Users\DIYA GOEL\Downloads\EBDESIGN\backend\src\routes\M342Routes.js","routes\M342Routes.js","956","False"
"TOP_LEVEL_ROUTE","C:\Users\DIYA GOEL\Downloads\EBDESIGN\backend\src\routes\M343Routes.js","routes\M343Routes.js","956","False"
"TOP_LEVEL_ROUTE","C:\Users\DIYA GOEL\Downloads\EBDESIGN\backend\src\routes\M344Routes.js","routes\M344Routes.js","956","False"
"TOP_LEVEL_ROUTE","C:\Users\DIYA GOEL\Downloads\EBDESIGN\backend\src\routes\M34Routes.js","routes\M34Routes.js","949","False"
"TOP_LEVEL_ROUTE","C:\Users\DIYA GOEL\Downloads\EBDESIGN\backend\src\routes\M35Routes.js","routes\M35Routes.js","949","False"
"TOP_LEVEL_ROUTE","C:\Users\DIYA GOEL\Downloads\EBDESIGN\backend\src\routes\M36Routes.js","routes\M36Routes.js","949","False"
"TOP_LEVEL_ROUTE","C:\Users\DIYA GOEL\Downloads\EBDESIGN\backend\src\routes\M37Routes.js","routes\M37Routes.js","949","False"
"TOP_LEVEL_ROUTE","C:\Users\DIYA GOEL\Downloads\EBDESIGN\backend\src\routes\M38Routes.js","routes\M38Routes.js","949","False"
"TOP_LEVEL_ROUTE","C:\Users\DIYA GOEL\Downloads\EBDESIGN\backend\src\routes\M39Routes.js","routes\M39Routes.js","949","False"
"TOP_LEVEL_ROUTE","C:\Users\DIYA GOEL\Downloads\EBDESIGN\backend\src\routes\m400AiBackboneRoutes.js","routes\m400AiBackboneRoutes.js","7237","True"
"TOP_LEVEL_ROUTE","C:\Users\DIYA GOEL\Downloads\EBDESIGN\backend\src\routes\M40Routes.js","routes\M40Routes.js","949","False"
"TOP_LEVEL_ROUTE","C:\Users\DIYA GOEL\Downloads\EBDESIGN\backend\src\routes\M41Routes.js","routes\M41Routes.js","949","False"
"TOP_LEVEL_ROUTE","C:\Users\DIYA GOEL\Downloads\EBDESIGN\backend\src\routes\M42Routes.js","routes\M42Routes.js","949","False"
"TOP_LEVEL_ROUTE","C:\Users\DIYA GOEL\Downloads\EBDESIGN\backend\src\routes\M43Routes.js","routes\M43Routes.js","949","False"
"TOP_LEVEL_ROUTE","C:\Users\DIYA GOEL\Downloads\EBDESIGN\backend\src\routes\M44Routes.js","routes\M44Routes.js","949","False"
"TOP_LEVEL_ROUTE","C:\Users\DIYA GOEL\Downloads\EBDESIGN\backend\src\routes\M45Routes.js","routes\M45Routes.js","949","False"
"TOP_LEVEL_ROUTE","C:\Users\DIYA GOEL\Downloads\EBDESIGN\backend\src\routes\M46Routes.js","routes\M46Routes.js","949","False"
"TOP_LEVEL_ROUTE","C:\Users\DIYA GOEL\Downloads\EBDESIGN\backend\src\routes\M47Routes.js","routes\M47Routes.js","949","False"
"TOP_LEVEL_ROUTE","C:\Users\DIYA GOEL\Downloads\EBDESIGN\backend\src\routes\M48Routes.js","routes\M48Routes.js","949","False"
"TOP_LEVEL_ROUTE","C:\Users\DIYA GOEL\Downloads\EBDESIGN\backend\src\routes\M49Routes.js","routes\M49Routes.js","949","False"
"TOP_LEVEL_ROUTE","C:\Users\DIYA GOEL\Downloads\EBDESIGN\backend\src\routes\M50Routes.js","routes\M50Routes.js","949","False"
"TOP_LEVEL_ROUTE","C:\Users\DIYA GOEL\Downloads\EBDESIGN\backend\src\routes\M51Routes.js","routes\M51Routes.js","949","False"
"TOP_LEVEL_ROUTE","C:\Users\DIYA GOEL\Downloads\EBDESIGN\backend\src\routes\M52Routes.js","routes\M52Routes.js","949","False"
"TOP_LEVEL_ROUTE","C:\Users\DIYA GOEL\Downloads\EBDESIGN\backend\src\routes\M53Routes.js","routes\M53Routes.js","949","False"
"TOP_LEVEL_ROUTE","C:\Users\DIYA GOEL\Downloads\EBDESIGN\backend\src\routes\M54Routes.js","routes\M54Routes.js","949","False"
"TOP_LEVEL_ROUTE","C:\Users\DIYA GOEL\Downloads\EBDESIGN\backend\src\routes\M55Routes.js","routes\M55Routes.js","949","False"
"TOP_LEVEL_ROUTE","C:\Users\DIYA GOEL\Downloads\EBDESIGN\backend\src\routes\M56Routes.js","routes\M56Routes.js","949","False"
"TOP_LEVEL_ROUTE","C:\Users\DIYA GOEL\Downloads\EBDESIGN\backend\src\routes\M57Routes.js","routes\M57Routes.js","949","False"
"TOP_LEVEL_ROUTE","C:\Users\DIYA GOEL\Downloads\EBDESIGN\backend\src\routes\M58Routes.js","routes\M58Routes.js","949","False"
"TOP_LEVEL_ROUTE","C:\Users\DIYA GOEL\Downloads\EBDESIGN\backend\src\routes\M59Routes.js","routes\M59Routes.js","949","False"
"TOP_LEVEL_ROUTE","C:\Users\DIYA GOEL\Downloads\EBDESIGN\backend\src\routes\M60Routes.js","routes\M60Routes.js","949","False"
"TOP_LEVEL_ROUTE","C:\Users\DIYA GOEL\Downloads\EBDESIGN\backend\src\routes\M61Routes.js","routes\M61Routes.js","949","False"
"TOP_LEVEL_ROUTE","C:\Users\DIYA GOEL\Downloads\EBDESIGN\backend\src\routes\M62Routes.js","routes\M62Routes.js","949","False"
"TOP_LEVEL_ROUTE","C:\Users\DIYA GOEL\Downloads\EBDESIGN\backend\src\routes\M63Routes.js","routes\M63Routes.js","949","False"
"TOP_LEVEL_ROUTE","C:\Users\DIYA GOEL\Downloads\EBDESIGN\backend\src\routes\M64Routes.js","routes\M64Routes.js","949","False"
"TOP_LEVEL_ROUTE","C:\Users\DIYA GOEL\Downloads\EBDESIGN\backend\src\routes\M65Routes.js","routes\M65Routes.js","949","False"
"TOP_LEVEL_ROUTE","C:\Users\DIYA GOEL\Downloads\EBDESIGN\backend\src\routes\M66Routes.js","routes\M66Routes.js","949","False"
"TOP_LEVEL_ROUTE","C:\Users\DIYA GOEL\Downloads\EBDESIGN\backend\src\routes\M67Routes.js","routes\M67Routes.js","949","False"
"TOP_LEVEL_ROUTE","C:\Users\DIYA GOEL\Downloads\EBDESIGN\backend\src\routes\M68Routes.js","routes\M68Routes.js","949","False"
"TOP_LEVEL_ROUTE","C:\Users\DIYA GOEL\Downloads\EBDESIGN\backend\src\routes\M69Routes.js","routes\M69Routes.js","949","False"
"TOP_LEVEL_ROUTE","C:\Users\DIYA GOEL\Downloads\EBDESIGN\backend\src\routes\M70Routes.js","routes\M70Routes.js","949","False"
"TOP_LEVEL_ROUTE","C:\Users\DIYA GOEL\Downloads\EBDESIGN\backend\src\routes\M71Routes.js","routes\M71Routes.js","949","False"
"TOP_LEVEL_ROUTE","C:\Users\DIYA GOEL\Downloads\EBDESIGN\backend\src\routes\M72Routes.js","routes\M72Routes.js","949","False"
"TOP_LEVEL_ROUTE","C:\Users\DIYA GOEL\Downloads\EBDESIGN\backend\src\routes\M73Routes.js","routes\M73Routes.js","949","False"
"TOP_LEVEL_ROUTE","C:\Users\DIYA GOEL\Downloads\EBDESIGN\backend\src\routes\M74Routes.js","routes\M74Routes.js","949","False"
"TOP_LEVEL_ROUTE","C:\Users\DIYA GOEL\Downloads\EBDESIGN\backend\src\routes\M75Routes.js","routes\M75Routes.js","949","False"
"TOP_LEVEL_ROUTE","C:\Users\DIYA GOEL\Downloads\EBDESIGN\backend\src\routes\M76Routes.js","routes\M76Routes.js","949","False"
"TOP_LEVEL_ROUTE","C:\Users\DIYA GOEL\Downloads\EBDESIGN\backend\src\routes\M77Routes.js","routes\M77Routes.js","949","False"
"TOP_LEVEL_ROUTE","C:\Users\DIYA GOEL\Downloads\EBDESIGN\backend\src\routes\M78Routes.js","routes\M78Routes.js","949","False"
"TOP_LEVEL_ROUTE","C:\Users\DIYA GOEL\Downloads\EBDESIGN\backend\src\routes\M79Routes.js","routes\M79Routes.js","949","False"
"TOP_LEVEL_ROUTE","C:\Users\DIYA GOEL\Downloads\EBDESIGN\backend\src\routes\M80Routes.js","routes\M80Routes.js","949","False"
"TOP_LEVEL_ROUTE","C:\Users\DIYA GOEL\Downloads\EBDESIGN\backend\src\routes\M81Routes.js","routes\M81Routes.js","949","False"
"TOP_LEVEL_ROUTE","C:\Users\DIYA GOEL\Downloads\EBDESIGN\backend\src\routes\M82Routes.js","routes\M82Routes.js","949","False"
"TOP_LEVEL_ROUTE","C:\Users\DIYA GOEL\Downloads\EBDESIGN\backend\src\routes\M83Routes.js","routes\M83Routes.js","949","False"
"TOP_LEVEL_ROUTE","C:\Users\DIYA GOEL\Downloads\EBDESIGN\backend\src\routes\M84Routes.js","routes\M84Routes.js","949","False"
"TOP_LEVEL_ROUTE","C:\Users\DIYA GOEL\Downloads\EBDESIGN\backend\src\routes\M85Routes.js","routes\M85Routes.js","949","False"
"TOP_LEVEL_ROUTE","C:\Users\DIYA GOEL\Downloads\EBDESIGN\backend\src\routes\M86Routes.js","routes\M86Routes.js","949","False"
"TOP_LEVEL_ROUTE","C:\Users\DIYA GOEL\Downloads\EBDESIGN\backend\src\routes\M87Routes.js","routes\M87Routes.js","949","False"
"TOP_LEVEL_ROUTE","C:\Users\DIYA GOEL\Downloads\EBDESIGN\backend\src\routes\M88Routes.js","routes\M88Routes.js","949","False"
"TOP_LEVEL_ROUTE","C:\Users\DIYA GOEL\Downloads\EBDESIGN\backend\src\routes\M89Routes.js","routes\M89Routes.js","949","False"
"TOP_LEVEL_ROUTE","C:\Users\DIYA GOEL\Downloads\EBDESIGN\backend\src\routes\M90Routes.js","routes\M90Routes.js","949","False"
"TOP_LEVEL_ROUTE","C:\Users\DIYA GOEL\Downloads\EBDESIGN\backend\src\routes\M91Routes.js","routes\M91Routes.js","949","False"
"TOP_LEVEL_ROUTE","C:\Users\DIYA GOEL\Downloads\EBDESIGN\backend\src\routes\M92Routes.js","routes\M92Routes.js","949","False"
"TOP_LEVEL_ROUTE","C:\Users\DIYA GOEL\Downloads\EBDESIGN\backend\src\routes\M93Routes.js","routes\M93Routes.js","949","False"
"TOP_LEVEL_ROUTE","C:\Users\DIYA GOEL\Downloads\EBDESIGN\backend\src\routes\M94Routes.js","routes\M94Routes.js","949","False"
"TOP_LEVEL_ROUTE","C:\Users\DIYA GOEL\Downloads\EBDESIGN\backend\src\routes\M95Routes.js","routes\M95Routes.js","949","False"
"TOP_LEVEL_ROUTE","C:\Users\DIYA GOEL\Downloads\EBDESIGN\backend\src\routes\M96Routes.js","routes\M96Routes.js","949","False"
"TOP_LEVEL_ROUTE","C:\Users\DIYA GOEL\Downloads\EBDESIGN\backend\src\routes\M97Routes.js","routes\M97Routes.js","949","False"
"TOP_LEVEL_ROUTE","C:\Users\DIYA GOEL\Downloads\EBDESIGN\backend\src\routes\M98Routes.js","routes\M98Routes.js","949","False"
"TOP_LEVEL_ROUTE","C:\Users\DIYA GOEL\Downloads\EBDESIGN\backend\src\routes\M99Routes.js","routes\M99Routes.js","949","False"
"TOP_LEVEL_ROUTE","C:\Users\DIYA GOEL\Downloads\EBDESIGN\backend\src\routes\machineryVillageOpsRoutes.js","routes\machineryVillageOpsRoutes.js","5755","False"
"TOP_LEVEL_ROUTE","C:\Users\DIYA GOEL\Downloads\EBDESIGN\backend\src\routes\marketAnalytics.js","routes\marketAnalytics.js","321","True"
"TOP_LEVEL_ROUTE","C:\Users\DIYA GOEL\Downloads\EBDESIGN\backend\src\routes\marketDataRoutes.js","routes\marketDataRoutes.js","3210","True"
"TOP_LEVEL_ROUTE","C:\Users\DIYA GOEL\Downloads\EBDESIGN\backend\src\routes\marketplaceEnhancements.js","routes\marketplaceEnhancements.js","10819","True"
"TOP_LEVEL_ROUTE","C:\Users\DIYA GOEL\Downloads\EBDESIGN\backend\src\routes\mfaDomainRoutes.js","routes\mfaDomainRoutes.js","814","True"
"TOP_LEVEL_ROUTE","C:\Users\DIYA GOEL\Downloads\EBDESIGN\backend\src\routes\migrationRoutes.js","routes\migrationRoutes.js","492","False"
"TOP_LEVEL_ROUTE","C:\Users\DIYA GOEL\Downloads\EBDESIGN\backend\src\routes\mlOptimization.js","routes\mlOptimization.js","319","True"
"TOP_LEVEL_ROUTE","C:\Users\DIYA GOEL\Downloads\EBDESIGN\backend\src\routes\moduleRegistryRoutes.js","routes\moduleRegistryRoutes.js","6420","True"
"TOP_LEVEL_ROUTE","C:\Users\DIYA GOEL\Downloads\EBDESIGN\backend\src\routes\moduleSupportInfrastructureRoutes.js","routes\moduleSupportInfrastructureRoutes.js","10707","False"
"TOP_LEVEL_ROUTE","C:\Users\DIYA GOEL\Downloads\EBDESIGN\backend\src\routes\moduleSystemsRoutes.js","routes\moduleSystemsRoutes.js","1077","False"
"TOP_LEVEL_ROUTE","C:\Users\DIYA GOEL\Downloads\EBDESIGN\backend\src\routes\multilingualDomainRoutes.js","routes\multilingualDomainRoutes.js","1652","True"
"TOP_LEVEL_ROUTE","C:\Users\DIYA GOEL\Downloads\EBDESIGN\backend\src\routes\mushroomRoutes.js","routes\mushroomRoutes.js","2492","True"
"TOP_LEVEL_ROUTE","C:\Users\DIYA GOEL\Downloads\EBDESIGN\backend\src\routes\nervousSystemRoutes.js","routes\nervousSystemRoutes.js","8307","True"
"TOP_LEVEL_ROUTE","C:\Users\DIYA GOEL\Downloads\EBDESIGN\backend\src\routes\neVarietiesRoutes.js","routes\neVarietiesRoutes.js","9819","True"
"TOP_LEVEL_ROUTE","C:\Users\DIYA GOEL\Downloads\EBDESIGN\backend\src\routes\nlp.js","routes\nlp.js","296","True"
"TOP_LEVEL_ROUTE","C:\Users\DIYA GOEL\Downloads\EBDESIGN\backend\src\routes\notificationDomainRoutes.js","routes\notificationDomainRoutes.js","981","True"
"TOP_LEVEL_ROUTE","C:\Users\DIYA GOEL\Downloads\EBDESIGN\backend\src\routes\notificationRoutes.js","routes\notificationRoutes.js","501","False"
"TOP_LEVEL_ROUTE","C:\Users\DIYA GOEL\Downloads\EBDESIGN\backend\src\routes\nutrientValueSalesRoutes.js","routes\nutrientValueSalesRoutes.js","6248","True"
"TOP_LEVEL_ROUTE","C:\Users\DIYA GOEL\Downloads\EBDESIGN\backend\src\routes\nutritionIntelligenceRoutes.js","routes\nutritionIntelligenceRoutes.js","10105","True"
"TOP_LEVEL_ROUTE","C:\Users\DIYA GOEL\Downloads\EBDESIGN\backend\src\routes\operationsManagementRoutes.js","routes\operationsManagementRoutes.js","660","True"
"TOP_LEVEL_ROUTE","C:\Users\DIYA GOEL\Downloads\EBDESIGN\backend\src\routes\operationsRouteSupport.js","routes\operationsRouteSupport.js","240","True"
"TOP_LEVEL_ROUTE","C:\Users\DIYA GOEL\Downloads\EBDESIGN\backend\src\routes\optimizationRoutes.js","routes\optimizationRoutes.js","1207","True"
"TOP_LEVEL_ROUTE","C:\Users\DIYA GOEL\Downloads\EBDESIGN\backend\src\routes\orderRoutes.js","routes\orderRoutes.js","614","True"
"TOP_LEVEL_ROUTE","C:\Users\DIYA GOEL\Downloads\EBDESIGN\backend\src\routes\ordersDomainRoutes.js","routes\ordersDomainRoutes.js","2012","True"
"TOP_LEVEL_ROUTE","C:\Users\DIYA GOEL\Downloads\EBDESIGN\backend\src\routes\organicTraceabilityDomainRoutes.js","routes\organicTraceabilityDomainRoutes.js","770","True"
"TOP_LEVEL_ROUTE","C:\Users\DIYA GOEL\Downloads\EBDESIGN\backend\src\routes\organizationDomainRoutes.js","routes\organizationDomainRoutes.js","1764","True"
"TOP_LEVEL_ROUTE","C:\Users\DIYA GOEL\Downloads\EBDESIGN\backend\src\routes\organizationManagementRoutes.js","routes\organizationManagementRoutes.js","666","True"
"TOP_LEVEL_ROUTE","C:\Users\DIYA GOEL\Downloads\EBDESIGN\backend\src\routes\ORPHANED_SERVICES_MOUNT.js","routes\ORPHANED_SERVICES_MOUNT.js","4202","True"
"TOP_LEVEL_ROUTE","C:\Users\DIYA GOEL\Downloads\EBDESIGN\backend\src\routes\paymentGatewayRoutes.js","routes\paymentGatewayRoutes.js","697","True"
"TOP_LEVEL_ROUTE","C:\Users\DIYA GOEL\Downloads\EBDESIGN\backend\src\routes\paymentRoutes.js","routes\paymentRoutes.js","620","True"
"TOP_LEVEL_ROUTE","C:\Users\DIYA GOEL\Downloads\EBDESIGN\backend\src\routes\performanceRoutes.js","routes\performanceRoutes.js","498","False"
"TOP_LEVEL_ROUTE","C:\Users\DIYA GOEL\Downloads\EBDESIGN\backend\src\routes\permissionRoutes.js","routes\permissionRoutes.js","495","False"
"TOP_LEVEL_ROUTE","C:\Users\DIYA GOEL\Downloads\EBDESIGN\backend\src\routes\pestForecastingDomainRoutes.js","routes\pestForecastingDomainRoutes.js","989","True"
"TOP_LEVEL_ROUTE","C:\Users\DIYA GOEL\Downloads\EBDESIGN\backend\src\routes\phase10.js","routes\phase10.js","304","True"
"TOP_LEVEL_ROUTE","C:\Users\DIYA GOEL\Downloads\EBDESIGN\backend\src\routes\phase11.js","routes\phase11.js","304","True"
"TOP_LEVEL_ROUTE","C:\Users\DIYA GOEL\Downloads\EBDESIGN\backend\src\routes\phase12.js","routes\phase12.js","304","True"
"TOP_LEVEL_ROUTE","C:\Users\DIYA GOEL\Downloads\EBDESIGN\backend\src\routes\phase8.js","routes\phase8.js","302","True"
"TOP_LEVEL_ROUTE","C:\Users\DIYA GOEL\Downloads\EBDESIGN\backend\src\routes\phase9.js","routes\phase9.js","302","True"
"TOP_LEVEL_ROUTE","C:\Users\DIYA GOEL\Downloads\EBDESIGN\backend\src\routes\pigRoutes.js","routes\pigRoutes.js","13928","True"
"TOP_LEVEL_ROUTE","C:\Users\DIYA GOEL\Downloads\EBDESIGN\backend\src\routes\platformConfigurationRoutes.js","routes\platformConfigurationRoutes.js","663","True"
"TOP_LEVEL_ROUTE","C:\Users\DIYA GOEL\Downloads\EBDESIGN\backend\src\routes\platformCoreDomainRoutes.js","routes\platformCoreDomainRoutes.js","934","True"
"TOP_LEVEL_ROUTE","C:\Users\DIYA GOEL\Downloads\EBDESIGN\backend\src\routes\platformCoreRoutes.js","routes\platformCoreRoutes.js","6480","True"
"TOP_LEVEL_ROUTE","C:\Users\DIYA GOEL\Downloads\EBDESIGN\backend\src\routes\platformFoundationRoutes.js","routes\platformFoundationRoutes.js","654","False"
"TOP_LEVEL_ROUTE","C:\Users\DIYA GOEL\Downloads\EBDESIGN\backend\src\routes\platformTelemetryRoutes.js","routes\platformTelemetryRoutes.js","651","True"
"TOP_LEVEL_ROUTE","C:\Users\DIYA GOEL\Downloads\EBDESIGN\backend\src\routes\poultryDomainRoutes.js","routes\poultryDomainRoutes.js","1948","True"
"TOP_LEVEL_ROUTE","C:\Users\DIYA GOEL\Downloads\EBDESIGN\backend\src\routes\poultryRoutes.js","routes\poultryRoutes.js","11503","True"
"TOP_LEVEL_ROUTE","C:\Users\DIYA GOEL\Downloads\EBDESIGN\backend\src\routes\predictiveAnalytics.js","routes\predictiveAnalytics.js","329","True"
"TOP_LEVEL_ROUTE","C:\Users\DIYA GOEL\Downloads\EBDESIGN\backend\src\routes\predictiveIntelligenceRoutes.js","routes\predictiveIntelligenceRoutes.js","666","True"
"TOP_LEVEL_ROUTE","C:\Users\DIYA GOEL\Downloads\EBDESIGN\backend\src\routes\preSeasonPurchaseRoutes.js","routes\preSeasonPurchaseRoutes.js","3951","True"
"TOP_LEVEL_ROUTE","C:\Users\DIYA GOEL\Downloads\EBDESIGN\backend\src\routes\preventiveMaintenanceRoutes.js","routes\preventiveMaintenanceRoutes.js","663","True"
"TOP_LEVEL_ROUTE","C:\Users\DIYA GOEL\Downloads\EBDESIGN\backend\src\routes\priceForecasting.js","routes\priceForecasting.js","975","True"
"TOP_LEVEL_ROUTE","C:\Users\DIYA GOEL\Downloads\EBDESIGN\backend\src\routes\privacyDomainRoutes.js","routes\privacyDomainRoutes.js","943","True"
"TOP_LEVEL_ROUTE","C:\Users\DIYA GOEL\Downloads\EBDESIGN\backend\src\routes\productCertifications.js","routes\productCertifications.js","333","True"
"TOP_LEVEL_ROUTE","C:\Users\DIYA GOEL\Downloads\EBDESIGN\backend\src\routes\productImageAutoGenerationRoutes.js","routes\productImageAutoGenerationRoutes.js","680","True"
"TOP_LEVEL_ROUTE","C:\Users\DIYA GOEL\Downloads\EBDESIGN\backend\src\routes\productMediaAIRoutes.js","routes\productMediaAIRoutes.js","968","True"
"TOP_LEVEL_ROUTE","C:\Users\DIYA GOEL\Downloads\EBDESIGN\backend\src\routes\productReviewRoutes.js","routes\productReviewRoutes.js","3728","True"
"TOP_LEVEL_ROUTE","C:\Users\DIYA GOEL\Downloads\EBDESIGN\backend\src\routes\productRoutes.js","routes\productRoutes.js","620","True"
"TOP_LEVEL_ROUTE","C:\Users\DIYA GOEL\Downloads\EBDESIGN\backend\src\routes\projectSystemsRoutes.js","routes\projectSystemsRoutes.js","7109","True"
"TOP_LEVEL_ROUTE","C:\Users\DIYA GOEL\Downloads\EBDESIGN\backend\src\routes\publicDataRoutes.js","routes\publicDataRoutes.js","630","True"
"TOP_LEVEL_ROUTE","C:\Users\DIYA GOEL\Downloads\EBDESIGN\backend\src\routes\publicDomainDataExtractionRoutes_merged.js","routes\publicDomainDataExtractionRoutes_merged.js","365","False"
"TOP_LEVEL_ROUTE","C:\Users\DIYA GOEL\Downloads\EBDESIGN\backend\src\routes\qualityAssurance.js","routes\qualityAssurance.js","323","True"
"TOP_LEVEL_ROUTE","C:\Users\DIYA GOEL\Downloads\EBDESIGN\backend\src\routes\realtimeMonitoringDomainRoutes.js","routes\realtimeMonitoringDomainRoutes.js","1159","True"
"TOP_LEVEL_ROUTE","C:\Users\DIYA GOEL\Downloads\EBDESIGN\backend\src\routes\realtimeMonitoringRoutes.js","routes\realtimeMonitoringRoutes.js","654","True"
"TOP_LEVEL_ROUTE","C:\Users\DIYA GOEL\Downloads\EBDESIGN\backend\src\routes\recoveredFinanceRoutes.js","routes\recoveredFinanceRoutes.js","7084","True"
"TOP_LEVEL_ROUTE","C:\Users\DIYA GOEL\Downloads\EBDESIGN\backend\src\routes\regionalVarietyRoutes.js","routes\regionalVarietyRoutes.js","3589","True"
"TOP_LEVEL_ROUTE","C:\Users\DIYA GOEL\Downloads\EBDESIGN\backend\src\routes\reportingRoutes.js","routes\reportingRoutes.js","492","False"
"TOP_LEVEL_ROUTE","C:\Users\DIYA GOEL\Downloads\EBDESIGN\backend\src\routes\researchAndDevelopmentDomainRoutes.js","routes\researchAndDevelopmentDomainRoutes.js","3341","True"
"TOP_LEVEL_ROUTE","C:\Users\DIYA GOEL\Downloads\EBDESIGN\backend\src\routes\researchAndDevelopmentRoutes.js","routes\researchAndDevelopmentRoutes.js","667","True"
"TOP_LEVEL_ROUTE","C:\Users\DIYA GOEL\Downloads\EBDESIGN\backend\src\routes\resourceRouteFactory.js","routes\resourceRouteFactory.js","332","False"
"TOP_LEVEL_ROUTE","C:\Users\DIYA GOEL\Downloads\EBDESIGN\backend\src\routes\returnLoadBoardDomainRoutes.js","routes\returnLoadBoardDomainRoutes.js","1110","True"
"TOP_LEVEL_ROUTE","C:\Users\DIYA GOEL\Downloads\EBDESIGN\backend\src\routes\returnLoadBoardRoutes.js","routes\returnLoadBoardRoutes.js","3149","True"
"TOP_LEVEL_ROUTE","C:\Users\DIYA GOEL\Downloads\EBDESIGN\backend\src\routes\revenueRoutes.js","routes\revenueRoutes.js","2441","True"
"TOP_LEVEL_ROUTE","C:\Users\DIYA GOEL\Downloads\EBDESIGN\backend\src\routes\rfqDomainRoutes.js","routes\rfqDomainRoutes.js","959","True"
"TOP_LEVEL_ROUTE","C:\Users\DIYA GOEL\Downloads\EBDESIGN\backend\src\routes\rfqRoutes.js","routes\rfqRoutes.js","3968","True"
"TOP_LEVEL_ROUTE","C:\Users\DIYA GOEL\Downloads\EBDESIGN\backend\src\routes\riskAssessment.js","routes\riskAssessment.js","319","True"
"TOP_LEVEL_ROUTE","C:\Users\DIYA GOEL\Downloads\EBDESIGN\backend\src\routes\riskPricingRoutes.js","routes\riskPricingRoutes.js","8565","True"
"TOP_LEVEL_ROUTE","C:\Users\DIYA GOEL\Downloads\EBDESIGN\backend\src\routes\roboticsRoutes.js","routes\roboticsRoutes.js","3897","True"
"TOP_LEVEL_ROUTE","C:\Users\DIYA GOEL\Downloads\EBDESIGN\backend\src\routes\roleManagementRoutes.js","routes\roleManagementRoutes.js","3969","True"
"TOP_LEVEL_ROUTE","C:\Users\DIYA GOEL\Downloads\EBDESIGN\backend\src\routes\roleRoutes.js","routes\roleRoutes.js","477","False"
"TOP_LEVEL_ROUTE","C:\Users\DIYA GOEL\Downloads\EBDESIGN\backend\src\routes\sapModuleArchitectureDomainRoutes.js","routes\sapModuleArchitectureDomainRoutes.js","3194","True"
"TOP_LEVEL_ROUTE","C:\Users\DIYA GOEL\Downloads\EBDESIGN\backend\src\routes\sapModuleArchitectureRoutes.js","routes\sapModuleArchitectureRoutes.js","1088","True"
"TOP_LEVEL_ROUTE","C:\Users\DIYA GOEL\Downloads\EBDESIGN\backend\src\routes\searchRoutes.js","routes\searchRoutes.js","483","False"
"TOP_LEVEL_ROUTE","C:\Users\DIYA GOEL\Downloads\EBDESIGN\backend\src\routes\securityRoutes.js","routes\securityRoutes.js","489","False"
"TOP_LEVEL_ROUTE","C:\Users\DIYA GOEL\Downloads\EBDESIGN\backend\src\routes\seedVaultRoutes.js","routes\seedVaultRoutes.js","4462","True"
"TOP_LEVEL_ROUTE","C:\Users\DIYA GOEL\Downloads\EBDESIGN\backend\src\routes\sellerRankingDomainRoutes.js","routes\sellerRankingDomainRoutes.js","936","True"
"TOP_LEVEL_ROUTE","C:\Users\DIYA GOEL\Downloads\EBDESIGN\backend\src\routes\sellerRankingRoutes.js","routes\sellerRankingRoutes.js","639","True"
"TOP_LEVEL_ROUTE","C:\Users\DIYA GOEL\Downloads\EBDESIGN\backend\src\routes\sellerVerifications.js","routes\sellerVerifications.js","329","True"
"TOP_LEVEL_ROUTE","C:\Users\DIYA GOEL\Downloads\EBDESIGN\backend\src\routes\sericultureRoutes.js","routes\sericultureRoutes.js","2546","True"
"TOP_LEVEL_ROUTE","C:\Users\DIYA GOEL\Downloads\EBDESIGN\backend\src\routes\serverManagementRoutes.js","routes\serverManagementRoutes.js","13299","False"
"TOP_LEVEL_ROUTE","C:\Users\DIYA GOEL\Downloads\EBDESIGN\backend\src\routes\settingsRoutes.js","routes\settingsRoutes.js","489","False"
"TOP_LEVEL_ROUTE","C:\Users\DIYA GOEL\Downloads\EBDESIGN\backend\src\routes\sharedCapacityRoutes.js","routes\sharedCapacityRoutes.js","1446","True"
"TOP_LEVEL_ROUTE","C:\Users\DIYA GOEL\Downloads\EBDESIGN\backend\src\routes\sheepDomainRoutes.js","routes\sheepDomainRoutes.js","2201","True"
"TOP_LEVEL_ROUTE","C:\Users\DIYA GOEL\Downloads\EBDESIGN\backend\src\routes\sheepRoutes.js","routes\sheepRoutes.js","13238","True"
"TOP_LEVEL_ROUTE","C:\Users\DIYA GOEL\Downloads\EBDESIGN\backend\src\routes\soilDomainRoutes.js","routes\soilDomainRoutes.js","2759","True"
"TOP_LEVEL_ROUTE","C:\Users\DIYA GOEL\Downloads\EBDESIGN\backend\src\routes\soilHealth.js","routes\soilHealth.js","311","True"
"TOP_LEVEL_ROUTE","C:\Users\DIYA GOEL\Downloads\EBDESIGN\backend\src\routes\soilManagementRoutes.js","routes\soilManagementRoutes.js","642","True"
"TOP_LEVEL_ROUTE","C:\Users\DIYA GOEL\Downloads\EBDESIGN\backend\src\routes\soilNutrientLandRoutes.js","routes\soilNutrientLandRoutes.js","5522","False"
"TOP_LEVEL_ROUTE","C:\Users\DIYA GOEL\Downloads\EBDESIGN\backend\src\routes\startupEnvironmentRoutes.js","routes\startupEnvironmentRoutes.js","11424","False"
"TOP_LEVEL_ROUTE","C:\Users\DIYA GOEL\Downloads\EBDESIGN\backend\src\routes\stripeWebhookRoutes.js","routes\stripeWebhookRoutes.js","7984","True"
"TOP_LEVEL_ROUTE","C:\Users\DIYA GOEL\Downloads\EBDESIGN\backend\src\routes\subscriptions.js","routes\subscriptions.js","1850","True"
"TOP_LEVEL_ROUTE","C:\Users\DIYA GOEL\Downloads\EBDESIGN\backend\src\routes\supplyChainAnalytics.js","routes\supplyChainAnalytics.js","332","True"
"TOP_LEVEL_ROUTE","C:\Users\DIYA GOEL\Downloads\EBDESIGN\backend\src\routes\supplyChainDecisionRoutes.js","routes\supplyChainDecisionRoutes.js","658","True"
"TOP_LEVEL_ROUTE","C:\Users\DIYA GOEL\Downloads\EBDESIGN\backend\src\routes\supplyChainTracking.js","routes\supplyChainTracking.js","330","True"
"TOP_LEVEL_ROUTE","C:\Users\DIYA GOEL\Downloads\EBDESIGN\backend\src\routes\systemAdministrationDomainRoutes.js","routes\systemAdministrationDomainRoutes.js","977","True"
"TOP_LEVEL_ROUTE","C:\Users\DIYA GOEL\Downloads\EBDESIGN\backend\src\routes\systemAdministrationRoutes.js","routes\systemAdministrationRoutes.js","660","True"
"TOP_LEVEL_ROUTE","C:\Users\DIYA GOEL\Downloads\EBDESIGN\backend\src\routes\systemConfigRoutes.js","routes\systemConfigRoutes.js","501","False"
"TOP_LEVEL_ROUTE","C:\Users\DIYA GOEL\Downloads\EBDESIGN\backend\src\routes\tenantManagementDomainRoutes.js","routes\tenantManagementDomainRoutes.js","949","True"
"TOP_LEVEL_ROUTE","C:\Users\DIYA GOEL\Downloads\EBDESIGN\backend\src\routes\tenantManagementRoutes.js","routes\tenantManagementRoutes.js","648","True"
"TOP_LEVEL_ROUTE","C:\Users\DIYA GOEL\Downloads\EBDESIGN\backend\src\routes\trackDartRoutes.js","routes\trackDartRoutes.js","3815","True"
"TOP_LEVEL_ROUTE","C:\Users\DIYA GOEL\Downloads\EBDESIGN\backend\src\routes\transactionDomainRoutes.js","routes\transactionDomainRoutes.js","933","True"
"TOP_LEVEL_ROUTE","C:\Users\DIYA GOEL\Downloads\EBDESIGN\backend\src\routes\transactionRoutes.js","routes\transactionRoutes.js","748","True"
"TOP_LEVEL_ROUTE","C:\Users\DIYA GOEL\Downloads\EBDESIGN\backend\src\routes\unifiedAIGateway.js","routes\unifiedAIGateway.js","325","True"
"TOP_LEVEL_ROUTE","C:\Users\DIYA GOEL\Downloads\EBDESIGN\backend\src\routes\unifiedAIRoutes.js","routes\unifiedAIRoutes.js","4617","True"
"TOP_LEVEL_ROUTE","C:\Users\DIYA GOEL\Downloads\EBDESIGN\backend\src\routes\unifiedLedgerRoutes_merged.js","routes\unifiedLedgerRoutes_merged.js","337","False"
"TOP_LEVEL_ROUTE","C:\Users\DIYA GOEL\Downloads\EBDESIGN\backend\src\routes\userRoutes.js","routes\userRoutes.js","611","True"
"TOP_LEVEL_ROUTE","C:\Users\DIYA GOEL\Downloads\EBDESIGN\backend\src\routes\vendorProcurementRoutes.js","routes\vendorProcurementRoutes.js","7753","False"
"TOP_LEVEL_ROUTE","C:\Users\DIYA GOEL\Downloads\EBDESIGN\backend\src\routes\vendorRoutes.js","routes\vendorRoutes.js","617","True"
"TOP_LEVEL_ROUTE","C:\Users\DIYA GOEL\Downloads\EBDESIGN\backend\src\routes\vermicompostRoutes.js","routes\vermicompostRoutes.js","2578","True"
"TOP_LEVEL_ROUTE","C:\Users\DIYA GOEL\Downloads\EBDESIGN\backend\src\routes\versionRoutes.js","routes\versionRoutes.js","486","False"
"TOP_LEVEL_ROUTE","C:\Users\DIYA GOEL\Downloads\EBDESIGN\backend\src\routes\videoAnalytics.js","routes\videoAnalytics.js","319","True"
"TOP_LEVEL_ROUTE","C:\Users\DIYA GOEL\Downloads\EBDESIGN\backend\src\routes\visionRoutes.js","routes\visionRoutes.js","5943","True"
"TOP_LEVEL_ROUTE","C:\Users\DIYA GOEL\Downloads\EBDESIGN\backend\src\routes\voiceAIDomainRoutes.js","routes\voiceAIDomainRoutes.js","1390","True"
"TOP_LEVEL_ROUTE","C:\Users\DIYA GOEL\Downloads\EBDESIGN\backend\src\routes\vr.js","routes\vr.js","294","True"
"TOP_LEVEL_ROUTE","C:\Users\DIYA GOEL\Downloads\EBDESIGN\backend\src\routes\walletDomainRoutes.js","routes\walletDomainRoutes.js","2023","True"
"TOP_LEVEL_ROUTE","C:\Users\DIYA GOEL\Downloads\EBDESIGN\backend\src\routes\walletRoutes.js","routes\walletRoutes.js","707","True"
"TOP_LEVEL_ROUTE","C:\Users\DIYA GOEL\Downloads\EBDESIGN\backend\src\routes\warehouseManagement.js","routes\warehouseManagement.js","329","True"
"TOP_LEVEL_ROUTE","C:\Users\DIYA GOEL\Downloads\EBDESIGN\backend\src\routes\waterIrrigationRoutes.js","routes\waterIrrigationRoutes.js","6697","False"
"TOP_LEVEL_ROUTE","C:\Users\DIYA GOEL\Downloads\EBDESIGN\backend\src\routes\waterManagementRoutes.js","routes\waterManagementRoutes.js","645","True"
"TOP_LEVEL_ROUTE","C:\Users\DIYA GOEL\Downloads\EBDESIGN\backend\src\routes\wearableIntegrationRoutes.js","routes\wearableIntegrationRoutes.js","1173","True"
"TOP_LEVEL_ROUTE","C:\Users\DIYA GOEL\Downloads\EBDESIGN\backend\src\routes\weatherAdvisory.js","routes\weatherAdvisory.js","1266","True"
"TOP_LEVEL_ROUTE","C:\Users\DIYA GOEL\Downloads\EBDESIGN\backend\src\routes\weatherDomainRoutes.js","routes\weatherDomainRoutes.js","1816","True"
"TOP_LEVEL_ROUTE","C:\Users\DIYA GOEL\Downloads\EBDESIGN\backend\src\routes\weatherRoutes.js","routes\weatherRoutes.js","6861","True"
"TOP_LEVEL_ROUTE","C:\Users\DIYA GOEL\Downloads\EBDESIGN\backend\src\routes\webhookRoutes.js","routes\webhookRoutes.js","486","False"
"TOP_LEVEL_ROUTE","C:\Users\DIYA GOEL\Downloads\EBDESIGN\backend\src\routes\wikipediaRoutes.js","routes\wikipediaRoutes.js","2819","True"
"TOP_LEVEL_ROUTE","C:\Users\DIYA GOEL\Downloads\EBDESIGN\backend\src\routes\yieldManagement.js","routes\yieldManagement.js","321","True"
"TOP_LEVEL_ROUTE","C:\Users\DIYA GOEL\Downloads\EBDESIGN\backend\src\routes\agriculture\farmerHealthRoutes.js","routes\agriculture\farmerHealthRoutes.js","6929","True"
"TOP_LEVEL_ROUTE","C:\Users\DIYA GOEL\Downloads\EBDESIGN\backend\src\routes\ai\enterpriseAIRoutes.js","routes\ai\enterpriseAIRoutes.js","4433","True"
"TOP_LEVEL_ROUTE","C:\Users\DIYA GOEL\Downloads\EBDESIGN\backend\src\routes\claude\aiCoordinationRoutes.js","routes\claude\aiCoordinationRoutes.js","645","True"
"TOP_LEVEL_ROUTE","C:\Users\DIYA GOEL\Downloads\EBDESIGN\backend\src\routes\claude\aiCopilotRoutes.js","routes\claude\aiCopilotRoutes.js","2279","True"
"TOP_LEVEL_ROUTE","C:\Users\DIYA GOEL\Downloads\EBDESIGN\backend\src\routes\claude\aiDecisionRoutes.js","routes\claude\aiDecisionRoutes.js","9511","True"
"TOP_LEVEL_ROUTE","C:\Users\DIYA GOEL\Downloads\EBDESIGN\backend\src\routes\claude\aiProviderRoutes.js","routes\claude\aiProviderRoutes.js","633","True"
"TOP_LEVEL_ROUTE","C:\Users\DIYA GOEL\Downloads\EBDESIGN\backend\src\routes\claude\aiStrategyRoutes.js","routes\claude\aiStrategyRoutes.js","2247","True"
"TOP_LEVEL_ROUTE","C:\Users\DIYA GOEL\Downloads\EBDESIGN\backend\src\routes\claude\backendModuleBridge.js","routes\claude\backendModuleBridge.js","330","False"
"TOP_LEVEL_ROUTE","C:\Users\DIYA GOEL\Downloads\EBDESIGN\backend\src\routes\claude\financialAIRoutes.js","routes\claude\financialAIRoutes.js","1645","True"
"TOP_LEVEL_ROUTE","C:\Users\DIYA GOEL\Downloads\EBDESIGN\backend\src\routes\claude\insuranceAIRoutes.js","routes\claude\insuranceAIRoutes.js","637","True"
"TOP_LEVEL_ROUTE","C:\Users\DIYA GOEL\Downloads\EBDESIGN\backend\src\routes\claude\logisticsAIRoutes.js","routes\claude\logisticsAIRoutes.js","637","True"
"TOP_LEVEL_ROUTE","C:\Users\DIYA GOEL\Downloads\EBDESIGN\backend\src\routes\claude\orderAIRoutes.js","routes\claude\orderAIRoutes.js","625","True"
"TOP_LEVEL_ROUTE","C:\Users\DIYA GOEL\Downloads\EBDESIGN\backend\src\routes\claude\productAIRoutes.js","routes\claude\productAIRoutes.js","631","True"
"TOP_LEVEL_ROUTE","C:\Users\DIYA GOEL\Downloads\EBDESIGN\backend\src\routes\commerce\equipmentExchangeRoutes.js","routes\commerce\equipmentExchangeRoutes.js","2706","True"
"TOP_LEVEL_ROUTE","C:\Users\DIYA GOEL\Downloads\EBDESIGN\backend\src\routes\dual-use\mfaRoutes.js","routes\dual-use\mfaRoutes.js","4720","True"
"TOP_LEVEL_ROUTE","C:\Users\DIYA GOEL\Downloads\EBDESIGN\backend\src\routes\finance\gstRoutes.js","routes\finance\gstRoutes.js","13577","True"
"TOP_LEVEL_ROUTE","C:\Users\DIYA GOEL\Downloads\EBDESIGN\backend\src\routes\finance\unifiedLedgerRoutes.js","routes\finance\unifiedLedgerRoutes.js","1461","False"
"TOP_LEVEL_ROUTE","C:\Users\DIYA GOEL\Downloads\EBDESIGN\backend\src\routes\generated\all_routes.js","routes\generated\all_routes.js","26050","False"
"TOP_LEVEL_ROUTE","C:\Users\DIYA GOEL\Downloads\EBDESIGN\backend\src\routes\livestock\dairyRoutes_merged.js","routes\livestock\dairyRoutes_merged.js","1453","False"
"TOP_LEVEL_ROUTE","C:\Users\DIYA GOEL\Downloads\EBDESIGN\backend\src\routes\logistics\geofencingRoutes_merged.js","routes\logistics\geofencingRoutes_merged.js","330","False"
"TOP_LEVEL_ROUTE","C:\Users\DIYA GOEL\Downloads\EBDESIGN\backend\src\routes\platform\completeERPIntegrationRoutes_merged.js","routes\platform\completeERPIntegrationRoutes_merged.js","1470","False"
"TOP_LEVEL_ROUTE","C:\Users\DIYA GOEL\Downloads\EBDESIGN\backend\src\routes\platform\comprehensiveERPRoutes_merged.js","routes\platform\comprehensiveERPRoutes_merged.js","1464","False"
"TOP_LEVEL_ROUTE","C:\Users\DIYA GOEL\Downloads\EBDESIGN\backend\src\routes\platform\informationSharingRoutes_merged.js","routes\platform\informationSharingRoutes_merged.js","1466","False"
"TOP_LEVEL_ROUTE","C:\Users\DIYA GOEL\Downloads\EBDESIGN\backend\src\routes\platform\knowledgeRoutes_merged.js","routes\platform\knowledgeRoutes_merged.js","1457","False"
"TOP_LEVEL_ROUTE","C:\Users\DIYA GOEL\Downloads\EBDESIGN\backend\src\routes\platform\organizationManagementRoutes_merged.js","routes\platform\organizationManagementRoutes_merged.js","1470","False"
"TOP_LEVEL_ROUTE","C:\Users\DIYA GOEL\Downloads\EBDESIGN\backend\src\routes\platform\publicDomainDataExtractionRoutes.js","routes\platform\publicDomainDataExtractionRoutes.js","1474","False"
"TOP_LEVEL_ROUTE","C:\Users\DIYA GOEL\Downloads\EBDESIGN\backend\src\routes\__tests__\climateRoutes.test.js","routes\__tests__\climateRoutes.test.js","231","False"
"TOP_LEVEL_ROUTE","C:\Users\DIYA GOEL\Downloads\EBDESIGN\backend\src\routes\__tests__\enterpriseCommerceSafety.test.js","routes\__tests__\enterpriseCommerceSafety.test.js","261","False"
"TOP_LEVEL_ROUTE","C:\Users\DIYA GOEL\Downloads\EBDESIGN\backend\src\routes\__tests__\livestockFisheriesRoutes.test.js","routes\__tests__\livestockFisheriesRoutes.test.js","254","False"
"TOP_LEVEL_ROUTE","C:\Users\DIYA GOEL\Downloads\EBDESIGN\backend\src\routes\__tests__\operationsMachineryRoutes.test.js","routes\__tests__\operationsMachineryRoutes.test.js","256","False"
"TOP_LEVEL_ROUTE","C:\Users\DIYA GOEL\Downloads\EBDESIGN\backend\src\routes\__tests__\platformFoundationRoutes.test.js","routes\__tests__\platformFoundationRoutes.test.js","254","False"
"TOP_LEVEL_ROUTE","C:\Users\DIYA GOEL\Downloads\EBDESIGN\backend\src\routes\__tests__\roboticsRoutes.test.js","routes\__tests__\roboticsRoutes.test.js","2410","False"
"TOP_LEVEL_ROUTE","C:\Users\DIYA GOEL\Downloads\EBDESIGN\backend\src\routes\__tests__\waterSoilManagementRoutes.test.js","routes\__tests__\waterSoilManagementRoutes.test.js","257","False"
"MODULE_ROUTE","C:\Users\DIYA GOEL\Downloads\EBDESIGN\backend\src\modules\M001\routes.js","modules\M001\routes.js","802","True"
"MODULE_ROUTE","C:\Users\DIYA GOEL\Downloads\EBDESIGN\backend\src\modules\M002\routes.js","modules\M002\routes.js","544","True"
"MODULE_ROUTE","C:\Users\DIYA GOEL\Downloads\EBDESIGN\backend\src\modules\M003\routes.js","modules\M003\routes.js","459","True"
"MODULE_ROUTE","C:\Users\DIYA GOEL\Downloads\EBDESIGN\backend\src\modules\M004\routes.js","modules\M004\routes.js","445","True"
"MODULE_ROUTE","C:\Users\DIYA GOEL\Downloads\EBDESIGN\backend\src\modules\M005\routes.js","modules\M005\routes.js","436","True"
"MODULE_ROUTE","C:\Users\DIYA GOEL\Downloads\EBDESIGN\backend\src\modules\M006\routes.js","modules\M006\routes.js","999","True"
"MODULE_ROUTE","C:\Users\DIYA GOEL\Downloads\EBDESIGN\backend\src\modules\M007\routes.js","modules\M007\routes.js","1634","True"
"MODULE_ROUTE","C:\Users\DIYA GOEL\Downloads\EBDESIGN\backend\src\modules\M008\routes.js","modules\M008\routes.js","1238","True"
"MODULE_ROUTE","C:\Users\DIYA GOEL\Downloads\EBDESIGN\backend\src\modules\M009\routes.js","modules\M009\routes.js","1345","True"
"MODULE_ROUTE","C:\Users\DIYA GOEL\Downloads\EBDESIGN\backend\src\modules\M010\routes.js","modules\M010\routes.js","1569","True"
"MODULE_ROUTE","C:\Users\DIYA GOEL\Downloads\EBDESIGN\backend\src\modules\M011\routes.js","modules\M011\routes.js","1381","True"
"MODULE_ROUTE","C:\Users\DIYA GOEL\Downloads\EBDESIGN\backend\src\modules\M012\routes.js","modules\M012\routes.js","1620","True"
"MODULE_ROUTE","C:\Users\DIYA GOEL\Downloads\EBDESIGN\backend\src\modules\M013\routes.js","modules\M013\routes.js","577","True"
"MODULE_ROUTE","C:\Users\DIYA GOEL\Downloads\EBDESIGN\backend\src\modules\M014\routes.js","modules\M014\routes.js","981","True"
"MODULE_ROUTE","C:\Users\DIYA GOEL\Downloads\EBDESIGN\backend\src\modules\M015\routes.js","modules\M015\routes.js","1624","True"
"MODULE_ROUTE","C:\Users\DIYA GOEL\Downloads\EBDESIGN\backend\src\modules\M016\routes.js","modules\M016\routes.js","1897","True"
"MODULE_ROUTE","C:\Users\DIYA GOEL\Downloads\EBDESIGN\backend\src\modules\M017\routes.js","modules\M017\routes.js","2211","True"
"MODULE_ROUTE","C:\Users\DIYA GOEL\Downloads\EBDESIGN\backend\src\modules\M018\routes.js","modules\M018\routes.js","1646","True"
"MODULE_ROUTE","C:\Users\DIYA GOEL\Downloads\EBDESIGN\backend\src\modules\M019\routes.js","modules\M019\routes.js","2880","True"
"MODULE_ROUTE","C:\Users\DIYA GOEL\Downloads\EBDESIGN\backend\src\modules\M020\routes.js","modules\M020\routes.js","1743","True"
"MODULE_ROUTE","C:\Users\DIYA GOEL\Downloads\EBDESIGN\backend\src\modules\M021\routes.js","modules\M021\routes.js","1391","True"
"MODULE_ROUTE","C:\Users\DIYA GOEL\Downloads\EBDESIGN\backend\src\modules\M022\routes.js","modules\M022\routes.js","871","True"
"MODULE_ROUTE","C:\Users\DIYA GOEL\Downloads\EBDESIGN\backend\src\modules\M023\routes.js","modules\M023\routes.js","687","True"
"MODULE_ROUTE","C:\Users\DIYA GOEL\Downloads\EBDESIGN\backend\src\modules\M024\routes.js","modules\M024\routes.js","534","True"
"MODULE_ROUTE","C:\Users\DIYA GOEL\Downloads\EBDESIGN\backend\src\modules\M025\routes.js","modules\M025\routes.js","401","True"
"MODULE_ROUTE","C:\Users\DIYA GOEL\Downloads\EBDESIGN\backend\src\modules\M026\routes.js","modules\M026\routes.js","622","True"
"MODULE_ROUTE","C:\Users\DIYA GOEL\Downloads\EBDESIGN\backend\src\modules\M027\routes.js","modules\M027\routes.js","622","True"
"MODULE_ROUTE","C:\Users\DIYA GOEL\Downloads\EBDESIGN\backend\src\modules\M028\routes.js","modules\M028\routes.js","622","True"
"MODULE_ROUTE","C:\Users\DIYA GOEL\Downloads\EBDESIGN\backend\src\modules\M029\routes.js","modules\M029\routes.js","622","True"
"MODULE_ROUTE","C:\Users\DIYA GOEL\Downloads\EBDESIGN\backend\src\modules\M030\routes.js","modules\M030\routes.js","1759","True"
"MODULE_ROUTE","C:\Users\DIYA GOEL\Downloads\EBDESIGN\backend\src\modules\M031\routes.js","modules\M031\routes.js","1555","True"
"MODULE_ROUTE","C:\Users\DIYA GOEL\Downloads\EBDESIGN\backend\src\modules\M032\routes.js","modules\M032\routes.js","1555","True"
"MODULE_ROUTE","C:\Users\DIYA GOEL\Downloads\EBDESIGN\backend\src\modules\M033\routes.js","modules\M033\routes.js","1555","True"
"MODULE_ROUTE","C:\Users\DIYA GOEL\Downloads\EBDESIGN\backend\src\modules\M034\routes.js","modules\M034\routes.js","1555","True"
"MODULE_ROUTE","C:\Users\DIYA GOEL\Downloads\EBDESIGN\backend\src\modules\M035\routes.js","modules\M035\routes.js","1555","True"
"MODULE_ROUTE","C:\Users\DIYA GOEL\Downloads\EBDESIGN\backend\src\modules\M036\routes.js","modules\M036\routes.js","1555","True"
"MODULE_ROUTE","C:\Users\DIYA GOEL\Downloads\EBDESIGN\backend\src\modules\M037\routes.js","modules\M037\routes.js","1555","True"
"MODULE_ROUTE","C:\Users\DIYA GOEL\Downloads\EBDESIGN\backend\src\modules\M038\routes.js","modules\M038\routes.js","1555","True"
"MODULE_ROUTE","C:\Users\DIYA GOEL\Downloads\EBDESIGN\backend\src\modules\M039\routes.js","modules\M039\routes.js","1555","True"
"MODULE_ROUTE","C:\Users\DIYA GOEL\Downloads\EBDESIGN\backend\src\modules\M040\routes.js","modules\M040\routes.js","1555","True"
"MODULE_ROUTE","C:\Users\DIYA GOEL\Downloads\EBDESIGN\backend\src\modules\M041\routes.js","modules\M041\routes.js","5801","True"
"MODULE_ROUTE","C:\Users\DIYA GOEL\Downloads\EBDESIGN\backend\src\modules\M042\routes.js","modules\M042\routes.js","1555","True"
"MODULE_ROUTE","C:\Users\DIYA GOEL\Downloads\EBDESIGN\backend\src\modules\M043\routes.js","modules\M043\routes.js","1555","True"
"MODULE_ROUTE","C:\Users\DIYA GOEL\Downloads\EBDESIGN\backend\src\modules\M044\routes.js","modules\M044\routes.js","1555","True"
"MODULE_ROUTE","C:\Users\DIYA GOEL\Downloads\EBDESIGN\backend\src\modules\M045\routes.js","modules\M045\routes.js","1555","True"
"MODULE_ROUTE","C:\Users\DIYA GOEL\Downloads\EBDESIGN\backend\src\modules\M046\routes.js","modules\M046\routes.js","1555","True"
"MODULE_ROUTE","C:\Users\DIYA GOEL\Downloads\EBDESIGN\backend\src\modules\M047\routes.js","modules\M047\routes.js","1555","True"
"MODULE_ROUTE","C:\Users\DIYA GOEL\Downloads\EBDESIGN\backend\src\modules\M048\routes.js","modules\M048\routes.js","1555","True"
"MODULE_ROUTE","C:\Users\DIYA GOEL\Downloads\EBDESIGN\backend\src\modules\M049\routes.js","modules\M049\routes.js","1555","True"
"MODULE_ROUTE","C:\Users\DIYA GOEL\Downloads\EBDESIGN\backend\src\modules\M050\routes.js","modules\M050\routes.js","1555","True"
"MODULE_ROUTE","C:\Users\DIYA GOEL\Downloads\EBDESIGN\backend\src\modules\M051\routes.js","modules\M051\routes.js","1555","True"
"MODULE_ROUTE","C:\Users\DIYA GOEL\Downloads\EBDESIGN\backend\src\modules\M052\routes.js","modules\M052\routes.js","1555","True"
"MODULE_ROUTE","C:\Users\DIYA GOEL\Downloads\EBDESIGN\backend\src\modules\M053\routes.js","modules\M053\routes.js","1555","True"
"MODULE_ROUTE","C:\Users\DIYA GOEL\Downloads\EBDESIGN\backend\src\modules\M054\routes.js","modules\M054\routes.js","1555","True"
"MODULE_ROUTE","C:\Users\DIYA GOEL\Downloads\EBDESIGN\backend\src\modules\M055\routes.js","modules\M055\routes.js","1555","True"
"MODULE_ROUTE","C:\Users\DIYA GOEL\Downloads\EBDESIGN\backend\src\modules\M056\routes.js","modules\M056\routes.js","1555","True"
"MODULE_ROUTE","C:\Users\DIYA GOEL\Downloads\EBDESIGN\backend\src\modules\M057\routes.js","modules\M057\routes.js","1555","True"
"MODULE_ROUTE","C:\Users\DIYA GOEL\Downloads\EBDESIGN\backend\src\modules\M058\routes.js","modules\M058\routes.js","1555","True"
"MODULE_ROUTE","C:\Users\DIYA GOEL\Downloads\EBDESIGN\backend\src\modules\M059\routes.js","modules\M059\routes.js","1555","True"
"MODULE_ROUTE","C:\Users\DIYA GOEL\Downloads\EBDESIGN\backend\src\modules\M060\routes.js","modules\M060\routes.js","1555","True"
"MODULE_ROUTE","C:\Users\DIYA GOEL\Downloads\EBDESIGN\backend\src\modules\M061\routes.js","modules\M061\routes.js","1555","True"
"MODULE_ROUTE","C:\Users\DIYA GOEL\Downloads\EBDESIGN\backend\src\modules\M062\routes.js","modules\M062\routes.js","1555","True"
"MODULE_ROUTE","C:\Users\DIYA GOEL\Downloads\EBDESIGN\backend\src\modules\M063\routes.js","modules\M063\routes.js","1555","True"
"MODULE_ROUTE","C:\Users\DIYA GOEL\Downloads\EBDESIGN\backend\src\modules\M064\routes.js","modules\M064\routes.js","1555","True"
"MODULE_ROUTE","C:\Users\DIYA GOEL\Downloads\EBDESIGN\backend\src\modules\M065\routes.js","modules\M065\routes.js","1555","True"
"MODULE_ROUTE","C:\Users\DIYA GOEL\Downloads\EBDESIGN\backend\src\modules\M066\routes.js","modules\M066\routes.js","1555","True"
"MODULE_ROUTE","C:\Users\DIYA GOEL\Downloads\EBDESIGN\backend\src\modules\M067\routes.js","modules\M067\routes.js","1555","True"
"MODULE_ROUTE","C:\Users\DIYA GOEL\Downloads\EBDESIGN\backend\src\modules\M068\routes.js","modules\M068\routes.js","1555","True"
"MODULE_ROUTE","C:\Users\DIYA GOEL\Downloads\EBDESIGN\backend\src\modules\M069\routes.js","modules\M069\routes.js","1555","True"
"MODULE_ROUTE","C:\Users\DIYA GOEL\Downloads\EBDESIGN\backend\src\modules\M070\routes.js","modules\M070\routes.js","1555","True"
"MODULE_ROUTE","C:\Users\DIYA GOEL\Downloads\EBDESIGN\backend\src\modules\M071\routes.js","modules\M071\routes.js","1555","True"
"MODULE_ROUTE","C:\Users\DIYA GOEL\Downloads\EBDESIGN\backend\src\modules\M072\routes.js","modules\M072\routes.js","1555","True"
"MODULE_ROUTE","C:\Users\DIYA GOEL\Downloads\EBDESIGN\backend\src\modules\M073\routes.js","modules\M073\routes.js","1555","True"
"MODULE_ROUTE","C:\Users\DIYA GOEL\Downloads\EBDESIGN\backend\src\modules\M074\routes.js","modules\M074\routes.js","1555","True"
"MODULE_ROUTE","C:\Users\DIYA GOEL\Downloads\EBDESIGN\backend\src\modules\M075\routes.js","modules\M075\routes.js","1555","True"
"MODULE_ROUTE","C:\Users\DIYA GOEL\Downloads\EBDESIGN\backend\src\modules\M076\routes.js","modules\M076\routes.js","1555","True"
"MODULE_ROUTE","C:\Users\DIYA GOEL\Downloads\EBDESIGN\backend\src\modules\M077\routes.js","modules\M077\routes.js","1555","True"
"MODULE_ROUTE","C:\Users\DIYA GOEL\Downloads\EBDESIGN\backend\src\modules\M078\routes.js","modules\M078\routes.js","1555","True"
"MODULE_ROUTE","C:\Users\DIYA GOEL\Downloads\EBDESIGN\backend\src\modules\M079\routes.js","modules\M079\routes.js","1555","True"
"MODULE_ROUTE","C:\Users\DIYA GOEL\Downloads\EBDESIGN\backend\src\modules\M080\routes.js","modules\M080\routes.js","1555","True"
"MODULE_ROUTE","C:\Users\DIYA GOEL\Downloads\EBDESIGN\backend\src\modules\M081\routes.js","modules\M081\routes.js","1555","True"
"MODULE_ROUTE","C:\Users\DIYA GOEL\Downloads\EBDESIGN\backend\src\modules\M082\routes.js","modules\M082\routes.js","1555","True"
"MODULE_ROUTE","C:\Users\DIYA GOEL\Downloads\EBDESIGN\backend\src\modules\M083\routes.js","modules\M083\routes.js","1555","True"
"MODULE_ROUTE","C:\Users\DIYA GOEL\Downloads\EBDESIGN\backend\src\modules\M084\routes.js","modules\M084\routes.js","1555","True"
"MODULE_ROUTE","C:\Users\DIYA GOEL\Downloads\EBDESIGN\backend\src\modules\M085\routes.js","modules\M085\routes.js","1555","True"
"MODULE_ROUTE","C:\Users\DIYA GOEL\Downloads\EBDESIGN\backend\src\modules\M086\routes.js","modules\M086\routes.js","1555","True"
"MODULE_ROUTE","C:\Users\DIYA GOEL\Downloads\EBDESIGN\backend\src\modules\M087\routes.js","modules\M087\routes.js","1555","True"
"MODULE_ROUTE","C:\Users\DIYA GOEL\Downloads\EBDESIGN\backend\src\modules\M088\routes.js","modules\M088\routes.js","1555","True"
"MODULE_ROUTE","C:\Users\DIYA GOEL\Downloads\EBDESIGN\backend\src\modules\M089\routes.js","modules\M089\routes.js","1555","True"
"MODULE_ROUTE","C:\Users\DIYA GOEL\Downloads\EBDESIGN\backend\src\modules\M090\routes.js","modules\M090\routes.js","1555","True"
"MODULE_ROUTE","C:\Users\DIYA GOEL\Downloads\EBDESIGN\backend\src\modules\M091\routes.js","modules\M091\routes.js","1555","True"
"MODULE_ROUTE","C:\Users\DIYA GOEL\Downloads\EBDESIGN\backend\src\modules\M092\routes.js","modules\M092\routes.js","1555","True"
"MODULE_ROUTE","C:\Users\DIYA GOEL\Downloads\EBDESIGN\backend\src\modules\M093\routes.js","modules\M093\routes.js","1555","True"
"MODULE_ROUTE","C:\Users\DIYA GOEL\Downloads\EBDESIGN\backend\src\modules\M094\routes.js","modules\M094\routes.js","1555","True"
"MODULE_ROUTE","C:\Users\DIYA GOEL\Downloads\EBDESIGN\backend\src\modules\M095\routes.js","modules\M095\routes.js","1555","True"
"MODULE_ROUTE","C:\Users\DIYA GOEL\Downloads\EBDESIGN\backend\src\modules\M096\routes.js","modules\M096\routes.js","1555","True"
"MODULE_ROUTE","C:\Users\DIYA GOEL\Downloads\EBDESIGN\backend\src\modules\M097\routes.js","modules\M097\routes.js","1555","True"
"MODULE_ROUTE","C:\Users\DIYA GOEL\Downloads\EBDESIGN\backend\src\modules\M098\routes.js","modules\M098\routes.js","1555","True"
"MODULE_ROUTE","C:\Users\DIYA GOEL\Downloads\EBDESIGN\backend\src\modules\M099\routes.js","modules\M099\routes.js","1555","True"
"MODULE_ROUTE","C:\Users\DIYA GOEL\Downloads\EBDESIGN\backend\src\modules\M100\routes.js","modules\M100\routes.js","1555","True"
"MODULE_ROUTE","C:\Users\DIYA GOEL\Downloads\EBDESIGN\backend\src\modules\M101\routes.js","modules\M101\routes.js","549","True"
"MODULE_ROUTE","C:\Users\DIYA GOEL\Downloads\EBDESIGN\backend\src\modules\M102\routes.js","modules\M102\routes.js","549","True"
"MODULE_ROUTE","C:\Users\DIYA GOEL\Downloads\EBDESIGN\backend\src\modules\M103\routes.js","modules\M103\routes.js","1555","True"
"MODULE_ROUTE","C:\Users\DIYA GOEL\Downloads\EBDESIGN\backend\src\modules\M104\routes.js","modules\M104\routes.js","1555","True"
"MODULE_ROUTE","C:\Users\DIYA GOEL\Downloads\EBDESIGN\backend\src\modules\M105\routes.js","modules\M105\routes.js","1555","True"
"MODULE_ROUTE","C:\Users\DIYA GOEL\Downloads\EBDESIGN\backend\src\modules\M106\routes.js","modules\M106\routes.js","1555","True"
"MODULE_ROUTE","C:\Users\DIYA GOEL\Downloads\EBDESIGN\backend\src\modules\M107\routes.js","modules\M107\routes.js","1555","True"
"MODULE_ROUTE","C:\Users\DIYA GOEL\Downloads\EBDESIGN\backend\src\modules\M108\routes.js","modules\M108\routes.js","1555","True"
"MODULE_ROUTE","C:\Users\DIYA GOEL\Downloads\EBDESIGN\backend\src\modules\M109\routes.js","modules\M109\routes.js","1555","True"
"MODULE_ROUTE","C:\Users\DIYA GOEL\Downloads\EBDESIGN\backend\src\modules\M110\routes.js","modules\M110\routes.js","1555","True"
"MODULE_ROUTE","C:\Users\DIYA GOEL\Downloads\EBDESIGN\backend\src\modules\M111\routes.js","modules\M111\routes.js","1555","True"
"MODULE_ROUTE","C:\Users\DIYA GOEL\Downloads\EBDESIGN\backend\src\modules\M112\routes.js","modules\M112\routes.js","1555","True"
"MODULE_ROUTE","C:\Users\DIYA GOEL\Downloads\EBDESIGN\backend\src\modules\M113\routes.js","modules\M113\routes.js","1555","True"
"MODULE_ROUTE","C:\Users\DIYA GOEL\Downloads\EBDESIGN\backend\src\modules\M114\routes.js","modules\M114\routes.js","1555","True"
"MODULE_ROUTE","C:\Users\DIYA GOEL\Downloads\EBDESIGN\backend\src\modules\M115\routes.js","modules\M115\routes.js","1555","True"
"MODULE_ROUTE","C:\Users\DIYA GOEL\Downloads\EBDESIGN\backend\src\modules\M116\routes.js","modules\M116\routes.js","1555","True"
"MODULE_ROUTE","C:\Users\DIYA GOEL\Downloads\EBDESIGN\backend\src\modules\M117\routes.js","modules\M117\routes.js","1555","True"
"MODULE_ROUTE","C:\Users\DIYA GOEL\Downloads\EBDESIGN\backend\src\modules\M118\routes.js","modules\M118\routes.js","1555","True"
"MODULE_ROUTE","C:\Users\DIYA GOEL\Downloads\EBDESIGN\backend\src\modules\M119\routes.js","modules\M119\routes.js","1555","True"
"MODULE_ROUTE","C:\Users\DIYA GOEL\Downloads\EBDESIGN\backend\src\modules\M120\routes.js","modules\M120\routes.js","1555","True"
"MODULE_ROUTE","C:\Users\DIYA GOEL\Downloads\EBDESIGN\backend\src\modules\M121\routes.js","modules\M121\routes.js","1555","True"
"MODULE_ROUTE","C:\Users\DIYA GOEL\Downloads\EBDESIGN\backend\src\modules\M122\routes.js","modules\M122\routes.js","1555","True"
"MODULE_ROUTE","C:\Users\DIYA GOEL\Downloads\EBDESIGN\backend\src\modules\M123\routes.js","modules\M123\routes.js","1555","True"
"MODULE_ROUTE","C:\Users\DIYA GOEL\Downloads\EBDESIGN\backend\src\modules\M124\routes.js","modules\M124\routes.js","1555","True"
"MODULE_ROUTE","C:\Users\DIYA GOEL\Downloads\EBDESIGN\backend\src\modules\M125\routes.js","modules\M125\routes.js","1555","True"
"MODULE_ROUTE","C:\Users\DIYA GOEL\Downloads\EBDESIGN\backend\src\modules\M126\routes.js","modules\M126\routes.js","1555","True"
"MODULE_ROUTE","C:\Users\DIYA GOEL\Downloads\EBDESIGN\backend\src\modules\M127\routes.js","modules\M127\routes.js","1555","True"
"MODULE_ROUTE","C:\Users\DIYA GOEL\Downloads\EBDESIGN\backend\src\modules\M128\routes.js","modules\M128\routes.js","1555","True"
"MODULE_ROUTE","C:\Users\DIYA GOEL\Downloads\EBDESIGN\backend\src\modules\M129\routes.js","modules\M129\routes.js","1555","True"
"MODULE_ROUTE","C:\Users\DIYA GOEL\Downloads\EBDESIGN\backend\src\modules\M130\routes.js","modules\M130\routes.js","1555","True"
"MODULE_ROUTE","C:\Users\DIYA GOEL\Downloads\EBDESIGN\backend\src\modules\M131\routes.js","modules\M131\routes.js","1555","True"
"MODULE_ROUTE","C:\Users\DIYA GOEL\Downloads\EBDESIGN\backend\src\modules\M132\routes.js","modules\M132\routes.js","1555","True"
"MODULE_ROUTE","C:\Users\DIYA GOEL\Downloads\EBDESIGN\backend\src\modules\M133\routes.js","modules\M133\routes.js","1555","True"
"MODULE_ROUTE","C:\Users\DIYA GOEL\Downloads\EBDESIGN\backend\src\modules\M134\routes.js","modules\M134\routes.js","1555","True"
"MODULE_ROUTE","C:\Users\DIYA GOEL\Downloads\EBDESIGN\backend\src\modules\M135\routes.js","modules\M135\routes.js","1555","True"
"MODULE_ROUTE","C:\Users\DIYA GOEL\Downloads\EBDESIGN\backend\src\modules\M136\routes.js","modules\M136\routes.js","1555","True"
"MODULE_ROUTE","C:\Users\DIYA GOEL\Downloads\EBDESIGN\backend\src\modules\M137\routes.js","modules\M137\routes.js","1555","True"
"MODULE_ROUTE","C:\Users\DIYA GOEL\Downloads\EBDESIGN\backend\src\modules\M138\routes.js","modules\M138\routes.js","1555","True"
"MODULE_ROUTE","C:\Users\DIYA GOEL\Downloads\EBDESIGN\backend\src\modules\M139\routes.js","modules\M139\routes.js","1555","True"
"MODULE_ROUTE","C:\Users\DIYA GOEL\Downloads\EBDESIGN\backend\src\modules\M140\routes.js","modules\M140\routes.js","1555","True"
"MODULE_ROUTE","C:\Users\DIYA GOEL\Downloads\EBDESIGN\backend\src\modules\M141\routes.js","modules\M141\routes.js","1555","True"
"MODULE_ROUTE","C:\Users\DIYA GOEL\Downloads\EBDESIGN\backend\src\modules\M142\routes.js","modules\M142\routes.js","1555","True"
"MODULE_ROUTE","C:\Users\DIYA GOEL\Downloads\EBDESIGN\backend\src\modules\M143\routes.js","modules\M143\routes.js","1555","True"
"MODULE_ROUTE","C:\Users\DIYA GOEL\Downloads\EBDESIGN\backend\src\modules\M144\routes.js","modules\M144\routes.js","1555","True"
"MODULE_ROUTE","C:\Users\DIYA GOEL\Downloads\EBDESIGN\backend\src\modules\M145\routes.js","modules\M145\routes.js","1555","True"
"MODULE_ROUTE","C:\Users\DIYA GOEL\Downloads\EBDESIGN\backend\src\modules\M146\routes.js","modules\M146\routes.js","1555","True"
"MODULE_ROUTE","C:\Users\DIYA GOEL\Downloads\EBDESIGN\backend\src\modules\M147\routes.js","modules\M147\routes.js","1555","True"
"MODULE_ROUTE","C:\Users\DIYA GOEL\Downloads\EBDESIGN\backend\src\modules\M148\routes.js","modules\M148\routes.js","1555","True"
"MODULE_ROUTE","C:\Users\DIYA GOEL\Downloads\EBDESIGN\backend\src\modules\M149\routes.js","modules\M149\routes.js","1555","True"
"MODULE_ROUTE","C:\Users\DIYA GOEL\Downloads\EBDESIGN\backend\src\modules\M150\routes.js","modules\M150\routes.js","1555","True"
"MODULE_ROUTE","C:\Users\DIYA GOEL\Downloads\EBDESIGN\backend\src\modules\M151\routes.js","modules\M151\routes.js","549","True"
"MODULE_ROUTE","C:\Users\DIYA GOEL\Downloads\EBDESIGN\backend\src\modules\M152\routes.js","modules\M152\routes.js","1555","True"
"MODULE_ROUTE","C:\Users\DIYA GOEL\Downloads\EBDESIGN\backend\src\modules\M153\routes.js","modules\M153\routes.js","1555","True"
"MODULE_ROUTE","C:\Users\DIYA GOEL\Downloads\EBDESIGN\backend\src\modules\M154\routes.js","modules\M154\routes.js","1555","True"
"MODULE_ROUTE","C:\Users\DIYA GOEL\Downloads\EBDESIGN\backend\src\modules\M155\routes.js","modules\M155\routes.js","1555","True"
"MODULE_ROUTE","C:\Users\DIYA GOEL\Downloads\EBDESIGN\backend\src\modules\M156\routes.js","modules\M156\routes.js","1555","True"
"MODULE_ROUTE","C:\Users\DIYA GOEL\Downloads\EBDESIGN\backend\src\modules\M157\routes.js","modules\M157\routes.js","1555","True"
"MODULE_ROUTE","C:\Users\DIYA GOEL\Downloads\EBDESIGN\backend\src\modules\M158\routes.js","modules\M158\routes.js","1555","True"
"MODULE_ROUTE","C:\Users\DIYA GOEL\Downloads\EBDESIGN\backend\src\modules\M159\routes.js","modules\M159\routes.js","1555","True"
"MODULE_ROUTE","C:\Users\DIYA GOEL\Downloads\EBDESIGN\backend\src\modules\M160\routes.js","modules\M160\routes.js","1555","True"
"MODULE_ROUTE","C:\Users\DIYA GOEL\Downloads\EBDESIGN\backend\src\modules\M161\routes.js","modules\M161\routes.js","1555","True"
"MODULE_ROUTE","C:\Users\DIYA GOEL\Downloads\EBDESIGN\backend\src\modules\M162\routes.js","modules\M162\routes.js","1555","True"
"MODULE_ROUTE","C:\Users\DIYA GOEL\Downloads\EBDESIGN\backend\src\modules\M163\routes.js","modules\M163\routes.js","1555","True"
"MODULE_ROUTE","C:\Users\DIYA GOEL\Downloads\EBDESIGN\backend\src\modules\M164\routes.js","modules\M164\routes.js","1555","True"
"MODULE_ROUTE","C:\Users\DIYA GOEL\Downloads\EBDESIGN\backend\src\modules\M165\routes.js","modules\M165\routes.js","1555","True"
"MODULE_ROUTE","C:\Users\DIYA GOEL\Downloads\EBDESIGN\backend\src\modules\M166\routes.js","modules\M166\routes.js","1555","True"
"MODULE_ROUTE","C:\Users\DIYA GOEL\Downloads\EBDESIGN\backend\src\modules\M167\routes.js","modules\M167\routes.js","1555","True"
"MODULE_ROUTE","C:\Users\DIYA GOEL\Downloads\EBDESIGN\backend\src\modules\M168\routes.js","modules\M168\routes.js","1555","True"
"MODULE_ROUTE","C:\Users\DIYA GOEL\Downloads\EBDESIGN\backend\src\modules\M169\routes.js","modules\M169\routes.js","1555","True"
"MODULE_ROUTE","C:\Users\DIYA GOEL\Downloads\EBDESIGN\backend\src\modules\M170\routes.js","modules\M170\routes.js","1555","True"
"MODULE_ROUTE","C:\Users\DIYA GOEL\Downloads\EBDESIGN\backend\src\modules\M171\routes.js","modules\M171\routes.js","1555","True"
"MODULE_ROUTE","C:\Users\DIYA GOEL\Downloads\EBDESIGN\backend\src\modules\M172\routes.js","modules\M172\routes.js","1555","True"
"MODULE_ROUTE","C:\Users\DIYA GOEL\Downloads\EBDESIGN\backend\src\modules\M173\routes.js","modules\M173\routes.js","1555","True"
"MODULE_ROUTE","C:\Users\DIYA GOEL\Downloads\EBDESIGN\backend\src\modules\M174\routes.js","modules\M174\routes.js","1555","True"
"MODULE_ROUTE","C:\Users\DIYA GOEL\Downloads\EBDESIGN\backend\src\modules\M175\routes.js","modules\M175\routes.js","1555","True"
"MODULE_ROUTE","C:\Users\DIYA GOEL\Downloads\EBDESIGN\backend\src\modules\M176\routes.js","modules\M176\routes.js","1555","True"
"MODULE_ROUTE","C:\Users\DIYA GOEL\Downloads\EBDESIGN\backend\src\modules\M177\routes.js","modules\M177\routes.js","1555","True"
"MODULE_ROUTE","C:\Users\DIYA GOEL\Downloads\EBDESIGN\backend\src\modules\M178\routes.js","modules\M178\routes.js","1555","True"
"MODULE_ROUTE","C:\Users\DIYA GOEL\Downloads\EBDESIGN\backend\src\modules\M179\routes.js","modules\M179\routes.js","1555","True"
"MODULE_ROUTE","C:\Users\DIYA GOEL\Downloads\EBDESIGN\backend\src\modules\M180\routes.js","modules\M180\routes.js","1555","True"
"MODULE_ROUTE","C:\Users\DIYA GOEL\Downloads\EBDESIGN\backend\src\modules\M181\routes.js","modules\M181\routes.js","1555","True"
"MODULE_ROUTE","C:\Users\DIYA GOEL\Downloads\EBDESIGN\backend\src\modules\M182\routes.js","modules\M182\routes.js","1555","True"
"MODULE_ROUTE","C:\Users\DIYA GOEL\Downloads\EBDESIGN\backend\src\modules\M183\routes.js","modules\M183\routes.js","1555","True"
"MODULE_ROUTE","C:\Users\DIYA GOEL\Downloads\EBDESIGN\backend\src\modules\M184\routes.js","modules\M184\routes.js","1555","True"
"MODULE_ROUTE","C:\Users\DIYA GOEL\Downloads\EBDESIGN\backend\src\modules\M185\routes.js","modules\M185\routes.js","1555","True"
"MODULE_ROUTE","C:\Users\DIYA GOEL\Downloads\EBDESIGN\backend\src\modules\M186\routes.js","modules\M186\routes.js","1555","True"
"MODULE_ROUTE","C:\Users\DIYA GOEL\Downloads\EBDESIGN\backend\src\modules\M187\routes.js","modules\M187\routes.js","1555","True"
"MODULE_ROUTE","C:\Users\DIYA GOEL\Downloads\EBDESIGN\backend\src\modules\M188\routes.js","modules\M188\routes.js","1555","True"
"MODULE_ROUTE","C:\Users\DIYA GOEL\Downloads\EBDESIGN\backend\src\modules\M189\routes.js","modules\M189\routes.js","1555","True"
"MODULE_ROUTE","C:\Users\DIYA GOEL\Downloads\EBDESIGN\backend\src\modules\M190\routes.js","modules\M190\routes.js","1555","True"
"MODULE_ROUTE","C:\Users\DIYA GOEL\Downloads\EBDESIGN\backend\src\modules\M191\routes.js","modules\M191\routes.js","1555","True"
"MODULE_ROUTE","C:\Users\DIYA GOEL\Downloads\EBDESIGN\backend\src\modules\M192\routes.js","modules\M192\routes.js","1555","True"
"MODULE_ROUTE","C:\Users\DIYA GOEL\Downloads\EBDESIGN\backend\src\modules\M193\routes.js","modules\M193\routes.js","1555","True"
"MODULE_ROUTE","C:\Users\DIYA GOEL\Downloads\EBDESIGN\backend\src\modules\M194\routes.js","modules\M194\routes.js","1555","True"
"MODULE_ROUTE","C:\Users\DIYA GOEL\Downloads\EBDESIGN\backend\src\modules\M195\routes.js","modules\M195\routes.js","1555","True"
"MODULE_ROUTE","C:\Users\DIYA GOEL\Downloads\EBDESIGN\backend\src\modules\M196\routes.js","modules\M196\routes.js","1555","True"
"MODULE_ROUTE","C:\Users\DIYA GOEL\Downloads\EBDESIGN\backend\src\modules\M197\routes.js","modules\M197\routes.js","1555","True"
"MODULE_ROUTE","C:\Users\DIYA GOEL\Downloads\EBDESIGN\backend\src\modules\M198\routes.js","modules\M198\routes.js","1555","True"
"MODULE_ROUTE","C:\Users\DIYA GOEL\Downloads\EBDESIGN\backend\src\modules\M199\routes.js","modules\M199\routes.js","1555","True"
"MODULE_ROUTE","C:\Users\DIYA GOEL\Downloads\EBDESIGN\backend\src\modules\M200\routes.js","modules\M200\routes.js","1555","True"
"MODULE_ROUTE","C:\Users\DIYA GOEL\Downloads\EBDESIGN\backend\src\modules\M201\routes.js","modules\M201\routes.js","549","True"
"MODULE_ROUTE","C:\Users\DIYA GOEL\Downloads\EBDESIGN\backend\src\modules\M202\routes.js","modules\M202\routes.js","1555","True"
"MODULE_ROUTE","C:\Users\DIYA GOEL\Downloads\EBDESIGN\backend\src\modules\M203\routes.js","modules\M203\routes.js","1555","True"
"MODULE_ROUTE","C:\Users\DIYA GOEL\Downloads\EBDESIGN\backend\src\modules\M204\routes.js","modules\M204\routes.js","1555","True"
"MODULE_ROUTE","C:\Users\DIYA GOEL\Downloads\EBDESIGN\backend\src\modules\M205\routes.js","modules\M205\routes.js","1555","True"
"MODULE_ROUTE","C:\Users\DIYA GOEL\Downloads\EBDESIGN\backend\src\modules\M206\routes.js","modules\M206\routes.js","1555","True"
"MODULE_ROUTE","C:\Users\DIYA GOEL\Downloads\EBDESIGN\backend\src\modules\M207\routes.js","modules\M207\routes.js","1555","True"
"MODULE_ROUTE","C:\Users\DIYA GOEL\Downloads\EBDESIGN\backend\src\modules\M208\routes.js","modules\M208\routes.js","1555","True"
"MODULE_ROUTE","C:\Users\DIYA GOEL\Downloads\EBDESIGN\backend\src\modules\M209\routes.js","modules\M209\routes.js","1555","True"
"MODULE_ROUTE","C:\Users\DIYA GOEL\Downloads\EBDESIGN\backend\src\modules\M210\routes.js","modules\M210\routes.js","1555","True"
"MODULE_ROUTE","C:\Users\DIYA GOEL\Downloads\EBDESIGN\backend\src\modules\M211\routes.js","modules\M211\routes.js","1555","True"
"MODULE_ROUTE","C:\Users\DIYA GOEL\Downloads\EBDESIGN\backend\src\modules\M212\routes.js","modules\M212\routes.js","1555","True"
"MODULE_ROUTE","C:\Users\DIYA GOEL\Downloads\EBDESIGN\backend\src\modules\M213\routes.js","modules\M213\routes.js","1555","True"
"MODULE_ROUTE","C:\Users\DIYA GOEL\Downloads\EBDESIGN\backend\src\modules\M214\routes.js","modules\M214\routes.js","1555","True"
"MODULE_ROUTE","C:\Users\DIYA GOEL\Downloads\EBDESIGN\backend\src\modules\M215\routes.js","modules\M215\routes.js","1555","True"
"MODULE_ROUTE","C:\Users\DIYA GOEL\Downloads\EBDESIGN\backend\src\modules\M216\routes.js","modules\M216\routes.js","1555","True"
"MODULE_ROUTE","C:\Users\DIYA GOEL\Downloads\EBDESIGN\backend\src\modules\M217\routes.js","modules\M217\routes.js","1555","True"
"MODULE_ROUTE","C:\Users\DIYA GOEL\Downloads\EBDESIGN\backend\src\modules\M218\routes.js","modules\M218\routes.js","1555","True"
"MODULE_ROUTE","C:\Users\DIYA GOEL\Downloads\EBDESIGN\backend\src\modules\M219\routes.js","modules\M219\routes.js","1555","True"
"MODULE_ROUTE","C:\Users\DIYA GOEL\Downloads\EBDESIGN\backend\src\modules\M220\routes.js","modules\M220\routes.js","1555","True"
"MODULE_ROUTE","C:\Users\DIYA GOEL\Downloads\EBDESIGN\backend\src\modules\M221\routes.js","modules\M221\routes.js","1555","True"
"MODULE_ROUTE","C:\Users\DIYA GOEL\Downloads\EBDESIGN\backend\src\modules\M222\routes.js","modules\M222\routes.js","1555","True"
"MODULE_ROUTE","C:\Users\DIYA GOEL\Downloads\EBDESIGN\backend\src\modules\M223\routes.js","modules\M223\routes.js","1555","True"
"MODULE_ROUTE","C:\Users\DIYA GOEL\Downloads\EBDESIGN\backend\src\modules\M224\routes.js","modules\M224\routes.js","1555","True"
"MODULE_ROUTE","C:\Users\DIYA GOEL\Downloads\EBDESIGN\backend\src\modules\M225\routes.js","modules\M225\routes.js","1555","True"
"MODULE_ROUTE","C:\Users\DIYA GOEL\Downloads\EBDESIGN\backend\src\modules\M226\routes.js","modules\M226\routes.js","1555","True"
"MODULE_ROUTE","C:\Users\DIYA GOEL\Downloads\EBDESIGN\backend\src\modules\M227\routes.js","modules\M227\routes.js","1555","True"
"MODULE_ROUTE","C:\Users\DIYA GOEL\Downloads\EBDESIGN\backend\src\modules\M228\routes.js","modules\M228\routes.js","1555","True"
"MODULE_ROUTE","C:\Users\DIYA GOEL\Downloads\EBDESIGN\backend\src\modules\M229\routes.js","modules\M229\routes.js","1555","True"
"MODULE_ROUTE","C:\Users\DIYA GOEL\Downloads\EBDESIGN\backend\src\modules\M230\routes.js","modules\M230\routes.js","1555","True"
"MODULE_ROUTE","C:\Users\DIYA GOEL\Downloads\EBDESIGN\backend\src\modules\M231\routes.js","modules\M231\routes.js","1555","True"
"MODULE_ROUTE","C:\Users\DIYA GOEL\Downloads\EBDESIGN\backend\src\modules\M232\routes.js","modules\M232\routes.js","1555","True"
"MODULE_ROUTE","C:\Users\DIYA GOEL\Downloads\EBDESIGN\backend\src\modules\M233\routes.js","modules\M233\routes.js","1555","True"
"MODULE_ROUTE","C:\Users\DIYA GOEL\Downloads\EBDESIGN\backend\src\modules\M234\routes.js","modules\M234\routes.js","1555","True"
"MODULE_ROUTE","C:\Users\DIYA GOEL\Downloads\EBDESIGN\backend\src\modules\M235\routes.js","modules\M235\routes.js","1555","True"
"MODULE_ROUTE","C:\Users\DIYA GOEL\Downloads\EBDESIGN\backend\src\modules\M236\routes.js","modules\M236\routes.js","1555","True"
"MODULE_ROUTE","C:\Users\DIYA GOEL\Downloads\EBDESIGN\backend\src\modules\M237\routes.js","modules\M237\routes.js","1555","True"
"MODULE_ROUTE","C:\Users\DIYA GOEL\Downloads\EBDESIGN\backend\src\modules\M238\routes.js","modules\M238\routes.js","1555","True"
"MODULE_ROUTE","C:\Users\DIYA GOEL\Downloads\EBDESIGN\backend\src\modules\M239\routes.js","modules\M239\routes.js","1555","True"
"MODULE_ROUTE","C:\Users\DIYA GOEL\Downloads\EBDESIGN\backend\src\modules\M240\routes.js","modules\M240\routes.js","1555","True"
"MODULE_ROUTE","C:\Users\DIYA GOEL\Downloads\EBDESIGN\backend\src\modules\M241\routes.js","modules\M241\routes.js","1555","True"
"MODULE_ROUTE","C:\Users\DIYA GOEL\Downloads\EBDESIGN\backend\src\modules\M242\routes.js","modules\M242\routes.js","1555","True"
"MODULE_ROUTE","C:\Users\DIYA GOEL\Downloads\EBDESIGN\backend\src\modules\M243\routes.js","modules\M243\routes.js","1555","True"
"MODULE_ROUTE","C:\Users\DIYA GOEL\Downloads\EBDESIGN\backend\src\modules\M244\routes.js","modules\M244\routes.js","1555","True"
"MODULE_ROUTE","C:\Users\DIYA GOEL\Downloads\EBDESIGN\backend\src\modules\M245\routes.js","modules\M245\routes.js","1555","True"
"MODULE_ROUTE","C:\Users\DIYA GOEL\Downloads\EBDESIGN\backend\src\modules\M246\routes.js","modules\M246\routes.js","1555","True"
"MODULE_ROUTE","C:\Users\DIYA GOEL\Downloads\EBDESIGN\backend\src\modules\M247\routes.js","modules\M247\routes.js","1555","True"
"MODULE_ROUTE","C:\Users\DIYA GOEL\Downloads\EBDESIGN\backend\src\modules\M248\routes.js","modules\M248\routes.js","1555","True"
"MODULE_ROUTE","C:\Users\DIYA GOEL\Downloads\EBDESIGN\backend\src\modules\M249\routes.js","modules\M249\routes.js","1555","True"
"MODULE_ROUTE","C:\Users\DIYA GOEL\Downloads\EBDESIGN\backend\src\modules\M250\routes.js","modules\M250\routes.js","1555","True"
"MODULE_ROUTE","C:\Users\DIYA GOEL\Downloads\EBDESIGN\backend\src\modules\M251\routes.js","modules\M251\routes.js","1555","True"
"MODULE_ROUTE","C:\Users\DIYA GOEL\Downloads\EBDESIGN\backend\src\modules\M252\routes.js","modules\M252\routes.js","1555","True"
"MODULE_ROUTE","C:\Users\DIYA GOEL\Downloads\EBDESIGN\backend\src\modules\M253\routes.js","modules\M253\routes.js","1555","True"
"MODULE_ROUTE","C:\Users\DIYA GOEL\Downloads\EBDESIGN\backend\src\modules\M254\routes.js","modules\M254\routes.js","1555","True"
"MODULE_ROUTE","C:\Users\DIYA GOEL\Downloads\EBDESIGN\backend\src\modules\M255\routes.js","modules\M255\routes.js","1555","True"
"MODULE_ROUTE","C:\Users\DIYA GOEL\Downloads\EBDESIGN\backend\src\modules\M256\routes.js","modules\M256\routes.js","1555","True"
"MODULE_ROUTE","C:\Users\DIYA GOEL\Downloads\EBDESIGN\backend\src\modules\M257\routes.js","modules\M257\routes.js","1555","True"
"MODULE_ROUTE","C:\Users\DIYA GOEL\Downloads\EBDESIGN\backend\src\modules\M258\routes.js","modules\M258\routes.js","1555","True"
"MODULE_ROUTE","C:\Users\DIYA GOEL\Downloads\EBDESIGN\backend\src\modules\M259\routes.js","modules\M259\routes.js","1555","True"
"MODULE_ROUTE","C:\Users\DIYA GOEL\Downloads\EBDESIGN\backend\src\modules\M260\routes.js","modules\M260\routes.js","1555","True"
"MODULE_ROUTE","C:\Users\DIYA GOEL\Downloads\EBDESIGN\backend\src\modules\M261\routes.js","modules\M261\routes.js","1555","True"
"MODULE_ROUTE","C:\Users\DIYA GOEL\Downloads\EBDESIGN\backend\src\modules\M262\routes.js","modules\M262\routes.js","1555","True"
"MODULE_ROUTE","C:\Users\DIYA GOEL\Downloads\EBDESIGN\backend\src\modules\M263\routes.js","modules\M263\routes.js","1555","True"
"MODULE_ROUTE","C:\Users\DIYA GOEL\Downloads\EBDESIGN\backend\src\modules\M264\routes.js","modules\M264\routes.js","1555","True"
"MODULE_ROUTE","C:\Users\DIYA GOEL\Downloads\EBDESIGN\backend\src\modules\M265\routes.js","modules\M265\routes.js","1555","True"
"MODULE_ROUTE","C:\Users\DIYA GOEL\Downloads\EBDESIGN\backend\src\modules\M266\routes.js","modules\M266\routes.js","1555","True"
"MODULE_ROUTE","C:\Users\DIYA GOEL\Downloads\EBDESIGN\backend\src\modules\M267\routes.js","modules\M267\routes.js","1555","True"
"MODULE_ROUTE","C:\Users\DIYA GOEL\Downloads\EBDESIGN\backend\src\modules\M268\routes.js","modules\M268\routes.js","1555","True"
"MODULE_ROUTE","C:\Users\DIYA GOEL\Downloads\EBDESIGN\backend\src\modules\M269\routes.js","modules\M269\routes.js","1555","True"
"MODULE_ROUTE","C:\Users\DIYA GOEL\Downloads\EBDESIGN\backend\src\modules\M270\routes.js","modules\M270\routes.js","1555","True"
"MODULE_ROUTE","C:\Users\DIYA GOEL\Downloads\EBDESIGN\backend\src\modules\M271\routes.js","modules\M271\routes.js","1555","True"
"MODULE_ROUTE","C:\Users\DIYA GOEL\Downloads\EBDESIGN\backend\src\modules\M272\routes.js","modules\M272\routes.js","1555","True"
"MODULE_ROUTE","C:\Users\DIYA GOEL\Downloads\EBDESIGN\backend\src\modules\M273\routes.js","modules\M273\routes.js","1555","True"
"MODULE_ROUTE","C:\Users\DIYA GOEL\Downloads\EBDESIGN\backend\src\modules\M274\routes.js","modules\M274\routes.js","1555","True"
"MODULE_ROUTE","C:\Users\DIYA GOEL\Downloads\EBDESIGN\backend\src\modules\M275\routes.js","modules\M275\routes.js","1555","True"
"MODULE_ROUTE","C:\Users\DIYA GOEL\Downloads\EBDESIGN\backend\src\modules\M276\routes.js","modules\M276\routes.js","1555","True"
"MODULE_ROUTE","C:\Users\DIYA GOEL\Downloads\EBDESIGN\backend\src\modules\M277\routes.js","modules\M277\routes.js","1555","True"
"MODULE_ROUTE","C:\Users\DIYA GOEL\Downloads\EBDESIGN\backend\src\modules\M278\routes.js","modules\M278\routes.js","1555","True"
"MODULE_ROUTE","C:\Users\DIYA GOEL\Downloads\EBDESIGN\backend\src\modules\M279\routes.js","modules\M279\routes.js","1555","True"
"MODULE_ROUTE","C:\Users\DIYA GOEL\Downloads\EBDESIGN\backend\src\modules\M280\routes.js","modules\M280\routes.js","1555","True"
"MODULE_ROUTE","C:\Users\DIYA GOEL\Downloads\EBDESIGN\backend\src\modules\M281\routes.js","modules\M281\routes.js","1555","True"
"MODULE_ROUTE","C:\Users\DIYA GOEL\Downloads\EBDESIGN\backend\src\modules\M282\routes.js","modules\M282\routes.js","1555","True"
"MODULE_ROUTE","C:\Users\DIYA GOEL\Downloads\EBDESIGN\backend\src\modules\M283\routes.js","modules\M283\routes.js","1555","True"
"MODULE_ROUTE","C:\Users\DIYA GOEL\Downloads\EBDESIGN\backend\src\modules\M284\routes.js","modules\M284\routes.js","1555","True"
"MODULE_ROUTE","C:\Users\DIYA GOEL\Downloads\EBDESIGN\backend\src\modules\M285\routes.js","modules\M285\routes.js","1555","True"
"MODULE_ROUTE","C:\Users\DIYA GOEL\Downloads\EBDESIGN\backend\src\modules\M286\routes.js","modules\M286\routes.js","1555","True"
"MODULE_ROUTE","C:\Users\DIYA GOEL\Downloads\EBDESIGN\backend\src\modules\M287\routes.js","modules\M287\routes.js","1555","True"
"MODULE_ROUTE","C:\Users\DIYA GOEL\Downloads\EBDESIGN\backend\src\modules\M288\routes.js","modules\M288\routes.js","1555","True"
"MODULE_ROUTE","C:\Users\DIYA GOEL\Downloads\EBDESIGN\backend\src\modules\M289\routes.js","modules\M289\routes.js","1555","True"
"MODULE_ROUTE","C:\Users\DIYA GOEL\Downloads\EBDESIGN\backend\src\modules\M290\routes.js","modules\M290\routes.js","1555","True"
"MODULE_ROUTE","C:\Users\DIYA GOEL\Downloads\EBDESIGN\backend\src\modules\M291\routes.js","modules\M291\routes.js","1555","True"
"MODULE_ROUTE","C:\Users\DIYA GOEL\Downloads\EBDESIGN\backend\src\modules\M292\routes.js","modules\M292\routes.js","1555","True"
"MODULE_ROUTE","C:\Users\DIYA GOEL\Downloads\EBDESIGN\backend\src\modules\M293\routes.js","modules\M293\routes.js","1555","True"
"MODULE_ROUTE","C:\Users\DIYA GOEL\Downloads\EBDESIGN\backend\src\modules\M294\routes.js","modules\M294\routes.js","1555","True"
"MODULE_ROUTE","C:\Users\DIYA GOEL\Downloads\EBDESIGN\backend\src\modules\M295\routes.js","modules\M295\routes.js","1555","True"
"MODULE_ROUTE","C:\Users\DIYA GOEL\Downloads\EBDESIGN\backend\src\modules\M296\routes.js","modules\M296\routes.js","1555","True"
"MODULE_ROUTE","C:\Users\DIYA GOEL\Downloads\EBDESIGN\backend\src\modules\M297\routes.js","modules\M297\routes.js","1555","True"
"MODULE_ROUTE","C:\Users\DIYA GOEL\Downloads\EBDESIGN\backend\src\modules\M298\routes.js","modules\M298\routes.js","1555","True"
"MODULE_ROUTE","C:\Users\DIYA GOEL\Downloads\EBDESIGN\backend\src\modules\M299\routes.js","modules\M299\routes.js","1555","True"
"MODULE_ROUTE","C:\Users\DIYA GOEL\Downloads\EBDESIGN\backend\src\modules\M300\routes.js","modules\M300\routes.js","1555","True"
"MODULE_ROUTE","C:\Users\DIYA GOEL\Downloads\EBDESIGN\backend\src\modules\M301\routes.js","modules\M301\routes.js","549","True"
"MODULE_ROUTE","C:\Users\DIYA GOEL\Downloads\EBDESIGN\backend\src\modules\M302\routes.js","modules\M302\routes.js","1555","True"
"MODULE_ROUTE","C:\Users\DIYA GOEL\Downloads\EBDESIGN\backend\src\modules\M303\routes.js","modules\M303\routes.js","1555","True"
"MODULE_ROUTE","C:\Users\DIYA GOEL\Downloads\EBDESIGN\backend\src\modules\M304\routes.js","modules\M304\routes.js","1555","True"
"MODULE_ROUTE","C:\Users\DIYA GOEL\Downloads\EBDESIGN\backend\src\modules\M305\routes.js","modules\M305\routes.js","1555","True"
"MODULE_ROUTE","C:\Users\DIYA GOEL\Downloads\EBDESIGN\backend\src\modules\M306\routes.js","modules\M306\routes.js","1555","True"
"MODULE_ROUTE","C:\Users\DIYA GOEL\Downloads\EBDESIGN\backend\src\modules\M307\routes.js","modules\M307\routes.js","1555","True"
"MODULE_ROUTE","C:\Users\DIYA GOEL\Downloads\EBDESIGN\backend\src\modules\M308\routes.js","modules\M308\routes.js","1555","True"
"MODULE_ROUTE","C:\Users\DIYA GOEL\Downloads\EBDESIGN\backend\src\modules\M309\routes.js","modules\M309\routes.js","1555","True"
"MODULE_ROUTE","C:\Users\DIYA GOEL\Downloads\EBDESIGN\backend\src\modules\M310\routes.js","modules\M310\routes.js","1555","True"
"MODULE_ROUTE","C:\Users\DIYA GOEL\Downloads\EBDESIGN\backend\src\modules\M311\routes.js","modules\M311\routes.js","1555","True"
"MODULE_ROUTE","C:\Users\DIYA GOEL\Downloads\EBDESIGN\backend\src\modules\M312\routes.js","modules\M312\routes.js","1555","True"
"MODULE_ROUTE","C:\Users\DIYA GOEL\Downloads\EBDESIGN\backend\src\modules\M313\routes.js","modules\M313\routes.js","1555","True"
"MODULE_ROUTE","C:\Users\DIYA GOEL\Downloads\EBDESIGN\backend\src\modules\M314\routes.js","modules\M314\routes.js","1555","True"
"MODULE_ROUTE","C:\Users\DIYA GOEL\Downloads\EBDESIGN\backend\src\modules\M315\routes.js","modules\M315\routes.js","1555","True"
"MODULE_ROUTE","C:\Users\DIYA GOEL\Downloads\EBDESIGN\backend\src\modules\M316\routes.js","modules\M316\routes.js","1555","True"
"MODULE_ROUTE","C:\Users\DIYA GOEL\Downloads\EBDESIGN\backend\src\modules\M317\routes.js","modules\M317\routes.js","1555","True"
"MODULE_ROUTE","C:\Users\DIYA GOEL\Downloads\EBDESIGN\backend\src\modules\M318\routes.js","modules\M318\routes.js","1555","True"
"MODULE_ROUTE","C:\Users\DIYA GOEL\Downloads\EBDESIGN\backend\src\modules\M319\routes.js","modules\M319\routes.js","1555","True"
"MODULE_ROUTE","C:\Users\DIYA GOEL\Downloads\EBDESIGN\backend\src\modules\M320\routes.js","modules\M320\routes.js","1555","True"
"MODULE_ROUTE","C:\Users\DIYA GOEL\Downloads\EBDESIGN\backend\src\modules\M321\routes.js","modules\M321\routes.js","1555","True"
"MODULE_ROUTE","C:\Users\DIYA GOEL\Downloads\EBDESIGN\backend\src\modules\M322\routes.js","modules\M322\routes.js","1555","True"
"MODULE_ROUTE","C:\Users\DIYA GOEL\Downloads\EBDESIGN\backend\src\modules\M323\routes.js","modules\M323\routes.js","1555","True"
"MODULE_ROUTE","C:\Users\DIYA GOEL\Downloads\EBDESIGN\backend\src\modules\M324\routes.js","modules\M324\routes.js","1555","True"
"MODULE_ROUTE","C:\Users\DIYA GOEL\Downloads\EBDESIGN\backend\src\modules\M325\routes.js","modules\M325\routes.js","1555","True"
"MODULE_ROUTE","C:\Users\DIYA GOEL\Downloads\EBDESIGN\backend\src\modules\M326\routes.js","modules\M326\routes.js","1555","True"
"MODULE_ROUTE","C:\Users\DIYA GOEL\Downloads\EBDESIGN\backend\src\modules\M327\routes.js","modules\M327\routes.js","1555","True"
"MODULE_ROUTE","C:\Users\DIYA GOEL\Downloads\EBDESIGN\backend\src\modules\M328\routes.js","modules\M328\routes.js","1555","True"
"MODULE_ROUTE","C:\Users\DIYA GOEL\Downloads\EBDESIGN\backend\src\modules\M329\routes.js","modules\M329\routes.js","1555","True"
"MODULE_ROUTE","C:\Users\DIYA GOEL\Downloads\EBDESIGN\backend\src\modules\M330\routes.js","modules\M330\routes.js","1555","True"
"MODULE_ROUTE","C:\Users\DIYA GOEL\Downloads\EBDESIGN\backend\src\modules\M331\routes.js","modules\M331\routes.js","1555","True"
"MODULE_ROUTE","C:\Users\DIYA GOEL\Downloads\EBDESIGN\backend\src\modules\M332\routes.js","modules\M332\routes.js","1555","True"
"MODULE_ROUTE","C:\Users\DIYA GOEL\Downloads\EBDESIGN\backend\src\modules\M333\routes.js","modules\M333\routes.js","1555","True"
"MODULE_ROUTE","C:\Users\DIYA GOEL\Downloads\EBDESIGN\backend\src\modules\M334\routes.js","modules\M334\routes.js","1555","True"
"MODULE_ROUTE","C:\Users\DIYA GOEL\Downloads\EBDESIGN\backend\src\modules\M335\routes.js","modules\M335\routes.js","1555","True"
"MODULE_ROUTE","C:\Users\DIYA GOEL\Downloads\EBDESIGN\backend\src\modules\M336\routes.js","modules\M336\routes.js","1555","True"
"MODULE_ROUTE","C:\Users\DIYA GOEL\Downloads\EBDESIGN\backend\src\modules\M337\routes.js","modules\M337\routes.js","1555","True"
"MODULE_ROUTE","C:\Users\DIYA GOEL\Downloads\EBDESIGN\backend\src\modules\M338\routes.js","modules\M338\routes.js","1555","True"
"MODULE_ROUTE","C:\Users\DIYA GOEL\Downloads\EBDESIGN\backend\src\modules\M339\routes.js","modules\M339\routes.js","1555","True"
"MODULE_ROUTE","C:\Users\DIYA GOEL\Downloads\EBDESIGN\backend\src\modules\M340\routes.js","modules\M340\routes.js","1555","True"
"MODULE_ROUTE","C:\Users\DIYA GOEL\Downloads\EBDESIGN\backend\src\modules\M341\routes.js","modules\M341\routes.js","1555","True"
"MODULE_ROUTE","C:\Users\DIYA GOEL\Downloads\EBDESIGN\backend\src\modules\M342\routes.js","modules\M342\routes.js","1555","True"
"MODULE_ROUTE","C:\Users\DIYA GOEL\Downloads\EBDESIGN\backend\src\modules\M343\routes.js","modules\M343\routes.js","1555","True"
"MODULE_ROUTE","C:\Users\DIYA GOEL\Downloads\EBDESIGN\backend\src\modules\M344\routes.js","modules\M344\routes.js","1555","True"
"MODULE_ROUTE","C:\Users\DIYA GOEL\Downloads\EBDESIGN\backend\src\modules\M63\routes.js","modules\M63\routes.js","547","True"
"MODULE_ROUTE","C:\Users\DIYA GOEL\Downloads\EBDESIGN\backend\src\modules\M64\routes.js","modules\M64\routes.js","547","True"
"MODULE_ROUTE","C:\Users\DIYA GOEL\Downloads\EBDESIGN\backend\src\modules\M645100_LIBRARYKNOWLEDGE\api\routes.js","modules\M645100_LIBRARYKNOWLEDGE\api\routes.js","2401","False"
"MODULE_ROUTE","C:\Users\DIYA GOEL\Downloads\EBDESIGN\backend\src\modules\M65\routes.js","modules\M65\routes.js","547","True"
"MODULE_ROUTE","C:\Users\DIYA GOEL\Downloads\EBDESIGN\backend\src\modules\TEMPLATES\MODULE_TEMPLATE\backend\routes.js","modules\TEMPLATES\MODULE_TEMPLATE\backend\routes.js","4724","False"
