"Prefix","Variable","ImportType","ImportPath","ResolvedFile","IndexLine"
"/api/v1/backend-modules/M041","M041VillageERPRoutes","DIRECT_REQUIRE","./modules/M041/routes.js","C:\Users\DIYA GOEL\Downloads\EBDESIGN\backend\src\modules\M041\routes.js","1120"
"/api/v1/backend-modules/M002","finalBatchModuleM002Routes","DIRECT_REQUIRE","./modules/M002/routes.js","C:\Users\DIYA GOEL\Downloads\EBDESIGN\backend\src\modules\M002\routes.js","1121"
"/api/v1/backend-modules/M003","finalBatchModuleM003Routes","DIRECT_REQUIRE","./modules/M003/routes.js","C:\Users\DIYA GOEL\Downloads\EBDESIGN\backend\src\modules\M003\routes.js","1122"
"/api/v1/backend-modules/M004","finalBatchModuleM004Routes","DIRECT_REQUIRE","./modules/M004/routes.js","C:\Users\DIYA GOEL\Downloads\EBDESIGN\backend\src\modules\M004\routes.js","1123"
"/api/v1/backend-modules/M005","finalBatchModuleM005Routes","DIRECT_REQUIRE","./modules/M005/routes.js","C:\Users\DIYA GOEL\Downloads\EBDESIGN\backend\src\modules\M005\routes.js","1124"
"/api/v1/backend-modules/M006","finalBatchModuleM006Routes","DIRECT_REQUIRE","./modules/M006/routes.js","C:\Users\DIYA GOEL\Downloads\EBDESIGN\backend\src\modules\M006\routes.js","1125"
"/api/v1/backend-modules/M007","finalBatchModuleM007Routes","DIRECT_REQUIRE","./modules/M007/routes.js","C:\Users\DIYA GOEL\Downloads\EBDESIGN\backend\src\modules\M007\routes.js","1126"
"/api/v1/backend-modules/M008","finalBatchModuleM008Routes","DIRECT_REQUIRE","./modules/M008/routes.js","C:\Users\DIYA GOEL\Downloads\EBDESIGN\backend\src\modules\M008\routes.js","1127"
"/api/v1/backend-modules/M009","finalBatchModuleM009Routes","DIRECT_REQUIRE","./modules/M009/routes.js","C:\Users\DIYA GOEL\Downloads\EBDESIGN\backend\src\modules\M009\routes.js","1128"
"/api/v1/backend-modules/M010","finalBatchModuleM010Routes","DIRECT_REQUIRE","./modules/M010/routes.js","C:\Users\DIYA GOEL\Downloads\EBDESIGN\backend\src\modules\M010\routes.js","1129"
"/api/v1/backend-modules/M011","finalBatchModuleM011Routes","DIRECT_REQUIRE","./modules/M011/routes.js","C:\Users\DIYA GOEL\Downloads\EBDESIGN\backend\src\modules\M011\routes.js","1130"
"/api/v1/backend-modules/M012","finalBatchModuleM012Routes","DIRECT_REQUIRE","./modules/M012/routes.js","C:\Users\DIYA GOEL\Downloads\EBDESIGN\backend\src\modules\M012\routes.js","1131"
"/api/v1/backend-modules/M013","finalBatchModuleM013Routes","DIRECT_REQUIRE","./modules/M013/routes.js","C:\Users\DIYA GOEL\Downloads\EBDESIGN\backend\src\modules\M013\routes.js","1132"
"/api/v1/backend-modules/M014","finalBatchModuleM014Routes","DIRECT_REQUIRE","./modules/M014/routes.js","C:\Users\DIYA GOEL\Downloads\EBDESIGN\backend\src\modules\M014\routes.js","1133"
"/api/v1/backend-modules/M015","finalBatchModuleM015Routes","DIRECT_REQUIRE","./modules/M015/routes.js","C:\Users\DIYA GOEL\Downloads\EBDESIGN\backend\src\modules\M015\routes.js","1134"
"/api/v1/backend-modules/M017","finalBatchModuleM017Routes","DIRECT_REQUIRE","./modules/M017/routes.js","C:\Users\DIYA GOEL\Downloads\EBDESIGN\backend\src\modules\M017\routes.js","1135"
"/api/v1/backend-modules/M018","finalBatchModuleM018Routes","DIRECT_REQUIRE","./modules/M018/routes.js","C:\Users\DIYA GOEL\Downloads\EBDESIGN\backend\src\modules\M018\routes.js","1136"
"/api/v1/backend-modules/M019","finalBatchModuleM019Routes","DIRECT_REQUIRE","./modules/M019/routes.js","C:\Users\DIYA GOEL\Downloads\EBDESIGN\backend\src\modules\M019\routes.js","1137"
"/api/v1/backend-modules/M020","finalBatchModuleM020Routes","DIRECT_REQUIRE","./modules/M020/routes.js","C:\Users\DIYA GOEL\Downloads\EBDESIGN\backend\src\modules\M020\routes.js","1138"
"/api/v1/backend-modules/M021","finalBatchModuleM021Routes","DIRECT_REQUIRE","./modules/M021/routes.js","C:\Users\DIYA GOEL\Downloads\EBDESIGN\backend\src\modules\M021\routes.js","1139"
"/api/v1/backend-modules/M022","finalBatchModuleM022Routes","DIRECT_REQUIRE","./modules/M022/routes.js","C:\Users\DIYA GOEL\Downloads\EBDESIGN\backend\src\modules\M022\routes.js","1140"
"/api/v1/backend-modules/M023","finalBatchModuleM023Routes","DIRECT_REQUIRE","./modules/M023/routes.js","C:\Users\DIYA GOEL\Downloads\EBDESIGN\backend\src\modules\M023\routes.js","1141"
"/api/v1/backend-modules/M024","finalBatchModuleM024Routes","DIRECT_REQUIRE","./modules/M024/routes.js","C:\Users\DIYA GOEL\Downloads\EBDESIGN\backend\src\modules\M024\routes.js","1142"
"/api/v1/backend-modules/M025","finalBatchModuleM025Routes","DIRECT_REQUIRE","./modules/M025/routes.js","C:\Users\DIYA GOEL\Downloads\EBDESIGN\backend\src\modules\M025\routes.js","1143"
"/api/v1/backend-modules/M026","finalBatchModuleM026Routes","DIRECT_REQUIRE","./modules/M026/routes.js","C:\Users\DIYA GOEL\Downloads\EBDESIGN\backend\src\modules\M026\routes.js","1144"
"/api/v1/backend-modules/M027","finalBatchModuleM027Routes","DIRECT_REQUIRE","./modules/M027/routes.js","C:\Users\DIYA GOEL\Downloads\EBDESIGN\backend\src\modules\M027\routes.js","1145"
"/api/v1/backend-modules/M028","finalBatchModuleM028Routes","DIRECT_REQUIRE","./modules/M028/routes.js","C:\Users\DIYA GOEL\Downloads\EBDESIGN\backend\src\modules\M028\routes.js","1146"
"/api/v1/backend-modules/M029","finalBatchModuleM029Routes","DIRECT_REQUIRE","./modules/M029/routes.js","C:\Users\DIYA GOEL\Downloads\EBDESIGN\backend\src\modules\M029\routes.js","1147"
"/api/v1/backend-modules/M030","finalBatchModuleM030Routes","DIRECT_REQUIRE","./modules/M030/routes.js","C:\Users\DIYA GOEL\Downloads\EBDESIGN\backend\src\modules\M030\routes.js","1148"
"/api/v1/backend-modules/M101","finalBatchModuleM101Routes","DIRECT_REQUIRE","./modules/M101/routes.js","C:\Users\DIYA GOEL\Downloads\EBDESIGN\backend\src\modules\M101\routes.js","1149"
"/api/v1/backend-modules/M102","finalBatchModuleM102Routes","DIRECT_REQUIRE","./modules/M102/routes.js","C:\Users\DIYA GOEL\Downloads\EBDESIGN\backend\src\modules\M102\routes.js","1150"
"/api/v1/backend-modules/M151","finalBatchModuleM151Routes","DIRECT_REQUIRE","./modules/M151/routes.js","C:\Users\DIYA GOEL\Downloads\EBDESIGN\backend\src\modules\M151\routes.js","1151"
"/api/v1/backend-modules/M201","finalBatchModuleM201Routes","DIRECT_REQUIRE","./modules/M201/routes.js","C:\Users\DIYA GOEL\Downloads\EBDESIGN\backend\src\modules\M201\routes.js","1152"
"/api/v1/backend-modules/M301","finalBatchModuleM301Routes","DIRECT_REQUIRE","./modules/M301/routes.js","C:\Users\DIYA GOEL\Downloads\EBDESIGN\backend\src\modules\M301\routes.js","1153"
"/api/v1/backend-modules/M63","finalBatchModuleM63Routes","DIRECT_REQUIRE","./modules/M63/routes.js","C:\Users\DIYA GOEL\Downloads\EBDESIGN\backend\src\modules\M63\routes.js","1154"
"/api/v1/backend-modules/M64","finalBatchModuleM64Routes","DIRECT_REQUIRE","./modules/M64/routes.js","C:\Users\DIYA GOEL\Downloads\EBDESIGN\backend\src\modules\M64\routes.js","1155"
"/api/v1/backend-modules/M65","finalBatchModuleM65Routes","DIRECT_REQUIRE","./modules/M65/routes.js","C:\Users\DIYA GOEL\Downloads\EBDESIGN\backend\src\modules\M65\routes.js","1156"
"/api/v1/backend-modules/M001","legacyModuleM001Routes","DIRECT_REQUIRE","./modules/M001/routes.js","C:\Users\DIYA GOEL\Downloads\EBDESIGN\backend\src\modules\M001\routes.js","1157"
"/api/v1/backend-modules/M016","legacyModuleM016Routes","DIRECT_REQUIRE","./modules/M016/routes.js","C:\Users\DIYA GOEL\Downloads\EBDESIGN\backend\src\modules\M016\routes.js","1158"
"/api/v1/backend-modules/M031","legacyModuleM031Routes","DIRECT_REQUIRE","./modules/M031/routes.js","C:\Users\DIYA GOEL\Downloads\EBDESIGN\backend\src\modules\M031\routes.js","1159"
"/api/v1/backend-modules/M032","legacyModuleM032Routes","DIRECT_REQUIRE","./modules/M032/routes.js","C:\Users\DIYA GOEL\Downloads\EBDESIGN\backend\src\modules\M032\routes.js","1160"
"/api/v1/backend-modules/M033","legacyModuleM033Routes","DIRECT_REQUIRE","./modules/M033/routes.js","C:\Users\DIYA GOEL\Downloads\EBDESIGN\backend\src\modules\M033\routes.js","1161"
"/api/v1/backend-modules/M034","legacyModuleM034Routes","DIRECT_REQUIRE","./modules/M034/routes.js","C:\Users\DIYA GOEL\Downloads\EBDESIGN\backend\src\modules\M034\routes.js","1162"
"/api/v1/backend-modules/M035","legacyModuleM035Routes","DIRECT_REQUIRE","./modules/M035/routes.js","C:\Users\DIYA GOEL\Downloads\EBDESIGN\backend\src\modules\M035\routes.js","1163"
"/api/v1/backend-modules/M036","legacyModuleM036Routes","DIRECT_REQUIRE","./modules/M036/routes.js","C:\Users\DIYA GOEL\Downloads\EBDESIGN\backend\src\modules\M036\routes.js","1164"
"/api/v1/backend-modules/M037","legacyModuleM037Routes","DIRECT_REQUIRE","./modules/M037/routes.js","C:\Users\DIYA GOEL\Downloads\EBDESIGN\backend\src\modules\M037\routes.js","1165"
"/api/v1/backend-modules/M038","legacyModuleM038Routes","DIRECT_REQUIRE","./modules/M038/routes.js","C:\Users\DIYA GOEL\Downloads\EBDESIGN\backend\src\modules\M038\routes.js","1166"
"/api/v1/backend-modules/M039","legacyModuleM039Routes","DIRECT_REQUIRE","./modules/M039/routes.js","C:\Users\DIYA GOEL\Downloads\EBDESIGN\backend\src\modules\M039\routes.js","1167"
"/api/v1/backend-modules/M040","legacyModuleM040Routes","DIRECT_REQUIRE","./modules/M040/routes.js","C:\Users\DIYA GOEL\Downloads\EBDESIGN\backend\src\modules\M040\routes.js","1168"
"/api/v1/backend-modules/M042","legacyModuleM042Routes","DIRECT_REQUIRE","./modules/M042/routes.js","C:\Users\DIYA GOEL\Downloads\EBDESIGN\backend\src\modules\M042\routes.js","1169"
"/api/v1/backend-modules/M043","legacyModuleM043Routes","DIRECT_REQUIRE","./modules/M043/routes.js","C:\Users\DIYA GOEL\Downloads\EBDESIGN\backend\src\modules\M043\routes.js","1170"
"/api/v1/backend-modules/M044","legacyModuleM044Routes","DIRECT_REQUIRE","./modules/M044/routes.js","C:\Users\DIYA GOEL\Downloads\EBDESIGN\backend\src\modules\M044\routes.js","1171"
"/api/v1/backend-modules/M045","legacyModuleM045Routes","DIRECT_REQUIRE","./modules/M045/routes.js","C:\Users\DIYA GOEL\Downloads\EBDESIGN\backend\src\modules\M045\routes.js","1172"
"/api/v1/backend-modules/M046","legacyModuleM046Routes","DIRECT_REQUIRE","./modules/M046/routes.js","C:\Users\DIYA GOEL\Downloads\EBDESIGN\backend\src\modules\M046\routes.js","1173"
"/api/v1/backend-modules/M047","legacyModuleM047Routes","DIRECT_REQUIRE","./modules/M047/routes.js","C:\Users\DIYA GOEL\Downloads\EBDESIGN\backend\src\modules\M047\routes.js","1174"
"/api/v1/backend-modules/M048","legacyModuleM048Routes","DIRECT_REQUIRE","./modules/M048/routes.js","C:\Users\DIYA GOEL\Downloads\EBDESIGN\backend\src\modules\M048\routes.js","1175"
"/api/v1/backend-modules/M049","legacyModuleM049Routes","DIRECT_REQUIRE","./modules/M049/routes.js","C:\Users\DIYA GOEL\Downloads\EBDESIGN\backend\src\modules\M049\routes.js","1176"
"/api/v1/backend-modules/M050","legacyModuleM050Routes","DIRECT_REQUIRE","./modules/M050/routes.js","C:\Users\DIYA GOEL\Downloads\EBDESIGN\backend\src\modules\M050\routes.js","1177"
"/api/v1/backend-modules/M051","legacyModuleM051Routes","DIRECT_REQUIRE","./modules/M051/routes.js","C:\Users\DIYA GOEL\Downloads\EBDESIGN\backend\src\modules\M051\routes.js","1178"
"/api/v1/backend-modules/M052","legacyModuleM052Routes","DIRECT_REQUIRE","./modules/M052/routes.js","C:\Users\DIYA GOEL\Downloads\EBDESIGN\backend\src\modules\M052\routes.js","1179"
"/api/v1/backend-modules/M053","legacyModuleM053Routes","DIRECT_REQUIRE","./modules/M053/routes.js","C:\Users\DIYA GOEL\Downloads\EBDESIGN\backend\src\modules\M053\routes.js","1180"
"/api/v1/backend-modules/M054","legacyModuleM054Routes","DIRECT_REQUIRE","./modules/M054/routes.js","C:\Users\DIYA GOEL\Downloads\EBDESIGN\backend\src\modules\M054\routes.js","1181"
"/api/v1/backend-modules/M055","legacyModuleM055Routes","DIRECT_REQUIRE","./modules/M055/routes.js","C:\Users\DIYA GOEL\Downloads\EBDESIGN\backend\src\modules\M055\routes.js","1182"
"/api/v1/backend-modules/M056","legacyModuleM056Routes","DIRECT_REQUIRE","./modules/M056/routes.js","C:\Users\DIYA GOEL\Downloads\EBDESIGN\backend\src\modules\M056\routes.js","1183"
"/api/v1/backend-modules/M057","legacyModuleM057Routes","DIRECT_REQUIRE","./modules/M057/routes.js","C:\Users\DIYA GOEL\Downloads\EBDESIGN\backend\src\modules\M057\routes.js","1184"
"/api/v1/backend-modules/M058","legacyModuleM058Routes","DIRECT_REQUIRE","./modules/M058/routes.js","C:\Users\DIYA GOEL\Downloads\EBDESIGN\backend\src\modules\M058\routes.js","1185"
"/api/v1/backend-modules/M059","legacyModuleM059Routes","DIRECT_REQUIRE","./modules/M059/routes.js","C:\Users\DIYA GOEL\Downloads\EBDESIGN\backend\src\modules\M059\routes.js","1186"
"/api/v1/backend-modules/M060","legacyModuleM060Routes","DIRECT_REQUIRE","./modules/M060/routes.js","C:\Users\DIYA GOEL\Downloads\EBDESIGN\backend\src\modules\M060\routes.js","1187"
"/api/v1/backend-modules/M061","legacyModuleM061Routes","DIRECT_REQUIRE","./modules/M061/routes.js","C:\Users\DIYA GOEL\Downloads\EBDESIGN\backend\src\modules\M061\routes.js","1188"
"/api/v1/backend-modules/M062","legacyModuleM062Routes","DIRECT_REQUIRE","./modules/M062/routes.js","C:\Users\DIYA GOEL\Downloads\EBDESIGN\backend\src\modules\M062\routes.js","1189"
"/api/v1/backend-modules/M063","legacyModuleM063Routes","DIRECT_REQUIRE","./modules/M063/routes.js","C:\Users\DIYA GOEL\Downloads\EBDESIGN\backend\src\modules\M063\routes.js","1190"
"/api/v1/backend-modules/M064","legacyModuleM064Routes","DIRECT_REQUIRE","./modules/M064/routes.js","C:\Users\DIYA GOEL\Downloads\EBDESIGN\backend\src\modules\M064\routes.js","1191"
"/api/v1/backend-modules/M065","legacyModuleM065Routes","DIRECT_REQUIRE","./modules/M065/routes.js","C:\Users\DIYA GOEL\Downloads\EBDESIGN\backend\src\modules\M065\routes.js","1192"
"/api/v1/backend-modules/M066","legacyModuleM066Routes","DIRECT_REQUIRE","./modules/M066/routes.js","C:\Users\DIYA GOEL\Downloads\EBDESIGN\backend\src\modules\M066\routes.js","1193"
"/api/v1/backend-modules/M067","legacyModuleM067Routes","DIRECT_REQUIRE","./modules/M067/routes.js","C:\Users\DIYA GOEL\Downloads\EBDESIGN\backend\src\modules\M067\routes.js","1194"
"/api/v1/backend-modules/M068","legacyModuleM068Routes","DIRECT_REQUIRE","./modules/M068/routes.js","C:\Users\DIYA GOEL\Downloads\EBDESIGN\backend\src\modules\M068\routes.js","1195"
"/api/v1/backend-modules/M069","legacyModuleM069Routes","DIRECT_REQUIRE","./modules/M069/routes.js","C:\Users\DIYA GOEL\Downloads\EBDESIGN\backend\src\modules\M069\routes.js","1196"
"/api/v1/backend-modules/M070","legacyModuleM070Routes","DIRECT_REQUIRE","./modules/M070/routes.js","C:\Users\DIYA GOEL\Downloads\EBDESIGN\backend\src\modules\M070\routes.js","1197"
"/api/v1/backend-modules/M071","legacyModuleM071Routes","DIRECT_REQUIRE","./modules/M071/routes.js","C:\Users\DIYA GOEL\Downloads\EBDESIGN\backend\src\modules\M071\routes.js","1198"
"/api/v1/backend-modules/M072","legacyModuleM072Routes","DIRECT_REQUIRE","./modules/M072/routes.js","C:\Users\DIYA GOEL\Downloads\EBDESIGN\backend\src\modules\M072\routes.js","1199"
"/api/v1/backend-modules/M073","legacyModuleM073Routes","DIRECT_REQUIRE","./modules/M073/routes.js","C:\Users\DIYA GOEL\Downloads\EBDESIGN\backend\src\modules\M073\routes.js","1200"
"/api/v1/backend-modules/M074","legacyModuleM074Routes","DIRECT_REQUIRE","./modules/M074/routes.js","C:\Users\DIYA GOEL\Downloads\EBDESIGN\backend\src\modules\M074\routes.js","1201"
"/api/v1/backend-modules/M075","legacyModuleM075Routes","DIRECT_REQUIRE","./modules/M075/routes.js","C:\Users\DIYA GOEL\Downloads\EBDESIGN\backend\src\modules\M075\routes.js","1202"
"/api/v1/backend-modules/M076","legacyModuleM076Routes","DIRECT_REQUIRE","./modules/M076/routes.js","C:\Users\DIYA GOEL\Downloads\EBDESIGN\backend\src\modules\M076\routes.js","1203"
"/api/v1/backend-modules/M077","legacyModuleM077Routes","DIRECT_REQUIRE","./modules/M077/routes.js","C:\Users\DIYA GOEL\Downloads\EBDESIGN\backend\src\modules\M077\routes.js","1204"
"/api/v1/backend-modules/M078","legacyModuleM078Routes","DIRECT_REQUIRE","./modules/M078/routes.js","C:\Users\DIYA GOEL\Downloads\EBDESIGN\backend\src\modules\M078\routes.js","1205"
"/api/v1/backend-modules/M079","legacyModuleM079Routes","DIRECT_REQUIRE","./modules/M079/routes.js","C:\Users\DIYA GOEL\Downloads\EBDESIGN\backend\src\modules\M079\routes.js","1206"
"/api/v1/backend-modules/M080","legacyModuleM080Routes","DIRECT_REQUIRE","./modules/M080/routes.js","C:\Users\DIYA GOEL\Downloads\EBDESIGN\backend\src\modules\M080\routes.js","1207"
"/api/v1/backend-modules/M081","legacyModuleM081Routes","DIRECT_REQUIRE","./modules/M081/routes.js","C:\Users\DIYA GOEL\Downloads\EBDESIGN\backend\src\modules\M081\routes.js","1208"
"/api/v1/backend-modules/M082","legacyModuleM082Routes","DIRECT_REQUIRE","./modules/M082/routes.js","C:\Users\DIYA GOEL\Downloads\EBDESIGN\backend\src\modules\M082\routes.js","1209"
"/api/v1/backend-modules/M083","legacyModuleM083Routes","DIRECT_REQUIRE","./modules/M083/routes.js","C:\Users\DIYA GOEL\Downloads\EBDESIGN\backend\src\modules\M083\routes.js","1210"
"/api/v1/backend-modules/M084","legacyModuleM084Routes","DIRECT_REQUIRE","./modules/M084/routes.js","C:\Users\DIYA GOEL\Downloads\EBDESIGN\backend\src\modules\M084\routes.js","1211"
"/api/v1/backend-modules/M085","legacyModuleM085Routes","DIRECT_REQUIRE","./modules/M085/routes.js","C:\Users\DIYA GOEL\Downloads\EBDESIGN\backend\src\modules\M085\routes.js","1212"
"/api/v1/backend-modules/M086","legacyModuleM086Routes","DIRECT_REQUIRE","./modules/M086/routes.js","C:\Users\DIYA GOEL\Downloads\EBDESIGN\backend\src\modules\M086\routes.js","1213"
"/api/v1/backend-modules/M087","legacyModuleM087Routes","DIRECT_REQUIRE","./modules/M087/routes.js","C:\Users\DIYA GOEL\Downloads\EBDESIGN\backend\src\modules\M087\routes.js","1214"
"/api/v1/backend-modules/M088","legacyModuleM088Routes","DIRECT_REQUIRE","./modules/M088/routes.js","C:\Users\DIYA GOEL\Downloads\EBDESIGN\backend\src\modules\M088\routes.js","1215"
"/api/v1/backend-modules/M089","legacyModuleM089Routes","DIRECT_REQUIRE","./modules/M089/routes.js","C:\Users\DIYA GOEL\Downloads\EBDESIGN\backend\src\modules\M089\routes.js","1216"
"/api/v1/backend-modules/M090","legacyModuleM090Routes","DIRECT_REQUIRE","./modules/M090/routes.js","C:\Users\DIYA GOEL\Downloads\EBDESIGN\backend\src\modules\M090\routes.js","1217"
"/api/v1/backend-modules/M091","legacyModuleM091Routes","DIRECT_REQUIRE","./modules/M091/routes.js","C:\Users\DIYA GOEL\Downloads\EBDESIGN\backend\src\modules\M091\routes.js","1218"
"/api/v1/backend-modules/M092","legacyModuleM092Routes","DIRECT_REQUIRE","./modules/M092/routes.js","C:\Users\DIYA GOEL\Downloads\EBDESIGN\backend\src\modules\M092\routes.js","1219"
"/api/v1/backend-modules/M093","legacyModuleM093Routes","DIRECT_REQUIRE","./modules/M093/routes.js","C:\Users\DIYA GOEL\Downloads\EBDESIGN\backend\src\modules\M093\routes.js","1220"
"/api/v1/backend-modules/M094","legacyModuleM094Routes","DIRECT_REQUIRE","./modules/M094/routes.js","C:\Users\DIYA GOEL\Downloads\EBDESIGN\backend\src\modules\M094\routes.js","1221"
"/api/v1/backend-modules/M095","legacyModuleM095Routes","DIRECT_REQUIRE","./modules/M095/routes.js","C:\Users\DIYA GOEL\Downloads\EBDESIGN\backend\src\modules\M095\routes.js","1222"
"/api/v1/backend-modules/M096","legacyModuleM096Routes","DIRECT_REQUIRE","./modules/M096/routes.js","C:\Users\DIYA GOEL\Downloads\EBDESIGN\backend\src\modules\M096\routes.js","1223"
"/api/v1/backend-modules/M097","legacyModuleM097Routes","DIRECT_REQUIRE","./modules/M097/routes.js","C:\Users\DIYA GOEL\Downloads\EBDESIGN\backend\src\modules\M097\routes.js","1224"
"/api/v1/backend-modules/M098","legacyModuleM098Routes","DIRECT_REQUIRE","./modules/M098/routes.js","C:\Users\DIYA GOEL\Downloads\EBDESIGN\backend\src\modules\M098\routes.js","1225"
"/api/v1/backend-modules/M099","legacyModuleM099Routes","DIRECT_REQUIRE","./modules/M099/routes.js","C:\Users\DIYA GOEL\Downloads\EBDESIGN\backend\src\modules\M099\routes.js","1226"
"/api/v1/backend-modules/M100","legacyModuleM100Routes","DIRECT_REQUIRE","./modules/M100/routes.js","C:\Users\DIYA GOEL\Downloads\EBDESIGN\backend\src\modules\M100\routes.js","1227"
"/api/v1/backend-modules/M103","legacyModuleM103Routes","DIRECT_REQUIRE","./modules/M103/routes.js","C:\Users\DIYA GOEL\Downloads\EBDESIGN\backend\src\modules\M103\routes.js","1228"
"/api/v1/backend-modules/M104","legacyModuleM104Routes","DIRECT_REQUIRE","./modules/M104/routes.js","C:\Users\DIYA GOEL\Downloads\EBDESIGN\backend\src\modules\M104\routes.js","1229"
"/api/v1/backend-modules/M105","legacyModuleM105Routes","DIRECT_REQUIRE","./modules/M105/routes.js","C:\Users\DIYA GOEL\Downloads\EBDESIGN\backend\src\modules\M105\routes.js","1230"
"/api/v1/backend-modules/M106","legacyModuleM106Routes","DIRECT_REQUIRE","./modules/M106/routes.js","C:\Users\DIYA GOEL\Downloads\EBDESIGN\backend\src\modules\M106\routes.js","1231"
"/api/v1/backend-modules/M107","legacyModuleM107Routes","DIRECT_REQUIRE","./modules/M107/routes.js","C:\Users\DIYA GOEL\Downloads\EBDESIGN\backend\src\modules\M107\routes.js","1232"
"/api/v1/backend-modules/M108","legacyModuleM108Routes","DIRECT_REQUIRE","./modules/M108/routes.js","C:\Users\DIYA GOEL\Downloads\EBDESIGN\backend\src\modules\M108\routes.js","1233"
"/api/v1/backend-modules/M109","legacyModuleM109Routes","DIRECT_REQUIRE","./modules/M109/routes.js","C:\Users\DIYA GOEL\Downloads\EBDESIGN\backend\src\modules\M109\routes.js","1234"
"/api/v1/backend-modules/M110","legacyModuleM110Routes","DIRECT_REQUIRE","./modules/M110/routes.js","C:\Users\DIYA GOEL\Downloads\EBDESIGN\backend\src\modules\M110\routes.js","1235"
"/api/v1/backend-modules/M111","legacyModuleM111Routes","DIRECT_REQUIRE","./modules/M111/routes.js","C:\Users\DIYA GOEL\Downloads\EBDESIGN\backend\src\modules\M111\routes.js","1236"
"/api/v1/backend-modules/M112","legacyModuleM112Routes","DIRECT_REQUIRE","./modules/M112/routes.js","C:\Users\DIYA GOEL\Downloads\EBDESIGN\backend\src\modules\M112\routes.js","1237"
"/api/v1/backend-modules/M113","legacyModuleM113Routes","DIRECT_REQUIRE","./modules/M113/routes.js","C:\Users\DIYA GOEL\Downloads\EBDESIGN\backend\src\modules\M113\routes.js","1238"
"/api/v1/backend-modules/M114","legacyModuleM114Routes","DIRECT_REQUIRE","./modules/M114/routes.js","C:\Users\DIYA GOEL\Downloads\EBDESIGN\backend\src\modules\M114\routes.js","1239"
"/api/v1/backend-modules/M115","legacyModuleM115Routes","DIRECT_REQUIRE","./modules/M115/routes.js","C:\Users\DIYA GOEL\Downloads\EBDESIGN\backend\src\modules\M115\routes.js","1240"
"/api/v1/backend-modules/M116","legacyModuleM116Routes","DIRECT_REQUIRE","./modules/M116/routes.js","C:\Users\DIYA GOEL\Downloads\EBDESIGN\backend\src\modules\M116\routes.js","1241"
"/api/v1/backend-modules/M117","legacyModuleM117Routes","DIRECT_REQUIRE","./modules/M117/routes.js","C:\Users\DIYA GOEL\Downloads\EBDESIGN\backend\src\modules\M117\routes.js","1242"
"/api/v1/backend-modules/M118","legacyModuleM118Routes","DIRECT_REQUIRE","./modules/M118/routes.js","C:\Users\DIYA GOEL\Downloads\EBDESIGN\backend\src\modules\M118\routes.js","1243"
"/api/v1/backend-modules/M119","legacyModuleM119Routes","DIRECT_REQUIRE","./modules/M119/routes.js","C:\Users\DIYA GOEL\Downloads\EBDESIGN\backend\src\modules\M119\routes.js","1244"
"/api/v1/backend-modules/M120","legacyModuleM120Routes","DIRECT_REQUIRE","./modules/M120/routes.js","C:\Users\DIYA GOEL\Downloads\EBDESIGN\backend\src\modules\M120\routes.js","1245"
"/api/v1/backend-modules/M121","legacyModuleM121Routes","DIRECT_REQUIRE","./modules/M121/routes.js","C:\Users\DIYA GOEL\Downloads\EBDESIGN\backend\src\modules\M121\routes.js","1246"
"/api/v1/backend-modules/M122","legacyModuleM122Routes","DIRECT_REQUIRE","./modules/M122/routes.js","C:\Users\DIYA GOEL\Downloads\EBDESIGN\backend\src\modules\M122\routes.js","1247"
"/api/v1/backend-modules/M123","legacyModuleM123Routes","DIRECT_REQUIRE","./modules/M123/routes.js","C:\Users\DIYA GOEL\Downloads\EBDESIGN\backend\src\modules\M123\routes.js","1248"
"/api/v1/backend-modules/M124","legacyModuleM124Routes","DIRECT_REQUIRE","./modules/M124/routes.js","C:\Users\DIYA GOEL\Downloads\EBDESIGN\backend\src\modules\M124\routes.js","1249"
"/api/v1/backend-modules/M125","legacyModuleM125Routes","DIRECT_REQUIRE","./modules/M125/routes.js","C:\Users\DIYA GOEL\Downloads\EBDESIGN\backend\src\modules\M125\routes.js","1250"
"/api/v1/backend-modules/M126","legacyModuleM126Routes","DIRECT_REQUIRE","./modules/M126/routes.js","C:\Users\DIYA GOEL\Downloads\EBDESIGN\backend\src\modules\M126\routes.js","1251"
"/api/v1/backend-modules/M127","legacyModuleM127Routes","DIRECT_REQUIRE","./modules/M127/routes.js","C:\Users\DIYA GOEL\Downloads\EBDESIGN\backend\src\modules\M127\routes.js","1252"
"/api/v1/backend-modules/M128","legacyModuleM128Routes","DIRECT_REQUIRE","./modules/M128/routes.js","C:\Users\DIYA GOEL\Downloads\EBDESIGN\backend\src\modules\M128\routes.js","1253"
"/api/v1/backend-modules/M129","legacyModuleM129Routes","DIRECT_REQUIRE","./modules/M129/routes.js","C:\Users\DIYA GOEL\Downloads\EBDESIGN\backend\src\modules\M129\routes.js","1254"
"/api/v1/backend-modules/M130","legacyModuleM130Routes","DIRECT_REQUIRE","./modules/M130/routes.js","C:\Users\DIYA GOEL\Downloads\EBDESIGN\backend\src\modules\M130\routes.js","1255"
"/api/v1/backend-modules/M131","legacyModuleM131Routes","DIRECT_REQUIRE","./modules/M131/routes.js","C:\Users\DIYA GOEL\Downloads\EBDESIGN\backend\src\modules\M131\routes.js","1256"
"/api/v1/backend-modules/M132","legacyModuleM132Routes","DIRECT_REQUIRE","./modules/M132/routes.js","C:\Users\DIYA GOEL\Downloads\EBDESIGN\backend\src\modules\M132\routes.js","1257"
"/api/v1/backend-modules/M133","legacyModuleM133Routes","DIRECT_REQUIRE","./modules/M133/routes.js","C:\Users\DIYA GOEL\Downloads\EBDESIGN\backend\src\modules\M133\routes.js","1258"
"/api/v1/backend-modules/M134","legacyModuleM134Routes","DIRECT_REQUIRE","./modules/M134/routes.js","C:\Users\DIYA GOEL\Downloads\EBDESIGN\backend\src\modules\M134\routes.js","1259"
"/api/v1/backend-modules/M135","legacyModuleM135Routes","DIRECT_REQUIRE","./modules/M135/routes.js","C:\Users\DIYA GOEL\Downloads\EBDESIGN\backend\src\modules\M135\routes.js","1260"
"/api/v1/backend-modules/M136","legacyModuleM136Routes","DIRECT_REQUIRE","./modules/M136/routes.js","C:\Users\DIYA GOEL\Downloads\EBDESIGN\backend\src\modules\M136\routes.js","1261"
"/api/v1/backend-modules/M137","legacyModuleM137Routes","DIRECT_REQUIRE","./modules/M137/routes.js","C:\Users\DIYA GOEL\Downloads\EBDESIGN\backend\src\modules\M137\routes.js","1262"
"/api/v1/backend-modules/M138","legacyModuleM138Routes","DIRECT_REQUIRE","./modules/M138/routes.js","C:\Users\DIYA GOEL\Downloads\EBDESIGN\backend\src\modules\M138\routes.js","1263"
"/api/v1/backend-modules/M139","legacyModuleM139Routes","DIRECT_REQUIRE","./modules/M139/routes.js","C:\Users\DIYA GOEL\Downloads\EBDESIGN\backend\src\modules\M139\routes.js","1264"
"/api/v1/backend-modules/M140","legacyModuleM140Routes","DIRECT_REQUIRE","./modules/M140/routes.js","C:\Users\DIYA GOEL\Downloads\EBDESIGN\backend\src\modules\M140\routes.js","1265"
"/api/v1/backend-modules/M141","legacyModuleM141Routes","DIRECT_REQUIRE","./modules/M141/routes.js","C:\Users\DIYA GOEL\Downloads\EBDESIGN\backend\src\modules\M141\routes.js","1266"
"/api/v1/backend-modules/M142","legacyModuleM142Routes","DIRECT_REQUIRE","./modules/M142/routes.js","C:\Users\DIYA GOEL\Downloads\EBDESIGN\backend\src\modules\M142\routes.js","1267"
"/api/v1/backend-modules/M143","legacyModuleM143Routes","DIRECT_REQUIRE","./modules/M143/routes.js","C:\Users\DIYA GOEL\Downloads\EBDESIGN\backend\src\modules\M143\routes.js","1268"
"/api/v1/backend-modules/M144","legacyModuleM144Routes","DIRECT_REQUIRE","./modules/M144/routes.js","C:\Users\DIYA GOEL\Downloads\EBDESIGN\backend\src\modules\M144\routes.js","1269"
"/api/v1/backend-modules/M145","legacyModuleM145Routes","DIRECT_REQUIRE","./modules/M145/routes.js","C:\Users\DIYA GOEL\Downloads\EBDESIGN\backend\src\modules\M145\routes.js","1270"
"/api/v1/backend-modules/M146","legacyModuleM146Routes","DIRECT_REQUIRE","./modules/M146/routes.js","C:\Users\DIYA GOEL\Downloads\EBDESIGN\backend\src\modules\M146\routes.js","1271"
"/api/v1/backend-modules/M147","legacyModuleM147Routes","DIRECT_REQUIRE","./modules/M147/routes.js","C:\Users\DIYA GOEL\Downloads\EBDESIGN\backend\src\modules\M147\routes.js","1272"
"/api/v1/backend-modules/M148","legacyModuleM148Routes","DIRECT_REQUIRE","./modules/M148/routes.js","C:\Users\DIYA GOEL\Downloads\EBDESIGN\backend\src\modules\M148\routes.js","1273"
"/api/v1/backend-modules/M149","legacyModuleM149Routes","DIRECT_REQUIRE","./modules/M149/routes.js","C:\Users\DIYA GOEL\Downloads\EBDESIGN\backend\src\modules\M149\routes.js","1274"
"/api/v1/backend-modules/M150","legacyModuleM150Routes","DIRECT_REQUIRE","./modules/M150/routes.js","C:\Users\DIYA GOEL\Downloads\EBDESIGN\backend\src\modules\M150\routes.js","1275"
"/api/v1/backend-modules/M152","legacyModuleM152Routes","DIRECT_REQUIRE","./modules/M152/routes.js","C:\Users\DIYA GOEL\Downloads\EBDESIGN\backend\src\modules\M152\routes.js","1276"
"/api/v1/backend-modules/M153","legacyModuleM153Routes","DIRECT_REQUIRE","./modules/M153/routes.js","C:\Users\DIYA GOEL\Downloads\EBDESIGN\backend\src\modules\M153\routes.js","1277"
"/api/v1/backend-modules/M154","legacyModuleM154Routes","DIRECT_REQUIRE","./modules/M154/routes.js","C:\Users\DIYA GOEL\Downloads\EBDESIGN\backend\src\modules\M154\routes.js","1278"
"/api/v1/backend-modules/M155","legacyModuleM155Routes","DIRECT_REQUIRE","./modules/M155/routes.js","C:\Users\DIYA GOEL\Downloads\EBDESIGN\backend\src\modules\M155\routes.js","1279"
"/api/v1/backend-modules/M156","legacyModuleM156Routes","DIRECT_REQUIRE","./modules/M156/routes.js","C:\Users\DIYA GOEL\Downloads\EBDESIGN\backend\src\modules\M156\routes.js","1280"
"/api/v1/backend-modules/M157","legacyModuleM157Routes","DIRECT_REQUIRE","./modules/M157/routes.js","C:\Users\DIYA GOEL\Downloads\EBDESIGN\backend\src\modules\M157\routes.js","1281"
"/api/v1/backend-modules/M158","legacyModuleM158Routes","DIRECT_REQUIRE","./modules/M158/routes.js","C:\Users\DIYA GOEL\Downloads\EBDESIGN\backend\src\modules\M158\routes.js","1282"
"/api/v1/backend-modules/M159","legacyModuleM159Routes","DIRECT_REQUIRE","./modules/M159/routes.js","C:\Users\DIYA GOEL\Downloads\EBDESIGN\backend\src\modules\M159\routes.js","1283"
"/api/v1/backend-modules/M160","legacyModuleM160Routes","DIRECT_REQUIRE","./modules/M160/routes.js","C:\Users\DIYA GOEL\Downloads\EBDESIGN\backend\src\modules\M160\routes.js","1284"
"/api/v1/backend-modules/M161","legacyModuleM161Routes","DIRECT_REQUIRE","./modules/M161/routes.js","C:\Users\DIYA GOEL\Downloads\EBDESIGN\backend\src\modules\M161\routes.js","1285"
"/api/v1/backend-modules/M162","legacyModuleM162Routes","DIRECT_REQUIRE","./modules/M162/routes.js","C:\Users\DIYA GOEL\Downloads\EBDESIGN\backend\src\modules\M162\routes.js","1286"
"/api/v1/backend-modules/M163","legacyModuleM163Routes","DIRECT_REQUIRE","./modules/M163/routes.js","C:\Users\DIYA GOEL\Downloads\EBDESIGN\backend\src\modules\M163\routes.js","1287"
"/api/v1/backend-modules/M164","legacyModuleM164Routes","DIRECT_REQUIRE","./modules/M164/routes.js","C:\Users\DIYA GOEL\Downloads\EBDESIGN\backend\src\modules\M164\routes.js","1288"
"/api/v1/backend-modules/M165","legacyModuleM165Routes","DIRECT_REQUIRE","./modules/M165/routes.js","C:\Users\DIYA GOEL\Downloads\EBDESIGN\backend\src\modules\M165\routes.js","1289"
"/api/v1/backend-modules/M166","legacyModuleM166Routes","DIRECT_REQUIRE","./modules/M166/routes.js","C:\Users\DIYA GOEL\Downloads\EBDESIGN\backend\src\modules\M166\routes.js","1290"
"/api/v1/backend-modules/M167","legacyModuleM167Routes","DIRECT_REQUIRE","./modules/M167/routes.js","C:\Users\DIYA GOEL\Downloads\EBDESIGN\backend\src\modules\M167\routes.js","1291"
"/api/v1/backend-modules/M168","legacyModuleM168Routes","DIRECT_REQUIRE","./modules/M168/routes.js","C:\Users\DIYA GOEL\Downloads\EBDESIGN\backend\src\modules\M168\routes.js","1292"
"/api/v1/backend-modules/M169","legacyModuleM169Routes","DIRECT_REQUIRE","./modules/M169/routes.js","C:\Users\DIYA GOEL\Downloads\EBDESIGN\backend\src\modules\M169\routes.js","1293"
"/api/v1/backend-modules/M170","legacyModuleM170Routes","DIRECT_REQUIRE","./modules/M170/routes.js","C:\Users\DIYA GOEL\Downloads\EBDESIGN\backend\src\modules\M170\routes.js","1294"
"/api/v1/backend-modules/M171","legacyModuleM171Routes","DIRECT_REQUIRE","./modules/M171/routes.js","C:\Users\DIYA GOEL\Downloads\EBDESIGN\backend\src\modules\M171\routes.js","1295"
"/api/v1/backend-modules/M172","legacyModuleM172Routes","DIRECT_REQUIRE","./modules/M172/routes.js","C:\Users\DIYA GOEL\Downloads\EBDESIGN\backend\src\modules\M172\routes.js","1296"
"/api/v1/backend-modules/M173","legacyModuleM173Routes","DIRECT_REQUIRE","./modules/M173/routes.js","C:\Users\DIYA GOEL\Downloads\EBDESIGN\backend\src\modules\M173\routes.js","1297"
"/api/v1/backend-modules/M174","legacyModuleM174Routes","DIRECT_REQUIRE","./modules/M174/routes.js","C:\Users\DIYA GOEL\Downloads\EBDESIGN\backend\src\modules\M174\routes.js","1298"
"/api/v1/backend-modules/M175","legacyModuleM175Routes","DIRECT_REQUIRE","./modules/M175/routes.js","C:\Users\DIYA GOEL\Downloads\EBDESIGN\backend\src\modules\M175\routes.js","1299"
"/api/v1/backend-modules/M176","legacyModuleM176Routes","DIRECT_REQUIRE","./modules/M176/routes.js","C:\Users\DIYA GOEL\Downloads\EBDESIGN\backend\src\modules\M176\routes.js","1300"
"/api/v1/backend-modules/M177","legacyModuleM177Routes","DIRECT_REQUIRE","./modules/M177/routes.js","C:\Users\DIYA GOEL\Downloads\EBDESIGN\backend\src\modules\M177\routes.js","1301"
"/api/v1/backend-modules/M178","legacyModuleM178Routes","DIRECT_REQUIRE","./modules/M178/routes.js","C:\Users\DIYA GOEL\Downloads\EBDESIGN\backend\src\modules\M178\routes.js","1302"
"/api/v1/backend-modules/M179","legacyModuleM179Routes","DIRECT_REQUIRE","./modules/M179/routes.js","C:\Users\DIYA GOEL\Downloads\EBDESIGN\backend\src\modules\M179\routes.js","1303"
"/api/v1/backend-modules/M180","legacyModuleM180Routes","DIRECT_REQUIRE","./modules/M180/routes.js","C:\Users\DIYA GOEL\Downloads\EBDESIGN\backend\src\modules\M180\routes.js","1304"
"/api/v1/backend-modules/M181","legacyModuleM181Routes","DIRECT_REQUIRE","./modules/M181/routes.js","C:\Users\DIYA GOEL\Downloads\EBDESIGN\backend\src\modules\M181\routes.js","1305"
"/api/v1/backend-modules/M182","legacyModuleM182Routes","DIRECT_REQUIRE","./modules/M182/routes.js","C:\Users\DIYA GOEL\Downloads\EBDESIGN\backend\src\modules\M182\routes.js","1306"
"/api/v1/backend-modules/M183","legacyModuleM183Routes","DIRECT_REQUIRE","./modules/M183/routes.js","C:\Users\DIYA GOEL\Downloads\EBDESIGN\backend\src\modules\M183\routes.js","1307"
"/api/v1/backend-modules/M184","legacyModuleM184Routes","DIRECT_REQUIRE","./modules/M184/routes.js","C:\Users\DIYA GOEL\Downloads\EBDESIGN\backend\src\modules\M184\routes.js","1308"
"/api/v1/backend-modules/M185","legacyModuleM185Routes","DIRECT_REQUIRE","./modules/M185/routes.js","C:\Users\DIYA GOEL\Downloads\EBDESIGN\backend\src\modules\M185\routes.js","1309"
"/api/v1/backend-modules/M186","legacyModuleM186Routes","DIRECT_REQUIRE","./modules/M186/routes.js","C:\Users\DIYA GOEL\Downloads\EBDESIGN\backend\src\modules\M186\routes.js","1310"
"/api/v1/backend-modules/M187","legacyModuleM187Routes","DIRECT_REQUIRE","./modules/M187/routes.js","C:\Users\DIYA GOEL\Downloads\EBDESIGN\backend\src\modules\M187\routes.js","1311"
"/api/v1/backend-modules/M188","legacyModuleM188Routes","DIRECT_REQUIRE","./modules/M188/routes.js","C:\Users\DIYA GOEL\Downloads\EBDESIGN\backend\src\modules\M188\routes.js","1312"
"/api/v1/backend-modules/M189","legacyModuleM189Routes","DIRECT_REQUIRE","./modules/M189/routes.js","C:\Users\DIYA GOEL\Downloads\EBDESIGN\backend\src\modules\M189\routes.js","1313"
"/api/v1/backend-modules/M190","legacyModuleM190Routes","DIRECT_REQUIRE","./modules/M190/routes.js","C:\Users\DIYA GOEL\Downloads\EBDESIGN\backend\src\modules\M190\routes.js","1314"
"/api/v1/backend-modules/M191","legacyModuleM191Routes","DIRECT_REQUIRE","./modules/M191/routes.js","C:\Users\DIYA GOEL\Downloads\EBDESIGN\backend\src\modules\M191\routes.js","1315"
"/api/v1/backend-modules/M192","legacyModuleM192Routes","DIRECT_REQUIRE","./modules/M192/routes.js","C:\Users\DIYA GOEL\Downloads\EBDESIGN\backend\src\modules\M192\routes.js","1316"
"/api/v1/backend-modules/M193","legacyModuleM193Routes","DIRECT_REQUIRE","./modules/M193/routes.js","C:\Users\DIYA GOEL\Downloads\EBDESIGN\backend\src\modules\M193\routes.js","1317"
"/api/v1/backend-modules/M194","legacyModuleM194Routes","DIRECT_REQUIRE","./modules/M194/routes.js","C:\Users\DIYA GOEL\Downloads\EBDESIGN\backend\src\modules\M194\routes.js","1318"
"/api/v1/backend-modules/M195","legacyModuleM195Routes","DIRECT_REQUIRE","./modules/M195/routes.js","C:\Users\DIYA GOEL\Downloads\EBDESIGN\backend\src\modules\M195\routes.js","1319"
"/api/v1/backend-modules/M196","legacyModuleM196Routes","DIRECT_REQUIRE","./modules/M196/routes.js","C:\Users\DIYA GOEL\Downloads\EBDESIGN\backend\src\modules\M196\routes.js","1320"
"/api/v1/backend-modules/M197","legacyModuleM197Routes","DIRECT_REQUIRE","./modules/M197/routes.js","C:\Users\DIYA GOEL\Downloads\EBDESIGN\backend\src\modules\M197\routes.js","1321"
"/api/v1/backend-modules/M198","legacyModuleM198Routes","DIRECT_REQUIRE","./modules/M198/routes.js","C:\Users\DIYA GOEL\Downloads\EBDESIGN\backend\src\modules\M198\routes.js","1322"
"/api/v1/backend-modules/M199","legacyModuleM199Routes","DIRECT_REQUIRE","./modules/M199/routes.js","C:\Users\DIYA GOEL\Downloads\EBDESIGN\backend\src\modules\M199\routes.js","1323"
"/api/v1/backend-modules/M200","legacyModuleM200Routes","DIRECT_REQUIRE","./modules/M200/routes.js","C:\Users\DIYA GOEL\Downloads\EBDESIGN\backend\src\modules\M200\routes.js","1324"
"/api/v1/backend-modules/M202","legacyModuleM202Routes","DIRECT_REQUIRE","./modules/M202/routes.js","C:\Users\DIYA GOEL\Downloads\EBDESIGN\backend\src\modules\M202\routes.js","1325"
"/api/v1/backend-modules/M203","legacyModuleM203Routes","DIRECT_REQUIRE","./modules/M203/routes.js","C:\Users\DIYA GOEL\Downloads\EBDESIGN\backend\src\modules\M203\routes.js","1326"
"/api/v1/backend-modules/M204","legacyModuleM204Routes","DIRECT_REQUIRE","./modules/M204/routes.js","C:\Users\DIYA GOEL\Downloads\EBDESIGN\backend\src\modules\M204\routes.js","1327"
"/api/v1/backend-modules/M205","legacyModuleM205Routes","DIRECT_REQUIRE","./modules/M205/routes.js","C:\Users\DIYA GOEL\Downloads\EBDESIGN\backend\src\modules\M205\routes.js","1328"
"/api/v1/backend-modules/M206","legacyModuleM206Routes","DIRECT_REQUIRE","./modules/M206/routes.js","C:\Users\DIYA GOEL\Downloads\EBDESIGN\backend\src\modules\M206\routes.js","1329"
"/api/v1/backend-modules/M207","legacyModuleM207Routes","DIRECT_REQUIRE","./modules/M207/routes.js","C:\Users\DIYA GOEL\Downloads\EBDESIGN\backend\src\modules\M207\routes.js","1330"
"/api/v1/backend-modules/M208","legacyModuleM208Routes","DIRECT_REQUIRE","./modules/M208/routes.js","C:\Users\DIYA GOEL\Downloads\EBDESIGN\backend\src\modules\M208\routes.js","1331"
"/api/v1/backend-modules/M209","legacyModuleM209Routes","DIRECT_REQUIRE","./modules/M209/routes.js","C:\Users\DIYA GOEL\Downloads\EBDESIGN\backend\src\modules\M209\routes.js","1332"
"/api/v1/backend-modules/M210","legacyModuleM210Routes","DIRECT_REQUIRE","./modules/M210/routes.js","C:\Users\DIYA GOEL\Downloads\EBDESIGN\backend\src\modules\M210\routes.js","1333"
"/api/v1/backend-modules/M211","legacyModuleM211Routes","DIRECT_REQUIRE","./modules/M211/routes.js","C:\Users\DIYA GOEL\Downloads\EBDESIGN\backend\src\modules\M211\routes.js","1334"
"/api/v1/backend-modules/M212","legacyModuleM212Routes","DIRECT_REQUIRE","./modules/M212/routes.js","C:\Users\DIYA GOEL\Downloads\EBDESIGN\backend\src\modules\M212\routes.js","1335"
"/api/v1/backend-modules/M213","legacyModuleM213Routes","DIRECT_REQUIRE","./modules/M213/routes.js","C:\Users\DIYA GOEL\Downloads\EBDESIGN\backend\src\modules\M213\routes.js","1336"
"/api/v1/backend-modules/M214","legacyModuleM214Routes","DIRECT_REQUIRE","./modules/M214/routes.js","C:\Users\DIYA GOEL\Downloads\EBDESIGN\backend\src\modules\M214\routes.js","1337"
"/api/v1/backend-modules/M215","legacyModuleM215Routes","DIRECT_REQUIRE","./modules/M215/routes.js","C:\Users\DIYA GOEL\Downloads\EBDESIGN\backend\src\modules\M215\routes.js","1338"
"/api/v1/backend-modules/M216","legacyModuleM216Routes","DIRECT_REQUIRE","./modules/M216/routes.js","C:\Users\DIYA GOEL\Downloads\EBDESIGN\backend\src\modules\M216\routes.js","1339"
"/api/v1/backend-modules/M217","legacyModuleM217Routes","DIRECT_REQUIRE","./modules/M217/routes.js","C:\Users\DIYA GOEL\Downloads\EBDESIGN\backend\src\modules\M217\routes.js","1340"
"/api/v1/backend-modules/M218","legacyModuleM218Routes","DIRECT_REQUIRE","./modules/M218/routes.js","C:\Users\DIYA GOEL\Downloads\EBDESIGN\backend\src\modules\M218\routes.js","1341"
"/api/v1/backend-modules/M219","legacyModuleM219Routes","DIRECT_REQUIRE","./modules/M219/routes.js","C:\Users\DIYA GOEL\Downloads\EBDESIGN\backend\src\modules\M219\routes.js","1342"
"/api/v1/backend-modules/M220","legacyModuleM220Routes","DIRECT_REQUIRE","./modules/M220/routes.js","C:\Users\DIYA GOEL\Downloads\EBDESIGN\backend\src\modules\M220\routes.js","1343"
"/api/v1/backend-modules/M221","legacyModuleM221Routes","DIRECT_REQUIRE","./modules/M221/routes.js","C:\Users\DIYA GOEL\Downloads\EBDESIGN\backend\src\modules\M221\routes.js","1344"
"/api/v1/backend-modules/M222","legacyModuleM222Routes","DIRECT_REQUIRE","./modules/M222/routes.js","C:\Users\DIYA GOEL\Downloads\EBDESIGN\backend\src\modules\M222\routes.js","1345"
"/api/v1/backend-modules/M223","legacyModuleM223Routes","DIRECT_REQUIRE","./modules/M223/routes.js","C:\Users\DIYA GOEL\Downloads\EBDESIGN\backend\src\modules\M223\routes.js","1346"
"/api/v1/backend-modules/M224","legacyModuleM224Routes","DIRECT_REQUIRE","./modules/M224/routes.js","C:\Users\DIYA GOEL\Downloads\EBDESIGN\backend\src\modules\M224\routes.js","1347"
"/api/v1/backend-modules/M225","legacyModuleM225Routes","DIRECT_REQUIRE","./modules/M225/routes.js","C:\Users\DIYA GOEL\Downloads\EBDESIGN\backend\src\modules\M225\routes.js","1348"
"/api/v1/backend-modules/M226","legacyModuleM226Routes","DIRECT_REQUIRE","./modules/M226/routes.js","C:\Users\DIYA GOEL\Downloads\EBDESIGN\backend\src\modules\M226\routes.js","1349"
"/api/v1/backend-modules/M227","legacyModuleM227Routes","DIRECT_REQUIRE","./modules/M227/routes.js","C:\Users\DIYA GOEL\Downloads\EBDESIGN\backend\src\modules\M227\routes.js","1350"
"/api/v1/backend-modules/M228","legacyModuleM228Routes","DIRECT_REQUIRE","./modules/M228/routes.js","C:\Users\DIYA GOEL\Downloads\EBDESIGN\backend\src\modules\M228\routes.js","1351"
"/api/v1/backend-modules/M229","legacyModuleM229Routes","DIRECT_REQUIRE","./modules/M229/routes.js","C:\Users\DIYA GOEL\Downloads\EBDESIGN\backend\src\modules\M229\routes.js","1352"
"/api/v1/backend-modules/M230","legacyModuleM230Routes","DIRECT_REQUIRE","./modules/M230/routes.js","C:\Users\DIYA GOEL\Downloads\EBDESIGN\backend\src\modules\M230\routes.js","1353"
"/api/v1/backend-modules/M231","legacyModuleM231Routes","DIRECT_REQUIRE","./modules/M231/routes.js","C:\Users\DIYA GOEL\Downloads\EBDESIGN\backend\src\modules\M231\routes.js","1354"
"/api/v1/backend-modules/M232","legacyModuleM232Routes","DIRECT_REQUIRE","./modules/M232/routes.js","C:\Users\DIYA GOEL\Downloads\EBDESIGN\backend\src\modules\M232\routes.js","1355"
"/api/v1/backend-modules/M233","legacyModuleM233Routes","DIRECT_REQUIRE","./modules/M233/routes.js","C:\Users\DIYA GOEL\Downloads\EBDESIGN\backend\src\modules\M233\routes.js","1356"
"/api/v1/backend-modules/M234","legacyModuleM234Routes","DIRECT_REQUIRE","./modules/M234/routes.js","C:\Users\DIYA GOEL\Downloads\EBDESIGN\backend\src\modules\M234\routes.js","1357"
"/api/v1/backend-modules/M235","legacyModuleM235Routes","DIRECT_REQUIRE","./modules/M235/routes.js","C:\Users\DIYA GOEL\Downloads\EBDESIGN\backend\src\modules\M235\routes.js","1358"
"/api/v1/backend-modules/M236","legacyModuleM236Routes","DIRECT_REQUIRE","./modules/M236/routes.js","C:\Users\DIYA GOEL\Downloads\EBDESIGN\backend\src\modules\M236\routes.js","1359"
"/api/v1/backend-modules/M237","legacyModuleM237Routes","DIRECT_REQUIRE","./modules/M237/routes.js","C:\Users\DIYA GOEL\Downloads\EBDESIGN\backend\src\modules\M237\routes.js","1360"
"/api/v1/backend-modules/M238","legacyModuleM238Routes","DIRECT_REQUIRE","./modules/M238/routes.js","C:\Users\DIYA GOEL\Downloads\EBDESIGN\backend\src\modules\M238\routes.js","1361"
"/api/v1/backend-modules/M239","legacyModuleM239Routes","DIRECT_REQUIRE","./modules/M239/routes.js","C:\Users\DIYA GOEL\Downloads\EBDESIGN\backend\src\modules\M239\routes.js","1362"
"/api/v1/backend-modules/M240","legacyModuleM240Routes","DIRECT_REQUIRE","./modules/M240/routes.js","C:\Users\DIYA GOEL\Downloads\EBDESIGN\backend\src\modules\M240\routes.js","1363"
"/api/v1/backend-modules/M241","legacyModuleM241Routes","DIRECT_REQUIRE","./modules/M241/routes.js","C:\Users\DIYA GOEL\Downloads\EBDESIGN\backend\src\modules\M241\routes.js","1364"
"/api/v1/backend-modules/M242","legacyModuleM242Routes","DIRECT_REQUIRE","./modules/M242/routes.js","C:\Users\DIYA GOEL\Downloads\EBDESIGN\backend\src\modules\M242\routes.js","1365"
"/api/v1/backend-modules/M243","legacyModuleM243Routes","DIRECT_REQUIRE","./modules/M243/routes.js","C:\Users\DIYA GOEL\Downloads\EBDESIGN\backend\src\modules\M243\routes.js","1366"
"/api/v1/backend-modules/M244","legacyModuleM244Routes","DIRECT_REQUIRE","./modules/M244/routes.js","C:\Users\DIYA GOEL\Downloads\EBDESIGN\backend\src\modules\M244\routes.js","1367"
"/api/v1/backend-modules/M245","legacyModuleM245Routes","DIRECT_REQUIRE","./modules/M245/routes.js","C:\Users\DIYA GOEL\Downloads\EBDESIGN\backend\src\modules\M245\routes.js","1368"
"/api/v1/backend-modules/M246","legacyModuleM246Routes","DIRECT_REQUIRE","./modules/M246/routes.js","C:\Users\DIYA GOEL\Downloads\EBDESIGN\backend\src\modules\M246\routes.js","1369"
"/api/v1/backend-modules/M247","legacyModuleM247Routes","DIRECT_REQUIRE","./modules/M247/routes.js","C:\Users\DIYA GOEL\Downloads\EBDESIGN\backend\src\modules\M247\routes.js","1370"
"/api/v1/backend-modules/M248","legacyModuleM248Routes","DIRECT_REQUIRE","./modules/M248/routes.js","C:\Users\DIYA GOEL\Downloads\EBDESIGN\backend\src\modules\M248\routes.js","1371"
"/api/v1/backend-modules/M249","legacyModuleM249Routes","DIRECT_REQUIRE","./modules/M249/routes.js","C:\Users\DIYA GOEL\Downloads\EBDESIGN\backend\src\modules\M249\routes.js","1372"
"/api/v1/backend-modules/M250","legacyModuleM250Routes","DIRECT_REQUIRE","./modules/M250/routes.js","C:\Users\DIYA GOEL\Downloads\EBDESIGN\backend\src\modules\M250\routes.js","1373"
"/api/v1/backend-modules/M251","legacyModuleM251Routes","DIRECT_REQUIRE","./modules/M251/routes.js","C:\Users\DIYA GOEL\Downloads\EBDESIGN\backend\src\modules\M251\routes.js","1374"
"/api/v1/backend-modules/M252","legacyModuleM252Routes","DIRECT_REQUIRE","./modules/M252/routes.js","C:\Users\DIYA GOEL\Downloads\EBDESIGN\backend\src\modules\M252\routes.js","1375"
"/api/v1/backend-modules/M253","legacyModuleM253Routes","DIRECT_REQUIRE","./modules/M253/routes.js","C:\Users\DIYA GOEL\Downloads\EBDESIGN\backend\src\modules\M253\routes.js","1376"
"/api/v1/backend-modules/M254","legacyModuleM254Routes","DIRECT_REQUIRE","./modules/M254/routes.js","C:\Users\DIYA GOEL\Downloads\EBDESIGN\backend\src\modules\M254\routes.js","1377"
"/api/v1/backend-modules/M255","legacyModuleM255Routes","DIRECT_REQUIRE","./modules/M255/routes.js","C:\Users\DIYA GOEL\Downloads\EBDESIGN\backend\src\modules\M255\routes.js","1378"
"/api/v1/backend-modules/M256","legacyModuleM256Routes","DIRECT_REQUIRE","./modules/M256/routes.js","C:\Users\DIYA GOEL\Downloads\EBDESIGN\backend\src\modules\M256\routes.js","1379"
"/api/v1/backend-modules/M257","legacyModuleM257Routes","DIRECT_REQUIRE","./modules/M257/routes.js","C:\Users\DIYA GOEL\Downloads\EBDESIGN\backend\src\modules\M257\routes.js","1380"
"/api/v1/backend-modules/M258","legacyModuleM258Routes","DIRECT_REQUIRE","./modules/M258/routes.js","C:\Users\DIYA GOEL\Downloads\EBDESIGN\backend\src\modules\M258\routes.js","1381"
"/api/v1/backend-modules/M259","legacyModuleM259Routes","DIRECT_REQUIRE","./modules/M259/routes.js","C:\Users\DIYA GOEL\Downloads\EBDESIGN\backend\src\modules\M259\routes.js","1382"
"/api/v1/backend-modules/M260","legacyModuleM260Routes","DIRECT_REQUIRE","./modules/M260/routes.js","C:\Users\DIYA GOEL\Downloads\EBDESIGN\backend\src\modules\M260\routes.js","1383"
"/api/v1/backend-modules/M261","legacyModuleM261Routes","DIRECT_REQUIRE","./modules/M261/routes.js","C:\Users\DIYA GOEL\Downloads\EBDESIGN\backend\src\modules\M261\routes.js","1384"
"/api/v1/backend-modules/M262","legacyModuleM262Routes","DIRECT_REQUIRE","./modules/M262/routes.js","C:\Users\DIYA GOEL\Downloads\EBDESIGN\backend\src\modules\M262\routes.js","1385"
"/api/v1/backend-modules/M263","legacyModuleM263Routes","DIRECT_REQUIRE","./modules/M263/routes.js","C:\Users\DIYA GOEL\Downloads\EBDESIGN\backend\src\modules\M263\routes.js","1386"
"/api/v1/backend-modules/M264","legacyModuleM264Routes","DIRECT_REQUIRE","./modules/M264/routes.js","C:\Users\DIYA GOEL\Downloads\EBDESIGN\backend\src\modules\M264\routes.js","1387"
"/api/v1/backend-modules/M265","legacyModuleM265Routes","DIRECT_REQUIRE","./modules/M265/routes.js","C:\Users\DIYA GOEL\Downloads\EBDESIGN\backend\src\modules\M265\routes.js","1388"
"/api/v1/backend-modules/M266","legacyModuleM266Routes","DIRECT_REQUIRE","./modules/M266/routes.js","C:\Users\DIYA GOEL\Downloads\EBDESIGN\backend\src\modules\M266\routes.js","1389"
"/api/v1/backend-modules/M267","legacyModuleM267Routes","DIRECT_REQUIRE","./modules/M267/routes.js","C:\Users\DIYA GOEL\Downloads\EBDESIGN\backend\src\modules\M267\routes.js","1390"
"/api/v1/backend-modules/M268","legacyModuleM268Routes","DIRECT_REQUIRE","./modules/M268/routes.js","C:\Users\DIYA GOEL\Downloads\EBDESIGN\backend\src\modules\M268\routes.js","1391"
"/api/v1/backend-modules/M269","legacyModuleM269Routes","DIRECT_REQUIRE","./modules/M269/routes.js","C:\Users\DIYA GOEL\Downloads\EBDESIGN\backend\src\modules\M269\routes.js","1392"
"/api/v1/backend-modules/M270","legacyModuleM270Routes","DIRECT_REQUIRE","./modules/M270/routes.js","C:\Users\DIYA GOEL\Downloads\EBDESIGN\backend\src\modules\M270\routes.js","1393"
"/api/v1/backend-modules/M271","legacyModuleM271Routes","DIRECT_REQUIRE","./modules/M271/routes.js","C:\Users\DIYA GOEL\Downloads\EBDESIGN\backend\src\modules\M271\routes.js","1394"
"/api/v1/backend-modules/M272","legacyModuleM272Routes","DIRECT_REQUIRE","./modules/M272/routes.js","C:\Users\DIYA GOEL\Downloads\EBDESIGN\backend\src\modules\M272\routes.js","1395"
"/api/v1/backend-modules/M273","legacyModuleM273Routes","DIRECT_REQUIRE","./modules/M273/routes.js","C:\Users\DIYA GOEL\Downloads\EBDESIGN\backend\src\modules\M273\routes.js","1396"
"/api/v1/backend-modules/M274","legacyModuleM274Routes","DIRECT_REQUIRE","./modules/M274/routes.js","C:\Users\DIYA GOEL\Downloads\EBDESIGN\backend\src\modules\M274\routes.js","1397"
"/api/v1/backend-modules/M275","legacyModuleM275Routes","DIRECT_REQUIRE","./modules/M275/routes.js","C:\Users\DIYA GOEL\Downloads\EBDESIGN\backend\src\modules\M275\routes.js","1398"
"/api/v1/backend-modules/M276","legacyModuleM276Routes","DIRECT_REQUIRE","./modules/M276/routes.js","C:\Users\DIYA GOEL\Downloads\EBDESIGN\backend\src\modules\M276\routes.js","1399"
"/api/v1/backend-modules/M277","legacyModuleM277Routes","DIRECT_REQUIRE","./modules/M277/routes.js","C:\Users\DIYA GOEL\Downloads\EBDESIGN\backend\src\modules\M277\routes.js","1400"
"/api/v1/backend-modules/M278","legacyModuleM278Routes","DIRECT_REQUIRE","./modules/M278/routes.js","C:\Users\DIYA GOEL\Downloads\EBDESIGN\backend\src\modules\M278\routes.js","1401"
"/api/v1/backend-modules/M279","legacyModuleM279Routes","DIRECT_REQUIRE","./modules/M279/routes.js","C:\Users\DIYA GOEL\Downloads\EBDESIGN\backend\src\modules\M279\routes.js","1402"
"/api/v1/backend-modules/M280","legacyModuleM280Routes","DIRECT_REQUIRE","./modules/M280/routes.js","C:\Users\DIYA GOEL\Downloads\EBDESIGN\backend\src\modules\M280\routes.js","1403"
"/api/v1/backend-modules/M281","legacyModuleM281Routes","DIRECT_REQUIRE","./modules/M281/routes.js","C:\Users\DIYA GOEL\Downloads\EBDESIGN\backend\src\modules\M281\routes.js","1404"
"/api/v1/backend-modules/M282","legacyModuleM282Routes","DIRECT_REQUIRE","./modules/M282/routes.js","C:\Users\DIYA GOEL\Downloads\EBDESIGN\backend\src\modules\M282\routes.js","1405"
"/api/v1/backend-modules/M283","legacyModuleM283Routes","DIRECT_REQUIRE","./modules/M283/routes.js","C:\Users\DIYA GOEL\Downloads\EBDESIGN\backend\src\modules\M283\routes.js","1406"
"/api/v1/backend-modules/M284","legacyModuleM284Routes","DIRECT_REQUIRE","./modules/M284/routes.js","C:\Users\DIYA GOEL\Downloads\EBDESIGN\backend\src\modules\M284\routes.js","1407"
"/api/v1/backend-modules/M285","legacyModuleM285Routes","DIRECT_REQUIRE","./modules/M285/routes.js","C:\Users\DIYA GOEL\Downloads\EBDESIGN\backend\src\modules\M285\routes.js","1408"
"/api/v1/backend-modules/M286","legacyModuleM286Routes","DIRECT_REQUIRE","./modules/M286/routes.js","C:\Users\DIYA GOEL\Downloads\EBDESIGN\backend\src\modules\M286\routes.js","1409"
"/api/v1/backend-modules/M287","legacyModuleM287Routes","DIRECT_REQUIRE","./modules/M287/routes.js","C:\Users\DIYA GOEL\Downloads\EBDESIGN\backend\src\modules\M287\routes.js","1410"
"/api/v1/backend-modules/M288","legacyModuleM288Routes","DIRECT_REQUIRE","./modules/M288/routes.js","C:\Users\DIYA GOEL\Downloads\EBDESIGN\backend\src\modules\M288\routes.js","1411"
"/api/v1/backend-modules/M289","legacyModuleM289Routes","DIRECT_REQUIRE","./modules/M289/routes.js","C:\Users\DIYA GOEL\Downloads\EBDESIGN\backend\src\modules\M289\routes.js","1412"
"/api/v1/backend-modules/M290","legacyModuleM290Routes","DIRECT_REQUIRE","./modules/M290/routes.js","C:\Users\DIYA GOEL\Downloads\EBDESIGN\backend\src\modules\M290\routes.js","1413"
"/api/v1/backend-modules/M291","legacyModuleM291Routes","DIRECT_REQUIRE","./modules/M291/routes.js","C:\Users\DIYA GOEL\Downloads\EBDESIGN\backend\src\modules\M291\routes.js","1414"
"/api/v1/backend-modules/M292","legacyModuleM292Routes","DIRECT_REQUIRE","./modules/M292/routes.js","C:\Users\DIYA GOEL\Downloads\EBDESIGN\backend\src\modules\M292\routes.js","1415"
"/api/v1/backend-modules/M293","legacyModuleM293Routes","DIRECT_REQUIRE","./modules/M293/routes.js","C:\Users\DIYA GOEL\Downloads\EBDESIGN\backend\src\modules\M293\routes.js","1416"
"/api/v1/backend-modules/M294","legacyModuleM294Routes","DIRECT_REQUIRE","./modules/M294/routes.js","C:\Users\DIYA GOEL\Downloads\EBDESIGN\backend\src\modules\M294\routes.js","1417"
"/api/v1/backend-modules/M295","legacyModuleM295Routes","DIRECT_REQUIRE","./modules/M295/routes.js","C:\Users\DIYA GOEL\Downloads\EBDESIGN\backend\src\modules\M295\routes.js","1418"
"/api/v1/backend-modules/M296","legacyModuleM296Routes","DIRECT_REQUIRE","./modules/M296/routes.js","C:\Users\DIYA GOEL\Downloads\EBDESIGN\backend\src\modules\M296\routes.js","1419"
"/api/v1/backend-modules/M297","legacyModuleM297Routes","DIRECT_REQUIRE","./modules/M297/routes.js","C:\Users\DIYA GOEL\Downloads\EBDESIGN\backend\src\modules\M297\routes.js","1420"
"/api/v1/backend-modules/M298","legacyModuleM298Routes","DIRECT_REQUIRE","./modules/M298/routes.js","C:\Users\DIYA GOEL\Downloads\EBDESIGN\backend\src\modules\M298\routes.js","1421"
"/api/v1/backend-modules/M299","legacyModuleM299Routes","DIRECT_REQUIRE","./modules/M299/routes.js","C:\Users\DIYA GOEL\Downloads\EBDESIGN\backend\src\modules\M299\routes.js","1422"
"/api/v1/backend-modules/M300","legacyModuleM300Routes","DIRECT_REQUIRE","./modules/M300/routes.js","C:\Users\DIYA GOEL\Downloads\EBDESIGN\backend\src\modules\M300\routes.js","1423"
"/api/v1/backend-modules/M302","legacyModuleM302Routes","DIRECT_REQUIRE","./modules/M302/routes.js","C:\Users\DIYA GOEL\Downloads\EBDESIGN\backend\src\modules\M302\routes.js","1424"
"/api/v1/backend-modules/M303","legacyModuleM303Routes","DIRECT_REQUIRE","./modules/M303/routes.js","C:\Users\DIYA GOEL\Downloads\EBDESIGN\backend\src\modules\M303\routes.js","1425"
"/api/v1/backend-modules/M304","legacyModuleM304Routes","DIRECT_REQUIRE","./modules/M304/routes.js","C:\Users\DIYA GOEL\Downloads\EBDESIGN\backend\src\modules\M304\routes.js","1426"
"/api/v1/backend-modules/M305","legacyModuleM305Routes","DIRECT_REQUIRE","./modules/M305/routes.js","C:\Users\DIYA GOEL\Downloads\EBDESIGN\backend\src\modules\M305\routes.js","1427"
"/api/v1/backend-modules/M306","legacyModuleM306Routes","DIRECT_REQUIRE","./modules/M306/routes.js","C:\Users\DIYA GOEL\Downloads\EBDESIGN\backend\src\modules\M306\routes.js","1428"
"/api/v1/backend-modules/M307","legacyModuleM307Routes","DIRECT_REQUIRE","./modules/M307/routes.js","C:\Users\DIYA GOEL\Downloads\EBDESIGN\backend\src\modules\M307\routes.js","1429"
"/api/v1/backend-modules/M308","legacyModuleM308Routes","DIRECT_REQUIRE","./modules/M308/routes.js","C:\Users\DIYA GOEL\Downloads\EBDESIGN\backend\src\modules\M308\routes.js","1430"
"/api/v1/backend-modules/M309","legacyModuleM309Routes","DIRECT_REQUIRE","./modules/M309/routes.js","C:\Users\DIYA GOEL\Downloads\EBDESIGN\backend\src\modules\M309\routes.js","1431"
"/api/v1/backend-modules/M310","legacyModuleM310Routes","DIRECT_REQUIRE","./modules/M310/routes.js","C:\Users\DIYA GOEL\Downloads\EBDESIGN\backend\src\modules\M310\routes.js","1432"
"/api/v1/backend-modules/M311","legacyModuleM311Routes","DIRECT_REQUIRE","./modules/M311/routes.js","C:\Users\DIYA GOEL\Downloads\EBDESIGN\backend\src\modules\M311\routes.js","1433"
"/api/v1/backend-modules/M312","legacyModuleM312Routes","DIRECT_REQUIRE","./modules/M312/routes.js","C:\Users\DIYA GOEL\Downloads\EBDESIGN\backend\src\modules\M312\routes.js","1434"
"/api/v1/backend-modules/M313","legacyModuleM313Routes","DIRECT_REQUIRE","./modules/M313/routes.js","C:\Users\DIYA GOEL\Downloads\EBDESIGN\backend\src\modules\M313\routes.js","1435"
"/api/v1/backend-modules/M314","legacyModuleM314Routes","DIRECT_REQUIRE","./modules/M314/routes.js","C:\Users\DIYA GOEL\Downloads\EBDESIGN\backend\src\modules\M314\routes.js","1436"
"/api/v1/backend-modules/M315","legacyModuleM315Routes","DIRECT_REQUIRE","./modules/M315/routes.js","C:\Users\DIYA GOEL\Downloads\EBDESIGN\backend\src\modules\M315\routes.js","1437"
"/api/v1/backend-modules/M316","legacyModuleM316Routes","DIRECT_REQUIRE","./modules/M316/routes.js","C:\Users\DIYA GOEL\Downloads\EBDESIGN\backend\src\modules\M316\routes.js","1438"
"/api/v1/backend-modules/M317","legacyModuleM317Routes","DIRECT_REQUIRE","./modules/M317/routes.js","C:\Users\DIYA GOEL\Downloads\EBDESIGN\backend\src\modules\M317\routes.js","1439"
"/api/v1/backend-modules/M318","legacyModuleM318Routes","DIRECT_REQUIRE","./modules/M318/routes.js","C:\Users\DIYA GOEL\Downloads\EBDESIGN\backend\src\modules\M318\routes.js","1440"
"/api/v1/backend-modules/M319","legacyModuleM319Routes","DIRECT_REQUIRE","./modules/M319/routes.js","C:\Users\DIYA GOEL\Downloads\EBDESIGN\backend\src\modules\M319\routes.js","1441"
"/api/v1/backend-modules/M320","legacyModuleM320Routes","DIRECT_REQUIRE","./modules/M320/routes.js","C:\Users\DIYA GOEL\Downloads\EBDESIGN\backend\src\modules\M320\routes.js","1442"
"/api/v1/backend-modules/M321","legacyModuleM321Routes","DIRECT_REQUIRE","./modules/M321/routes.js","C:\Users\DIYA GOEL\Downloads\EBDESIGN\backend\src\modules\M321\routes.js","1443"
"/api/v1/backend-modules/M322","legacyModuleM322Routes","DIRECT_REQUIRE","./modules/M322/routes.js","C:\Users\DIYA GOEL\Downloads\EBDESIGN\backend\src\modules\M322\routes.js","1444"
"/api/v1/backend-modules/M323","legacyModuleM323Routes","DIRECT_REQUIRE","./modules/M323/routes.js","C:\Users\DIYA GOEL\Downloads\EBDESIGN\backend\src\modules\M323\routes.js","1445"
"/api/v1/backend-modules/M324","legacyModuleM324Routes","DIRECT_REQUIRE","./modules/M324/routes.js","C:\Users\DIYA GOEL\Downloads\EBDESIGN\backend\src\modules\M324\routes.js","1446"
"/api/v1/backend-modules/M325","legacyModuleM325Routes","DIRECT_REQUIRE","./modules/M325/routes.js","C:\Users\DIYA GOEL\Downloads\EBDESIGN\backend\src\modules\M325\routes.js","1447"
"/api/v1/backend-modules/M326","legacyModuleM326Routes","DIRECT_REQUIRE","./modules/M326/routes.js","C:\Users\DIYA GOEL\Downloads\EBDESIGN\backend\src\modules\M326\routes.js","1448"
"/api/v1/backend-modules/M327","legacyModuleM327Routes","DIRECT_REQUIRE","./modules/M327/routes.js","C:\Users\DIYA GOEL\Downloads\EBDESIGN\backend\src\modules\M327\routes.js","1449"
"/api/v1/backend-modules/M328","legacyModuleM328Routes","DIRECT_REQUIRE","./modules/M328/routes.js","C:\Users\DIYA GOEL\Downloads\EBDESIGN\backend\src\modules\M328\routes.js","1450"
"/api/v1/backend-modules/M329","legacyModuleM329Routes","DIRECT_REQUIRE","./modules/M329/routes.js","C:\Users\DIYA GOEL\Downloads\EBDESIGN\backend\src\modules\M329\routes.js","1451"
"/api/v1/backend-modules/M330","legacyModuleM330Routes","DIRECT_REQUIRE","./modules/M330/routes.js","C:\Users\DIYA GOEL\Downloads\EBDESIGN\backend\src\modules\M330\routes.js","1452"
"/api/v1/backend-modules/M331","legacyModuleM331Routes","DIRECT_REQUIRE","./modules/M331/routes.js","C:\Users\DIYA GOEL\Downloads\EBDESIGN\backend\src\modules\M331\routes.js","1453"
"/api/v1/backend-modules/M332","legacyModuleM332Routes","DIRECT_REQUIRE","./modules/M332/routes.js","C:\Users\DIYA GOEL\Downloads\EBDESIGN\backend\src\modules\M332\routes.js","1454"
"/api/v1/backend-modules/M333","legacyModuleM333Routes","DIRECT_REQUIRE","./modules/M333/routes.js","C:\Users\DIYA GOEL\Downloads\EBDESIGN\backend\src\modules\M333\routes.js","1455"
"/api/v1/backend-modules/M334","legacyModuleM334Routes","DIRECT_REQUIRE","./modules/M334/routes.js","C:\Users\DIYA GOEL\Downloads\EBDESIGN\backend\src\modules\M334\routes.js","1456"
"/api/v1/backend-modules/M335","legacyModuleM335Routes","DIRECT_REQUIRE","./modules/M335/routes.js","C:\Users\DIYA GOEL\Downloads\EBDESIGN\backend\src\modules\M335\routes.js","1457"
"/api/v1/backend-modules/M336","legacyModuleM336Routes","DIRECT_REQUIRE","./modules/M336/routes.js","C:\Users\DIYA GOEL\Downloads\EBDESIGN\backend\src\modules\M336\routes.js","1458"
"/api/v1/backend-modules/M337","legacyModuleM337Routes","DIRECT_REQUIRE","./modules/M337/routes.js","C:\Users\DIYA GOEL\Downloads\EBDESIGN\backend\src\modules\M337\routes.js","1459"
"/api/v1/backend-modules/M338","legacyModuleM338Routes","DIRECT_REQUIRE","./modules/M338/routes.js","C:\Users\DIYA GOEL\Downloads\EBDESIGN\backend\src\modules\M338\routes.js","1460"
"/api/v1/backend-modules/M339","legacyModuleM339Routes","DIRECT_REQUIRE","./modules/M339/routes.js","C:\Users\DIYA GOEL\Downloads\EBDESIGN\backend\src\modules\M339\routes.js","1461"
"/api/v1/backend-modules/M340","legacyModuleM340Routes","DIRECT_REQUIRE","./modules/M340/routes.js","C:\Users\DIYA GOEL\Downloads\EBDESIGN\backend\src\modules\M340\routes.js","1462"
"/api/v1/backend-modules/M341","legacyModuleM341Routes","DIRECT_REQUIRE","./modules/M341/routes.js","C:\Users\DIYA GOEL\Downloads\EBDESIGN\backend\src\modules\M341\routes.js","1463"
"/api/v1/backend-modules/M342","legacyModuleM342Routes","DIRECT_REQUIRE","./modules/M342/routes.js","C:\Users\DIYA GOEL\Downloads\EBDESIGN\backend\src\modules\M342\routes.js","1464"
"/api/v1/backend-modules/M343","legacyModuleM343Routes","DIRECT_REQUIRE","./modules/M343/routes.js","C:\Users\DIYA GOEL\Downloads\EBDESIGN\backend\src\modules\M343\routes.js","1465"
"/api/v1/backend-modules/M344","legacyModuleM344Routes","DIRECT_REQUIRE","./modules/M344/routes.js","C:\Users\DIYA GOEL\Downloads\EBDESIGN\backend\src\modules\M344\routes.js","1466"
"/api/yieldmanagement","yieldManagement","DIRECT_REQUIRE","./routes/yieldManagement.js","C:\Users\DIYA GOEL\Downloads\EBDESIGN\backend\src\routes\yieldManagement.js","1467"
"/api/wikipedia","wikipediaRoutes","DIRECT_REQUIRE","./routes/wikipediaRoutes.js","C:\Users\DIYA GOEL\Downloads\EBDESIGN\backend\src\routes\wikipediaRoutes.js","1468"
"/api/weather","weatherRoutes","DIRECT_REQUIRE","./routes/weatherRoutes.js","C:\Users\DIYA GOEL\Downloads\EBDESIGN\backend\src\routes\weatherRoutes.js","1469"
"/api/weatheradvisory","weatherAdvisory","DIRECT_REQUIRE","./routes/weatherAdvisory.js","C:\Users\DIYA GOEL\Downloads\EBDESIGN\backend\src\routes\weatherAdvisory.js","1470"
"/api/v1/sms-auth","smsAuthService","DIRECT_REQUIRE","./services/platform/smsAuthService","C:\Users\DIYA GOEL\Downloads\EBDESIGN\backend\src\services\platform\smsAuthService.js","1471"
"/api/wearableintegration","wearableIntegrationRoutes","DIRECT_REQUIRE","./routes/wearableIntegrationRoutes.js","C:\Users\DIYA GOEL\Downloads\EBDESIGN\backend\src\routes\wearableIntegrationRoutes.js","1472"
"/api/watermanagement","waterManagementRoutes","DIRECT_REQUIRE","./routes/waterManagementRoutes.js","C:\Users\DIYA GOEL\Downloads\EBDESIGN\backend\src\routes\waterManagementRoutes.js","1473"
"/api/warehousemanagement","warehouseManagement","DIRECT_REQUIRE","./routes/warehouseManagement.js","C:\Users\DIYA GOEL\Downloads\EBDESIGN\backend\src\routes\warehouseManagement.js","1474"
"/api/wallet","walletRoutes","DIRECT_REQUIRE","./routes/walletRoutes.js","C:\Users\DIYA GOEL\Downloads\EBDESIGN\backend\src\routes\walletRoutes.js","1475"
"/api/vr","vr","DIRECT_REQUIRE","./routes/vr.js","C:\Users\DIYA GOEL\Downloads\EBDESIGN\backend\src\routes\vr.js","1476"
"/api/vision","visionRoutes","DIRECT_REQUIRE","./routes/visionRoutes.js","C:\Users\DIYA GOEL\Downloads\EBDESIGN\backend\src\routes\visionRoutes.js","1477"
"/api/videoanalytics","videoAnalytics","DIRECT_REQUIRE","./routes/videoAnalytics.js","C:\Users\DIYA GOEL\Downloads\EBDESIGN\backend\src\routes\videoAnalytics.js","1478"
"/api/vendor","vendorRoutes","DIRECT_REQUIRE","./routes/vendorRoutes.js","C:\Users\DIYA GOEL\Downloads\EBDESIGN\backend\src\routes\vendorRoutes.js","1479"
"/api/user","userRoutes","DIRECT_REQUIRE","./routes/userRoutes.js","C:\Users\DIYA GOEL\Downloads\EBDESIGN\backend\src\routes\userRoutes.js","1480"
"/api/unifiedai","unifiedAIRoutes","DIRECT_REQUIRE","./routes/unifiedAIRoutes.js","C:\Users\DIYA GOEL\Downloads\EBDESIGN\backend\src\routes\unifiedAIRoutes.js","1481"
"/api/ai","unifiedAIRoutes","DIRECT_REQUIRE","./routes/unifiedAIRoutes.js","C:\Users\DIYA GOEL\Downloads\EBDESIGN\backend\src\routes\unifiedAIRoutes.js","1482"
"/api/v1/ai","unifiedAIRoutes","DIRECT_REQUIRE","./routes/unifiedAIRoutes.js","C:\Users\DIYA GOEL\Downloads\EBDESIGN\backend\src\routes\unifiedAIRoutes.js","1483"
"/api/ai/copilot","aiCopilotFramework","DIRECT_REQUIRE","./services/legacy/aiCopilotService.js","C:\Users\DIYA GOEL\Downloads\EBDESIGN\backend\src\services\legacy\aiCopilotService.js","1484"
"/api/v1/ai/copilot","aiCopilotFramework","DIRECT_REQUIRE","./services/legacy/aiCopilotService.js","C:\Users\DIYA GOEL\Downloads\EBDESIGN\backend\src\services\legacy\aiCopilotService.js","1485"
"/api/ai/models","aiModelsRoutes","DIRECT_REQUIRE","./routes/aiModelsRoutes.js","C:\Users\DIYA GOEL\Downloads\EBDESIGN\backend\src\routes\aiModelsRoutes.js","1486"
"/api/ai/training","aiTrainingEvaluationRoutes","DIRECT_REQUIRE","./routes/aiTrainingEvaluationRoutes.js","C:\Users\DIYA GOEL\Downloads\EBDESIGN\backend\src\routes\aiTrainingEvaluationRoutes.js","1487"
"/api/v1/ai/models","aiModelsRoutes","DIRECT_REQUIRE","./routes/aiModelsRoutes.js","C:\Users\DIYA GOEL\Downloads\EBDESIGN\backend\src\routes\aiModelsRoutes.js","1488"
"/api/v1/ai/training","aiTrainingEvaluationRoutes","DIRECT_REQUIRE","./routes/aiTrainingEvaluationRoutes.js","C:\Users\DIYA GOEL\Downloads\EBDESIGN\backend\src\routes\aiTrainingEvaluationRoutes.js","1489"
"/api/monitoring","infrastructureMonitoringRoutes","DIRECT_REQUIRE","./routes/infrastructureMonitoringRoutes.js","C:\Users\DIYA GOEL\Downloads\EBDESIGN\backend\src\routes\infrastructureMonitoringRoutes.js","1490"
"/api/v1/monitoring","infrastructureMonitoringRoutes","DIRECT_REQUIRE","./routes/infrastructureMonitoringRoutes.js","C:\Users\DIYA GOEL\Downloads\EBDESIGN\backend\src\routes\infrastructureMonitoringRoutes.js","1491"
"/api/gdpr","gdprComplianceRoutes","DIRECT_REQUIRE","./routes/gdprComplianceRoutes.js","C:\Users\DIYA GOEL\Downloads\EBDESIGN\backend\src\routes\gdprComplianceRoutes.js","1492"
"/api/v1/gdpr","gdprComplianceRoutes","DIRECT_REQUIRE","./routes/gdprComplianceRoutes.js","C:\Users\DIYA GOEL\Downloads\EBDESIGN\backend\src\routes\gdprComplianceRoutes.js","1493"
"/api/unifiedaigateway","unifiedAIGateway","DIRECT_REQUIRE","./routes/unifiedAIGateway.js","C:\Users\DIYA GOEL\Downloads\EBDESIGN\backend\src\routes\unifiedAIGateway.js","1494"
"/api/transaction","transactionRoutes","DIRECT_REQUIRE","./routes/transactionRoutes.js","C:\Users\DIYA GOEL\Downloads\EBDESIGN\backend\src\routes\transactionRoutes.js","1495"
"/api/trackdart","trackDartRoutes","DIRECT_REQUIRE","./routes/trackDartRoutes.js","C:\Users\DIYA GOEL\Downloads\EBDESIGN\backend\src\routes\trackDartRoutes.js","1496"
"/api/tenantmanagement","tenantManagementRoutes","DIRECT_REQUIRE","./routes/tenantManagementRoutes.js","C:\Users\DIYA GOEL\Downloads\EBDESIGN\backend\src\routes\tenantManagementRoutes.js","1497"
"/api/systemadministration","systemAdministrationRoutes","DIRECT_REQUIRE","./routes/systemAdministrationRoutes.js","C:\Users\DIYA GOEL\Downloads\EBDESIGN\backend\src\routes\systemAdministrationRoutes.js","1498"
"/api/supplychaintracking","supplyChainTracking","DIRECT_REQUIRE","./routes/supplyChainTracking.js","C:\Users\DIYA GOEL\Downloads\EBDESIGN\backend\src\routes\supplyChainTracking.js","1499"
"/api/supplychainanalytics","supplyChainAnalytics","DIRECT_REQUIRE","./routes/supplyChainAnalytics.js","C:\Users\DIYA GOEL\Downloads\EBDESIGN\backend\src\routes\supplyChainAnalytics.js","1500"
"/api/supply-chain","supplyChainDecisionRoutes","DIRECT_REQUIRE","./routes/supplyChainDecisionRoutes.js","C:\Users\DIYA GOEL\Downloads\EBDESIGN\backend\src\routes\supplyChainDecisionRoutes.js","1501"
"/api/v1/supply-chain","supplyChainDecisionRoutes","DIRECT_REQUIRE","./routes/supplyChainDecisionRoutes.js","C:\Users\DIYA GOEL\Downloads\EBDESIGN\backend\src\routes\supplyChainDecisionRoutes.js","1502"
"/api/subscriptions","subscriptions","DIRECT_REQUIRE","./routes/subscriptions.js","C:\Users\DIYA GOEL\Downloads\EBDESIGN\backend\src\routes\subscriptions.js","1503"
"/api/soilmanagement","soilManagementRoutes","DIRECT_REQUIRE","./routes/soilManagementRoutes.js","C:\Users\DIYA GOEL\Downloads\EBDESIGN\backend\src\routes\soilManagementRoutes.js","1504"
"/api/soilhealth","soilHealth","DIRECT_REQUIRE","./routes/soilHealth.js","C:\Users\DIYA GOEL\Downloads\EBDESIGN\backend\src\routes\soilHealth.js","1505"
"/api/sheep","sheepRoutes","DIRECT_REQUIRE","./routes/sheepRoutes.js","C:\Users\DIYA GOEL\Downloads\EBDESIGN\backend\src\routes\sheepRoutes.js","1506"
"/api/sellerverifications","sellerVerifications","DIRECT_REQUIRE","./routes/sellerVerifications.js","C:\Users\DIYA GOEL\Downloads\EBDESIGN\backend\src\routes\sellerVerifications.js","1507"
"/api/sellerranking","sellerRankingRoutes","DIRECT_REQUIRE","./routes/sellerRankingRoutes.js","C:\Users\DIYA GOEL\Downloads\EBDESIGN\backend\src\routes\sellerRankingRoutes.js","1508"
"/api/seedvault","seedVaultRoutes","DIRECT_REQUIRE","./routes/seedVaultRoutes.js","C:\Users\DIYA GOEL\Downloads\EBDESIGN\backend\src\routes\seedVaultRoutes.js","1509"
"/api/sapmodulearchitecture","sapModuleArchitectureRoutes","DIRECT_REQUIRE","./routes/sapModuleArchitectureRoutes.js","C:\Users\DIYA GOEL\Downloads\EBDESIGN\backend\src\routes\sapModuleArchitectureRoutes.js","1510"
"/api/rolemanagement","roleManagementRoutes","DIRECT_REQUIRE","./routes/roleManagementRoutes.js","C:\Users\DIYA GOEL\Downloads\EBDESIGN\backend\src\routes\roleManagementRoutes.js","1511"
"/api/riskpricing","riskPricingRoutes","DIRECT_REQUIRE","./routes/riskPricingRoutes.js","C:\Users\DIYA GOEL\Downloads\EBDESIGN\backend\src\routes\riskPricingRoutes.js","1512"
"/api/riskassessment","riskAssessment","DIRECT_REQUIRE","./routes/riskAssessment.js","C:\Users\DIYA GOEL\Downloads\EBDESIGN\backend\src\routes\riskAssessment.js","1513"
"/api/rfq","rfqRoutes","DIRECT_REQUIRE","./routes/rfqRoutes.js","C:\Users\DIYA GOEL\Downloads\EBDESIGN\backend\src\routes\rfqRoutes.js","1514"
"/api/revenue","revenueRoutes","DIRECT_REQUIRE","./routes/revenueRoutes.js","C:\Users\DIYA GOEL\Downloads\EBDESIGN\backend\src\routes\revenueRoutes.js","1515"
"/api/returnloadboard","returnLoadBoardRoutes","DIRECT_REQUIRE","./routes/returnLoadBoardRoutes.js","C:\Users\DIYA GOEL\Downloads\EBDESIGN\backend\src\routes\returnLoadBoardRoutes.js","1516"
"/api/researchanddevelopment","researchAndDevelopmentRoutes","DIRECT_REQUIRE","./routes/researchAndDevelopmentRoutes.js","C:\Users\DIYA GOEL\Downloads\EBDESIGN\backend\src\routes\researchAndDevelopmentRoutes.js","1517"
"/api/regionalvariety","regionalVarietyRoutes","DIRECT_REQUIRE","./routes/regionalVarietyRoutes.js","C:\Users\DIYA GOEL\Downloads\EBDESIGN\backend\src\routes\regionalVarietyRoutes.js","1518"
"/api/v1/varieties","neVarietiesRoutes","DIRECT_REQUIRE","./routes/neVarietiesRoutes.js","C:\Users\DIYA GOEL\Downloads\EBDESIGN\backend\src\routes\neVarietiesRoutes.js","1519"
"/api/recoveredfinance","recoveredFinanceRoutes","DIRECT_REQUIRE","./routes/recoveredFinanceRoutes.js","C:\Users\DIYA GOEL\Downloads\EBDESIGN\backend\src\routes\recoveredFinanceRoutes.js","1520"
"/api/realtimemonitoring","realtimeMonitoringRoutes","DIRECT_REQUIRE","./routes/realtimeMonitoringRoutes.js","C:\Users\DIYA GOEL\Downloads\EBDESIGN\backend\src\routes\realtimeMonitoringRoutes.js","1521"
"/api/qualityassurance","qualityAssurance","DIRECT_REQUIRE","./routes/qualityAssurance.js","C:\Users\DIYA GOEL\Downloads\EBDESIGN\backend\src\routes\qualityAssurance.js","1522"
"/api/projectsystems","projectSystemsRoutes","DIRECT_REQUIRE","./routes/projectSystemsRoutes.js","C:\Users\DIYA GOEL\Downloads\EBDESIGN\backend\src\routes\projectSystemsRoutes.js","1523"
"/api/product","productRoutes","DIRECT_REQUIRE","./routes/productRoutes.js","C:\Users\DIYA GOEL\Downloads\EBDESIGN\backend\src\routes\productRoutes.js","1524"
"/api/productreview","productReviewRoutes","DIRECT_REQUIRE","./routes/productReviewRoutes.js","C:\Users\DIYA GOEL\Downloads\EBDESIGN\backend\src\routes\productReviewRoutes.js","1525"
"/api/productmediaai","productMediaAIRoutes","DIRECT_REQUIRE","./routes/productMediaAIRoutes.js","C:\Users\DIYA GOEL\Downloads\EBDESIGN\backend\src\routes\productMediaAIRoutes.js","1526"
"/api/ai/product-media-ai","productMediaAIRoutes","DIRECT_REQUIRE","./routes/productMediaAIRoutes.js","C:\Users\DIYA GOEL\Downloads\EBDESIGN\backend\src\routes\productMediaAIRoutes.js","1527"
"/api/v1/ai/product-media-ai","productMediaAIRoutes","DIRECT_REQUIRE","./routes/productMediaAIRoutes.js","C:\Users\DIYA GOEL\Downloads\EBDESIGN\backend\src\routes\productMediaAIRoutes.js","1528"
"/api/publicdata","publicDataRoutes","DIRECT_REQUIRE","./routes/publicDataRoutes.js","C:\Users\DIYA GOEL\Downloads\EBDESIGN\backend\src\routes\publicDataRoutes.js","1529"
"/api/productcertifications","productCertifications","DIRECT_REQUIRE","./routes/productCertifications.js","C:\Users\DIYA GOEL\Downloads\EBDESIGN\backend\src\routes\productCertifications.js","1530"
"/api/priceforecasting","priceForecasting","DIRECT_REQUIRE","./routes/priceForecasting.js","C:\Users\DIYA GOEL\Downloads\EBDESIGN\backend\src\routes\priceForecasting.js","1531"
"/api/preventivemaintenance","preventiveMaintenanceRoutes","DIRECT_REQUIRE","./routes/preventiveMaintenanceRoutes.js","C:\Users\DIYA GOEL\Downloads\EBDESIGN\backend\src\routes\preventiveMaintenanceRoutes.js","1532"
"/api/predictiveintelligence","predictiveIntelligenceRoutes","DIRECT_REQUIRE","./routes/predictiveIntelligenceRoutes.js","C:\Users\DIYA GOEL\Downloads\EBDESIGN\backend\src\routes\predictiveIntelligenceRoutes.js","1533"
"/api/predictiveanalytics","predictiveAnalytics","DIRECT_REQUIRE","./routes/predictiveAnalytics.js","C:\Users\DIYA GOEL\Downloads\EBDESIGN\backend\src\routes\predictiveAnalytics.js","1534"
"/api/poultry","poultryRoutes","DIRECT_REQUIRE","./routes/poultryRoutes.js","C:\Users\DIYA GOEL\Downloads\EBDESIGN\backend\src\routes\poultryRoutes.js","1535"
"/api/platformtelemetry","platformTelemetryRoutes","DIRECT_REQUIRE","./routes/platformTelemetryRoutes.js","C:\Users\DIYA GOEL\Downloads\EBDESIGN\backend\src\routes\platformTelemetryRoutes.js","1536"
"/api/platformcore","platformCoreRoutes","DIRECT_REQUIRE","./routes/platformCoreRoutes.js","C:\Users\DIYA GOEL\Downloads\EBDESIGN\backend\src\routes\platformCoreRoutes.js","1537"
"/api/platformconfiguration","platformConfigurationRoutes","DIRECT_REQUIRE","./routes/platformConfigurationRoutes.js","C:\Users\DIYA GOEL\Downloads\EBDESIGN\backend\src\routes\platformConfigurationRoutes.js","1538"
"/api/pig","pigRoutes","DIRECT_REQUIRE","./routes/pigRoutes.js","C:\Users\DIYA GOEL\Downloads\EBDESIGN\backend\src\routes\pigRoutes.js","1539"
"/api/phase9","phase9","DIRECT_REQUIRE","./routes/phase9.js","C:\Users\DIYA GOEL\Downloads\EBDESIGN\backend\src\routes\phase9.js","1540"
"/api/phase8","phase8","DIRECT_REQUIRE","./routes/phase8.js","C:\Users\DIYA GOEL\Downloads\EBDESIGN\backend\src\routes\phase8.js","1541"
"/api/phase12","phase12","DIRECT_REQUIRE","./routes/phase12.js","C:\Users\DIYA GOEL\Downloads\EBDESIGN\backend\src\routes\phase12.js","1542"
"/api/phase11","phase11","DIRECT_REQUIRE","./routes/phase11.js","C:\Users\DIYA GOEL\Downloads\EBDESIGN\backend\src\routes\phase11.js","1543"
"/api/phase10","phase10","DIRECT_REQUIRE","./routes/phase10.js","C:\Users\DIYA GOEL\Downloads\EBDESIGN\backend\src\routes\phase10.js","1544"
"/api/payment","paymentRoutes","DIRECT_REQUIRE","./routes/paymentRoutes.js","C:\Users\DIYA GOEL\Downloads\EBDESIGN\backend\src\routes\paymentRoutes.js","1545"
"/api/paymentgateway","paymentGatewayRoutes","DIRECT_REQUIRE","./routes/paymentGatewayRoutes.js","C:\Users\DIYA GOEL\Downloads\EBDESIGN\backend\src\routes\paymentGatewayRoutes.js","1546"
"/api/orphaned_services_mount","ORPHANED_SERVICES_MOUNT","DIRECT_REQUIRE","./routes/ORPHANED_SERVICES_MOUNT.js","C:\Users\DIYA GOEL\Downloads\EBDESIGN\backend\src\routes\ORPHANED_SERVICES_MOUNT.js","1547"
"/api/organizationmanagement","organizationManagementRoutes","DIRECT_REQUIRE","./routes/organizationManagementRoutes.js","C:\Users\DIYA GOEL\Downloads\EBDESIGN\backend\src\routes\organizationManagementRoutes.js","1582"
"/api/order","orderRoutes","DIRECT_REQUIRE","./routes/orderRoutes.js","C:\Users\DIYA GOEL\Downloads\EBDESIGN\backend\src\routes\orderRoutes.js","1583"
"/api/operationsroutesupport","operationsRouteSupport","DIRECT_REQUIRE","./routes/operationsRouteSupport.js","C:\Users\DIYA GOEL\Downloads\EBDESIGN\backend\src\routes\operationsRouteSupport.js","1586"
"/api/operationsmanagement","operationsManagementRoutes","DIRECT_REQUIRE","./routes/operationsManagementRoutes.js","C:\Users\DIYA GOEL\Downloads\EBDESIGN\backend\src\routes\operationsManagementRoutes.js","1587"
"/api/nutritionintelligence","nutritionIntelligenceRoutes","DIRECT_REQUIRE","./routes/nutritionIntelligenceRoutes.js","C:\Users\DIYA GOEL\Downloads\EBDESIGN\backend\src\routes\nutritionIntelligenceRoutes.js","1588"
"/api/nutrition-intelligence","nutritionIntelligenceRoutes","DIRECT_REQUIRE","./routes/nutritionIntelligenceRoutes.js","C:\Users\DIYA GOEL\Downloads\EBDESIGN\backend\src\routes\nutritionIntelligenceRoutes.js","1589"
"/api/v1/nutrition-intelligence","nutritionIntelligenceRoutes","DIRECT_REQUIRE","./routes/nutritionIntelligenceRoutes.js","C:\Users\DIYA GOEL\Downloads\EBDESIGN\backend\src\routes\nutritionIntelligenceRoutes.js","1590"
"/api/nutrientvaluesales","nutrientValueSalesRoutes","DIRECT_REQUIRE","./routes/nutrientValueSalesRoutes.js","C:\Users\DIYA GOEL\Downloads\EBDESIGN\backend\src\routes\nutrientValueSalesRoutes.js","1591"
"/api/nlp","nlp","DIRECT_REQUIRE","./routes/nlp.js","C:\Users\DIYA GOEL\Downloads\EBDESIGN\backend\src\routes\nlp.js","1592"
"/api/nervoussystem","nervousSystemRoutes","DIRECT_REQUIRE","./routes/nervousSystemRoutes.js","C:\Users\DIYA GOEL\Downloads\EBDESIGN\backend\src\routes\nervousSystemRoutes.js","1593"
"/api/mloptimization","mlOptimization","DIRECT_REQUIRE","./routes/mlOptimization.js","C:\Users\DIYA GOEL\Downloads\EBDESIGN\backend\src\routes\mlOptimization.js","1594"
"/api/v1/optimization","optimizationRoutes","DIRECT_REQUIRE","./routes/optimizationRoutes.js","C:\Users\DIYA GOEL\Downloads\EBDESIGN\backend\src\routes\optimizationRoutes.js","1595"
"/api/v1/shared-capacity","sharedCapacityRoutes","DIRECT_REQUIRE","./routes/sharedCapacityRoutes.js","C:\Users\DIYA GOEL\Downloads\EBDESIGN\backend\src\routes\sharedCapacityRoutes.js","1596"
"/api/v1/india-coverage","indiaCoverageRoutes","DIRECT_REQUIRE","./routes/indiaCoverageRoutes.js","C:\Users\DIYA GOEL\Downloads\EBDESIGN\backend\src\routes\indiaCoverageRoutes.js","1597"
"/api/marketplaceenhancements","marketplaceEnhancements","DIRECT_REQUIRE","./routes/marketplaceEnhancements.js","C:\Users\DIYA GOEL\Downloads\EBDESIGN\backend\src\routes\marketplaceEnhancements.js","1598"
"/api/marketdata","marketDataRoutes","DIRECT_REQUIRE","./routes/marketDataRoutes.js","C:\Users\DIYA GOEL\Downloads\EBDESIGN\backend\src\routes\marketDataRoutes.js","1599"
"/api/marketanalytics","marketAnalytics","DIRECT_REQUIRE","./routes/marketAnalytics.js","C:\Users\DIYA GOEL\Downloads\EBDESIGN\backend\src\routes\marketAnalytics.js","1600"
"/api/m400aibackbone","m400AiBackboneRoutes","DIRECT_REQUIRE","./routes/m400AiBackboneRoutes.js","C:\Users\DIYA GOEL\Downloads\EBDESIGN\backend\src\routes\m400AiBackboneRoutes.js","1601"
"/api/logisticsenhancements","logisticsEnhancements","DIRECT_REQUIRE","./routes/logisticsEnhancements.js","C:\Users\DIYA GOEL\Downloads\EBDESIGN\backend\src\routes\logisticsEnhancements.js","1602"
"/api/logisticsenhancement","logisticsEnhancementRoutes","DIRECT_REQUIRE","./routes/logisticsEnhancementRoutes.js","C:\Users\DIYA GOEL\Downloads\EBDESIGN\backend\src\routes\logisticsEnhancementRoutes.js","1603"
"/api/loanmanagement","loanManagement","DIRECT_REQUIRE","./routes/loanManagement.js","C:\Users\DIYA GOEL\Downloads\EBDESIGN\backend\src\routes\loanManagement.js","1604"
"/api/livestockroutesupport","livestockRouteSupport","DIRECT_REQUIRE","./routes/livestockRouteSupport.js","C:\Users\DIYA GOEL\Downloads\EBDESIGN\backend\src\routes\livestockRouteSupport.js","1605"
"/api/livestockmanagement","livestockManagementRoutes","DIRECT_REQUIRE","./routes/livestockManagementRoutes.js","C:\Users\DIYA GOEL\Downloads\EBDESIGN\backend\src\routes\livestockManagementRoutes.js","1606"
"/api/livestock","livestock","DIRECT_REQUIRE","./routes/livestock.js","C:\Users\DIYA GOEL\Downloads\EBDESIGN\backend\src\routes\livestock.js","1607"
"/api/library","libraryRoutes","DIRECT_REQUIRE","./routes/libraryRoutes.js","C:\Users\DIYA GOEL\Downloads\EBDESIGN\backend\src\routes\libraryRoutes.js","1608"
"/api/library-knowledge","libraryRoutes","DIRECT_REQUIRE","./routes/libraryRoutes.js","C:\Users\DIYA GOEL\Downloads\EBDESIGN\backend\src\routes\libraryRoutes.js","1609"
"/api/v1/library","libraryRoutes","DIRECT_REQUIRE","./routes/libraryRoutes.js","C:\Users\DIYA GOEL\Downloads\EBDESIGN\backend\src\routes\libraryRoutes.js","1610"
"/api/library-ai-workspace","libraryAIWorkspaceRoutes","DIRECT_REQUIRE","./routes/libraryAIWorkspaceRoutes.js","C:\Users\DIYA GOEL\Downloads\EBDESIGN\backend\src\routes\libraryAIWorkspaceRoutes.js","1611"
"/api/ai/library-workspace","libraryAIWorkspaceRoutes","DIRECT_REQUIRE","./routes/libraryAIWorkspaceRoutes.js","C:\Users\DIYA GOEL\Downloads\EBDESIGN\backend\src\routes\libraryAIWorkspaceRoutes.js","1612"
"/api/v1/ai/library-workspace","libraryAIWorkspaceRoutes","DIRECT_REQUIRE","./routes/libraryAIWorkspaceRoutes.js","C:\Users\DIYA GOEL\Downloads\EBDESIGN\backend\src\routes\libraryAIWorkspaceRoutes.js","1613"
"/api/landrecords","landRecordsRoutes","DIRECT_REQUIRE","./routes/landRecordsRoutes.js","C:\Users\DIYA GOEL\Downloads\EBDESIGN\backend\src\routes\landRecordsRoutes.js","1614"
"/api/landmanagement","landManagementRoutes","DIRECT_REQUIRE","./routes/landManagementRoutes.js","C:\Users\DIYA GOEL\Downloads\EBDESIGN\backend\src\routes\landManagementRoutes.js","1615"
"/api/knowledge","knowledgeRoutes","DIRECT_REQUIRE","./routes/knowledgeRoutes.js","C:\Users\DIYA GOEL\Downloads\EBDESIGN\backend\src\routes\knowledgeRoutes.js","1616"
"/api/irrigationmanagement","irrigationManagementRoutes","DIRECT_REQUIRE","./routes/irrigationManagementRoutes.js","C:\Users\DIYA GOEL\Downloads\EBDESIGN\backend\src\routes\irrigationManagementRoutes.js","1617"
"/api/iotsensors","iotSensors","DIRECT_REQUIRE","./routes/iotSensors.js","C:\Users\DIYA GOEL\Downloads\EBDESIGN\backend\src\routes\iotSensors.js","1618"
"/api/iotintegration","iotIntegrationRoutes","DIRECT_REQUIRE","./routes/iotIntegrationRoutes.js","C:\Users\DIYA GOEL\Downloads\EBDESIGN\backend\src\routes\iotIntegrationRoutes.js","1619"
"/api/insuranceenhancements","insuranceEnhancements","DIRECT_REQUIRE","./routes/insuranceEnhancements.js","C:\Users\DIYA GOEL\Downloads\EBDESIGN\backend\src\routes\insuranceEnhancements.js","1620"
"/api/inputsupplymanagement","inputSupplyManagementRoutes","DIRECT_REQUIRE","./routes/inputSupplyManagementRoutes.js","C:\Users\DIYA GOEL\Downloads\EBDESIGN\backend\src\routes\inputSupplyManagementRoutes.js","1621"
"/api/informationsharing","informationSharingRoutes","DIRECT_REQUIRE","./routes/informationSharingRoutes.js","C:\Users\DIYA GOEL\Downloads\EBDESIGN\backend\src\routes\informationSharingRoutes.js","1622"
"/api/identitymanagement","identityManagementRoutes","DIRECT_REQUIRE","./routes/identityManagementRoutes.js","C:\Users\DIYA GOEL\Downloads\EBDESIGN\backend\src\routes\identityManagementRoutes.js","1623"
"/api/hr","hrRoutes","DIRECT_REQUIRE","./routes/hrRoutes.js","C:\Users\DIYA GOEL\Downloads\EBDESIGN\backend\src\routes\hrRoutes.js","1624"
"/api/horticulturemanagement","horticultureManagementRoutes","DIRECT_REQUIRE","./routes/horticultureManagementRoutes.js","C:\Users\DIYA GOEL\Downloads\EBDESIGN\backend\src\routes\horticultureManagementRoutes.js","1625"
"/api/horticulture","horticulture","DIRECT_REQUIRE","./routes/horticulture.js","C:\Users\DIYA GOEL\Downloads\EBDESIGN\backend\src\routes\horticulture.js","1626"
"/api/gst","gstRoutes","DIRECT_REQUIRE","./routes/finance/gstRoutes.js","C:\Users\DIYA GOEL\Downloads\EBDESIGN\backend\src\routes\finance\gstRoutes.js","1627"
"/api/greenhouse","greenhouse","DIRECT_REQUIRE","./routes/greenhouse.js","C:\Users\DIYA GOEL\Downloads\EBDESIGN\backend\src\routes\greenhouse.js","1628"
"/api/governancemodule","governanceModule","DIRECT_REQUIRE","./routes/governanceModule.js","C:\Users\DIYA GOEL\Downloads\EBDESIGN\backend\src\routes\governanceModule.js","1629"
"/api/goat","goatRoutes","DIRECT_REQUIRE","./routes/goatRoutes.js","C:\Users\DIYA GOEL\Downloads\EBDESIGN\backend\src\routes\goatRoutes.js","1630"
"/api/glutwarning","glutWarningRoutes","DIRECT_REQUIRE","./routes/glutWarningRoutes.js","C:\Users\DIYA GOEL\Downloads\EBDESIGN\backend\src\routes\glutWarningRoutes.js","1631"
"/api/geofencing","geofencingRoutes","DIRECT_REQUIRE","./routes/geofencingRoutes.js","C:\Users\DIYA GOEL\Downloads\EBDESIGN\backend\src\routes\geofencingRoutes.js","1632"
"/api/freightpooling","freightPoolingRoutes","DIRECT_REQUIRE","./routes/freightPoolingRoutes.js","C:\Users\DIYA GOEL\Downloads\EBDESIGN\backend\src\routes\freightPoolingRoutes.js","1633"
"/api/freightpooling","freightPooling","DIRECT_REQUIRE","./routes/freightPooling.js","C:\Users\DIYA GOEL\Downloads\EBDESIGN\backend\src\routes\freightPooling.js","1634"
"/api/food","foodRoutes","DIRECT_REQUIRE","./routes/foodRoutes.js","C:\Users\DIYA GOEL\Downloads\EBDESIGN\backend\src\routes\foodRoutes.js","1635"
"/api/folu","foluRoutes","DIRECT_REQUIRE","./routes/foluRoutes.js","C:\Users\DIYA GOEL\Downloads\EBDESIGN\backend\src\routes\foluRoutes.js","1636"
"/api/folubenchmark","foluBenchmarkRoutes","DIRECT_REQUIRE","./routes/foluBenchmarkRoutes.js","C:\Users\DIYA GOEL\Downloads\EBDESIGN\backend\src\routes\foluBenchmarkRoutes.js","1637"
"/api/fisheriesmanagement","fisheriesManagementRoutes","DIRECT_REQUIRE","./routes/fisheriesManagementRoutes.js","C:\Users\DIYA GOEL\Downloads\EBDESIGN\backend\src\routes\fisheriesManagementRoutes.js","1638"
"/api/financialanalytics","financialAnalytics","DIRECT_REQUIRE","./routes/financialAnalytics.js","C:\Users\DIYA GOEL\Downloads\EBDESIGN\backend\src\routes\financialAnalytics.js","1639"
"/api/fertilizer","fertilizerRoutes","DIRECT_REQUIRE","./routes/fertilizerRoutes.js","C:\Users\DIYA GOEL\Downloads\EBDESIGN\backend\src\routes\fertilizerRoutes.js","1640"
"/api/farmervalue","farmerValueRoutes","DIRECT_REQUIRE","./routes/farmerValueRoutes.js","C:\Users\DIYA GOEL\Downloads\EBDESIGN\backend\src\routes\farmerValueRoutes.js","1641"
"/api/farmertraining","farmerTrainingRoutes","DIRECT_REQUIRE","./routes/farmerTrainingRoutes.js","C:\Users\DIYA GOEL\Downloads\EBDESIGN\backend\src\routes\farmerTrainingRoutes.js","1642"
"/api/farmer","farmerRoutes","DIRECT_REQUIRE","./routes/farmerRoutes.js","C:\Users\DIYA GOEL\Downloads\EBDESIGN\backend\src\routes\farmerRoutes.js","1643"
"/api/farmerportalenhancements","farmerPortalEnhancements","DIRECT_REQUIRE","./routes/farmerPortalEnhancements.js","C:\Users\DIYA GOEL\Downloads\EBDESIGN\backend\src\routes\farmerPortalEnhancements.js","1644"
"/api/farmerhealth","farmerHealthRoutes","DIRECT_REQUIRE","./routes/agriculture/farmerHealthRoutes.js","C:\Users\DIYA GOEL\Downloads\EBDESIGN\backend\src\routes\agriculture\farmerHealthRoutes.js","1645"
"/api/farmerfamily","farmerFamilyRoutes","DIRECT_REQUIRE","./routes/farmerFamilyRoutes.js","C:\Users\DIYA GOEL\Downloads\EBDESIGN\backend\src\routes\farmerFamilyRoutes.js","1646"
"/api/farmcosting","farmCosting","DIRECT_REQUIRE","./routes/farmCosting.js","C:\Users\DIYA GOEL\Downloads\EBDESIGN\backend\src\routes\farmCosting.js","1647"
"/api/farm-costing","farmCosting","DIRECT_REQUIRE","./routes/farmCosting.js","C:\Users\DIYA GOEL\Downloads\EBDESIGN\backend\src\routes\farmCosting.js","1648"
"/api/v1/farm-costing","farmCosting","DIRECT_REQUIRE","./routes/farmCosting.js","C:\Users\DIYA GOEL\Downloads\EBDESIGN\backend\src\routes\farmCosting.js","1649"
"/api/farmanalytics","farmAnalytics","DIRECT_REQUIRE","./routes/farmAnalytics.js","C:\Users\DIYA GOEL\Downloads\EBDESIGN\backend\src\routes\farmAnalytics.js","1650"
"/api/experience","experienceRoutes","DIRECT_REQUIRE","./routes/experienceRoutes.js","C:\Users\DIYA GOEL\Downloads\EBDESIGN\backend\src\routes\experienceRoutes.js","1651"
"/api/escrow","escrowRoutes","DIRECT_REQUIRE","./routes/escrowRoutes.js","C:\Users\DIYA GOEL\Downloads\EBDESIGN\backend\src\routes\escrowRoutes.js","1652"
"/api/equipmentexchange","equipmentExchangeRoutes","DIRECT_REQUIRE","./routes/commerce/equipmentExchangeRoutes.js","C:\Users\DIYA GOEL\Downloads\EBDESIGN\backend\src\routes\commerce\equipmentExchangeRoutes.js","1653"
"/api/enterpriseroutesupport","enterpriseRouteSupport","DIRECT_REQUIRE","./routes/enterpriseRouteSupport.js","C:\Users\DIYA GOEL\Downloads\EBDESIGN\backend\src\routes\enterpriseRouteSupport.js","1654"
"/api/enterpriseintegration","enterpriseIntegrationRoutes","DIRECT_REQUIRE","./routes/enterpriseIntegrationRoutes.js","C:\Users\DIYA GOEL\Downloads\EBDESIGN\backend\src\routes\enterpriseIntegrationRoutes.js","1655"
"/api/enterpriseai","enterpriseAIRoutes","DIRECT_REQUIRE","./routes/ai/enterpriseAIRoutes.js","C:\Users\DIYA GOEL\Downloads\EBDESIGN\backend\src\routes\ai\enterpriseAIRoutes.js","1656"
"/api/engineeringproject","engineeringProjectRoutes","DIRECT_REQUIRE","./routes/engineeringProjectRoutes.js","C:\Users\DIYA GOEL\Downloads\EBDESIGN\backend\src\routes\engineeringProjectRoutes.js","1657"
"/api/energy","energyRoutes","DIRECT_REQUIRE","./routes/energyRoutes.js","C:\Users\DIYA GOEL\Downloads\EBDESIGN\backend\src\routes\energyRoutes.js","1658"
"/api/ecommerce","ecommerceRoutes","DIRECT_REQUIRE","./routes/ecommerceRoutes.js","C:\Users\DIYA GOEL\Downloads\EBDESIGN\backend\src\routes\ecommerceRoutes.js","1659"
"/api/ecommercemarketing","ecommerceMarketingRoutes","DIRECT_REQUIRE","./routes/ecommerceMarketingRoutes.js","C:\Users\DIYA GOEL\Downloads\EBDESIGN\backend\src\routes\ecommerceMarketingRoutes.js","1660"
"/api/ecommerceintegration","ecommerceIntegrationRoutes","DIRECT_REQUIRE","./routes/ecommerceIntegrationRoutes.js","C:\Users\DIYA GOEL\Downloads\EBDESIGN\backend\src\routes\ecommerceIntegrationRoutes.js","1661"
"/api/ecommerceerp","ecommerceERPRoutes","DIRECT_REQUIRE","./routes/ecommerceERPRoutes.js","C:\Users\DIYA GOEL\Downloads\EBDESIGN\backend\src\routes\ecommerceERPRoutes.js","1662"
"/api/ecommercebusinesssales","ecommerceBusinessSalesRoutes","DIRECT_REQUIRE","./routes/ecommerceBusinessSalesRoutes.js","C:\Users\DIYA GOEL\Downloads\EBDESIGN\backend\src\routes\ecommerceBusinessSalesRoutes.js","1663"
"/api/ecommerceai","ecommerceAIRoutes","DIRECT_REQUIRE","./routes/ecommerceAIRoutes.js","C:\Users\DIYA GOEL\Downloads\EBDESIGN\backend\src\routes\ecommerceAIRoutes.js","1664"
"/api/dprgeneration","dprGenerationRoutes","DIRECT_REQUIRE","./routes/dprGenerationRoutes.js","C:\Users\DIYA GOEL\Downloads\EBDESIGN\backend\src\routes\dprGenerationRoutes.js","1665"
"/api/digitaltwin","digitalTwinRoutes","DIRECT_REQUIRE","./routes/digitalTwinRoutes.js","C:\Users\DIYA GOEL\Downloads\EBDESIGN\backend\src\routes\digitalTwinRoutes.js","1666"
"/api/diettherapy","dietTherapyRoutes","DIRECT_REQUIRE","./routes/dietTherapyRoutes.js","C:\Users\DIYA GOEL\Downloads\EBDESIGN\backend\src\routes\dietTherapyRoutes.js","1667"
"/api/demand","demandRoutes","DIRECT_REQUIRE","./routes/demandRoutes.js","C:\Users\DIYA GOEL\Downloads\EBDESIGN\backend\src\routes\demandRoutes.js","1668"
"/api/defensefitnessprep","defenseFitnessPrepRoutes","DIRECT_REQUIRE","./routes/defenseFitnessPrepRoutes.js","C:\Users\DIYA GOEL\Downloads\EBDESIGN\backend\src\routes\defenseFitnessPrepRoutes.js","1669"
"/api/decisionsupport","decisionSupportRoutes","DIRECT_REQUIRE","./routes/decisionSupportRoutes.js","C:\Users\DIYA GOEL\Downloads\EBDESIGN\backend\src\routes\decisionSupportRoutes.js","1670"
"/api/datavisualization","dataVisualization","DIRECT_REQUIRE","./routes/dataVisualization.js","C:\Users\DIYA GOEL\Downloads\EBDESIGN\backend\src\routes\dataVisualization.js","1671"
"/api/dashboard","dashboardRoutes","DIRECT_REQUIRE","./routes/dashboardRoutes.js","C:\Users\DIYA GOEL\Downloads\EBDESIGN\backend\src\routes\dashboardRoutes.js","1672"
"/api/dairy","dairyRoutes","DIRECT_REQUIRE","./routes/dairyRoutes.js","C:\Users\DIYA GOEL\Downloads\EBDESIGN\backend\src\routes\dairyRoutes.js","1673"
"/api/cropvalueresearch","cropValueResearchRoutes","DIRECT_REQUIRE","./routes/cropValueResearchRoutes.js","C:\Users\DIYA GOEL\Downloads\EBDESIGN\backend\src\routes\cropValueResearchRoutes.js","1674"
"/api/croprecommendations","cropRecommendations","DIRECT_REQUIRE","./routes/cropRecommendations.js","C:\Users\DIYA GOEL\Downloads\EBDESIGN\backend\src\routes\cropRecommendations.js","1675"
"/api/cropplanning","cropPlanningRoutes","DIRECT_REQUIRE","./routes/cropPlanningRoutes.js","C:\Users\DIYA GOEL\Downloads\EBDESIGN\backend\src\routes\cropPlanningRoutes.js","1676"
"/api/cropmanagement","cropManagementRoutes","DIRECT_REQUIRE","./routes/cropManagementRoutes.js","C:\Users\DIYA GOEL\Downloads\EBDESIGN\backend\src\routes\cropManagementRoutes.js","1677"
"/api/v1","cropDomainRoutes","DIRECT_REQUIRE","./routes/cropDomainRoutes.js","C:\Users\DIYA GOEL\Downloads\EBDESIGN\backend\src\routes\cropDomainRoutes.js","1678"
"/api/v1/seed-vault","seedVaultRoutesMerged","DIRECT_REQUIRE","./routes/seedVaultRoutes.js","C:\Users\DIYA GOEL\Downloads\EBDESIGN\backend\src\routes\seedVaultRoutes.js","1679"
"/api/v1/financial-ai","financialAIRoutes","DIRECT_REQUIRE","./routes/claude/financialAIRoutes.js","C:\Users\DIYA GOEL\Downloads\EBDESIGN\backend\src\routes\claude\financialAIRoutes.js","1680"
"/api/v1/insurance-ai","insuranceAIRoutes","DIRECT_REQUIRE","./routes/claude/insuranceAIRoutes.js","C:\Users\DIYA GOEL\Downloads\EBDESIGN\backend\src\routes\claude\insuranceAIRoutes.js","1681"
"/api/v1/logistics-ai","logisticsAIRoutes","DIRECT_REQUIRE","./routes/claude/logisticsAIRoutes.js","C:\Users\DIYA GOEL\Downloads\EBDESIGN\backend\src\routes\claude\logisticsAIRoutes.js","1682"
"/api/v1/order-ai","orderAIRoutes","DIRECT_REQUIRE","./routes/claude/orderAIRoutes.js","C:\Users\DIYA GOEL\Downloads\EBDESIGN\backend\src\routes\claude\orderAIRoutes.js","1683"
"/api/v1/product-ai","productAIRoutes","DIRECT_REQUIRE","./routes/claude/productAIRoutes.js","C:\Users\DIYA GOEL\Downloads\EBDESIGN\backend\src\routes\claude\productAIRoutes.js","1684"
"/api/v1/ai-coordination","aiCoordinationRoutes","DIRECT_REQUIRE","./routes/claude/aiCoordinationRoutes.js","C:\Users\DIYA GOEL\Downloads\EBDESIGN\backend\src\routes\claude\aiCoordinationRoutes.js","1685"
"/api/v1/ai-copilot","aiCopilotRoutes","DIRECT_REQUIRE","./routes/claude/aiCopilotRoutes.js","C:\Users\DIYA GOEL\Downloads\EBDESIGN\backend\src\routes\claude\aiCopilotRoutes.js","1686"
"/api/v1/ai-decision","aiDecisionRoutes","DIRECT_REQUIRE","./routes/claude/aiDecisionRoutes.js","C:\Users\DIYA GOEL\Downloads\EBDESIGN\backend\src\routes\claude\aiDecisionRoutes.js","1687"
"/api/v1/ai-provider","aiProviderRoutes","DIRECT_REQUIRE","./routes/claude/aiProviderRoutes.js","C:\Users\DIYA GOEL\Downloads\EBDESIGN\backend\src\routes\claude\aiProviderRoutes.js","1688"
"/api/v1/ai-strategy","aiStrategyRoutes","DIRECT_REQUIRE","./routes/claude/aiStrategyRoutes.js","C:\Users\DIYA GOEL\Downloads\EBDESIGN\backend\src\routes\claude\aiStrategyRoutes.js","1689"
"/api/v1","livestockDomainRoutes","DIRECT_REQUIRE","./routes/livestockDomainRoutes.js","C:\Users\DIYA GOEL\Downloads\EBDESIGN\backend\src\routes\livestockDomainRoutes.js","1690"
"/api/v1","soilDomainRoutes","DIRECT_REQUIRE","./routes/soilDomainRoutes.js","C:\Users\DIYA GOEL\Downloads\EBDESIGN\backend\src\routes\soilDomainRoutes.js","1691"
"/api/v1","dairyDomainRoutes","DIRECT_REQUIRE","./routes/dairyDomainRoutes.js","C:\Users\DIYA GOEL\Downloads\EBDESIGN\backend\src\routes\dairyDomainRoutes.js","1692"
"/api/v1","fertilizerDomainRoutes","DIRECT_REQUIRE","./routes/fertilizerDomainRoutes.js","C:\Users\DIYA GOEL\Downloads\EBDESIGN\backend\src\routes\fertilizerDomainRoutes.js","1693"
"/api/v1/erp","erpServiceRouter","DESTRUCTURED_ROUTER","./services/legacy/erpService.js","C:\Users\DIYA GOEL\Downloads\EBDESIGN\backend\src\services\legacy\erpService.js","1694"
"/api/v1/enterprise-control","enterpriseControlServiceRouter","DESTRUCTURED_ROUTER","./services/legacy/enterpriseControlService.js","C:\Users\DIYA GOEL\Downloads\EBDESIGN\backend\src\services\legacy\enterpriseControlService.js","1695"
"/api/v1","organizationDomainRoutes","DIRECT_REQUIRE","./routes/organizationDomainRoutes.js","C:\Users\DIYA GOEL\Downloads\EBDESIGN\backend\src\routes\organizationDomainRoutes.js","1696"
"/api/v1","fisheriesDomainRoutes","DIRECT_REQUIRE","./routes/fisheriesDomainRoutes.js","C:\Users\DIYA GOEL\Downloads\EBDESIGN\backend\src\routes\fisheriesDomainRoutes.js","1697"
"/api/v1","comprehensiveERPDomainRoutes","DIRECT_REQUIRE","./routes/comprehensiveERPDomainRoutes.js","C:\Users\DIYA GOEL\Downloads\EBDESIGN\backend\src\routes\comprehensiveERPDomainRoutes.js","1698"
"/api/v1","researchAndDevelopmentDomainRoutes","DIRECT_REQUIRE","./routes/researchAndDevelopmentDomainRoutes.js","C:\Users\DIYA GOEL\Downloads\EBDESIGN\backend\src\routes\researchAndDevelopmentDomainRoutes.js","1699"
"/api/v1/artificial-scientist","artificialScientistRoutes","DIRECT_REQUIRE","./routes/artificialScientistRoutes.js","C:\Users\DIYA GOEL\Downloads\EBDESIGN\backend\src\routes\artificialScientistRoutes.js","1700"
"/api/v1","sapModuleArchitectureDomainRoutes","DIRECT_REQUIRE","./routes/sapModuleArchitectureDomainRoutes.js","C:\Users\DIYA GOEL\Downloads\EBDESIGN\backend\src\routes\sapModuleArchitectureDomainRoutes.js","1701"
"/api/v1","animalHealthDomainRoutes","DIRECT_REQUIRE","./routes/animalHealthDomainRoutes.js","C:\Users\DIYA GOEL\Downloads\EBDESIGN\backend\src\routes\animalHealthDomainRoutes.js","1702"
"/api/v1","completeAIIntegrationDomainRoutes","DIRECT_REQUIRE","./routes/completeAIIntegrationDomainRoutes.js","C:\Users\DIYA GOEL\Downloads\EBDESIGN\backend\src\routes\completeAIIntegrationDomainRoutes.js","1703"
"/api/v1","completeERPIntegrationDomainRoutes","DIRECT_REQUIRE","./routes/completeERPIntegrationDomainRoutes.js","C:\Users\DIYA GOEL\Downloads\EBDESIGN\backend\src\routes\completeERPIntegrationDomainRoutes.js","1704"
"/api/v1","aiOperationIntelligenceDomainRoutes","DIRECT_REQUIRE","./routes/aiOperationIntelligenceDomainRoutes.js","C:\Users\DIYA GOEL\Downloads\EBDESIGN\backend\src\routes\aiOperationIntelligenceDomainRoutes.js","1705"
"/api/v1","aiSelfHealingDomainRoutes","DIRECT_REQUIRE","./routes/aiSelfHealingDomainRoutes.js","C:\Users\DIYA GOEL\Downloads\EBDESIGN\backend\src\routes\aiSelfHealingDomainRoutes.js","1706"
"/api/v1","coldStorageDomainRoutes","DIRECT_REQUIRE","./routes/coldStorageDomainRoutes.js","C:\Users\DIYA GOEL\Downloads\EBDESIGN\backend\src\routes\coldStorageDomainRoutes.js","1707"
"/api/v1","costControlDomainRoutes","DIRECT_REQUIRE","./routes/costControlDomainRoutes.js","C:\Users\DIYA GOEL\Downloads\EBDESIGN\backend\src\routes\costControlDomainRoutes.js","1708"
"/api/v1","sheepDomainRoutes","DIRECT_REQUIRE","./routes/sheepDomainRoutes.js","C:\Users\DIYA GOEL\Downloads\EBDESIGN\backend\src\routes\sheepDomainRoutes.js","1709"
"/api/v1","aiAgentDomainRoutes","DIRECT_REQUIRE","./routes/aiAgentDomainRoutes.js","C:\Users\DIYA GOEL\Downloads\EBDESIGN\backend\src\routes\aiAgentDomainRoutes.js","1710"
"/api/v1","aiBrainDomainRoutes","DIRECT_REQUIRE","./routes/aiBrainDomainRoutes.js","C:\Users\DIYA GOEL\Downloads\EBDESIGN\backend\src\routes\aiBrainDomainRoutes.js","1711"
"/api/v1","ecommerceAIDomainRoutes","DIRECT_REQUIRE","./routes/ecommerceAIDomainRoutes.js","C:\Users\DIYA GOEL\Downloads\EBDESIGN\backend\src\routes\ecommerceAIDomainRoutes.js","1712"
"/api/v1","agriculturalIntelligenceDomainRoutes","DIRECT_REQUIRE","./routes/agriculturalIntelligenceDomainRoutes.js","C:\Users\DIYA GOEL\Downloads\EBDESIGN\backend\src\routes\agriculturalIntelligenceDomainRoutes.js","1713"
"/api/v1","ecommerceIntegrationDomainRoutes","DIRECT_REQUIRE","./routes/ecommerceIntegrationDomainRoutes.js","C:\Users\DIYA GOEL\Downloads\EBDESIGN\backend\src\routes\ecommerceIntegrationDomainRoutes.js","1714"
"/api/v1","poultryDomainRoutes","DIRECT_REQUIRE","./routes/poultryDomainRoutes.js","C:\Users\DIYA GOEL\Downloads\EBDESIGN\backend\src\routes\poultryDomainRoutes.js","1715"
"/api/v1","assetAccountingDomainRoutes","DIRECT_REQUIRE","./routes/assetAccountingDomainRoutes.js","C:\Users\DIYA GOEL\Downloads\EBDESIGN\backend\src\routes\assetAccountingDomainRoutes.js","1716"
"/api/v1","decisionSupportDomainRoutes","DIRECT_REQUIRE","./routes/decisionSupportDomainRoutes.js","C:\Users\DIYA GOEL\Downloads\EBDESIGN\backend\src\routes\decisionSupportDomainRoutes.js","1717"
"/api/v1","ecommerceMarketplaceDomainRoutes","DIRECT_REQUIRE","./routes/ecommerceMarketplaceDomainRoutes.js","C:\Users\DIYA GOEL\Downloads\EBDESIGN\backend\src\routes\ecommerceMarketplaceDomainRoutes.js","1718"
"/api/v1","ordersDomainRoutes","DIRECT_REQUIRE","./routes/ordersDomainRoutes.js","C:\Users\DIYA GOEL\Downloads\EBDESIGN\backend\src\routes\ordersDomainRoutes.js","1719"
"/api/v1","weatherDomainRoutes","DIRECT_REQUIRE","./routes/weatherDomainRoutes.js","C:\Users\DIYA GOEL\Downloads\EBDESIGN\backend\src\routes\weatherDomainRoutes.js","1720"
"/api/v1","cooperativeShareDomainRoutes","DIRECT_REQUIRE","./routes/cooperativeShareDomainRoutes.js","C:\Users\DIYA GOEL\Downloads\EBDESIGN\backend\src\routes\cooperativeShareDomainRoutes.js","1721"
"/api/v1","walletDomainRoutes","DIRECT_REQUIRE","./routes/walletDomainRoutes.js","C:\Users\DIYA GOEL\Downloads\EBDESIGN\backend\src\routes\walletDomainRoutes.js","1722"
"/api/v1","equipmentExchangeDomainRoutes","DIRECT_REQUIRE","./routes/equipmentExchangeDomainRoutes.js","C:\Users\DIYA GOEL\Downloads\EBDESIGN\backend\src\routes\equipmentExchangeDomainRoutes.js","1723"
"/api/v1","multilingualDomainRoutes","DIRECT_REQUIRE","./routes/multilingualDomainRoutes.js","C:\Users\DIYA GOEL\Downloads\EBDESIGN\backend\src\routes\multilingualDomainRoutes.js","1724"
"/api/v1","ecommerceBusinessSalesDomainRoutes","DIRECT_REQUIRE","./routes/ecommerceBusinessSalesDomainRoutes.js","C:\Users\DIYA GOEL\Downloads\EBDESIGN\backend\src\routes\ecommerceBusinessSalesDomainRoutes.js","1725"
"/api/v1","bulkOrderDomainRoutes","DIRECT_REQUIRE","./routes/bulkOrderDomainRoutes.js","C:\Users\DIYA GOEL\Downloads\EBDESIGN\backend\src\routes\bulkOrderDomainRoutes.js","1726"
"/api/v1","civilDisruptionDomainRoutes","DIRECT_REQUIRE","./routes/civilDisruptionDomainRoutes.js","C:\Users\DIYA GOEL\Downloads\EBDESIGN\backend\src\routes\civilDisruptionDomainRoutes.js","1727"
"/api/v1","engineeringProjectDomainRoutes","DIRECT_REQUIRE","./routes/engineeringProjectDomainRoutes.js","C:\Users\DIYA GOEL\Downloads\EBDESIGN\backend\src\routes\engineeringProjectDomainRoutes.js","1728"
"/api/v1","ecommerceERPDomainRoutes","DIRECT_REQUIRE","./routes/ecommerceERPDomainRoutes.js","C:\Users\DIYA GOEL\Downloads\EBDESIGN\backend\src\routes\ecommerceERPDomainRoutes.js","1729"
"/api/v1","experienceLayerDomainRoutes","DIRECT_REQUIRE","./routes/experienceLayerDomainRoutes.js","C:\Users\DIYA GOEL\Downloads\EBDESIGN\backend\src\routes\experienceLayerDomainRoutes.js","1730"
"/api/v1","insuranceDomainRoutes","DIRECT_REQUIRE","./routes/insuranceDomainRoutes.js","C:\Users\DIYA GOEL\Downloads\EBDESIGN\backend\src\routes\insuranceDomainRoutes.js","1731"
"/api/v1","authorizationDomainRoutes","DIRECT_REQUIRE","./routes/authorizationDomainRoutes.js","C:\Users\DIYA GOEL\Downloads\EBDESIGN\backend\src\routes\authorizationDomainRoutes.js","1732"
"/api/v1","climateMonitoringDomainRoutes","DIRECT_REQUIRE","./routes/climateMonitoringDomainRoutes.js","C:\Users\DIYA GOEL\Downloads\EBDESIGN\backend\src\routes\climateMonitoringDomainRoutes.js","1733"
"/api/v1","communityManagementDomainRoutes","DIRECT_REQUIRE","./routes/communityManagementDomainRoutes.js","C:\Users\DIYA GOEL\Downloads\EBDESIGN\backend\src\routes\communityManagementDomainRoutes.js","1734"
"/api/v1","rfqDomainRoutes","DIRECT_REQUIRE","./routes/rfqDomainRoutes.js","C:\Users\DIYA GOEL\Downloads\EBDESIGN\backend\src\routes\rfqDomainRoutes.js","1735"
"/api/v1","farmerHealthDomainRoutes","DIRECT_REQUIRE","./routes/farmerHealthDomainRoutes.js","C:\Users\DIYA GOEL\Downloads\EBDESIGN\backend\src\routes\farmerHealthDomainRoutes.js","1736"
"/api/v1","farmerKycDomainRoutes","DIRECT_REQUIRE","./routes/farmerKycDomainRoutes.js","C:\Users\DIYA GOEL\Downloads\EBDESIGN\backend\src\routes\farmerKycDomainRoutes.js","1737"
"/api/v1","farmerVerificationDomainRoutes","DIRECT_REQUIRE","./routes/farmerVerificationDomainRoutes.js","C:\Users\DIYA GOEL\Downloads\EBDESIGN\backend\src\routes\farmerVerificationDomainRoutes.js","1738"
"/api/v1","horticultureManagementDomainRoutes","DIRECT_REQUIRE","./routes/horticultureManagementDomainRoutes.js","C:\Users\DIYA GOEL\Downloads\EBDESIGN\backend\src\routes\horticultureManagementDomainRoutes.js","1739"
"/api/v1","landRecordsDomainRoutes","DIRECT_REQUIRE","./routes/landRecordsDomainRoutes.js","C:\Users\DIYA GOEL\Downloads\EBDESIGN\backend\src\routes\landRecordsDomainRoutes.js","1740"
"/api/v1","returnLoadBoardDomainRoutes","DIRECT_REQUIRE","./routes/returnLoadBoardDomainRoutes.js","C:\Users\DIYA GOEL\Downloads\EBDESIGN\backend\src\routes\returnLoadBoardDomainRoutes.js","1741"
"/api/v1","realtimeMonitoringDomainRoutes","DIRECT_REQUIRE","./routes/realtimeMonitoringDomainRoutes.js","C:\Users\DIYA GOEL\Downloads\EBDESIGN\backend\src\routes\realtimeMonitoringDomainRoutes.js","1742"
"/api/v1","conversationalAIDomainRoutes","DIRECT_REQUIRE","./routes/conversationalAIDomainRoutes.js","C:\Users\DIYA GOEL\Downloads\EBDESIGN\backend\src\routes\conversationalAIDomainRoutes.js","1743"
"/api/v1","voiceAIDomainRoutes","DIRECT_REQUIRE","./routes/voiceAIDomainRoutes.js","C:\Users\DIYA GOEL\Downloads\EBDESIGN\backend\src\routes\voiceAIDomainRoutes.js","1744"
"/api/v1","aiBackboneDomainRoutes","DIRECT_REQUIRE","./routes/aiBackboneDomainRoutes.js","C:\Users\DIYA GOEL\Downloads\EBDESIGN\backend\src\routes\aiBackboneDomainRoutes.js","1745"
"/api/v1","companyDomainRoutes","DIRECT_REQUIRE","./routes/companyDomainRoutes.js","C:\Users\DIYA GOEL\Downloads\EBDESIGN\backend\src\routes\companyDomainRoutes.js","1746"
"/api/v1","financeDomainRoutes","DIRECT_REQUIRE","./routes/financeDomainRoutes.js","C:\Users\DIYA GOEL\Downloads\EBDESIGN\backend\src\routes\financeDomainRoutes.js","1747"
"/api/v1","complianceDomainRoutes","DIRECT_REQUIRE","./routes/complianceDomainRoutes.js","C:\Users\DIYA GOEL\Downloads\EBDESIGN\backend\src\routes\complianceDomainRoutes.js","1748"
"/api/v1","defenseFitnessPrepDomainRoutes","DIRECT_REQUIRE","./routes/defenseFitnessPrepDomainRoutes.js","C:\Users\DIYA GOEL\Downloads\EBDESIGN\backend\src\routes\defenseFitnessPrepDomainRoutes.js","1749"
"/api/v1","enterpriseIntegrationDomainRoutes","DIRECT_REQUIRE","./routes/enterpriseIntegrationDomainRoutes.js","C:\Users\DIYA GOEL\Downloads\EBDESIGN\backend\src\routes\enterpriseIntegrationDomainRoutes.js","1750"
"/api/v1","escrowDomainRoutes","DIRECT_REQUIRE","./routes/escrowDomainRoutes.js","C:\Users\DIYA GOEL\Downloads\EBDESIGN\backend\src\routes\escrowDomainRoutes.js","1751"
"/api/v1","financialAIDomainRoutes","DIRECT_REQUIRE","./routes/financialAIDomainRoutes.js","C:\Users\DIYA GOEL\Downloads\EBDESIGN\backend\src\routes\financialAIDomainRoutes.js","1752"
"/api/v1","systemAdministrationDomainRoutes","DIRECT_REQUIRE","./routes/systemAdministrationDomainRoutes.js","C:\Users\DIYA GOEL\Downloads\EBDESIGN\backend\src\routes\systemAdministrationDomainRoutes.js","1753"
"/api/v1","logisticsAIDomainRoutes","DIRECT_REQUIRE","./routes/logisticsAIDomainRoutes.js","C:\Users\DIYA GOEL\Downloads\EBDESIGN\backend\src\routes\logisticsAIDomainRoutes.js","1754"
"/api/v1","blockchainVerificationDomainRoutes","DIRECT_REQUIRE","./routes/blockchainVerificationDomainRoutes.js","C:\Users\DIYA GOEL\Downloads\EBDESIGN\backend\src\routes\blockchainVerificationDomainRoutes.js","1755"
"/api/v1","knowledgeGraphDomainRoutes","DIRECT_REQUIRE","./routes/knowledgeGraphDomainRoutes.js","C:\Users\DIYA GOEL\Downloads\EBDESIGN\backend\src\routes\knowledgeGraphDomainRoutes.js","1756"
"/api/v1","aiDomainAdapterRoutes","DIRECT_REQUIRE","./routes/aiDomainAdapterRoutes.js","C:\Users\DIYA GOEL\Downloads\EBDESIGN\backend\src\routes\aiDomainAdapterRoutes.js","1757"
"/api/v1","cropValueResearchDomainRoutes","DIRECT_REQUIRE","./routes/cropValueResearchDomainRoutes.js","C:\Users\DIYA GOEL\Downloads\EBDESIGN\backend\src\routes\cropValueResearchDomainRoutes.js","1758"
"/api/v1","tenantManagementDomainRoutes","DIRECT_REQUIRE","./routes/tenantManagementDomainRoutes.js","C:\Users\DIYA GOEL\Downloads\EBDESIGN\backend\src\routes\tenantManagementDomainRoutes.js","1759"
"/api/v1","platformCoreDomainRoutes","DIRECT_REQUIRE","./routes/platformCoreDomainRoutes.js","C:\Users\DIYA GOEL\Downloads\EBDESIGN\backend\src\routes\platformCoreDomainRoutes.js","1760"
"/api/v1","mfaDomainRoutes","DIRECT_REQUIRE","./routes/mfaDomainRoutes.js","C:\Users\DIYA GOEL\Downloads\EBDESIGN\backend\src\routes\mfaDomainRoutes.js","1761"
"/api/v1","organicTraceabilityDomainRoutes","DIRECT_REQUIRE","./routes/organicTraceabilityDomainRoutes.js","C:\Users\DIYA GOEL\Downloads\EBDESIGN\backend\src\routes\organicTraceabilityDomainRoutes.js","1762"
"/api/v1","ecommerceMarketingDomainRoutes","DIRECT_REQUIRE","./routes/ecommerceMarketingDomainRoutes.js","C:\Users\DIYA GOEL\Downloads\EBDESIGN\backend\src\routes\ecommerceMarketingDomainRoutes.js","1763"
"/api/v1","sellerRankingDomainRoutes","DIRECT_REQUIRE","./routes/sellerRankingDomainRoutes.js","C:\Users\DIYA GOEL\Downloads\EBDESIGN\backend\src\routes\sellerRankingDomainRoutes.js","1764"
"/api/v1","farmerValueDomainRoutes","DIRECT_REQUIRE","./routes/farmerValueDomainRoutes.js","C:\Users\DIYA GOEL\Downloads\EBDESIGN\backend\src\routes\farmerValueDomainRoutes.js","1765"
"/api/v1","transactionDomainRoutes","DIRECT_REQUIRE","./routes/transactionDomainRoutes.js","C:\Users\DIYA GOEL\Downloads\EBDESIGN\backend\src\routes\transactionDomainRoutes.js","1766"
"/api/v1","notificationDomainRoutes","DIRECT_REQUIRE","./routes/notificationDomainRoutes.js","C:\Users\DIYA GOEL\Downloads\EBDESIGN\backend\src\routes\notificationDomainRoutes.js","1767"
"/api/v1","privacyDomainRoutes","DIRECT_REQUIRE","./routes/privacyDomainRoutes.js","C:\Users\DIYA GOEL\Downloads\EBDESIGN\backend\src\routes\privacyDomainRoutes.js","1768"
"/api/v1","pestForecastingDomainRoutes","DIRECT_REQUIRE","./routes/pestForecastingDomainRoutes.js","C:\Users\DIYA GOEL\Downloads\EBDESIGN\backend\src\routes\pestForecastingDomainRoutes.js","1769"
"/api/v1","adminAuditDomainRoutes","DIRECT_REQUIRE","./routes/adminAuditDomainRoutes.js","C:\Users\DIYA GOEL\Downloads\EBDESIGN\backend\src\routes\adminAuditDomainRoutes.js","1770"
"/api/v1/apiculture","apicultureRoutes","DIRECT_REQUIRE","./routes/apicultureRoutes.js","C:\Users\DIYA GOEL\Downloads\EBDESIGN\backend\src\routes\apicultureRoutes.js","1771"
"/api/v1/strategic/contract-farming","contractFarmingRoutes","DIRECT_REQUIRE","./routes/contractFarmingRoutes.js","C:\Users\DIYA GOEL\Downloads\EBDESIGN\backend\src\routes\contractFarmingRoutes.js","1772"
"/api/v1/forestry","forestryRoutes","DIRECT_REQUIRE","./routes/forestryRoutes.js","C:\Users\DIYA GOEL\Downloads\EBDESIGN\backend\src\routes\forestryRoutes.js","1773"
"/api/v1/vermicompost","vermicompostRoutes","DIRECT_REQUIRE","./routes/vermicompostRoutes.js","C:\Users\DIYA GOEL\Downloads\EBDESIGN\backend\src\routes\vermicompostRoutes.js","1774"
"/api/v1/sericulture","sericultureRoutes","DIRECT_REQUIRE","./routes/sericultureRoutes.js","C:\Users\DIYA GOEL\Downloads\EBDESIGN\backend\src\routes\sericultureRoutes.js","1775"
"/api/v1/fisheries","fisheriesRoutes","DIRECT_REQUIRE","./routes/fisheriesRoutes.js","C:\Users\DIYA GOEL\Downloads\EBDESIGN\backend\src\routes\fisheriesRoutes.js","1776"
"/api/v1/strategic/household","householdProcurementRoutes","DIRECT_REQUIRE","./routes/householdProcurementRoutes.js","C:\Users\DIYA GOEL\Downloads\EBDESIGN\backend\src\routes\householdProcurementRoutes.js","1777"
"/api/v1/farmer-procurement","farmerProcurementQuoteRoutes","DIRECT_REQUIRE","./routes/farmerProcurementQuoteRoutes.js","C:\Users\DIYA GOEL\Downloads\EBDESIGN\backend\src\routes\farmerProcurementQuoteRoutes.js","1778"
"/api/v1/module-registry","moduleRegistryRoutes","DIRECT_REQUIRE","./routes/moduleRegistryRoutes.js","C:\Users\DIYA GOEL\Downloads\EBDESIGN\backend\src\routes\moduleRegistryRoutes.js","1779"
"/api/v1/strategic/pre-season","preSeasonPurchaseRoutes","DIRECT_REQUIRE","./routes/preSeasonPurchaseRoutes.js","C:\Users\DIYA GOEL\Downloads\EBDESIGN\backend\src\routes\preSeasonPurchaseRoutes.js","1780"
"/api/v1/privacy","gdprRoutes","DIRECT_REQUIRE","./routes/gdprRoutes.js","C:\Users\DIYA GOEL\Downloads\EBDESIGN\backend\src\routes\gdprRoutes.js","1781"
"/api/v1/mfa","mfaRoutes","DIRECT_REQUIRE","./routes/dual-use/mfaRoutes.js","C:\Users\DIYA GOEL\Downloads\EBDESIGN\backend\src\routes\dual-use\mfaRoutes.js","1782"
"/api/v1/strategic/government","governmentSubsidyRoutes","DIRECT_REQUIRE","./routes/governmentSubsidyRoutes.js","C:\Users\DIYA GOEL\Downloads\EBDESIGN\backend\src\routes\governmentSubsidyRoutes.js","1783"
"/api/v1/mushroom","mushroomRoutes","DIRECT_REQUIRE","./routes/mushroomRoutes.js","C:\Users\DIYA GOEL\Downloads\EBDESIGN\backend\src\routes\mushroomRoutes.js","1784"
"/api/database-management","databaseManagementRoutes","DIRECT_REQUIRE","./routes/databaseManagementRoutes.js","C:\Users\DIYA GOEL\Downloads\EBDESIGN\backend\src\routes\databaseManagementRoutes.js","1785"
"/api/v1/library-ai","libraryAIWorkspaceRoutes","DIRECT_REQUIRE","./routes/libraryAIWorkspaceRoutes.js","C:\Users\DIYA GOEL\Downloads\EBDESIGN\backend\src\routes\libraryAIWorkspaceRoutes.js","1786"
"/api/v1/governance","governanceModuleMerged","DIRECT_REQUIRE","./routes/governanceModule.js","C:\Users\DIYA GOEL\Downloads\EBDESIGN\backend\src\routes\governanceModule.js","1787"
"/api/v1/cost-management","costRoutesMerged","DIRECT_REQUIRE","./routes/costRoutes.js","C:\Users\DIYA GOEL\Downloads\EBDESIGN\backend\src\routes\costRoutes.js","1788"
"/api/cost","costRoutes","DIRECT_REQUIRE","./routes/costRoutes.js","C:\Users\DIYA GOEL\Downloads\EBDESIGN\backend\src\routes\costRoutes.js","1789"
"/api/costcontrol","costControlRoutes","DIRECT_REQUIRE","./routes/costControlRoutes.js","C:\Users\DIYA GOEL\Downloads\EBDESIGN\backend\src\routes\costControlRoutes.js","1790"
"/api/cooperativeshare","cooperativeShareRoutes","DIRECT_REQUIRE","./routes/cooperativeShareRoutes.js","C:\Users\DIYA GOEL\Downloads\EBDESIGN\backend\src\routes\cooperativeShareRoutes.js","1791"
"/api/comprehensiveerp","comprehensiveERPRoutes","DIRECT_REQUIRE","./routes/comprehensiveERPRoutes.js","C:\Users\DIYA GOEL\Downloads\EBDESIGN\backend\src\routes\comprehensiveERPRoutes.js","1792"
"/api/compliancetracking","complianceTracking","DIRECT_REQUIRE","./routes/complianceTracking.js","C:\Users\DIYA GOEL\Downloads\EBDESIGN\backend\src\routes\complianceTracking.js","1793"
"/api/compliance","complianceRoutes","DIRECT_REQUIRE","./routes/complianceRoutes.js","C:\Users\DIYA GOEL\Downloads\EBDESIGN\backend\src\routes\complianceRoutes.js","1794"
"/api/completeerpintegration","completeERPIntegrationRoutes","DIRECT_REQUIRE","./routes/completeERPIntegrationRoutes.js","C:\Users\DIYA GOEL\Downloads\EBDESIGN\backend\src\routes\completeERPIntegrationRoutes.js","1795"
"/api/completeaiintegration","completeAIIntegrationRoutes","DIRECT_REQUIRE","./routes/completeAIIntegrationRoutes.js","C:\Users\DIYA GOEL\Downloads\EBDESIGN\backend\src\routes\completeAIIntegrationRoutes.js","1796"
"/api/company","companyRoutes","DIRECT_REQUIRE","./routes/companyRoutes.js","C:\Users\DIYA GOEL\Downloads\EBDESIGN\backend\src\routes\companyRoutes.js","1797"
"/api/communitymanagement","communityManagementRoutes","DIRECT_REQUIRE","./routes/communityManagementRoutes.js","C:\Users\DIYA GOEL\Downloads\EBDESIGN\backend\src\routes\communityManagementRoutes.js","1798"
"/api/coldstorage","coldStorageRoutes","DIRECT_REQUIRE","./routes/coldStorageRoutes.js","C:\Users\DIYA GOEL\Downloads\EBDESIGN\backend\src\routes\coldStorageRoutes.js","1799"
"/api/coldchainmonitoring","coldChainMonitoring","DIRECT_REQUIRE","./routes/coldChainMonitoring.js","C:\Users\DIYA GOEL\Downloads\EBDESIGN\backend\src\routes\coldChainMonitoring.js","1800"
"/api/climateroutesupport","climateRouteSupport","DIRECT_REQUIRE","./routes/climateRouteSupport.js","C:\Users\DIYA GOEL\Downloads\EBDESIGN\backend\src\routes\climateRouteSupport.js","1801"
"/api/climatemonitoring","climateMonitoringRoutes","DIRECT_REQUIRE","./routes/climateMonitoringRoutes.js","C:\Users\DIYA GOEL\Downloads\EBDESIGN\backend\src\routes\climateMonitoringRoutes.js","1802"
"/api/climateadvisory","climateAdvisoryRoutes","DIRECT_REQUIRE","./routes/climateAdvisoryRoutes.js","C:\Users\DIYA GOEL\Downloads\EBDESIGN\backend\src\routes\climateAdvisoryRoutes.js","1803"
"/api/climateadvisory","climateAdvisory","DIRECT_REQUIRE","./routes/climateAdvisory.js","C:\Users\DIYA GOEL\Downloads\EBDESIGN\backend\src\routes\climateAdvisory.js","1804"
"/api/civildisruption","civilDisruptionRoutes","DIRECT_REQUIRE","./routes/civilDisruptionRoutes.js","C:\Users\DIYA GOEL\Downloads\EBDESIGN\backend\src\routes\civilDisruptionRoutes.js","1805"
"/api/certificationmanagement","certificationManagement","DIRECT_REQUIRE","./routes/certificationManagement.js","C:\Users\DIYA GOEL\Downloads\EBDESIGN\backend\src\routes\certificationManagement.js","1806"
"/api/buyertrust","buyerTrust","DIRECT_REQUIRE","./routes/buyerTrust.js","C:\Users\DIYA GOEL\Downloads\EBDESIGN\backend\src\routes\buyerTrust.js","1807"
"/api/bulkorders","bulkOrders","DIRECT_REQUIRE","./routes/bulkOrders.js","C:\Users\DIYA GOEL\Downloads\EBDESIGN\backend\src\routes\bulkOrders.js","1808"
"/api/bulkorder","bulkOrderRoutes","DIRECT_REQUIRE","./routes/bulkOrderRoutes.js","C:\Users\DIYA GOEL\Downloads\EBDESIGN\backend\src\routes\bulkOrderRoutes.js","1809"
"/api/blockchainverification","blockchainVerificationRoutes","DIRECT_REQUIRE","./routes/blockchainVerificationRoutes.js","C:\Users\DIYA GOEL\Downloads\EBDESIGN\backend\src\routes\blockchainVerificationRoutes.js","1810"
"/api/blockchaintrace","blockchainTrace","DIRECT_REQUIRE","./routes/blockchainTrace.js","C:\Users\DIYA GOEL\Downloads\EBDESIGN\backend\src\routes\blockchainTrace.js","1811"
"/api/biometric","biometric","DIRECT_REQUIRE","./routes/biometric.js","C:\Users\DIYA GOEL\Downloads\EBDESIGN\backend\src\routes\biometric.js","1812"
"/api/automation","automation","DIRECT_REQUIRE","./routes/automation.js","C:\Users\DIYA GOEL\Downloads\EBDESIGN\backend\src\routes\automation.js","1813"
"/api/auth","authRoutes","DIRECT_REQUIRE","./routes/authRoutes.js","C:\Users\DIYA GOEL\Downloads\EBDESIGN\backend\src\routes\authRoutes.js","1814"
"/api/audittrail","auditTrail","DIRECT_REQUIRE","./routes/auditTrail.js","C:\Users\DIYA GOEL\Downloads\EBDESIGN\backend\src\routes\auditTrail.js","1815"
"/api/audit","auditRoutes","DIRECT_REQUIRE","./routes/auditRoutes.js","C:\Users\DIYA GOEL\Downloads\EBDESIGN\backend\src\routes\auditRoutes.js","1816"
"/api/assetaccounting","assetAccountingRoutes","DIRECT_REQUIRE","./routes/assetAccountingRoutes.js","C:\Users\DIYA GOEL\Downloads\EBDESIGN\backend\src\routes\assetAccountingRoutes.js","1817"
"/api/ar","ar","DIRECT_REQUIRE","./routes/ar.js","C:\Users\DIYA GOEL\Downloads\EBDESIGN\backend\src\routes\ar.js","1818"
"/api/apicompatibility","apiCompatibilityRoutes","DIRECT_REQUIRE","./routes/apiCompatibilityRoutes.js","C:\Users\DIYA GOEL\Downloads\EBDESIGN\backend\src\routes\apiCompatibilityRoutes.js","1819"
"/api/animalhealth","animalHealthRoutes","DIRECT_REQUIRE","./routes/animalHealthRoutes.js","C:\Users\DIYA GOEL\Downloads\EBDESIGN\backend\src\routes\animalHealthRoutes.js","1820"
"/api/analyticsreport","analyticsReportRoutes","DIRECT_REQUIRE","./routes/analyticsReportRoutes.js","C:\Users\DIYA GOEL\Downloads\EBDESIGN\backend\src\routes\analyticsReportRoutes.js","1821"
"/api/aiselfhealing","aiSelfHealingRoutes","DIRECT_REQUIRE","./routes/aiSelfHealingRoutes.js","C:\Users\DIYA GOEL\Downloads\EBDESIGN\backend\src\routes\aiSelfHealingRoutes.js","1822"
"/api/aioperationintelligence","aiOperationIntelligenceRoutes","DIRECT_REQUIRE","./routes/aiOperationIntelligenceRoutes.js","C:\Users\DIYA GOEL\Downloads\EBDESIGN\backend\src\routes\aiOperationIntelligenceRoutes.js","1823"
"/api/aigateway","aiGatewayRoutes","DIRECT_REQUIRE","./routes/aiGatewayRoutes.js","C:\Users\DIYA GOEL\Downloads\EBDESIGN\backend\src\routes\aiGatewayRoutes.js","1824"
"/api/v1/ai-gateway","aiGatewayRoutes","DIRECT_REQUIRE","./routes/aiGatewayRoutes.js","C:\Users\DIYA GOEL\Downloads\EBDESIGN\backend\src\routes\aiGatewayRoutes.js","1825"
"/api/v1/robotics","roboticsRoutes","DIRECT_REQUIRE","./routes/roboticsRoutes.js","C:\Users\DIYA GOEL\Downloads\EBDESIGN\backend\src\routes\roboticsRoutes.js","1826"
"/api/aicollaboration","aiCollaborationRoutes","DIRECT_REQUIRE","./routes/aiCollaborationRoutes.js","C:\Users\DIYA GOEL\Downloads\EBDESIGN\backend\src\routes\aiCollaborationRoutes.js","1827"
"/api/devin","devinRoutes","DIRECT_REQUIRE","./routes/devinRoutes","C:\Users\DIYA GOEL\Downloads\EBDESIGN\backend\src\routes\devinRoutes.js","1828"
"/api/aibrain","aiBrainRoutes","DIRECT_REQUIRE","./routes/aiBrainRoutes.js","C:\Users\DIYA GOEL\Downloads\EBDESIGN\backend\src\routes\aiBrainRoutes.js","1829"
"/api/aibackbone","aiBackboneRoutes","DIRECT_REQUIRE","./routes/aiBackboneRoutes.js","C:\Users\DIYA GOEL\Downloads\EBDESIGN\backend\src\routes\aiBackboneRoutes.js","1830"
"/api/aiapproval","aiApprovalRoutes","DIRECT_REQUIRE","./routes/aiApprovalRoutes.js","C:\Users\DIYA GOEL\Downloads\EBDESIGN\backend\src\routes\aiApprovalRoutes.js","1831"
"/api/aiagent","aiAgentRoutes","DIRECT_REQUIRE","./routes/aiAgentRoutes.js","C:\Users\DIYA GOEL\Downloads\EBDESIGN\backend\src\routes\aiAgentRoutes.js","1832"
"/api/agriculturalintelligence","agriculturalIntelligenceRoutes","DIRECT_REQUIRE","./routes/agriculturalIntelligenceRoutes.js","C:\Users\DIYA GOEL\Downloads\EBDESIGN\backend\src\routes\agriculturalIntelligenceRoutes.js","1833"
"/api/advancedsearch","advancedSearchRoutes","DIRECT_REQUIRE","./routes/advancedSearchRoutes.js","C:\Users\DIYA GOEL\Downloads\EBDESIGN\backend\src\routes\advancedSearchRoutes.js","1834"
"/api/advancedfeatures","advancedFeatures","DIRECT_REQUIRE","./routes/advancedFeatures.js","C:\Users\DIYA GOEL\Downloads\EBDESIGN\backend\src\routes\advancedFeatures.js","1835"
"/api/advancedanalytics","advancedAnalyticsRoutes","DIRECT_REQUIRE","./routes/advancedAnalyticsRoutes.js","C:\Users\DIYA GOEL\Downloads\EBDESIGN\backend\src\routes\advancedAnalyticsRoutes.js","1836"
"/api/v1/warnings","apiWarningRoutes","DIRECT_REQUIRE","./routes/apiWarningRoutes.js","C:\Users\DIYA GOEL\Downloads\EBDESIGN\backend\src\routes\apiWarningRoutes.js","1837"
"/api/index","index","DIRECT_REQUIRE","./routes/index.js","C:\Users\DIYA GOEL\Downloads\EBDESIGN\backend\src\routes\index.js","1840"
"/health","healthRoutes","DIRECT_REQUIRE","./routes/healthRoutes","C:\Users\DIYA GOEL\Downloads\EBDESIGN\backend\src\routes\healthRoutes.js","1842"
"/api/auto-generation","productImageAutoGenerationRoutes","DIRECT_REQUIRE","./routes/productImageAutoGenerationRoutes","C:\Users\DIYA GOEL\Downloads\EBDESIGN\backend\src\routes\productImageAutoGenerationRoutes.js","1846"
"/api/ai/images","aiImageGenerationEnhancedRoutes","DIRECT_REQUIRE","./routes/aiImageGenerationEnhancedRoutes","C:\Users\DIYA GOEL\Downloads\EBDESIGN\backend\src\routes\aiImageGenerationEnhancedRoutes.js","1847"
"/api/commerce/images","ecommerceImageIntegrationRoutes","DIRECT_REQUIRE","./routes/ecommerceImageIntegrationRoutes","C:\Users\DIYA GOEL\Downloads\EBDESIGN\backend\src\routes\ecommerceImageIntegrationRoutes.js","1848"
"/api/farmer/images","farmerImagePortalRoutes","DIRECT_REQUIRE","./routes/farmerImagePortalRoutes","C:\Users\DIYA GOEL\Downloads\EBDESIGN\backend\src\routes\farmerImagePortalRoutes.js","1849"
"/api/status","integrationStatusRoutes","DIRECT_REQUIRE","./routes/integrationStatusRoutes","C:\Users\DIYA GOEL\Downloads\EBDESIGN\backend\src\routes\integrationStatusRoutes.js","1853"
"/api/debug","endpointMismatchFixer","DIRECT_REQUIRE","./routes/ENDPOINT_MISMATCH_FIXER","C:\Users\DIYA GOEL\Downloads\EBDESIGN\backend\src\routes\ENDPOINT_MISMATCH_FIXER.js","1858"
"/api","stripeWebhookRoutes","DIRECT_REQUIRE","./routes/stripeWebhookRoutes","C:\Users\DIYA GOEL\Downloads\EBDESIGN\backend\src\routes\stripeWebhookRoutes.js","1862"
