"File","Role","Client","Method","RawPath","IsDynamic"
"C:\Users\DIYA GOEL\Downloads\EBDESIGN\frontend\src\components\Admin\AutoGenerationDashboard.jsx","COMPONENT","fetch","DELETE","${API_BASE}/queue","True"
"C:\Users\DIYA GOEL\Downloads\EBDESIGN\frontend\src\components\Admin\AutoGenerationDashboard.jsx","COMPONENT","fetch","GET","${API_BASE}/stats","True"
"C:\Users\DIYA GOEL\Downloads\EBDESIGN\frontend\src\components\Admin\AutoGenerationDashboard.jsx","COMPONENT","fetch","GET","${API_BASE}/status","True"
"C:\Users\DIYA GOEL\Downloads\EBDESIGN\frontend\src\components\Admin\AutoGenerationDashboard.jsx","COMPONENT","fetch","POST","${API_BASE}/pause","True"
"C:\Users\DIYA GOEL\Downloads\EBDESIGN\frontend\src\components\Admin\AutoGenerationDashboard.jsx","COMPONENT","fetch","POST","${API_BASE}/process-now","True"
"C:\Users\DIYA GOEL\Downloads\EBDESIGN\frontend\src\components\AI\AIChat.jsx","COMPONENT","api","GET","/ai/chat/history","False"
"C:\Users\DIYA GOEL\Downloads\EBDESIGN\frontend\src\components\AI\AIChat.jsx","COMPONENT","api","POST","/ai/decision/execute","False"
"C:\Users\DIYA GOEL\Downloads\EBDESIGN\frontend\src\components\AI\AIChat.jsx","COMPONENT","api","POST","/ai-gateway/chat","False"
"C:\Users\DIYA GOEL\Downloads\EBDESIGN\frontend\src\components\AI\AICollaborationDashboard.jsx","COMPONENT","api","GET","/ai/decisions/pending","False"
"C:\Users\DIYA GOEL\Downloads\EBDESIGN\frontend\src\components\AI\AICollaborationDashboard.jsx","COMPONENT","api","POST","/ai/decision/execute","False"
"C:\Users\DIYA GOEL\Downloads\EBDESIGN\frontend\src\components\AI\AIDashboard.jsx","COMPONENT","fetch","GET","/api/ai/analyses/${farmerId}","True"
"C:\Users\DIYA GOEL\Downloads\EBDESIGN\frontend\src\components\AI\AIDashboard.jsx","COMPONENT","fetch","GET","/api/ai/optimizations/${farmerId}","True"
"C:\Users\DIYA GOEL\Downloads\EBDESIGN\frontend\src\components\AI\AIDashboard.jsx","COMPONENT","fetch","GET","/api/ai/predictions/${farmerId}","True"
"C:\Users\DIYA GOEL\Downloads\EBDESIGN\frontend\src\components\AI\AIDashboard.jsx","COMPONENT","fetch","GET","/api/ai/stats/${farmerId}","True"
"C:\Users\DIYA GOEL\Downloads\EBDESIGN\frontend\src\components\AI\AIImageGeneratorDashboard.jsx","COMPONENT","fetch","GET","/api/ai/images/analytics","False"
"C:\Users\DIYA GOEL\Downloads\EBDESIGN\frontend\src\components\Farmer\FarmerImagePortal.jsx","COMPONENT","fetch","GET","/api/farmer/dashboard","False"
"C:\Users\DIYA GOEL\Downloads\EBDESIGN\frontend\src\components\Farmer\FarmerImagePortal.jsx","COMPONENT","fetch","POST","/api/farmer/portfolio/products","False"
"C:\Users\DIYA GOEL\Downloads\EBDESIGN\frontend\src\components\Farmer\FarmerImagePortal.jsx","COMPONENT","fetch","POST","/api/farmer/portfolio/products/${productId}/generate-images","True"
"C:\Users\DIYA GOEL\Downloads\EBDESIGN\frontend\src\components\Farmer\FarmerImagePortal.jsx","COMPONENT","fetch","POST","/api/farmer/portfolio/products/${productId}/publish","True"
"C:\Users\DIYA GOEL\Downloads\EBDESIGN\frontend\src\modules\M001\M001Page.jsx","OTHER","api","GET","/modules/m001/health","False"
"C:\Users\DIYA GOEL\Downloads\EBDESIGN\frontend\src\modules\M001\M001Page.jsx","OTHER","api","GET","/modules/m001/metrics","False"
"C:\Users\DIYA GOEL\Downloads\EBDESIGN\frontend\src\modules\M001\M001Page.jsx","OTHER","api","POST","/modules/m001/initialize","False"
"C:\Users\DIYA GOEL\Downloads\EBDESIGN\frontend\src\modules\M016\M016Page.jsx","OTHER","api","GET","/modules/m016/identities/${userId}","True"
"C:\Users\DIYA GOEL\Downloads\EBDESIGN\frontend\src\modules\M016\M016Page.jsx","OTHER","api","POST","/modules/m016/identities","False"
"C:\Users\DIYA GOEL\Downloads\EBDESIGN\frontend\src\modules\M031\M031Page.jsx","OTHER","fetch","DELETE","/api/m031/${id}","True"
"C:\Users\DIYA GOEL\Downloads\EBDESIGN\frontend\src\modules\M031\M031Page.jsx","OTHER","fetch","GET","/api/m031/search?q=${encodeURIComponent(searchQuery)}","True"
"C:\Users\DIYA GOEL\Downloads\EBDESIGN\frontend\src\modules\M031\M031Page.jsx","OTHER","fetch","GET","/api/m031?${params}","True"
"C:\Users\DIYA GOEL\Downloads\EBDESIGN\frontend\src\modules\M032\M032Page.jsx","OTHER","fetch","DELETE","/api/m032/${id}","True"
"C:\Users\DIYA GOEL\Downloads\EBDESIGN\frontend\src\modules\M032\M032Page.jsx","OTHER","fetch","GET","/api/m032/search?q=${encodeURIComponent(searchQuery)}","True"
"C:\Users\DIYA GOEL\Downloads\EBDESIGN\frontend\src\modules\M032\M032Page.jsx","OTHER","fetch","GET","/api/m032?${params}","True"
"C:\Users\DIYA GOEL\Downloads\EBDESIGN\frontend\src\modules\M033\M033Page.jsx","OTHER","fetch","DELETE","/api/m033/${id}","True"
"C:\Users\DIYA GOEL\Downloads\EBDESIGN\frontend\src\modules\M033\M033Page.jsx","OTHER","fetch","GET","/api/m033/search?q=${encodeURIComponent(searchQuery)}","True"
"C:\Users\DIYA GOEL\Downloads\EBDESIGN\frontend\src\modules\M033\M033Page.jsx","OTHER","fetch","GET","/api/m033?${params}","True"
"C:\Users\DIYA GOEL\Downloads\EBDESIGN\frontend\src\modules\M034\M034Page.jsx","OTHER","fetch","DELETE","/api/m034/${id}","True"
"C:\Users\DIYA GOEL\Downloads\EBDESIGN\frontend\src\modules\M034\M034Page.jsx","OTHER","fetch","GET","/api/m034/search?q=${encodeURIComponent(searchQuery)}","True"
"C:\Users\DIYA GOEL\Downloads\EBDESIGN\frontend\src\modules\M034\M034Page.jsx","OTHER","fetch","GET","/api/m034?${params}","True"
"C:\Users\DIYA GOEL\Downloads\EBDESIGN\frontend\src\modules\M035\M035Page.jsx","OTHER","fetch","DELETE","/api/m035/${id}","True"
"C:\Users\DIYA GOEL\Downloads\EBDESIGN\frontend\src\modules\M035\M035Page.jsx","OTHER","fetch","GET","/api/m035/search?q=${encodeURIComponent(searchQuery)}","True"
"C:\Users\DIYA GOEL\Downloads\EBDESIGN\frontend\src\modules\M035\M035Page.jsx","OTHER","fetch","GET","/api/m035?${params}","True"
"C:\Users\DIYA GOEL\Downloads\EBDESIGN\frontend\src\modules\M036\M036Page.jsx","OTHER","fetch","DELETE","/api/m036/${id}","True"
"C:\Users\DIYA GOEL\Downloads\EBDESIGN\frontend\src\modules\M036\M036Page.jsx","OTHER","fetch","GET","/api/m036/search?q=${encodeURIComponent(searchQuery)}","True"
"C:\Users\DIYA GOEL\Downloads\EBDESIGN\frontend\src\modules\M036\M036Page.jsx","OTHER","fetch","GET","/api/m036?${params}","True"
"C:\Users\DIYA GOEL\Downloads\EBDESIGN\frontend\src\modules\M037\M037Page.jsx","OTHER","fetch","DELETE","/api/m037/${id}","True"
"C:\Users\DIYA GOEL\Downloads\EBDESIGN\frontend\src\modules\M037\M037Page.jsx","OTHER","fetch","GET","/api/m037/search?q=${encodeURIComponent(searchQuery)}","True"
"C:\Users\DIYA GOEL\Downloads\EBDESIGN\frontend\src\modules\M037\M037Page.jsx","OTHER","fetch","GET","/api/m037?${params}","True"
"C:\Users\DIYA GOEL\Downloads\EBDESIGN\frontend\src\modules\M038\M038Page.jsx","OTHER","fetch","DELETE","/api/m038/${id}","True"
"C:\Users\DIYA GOEL\Downloads\EBDESIGN\frontend\src\modules\M038\M038Page.jsx","OTHER","fetch","GET","/api/m038/search?q=${encodeURIComponent(searchQuery)}","True"
"C:\Users\DIYA GOEL\Downloads\EBDESIGN\frontend\src\modules\M038\M038Page.jsx","OTHER","fetch","GET","/api/m038?${params}","True"
"C:\Users\DIYA GOEL\Downloads\EBDESIGN\frontend\src\modules\M039\M039Page.jsx","OTHER","fetch","DELETE","/api/m039/${id}","True"
"C:\Users\DIYA GOEL\Downloads\EBDESIGN\frontend\src\modules\M039\M039Page.jsx","OTHER","fetch","GET","/api/m039/search?q=${encodeURIComponent(searchQuery)}","True"
"C:\Users\DIYA GOEL\Downloads\EBDESIGN\frontend\src\modules\M039\M039Page.jsx","OTHER","fetch","GET","/api/m039?${params}","True"
"C:\Users\DIYA GOEL\Downloads\EBDESIGN\frontend\src\modules\M040\M040Page.jsx","OTHER","fetch","DELETE","/api/m040/${id}","True"
"C:\Users\DIYA GOEL\Downloads\EBDESIGN\frontend\src\modules\M040\M040Page.jsx","OTHER","fetch","GET","/api/m040/search?q=${encodeURIComponent(searchQuery)}","True"
"C:\Users\DIYA GOEL\Downloads\EBDESIGN\frontend\src\modules\M040\M040Page.jsx","OTHER","fetch","GET","/api/m040?${params}","True"
"C:\Users\DIYA GOEL\Downloads\EBDESIGN\frontend\src\modules\M041\M041Page.jsx","OTHER","fetch","DELETE","/api/m041/${id}","True"
"C:\Users\DIYA GOEL\Downloads\EBDESIGN\frontend\src\modules\M041\M041Page.jsx","OTHER","fetch","GET","/api/m041/search?q=${encodeURIComponent(searchQuery)}","True"
"C:\Users\DIYA GOEL\Downloads\EBDESIGN\frontend\src\modules\M041\M041Page.jsx","OTHER","fetch","GET","/api/m041?${params}","True"
"C:\Users\DIYA GOEL\Downloads\EBDESIGN\frontend\src\modules\M042\M042Page.jsx","OTHER","fetch","DELETE","/api/m042/${id}","True"
"C:\Users\DIYA GOEL\Downloads\EBDESIGN\frontend\src\modules\M042\M042Page.jsx","OTHER","fetch","GET","/api/m042/search?q=${encodeURIComponent(searchQuery)}","True"
"C:\Users\DIYA GOEL\Downloads\EBDESIGN\frontend\src\modules\M042\M042Page.jsx","OTHER","fetch","GET","/api/m042?${params}","True"
"C:\Users\DIYA GOEL\Downloads\EBDESIGN\frontend\src\modules\M043\M043Page.jsx","OTHER","fetch","DELETE","/api/m043/${id}","True"
"C:\Users\DIYA GOEL\Downloads\EBDESIGN\frontend\src\modules\M043\M043Page.jsx","OTHER","fetch","GET","/api/m043/search?q=${encodeURIComponent(searchQuery)}","True"
"C:\Users\DIYA GOEL\Downloads\EBDESIGN\frontend\src\modules\M043\M043Page.jsx","OTHER","fetch","GET","/api/m043?${params}","True"
"C:\Users\DIYA GOEL\Downloads\EBDESIGN\frontend\src\modules\M044\M044Page.jsx","OTHER","fetch","DELETE","/api/m044/${id}","True"
"C:\Users\DIYA GOEL\Downloads\EBDESIGN\frontend\src\modules\M044\M044Page.jsx","OTHER","fetch","GET","/api/m044/search?q=${encodeURIComponent(searchQuery)}","True"
"C:\Users\DIYA GOEL\Downloads\EBDESIGN\frontend\src\modules\M044\M044Page.jsx","OTHER","fetch","GET","/api/m044?${params}","True"
"C:\Users\DIYA GOEL\Downloads\EBDESIGN\frontend\src\modules\M045\M045Page.jsx","OTHER","fetch","DELETE","/api/m045/${id}","True"
"C:\Users\DIYA GOEL\Downloads\EBDESIGN\frontend\src\modules\M045\M045Page.jsx","OTHER","fetch","GET","/api/m045/search?q=${encodeURIComponent(searchQuery)}","True"
"C:\Users\DIYA GOEL\Downloads\EBDESIGN\frontend\src\modules\M045\M045Page.jsx","OTHER","fetch","GET","/api/m045?${params}","True"
"C:\Users\DIYA GOEL\Downloads\EBDESIGN\frontend\src\modules\M046\M046Page.jsx","OTHER","fetch","DELETE","/api/m046/${id}","True"
"C:\Users\DIYA GOEL\Downloads\EBDESIGN\frontend\src\modules\M046\M046Page.jsx","OTHER","fetch","GET","/api/m046/search?q=${encodeURIComponent(searchQuery)}","True"
"C:\Users\DIYA GOEL\Downloads\EBDESIGN\frontend\src\modules\M046\M046Page.jsx","OTHER","fetch","GET","/api/m046?${params}","True"
"C:\Users\DIYA GOEL\Downloads\EBDESIGN\frontend\src\modules\M047\M047Page.jsx","OTHER","fetch","DELETE","/api/m047/${id}","True"
"C:\Users\DIYA GOEL\Downloads\EBDESIGN\frontend\src\modules\M047\M047Page.jsx","OTHER","fetch","GET","/api/m047/search?q=${encodeURIComponent(searchQuery)}","True"
"C:\Users\DIYA GOEL\Downloads\EBDESIGN\frontend\src\modules\M047\M047Page.jsx","OTHER","fetch","GET","/api/m047?${params}","True"
"C:\Users\DIYA GOEL\Downloads\EBDESIGN\frontend\src\modules\M048\M048Page.jsx","OTHER","fetch","DELETE","/api/m048/${id}","True"
"C:\Users\DIYA GOEL\Downloads\EBDESIGN\frontend\src\modules\M048\M048Page.jsx","OTHER","fetch","GET","/api/m048/search?q=${encodeURIComponent(searchQuery)}","True"
"C:\Users\DIYA GOEL\Downloads\EBDESIGN\frontend\src\modules\M048\M048Page.jsx","OTHER","fetch","GET","/api/m048?${params}","True"
"C:\Users\DIYA GOEL\Downloads\EBDESIGN\frontend\src\modules\M049\M049Page.jsx","OTHER","fetch","DELETE","/api/m049/${id}","True"
"C:\Users\DIYA GOEL\Downloads\EBDESIGN\frontend\src\modules\M049\M049Page.jsx","OTHER","fetch","GET","/api/m049/search?q=${encodeURIComponent(searchQuery)}","True"
"C:\Users\DIYA GOEL\Downloads\EBDESIGN\frontend\src\modules\M049\M049Page.jsx","OTHER","fetch","GET","/api/m049?${params}","True"
"C:\Users\DIYA GOEL\Downloads\EBDESIGN\frontend\src\modules\M050\M050Page.jsx","OTHER","fetch","DELETE","/api/m050/${id}","True"
"C:\Users\DIYA GOEL\Downloads\EBDESIGN\frontend\src\modules\M050\M050Page.jsx","OTHER","fetch","GET","/api/m050/search?q=${encodeURIComponent(searchQuery)}","True"
"C:\Users\DIYA GOEL\Downloads\EBDESIGN\frontend\src\modules\M050\M050Page.jsx","OTHER","fetch","GET","/api/m050?${params}","True"
"C:\Users\DIYA GOEL\Downloads\EBDESIGN\frontend\src\modules\M051\M051Page.jsx","OTHER","fetch","DELETE","/api/m051/${id}","True"
"C:\Users\DIYA GOEL\Downloads\EBDESIGN\frontend\src\modules\M051\M051Page.jsx","OTHER","fetch","GET","/api/m051/search?q=${encodeURIComponent(searchQuery)}","True"
"C:\Users\DIYA GOEL\Downloads\EBDESIGN\frontend\src\modules\M051\M051Page.jsx","OTHER","fetch","GET","/api/m051?${params}","True"
"C:\Users\DIYA GOEL\Downloads\EBDESIGN\frontend\src\modules\M052\M052Page.jsx","OTHER","fetch","DELETE","/api/m052/${id}","True"
"C:\Users\DIYA GOEL\Downloads\EBDESIGN\frontend\src\modules\M052\M052Page.jsx","OTHER","fetch","GET","/api/m052/search?q=${encodeURIComponent(searchQuery)}","True"
"C:\Users\DIYA GOEL\Downloads\EBDESIGN\frontend\src\modules\M052\M052Page.jsx","OTHER","fetch","GET","/api/m052?${params}","True"
"C:\Users\DIYA GOEL\Downloads\EBDESIGN\frontend\src\modules\M053\M053Page.jsx","OTHER","fetch","DELETE","/api/m053/${id}","True"
"C:\Users\DIYA GOEL\Downloads\EBDESIGN\frontend\src\modules\M053\M053Page.jsx","OTHER","fetch","GET","/api/m053/search?q=${encodeURIComponent(searchQuery)}","True"
"C:\Users\DIYA GOEL\Downloads\EBDESIGN\frontend\src\modules\M053\M053Page.jsx","OTHER","fetch","GET","/api/m053?${params}","True"
"C:\Users\DIYA GOEL\Downloads\EBDESIGN\frontend\src\modules\M054\M054Page.jsx","OTHER","fetch","DELETE","/api/m054/${id}","True"
"C:\Users\DIYA GOEL\Downloads\EBDESIGN\frontend\src\modules\M054\M054Page.jsx","OTHER","fetch","GET","/api/m054/search?q=${encodeURIComponent(searchQuery)}","True"
"C:\Users\DIYA GOEL\Downloads\EBDESIGN\frontend\src\modules\M054\M054Page.jsx","OTHER","fetch","GET","/api/m054?${params}","True"
"C:\Users\DIYA GOEL\Downloads\EBDESIGN\frontend\src\modules\M055\M055Page.jsx","OTHER","fetch","DELETE","/api/m055/${id}","True"
"C:\Users\DIYA GOEL\Downloads\EBDESIGN\frontend\src\modules\M055\M055Page.jsx","OTHER","fetch","GET","/api/m055/search?q=${encodeURIComponent(searchQuery)}","True"
"C:\Users\DIYA GOEL\Downloads\EBDESIGN\frontend\src\modules\M055\M055Page.jsx","OTHER","fetch","GET","/api/m055?${params}","True"
"C:\Users\DIYA GOEL\Downloads\EBDESIGN\frontend\src\modules\M056\M056Page.jsx","OTHER","fetch","DELETE","/api/m056/${id}","True"
"C:\Users\DIYA GOEL\Downloads\EBDESIGN\frontend\src\modules\M056\M056Page.jsx","OTHER","fetch","GET","/api/m056/search?q=${encodeURIComponent(searchQuery)}","True"
"C:\Users\DIYA GOEL\Downloads\EBDESIGN\frontend\src\modules\M056\M056Page.jsx","OTHER","fetch","GET","/api/m056?${params}","True"
"C:\Users\DIYA GOEL\Downloads\EBDESIGN\frontend\src\modules\M057\M057Page.jsx","OTHER","fetch","DELETE","/api/m057/${id}","True"
"C:\Users\DIYA GOEL\Downloads\EBDESIGN\frontend\src\modules\M057\M057Page.jsx","OTHER","fetch","GET","/api/m057/search?q=${encodeURIComponent(searchQuery)}","True"
"C:\Users\DIYA GOEL\Downloads\EBDESIGN\frontend\src\modules\M057\M057Page.jsx","OTHER","fetch","GET","/api/m057?${params}","True"
"C:\Users\DIYA GOEL\Downloads\EBDESIGN\frontend\src\modules\M058\M058Page.jsx","OTHER","fetch","DELETE","/api/m058/${id}","True"
"C:\Users\DIYA GOEL\Downloads\EBDESIGN\frontend\src\modules\M058\M058Page.jsx","OTHER","fetch","GET","/api/m058/search?q=${encodeURIComponent(searchQuery)}","True"
"C:\Users\DIYA GOEL\Downloads\EBDESIGN\frontend\src\modules\M058\M058Page.jsx","OTHER","fetch","GET","/api/m058?${params}","True"
"C:\Users\DIYA GOEL\Downloads\EBDESIGN\frontend\src\modules\M059\M059Page.jsx","OTHER","fetch","DELETE","/api/m059/${id}","True"
"C:\Users\DIYA GOEL\Downloads\EBDESIGN\frontend\src\modules\M059\M059Page.jsx","OTHER","fetch","GET","/api/m059/search?q=${encodeURIComponent(searchQuery)}","True"
"C:\Users\DIYA GOEL\Downloads\EBDESIGN\frontend\src\modules\M059\M059Page.jsx","OTHER","fetch","GET","/api/m059?${params}","True"
"C:\Users\DIYA GOEL\Downloads\EBDESIGN\frontend\src\modules\M060\M060Page.jsx","OTHER","fetch","DELETE","/api/m060/${id}","True"
"C:\Users\DIYA GOEL\Downloads\EBDESIGN\frontend\src\modules\M060\M060Page.jsx","OTHER","fetch","GET","/api/m060/search?q=${encodeURIComponent(searchQuery)}","True"
"C:\Users\DIYA GOEL\Downloads\EBDESIGN\frontend\src\modules\M060\M060Page.jsx","OTHER","fetch","GET","/api/m060?${params}","True"
"C:\Users\DIYA GOEL\Downloads\EBDESIGN\frontend\src\modules\M061\M061Page.jsx","OTHER","fetch","DELETE","/api/m061/${id}","True"
"C:\Users\DIYA GOEL\Downloads\EBDESIGN\frontend\src\modules\M061\M061Page.jsx","OTHER","fetch","GET","/api/m061/search?q=${encodeURIComponent(searchQuery)}","True"
"C:\Users\DIYA GOEL\Downloads\EBDESIGN\frontend\src\modules\M061\M061Page.jsx","OTHER","fetch","GET","/api/m061?${params}","True"
"C:\Users\DIYA GOEL\Downloads\EBDESIGN\frontend\src\modules\M062\M062Page.jsx","OTHER","fetch","DELETE","/api/m062/${id}","True"
"C:\Users\DIYA GOEL\Downloads\EBDESIGN\frontend\src\modules\M062\M062Page.jsx","OTHER","fetch","GET","/api/m062/search?q=${encodeURIComponent(searchQuery)}","True"
"C:\Users\DIYA GOEL\Downloads\EBDESIGN\frontend\src\modules\M062\M062Page.jsx","OTHER","fetch","GET","/api/m062?${params}","True"
"C:\Users\DIYA GOEL\Downloads\EBDESIGN\frontend\src\modules\M063\M063Page.jsx","OTHER","fetch","DELETE","/api/m063/${id}","True"
"C:\Users\DIYA GOEL\Downloads\EBDESIGN\frontend\src\modules\M063\M063Page.jsx","OTHER","fetch","GET","/api/m063/search?q=${encodeURIComponent(searchQuery)}","True"
"C:\Users\DIYA GOEL\Downloads\EBDESIGN\frontend\src\modules\M063\M063Page.jsx","OTHER","fetch","GET","/api/m063?${params}","True"
"C:\Users\DIYA GOEL\Downloads\EBDESIGN\frontend\src\modules\M064\M064Page.jsx","OTHER","fetch","DELETE","/api/m064/${id}","True"
"C:\Users\DIYA GOEL\Downloads\EBDESIGN\frontend\src\modules\M064\M064Page.jsx","OTHER","fetch","GET","/api/m064/search?q=${encodeURIComponent(searchQuery)}","True"
"C:\Users\DIYA GOEL\Downloads\EBDESIGN\frontend\src\modules\M064\M064Page.jsx","OTHER","fetch","GET","/api/m064?${params}","True"
"C:\Users\DIYA GOEL\Downloads\EBDESIGN\frontend\src\modules\M065\M065Page.jsx","OTHER","fetch","DELETE","/api/m065/${id}","True"
"C:\Users\DIYA GOEL\Downloads\EBDESIGN\frontend\src\modules\M065\M065Page.jsx","OTHER","fetch","GET","/api/m065/search?q=${encodeURIComponent(searchQuery)}","True"
"C:\Users\DIYA GOEL\Downloads\EBDESIGN\frontend\src\modules\M065\M065Page.jsx","OTHER","fetch","GET","/api/m065?${params}","True"
"C:\Users\DIYA GOEL\Downloads\EBDESIGN\frontend\src\modules\M066\M066Page.jsx","OTHER","fetch","DELETE","/api/m066/${id}","True"
"C:\Users\DIYA GOEL\Downloads\EBDESIGN\frontend\src\modules\M066\M066Page.jsx","OTHER","fetch","GET","/api/m066/search?q=${encodeURIComponent(searchQuery)}","True"
"C:\Users\DIYA GOEL\Downloads\EBDESIGN\frontend\src\modules\M066\M066Page.jsx","OTHER","fetch","GET","/api/m066?${params}","True"
"C:\Users\DIYA GOEL\Downloads\EBDESIGN\frontend\src\modules\M067\M067Page.jsx","OTHER","fetch","DELETE","/api/m067/${id}","True"
"C:\Users\DIYA GOEL\Downloads\EBDESIGN\frontend\src\modules\M067\M067Page.jsx","OTHER","fetch","GET","/api/m067/search?q=${encodeURIComponent(searchQuery)}","True"
"C:\Users\DIYA GOEL\Downloads\EBDESIGN\frontend\src\modules\M067\M067Page.jsx","OTHER","fetch","GET","/api/m067?${params}","True"
"C:\Users\DIYA GOEL\Downloads\EBDESIGN\frontend\src\modules\M068\M068Page.jsx","OTHER","fetch","DELETE","/api/m068/${id}","True"
"C:\Users\DIYA GOEL\Downloads\EBDESIGN\frontend\src\modules\M068\M068Page.jsx","OTHER","fetch","GET","/api/m068/search?q=${encodeURIComponent(searchQuery)}","True"
"C:\Users\DIYA GOEL\Downloads\EBDESIGN\frontend\src\modules\M068\M068Page.jsx","OTHER","fetch","GET","/api/m068?${params}","True"
"C:\Users\DIYA GOEL\Downloads\EBDESIGN\frontend\src\modules\M069\M069Page.jsx","OTHER","fetch","DELETE","/api/m069/${id}","True"
"C:\Users\DIYA GOEL\Downloads\EBDESIGN\frontend\src\modules\M069\M069Page.jsx","OTHER","fetch","GET","/api/m069/search?q=${encodeURIComponent(searchQuery)}","True"
"C:\Users\DIYA GOEL\Downloads\EBDESIGN\frontend\src\modules\M069\M069Page.jsx","OTHER","fetch","GET","/api/m069?${params}","True"
"C:\Users\DIYA GOEL\Downloads\EBDESIGN\frontend\src\modules\M070\M070Page.jsx","OTHER","fetch","DELETE","/api/m070/${id}","True"
"C:\Users\DIYA GOEL\Downloads\EBDESIGN\frontend\src\modules\M070\M070Page.jsx","OTHER","fetch","GET","/api/m070/search?q=${encodeURIComponent(searchQuery)}","True"
"C:\Users\DIYA GOEL\Downloads\EBDESIGN\frontend\src\modules\M070\M070Page.jsx","OTHER","fetch","GET","/api/m070?${params}","True"
"C:\Users\DIYA GOEL\Downloads\EBDESIGN\frontend\src\modules\M071\M071Page.jsx","OTHER","fetch","DELETE","/api/m071/${id}","True"
"C:\Users\DIYA GOEL\Downloads\EBDESIGN\frontend\src\modules\M071\M071Page.jsx","OTHER","fetch","GET","/api/m071/search?q=${encodeURIComponent(searchQuery)}","True"
"C:\Users\DIYA GOEL\Downloads\EBDESIGN\frontend\src\modules\M071\M071Page.jsx","OTHER","fetch","GET","/api/m071?${params}","True"
"C:\Users\DIYA GOEL\Downloads\EBDESIGN\frontend\src\modules\M072\M072Page.jsx","OTHER","fetch","DELETE","/api/m072/${id}","True"
"C:\Users\DIYA GOEL\Downloads\EBDESIGN\frontend\src\modules\M072\M072Page.jsx","OTHER","fetch","GET","/api/m072/search?q=${encodeURIComponent(searchQuery)}","True"
"C:\Users\DIYA GOEL\Downloads\EBDESIGN\frontend\src\modules\M072\M072Page.jsx","OTHER","fetch","GET","/api/m072?${params}","True"
"C:\Users\DIYA GOEL\Downloads\EBDESIGN\frontend\src\modules\M073\M073Page.jsx","OTHER","fetch","DELETE","/api/m073/${id}","True"
"C:\Users\DIYA GOEL\Downloads\EBDESIGN\frontend\src\modules\M073\M073Page.jsx","OTHER","fetch","GET","/api/m073/search?q=${encodeURIComponent(searchQuery)}","True"
"C:\Users\DIYA GOEL\Downloads\EBDESIGN\frontend\src\modules\M073\M073Page.jsx","OTHER","fetch","GET","/api/m073?${params}","True"
"C:\Users\DIYA GOEL\Downloads\EBDESIGN\frontend\src\modules\M074\M074Page.jsx","OTHER","fetch","DELETE","/api/m074/${id}","True"
"C:\Users\DIYA GOEL\Downloads\EBDESIGN\frontend\src\modules\M074\M074Page.jsx","OTHER","fetch","GET","/api/m074/search?q=${encodeURIComponent(searchQuery)}","True"
"C:\Users\DIYA GOEL\Downloads\EBDESIGN\frontend\src\modules\M074\M074Page.jsx","OTHER","fetch","GET","/api/m074?${params}","True"
"C:\Users\DIYA GOEL\Downloads\EBDESIGN\frontend\src\modules\M075\M075Page.jsx","OTHER","fetch","DELETE","/api/m075/${id}","True"
"C:\Users\DIYA GOEL\Downloads\EBDESIGN\frontend\src\modules\M075\M075Page.jsx","OTHER","fetch","GET","/api/m075/search?q=${encodeURIComponent(searchQuery)}","True"
"C:\Users\DIYA GOEL\Downloads\EBDESIGN\frontend\src\modules\M075\M075Page.jsx","OTHER","fetch","GET","/api/m075?${params}","True"
"C:\Users\DIYA GOEL\Downloads\EBDESIGN\frontend\src\modules\M076\M076Page.jsx","OTHER","fetch","DELETE","/api/m076/${id}","True"
"C:\Users\DIYA GOEL\Downloads\EBDESIGN\frontend\src\modules\M076\M076Page.jsx","OTHER","fetch","GET","/api/m076/search?q=${encodeURIComponent(searchQuery)}","True"
"C:\Users\DIYA GOEL\Downloads\EBDESIGN\frontend\src\modules\M076\M076Page.jsx","OTHER","fetch","GET","/api/m076?${params}","True"
"C:\Users\DIYA GOEL\Downloads\EBDESIGN\frontend\src\modules\M077\M077Page.jsx","OTHER","fetch","DELETE","/api/m077/${id}","True"
"C:\Users\DIYA GOEL\Downloads\EBDESIGN\frontend\src\modules\M077\M077Page.jsx","OTHER","fetch","GET","/api/m077/search?q=${encodeURIComponent(searchQuery)}","True"
"C:\Users\DIYA GOEL\Downloads\EBDESIGN\frontend\src\modules\M077\M077Page.jsx","OTHER","fetch","GET","/api/m077?${params}","True"
"C:\Users\DIYA GOEL\Downloads\EBDESIGN\frontend\src\modules\M078\M078Page.jsx","OTHER","fetch","DELETE","/api/m078/${id}","True"
"C:\Users\DIYA GOEL\Downloads\EBDESIGN\frontend\src\modules\M078\M078Page.jsx","OTHER","fetch","GET","/api/m078/search?q=${encodeURIComponent(searchQuery)}","True"
"C:\Users\DIYA GOEL\Downloads\EBDESIGN\frontend\src\modules\M078\M078Page.jsx","OTHER","fetch","GET","/api/m078?${params}","True"
"C:\Users\DIYA GOEL\Downloads\EBDESIGN\frontend\src\modules\M079\M079Page.jsx","OTHER","fetch","DELETE","/api/m079/${id}","True"
"C:\Users\DIYA GOEL\Downloads\EBDESIGN\frontend\src\modules\M079\M079Page.jsx","OTHER","fetch","GET","/api/m079/search?q=${encodeURIComponent(searchQuery)}","True"
"C:\Users\DIYA GOEL\Downloads\EBDESIGN\frontend\src\modules\M079\M079Page.jsx","OTHER","fetch","GET","/api/m079?${params}","True"
"C:\Users\DIYA GOEL\Downloads\EBDESIGN\frontend\src\modules\M080\M080Page.jsx","OTHER","fetch","DELETE","/api/m080/${id}","True"
"C:\Users\DIYA GOEL\Downloads\EBDESIGN\frontend\src\modules\M080\M080Page.jsx","OTHER","fetch","GET","/api/m080/search?q=${encodeURIComponent(searchQuery)}","True"
"C:\Users\DIYA GOEL\Downloads\EBDESIGN\frontend\src\modules\M080\M080Page.jsx","OTHER","fetch","GET","/api/m080?${params}","True"
"C:\Users\DIYA GOEL\Downloads\EBDESIGN\frontend\src\modules\M081\M081Page.jsx","OTHER","fetch","DELETE","/api/m081/${id}","True"
"C:\Users\DIYA GOEL\Downloads\EBDESIGN\frontend\src\modules\M081\M081Page.jsx","OTHER","fetch","GET","/api/m081/search?q=${encodeURIComponent(searchQuery)}","True"
"C:\Users\DIYA GOEL\Downloads\EBDESIGN\frontend\src\modules\M081\M081Page.jsx","OTHER","fetch","GET","/api/m081?${params}","True"
"C:\Users\DIYA GOEL\Downloads\EBDESIGN\frontend\src\modules\M082\M082Page.jsx","OTHER","fetch","DELETE","/api/m082/${id}","True"
"C:\Users\DIYA GOEL\Downloads\EBDESIGN\frontend\src\modules\M082\M082Page.jsx","OTHER","fetch","GET","/api/m082/search?q=${encodeURIComponent(searchQuery)}","True"
"C:\Users\DIYA GOEL\Downloads\EBDESIGN\frontend\src\modules\M082\M082Page.jsx","OTHER","fetch","GET","/api/m082?${params}","True"
"C:\Users\DIYA GOEL\Downloads\EBDESIGN\frontend\src\modules\M083\M083Page.jsx","OTHER","fetch","DELETE","/api/m083/${id}","True"
"C:\Users\DIYA GOEL\Downloads\EBDESIGN\frontend\src\modules\M083\M083Page.jsx","OTHER","fetch","GET","/api/m083/search?q=${encodeURIComponent(searchQuery)}","True"
"C:\Users\DIYA GOEL\Downloads\EBDESIGN\frontend\src\modules\M083\M083Page.jsx","OTHER","fetch","GET","/api/m083?${params}","True"
"C:\Users\DIYA GOEL\Downloads\EBDESIGN\frontend\src\modules\M084\M084Page.jsx","OTHER","fetch","DELETE","/api/m084/${id}","True"
"C:\Users\DIYA GOEL\Downloads\EBDESIGN\frontend\src\modules\M084\M084Page.jsx","OTHER","fetch","GET","/api/m084/search?q=${encodeURIComponent(searchQuery)}","True"
"C:\Users\DIYA GOEL\Downloads\EBDESIGN\frontend\src\modules\M084\M084Page.jsx","OTHER","fetch","GET","/api/m084?${params}","True"
"C:\Users\DIYA GOEL\Downloads\EBDESIGN\frontend\src\modules\M085\M085Page.jsx","OTHER","fetch","DELETE","/api/m085/${id}","True"
"C:\Users\DIYA GOEL\Downloads\EBDESIGN\frontend\src\modules\M085\M085Page.jsx","OTHER","fetch","GET","/api/m085/search?q=${encodeURIComponent(searchQuery)}","True"
"C:\Users\DIYA GOEL\Downloads\EBDESIGN\frontend\src\modules\M085\M085Page.jsx","OTHER","fetch","GET","/api/m085?${params}","True"
"C:\Users\DIYA GOEL\Downloads\EBDESIGN\frontend\src\modules\M086\M086Page.jsx","OTHER","fetch","DELETE","/api/m086/${id}","True"
"C:\Users\DIYA GOEL\Downloads\EBDESIGN\frontend\src\modules\M086\M086Page.jsx","OTHER","fetch","GET","/api/m086/search?q=${encodeURIComponent(searchQuery)}","True"
"C:\Users\DIYA GOEL\Downloads\EBDESIGN\frontend\src\modules\M086\M086Page.jsx","OTHER","fetch","GET","/api/m086?${params}","True"
"C:\Users\DIYA GOEL\Downloads\EBDESIGN\frontend\src\modules\M087\M087Page.jsx","OTHER","fetch","DELETE","/api/m087/${id}","True"
"C:\Users\DIYA GOEL\Downloads\EBDESIGN\frontend\src\modules\M087\M087Page.jsx","OTHER","fetch","GET","/api/m087/search?q=${encodeURIComponent(searchQuery)}","True"
"C:\Users\DIYA GOEL\Downloads\EBDESIGN\frontend\src\modules\M087\M087Page.jsx","OTHER","fetch","GET","/api/m087?${params}","True"
"C:\Users\DIYA GOEL\Downloads\EBDESIGN\frontend\src\modules\M088\M088Page.jsx","OTHER","fetch","DELETE","/api/m088/${id}","True"
"C:\Users\DIYA GOEL\Downloads\EBDESIGN\frontend\src\modules\M088\M088Page.jsx","OTHER","fetch","GET","/api/m088/search?q=${encodeURIComponent(searchQuery)}","True"
"C:\Users\DIYA GOEL\Downloads\EBDESIGN\frontend\src\modules\M088\M088Page.jsx","OTHER","fetch","GET","/api/m088?${params}","True"
"C:\Users\DIYA GOEL\Downloads\EBDESIGN\frontend\src\modules\M089\M089Page.jsx","OTHER","fetch","DELETE","/api/m089/${id}","True"
"C:\Users\DIYA GOEL\Downloads\EBDESIGN\frontend\src\modules\M089\M089Page.jsx","OTHER","fetch","GET","/api/m089/search?q=${encodeURIComponent(searchQuery)}","True"
"C:\Users\DIYA GOEL\Downloads\EBDESIGN\frontend\src\modules\M089\M089Page.jsx","OTHER","fetch","GET","/api/m089?${params}","True"
"C:\Users\DIYA GOEL\Downloads\EBDESIGN\frontend\src\modules\M090\M090Page.jsx","OTHER","fetch","DELETE","/api/m090/${id}","True"
"C:\Users\DIYA GOEL\Downloads\EBDESIGN\frontend\src\modules\M090\M090Page.jsx","OTHER","fetch","GET","/api/m090/search?q=${encodeURIComponent(searchQuery)}","True"
"C:\Users\DIYA GOEL\Downloads\EBDESIGN\frontend\src\modules\M090\M090Page.jsx","OTHER","fetch","GET","/api/m090?${params}","True"
"C:\Users\DIYA GOEL\Downloads\EBDESIGN\frontend\src\modules\M091\M091Page.jsx","OTHER","fetch","DELETE","/api/m091/${id}","True"
"C:\Users\DIYA GOEL\Downloads\EBDESIGN\frontend\src\modules\M091\M091Page.jsx","OTHER","fetch","GET","/api/m091/search?q=${encodeURIComponent(searchQuery)}","True"
"C:\Users\DIYA GOEL\Downloads\EBDESIGN\frontend\src\modules\M091\M091Page.jsx","OTHER","fetch","GET","/api/m091?${params}","True"
"C:\Users\DIYA GOEL\Downloads\EBDESIGN\frontend\src\modules\M092\M092Page.jsx","OTHER","fetch","DELETE","/api/m092/${id}","True"
"C:\Users\DIYA GOEL\Downloads\EBDESIGN\frontend\src\modules\M092\M092Page.jsx","OTHER","fetch","GET","/api/m092/search?q=${encodeURIComponent(searchQuery)}","True"
"C:\Users\DIYA GOEL\Downloads\EBDESIGN\frontend\src\modules\M092\M092Page.jsx","OTHER","fetch","GET","/api/m092?${params}","True"
"C:\Users\DIYA GOEL\Downloads\EBDESIGN\frontend\src\modules\M093\M093Page.jsx","OTHER","fetch","DELETE","/api/m093/${id}","True"
"C:\Users\DIYA GOEL\Downloads\EBDESIGN\frontend\src\modules\M093\M093Page.jsx","OTHER","fetch","GET","/api/m093/search?q=${encodeURIComponent(searchQuery)}","True"
"C:\Users\DIYA GOEL\Downloads\EBDESIGN\frontend\src\modules\M093\M093Page.jsx","OTHER","fetch","GET","/api/m093?${params}","True"
"C:\Users\DIYA GOEL\Downloads\EBDESIGN\frontend\src\modules\M094\M094Page.jsx","OTHER","fetch","DELETE","/api/m094/${id}","True"
"C:\Users\DIYA GOEL\Downloads\EBDESIGN\frontend\src\modules\M094\M094Page.jsx","OTHER","fetch","GET","/api/m094/search?q=${encodeURIComponent(searchQuery)}","True"
"C:\Users\DIYA GOEL\Downloads\EBDESIGN\frontend\src\modules\M094\M094Page.jsx","OTHER","fetch","GET","/api/m094?${params}","True"
"C:\Users\DIYA GOEL\Downloads\EBDESIGN\frontend\src\modules\M095\M095Page.jsx","OTHER","fetch","DELETE","/api/m095/${id}","True"
"C:\Users\DIYA GOEL\Downloads\EBDESIGN\frontend\src\modules\M095\M095Page.jsx","OTHER","fetch","GET","/api/m095/search?q=${encodeURIComponent(searchQuery)}","True"
"C:\Users\DIYA GOEL\Downloads\EBDESIGN\frontend\src\modules\M095\M095Page.jsx","OTHER","fetch","GET","/api/m095?${params}","True"
"C:\Users\DIYA GOEL\Downloads\EBDESIGN\frontend\src\modules\M096\M096Page.jsx","OTHER","fetch","DELETE","/api/m096/${id}","True"
"C:\Users\DIYA GOEL\Downloads\EBDESIGN\frontend\src\modules\M096\M096Page.jsx","OTHER","fetch","GET","/api/m096/search?q=${encodeURIComponent(searchQuery)}","True"
"C:\Users\DIYA GOEL\Downloads\EBDESIGN\frontend\src\modules\M096\M096Page.jsx","OTHER","fetch","GET","/api/m096?${params}","True"
"C:\Users\DIYA GOEL\Downloads\EBDESIGN\frontend\src\modules\M097\M097Page.jsx","OTHER","fetch","DELETE","/api/m097/${id}","True"
"C:\Users\DIYA GOEL\Downloads\EBDESIGN\frontend\src\modules\M097\M097Page.jsx","OTHER","fetch","GET","/api/m097/search?q=${encodeURIComponent(searchQuery)}","True"
"C:\Users\DIYA GOEL\Downloads\EBDESIGN\frontend\src\modules\M097\M097Page.jsx","OTHER","fetch","GET","/api/m097?${params}","True"
"C:\Users\DIYA GOEL\Downloads\EBDESIGN\frontend\src\modules\M098\M098Page.jsx","OTHER","fetch","DELETE","/api/m098/${id}","True"
"C:\Users\DIYA GOEL\Downloads\EBDESIGN\frontend\src\modules\M098\M098Page.jsx","OTHER","fetch","GET","/api/m098/search?q=${encodeURIComponent(searchQuery)}","True"
"C:\Users\DIYA GOEL\Downloads\EBDESIGN\frontend\src\modules\M098\M098Page.jsx","OTHER","fetch","GET","/api/m098?${params}","True"
"C:\Users\DIYA GOEL\Downloads\EBDESIGN\frontend\src\modules\M099\M099Page.jsx","OTHER","fetch","DELETE","/api/m099/${id}","True"
"C:\Users\DIYA GOEL\Downloads\EBDESIGN\frontend\src\modules\M099\M099Page.jsx","OTHER","fetch","GET","/api/m099/search?q=${encodeURIComponent(searchQuery)}","True"
"C:\Users\DIYA GOEL\Downloads\EBDESIGN\frontend\src\modules\M099\M099Page.jsx","OTHER","fetch","GET","/api/m099?${params}","True"
"C:\Users\DIYA GOEL\Downloads\EBDESIGN\frontend\src\modules\M100\M100Page.jsx","OTHER","fetch","DELETE","/api/m100/${id}","True"
"C:\Users\DIYA GOEL\Downloads\EBDESIGN\frontend\src\modules\M100\M100Page.jsx","OTHER","fetch","GET","/api/m100/search?q=${encodeURIComponent(searchQuery)}","True"
"C:\Users\DIYA GOEL\Downloads\EBDESIGN\frontend\src\modules\M100\M100Page.jsx","OTHER","fetch","GET","/api/m100?${params}","True"
"C:\Users\DIYA GOEL\Downloads\EBDESIGN\frontend\src\modules\M101\M101Page.jsx","OTHER","fetch","DELETE","/api/m101/${id}","True"
"C:\Users\DIYA GOEL\Downloads\EBDESIGN\frontend\src\modules\M101\M101Page.jsx","OTHER","fetch","GET","/api/m101/search?q=${encodeURIComponent(searchQuery)}","True"
"C:\Users\DIYA GOEL\Downloads\EBDESIGN\frontend\src\modules\M101\M101Page.jsx","OTHER","fetch","GET","/api/m101?${params}","True"
"C:\Users\DIYA GOEL\Downloads\EBDESIGN\frontend\src\modules\M102\M102Page.jsx","OTHER","fetch","DELETE","/api/m102/${id}","True"
"C:\Users\DIYA GOEL\Downloads\EBDESIGN\frontend\src\modules\M102\M102Page.jsx","OTHER","fetch","GET","/api/m102/search?q=${encodeURIComponent(searchQuery)}","True"
"C:\Users\DIYA GOEL\Downloads\EBDESIGN\frontend\src\modules\M102\M102Page.jsx","OTHER","fetch","GET","/api/m102?${params}","True"
"C:\Users\DIYA GOEL\Downloads\EBDESIGN\frontend\src\modules\M103\M103Page.jsx","OTHER","fetch","DELETE","/api/m103/${id}","True"
"C:\Users\DIYA GOEL\Downloads\EBDESIGN\frontend\src\modules\M103\M103Page.jsx","OTHER","fetch","GET","/api/m103/search?q=${encodeURIComponent(searchQuery)}","True"
"C:\Users\DIYA GOEL\Downloads\EBDESIGN\frontend\src\modules\M103\M103Page.jsx","OTHER","fetch","GET","/api/m103?${params}","True"
"C:\Users\DIYA GOEL\Downloads\EBDESIGN\frontend\src\modules\M104\M104Page.jsx","OTHER","fetch","DELETE","/api/m104/${id}","True"
"C:\Users\DIYA GOEL\Downloads\EBDESIGN\frontend\src\modules\M104\M104Page.jsx","OTHER","fetch","GET","/api/m104/search?q=${encodeURIComponent(searchQuery)}","True"
"C:\Users\DIYA GOEL\Downloads\EBDESIGN\frontend\src\modules\M104\M104Page.jsx","OTHER","fetch","GET","/api/m104?${params}","True"
"C:\Users\DIYA GOEL\Downloads\EBDESIGN\frontend\src\modules\M105\M105Page.jsx","OTHER","fetch","DELETE","/api/m105/${id}","True"
"C:\Users\DIYA GOEL\Downloads\EBDESIGN\frontend\src\modules\M105\M105Page.jsx","OTHER","fetch","GET","/api/m105/search?q=${encodeURIComponent(searchQuery)}","True"
"C:\Users\DIYA GOEL\Downloads\EBDESIGN\frontend\src\modules\M105\M105Page.jsx","OTHER","fetch","GET","/api/m105?${params}","True"
"C:\Users\DIYA GOEL\Downloads\EBDESIGN\frontend\src\modules\M106\M106Page.jsx","OTHER","fetch","DELETE","/api/m106/${id}","True"
"C:\Users\DIYA GOEL\Downloads\EBDESIGN\frontend\src\modules\M106\M106Page.jsx","OTHER","fetch","GET","/api/m106/search?q=${encodeURIComponent(searchQuery)}","True"
"C:\Users\DIYA GOEL\Downloads\EBDESIGN\frontend\src\modules\M106\M106Page.jsx","OTHER","fetch","GET","/api/m106?${params}","True"
"C:\Users\DIYA GOEL\Downloads\EBDESIGN\frontend\src\modules\M107\M107Page.jsx","OTHER","fetch","DELETE","/api/m107/${id}","True"
"C:\Users\DIYA GOEL\Downloads\EBDESIGN\frontend\src\modules\M107\M107Page.jsx","OTHER","fetch","GET","/api/m107/search?q=${encodeURIComponent(searchQuery)}","True"
"C:\Users\DIYA GOEL\Downloads\EBDESIGN\frontend\src\modules\M107\M107Page.jsx","OTHER","fetch","GET","/api/m107?${params}","True"
"C:\Users\DIYA GOEL\Downloads\EBDESIGN\frontend\src\modules\M108\M108Page.jsx","OTHER","fetch","DELETE","/api/m108/${id}","True"
"C:\Users\DIYA GOEL\Downloads\EBDESIGN\frontend\src\modules\M108\M108Page.jsx","OTHER","fetch","GET","/api/m108/search?q=${encodeURIComponent(searchQuery)}","True"
"C:\Users\DIYA GOEL\Downloads\EBDESIGN\frontend\src\modules\M108\M108Page.jsx","OTHER","fetch","GET","/api/m108?${params}","True"
"C:\Users\DIYA GOEL\Downloads\EBDESIGN\frontend\src\modules\M109\M109Page.jsx","OTHER","fetch","DELETE","/api/m109/${id}","True"
"C:\Users\DIYA GOEL\Downloads\EBDESIGN\frontend\src\modules\M109\M109Page.jsx","OTHER","fetch","GET","/api/m109/search?q=${encodeURIComponent(searchQuery)}","True"
"C:\Users\DIYA GOEL\Downloads\EBDESIGN\frontend\src\modules\M109\M109Page.jsx","OTHER","fetch","GET","/api/m109?${params}","True"
"C:\Users\DIYA GOEL\Downloads\EBDESIGN\frontend\src\modules\M110\M110Page.jsx","OTHER","fetch","DELETE","/api/m110/${id}","True"
"C:\Users\DIYA GOEL\Downloads\EBDESIGN\frontend\src\modules\M110\M110Page.jsx","OTHER","fetch","GET","/api/m110/search?q=${encodeURIComponent(searchQuery)}","True"
"C:\Users\DIYA GOEL\Downloads\EBDESIGN\frontend\src\modules\M110\M110Page.jsx","OTHER","fetch","GET","/api/m110?${params}","True"
"C:\Users\DIYA GOEL\Downloads\EBDESIGN\frontend\src\modules\M111\M111Page.jsx","OTHER","fetch","DELETE","/api/m111/${id}","True"
"C:\Users\DIYA GOEL\Downloads\EBDESIGN\frontend\src\modules\M111\M111Page.jsx","OTHER","fetch","GET","/api/m111/search?q=${encodeURIComponent(searchQuery)}","True"
"C:\Users\DIYA GOEL\Downloads\EBDESIGN\frontend\src\modules\M111\M111Page.jsx","OTHER","fetch","GET","/api/m111?${params}","True"
"C:\Users\DIYA GOEL\Downloads\EBDESIGN\frontend\src\modules\M112\M112Page.jsx","OTHER","fetch","DELETE","/api/m112/${id}","True"
"C:\Users\DIYA GOEL\Downloads\EBDESIGN\frontend\src\modules\M112\M112Page.jsx","OTHER","fetch","GET","/api/m112/search?q=${encodeURIComponent(searchQuery)}","True"
"C:\Users\DIYA GOEL\Downloads\EBDESIGN\frontend\src\modules\M112\M112Page.jsx","OTHER","fetch","GET","/api/m112?${params}","True"
"C:\Users\DIYA GOEL\Downloads\EBDESIGN\frontend\src\modules\M113\M113Page.jsx","OTHER","fetch","DELETE","/api/m113/${id}","True"
"C:\Users\DIYA GOEL\Downloads\EBDESIGN\frontend\src\modules\M113\M113Page.jsx","OTHER","fetch","GET","/api/m113/search?q=${encodeURIComponent(searchQuery)}","True"
"C:\Users\DIYA GOEL\Downloads\EBDESIGN\frontend\src\modules\M113\M113Page.jsx","OTHER","fetch","GET","/api/m113?${params}","True"
"C:\Users\DIYA GOEL\Downloads\EBDESIGN\frontend\src\modules\M114\M114Page.jsx","OTHER","fetch","DELETE","/api/m114/${id}","True"
"C:\Users\DIYA GOEL\Downloads\EBDESIGN\frontend\src\modules\M114\M114Page.jsx","OTHER","fetch","GET","/api/m114/search?q=${encodeURIComponent(searchQuery)}","True"
"C:\Users\DIYA GOEL\Downloads\EBDESIGN\frontend\src\modules\M114\M114Page.jsx","OTHER","fetch","GET","/api/m114?${params}","True"
"C:\Users\DIYA GOEL\Downloads\EBDESIGN\frontend\src\modules\M115\M115Page.jsx","OTHER","fetch","DELETE","/api/m115/${id}","True"
"C:\Users\DIYA GOEL\Downloads\EBDESIGN\frontend\src\modules\M115\M115Page.jsx","OTHER","fetch","GET","/api/m115/search?q=${encodeURIComponent(searchQuery)}","True"
"C:\Users\DIYA GOEL\Downloads\EBDESIGN\frontend\src\modules\M115\M115Page.jsx","OTHER","fetch","GET","/api/m115?${params}","True"
"C:\Users\DIYA GOEL\Downloads\EBDESIGN\frontend\src\modules\M116\M116Page.jsx","OTHER","fetch","DELETE","/api/m116/${id}","True"
"C:\Users\DIYA GOEL\Downloads\EBDESIGN\frontend\src\modules\M116\M116Page.jsx","OTHER","fetch","GET","/api/m116/search?q=${encodeURIComponent(searchQuery)}","True"
"C:\Users\DIYA GOEL\Downloads\EBDESIGN\frontend\src\modules\M116\M116Page.jsx","OTHER","fetch","GET","/api/m116?${params}","True"
"C:\Users\DIYA GOEL\Downloads\EBDESIGN\frontend\src\modules\M117\M117Page.jsx","OTHER","fetch","DELETE","/api/m117/${id}","True"
"C:\Users\DIYA GOEL\Downloads\EBDESIGN\frontend\src\modules\M117\M117Page.jsx","OTHER","fetch","GET","/api/m117/search?q=${encodeURIComponent(searchQuery)}","True"
"C:\Users\DIYA GOEL\Downloads\EBDESIGN\frontend\src\modules\M117\M117Page.jsx","OTHER","fetch","GET","/api/m117?${params}","True"
"C:\Users\DIYA GOEL\Downloads\EBDESIGN\frontend\src\modules\M118\M118Page.jsx","OTHER","fetch","DELETE","/api/m118/${id}","True"
"C:\Users\DIYA GOEL\Downloads\EBDESIGN\frontend\src\modules\M118\M118Page.jsx","OTHER","fetch","GET","/api/m118/search?q=${encodeURIComponent(searchQuery)}","True"
"C:\Users\DIYA GOEL\Downloads\EBDESIGN\frontend\src\modules\M118\M118Page.jsx","OTHER","fetch","GET","/api/m118?${params}","True"
"C:\Users\DIYA GOEL\Downloads\EBDESIGN\frontend\src\modules\M119\M119Page.jsx","OTHER","fetch","DELETE","/api/m119/${id}","True"
"C:\Users\DIYA GOEL\Downloads\EBDESIGN\frontend\src\modules\M119\M119Page.jsx","OTHER","fetch","GET","/api/m119/search?q=${encodeURIComponent(searchQuery)}","True"
"C:\Users\DIYA GOEL\Downloads\EBDESIGN\frontend\src\modules\M119\M119Page.jsx","OTHER","fetch","GET","/api/m119?${params}","True"
"C:\Users\DIYA GOEL\Downloads\EBDESIGN\frontend\src\modules\M120\M120Page.jsx","OTHER","fetch","DELETE","/api/m120/${id}","True"
"C:\Users\DIYA GOEL\Downloads\EBDESIGN\frontend\src\modules\M120\M120Page.jsx","OTHER","fetch","GET","/api/m120/search?q=${encodeURIComponent(searchQuery)}","True"
"C:\Users\DIYA GOEL\Downloads\EBDESIGN\frontend\src\modules\M120\M120Page.jsx","OTHER","fetch","GET","/api/m120?${params}","True"
"C:\Users\DIYA GOEL\Downloads\EBDESIGN\frontend\src\modules\M121\M121Page.jsx","OTHER","fetch","DELETE","/api/m121/${id}","True"
"C:\Users\DIYA GOEL\Downloads\EBDESIGN\frontend\src\modules\M121\M121Page.jsx","OTHER","fetch","GET","/api/m121/search?q=${encodeURIComponent(searchQuery)}","True"
"C:\Users\DIYA GOEL\Downloads\EBDESIGN\frontend\src\modules\M121\M121Page.jsx","OTHER","fetch","GET","/api/m121?${params}","True"
"C:\Users\DIYA GOEL\Downloads\EBDESIGN\frontend\src\modules\M122\M122Page.jsx","OTHER","fetch","DELETE","/api/m122/${id}","True"
"C:\Users\DIYA GOEL\Downloads\EBDESIGN\frontend\src\modules\M122\M122Page.jsx","OTHER","fetch","GET","/api/m122/search?q=${encodeURIComponent(searchQuery)}","True"
"C:\Users\DIYA GOEL\Downloads\EBDESIGN\frontend\src\modules\M122\M122Page.jsx","OTHER","fetch","GET","/api/m122?${params}","True"
"C:\Users\DIYA GOEL\Downloads\EBDESIGN\frontend\src\modules\M123\M123Page.jsx","OTHER","fetch","DELETE","/api/m123/${id}","True"
"C:\Users\DIYA GOEL\Downloads\EBDESIGN\frontend\src\modules\M123\M123Page.jsx","OTHER","fetch","GET","/api/m123/search?q=${encodeURIComponent(searchQuery)}","True"
"C:\Users\DIYA GOEL\Downloads\EBDESIGN\frontend\src\modules\M123\M123Page.jsx","OTHER","fetch","GET","/api/m123?${params}","True"
"C:\Users\DIYA GOEL\Downloads\EBDESIGN\frontend\src\modules\M124\M124Page.jsx","OTHER","fetch","DELETE","/api/m124/${id}","True"
"C:\Users\DIYA GOEL\Downloads\EBDESIGN\frontend\src\modules\M124\M124Page.jsx","OTHER","fetch","GET","/api/m124/search?q=${encodeURIComponent(searchQuery)}","True"
"C:\Users\DIYA GOEL\Downloads\EBDESIGN\frontend\src\modules\M124\M124Page.jsx","OTHER","fetch","GET","/api/m124?${params}","True"
"C:\Users\DIYA GOEL\Downloads\EBDESIGN\frontend\src\modules\M125\M125Page.jsx","OTHER","fetch","DELETE","/api/m125/${id}","True"
"C:\Users\DIYA GOEL\Downloads\EBDESIGN\frontend\src\modules\M125\M125Page.jsx","OTHER","fetch","GET","/api/m125/search?q=${encodeURIComponent(searchQuery)}","True"
"C:\Users\DIYA GOEL\Downloads\EBDESIGN\frontend\src\modules\M125\M125Page.jsx","OTHER","fetch","GET","/api/m125?${params}","True"
"C:\Users\DIYA GOEL\Downloads\EBDESIGN\frontend\src\modules\M126\M126Page.jsx","OTHER","fetch","DELETE","/api/m126/${id}","True"
"C:\Users\DIYA GOEL\Downloads\EBDESIGN\frontend\src\modules\M126\M126Page.jsx","OTHER","fetch","GET","/api/m126/search?q=${encodeURIComponent(searchQuery)}","True"
"C:\Users\DIYA GOEL\Downloads\EBDESIGN\frontend\src\modules\M126\M126Page.jsx","OTHER","fetch","GET","/api/m126?${params}","True"
"C:\Users\DIYA GOEL\Downloads\EBDESIGN\frontend\src\modules\M127\M127Page.jsx","OTHER","fetch","DELETE","/api/m127/${id}","True"
"C:\Users\DIYA GOEL\Downloads\EBDESIGN\frontend\src\modules\M127\M127Page.jsx","OTHER","fetch","GET","/api/m127/search?q=${encodeURIComponent(searchQuery)}","True"
"C:\Users\DIYA GOEL\Downloads\EBDESIGN\frontend\src\modules\M127\M127Page.jsx","OTHER","fetch","GET","/api/m127?${params}","True"
"C:\Users\DIYA GOEL\Downloads\EBDESIGN\frontend\src\modules\M128\M128Page.jsx","OTHER","fetch","DELETE","/api/m128/${id}","True"
"C:\Users\DIYA GOEL\Downloads\EBDESIGN\frontend\src\modules\M128\M128Page.jsx","OTHER","fetch","GET","/api/m128/search?q=${encodeURIComponent(searchQuery)}","True"
"C:\Users\DIYA GOEL\Downloads\EBDESIGN\frontend\src\modules\M128\M128Page.jsx","OTHER","fetch","GET","/api/m128?${params}","True"
"C:\Users\DIYA GOEL\Downloads\EBDESIGN\frontend\src\modules\M129\M129Page.jsx","OTHER","fetch","DELETE","/api/m129/${id}","True"
"C:\Users\DIYA GOEL\Downloads\EBDESIGN\frontend\src\modules\M129\M129Page.jsx","OTHER","fetch","GET","/api/m129/search?q=${encodeURIComponent(searchQuery)}","True"
"C:\Users\DIYA GOEL\Downloads\EBDESIGN\frontend\src\modules\M129\M129Page.jsx","OTHER","fetch","GET","/api/m129?${params}","True"
"C:\Users\DIYA GOEL\Downloads\EBDESIGN\frontend\src\modules\M130\M130Page.jsx","OTHER","fetch","DELETE","/api/m130/${id}","True"
"C:\Users\DIYA GOEL\Downloads\EBDESIGN\frontend\src\modules\M130\M130Page.jsx","OTHER","fetch","GET","/api/m130/search?q=${encodeURIComponent(searchQuery)}","True"
"C:\Users\DIYA GOEL\Downloads\EBDESIGN\frontend\src\modules\M130\M130Page.jsx","OTHER","fetch","GET","/api/m130?${params}","True"
"C:\Users\DIYA GOEL\Downloads\EBDESIGN\frontend\src\modules\M131\M131Page.jsx","OTHER","fetch","DELETE","/api/m131/${id}","True"
"C:\Users\DIYA GOEL\Downloads\EBDESIGN\frontend\src\modules\M131\M131Page.jsx","OTHER","fetch","GET","/api/m131/search?q=${encodeURIComponent(searchQuery)}","True"
"C:\Users\DIYA GOEL\Downloads\EBDESIGN\frontend\src\modules\M131\M131Page.jsx","OTHER","fetch","GET","/api/m131?${params}","True"
"C:\Users\DIYA GOEL\Downloads\EBDESIGN\frontend\src\modules\M132\M132Page.jsx","OTHER","fetch","DELETE","/api/m132/${id}","True"
"C:\Users\DIYA GOEL\Downloads\EBDESIGN\frontend\src\modules\M132\M132Page.jsx","OTHER","fetch","GET","/api/m132/search?q=${encodeURIComponent(searchQuery)}","True"
"C:\Users\DIYA GOEL\Downloads\EBDESIGN\frontend\src\modules\M132\M132Page.jsx","OTHER","fetch","GET","/api/m132?${params}","True"
"C:\Users\DIYA GOEL\Downloads\EBDESIGN\frontend\src\modules\M133\M133Page.jsx","OTHER","fetch","DELETE","/api/m133/${id}","True"
"C:\Users\DIYA GOEL\Downloads\EBDESIGN\frontend\src\modules\M133\M133Page.jsx","OTHER","fetch","GET","/api/m133/search?q=${encodeURIComponent(searchQuery)}","True"
"C:\Users\DIYA GOEL\Downloads\EBDESIGN\frontend\src\modules\M133\M133Page.jsx","OTHER","fetch","GET","/api/m133?${params}","True"
"C:\Users\DIYA GOEL\Downloads\EBDESIGN\frontend\src\modules\M134\M134Page.jsx","OTHER","fetch","DELETE","/api/m134/${id}","True"
"C:\Users\DIYA GOEL\Downloads\EBDESIGN\frontend\src\modules\M134\M134Page.jsx","OTHER","fetch","GET","/api/m134/search?q=${encodeURIComponent(searchQuery)}","True"
"C:\Users\DIYA GOEL\Downloads\EBDESIGN\frontend\src\modules\M134\M134Page.jsx","OTHER","fetch","GET","/api/m134?${params}","True"
"C:\Users\DIYA GOEL\Downloads\EBDESIGN\frontend\src\modules\M135\M135Page.jsx","OTHER","fetch","DELETE","/api/m135/${id}","True"
"C:\Users\DIYA GOEL\Downloads\EBDESIGN\frontend\src\modules\M135\M135Page.jsx","OTHER","fetch","GET","/api/m135/search?q=${encodeURIComponent(searchQuery)}","True"
"C:\Users\DIYA GOEL\Downloads\EBDESIGN\frontend\src\modules\M135\M135Page.jsx","OTHER","fetch","GET","/api/m135?${params}","True"
"C:\Users\DIYA GOEL\Downloads\EBDESIGN\frontend\src\modules\M136\M136Page.jsx","OTHER","fetch","DELETE","/api/m136/${id}","True"
"C:\Users\DIYA GOEL\Downloads\EBDESIGN\frontend\src\modules\M136\M136Page.jsx","OTHER","fetch","GET","/api/m136/search?q=${encodeURIComponent(searchQuery)}","True"
"C:\Users\DIYA GOEL\Downloads\EBDESIGN\frontend\src\modules\M136\M136Page.jsx","OTHER","fetch","GET","/api/m136?${params}","True"
"C:\Users\DIYA GOEL\Downloads\EBDESIGN\frontend\src\modules\M137\M137Page.jsx","OTHER","fetch","DELETE","/api/m137/${id}","True"
"C:\Users\DIYA GOEL\Downloads\EBDESIGN\frontend\src\modules\M137\M137Page.jsx","OTHER","fetch","GET","/api/m137/search?q=${encodeURIComponent(searchQuery)}","True"
"C:\Users\DIYA GOEL\Downloads\EBDESIGN\frontend\src\modules\M137\M137Page.jsx","OTHER","fetch","GET","/api/m137?${params}","True"
"C:\Users\DIYA GOEL\Downloads\EBDESIGN\frontend\src\modules\M138\M138Page.jsx","OTHER","fetch","DELETE","/api/m138/${id}","True"
"C:\Users\DIYA GOEL\Downloads\EBDESIGN\frontend\src\modules\M138\M138Page.jsx","OTHER","fetch","GET","/api/m138/search?q=${encodeURIComponent(searchQuery)}","True"
"C:\Users\DIYA GOEL\Downloads\EBDESIGN\frontend\src\modules\M138\M138Page.jsx","OTHER","fetch","GET","/api/m138?${params}","True"
"C:\Users\DIYA GOEL\Downloads\EBDESIGN\frontend\src\modules\M139\M139Page.jsx","OTHER","fetch","DELETE","/api/m139/${id}","True"
"C:\Users\DIYA GOEL\Downloads\EBDESIGN\frontend\src\modules\M139\M139Page.jsx","OTHER","fetch","GET","/api/m139/search?q=${encodeURIComponent(searchQuery)}","True"
"C:\Users\DIYA GOEL\Downloads\EBDESIGN\frontend\src\modules\M139\M139Page.jsx","OTHER","fetch","GET","/api/m139?${params}","True"
"C:\Users\DIYA GOEL\Downloads\EBDESIGN\frontend\src\modules\M140\M140Page.jsx","OTHER","fetch","DELETE","/api/m140/${id}","True"
"C:\Users\DIYA GOEL\Downloads\EBDESIGN\frontend\src\modules\M140\M140Page.jsx","OTHER","fetch","GET","/api/m140/search?q=${encodeURIComponent(searchQuery)}","True"
"C:\Users\DIYA GOEL\Downloads\EBDESIGN\frontend\src\modules\M140\M140Page.jsx","OTHER","fetch","GET","/api/m140?${params}","True"
"C:\Users\DIYA GOEL\Downloads\EBDESIGN\frontend\src\modules\M141\M141Page.jsx","OTHER","fetch","DELETE","/api/m141/${id}","True"
"C:\Users\DIYA GOEL\Downloads\EBDESIGN\frontend\src\modules\M141\M141Page.jsx","OTHER","fetch","GET","/api/m141/search?q=${encodeURIComponent(searchQuery)}","True"
"C:\Users\DIYA GOEL\Downloads\EBDESIGN\frontend\src\modules\M141\M141Page.jsx","OTHER","fetch","GET","/api/m141?${params}","True"
"C:\Users\DIYA GOEL\Downloads\EBDESIGN\frontend\src\modules\M142\M142Page.jsx","OTHER","fetch","DELETE","/api/m142/${id}","True"
"C:\Users\DIYA GOEL\Downloads\EBDESIGN\frontend\src\modules\M142\M142Page.jsx","OTHER","fetch","GET","/api/m142/search?q=${encodeURIComponent(searchQuery)}","True"
"C:\Users\DIYA GOEL\Downloads\EBDESIGN\frontend\src\modules\M142\M142Page.jsx","OTHER","fetch","GET","/api/m142?${params}","True"
"C:\Users\DIYA GOEL\Downloads\EBDESIGN\frontend\src\modules\M143\M143Page.jsx","OTHER","fetch","DELETE","/api/m143/${id}","True"
"C:\Users\DIYA GOEL\Downloads\EBDESIGN\frontend\src\modules\M143\M143Page.jsx","OTHER","fetch","GET","/api/m143/search?q=${encodeURIComponent(searchQuery)}","True"
"C:\Users\DIYA GOEL\Downloads\EBDESIGN\frontend\src\modules\M143\M143Page.jsx","OTHER","fetch","GET","/api/m143?${params}","True"
"C:\Users\DIYA GOEL\Downloads\EBDESIGN\frontend\src\modules\M144\M144Page.jsx","OTHER","fetch","DELETE","/api/m144/${id}","True"
"C:\Users\DIYA GOEL\Downloads\EBDESIGN\frontend\src\modules\M144\M144Page.jsx","OTHER","fetch","GET","/api/m144/search?q=${encodeURIComponent(searchQuery)}","True"
"C:\Users\DIYA GOEL\Downloads\EBDESIGN\frontend\src\modules\M144\M144Page.jsx","OTHER","fetch","GET","/api/m144?${params}","True"
"C:\Users\DIYA GOEL\Downloads\EBDESIGN\frontend\src\modules\M145\M145Page.jsx","OTHER","fetch","DELETE","/api/m145/${id}","True"
"C:\Users\DIYA GOEL\Downloads\EBDESIGN\frontend\src\modules\M145\M145Page.jsx","OTHER","fetch","GET","/api/m145/search?q=${encodeURIComponent(searchQuery)}","True"
"C:\Users\DIYA GOEL\Downloads\EBDESIGN\frontend\src\modules\M145\M145Page.jsx","OTHER","fetch","GET","/api/m145?${params}","True"
"C:\Users\DIYA GOEL\Downloads\EBDESIGN\frontend\src\modules\M146\M146Page.jsx","OTHER","fetch","DELETE","/api/m146/${id}","True"
"C:\Users\DIYA GOEL\Downloads\EBDESIGN\frontend\src\modules\M146\M146Page.jsx","OTHER","fetch","GET","/api/m146/search?q=${encodeURIComponent(searchQuery)}","True"
"C:\Users\DIYA GOEL\Downloads\EBDESIGN\frontend\src\modules\M146\M146Page.jsx","OTHER","fetch","GET","/api/m146?${params}","True"
"C:\Users\DIYA GOEL\Downloads\EBDESIGN\frontend\src\modules\M147\M147Page.jsx","OTHER","fetch","DELETE","/api/m147/${id}","True"
"C:\Users\DIYA GOEL\Downloads\EBDESIGN\frontend\src\modules\M147\M147Page.jsx","OTHER","fetch","GET","/api/m147/search?q=${encodeURIComponent(searchQuery)}","True"
"C:\Users\DIYA GOEL\Downloads\EBDESIGN\frontend\src\modules\M147\M147Page.jsx","OTHER","fetch","GET","/api/m147?${params}","True"
"C:\Users\DIYA GOEL\Downloads\EBDESIGN\frontend\src\modules\M148\M148Page.jsx","OTHER","fetch","DELETE","/api/m148/${id}","True"
"C:\Users\DIYA GOEL\Downloads\EBDESIGN\frontend\src\modules\M148\M148Page.jsx","OTHER","fetch","GET","/api/m148/search?q=${encodeURIComponent(searchQuery)}","True"
"C:\Users\DIYA GOEL\Downloads\EBDESIGN\frontend\src\modules\M148\M148Page.jsx","OTHER","fetch","GET","/api/m148?${params}","True"
"C:\Users\DIYA GOEL\Downloads\EBDESIGN\frontend\src\modules\M149\M149Page.jsx","OTHER","fetch","DELETE","/api/m149/${id}","True"
"C:\Users\DIYA GOEL\Downloads\EBDESIGN\frontend\src\modules\M149\M149Page.jsx","OTHER","fetch","GET","/api/m149/search?q=${encodeURIComponent(searchQuery)}","True"
"C:\Users\DIYA GOEL\Downloads\EBDESIGN\frontend\src\modules\M149\M149Page.jsx","OTHER","fetch","GET","/api/m149?${params}","True"
"C:\Users\DIYA GOEL\Downloads\EBDESIGN\frontend\src\modules\M150\M150Page.jsx","OTHER","fetch","DELETE","/api/m150/${id}","True"
"C:\Users\DIYA GOEL\Downloads\EBDESIGN\frontend\src\modules\M150\M150Page.jsx","OTHER","fetch","GET","/api/m150/search?q=${encodeURIComponent(searchQuery)}","True"
"C:\Users\DIYA GOEL\Downloads\EBDESIGN\frontend\src\modules\M150\M150Page.jsx","OTHER","fetch","GET","/api/m150?${params}","True"
"C:\Users\DIYA GOEL\Downloads\EBDESIGN\frontend\src\modules\M151\M151Page.jsx","OTHER","fetch","DELETE","/api/m151/${id}","True"
"C:\Users\DIYA GOEL\Downloads\EBDESIGN\frontend\src\modules\M151\M151Page.jsx","OTHER","fetch","GET","/api/m151/search?q=${encodeURIComponent(searchQuery)}","True"
"C:\Users\DIYA GOEL\Downloads\EBDESIGN\frontend\src\modules\M151\M151Page.jsx","OTHER","fetch","GET","/api/m151?${params}","True"
"C:\Users\DIYA GOEL\Downloads\EBDESIGN\frontend\src\modules\M152\M152Page.jsx","OTHER","fetch","DELETE","/api/m152/${id}","True"
"C:\Users\DIYA GOEL\Downloads\EBDESIGN\frontend\src\modules\M152\M152Page.jsx","OTHER","fetch","GET","/api/m152/search?q=${encodeURIComponent(searchQuery)}","True"
"C:\Users\DIYA GOEL\Downloads\EBDESIGN\frontend\src\modules\M152\M152Page.jsx","OTHER","fetch","GET","/api/m152?${params}","True"
"C:\Users\DIYA GOEL\Downloads\EBDESIGN\frontend\src\modules\M153\M153Page.jsx","OTHER","fetch","DELETE","/api/m153/${id}","True"
"C:\Users\DIYA GOEL\Downloads\EBDESIGN\frontend\src\modules\M153\M153Page.jsx","OTHER","fetch","GET","/api/m153/search?q=${encodeURIComponent(searchQuery)}","True"
"C:\Users\DIYA GOEL\Downloads\EBDESIGN\frontend\src\modules\M153\M153Page.jsx","OTHER","fetch","GET","/api/m153?${params}","True"
"C:\Users\DIYA GOEL\Downloads\EBDESIGN\frontend\src\modules\M154\M154Page.jsx","OTHER","fetch","DELETE","/api/m154/${id}","True"
"C:\Users\DIYA GOEL\Downloads\EBDESIGN\frontend\src\modules\M154\M154Page.jsx","OTHER","fetch","GET","/api/m154/search?q=${encodeURIComponent(searchQuery)}","True"
"C:\Users\DIYA GOEL\Downloads\EBDESIGN\frontend\src\modules\M154\M154Page.jsx","OTHER","fetch","GET","/api/m154?${params}","True"
"C:\Users\DIYA GOEL\Downloads\EBDESIGN\frontend\src\modules\M155\M155Page.jsx","OTHER","fetch","DELETE","/api/m155/${id}","True"
"C:\Users\DIYA GOEL\Downloads\EBDESIGN\frontend\src\modules\M155\M155Page.jsx","OTHER","fetch","GET","/api/m155/search?q=${encodeURIComponent(searchQuery)}","True"
"C:\Users\DIYA GOEL\Downloads\EBDESIGN\frontend\src\modules\M155\M155Page.jsx","OTHER","fetch","GET","/api/m155?${params}","True"
"C:\Users\DIYA GOEL\Downloads\EBDESIGN\frontend\src\modules\M156\M156Page.jsx","OTHER","fetch","DELETE","/api/m156/${id}","True"
"C:\Users\DIYA GOEL\Downloads\EBDESIGN\frontend\src\modules\M156\M156Page.jsx","OTHER","fetch","GET","/api/m156/search?q=${encodeURIComponent(searchQuery)}","True"
"C:\Users\DIYA GOEL\Downloads\EBDESIGN\frontend\src\modules\M156\M156Page.jsx","OTHER","fetch","GET","/api/m156?${params}","True"
"C:\Users\DIYA GOEL\Downloads\EBDESIGN\frontend\src\modules\M157\M157Page.jsx","OTHER","fetch","DELETE","/api/m157/${id}","True"
"C:\Users\DIYA GOEL\Downloads\EBDESIGN\frontend\src\modules\M157\M157Page.jsx","OTHER","fetch","GET","/api/m157/search?q=${encodeURIComponent(searchQuery)}","True"
"C:\Users\DIYA GOEL\Downloads\EBDESIGN\frontend\src\modules\M157\M157Page.jsx","OTHER","fetch","GET","/api/m157?${params}","True"
"C:\Users\DIYA GOEL\Downloads\EBDESIGN\frontend\src\modules\M158\M158Page.jsx","OTHER","fetch","DELETE","/api/m158/${id}","True"
"C:\Users\DIYA GOEL\Downloads\EBDESIGN\frontend\src\modules\M158\M158Page.jsx","OTHER","fetch","GET","/api/m158/search?q=${encodeURIComponent(searchQuery)}","True"
"C:\Users\DIYA GOEL\Downloads\EBDESIGN\frontend\src\modules\M158\M158Page.jsx","OTHER","fetch","GET","/api/m158?${params}","True"
"C:\Users\DIYA GOEL\Downloads\EBDESIGN\frontend\src\modules\M159\M159Page.jsx","OTHER","fetch","DELETE","/api/m159/${id}","True"
"C:\Users\DIYA GOEL\Downloads\EBDESIGN\frontend\src\modules\M159\M159Page.jsx","OTHER","fetch","GET","/api/m159/search?q=${encodeURIComponent(searchQuery)}","True"
"C:\Users\DIYA GOEL\Downloads\EBDESIGN\frontend\src\modules\M159\M159Page.jsx","OTHER","fetch","GET","/api/m159?${params}","True"
"C:\Users\DIYA GOEL\Downloads\EBDESIGN\frontend\src\modules\M160\M160Page.jsx","OTHER","fetch","DELETE","/api/m160/${id}","True"
"C:\Users\DIYA GOEL\Downloads\EBDESIGN\frontend\src\modules\M160\M160Page.jsx","OTHER","fetch","GET","/api/m160/search?q=${encodeURIComponent(searchQuery)}","True"
"C:\Users\DIYA GOEL\Downloads\EBDESIGN\frontend\src\modules\M160\M160Page.jsx","OTHER","fetch","GET","/api/m160?${params}","True"
"C:\Users\DIYA GOEL\Downloads\EBDESIGN\frontend\src\modules\M161\M161Page.jsx","OTHER","fetch","DELETE","/api/m161/${id}","True"
"C:\Users\DIYA GOEL\Downloads\EBDESIGN\frontend\src\modules\M161\M161Page.jsx","OTHER","fetch","GET","/api/m161/search?q=${encodeURIComponent(searchQuery)}","True"
"C:\Users\DIYA GOEL\Downloads\EBDESIGN\frontend\src\modules\M161\M161Page.jsx","OTHER","fetch","GET","/api/m161?${params}","True"
"C:\Users\DIYA GOEL\Downloads\EBDESIGN\frontend\src\modules\M162\M162Page.jsx","OTHER","fetch","DELETE","/api/m162/${id}","True"
"C:\Users\DIYA GOEL\Downloads\EBDESIGN\frontend\src\modules\M162\M162Page.jsx","OTHER","fetch","GET","/api/m162/search?q=${encodeURIComponent(searchQuery)}","True"
"C:\Users\DIYA GOEL\Downloads\EBDESIGN\frontend\src\modules\M162\M162Page.jsx","OTHER","fetch","GET","/api/m162?${params}","True"
"C:\Users\DIYA GOEL\Downloads\EBDESIGN\frontend\src\modules\M163\M163Page.jsx","OTHER","fetch","DELETE","/api/m163/${id}","True"
"C:\Users\DIYA GOEL\Downloads\EBDESIGN\frontend\src\modules\M163\M163Page.jsx","OTHER","fetch","GET","/api/m163/search?q=${encodeURIComponent(searchQuery)}","True"
"C:\Users\DIYA GOEL\Downloads\EBDESIGN\frontend\src\modules\M163\M163Page.jsx","OTHER","fetch","GET","/api/m163?${params}","True"
"C:\Users\DIYA GOEL\Downloads\EBDESIGN\frontend\src\modules\M164\M164Page.jsx","OTHER","fetch","DELETE","/api/m164/${id}","True"
"C:\Users\DIYA GOEL\Downloads\EBDESIGN\frontend\src\modules\M164\M164Page.jsx","OTHER","fetch","GET","/api/m164/search?q=${encodeURIComponent(searchQuery)}","True"
"C:\Users\DIYA GOEL\Downloads\EBDESIGN\frontend\src\modules\M164\M164Page.jsx","OTHER","fetch","GET","/api/m164?${params}","True"
"C:\Users\DIYA GOEL\Downloads\EBDESIGN\frontend\src\modules\M165\M165Page.jsx","OTHER","fetch","DELETE","/api/m165/${id}","True"
"C:\Users\DIYA GOEL\Downloads\EBDESIGN\frontend\src\modules\M165\M165Page.jsx","OTHER","fetch","GET","/api/m165/search?q=${encodeURIComponent(searchQuery)}","True"
"C:\Users\DIYA GOEL\Downloads\EBDESIGN\frontend\src\modules\M165\M165Page.jsx","OTHER","fetch","GET","/api/m165?${params}","True"
"C:\Users\DIYA GOEL\Downloads\EBDESIGN\frontend\src\modules\M166\M166Page.jsx","OTHER","fetch","DELETE","/api/m166/${id}","True"
"C:\Users\DIYA GOEL\Downloads\EBDESIGN\frontend\src\modules\M166\M166Page.jsx","OTHER","fetch","GET","/api/m166/search?q=${encodeURIComponent(searchQuery)}","True"
"C:\Users\DIYA GOEL\Downloads\EBDESIGN\frontend\src\modules\M166\M166Page.jsx","OTHER","fetch","GET","/api/m166?${params}","True"
"C:\Users\DIYA GOEL\Downloads\EBDESIGN\frontend\src\modules\M167\M167Page.jsx","OTHER","fetch","DELETE","/api/m167/${id}","True"
"C:\Users\DIYA GOEL\Downloads\EBDESIGN\frontend\src\modules\M167\M167Page.jsx","OTHER","fetch","GET","/api/m167/search?q=${encodeURIComponent(searchQuery)}","True"
"C:\Users\DIYA GOEL\Downloads\EBDESIGN\frontend\src\modules\M167\M167Page.jsx","OTHER","fetch","GET","/api/m167?${params}","True"
"C:\Users\DIYA GOEL\Downloads\EBDESIGN\frontend\src\modules\M168\M168Page.jsx","OTHER","fetch","DELETE","/api/m168/${id}","True"
"C:\Users\DIYA GOEL\Downloads\EBDESIGN\frontend\src\modules\M168\M168Page.jsx","OTHER","fetch","GET","/api/m168/search?q=${encodeURIComponent(searchQuery)}","True"
"C:\Users\DIYA GOEL\Downloads\EBDESIGN\frontend\src\modules\M168\M168Page.jsx","OTHER","fetch","GET","/api/m168?${params}","True"
"C:\Users\DIYA GOEL\Downloads\EBDESIGN\frontend\src\modules\M169\M169Page.jsx","OTHER","fetch","DELETE","/api/m169/${id}","True"
"C:\Users\DIYA GOEL\Downloads\EBDESIGN\frontend\src\modules\M169\M169Page.jsx","OTHER","fetch","GET","/api/m169/search?q=${encodeURIComponent(searchQuery)}","True"
"C:\Users\DIYA GOEL\Downloads\EBDESIGN\frontend\src\modules\M169\M169Page.jsx","OTHER","fetch","GET","/api/m169?${params}","True"
"C:\Users\DIYA GOEL\Downloads\EBDESIGN\frontend\src\modules\M170\M170Page.jsx","OTHER","fetch","DELETE","/api/m170/${id}","True"
"C:\Users\DIYA GOEL\Downloads\EBDESIGN\frontend\src\modules\M170\M170Page.jsx","OTHER","fetch","GET","/api/m170/search?q=${encodeURIComponent(searchQuery)}","True"
"C:\Users\DIYA GOEL\Downloads\EBDESIGN\frontend\src\modules\M170\M170Page.jsx","OTHER","fetch","GET","/api/m170?${params}","True"
"C:\Users\DIYA GOEL\Downloads\EBDESIGN\frontend\src\modules\M171\M171Page.jsx","OTHER","fetch","DELETE","/api/m171/${id}","True"
"C:\Users\DIYA GOEL\Downloads\EBDESIGN\frontend\src\modules\M171\M171Page.jsx","OTHER","fetch","GET","/api/m171/search?q=${encodeURIComponent(searchQuery)}","True"
"C:\Users\DIYA GOEL\Downloads\EBDESIGN\frontend\src\modules\M171\M171Page.jsx","OTHER","fetch","GET","/api/m171?${params}","True"
"C:\Users\DIYA GOEL\Downloads\EBDESIGN\frontend\src\modules\M172\M172Page.jsx","OTHER","fetch","DELETE","/api/m172/${id}","True"
"C:\Users\DIYA GOEL\Downloads\EBDESIGN\frontend\src\modules\M172\M172Page.jsx","OTHER","fetch","GET","/api/m172/search?q=${encodeURIComponent(searchQuery)}","True"
"C:\Users\DIYA GOEL\Downloads\EBDESIGN\frontend\src\modules\M172\M172Page.jsx","OTHER","fetch","GET","/api/m172?${params}","True"
"C:\Users\DIYA GOEL\Downloads\EBDESIGN\frontend\src\modules\M173\M173Page.jsx","OTHER","fetch","DELETE","/api/m173/${id}","True"
"C:\Users\DIYA GOEL\Downloads\EBDESIGN\frontend\src\modules\M173\M173Page.jsx","OTHER","fetch","GET","/api/m173/search?q=${encodeURIComponent(searchQuery)}","True"
"C:\Users\DIYA GOEL\Downloads\EBDESIGN\frontend\src\modules\M173\M173Page.jsx","OTHER","fetch","GET","/api/m173?${params}","True"
"C:\Users\DIYA GOEL\Downloads\EBDESIGN\frontend\src\modules\M174\M174Page.jsx","OTHER","fetch","DELETE","/api/m174/${id}","True"
"C:\Users\DIYA GOEL\Downloads\EBDESIGN\frontend\src\modules\M174\M174Page.jsx","OTHER","fetch","GET","/api/m174/search?q=${encodeURIComponent(searchQuery)}","True"
"C:\Users\DIYA GOEL\Downloads\EBDESIGN\frontend\src\modules\M174\M174Page.jsx","OTHER","fetch","GET","/api/m174?${params}","True"
"C:\Users\DIYA GOEL\Downloads\EBDESIGN\frontend\src\modules\M175\M175Page.jsx","OTHER","fetch","DELETE","/api/m175/${id}","True"
"C:\Users\DIYA GOEL\Downloads\EBDESIGN\frontend\src\modules\M175\M175Page.jsx","OTHER","fetch","GET","/api/m175/search?q=${encodeURIComponent(searchQuery)}","True"
"C:\Users\DIYA GOEL\Downloads\EBDESIGN\frontend\src\modules\M175\M175Page.jsx","OTHER","fetch","GET","/api/m175?${params}","True"
"C:\Users\DIYA GOEL\Downloads\EBDESIGN\frontend\src\modules\M176\M176Page.jsx","OTHER","fetch","DELETE","/api/m176/${id}","True"
"C:\Users\DIYA GOEL\Downloads\EBDESIGN\frontend\src\modules\M176\M176Page.jsx","OTHER","fetch","GET","/api/m176/search?q=${encodeURIComponent(searchQuery)}","True"
"C:\Users\DIYA GOEL\Downloads\EBDESIGN\frontend\src\modules\M176\M176Page.jsx","OTHER","fetch","GET","/api/m176?${params}","True"
"C:\Users\DIYA GOEL\Downloads\EBDESIGN\frontend\src\modules\M177\M177Page.jsx","OTHER","fetch","DELETE","/api/m177/${id}","True"
"C:\Users\DIYA GOEL\Downloads\EBDESIGN\frontend\src\modules\M177\M177Page.jsx","OTHER","fetch","GET","/api/m177/search?q=${encodeURIComponent(searchQuery)}","True"
"C:\Users\DIYA GOEL\Downloads\EBDESIGN\frontend\src\modules\M177\M177Page.jsx","OTHER","fetch","GET","/api/m177?${params}","True"
"C:\Users\DIYA GOEL\Downloads\EBDESIGN\frontend\src\modules\M178\M178Page.jsx","OTHER","fetch","DELETE","/api/m178/${id}","True"
"C:\Users\DIYA GOEL\Downloads\EBDESIGN\frontend\src\modules\M178\M178Page.jsx","OTHER","fetch","GET","/api/m178/search?q=${encodeURIComponent(searchQuery)}","True"
"C:\Users\DIYA GOEL\Downloads\EBDESIGN\frontend\src\modules\M178\M178Page.jsx","OTHER","fetch","GET","/api/m178?${params}","True"
"C:\Users\DIYA GOEL\Downloads\EBDESIGN\frontend\src\modules\M179\M179Page.jsx","OTHER","fetch","DELETE","/api/m179/${id}","True"
"C:\Users\DIYA GOEL\Downloads\EBDESIGN\frontend\src\modules\M179\M179Page.jsx","OTHER","fetch","GET","/api/m179/search?q=${encodeURIComponent(searchQuery)}","True"
"C:\Users\DIYA GOEL\Downloads\EBDESIGN\frontend\src\modules\M179\M179Page.jsx","OTHER","fetch","GET","/api/m179?${params}","True"
"C:\Users\DIYA GOEL\Downloads\EBDESIGN\frontend\src\modules\M180\M180Page.jsx","OTHER","fetch","DELETE","/api/m180/${id}","True"
"C:\Users\DIYA GOEL\Downloads\EBDESIGN\frontend\src\modules\M180\M180Page.jsx","OTHER","fetch","GET","/api/m180/search?q=${encodeURIComponent(searchQuery)}","True"
"C:\Users\DIYA GOEL\Downloads\EBDESIGN\frontend\src\modules\M180\M180Page.jsx","OTHER","fetch","GET","/api/m180?${params}","True"
"C:\Users\DIYA GOEL\Downloads\EBDESIGN\frontend\src\modules\M181\M181Page.jsx","OTHER","fetch","DELETE","/api/m181/${id}","True"
"C:\Users\DIYA GOEL\Downloads\EBDESIGN\frontend\src\modules\M181\M181Page.jsx","OTHER","fetch","GET","/api/m181/search?q=${encodeURIComponent(searchQuery)}","True"
"C:\Users\DIYA GOEL\Downloads\EBDESIGN\frontend\src\modules\M181\M181Page.jsx","OTHER","fetch","GET","/api/m181?${params}","True"
"C:\Users\DIYA GOEL\Downloads\EBDESIGN\frontend\src\modules\M182\M182Page.jsx","OTHER","fetch","DELETE","/api/m182/${id}","True"
"C:\Users\DIYA GOEL\Downloads\EBDESIGN\frontend\src\modules\M182\M182Page.jsx","OTHER","fetch","GET","/api/m182/search?q=${encodeURIComponent(searchQuery)}","True"
"C:\Users\DIYA GOEL\Downloads\EBDESIGN\frontend\src\modules\M182\M182Page.jsx","OTHER","fetch","GET","/api/m182?${params}","True"
"C:\Users\DIYA GOEL\Downloads\EBDESIGN\frontend\src\modules\M183\M183Page.jsx","OTHER","fetch","DELETE","/api/m183/${id}","True"
"C:\Users\DIYA GOEL\Downloads\EBDESIGN\frontend\src\modules\M183\M183Page.jsx","OTHER","fetch","GET","/api/m183/search?q=${encodeURIComponent(searchQuery)}","True"
"C:\Users\DIYA GOEL\Downloads\EBDESIGN\frontend\src\modules\M183\M183Page.jsx","OTHER","fetch","GET","/api/m183?${params}","True"
"C:\Users\DIYA GOEL\Downloads\EBDESIGN\frontend\src\modules\M184\M184Page.jsx","OTHER","fetch","DELETE","/api/m184/${id}","True"
"C:\Users\DIYA GOEL\Downloads\EBDESIGN\frontend\src\modules\M184\M184Page.jsx","OTHER","fetch","GET","/api/m184/search?q=${encodeURIComponent(searchQuery)}","True"
"C:\Users\DIYA GOEL\Downloads\EBDESIGN\frontend\src\modules\M184\M184Page.jsx","OTHER","fetch","GET","/api/m184?${params}","True"
"C:\Users\DIYA GOEL\Downloads\EBDESIGN\frontend\src\modules\M185\M185Page.jsx","OTHER","fetch","DELETE","/api/m185/${id}","True"
"C:\Users\DIYA GOEL\Downloads\EBDESIGN\frontend\src\modules\M185\M185Page.jsx","OTHER","fetch","GET","/api/m185/search?q=${encodeURIComponent(searchQuery)}","True"
"C:\Users\DIYA GOEL\Downloads\EBDESIGN\frontend\src\modules\M185\M185Page.jsx","OTHER","fetch","GET","/api/m185?${params}","True"
"C:\Users\DIYA GOEL\Downloads\EBDESIGN\frontend\src\modules\M186\M186Page.jsx","OTHER","fetch","DELETE","/api/m186/${id}","True"
"C:\Users\DIYA GOEL\Downloads\EBDESIGN\frontend\src\modules\M186\M186Page.jsx","OTHER","fetch","GET","/api/m186/search?q=${encodeURIComponent(searchQuery)}","True"
"C:\Users\DIYA GOEL\Downloads\EBDESIGN\frontend\src\modules\M186\M186Page.jsx","OTHER","fetch","GET","/api/m186?${params}","True"
"C:\Users\DIYA GOEL\Downloads\EBDESIGN\frontend\src\modules\M187\M187Page.jsx","OTHER","fetch","DELETE","/api/m187/${id}","True"
"C:\Users\DIYA GOEL\Downloads\EBDESIGN\frontend\src\modules\M187\M187Page.jsx","OTHER","fetch","GET","/api/m187/search?q=${encodeURIComponent(searchQuery)}","True"
"C:\Users\DIYA GOEL\Downloads\EBDESIGN\frontend\src\modules\M187\M187Page.jsx","OTHER","fetch","GET","/api/m187?${params}","True"
"C:\Users\DIYA GOEL\Downloads\EBDESIGN\frontend\src\modules\M188\M188Page.jsx","OTHER","fetch","DELETE","/api/m188/${id}","True"
"C:\Users\DIYA GOEL\Downloads\EBDESIGN\frontend\src\modules\M188\M188Page.jsx","OTHER","fetch","GET","/api/m188/search?q=${encodeURIComponent(searchQuery)}","True"
"C:\Users\DIYA GOEL\Downloads\EBDESIGN\frontend\src\modules\M188\M188Page.jsx","OTHER","fetch","GET","/api/m188?${params}","True"
"C:\Users\DIYA GOEL\Downloads\EBDESIGN\frontend\src\modules\M189\M189Page.jsx","OTHER","fetch","DELETE","/api/m189/${id}","True"
"C:\Users\DIYA GOEL\Downloads\EBDESIGN\frontend\src\modules\M189\M189Page.jsx","OTHER","fetch","GET","/api/m189/search?q=${encodeURIComponent(searchQuery)}","True"
"C:\Users\DIYA GOEL\Downloads\EBDESIGN\frontend\src\modules\M189\M189Page.jsx","OTHER","fetch","GET","/api/m189?${params}","True"
"C:\Users\DIYA GOEL\Downloads\EBDESIGN\frontend\src\modules\M190\M190Page.jsx","OTHER","fetch","DELETE","/api/m190/${id}","True"
"C:\Users\DIYA GOEL\Downloads\EBDESIGN\frontend\src\modules\M190\M190Page.jsx","OTHER","fetch","GET","/api/m190/search?q=${encodeURIComponent(searchQuery)}","True"
"C:\Users\DIYA GOEL\Downloads\EBDESIGN\frontend\src\modules\M190\M190Page.jsx","OTHER","fetch","GET","/api/m190?${params}","True"
"C:\Users\DIYA GOEL\Downloads\EBDESIGN\frontend\src\modules\M191\M191Page.jsx","OTHER","fetch","DELETE","/api/m191/${id}","True"
"C:\Users\DIYA GOEL\Downloads\EBDESIGN\frontend\src\modules\M191\M191Page.jsx","OTHER","fetch","GET","/api/m191/search?q=${encodeURIComponent(searchQuery)}","True"
"C:\Users\DIYA GOEL\Downloads\EBDESIGN\frontend\src\modules\M191\M191Page.jsx","OTHER","fetch","GET","/api/m191?${params}","True"
"C:\Users\DIYA GOEL\Downloads\EBDESIGN\frontend\src\modules\M192\M192Page.jsx","OTHER","fetch","DELETE","/api/m192/${id}","True"
"C:\Users\DIYA GOEL\Downloads\EBDESIGN\frontend\src\modules\M192\M192Page.jsx","OTHER","fetch","GET","/api/m192/search?q=${encodeURIComponent(searchQuery)}","True"
"C:\Users\DIYA GOEL\Downloads\EBDESIGN\frontend\src\modules\M192\M192Page.jsx","OTHER","fetch","GET","/api/m192?${params}","True"
"C:\Users\DIYA GOEL\Downloads\EBDESIGN\frontend\src\modules\M193\M193Page.jsx","OTHER","fetch","DELETE","/api/m193/${id}","True"
"C:\Users\DIYA GOEL\Downloads\EBDESIGN\frontend\src\modules\M193\M193Page.jsx","OTHER","fetch","GET","/api/m193/search?q=${encodeURIComponent(searchQuery)}","True"
"C:\Users\DIYA GOEL\Downloads\EBDESIGN\frontend\src\modules\M193\M193Page.jsx","OTHER","fetch","GET","/api/m193?${params}","True"
"C:\Users\DIYA GOEL\Downloads\EBDESIGN\frontend\src\modules\M194\M194Page.jsx","OTHER","fetch","DELETE","/api/m194/${id}","True"
"C:\Users\DIYA GOEL\Downloads\EBDESIGN\frontend\src\modules\M194\M194Page.jsx","OTHER","fetch","GET","/api/m194/search?q=${encodeURIComponent(searchQuery)}","True"
"C:\Users\DIYA GOEL\Downloads\EBDESIGN\frontend\src\modules\M194\M194Page.jsx","OTHER","fetch","GET","/api/m194?${params}","True"
"C:\Users\DIYA GOEL\Downloads\EBDESIGN\frontend\src\modules\M195\M195Page.jsx","OTHER","fetch","DELETE","/api/m195/${id}","True"
"C:\Users\DIYA GOEL\Downloads\EBDESIGN\frontend\src\modules\M195\M195Page.jsx","OTHER","fetch","GET","/api/m195/search?q=${encodeURIComponent(searchQuery)}","True"
"C:\Users\DIYA GOEL\Downloads\EBDESIGN\frontend\src\modules\M195\M195Page.jsx","OTHER","fetch","GET","/api/m195?${params}","True"
"C:\Users\DIYA GOEL\Downloads\EBDESIGN\frontend\src\modules\M196\M196Page.jsx","OTHER","fetch","DELETE","/api/m196/${id}","True"
"C:\Users\DIYA GOEL\Downloads\EBDESIGN\frontend\src\modules\M196\M196Page.jsx","OTHER","fetch","GET","/api/m196/search?q=${encodeURIComponent(searchQuery)}","True"
"C:\Users\DIYA GOEL\Downloads\EBDESIGN\frontend\src\modules\M196\M196Page.jsx","OTHER","fetch","GET","/api/m196?${params}","True"
"C:\Users\DIYA GOEL\Downloads\EBDESIGN\frontend\src\modules\M197\M197Page.jsx","OTHER","fetch","DELETE","/api/m197/${id}","True"
"C:\Users\DIYA GOEL\Downloads\EBDESIGN\frontend\src\modules\M197\M197Page.jsx","OTHER","fetch","GET","/api/m197/search?q=${encodeURIComponent(searchQuery)}","True"
"C:\Users\DIYA GOEL\Downloads\EBDESIGN\frontend\src\modules\M197\M197Page.jsx","OTHER","fetch","GET","/api/m197?${params}","True"
"C:\Users\DIYA GOEL\Downloads\EBDESIGN\frontend\src\modules\M198\M198Page.jsx","OTHER","fetch","DELETE","/api/m198/${id}","True"
"C:\Users\DIYA GOEL\Downloads\EBDESIGN\frontend\src\modules\M198\M198Page.jsx","OTHER","fetch","GET","/api/m198/search?q=${encodeURIComponent(searchQuery)}","True"
"C:\Users\DIYA GOEL\Downloads\EBDESIGN\frontend\src\modules\M198\M198Page.jsx","OTHER","fetch","GET","/api/m198?${params}","True"
"C:\Users\DIYA GOEL\Downloads\EBDESIGN\frontend\src\modules\M199\M199Page.jsx","OTHER","fetch","DELETE","/api/m199/${id}","True"
"C:\Users\DIYA GOEL\Downloads\EBDESIGN\frontend\src\modules\M199\M199Page.jsx","OTHER","fetch","GET","/api/m199/search?q=${encodeURIComponent(searchQuery)}","True"
"C:\Users\DIYA GOEL\Downloads\EBDESIGN\frontend\src\modules\M199\M199Page.jsx","OTHER","fetch","GET","/api/m199?${params}","True"
"C:\Users\DIYA GOEL\Downloads\EBDESIGN\frontend\src\modules\M200\M200Page.jsx","OTHER","fetch","DELETE","/api/m200/${id}","True"
"C:\Users\DIYA GOEL\Downloads\EBDESIGN\frontend\src\modules\M200\M200Page.jsx","OTHER","fetch","GET","/api/m200/search?q=${encodeURIComponent(searchQuery)}","True"
"C:\Users\DIYA GOEL\Downloads\EBDESIGN\frontend\src\modules\M200\M200Page.jsx","OTHER","fetch","GET","/api/m200?${params}","True"
"C:\Users\DIYA GOEL\Downloads\EBDESIGN\frontend\src\modules\M201\M201Page.jsx","OTHER","fetch","DELETE","/api/m201/${id}","True"
"C:\Users\DIYA GOEL\Downloads\EBDESIGN\frontend\src\modules\M201\M201Page.jsx","OTHER","fetch","GET","/api/m201/search?q=${encodeURIComponent(searchQuery)}","True"
"C:\Users\DIYA GOEL\Downloads\EBDESIGN\frontend\src\modules\M201\M201Page.jsx","OTHER","fetch","GET","/api/m201?${params}","True"
"C:\Users\DIYA GOEL\Downloads\EBDESIGN\frontend\src\modules\M202\M202Page.jsx","OTHER","fetch","DELETE","/api/m202/${id}","True"
"C:\Users\DIYA GOEL\Downloads\EBDESIGN\frontend\src\modules\M202\M202Page.jsx","OTHER","fetch","GET","/api/m202/search?q=${encodeURIComponent(searchQuery)}","True"
"C:\Users\DIYA GOEL\Downloads\EBDESIGN\frontend\src\modules\M202\M202Page.jsx","OTHER","fetch","GET","/api/m202?${params}","True"
"C:\Users\DIYA GOEL\Downloads\EBDESIGN\frontend\src\modules\M203\M203Page.jsx","OTHER","fetch","DELETE","/api/m203/${id}","True"
"C:\Users\DIYA GOEL\Downloads\EBDESIGN\frontend\src\modules\M203\M203Page.jsx","OTHER","fetch","GET","/api/m203/search?q=${encodeURIComponent(searchQuery)}","True"
"C:\Users\DIYA GOEL\Downloads\EBDESIGN\frontend\src\modules\M203\M203Page.jsx","OTHER","fetch","GET","/api/m203?${params}","True"
"C:\Users\DIYA GOEL\Downloads\EBDESIGN\frontend\src\modules\M204\M204Page.jsx","OTHER","fetch","DELETE","/api/m204/${id}","True"
"C:\Users\DIYA GOEL\Downloads\EBDESIGN\frontend\src\modules\M204\M204Page.jsx","OTHER","fetch","GET","/api/m204/search?q=${encodeURIComponent(searchQuery)}","True"
"C:\Users\DIYA GOEL\Downloads\EBDESIGN\frontend\src\modules\M204\M204Page.jsx","OTHER","fetch","GET","/api/m204?${params}","True"
"C:\Users\DIYA GOEL\Downloads\EBDESIGN\frontend\src\modules\M205\M205Page.jsx","OTHER","fetch","DELETE","/api/m205/${id}","True"
"C:\Users\DIYA GOEL\Downloads\EBDESIGN\frontend\src\modules\M205\M205Page.jsx","OTHER","fetch","GET","/api/m205/search?q=${encodeURIComponent(searchQuery)}","True"
"C:\Users\DIYA GOEL\Downloads\EBDESIGN\frontend\src\modules\M205\M205Page.jsx","OTHER","fetch","GET","/api/m205?${params}","True"
"C:\Users\DIYA GOEL\Downloads\EBDESIGN\frontend\src\modules\M206\M206Page.jsx","OTHER","fetch","DELETE","/api/m206/${id}","True"
"C:\Users\DIYA GOEL\Downloads\EBDESIGN\frontend\src\modules\M206\M206Page.jsx","OTHER","fetch","GET","/api/m206/search?q=${encodeURIComponent(searchQuery)}","True"
"C:\Users\DIYA GOEL\Downloads\EBDESIGN\frontend\src\modules\M206\M206Page.jsx","OTHER","fetch","GET","/api/m206?${params}","True"
"C:\Users\DIYA GOEL\Downloads\EBDESIGN\frontend\src\modules\M207\M207Page.jsx","OTHER","fetch","DELETE","/api/m207/${id}","True"
"C:\Users\DIYA GOEL\Downloads\EBDESIGN\frontend\src\modules\M207\M207Page.jsx","OTHER","fetch","GET","/api/m207/search?q=${encodeURIComponent(searchQuery)}","True"
"C:\Users\DIYA GOEL\Downloads\EBDESIGN\frontend\src\modules\M207\M207Page.jsx","OTHER","fetch","GET","/api/m207?${params}","True"
"C:\Users\DIYA GOEL\Downloads\EBDESIGN\frontend\src\modules\M208\M208Page.jsx","OTHER","fetch","DELETE","/api/m208/${id}","True"
"C:\Users\DIYA GOEL\Downloads\EBDESIGN\frontend\src\modules\M208\M208Page.jsx","OTHER","fetch","GET","/api/m208/search?q=${encodeURIComponent(searchQuery)}","True"
"C:\Users\DIYA GOEL\Downloads\EBDESIGN\frontend\src\modules\M208\M208Page.jsx","OTHER","fetch","GET","/api/m208?${params}","True"
"C:\Users\DIYA GOEL\Downloads\EBDESIGN\frontend\src\modules\M209\M209Page.jsx","OTHER","fetch","DELETE","/api/m209/${id}","True"
"C:\Users\DIYA GOEL\Downloads\EBDESIGN\frontend\src\modules\M209\M209Page.jsx","OTHER","fetch","GET","/api/m209/search?q=${encodeURIComponent(searchQuery)}","True"
"C:\Users\DIYA GOEL\Downloads\EBDESIGN\frontend\src\modules\M209\M209Page.jsx","OTHER","fetch","GET","/api/m209?${params}","True"
"C:\Users\DIYA GOEL\Downloads\EBDESIGN\frontend\src\modules\M210\M210Page.jsx","OTHER","fetch","DELETE","/api/m210/${id}","True"
"C:\Users\DIYA GOEL\Downloads\EBDESIGN\frontend\src\modules\M210\M210Page.jsx","OTHER","fetch","GET","/api/m210/search?q=${encodeURIComponent(searchQuery)}","True"
"C:\Users\DIYA GOEL\Downloads\EBDESIGN\frontend\src\modules\M210\M210Page.jsx","OTHER","fetch","GET","/api/m210?${params}","True"
"C:\Users\DIYA GOEL\Downloads\EBDESIGN\frontend\src\modules\M211\M211Page.jsx","OTHER","fetch","DELETE","/api/m211/${id}","True"
"C:\Users\DIYA GOEL\Downloads\EBDESIGN\frontend\src\modules\M211\M211Page.jsx","OTHER","fetch","GET","/api/m211/search?q=${encodeURIComponent(searchQuery)}","True"
"C:\Users\DIYA GOEL\Downloads\EBDESIGN\frontend\src\modules\M211\M211Page.jsx","OTHER","fetch","GET","/api/m211?${params}","True"
"C:\Users\DIYA GOEL\Downloads\EBDESIGN\frontend\src\modules\M212\M212Page.jsx","OTHER","fetch","DELETE","/api/m212/${id}","True"
"C:\Users\DIYA GOEL\Downloads\EBDESIGN\frontend\src\modules\M212\M212Page.jsx","OTHER","fetch","GET","/api/m212/search?q=${encodeURIComponent(searchQuery)}","True"
"C:\Users\DIYA GOEL\Downloads\EBDESIGN\frontend\src\modules\M212\M212Page.jsx","OTHER","fetch","GET","/api/m212?${params}","True"
"C:\Users\DIYA GOEL\Downloads\EBDESIGN\frontend\src\modules\M213\M213Page.jsx","OTHER","fetch","DELETE","/api/m213/${id}","True"
"C:\Users\DIYA GOEL\Downloads\EBDESIGN\frontend\src\modules\M213\M213Page.jsx","OTHER","fetch","GET","/api/m213/search?q=${encodeURIComponent(searchQuery)}","True"
"C:\Users\DIYA GOEL\Downloads\EBDESIGN\frontend\src\modules\M213\M213Page.jsx","OTHER","fetch","GET","/api/m213?${params}","True"
"C:\Users\DIYA GOEL\Downloads\EBDESIGN\frontend\src\modules\M214\M214Page.jsx","OTHER","fetch","DELETE","/api/m214/${id}","True"
"C:\Users\DIYA GOEL\Downloads\EBDESIGN\frontend\src\modules\M214\M214Page.jsx","OTHER","fetch","GET","/api/m214/search?q=${encodeURIComponent(searchQuery)}","True"
"C:\Users\DIYA GOEL\Downloads\EBDESIGN\frontend\src\modules\M214\M214Page.jsx","OTHER","fetch","GET","/api/m214?${params}","True"
"C:\Users\DIYA GOEL\Downloads\EBDESIGN\frontend\src\modules\M215\M215Page.jsx","OTHER","fetch","DELETE","/api/m215/${id}","True"
"C:\Users\DIYA GOEL\Downloads\EBDESIGN\frontend\src\modules\M215\M215Page.jsx","OTHER","fetch","GET","/api/m215/search?q=${encodeURIComponent(searchQuery)}","True"
"C:\Users\DIYA GOEL\Downloads\EBDESIGN\frontend\src\modules\M215\M215Page.jsx","OTHER","fetch","GET","/api/m215?${params}","True"
"C:\Users\DIYA GOEL\Downloads\EBDESIGN\frontend\src\modules\M216\M216Page.jsx","OTHER","fetch","DELETE","/api/m216/${id}","True"
"C:\Users\DIYA GOEL\Downloads\EBDESIGN\frontend\src\modules\M216\M216Page.jsx","OTHER","fetch","GET","/api/m216/search?q=${encodeURIComponent(searchQuery)}","True"
"C:\Users\DIYA GOEL\Downloads\EBDESIGN\frontend\src\modules\M216\M216Page.jsx","OTHER","fetch","GET","/api/m216?${params}","True"
"C:\Users\DIYA GOEL\Downloads\EBDESIGN\frontend\src\modules\M217\M217Page.jsx","OTHER","fetch","DELETE","/api/m217/${id}","True"
"C:\Users\DIYA GOEL\Downloads\EBDESIGN\frontend\src\modules\M217\M217Page.jsx","OTHER","fetch","GET","/api/m217/search?q=${encodeURIComponent(searchQuery)}","True"
"C:\Users\DIYA GOEL\Downloads\EBDESIGN\frontend\src\modules\M217\M217Page.jsx","OTHER","fetch","GET","/api/m217?${params}","True"
"C:\Users\DIYA GOEL\Downloads\EBDESIGN\frontend\src\modules\M218\M218Page.jsx","OTHER","fetch","DELETE","/api/m218/${id}","True"
"C:\Users\DIYA GOEL\Downloads\EBDESIGN\frontend\src\modules\M218\M218Page.jsx","OTHER","fetch","GET","/api/m218/search?q=${encodeURIComponent(searchQuery)}","True"
"C:\Users\DIYA GOEL\Downloads\EBDESIGN\frontend\src\modules\M218\M218Page.jsx","OTHER","fetch","GET","/api/m218?${params}","True"
"C:\Users\DIYA GOEL\Downloads\EBDESIGN\frontend\src\modules\M219\M219Page.jsx","OTHER","fetch","DELETE","/api/m219/${id}","True"
"C:\Users\DIYA GOEL\Downloads\EBDESIGN\frontend\src\modules\M219\M219Page.jsx","OTHER","fetch","GET","/api/m219/search?q=${encodeURIComponent(searchQuery)}","True"
"C:\Users\DIYA GOEL\Downloads\EBDESIGN\frontend\src\modules\M219\M219Page.jsx","OTHER","fetch","GET","/api/m219?${params}","True"
"C:\Users\DIYA GOEL\Downloads\EBDESIGN\frontend\src\modules\M220\M220Page.jsx","OTHER","fetch","DELETE","/api/m220/${id}","True"
"C:\Users\DIYA GOEL\Downloads\EBDESIGN\frontend\src\modules\M220\M220Page.jsx","OTHER","fetch","GET","/api/m220/search?q=${encodeURIComponent(searchQuery)}","True"
"C:\Users\DIYA GOEL\Downloads\EBDESIGN\frontend\src\modules\M220\M220Page.jsx","OTHER","fetch","GET","/api/m220?${params}","True"
"C:\Users\DIYA GOEL\Downloads\EBDESIGN\frontend\src\modules\M221\M221Page.jsx","OTHER","fetch","DELETE","/api/m221/${id}","True"
"C:\Users\DIYA GOEL\Downloads\EBDESIGN\frontend\src\modules\M221\M221Page.jsx","OTHER","fetch","GET","/api/m221/search?q=${encodeURIComponent(searchQuery)}","True"
"C:\Users\DIYA GOEL\Downloads\EBDESIGN\frontend\src\modules\M221\M221Page.jsx","OTHER","fetch","GET","/api/m221?${params}","True"
"C:\Users\DIYA GOEL\Downloads\EBDESIGN\frontend\src\modules\M222\M222Page.jsx","OTHER","fetch","DELETE","/api/m222/${id}","True"
"C:\Users\DIYA GOEL\Downloads\EBDESIGN\frontend\src\modules\M222\M222Page.jsx","OTHER","fetch","GET","/api/m222/search?q=${encodeURIComponent(searchQuery)}","True"
"C:\Users\DIYA GOEL\Downloads\EBDESIGN\frontend\src\modules\M222\M222Page.jsx","OTHER","fetch","GET","/api/m222?${params}","True"
"C:\Users\DIYA GOEL\Downloads\EBDESIGN\frontend\src\modules\M223\M223Page.jsx","OTHER","fetch","DELETE","/api/m223/${id}","True"
"C:\Users\DIYA GOEL\Downloads\EBDESIGN\frontend\src\modules\M223\M223Page.jsx","OTHER","fetch","GET","/api/m223/search?q=${encodeURIComponent(searchQuery)}","True"
"C:\Users\DIYA GOEL\Downloads\EBDESIGN\frontend\src\modules\M223\M223Page.jsx","OTHER","fetch","GET","/api/m223?${params}","True"
"C:\Users\DIYA GOEL\Downloads\EBDESIGN\frontend\src\modules\M224\M224Page.jsx","OTHER","fetch","DELETE","/api/m224/${id}","True"
"C:\Users\DIYA GOEL\Downloads\EBDESIGN\frontend\src\modules\M224\M224Page.jsx","OTHER","fetch","GET","/api/m224/search?q=${encodeURIComponent(searchQuery)}","True"
"C:\Users\DIYA GOEL\Downloads\EBDESIGN\frontend\src\modules\M224\M224Page.jsx","OTHER","fetch","GET","/api/m224?${params}","True"
"C:\Users\DIYA GOEL\Downloads\EBDESIGN\frontend\src\modules\M225\M225Page.jsx","OTHER","fetch","DELETE","/api/m225/${id}","True"
"C:\Users\DIYA GOEL\Downloads\EBDESIGN\frontend\src\modules\M225\M225Page.jsx","OTHER","fetch","GET","/api/m225/search?q=${encodeURIComponent(searchQuery)}","True"
"C:\Users\DIYA GOEL\Downloads\EBDESIGN\frontend\src\modules\M225\M225Page.jsx","OTHER","fetch","GET","/api/m225?${params}","True"
"C:\Users\DIYA GOEL\Downloads\EBDESIGN\frontend\src\modules\M226\M226Page.jsx","OTHER","fetch","DELETE","/api/m226/${id}","True"
"C:\Users\DIYA GOEL\Downloads\EBDESIGN\frontend\src\modules\M226\M226Page.jsx","OTHER","fetch","GET","/api/m226/search?q=${encodeURIComponent(searchQuery)}","True"
"C:\Users\DIYA GOEL\Downloads\EBDESIGN\frontend\src\modules\M226\M226Page.jsx","OTHER","fetch","GET","/api/m226?${params}","True"
"C:\Users\DIYA GOEL\Downloads\EBDESIGN\frontend\src\modules\M227\M227Page.jsx","OTHER","fetch","DELETE","/api/m227/${id}","True"
"C:\Users\DIYA GOEL\Downloads\EBDESIGN\frontend\src\modules\M227\M227Page.jsx","OTHER","fetch","GET","/api/m227/search?q=${encodeURIComponent(searchQuery)}","True"
"C:\Users\DIYA GOEL\Downloads\EBDESIGN\frontend\src\modules\M227\M227Page.jsx","OTHER","fetch","GET","/api/m227?${params}","True"
"C:\Users\DIYA GOEL\Downloads\EBDESIGN\frontend\src\modules\M228\M228Page.jsx","OTHER","fetch","DELETE","/api/m228/${id}","True"
"C:\Users\DIYA GOEL\Downloads\EBDESIGN\frontend\src\modules\M228\M228Page.jsx","OTHER","fetch","GET","/api/m228/search?q=${encodeURIComponent(searchQuery)}","True"
"C:\Users\DIYA GOEL\Downloads\EBDESIGN\frontend\src\modules\M228\M228Page.jsx","OTHER","fetch","GET","/api/m228?${params}","True"
"C:\Users\DIYA GOEL\Downloads\EBDESIGN\frontend\src\modules\M229\M229Page.jsx","OTHER","fetch","DELETE","/api/m229/${id}","True"
"C:\Users\DIYA GOEL\Downloads\EBDESIGN\frontend\src\modules\M229\M229Page.jsx","OTHER","fetch","GET","/api/m229/search?q=${encodeURIComponent(searchQuery)}","True"
"C:\Users\DIYA GOEL\Downloads\EBDESIGN\frontend\src\modules\M229\M229Page.jsx","OTHER","fetch","GET","/api/m229?${params}","True"
"C:\Users\DIYA GOEL\Downloads\EBDESIGN\frontend\src\modules\M230\M230Page.jsx","OTHER","fetch","DELETE","/api/m230/${id}","True"
"C:\Users\DIYA GOEL\Downloads\EBDESIGN\frontend\src\modules\M230\M230Page.jsx","OTHER","fetch","GET","/api/m230/search?q=${encodeURIComponent(searchQuery)}","True"
"C:\Users\DIYA GOEL\Downloads\EBDESIGN\frontend\src\modules\M230\M230Page.jsx","OTHER","fetch","GET","/api/m230?${params}","True"
"C:\Users\DIYA GOEL\Downloads\EBDESIGN\frontend\src\modules\M231\M231Page.jsx","OTHER","fetch","DELETE","/api/m231/${id}","True"
"C:\Users\DIYA GOEL\Downloads\EBDESIGN\frontend\src\modules\M231\M231Page.jsx","OTHER","fetch","GET","/api/m231/search?q=${encodeURIComponent(searchQuery)}","True"
"C:\Users\DIYA GOEL\Downloads\EBDESIGN\frontend\src\modules\M231\M231Page.jsx","OTHER","fetch","GET","/api/m231?${params}","True"
"C:\Users\DIYA GOEL\Downloads\EBDESIGN\frontend\src\modules\M232\M232Page.jsx","OTHER","fetch","DELETE","/api/m232/${id}","True"
"C:\Users\DIYA GOEL\Downloads\EBDESIGN\frontend\src\modules\M232\M232Page.jsx","OTHER","fetch","GET","/api/m232/search?q=${encodeURIComponent(searchQuery)}","True"
"C:\Users\DIYA GOEL\Downloads\EBDESIGN\frontend\src\modules\M232\M232Page.jsx","OTHER","fetch","GET","/api/m232?${params}","True"
"C:\Users\DIYA GOEL\Downloads\EBDESIGN\frontend\src\modules\M233\M233Page.jsx","OTHER","fetch","DELETE","/api/m233/${id}","True"
"C:\Users\DIYA GOEL\Downloads\EBDESIGN\frontend\src\modules\M233\M233Page.jsx","OTHER","fetch","GET","/api/m233/search?q=${encodeURIComponent(searchQuery)}","True"
"C:\Users\DIYA GOEL\Downloads\EBDESIGN\frontend\src\modules\M233\M233Page.jsx","OTHER","fetch","GET","/api/m233?${params}","True"
"C:\Users\DIYA GOEL\Downloads\EBDESIGN\frontend\src\modules\M234\M234Page.jsx","OTHER","fetch","DELETE","/api/m234/${id}","True"
"C:\Users\DIYA GOEL\Downloads\EBDESIGN\frontend\src\modules\M234\M234Page.jsx","OTHER","fetch","GET","/api/m234/search?q=${encodeURIComponent(searchQuery)}","True"
"C:\Users\DIYA GOEL\Downloads\EBDESIGN\frontend\src\modules\M234\M234Page.jsx","OTHER","fetch","GET","/api/m234?${params}","True"
"C:\Users\DIYA GOEL\Downloads\EBDESIGN\frontend\src\modules\M235\M235Page.jsx","OTHER","fetch","DELETE","/api/m235/${id}","True"
"C:\Users\DIYA GOEL\Downloads\EBDESIGN\frontend\src\modules\M235\M235Page.jsx","OTHER","fetch","GET","/api/m235/search?q=${encodeURIComponent(searchQuery)}","True"
"C:\Users\DIYA GOEL\Downloads\EBDESIGN\frontend\src\modules\M235\M235Page.jsx","OTHER","fetch","GET","/api/m235?${params}","True"
"C:\Users\DIYA GOEL\Downloads\EBDESIGN\frontend\src\modules\M236\M236Page.jsx","OTHER","fetch","DELETE","/api/m236/${id}","True"
"C:\Users\DIYA GOEL\Downloads\EBDESIGN\frontend\src\modules\M236\M236Page.jsx","OTHER","fetch","GET","/api/m236/search?q=${encodeURIComponent(searchQuery)}","True"
"C:\Users\DIYA GOEL\Downloads\EBDESIGN\frontend\src\modules\M236\M236Page.jsx","OTHER","fetch","GET","/api/m236?${params}","True"
"C:\Users\DIYA GOEL\Downloads\EBDESIGN\frontend\src\modules\M237\M237Page.jsx","OTHER","fetch","DELETE","/api/m237/${id}","True"
"C:\Users\DIYA GOEL\Downloads\EBDESIGN\frontend\src\modules\M237\M237Page.jsx","OTHER","fetch","GET","/api/m237/search?q=${encodeURIComponent(searchQuery)}","True"
"C:\Users\DIYA GOEL\Downloads\EBDESIGN\frontend\src\modules\M237\M237Page.jsx","OTHER","fetch","GET","/api/m237?${params}","True"
"C:\Users\DIYA GOEL\Downloads\EBDESIGN\frontend\src\modules\M238\M238Page.jsx","OTHER","fetch","DELETE","/api/m238/${id}","True"
"C:\Users\DIYA GOEL\Downloads\EBDESIGN\frontend\src\modules\M238\M238Page.jsx","OTHER","fetch","GET","/api/m238/search?q=${encodeURIComponent(searchQuery)}","True"
"C:\Users\DIYA GOEL\Downloads\EBDESIGN\frontend\src\modules\M238\M238Page.jsx","OTHER","fetch","GET","/api/m238?${params}","True"
"C:\Users\DIYA GOEL\Downloads\EBDESIGN\frontend\src\modules\M239\M239Page.jsx","OTHER","fetch","DELETE","/api/m239/${id}","True"
"C:\Users\DIYA GOEL\Downloads\EBDESIGN\frontend\src\modules\M239\M239Page.jsx","OTHER","fetch","GET","/api/m239/search?q=${encodeURIComponent(searchQuery)}","True"
"C:\Users\DIYA GOEL\Downloads\EBDESIGN\frontend\src\modules\M239\M239Page.jsx","OTHER","fetch","GET","/api/m239?${params}","True"
"C:\Users\DIYA GOEL\Downloads\EBDESIGN\frontend\src\modules\M240\M240Page.jsx","OTHER","fetch","DELETE","/api/m240/${id}","True"
"C:\Users\DIYA GOEL\Downloads\EBDESIGN\frontend\src\modules\M240\M240Page.jsx","OTHER","fetch","GET","/api/m240/search?q=${encodeURIComponent(searchQuery)}","True"
"C:\Users\DIYA GOEL\Downloads\EBDESIGN\frontend\src\modules\M240\M240Page.jsx","OTHER","fetch","GET","/api/m240?${params}","True"
"C:\Users\DIYA GOEL\Downloads\EBDESIGN\frontend\src\modules\M241\M241Page.jsx","OTHER","fetch","DELETE","/api/m241/${id}","True"
"C:\Users\DIYA GOEL\Downloads\EBDESIGN\frontend\src\modules\M241\M241Page.jsx","OTHER","fetch","GET","/api/m241/search?q=${encodeURIComponent(searchQuery)}","True"
"C:\Users\DIYA GOEL\Downloads\EBDESIGN\frontend\src\modules\M241\M241Page.jsx","OTHER","fetch","GET","/api/m241?${params}","True"
"C:\Users\DIYA GOEL\Downloads\EBDESIGN\frontend\src\modules\M242\M242Page.jsx","OTHER","fetch","DELETE","/api/m242/${id}","True"
"C:\Users\DIYA GOEL\Downloads\EBDESIGN\frontend\src\modules\M242\M242Page.jsx","OTHER","fetch","GET","/api/m242/search?q=${encodeURIComponent(searchQuery)}","True"
"C:\Users\DIYA GOEL\Downloads\EBDESIGN\frontend\src\modules\M242\M242Page.jsx","OTHER","fetch","GET","/api/m242?${params}","True"
"C:\Users\DIYA GOEL\Downloads\EBDESIGN\frontend\src\modules\M243\M243Page.jsx","OTHER","fetch","DELETE","/api/m243/${id}","True"
"C:\Users\DIYA GOEL\Downloads\EBDESIGN\frontend\src\modules\M243\M243Page.jsx","OTHER","fetch","GET","/api/m243/search?q=${encodeURIComponent(searchQuery)}","True"
"C:\Users\DIYA GOEL\Downloads\EBDESIGN\frontend\src\modules\M243\M243Page.jsx","OTHER","fetch","GET","/api/m243?${params}","True"
"C:\Users\DIYA GOEL\Downloads\EBDESIGN\frontend\src\modules\M244\M244Page.jsx","OTHER","fetch","DELETE","/api/m244/${id}","True"
"C:\Users\DIYA GOEL\Downloads\EBDESIGN\frontend\src\modules\M244\M244Page.jsx","OTHER","fetch","GET","/api/m244/search?q=${encodeURIComponent(searchQuery)}","True"
"C:\Users\DIYA GOEL\Downloads\EBDESIGN\frontend\src\modules\M244\M244Page.jsx","OTHER","fetch","GET","/api/m244?${params}","True"
"C:\Users\DIYA GOEL\Downloads\EBDESIGN\frontend\src\modules\M245\M245Page.jsx","OTHER","fetch","DELETE","/api/m245/${id}","True"
"C:\Users\DIYA GOEL\Downloads\EBDESIGN\frontend\src\modules\M245\M245Page.jsx","OTHER","fetch","GET","/api/m245/search?q=${encodeURIComponent(searchQuery)}","True"
"C:\Users\DIYA GOEL\Downloads\EBDESIGN\frontend\src\modules\M245\M245Page.jsx","OTHER","fetch","GET","/api/m245?${params}","True"
"C:\Users\DIYA GOEL\Downloads\EBDESIGN\frontend\src\modules\M246\M246Page.jsx","OTHER","fetch","DELETE","/api/m246/${id}","True"
"C:\Users\DIYA GOEL\Downloads\EBDESIGN\frontend\src\modules\M246\M246Page.jsx","OTHER","fetch","GET","/api/m246/search?q=${encodeURIComponent(searchQuery)}","True"
"C:\Users\DIYA GOEL\Downloads\EBDESIGN\frontend\src\modules\M246\M246Page.jsx","OTHER","fetch","GET","/api/m246?${params}","True"
"C:\Users\DIYA GOEL\Downloads\EBDESIGN\frontend\src\modules\M247\M247Page.jsx","OTHER","fetch","DELETE","/api/m247/${id}","True"
"C:\Users\DIYA GOEL\Downloads\EBDESIGN\frontend\src\modules\M247\M247Page.jsx","OTHER","fetch","GET","/api/m247/search?q=${encodeURIComponent(searchQuery)}","True"
"C:\Users\DIYA GOEL\Downloads\EBDESIGN\frontend\src\modules\M247\M247Page.jsx","OTHER","fetch","GET","/api/m247?${params}","True"
"C:\Users\DIYA GOEL\Downloads\EBDESIGN\frontend\src\modules\M248\M248Page.jsx","OTHER","fetch","DELETE","/api/m248/${id}","True"
"C:\Users\DIYA GOEL\Downloads\EBDESIGN\frontend\src\modules\M248\M248Page.jsx","OTHER","fetch","GET","/api/m248/search?q=${encodeURIComponent(searchQuery)}","True"
"C:\Users\DIYA GOEL\Downloads\EBDESIGN\frontend\src\modules\M248\M248Page.jsx","OTHER","fetch","GET","/api/m248?${params}","True"
"C:\Users\DIYA GOEL\Downloads\EBDESIGN\frontend\src\modules\M249\M249Page.jsx","OTHER","fetch","DELETE","/api/m249/${id}","True"
"C:\Users\DIYA GOEL\Downloads\EBDESIGN\frontend\src\modules\M249\M249Page.jsx","OTHER","fetch","GET","/api/m249/search?q=${encodeURIComponent(searchQuery)}","True"
"C:\Users\DIYA GOEL\Downloads\EBDESIGN\frontend\src\modules\M249\M249Page.jsx","OTHER","fetch","GET","/api/m249?${params}","True"
"C:\Users\DIYA GOEL\Downloads\EBDESIGN\frontend\src\modules\M250\M250Page.jsx","OTHER","fetch","DELETE","/api/m250/${id}","True"
"C:\Users\DIYA GOEL\Downloads\EBDESIGN\frontend\src\modules\M250\M250Page.jsx","OTHER","fetch","GET","/api/m250/search?q=${encodeURIComponent(searchQuery)}","True"
"C:\Users\DIYA GOEL\Downloads\EBDESIGN\frontend\src\modules\M250\M250Page.jsx","OTHER","fetch","GET","/api/m250?${params}","True"
"C:\Users\DIYA GOEL\Downloads\EBDESIGN\frontend\src\modules\M251\M251Page.jsx","OTHER","fetch","DELETE","/api/m251/${id}","True"
"C:\Users\DIYA GOEL\Downloads\EBDESIGN\frontend\src\modules\M251\M251Page.jsx","OTHER","fetch","GET","/api/m251/search?q=${encodeURIComponent(searchQuery)}","True"
"C:\Users\DIYA GOEL\Downloads\EBDESIGN\frontend\src\modules\M251\M251Page.jsx","OTHER","fetch","GET","/api/m251?${params}","True"
"C:\Users\DIYA GOEL\Downloads\EBDESIGN\frontend\src\modules\M252\M252Page.jsx","OTHER","fetch","DELETE","/api/m252/${id}","True"
"C:\Users\DIYA GOEL\Downloads\EBDESIGN\frontend\src\modules\M252\M252Page.jsx","OTHER","fetch","GET","/api/m252/search?q=${encodeURIComponent(searchQuery)}","True"
"C:\Users\DIYA GOEL\Downloads\EBDESIGN\frontend\src\modules\M252\M252Page.jsx","OTHER","fetch","GET","/api/m252?${params}","True"
"C:\Users\DIYA GOEL\Downloads\EBDESIGN\frontend\src\modules\M253\M253Page.jsx","OTHER","fetch","DELETE","/api/m253/${id}","True"
"C:\Users\DIYA GOEL\Downloads\EBDESIGN\frontend\src\modules\M253\M253Page.jsx","OTHER","fetch","GET","/api/m253/search?q=${encodeURIComponent(searchQuery)}","True"
"C:\Users\DIYA GOEL\Downloads\EBDESIGN\frontend\src\modules\M253\M253Page.jsx","OTHER","fetch","GET","/api/m253?${params}","True"
"C:\Users\DIYA GOEL\Downloads\EBDESIGN\frontend\src\modules\M254\M254Page.jsx","OTHER","fetch","DELETE","/api/m254/${id}","True"
"C:\Users\DIYA GOEL\Downloads\EBDESIGN\frontend\src\modules\M254\M254Page.jsx","OTHER","fetch","GET","/api/m254/search?q=${encodeURIComponent(searchQuery)}","True"
"C:\Users\DIYA GOEL\Downloads\EBDESIGN\frontend\src\modules\M254\M254Page.jsx","OTHER","fetch","GET","/api/m254?${params}","True"
"C:\Users\DIYA GOEL\Downloads\EBDESIGN\frontend\src\modules\M255\M255Page.jsx","OTHER","fetch","DELETE","/api/m255/${id}","True"
"C:\Users\DIYA GOEL\Downloads\EBDESIGN\frontend\src\modules\M255\M255Page.jsx","OTHER","fetch","GET","/api/m255/search?q=${encodeURIComponent(searchQuery)}","True"
"C:\Users\DIYA GOEL\Downloads\EBDESIGN\frontend\src\modules\M255\M255Page.jsx","OTHER","fetch","GET","/api/m255?${params}","True"
"C:\Users\DIYA GOEL\Downloads\EBDESIGN\frontend\src\modules\M256\M256Page.jsx","OTHER","fetch","DELETE","/api/m256/${id}","True"
"C:\Users\DIYA GOEL\Downloads\EBDESIGN\frontend\src\modules\M256\M256Page.jsx","OTHER","fetch","GET","/api/m256/search?q=${encodeURIComponent(searchQuery)}","True"
"C:\Users\DIYA GOEL\Downloads\EBDESIGN\frontend\src\modules\M256\M256Page.jsx","OTHER","fetch","GET","/api/m256?${params}","True"
"C:\Users\DIYA GOEL\Downloads\EBDESIGN\frontend\src\modules\M257\M257Page.jsx","OTHER","fetch","DELETE","/api/m257/${id}","True"
"C:\Users\DIYA GOEL\Downloads\EBDESIGN\frontend\src\modules\M257\M257Page.jsx","OTHER","fetch","GET","/api/m257/search?q=${encodeURIComponent(searchQuery)}","True"
"C:\Users\DIYA GOEL\Downloads\EBDESIGN\frontend\src\modules\M257\M257Page.jsx","OTHER","fetch","GET","/api/m257?${params}","True"
"C:\Users\DIYA GOEL\Downloads\EBDESIGN\frontend\src\modules\M258\M258Page.jsx","OTHER","fetch","DELETE","/api/m258/${id}","True"
"C:\Users\DIYA GOEL\Downloads\EBDESIGN\frontend\src\modules\M258\M258Page.jsx","OTHER","fetch","GET","/api/m258/search?q=${encodeURIComponent(searchQuery)}","True"
"C:\Users\DIYA GOEL\Downloads\EBDESIGN\frontend\src\modules\M258\M258Page.jsx","OTHER","fetch","GET","/api/m258?${params}","True"
"C:\Users\DIYA GOEL\Downloads\EBDESIGN\frontend\src\modules\M259\M259Page.jsx","OTHER","fetch","DELETE","/api/m259/${id}","True"
"C:\Users\DIYA GOEL\Downloads\EBDESIGN\frontend\src\modules\M259\M259Page.jsx","OTHER","fetch","GET","/api/m259/search?q=${encodeURIComponent(searchQuery)}","True"
"C:\Users\DIYA GOEL\Downloads\EBDESIGN\frontend\src\modules\M259\M259Page.jsx","OTHER","fetch","GET","/api/m259?${params}","True"
"C:\Users\DIYA GOEL\Downloads\EBDESIGN\frontend\src\modules\M260\M260Page.jsx","OTHER","fetch","DELETE","/api/m260/${id}","True"
"C:\Users\DIYA GOEL\Downloads\EBDESIGN\frontend\src\modules\M260\M260Page.jsx","OTHER","fetch","GET","/api/m260/search?q=${encodeURIComponent(searchQuery)}","True"
"C:\Users\DIYA GOEL\Downloads\EBDESIGN\frontend\src\modules\M260\M260Page.jsx","OTHER","fetch","GET","/api/m260?${params}","True"
"C:\Users\DIYA GOEL\Downloads\EBDESIGN\frontend\src\modules\M261\M261Page.jsx","OTHER","fetch","DELETE","/api/m261/${id}","True"
"C:\Users\DIYA GOEL\Downloads\EBDESIGN\frontend\src\modules\M261\M261Page.jsx","OTHER","fetch","GET","/api/m261/search?q=${encodeURIComponent(searchQuery)}","True"
"C:\Users\DIYA GOEL\Downloads\EBDESIGN\frontend\src\modules\M261\M261Page.jsx","OTHER","fetch","GET","/api/m261?${params}","True"
"C:\Users\DIYA GOEL\Downloads\EBDESIGN\frontend\src\modules\M262\M262Page.jsx","OTHER","fetch","DELETE","/api/m262/${id}","True"
"C:\Users\DIYA GOEL\Downloads\EBDESIGN\frontend\src\modules\M262\M262Page.jsx","OTHER","fetch","GET","/api/m262/search?q=${encodeURIComponent(searchQuery)}","True"
"C:\Users\DIYA GOEL\Downloads\EBDESIGN\frontend\src\modules\M262\M262Page.jsx","OTHER","fetch","GET","/api/m262?${params}","True"
"C:\Users\DIYA GOEL\Downloads\EBDESIGN\frontend\src\modules\M263\M263Page.jsx","OTHER","fetch","DELETE","/api/m263/${id}","True"
"C:\Users\DIYA GOEL\Downloads\EBDESIGN\frontend\src\modules\M263\M263Page.jsx","OTHER","fetch","GET","/api/m263/search?q=${encodeURIComponent(searchQuery)}","True"
"C:\Users\DIYA GOEL\Downloads\EBDESIGN\frontend\src\modules\M263\M263Page.jsx","OTHER","fetch","GET","/api/m263?${params}","True"
"C:\Users\DIYA GOEL\Downloads\EBDESIGN\frontend\src\modules\M264\M264Page.jsx","OTHER","fetch","DELETE","/api/m264/${id}","True"
"C:\Users\DIYA GOEL\Downloads\EBDESIGN\frontend\src\modules\M264\M264Page.jsx","OTHER","fetch","GET","/api/m264/search?q=${encodeURIComponent(searchQuery)}","True"
"C:\Users\DIYA GOEL\Downloads\EBDESIGN\frontend\src\modules\M264\M264Page.jsx","OTHER","fetch","GET","/api/m264?${params}","True"
"C:\Users\DIYA GOEL\Downloads\EBDESIGN\frontend\src\modules\M265\M265Page.jsx","OTHER","fetch","DELETE","/api/m265/${id}","True"
"C:\Users\DIYA GOEL\Downloads\EBDESIGN\frontend\src\modules\M265\M265Page.jsx","OTHER","fetch","GET","/api/m265/search?q=${encodeURIComponent(searchQuery)}","True"
"C:\Users\DIYA GOEL\Downloads\EBDESIGN\frontend\src\modules\M265\M265Page.jsx","OTHER","fetch","GET","/api/m265?${params}","True"
"C:\Users\DIYA GOEL\Downloads\EBDESIGN\frontend\src\modules\M266\M266Page.jsx","OTHER","fetch","DELETE","/api/m266/${id}","True"
"C:\Users\DIYA GOEL\Downloads\EBDESIGN\frontend\src\modules\M266\M266Page.jsx","OTHER","fetch","GET","/api/m266/search?q=${encodeURIComponent(searchQuery)}","True"
"C:\Users\DIYA GOEL\Downloads\EBDESIGN\frontend\src\modules\M266\M266Page.jsx","OTHER","fetch","GET","/api/m266?${params}","True"
"C:\Users\DIYA GOEL\Downloads\EBDESIGN\frontend\src\modules\M267\M267Page.jsx","OTHER","fetch","DELETE","/api/m267/${id}","True"
"C:\Users\DIYA GOEL\Downloads\EBDESIGN\frontend\src\modules\M267\M267Page.jsx","OTHER","fetch","GET","/api/m267/search?q=${encodeURIComponent(searchQuery)}","True"
"C:\Users\DIYA GOEL\Downloads\EBDESIGN\frontend\src\modules\M267\M267Page.jsx","OTHER","fetch","GET","/api/m267?${params}","True"
"C:\Users\DIYA GOEL\Downloads\EBDESIGN\frontend\src\modules\M268\M268Page.jsx","OTHER","fetch","DELETE","/api/m268/${id}","True"
"C:\Users\DIYA GOEL\Downloads\EBDESIGN\frontend\src\modules\M268\M268Page.jsx","OTHER","fetch","GET","/api/m268/search?q=${encodeURIComponent(searchQuery)}","True"
"C:\Users\DIYA GOEL\Downloads\EBDESIGN\frontend\src\modules\M268\M268Page.jsx","OTHER","fetch","GET","/api/m268?${params}","True"
"C:\Users\DIYA GOEL\Downloads\EBDESIGN\frontend\src\modules\M269\M269Page.jsx","OTHER","fetch","DELETE","/api/m269/${id}","True"
"C:\Users\DIYA GOEL\Downloads\EBDESIGN\frontend\src\modules\M269\M269Page.jsx","OTHER","fetch","GET","/api/m269/search?q=${encodeURIComponent(searchQuery)}","True"
"C:\Users\DIYA GOEL\Downloads\EBDESIGN\frontend\src\modules\M269\M269Page.jsx","OTHER","fetch","GET","/api/m269?${params}","True"
"C:\Users\DIYA GOEL\Downloads\EBDESIGN\frontend\src\modules\M270\M270Page.jsx","OTHER","fetch","DELETE","/api/m270/${id}","True"
"C:\Users\DIYA GOEL\Downloads\EBDESIGN\frontend\src\modules\M270\M270Page.jsx","OTHER","fetch","GET","/api/m270/search?q=${encodeURIComponent(searchQuery)}","True"
"C:\Users\DIYA GOEL\Downloads\EBDESIGN\frontend\src\modules\M270\M270Page.jsx","OTHER","fetch","GET","/api/m270?${params}","True"
"C:\Users\DIYA GOEL\Downloads\EBDESIGN\frontend\src\modules\M271\M271Page.jsx","OTHER","fetch","DELETE","/api/m271/${id}","True"
"C:\Users\DIYA GOEL\Downloads\EBDESIGN\frontend\src\modules\M271\M271Page.jsx","OTHER","fetch","GET","/api/m271/search?q=${encodeURIComponent(searchQuery)}","True"
"C:\Users\DIYA GOEL\Downloads\EBDESIGN\frontend\src\modules\M271\M271Page.jsx","OTHER","fetch","GET","/api/m271?${params}","True"
"C:\Users\DIYA GOEL\Downloads\EBDESIGN\frontend\src\modules\M272\M272Page.jsx","OTHER","fetch","DELETE","/api/m272/${id}","True"
"C:\Users\DIYA GOEL\Downloads\EBDESIGN\frontend\src\modules\M272\M272Page.jsx","OTHER","fetch","GET","/api/m272/search?q=${encodeURIComponent(searchQuery)}","True"
"C:\Users\DIYA GOEL\Downloads\EBDESIGN\frontend\src\modules\M272\M272Page.jsx","OTHER","fetch","GET","/api/m272?${params}","True"
"C:\Users\DIYA GOEL\Downloads\EBDESIGN\frontend\src\modules\M273\M273Page.jsx","OTHER","fetch","DELETE","/api/m273/${id}","True"
"C:\Users\DIYA GOEL\Downloads\EBDESIGN\frontend\src\modules\M273\M273Page.jsx","OTHER","fetch","GET","/api/m273/search?q=${encodeURIComponent(searchQuery)}","True"
"C:\Users\DIYA GOEL\Downloads\EBDESIGN\frontend\src\modules\M273\M273Page.jsx","OTHER","fetch","GET","/api/m273?${params}","True"
"C:\Users\DIYA GOEL\Downloads\EBDESIGN\frontend\src\modules\M274\M274Page.jsx","OTHER","fetch","DELETE","/api/m274/${id}","True"
"C:\Users\DIYA GOEL\Downloads\EBDESIGN\frontend\src\modules\M274\M274Page.jsx","OTHER","fetch","GET","/api/m274/search?q=${encodeURIComponent(searchQuery)}","True"
"C:\Users\DIYA GOEL\Downloads\EBDESIGN\frontend\src\modules\M274\M274Page.jsx","OTHER","fetch","GET","/api/m274?${params}","True"
"C:\Users\DIYA GOEL\Downloads\EBDESIGN\frontend\src\modules\M275\M275Page.jsx","OTHER","fetch","DELETE","/api/m275/${id}","True"
"C:\Users\DIYA GOEL\Downloads\EBDESIGN\frontend\src\modules\M275\M275Page.jsx","OTHER","fetch","GET","/api/m275/search?q=${encodeURIComponent(searchQuery)}","True"
"C:\Users\DIYA GOEL\Downloads\EBDESIGN\frontend\src\modules\M275\M275Page.jsx","OTHER","fetch","GET","/api/m275?${params}","True"
"C:\Users\DIYA GOEL\Downloads\EBDESIGN\frontend\src\modules\M276\M276Page.jsx","OTHER","fetch","DELETE","/api/m276/${id}","True"
"C:\Users\DIYA GOEL\Downloads\EBDESIGN\frontend\src\modules\M276\M276Page.jsx","OTHER","fetch","GET","/api/m276/search?q=${encodeURIComponent(searchQuery)}","True"
"C:\Users\DIYA GOEL\Downloads\EBDESIGN\frontend\src\modules\M276\M276Page.jsx","OTHER","fetch","GET","/api/m276?${params}","True"
"C:\Users\DIYA GOEL\Downloads\EBDESIGN\frontend\src\modules\M277\M277Page.jsx","OTHER","fetch","DELETE","/api/m277/${id}","True"
"C:\Users\DIYA GOEL\Downloads\EBDESIGN\frontend\src\modules\M277\M277Page.jsx","OTHER","fetch","GET","/api/m277/search?q=${encodeURIComponent(searchQuery)}","True"
"C:\Users\DIYA GOEL\Downloads\EBDESIGN\frontend\src\modules\M277\M277Page.jsx","OTHER","fetch","GET","/api/m277?${params}","True"
"C:\Users\DIYA GOEL\Downloads\EBDESIGN\frontend\src\modules\M278\M278Page.jsx","OTHER","fetch","DELETE","/api/m278/${id}","True"
"C:\Users\DIYA GOEL\Downloads\EBDESIGN\frontend\src\modules\M278\M278Page.jsx","OTHER","fetch","GET","/api/m278/search?q=${encodeURIComponent(searchQuery)}","True"
"C:\Users\DIYA GOEL\Downloads\EBDESIGN\frontend\src\modules\M278\M278Page.jsx","OTHER","fetch","GET","/api/m278?${params}","True"
"C:\Users\DIYA GOEL\Downloads\EBDESIGN\frontend\src\modules\M279\M279Page.jsx","OTHER","fetch","DELETE","/api/m279/${id}","True"
"C:\Users\DIYA GOEL\Downloads\EBDESIGN\frontend\src\modules\M279\M279Page.jsx","OTHER","fetch","GET","/api/m279/search?q=${encodeURIComponent(searchQuery)}","True"
"C:\Users\DIYA GOEL\Downloads\EBDESIGN\frontend\src\modules\M279\M279Page.jsx","OTHER","fetch","GET","/api/m279?${params}","True"
"C:\Users\DIYA GOEL\Downloads\EBDESIGN\frontend\src\modules\M280\M280Page.jsx","OTHER","fetch","DELETE","/api/m280/${id}","True"
"C:\Users\DIYA GOEL\Downloads\EBDESIGN\frontend\src\modules\M280\M280Page.jsx","OTHER","fetch","GET","/api/m280/search?q=${encodeURIComponent(searchQuery)}","True"
"C:\Users\DIYA GOEL\Downloads\EBDESIGN\frontend\src\modules\M280\M280Page.jsx","OTHER","fetch","GET","/api/m280?${params}","True"
"C:\Users\DIYA GOEL\Downloads\EBDESIGN\frontend\src\modules\M281\M281Page.jsx","OTHER","fetch","DELETE","/api/m281/${id}","True"
"C:\Users\DIYA GOEL\Downloads\EBDESIGN\frontend\src\modules\M281\M281Page.jsx","OTHER","fetch","GET","/api/m281/search?q=${encodeURIComponent(searchQuery)}","True"
"C:\Users\DIYA GOEL\Downloads\EBDESIGN\frontend\src\modules\M281\M281Page.jsx","OTHER","fetch","GET","/api/m281?${params}","True"
"C:\Users\DIYA GOEL\Downloads\EBDESIGN\frontend\src\modules\M282\M282Page.jsx","OTHER","fetch","DELETE","/api/m282/${id}","True"
"C:\Users\DIYA GOEL\Downloads\EBDESIGN\frontend\src\modules\M282\M282Page.jsx","OTHER","fetch","GET","/api/m282/search?q=${encodeURIComponent(searchQuery)}","True"
"C:\Users\DIYA GOEL\Downloads\EBDESIGN\frontend\src\modules\M282\M282Page.jsx","OTHER","fetch","GET","/api/m282?${params}","True"
"C:\Users\DIYA GOEL\Downloads\EBDESIGN\frontend\src\modules\M283\M283Page.jsx","OTHER","fetch","DELETE","/api/m283/${id}","True"
"C:\Users\DIYA GOEL\Downloads\EBDESIGN\frontend\src\modules\M283\M283Page.jsx","OTHER","fetch","GET","/api/m283/search?q=${encodeURIComponent(searchQuery)}","True"
"C:\Users\DIYA GOEL\Downloads\EBDESIGN\frontend\src\modules\M283\M283Page.jsx","OTHER","fetch","GET","/api/m283?${params}","True"
"C:\Users\DIYA GOEL\Downloads\EBDESIGN\frontend\src\modules\M284\M284Page.jsx","OTHER","fetch","DELETE","/api/m284/${id}","True"
"C:\Users\DIYA GOEL\Downloads\EBDESIGN\frontend\src\modules\M284\M284Page.jsx","OTHER","fetch","GET","/api/m284/search?q=${encodeURIComponent(searchQuery)}","True"
"C:\Users\DIYA GOEL\Downloads\EBDESIGN\frontend\src\modules\M284\M284Page.jsx","OTHER","fetch","GET","/api/m284?${params}","True"
"C:\Users\DIYA GOEL\Downloads\EBDESIGN\frontend\src\modules\M285\M285Page.jsx","OTHER","fetch","DELETE","/api/m285/${id}","True"
"C:\Users\DIYA GOEL\Downloads\EBDESIGN\frontend\src\modules\M285\M285Page.jsx","OTHER","fetch","GET","/api/m285/search?q=${encodeURIComponent(searchQuery)}","True"
"C:\Users\DIYA GOEL\Downloads\EBDESIGN\frontend\src\modules\M285\M285Page.jsx","OTHER","fetch","GET","/api/m285?${params}","True"
"C:\Users\DIYA GOEL\Downloads\EBDESIGN\frontend\src\modules\M286\M286Page.jsx","OTHER","fetch","DELETE","/api/m286/${id}","True"
"C:\Users\DIYA GOEL\Downloads\EBDESIGN\frontend\src\modules\M286\M286Page.jsx","OTHER","fetch","GET","/api/m286/search?q=${encodeURIComponent(searchQuery)}","True"
"C:\Users\DIYA GOEL\Downloads\EBDESIGN\frontend\src\modules\M286\M286Page.jsx","OTHER","fetch","GET","/api/m286?${params}","True"
"C:\Users\DIYA GOEL\Downloads\EBDESIGN\frontend\src\modules\M287\M287Page.jsx","OTHER","fetch","DELETE","/api/m287/${id}","True"
"C:\Users\DIYA GOEL\Downloads\EBDESIGN\frontend\src\modules\M287\M287Page.jsx","OTHER","fetch","GET","/api/m287/search?q=${encodeURIComponent(searchQuery)}","True"
"C:\Users\DIYA GOEL\Downloads\EBDESIGN\frontend\src\modules\M287\M287Page.jsx","OTHER","fetch","GET","/api/m287?${params}","True"
"C:\Users\DIYA GOEL\Downloads\EBDESIGN\frontend\src\modules\M288\M288Page.jsx","OTHER","fetch","DELETE","/api/m288/${id}","True"
"C:\Users\DIYA GOEL\Downloads\EBDESIGN\frontend\src\modules\M288\M288Page.jsx","OTHER","fetch","GET","/api/m288/search?q=${encodeURIComponent(searchQuery)}","True"
"C:\Users\DIYA GOEL\Downloads\EBDESIGN\frontend\src\modules\M288\M288Page.jsx","OTHER","fetch","GET","/api/m288?${params}","True"
"C:\Users\DIYA GOEL\Downloads\EBDESIGN\frontend\src\modules\M289\M289Page.jsx","OTHER","fetch","DELETE","/api/m289/${id}","True"
"C:\Users\DIYA GOEL\Downloads\EBDESIGN\frontend\src\modules\M289\M289Page.jsx","OTHER","fetch","GET","/api/m289/search?q=${encodeURIComponent(searchQuery)}","True"
"C:\Users\DIYA GOEL\Downloads\EBDESIGN\frontend\src\modules\M289\M289Page.jsx","OTHER","fetch","GET","/api/m289?${params}","True"
"C:\Users\DIYA GOEL\Downloads\EBDESIGN\frontend\src\modules\M290\M290Page.jsx","OTHER","fetch","DELETE","/api/m290/${id}","True"
"C:\Users\DIYA GOEL\Downloads\EBDESIGN\frontend\src\modules\M290\M290Page.jsx","OTHER","fetch","GET","/api/m290/search?q=${encodeURIComponent(searchQuery)}","True"
"C:\Users\DIYA GOEL\Downloads\EBDESIGN\frontend\src\modules\M290\M290Page.jsx","OTHER","fetch","GET","/api/m290?${params}","True"
"C:\Users\DIYA GOEL\Downloads\EBDESIGN\frontend\src\modules\M291\M291Page.jsx","OTHER","fetch","DELETE","/api/m291/${id}","True"
"C:\Users\DIYA GOEL\Downloads\EBDESIGN\frontend\src\modules\M291\M291Page.jsx","OTHER","fetch","GET","/api/m291/search?q=${encodeURIComponent(searchQuery)}","True"
"C:\Users\DIYA GOEL\Downloads\EBDESIGN\frontend\src\modules\M291\M291Page.jsx","OTHER","fetch","GET","/api/m291?${params}","True"
"C:\Users\DIYA GOEL\Downloads\EBDESIGN\frontend\src\modules\M292\M292Page.jsx","OTHER","fetch","DELETE","/api/m292/${id}","True"
"C:\Users\DIYA GOEL\Downloads\EBDESIGN\frontend\src\modules\M292\M292Page.jsx","OTHER","fetch","GET","/api/m292/search?q=${encodeURIComponent(searchQuery)}","True"
"C:\Users\DIYA GOEL\Downloads\EBDESIGN\frontend\src\modules\M292\M292Page.jsx","OTHER","fetch","GET","/api/m292?${params}","True"
"C:\Users\DIYA GOEL\Downloads\EBDESIGN\frontend\src\modules\M293\M293Page.jsx","OTHER","fetch","DELETE","/api/m293/${id}","True"
"C:\Users\DIYA GOEL\Downloads\EBDESIGN\frontend\src\modules\M293\M293Page.jsx","OTHER","fetch","GET","/api/m293/search?q=${encodeURIComponent(searchQuery)}","True"
"C:\Users\DIYA GOEL\Downloads\EBDESIGN\frontend\src\modules\M293\M293Page.jsx","OTHER","fetch","GET","/api/m293?${params}","True"
"C:\Users\DIYA GOEL\Downloads\EBDESIGN\frontend\src\modules\M294\M294Page.jsx","OTHER","fetch","DELETE","/api/m294/${id}","True"
"C:\Users\DIYA GOEL\Downloads\EBDESIGN\frontend\src\modules\M294\M294Page.jsx","OTHER","fetch","GET","/api/m294/search?q=${encodeURIComponent(searchQuery)}","True"
"C:\Users\DIYA GOEL\Downloads\EBDESIGN\frontend\src\modules\M294\M294Page.jsx","OTHER","fetch","GET","/api/m294?${params}","True"
"C:\Users\DIYA GOEL\Downloads\EBDESIGN\frontend\src\modules\M295\M295Page.jsx","OTHER","fetch","DELETE","/api/m295/${id}","True"
"C:\Users\DIYA GOEL\Downloads\EBDESIGN\frontend\src\modules\M295\M295Page.jsx","OTHER","fetch","GET","/api/m295/search?q=${encodeURIComponent(searchQuery)}","True"
"C:\Users\DIYA GOEL\Downloads\EBDESIGN\frontend\src\modules\M295\M295Page.jsx","OTHER","fetch","GET","/api/m295?${params}","True"
"C:\Users\DIYA GOEL\Downloads\EBDESIGN\frontend\src\modules\M296\M296Page.jsx","OTHER","fetch","DELETE","/api/m296/${id}","True"
"C:\Users\DIYA GOEL\Downloads\EBDESIGN\frontend\src\modules\M296\M296Page.jsx","OTHER","fetch","GET","/api/m296/search?q=${encodeURIComponent(searchQuery)}","True"
"C:\Users\DIYA GOEL\Downloads\EBDESIGN\frontend\src\modules\M296\M296Page.jsx","OTHER","fetch","GET","/api/m296?${params}","True"
"C:\Users\DIYA GOEL\Downloads\EBDESIGN\frontend\src\modules\M297\M297Page.jsx","OTHER","fetch","DELETE","/api/m297/${id}","True"
"C:\Users\DIYA GOEL\Downloads\EBDESIGN\frontend\src\modules\M297\M297Page.jsx","OTHER","fetch","GET","/api/m297/search?q=${encodeURIComponent(searchQuery)}","True"
"C:\Users\DIYA GOEL\Downloads\EBDESIGN\frontend\src\modules\M297\M297Page.jsx","OTHER","fetch","GET","/api/m297?${params}","True"
"C:\Users\DIYA GOEL\Downloads\EBDESIGN\frontend\src\modules\M298\M298Page.jsx","OTHER","fetch","DELETE","/api/m298/${id}","True"
"C:\Users\DIYA GOEL\Downloads\EBDESIGN\frontend\src\modules\M298\M298Page.jsx","OTHER","fetch","GET","/api/m298/search?q=${encodeURIComponent(searchQuery)}","True"
"C:\Users\DIYA GOEL\Downloads\EBDESIGN\frontend\src\modules\M298\M298Page.jsx","OTHER","fetch","GET","/api/m298?${params}","True"
"C:\Users\DIYA GOEL\Downloads\EBDESIGN\frontend\src\modules\M299\M299Page.jsx","OTHER","fetch","DELETE","/api/m299/${id}","True"
"C:\Users\DIYA GOEL\Downloads\EBDESIGN\frontend\src\modules\M299\M299Page.jsx","OTHER","fetch","GET","/api/m299/search?q=${encodeURIComponent(searchQuery)}","True"
"C:\Users\DIYA GOEL\Downloads\EBDESIGN\frontend\src\modules\M299\M299Page.jsx","OTHER","fetch","GET","/api/m299?${params}","True"
"C:\Users\DIYA GOEL\Downloads\EBDESIGN\frontend\src\modules\M300\M300Page.jsx","OTHER","fetch","DELETE","/api/m300/${id}","True"
"C:\Users\DIYA GOEL\Downloads\EBDESIGN\frontend\src\modules\M300\M300Page.jsx","OTHER","fetch","GET","/api/m300/search?q=${encodeURIComponent(searchQuery)}","True"
"C:\Users\DIYA GOEL\Downloads\EBDESIGN\frontend\src\modules\M300\M300Page.jsx","OTHER","fetch","GET","/api/m300?${params}","True"
"C:\Users\DIYA GOEL\Downloads\EBDESIGN\frontend\src\modules\M301\M301Page.jsx","OTHER","fetch","DELETE","/api/m301/${id}","True"
"C:\Users\DIYA GOEL\Downloads\EBDESIGN\frontend\src\modules\M301\M301Page.jsx","OTHER","fetch","GET","/api/m301/search?q=${encodeURIComponent(searchQuery)}","True"
"C:\Users\DIYA GOEL\Downloads\EBDESIGN\frontend\src\modules\M301\M301Page.jsx","OTHER","fetch","GET","/api/m301?${params}","True"
"C:\Users\DIYA GOEL\Downloads\EBDESIGN\frontend\src\modules\M302\M302Page.jsx","OTHER","fetch","DELETE","/api/m302/${id}","True"
"C:\Users\DIYA GOEL\Downloads\EBDESIGN\frontend\src\modules\M302\M302Page.jsx","OTHER","fetch","GET","/api/m302/search?q=${encodeURIComponent(searchQuery)}","True"
"C:\Users\DIYA GOEL\Downloads\EBDESIGN\frontend\src\modules\M302\M302Page.jsx","OTHER","fetch","GET","/api/m302?${params}","True"
"C:\Users\DIYA GOEL\Downloads\EBDESIGN\frontend\src\modules\M303\M303Page.jsx","OTHER","fetch","DELETE","/api/m303/${id}","True"
"C:\Users\DIYA GOEL\Downloads\EBDESIGN\frontend\src\modules\M303\M303Page.jsx","OTHER","fetch","GET","/api/m303/search?q=${encodeURIComponent(searchQuery)}","True"
"C:\Users\DIYA GOEL\Downloads\EBDESIGN\frontend\src\modules\M303\M303Page.jsx","OTHER","fetch","GET","/api/m303?${params}","True"
"C:\Users\DIYA GOEL\Downloads\EBDESIGN\frontend\src\modules\M304\M304Page.jsx","OTHER","fetch","DELETE","/api/m304/${id}","True"
"C:\Users\DIYA GOEL\Downloads\EBDESIGN\frontend\src\modules\M304\M304Page.jsx","OTHER","fetch","GET","/api/m304/search?q=${encodeURIComponent(searchQuery)}","True"
"C:\Users\DIYA GOEL\Downloads\EBDESIGN\frontend\src\modules\M304\M304Page.jsx","OTHER","fetch","GET","/api/m304?${params}","True"
"C:\Users\DIYA GOEL\Downloads\EBDESIGN\frontend\src\modules\M305\M305Page.jsx","OTHER","fetch","DELETE","/api/m305/${id}","True"
"C:\Users\DIYA GOEL\Downloads\EBDESIGN\frontend\src\modules\M305\M305Page.jsx","OTHER","fetch","GET","/api/m305/search?q=${encodeURIComponent(searchQuery)}","True"
"C:\Users\DIYA GOEL\Downloads\EBDESIGN\frontend\src\modules\M305\M305Page.jsx","OTHER","fetch","GET","/api/m305?${params}","True"
"C:\Users\DIYA GOEL\Downloads\EBDESIGN\frontend\src\modules\M306\M306Page.jsx","OTHER","fetch","DELETE","/api/m306/${id}","True"
"C:\Users\DIYA GOEL\Downloads\EBDESIGN\frontend\src\modules\M306\M306Page.jsx","OTHER","fetch","GET","/api/m306/search?q=${encodeURIComponent(searchQuery)}","True"
"C:\Users\DIYA GOEL\Downloads\EBDESIGN\frontend\src\modules\M306\M306Page.jsx","OTHER","fetch","GET","/api/m306?${params}","True"
"C:\Users\DIYA GOEL\Downloads\EBDESIGN\frontend\src\modules\M307\M307Page.jsx","OTHER","fetch","DELETE","/api/m307/${id}","True"
"C:\Users\DIYA GOEL\Downloads\EBDESIGN\frontend\src\modules\M307\M307Page.jsx","OTHER","fetch","GET","/api/m307/search?q=${encodeURIComponent(searchQuery)}","True"
"C:\Users\DIYA GOEL\Downloads\EBDESIGN\frontend\src\modules\M307\M307Page.jsx","OTHER","fetch","GET","/api/m307?${params}","True"
"C:\Users\DIYA GOEL\Downloads\EBDESIGN\frontend\src\modules\M308\M308Page.jsx","OTHER","fetch","DELETE","/api/m308/${id}","True"
"C:\Users\DIYA GOEL\Downloads\EBDESIGN\frontend\src\modules\M308\M308Page.jsx","OTHER","fetch","GET","/api/m308/search?q=${encodeURIComponent(searchQuery)}","True"
"C:\Users\DIYA GOEL\Downloads\EBDESIGN\frontend\src\modules\M308\M308Page.jsx","OTHER","fetch","GET","/api/m308?${params}","True"
"C:\Users\DIYA GOEL\Downloads\EBDESIGN\frontend\src\modules\M309\M309Page.jsx","OTHER","fetch","DELETE","/api/m309/${id}","True"
"C:\Users\DIYA GOEL\Downloads\EBDESIGN\frontend\src\modules\M309\M309Page.jsx","OTHER","fetch","GET","/api/m309/search?q=${encodeURIComponent(searchQuery)}","True"
"C:\Users\DIYA GOEL\Downloads\EBDESIGN\frontend\src\modules\M309\M309Page.jsx","OTHER","fetch","GET","/api/m309?${params}","True"
"C:\Users\DIYA GOEL\Downloads\EBDESIGN\frontend\src\modules\M310\M310Page.jsx","OTHER","fetch","DELETE","/api/m310/${id}","True"
"C:\Users\DIYA GOEL\Downloads\EBDESIGN\frontend\src\modules\M310\M310Page.jsx","OTHER","fetch","GET","/api/m310/search?q=${encodeURIComponent(searchQuery)}","True"
"C:\Users\DIYA GOEL\Downloads\EBDESIGN\frontend\src\modules\M310\M310Page.jsx","OTHER","fetch","GET","/api/m310?${params}","True"
"C:\Users\DIYA GOEL\Downloads\EBDESIGN\frontend\src\modules\M311\M311Page.jsx","OTHER","fetch","DELETE","/api/m311/${id}","True"
"C:\Users\DIYA GOEL\Downloads\EBDESIGN\frontend\src\modules\M311\M311Page.jsx","OTHER","fetch","GET","/api/m311/search?q=${encodeURIComponent(searchQuery)}","True"
"C:\Users\DIYA GOEL\Downloads\EBDESIGN\frontend\src\modules\M311\M311Page.jsx","OTHER","fetch","GET","/api/m311?${params}","True"
"C:\Users\DIYA GOEL\Downloads\EBDESIGN\frontend\src\modules\M312\M312Page.jsx","OTHER","fetch","DELETE","/api/m312/${id}","True"
"C:\Users\DIYA GOEL\Downloads\EBDESIGN\frontend\src\modules\M312\M312Page.jsx","OTHER","fetch","GET","/api/m312/search?q=${encodeURIComponent(searchQuery)}","True"
"C:\Users\DIYA GOEL\Downloads\EBDESIGN\frontend\src\modules\M312\M312Page.jsx","OTHER","fetch","GET","/api/m312?${params}","True"
"C:\Users\DIYA GOEL\Downloads\EBDESIGN\frontend\src\modules\M313\M313Page.jsx","OTHER","fetch","DELETE","/api/m313/${id}","True"
"C:\Users\DIYA GOEL\Downloads\EBDESIGN\frontend\src\modules\M313\M313Page.jsx","OTHER","fetch","GET","/api/m313/search?q=${encodeURIComponent(searchQuery)}","True"
"C:\Users\DIYA GOEL\Downloads\EBDESIGN\frontend\src\modules\M313\M313Page.jsx","OTHER","fetch","GET","/api/m313?${params}","True"
"C:\Users\DIYA GOEL\Downloads\EBDESIGN\frontend\src\modules\M314\M314Page.jsx","OTHER","fetch","DELETE","/api/m314/${id}","True"
"C:\Users\DIYA GOEL\Downloads\EBDESIGN\frontend\src\modules\M314\M314Page.jsx","OTHER","fetch","GET","/api/m314/search?q=${encodeURIComponent(searchQuery)}","True"
"C:\Users\DIYA GOEL\Downloads\EBDESIGN\frontend\src\modules\M314\M314Page.jsx","OTHER","fetch","GET","/api/m314?${params}","True"
"C:\Users\DIYA GOEL\Downloads\EBDESIGN\frontend\src\modules\M315\M315Page.jsx","OTHER","fetch","DELETE","/api/m315/${id}","True"
"C:\Users\DIYA GOEL\Downloads\EBDESIGN\frontend\src\modules\M315\M315Page.jsx","OTHER","fetch","GET","/api/m315/search?q=${encodeURIComponent(searchQuery)}","True"
"C:\Users\DIYA GOEL\Downloads\EBDESIGN\frontend\src\modules\M315\M315Page.jsx","OTHER","fetch","GET","/api/m315?${params}","True"
"C:\Users\DIYA GOEL\Downloads\EBDESIGN\frontend\src\modules\M316\M316Page.jsx","OTHER","fetch","DELETE","/api/m316/${id}","True"
"C:\Users\DIYA GOEL\Downloads\EBDESIGN\frontend\src\modules\M316\M316Page.jsx","OTHER","fetch","GET","/api/m316/search?q=${encodeURIComponent(searchQuery)}","True"
"C:\Users\DIYA GOEL\Downloads\EBDESIGN\frontend\src\modules\M316\M316Page.jsx","OTHER","fetch","GET","/api/m316?${params}","True"
"C:\Users\DIYA GOEL\Downloads\EBDESIGN\frontend\src\modules\M317\M317Page.jsx","OTHER","fetch","DELETE","/api/m317/${id}","True"
"C:\Users\DIYA GOEL\Downloads\EBDESIGN\frontend\src\modules\M317\M317Page.jsx","OTHER","fetch","GET","/api/m317/search?q=${encodeURIComponent(searchQuery)}","True"
"C:\Users\DIYA GOEL\Downloads\EBDESIGN\frontend\src\modules\M317\M317Page.jsx","OTHER","fetch","GET","/api/m317?${params}","True"
"C:\Users\DIYA GOEL\Downloads\EBDESIGN\frontend\src\modules\M318\M318Page.jsx","OTHER","fetch","DELETE","/api/m318/${id}","True"
"C:\Users\DIYA GOEL\Downloads\EBDESIGN\frontend\src\modules\M318\M318Page.jsx","OTHER","fetch","GET","/api/m318/search?q=${encodeURIComponent(searchQuery)}","True"
"C:\Users\DIYA GOEL\Downloads\EBDESIGN\frontend\src\modules\M318\M318Page.jsx","OTHER","fetch","GET","/api/m318?${params}","True"
"C:\Users\DIYA GOEL\Downloads\EBDESIGN\frontend\src\modules\M319\M319Page.jsx","OTHER","fetch","DELETE","/api/m319/${id}","True"
"C:\Users\DIYA GOEL\Downloads\EBDESIGN\frontend\src\modules\M319\M319Page.jsx","OTHER","fetch","GET","/api/m319/search?q=${encodeURIComponent(searchQuery)}","True"
"C:\Users\DIYA GOEL\Downloads\EBDESIGN\frontend\src\modules\M319\M319Page.jsx","OTHER","fetch","GET","/api/m319?${params}","True"
"C:\Users\DIYA GOEL\Downloads\EBDESIGN\frontend\src\modules\M320\M320Page.jsx","OTHER","fetch","DELETE","/api/m320/${id}","True"
"C:\Users\DIYA GOEL\Downloads\EBDESIGN\frontend\src\modules\M320\M320Page.jsx","OTHER","fetch","GET","/api/m320/search?q=${encodeURIComponent(searchQuery)}","True"
"C:\Users\DIYA GOEL\Downloads\EBDESIGN\frontend\src\modules\M320\M320Page.jsx","OTHER","fetch","GET","/api/m320?${params}","True"
"C:\Users\DIYA GOEL\Downloads\EBDESIGN\frontend\src\modules\M321\M321Page.jsx","OTHER","fetch","DELETE","/api/m321/${id}","True"
"C:\Users\DIYA GOEL\Downloads\EBDESIGN\frontend\src\modules\M321\M321Page.jsx","OTHER","fetch","GET","/api/m321/search?q=${encodeURIComponent(searchQuery)}","True"
"C:\Users\DIYA GOEL\Downloads\EBDESIGN\frontend\src\modules\M321\M321Page.jsx","OTHER","fetch","GET","/api/m321?${params}","True"
"C:\Users\DIYA GOEL\Downloads\EBDESIGN\frontend\src\modules\M322\M322Page.jsx","OTHER","fetch","DELETE","/api/m322/${id}","True"
"C:\Users\DIYA GOEL\Downloads\EBDESIGN\frontend\src\modules\M322\M322Page.jsx","OTHER","fetch","GET","/api/m322/search?q=${encodeURIComponent(searchQuery)}","True"
"C:\Users\DIYA GOEL\Downloads\EBDESIGN\frontend\src\modules\M322\M322Page.jsx","OTHER","fetch","GET","/api/m322?${params}","True"
"C:\Users\DIYA GOEL\Downloads\EBDESIGN\frontend\src\modules\M323\M323Page.jsx","OTHER","fetch","DELETE","/api/m323/${id}","True"
"C:\Users\DIYA GOEL\Downloads\EBDESIGN\frontend\src\modules\M323\M323Page.jsx","OTHER","fetch","GET","/api/m323/search?q=${encodeURIComponent(searchQuery)}","True"
"C:\Users\DIYA GOEL\Downloads\EBDESIGN\frontend\src\modules\M323\M323Page.jsx","OTHER","fetch","GET","/api/m323?${params}","True"
"C:\Users\DIYA GOEL\Downloads\EBDESIGN\frontend\src\modules\M324\M324Page.jsx","OTHER","fetch","DELETE","/api/m324/${id}","True"
"C:\Users\DIYA GOEL\Downloads\EBDESIGN\frontend\src\modules\M324\M324Page.jsx","OTHER","fetch","GET","/api/m324/search?q=${encodeURIComponent(searchQuery)}","True"
"C:\Users\DIYA GOEL\Downloads\EBDESIGN\frontend\src\modules\M324\M324Page.jsx","OTHER","fetch","GET","/api/m324?${params}","True"
"C:\Users\DIYA GOEL\Downloads\EBDESIGN\frontend\src\modules\M325\M325Page.jsx","OTHER","fetch","DELETE","/api/m325/${id}","True"
"C:\Users\DIYA GOEL\Downloads\EBDESIGN\frontend\src\modules\M325\M325Page.jsx","OTHER","fetch","GET","/api/m325/search?q=${encodeURIComponent(searchQuery)}","True"
"C:\Users\DIYA GOEL\Downloads\EBDESIGN\frontend\src\modules\M325\M325Page.jsx","OTHER","fetch","GET","/api/m325?${params}","True"
"C:\Users\DIYA GOEL\Downloads\EBDESIGN\frontend\src\modules\M326\M326Page.jsx","OTHER","fetch","DELETE","/api/m326/${id}","True"
"C:\Users\DIYA GOEL\Downloads\EBDESIGN\frontend\src\modules\M326\M326Page.jsx","OTHER","fetch","GET","/api/m326/search?q=${encodeURIComponent(searchQuery)}","True"
"C:\Users\DIYA GOEL\Downloads\EBDESIGN\frontend\src\modules\M326\M326Page.jsx","OTHER","fetch","GET","/api/m326?${params}","True"
"C:\Users\DIYA GOEL\Downloads\EBDESIGN\frontend\src\modules\M327\M327Page.jsx","OTHER","fetch","DELETE","/api/m327/${id}","True"
"C:\Users\DIYA GOEL\Downloads\EBDESIGN\frontend\src\modules\M327\M327Page.jsx","OTHER","fetch","GET","/api/m327/search?q=${encodeURIComponent(searchQuery)}","True"
"C:\Users\DIYA GOEL\Downloads\EBDESIGN\frontend\src\modules\M327\M327Page.jsx","OTHER","fetch","GET","/api/m327?${params}","True"
"C:\Users\DIYA GOEL\Downloads\EBDESIGN\frontend\src\modules\M328\M328Page.jsx","OTHER","fetch","DELETE","/api/m328/${id}","True"
"C:\Users\DIYA GOEL\Downloads\EBDESIGN\frontend\src\modules\M328\M328Page.jsx","OTHER","fetch","GET","/api/m328/search?q=${encodeURIComponent(searchQuery)}","True"
"C:\Users\DIYA GOEL\Downloads\EBDESIGN\frontend\src\modules\M328\M328Page.jsx","OTHER","fetch","GET","/api/m328?${params}","True"
"C:\Users\DIYA GOEL\Downloads\EBDESIGN\frontend\src\modules\M329\M329Page.jsx","OTHER","fetch","DELETE","/api/m329/${id}","True"
"C:\Users\DIYA GOEL\Downloads\EBDESIGN\frontend\src\modules\M329\M329Page.jsx","OTHER","fetch","GET","/api/m329/search?q=${encodeURIComponent(searchQuery)}","True"
"C:\Users\DIYA GOEL\Downloads\EBDESIGN\frontend\src\modules\M329\M329Page.jsx","OTHER","fetch","GET","/api/m329?${params}","True"
"C:\Users\DIYA GOEL\Downloads\EBDESIGN\frontend\src\modules\M330\M330Page.jsx","OTHER","fetch","DELETE","/api/m330/${id}","True"
"C:\Users\DIYA GOEL\Downloads\EBDESIGN\frontend\src\modules\M330\M330Page.jsx","OTHER","fetch","GET","/api/m330/search?q=${encodeURIComponent(searchQuery)}","True"
"C:\Users\DIYA GOEL\Downloads\EBDESIGN\frontend\src\modules\M330\M330Page.jsx","OTHER","fetch","GET","/api/m330?${params}","True"
"C:\Users\DIYA GOEL\Downloads\EBDESIGN\frontend\src\modules\M331\M331Page.jsx","OTHER","fetch","DELETE","/api/m331/${id}","True"
"C:\Users\DIYA GOEL\Downloads\EBDESIGN\frontend\src\modules\M331\M331Page.jsx","OTHER","fetch","GET","/api/m331/search?q=${encodeURIComponent(searchQuery)}","True"
"C:\Users\DIYA GOEL\Downloads\EBDESIGN\frontend\src\modules\M331\M331Page.jsx","OTHER","fetch","GET","/api/m331?${params}","True"
"C:\Users\DIYA GOEL\Downloads\EBDESIGN\frontend\src\modules\M332\M332Page.jsx","OTHER","fetch","DELETE","/api/m332/${id}","True"
"C:\Users\DIYA GOEL\Downloads\EBDESIGN\frontend\src\modules\M332\M332Page.jsx","OTHER","fetch","GET","/api/m332/search?q=${encodeURIComponent(searchQuery)}","True"
"C:\Users\DIYA GOEL\Downloads\EBDESIGN\frontend\src\modules\M332\M332Page.jsx","OTHER","fetch","GET","/api/m332?${params}","True"
"C:\Users\DIYA GOEL\Downloads\EBDESIGN\frontend\src\modules\M333\M333Page.jsx","OTHER","fetch","DELETE","/api/m333/${id}","True"
"C:\Users\DIYA GOEL\Downloads\EBDESIGN\frontend\src\modules\M333\M333Page.jsx","OTHER","fetch","GET","/api/m333/search?q=${encodeURIComponent(searchQuery)}","True"
"C:\Users\DIYA GOEL\Downloads\EBDESIGN\frontend\src\modules\M333\M333Page.jsx","OTHER","fetch","GET","/api/m333?${params}","True"
"C:\Users\DIYA GOEL\Downloads\EBDESIGN\frontend\src\modules\M334\M334Page.jsx","OTHER","fetch","DELETE","/api/m334/${id}","True"
"C:\Users\DIYA GOEL\Downloads\EBDESIGN\frontend\src\modules\M334\M334Page.jsx","OTHER","fetch","GET","/api/m334/search?q=${encodeURIComponent(searchQuery)}","True"
"C:\Users\DIYA GOEL\Downloads\EBDESIGN\frontend\src\modules\M334\M334Page.jsx","OTHER","fetch","GET","/api/m334?${params}","True"
"C:\Users\DIYA GOEL\Downloads\EBDESIGN\frontend\src\modules\M335\M335Page.jsx","OTHER","fetch","DELETE","/api/m335/${id}","True"
"C:\Users\DIYA GOEL\Downloads\EBDESIGN\frontend\src\modules\M335\M335Page.jsx","OTHER","fetch","GET","/api/m335/search?q=${encodeURIComponent(searchQuery)}","True"
"C:\Users\DIYA GOEL\Downloads\EBDESIGN\frontend\src\modules\M335\M335Page.jsx","OTHER","fetch","GET","/api/m335?${params}","True"
"C:\Users\DIYA GOEL\Downloads\EBDESIGN\frontend\src\modules\M336\M336Page.jsx","OTHER","fetch","DELETE","/api/m336/${id}","True"
"C:\Users\DIYA GOEL\Downloads\EBDESIGN\frontend\src\modules\M336\M336Page.jsx","OTHER","fetch","GET","/api/m336/search?q=${encodeURIComponent(searchQuery)}","True"
"C:\Users\DIYA GOEL\Downloads\EBDESIGN\frontend\src\modules\M336\M336Page.jsx","OTHER","fetch","GET","/api/m336?${params}","True"
"C:\Users\DIYA GOEL\Downloads\EBDESIGN\frontend\src\modules\M337\M337Page.jsx","OTHER","fetch","DELETE","/api/m337/${id}","True"
"C:\Users\DIYA GOEL\Downloads\EBDESIGN\frontend\src\modules\M337\M337Page.jsx","OTHER","fetch","GET","/api/m337/search?q=${encodeURIComponent(searchQuery)}","True"
"C:\Users\DIYA GOEL\Downloads\EBDESIGN\frontend\src\modules\M337\M337Page.jsx","OTHER","fetch","GET","/api/m337?${params}","True"
"C:\Users\DIYA GOEL\Downloads\EBDESIGN\frontend\src\modules\M338\M338Page.jsx","OTHER","fetch","DELETE","/api/m338/${id}","True"
"C:\Users\DIYA GOEL\Downloads\EBDESIGN\frontend\src\modules\M338\M338Page.jsx","OTHER","fetch","GET","/api/m338/search?q=${encodeURIComponent(searchQuery)}","True"
"C:\Users\DIYA GOEL\Downloads\EBDESIGN\frontend\src\modules\M338\M338Page.jsx","OTHER","fetch","GET","/api/m338?${params}","True"
"C:\Users\DIYA GOEL\Downloads\EBDESIGN\frontend\src\modules\M339\M339Page.jsx","OTHER","fetch","DELETE","/api/m339/${id}","True"
"C:\Users\DIYA GOEL\Downloads\EBDESIGN\frontend\src\modules\M339\M339Page.jsx","OTHER","fetch","GET","/api/m339/search?q=${encodeURIComponent(searchQuery)}","True"
"C:\Users\DIYA GOEL\Downloads\EBDESIGN\frontend\src\modules\M339\M339Page.jsx","OTHER","fetch","GET","/api/m339?${params}","True"
"C:\Users\DIYA GOEL\Downloads\EBDESIGN\frontend\src\modules\M340\M340Page.jsx","OTHER","fetch","DELETE","/api/m340/${id}","True"
"C:\Users\DIYA GOEL\Downloads\EBDESIGN\frontend\src\modules\M340\M340Page.jsx","OTHER","fetch","GET","/api/m340/search?q=${encodeURIComponent(searchQuery)}","True"
"C:\Users\DIYA GOEL\Downloads\EBDESIGN\frontend\src\modules\M340\M340Page.jsx","OTHER","fetch","GET","/api/m340?${params}","True"
"C:\Users\DIYA GOEL\Downloads\EBDESIGN\frontend\src\modules\M341\M341Page.jsx","OTHER","fetch","DELETE","/api/m341/${id}","True"
"C:\Users\DIYA GOEL\Downloads\EBDESIGN\frontend\src\modules\M341\M341Page.jsx","OTHER","fetch","GET","/api/m341/search?q=${encodeURIComponent(searchQuery)}","True"
"C:\Users\DIYA GOEL\Downloads\EBDESIGN\frontend\src\modules\M341\M341Page.jsx","OTHER","fetch","GET","/api/m341?${params}","True"
"C:\Users\DIYA GOEL\Downloads\EBDESIGN\frontend\src\modules\M342\M342Page.jsx","OTHER","fetch","DELETE","/api/m342/${id}","True"
"C:\Users\DIYA GOEL\Downloads\EBDESIGN\frontend\src\modules\M342\M342Page.jsx","OTHER","fetch","GET","/api/m342/search?q=${encodeURIComponent(searchQuery)}","True"
"C:\Users\DIYA GOEL\Downloads\EBDESIGN\frontend\src\modules\M342\M342Page.jsx","OTHER","fetch","GET","/api/m342?${params}","True"
"C:\Users\DIYA GOEL\Downloads\EBDESIGN\frontend\src\modules\M343\M343Page.jsx","OTHER","fetch","DELETE","/api/m343/${id}","True"
"C:\Users\DIYA GOEL\Downloads\EBDESIGN\frontend\src\modules\M343\M343Page.jsx","OTHER","fetch","GET","/api/m343/search?q=${encodeURIComponent(searchQuery)}","True"
"C:\Users\DIYA GOEL\Downloads\EBDESIGN\frontend\src\modules\M343\M343Page.jsx","OTHER","fetch","GET","/api/m343?${params}","True"
"C:\Users\DIYA GOEL\Downloads\EBDESIGN\frontend\src\modules\M344\M344Page.jsx","OTHER","fetch","DELETE","/api/m344/${id}","True"
"C:\Users\DIYA GOEL\Downloads\EBDESIGN\frontend\src\modules\M344\M344Page.jsx","OTHER","fetch","GET","/api/m344/search?q=${encodeURIComponent(searchQuery)}","True"
"C:\Users\DIYA GOEL\Downloads\EBDESIGN\frontend\src\modules\M344\M344Page.jsx","OTHER","fetch","GET","/api/m344?${params}","True"
"C:\Users\DIYA GOEL\Downloads\EBDESIGN\frontend\src\pages\AdvancedMedicalCodingPage.jsx","PAGE","api","GET","/advanced-medical-coding/code-systems","False"
"C:\Users\DIYA GOEL\Downloads\EBDESIGN\frontend\src\pages\AdvancedMedicalCodingPage.jsx","PAGE","api","GET","/advanced-medical-coding/dietitian-knowledge/${condition}","True"
"C:\Users\DIYA GOEL\Downloads\EBDESIGN\frontend\src\pages\AdvancedMedicalCodingPage.jsx","PAGE","api","GET","/advanced-medical-coding/natural-therapist-knowledge/${condition}","True"
"C:\Users\DIYA GOEL\Downloads\EBDESIGN\frontend\src\pages\AdvancedMedicalCodingPage.jsx","PAGE","api","GET","/advanced-medical-coding/search-codes/${searchCondition}","True"
"C:\Users\DIYA GOEL\Downloads\EBDESIGN\frontend\src\pages\AdvancedMedicalCodingPage.jsx","PAGE","api","POST","/advanced-medical-coding/health-management-plan","False"
"C:\Users\DIYA GOEL\Downloads\EBDESIGN\frontend\src\pages\FarmerProcurementPage.jsx","PAGE","api","POST","/farmer-procurement/compare","False"
"C:\Users\DIYA GOEL\Downloads\EBDESIGN\frontend\src\pages\FarmerProcurementPage.jsx","PAGE","api","POST","/farmer-procurement/offers","False"
"C:\Users\DIYA GOEL\Downloads\EBDESIGN\frontend\src\pages\FarmerProcurementPage.jsx","PAGE","api","POST","/farmer-procurement/offers/${encodeURIComponent(approvalId.trim())}/approve","True"
"C:\Users\DIYA GOEL\Downloads\EBDESIGN\frontend\src\pages\HouseholdProcurementPage.jsx","PAGE","api","GET","/strategic/household/procurement-plans","False"
"C:\Users\DIYA GOEL\Downloads\EBDESIGN\frontend\src\pages\HouseholdProcurementPage.jsx","PAGE","api","GET","/strategic/household/subscriptions","False"
"C:\Users\DIYA GOEL\Downloads\EBDESIGN\frontend\src\pages\HouseholdProcurementPage.jsx","PAGE","api","POST","/strategic/household/procurement-plans","False"
"C:\Users\DIYA GOEL\Downloads\EBDESIGN\frontend\src\pages\IndiaCoveragePage.jsx","PAGE","api","GET","/india-coverage","False"
"C:\Users\DIYA GOEL\Downloads\EBDESIGN\frontend\src\pages\IoTMonitoringDashboard.jsx","PAGE","api","GET","/iot/devices/${selectedDevice}/status","True"
"C:\Users\DIYA GOEL\Downloads\EBDESIGN\frontend\src\pages\IoTMonitoringDashboard.jsx","PAGE","api","GET","/iot/farmers/${user.id}/devices","True"
"C:\Users\DIYA GOEL\Downloads\EBDESIGN\frontend\src\pages\IoTMonitoringDashboard.jsx","PAGE","api","GET","/iot/system/status","False"
"C:\Users\DIYA GOEL\Downloads\EBDESIGN\frontend\src\pages\modules\M100\M100.jsx","PAGE","fetch","DELETE","/api/v1/backend-modules/M100/${id}","True"
"C:\Users\DIYA GOEL\Downloads\EBDESIGN\frontend\src\pages\modules\M100\M100.jsx","PAGE","fetch","GET","/api/v1/backend-modules/M100/","False"
"C:\Users\DIYA GOEL\Downloads\EBDESIGN\frontend\src\pages\modules\M101\M101.jsx","PAGE","fetch","GET","/api/v1/backend-modules/M101/","False"
"C:\Users\DIYA GOEL\Downloads\EBDESIGN\frontend\src\pages\modules\M102\M102.jsx","PAGE","fetch","GET","/api/v1/backend-modules/M102/","False"
"C:\Users\DIYA GOEL\Downloads\EBDESIGN\frontend\src\pages\modules\M103\M103.jsx","PAGE","fetch","DELETE","/api/v1/backend-modules/M103/${id}","True"
"C:\Users\DIYA GOEL\Downloads\EBDESIGN\frontend\src\pages\modules\M103\M103.jsx","PAGE","fetch","GET","/api/v1/backend-modules/M103/","False"
"C:\Users\DIYA GOEL\Downloads\EBDESIGN\frontend\src\pages\modules\M104\M104.jsx","PAGE","fetch","DELETE","/api/v1/backend-modules/M104/${id}","True"
"C:\Users\DIYA GOEL\Downloads\EBDESIGN\frontend\src\pages\modules\M104\M104.jsx","PAGE","fetch","GET","/api/v1/backend-modules/M104/","False"
"C:\Users\DIYA GOEL\Downloads\EBDESIGN\frontend\src\pages\modules\M105\M105.jsx","PAGE","fetch","DELETE","/api/v1/backend-modules/M105/${id}","True"
"C:\Users\DIYA GOEL\Downloads\EBDESIGN\frontend\src\pages\modules\M105\M105.jsx","PAGE","fetch","GET","/api/v1/backend-modules/M105/","False"
"C:\Users\DIYA GOEL\Downloads\EBDESIGN\frontend\src\pages\modules\M106\M106.jsx","PAGE","fetch","DELETE","/api/v1/backend-modules/M106/${id}","True"
"C:\Users\DIYA GOEL\Downloads\EBDESIGN\frontend\src\pages\modules\M106\M106.jsx","PAGE","fetch","GET","/api/v1/backend-modules/M106/","False"
"C:\Users\DIYA GOEL\Downloads\EBDESIGN\frontend\src\pages\modules\M107\M107.jsx","PAGE","fetch","DELETE","/api/v1/backend-modules/M107/${id}","True"
"C:\Users\DIYA GOEL\Downloads\EBDESIGN\frontend\src\pages\modules\M107\M107.jsx","PAGE","fetch","GET","/api/v1/backend-modules/M107/","False"
"C:\Users\DIYA GOEL\Downloads\EBDESIGN\frontend\src\pages\modules\M108\M108.jsx","PAGE","fetch","DELETE","/api/v1/backend-modules/M108/${id}","True"
"C:\Users\DIYA GOEL\Downloads\EBDESIGN\frontend\src\pages\modules\M108\M108.jsx","PAGE","fetch","GET","/api/v1/backend-modules/M108/","False"
"C:\Users\DIYA GOEL\Downloads\EBDESIGN\frontend\src\pages\modules\M109\M109.jsx","PAGE","fetch","DELETE","/api/v1/backend-modules/M109/${id}","True"
"C:\Users\DIYA GOEL\Downloads\EBDESIGN\frontend\src\pages\modules\M109\M109.jsx","PAGE","fetch","GET","/api/v1/backend-modules/M109/","False"
"C:\Users\DIYA GOEL\Downloads\EBDESIGN\frontend\src\pages\modules\M110\M110.jsx","PAGE","fetch","DELETE","/api/v1/backend-modules/M110/${id}","True"
"C:\Users\DIYA GOEL\Downloads\EBDESIGN\frontend\src\pages\modules\M110\M110.jsx","PAGE","fetch","GET","/api/v1/backend-modules/M110/","False"
"C:\Users\DIYA GOEL\Downloads\EBDESIGN\frontend\src\pages\modules\M111\M111.jsx","PAGE","fetch","DELETE","/api/v1/backend-modules/M111/${id}","True"
"C:\Users\DIYA GOEL\Downloads\EBDESIGN\frontend\src\pages\modules\M111\M111.jsx","PAGE","fetch","GET","/api/v1/backend-modules/M111/","False"
"C:\Users\DIYA GOEL\Downloads\EBDESIGN\frontend\src\pages\modules\M112\M112.jsx","PAGE","fetch","DELETE","/api/v1/backend-modules/M112/${id}","True"
"C:\Users\DIYA GOEL\Downloads\EBDESIGN\frontend\src\pages\modules\M112\M112.jsx","PAGE","fetch","GET","/api/v1/backend-modules/M112/","False"
"C:\Users\DIYA GOEL\Downloads\EBDESIGN\frontend\src\pages\modules\M113\M113.jsx","PAGE","fetch","DELETE","/api/v1/backend-modules/M113/${id}","True"
"C:\Users\DIYA GOEL\Downloads\EBDESIGN\frontend\src\pages\modules\M113\M113.jsx","PAGE","fetch","GET","/api/v1/backend-modules/M113/","False"
"C:\Users\DIYA GOEL\Downloads\EBDESIGN\frontend\src\pages\modules\M114\M114.jsx","PAGE","fetch","DELETE","/api/v1/backend-modules/M114/${id}","True"
"C:\Users\DIYA GOEL\Downloads\EBDESIGN\frontend\src\pages\modules\M114\M114.jsx","PAGE","fetch","GET","/api/v1/backend-modules/M114/","False"
"C:\Users\DIYA GOEL\Downloads\EBDESIGN\frontend\src\pages\modules\M115\M115.jsx","PAGE","fetch","DELETE","/api/v1/backend-modules/M115/${id}","True"
"C:\Users\DIYA GOEL\Downloads\EBDESIGN\frontend\src\pages\modules\M115\M115.jsx","PAGE","fetch","GET","/api/v1/backend-modules/M115/","False"
"C:\Users\DIYA GOEL\Downloads\EBDESIGN\frontend\src\pages\modules\M116\M116.jsx","PAGE","fetch","DELETE","/api/v1/backend-modules/M116/${id}","True"
"C:\Users\DIYA GOEL\Downloads\EBDESIGN\frontend\src\pages\modules\M116\M116.jsx","PAGE","fetch","GET","/api/v1/backend-modules/M116/","False"
"C:\Users\DIYA GOEL\Downloads\EBDESIGN\frontend\src\pages\modules\M117\M117.jsx","PAGE","fetch","DELETE","/api/v1/backend-modules/M117/${id}","True"
"C:\Users\DIYA GOEL\Downloads\EBDESIGN\frontend\src\pages\modules\M117\M117.jsx","PAGE","fetch","GET","/api/v1/backend-modules/M117/","False"
"C:\Users\DIYA GOEL\Downloads\EBDESIGN\frontend\src\pages\modules\M118\M118.jsx","PAGE","fetch","DELETE","/api/v1/backend-modules/M118/${id}","True"
"C:\Users\DIYA GOEL\Downloads\EBDESIGN\frontend\src\pages\modules\M118\M118.jsx","PAGE","fetch","GET","/api/v1/backend-modules/M118/","False"
"C:\Users\DIYA GOEL\Downloads\EBDESIGN\frontend\src\pages\modules\M119\M119.jsx","PAGE","fetch","DELETE","/api/v1/backend-modules/M119/${id}","True"
"C:\Users\DIYA GOEL\Downloads\EBDESIGN\frontend\src\pages\modules\M119\M119.jsx","PAGE","fetch","GET","/api/v1/backend-modules/M119/","False"
"C:\Users\DIYA GOEL\Downloads\EBDESIGN\frontend\src\pages\modules\M120\M120.jsx","PAGE","fetch","DELETE","/api/v1/backend-modules/M120/${id}","True"
"C:\Users\DIYA GOEL\Downloads\EBDESIGN\frontend\src\pages\modules\M120\M120.jsx","PAGE","fetch","GET","/api/v1/backend-modules/M120/","False"
"C:\Users\DIYA GOEL\Downloads\EBDESIGN\frontend\src\pages\modules\M121\M121.jsx","PAGE","fetch","DELETE","/api/v1/backend-modules/M121/${id}","True"
"C:\Users\DIYA GOEL\Downloads\EBDESIGN\frontend\src\pages\modules\M121\M121.jsx","PAGE","fetch","GET","/api/v1/backend-modules/M121/","False"
"C:\Users\DIYA GOEL\Downloads\EBDESIGN\frontend\src\pages\modules\M122\M122.jsx","PAGE","fetch","DELETE","/api/v1/backend-modules/M122/${id}","True"
"C:\Users\DIYA GOEL\Downloads\EBDESIGN\frontend\src\pages\modules\M122\M122.jsx","PAGE","fetch","GET","/api/v1/backend-modules/M122/","False"
"C:\Users\DIYA GOEL\Downloads\EBDESIGN\frontend\src\pages\modules\M123\M123.jsx","PAGE","fetch","DELETE","/api/v1/backend-modules/M123/${id}","True"
"C:\Users\DIYA GOEL\Downloads\EBDESIGN\frontend\src\pages\modules\M123\M123.jsx","PAGE","fetch","GET","/api/v1/backend-modules/M123/","False"
"C:\Users\DIYA GOEL\Downloads\EBDESIGN\frontend\src\pages\modules\M124\M124.jsx","PAGE","fetch","DELETE","/api/v1/backend-modules/M124/${id}","True"
"C:\Users\DIYA GOEL\Downloads\EBDESIGN\frontend\src\pages\modules\M124\M124.jsx","PAGE","fetch","GET","/api/v1/backend-modules/M124/","False"
"C:\Users\DIYA GOEL\Downloads\EBDESIGN\frontend\src\pages\modules\M125\M125.jsx","PAGE","fetch","DELETE","/api/v1/backend-modules/M125/${id}","True"
"C:\Users\DIYA GOEL\Downloads\EBDESIGN\frontend\src\pages\modules\M125\M125.jsx","PAGE","fetch","GET","/api/v1/backend-modules/M125/","False"
"C:\Users\DIYA GOEL\Downloads\EBDESIGN\frontend\src\pages\modules\M126\M126.jsx","PAGE","fetch","DELETE","/api/v1/backend-modules/M126/${id}","True"
"C:\Users\DIYA GOEL\Downloads\EBDESIGN\frontend\src\pages\modules\M126\M126.jsx","PAGE","fetch","GET","/api/v1/backend-modules/M126/","False"
"C:\Users\DIYA GOEL\Downloads\EBDESIGN\frontend\src\pages\modules\M127\M127.jsx","PAGE","fetch","DELETE","/api/v1/backend-modules/M127/${id}","True"
"C:\Users\DIYA GOEL\Downloads\EBDESIGN\frontend\src\pages\modules\M127\M127.jsx","PAGE","fetch","GET","/api/v1/backend-modules/M127/","False"
"C:\Users\DIYA GOEL\Downloads\EBDESIGN\frontend\src\pages\modules\M128\M128.jsx","PAGE","fetch","DELETE","/api/v1/backend-modules/M128/${id}","True"
"C:\Users\DIYA GOEL\Downloads\EBDESIGN\frontend\src\pages\modules\M128\M128.jsx","PAGE","fetch","GET","/api/v1/backend-modules/M128/","False"
"C:\Users\DIYA GOEL\Downloads\EBDESIGN\frontend\src\pages\modules\M129\M129.jsx","PAGE","fetch","DELETE","/api/v1/backend-modules/M129/${id}","True"
"C:\Users\DIYA GOEL\Downloads\EBDESIGN\frontend\src\pages\modules\M129\M129.jsx","PAGE","fetch","GET","/api/v1/backend-modules/M129/","False"
"C:\Users\DIYA GOEL\Downloads\EBDESIGN\frontend\src\pages\modules\M130\M130.jsx","PAGE","fetch","DELETE","/api/v1/backend-modules/M130/${id}","True"
"C:\Users\DIYA GOEL\Downloads\EBDESIGN\frontend\src\pages\modules\M130\M130.jsx","PAGE","fetch","GET","/api/v1/backend-modules/M130/","False"
"C:\Users\DIYA GOEL\Downloads\EBDESIGN\frontend\src\pages\modules\M131\M131.jsx","PAGE","fetch","DELETE","/api/v1/backend-modules/M131/${id}","True"
"C:\Users\DIYA GOEL\Downloads\EBDESIGN\frontend\src\pages\modules\M131\M131.jsx","PAGE","fetch","GET","/api/v1/backend-modules/M131/","False"
"C:\Users\DIYA GOEL\Downloads\EBDESIGN\frontend\src\pages\modules\M132\M132.jsx","PAGE","fetch","DELETE","/api/v1/backend-modules/M132/${id}","True"
"C:\Users\DIYA GOEL\Downloads\EBDESIGN\frontend\src\pages\modules\M132\M132.jsx","PAGE","fetch","GET","/api/v1/backend-modules/M132/","False"
"C:\Users\DIYA GOEL\Downloads\EBDESIGN\frontend\src\pages\modules\M133\M133.jsx","PAGE","fetch","DELETE","/api/v1/backend-modules/M133/${id}","True"
"C:\Users\DIYA GOEL\Downloads\EBDESIGN\frontend\src\pages\modules\M133\M133.jsx","PAGE","fetch","GET","/api/v1/backend-modules/M133/","False"
"C:\Users\DIYA GOEL\Downloads\EBDESIGN\frontend\src\pages\modules\M134\M134.jsx","PAGE","fetch","DELETE","/api/v1/backend-modules/M134/${id}","True"
"C:\Users\DIYA GOEL\Downloads\EBDESIGN\frontend\src\pages\modules\M134\M134.jsx","PAGE","fetch","GET","/api/v1/backend-modules/M134/","False"
"C:\Users\DIYA GOEL\Downloads\EBDESIGN\frontend\src\pages\modules\M135\M135.jsx","PAGE","fetch","DELETE","/api/v1/backend-modules/M135/${id}","True"
"C:\Users\DIYA GOEL\Downloads\EBDESIGN\frontend\src\pages\modules\M135\M135.jsx","PAGE","fetch","GET","/api/v1/backend-modules/M135/","False"
"C:\Users\DIYA GOEL\Downloads\EBDESIGN\frontend\src\pages\modules\M136\M136.jsx","PAGE","fetch","DELETE","/api/v1/backend-modules/M136/${id}","True"
"C:\Users\DIYA GOEL\Downloads\EBDESIGN\frontend\src\pages\modules\M136\M136.jsx","PAGE","fetch","GET","/api/v1/backend-modules/M136/","False"
"C:\Users\DIYA GOEL\Downloads\EBDESIGN\frontend\src\pages\modules\M137\M137.jsx","PAGE","fetch","DELETE","/api/v1/backend-modules/M137/${id}","True"
"C:\Users\DIYA GOEL\Downloads\EBDESIGN\frontend\src\pages\modules\M137\M137.jsx","PAGE","fetch","GET","/api/v1/backend-modules/M137/","False"
"C:\Users\DIYA GOEL\Downloads\EBDESIGN\frontend\src\pages\modules\M138\M138.jsx","PAGE","fetch","DELETE","/api/v1/backend-modules/M138/${id}","True"
"C:\Users\DIYA GOEL\Downloads\EBDESIGN\frontend\src\pages\modules\M138\M138.jsx","PAGE","fetch","GET","/api/v1/backend-modules/M138/","False"
"C:\Users\DIYA GOEL\Downloads\EBDESIGN\frontend\src\pages\modules\M139\M139.jsx","PAGE","fetch","DELETE","/api/v1/backend-modules/M139/${id}","True"
"C:\Users\DIYA GOEL\Downloads\EBDESIGN\frontend\src\pages\modules\M139\M139.jsx","PAGE","fetch","GET","/api/v1/backend-modules/M139/","False"
"C:\Users\DIYA GOEL\Downloads\EBDESIGN\frontend\src\pages\modules\M140\M140.jsx","PAGE","fetch","DELETE","/api/v1/backend-modules/M140/${id}","True"
"C:\Users\DIYA GOEL\Downloads\EBDESIGN\frontend\src\pages\modules\M140\M140.jsx","PAGE","fetch","GET","/api/v1/backend-modules/M140/","False"
"C:\Users\DIYA GOEL\Downloads\EBDESIGN\frontend\src\pages\modules\M141\M141.jsx","PAGE","fetch","DELETE","/api/v1/backend-modules/M141/${id}","True"
"C:\Users\DIYA GOEL\Downloads\EBDESIGN\frontend\src\pages\modules\M141\M141.jsx","PAGE","fetch","GET","/api/v1/backend-modules/M141/","False"
"C:\Users\DIYA GOEL\Downloads\EBDESIGN\frontend\src\pages\modules\M142\M142.jsx","PAGE","fetch","DELETE","/api/v1/backend-modules/M142/${id}","True"
"C:\Users\DIYA GOEL\Downloads\EBDESIGN\frontend\src\pages\modules\M142\M142.jsx","PAGE","fetch","GET","/api/v1/backend-modules/M142/","False"
"C:\Users\DIYA GOEL\Downloads\EBDESIGN\frontend\src\pages\modules\M143\M143.jsx","PAGE","fetch","DELETE","/api/v1/backend-modules/M143/${id}","True"
"C:\Users\DIYA GOEL\Downloads\EBDESIGN\frontend\src\pages\modules\M143\M143.jsx","PAGE","fetch","GET","/api/v1/backend-modules/M143/","False"
"C:\Users\DIYA GOEL\Downloads\EBDESIGN\frontend\src\pages\modules\M144\M144.jsx","PAGE","fetch","DELETE","/api/v1/backend-modules/M144/${id}","True"
"C:\Users\DIYA GOEL\Downloads\EBDESIGN\frontend\src\pages\modules\M144\M144.jsx","PAGE","fetch","GET","/api/v1/backend-modules/M144/","False"
"C:\Users\DIYA GOEL\Downloads\EBDESIGN\frontend\src\pages\modules\M145\M145.jsx","PAGE","fetch","DELETE","/api/v1/backend-modules/M145/${id}","True"
"C:\Users\DIYA GOEL\Downloads\EBDESIGN\frontend\src\pages\modules\M145\M145.jsx","PAGE","fetch","GET","/api/v1/backend-modules/M145/","False"
"C:\Users\DIYA GOEL\Downloads\EBDESIGN\frontend\src\pages\modules\M146\M146.jsx","PAGE","fetch","DELETE","/api/v1/backend-modules/M146/${id}","True"
"C:\Users\DIYA GOEL\Downloads\EBDESIGN\frontend\src\pages\modules\M146\M146.jsx","PAGE","fetch","GET","/api/v1/backend-modules/M146/","False"
"C:\Users\DIYA GOEL\Downloads\EBDESIGN\frontend\src\pages\modules\M147\M147.jsx","PAGE","fetch","DELETE","/api/v1/backend-modules/M147/${id}","True"
"C:\Users\DIYA GOEL\Downloads\EBDESIGN\frontend\src\pages\modules\M147\M147.jsx","PAGE","fetch","GET","/api/v1/backend-modules/M147/","False"
"C:\Users\DIYA GOEL\Downloads\EBDESIGN\frontend\src\pages\modules\M148\M148.jsx","PAGE","fetch","DELETE","/api/v1/backend-modules/M148/${id}","True"
"C:\Users\DIYA GOEL\Downloads\EBDESIGN\frontend\src\pages\modules\M148\M148.jsx","PAGE","fetch","GET","/api/v1/backend-modules/M148/","False"
"C:\Users\DIYA GOEL\Downloads\EBDESIGN\frontend\src\pages\modules\M149\M149.jsx","PAGE","fetch","DELETE","/api/v1/backend-modules/M149/${id}","True"
"C:\Users\DIYA GOEL\Downloads\EBDESIGN\frontend\src\pages\modules\M149\M149.jsx","PAGE","fetch","GET","/api/v1/backend-modules/M149/","False"
"C:\Users\DIYA GOEL\Downloads\EBDESIGN\frontend\src\pages\modules\M150\M150.jsx","PAGE","fetch","DELETE","/api/v1/backend-modules/M150/${id}","True"
"C:\Users\DIYA GOEL\Downloads\EBDESIGN\frontend\src\pages\modules\M150\M150.jsx","PAGE","fetch","GET","/api/v1/backend-modules/M150/","False"
"C:\Users\DIYA GOEL\Downloads\EBDESIGN\frontend\src\pages\modules\M151\M151.jsx","PAGE","fetch","GET","/api/v1/backend-modules/M151/","False"
"C:\Users\DIYA GOEL\Downloads\EBDESIGN\frontend\src\pages\modules\M152\M152.jsx","PAGE","fetch","DELETE","/api/v1/backend-modules/M152/${id}","True"
"C:\Users\DIYA GOEL\Downloads\EBDESIGN\frontend\src\pages\modules\M152\M152.jsx","PAGE","fetch","GET","/api/v1/backend-modules/M152/","False"
"C:\Users\DIYA GOEL\Downloads\EBDESIGN\frontend\src\pages\modules\M153\M153.jsx","PAGE","fetch","DELETE","/api/v1/backend-modules/M153/${id}","True"
"C:\Users\DIYA GOEL\Downloads\EBDESIGN\frontend\src\pages\modules\M153\M153.jsx","PAGE","fetch","GET","/api/v1/backend-modules/M153/","False"
"C:\Users\DIYA GOEL\Downloads\EBDESIGN\frontend\src\pages\modules\M154\M154.jsx","PAGE","fetch","DELETE","/api/v1/backend-modules/M154/${id}","True"
"C:\Users\DIYA GOEL\Downloads\EBDESIGN\frontend\src\pages\modules\M154\M154.jsx","PAGE","fetch","GET","/api/v1/backend-modules/M154/","False"
"C:\Users\DIYA GOEL\Downloads\EBDESIGN\frontend\src\pages\modules\M155\M155.jsx","PAGE","fetch","DELETE","/api/v1/backend-modules/M155/${id}","True"
"C:\Users\DIYA GOEL\Downloads\EBDESIGN\frontend\src\pages\modules\M155\M155.jsx","PAGE","fetch","GET","/api/v1/backend-modules/M155/","False"
"C:\Users\DIYA GOEL\Downloads\EBDESIGN\frontend\src\pages\modules\M156\M156.jsx","PAGE","fetch","DELETE","/api/v1/backend-modules/M156/${id}","True"
"C:\Users\DIYA GOEL\Downloads\EBDESIGN\frontend\src\pages\modules\M156\M156.jsx","PAGE","fetch","GET","/api/v1/backend-modules/M156/","False"
"C:\Users\DIYA GOEL\Downloads\EBDESIGN\frontend\src\pages\modules\M157\M157.jsx","PAGE","fetch","DELETE","/api/v1/backend-modules/M157/${id}","True"
"C:\Users\DIYA GOEL\Downloads\EBDESIGN\frontend\src\pages\modules\M157\M157.jsx","PAGE","fetch","GET","/api/v1/backend-modules/M157/","False"
"C:\Users\DIYA GOEL\Downloads\EBDESIGN\frontend\src\pages\modules\M158\M158.jsx","PAGE","fetch","DELETE","/api/v1/backend-modules/M158/${id}","True"
"C:\Users\DIYA GOEL\Downloads\EBDESIGN\frontend\src\pages\modules\M158\M158.jsx","PAGE","fetch","GET","/api/v1/backend-modules/M158/","False"
"C:\Users\DIYA GOEL\Downloads\EBDESIGN\frontend\src\pages\modules\M159\M159.jsx","PAGE","fetch","DELETE","/api/v1/backend-modules/M159/${id}","True"
"C:\Users\DIYA GOEL\Downloads\EBDESIGN\frontend\src\pages\modules\M159\M159.jsx","PAGE","fetch","GET","/api/v1/backend-modules/M159/","False"
"C:\Users\DIYA GOEL\Downloads\EBDESIGN\frontend\src\pages\modules\M160\M160.jsx","PAGE","fetch","DELETE","/api/v1/backend-modules/M160/${id}","True"
"C:\Users\DIYA GOEL\Downloads\EBDESIGN\frontend\src\pages\modules\M160\M160.jsx","PAGE","fetch","GET","/api/v1/backend-modules/M160/","False"
"C:\Users\DIYA GOEL\Downloads\EBDESIGN\frontend\src\pages\modules\M161\M161.jsx","PAGE","fetch","DELETE","/api/v1/backend-modules/M161/${id}","True"
"C:\Users\DIYA GOEL\Downloads\EBDESIGN\frontend\src\pages\modules\M161\M161.jsx","PAGE","fetch","GET","/api/v1/backend-modules/M161/","False"
"C:\Users\DIYA GOEL\Downloads\EBDESIGN\frontend\src\pages\modules\M162\M162.jsx","PAGE","fetch","DELETE","/api/v1/backend-modules/M162/${id}","True"
"C:\Users\DIYA GOEL\Downloads\EBDESIGN\frontend\src\pages\modules\M162\M162.jsx","PAGE","fetch","GET","/api/v1/backend-modules/M162/","False"
"C:\Users\DIYA GOEL\Downloads\EBDESIGN\frontend\src\pages\modules\M163\M163.jsx","PAGE","fetch","DELETE","/api/v1/backend-modules/M163/${id}","True"
"C:\Users\DIYA GOEL\Downloads\EBDESIGN\frontend\src\pages\modules\M163\M163.jsx","PAGE","fetch","GET","/api/v1/backend-modules/M163/","False"
"C:\Users\DIYA GOEL\Downloads\EBDESIGN\frontend\src\pages\modules\M164\M164.jsx","PAGE","fetch","DELETE","/api/v1/backend-modules/M164/${id}","True"
"C:\Users\DIYA GOEL\Downloads\EBDESIGN\frontend\src\pages\modules\M164\M164.jsx","PAGE","fetch","GET","/api/v1/backend-modules/M164/","False"
"C:\Users\DIYA GOEL\Downloads\EBDESIGN\frontend\src\pages\modules\M165\M165.jsx","PAGE","fetch","DELETE","/api/v1/backend-modules/M165/${id}","True"
"C:\Users\DIYA GOEL\Downloads\EBDESIGN\frontend\src\pages\modules\M165\M165.jsx","PAGE","fetch","GET","/api/v1/backend-modules/M165/","False"
"C:\Users\DIYA GOEL\Downloads\EBDESIGN\frontend\src\pages\modules\M166\M166.jsx","PAGE","fetch","DELETE","/api/v1/backend-modules/M166/${id}","True"
"C:\Users\DIYA GOEL\Downloads\EBDESIGN\frontend\src\pages\modules\M166\M166.jsx","PAGE","fetch","GET","/api/v1/backend-modules/M166/","False"
"C:\Users\DIYA GOEL\Downloads\EBDESIGN\frontend\src\pages\modules\M167\M167.jsx","PAGE","fetch","DELETE","/api/v1/backend-modules/M167/${id}","True"
"C:\Users\DIYA GOEL\Downloads\EBDESIGN\frontend\src\pages\modules\M167\M167.jsx","PAGE","fetch","GET","/api/v1/backend-modules/M167/","False"
"C:\Users\DIYA GOEL\Downloads\EBDESIGN\frontend\src\pages\modules\M168\M168.jsx","PAGE","fetch","DELETE","/api/v1/backend-modules/M168/${id}","True"
"C:\Users\DIYA GOEL\Downloads\EBDESIGN\frontend\src\pages\modules\M168\M168.jsx","PAGE","fetch","GET","/api/v1/backend-modules/M168/","False"
"C:\Users\DIYA GOEL\Downloads\EBDESIGN\frontend\src\pages\modules\M169\M169.jsx","PAGE","fetch","DELETE","/api/v1/backend-modules/M169/${id}","True"
"C:\Users\DIYA GOEL\Downloads\EBDESIGN\frontend\src\pages\modules\M169\M169.jsx","PAGE","fetch","GET","/api/v1/backend-modules/M169/","False"
"C:\Users\DIYA GOEL\Downloads\EBDESIGN\frontend\src\pages\modules\M170\M170.jsx","PAGE","fetch","DELETE","/api/v1/backend-modules/M170/${id}","True"
"C:\Users\DIYA GOEL\Downloads\EBDESIGN\frontend\src\pages\modules\M170\M170.jsx","PAGE","fetch","GET","/api/v1/backend-modules/M170/","False"
"C:\Users\DIYA GOEL\Downloads\EBDESIGN\frontend\src\pages\modules\M171\M171.jsx","PAGE","fetch","DELETE","/api/v1/backend-modules/M171/${id}","True"
"C:\Users\DIYA GOEL\Downloads\EBDESIGN\frontend\src\pages\modules\M171\M171.jsx","PAGE","fetch","GET","/api/v1/backend-modules/M171/","False"
"C:\Users\DIYA GOEL\Downloads\EBDESIGN\frontend\src\pages\modules\M172\M172.jsx","PAGE","fetch","DELETE","/api/v1/backend-modules/M172/${id}","True"
"C:\Users\DIYA GOEL\Downloads\EBDESIGN\frontend\src\pages\modules\M172\M172.jsx","PAGE","fetch","GET","/api/v1/backend-modules/M172/","False"
"C:\Users\DIYA GOEL\Downloads\EBDESIGN\frontend\src\pages\modules\M173\M173.jsx","PAGE","fetch","DELETE","/api/v1/backend-modules/M173/${id}","True"
"C:\Users\DIYA GOEL\Downloads\EBDESIGN\frontend\src\pages\modules\M173\M173.jsx","PAGE","fetch","GET","/api/v1/backend-modules/M173/","False"
"C:\Users\DIYA GOEL\Downloads\EBDESIGN\frontend\src\pages\modules\M174\M174.jsx","PAGE","fetch","DELETE","/api/v1/backend-modules/M174/${id}","True"
"C:\Users\DIYA GOEL\Downloads\EBDESIGN\frontend\src\pages\modules\M174\M174.jsx","PAGE","fetch","GET","/api/v1/backend-modules/M174/","False"
"C:\Users\DIYA GOEL\Downloads\EBDESIGN\frontend\src\pages\modules\M175\M175.jsx","PAGE","fetch","DELETE","/api/v1/backend-modules/M175/${id}","True"
"C:\Users\DIYA GOEL\Downloads\EBDESIGN\frontend\src\pages\modules\M175\M175.jsx","PAGE","fetch","GET","/api/v1/backend-modules/M175/","False"
"C:\Users\DIYA GOEL\Downloads\EBDESIGN\frontend\src\pages\modules\M176\M176.jsx","PAGE","fetch","DELETE","/api/v1/backend-modules/M176/${id}","True"
"C:\Users\DIYA GOEL\Downloads\EBDESIGN\frontend\src\pages\modules\M176\M176.jsx","PAGE","fetch","GET","/api/v1/backend-modules/M176/","False"
"C:\Users\DIYA GOEL\Downloads\EBDESIGN\frontend\src\pages\modules\M177\M177.jsx","PAGE","fetch","DELETE","/api/v1/backend-modules/M177/${id}","True"
"C:\Users\DIYA GOEL\Downloads\EBDESIGN\frontend\src\pages\modules\M177\M177.jsx","PAGE","fetch","GET","/api/v1/backend-modules/M177/","False"
"C:\Users\DIYA GOEL\Downloads\EBDESIGN\frontend\src\pages\modules\M178\M178.jsx","PAGE","fetch","DELETE","/api/v1/backend-modules/M178/${id}","True"
"C:\Users\DIYA GOEL\Downloads\EBDESIGN\frontend\src\pages\modules\M178\M178.jsx","PAGE","fetch","GET","/api/v1/backend-modules/M178/","False"
"C:\Users\DIYA GOEL\Downloads\EBDESIGN\frontend\src\pages\modules\M179\M179.jsx","PAGE","fetch","DELETE","/api/v1/backend-modules/M179/${id}","True"
"C:\Users\DIYA GOEL\Downloads\EBDESIGN\frontend\src\pages\modules\M179\M179.jsx","PAGE","fetch","GET","/api/v1/backend-modules/M179/","False"
"C:\Users\DIYA GOEL\Downloads\EBDESIGN\frontend\src\pages\modules\M180\M180.jsx","PAGE","fetch","DELETE","/api/v1/backend-modules/M180/${id}","True"
"C:\Users\DIYA GOEL\Downloads\EBDESIGN\frontend\src\pages\modules\M180\M180.jsx","PAGE","fetch","GET","/api/v1/backend-modules/M180/","False"
"C:\Users\DIYA GOEL\Downloads\EBDESIGN\frontend\src\pages\modules\M181\M181.jsx","PAGE","fetch","DELETE","/api/v1/backend-modules/M181/${id}","True"
"C:\Users\DIYA GOEL\Downloads\EBDESIGN\frontend\src\pages\modules\M181\M181.jsx","PAGE","fetch","GET","/api/v1/backend-modules/M181/","False"
"C:\Users\DIYA GOEL\Downloads\EBDESIGN\frontend\src\pages\modules\M182\M182.jsx","PAGE","fetch","DELETE","/api/v1/backend-modules/M182/${id}","True"
"C:\Users\DIYA GOEL\Downloads\EBDESIGN\frontend\src\pages\modules\M182\M182.jsx","PAGE","fetch","GET","/api/v1/backend-modules/M182/","False"
"C:\Users\DIYA GOEL\Downloads\EBDESIGN\frontend\src\pages\modules\M183\M183.jsx","PAGE","fetch","DELETE","/api/v1/backend-modules/M183/${id}","True"
"C:\Users\DIYA GOEL\Downloads\EBDESIGN\frontend\src\pages\modules\M183\M183.jsx","PAGE","fetch","GET","/api/v1/backend-modules/M183/","False"
"C:\Users\DIYA GOEL\Downloads\EBDESIGN\frontend\src\pages\modules\M184\M184.jsx","PAGE","fetch","DELETE","/api/v1/backend-modules/M184/${id}","True"
"C:\Users\DIYA GOEL\Downloads\EBDESIGN\frontend\src\pages\modules\M184\M184.jsx","PAGE","fetch","GET","/api/v1/backend-modules/M184/","False"
"C:\Users\DIYA GOEL\Downloads\EBDESIGN\frontend\src\pages\modules\M185\M185.jsx","PAGE","fetch","DELETE","/api/v1/backend-modules/M185/${id}","True"
"C:\Users\DIYA GOEL\Downloads\EBDESIGN\frontend\src\pages\modules\M185\M185.jsx","PAGE","fetch","GET","/api/v1/backend-modules/M185/","False"
"C:\Users\DIYA GOEL\Downloads\EBDESIGN\frontend\src\pages\modules\M186\M186.jsx","PAGE","fetch","DELETE","/api/v1/backend-modules/M186/${id}","True"
"C:\Users\DIYA GOEL\Downloads\EBDESIGN\frontend\src\pages\modules\M186\M186.jsx","PAGE","fetch","GET","/api/v1/backend-modules/M186/","False"
"C:\Users\DIYA GOEL\Downloads\EBDESIGN\frontend\src\pages\modules\M187\M187.jsx","PAGE","fetch","DELETE","/api/v1/backend-modules/M187/${id}","True"
"C:\Users\DIYA GOEL\Downloads\EBDESIGN\frontend\src\pages\modules\M187\M187.jsx","PAGE","fetch","GET","/api/v1/backend-modules/M187/","False"
"C:\Users\DIYA GOEL\Downloads\EBDESIGN\frontend\src\pages\modules\M188\M188.jsx","PAGE","fetch","DELETE","/api/v1/backend-modules/M188/${id}","True"
"C:\Users\DIYA GOEL\Downloads\EBDESIGN\frontend\src\pages\modules\M188\M188.jsx","PAGE","fetch","GET","/api/v1/backend-modules/M188/","False"
"C:\Users\DIYA GOEL\Downloads\EBDESIGN\frontend\src\pages\modules\M189\M189.jsx","PAGE","fetch","DELETE","/api/v1/backend-modules/M189/${id}","True"
"C:\Users\DIYA GOEL\Downloads\EBDESIGN\frontend\src\pages\modules\M189\M189.jsx","PAGE","fetch","GET","/api/v1/backend-modules/M189/","False"
"C:\Users\DIYA GOEL\Downloads\EBDESIGN\frontend\src\pages\modules\M190\M190.jsx","PAGE","fetch","DELETE","/api/v1/backend-modules/M190/${id}","True"
"C:\Users\DIYA GOEL\Downloads\EBDESIGN\frontend\src\pages\modules\M190\M190.jsx","PAGE","fetch","GET","/api/v1/backend-modules/M190/","False"
"C:\Users\DIYA GOEL\Downloads\EBDESIGN\frontend\src\pages\modules\M191\M191.jsx","PAGE","fetch","DELETE","/api/v1/backend-modules/M191/${id}","True"
"C:\Users\DIYA GOEL\Downloads\EBDESIGN\frontend\src\pages\modules\M191\M191.jsx","PAGE","fetch","GET","/api/v1/backend-modules/M191/","False"
"C:\Users\DIYA GOEL\Downloads\EBDESIGN\frontend\src\pages\modules\M192\M192.jsx","PAGE","fetch","DELETE","/api/v1/backend-modules/M192/${id}","True"
"C:\Users\DIYA GOEL\Downloads\EBDESIGN\frontend\src\pages\modules\M192\M192.jsx","PAGE","fetch","GET","/api/v1/backend-modules/M192/","False"
"C:\Users\DIYA GOEL\Downloads\EBDESIGN\frontend\src\pages\modules\M193\M193.jsx","PAGE","fetch","DELETE","/api/v1/backend-modules/M193/${id}","True"
"C:\Users\DIYA GOEL\Downloads\EBDESIGN\frontend\src\pages\modules\M193\M193.jsx","PAGE","fetch","GET","/api/v1/backend-modules/M193/","False"
"C:\Users\DIYA GOEL\Downloads\EBDESIGN\frontend\src\pages\modules\M194\M194.jsx","PAGE","fetch","DELETE","/api/v1/backend-modules/M194/${id}","True"
"C:\Users\DIYA GOEL\Downloads\EBDESIGN\frontend\src\pages\modules\M194\M194.jsx","PAGE","fetch","GET","/api/v1/backend-modules/M194/","False"
"C:\Users\DIYA GOEL\Downloads\EBDESIGN\frontend\src\pages\modules\M195\M195.jsx","PAGE","fetch","DELETE","/api/v1/backend-modules/M195/${id}","True"
"C:\Users\DIYA GOEL\Downloads\EBDESIGN\frontend\src\pages\modules\M195\M195.jsx","PAGE","fetch","GET","/api/v1/backend-modules/M195/","False"
"C:\Users\DIYA GOEL\Downloads\EBDESIGN\frontend\src\pages\modules\M196\M196.jsx","PAGE","fetch","DELETE","/api/v1/backend-modules/M196/${id}","True"
"C:\Users\DIYA GOEL\Downloads\EBDESIGN\frontend\src\pages\modules\M196\M196.jsx","PAGE","fetch","GET","/api/v1/backend-modules/M196/","False"
"C:\Users\DIYA GOEL\Downloads\EBDESIGN\frontend\src\pages\modules\M197\M197.jsx","PAGE","fetch","DELETE","/api/v1/backend-modules/M197/${id}","True"
"C:\Users\DIYA GOEL\Downloads\EBDESIGN\frontend\src\pages\modules\M197\M197.jsx","PAGE","fetch","GET","/api/v1/backend-modules/M197/","False"
"C:\Users\DIYA GOEL\Downloads\EBDESIGN\frontend\src\pages\modules\M198\M198.jsx","PAGE","fetch","DELETE","/api/v1/backend-modules/M198/${id}","True"
"C:\Users\DIYA GOEL\Downloads\EBDESIGN\frontend\src\pages\modules\M198\M198.jsx","PAGE","fetch","GET","/api/v1/backend-modules/M198/","False"
"C:\Users\DIYA GOEL\Downloads\EBDESIGN\frontend\src\pages\modules\M199\M199.jsx","PAGE","fetch","DELETE","/api/v1/backend-modules/M199/${id}","True"
"C:\Users\DIYA GOEL\Downloads\EBDESIGN\frontend\src\pages\modules\M199\M199.jsx","PAGE","fetch","GET","/api/v1/backend-modules/M199/","False"
"C:\Users\DIYA GOEL\Downloads\EBDESIGN\frontend\src\pages\modules\M200\M200.jsx","PAGE","fetch","DELETE","/api/v1/backend-modules/M200/${id}","True"
"C:\Users\DIYA GOEL\Downloads\EBDESIGN\frontend\src\pages\modules\M200\M200.jsx","PAGE","fetch","GET","/api/v1/backend-modules/M200/","False"
"C:\Users\DIYA GOEL\Downloads\EBDESIGN\frontend\src\pages\modules\M201\M201.jsx","PAGE","fetch","GET","/api/v1/backend-modules/M201/","False"
"C:\Users\DIYA GOEL\Downloads\EBDESIGN\frontend\src\pages\modules\M202\M202.jsx","PAGE","fetch","DELETE","/api/v1/backend-modules/M202/${id}","True"
"C:\Users\DIYA GOEL\Downloads\EBDESIGN\frontend\src\pages\modules\M202\M202.jsx","PAGE","fetch","GET","/api/v1/backend-modules/M202/","False"
"C:\Users\DIYA GOEL\Downloads\EBDESIGN\frontend\src\pages\modules\M203\M203.jsx","PAGE","fetch","DELETE","/api/v1/backend-modules/M203/${id}","True"
"C:\Users\DIYA GOEL\Downloads\EBDESIGN\frontend\src\pages\modules\M203\M203.jsx","PAGE","fetch","GET","/api/v1/backend-modules/M203/","False"
"C:\Users\DIYA GOEL\Downloads\EBDESIGN\frontend\src\pages\modules\M204\M204.jsx","PAGE","fetch","DELETE","/api/v1/backend-modules/M204/${id}","True"
"C:\Users\DIYA GOEL\Downloads\EBDESIGN\frontend\src\pages\modules\M204\M204.jsx","PAGE","fetch","GET","/api/v1/backend-modules/M204/","False"
"C:\Users\DIYA GOEL\Downloads\EBDESIGN\frontend\src\pages\modules\M205\M205.jsx","PAGE","fetch","DELETE","/api/v1/backend-modules/M205/${id}","True"
"C:\Users\DIYA GOEL\Downloads\EBDESIGN\frontend\src\pages\modules\M205\M205.jsx","PAGE","fetch","GET","/api/v1/backend-modules/M205/","False"
"C:\Users\DIYA GOEL\Downloads\EBDESIGN\frontend\src\pages\modules\M206\M206.jsx","PAGE","fetch","DELETE","/api/v1/backend-modules/M206/${id}","True"
"C:\Users\DIYA GOEL\Downloads\EBDESIGN\frontend\src\pages\modules\M206\M206.jsx","PAGE","fetch","GET","/api/v1/backend-modules/M206/","False"
"C:\Users\DIYA GOEL\Downloads\EBDESIGN\frontend\src\pages\modules\M207\M207.jsx","PAGE","fetch","DELETE","/api/v1/backend-modules/M207/${id}","True"
"C:\Users\DIYA GOEL\Downloads\EBDESIGN\frontend\src\pages\modules\M207\M207.jsx","PAGE","fetch","GET","/api/v1/backend-modules/M207/","False"
"C:\Users\DIYA GOEL\Downloads\EBDESIGN\frontend\src\pages\modules\M208\M208.jsx","PAGE","fetch","DELETE","/api/v1/backend-modules/M208/${id}","True"
"C:\Users\DIYA GOEL\Downloads\EBDESIGN\frontend\src\pages\modules\M208\M208.jsx","PAGE","fetch","GET","/api/v1/backend-modules/M208/","False"
"C:\Users\DIYA GOEL\Downloads\EBDESIGN\frontend\src\pages\modules\M209\M209.jsx","PAGE","fetch","DELETE","/api/v1/backend-modules/M209/${id}","True"
"C:\Users\DIYA GOEL\Downloads\EBDESIGN\frontend\src\pages\modules\M209\M209.jsx","PAGE","fetch","GET","/api/v1/backend-modules/M209/","False"
"C:\Users\DIYA GOEL\Downloads\EBDESIGN\frontend\src\pages\modules\M210\M210.jsx","PAGE","fetch","DELETE","/api/v1/backend-modules/M210/${id}","True"
"C:\Users\DIYA GOEL\Downloads\EBDESIGN\frontend\src\pages\modules\M210\M210.jsx","PAGE","fetch","GET","/api/v1/backend-modules/M210/","False"
"C:\Users\DIYA GOEL\Downloads\EBDESIGN\frontend\src\pages\modules\M211\M211.jsx","PAGE","fetch","DELETE","/api/v1/backend-modules/M211/${id}","True"
"C:\Users\DIYA GOEL\Downloads\EBDESIGN\frontend\src\pages\modules\M211\M211.jsx","PAGE","fetch","GET","/api/v1/backend-modules/M211/","False"
"C:\Users\DIYA GOEL\Downloads\EBDESIGN\frontend\src\pages\modules\M212\M212.jsx","PAGE","fetch","DELETE","/api/v1/backend-modules/M212/${id}","True"
"C:\Users\DIYA GOEL\Downloads\EBDESIGN\frontend\src\pages\modules\M212\M212.jsx","PAGE","fetch","GET","/api/v1/backend-modules/M212/","False"
"C:\Users\DIYA GOEL\Downloads\EBDESIGN\frontend\src\pages\modules\M213\M213.jsx","PAGE","fetch","DELETE","/api/v1/backend-modules/M213/${id}","True"
"C:\Users\DIYA GOEL\Downloads\EBDESIGN\frontend\src\pages\modules\M213\M213.jsx","PAGE","fetch","GET","/api/v1/backend-modules/M213/","False"
"C:\Users\DIYA GOEL\Downloads\EBDESIGN\frontend\src\pages\modules\M214\M214.jsx","PAGE","fetch","DELETE","/api/v1/backend-modules/M214/${id}","True"
"C:\Users\DIYA GOEL\Downloads\EBDESIGN\frontend\src\pages\modules\M214\M214.jsx","PAGE","fetch","GET","/api/v1/backend-modules/M214/","False"
"C:\Users\DIYA GOEL\Downloads\EBDESIGN\frontend\src\pages\modules\M215\M215.jsx","PAGE","fetch","DELETE","/api/v1/backend-modules/M215/${id}","True"
"C:\Users\DIYA GOEL\Downloads\EBDESIGN\frontend\src\pages\modules\M215\M215.jsx","PAGE","fetch","GET","/api/v1/backend-modules/M215/","False"
"C:\Users\DIYA GOEL\Downloads\EBDESIGN\frontend\src\pages\modules\M216\M216.jsx","PAGE","fetch","DELETE","/api/v1/backend-modules/M216/${id}","True"
"C:\Users\DIYA GOEL\Downloads\EBDESIGN\frontend\src\pages\modules\M216\M216.jsx","PAGE","fetch","GET","/api/v1/backend-modules/M216/","False"
"C:\Users\DIYA GOEL\Downloads\EBDESIGN\frontend\src\pages\modules\M217\M217.jsx","PAGE","fetch","DELETE","/api/v1/backend-modules/M217/${id}","True"
"C:\Users\DIYA GOEL\Downloads\EBDESIGN\frontend\src\pages\modules\M217\M217.jsx","PAGE","fetch","GET","/api/v1/backend-modules/M217/","False"
"C:\Users\DIYA GOEL\Downloads\EBDESIGN\frontend\src\pages\modules\M218\M218.jsx","PAGE","fetch","DELETE","/api/v1/backend-modules/M218/${id}","True"
"C:\Users\DIYA GOEL\Downloads\EBDESIGN\frontend\src\pages\modules\M218\M218.jsx","PAGE","fetch","GET","/api/v1/backend-modules/M218/","False"
"C:\Users\DIYA GOEL\Downloads\EBDESIGN\frontend\src\pages\modules\M219\M219.jsx","PAGE","fetch","DELETE","/api/v1/backend-modules/M219/${id}","True"
"C:\Users\DIYA GOEL\Downloads\EBDESIGN\frontend\src\pages\modules\M219\M219.jsx","PAGE","fetch","GET","/api/v1/backend-modules/M219/","False"
"C:\Users\DIYA GOEL\Downloads\EBDESIGN\frontend\src\pages\modules\M220\M220.jsx","PAGE","fetch","DELETE","/api/v1/backend-modules/M220/${id}","True"
"C:\Users\DIYA GOEL\Downloads\EBDESIGN\frontend\src\pages\modules\M220\M220.jsx","PAGE","fetch","GET","/api/v1/backend-modules/M220/","False"
"C:\Users\DIYA GOEL\Downloads\EBDESIGN\frontend\src\pages\modules\M221\M221.jsx","PAGE","fetch","DELETE","/api/v1/backend-modules/M221/${id}","True"
"C:\Users\DIYA GOEL\Downloads\EBDESIGN\frontend\src\pages\modules\M221\M221.jsx","PAGE","fetch","GET","/api/v1/backend-modules/M221/","False"
"C:\Users\DIYA GOEL\Downloads\EBDESIGN\frontend\src\pages\modules\M222\M222.jsx","PAGE","fetch","DELETE","/api/v1/backend-modules/M222/${id}","True"
"C:\Users\DIYA GOEL\Downloads\EBDESIGN\frontend\src\pages\modules\M222\M222.jsx","PAGE","fetch","GET","/api/v1/backend-modules/M222/","False"
"C:\Users\DIYA GOEL\Downloads\EBDESIGN\frontend\src\pages\modules\M223\M223.jsx","PAGE","fetch","DELETE","/api/v1/backend-modules/M223/${id}","True"
"C:\Users\DIYA GOEL\Downloads\EBDESIGN\frontend\src\pages\modules\M223\M223.jsx","PAGE","fetch","GET","/api/v1/backend-modules/M223/","False"
"C:\Users\DIYA GOEL\Downloads\EBDESIGN\frontend\src\pages\modules\M224\M224.jsx","PAGE","fetch","DELETE","/api/v1/backend-modules/M224/${id}","True"
"C:\Users\DIYA GOEL\Downloads\EBDESIGN\frontend\src\pages\modules\M224\M224.jsx","PAGE","fetch","GET","/api/v1/backend-modules/M224/","False"
"C:\Users\DIYA GOEL\Downloads\EBDESIGN\frontend\src\pages\modules\M225\M225.jsx","PAGE","fetch","DELETE","/api/v1/backend-modules/M225/${id}","True"
"C:\Users\DIYA GOEL\Downloads\EBDESIGN\frontend\src\pages\modules\M225\M225.jsx","PAGE","fetch","GET","/api/v1/backend-modules/M225/","False"
"C:\Users\DIYA GOEL\Downloads\EBDESIGN\frontend\src\pages\modules\M226\M226.jsx","PAGE","fetch","DELETE","/api/v1/backend-modules/M226/${id}","True"
"C:\Users\DIYA GOEL\Downloads\EBDESIGN\frontend\src\pages\modules\M226\M226.jsx","PAGE","fetch","GET","/api/v1/backend-modules/M226/","False"
"C:\Users\DIYA GOEL\Downloads\EBDESIGN\frontend\src\pages\modules\M227\M227.jsx","PAGE","fetch","DELETE","/api/v1/backend-modules/M227/${id}","True"
"C:\Users\DIYA GOEL\Downloads\EBDESIGN\frontend\src\pages\modules\M227\M227.jsx","PAGE","fetch","GET","/api/v1/backend-modules/M227/","False"
"C:\Users\DIYA GOEL\Downloads\EBDESIGN\frontend\src\pages\modules\M228\M228.jsx","PAGE","fetch","DELETE","/api/v1/backend-modules/M228/${id}","True"
"C:\Users\DIYA GOEL\Downloads\EBDESIGN\frontend\src\pages\modules\M228\M228.jsx","PAGE","fetch","GET","/api/v1/backend-modules/M228/","False"
"C:\Users\DIYA GOEL\Downloads\EBDESIGN\frontend\src\pages\modules\M229\M229.jsx","PAGE","fetch","DELETE","/api/v1/backend-modules/M229/${id}","True"
"C:\Users\DIYA GOEL\Downloads\EBDESIGN\frontend\src\pages\modules\M229\M229.jsx","PAGE","fetch","GET","/api/v1/backend-modules/M229/","False"
"C:\Users\DIYA GOEL\Downloads\EBDESIGN\frontend\src\pages\modules\M230\M230.jsx","PAGE","fetch","DELETE","/api/v1/backend-modules/M230/${id}","True"
"C:\Users\DIYA GOEL\Downloads\EBDESIGN\frontend\src\pages\modules\M230\M230.jsx","PAGE","fetch","GET","/api/v1/backend-modules/M230/","False"
"C:\Users\DIYA GOEL\Downloads\EBDESIGN\frontend\src\pages\modules\M231\M231.jsx","PAGE","fetch","DELETE","/api/v1/backend-modules/M231/${id}","True"
"C:\Users\DIYA GOEL\Downloads\EBDESIGN\frontend\src\pages\modules\M231\M231.jsx","PAGE","fetch","GET","/api/v1/backend-modules/M231/","False"
"C:\Users\DIYA GOEL\Downloads\EBDESIGN\frontend\src\pages\modules\M232\M232.jsx","PAGE","fetch","DELETE","/api/v1/backend-modules/M232/${id}","True"
"C:\Users\DIYA GOEL\Downloads\EBDESIGN\frontend\src\pages\modules\M232\M232.jsx","PAGE","fetch","GET","/api/v1/backend-modules/M232/","False"
"C:\Users\DIYA GOEL\Downloads\EBDESIGN\frontend\src\pages\modules\M233\M233.jsx","PAGE","fetch","DELETE","/api/v1/backend-modules/M233/${id}","True"
"C:\Users\DIYA GOEL\Downloads\EBDESIGN\frontend\src\pages\modules\M233\M233.jsx","PAGE","fetch","GET","/api/v1/backend-modules/M233/","False"
"C:\Users\DIYA GOEL\Downloads\EBDESIGN\frontend\src\pages\modules\M234\M234.jsx","PAGE","fetch","DELETE","/api/v1/backend-modules/M234/${id}","True"
"C:\Users\DIYA GOEL\Downloads\EBDESIGN\frontend\src\pages\modules\M234\M234.jsx","PAGE","fetch","GET","/api/v1/backend-modules/M234/","False"
"C:\Users\DIYA GOEL\Downloads\EBDESIGN\frontend\src\pages\modules\M235\M235.jsx","PAGE","fetch","DELETE","/api/v1/backend-modules/M235/${id}","True"
"C:\Users\DIYA GOEL\Downloads\EBDESIGN\frontend\src\pages\modules\M235\M235.jsx","PAGE","fetch","GET","/api/v1/backend-modules/M235/","False"
"C:\Users\DIYA GOEL\Downloads\EBDESIGN\frontend\src\pages\modules\M236\M236.jsx","PAGE","fetch","DELETE","/api/v1/backend-modules/M236/${id}","True"
"C:\Users\DIYA GOEL\Downloads\EBDESIGN\frontend\src\pages\modules\M236\M236.jsx","PAGE","fetch","GET","/api/v1/backend-modules/M236/","False"
"C:\Users\DIYA GOEL\Downloads\EBDESIGN\frontend\src\pages\modules\M237\M237.jsx","PAGE","fetch","DELETE","/api/v1/backend-modules/M237/${id}","True"
"C:\Users\DIYA GOEL\Downloads\EBDESIGN\frontend\src\pages\modules\M237\M237.jsx","PAGE","fetch","GET","/api/v1/backend-modules/M237/","False"
"C:\Users\DIYA GOEL\Downloads\EBDESIGN\frontend\src\pages\modules\M238\M238.jsx","PAGE","fetch","DELETE","/api/v1/backend-modules/M238/${id}","True"
"C:\Users\DIYA GOEL\Downloads\EBDESIGN\frontend\src\pages\modules\M238\M238.jsx","PAGE","fetch","GET","/api/v1/backend-modules/M238/","False"
"C:\Users\DIYA GOEL\Downloads\EBDESIGN\frontend\src\pages\modules\M239\M239.jsx","PAGE","fetch","DELETE","/api/v1/backend-modules/M239/${id}","True"
"C:\Users\DIYA GOEL\Downloads\EBDESIGN\frontend\src\pages\modules\M239\M239.jsx","PAGE","fetch","GET","/api/v1/backend-modules/M239/","False"
"C:\Users\DIYA GOEL\Downloads\EBDESIGN\frontend\src\pages\modules\M240\M240.jsx","PAGE","fetch","DELETE","/api/v1/backend-modules/M240/${id}","True"
"C:\Users\DIYA GOEL\Downloads\EBDESIGN\frontend\src\pages\modules\M240\M240.jsx","PAGE","fetch","GET","/api/v1/backend-modules/M240/","False"
"C:\Users\DIYA GOEL\Downloads\EBDESIGN\frontend\src\pages\modules\M241\M241.jsx","PAGE","fetch","DELETE","/api/v1/backend-modules/M241/${id}","True"
"C:\Users\DIYA GOEL\Downloads\EBDESIGN\frontend\src\pages\modules\M241\M241.jsx","PAGE","fetch","GET","/api/v1/backend-modules/M241/","False"
"C:\Users\DIYA GOEL\Downloads\EBDESIGN\frontend\src\pages\modules\M242\M242.jsx","PAGE","fetch","DELETE","/api/v1/backend-modules/M242/${id}","True"
"C:\Users\DIYA GOEL\Downloads\EBDESIGN\frontend\src\pages\modules\M242\M242.jsx","PAGE","fetch","GET","/api/v1/backend-modules/M242/","False"
"C:\Users\DIYA GOEL\Downloads\EBDESIGN\frontend\src\pages\modules\M243\M243.jsx","PAGE","fetch","DELETE","/api/v1/backend-modules/M243/${id}","True"
"C:\Users\DIYA GOEL\Downloads\EBDESIGN\frontend\src\pages\modules\M243\M243.jsx","PAGE","fetch","GET","/api/v1/backend-modules/M243/","False"
"C:\Users\DIYA GOEL\Downloads\EBDESIGN\frontend\src\pages\modules\M244\M244.jsx","PAGE","fetch","DELETE","/api/v1/backend-modules/M244/${id}","True"
"C:\Users\DIYA GOEL\Downloads\EBDESIGN\frontend\src\pages\modules\M244\M244.jsx","PAGE","fetch","GET","/api/v1/backend-modules/M244/","False"
"C:\Users\DIYA GOEL\Downloads\EBDESIGN\frontend\src\pages\modules\M245\M245.jsx","PAGE","fetch","DELETE","/api/v1/backend-modules/M245/${id}","True"
"C:\Users\DIYA GOEL\Downloads\EBDESIGN\frontend\src\pages\modules\M245\M245.jsx","PAGE","fetch","GET","/api/v1/backend-modules/M245/","False"
"C:\Users\DIYA GOEL\Downloads\EBDESIGN\frontend\src\pages\modules\M246\M246.jsx","PAGE","fetch","DELETE","/api/v1/backend-modules/M246/${id}","True"
"C:\Users\DIYA GOEL\Downloads\EBDESIGN\frontend\src\pages\modules\M246\M246.jsx","PAGE","fetch","GET","/api/v1/backend-modules/M246/","False"
"C:\Users\DIYA GOEL\Downloads\EBDESIGN\frontend\src\pages\modules\M247\M247.jsx","PAGE","fetch","DELETE","/api/v1/backend-modules/M247/${id}","True"
"C:\Users\DIYA GOEL\Downloads\EBDESIGN\frontend\src\pages\modules\M247\M247.jsx","PAGE","fetch","GET","/api/v1/backend-modules/M247/","False"
"C:\Users\DIYA GOEL\Downloads\EBDESIGN\frontend\src\pages\modules\M248\M248.jsx","PAGE","fetch","DELETE","/api/v1/backend-modules/M248/${id}","True"
"C:\Users\DIYA GOEL\Downloads\EBDESIGN\frontend\src\pages\modules\M248\M248.jsx","PAGE","fetch","GET","/api/v1/backend-modules/M248/","False"
"C:\Users\DIYA GOEL\Downloads\EBDESIGN\frontend\src\pages\modules\M249\M249.jsx","PAGE","fetch","DELETE","/api/v1/backend-modules/M249/${id}","True"
"C:\Users\DIYA GOEL\Downloads\EBDESIGN\frontend\src\pages\modules\M249\M249.jsx","PAGE","fetch","GET","/api/v1/backend-modules/M249/","False"
"C:\Users\DIYA GOEL\Downloads\EBDESIGN\frontend\src\pages\modules\M250\M250.jsx","PAGE","fetch","DELETE","/api/v1/backend-modules/M250/${id}","True"
"C:\Users\DIYA GOEL\Downloads\EBDESIGN\frontend\src\pages\modules\M250\M250.jsx","PAGE","fetch","GET","/api/v1/backend-modules/M250/","False"
"C:\Users\DIYA GOEL\Downloads\EBDESIGN\frontend\src\pages\modules\M251\M251.jsx","PAGE","fetch","DELETE","/api/v1/backend-modules/M251/${id}","True"
"C:\Users\DIYA GOEL\Downloads\EBDESIGN\frontend\src\pages\modules\M251\M251.jsx","PAGE","fetch","GET","/api/v1/backend-modules/M251/","False"
"C:\Users\DIYA GOEL\Downloads\EBDESIGN\frontend\src\pages\modules\M252\M252.jsx","PAGE","fetch","DELETE","/api/v1/backend-modules/M252/${id}","True"
"C:\Users\DIYA GOEL\Downloads\EBDESIGN\frontend\src\pages\modules\M252\M252.jsx","PAGE","fetch","GET","/api/v1/backend-modules/M252/","False"
"C:\Users\DIYA GOEL\Downloads\EBDESIGN\frontend\src\pages\modules\M253\M253.jsx","PAGE","fetch","DELETE","/api/v1/backend-modules/M253/${id}","True"
"C:\Users\DIYA GOEL\Downloads\EBDESIGN\frontend\src\pages\modules\M253\M253.jsx","PAGE","fetch","GET","/api/v1/backend-modules/M253/","False"
"C:\Users\DIYA GOEL\Downloads\EBDESIGN\frontend\src\pages\modules\M254\M254.jsx","PAGE","fetch","DELETE","/api/v1/backend-modules/M254/${id}","True"
"C:\Users\DIYA GOEL\Downloads\EBDESIGN\frontend\src\pages\modules\M254\M254.jsx","PAGE","fetch","GET","/api/v1/backend-modules/M254/","False"
"C:\Users\DIYA GOEL\Downloads\EBDESIGN\frontend\src\pages\modules\M255\M255.jsx","PAGE","fetch","DELETE","/api/v1/backend-modules/M255/${id}","True"
"C:\Users\DIYA GOEL\Downloads\EBDESIGN\frontend\src\pages\modules\M255\M255.jsx","PAGE","fetch","GET","/api/v1/backend-modules/M255/","False"
"C:\Users\DIYA GOEL\Downloads\EBDESIGN\frontend\src\pages\modules\M256\M256.jsx","PAGE","fetch","DELETE","/api/v1/backend-modules/M256/${id}","True"
"C:\Users\DIYA GOEL\Downloads\EBDESIGN\frontend\src\pages\modules\M256\M256.jsx","PAGE","fetch","GET","/api/v1/backend-modules/M256/","False"
"C:\Users\DIYA GOEL\Downloads\EBDESIGN\frontend\src\pages\modules\M257\M257.jsx","PAGE","fetch","DELETE","/api/v1/backend-modules/M257/${id}","True"
"C:\Users\DIYA GOEL\Downloads\EBDESIGN\frontend\src\pages\modules\M257\M257.jsx","PAGE","fetch","GET","/api/v1/backend-modules/M257/","False"
"C:\Users\DIYA GOEL\Downloads\EBDESIGN\frontend\src\pages\modules\M258\M258.jsx","PAGE","fetch","DELETE","/api/v1/backend-modules/M258/${id}","True"
"C:\Users\DIYA GOEL\Downloads\EBDESIGN\frontend\src\pages\modules\M258\M258.jsx","PAGE","fetch","GET","/api/v1/backend-modules/M258/","False"
"C:\Users\DIYA GOEL\Downloads\EBDESIGN\frontend\src\pages\modules\M259\M259.jsx","PAGE","fetch","DELETE","/api/v1/backend-modules/M259/${id}","True"
"C:\Users\DIYA GOEL\Downloads\EBDESIGN\frontend\src\pages\modules\M259\M259.jsx","PAGE","fetch","GET","/api/v1/backend-modules/M259/","False"
"C:\Users\DIYA GOEL\Downloads\EBDESIGN\frontend\src\pages\modules\M260\M260.jsx","PAGE","fetch","DELETE","/api/v1/backend-modules/M260/${id}","True"
"C:\Users\DIYA GOEL\Downloads\EBDESIGN\frontend\src\pages\modules\M260\M260.jsx","PAGE","fetch","GET","/api/v1/backend-modules/M260/","False"
"C:\Users\DIYA GOEL\Downloads\EBDESIGN\frontend\src\pages\modules\M261\M261.jsx","PAGE","fetch","DELETE","/api/v1/backend-modules/M261/${id}","True"
"C:\Users\DIYA GOEL\Downloads\EBDESIGN\frontend\src\pages\modules\M261\M261.jsx","PAGE","fetch","GET","/api/v1/backend-modules/M261/","False"
"C:\Users\DIYA GOEL\Downloads\EBDESIGN\frontend\src\pages\modules\M262\M262.jsx","PAGE","fetch","DELETE","/api/v1/backend-modules/M262/${id}","True"
"C:\Users\DIYA GOEL\Downloads\EBDESIGN\frontend\src\pages\modules\M262\M262.jsx","PAGE","fetch","GET","/api/v1/backend-modules/M262/","False"
"C:\Users\DIYA GOEL\Downloads\EBDESIGN\frontend\src\pages\modules\M263\M263.jsx","PAGE","fetch","DELETE","/api/v1/backend-modules/M263/${id}","True"
"C:\Users\DIYA GOEL\Downloads\EBDESIGN\frontend\src\pages\modules\M263\M263.jsx","PAGE","fetch","GET","/api/v1/backend-modules/M263/","False"
"C:\Users\DIYA GOEL\Downloads\EBDESIGN\frontend\src\pages\modules\M264\M264.jsx","PAGE","fetch","DELETE","/api/v1/backend-modules/M264/${id}","True"
"C:\Users\DIYA GOEL\Downloads\EBDESIGN\frontend\src\pages\modules\M264\M264.jsx","PAGE","fetch","GET","/api/v1/backend-modules/M264/","False"
"C:\Users\DIYA GOEL\Downloads\EBDESIGN\frontend\src\pages\modules\M265\M265.jsx","PAGE","fetch","DELETE","/api/v1/backend-modules/M265/${id}","True"
"C:\Users\DIYA GOEL\Downloads\EBDESIGN\frontend\src\pages\modules\M265\M265.jsx","PAGE","fetch","GET","/api/v1/backend-modules/M265/","False"
"C:\Users\DIYA GOEL\Downloads\EBDESIGN\frontend\src\pages\modules\M266\M266.jsx","PAGE","fetch","DELETE","/api/v1/backend-modules/M266/${id}","True"
"C:\Users\DIYA GOEL\Downloads\EBDESIGN\frontend\src\pages\modules\M266\M266.jsx","PAGE","fetch","GET","/api/v1/backend-modules/M266/","False"
"C:\Users\DIYA GOEL\Downloads\EBDESIGN\frontend\src\pages\modules\M267\M267.jsx","PAGE","fetch","DELETE","/api/v1/backend-modules/M267/${id}","True"
"C:\Users\DIYA GOEL\Downloads\EBDESIGN\frontend\src\pages\modules\M267\M267.jsx","PAGE","fetch","GET","/api/v1/backend-modules/M267/","False"
"C:\Users\DIYA GOEL\Downloads\EBDESIGN\frontend\src\pages\modules\M268\M268.jsx","PAGE","fetch","DELETE","/api/v1/backend-modules/M268/${id}","True"
"C:\Users\DIYA GOEL\Downloads\EBDESIGN\frontend\src\pages\modules\M268\M268.jsx","PAGE","fetch","GET","/api/v1/backend-modules/M268/","False"
"C:\Users\DIYA GOEL\Downloads\EBDESIGN\frontend\src\pages\modules\M269\M269.jsx","PAGE","fetch","DELETE","/api/v1/backend-modules/M269/${id}","True"
"C:\Users\DIYA GOEL\Downloads\EBDESIGN\frontend\src\pages\modules\M269\M269.jsx","PAGE","fetch","GET","/api/v1/backend-modules/M269/","False"
"C:\Users\DIYA GOEL\Downloads\EBDESIGN\frontend\src\pages\modules\M270\M270.jsx","PAGE","fetch","DELETE","/api/v1/backend-modules/M270/${id}","True"
"C:\Users\DIYA GOEL\Downloads\EBDESIGN\frontend\src\pages\modules\M270\M270.jsx","PAGE","fetch","GET","/api/v1/backend-modules/M270/","False"
"C:\Users\DIYA GOEL\Downloads\EBDESIGN\frontend\src\pages\modules\M271\M271.jsx","PAGE","fetch","DELETE","/api/v1/backend-modules/M271/${id}","True"
"C:\Users\DIYA GOEL\Downloads\EBDESIGN\frontend\src\pages\modules\M271\M271.jsx","PAGE","fetch","GET","/api/v1/backend-modules/M271/","False"
"C:\Users\DIYA GOEL\Downloads\EBDESIGN\frontend\src\pages\modules\M272\M272.jsx","PAGE","fetch","DELETE","/api/v1/backend-modules/M272/${id}","True"
"C:\Users\DIYA GOEL\Downloads\EBDESIGN\frontend\src\pages\modules\M272\M272.jsx","PAGE","fetch","GET","/api/v1/backend-modules/M272/","False"
"C:\Users\DIYA GOEL\Downloads\EBDESIGN\frontend\src\pages\modules\M273\M273.jsx","PAGE","fetch","DELETE","/api/v1/backend-modules/M273/${id}","True"
"C:\Users\DIYA GOEL\Downloads\EBDESIGN\frontend\src\pages\modules\M273\M273.jsx","PAGE","fetch","GET","/api/v1/backend-modules/M273/","False"
"C:\Users\DIYA GOEL\Downloads\EBDESIGN\frontend\src\pages\modules\M274\M274.jsx","PAGE","fetch","DELETE","/api/v1/backend-modules/M274/${id}","True"
"C:\Users\DIYA GOEL\Downloads\EBDESIGN\frontend\src\pages\modules\M274\M274.jsx","PAGE","fetch","GET","/api/v1/backend-modules/M274/","False"
"C:\Users\DIYA GOEL\Downloads\EBDESIGN\frontend\src\pages\modules\M275\M275.jsx","PAGE","fetch","DELETE","/api/v1/backend-modules/M275/${id}","True"
"C:\Users\DIYA GOEL\Downloads\EBDESIGN\frontend\src\pages\modules\M275\M275.jsx","PAGE","fetch","GET","/api/v1/backend-modules/M275/","False"
"C:\Users\DIYA GOEL\Downloads\EBDESIGN\frontend\src\pages\modules\M276\M276.jsx","PAGE","fetch","DELETE","/api/v1/backend-modules/M276/${id}","True"
"C:\Users\DIYA GOEL\Downloads\EBDESIGN\frontend\src\pages\modules\M276\M276.jsx","PAGE","fetch","GET","/api/v1/backend-modules/M276/","False"
"C:\Users\DIYA GOEL\Downloads\EBDESIGN\frontend\src\pages\modules\M277\M277.jsx","PAGE","fetch","DELETE","/api/v1/backend-modules/M277/${id}","True"
"C:\Users\DIYA GOEL\Downloads\EBDESIGN\frontend\src\pages\modules\M277\M277.jsx","PAGE","fetch","GET","/api/v1/backend-modules/M277/","False"
"C:\Users\DIYA GOEL\Downloads\EBDESIGN\frontend\src\pages\modules\M278\M278.jsx","PAGE","fetch","DELETE","/api/v1/backend-modules/M278/${id}","True"
"C:\Users\DIYA GOEL\Downloads\EBDESIGN\frontend\src\pages\modules\M278\M278.jsx","PAGE","fetch","GET","/api/v1/backend-modules/M278/","False"
"C:\Users\DIYA GOEL\Downloads\EBDESIGN\frontend\src\pages\modules\M279\M279.jsx","PAGE","fetch","DELETE","/api/v1/backend-modules/M279/${id}","True"
"C:\Users\DIYA GOEL\Downloads\EBDESIGN\frontend\src\pages\modules\M279\M279.jsx","PAGE","fetch","GET","/api/v1/backend-modules/M279/","False"
"C:\Users\DIYA GOEL\Downloads\EBDESIGN\frontend\src\pages\modules\M280\M280.jsx","PAGE","fetch","DELETE","/api/v1/backend-modules/M280/${id}","True"
"C:\Users\DIYA GOEL\Downloads\EBDESIGN\frontend\src\pages\modules\M280\M280.jsx","PAGE","fetch","GET","/api/v1/backend-modules/M280/","False"
"C:\Users\DIYA GOEL\Downloads\EBDESIGN\frontend\src\pages\modules\M281\M281.jsx","PAGE","fetch","DELETE","/api/v1/backend-modules/M281/${id}","True"
"C:\Users\DIYA GOEL\Downloads\EBDESIGN\frontend\src\pages\modules\M281\M281.jsx","PAGE","fetch","GET","/api/v1/backend-modules/M281/","False"
"C:\Users\DIYA GOEL\Downloads\EBDESIGN\frontend\src\pages\modules\M282\M282.jsx","PAGE","fetch","DELETE","/api/v1/backend-modules/M282/${id}","True"
"C:\Users\DIYA GOEL\Downloads\EBDESIGN\frontend\src\pages\modules\M282\M282.jsx","PAGE","fetch","GET","/api/v1/backend-modules/M282/","False"
"C:\Users\DIYA GOEL\Downloads\EBDESIGN\frontend\src\pages\modules\M283\M283.jsx","PAGE","fetch","DELETE","/api/v1/backend-modules/M283/${id}","True"
"C:\Users\DIYA GOEL\Downloads\EBDESIGN\frontend\src\pages\modules\M283\M283.jsx","PAGE","fetch","GET","/api/v1/backend-modules/M283/","False"
"C:\Users\DIYA GOEL\Downloads\EBDESIGN\frontend\src\pages\modules\M284\M284.jsx","PAGE","fetch","DELETE","/api/v1/backend-modules/M284/${id}","True"
"C:\Users\DIYA GOEL\Downloads\EBDESIGN\frontend\src\pages\modules\M284\M284.jsx","PAGE","fetch","GET","/api/v1/backend-modules/M284/","False"
"C:\Users\DIYA GOEL\Downloads\EBDESIGN\frontend\src\pages\modules\M285\M285.jsx","PAGE","fetch","DELETE","/api/v1/backend-modules/M285/${id}","True"
"C:\Users\DIYA GOEL\Downloads\EBDESIGN\frontend\src\pages\modules\M285\M285.jsx","PAGE","fetch","GET","/api/v1/backend-modules/M285/","False"
"C:\Users\DIYA GOEL\Downloads\EBDESIGN\frontend\src\pages\modules\M286\M286.jsx","PAGE","fetch","DELETE","/api/v1/backend-modules/M286/${id}","True"
"C:\Users\DIYA GOEL\Downloads\EBDESIGN\frontend\src\pages\modules\M286\M286.jsx","PAGE","fetch","GET","/api/v1/backend-modules/M286/","False"
"C:\Users\DIYA GOEL\Downloads\EBDESIGN\frontend\src\pages\modules\M287\M287.jsx","PAGE","fetch","DELETE","/api/v1/backend-modules/M287/${id}","True"
"C:\Users\DIYA GOEL\Downloads\EBDESIGN\frontend\src\pages\modules\M287\M287.jsx","PAGE","fetch","GET","/api/v1/backend-modules/M287/","False"
"C:\Users\DIYA GOEL\Downloads\EBDESIGN\frontend\src\pages\modules\M288\M288.jsx","PAGE","fetch","DELETE","/api/v1/backend-modules/M288/${id}","True"
"C:\Users\DIYA GOEL\Downloads\EBDESIGN\frontend\src\pages\modules\M288\M288.jsx","PAGE","fetch","GET","/api/v1/backend-modules/M288/","False"
"C:\Users\DIYA GOEL\Downloads\EBDESIGN\frontend\src\pages\modules\M289\M289.jsx","PAGE","fetch","DELETE","/api/v1/backend-modules/M289/${id}","True"
"C:\Users\DIYA GOEL\Downloads\EBDESIGN\frontend\src\pages\modules\M289\M289.jsx","PAGE","fetch","GET","/api/v1/backend-modules/M289/","False"
"C:\Users\DIYA GOEL\Downloads\EBDESIGN\frontend\src\pages\modules\M290\M290.jsx","PAGE","fetch","DELETE","/api/v1/backend-modules/M290/${id}","True"
"C:\Users\DIYA GOEL\Downloads\EBDESIGN\frontend\src\pages\modules\M290\M290.jsx","PAGE","fetch","GET","/api/v1/backend-modules/M290/","False"
"C:\Users\DIYA GOEL\Downloads\EBDESIGN\frontend\src\pages\modules\M291\M291.jsx","PAGE","fetch","DELETE","/api/v1/backend-modules/M291/${id}","True"
"C:\Users\DIYA GOEL\Downloads\EBDESIGN\frontend\src\pages\modules\M291\M291.jsx","PAGE","fetch","GET","/api/v1/backend-modules/M291/","False"
"C:\Users\DIYA GOEL\Downloads\EBDESIGN\frontend\src\pages\modules\M292\M292.jsx","PAGE","fetch","DELETE","/api/v1/backend-modules/M292/${id}","True"
"C:\Users\DIYA GOEL\Downloads\EBDESIGN\frontend\src\pages\modules\M292\M292.jsx","PAGE","fetch","GET","/api/v1/backend-modules/M292/","False"
"C:\Users\DIYA GOEL\Downloads\EBDESIGN\frontend\src\pages\modules\M293\M293.jsx","PAGE","fetch","DELETE","/api/v1/backend-modules/M293/${id}","True"
"C:\Users\DIYA GOEL\Downloads\EBDESIGN\frontend\src\pages\modules\M293\M293.jsx","PAGE","fetch","GET","/api/v1/backend-modules/M293/","False"
"C:\Users\DIYA GOEL\Downloads\EBDESIGN\frontend\src\pages\modules\M294\M294.jsx","PAGE","fetch","DELETE","/api/v1/backend-modules/M294/${id}","True"
"C:\Users\DIYA GOEL\Downloads\EBDESIGN\frontend\src\pages\modules\M294\M294.jsx","PAGE","fetch","GET","/api/v1/backend-modules/M294/","False"
"C:\Users\DIYA GOEL\Downloads\EBDESIGN\frontend\src\pages\modules\M295\M295.jsx","PAGE","fetch","DELETE","/api/v1/backend-modules/M295/${id}","True"
"C:\Users\DIYA GOEL\Downloads\EBDESIGN\frontend\src\pages\modules\M295\M295.jsx","PAGE","fetch","GET","/api/v1/backend-modules/M295/","False"
"C:\Users\DIYA GOEL\Downloads\EBDESIGN\frontend\src\pages\modules\M296\M296.jsx","PAGE","fetch","DELETE","/api/v1/backend-modules/M296/${id}","True"
"C:\Users\DIYA GOEL\Downloads\EBDESIGN\frontend\src\pages\modules\M296\M296.jsx","PAGE","fetch","GET","/api/v1/backend-modules/M296/","False"
"C:\Users\DIYA GOEL\Downloads\EBDESIGN\frontend\src\pages\modules\M297\M297.jsx","PAGE","fetch","DELETE","/api/v1/backend-modules/M297/${id}","True"
"C:\Users\DIYA GOEL\Downloads\EBDESIGN\frontend\src\pages\modules\M297\M297.jsx","PAGE","fetch","GET","/api/v1/backend-modules/M297/","False"
"C:\Users\DIYA GOEL\Downloads\EBDESIGN\frontend\src\pages\modules\M298\M298.jsx","PAGE","fetch","DELETE","/api/v1/backend-modules/M298/${id}","True"
"C:\Users\DIYA GOEL\Downloads\EBDESIGN\frontend\src\pages\modules\M298\M298.jsx","PAGE","fetch","GET","/api/v1/backend-modules/M298/","False"
"C:\Users\DIYA GOEL\Downloads\EBDESIGN\frontend\src\pages\modules\M299\M299.jsx","PAGE","fetch","DELETE","/api/v1/backend-modules/M299/${id}","True"
"C:\Users\DIYA GOEL\Downloads\EBDESIGN\frontend\src\pages\modules\M299\M299.jsx","PAGE","fetch","GET","/api/v1/backend-modules/M299/","False"
"C:\Users\DIYA GOEL\Downloads\EBDESIGN\frontend\src\pages\modules\M300\M300.jsx","PAGE","fetch","DELETE","/api/v1/backend-modules/M300/${id}","True"
"C:\Users\DIYA GOEL\Downloads\EBDESIGN\frontend\src\pages\modules\M300\M300.jsx","PAGE","fetch","GET","/api/v1/backend-modules/M300/","False"
"C:\Users\DIYA GOEL\Downloads\EBDESIGN\frontend\src\pages\modules\M301\M301.jsx","PAGE","fetch","GET","/api/v1/backend-modules/M301/","False"
"C:\Users\DIYA GOEL\Downloads\EBDESIGN\frontend\src\pages\modules\M302\M302.jsx","PAGE","fetch","DELETE","/api/v1/backend-modules/M302/${id}","True"
"C:\Users\DIYA GOEL\Downloads\EBDESIGN\frontend\src\pages\modules\M302\M302.jsx","PAGE","fetch","GET","/api/v1/backend-modules/M302/","False"
"C:\Users\DIYA GOEL\Downloads\EBDESIGN\frontend\src\pages\modules\M303\M303.jsx","PAGE","fetch","DELETE","/api/v1/backend-modules/M303/${id}","True"
"C:\Users\DIYA GOEL\Downloads\EBDESIGN\frontend\src\pages\modules\M303\M303.jsx","PAGE","fetch","GET","/api/v1/backend-modules/M303/","False"
"C:\Users\DIYA GOEL\Downloads\EBDESIGN\frontend\src\pages\modules\M304\M304.jsx","PAGE","fetch","DELETE","/api/v1/backend-modules/M304/${id}","True"
"C:\Users\DIYA GOEL\Downloads\EBDESIGN\frontend\src\pages\modules\M304\M304.jsx","PAGE","fetch","GET","/api/v1/backend-modules/M304/","False"
"C:\Users\DIYA GOEL\Downloads\EBDESIGN\frontend\src\pages\modules\M305\M305.jsx","PAGE","fetch","DELETE","/api/v1/backend-modules/M305/${id}","True"
"C:\Users\DIYA GOEL\Downloads\EBDESIGN\frontend\src\pages\modules\M305\M305.jsx","PAGE","fetch","GET","/api/v1/backend-modules/M305/","False"
"C:\Users\DIYA GOEL\Downloads\EBDESIGN\frontend\src\pages\modules\M306\M306.jsx","PAGE","fetch","DELETE","/api/v1/backend-modules/M306/${id}","True"
"C:\Users\DIYA GOEL\Downloads\EBDESIGN\frontend\src\pages\modules\M306\M306.jsx","PAGE","fetch","GET","/api/v1/backend-modules/M306/","False"
"C:\Users\DIYA GOEL\Downloads\EBDESIGN\frontend\src\pages\modules\M307\M307.jsx","PAGE","fetch","DELETE","/api/v1/backend-modules/M307/${id}","True"
"C:\Users\DIYA GOEL\Downloads\EBDESIGN\frontend\src\pages\modules\M307\M307.jsx","PAGE","fetch","GET","/api/v1/backend-modules/M307/","False"
"C:\Users\DIYA GOEL\Downloads\EBDESIGN\frontend\src\pages\modules\M308\M308.jsx","PAGE","fetch","DELETE","/api/v1/backend-modules/M308/${id}","True"
"C:\Users\DIYA GOEL\Downloads\EBDESIGN\frontend\src\pages\modules\M308\M308.jsx","PAGE","fetch","GET","/api/v1/backend-modules/M308/","False"
"C:\Users\DIYA GOEL\Downloads\EBDESIGN\frontend\src\pages\modules\M309\M309.jsx","PAGE","fetch","DELETE","/api/v1/backend-modules/M309/${id}","True"
"C:\Users\DIYA GOEL\Downloads\EBDESIGN\frontend\src\pages\modules\M309\M309.jsx","PAGE","fetch","GET","/api/v1/backend-modules/M309/","False"
"C:\Users\DIYA GOEL\Downloads\EBDESIGN\frontend\src\pages\modules\M31\M31.jsx","PAGE","fetch","DELETE","/api/v1/backend-modules/M031/${id}","True"
"C:\Users\DIYA GOEL\Downloads\EBDESIGN\frontend\src\pages\modules\M31\M31.jsx","PAGE","fetch","GET","/api/v1/backend-modules/M031/","False"
"C:\Users\DIYA GOEL\Downloads\EBDESIGN\frontend\src\pages\modules\M310\M310.jsx","PAGE","fetch","DELETE","/api/v1/backend-modules/M310/${id}","True"
"C:\Users\DIYA GOEL\Downloads\EBDESIGN\frontend\src\pages\modules\M310\M310.jsx","PAGE","fetch","GET","/api/v1/backend-modules/M310/","False"
"C:\Users\DIYA GOEL\Downloads\EBDESIGN\frontend\src\pages\modules\M311\M311.jsx","PAGE","fetch","DELETE","/api/v1/backend-modules/M311/${id}","True"
"C:\Users\DIYA GOEL\Downloads\EBDESIGN\frontend\src\pages\modules\M311\M311.jsx","PAGE","fetch","GET","/api/v1/backend-modules/M311/","False"
"C:\Users\DIYA GOEL\Downloads\EBDESIGN\frontend\src\pages\modules\M312\M312.jsx","PAGE","fetch","DELETE","/api/v1/backend-modules/M312/${id}","True"
"C:\Users\DIYA GOEL\Downloads\EBDESIGN\frontend\src\pages\modules\M312\M312.jsx","PAGE","fetch","GET","/api/v1/backend-modules/M312/","False"
"C:\Users\DIYA GOEL\Downloads\EBDESIGN\frontend\src\pages\modules\M313\M313.jsx","PAGE","fetch","DELETE","/api/v1/backend-modules/M313/${id}","True"
"C:\Users\DIYA GOEL\Downloads\EBDESIGN\frontend\src\pages\modules\M313\M313.jsx","PAGE","fetch","GET","/api/v1/backend-modules/M313/","False"
"C:\Users\DIYA GOEL\Downloads\EBDESIGN\frontend\src\pages\modules\M314\M314.jsx","PAGE","fetch","DELETE","/api/v1/backend-modules/M314/${id}","True"
"C:\Users\DIYA GOEL\Downloads\EBDESIGN\frontend\src\pages\modules\M314\M314.jsx","PAGE","fetch","GET","/api/v1/backend-modules/M314/","False"
"C:\Users\DIYA GOEL\Downloads\EBDESIGN\frontend\src\pages\modules\M315\M315.jsx","PAGE","fetch","DELETE","/api/v1/backend-modules/M315/${id}","True"
"C:\Users\DIYA GOEL\Downloads\EBDESIGN\frontend\src\pages\modules\M315\M315.jsx","PAGE","fetch","GET","/api/v1/backend-modules/M315/","False"
"C:\Users\DIYA GOEL\Downloads\EBDESIGN\frontend\src\pages\modules\M316\M316.jsx","PAGE","fetch","DELETE","/api/v1/backend-modules/M316/${id}","True"
"C:\Users\DIYA GOEL\Downloads\EBDESIGN\frontend\src\pages\modules\M316\M316.jsx","PAGE","fetch","GET","/api/v1/backend-modules/M316/","False"
"C:\Users\DIYA GOEL\Downloads\EBDESIGN\frontend\src\pages\modules\M317\M317.jsx","PAGE","fetch","DELETE","/api/v1/backend-modules/M317/${id}","True"
"C:\Users\DIYA GOEL\Downloads\EBDESIGN\frontend\src\pages\modules\M317\M317.jsx","PAGE","fetch","GET","/api/v1/backend-modules/M317/","False"
"C:\Users\DIYA GOEL\Downloads\EBDESIGN\frontend\src\pages\modules\M318\M318.jsx","PAGE","fetch","DELETE","/api/v1/backend-modules/M318/${id}","True"
"C:\Users\DIYA GOEL\Downloads\EBDESIGN\frontend\src\pages\modules\M318\M318.jsx","PAGE","fetch","GET","/api/v1/backend-modules/M318/","False"
"C:\Users\DIYA GOEL\Downloads\EBDESIGN\frontend\src\pages\modules\M319\M319.jsx","PAGE","fetch","DELETE","/api/v1/backend-modules/M319/${id}","True"
"C:\Users\DIYA GOEL\Downloads\EBDESIGN\frontend\src\pages\modules\M319\M319.jsx","PAGE","fetch","GET","/api/v1/backend-modules/M319/","False"
"C:\Users\DIYA GOEL\Downloads\EBDESIGN\frontend\src\pages\modules\M32\M32.jsx","PAGE","fetch","DELETE","/api/v1/backend-modules/M032/${id}","True"
"C:\Users\DIYA GOEL\Downloads\EBDESIGN\frontend\src\pages\modules\M32\M32.jsx","PAGE","fetch","GET","/api/v1/backend-modules/M032/","False"
"C:\Users\DIYA GOEL\Downloads\EBDESIGN\frontend\src\pages\modules\M320\M320.jsx","PAGE","fetch","DELETE","/api/v1/backend-modules/M320/${id}","True"
"C:\Users\DIYA GOEL\Downloads\EBDESIGN\frontend\src\pages\modules\M320\M320.jsx","PAGE","fetch","GET","/api/v1/backend-modules/M320/","False"
"C:\Users\DIYA GOEL\Downloads\EBDESIGN\frontend\src\pages\modules\M321\M321.jsx","PAGE","fetch","DELETE","/api/v1/backend-modules/M321/${id}","True"
"C:\Users\DIYA GOEL\Downloads\EBDESIGN\frontend\src\pages\modules\M321\M321.jsx","PAGE","fetch","GET","/api/v1/backend-modules/M321/","False"
"C:\Users\DIYA GOEL\Downloads\EBDESIGN\frontend\src\pages\modules\M322\M322.jsx","PAGE","fetch","DELETE","/api/v1/backend-modules/M322/${id}","True"
"C:\Users\DIYA GOEL\Downloads\EBDESIGN\frontend\src\pages\modules\M322\M322.jsx","PAGE","fetch","GET","/api/v1/backend-modules/M322/","False"
"C:\Users\DIYA GOEL\Downloads\EBDESIGN\frontend\src\pages\modules\M323\M323.jsx","PAGE","fetch","DELETE","/api/v1/backend-modules/M323/${id}","True"
"C:\Users\DIYA GOEL\Downloads\EBDESIGN\frontend\src\pages\modules\M323\M323.jsx","PAGE","fetch","GET","/api/v1/backend-modules/M323/","False"
"C:\Users\DIYA GOEL\Downloads\EBDESIGN\frontend\src\pages\modules\M324\M324.jsx","PAGE","fetch","DELETE","/api/v1/backend-modules/M324/${id}","True"
"C:\Users\DIYA GOEL\Downloads\EBDESIGN\frontend\src\pages\modules\M324\M324.jsx","PAGE","fetch","GET","/api/v1/backend-modules/M324/","False"
"C:\Users\DIYA GOEL\Downloads\EBDESIGN\frontend\src\pages\modules\M325\M325.jsx","PAGE","fetch","DELETE","/api/v1/backend-modules/M325/${id}","True"
"C:\Users\DIYA GOEL\Downloads\EBDESIGN\frontend\src\pages\modules\M325\M325.jsx","PAGE","fetch","GET","/api/v1/backend-modules/M325/","False"
"C:\Users\DIYA GOEL\Downloads\EBDESIGN\frontend\src\pages\modules\M326\M326.jsx","PAGE","fetch","DELETE","/api/v1/backend-modules/M326/${id}","True"
"C:\Users\DIYA GOEL\Downloads\EBDESIGN\frontend\src\pages\modules\M326\M326.jsx","PAGE","fetch","GET","/api/v1/backend-modules/M326/","False"
"C:\Users\DIYA GOEL\Downloads\EBDESIGN\frontend\src\pages\modules\M327\M327.jsx","PAGE","fetch","DELETE","/api/v1/backend-modules/M327/${id}","True"
"C:\Users\DIYA GOEL\Downloads\EBDESIGN\frontend\src\pages\modules\M327\M327.jsx","PAGE","fetch","GET","/api/v1/backend-modules/M327/","False"
"C:\Users\DIYA GOEL\Downloads\EBDESIGN\frontend\src\pages\modules\M328\M328.jsx","PAGE","fetch","DELETE","/api/v1/backend-modules/M328/${id}","True"
"C:\Users\DIYA GOEL\Downloads\EBDESIGN\frontend\src\pages\modules\M328\M328.jsx","PAGE","fetch","GET","/api/v1/backend-modules/M328/","False"
"C:\Users\DIYA GOEL\Downloads\EBDESIGN\frontend\src\pages\modules\M329\M329.jsx","PAGE","fetch","DELETE","/api/v1/backend-modules/M329/${id}","True"
"C:\Users\DIYA GOEL\Downloads\EBDESIGN\frontend\src\pages\modules\M329\M329.jsx","PAGE","fetch","GET","/api/v1/backend-modules/M329/","False"
"C:\Users\DIYA GOEL\Downloads\EBDESIGN\frontend\src\pages\modules\M33\M33.jsx","PAGE","fetch","DELETE","/api/v1/backend-modules/M033/${id}","True"
"C:\Users\DIYA GOEL\Downloads\EBDESIGN\frontend\src\pages\modules\M33\M33.jsx","PAGE","fetch","GET","/api/v1/backend-modules/M033/","False"
"C:\Users\DIYA GOEL\Downloads\EBDESIGN\frontend\src\pages\modules\M330\M330.jsx","PAGE","fetch","DELETE","/api/v1/backend-modules/M330/${id}","True"
"C:\Users\DIYA GOEL\Downloads\EBDESIGN\frontend\src\pages\modules\M330\M330.jsx","PAGE","fetch","GET","/api/v1/backend-modules/M330/","False"
"C:\Users\DIYA GOEL\Downloads\EBDESIGN\frontend\src\pages\modules\M331\M331.jsx","PAGE","fetch","DELETE","/api/v1/backend-modules/M331/${id}","True"
"C:\Users\DIYA GOEL\Downloads\EBDESIGN\frontend\src\pages\modules\M331\M331.jsx","PAGE","fetch","GET","/api/v1/backend-modules/M331/","False"
"C:\Users\DIYA GOEL\Downloads\EBDESIGN\frontend\src\pages\modules\M332\M332.jsx","PAGE","fetch","DELETE","/api/v1/backend-modules/M332/${id}","True"
"C:\Users\DIYA GOEL\Downloads\EBDESIGN\frontend\src\pages\modules\M332\M332.jsx","PAGE","fetch","GET","/api/v1/backend-modules/M332/","False"
"C:\Users\DIYA GOEL\Downloads\EBDESIGN\frontend\src\pages\modules\M333\M333.jsx","PAGE","fetch","DELETE","/api/v1/backend-modules/M333/${id}","True"
"C:\Users\DIYA GOEL\Downloads\EBDESIGN\frontend\src\pages\modules\M333\M333.jsx","PAGE","fetch","GET","/api/v1/backend-modules/M333/","False"
"C:\Users\DIYA GOEL\Downloads\EBDESIGN\frontend\src\pages\modules\M334\M334.jsx","PAGE","fetch","DELETE","/api/v1/backend-modules/M334/${id}","True"
"C:\Users\DIYA GOEL\Downloads\EBDESIGN\frontend\src\pages\modules\M334\M334.jsx","PAGE","fetch","GET","/api/v1/backend-modules/M334/","False"
"C:\Users\DIYA GOEL\Downloads\EBDESIGN\frontend\src\pages\modules\M335\M335.jsx","PAGE","fetch","DELETE","/api/v1/backend-modules/M335/${id}","True"
"C:\Users\DIYA GOEL\Downloads\EBDESIGN\frontend\src\pages\modules\M335\M335.jsx","PAGE","fetch","GET","/api/v1/backend-modules/M335/","False"
"C:\Users\DIYA GOEL\Downloads\EBDESIGN\frontend\src\pages\modules\M336\M336.jsx","PAGE","fetch","DELETE","/api/v1/backend-modules/M336/${id}","True"
"C:\Users\DIYA GOEL\Downloads\EBDESIGN\frontend\src\pages\modules\M336\M336.jsx","PAGE","fetch","GET","/api/v1/backend-modules/M336/","False"
"C:\Users\DIYA GOEL\Downloads\EBDESIGN\frontend\src\pages\modules\M337\M337.jsx","PAGE","fetch","DELETE","/api/v1/backend-modules/M337/${id}","True"
"C:\Users\DIYA GOEL\Downloads\EBDESIGN\frontend\src\pages\modules\M337\M337.jsx","PAGE","fetch","GET","/api/v1/backend-modules/M337/","False"
"C:\Users\DIYA GOEL\Downloads\EBDESIGN\frontend\src\pages\modules\M338\M338.jsx","PAGE","fetch","DELETE","/api/v1/backend-modules/M338/${id}","True"
"C:\Users\DIYA GOEL\Downloads\EBDESIGN\frontend\src\pages\modules\M338\M338.jsx","PAGE","fetch","GET","/api/v1/backend-modules/M338/","False"
"C:\Users\DIYA GOEL\Downloads\EBDESIGN\frontend\src\pages\modules\M339\M339.jsx","PAGE","fetch","DELETE","/api/v1/backend-modules/M339/${id}","True"
"C:\Users\DIYA GOEL\Downloads\EBDESIGN\frontend\src\pages\modules\M339\M339.jsx","PAGE","fetch","GET","/api/v1/backend-modules/M339/","False"
"C:\Users\DIYA GOEL\Downloads\EBDESIGN\frontend\src\pages\modules\M34\M34.jsx","PAGE","fetch","DELETE","/api/v1/backend-modules/M034/${id}","True"
"C:\Users\DIYA GOEL\Downloads\EBDESIGN\frontend\src\pages\modules\M34\M34.jsx","PAGE","fetch","GET","/api/v1/backend-modules/M034/","False"
"C:\Users\DIYA GOEL\Downloads\EBDESIGN\frontend\src\pages\modules\M340\M340.jsx","PAGE","fetch","DELETE","/api/v1/backend-modules/M340/${id}","True"
"C:\Users\DIYA GOEL\Downloads\EBDESIGN\frontend\src\pages\modules\M340\M340.jsx","PAGE","fetch","GET","/api/v1/backend-modules/M340/","False"
"C:\Users\DIYA GOEL\Downloads\EBDESIGN\frontend\src\pages\modules\M341\M341.jsx","PAGE","fetch","DELETE","/api/v1/backend-modules/M341/${id}","True"
"C:\Users\DIYA GOEL\Downloads\EBDESIGN\frontend\src\pages\modules\M341\M341.jsx","PAGE","fetch","GET","/api/v1/backend-modules/M341/","False"
"C:\Users\DIYA GOEL\Downloads\EBDESIGN\frontend\src\pages\modules\M342\M342.jsx","PAGE","fetch","DELETE","/api/v1/backend-modules/M342/${id}","True"
"C:\Users\DIYA GOEL\Downloads\EBDESIGN\frontend\src\pages\modules\M342\M342.jsx","PAGE","fetch","GET","/api/v1/backend-modules/M342/","False"
"C:\Users\DIYA GOEL\Downloads\EBDESIGN\frontend\src\pages\modules\M343\M343.jsx","PAGE","fetch","DELETE","/api/v1/backend-modules/M343/${id}","True"
"C:\Users\DIYA GOEL\Downloads\EBDESIGN\frontend\src\pages\modules\M343\M343.jsx","PAGE","fetch","GET","/api/v1/backend-modules/M343/","False"
"C:\Users\DIYA GOEL\Downloads\EBDESIGN\frontend\src\pages\modules\M344\M344.jsx","PAGE","fetch","DELETE","/api/v1/backend-modules/M344/${id}","True"
"C:\Users\DIYA GOEL\Downloads\EBDESIGN\frontend\src\pages\modules\M344\M344.jsx","PAGE","fetch","GET","/api/v1/backend-modules/M344/","False"
"C:\Users\DIYA GOEL\Downloads\EBDESIGN\frontend\src\pages\modules\M35\M35.jsx","PAGE","fetch","DELETE","/api/v1/backend-modules/M035/${id}","True"
"C:\Users\DIYA GOEL\Downloads\EBDESIGN\frontend\src\pages\modules\M35\M35.jsx","PAGE","fetch","GET","/api/v1/backend-modules/M035/","False"
"C:\Users\DIYA GOEL\Downloads\EBDESIGN\frontend\src\pages\modules\M36\M36.jsx","PAGE","fetch","DELETE","/api/v1/backend-modules/M036/${id}","True"
"C:\Users\DIYA GOEL\Downloads\EBDESIGN\frontend\src\pages\modules\M36\M36.jsx","PAGE","fetch","GET","/api/v1/backend-modules/M036/","False"
"C:\Users\DIYA GOEL\Downloads\EBDESIGN\frontend\src\pages\modules\M37\M37.jsx","PAGE","fetch","DELETE","/api/v1/backend-modules/M037/${id}","True"
"C:\Users\DIYA GOEL\Downloads\EBDESIGN\frontend\src\pages\modules\M37\M37.jsx","PAGE","fetch","GET","/api/v1/backend-modules/M037/","False"
"C:\Users\DIYA GOEL\Downloads\EBDESIGN\frontend\src\pages\modules\M38\M38.jsx","PAGE","fetch","DELETE","/api/v1/backend-modules/M038/${id}","True"
"C:\Users\DIYA GOEL\Downloads\EBDESIGN\frontend\src\pages\modules\M38\M38.jsx","PAGE","fetch","GET","/api/v1/backend-modules/M038/","False"
"C:\Users\DIYA GOEL\Downloads\EBDESIGN\frontend\src\pages\modules\M39\M39.jsx","PAGE","fetch","DELETE","/api/v1/backend-modules/M039/${id}","True"
"C:\Users\DIYA GOEL\Downloads\EBDESIGN\frontend\src\pages\modules\M39\M39.jsx","PAGE","fetch","GET","/api/v1/backend-modules/M039/","False"
"C:\Users\DIYA GOEL\Downloads\EBDESIGN\frontend\src\pages\modules\M40\M40.jsx","PAGE","fetch","DELETE","/api/v1/backend-modules/M040/${id}","True"
"C:\Users\DIYA GOEL\Downloads\EBDESIGN\frontend\src\pages\modules\M40\M40.jsx","PAGE","fetch","GET","/api/v1/backend-modules/M040/","False"
"C:\Users\DIYA GOEL\Downloads\EBDESIGN\frontend\src\pages\modules\M41\M41.jsx","PAGE","fetch","DELETE","/api/v1/backend-modules/M041/${id}","True"
"C:\Users\DIYA GOEL\Downloads\EBDESIGN\frontend\src\pages\modules\M41\M41.jsx","PAGE","fetch","GET","/api/v1/backend-modules/M041/","False"
"C:\Users\DIYA GOEL\Downloads\EBDESIGN\frontend\src\pages\modules\M42\M42.jsx","PAGE","fetch","DELETE","/api/v1/backend-modules/M042/${id}","True"
"C:\Users\DIYA GOEL\Downloads\EBDESIGN\frontend\src\pages\modules\M42\M42.jsx","PAGE","fetch","GET","/api/v1/backend-modules/M042/","False"
"C:\Users\DIYA GOEL\Downloads\EBDESIGN\frontend\src\pages\modules\M43\M43.jsx","PAGE","fetch","DELETE","/api/v1/backend-modules/M043/${id}","True"
"C:\Users\DIYA GOEL\Downloads\EBDESIGN\frontend\src\pages\modules\M43\M43.jsx","PAGE","fetch","GET","/api/v1/backend-modules/M043/","False"
"C:\Users\DIYA GOEL\Downloads\EBDESIGN\frontend\src\pages\modules\M44\M44.jsx","PAGE","fetch","DELETE","/api/v1/backend-modules/M044/${id}","True"
"C:\Users\DIYA GOEL\Downloads\EBDESIGN\frontend\src\pages\modules\M44\M44.jsx","PAGE","fetch","GET","/api/v1/backend-modules/M044/","False"
"C:\Users\DIYA GOEL\Downloads\EBDESIGN\frontend\src\pages\modules\M45\M45.jsx","PAGE","fetch","DELETE","/api/v1/backend-modules/M045/${id}","True"
"C:\Users\DIYA GOEL\Downloads\EBDESIGN\frontend\src\pages\modules\M45\M45.jsx","PAGE","fetch","GET","/api/v1/backend-modules/M045/","False"
"C:\Users\DIYA GOEL\Downloads\EBDESIGN\frontend\src\pages\modules\M46\M46.jsx","PAGE","fetch","DELETE","/api/v1/backend-modules/M046/${id}","True"
"C:\Users\DIYA GOEL\Downloads\EBDESIGN\frontend\src\pages\modules\M46\M46.jsx","PAGE","fetch","GET","/api/v1/backend-modules/M046/","False"
"C:\Users\DIYA GOEL\Downloads\EBDESIGN\frontend\src\pages\modules\M47\M47.jsx","PAGE","fetch","DELETE","/api/v1/backend-modules/M047/${id}","True"
"C:\Users\DIYA GOEL\Downloads\EBDESIGN\frontend\src\pages\modules\M47\M47.jsx","PAGE","fetch","GET","/api/v1/backend-modules/M047/","False"
"C:\Users\DIYA GOEL\Downloads\EBDESIGN\frontend\src\pages\modules\M48\M48.jsx","PAGE","fetch","DELETE","/api/v1/backend-modules/M048/${id}","True"
"C:\Users\DIYA GOEL\Downloads\EBDESIGN\frontend\src\pages\modules\M48\M48.jsx","PAGE","fetch","GET","/api/v1/backend-modules/M048/","False"
"C:\Users\DIYA GOEL\Downloads\EBDESIGN\frontend\src\pages\modules\M49\M49.jsx","PAGE","fetch","DELETE","/api/v1/backend-modules/M049/${id}","True"
"C:\Users\DIYA GOEL\Downloads\EBDESIGN\frontend\src\pages\modules\M49\M49.jsx","PAGE","fetch","GET","/api/v1/backend-modules/M049/","False"
"C:\Users\DIYA GOEL\Downloads\EBDESIGN\frontend\src\pages\modules\M50\M50.jsx","PAGE","fetch","DELETE","/api/v1/backend-modules/M050/${id}","True"
"C:\Users\DIYA GOEL\Downloads\EBDESIGN\frontend\src\pages\modules\M50\M50.jsx","PAGE","fetch","GET","/api/v1/backend-modules/M050/","False"
"C:\Users\DIYA GOEL\Downloads\EBDESIGN\frontend\src\pages\modules\M51\M51.jsx","PAGE","fetch","DELETE","/api/v1/backend-modules/M051/${id}","True"
"C:\Users\DIYA GOEL\Downloads\EBDESIGN\frontend\src\pages\modules\M51\M51.jsx","PAGE","fetch","GET","/api/v1/backend-modules/M051/","False"
"C:\Users\DIYA GOEL\Downloads\EBDESIGN\frontend\src\pages\modules\M52\M52.jsx","PAGE","fetch","DELETE","/api/v1/backend-modules/M052/${id}","True"
"C:\Users\DIYA GOEL\Downloads\EBDESIGN\frontend\src\pages\modules\M52\M52.jsx","PAGE","fetch","GET","/api/v1/backend-modules/M052/","False"
"C:\Users\DIYA GOEL\Downloads\EBDESIGN\frontend\src\pages\modules\M53\M53.jsx","PAGE","fetch","DELETE","/api/v1/backend-modules/M053/${id}","True"
"C:\Users\DIYA GOEL\Downloads\EBDESIGN\frontend\src\pages\modules\M53\M53.jsx","PAGE","fetch","GET","/api/v1/backend-modules/M053/","False"
"C:\Users\DIYA GOEL\Downloads\EBDESIGN\frontend\src\pages\modules\M54\M54.jsx","PAGE","fetch","DELETE","/api/v1/backend-modules/M054/${id}","True"
"C:\Users\DIYA GOEL\Downloads\EBDESIGN\frontend\src\pages\modules\M54\M54.jsx","PAGE","fetch","GET","/api/v1/backend-modules/M054/","False"
"C:\Users\DIYA GOEL\Downloads\EBDESIGN\frontend\src\pages\modules\M55\M55.jsx","PAGE","fetch","DELETE","/api/v1/backend-modules/M055/${id}","True"
"C:\Users\DIYA GOEL\Downloads\EBDESIGN\frontend\src\pages\modules\M55\M55.jsx","PAGE","fetch","GET","/api/v1/backend-modules/M055/","False"
"C:\Users\DIYA GOEL\Downloads\EBDESIGN\frontend\src\pages\modules\M56\M56.jsx","PAGE","fetch","DELETE","/api/v1/backend-modules/M056/${id}","True"
"C:\Users\DIYA GOEL\Downloads\EBDESIGN\frontend\src\pages\modules\M56\M56.jsx","PAGE","fetch","GET","/api/v1/backend-modules/M056/","False"
"C:\Users\DIYA GOEL\Downloads\EBDESIGN\frontend\src\pages\modules\M57\M57.jsx","PAGE","fetch","DELETE","/api/v1/backend-modules/M057/${id}","True"
"C:\Users\DIYA GOEL\Downloads\EBDESIGN\frontend\src\pages\modules\M57\M57.jsx","PAGE","fetch","GET","/api/v1/backend-modules/M057/","False"
"C:\Users\DIYA GOEL\Downloads\EBDESIGN\frontend\src\pages\modules\M58\M58.jsx","PAGE","fetch","DELETE","/api/v1/backend-modules/M058/${id}","True"
"C:\Users\DIYA GOEL\Downloads\EBDESIGN\frontend\src\pages\modules\M58\M58.jsx","PAGE","fetch","GET","/api/v1/backend-modules/M058/","False"
"C:\Users\DIYA GOEL\Downloads\EBDESIGN\frontend\src\pages\modules\M59\M59.jsx","PAGE","fetch","DELETE","/api/v1/backend-modules/M059/${id}","True"
"C:\Users\DIYA GOEL\Downloads\EBDESIGN\frontend\src\pages\modules\M59\M59.jsx","PAGE","fetch","GET","/api/v1/backend-modules/M059/","False"
"C:\Users\DIYA GOEL\Downloads\EBDESIGN\frontend\src\pages\modules\M60\M60.jsx","PAGE","fetch","DELETE","/api/v1/backend-modules/M060/${id}","True"
"C:\Users\DIYA GOEL\Downloads\EBDESIGN\frontend\src\pages\modules\M60\M60.jsx","PAGE","fetch","GET","/api/v1/backend-modules/M060/","False"
"C:\Users\DIYA GOEL\Downloads\EBDESIGN\frontend\src\pages\modules\M61\M61.jsx","PAGE","fetch","DELETE","/api/v1/backend-modules/M061/${id}","True"
"C:\Users\DIYA GOEL\Downloads\EBDESIGN\frontend\src\pages\modules\M61\M61.jsx","PAGE","fetch","GET","/api/v1/backend-modules/M061/","False"
"C:\Users\DIYA GOEL\Downloads\EBDESIGN\frontend\src\pages\modules\M62\M62.jsx","PAGE","fetch","DELETE","/api/v1/backend-modules/M062/${id}","True"
"C:\Users\DIYA GOEL\Downloads\EBDESIGN\frontend\src\pages\modules\M62\M62.jsx","PAGE","fetch","GET","/api/v1/backend-modules/M062/","False"
"C:\Users\DIYA GOEL\Downloads\EBDESIGN\frontend\src\pages\modules\M63\M63.jsx","PAGE","fetch","GET","/api/v1/backend-modules/M63/","False"
"C:\Users\DIYA GOEL\Downloads\EBDESIGN\frontend\src\pages\modules\M64\M64.jsx","PAGE","fetch","GET","/api/v1/backend-modules/M64/","False"
"C:\Users\DIYA GOEL\Downloads\EBDESIGN\frontend\src\pages\modules\M65\M65.jsx","PAGE","fetch","GET","/api/v1/backend-modules/M65/","False"
"C:\Users\DIYA GOEL\Downloads\EBDESIGN\frontend\src\pages\modules\M66\M66.jsx","PAGE","fetch","DELETE","/api/v1/backend-modules/M066/${id}","True"
"C:\Users\DIYA GOEL\Downloads\EBDESIGN\frontend\src\pages\modules\M66\M66.jsx","PAGE","fetch","GET","/api/v1/backend-modules/M066/","False"
"C:\Users\DIYA GOEL\Downloads\EBDESIGN\frontend\src\pages\modules\M67\M67.jsx","PAGE","fetch","DELETE","/api/v1/backend-modules/M067/${id}","True"
"C:\Users\DIYA GOEL\Downloads\EBDESIGN\frontend\src\pages\modules\M67\M67.jsx","PAGE","fetch","GET","/api/v1/backend-modules/M067/","False"
"C:\Users\DIYA GOEL\Downloads\EBDESIGN\frontend\src\pages\modules\M68\M68.jsx","PAGE","fetch","DELETE","/api/v1/backend-modules/M068/${id}","True"
"C:\Users\DIYA GOEL\Downloads\EBDESIGN\frontend\src\pages\modules\M68\M68.jsx","PAGE","fetch","GET","/api/v1/backend-modules/M068/","False"
"C:\Users\DIYA GOEL\Downloads\EBDESIGN\frontend\src\pages\modules\M69\M69.jsx","PAGE","fetch","DELETE","/api/v1/backend-modules/M069/${id}","True"
"C:\Users\DIYA GOEL\Downloads\EBDESIGN\frontend\src\pages\modules\M69\M69.jsx","PAGE","fetch","GET","/api/v1/backend-modules/M069/","False"
"C:\Users\DIYA GOEL\Downloads\EBDESIGN\frontend\src\pages\modules\M70\M70.jsx","PAGE","fetch","DELETE","/api/v1/backend-modules/M070/${id}","True"
"C:\Users\DIYA GOEL\Downloads\EBDESIGN\frontend\src\pages\modules\M70\M70.jsx","PAGE","fetch","GET","/api/v1/backend-modules/M070/","False"
"C:\Users\DIYA GOEL\Downloads\EBDESIGN\frontend\src\pages\modules\M71\M71.jsx","PAGE","fetch","DELETE","/api/v1/backend-modules/M071/${id}","True"
"C:\Users\DIYA GOEL\Downloads\EBDESIGN\frontend\src\pages\modules\M71\M71.jsx","PAGE","fetch","GET","/api/v1/backend-modules/M071/","False"
"C:\Users\DIYA GOEL\Downloads\EBDESIGN\frontend\src\pages\modules\M72\M72.jsx","PAGE","fetch","DELETE","/api/v1/backend-modules/M072/${id}","True"
"C:\Users\DIYA GOEL\Downloads\EBDESIGN\frontend\src\pages\modules\M72\M72.jsx","PAGE","fetch","GET","/api/v1/backend-modules/M072/","False"
"C:\Users\DIYA GOEL\Downloads\EBDESIGN\frontend\src\pages\modules\M73\M73.jsx","PAGE","fetch","DELETE","/api/v1/backend-modules/M073/${id}","True"
"C:\Users\DIYA GOEL\Downloads\EBDESIGN\frontend\src\pages\modules\M73\M73.jsx","PAGE","fetch","GET","/api/v1/backend-modules/M073/","False"
"C:\Users\DIYA GOEL\Downloads\EBDESIGN\frontend\src\pages\modules\M74\M74.jsx","PAGE","fetch","DELETE","/api/v1/backend-modules/M074/${id}","True"
"C:\Users\DIYA GOEL\Downloads\EBDESIGN\frontend\src\pages\modules\M74\M74.jsx","PAGE","fetch","GET","/api/v1/backend-modules/M074/","False"
"C:\Users\DIYA GOEL\Downloads\EBDESIGN\frontend\src\pages\modules\M75\M75.jsx","PAGE","fetch","DELETE","/api/v1/backend-modules/M075/${id}","True"
"C:\Users\DIYA GOEL\Downloads\EBDESIGN\frontend\src\pages\modules\M75\M75.jsx","PAGE","fetch","GET","/api/v1/backend-modules/M075/","False"
"C:\Users\DIYA GOEL\Downloads\EBDESIGN\frontend\src\pages\modules\M76\M76.jsx","PAGE","fetch","DELETE","/api/v1/backend-modules/M076/${id}","True"
"C:\Users\DIYA GOEL\Downloads\EBDESIGN\frontend\src\pages\modules\M76\M76.jsx","PAGE","fetch","GET","/api/v1/backend-modules/M076/","False"
"C:\Users\DIYA GOEL\Downloads\EBDESIGN\frontend\src\pages\modules\M77\M77.jsx","PAGE","fetch","DELETE","/api/v1/backend-modules/M077/${id}","True"
"C:\Users\DIYA GOEL\Downloads\EBDESIGN\frontend\src\pages\modules\M77\M77.jsx","PAGE","fetch","GET","/api/v1/backend-modules/M077/","False"
"C:\Users\DIYA GOEL\Downloads\EBDESIGN\frontend\src\pages\modules\M78\M78.jsx","PAGE","fetch","DELETE","/api/v1/backend-modules/M078/${id}","True"
"C:\Users\DIYA GOEL\Downloads\EBDESIGN\frontend\src\pages\modules\M78\M78.jsx","PAGE","fetch","GET","/api/v1/backend-modules/M078/","False"
"C:\Users\DIYA GOEL\Downloads\EBDESIGN\frontend\src\pages\modules\M79\M79.jsx","PAGE","fetch","DELETE","/api/v1/backend-modules/M079/${id}","True"
"C:\Users\DIYA GOEL\Downloads\EBDESIGN\frontend\src\pages\modules\M79\M79.jsx","PAGE","fetch","GET","/api/v1/backend-modules/M079/","False"
"C:\Users\DIYA GOEL\Downloads\EBDESIGN\frontend\src\pages\modules\M80\M80.jsx","PAGE","fetch","DELETE","/api/v1/backend-modules/M080/${id}","True"
"C:\Users\DIYA GOEL\Downloads\EBDESIGN\frontend\src\pages\modules\M80\M80.jsx","PAGE","fetch","GET","/api/v1/backend-modules/M080/","False"
"C:\Users\DIYA GOEL\Downloads\EBDESIGN\frontend\src\pages\modules\M81\M81.jsx","PAGE","fetch","DELETE","/api/v1/backend-modules/M081/${id}","True"
"C:\Users\DIYA GOEL\Downloads\EBDESIGN\frontend\src\pages\modules\M81\M81.jsx","PAGE","fetch","GET","/api/v1/backend-modules/M081/","False"
"C:\Users\DIYA GOEL\Downloads\EBDESIGN\frontend\src\pages\modules\M82\M82.jsx","PAGE","fetch","DELETE","/api/v1/backend-modules/M082/${id}","True"
"C:\Users\DIYA GOEL\Downloads\EBDESIGN\frontend\src\pages\modules\M82\M82.jsx","PAGE","fetch","GET","/api/v1/backend-modules/M082/","False"
"C:\Users\DIYA GOEL\Downloads\EBDESIGN\frontend\src\pages\modules\M83\M83.jsx","PAGE","fetch","DELETE","/api/v1/backend-modules/M083/${id}","True"
"C:\Users\DIYA GOEL\Downloads\EBDESIGN\frontend\src\pages\modules\M83\M83.jsx","PAGE","fetch","GET","/api/v1/backend-modules/M083/","False"
"C:\Users\DIYA GOEL\Downloads\EBDESIGN\frontend\src\pages\modules\M84\M84.jsx","PAGE","fetch","DELETE","/api/v1/backend-modules/M084/${id}","True"
"C:\Users\DIYA GOEL\Downloads\EBDESIGN\frontend\src\pages\modules\M84\M84.jsx","PAGE","fetch","GET","/api/v1/backend-modules/M084/","False"
"C:\Users\DIYA GOEL\Downloads\EBDESIGN\frontend\src\pages\modules\M85\M85.jsx","PAGE","fetch","DELETE","/api/v1/backend-modules/M085/${id}","True"
"C:\Users\DIYA GOEL\Downloads\EBDESIGN\frontend\src\pages\modules\M85\M85.jsx","PAGE","fetch","GET","/api/v1/backend-modules/M085/","False"
"C:\Users\DIYA GOEL\Downloads\EBDESIGN\frontend\src\pages\modules\M86\M86.jsx","PAGE","fetch","DELETE","/api/v1/backend-modules/M086/${id}","True"
"C:\Users\DIYA GOEL\Downloads\EBDESIGN\frontend\src\pages\modules\M86\M86.jsx","PAGE","fetch","GET","/api/v1/backend-modules/M086/","False"
"C:\Users\DIYA GOEL\Downloads\EBDESIGN\frontend\src\pages\modules\M87\M87.jsx","PAGE","fetch","DELETE","/api/v1/backend-modules/M087/${id}","True"
"C:\Users\DIYA GOEL\Downloads\EBDESIGN\frontend\src\pages\modules\M87\M87.jsx","PAGE","fetch","GET","/api/v1/backend-modules/M087/","False"
"C:\Users\DIYA GOEL\Downloads\EBDESIGN\frontend\src\pages\modules\M88\M88.jsx","PAGE","fetch","DELETE","/api/v1/backend-modules/M088/${id}","True"
"C:\Users\DIYA GOEL\Downloads\EBDESIGN\frontend\src\pages\modules\M88\M88.jsx","PAGE","fetch","GET","/api/v1/backend-modules/M088/","False"
"C:\Users\DIYA GOEL\Downloads\EBDESIGN\frontend\src\pages\modules\M89\M89.jsx","PAGE","fetch","DELETE","/api/v1/backend-modules/M089/${id}","True"
"C:\Users\DIYA GOEL\Downloads\EBDESIGN\frontend\src\pages\modules\M89\M89.jsx","PAGE","fetch","GET","/api/v1/backend-modules/M089/","False"
"C:\Users\DIYA GOEL\Downloads\EBDESIGN\frontend\src\pages\modules\M90\M90.jsx","PAGE","fetch","DELETE","/api/v1/backend-modules/M090/${id}","True"
"C:\Users\DIYA GOEL\Downloads\EBDESIGN\frontend\src\pages\modules\M90\M90.jsx","PAGE","fetch","GET","/api/v1/backend-modules/M090/","False"
"C:\Users\DIYA GOEL\Downloads\EBDESIGN\frontend\src\pages\modules\M91\M91.jsx","PAGE","fetch","DELETE","/api/v1/backend-modules/M091/${id}","True"
"C:\Users\DIYA GOEL\Downloads\EBDESIGN\frontend\src\pages\modules\M91\M91.jsx","PAGE","fetch","GET","/api/v1/backend-modules/M091/","False"
"C:\Users\DIYA GOEL\Downloads\EBDESIGN\frontend\src\pages\modules\M92\M92.jsx","PAGE","fetch","DELETE","/api/v1/backend-modules/M092/${id}","True"
"C:\Users\DIYA GOEL\Downloads\EBDESIGN\frontend\src\pages\modules\M92\M92.jsx","PAGE","fetch","GET","/api/v1/backend-modules/M092/","False"
"C:\Users\DIYA GOEL\Downloads\EBDESIGN\frontend\src\pages\modules\M93\M93.jsx","PAGE","fetch","DELETE","/api/v1/backend-modules/M093/${id}","True"
"C:\Users\DIYA GOEL\Downloads\EBDESIGN\frontend\src\pages\modules\M93\M93.jsx","PAGE","fetch","GET","/api/v1/backend-modules/M093/","False"
"C:\Users\DIYA GOEL\Downloads\EBDESIGN\frontend\src\pages\modules\M94\M94.jsx","PAGE","fetch","DELETE","/api/v1/backend-modules/M094/${id}","True"
"C:\Users\DIYA GOEL\Downloads\EBDESIGN\frontend\src\pages\modules\M94\M94.jsx","PAGE","fetch","GET","/api/v1/backend-modules/M094/","False"
"C:\Users\DIYA GOEL\Downloads\EBDESIGN\frontend\src\pages\modules\M95\M95.jsx","PAGE","fetch","DELETE","/api/v1/backend-modules/M095/${id}","True"
"C:\Users\DIYA GOEL\Downloads\EBDESIGN\frontend\src\pages\modules\M95\M95.jsx","PAGE","fetch","GET","/api/v1/backend-modules/M095/","False"
"C:\Users\DIYA GOEL\Downloads\EBDESIGN\frontend\src\pages\modules\M96\M96.jsx","PAGE","fetch","DELETE","/api/v1/backend-modules/M096/${id}","True"
"C:\Users\DIYA GOEL\Downloads\EBDESIGN\frontend\src\pages\modules\M96\M96.jsx","PAGE","fetch","GET","/api/v1/backend-modules/M096/","False"
"C:\Users\DIYA GOEL\Downloads\EBDESIGN\frontend\src\pages\modules\M97\M97.jsx","PAGE","fetch","DELETE","/api/v1/backend-modules/M097/${id}","True"
"C:\Users\DIYA GOEL\Downloads\EBDESIGN\frontend\src\pages\modules\M97\M97.jsx","PAGE","fetch","GET","/api/v1/backend-modules/M097/","False"
"C:\Users\DIYA GOEL\Downloads\EBDESIGN\frontend\src\pages\modules\M98\M98.jsx","PAGE","fetch","DELETE","/api/v1/backend-modules/M098/${id}","True"
"C:\Users\DIYA GOEL\Downloads\EBDESIGN\frontend\src\pages\modules\M98\M98.jsx","PAGE","fetch","GET","/api/v1/backend-modules/M098/","False"
"C:\Users\DIYA GOEL\Downloads\EBDESIGN\frontend\src\pages\modules\M99\M99.jsx","PAGE","fetch","DELETE","/api/v1/backend-modules/M099/${id}","True"
"C:\Users\DIYA GOEL\Downloads\EBDESIGN\frontend\src\pages\modules\M99\M99.jsx","PAGE","fetch","GET","/api/v1/backend-modules/M099/","False"
"C:\Users\DIYA GOEL\Downloads\EBDESIGN\frontend\src\pages\platform\ModuleWorkspace.jsx","PAGE","fetch","GET","${API_BASE}/modules/${encodeURIComponent(moduleKey)}/workspace","True"
"C:\Users\DIYA GOEL\Downloads\EBDESIGN\frontend\src\pages\PremiumMarketplacePage.jsx","PAGE","fetch","GET","/api/v1/ecommerceRoutes/premium-products","False"
"C:\Users\DIYA GOEL\Downloads\EBDESIGN\frontend\src\services\api.js","API_OR_SERVICE","api","DELETE","/admin/users/${id}","True"
"C:\Users\DIYA GOEL\Downloads\EBDESIGN\frontend\src\services\api.js","API_OR_SERVICE","api","DELETE","/aeroponics/system/${id}","True"
"C:\Users\DIYA GOEL\Downloads\EBDESIGN\frontend\src\services\api.js","API_OR_SERVICE","api","DELETE","/agro-meteorology/records/record/${id}","True"
"C:\Users\DIYA GOEL\Downloads\EBDESIGN\frontend\src\services\api.js","API_OR_SERVICE","api","DELETE","/animal-health/examination/${id}","True"
"C:\Users\DIYA GOEL\Downloads\EBDESIGN\frontend\src\services\api.js","API_OR_SERVICE","api","DELETE","/animal-health/outbreak/${id}","True"
"C:\Users\DIYA GOEL\Downloads\EBDESIGN\frontend\src\services\api.js","API_OR_SERVICE","api","DELETE","/animal-health/quarantine/${id}","True"
"C:\Users\DIYA GOEL\Downloads\EBDESIGN\frontend\src\services\api.js","API_OR_SERVICE","api","DELETE","/animal-health/treatment/${id}","True"
"C:\Users\DIYA GOEL\Downloads\EBDESIGN\frontend\src\services\api.js","API_OR_SERVICE","api","DELETE","/aquaculture-analytics/metric/${id}","True"
"C:\Users\DIYA GOEL\Downloads\EBDESIGN\frontend\src\services\api.js","API_OR_SERVICE","api","DELETE","/audio/${id}","True"
"C:\Users\DIYA GOEL\Downloads\EBDESIGN\frontend\src\services\api.js","API_OR_SERVICE","api","DELETE","/biofertilizer/item/${id}","True"
"C:\Users\DIYA GOEL\Downloads\EBDESIGN\frontend\src\services\api.js","API_OR_SERVICE","api","DELETE","/bioflocc-farm/tank/${id}","True"
"C:\Users\DIYA GOEL\Downloads\EBDESIGN\frontend\src\services\api.js","API_OR_SERVICE","api","DELETE","/bio-pesticide/item/${id}","True"
"C:\Users\DIYA GOEL\Downloads\EBDESIGN\frontend\src\services\api.js","API_OR_SERVICE","api","DELETE","/block/${id}","True"
"C:\Users\DIYA GOEL\Downloads\EBDESIGN\frontend\src\services\api.js","API_OR_SERVICE","api","DELETE","/cart/${id}","True"
"C:\Users\DIYA GOEL\Downloads\EBDESIGN\frontend\src\services\api.js","API_OR_SERVICE","api","DELETE","/cattle-registry/animal/${id}","True"
"C:\Users\DIYA GOEL\Downloads\EBDESIGN\frontend\src\services\api.js","API_OR_SERVICE","api","DELETE","/climate-risk/assessments/assessment/${id}","True"
"C:\Users\DIYA GOEL\Downloads\EBDESIGN\frontend\src\services\api.js","API_OR_SERVICE","api","DELETE","/cold-fish-chain/shipment/${id}","True"
"C:\Users\DIYA GOEL\Downloads\EBDESIGN\frontend\src\services\api.js","API_OR_SERVICE","api","DELETE","/community-asset/${id}","True"
"C:\Users\DIYA GOEL\Downloads\EBDESIGN\frontend\src\services\api.js","API_OR_SERVICE","api","DELETE","/consent-management/record/${id}","True"
"C:\Users\DIYA GOEL\Downloads\EBDESIGN\frontend\src\services\api.js","API_OR_SERVICE","api","DELETE","/contractor-management/contractor/${id}","True"
"C:\Users\DIYA GOEL\Downloads\EBDESIGN\frontend\src\services\api.js","API_OR_SERVICE","api","DELETE","/crop-monitoring/observations/${id}","True"
"C:\Users\DIYA GOEL\Downloads\EBDESIGN\frontend\src\services\api.js","API_OR_SERVICE","api","DELETE","/crop-registrations/${id}","True"
"C:\Users\DIYA GOEL\Downloads\EBDESIGN\frontend\src\services\api.js","API_OR_SERVICE","api","DELETE","/crop-varieties/${id}","True"
"C:\Users\DIYA GOEL\Downloads\EBDESIGN\frontend\src\services\api.js","API_OR_SERVICE","api","DELETE","/dairy/animal/${id}","True"
"C:\Users\DIYA GOEL\Downloads\EBDESIGN\frontend\src\services\api.js","API_OR_SERVICE","api","DELETE","/decision-engine/rules/${id}","True"
"C:\Users\DIYA GOEL\Downloads\EBDESIGN\frontend\src\services\api.js","API_OR_SERVICE","api","DELETE","/digital-identity/identity/${id}","True"
"C:\Users\DIYA GOEL\Downloads\EBDESIGN\frontend\src\services\api.js","API_OR_SERVICE","api","DELETE","/disease-forecasting/forecasts/forecast/${id}","True"
"C:\Users\DIYA GOEL\Downloads\EBDESIGN\frontend\src\services\api.js","API_OR_SERVICE","api","DELETE","/district/${id}","True"
"C:\Users\DIYA GOEL\Downloads\EBDESIGN\frontend\src\services\api.js","API_OR_SERVICE","api","DELETE","/drought-monitoring/records/record/${id}","True"
"C:\Users\DIYA GOEL\Downloads\EBDESIGN\frontend\src\services\api.js","API_OR_SERVICE","api","DELETE","/ecommerce-marketplace/listing/${id}","True"
"C:\Users\DIYA GOEL\Downloads\EBDESIGN\frontend\src\services\api.js","API_OR_SERVICE","api","DELETE","/equipment-scheduling/schedule/${id}","True"
"C:\Users\DIYA GOEL\Downloads\EBDESIGN\frontend\src\services\api.js","API_OR_SERVICE","api","DELETE","/farm-activity/activity/${id}","True"
"C:\Users\DIYA GOEL\Downloads\EBDESIGN\frontend\src\services\api.js","API_OR_SERVICE","api","DELETE","/farm-costing/records/${id}","True"
"C:\Users\DIYA GOEL\Downloads\EBDESIGN\frontend\src\services\api.js","API_OR_SERVICE","api","DELETE","/farmer-health/record/${id}","True"
"C:\Users\DIYA GOEL\Downloads\EBDESIGN\frontend\src\services\api.js","API_OR_SERVICE","api","DELETE","/farmers/${farmerId}/fields/${fieldId}","True"
"C:\Users\DIYA GOEL\Downloads\EBDESIGN\frontend\src\services\api.js","API_OR_SERVICE","api","DELETE","/farm-operations-dashboard/kpi/${id}","True"
"C:\Users\DIYA GOEL\Downloads\EBDESIGN\frontend\src\services\api.js","API_OR_SERVICE","api","DELETE","/farm-productivity/metric/${id}","True"
"C:\Users\DIYA GOEL\Downloads\EBDESIGN\frontend\src\services\api.js","API_OR_SERVICE","api","DELETE","/farm-task/task/${id}","True"
"C:\Users\DIYA GOEL\Downloads\EBDESIGN\frontend\src\services\api.js","API_OR_SERVICE","api","DELETE","/feed-management/record/${id}","True"
"C:\Users\DIYA GOEL\Downloads\EBDESIGN\frontend\src\services\api.js","API_OR_SERVICE","api","DELETE","/fertility-management/record/${id}","True"
"C:\Users\DIYA GOEL\Downloads\EBDESIGN\frontend\src\services\api.js","API_OR_SERVICE","api","DELETE","/fertilizer-inventory/item/${id}","True"
"C:\Users\DIYA GOEL\Downloads\EBDESIGN\frontend\src\services\api.js","API_OR_SERVICE","api","DELETE","/files/${id}","True"
"C:\Users\DIYA GOEL\Downloads\EBDESIGN\frontend\src\services\api.js","API_OR_SERVICE","api","DELETE","/fisheries-harvest/harvest/${id}","True"
"C:\Users\DIYA GOEL\Downloads\EBDESIGN\frontend\src\services\api.js","API_OR_SERVICE","api","DELETE","/fisheries-water-quality/reading/${id}","True"
"C:\Users\DIYA GOEL\Downloads\EBDESIGN\frontend\src\services\api.js","API_OR_SERVICE","api","DELETE","/fish-feed/log/${id}","True"
"C:\Users\DIYA GOEL\Downloads\EBDESIGN\frontend\src\services\api.js","API_OR_SERVICE","api","DELETE","/fish-health/record/${id}","True"
"C:\Users\DIYA GOEL\Downloads\EBDESIGN\frontend\src\services\api.js","API_OR_SERVICE","api","DELETE","/fish-processing/batch/${id}","True"
"C:\Users\DIYA GOEL\Downloads\EBDESIGN\frontend\src\services\api.js","API_OR_SERVICE","api","DELETE","/flood-monitoring/records/record/${id}","True"
"C:\Users\DIYA GOEL\Downloads\EBDESIGN\frontend\src\services\api.js","API_OR_SERVICE","api","DELETE","/floriculture/record/${id}","True"
"C:\Users\DIYA GOEL\Downloads\EBDESIGN\frontend\src\services\api.js","API_OR_SERVICE","api","DELETE","/geo-boundary/boundary/${id}","True"
"C:\Users\DIYA GOEL\Downloads\EBDESIGN\frontend\src\services\api.js","API_OR_SERVICE","api","DELETE","/gis-land-mapping/mapping/${id}","True"
"C:\Users\DIYA GOEL\Downloads\EBDESIGN\frontend\src\services\api.js","API_OR_SERVICE","api","DELETE","/goat/animal/${id}","True"
"C:\Users\DIYA GOEL\Downloads\EBDESIGN\frontend\src\services\api.js","API_OR_SERVICE","api","DELETE","/goat-farming/animal/${id}","True"
"C:\Users\DIYA GOEL\Downloads\EBDESIGN\frontend\src\services\api.js","API_OR_SERVICE","api","DELETE","/hatchery-management/batch/${id}","True"
"C:\Users\DIYA GOEL\Downloads\EBDESIGN\frontend\src\services\api.js","API_OR_SERVICE","api","DELETE","/horticulture-analytics/metric/${id}","True"
"C:\Users\DIYA GOEL\Downloads\EBDESIGN\frontend\src\services\api.js","API_OR_SERVICE","api","DELETE","/hydroponics/system/${id}","True"
"C:\Users\DIYA GOEL\Downloads\EBDESIGN\frontend\src\services\api.js","API_OR_SERVICE","api","DELETE","/images/${id}","True"
"C:\Users\DIYA GOEL\Downloads\EBDESIGN\frontend\src\services\api.js","API_OR_SERVICE","api","DELETE","/information-sharing/document/${id}","True"
"C:\Users\DIYA GOEL\Downloads\EBDESIGN\frontend\src\services\api.js","API_OR_SERVICE","api","DELETE","/input-consumption/record/${id}","True"
"C:\Users\DIYA GOEL\Downloads\EBDESIGN\frontend\src\services\api.js","API_OR_SERVICE","api","DELETE","/input-distribution/record/${id}","True"
"C:\Users\DIYA GOEL\Downloads\EBDESIGN\frontend\src\services\api.js","API_OR_SERVICE","api","DELETE","/input-procurement/order/${id}","True"
"C:\Users\DIYA GOEL\Downloads\EBDESIGN\frontend\src\services\api.js","API_OR_SERVICE","api","DELETE","/input-traceability/record/${id}","True"
"C:\Users\DIYA GOEL\Downloads\EBDESIGN\frontend\src\services\api.js","API_OR_SERVICE","api","DELETE","/irrigation/schedule/${id}","True"
"C:\Users\DIYA GOEL\Downloads\EBDESIGN\frontend\src\services\api.js","API_OR_SERVICE","api","DELETE","/land/parcel/${id}","True"
"C:\Users\DIYA GOEL\Downloads\EBDESIGN\frontend\src\services\api.js","API_OR_SERVICE","api","DELETE","/land-lease/lease/${id}","True"
"C:\Users\DIYA GOEL\Downloads\EBDESIGN\frontend\src\services\api.js","API_OR_SERVICE","api","DELETE","/livestock-analytics/record/${id}","True"
"C:\Users\DIYA GOEL\Downloads\EBDESIGN\frontend\src\services\api.js","API_OR_SERVICE","api","DELETE","/machinery-operations/operation/${id}","True"
"C:\Users\DIYA GOEL\Downloads\EBDESIGN\frontend\src\services\api.js","API_OR_SERVICE","api","DELETE","/mfa-management/device/${id}","True"
"C:\Users\DIYA GOEL\Downloads\EBDESIGN\frontend\src\services\api.js","API_OR_SERVICE","api","DELETE","/micronutrient/item/${id}","True"
"C:\Users\DIYA GOEL\Downloads\EBDESIGN\frontend\src\services\api.js","API_OR_SERVICE","api","DELETE","/modules/${module}/${id}","True"
"C:\Users\DIYA GOEL\Downloads\EBDESIGN\frontend\src\services\api.js","API_OR_SERVICE","api","DELETE","/nursery/nursery/${id}","True"
"C:\Users\DIYA GOEL\Downloads\EBDESIGN\frontend\src\services\api.js","API_OR_SERVICE","api","DELETE","/nutrient-management/plan/${id}","True"
"C:\Users\DIYA GOEL\Downloads\EBDESIGN\frontend\src\services\api.js","API_OR_SERVICE","api","DELETE","/orchard/orchard/${id}","True"
"C:\Users\DIYA GOEL\Downloads\EBDESIGN\frontend\src\services\api.js","API_OR_SERVICE","api","DELETE","/orders/cart/item/${id}","True"
"C:\Users\DIYA GOEL\Downloads\EBDESIGN\frontend\src\services\api.js","API_OR_SERVICE","api","DELETE","/organic-input/item/${id}","True"
"C:\Users\DIYA GOEL\Downloads\EBDESIGN\frontend\src\services\api.js","API_OR_SERVICE","api","DELETE","/organization-management/organization/${id}","True"
"C:\Users\DIYA GOEL\Downloads\EBDESIGN\frontend\src\services\api.js","API_OR_SERVICE","api","DELETE","/permission-management/permission/${id}","True"
"C:\Users\DIYA GOEL\Downloads\EBDESIGN\frontend\src\services\api.js","API_OR_SERVICE","api","DELETE","/pesticide-inventory/item/${id}","True"
"C:\Users\DIYA GOEL\Downloads\EBDESIGN\frontend\src\services\api.js","API_OR_SERVICE","api","DELETE","/pig/animal/${id}","True"
"C:\Users\DIYA GOEL\Downloads\EBDESIGN\frontend\src\services\api.js","API_OR_SERVICE","api","DELETE","/pig-farming/animal/${id}","True"
"C:\Users\DIYA GOEL\Downloads\EBDESIGN\frontend\src\services\api.js","API_OR_SERVICE","api","DELETE","/polyhouse/record/${id}","True"
"C:\Users\DIYA GOEL\Downloads\EBDESIGN\frontend\src\services\api.js","API_OR_SERVICE","api","DELETE","/pond/pond/${id}","True"
"C:\Users\DIYA GOEL\Downloads\EBDESIGN\frontend\src\services\api.js","API_OR_SERVICE","api","DELETE","/poultry/flock/${id}","True"
"C:\Users\DIYA GOEL\Downloads\EBDESIGN\frontend\src\services\api.js","API_OR_SERVICE","api","DELETE","/poultry-management/batch/${id}","True"
"C:\Users\DIYA GOEL\Downloads\EBDESIGN\frontend\src\services\api.js","API_OR_SERVICE","api","DELETE","/precision-horticulture/reading/${id}","True"
"C:\Users\DIYA GOEL\Downloads\EBDESIGN\frontend\src\services\api.js","API_OR_SERVICE","api","DELETE","/preventive-maintenance/record/${id}","True"
"C:\Users\DIYA GOEL\Downloads\EBDESIGN\frontend\src\services\api.js","API_OR_SERVICE","api","DELETE","/producer-group/${id}","True"
"C:\Users\DIYA GOEL\Downloads\EBDESIGN\frontend\src\services\api.js","API_OR_SERVICE","api","DELETE","/protected-cultivation/structure/${id}","True"
"C:\Users\DIYA GOEL\Downloads\EBDESIGN\frontend\src\services\api.js","API_OR_SERVICE","api","DELETE","/rainwater-structures/${id}","True"
"C:\Users\DIYA GOEL\Downloads\EBDESIGN\frontend\src\services\api.js","API_OR_SERVICE","api","DELETE","/research-development/rd-project/${projectId}","True"
"C:\Users\DIYA GOEL\Downloads\EBDESIGN\frontend\src\services\api.js","API_OR_SERVICE","api","DELETE","/role-management/role/${id}","True"
"C:\Users\DIYA GOEL\Downloads\EBDESIGN\frontend\src\services\api.js","API_OR_SERVICE","api","DELETE","/rural-development-project/${id}","True"
"C:\Users\DIYA GOEL\Downloads\EBDESIGN\frontend\src\services\api.js","API_OR_SERVICE","api","DELETE","/sap-module-architecture/module/${id}","True"
"C:\Users\DIYA GOEL\Downloads\EBDESIGN\frontend\src\services\api.js","API_OR_SERVICE","api","DELETE","/seed-planning/plan/${id}","True"
"C:\Users\DIYA GOEL\Downloads\EBDESIGN\frontend\src\services\api.js","API_OR_SERVICE","api","DELETE","/seed-vault/${seedId}","True"
"C:\Users\DIYA GOEL\Downloads\EBDESIGN\frontend\src\services\api.js","API_OR_SERVICE","api","DELETE","/session-management/session/${id}","True"
"C:\Users\DIYA GOEL\Downloads\EBDESIGN\frontend\src\services\api.js","API_OR_SERVICE","api","DELETE","/sessions/${id}","True"
"C:\Users\DIYA GOEL\Downloads\EBDESIGN\frontend\src\services\api.js","API_OR_SERVICE","api","DELETE","/sheep/animal/${id}","True"
"C:\Users\DIYA GOEL\Downloads\EBDESIGN\frontend\src\services\api.js","API_OR_SERVICE","api","DELETE","/sheep-farming/animal/${id}","True"
"C:\Users\DIYA GOEL\Downloads\EBDESIGN\frontend\src\services\api.js","API_OR_SERVICE","api","DELETE","/soil-health/card/${id}","True"
"C:\Users\DIYA GOEL\Downloads\EBDESIGN\frontend\src\services\api.js","API_OR_SERVICE","api","DELETE","/soil-mapping/zone/${id}","True"
"C:\Users\DIYA GOEL\Downloads\EBDESIGN\frontend\src\services\api.js","API_OR_SERVICE","api","DELETE","/sowing/record/${id}","True"
"C:\Users\DIYA GOEL\Downloads\EBDESIGN\frontend\src\services\api.js","API_OR_SERVICE","api","DELETE","/sso/provider/${id}","True"
"C:\Users\DIYA GOEL\Downloads\EBDESIGN\frontend\src\services\api.js","API_OR_SERVICE","api","DELETE","/state/${id}","True"
"C:\Users\DIYA GOEL\Downloads\EBDESIGN\frontend\src\services\api.js","API_OR_SERVICE","api","DELETE","/survey-management/survey/${id}","True"
"C:\Users\DIYA GOEL\Downloads\EBDESIGN\frontend\src\services\api.js","API_OR_SERVICE","api","DELETE","/tenant-management/tenant/${id}","True"
"C:\Users\DIYA GOEL\Downloads\EBDESIGN\frontend\src\services\api.js","API_OR_SERVICE","api","DELETE","/vegetable-production/record/${id}","True"
"C:\Users\DIYA GOEL\Downloads\EBDESIGN\frontend\src\services\api.js","API_OR_SERVICE","api","DELETE","/videos/${id}","True"
"C:\Users\DIYA GOEL\Downloads\EBDESIGN\frontend\src\services\api.js","API_OR_SERVICE","api","DELETE","/water-analytics-records/${id}","True"
"C:\Users\DIYA GOEL\Downloads\EBDESIGN\frontend\src\services\api.js","API_OR_SERVICE","api","DELETE","/water-budget-records/${id}","True"
"C:\Users\DIYA GOEL\Downloads\EBDESIGN\frontend\src\services\api.js","API_OR_SERVICE","api","DELETE","/water-quality-records/${id}","True"
"C:\Users\DIYA GOEL\Downloads\EBDESIGN\frontend\src\services\api.js","API_OR_SERVICE","api","DELETE","/water-resource-mapping/resource/${id}","True"
"C:\Users\DIYA GOEL\Downloads\EBDESIGN\frontend\src\services\api.js","API_OR_SERVICE","api","DELETE","/watershed-records/${id}","True"
"C:\Users\DIYA GOEL\Downloads\EBDESIGN\frontend\src\services\api.js","API_OR_SERVICE","api","GET","/${entity}?page=${page}&size=${size}","True"
"C:\Users\DIYA GOEL\Downloads\EBDESIGN\frontend\src\services\api.js","API_OR_SERVICE","api","GET","/access-logs","False"
"C:\Users\DIYA GOEL\Downloads\EBDESIGN\frontend\src\services\api.js","API_OR_SERVICE","api","GET","/access-logs/${id}","True"
"C:\Users\DIYA GOEL\Downloads\EBDESIGN\frontend\src\services\api.js","API_OR_SERVICE","api","GET","/accountability-resilience-farming","False"
"C:\Users\DIYA GOEL\Downloads\EBDESIGN\frontend\src\services\api.js","API_OR_SERVICE","api","GET","/accreditation-resilience-farming","False"
"C:\Users\DIYA GOEL\Downloads\EBDESIGN\frontend\src\services\api.js","API_OR_SERVICE","api","GET","/activities","False"
"C:\Users\DIYA GOEL\Downloads\EBDESIGN\frontend\src\services\api.js","API_OR_SERVICE","api","GET","/activity-logs","False"
"C:\Users\DIYA GOEL\Downloads\EBDESIGN\frontend\src\services\api.js","API_OR_SERVICE","api","GET","/activity-logs/${id}","True"
"C:\Users\DIYA GOEL\Downloads\EBDESIGN\frontend\src\services\api.js","API_OR_SERVICE","api","GET","/adapters","False"
"C:\Users\DIYA GOEL\Downloads\EBDESIGN\frontend\src\services\api.js","API_OR_SERVICE","api","GET","/adaptive-strategies","False"
"C:\Users\DIYA GOEL\Downloads\EBDESIGN\frontend\src\services\api.js","API_OR_SERVICE","api","GET","/addons","False"
"C:\Users\DIYA GOEL\Downloads\EBDESIGN\frontend\src\services\api.js","API_OR_SERVICE","api","GET","/admin","False"
"C:\Users\DIYA GOEL\Downloads\EBDESIGN\frontend\src\services\api.js","API_OR_SERVICE","api","GET","/admin/recent-audit","False"
"C:\Users\DIYA GOEL\Downloads\EBDESIGN\frontend\src\services\api.js","API_OR_SERVICE","api","GET","/admin/settings","False"
"C:\Users\DIYA GOEL\Downloads\EBDESIGN\frontend\src\services\api.js","API_OR_SERVICE","api","GET","/admin/users","False"
"C:\Users\DIYA GOEL\Downloads\EBDESIGN\frontend\src\services\api.js","API_OR_SERVICE","api","GET","/admin-portal","False"
"C:\Users\DIYA GOEL\Downloads\EBDESIGN\frontend\src\services\api.js","API_OR_SERVICE","api","GET","/advanced-ai","False"
"C:\Users\DIYA GOEL\Downloads\EBDESIGN\frontend\src\services\api.js","API_OR_SERVICE","api","GET","/advanced-features","False"
"C:\Users\DIYA GOEL\Downloads\EBDESIGN\frontend\src\services\api.js","API_OR_SERVICE","api","GET","/advocacy-building","False"
"C:\Users\DIYA GOEL\Downloads\EBDESIGN\frontend\src\services\api.js","API_OR_SERVICE","api","GET","/aeroponics/systems","False"
"C:\Users\DIYA GOEL\Downloads\EBDESIGN\frontend\src\services\api.js","API_OR_SERVICE","api","GET","/affiliates","False"
"C:\Users\DIYA GOEL\Downloads\EBDESIGN\frontend\src\services\api.js","API_OR_SERVICE","api","GET","/affiliates/${id}","True"
"C:\Users\DIYA GOEL\Downloads\EBDESIGN\frontend\src\services\api.js","API_OR_SERVICE","api","GET","/agenda-setting","False"
"C:\Users\DIYA GOEL\Downloads\EBDESIGN\frontend\src\services\api.js","API_OR_SERVICE","api","GET","/aggregators","False"
"C:\Users\DIYA GOEL\Downloads\EBDESIGN\frontend\src\services\api.js","API_OR_SERVICE","api","GET","/agricultural-intelligence","False"
"C:\Users\DIYA GOEL\Downloads\EBDESIGN\frontend\src\services\api.js","API_OR_SERVICE","api","GET","/agricultural-intelligence/analytics","False"
"C:\Users\DIYA GOEL\Downloads\EBDESIGN\frontend\src\services\api.js","API_OR_SERVICE","api","GET","/agricultural-intelligence/health","False"
"C:\Users\DIYA GOEL\Downloads\EBDESIGN\frontend\src\services\api.js","API_OR_SERVICE","api","GET","/agricultural-intelligence/weather","False"
"C:\Users\DIYA GOEL\Downloads\EBDESIGN\frontend\src\services\api.js","API_OR_SERVICE","api","GET","/agroforestry","False"
"C:\Users\DIYA GOEL\Downloads\EBDESIGN\frontend\src\services\api.js","API_OR_SERVICE","api","GET","/agro-meteorology","False"
"C:\Users\DIYA GOEL\Downloads\EBDESIGN\frontend\src\services\api.js","API_OR_SERVICE","api","GET","/agro-meteorology/records","False"
"C:\Users\DIYA GOEL\Downloads\EBDESIGN\frontend\src\services\api.js","API_OR_SERVICE","api","GET","/ai/agents","False"
"C:\Users\DIYA GOEL\Downloads\EBDESIGN\frontend\src\services\api.js","API_OR_SERVICE","api","GET","/ai/backbone/status","False"
"C:\Users\DIYA GOEL\Downloads\EBDESIGN\frontend\src\services\api.js","API_OR_SERVICE","api","GET","/ai/brain/state","False"
"C:\Users\DIYA GOEL\Downloads\EBDESIGN\frontend\src\services\api.js","API_OR_SERVICE","api","GET","/ai/cluster/status","False"
"C:\Users\DIYA GOEL\Downloads\EBDESIGN\frontend\src\services\api.js","API_OR_SERVICE","api","GET","/ai/collaboration/sessions","False"
"C:\Users\DIYA GOEL\Downloads\EBDESIGN\frontend\src\services\api.js","API_OR_SERVICE","api","GET","/ai/conversational/history","False"
"C:\Users\DIYA GOEL\Downloads\EBDESIGN\frontend\src\services\api.js","API_OR_SERVICE","api","GET","/ai/coordinator/status","False"
"C:\Users\DIYA GOEL\Downloads\EBDESIGN\frontend\src\services\api.js","API_OR_SERVICE","api","GET","/ai/copilot/analytics","False"
"C:\Users\DIYA GOEL\Downloads\EBDESIGN\frontend\src\services\api.js","API_OR_SERVICE","api","GET","/ai/copilot/session/${sessionId}/history","True"
"C:\Users\DIYA GOEL\Downloads\EBDESIGN\frontend\src\services\api.js","API_OR_SERVICE","api","GET","/ai/copilot/sessions","False"
"C:\Users\DIYA GOEL\Downloads\EBDESIGN\frontend\src\services\api.js","API_OR_SERVICE","api","GET","/ai/decisions","False"
"C:\Users\DIYA GOEL\Downloads\EBDESIGN\frontend\src\services\api.js","API_OR_SERVICE","api","GET","/ai/fabric/status","False"
"C:\Users\DIYA GOEL\Downloads\EBDESIGN\frontend\src\services\api.js","API_OR_SERVICE","api","GET","/ai/gateway/config","False"
"C:\Users\DIYA GOEL\Downloads\EBDESIGN\frontend\src\services\api.js","API_OR_SERVICE","api","GET","/ai/library-workspace/files/${encodeURIComponent(libraryId)}","True"
"C:\Users\DIYA GOEL\Downloads\EBDESIGN\frontend\src\services\api.js","API_OR_SERVICE","api","GET","/ai/library-workspace/files/${encodeURIComponent(libraryId)}/content","True"
"C:\Users\DIYA GOEL\Downloads\EBDESIGN\frontend\src\services\api.js","API_OR_SERVICE","api","GET","/ai/library-workspace/files/search","False"
"C:\Users\DIYA GOEL\Downloads\EBDESIGN\frontend\src\services\api.js","API_OR_SERVICE","api","GET","/ai/library-workspace/status","False"
"C:\Users\DIYA GOEL\Downloads\EBDESIGN\frontend\src\services\api.js","API_OR_SERVICE","api","GET","/ai/operation-intelligence","False"
"C:\Users\DIYA GOEL\Downloads\EBDESIGN\frontend\src\services\api.js","API_OR_SERVICE","api","GET","/ai/optimizations","False"
"C:\Users\DIYA GOEL\Downloads\EBDESIGN\frontend\src\services\api.js","API_OR_SERVICE","api","GET","/ai/product-media-ai/status","False"
"C:\Users\DIYA GOEL\Downloads\EBDESIGN\frontend\src\services\api.js","API_OR_SERVICE","api","GET","/ai/providers","False"
"C:\Users\DIYA GOEL\Downloads\EBDESIGN\frontend\src\services\api.js","API_OR_SERVICE","api","GET","/ai/recovery/status","False"
"C:\Users\DIYA GOEL\Downloads\EBDESIGN\frontend\src\services\api.js","API_OR_SERVICE","api","GET","/ai/self-healing/status","False"
"C:\Users\DIYA GOEL\Downloads\EBDESIGN\frontend\src\services\api.js","API_OR_SERVICE","api","GET","/ai/strategies","False"
"C:\Users\DIYA GOEL\Downloads\EBDESIGN\frontend\src\services\api.js","API_OR_SERVICE","api","GET","/ai-advisory/statistics","False"
"C:\Users\DIYA GOEL\Downloads\EBDESIGN\frontend\src\services\api.js","API_OR_SERVICE","api","GET","/ai-agent/agent/${agentName}","True"
"C:\Users\DIYA GOEL\Downloads\EBDESIGN\frontend\src\services\api.js","API_OR_SERVICE","api","GET","/ai-agent/agents","False"
"C:\Users\DIYA GOEL\Downloads\EBDESIGN\frontend\src\services\api.js","API_OR_SERVICE","api","GET","/ai-agent/health","False"
"C:\Users\DIYA GOEL\Downloads\EBDESIGN\frontend\src\services\api.js","API_OR_SERVICE","api","GET","/ai-agent/tools","False"
"C:\Users\DIYA GOEL\Downloads\EBDESIGN\frontend\src\services\api.js","API_OR_SERVICE","api","GET","/ai-backbone/provider-status","False"
"C:\Users\DIYA GOEL\Downloads\EBDESIGN\frontend\src\services\api.js","API_OR_SERVICE","api","GET","/ai-brain/cognitive-state","False"
"C:\Users\DIYA GOEL\Downloads\EBDESIGN\frontend\src\services\api.js","API_OR_SERVICE","api","GET","/ai-brain/knowledge-graph","False"
"C:\Users\DIYA GOEL\Downloads\EBDESIGN\frontend\src\services\api.js","API_OR_SERVICE","api","GET","/ai-brain/memory-state","False"
"C:\Users\DIYA GOEL\Downloads\EBDESIGN\frontend\src\services\api.js","API_OR_SERVICE","api","GET","/ai-farming","False"
"C:\Users\DIYA GOEL\Downloads\EBDESIGN\frontend\src\services\api.js","API_OR_SERVICE","api","GET","/ai-gateway/health","False"
"C:\Users\DIYA GOEL\Downloads\EBDESIGN\frontend\src\services\api.js","API_OR_SERVICE","api","GET","/ai-gateway/models/${encodeURIComponent(provider)}","True"
"C:\Users\DIYA GOEL\Downloads\EBDESIGN\frontend\src\services\api.js","API_OR_SERVICE","api","GET","/ai-gateway/providers","False"
"C:\Users\DIYA GOEL\Downloads\EBDESIGN\frontend\src\services\api.js","API_OR_SERVICE","api","GET","/ai-gateway/statistics","False"
"C:\Users\DIYA GOEL\Downloads\EBDESIGN\frontend\src\services\api.js","API_OR_SERVICE","api","GET","/ai-models","False"
"C:\Users\DIYA GOEL\Downloads\EBDESIGN\frontend\src\services\api.js","API_OR_SERVICE","api","GET","/ai-operation-intelligence/continuous-improvement","False"
"C:\Users\DIYA GOEL\Downloads\EBDESIGN\frontend\src\services\api.js","API_OR_SERVICE","api","GET","/ai-operation-intelligence/detect-anomalies","False"
"C:\Users\DIYA GOEL\Downloads\EBDESIGN\frontend\src\services\api.js","API_OR_SERVICE","api","GET","/ai-operation-intelligence/health","False"
"C:\Users\DIYA GOEL\Downloads\EBDESIGN\frontend\src\services\api.js","API_OR_SERVICE","api","GET","/ai-operation-intelligence/metrics","False"
"C:\Users\DIYA GOEL\Downloads\EBDESIGN\frontend\src\services\api.js","API_OR_SERVICE","api","GET","/ai-operation-intelligence/operation-history","False"
"C:\Users\DIYA GOEL\Downloads\EBDESIGN\frontend\src\services\api.js","API_OR_SERVICE","api","GET","/ai-operation-intelligence/predict-optimization","False"
"C:\Users\DIYA GOEL\Downloads\EBDESIGN\frontend\src\services\api.js","API_OR_SERVICE","api","GET","/ai-operation-intelligence/resource-allocation","False"
"C:\Users\DIYA GOEL\Downloads\EBDESIGN\frontend\src\services\api.js","API_OR_SERVICE","api","GET","/ai-operation-intelligence/strategies","False"
"C:\Users\DIYA GOEL\Downloads\EBDESIGN\frontend\src\services\api.js","API_OR_SERVICE","api","GET","/ai-self-healing/healing-history","False"
"C:\Users\DIYA GOEL\Downloads\EBDESIGN\frontend\src\services\api.js","API_OR_SERVICE","api","GET","/ai-self-healing/health","False"
"C:\Users\DIYA GOEL\Downloads\EBDESIGN\frontend\src\services\api.js","API_OR_SERVICE","api","GET","/ai-self-healing/health-metrics","False"
"C:\Users\DIYA GOEL\Downloads\EBDESIGN\frontend\src\services\api.js","API_OR_SERVICE","api","GET","/ai-self-healing/predict-failures","False"
"C:\Users\DIYA GOEL\Downloads\EBDESIGN\frontend\src\services\api.js","API_OR_SERVICE","api","GET","/ai-self-healing/system-state","False"
"C:\Users\DIYA GOEL\Downloads\EBDESIGN\frontend\src\services\api.js","API_OR_SERVICE","api","GET","/alert-manager","False"
"C:\Users\DIYA GOEL\Downloads\EBDESIGN\frontend\src\services\api.js","API_OR_SERVICE","api","GET","/alerts","False"
"C:\Users\DIYA GOEL\Downloads\EBDESIGN\frontend\src\services\api.js","API_OR_SERVICE","api","GET","/alliance-building","False"
"C:\Users\DIYA GOEL\Downloads\EBDESIGN\frontend\src\services\api.js","API_OR_SERVICE","api","GET","/alliances","False"
"C:\Users\DIYA GOEL\Downloads\EBDESIGN\frontend\src\services\api.js","API_OR_SERVICE","api","GET","/alliances/${id}","True"
"C:\Users\DIYA GOEL\Downloads\EBDESIGN\frontend\src\services\api.js","API_OR_SERVICE","api","GET","/ambassadors","False"
"C:\Users\DIYA GOEL\Downloads\EBDESIGN\frontend\src\services\api.js","API_OR_SERVICE","api","GET","/analytics/reports","False"
"C:\Users\DIYA GOEL\Downloads\EBDESIGN\frontend\src\services\api.js","API_OR_SERVICE","api","GET","/analytics/stats","False"
"C:\Users\DIYA GOEL\Downloads\EBDESIGN\frontend\src\services\api.js","API_OR_SERVICE","api","GET","/animal-health","False"
"C:\Users\DIYA GOEL\Downloads\EBDESIGN\frontend\src\services\api.js","API_OR_SERVICE","api","GET","/animal-health/examinations","False"
"C:\Users\DIYA GOEL\Downloads\EBDESIGN\frontend\src\services\api.js","API_OR_SERVICE","api","GET","/animal-health/outbreaks","False"
"C:\Users\DIYA GOEL\Downloads\EBDESIGN\frontend\src\services\api.js","API_OR_SERVICE","api","GET","/animal-health/outbreaks/active","False"
"C:\Users\DIYA GOEL\Downloads\EBDESIGN\frontend\src\services\api.js","API_OR_SERVICE","api","GET","/animal-health/overview","False"
"C:\Users\DIYA GOEL\Downloads\EBDESIGN\frontend\src\services\api.js","API_OR_SERVICE","api","GET","/animal-health/quarantines","False"
"C:\Users\DIYA GOEL\Downloads\EBDESIGN\frontend\src\services\api.js","API_OR_SERVICE","api","GET","/animal-health/quarantines/active","False"
"C:\Users\DIYA GOEL\Downloads\EBDESIGN\frontend\src\services\api.js","API_OR_SERVICE","api","GET","/animal-health/treatments","False"
"C:\Users\DIYA GOEL\Downloads\EBDESIGN\frontend\src\services\api.js","API_OR_SERVICE","api","GET","/anomalies","False"
"C:\Users\DIYA GOEL\Downloads\EBDESIGN\frontend\src\services\api.js","API_OR_SERVICE","api","GET","/anomaly-detection-farming","False"
"C:\Users\DIYA GOEL\Downloads\EBDESIGN\frontend\src\services\api.js","API_OR_SERVICE","api","GET","/api-config","False"
"C:\Users\DIYA GOEL\Downloads\EBDESIGN\frontend\src\services\api.js","API_OR_SERVICE","api","GET","/approvals","False"
"C:\Users\DIYA GOEL\Downloads\EBDESIGN\frontend\src\services\api.js","API_OR_SERVICE","api","GET","/aquaculture-analytics/metrics","False"
"C:\Users\DIYA GOEL\Downloads\EBDESIGN\frontend\src\services\api.js","API_OR_SERVICE","api","GET","/aquatic-farming","False"
"C:\Users\DIYA GOEL\Downloads\EBDESIGN\frontend\src\services\api.js","API_OR_SERVICE","api","GET","/archives","False"
"C:\Users\DIYA GOEL\Downloads\EBDESIGN\frontend\src\services\api.js","API_OR_SERVICE","api","GET","/areas","False"
"C:\Users\DIYA GOEL\Downloads\EBDESIGN\frontend\src\services\api.js","API_OR_SERVICE","api","GET","/areas/${id}","True"
"C:\Users\DIYA GOEL\Downloads\EBDESIGN\frontend\src\services\api.js","API_OR_SERVICE","api","GET","/asset-accounting","False"
"C:\Users\DIYA GOEL\Downloads\EBDESIGN\frontend\src\services\api.js","API_OR_SERVICE","api","GET","/asset-accounting/asset/${assetId}","True"
"C:\Users\DIYA GOEL\Downloads\EBDESIGN\frontend\src\services\api.js","API_OR_SERVICE","api","GET","/asset-accounting/asset/${assetId}/depreciation-schedule","True"
"C:\Users\DIYA GOEL\Downloads\EBDESIGN\frontend\src\services\api.js","API_OR_SERVICE","api","GET","/asset-accounting/assets/${companyId}","True"
"C:\Users\DIYA GOEL\Downloads\EBDESIGN\frontend\src\services\api.js","API_OR_SERVICE","api","GET","/asset-accounting/company/${companyId}/register-summary","True"
"C:\Users\DIYA GOEL\Downloads\EBDESIGN\frontend\src\services\api.js","API_OR_SERVICE","api","GET","/asset-lifecycle/assets","False"
"C:\Users\DIYA GOEL\Downloads\EBDESIGN\frontend\src\services\api.js","API_OR_SERVICE","api","GET","/associations","False"
"C:\Users\DIYA GOEL\Downloads\EBDESIGN\frontend\src\services\api.js","API_OR_SERVICE","api","GET","/associations/${id}","True"
"C:\Users\DIYA GOEL\Downloads\EBDESIGN\frontend\src\services\api.js","API_OR_SERVICE","api","GET","/attestations","False"
"C:\Users\DIYA GOEL\Downloads\EBDESIGN\frontend\src\services\api.js","API_OR_SERVICE","api","GET","/auctions","False"
"C:\Users\DIYA GOEL\Downloads\EBDESIGN\frontend\src\services\api.js","API_OR_SERVICE","api","GET","/auctions/${id}","True"
"C:\Users\DIYA GOEL\Downloads\EBDESIGN\frontend\src\services\api.js","API_OR_SERVICE","api","GET","/audio/${id}","True"
"C:\Users\DIYA GOEL\Downloads\EBDESIGN\frontend\src\services\api.js","API_OR_SERVICE","api","GET","/audit/logs","False"
"C:\Users\DIYA GOEL\Downloads\EBDESIGN\frontend\src\services\api.js","API_OR_SERVICE","api","GET","/audit-checks","False"
"C:\Users\DIYA GOEL\Downloads\EBDESIGN\frontend\src\services\api.js","API_OR_SERVICE","api","GET","/audit-compliance","False"
"C:\Users\DIYA GOEL\Downloads\EBDESIGN\frontend\src\services\api.js","API_OR_SERVICE","api","GET","/audit-logs","False"
"C:\Users\DIYA GOEL\Downloads\EBDESIGN\frontend\src\services\api.js","API_OR_SERVICE","api","GET","/audit-resilience-farming","False"
"C:\Users\DIYA GOEL\Downloads\EBDESIGN\frontend\src\services\api.js","API_OR_SERVICE","api","GET","/audit-trail","False"
"C:\Users\DIYA GOEL\Downloads\EBDESIGN\frontend\src\services\api.js","API_OR_SERVICE","api","GET","/authorization","False"
"C:\Users\DIYA GOEL\Downloads\EBDESIGN\frontend\src\services\api.js","API_OR_SERVICE","api","GET","/authorization/roles","False"
"C:\Users\DIYA GOEL\Downloads\EBDESIGN\frontend\src\services\api.js","API_OR_SERVICE","api","GET","/authorization/users","False"
"C:\Users\DIYA GOEL\Downloads\EBDESIGN\frontend\src\services\api.js","API_OR_SERVICE","api","GET","/automation-farming","False"
"C:\Users\DIYA GOEL\Downloads\EBDESIGN\frontend\src\services\api.js","API_OR_SERVICE","api","GET","/automations","False"
"C:\Users\DIYA GOEL\Downloads\EBDESIGN\frontend\src\services\api.js","API_OR_SERVICE","api","GET","/autonomous-farming","False"
"C:\Users\DIYA GOEL\Downloads\EBDESIGN\frontend\src\services\api.js","API_OR_SERVICE","api","GET","/backup-restore","False"
"C:\Users\DIYA GOEL\Downloads\EBDESIGN\frontend\src\services\api.js","API_OR_SERVICE","api","GET","/backups","False"
"C:\Users\DIYA GOEL\Downloads\EBDESIGN\frontend\src\services\api.js","API_OR_SERVICE","api","GET","/banker","False"
"C:\Users\DIYA GOEL\Downloads\EBDESIGN\frontend\src\services\api.js","API_OR_SERVICE","api","GET","/beekeeping","False"
"C:\Users\DIYA GOEL\Downloads\EBDESIGN\frontend\src\services\api.js","API_OR_SERVICE","api","GET","/benchmarking/results/${id}","True"
"C:\Users\DIYA GOEL\Downloads\EBDESIGN\frontend\src\services\api.js","API_OR_SERVICE","api","GET","/benefit-realizations","False"
"C:\Users\DIYA GOEL\Downloads\EBDESIGN\frontend\src\services\api.js","API_OR_SERVICE","api","GET","/best-practice-transfer","False"
"C:\Users\DIYA GOEL\Downloads\EBDESIGN\frontend\src\services\api.js","API_OR_SERVICE","api","GET","/best-sellers","False"
"C:\Users\DIYA GOEL\Downloads\EBDESIGN\frontend\src\services\api.js","API_OR_SERVICE","api","GET","/best-sellers/${id}","True"
"C:\Users\DIYA GOEL\Downloads\EBDESIGN\frontend\src\services\api.js","API_OR_SERVICE","api","GET","/bilateral-cooperations","False"
"C:\Users\DIYA GOEL\Downloads\EBDESIGN\frontend\src\services\api.js","API_OR_SERVICE","api","GET","/biodiversity-farming","False"
"C:\Users\DIYA GOEL\Downloads\EBDESIGN\frontend\src\services\api.js","API_OR_SERVICE","api","GET","/biofertilizer/items","False"
"C:\Users\DIYA GOEL\Downloads\EBDESIGN\frontend\src\services\api.js","API_OR_SERVICE","api","GET","/bioflocc-farm/tanks","False"
"C:\Users\DIYA GOEL\Downloads\EBDESIGN\frontend\src\services\api.js","API_OR_SERVICE","api","GET","/biological-control","False"
"C:\Users\DIYA GOEL\Downloads\EBDESIGN\frontend\src\services\api.js","API_OR_SERVICE","api","GET","/bio-pesticide/items","False"
"C:\Users\DIYA GOEL\Downloads\EBDESIGN\frontend\src\services\api.js","API_OR_SERVICE","api","GET","/blockchain-data","False"
"C:\Users\DIYA GOEL\Downloads\EBDESIGN\frontend\src\services\api.js","API_OR_SERVICE","api","GET","/blockchain-farming","False"
"C:\Users\DIYA GOEL\Downloads\EBDESIGN\frontend\src\services\api.js","API_OR_SERVICE","api","GET","/blockchain-traceability/traceability-events","False"
"C:\Users\DIYA GOEL\Downloads\EBDESIGN\frontend\src\services\api.js","API_OR_SERVICE","api","GET","/blockchain-traceability/verify-chain-of-custody","False"
"C:\Users\DIYA GOEL\Downloads\EBDESIGN\frontend\src\services\api.js","API_OR_SERVICE","api","GET","/blockchain-verification","False"
"C:\Users\DIYA GOEL\Downloads\EBDESIGN\frontend\src\services\api.js","API_OR_SERVICE","api","GET","/blockchain-verification/product/${productId}/verify","True"
"C:\Users\DIYA GOEL\Downloads\EBDESIGN\frontend\src\services\api.js","API_OR_SERVICE","api","GET","/blockchain-verification/stats","False"
"C:\Users\DIYA GOEL\Downloads\EBDESIGN\frontend\src\services\api.js","API_OR_SERVICE","api","GET","/blocks","False"
"C:\Users\DIYA GOEL\Downloads\EBDESIGN\frontend\src\services\api.js","API_OR_SERVICE","api","GET","/blocks/${id}","True"
"C:\Users\DIYA GOEL\Downloads\EBDESIGN\frontend\src\services\api.js","API_OR_SERVICE","api","GET","/boundaries","False"
"C:\Users\DIYA GOEL\Downloads\EBDESIGN\frontend\src\services\api.js","API_OR_SERVICE","api","GET","/boundaries/${id}","True"
"C:\Users\DIYA GOEL\Downloads\EBDESIGN\frontend\src\services\api.js","API_OR_SERVICE","api","GET","/brands","False"
"C:\Users\DIYA GOEL\Downloads\EBDESIGN\frontend\src\services\api.js","API_OR_SERVICE","api","GET","/brands/${id}","True"
"C:\Users\DIYA GOEL\Downloads\EBDESIGN\frontend\src\services\api.js","API_OR_SERVICE","api","GET","/breaches","False"
"C:\Users\DIYA GOEL\Downloads\EBDESIGN\frontend\src\services\api.js","API_OR_SERVICE","api","GET","/breakdown-maintenance/records","False"
"C:\Users\DIYA GOEL\Downloads\EBDESIGN\frontend\src\services\api.js","API_OR_SERVICE","api","GET","/budgets","False"
"C:\Users\DIYA GOEL\Downloads\EBDESIGN\frontend\src\services\api.js","API_OR_SERVICE","api","GET","/bulk-order/${orderId}","True"
"C:\Users\DIYA GOEL\Downloads\EBDESIGN\frontend\src\services\api.js","API_OR_SERVICE","api","GET","/bulk-order/${orderId}/quotations","True"
"C:\Users\DIYA GOEL\Downloads\EBDESIGN\frontend\src\services\api.js","API_OR_SERVICE","api","GET","/bulk-orders","False"
"C:\Users\DIYA GOEL\Downloads\EBDESIGN\frontend\src\services\api.js","API_OR_SERVICE","api","GET","/business-councils","False"
"C:\Users\DIYA GOEL\Downloads\EBDESIGN\frontend\src\services\api.js","API_OR_SERVICE","api","GET","/business-councils/${id}","True"
"C:\Users\DIYA GOEL\Downloads\EBDESIGN\frontend\src\services\api.js","API_OR_SERVICE","api","GET","/buyer-portal","False"
"C:\Users\DIYA GOEL\Downloads\EBDESIGN\frontend\src\services\api.js","API_OR_SERVICE","api","GET","/buyer-trust","False"
"C:\Users\DIYA GOEL\Downloads\EBDESIGN\frontend\src\services\api.js","API_OR_SERVICE","api","GET","/buying-club/statistics","False"
"C:\Users\DIYA GOEL\Downloads\EBDESIGN\frontend\src\services\api.js","API_OR_SERVICE","api","GET","/ca","False"
"C:\Users\DIYA GOEL\Downloads\EBDESIGN\frontend\src\services\api.js","API_OR_SERVICE","api","GET","/cache/stats","False"
"C:\Users\DIYA GOEL\Downloads\EBDESIGN\frontend\src\services\api.js","API_OR_SERVICE","api","GET","/campaign-building","False"
"C:\Users\DIYA GOEL\Downloads\EBDESIGN\frontend\src\services\api.js","API_OR_SERVICE","api","GET","/capacity-building","False"
"C:\Users\DIYA GOEL\Downloads\EBDESIGN\frontend\src\services\api.js","API_OR_SERVICE","api","GET","/capacity-sharing","False"
"C:\Users\DIYA GOEL\Downloads\EBDESIGN\frontend\src\services\api.js","API_OR_SERVICE","api","GET","/caps","False"
"C:\Users\DIYA GOEL\Downloads\EBDESIGN\frontend\src\services\api.js","API_OR_SERVICE","api","GET","/carbon-footprint-farming","False"
"C:\Users\DIYA GOEL\Downloads\EBDESIGN\frontend\src\services\api.js","API_OR_SERVICE","api","GET","/cart","False"
"C:\Users\DIYA GOEL\Downloads\EBDESIGN\frontend\src\services\api.js","API_OR_SERVICE","api","GET","/case-studies","False"
"C:\Users\DIYA GOEL\Downloads\EBDESIGN\frontend\src\services\api.js","API_OR_SERVICE","api","GET","/cassandra-data","False"
"C:\Users\DIYA GOEL\Downloads\EBDESIGN\frontend\src\services\api.js","API_OR_SERVICE","api","GET","/categories","False"
"C:\Users\DIYA GOEL\Downloads\EBDESIGN\frontend\src\services\api.js","API_OR_SERVICE","api","GET","/categories/${id}","True"
"C:\Users\DIYA GOEL\Downloads\EBDESIGN\frontend\src\services\api.js","API_OR_SERVICE","api","GET","/cattle-registry/animals","False"
"C:\Users\DIYA GOEL\Downloads\EBDESIGN\frontend\src\services\api.js","API_OR_SERVICE","api","GET","/cdn-data","False"
"C:\Users\DIYA GOEL\Downloads\EBDESIGN\frontend\src\services\api.js","API_OR_SERVICE","api","GET","/certification-management","False"
"C:\Users\DIYA GOEL\Downloads\EBDESIGN\frontend\src\services\api.js","API_OR_SERVICE","api","GET","/certification-resilience-farming","False"
"C:\Users\DIYA GOEL\Downloads\EBDESIGN\frontend\src\services\api.js","API_OR_SERVICE","api","GET","/certifications","False"
"C:\Users\DIYA GOEL\Downloads\EBDESIGN\frontend\src\services\api.js","API_OR_SERVICE","api","GET","/chambers-of-commerce","False"
"C:\Users\DIYA GOEL\Downloads\EBDESIGN\frontend\src\services\api.js","API_OR_SERVICE","api","GET","/chambers-of-commerce/${id}","True"
"C:\Users\DIYA GOEL\Downloads\EBDESIGN\frontend\src\services\api.js","API_OR_SERVICE","api","GET","/change-logs","False"
"C:\Users\DIYA GOEL\Downloads\EBDESIGN\frontend\src\services\api.js","API_OR_SERVICE","api","GET","/change-logs/${id}","True"
"C:\Users\DIYA GOEL\Downloads\EBDESIGN\frontend\src\services\api.js","API_OR_SERVICE","api","GET","/chaos/experiments","False"
"C:\Users\DIYA GOEL\Downloads\EBDESIGN\frontend\src\services\api.js","API_OR_SERVICE","api","GET","/charts/config/${type}","True"
"C:\Users\DIYA GOEL\Downloads\EBDESIGN\frontend\src\services\api.js","API_OR_SERVICE","api","GET","/checkout","False"
"C:\Users\DIYA GOEL\Downloads\EBDESIGN\frontend\src\services\api.js","API_OR_SERVICE","api","GET","/circuit-breakers","False"
"C:\Users\DIYA GOEL\Downloads\EBDESIGN\frontend\src\services\api.js","API_OR_SERVICE","api","GET","/circular-economy-farming","False"
"C:\Users\DIYA GOEL\Downloads\EBDESIGN\frontend\src\services\api.js","API_OR_SERVICE","api","GET","/citizen-engagements","False"
"C:\Users\DIYA GOEL\Downloads\EBDESIGN\frontend\src\services\api.js","API_OR_SERVICE","api","GET","/civic-engagements","False"
"C:\Users\DIYA GOEL\Downloads\EBDESIGN\frontend\src\services\api.js","API_OR_SERVICE","api","GET","/civil-disruption","False"
"C:\Users\DIYA GOEL\Downloads\EBDESIGN\frontend\src\services\api.js","API_OR_SERVICE","api","GET","/civil-disruption/active","False"
"C:\Users\DIYA GOEL\Downloads\EBDESIGN\frontend\src\services\api.js","API_OR_SERVICE","api","GET","/civil-disruption/shipment/${shipmentId}/risk","True"
"C:\Users\DIYA GOEL\Downloads\EBDESIGN\frontend\src\services\api.js","API_OR_SERVICE","api","GET","/clan-warfare","False"
"C:\Users\DIYA GOEL\Downloads\EBDESIGN\frontend\src\services\api.js","API_OR_SERVICE","api","GET","/cleanup-tasks","False"
"C:\Users\DIYA GOEL\Downloads\EBDESIGN\frontend\src\services\api.js","API_OR_SERVICE","api","GET","/climate","False"
"C:\Users\DIYA GOEL\Downloads\EBDESIGN\frontend\src\services\api.js","API_OR_SERVICE","api","GET","/climate/forecasts","False"
"C:\Users\DIYA GOEL\Downloads\EBDESIGN\frontend\src\services\api.js","API_OR_SERVICE","api","GET","/climate-advisory","False"
"C:\Users\DIYA GOEL\Downloads\EBDESIGN\frontend\src\services\api.js","API_OR_SERVICE","api","GET","/climate-advisory/advisories","False"
"C:\Users\DIYA GOEL\Downloads\EBDESIGN\frontend\src\services\api.js","API_OR_SERVICE","api","GET","/climate-monitoring/alerts","False"
"C:\Users\DIYA GOEL\Downloads\EBDESIGN\frontend\src\services\api.js","API_OR_SERVICE","api","GET","/climate-monitoring/drought","False"
"C:\Users\DIYA GOEL\Downloads\EBDESIGN\frontend\src\services\api.js","API_OR_SERVICE","api","GET","/climate-monitoring/flood","False"
"C:\Users\DIYA GOEL\Downloads\EBDESIGN\frontend\src\services\api.js","API_OR_SERVICE","api","GET","/climate-monitoring/status","False"
"C:\Users\DIYA GOEL\Downloads\EBDESIGN\frontend\src\services\api.js","API_OR_SERVICE","api","GET","/climate-resilience-farming","False"
"C:\Users\DIYA GOEL\Downloads\EBDESIGN\frontend\src\services\api.js","API_OR_SERVICE","api","GET","/climate-risk","False"
"C:\Users\DIYA GOEL\Downloads\EBDESIGN\frontend\src\services\api.js","API_OR_SERVICE","api","GET","/climate-risk/assessments","False"
"C:\Users\DIYA GOEL\Downloads\EBDESIGN\frontend\src\services\api.js","API_OR_SERVICE","api","GET","/climate-smart-agriculture","False"
"C:\Users\DIYA GOEL\Downloads\EBDESIGN\frontend\src\services\api.js","API_OR_SERVICE","api","GET","/clusters","False"
"C:\Users\DIYA GOEL\Downloads\EBDESIGN\frontend\src\services\api.js","API_OR_SERVICE","api","GET","/clusters/${id}","True"
"C:\Users\DIYA GOEL\Downloads\EBDESIGN\frontend\src\services\api.js","API_OR_SERVICE","api","GET","/clusters/${id}/status","True"
"C:\Users\DIYA GOEL\Downloads\EBDESIGN\frontend\src\services\api.js","API_OR_SERVICE","api","GET","/coalition-building","False"
"C:\Users\DIYA GOEL\Downloads\EBDESIGN\frontend\src\services\api.js","API_OR_SERVICE","api","GET","/coalitions","False"
"C:\Users\DIYA GOEL\Downloads\EBDESIGN\frontend\src\services\api.js","API_OR_SERVICE","api","GET","/coalitions/${id}","True"
"C:\Users\DIYA GOEL\Downloads\EBDESIGN\frontend\src\services\api.js","API_OR_SERVICE","api","GET","/cognitive-warfare","False"
"C:\Users\DIYA GOEL\Downloads\EBDESIGN\frontend\src\services\api.js","API_OR_SERVICE","api","GET","/cold-chain-monitoring","False"
"C:\Users\DIYA GOEL\Downloads\EBDESIGN\frontend\src\services\api.js","API_OR_SERVICE","api","GET","/cold-fish-chain/shipments","False"
"C:\Users\DIYA GOEL\Downloads\EBDESIGN\frontend\src\services\api.js","API_OR_SERVICE","api","GET","/cold-storage","False"
"C:\Users\DIYA GOEL\Downloads\EBDESIGN\frontend\src\services\api.js","API_OR_SERVICE","api","GET","/cold-storage/bookings","False"
"C:\Users\DIYA GOEL\Downloads\EBDESIGN\frontend\src\services\api.js","API_OR_SERVICE","api","GET","/cold-storage/compliance-status/${facilityId}","True"
"C:\Users\DIYA GOEL\Downloads\EBDESIGN\frontend\src\services\api.js","API_OR_SERVICE","api","GET","/cold-storage/facilities","False"
"C:\Users\DIYA GOEL\Downloads\EBDESIGN\frontend\src\services\api.js","API_OR_SERVICE","api","GET","/cold-storage/facility/${facilityId}","True"
"C:\Users\DIYA GOEL\Downloads\EBDESIGN\frontend\src\services\api.js","API_OR_SERVICE","api","GET","/cold-storage/status","False"
"C:\Users\DIYA GOEL\Downloads\EBDESIGN\frontend\src\services\api.js","API_OR_SERVICE","api","GET","/cold-storage/temperature/${facilityId}","True"
"C:\Users\DIYA GOEL\Downloads\EBDESIGN\frontend\src\services\api.js","API_OR_SERVICE","api","GET","/cold-storage/utilization","False"
"C:\Users\DIYA GOEL\Downloads\EBDESIGN\frontend\src\services\api.js","API_OR_SERVICE","api","GET","/collaborations","False"
"C:\Users\DIYA GOEL\Downloads\EBDESIGN\frontend\src\services\api.js","API_OR_SERVICE","api","GET","/collective-warfare","False"
"C:\Users\DIYA GOEL\Downloads\EBDESIGN\frontend\src\services\api.js","API_OR_SERVICE","api","GET","/colonies","False"
"C:\Users\DIYA GOEL\Downloads\EBDESIGN\frontend\src\services\api.js","API_OR_SERVICE","api","GET","/colonies/${id}","True"
"C:\Users\DIYA GOEL\Downloads\EBDESIGN\frontend\src\services\api.js","API_OR_SERVICE","api","GET","/communications","False"
"C:\Users\DIYA GOEL\Downloads\EBDESIGN\frontend\src\services\api.js","API_OR_SERVICE","api","GET","/community-assets","False"
"C:\Users\DIYA GOEL\Downloads\EBDESIGN\frontend\src\services\api.js","API_OR_SERVICE","api","GET","/community-development","False"
"C:\Users\DIYA GOEL\Downloads\EBDESIGN\frontend\src\services\api.js","API_OR_SERVICE","api","GET","/community-engagements","False"
"C:\Users\DIYA GOEL\Downloads\EBDESIGN\frontend\src\services\api.js","API_OR_SERVICE","api","GET","/community-management","False"
"C:\Users\DIYA GOEL\Downloads\EBDESIGN\frontend\src\services\api.js","API_OR_SERVICE","api","GET","/community-resilience-farming","False"
"C:\Users\DIYA GOEL\Downloads\EBDESIGN\frontend\src\services\api.js","API_OR_SERVICE","api","GET","/companies","False"
"C:\Users\DIYA GOEL\Downloads\EBDESIGN\frontend\src\services\api.js","API_OR_SERVICE","api","GET","/company","False"
"C:\Users\DIYA GOEL\Downloads\EBDESIGN\frontend\src\services\api.js","API_OR_SERVICE","api","GET","/company/${companyId}/chart-of-accounts","True"
"C:\Users\DIYA GOEL\Downloads\EBDESIGN\frontend\src\services\api.js","API_OR_SERVICE","api","GET","/company/${companyId}/fiscal-years","True"
"C:\Users\DIYA GOEL\Downloads\EBDESIGN\frontend\src\services\api.js","API_OR_SERVICE","api","GET","/company/${id}","True"
"C:\Users\DIYA GOEL\Downloads\EBDESIGN\frontend\src\services\api.js","API_OR_SERVICE","api","GET","/comparisons","False"
"C:\Users\DIYA GOEL\Downloads\EBDESIGN\frontend\src\services\api.js","API_OR_SERVICE","api","GET","/competitor/position","False"
"C:\Users\DIYA GOEL\Downloads\EBDESIGN\frontend\src\services\api.js","API_OR_SERVICE","api","GET","/competitors-resilience-farming","False"
"C:\Users\DIYA GOEL\Downloads\EBDESIGN\frontend\src\services\api.js","API_OR_SERVICE","api","GET","/complete-ai-integration","False"
"C:\Users\DIYA GOEL\Downloads\EBDESIGN\frontend\src\services\api.js","API_OR_SERVICE","api","GET","/complete-erp-integration","False"
"C:\Users\DIYA GOEL\Downloads\EBDESIGN\frontend\src\services\api.js","API_OR_SERVICE","api","GET","/compliance","False"
"C:\Users\DIYA GOEL\Downloads\EBDESIGN\frontend\src\services\api.js","API_OR_SERVICE","api","GET","/compliance/rcm-outstanding","False"
"C:\Users\DIYA GOEL\Downloads\EBDESIGN\frontend\src\services\api.js","API_OR_SERVICE","api","GET","/compliance/status","False"
"C:\Users\DIYA GOEL\Downloads\EBDESIGN\frontend\src\services\api.js","API_OR_SERVICE","api","GET","/compliance/tds-rates","False"
"C:\Users\DIYA GOEL\Downloads\EBDESIGN\frontend\src\services\api.js","API_OR_SERVICE","api","GET","/compliance/tds-summary","False"
"C:\Users\DIYA GOEL\Downloads\EBDESIGN\frontend\src\services\api.js","API_OR_SERVICE","api","GET","/compliance-audits","False"
"C:\Users\DIYA GOEL\Downloads\EBDESIGN\frontend\src\services\api.js","API_OR_SERVICE","api","GET","/compliance-checks","False"
"C:\Users\DIYA GOEL\Downloads\EBDESIGN\frontend\src\services\api.js","API_OR_SERVICE","api","GET","/compliance-logs","False"
"C:\Users\DIYA GOEL\Downloads\EBDESIGN\frontend\src\services\api.js","API_OR_SERVICE","api","GET","/compliance-logs/${id}","True"
"C:\Users\DIYA GOEL\Downloads\EBDESIGN\frontend\src\services\api.js","API_OR_SERVICE","api","GET","/compliance-resilience-farming","False"
"C:\Users\DIYA GOEL\Downloads\EBDESIGN\frontend\src\services\api.js","API_OR_SERVICE","api","GET","/compliance-tracking","False"
"C:\Users\DIYA GOEL\Downloads\EBDESIGN\frontend\src\services\api.js","API_OR_SERVICE","api","GET","/component-manager","False"
"C:\Users\DIYA GOEL\Downloads\EBDESIGN\frontend\src\services\api.js","API_OR_SERVICE","api","GET","/components","False"
"C:\Users\DIYA GOEL\Downloads\EBDESIGN\frontend\src\services\api.js","API_OR_SERVICE","api","GET","/components/${id}","True"
"C:\Users\DIYA GOEL\Downloads\EBDESIGN\frontend\src\services\api.js","API_OR_SERVICE","api","GET","/comprehensive-erp","False"
"C:\Users\DIYA GOEL\Downloads\EBDESIGN\frontend\src\services\api.js","API_OR_SERVICE","api","GET","/comprehensive-erp/analyze-financials-a-i","False"
"C:\Users\DIYA GOEL\Downloads\EBDESIGN\frontend\src\services\api.js","API_OR_SERVICE","api","GET","/comprehensive-erp/analyze-h-r-a-i","False"
"C:\Users\DIYA GOEL\Downloads\EBDESIGN\frontend\src\services\api.js","API_OR_SERVICE","api","GET","/comprehensive-erp/get-balance-sheet","False"
"C:\Users\DIYA GOEL\Downloads\EBDESIGN\frontend\src\services\api.js","API_OR_SERVICE","api","GET","/comprehensive-erp/get-cash-position","False"
"C:\Users\DIYA GOEL\Downloads\EBDESIGN\frontend\src\services\api.js","API_OR_SERVICE","api","GET","/comprehensive-erp/get-cost-center-report","False"
"C:\Users\DIYA GOEL\Downloads\EBDESIGN\frontend\src\services\api.js","API_OR_SERVICE","api","GET","/comprehensive-erp/get-executive-dashboard","False"
"C:\Users\DIYA GOEL\Downloads\EBDESIGN\frontend\src\services\api.js","API_OR_SERVICE","api","GET","/comprehensive-erp/get-inventory-overview","False"
"C:\Users\DIYA GOEL\Downloads\EBDESIGN\frontend\src\services\api.js","API_OR_SERVICE","api","GET","/comprehensive-erp/get-profitability-analysis","False"
"C:\Users\DIYA GOEL\Downloads\EBDESIGN\frontend\src\services\api.js","API_OR_SERVICE","api","GET","/comprehensive-erp/get-profit-center-report","False"
"C:\Users\DIYA GOEL\Downloads\EBDESIGN\frontend\src\services\api.js","API_OR_SERVICE","api","GET","/comprehensive-erp/get-profit-loss","False"
"C:\Users\DIYA GOEL\Downloads\EBDESIGN\frontend\src\services\api.js","API_OR_SERVICE","api","GET","/comprehensive-erp/get-trial-balance","False"
"C:\Users\DIYA GOEL\Downloads\EBDESIGN\frontend\src\services\api.js","API_OR_SERVICE","api","GET","/comprehensive-erp/optimize-production-a-i","False"
"C:\Users\DIYA GOEL\Downloads\EBDESIGN\frontend\src\services\api.js","API_OR_SERVICE","api","GET","/comprehensive-erp/optimize-supply-chain-a-i","False"
"C:\Users\DIYA GOEL\Downloads\EBDESIGN\frontend\src\services\api.js","API_OR_SERVICE","api","GET","/computer-vision-farming","False"
"C:\Users\DIYA GOEL\Downloads\EBDESIGN\frontend\src\services\api.js","API_OR_SERVICE","api","GET","/confederations","False"
"C:\Users\DIYA GOEL\Downloads\EBDESIGN\frontend\src\services\api.js","API_OR_SERVICE","api","GET","/confederations/${id}","True"
"C:\Users\DIYA GOEL\Downloads\EBDESIGN\frontend\src\services\api.js","API_OR_SERVICE","api","GET","/config","False"
"C:\Users\DIYA GOEL\Downloads\EBDESIGN\frontend\src\services\api.js","API_OR_SERVICE","api","GET","/configurations","False"
"C:\Users\DIYA GOEL\Downloads\EBDESIGN\frontend\src\services\api.js","API_OR_SERVICE","api","GET","/configurations/${id}","True"
"C:\Users\DIYA GOEL\Downloads\EBDESIGN\frontend\src\services\api.js","API_OR_SERVICE","api","GET","/connectors","False"
"C:\Users\DIYA GOEL\Downloads\EBDESIGN\frontend\src\services\api.js","API_OR_SERVICE","api","GET","/consent-management/records","False"
"C:\Users\DIYA GOEL\Downloads\EBDESIGN\frontend\src\services\api.js","API_OR_SERVICE","api","GET","/consents","False"
"C:\Users\DIYA GOEL\Downloads\EBDESIGN\frontend\src\services\api.js","API_OR_SERVICE","api","GET","/consortiums","False"
"C:\Users\DIYA GOEL\Downloads\EBDESIGN\frontend\src\services\api.js","API_OR_SERVICE","api","GET","/consortiums/${id}","True"
"C:\Users\DIYA GOEL\Downloads\EBDESIGN\frontend\src\services\api.js","API_OR_SERVICE","api","GET","/consul-configs","False"
"C:\Users\DIYA GOEL\Downloads\EBDESIGN\frontend\src\services\api.js","API_OR_SERVICE","api","GET","/containment-strategies","False"
"C:\Users\DIYA GOEL\Downloads\EBDESIGN\frontend\src\services\api.js","API_OR_SERVICE","api","GET","/content-manager","False"
"C:\Users\DIYA GOEL\Downloads\EBDESIGN\frontend\src\services\api.js","API_OR_SERVICE","api","GET","/contractor-management/contractors","False"
"C:\Users\DIYA GOEL\Downloads\EBDESIGN\frontend\src\services\api.js","API_OR_SERVICE","api","GET","/contracts","False"
"C:\Users\DIYA GOEL\Downloads\EBDESIGN\frontend\src\services\api.js","API_OR_SERVICE","api","GET","/conversational-ai/domains","False"
"C:\Users\DIYA GOEL\Downloads\EBDESIGN\frontend\src\services\api.js","API_OR_SERVICE","api","GET","/cooperatives","False"
"C:\Users\DIYA GOEL\Downloads\EBDESIGN\frontend\src\services\api.js","API_OR_SERVICE","api","GET","/cooperatives/${id}","True"
"C:\Users\DIYA GOEL\Downloads\EBDESIGN\frontend\src\services\api.js","API_OR_SERVICE","api","GET","/cooperative-share","False"
"C:\Users\DIYA GOEL\Downloads\EBDESIGN\frontend\src\services\api.js","API_OR_SERVICE","api","GET","/cooperative-share/distribution/${id}","True"
"C:\Users\DIYA GOEL\Downloads\EBDESIGN\frontend\src\services\api.js","API_OR_SERVICE","api","GET","/cooperative-share/distributions/${fpoId}","True"
"C:\Users\DIYA GOEL\Downloads\EBDESIGN\frontend\src\services\api.js","API_OR_SERVICE","api","GET","/cooperative-share/members/${fpoId}","True"
"C:\Users\DIYA GOEL\Downloads\EBDESIGN\frontend\src\services\api.js","API_OR_SERVICE","api","GET","/cooperative-share/paid-up-capital/${fpoId}","True"
"C:\Users\DIYA GOEL\Downloads\EBDESIGN\frontend\src\services\api.js","API_OR_SERVICE","api","GET","/coordinations","False"
"C:\Users\DIYA GOEL\Downloads\EBDESIGN\frontend\src\services\api.js","API_OR_SERVICE","api","GET","/cosmosdb-data","False"
"C:\Users\DIYA GOEL\Downloads\EBDESIGN\frontend\src\services\api.js","API_OR_SERVICE","api","GET","/cost","False"
"C:\Users\DIYA GOEL\Downloads\EBDESIGN\frontend\src\services\api.js","API_OR_SERVICE","api","GET","/cost-benefit-analysis","False"
"C:\Users\DIYA GOEL\Downloads\EBDESIGN\frontend\src\services\api.js","API_OR_SERVICE","api","GET","/cost-control","False"
"C:\Users\DIYA GOEL\Downloads\EBDESIGN\frontend\src\services\api.js","API_OR_SERVICE","api","GET","/cost-control/budget/${budgetId}","True"
"C:\Users\DIYA GOEL\Downloads\EBDESIGN\frontend\src\services\api.js","API_OR_SERVICE","api","GET","/cost-control/budget/${budgetId}/cost-reduction-recommendations","True"
"C:\Users\DIYA GOEL\Downloads\EBDESIGN\frontend\src\services\api.js","API_OR_SERVICE","api","GET","/cost-control/budget/${budgetId}/lines","True"
"C:\Users\DIYA GOEL\Downloads\EBDESIGN\frontend\src\services\api.js","API_OR_SERVICE","api","GET","/cost-control/budget/${budgetId}/vs-actual","True"
"C:\Users\DIYA GOEL\Downloads\EBDESIGN\frontend\src\services\api.js","API_OR_SERVICE","api","GET","/cost-control/budgets/${companyId}","True"
"C:\Users\DIYA GOEL\Downloads\EBDESIGN\frontend\src\services\api.js","API_OR_SERVICE","api","GET","/cost-control/cost-center/${costCenterId}","True"
"C:\Users\DIYA GOEL\Downloads\EBDESIGN\frontend\src\services\api.js","API_OR_SERVICE","api","GET","/cost-control/cost-center/${costCenterId}/actuals","True"
"C:\Users\DIYA GOEL\Downloads\EBDESIGN\frontend\src\services\api.js","API_OR_SERVICE","api","GET","/cost-control/cost-centers/${companyId}","True"
"C:\Users\DIYA GOEL\Downloads\EBDESIGN\frontend\src\services\api.js","API_OR_SERVICE","api","GET","/cost-control/profit-centers/${companyId}","True"
"C:\Users\DIYA GOEL\Downloads\EBDESIGN\frontend\src\services\api.js","API_OR_SERVICE","api","GET","/cost-management/corridor-model","False"
"C:\Users\DIYA GOEL\Downloads\EBDESIGN\frontend\src\services\api.js","API_OR_SERVICE","api","GET","/coupons","False"
"C:\Users\DIYA GOEL\Downloads\EBDESIGN\frontend\src\services\api.js","API_OR_SERVICE","api","GET","/credentials","False"
"C:\Users\DIYA GOEL\Downloads\EBDESIGN\frontend\src\services\api.js","API_OR_SERVICE","api","GET","/crop-calendar","False"
"C:\Users\DIYA GOEL\Downloads\EBDESIGN\frontend\src\services\api.js","API_OR_SERVICE","api","GET","/crop-growth-modeling","False"
"C:\Users\DIYA GOEL\Downloads\EBDESIGN\frontend\src\services\api.js","API_OR_SERVICE","api","GET","/crop-management","False"
"C:\Users\DIYA GOEL\Downloads\EBDESIGN\frontend\src\services\api.js","API_OR_SERVICE","api","GET","/crop-monitoring","False"
"C:\Users\DIYA GOEL\Downloads\EBDESIGN\frontend\src\services\api.js","API_OR_SERVICE","api","GET","/crop-monitoring/observations","False"
"C:\Users\DIYA GOEL\Downloads\EBDESIGN\frontend\src\services\api.js","API_OR_SERVICE","api","GET","/crop-planning","False"
"C:\Users\DIYA GOEL\Downloads\EBDESIGN\frontend\src\services\api.js","API_OR_SERVICE","api","GET","/crop-recommendations","False"
"C:\Users\DIYA GOEL\Downloads\EBDESIGN\frontend\src\services\api.js","API_OR_SERVICE","api","GET","/crop-registrations","False"
"C:\Users\DIYA GOEL\Downloads\EBDESIGN\frontend\src\services\api.js","API_OR_SERVICE","api","GET","/crop-rotation","False"
"C:\Users\DIYA GOEL\Downloads\EBDESIGN\frontend\src\services\api.js","API_OR_SERVICE","api","GET","/crop-selection","False"
"C:\Users\DIYA GOEL\Downloads\EBDESIGN\frontend\src\services\api.js","API_OR_SERVICE","api","GET","/crop-value-research","False"
"C:\Users\DIYA GOEL\Downloads\EBDESIGN\frontend\src\services\api.js","API_OR_SERVICE","api","GET","/crop-value-research/pending","False"
"C:\Users\DIYA GOEL\Downloads\EBDESIGN\frontend\src\services\api.js","API_OR_SERVICE","api","GET","/crop-varieties","False"
"C:\Users\DIYA GOEL\Downloads\EBDESIGN\frontend\src\services\api.js","API_OR_SERVICE","api","GET","/cross-border-engagements","False"
"C:\Users\DIYA GOEL\Downloads\EBDESIGN\frontend\src\services\api.js","API_OR_SERVICE","api","GET","/cultural-warfare","False"
"C:\Users\DIYA GOEL\Downloads\EBDESIGN\frontend\src\services\api.js","API_OR_SERVICE","api","GET","/culture-resilience-farming","False"
"C:\Users\DIYA GOEL\Downloads\EBDESIGN\frontend\src\services\api.js","API_OR_SERVICE","api","GET","/currencies","False"
"C:\Users\DIYA GOEL\Downloads\EBDESIGN\frontend\src\services\api.js","API_OR_SERVICE","api","GET","/customers-resilience-farming","False"
"C:\Users\DIYA GOEL\Downloads\EBDESIGN\frontend\src\services\api.js","API_OR_SERVICE","api","GET","/cv-models","False"
"C:\Users\DIYA GOEL\Downloads\EBDESIGN\frontend\src\services\api.js","API_OR_SERVICE","api","GET","/cyber-activism","False"
"C:\Users\DIYA GOEL\Downloads\EBDESIGN\frontend\src\services\api.js","API_OR_SERVICE","api","GET","/cyber-warfare","False"
"C:\Users\DIYA GOEL\Downloads\EBDESIGN\frontend\src\services\api.js","API_OR_SERVICE","api","GET","/dairy","False"
"C:\Users\DIYA GOEL\Downloads\EBDESIGN\frontend\src\services\api.js","API_OR_SERVICE","api","GET","/dairy/animals","False"
"C:\Users\DIYA GOEL\Downloads\EBDESIGN\frontend\src\services\api.js","API_OR_SERVICE","api","GET","/dairy/milk-records","False"
"C:\Users\DIYA GOEL\Downloads\EBDESIGN\frontend\src\services\api.js","API_OR_SERVICE","api","GET","/dairy-ai","False"
"C:\Users\DIYA GOEL\Downloads\EBDESIGN\frontend\src\services\api.js","API_OR_SERVICE","api","GET","/daos","False"
"C:\Users\DIYA GOEL\Downloads\EBDESIGN\frontend\src\services\api.js","API_OR_SERVICE","api","GET","/dashboard","False"
"C:\Users\DIYA GOEL\Downloads\EBDESIGN\frontend\src\services\api.js","API_OR_SERVICE","api","GET","/dashboard/${id}","True"
"C:\Users\DIYA GOEL\Downloads\EBDESIGN\frontend\src\services\api.js","API_OR_SERVICE","api","GET","/dashboard/widgets/${widget}","True"
"C:\Users\DIYA GOEL\Downloads\EBDESIGN\frontend\src\services\api.js","API_OR_SERVICE","api","GET","/data-export","False"
"C:\Users\DIYA GOEL\Downloads\EBDESIGN\frontend\src\services\api.js","API_OR_SERVICE","api","GET","/data-import","False"
"C:\Users\DIYA GOEL\Downloads\EBDESIGN\frontend\src\services\api.js","API_OR_SERVICE","api","GET","/data-subjects","False"
"C:\Users\DIYA GOEL\Downloads\EBDESIGN\frontend\src\services\api.js","API_OR_SERVICE","api","GET","/data-visualization","False"
"C:\Users\DIYA GOEL\Downloads\EBDESIGN\frontend\src\services\api.js","API_OR_SERVICE","api","GET","/date-formats","False"
"C:\Users\DIYA GOEL\Downloads\EBDESIGN\frontend\src\services\api.js","API_OR_SERVICE","api","GET","/deals","False"
"C:\Users\DIYA GOEL\Downloads\EBDESIGN\frontend\src\services\api.js","API_OR_SERVICE","api","GET","/deals/${id}","True"
"C:\Users\DIYA GOEL\Downloads\EBDESIGN\frontend\src\services\api.js","API_OR_SERVICE","api","GET","/debugger","False"
"C:\Users\DIYA GOEL\Downloads\EBDESIGN\frontend\src\services\api.js","API_OR_SERVICE","api","GET","/debugging/info","False"
"C:\Users\DIYA GOEL\Downloads\EBDESIGN\frontend\src\services\api.js","API_OR_SERVICE","api","GET","/decision-engine/decisions/active","False"
"C:\Users\DIYA GOEL\Downloads\EBDESIGN\frontend\src\services\api.js","API_OR_SERVICE","api","GET","/decision-engine/decisions/history","False"
"C:\Users\DIYA GOEL\Downloads\EBDESIGN\frontend\src\services\api.js","API_OR_SERVICE","api","GET","/decision-engine/rules","False"
"C:\Users\DIYA GOEL\Downloads\EBDESIGN\frontend\src\services\api.js","API_OR_SERVICE","api","GET","/decision-engine/status","False"
"C:\Users\DIYA GOEL\Downloads\EBDESIGN\frontend\src\services\api.js","API_OR_SERVICE","api","GET","/decision-influence","False"
"C:\Users\DIYA GOEL\Downloads\EBDESIGN\frontend\src\services\api.js","API_OR_SERVICE","api","GET","/decision-support","False"
"C:\Users\DIYA GOEL\Downloads\EBDESIGN\frontend\src\services\api.js","API_OR_SERVICE","api","GET","/decision-support/scheme-expiry-status","False"
"C:\Users\DIYA GOEL\Downloads\EBDESIGN\frontend\src\services\api.js","API_OR_SERVICE","api","GET","/deep-learning-farming","False"
"C:\Users\DIYA GOEL\Downloads\EBDESIGN\frontend\src\services\api.js","API_OR_SERVICE","api","GET","/defense-fitness-prep","False"
"C:\Users\DIYA GOEL\Downloads\EBDESIGN\frontend\src\services\api.js","API_OR_SERVICE","api","GET","/defense-fitness-prep/categories","False"
"C:\Users\DIYA GOEL\Downloads\EBDESIGN\frontend\src\services\api.js","API_OR_SERVICE","api","GET","/defense-fitness-prep/readiness/${category}","True"
"C:\Users\DIYA GOEL\Downloads\EBDESIGN\frontend\src\services\api.js","API_OR_SERVICE","api","GET","/defi-data","False"
"C:\Users\DIYA GOEL\Downloads\EBDESIGN\frontend\src\services\api.js","API_OR_SERVICE","api","GET","/degradation-strategies","False"
"C:\Users\DIYA GOEL\Downloads\EBDESIGN\frontend\src\services\api.js","API_OR_SERVICE","api","GET","/demand","False"
"C:\Users\DIYA GOEL\Downloads\EBDESIGN\frontend\src\services\api.js","API_OR_SERVICE","api","GET","/demand-forecast","False"
"C:\Users\DIYA GOEL\Downloads\EBDESIGN\frontend\src\services\api.js","API_OR_SERVICE","api","GET","/deployment-config","False"
"C:\Users\DIYA GOEL\Downloads\EBDESIGN\frontend\src\services\api.js","API_OR_SERVICE","api","GET","/deployments","False"
"C:\Users\DIYA GOEL\Downloads\EBDESIGN\frontend\src\services\api.js","API_OR_SERVICE","api","GET","/descriptive-analytics-farming","False"
"C:\Users\DIYA GOEL\Downloads\EBDESIGN\frontend\src\services\api.js","API_OR_SERVICE","api","GET","/development-resilience-farming","False"
"C:\Users\DIYA GOEL\Downloads\EBDESIGN\frontend\src\services\api.js","API_OR_SERVICE","api","GET","/diagnostic-analytics-farming","False"
"C:\Users\DIYA GOEL\Downloads\EBDESIGN\frontend\src\services\api.js","API_OR_SERVICE","api","GET","/diaspora-engagements","False"
"C:\Users\DIYA GOEL\Downloads\EBDESIGN\frontend\src\services\api.js","API_OR_SERVICE","api","GET","/diet-therapy","False"
"C:\Users\DIYA GOEL\Downloads\EBDESIGN\frontend\src\services\api.js","API_OR_SERVICE","api","GET","/digital-activism","False"
"C:\Users\DIYA GOEL\Downloads\EBDESIGN\frontend\src\services\api.js","API_OR_SERVICE","api","GET","/digital-blockade","False"
"C:\Users\DIYA GOEL\Downloads\EBDESIGN\frontend\src\services\api.js","API_OR_SERVICE","api","GET","/digital-boycott","False"
"C:\Users\DIYA GOEL\Downloads\EBDESIGN\frontend\src\services\api.js","API_OR_SERVICE","api","GET","/digital-campaign","False"
"C:\Users\DIYA GOEL\Downloads\EBDESIGN\frontend\src\services\api.js","API_OR_SERVICE","api","GET","/digital-civil-disobedience","False"
"C:\Users\DIYA GOEL\Downloads\EBDESIGN\frontend\src\services\api.js","API_OR_SERVICE","api","GET","/digital-divestment","False"
"C:\Users\DIYA GOEL\Downloads\EBDESIGN\frontend\src\services\api.js","API_OR_SERVICE","api","GET","/digital-embargo","False"
"C:\Users\DIYA GOEL\Downloads\EBDESIGN\frontend\src\services\api.js","API_OR_SERVICE","api","GET","/digital-farming","False"
"C:\Users\DIYA GOEL\Downloads\EBDESIGN\frontend\src\services\api.js","API_OR_SERVICE","api","GET","/digital-identity/identities","False"
"C:\Users\DIYA GOEL\Downloads\EBDESIGN\frontend\src\services\api.js","API_OR_SERVICE","api","GET","/digital-organizing","False"
"C:\Users\DIYA GOEL\Downloads\EBDESIGN\frontend\src\services\api.js","API_OR_SERVICE","api","GET","/digital-resistance","False"
"C:\Users\DIYA GOEL\Downloads\EBDESIGN\frontend\src\services\api.js","API_OR_SERVICE","api","GET","/digital-sanction","False"
"C:\Users\DIYA GOEL\Downloads\EBDESIGN\frontend\src\services\api.js","API_OR_SERVICE","api","GET","/digital-siege","False"
"C:\Users\DIYA GOEL\Downloads\EBDESIGN\frontend\src\services\api.js","API_OR_SERVICE","api","GET","/digital-twin","False"
"C:\Users\DIYA GOEL\Downloads\EBDESIGN\frontend\src\services\api.js","API_OR_SERVICE","api","GET","/digital-warfare","False"
"C:\Users\DIYA GOEL\Downloads\EBDESIGN\frontend\src\services\api.js","API_OR_SERVICE","api","GET","/disabled-engagements","False"
"C:\Users\DIYA GOEL\Downloads\EBDESIGN\frontend\src\services\api.js","API_OR_SERVICE","api","GET","/disaster-recovery/plans","False"
"C:\Users\DIYA GOEL\Downloads\EBDESIGN\frontend\src\services\api.js","API_OR_SERVICE","api","GET","/disclosure-resilience-farming","False"
"C:\Users\DIYA GOEL\Downloads\EBDESIGN\frontend\src\services\api.js","API_OR_SERVICE","api","GET","/discounts","False"
"C:\Users\DIYA GOEL\Downloads\EBDESIGN\frontend\src\services\api.js","API_OR_SERVICE","api","GET","/disease-forecasting","False"
"C:\Users\DIYA GOEL\Downloads\EBDESIGN\frontend\src\services\api.js","API_OR_SERVICE","api","GET","/disease-forecasting/forecasts","False"
"C:\Users\DIYA GOEL\Downloads\EBDESIGN\frontend\src\services\api.js","API_OR_SERVICE","api","GET","/disease-resilience-farming","False"
"C:\Users\DIYA GOEL\Downloads\EBDESIGN\frontend\src\services\api.js","API_OR_SERVICE","api","GET","/disposal-policies","False"
"C:\Users\DIYA GOEL\Downloads\EBDESIGN\frontend\src\services\api.js","API_OR_SERVICE","api","GET","/disseminators","False"
"C:\Users\DIYA GOEL\Downloads\EBDESIGN\frontend\src\services\api.js","API_OR_SERVICE","api","GET","/distribution-resilience-farming","False"
"C:\Users\DIYA GOEL\Downloads\EBDESIGN\frontend\src\services\api.js","API_OR_SERVICE","api","GET","/districts","False"
"C:\Users\DIYA GOEL\Downloads\EBDESIGN\frontend\src\services\api.js","API_OR_SERVICE","api","GET","/districts/${id}","True"
"C:\Users\DIYA GOEL\Downloads\EBDESIGN\frontend\src\services\api.js","API_OR_SERVICE","api","GET","/documentation-resilience-farming","False"
"C:\Users\DIYA GOEL\Downloads\EBDESIGN\frontend\src\services\api.js","API_OR_SERVICE","api","GET","/documents","False"
"C:\Users\DIYA GOEL\Downloads\EBDESIGN\frontend\src\services\api.js","API_OR_SERVICE","api","GET","/dpr-generation","False"
"C:\Users\DIYA GOEL\Downloads\EBDESIGN\frontend\src\services\api.js","API_OR_SERVICE","api","GET","/drone-farming","False"
"C:\Users\DIYA GOEL\Downloads\EBDESIGN\frontend\src\services\api.js","API_OR_SERVICE","api","GET","/drought-monitoring","False"
"C:\Users\DIYA GOEL\Downloads\EBDESIGN\frontend\src\services\api.js","API_OR_SERVICE","api","GET","/drought-monitoring/records","False"
"C:\Users\DIYA GOEL\Downloads\EBDESIGN\frontend\src\services\api.js","API_OR_SERVICE","api","GET","/drought-resilience-farming","False"
"C:\Users\DIYA GOEL\Downloads\EBDESIGN\frontend\src\services\api.js","API_OR_SERVICE","api","GET","/dynamodb-data","False"
"C:\Users\DIYA GOEL\Downloads\EBDESIGN\frontend\src\services\api.js","API_OR_SERVICE","api","GET","/ecommerce","False"
"C:\Users\DIYA GOEL\Downloads\EBDESIGN\frontend\src\services\api.js","API_OR_SERVICE","api","GET","/ecommerce/ai/insights","False"
"C:\Users\DIYA GOEL\Downloads\EBDESIGN\frontend\src\services\api.js","API_OR_SERVICE","api","GET","/ecommerce/business-sales","False"
"C:\Users\DIYA GOEL\Downloads\EBDESIGN\frontend\src\services\api.js","API_OR_SERVICE","api","GET","/ecommerce-ai/customer-lifetime-value/${userId}","True"
"C:\Users\DIYA GOEL\Downloads\EBDESIGN\frontend\src\services\api.js","API_OR_SERVICE","api","GET","/ecommerce-ai/forecast-demand/${productId}","True"
"C:\Users\DIYA GOEL\Downloads\EBDESIGN\frontend\src\services\api.js","API_OR_SERVICE","api","GET","/ecommerce-ai/market-basket","False"
"C:\Users\DIYA GOEL\Downloads\EBDESIGN\frontend\src\services\api.js","API_OR_SERVICE","api","GET","/ecommerce-ai/optimize-inventory/${productId}","True"
"C:\Users\DIYA GOEL\Downloads\EBDESIGN\frontend\src\services\api.js","API_OR_SERVICE","api","GET","/ecommerce-ai/predict-sales","False"
"C:\Users\DIYA GOEL\Downloads\EBDESIGN\frontend\src\services\api.js","API_OR_SERVICE","api","GET","/ecommerce-ai/recommendations/${userId}","True"
"C:\Users\DIYA GOEL\Downloads\EBDESIGN\frontend\src\services\api.js","API_OR_SERVICE","api","GET","/ecommerce-ai/segment-customers/behavioral","False"
"C:\Users\DIYA GOEL\Downloads\EBDESIGN\frontend\src\services\api.js","API_OR_SERVICE","api","GET","/ecommerce-ai/segment-customers/rfm","False"
"C:\Users\DIYA GOEL\Downloads\EBDESIGN\frontend\src\services\api.js","API_OR_SERVICE","api","GET","/ecommerce-business-sales/b2b-conversion-metrics","False"
"C:\Users\DIYA GOEL\Downloads\EBDESIGN\frontend\src\services\api.js","API_OR_SERVICE","api","GET","/ecommerce-business-sales/sales-analytics","False"
"C:\Users\DIYA GOEL\Downloads\EBDESIGN\frontend\src\services\api.js","API_OR_SERVICE","api","GET","/ecommerce-erp","False"
"C:\Users\DIYA GOEL\Downloads\EBDESIGN\frontend\src\services\api.js","API_OR_SERVICE","api","GET","/ecommerce-erp/gst-invoice/${orderId}","True"
"C:\Users\DIYA GOEL\Downloads\EBDESIGN\frontend\src\services\api.js","API_OR_SERVICE","api","GET","/ecommerce-erp/sync-inventory/${productId}","True"
"C:\Users\DIYA GOEL\Downloads\EBDESIGN\frontend\src\services\api.js","API_OR_SERVICE","api","GET","/ecommerce-integration","False"
"C:\Users\DIYA GOEL\Downloads\EBDESIGN\frontend\src\services\api.js","API_OR_SERVICE","api","GET","/ecommerce-integration/compatibility/${productId}","True"
"C:\Users\DIYA GOEL\Downloads\EBDESIGN\frontend\src\services\api.js","API_OR_SERVICE","api","GET","/ecommerce-integration/dietitian-collections","False"
"C:\Users\DIYA GOEL\Downloads\EBDESIGN\frontend\src\services\api.js","API_OR_SERVICE","api","GET","/ecommerce-integration/dietitian-recommendation","False"
"C:\Users\DIYA GOEL\Downloads\EBDESIGN\frontend\src\services\api.js","API_OR_SERVICE","api","GET","/ecommerce-integration/health-recommendations","False"
"C:\Users\DIYA GOEL\Downloads\EBDESIGN\frontend\src\services\api.js","API_OR_SERVICE","api","GET","/ecommerce-integration/nutrition-price-premium/${productId}","True"
"C:\Users\DIYA GOEL\Downloads\EBDESIGN\frontend\src\services\api.js","API_OR_SERVICE","api","GET","/ecommerce-integration/nutrition-score/${productId}","True"
"C:\Users\DIYA GOEL\Downloads\EBDESIGN\frontend\src\services\api.js","API_OR_SERVICE","api","GET","/ecommerce-integration/recipe-products/${recipeId}","True"
"C:\Users\DIYA GOEL\Downloads\EBDESIGN\frontend\src\services\api.js","API_OR_SERVICE","api","GET","/ecommerce-integration/recipe-suggestions/${productId}","True"
"C:\Users\DIYA GOEL\Downloads\EBDESIGN\frontend\src\services\api.js","API_OR_SERVICE","api","GET","/ecommerce-marketing","False"
"C:\Users\DIYA GOEL\Downloads\EBDESIGN\frontend\src\services\api.js","API_OR_SERVICE","api","GET","/ecommerce-marketplace/gi-listings","False"
"C:\Users\DIYA GOEL\Downloads\EBDESIGN\frontend\src\services\api.js","API_OR_SERVICE","api","GET","/ecommerce-marketplace/listings","False"
"C:\Users\DIYA GOEL\Downloads\EBDESIGN\frontend\src\services\api.js","API_OR_SERVICE","api","GET","/ecommerce-marketplace/price-trends/${categoryId}","True"
"C:\Users\DIYA GOEL\Downloads\EBDESIGN\frontend\src\services\api.js","API_OR_SERVICE","api","GET","/ecommerce-marketplace/seller-analytics","False"
"C:\Users\DIYA GOEL\Downloads\EBDESIGN\frontend\src\services\api.js","API_OR_SERVICE","api","GET","/ecommerce-marketplace/seller-listings","False"
"C:\Users\DIYA GOEL\Downloads\EBDESIGN\frontend\src\services\api.js","API_OR_SERVICE","api","GET","/ecommerce-marketplace/seller-origins","False"
"C:\Users\DIYA GOEL\Downloads\EBDESIGN\frontend\src\services\api.js","API_OR_SERVICE","api","GET","/economic","False"
"C:\Users\DIYA GOEL\Downloads\EBDESIGN\frontend\src\services\api.js","API_OR_SERVICE","api","GET","/economic-development","False"
"C:\Users\DIYA GOEL\Downloads\EBDESIGN\frontend\src\services\api.js","API_OR_SERVICE","api","GET","/economy-resilience-farming","False"
"C:\Users\DIYA GOEL\Downloads\EBDESIGN\frontend\src\services\api.js","API_OR_SERVICE","api","GET","/ecosystem-services-farming","False"
"C:\Users\DIYA GOEL\Downloads\EBDESIGN\frontend\src\services\api.js","API_OR_SERVICE","api","GET","/edge-locations","False"
"C:\Users\DIYA GOEL\Downloads\EBDESIGN\frontend\src\services\api.js","API_OR_SERVICE","api","GET","/education-resilience-farming","False"
"C:\Users\DIYA GOEL\Downloads\EBDESIGN\frontend\src\services\api.js","API_OR_SERVICE","api","GET","/elasticsearch-data","False"
"C:\Users\DIYA GOEL\Downloads\EBDESIGN\frontend\src\services\api.js","API_OR_SERVICE","api","GET","/elderly-engagements","False"
"C:\Users\DIYA GOEL\Downloads\EBDESIGN\frontend\src\services\api.js","API_OR_SERVICE","api","GET","/energy","False"
"C:\Users\DIYA GOEL\Downloads\EBDESIGN\frontend\src\services\api.js","API_OR_SERVICE","api","GET","/energy/rates","False"
"C:\Users\DIYA GOEL\Downloads\EBDESIGN\frontend\src\services\api.js","API_OR_SERVICE","api","GET","/energy-conservation-farming","False"
"C:\Users\DIYA GOEL\Downloads\EBDESIGN\frontend\src\services\api.js","API_OR_SERVICE","api","GET","/energy-optimization","False"
"C:\Users\DIYA GOEL\Downloads\EBDESIGN\frontend\src\services\api.js","API_OR_SERVICE","api","GET","/engineering-project","False"
"C:\Users\DIYA GOEL\Downloads\EBDESIGN\frontend\src\services\api.js","API_OR_SERVICE","api","GET","/engineering-project/project/${id}","True"
"C:\Users\DIYA GOEL\Downloads\EBDESIGN\frontend\src\services\api.js","API_OR_SERVICE","api","GET","/engineering-project/project/${id}/cost-estimates","True"
"C:\Users\DIYA GOEL\Downloads\EBDESIGN\frontend\src\services\api.js","API_OR_SERVICE","api","GET","/engineering-project/projects","False"
"C:\Users\DIYA GOEL\Downloads\EBDESIGN\frontend\src\services\api.js","API_OR_SERVICE","api","GET","/enterprise-ai","False"
"C:\Users\DIYA GOEL\Downloads\EBDESIGN\frontend\src\services\api.js","API_OR_SERVICE","api","GET","/enterprise-control","False"
"C:\Users\DIYA GOEL\Downloads\EBDESIGN\frontend\src\services\api.js","API_OR_SERVICE","api","GET","/enterprise-control/clients/${id}/health","True"
"C:\Users\DIYA GOEL\Downloads\EBDESIGN\frontend\src\services\api.js","API_OR_SERVICE","api","GET","/enterprise-control/crm/pipeline","False"
"C:\Users\DIYA GOEL\Downloads\EBDESIGN\frontend\src\services\api.js","API_OR_SERVICE","api","GET","/enterprise-control/emergency/active","False"
"C:\Users\DIYA GOEL\Downloads\EBDESIGN\frontend\src\services\api.js","API_OR_SERVICE","api","GET","/enterprise-control/legal/calendar","False"
"C:\Users\DIYA GOEL\Downloads\EBDESIGN\frontend\src\services\api.js","API_OR_SERVICE","api","GET","/enterprise-control/risk/heatmap","False"
"C:\Users\DIYA GOEL\Downloads\EBDESIGN\frontend\src\services\api.js","API_OR_SERVICE","api","GET","/enterprise-integration","False"
"C:\Users\DIYA GOEL\Downloads\EBDESIGN\frontend\src\services\api.js","API_OR_SERVICE","api","GET","/enterprise-integration/current","False"
"C:\Users\DIYA GOEL\Downloads\EBDESIGN\frontend\src\services\api.js","API_OR_SERVICE","api","GET","/enterprise-integration/health/${integrationId}","True"
"C:\Users\DIYA GOEL\Downloads\EBDESIGN\frontend\src\services\api.js","API_OR_SERVICE","api","GET","/enterprise-memory/cases","False"
"C:\Users\DIYA GOEL\Downloads\EBDESIGN\frontend\src\services\api.js","API_OR_SERVICE","api","GET","/enterprise-memory/cases/search","False"
"C:\Users\DIYA GOEL\Downloads\EBDESIGN\frontend\src\services\api.js","API_OR_SERVICE","api","GET","/enterprise-memory/knowledge-graph","False"
"C:\Users\DIYA GOEL\Downloads\EBDESIGN\frontend\src\services\api.js","API_OR_SERVICE","api","GET","/enterprise-memory/learning-insights","False"
"C:\Users\DIYA GOEL\Downloads\EBDESIGN\frontend\src\services\api.js","API_OR_SERVICE","api","GET","/enterprise-route-support","False"
"C:\Users\DIYA GOEL\Downloads\EBDESIGN\frontend\src\services\api.js","API_OR_SERVICE","api","GET","/enterprises","False"
"C:\Users\DIYA GOEL\Downloads\EBDESIGN\frontend\src\services\api.js","API_OR_SERVICE","api","GET","/enterprises/${id}","True"
"C:\Users\DIYA GOEL\Downloads\EBDESIGN\frontend\src\services\api.js","API_OR_SERVICE","api","GET","/environmental-impact-farming","False"
"C:\Users\DIYA GOEL\Downloads\EBDESIGN\frontend\src\services\api.js","API_OR_SERVICE","api","GET","/environment-config","False"
"C:\Users\DIYA GOEL\Downloads\EBDESIGN\frontend\src\services\api.js","API_OR_SERVICE","api","GET","/environment-resilience-farming","False"
"C:\Users\DIYA GOEL\Downloads\EBDESIGN\frontend\src\services\api.js","API_OR_SERVICE","api","GET","/environments","False"
"C:\Users\DIYA GOEL\Downloads\EBDESIGN\frontend\src\services\api.js","API_OR_SERVICE","api","GET","/environments/${id}","True"
"C:\Users\DIYA GOEL\Downloads\EBDESIGN\frontend\src\services\api.js","API_OR_SERVICE","api","GET","/envoys","False"
"C:\Users\DIYA GOEL\Downloads\EBDESIGN\frontend\src\services\api.js","API_OR_SERVICE","api","GET","/equipment-exchange","False"
"C:\Users\DIYA GOEL\Downloads\EBDESIGN\frontend\src\services\api.js","API_OR_SERVICE","api","GET","/equipment-exchange/listing/${listingId}","True"
"C:\Users\DIYA GOEL\Downloads\EBDESIGN\frontend\src\services\api.js","API_OR_SERVICE","api","GET","/equipment-exchange/listings","False"
"C:\Users\DIYA GOEL\Downloads\EBDESIGN\frontend\src\services\api.js","API_OR_SERVICE","api","GET","/equipment-inventory/equipment","False"
"C:\Users\DIYA GOEL\Downloads\EBDESIGN\frontend\src\services\api.js","API_OR_SERVICE","api","GET","/equipment-rental/rentals","False"
"C:\Users\DIYA GOEL\Downloads\EBDESIGN\frontend\src\services\api.js","API_OR_SERVICE","api","GET","/equipment-scheduling/schedules","False"
"C:\Users\DIYA GOEL\Downloads\EBDESIGN\frontend\src\services\api.js","API_OR_SERVICE","api","GET","/erp","False"
"C:\Users\DIYA GOEL\Downloads\EBDESIGN\frontend\src\services\api.js","API_OR_SERVICE","api","GET","/erp/dashboard","False"
"C:\Users\DIYA GOEL\Downloads\EBDESIGN\frontend\src\services\api.js","API_OR_SERVICE","api","GET","/erp/financial-reports","False"
"C:\Users\DIYA GOEL\Downloads\EBDESIGN\frontend\src\services\api.js","API_OR_SERVICE","api","GET","/erp/gl-entries","False"
"C:\Users\DIYA GOEL\Downloads\EBDESIGN\frontend\src\services\api.js","API_OR_SERVICE","api","GET","/erp/reconciliation","False"
"C:\Users\DIYA GOEL\Downloads\EBDESIGN\frontend\src\services\api.js","API_OR_SERVICE","api","GET","/erp/status","False"
"C:\Users\DIYA GOEL\Downloads\EBDESIGN\frontend\src\services\api.js","API_OR_SERVICE","api","GET","/erp/sync/status","False"
"C:\Users\DIYA GOEL\Downloads\EBDESIGN\frontend\src\services\api.js","API_OR_SERVICE","api","GET","/error-logs","False"
"C:\Users\DIYA GOEL\Downloads\EBDESIGN\frontend\src\services\api.js","API_OR_SERVICE","api","GET","/error-logs/${id}","True"
"C:\Users\DIYA GOEL\Downloads\EBDESIGN\frontend\src\services\api.js","API_OR_SERVICE","api","GET","/escalations","False"
"C:\Users\DIYA GOEL\Downloads\EBDESIGN\frontend\src\services\api.js","API_OR_SERVICE","api","GET","/escrow","False"
"C:\Users\DIYA GOEL\Downloads\EBDESIGN\frontend\src\services\api.js","API_OR_SERVICE","api","GET","/escrow/list","False"
"C:\Users\DIYA GOEL\Downloads\EBDESIGN\frontend\src\services\api.js","API_OR_SERVICE","api","GET","/etcd-data","False"
"C:\Users\DIYA GOEL\Downloads\EBDESIGN\frontend\src\services\api.js","API_OR_SERVICE","api","GET","/ethics-resilience-farming","False"
"C:\Users\DIYA GOEL\Downloads\EBDESIGN\frontend\src\services\api.js","API_OR_SERVICE","api","GET","/ethnic-warfare","False"
"C:\Users\DIYA GOEL\Downloads\EBDESIGN\frontend\src\services\api.js","API_OR_SERVICE","api","GET","/event-calendar","False"
"C:\Users\DIYA GOEL\Downloads\EBDESIGN\frontend\src\services\api.js","API_OR_SERVICE","api","GET","/event-calendar/${id}","True"
"C:\Users\DIYA GOEL\Downloads\EBDESIGN\frontend\src\services\api.js","API_OR_SERVICE","api","GET","/event-manager","False"
"C:\Users\DIYA GOEL\Downloads\EBDESIGN\frontend\src\services\api.js","API_OR_SERVICE","api","GET","/events","False"
"C:\Users\DIYA GOEL\Downloads\EBDESIGN\frontend\src\services\api.js","API_OR_SERVICE","api","GET","/evolution-strategies","False"
"C:\Users\DIYA GOEL\Downloads\EBDESIGN\frontend\src\services\api.js","API_OR_SERVICE","api","GET","/exchanges","False"
"C:\Users\DIYA GOEL\Downloads\EBDESIGN\frontend\src\services\api.js","API_OR_SERVICE","api","GET","/expenses","False"
"C:\Users\DIYA GOEL\Downloads\EBDESIGN\frontend\src\services\api.js","API_OR_SERVICE","api","GET","/experience","False"
"C:\Users\DIYA GOEL\Downloads\EBDESIGN\frontend\src\services\api.js","API_OR_SERVICE","api","GET","/experience-layer/accessibility","False"
"C:\Users\DIYA GOEL\Downloads\EBDESIGN\frontend\src\services\api.js","API_OR_SERVICE","api","GET","/experience-layer/components","False"
"C:\Users\DIYA GOEL\Downloads\EBDESIGN\frontend\src\services\api.js","API_OR_SERVICE","api","GET","/experience-layer/themes","False"
"C:\Users\DIYA GOEL\Downloads\EBDESIGN\frontend\src\services\api.js","API_OR_SERVICE","api","GET","/experience-sharing","False"
"C:\Users\DIYA GOEL\Downloads\EBDESIGN\frontend\src\services\api.js","API_OR_SERVICE","api","GET","/expertise-sharing","False"
"C:\Users\DIYA GOEL\Downloads\EBDESIGN\frontend\src\services\api.js","API_OR_SERVICE","api","GET","/exports","False"
"C:\Users\DIYA GOEL\Downloads\EBDESIGN\frontend\src\services\api.js","API_OR_SERVICE","api","GET","/extensions","False"
"C:\Users\DIYA GOEL\Downloads\EBDESIGN\frontend\src\services\api.js","API_OR_SERVICE","api","GET","/failure-analyses","False"
"C:\Users\DIYA GOEL\Downloads\EBDESIGN\frontend\src\services\api.js","API_OR_SERVICE","api","GET","/fallbacks","False"
"C:\Users\DIYA GOEL\Downloads\EBDESIGN\frontend\src\services\api.js","API_OR_SERVICE","api","GET","/family-resilience-farming","False"
"C:\Users\DIYA GOEL\Downloads\EBDESIGN\frontend\src\services\api.js","API_OR_SERVICE","api","GET","/family-warfare","False"
"C:\Users\DIYA GOEL\Downloads\EBDESIGN\frontend\src\services\api.js","API_OR_SERVICE","api","GET","/faqs","False"
"C:\Users\DIYA GOEL\Downloads\EBDESIGN\frontend\src\services\api.js","API_OR_SERVICE","api","GET","/faqs/${id}","True"
"C:\Users\DIYA GOEL\Downloads\EBDESIGN\frontend\src\services\api.js","API_OR_SERVICE","api","GET","/farm-activity/activities","False"
"C:\Users\DIYA GOEL\Downloads\EBDESIGN\frontend\src\services\api.js","API_OR_SERVICE","api","GET","/farm-analytics","False"
"C:\Users\DIYA GOEL\Downloads\EBDESIGN\frontend\src\services\api.js","API_OR_SERVICE","api","GET","/farm-costing","False"
"C:\Users\DIYA GOEL\Downloads\EBDESIGN\frontend\src\services\api.js","API_OR_SERVICE","api","GET","/farm-costing/records","False"
"C:\Users\DIYA GOEL\Downloads\EBDESIGN\frontend\src\services\api.js","API_OR_SERVICE","api","GET","/farmer","False"
"C:\Users\DIYA GOEL\Downloads\EBDESIGN\frontend\src\services\api.js","API_OR_SERVICE","api","GET","/farmer/${id}","True"
"C:\Users\DIYA GOEL\Downloads\EBDESIGN\frontend\src\services\api.js","API_OR_SERVICE","api","GET","/farmer/profile","False"
"C:\Users\DIYA GOEL\Downloads\EBDESIGN\frontend\src\services\api.js","API_OR_SERVICE","api","GET","/farmer-family","False"
"C:\Users\DIYA GOEL\Downloads\EBDESIGN\frontend\src\services\api.js","API_OR_SERVICE","api","GET","/farmer-health/records","False"
"C:\Users\DIYA GOEL\Downloads\EBDESIGN\frontend\src\services\api.js","API_OR_SERVICE","api","GET","/farmer-health-records","False"
"C:\Users\DIYA GOEL\Downloads\EBDESIGN\frontend\src\services\api.js","API_OR_SERVICE","api","GET","/farmer-kyc/applications","False"
"C:\Users\DIYA GOEL\Downloads\EBDESIGN\frontend\src\services\api.js","API_OR_SERVICE","api","GET","/farmer-profile","False"
"C:\Users\DIYA GOEL\Downloads\EBDESIGN\frontend\src\services\api.js","API_OR_SERVICE","api","GET","/farmers/${farmerId}/advisory-context","True"
"C:\Users\DIYA GOEL\Downloads\EBDESIGN\frontend\src\services\api.js","API_OR_SERVICE","api","GET","/farmers/${farmerId}/fields","True"
"C:\Users\DIYA GOEL\Downloads\EBDESIGN\frontend\src\services\api.js","API_OR_SERVICE","api","GET","/farmers/${farmerId}/harvest-plans","True"
"C:\Users\DIYA GOEL\Downloads\EBDESIGN\frontend\src\services\api.js","API_OR_SERVICE","api","GET","/farmers/${farmerId}/harvest-score","True"
"C:\Users\DIYA GOEL\Downloads\EBDESIGN\frontend\src\services\api.js","API_OR_SERVICE","api","GET","/farmers/${farmerId}/harvest-score/history","True"
"C:\Users\DIYA GOEL\Downloads\EBDESIGN\frontend\src\services\api.js","API_OR_SERVICE","api","GET","/farmers/${farmerId}/notifications","True"
"C:\Users\DIYA GOEL\Downloads\EBDESIGN\frontend\src\services\api.js","API_OR_SERVICE","api","GET","/farmers/${farmerId}/pre-orders","True"
"C:\Users\DIYA GOEL\Downloads\EBDESIGN\frontend\src\services\api.js","API_OR_SERVICE","api","GET","/farmers/${id}","True"
"C:\Users\DIYA GOEL\Downloads\EBDESIGN\frontend\src\services\api.js","API_OR_SERVICE","api","GET","/farmers/${id}/dashboard","True"
"C:\Users\DIYA GOEL\Downloads\EBDESIGN\frontend\src\services\api.js","API_OR_SERVICE","api","GET","/farmers/advisory/quick-questions","False"
"C:\Users\DIYA GOEL\Downloads\EBDESIGN\frontend\src\services\api.js","API_OR_SERVICE","api","GET","/farmers/crop-suggestions","False"
"C:\Users\DIYA GOEL\Downloads\EBDESIGN\frontend\src\services\api.js","API_OR_SERVICE","api","GET","/farmers/geo/states","False"
"C:\Users\DIYA GOEL\Downloads\EBDESIGN\frontend\src\services\api.js","API_OR_SERVICE","api","GET","/farmers/market/comparison","False"
"C:\Users\DIYA GOEL\Downloads\EBDESIGN\frontend\src\services\api.js","API_OR_SERVICE","api","GET","/farmers/market/conditions","False"
"C:\Users\DIYA GOEL\Downloads\EBDESIGN\frontend\src\services\api.js","API_OR_SERVICE","api","GET","/farmers/market/demand-forecast","False"
"C:\Users\DIYA GOEL\Downloads\EBDESIGN\frontend\src\services\api.js","API_OR_SERVICE","api","GET","/farmers/market/events","False"
"C:\Users\DIYA GOEL\Downloads\EBDESIGN\frontend\src\services\api.js","API_OR_SERVICE","api","GET","/farmers/market/prices","False"
"C:\Users\DIYA GOEL\Downloads\EBDESIGN\frontend\src\services\api.js","API_OR_SERVICE","api","GET","/farmers/pricing/benchmark-prices","False"
"C:\Users\DIYA GOEL\Downloads\EBDESIGN\frontend\src\services\api.js","API_OR_SERVICE","api","GET","/farmers/pricing/benchmarks","False"
"C:\Users\DIYA GOEL\Downloads\EBDESIGN\frontend\src\services\api.js","API_OR_SERVICE","api","GET","/farmers/pricing/categories","False"
"C:\Users\DIYA GOEL\Downloads\EBDESIGN\frontend\src\services\api.js","API_OR_SERVICE","api","GET","/farmers/pricing/dynamics","False"
"C:\Users\DIYA GOEL\Downloads\EBDESIGN\frontend\src\services\api.js","API_OR_SERVICE","api","GET","/farmers/pricing/seasonality","False"
"C:\Users\DIYA GOEL\Downloads\EBDESIGN\frontend\src\services\api.js","API_OR_SERVICE","api","GET","/farmers/pricing/signals","False"
"C:\Users\DIYA GOEL\Downloads\EBDESIGN\frontend\src\services\api.js","API_OR_SERVICE","api","GET","/farmers/pricing/timing-recommendations","False"
"C:\Users\DIYA GOEL\Downloads\EBDESIGN\frontend\src\services\api.js","API_OR_SERVICE","api","GET","/farmers/pricing/trends","False"
"C:\Users\DIYA GOEL\Downloads\EBDESIGN\frontend\src\services\api.js","API_OR_SERVICE","api","GET","/farmers/product-categories","False"
"C:\Users\DIYA GOEL\Downloads\EBDESIGN\frontend\src\services\api.js","API_OR_SERVICE","api","GET","/farmers/products/compare","False"
"C:\Users\DIYA GOEL\Downloads\EBDESIGN\frontend\src\services\api.js","API_OR_SERVICE","api","GET","/farmer-skills","False"
"C:\Users\DIYA GOEL\Downloads\EBDESIGN\frontend\src\services\api.js","API_OR_SERVICE","api","GET","/farmer-training/carbon-footprint","False"
"C:\Users\DIYA GOEL\Downloads\EBDESIGN\frontend\src\services\api.js","API_OR_SERVICE","api","GET","/farmer-training/programs","False"
"C:\Users\DIYA GOEL\Downloads\EBDESIGN\frontend\src\services\api.js","API_OR_SERVICE","api","GET","/farmer-training/register","False"
"C:\Users\DIYA GOEL\Downloads\EBDESIGN\frontend\src\services\api.js","API_OR_SERVICE","api","GET","/farmer-value","False"
"C:\Users\DIYA GOEL\Downloads\EBDESIGN\frontend\src\services\api.js","API_OR_SERVICE","api","GET","/farmer-value/season-ledger","False"
"C:\Users\DIYA GOEL\Downloads\EBDESIGN\frontend\src\services\api.js","API_OR_SERVICE","api","GET","/farmer-verification/requests","False"
"C:\Users\DIYA GOEL\Downloads\EBDESIGN\frontend\src\services\api.js","API_OR_SERVICE","api","GET","/farmer-verifications","False"
"C:\Users\DIYA GOEL\Downloads\EBDESIGN\frontend\src\services\api.js","API_OR_SERVICE","api","GET","/farmer-welfare","False"
"C:\Users\DIYA GOEL\Downloads\EBDESIGN\frontend\src\services\api.js","API_OR_SERVICE","api","GET","/farmer-welfare/programs","False"
"C:\Users\DIYA GOEL\Downloads\EBDESIGN\frontend\src\services\api.js","API_OR_SERVICE","api","GET","/farm-operations-dashboard/kpis","False"
"C:\Users\DIYA GOEL\Downloads\EBDESIGN\frontend\src\services\api.js","API_OR_SERVICE","api","GET","/farm-productivity/metrics","False"
"C:\Users\DIYA GOEL\Downloads\EBDESIGN\frontend\src\services\api.js","API_OR_SERVICE","api","GET","/farm-profitability","False"
"C:\Users\DIYA GOEL\Downloads\EBDESIGN\frontend\src\services\api.js","API_OR_SERVICE","api","GET","/farm-task/tasks","False"
"C:\Users\DIYA GOEL\Downloads\EBDESIGN\frontend\src\services\api.js","API_OR_SERVICE","api","GET","/featured-products","False"
"C:\Users\DIYA GOEL\Downloads\EBDESIGN\frontend\src\services\api.js","API_OR_SERVICE","api","GET","/featured-products/${id}","True"
"C:\Users\DIYA GOEL\Downloads\EBDESIGN\frontend\src\services\api.js","API_OR_SERVICE","api","GET","/features","False"
"C:\Users\DIYA GOEL\Downloads\EBDESIGN\frontend\src\services\api.js","API_OR_SERVICE","api","GET","/feature-toggle","False"
"C:\Users\DIYA GOEL\Downloads\EBDESIGN\frontend\src\services\api.js","API_OR_SERVICE","api","GET","/federations","False"
"C:\Users\DIYA GOEL\Downloads\EBDESIGN\frontend\src\services\api.js","API_OR_SERVICE","api","GET","/federations/${id}","True"
"C:\Users\DIYA GOEL\Downloads\EBDESIGN\frontend\src\services\api.js","API_OR_SERVICE","api","GET","/feedback","False"
"C:\Users\DIYA GOEL\Downloads\EBDESIGN\frontend\src\services\api.js","API_OR_SERVICE","api","GET","/feedback-surveys","False"
"C:\Users\DIYA GOEL\Downloads\EBDESIGN\frontend\src\services\api.js","API_OR_SERVICE","api","GET","/feed-management/records","False"
"C:\Users\DIYA GOEL\Downloads\EBDESIGN\frontend\src\services\api.js","API_OR_SERVICE","api","GET","/fertility-management/records","False"
"C:\Users\DIYA GOEL\Downloads\EBDESIGN\frontend\src\services\api.js","API_OR_SERVICE","api","GET","/fertilizer-inventory/items","False"
"C:\Users\DIYA GOEL\Downloads\EBDESIGN\frontend\src\services\api.js","API_OR_SERVICE","api","GET","/fertilizer-management","False"
"C:\Users\DIYA GOEL\Downloads\EBDESIGN\frontend\src\services\api.js","API_OR_SERVICE","api","GET","/fertilizer-optimization","False"
"C:\Users\DIYA GOEL\Downloads\EBDESIGN\frontend\src\services\api.js","API_OR_SERVICE","api","GET","/fertilizers","False"
"C:\Users\DIYA GOEL\Downloads\EBDESIGN\frontend\src\services\api.js","API_OR_SERVICE","api","GET","/files/${id}","True"
"C:\Users\DIYA GOEL\Downloads\EBDESIGN\frontend\src\services\api.js","API_OR_SERVICE","api","GET","/filters/${entity}","True"
"C:\Users\DIYA GOEL\Downloads\EBDESIGN\frontend\src\services\api.js","API_OR_SERVICE","api","GET","/finance","False"
"C:\Users\DIYA GOEL\Downloads\EBDESIGN\frontend\src\services\api.js","API_OR_SERVICE","api","GET","/finance/accounts","False"
"C:\Users\DIYA GOEL\Downloads\EBDESIGN\frontend\src\services\api.js","API_OR_SERVICE","api","GET","/finance/ai/insights","False"
"C:\Users\DIYA GOEL\Downloads\EBDESIGN\frontend\src\services\api.js","API_OR_SERVICE","api","GET","/finance/my-enwr-receipts","False"
"C:\Users\DIYA GOEL\Downloads\EBDESIGN\frontend\src\services\api.js","API_OR_SERVICE","api","GET","/finance/trial-balance","False"
"C:\Users\DIYA GOEL\Downloads\EBDESIGN\frontend\src\services\api.js","API_OR_SERVICE","api","GET","/finance/verify-ledger","False"
"C:\Users\DIYA GOEL\Downloads\EBDESIGN\frontend\src\services\api.js","API_OR_SERVICE","api","GET","/finance-leasing","False"
"C:\Users\DIYA GOEL\Downloads\EBDESIGN\frontend\src\services\api.js","API_OR_SERVICE","api","GET","/financial","False"
"C:\Users\DIYA GOEL\Downloads\EBDESIGN\frontend\src\services\api.js","API_OR_SERVICE","api","GET","/financial/loans","False"
"C:\Users\DIYA GOEL\Downloads\EBDESIGN\frontend\src\services\api.js","API_OR_SERVICE","api","GET","/financial-resilience-farming","False"
"C:\Users\DIYA GOEL\Downloads\EBDESIGN\frontend\src\services\api.js","API_OR_SERVICE","api","GET","/finman","False"
"C:\Users\DIYA GOEL\Downloads\EBDESIGN\frontend\src\services\api.js","API_OR_SERVICE","api","GET","/firebase-realtime-data","False"
"C:\Users\DIYA GOEL\Downloads\EBDESIGN\frontend\src\services\api.js","API_OR_SERVICE","api","GET","/firestore-data","False"
"C:\Users\DIYA GOEL\Downloads\EBDESIGN\frontend\src\services\api.js","API_OR_SERVICE","api","GET","/fisheries-compliance","False"
"C:\Users\DIYA GOEL\Downloads\EBDESIGN\frontend\src\services\api.js","API_OR_SERVICE","api","GET","/fisheries-harvest","False"
"C:\Users\DIYA GOEL\Downloads\EBDESIGN\frontend\src\services\api.js","API_OR_SERVICE","api","GET","/fisheries-harvest/harvests","False"
"C:\Users\DIYA GOEL\Downloads\EBDESIGN\frontend\src\services\api.js","API_OR_SERVICE","api","GET","/fisheries-health","False"
"C:\Users\DIYA GOEL\Downloads\EBDESIGN\frontend\src\services\api.js","API_OR_SERVICE","api","GET","/fisheries-pcr-management","False"
"C:\Users\DIYA GOEL\Downloads\EBDESIGN\frontend\src\services\api.js","API_OR_SERVICE","api","GET","/fisheries-water-quality","False"
"C:\Users\DIYA GOEL\Downloads\EBDESIGN\frontend\src\services\api.js","API_OR_SERVICE","api","GET","/fisheries-water-quality/readings","False"
"C:\Users\DIYA GOEL\Downloads\EBDESIGN\frontend\src\services\api.js","API_OR_SERVICE","api","GET","/fish-feed","False"
"C:\Users\DIYA GOEL\Downloads\EBDESIGN\frontend\src\services\api.js","API_OR_SERVICE","api","GET","/fish-feed/logs","False"
"C:\Users\DIYA GOEL\Downloads\EBDESIGN\frontend\src\services\api.js","API_OR_SERVICE","api","GET","/fish-health/records","False"
"C:\Users\DIYA GOEL\Downloads\EBDESIGN\frontend\src\services\api.js","API_OR_SERVICE","api","GET","/fish-processing/batches","False"
"C:\Users\DIYA GOEL\Downloads\EBDESIGN\frontend\src\services\api.js","API_OR_SERVICE","api","GET","/flags","False"
"C:\Users\DIYA GOEL\Downloads\EBDESIGN\frontend\src\services\api.js","API_OR_SERVICE","api","GET","/flash-sales","False"
"C:\Users\DIYA GOEL\Downloads\EBDESIGN\frontend\src\services\api.js","API_OR_SERVICE","api","GET","/flash-sales/${id}","True"
"C:\Users\DIYA GOEL\Downloads\EBDESIGN\frontend\src\services\api.js","API_OR_SERVICE","api","GET","/fleet-management/fleet","False"
"C:\Users\DIYA GOEL\Downloads\EBDESIGN\frontend\src\services\api.js","API_OR_SERVICE","api","GET","/fleet-management/maintenance-due","False"
"C:\Users\DIYA GOEL\Downloads\EBDESIGN\frontend\src\services\api.js","API_OR_SERVICE","api","GET","/fleets","False"
"C:\Users\DIYA GOEL\Downloads\EBDESIGN\frontend\src\services\api.js","API_OR_SERVICE","api","GET","/flights","False"
"C:\Users\DIYA GOEL\Downloads\EBDESIGN\frontend\src\services\api.js","API_OR_SERVICE","api","GET","/flood-monitoring","False"
"C:\Users\DIYA GOEL\Downloads\EBDESIGN\frontend\src\services\api.js","API_OR_SERVICE","api","GET","/flood-monitoring/records","False"
"C:\Users\DIYA GOEL\Downloads\EBDESIGN\frontend\src\services\api.js","API_OR_SERVICE","api","GET","/flood-resilience-farming","False"
"C:\Users\DIYA GOEL\Downloads\EBDESIGN\frontend\src\services\api.js","API_OR_SERVICE","api","GET","/floriculture/records","False"
"C:\Users\DIYA GOEL\Downloads\EBDESIGN\frontend\src\services\api.js","API_OR_SERVICE","api","GET","/folu/land-use-summary","False"
"C:\Users\DIYA GOEL\Downloads\EBDESIGN\frontend\src\services\api.js","API_OR_SERVICE","api","GET","/folu/scheme-status","False"
"C:\Users\DIYA GOEL\Downloads\EBDESIGN\frontend\src\services\api.js","API_OR_SERVICE","api","GET","/folu-benchmark/benchmark-report","False"
"C:\Users\DIYA GOEL\Downloads\EBDESIGN\frontend\src\services\api.js","API_OR_SERVICE","api","GET","/folu-benchmark/transitions","False"
"C:\Users\DIYA GOEL\Downloads\EBDESIGN\frontend\src\services\api.js","API_OR_SERVICE","api","GET","/food-grains","False"
"C:\Users\DIYA GOEL\Downloads\EBDESIGN\frontend\src\services\api.js","API_OR_SERVICE","api","GET","/food-intelligence","False"
"C:\Users\DIYA GOEL\Downloads\EBDESIGN\frontend\src\services\api.js","API_OR_SERVICE","api","GET","/food-processing","False"
"C:\Users\DIYA GOEL\Downloads\EBDESIGN\frontend\src\services\api.js","API_OR_SERVICE","api","GET","/forage","False"
"C:\Users\DIYA GOEL\Downloads\EBDESIGN\frontend\src\services\api.js","API_OR_SERVICE","api","GET","/forecast","False"
"C:\Users\DIYA GOEL\Downloads\EBDESIGN\frontend\src\services\api.js","API_OR_SERVICE","api","GET","/forms/${form}","True"
"C:\Users\DIYA GOEL\Downloads\EBDESIGN\frontend\src\services\api.js","API_OR_SERVICE","api","GET","/forms/forms","False"
"C:\Users\DIYA GOEL\Downloads\EBDESIGN\frontend\src\services\api.js","API_OR_SERVICE","api","GET","/formulations","False"
"C:\Users\DIYA GOEL\Downloads\EBDESIGN\frontend\src\services\api.js","API_OR_SERVICE","api","GET","/fpos","False"
"C:\Users\DIYA GOEL\Downloads\EBDESIGN\frontend\src\services\api.js","API_OR_SERVICE","api","GET","/fpos/${id}","True"
"C:\Users\DIYA GOEL\Downloads\EBDESIGN\frontend\src\services\api.js","API_OR_SERVICE","api","GET","/franchises","False"
"C:\Users\DIYA GOEL\Downloads\EBDESIGN\frontend\src\services\api.js","API_OR_SERVICE","api","GET","/freight-pooling/close-and-dispatch","False"
"C:\Users\DIYA GOEL\Downloads\EBDESIGN\frontend\src\services\api.js","API_OR_SERVICE","api","GET","/freight-pooling/find-poolable-shipments","False"
"C:\Users\DIYA GOEL\Downloads\EBDESIGN\frontend\src\services\api.js","API_OR_SERVICE","api","GET","/freight-pooling/join-pool-window","False"
"C:\Users\DIYA GOEL\Downloads\EBDESIGN\frontend\src\services\api.js","API_OR_SERVICE","api","GET","/freight-pooling/open-windows","False"
"C:\Users\DIYA GOEL\Downloads\EBDESIGN\frontend\src\services\api.js","API_OR_SERVICE","api","GET","/freight-pooling/pool-window","False"
"C:\Users\DIYA GOEL\Downloads\EBDESIGN\frontend\src\services\api.js","API_OR_SERVICE","api","GET","/fresh-produce","False"
"C:\Users\DIYA GOEL\Downloads\EBDESIGN\frontend\src\services\api.js","API_OR_SERVICE","api","GET","/fruit-crops","False"
"C:\Users\DIYA GOEL\Downloads\EBDESIGN\frontend\src\services\api.js","API_OR_SERVICE","api","GET","/fuel-management/logs","False"
"C:\Users\DIYA GOEL\Downloads\EBDESIGN\frontend\src\services\api.js","API_OR_SERVICE","api","GET","/funding","False"
"C:\Users\DIYA GOEL\Downloads\EBDESIGN\frontend\src\services\api.js","API_OR_SERVICE","api","GET","/funds","False"
"C:\Users\DIYA GOEL\Downloads\EBDESIGN\frontend\src\services\api.js","API_OR_SERVICE","api","GET","/future-markets","False"
"C:\Users\DIYA GOEL\Downloads\EBDESIGN\frontend\src\services\api.js","API_OR_SERVICE","api","GET","/game-meat","False"
"C:\Users\DIYA GOEL\Downloads\EBDESIGN\frontend\src\services\api.js","API_OR_SERVICE","api","GET","/gateways","False"
"C:\Users\DIYA GOEL\Downloads\EBDESIGN\frontend\src\services\api.js","API_OR_SERVICE","api","GET","/gdpr/status","False"
"C:\Users\DIYA GOEL\Downloads\EBDESIGN\frontend\src\services\api.js","API_OR_SERVICE","api","GET","/genetics","False"
"C:\Users\DIYA GOEL\Downloads\EBDESIGN\frontend\src\services\api.js","API_OR_SERVICE","api","GET","/geo-boundary/boundaries","False"
"C:\Users\DIYA GOEL\Downloads\EBDESIGN\frontend\src\services\api.js","API_OR_SERVICE","api","GET","/geo-spatial","False"
"C:\Users\DIYA GOEL\Downloads\EBDESIGN\frontend\src\services\api.js","API_OR_SERVICE","api","GET","/geo-tagging","False"
"C:\Users\DIYA GOEL\Downloads\EBDESIGN\frontend\src\services\api.js","API_OR_SERVICE","api","GET","/gift-cards","False"
"C:\Users\DIYA GOEL\Downloads\EBDESIGN\frontend\src\services\api.js","API_OR_SERVICE","api","GET","/gift-cards/${id}","True"
"C:\Users\DIYA GOEL\Downloads\EBDESIGN\frontend\src\services\api.js","API_OR_SERVICE","api","GET","/gis-land-mapping/mappings","False"
"C:\Users\DIYA GOEL\Downloads\EBDESIGN\frontend\src\services\api.js","API_OR_SERVICE","api","GET","/glut-warning/check-glut-risk","False"
"C:\Users\DIYA GOEL\Downloads\EBDESIGN\frontend\src\services\api.js","API_OR_SERVICE","api","GET","/glut-warning/scan-all-categories","False"
"C:\Users\DIYA GOEL\Downloads\EBDESIGN\frontend\src\services\api.js","API_OR_SERVICE","api","GET","/goat/breeding-alerts","False"
"C:\Users\DIYA GOEL\Downloads\EBDESIGN\frontend\src\services\api.js","API_OR_SERVICE","api","GET","/goat/herd","False"
"C:\Users\DIYA GOEL\Downloads\EBDESIGN\frontend\src\services\api.js","API_OR_SERVICE","api","GET","/goat/herd-performance","False"
"C:\Users\DIYA GOEL\Downloads\EBDESIGN\frontend\src\services\api.js","API_OR_SERVICE","api","GET","/goat/milk-production","False"
"C:\Users\DIYA GOEL\Downloads\EBDESIGN\frontend\src\services\api.js","API_OR_SERVICE","api","GET","/goat/record-breeding","False"
"C:\Users\DIYA GOEL\Downloads\EBDESIGN\frontend\src\services\api.js","API_OR_SERVICE","api","GET","/goat/record-feed-consumption","False"
"C:\Users\DIYA GOEL\Downloads\EBDESIGN\frontend\src\services\api.js","API_OR_SERVICE","api","GET","/goat/record-milk-production","False"
"C:\Users\DIYA GOEL\Downloads\EBDESIGN\frontend\src\services\api.js","API_OR_SERVICE","api","GET","/goat/vaccination-alerts","False"
"C:\Users\DIYA GOEL\Downloads\EBDESIGN\frontend\src\services\api.js","API_OR_SERVICE","api","GET","/goat-ai/monitor-goat-health","False"
"C:\Users\DIYA GOEL\Downloads\EBDESIGN\frontend\src\services\api.js","API_OR_SERVICE","api","GET","/goat-ai/optimize-goat-feed","False"
"C:\Users\DIYA GOEL\Downloads\EBDESIGN\frontend\src\services\api.js","API_OR_SERVICE","api","GET","/goat-ai/optimize-goat-milk-production","False"
"C:\Users\DIYA GOEL\Downloads\EBDESIGN\frontend\src\services\api.js","API_OR_SERVICE","api","GET","/goat-ai/recommend-goat-breeding","False"
"C:\Users\DIYA GOEL\Downloads\EBDESIGN\frontend\src\services\api.js","API_OR_SERVICE","api","GET","/goat-farming/animals","False"
"C:\Users\DIYA GOEL\Downloads\EBDESIGN\frontend\src\services\api.js","API_OR_SERVICE","api","GET","/governance/policies","False"
"C:\Users\DIYA GOEL\Downloads\EBDESIGN\frontend\src\services\api.js","API_OR_SERVICE","api","GET","/governance-resilience-farming","False"
"C:\Users\DIYA GOEL\Downloads\EBDESIGN\frontend\src\services\api.js","API_OR_SERVICE","api","GET","/government/compliance-status","False"
"C:\Users\DIYA GOEL\Downloads\EBDESIGN\frontend\src\services\api.js","API_OR_SERVICE","api","GET","/government/scheme-analytics","False"
"C:\Users\DIYA GOEL\Downloads\EBDESIGN\frontend\src\services\api.js","API_OR_SERVICE","api","GET","/government-scheme/announcements","False"
"C:\Users\DIYA GOEL\Downloads\EBDESIGN\frontend\src\services\api.js","API_OR_SERVICE","api","GET","/government-scheme/csr-opportunities","False"
"C:\Users\DIYA GOEL\Downloads\EBDESIGN\frontend\src\services\api.js","API_OR_SERVICE","api","GET","/government-scheme/weather-alerts","False"
"C:\Users\DIYA GOEL\Downloads\EBDESIGN\frontend\src\services\api.js","API_OR_SERVICE","api","GET","/government-schemes","False"
"C:\Users\DIYA GOEL\Downloads\EBDESIGN\frontend\src\services\api.js","API_OR_SERVICE","api","GET","/grains","False"
"C:\Users\DIYA GOEL\Downloads\EBDESIGN\frontend\src\services\api.js","API_OR_SERVICE","api","GET","/grazing","False"
"C:\Users\DIYA GOEL\Downloads\EBDESIGN\frontend\src\services\api.js","API_OR_SERVICE","api","GET","/greenhouse-management","False"
"C:\Users\DIYA GOEL\Downloads\EBDESIGN\frontend\src\services\api.js","API_OR_SERVICE","api","GET","/greenhouses","False"
"C:\Users\DIYA GOEL\Downloads\EBDESIGN\frontend\src\services\api.js","API_OR_SERVICE","api","GET","/group-buys","False"
"C:\Users\DIYA GOEL\Downloads\EBDESIGN\frontend\src\services\api.js","API_OR_SERVICE","api","GET","/group-buys/${id}","True"
"C:\Users\DIYA GOEL\Downloads\EBDESIGN\frontend\src\services\api.js","API_OR_SERVICE","api","GET","/groups","False"
"C:\Users\DIYA GOEL\Downloads\EBDESIGN\frontend\src\services\api.js","API_OR_SERVICE","api","GET","/groups/${id}","True"
"C:\Users\DIYA GOEL\Downloads\EBDESIGN\frontend\src\services\api.js","API_OR_SERVICE","api","GET","/growing","False"
"C:\Users\DIYA GOEL\Downloads\EBDESIGN\frontend\src\services\api.js","API_OR_SERVICE","api","GET","/guardians","False"
"C:\Users\DIYA GOEL\Downloads\EBDESIGN\frontend\src\services\api.js","API_OR_SERVICE","api","GET","/guilds","False"
"C:\Users\DIYA GOEL\Downloads\EBDESIGN\frontend\src\services\api.js","API_OR_SERVICE","api","GET","/guilds/${id}","True"
"C:\Users\DIYA GOEL\Downloads\EBDESIGN\frontend\src\services\api.js","API_OR_SERVICE","api","GET","/habitats","False"
"C:\Users\DIYA GOEL\Downloads\EBDESIGN\frontend\src\services\api.js","API_OR_SERVICE","api","GET","/hacktivism","False"
"C:\Users\DIYA GOEL\Downloads\EBDESIGN\frontend\src\services\api.js","API_OR_SERVICE","api","GET","/hamlets","False"
"C:\Users\DIYA GOEL\Downloads\EBDESIGN\frontend\src\services\api.js","API_OR_SERVICE","api","GET","/hamlets/${id}","True"
"C:\Users\DIYA GOEL\Downloads\EBDESIGN\frontend\src\services\api.js","API_OR_SERVICE","api","GET","/harvesting","False"
"C:\Users\DIYA GOEL\Downloads\EBDESIGN\frontend\src\services\api.js","API_OR_SERVICE","api","GET","/harvest-management","False"
"C:\Users\DIYA GOEL\Downloads\EBDESIGN\frontend\src\services\api.js","API_OR_SERVICE","api","GET","/harvest-prediction","False"
"C:\Users\DIYA GOEL\Downloads\EBDESIGN\frontend\src\services\api.js","API_OR_SERVICE","api","GET","/hatchery-management","False"
"C:\Users\DIYA GOEL\Downloads\EBDESIGN\frontend\src\services\api.js","API_OR_SERVICE","api","GET","/hatchery-management/batches","False"
"C:\Users\DIYA GOEL\Downloads\EBDESIGN\frontend\src\services\api.js","API_OR_SERVICE","api","GET","/health","False"
"C:\Users\DIYA GOEL\Downloads\EBDESIGN\frontend\src\services\api.js","API_OR_SERVICE","api","GET","/herds","False"
"C:\Users\DIYA GOEL\Downloads\EBDESIGN\frontend\src\services\api.js","API_OR_SERVICE","api","GET","/history/${entity}/${id}","True"
"C:\Users\DIYA GOEL\Downloads\EBDESIGN\frontend\src\services\api.js","API_OR_SERVICE","api","GET","/history/${entity}/${id}/${version}","True"
"C:\Users\DIYA GOEL\Downloads\EBDESIGN\frontend\src\services\api.js","API_OR_SERVICE","api","GET","/home-automation","False"
"C:\Users\DIYA GOEL\Downloads\EBDESIGN\frontend\src\services\api.js","API_OR_SERVICE","api","GET","/horticulture","False"
"C:\Users\DIYA GOEL\Downloads\EBDESIGN\frontend\src\services\api.js","API_OR_SERVICE","api","GET","/horticulture-analytics/metrics","False"
"C:\Users\DIYA GOEL\Downloads\EBDESIGN\frontend\src\services\api.js","API_OR_SERVICE","api","GET","/household-economy/household-economy","False"
"C:\Users\DIYA GOEL\Downloads\EBDESIGN\frontend\src\services\api.js","API_OR_SERVICE","api","GET","/housing","False"
"C:\Users\DIYA GOEL\Downloads\EBDESIGN\frontend\src\services\api.js","API_OR_SERVICE","api","GET","/hr/employees","False"
"C:\Users\DIYA GOEL\Downloads\EBDESIGN\frontend\src\services\api.js","API_OR_SERVICE","api","GET","/hr/employees/${id}","True"
"C:\Users\DIYA GOEL\Downloads\EBDESIGN\frontend\src\services\api.js","API_OR_SERVICE","api","GET","/human-development","False"
"C:\Users\DIYA GOEL\Downloads\EBDESIGN\frontend\src\services\api.js","API_OR_SERVICE","api","GET","/hybrid-farming","False"
"C:\Users\DIYA GOEL\Downloads\EBDESIGN\frontend\src\services\api.js","API_OR_SERVICE","api","GET","/hydroponics","False"
"C:\Users\DIYA GOEL\Downloads\EBDESIGN\frontend\src\services\api.js","API_OR_SERVICE","api","GET","/hydroponics/systems","False"
"C:\Users\DIYA GOEL\Downloads\EBDESIGN\frontend\src\services\api.js","API_OR_SERVICE","api","GET","/hygiene","False"
"C:\Users\DIYA GOEL\Downloads\EBDESIGN\frontend\src\services\api.js","API_OR_SERVICE","api","GET","/i18n/${lang}","True"
"C:\Users\DIYA GOEL\Downloads\EBDESIGN\frontend\src\services\api.js","API_OR_SERVICE","api","GET","/identities","False"
"C:\Users\DIYA GOEL\Downloads\EBDESIGN\frontend\src\services\api.js","API_OR_SERVICE","api","GET","/identity-management","False"
"C:\Users\DIYA GOEL\Downloads\EBDESIGN\frontend\src\services\api.js","API_OR_SERVICE","api","GET","/ideological-warfare","False"
"C:\Users\DIYA GOEL\Downloads\EBDESIGN\frontend\src\services\api.js","API_OR_SERVICE","api","GET","/image-recognition-farming","False"
"C:\Users\DIYA GOEL\Downloads\EBDESIGN\frontend\src\services\api.js","API_OR_SERVICE","api","GET","/images/${id}","True"
"C:\Users\DIYA GOEL\Downloads\EBDESIGN\frontend\src\services\api.js","API_OR_SERVICE","api","GET","/impact-assessments","False"
"C:\Users\DIYA GOEL\Downloads\EBDESIGN\frontend\src\services\api.js","API_OR_SERVICE","api","GET","/impacts","False"
"C:\Users\DIYA GOEL\Downloads\EBDESIGN\frontend\src\services\api.js","API_OR_SERVICE","api","GET","/implement-management/implements","False"
"C:\Users\DIYA GOEL\Downloads\EBDESIGN\frontend\src\services\api.js","API_OR_SERVICE","api","GET","/import-export","False"
"C:\Users\DIYA GOEL\Downloads\EBDESIGN\frontend\src\services\api.js","API_OR_SERVICE","api","GET","/imports","False"
"C:\Users\DIYA GOEL\Downloads\EBDESIGN\frontend\src\services\api.js","API_OR_SERVICE","api","GET","/incident-response","False"
"C:\Users\DIYA GOEL\Downloads\EBDESIGN\frontend\src\services\api.js","API_OR_SERVICE","api","GET","/incidents","False"
"C:\Users\DIYA GOEL\Downloads\EBDESIGN\frontend\src\services\api.js","API_OR_SERVICE","api","GET","/income","False"
"C:\Users\DIYA GOEL\Downloads\EBDESIGN\frontend\src\services\api.js","API_OR_SERVICE","api","GET","/indigenous","False"
"C:\Users\DIYA GOEL\Downloads\EBDESIGN\frontend\src\services\api.js","API_OR_SERVICE","api","GET","/indigenous-engagements","False"
"C:\Users\DIYA GOEL\Downloads\EBDESIGN\frontend\src\services\api.js","API_OR_SERVICE","api","GET","/individual-resilience-farming","False"
"C:\Users\DIYA GOEL\Downloads\EBDESIGN\frontend\src\services\api.js","API_OR_SERVICE","api","GET","/individuals","False"
"C:\Users\DIYA GOEL\Downloads\EBDESIGN\frontend\src\services\api.js","API_OR_SERVICE","api","GET","/individual-warfare","False"
"C:\Users\DIYA GOEL\Downloads\EBDESIGN\frontend\src\services\api.js","API_OR_SERVICE","api","GET","/industry","False"
"C:\Users\DIYA GOEL\Downloads\EBDESIGN\frontend\src\services\api.js","API_OR_SERVICE","api","GET","/industry-associations","False"
"C:\Users\DIYA GOEL\Downloads\EBDESIGN\frontend\src\services\api.js","API_OR_SERVICE","api","GET","/industry-associations/${id}","True"
"C:\Users\DIYA GOEL\Downloads\EBDESIGN\frontend\src\services\api.js","API_OR_SERVICE","api","GET","/industry-resilience-farming","False"
"C:\Users\DIYA GOEL\Downloads\EBDESIGN\frontend\src\services\api.js","API_OR_SERVICE","api","GET","/information-sharing/access-sharing-link","False"
"C:\Users\DIYA GOEL\Downloads\EBDESIGN\frontend\src\services\api.js","API_OR_SERVICE","api","GET","/information-sharing/activity-logs","False"
"C:\Users\DIYA GOEL\Downloads\EBDESIGN\frontend\src\services\api.js","API_OR_SERVICE","api","GET","/information-sharing/analytics","False"
"C:\Users\DIYA GOEL\Downloads\EBDESIGN\frontend\src\services\api.js","API_OR_SERVICE","api","GET","/information-sharing/check-permission","False"
"C:\Users\DIYA GOEL\Downloads\EBDESIGN\frontend\src\services\api.js","API_OR_SERVICE","api","GET","/information-sharing/collaboration-sessions","False"
"C:\Users\DIYA GOEL\Downloads\EBDESIGN\frontend\src\services\api.js","API_OR_SERVICE","api","GET","/information-sharing/document","False"
"C:\Users\DIYA GOEL\Downloads\EBDESIGN\frontend\src\services\api.js","API_OR_SERVICE","api","GET","/information-sharing/documents","False"
"C:\Users\DIYA GOEL\Downloads\EBDESIGN\frontend\src\services\api.js","API_OR_SERVICE","api","GET","/information-sharing/end-collaboration-session","False"
"C:\Users\DIYA GOEL\Downloads\EBDESIGN\frontend\src\services\api.js","API_OR_SERVICE","api","GET","/information-sharing/folders","False"
"C:\Users\DIYA GOEL\Downloads\EBDESIGN\frontend\src\services\api.js","API_OR_SERVICE","api","GET","/information-sharing/folder-tree","False"
"C:\Users\DIYA GOEL\Downloads\EBDESIGN\frontend\src\services\api.js","API_OR_SERVICE","api","GET","/information-sharing/health-status","False"
"C:\Users\DIYA GOEL\Downloads\EBDESIGN\frontend\src\services\api.js","API_OR_SERVICE","api","GET","/information-sharing/join-collaboration-session","False"
"C:\Users\DIYA GOEL\Downloads\EBDESIGN\frontend\src\services\api.js","API_OR_SERVICE","api","GET","/information-sharing/permissions","False"
"C:\Users\DIYA GOEL\Downloads\EBDESIGN\frontend\src\services\api.js","API_OR_SERVICE","api","GET","/information-sharing/set-permission","False"
"C:\Users\DIYA GOEL\Downloads\EBDESIGN\frontend\src\services\api.js","API_OR_SERVICE","api","GET","/information-warfare","False"
"C:\Users\DIYA GOEL\Downloads\EBDESIGN\frontend\src\services\api.js","API_OR_SERVICE","api","GET","/infrastructure","False"
"C:\Users\DIYA GOEL\Downloads\EBDESIGN\frontend\src\services\api.js","API_OR_SERVICE","api","GET","/infrastructure/status","False"
"C:\Users\DIYA GOEL\Downloads\EBDESIGN\frontend\src\services\api.js","API_OR_SERVICE","api","GET","/infrastructure-development","False"
"C:\Users\DIYA GOEL\Downloads\EBDESIGN\frontend\src\services\api.js","API_OR_SERVICE","api","GET","/infrastructure-resilience-farming","False"
"C:\Users\DIYA GOEL\Downloads\EBDESIGN\frontend\src\services\api.js","API_OR_SERVICE","api","GET","/innovation-resilience-farming","False"
"C:\Users\DIYA GOEL\Downloads\EBDESIGN\frontend\src\services\api.js","API_OR_SERVICE","api","GET","/innovations","False"
"C:\Users\DIYA GOEL\Downloads\EBDESIGN\frontend\src\services\api.js","API_OR_SERVICE","api","GET","/innovation-transfer","False"
"C:\Users\DIYA GOEL\Downloads\EBDESIGN\frontend\src\services\api.js","API_OR_SERVICE","api","GET","/input-consumption/records","False"
"C:\Users\DIYA GOEL\Downloads\EBDESIGN\frontend\src\services\api.js","API_OR_SERVICE","api","GET","/input-distribution/records","False"
"C:\Users\DIYA GOEL\Downloads\EBDESIGN\frontend\src\services\api.js","API_OR_SERVICE","api","GET","/input-procurement/orders","False"
"C:\Users\DIYA GOEL\Downloads\EBDESIGN\frontend\src\services\api.js","API_OR_SERVICE","api","GET","/inputs","False"
"C:\Users\DIYA GOEL\Downloads\EBDESIGN\frontend\src\services\api.js","API_OR_SERVICE","api","GET","/input-traceability/records","False"
"C:\Users\DIYA GOEL\Downloads\EBDESIGN\frontend\src\services\api.js","API_OR_SERVICE","api","GET","/insect-management","False"
"C:\Users\DIYA GOEL\Downloads\EBDESIGN\frontend\src\services\api.js","API_OR_SERVICE","api","GET","/inspection-resilience-farming","False"
"C:\Users\DIYA GOEL\Downloads\EBDESIGN\frontend\src\services\api.js","API_OR_SERVICE","api","GET","/inspections","False"
"C:\Users\DIYA GOEL\Downloads\EBDESIGN\frontend\src\services\api.js","API_OR_SERVICE","api","GET","/institutional-resilience-farming","False"
"C:\Users\DIYA GOEL\Downloads\EBDESIGN\frontend\src\services\api.js","API_OR_SERVICE","api","GET","/insurance/ai/insights","False"
"C:\Users\DIYA GOEL\Downloads\EBDESIGN\frontend\src\services\api.js","API_OR_SERVICE","api","GET","/insurance/claims","False"
"C:\Users\DIYA GOEL\Downloads\EBDESIGN\frontend\src\services\api.js","API_OR_SERVICE","api","GET","/insurance/policies","False"
"C:\Users\DIYA GOEL\Downloads\EBDESIGN\frontend\src\services\api.js","API_OR_SERVICE","api","GET","/insurance/products","False"
"C:\Users\DIYA GOEL\Downloads\EBDESIGN\frontend\src\services\api.js","API_OR_SERVICE","api","GET","/insurance-claims","False"
"C:\Users\DIYA GOEL\Downloads\EBDESIGN\frontend\src\services\api.js","API_OR_SERVICE","api","GET","/integrated-farming","False"
"C:\Users\DIYA GOEL\Downloads\EBDESIGN\frontend\src\services\api.js","API_OR_SERVICE","api","GET","/integration-hub","False"
"C:\Users\DIYA GOEL\Downloads\EBDESIGN\frontend\src\services\api.js","API_OR_SERVICE","api","GET","/integrations","False"
"C:\Users\DIYA GOEL\Downloads\EBDESIGN\frontend\src\services\api.js","API_OR_SERVICE","api","GET","/intellectual-property","False"
"C:\Users\DIYA GOEL\Downloads\EBDESIGN\frontend\src\services\api.js","API_OR_SERVICE","api","GET","/intercropping","False"
"C:\Users\DIYA GOEL\Downloads\EBDESIGN\frontend\src\services\api.js","API_OR_SERVICE","api","GET","/international-cooperations","False"
"C:\Users\DIYA GOEL\Downloads\EBDESIGN\frontend\src\services\api.js","API_OR_SERVICE","api","GET","/international-engagements","False"
"C:\Users\DIYA GOEL\Downloads\EBDESIGN\frontend\src\services\api.js","API_OR_SERVICE","api","GET","/inventory","False"
"C:\Users\DIYA GOEL\Downloads\EBDESIGN\frontend\src\services\api.js","API_OR_SERVICE","api","GET","/inventory-management","False"
"C:\Users\DIYA GOEL\Downloads\EBDESIGN\frontend\src\services\api.js","API_OR_SERVICE","api","GET","/inventory-optimization","False"
"C:\Users\DIYA GOEL\Downloads\EBDESIGN\frontend\src\services\api.js","API_OR_SERVICE","api","GET","/investment","False"
"C:\Users\DIYA GOEL\Downloads\EBDESIGN\frontend\src\services\api.js","API_OR_SERVICE","api","GET","/investment-portfolio","False"
"C:\Users\DIYA GOEL\Downloads\EBDESIGN\frontend\src\services\api.js","API_OR_SERVICE","api","GET","/invoices","False"
"C:\Users\DIYA GOEL\Downloads\EBDESIGN\frontend\src\services\api.js","API_OR_SERVICE","api","GET","/invoices/${id}","True"
"C:\Users\DIYA GOEL\Downloads\EBDESIGN\frontend\src\services\api.js","API_OR_SERVICE","api","GET","/iot-farming","False"
"C:\Users\DIYA GOEL\Downloads\EBDESIGN\frontend\src\services\api.js","API_OR_SERVICE","api","GET","/irrigation","False"
"C:\Users\DIYA GOEL\Downloads\EBDESIGN\frontend\src\services\api.js","API_OR_SERVICE","api","GET","/irrigation/schedules","False"
"C:\Users\DIYA GOEL\Downloads\EBDESIGN\frontend\src\services\api.js","API_OR_SERVICE","api","GET","/irrigation/water-sources","False"
"C:\Users\DIYA GOEL\Downloads\EBDESIGN\frontend\src\services\api.js","API_OR_SERVICE","api","GET","/irrigation-scheduler","False"
"C:\Users\DIYA GOEL\Downloads\EBDESIGN\frontend\src\services\api.js","API_OR_SERVICE","api","GET","/irrigation-system","False"
"C:\Users\DIYA GOEL\Downloads\EBDESIGN\frontend\src\services\api.js","API_OR_SERVICE","api","GET","/isolation-policies","False"
"C:\Users\DIYA GOEL\Downloads\EBDESIGN\frontend\src\services\api.js","API_OR_SERVICE","api","GET","/issues","False"
"C:\Users\DIYA GOEL\Downloads\EBDESIGN\frontend\src\services\api.js","API_OR_SERVICE","api","GET","/istio-configs","False"
"C:\Users\DIYA GOEL\Downloads\EBDESIGN\frontend\src\services\api.js","API_OR_SERVICE","api","GET","/job-manager","False"
"C:\Users\DIYA GOEL\Downloads\EBDESIGN\frontend\src\services\api.js","API_OR_SERVICE","api","GET","/joint-ventures","False"
"C:\Users\DIYA GOEL\Downloads\EBDESIGN\frontend\src\services\api.js","API_OR_SERVICE","api","GET","/jurisdictions","False"
"C:\Users\DIYA GOEL\Downloads\EBDESIGN\frontend\src\services\api.js","API_OR_SERVICE","api","GET","/jurisdictions/${id}","True"
"C:\Users\DIYA GOEL\Downloads\EBDESIGN\frontend\src\services\api.js","API_OR_SERVICE","api","GET","/kafka-topics","False"
"C:\Users\DIYA GOEL\Downloads\EBDESIGN\frontend\src\services\api.js","API_OR_SERVICE","api","GET","/kiosk","False"
"C:\Users\DIYA GOEL\Downloads\EBDESIGN\frontend\src\services\api.js","API_OR_SERVICE","api","GET","/kiosks","False"
"C:\Users\DIYA GOEL\Downloads\EBDESIGN\frontend\src\services\api.js","API_OR_SERVICE","api","GET","/knowledge-base","False"
"C:\Users\DIYA GOEL\Downloads\EBDESIGN\frontend\src\services\api.js","API_OR_SERVICE","api","GET","/knowledge-base/${id}","True"
"C:\Users\DIYA GOEL\Downloads\EBDESIGN\frontend\src\services\api.js","API_OR_SERVICE","api","GET","/knowledge-graph","False"
"C:\Users\DIYA GOEL\Downloads\EBDESIGN\frontend\src\services\api.js","API_OR_SERVICE","api","GET","/knowledge-graph/search","False"
"C:\Users\DIYA GOEL\Downloads\EBDESIGN\frontend\src\services\api.js","API_OR_SERVICE","api","GET","/knowledge-resilience-farming","False"
"C:\Users\DIYA GOEL\Downloads\EBDESIGN\frontend\src\services\api.js","API_OR_SERVICE","api","GET","/knowledge-sharing","False"
"C:\Users\DIYA GOEL\Downloads\EBDESIGN\frontend\src\services\api.js","API_OR_SERVICE","api","GET","/knowledge-transfer","False"
"C:\Users\DIYA GOEL\Downloads\EBDESIGN\frontend\src\services\api.js","API_OR_SERVICE","api","GET","/kpi","False"
"C:\Users\DIYA GOEL\Downloads\EBDESIGN\frontend\src\services\api.js","API_OR_SERVICE","api","GET","/kyc","False"
"C:\Users\DIYA GOEL\Downloads\EBDESIGN\frontend\src\services\api.js","API_OR_SERVICE","api","GET","/lab/tests","False"
"C:\Users\DIYA GOEL\Downloads\EBDESIGN\frontend\src\services\api.js","API_OR_SERVICE","api","GET","/labor","False"
"C:\Users\DIYA GOEL\Downloads\EBDESIGN\frontend\src\services\api.js","API_OR_SERVICE","api","GET","/labor-optimization","False"
"C:\Users\DIYA GOEL\Downloads\EBDESIGN\frontend\src\services\api.js","API_OR_SERVICE","api","GET","/labour/attendance","False"
"C:\Users\DIYA GOEL\Downloads\EBDESIGN\frontend\src\services\api.js","API_OR_SERVICE","api","GET","/labour/payments","False"
"C:\Users\DIYA GOEL\Downloads\EBDESIGN\frontend\src\services\api.js","API_OR_SERVICE","api","GET","/labour/record-attendance","False"
"C:\Users\DIYA GOEL\Downloads\EBDESIGN\frontend\src\services\api.js","API_OR_SERVICE","api","GET","/labour/workers","False"
"C:\Users\DIYA GOEL\Downloads\EBDESIGN\frontend\src\services\api.js","API_OR_SERVICE","api","GET","/land","False"
"C:\Users\DIYA GOEL\Downloads\EBDESIGN\frontend\src\services\api.js","API_OR_SERVICE","api","GET","/land/parcels","False"
"C:\Users\DIYA GOEL\Downloads\EBDESIGN\frontend\src\services\api.js","API_OR_SERVICE","api","GET","/land-lease/leases","False"
"C:\Users\DIYA GOEL\Downloads\EBDESIGN\frontend\src\services\api.js","API_OR_SERVICE","api","GET","/landscape","False"
"C:\Users\DIYA GOEL\Downloads\EBDESIGN\frontend\src\services\api.js","API_OR_SERVICE","api","GET","/land-use","False"
"C:\Users\DIYA GOEL\Downloads\EBDESIGN\frontend\src\services\api.js","API_OR_SERVICE","api","GET","/languages","False"
"C:\Users\DIYA GOEL\Downloads\EBDESIGN\frontend\src\services\api.js","API_OR_SERVICE","api","GET","/layout-manager","False"
"C:\Users\DIYA GOEL\Downloads\EBDESIGN\frontend\src\services\api.js","API_OR_SERVICE","api","GET","/layouts","False"
"C:\Users\DIYA GOEL\Downloads\EBDESIGN\frontend\src\services\api.js","API_OR_SERVICE","api","GET","/layouts/${id}","True"
"C:\Users\DIYA GOEL\Downloads\EBDESIGN\frontend\src\services\api.js","API_OR_SERVICE","api","GET","/leadership-resilience-farming","False"
"C:\Users\DIYA GOEL\Downloads\EBDESIGN\frontend\src\services\api.js","API_OR_SERVICE","api","GET","/learning-models","False"
"C:\Users\DIYA GOEL\Downloads\EBDESIGN\frontend\src\services\api.js","API_OR_SERVICE","api","GET","/led","False"
"C:\Users\DIYA GOEL\Downloads\EBDESIGN\frontend\src\services\api.js","API_OR_SERVICE","api","GET","/legal","False"
"C:\Users\DIYA GOEL\Downloads\EBDESIGN\frontend\src\services\api.js","API_OR_SERVICE","api","GET","/legal/contracts","False"
"C:\Users\DIYA GOEL\Downloads\EBDESIGN\frontend\src\services\api.js","API_OR_SERVICE","api","GET","/legal/documents","False"
"C:\Users\DIYA GOEL\Downloads\EBDESIGN\frontend\src\services\api.js","API_OR_SERVICE","api","GET","/lessons-learned","False"
"C:\Users\DIYA GOEL\Downloads\EBDESIGN\frontend\src\services\api.js","API_OR_SERVICE","api","GET","/library","False"
"C:\Users\DIYA GOEL\Downloads\EBDESIGN\frontend\src\services\api.js","API_OR_SERVICE","api","GET","/library/cards/${encodeURIComponent(id)}","True"
"C:\Users\DIYA GOEL\Downloads\EBDESIGN\frontend\src\services\api.js","API_OR_SERVICE","api","GET","/library/cards/${id}","True"
"C:\Users\DIYA GOEL\Downloads\EBDESIGN\frontend\src\services\api.js","API_OR_SERVICE","api","GET","/library/enterprise-index/activity/files/search","False"
"C:\Users\DIYA GOEL\Downloads\EBDESIGN\frontend\src\services\api.js","API_OR_SERVICE","api","GET","/library/enterprise-index/activity/ledger/latest","False"
"C:\Users\DIYA GOEL\Downloads\EBDESIGN\frontend\src\services\api.js","API_OR_SERVICE","api","GET","/library/enterprise-index/activity/ledger/search","False"
"C:\Users\DIYA GOEL\Downloads\EBDESIGN\frontend\src\services\api.js","API_OR_SERVICE","api","GET","/library/enterprise-index/activity/ledger/summary","False"
"C:\Users\DIYA GOEL\Downloads\EBDESIGN\frontend\src\services\api.js","API_OR_SERVICE","api","GET","/library/enterprise-index/activity/summary","False"
"C:\Users\DIYA GOEL\Downloads\EBDESIGN\frontend\src\services\api.js","API_OR_SERVICE","api","GET","/library/enterprise-index/ai-workflow","False"
"C:\Users\DIYA GOEL\Downloads\EBDESIGN\frontend\src\services\api.js","API_OR_SERVICE","api","GET","/library/enterprise-index/duplicates","False"
"C:\Users\DIYA GOEL\Downloads\EBDESIGN\frontend\src\services\api.js","API_OR_SERVICE","api","GET","/library/enterprise-index/features","False"
"C:\Users\DIYA GOEL\Downloads\EBDESIGN\frontend\src\services\api.js","API_OR_SERVICE","api","GET","/library/enterprise-index/files/search","False"
"C:\Users\DIYA GOEL\Downloads\EBDESIGN\frontend\src\services\api.js","API_OR_SERVICE","api","GET","/library/enterprise-index/summary","False"
"C:\Users\DIYA GOEL\Downloads\EBDESIGN\frontend\src\services\api.js","API_OR_SERVICE","api","GET","/library/enterprise-index/workflow","False"
"C:\Users\DIYA GOEL\Downloads\EBDESIGN\frontend\src\services\api.js","API_OR_SERVICE","api","GET","/library/modules","False"
"C:\Users\DIYA GOEL\Downloads\EBDESIGN\frontend\src\services\api.js","API_OR_SERVICE","api","GET","/library/modules/${encodeURIComponent(moduleId)}","True"
"C:\Users\DIYA GOEL\Downloads\EBDESIGN\frontend\src\services\api.js","API_OR_SERVICE","api","GET","/library/search","False"
"C:\Users\DIYA GOEL\Downloads\EBDESIGN\frontend\src\services\api.js","API_OR_SERVICE","api","GET","/library/statistics","False"
"C:\Users\DIYA GOEL\Downloads\EBDESIGN\frontend\src\services\api.js","API_OR_SERVICE","api","GET","/library/verify","False"
"C:\Users\DIYA GOEL\Downloads\EBDESIGN\frontend\src\services\api.js","API_OR_SERVICE","api","GET","/licensing-resilience-farming","False"
"C:\Users\DIYA GOEL\Downloads\EBDESIGN\frontend\src\services\api.js","API_OR_SERVICE","api","GET","/limits","False"
"C:\Users\DIYA GOEL\Downloads\EBDESIGN\frontend\src\services\api.js","API_OR_SERVICE","api","GET","/linkerd-configs","False"
"C:\Users\DIYA GOEL\Downloads\EBDESIGN\frontend\src\services\api.js","API_OR_SERVICE","api","GET","/liquid-fertilizer","False"
"C:\Users\DIYA GOEL\Downloads\EBDESIGN\frontend\src\services\api.js","API_OR_SERVICE","api","GET","/live-chat","False"
"C:\Users\DIYA GOEL\Downloads\EBDESIGN\frontend\src\services\api.js","API_OR_SERVICE","api","GET","/livestock","False"
"C:\Users\DIYA GOEL\Downloads\EBDESIGN\frontend\src\services\api.js","API_OR_SERVICE","api","GET","/livestock/${id}/health","True"
"C:\Users\DIYA GOEL\Downloads\EBDESIGN\frontend\src\services\api.js","API_OR_SERVICE","api","GET","/livestock-analytics/records","False"
"C:\Users\DIYA GOEL\Downloads\EBDESIGN\frontend\src\services\api.js","API_OR_SERVICE","api","GET","/livestock-tracking","False"
"C:\Users\DIYA GOEL\Downloads\EBDESIGN\frontend\src\services\api.js","API_OR_SERVICE","api","GET","/livestock-tracking/${id}","True"
"C:\Users\DIYA GOEL\Downloads\EBDESIGN\frontend\src\services\api.js","API_OR_SERVICE","api","GET","/load-balancers","False"
"C:\Users\DIYA GOEL\Downloads\EBDESIGN\frontend\src\services\api.js","API_OR_SERVICE","api","GET","/load-tests","False"
"C:\Users\DIYA GOEL\Downloads\EBDESIGN\frontend\src\services\api.js","API_OR_SERVICE","api","GET","/loans","False"
"C:\Users\DIYA GOEL\Downloads\EBDESIGN\frontend\src\services\api.js","API_OR_SERVICE","api","GET","/lobbying-building","False"
"C:\Users\DIYA GOEL\Downloads\EBDESIGN\frontend\src\services\api.js","API_OR_SERVICE","api","GET","/localities","False"
"C:\Users\DIYA GOEL\Downloads\EBDESIGN\frontend\src\services\api.js","API_OR_SERVICE","api","GET","/localities/${id}","True"
"C:\Users\DIYA GOEL\Downloads\EBDESIGN\frontend\src\services\api.js","API_OR_SERVICE","api","GET","/locations","False"
"C:\Users\DIYA GOEL\Downloads\EBDESIGN\frontend\src\services\api.js","API_OR_SERVICE","api","GET","/log-analyses","False"
"C:\Users\DIYA GOEL\Downloads\EBDESIGN\frontend\src\services\api.js","API_OR_SERVICE","api","GET","/logger","False"
"C:\Users\DIYA GOEL\Downloads\EBDESIGN\frontend\src\services\api.js","API_OR_SERVICE","api","GET","/logging/logs","False"
"C:\Users\DIYA GOEL\Downloads\EBDESIGN\frontend\src\services\api.js","API_OR_SERVICE","api","GET","/logistics","False"
"C:\Users\DIYA GOEL\Downloads\EBDESIGN\frontend\src\services\api.js","API_OR_SERVICE","api","GET","/logistics/ai/insights","False"
"C:\Users\DIYA GOEL\Downloads\EBDESIGN\frontend\src\services\api.js","API_OR_SERVICE","api","GET","/logistics-ai/shipments","False"
"C:\Users\DIYA GOEL\Downloads\EBDESIGN\frontend\src\services\api.js","API_OR_SERVICE","api","GET","/logistics-enhancement/active-drivers","False"
"C:\Users\DIYA GOEL\Downloads\EBDESIGN\frontend\src\services\api.js","API_OR_SERVICE","api","GET","/logistics-enhancement/fleet","False"
"C:\Users\DIYA GOEL\Downloads\EBDESIGN\frontend\src\services\api.js","API_OR_SERVICE","api","GET","/logistics-enhancement/live-tracking","False"
"C:\Users\DIYA GOEL\Downloads\EBDESIGN\frontend\src\services\api.js","API_OR_SERVICE","api","GET","/logistics-enhancement/record-driver-location","False"
"C:\Users\DIYA GOEL\Downloads\EBDESIGN\frontend\src\services\api.js","API_OR_SERVICE","api","GET","/logistics-enhancement/record-temperature","False"
"C:\Users\DIYA GOEL\Downloads\EBDESIGN\frontend\src\services\api.js","API_OR_SERVICE","api","GET","/logistics-enhancement/schedule-maintenance","False"
"C:\Users\DIYA GOEL\Downloads\EBDESIGN\frontend\src\services\api.js","API_OR_SERVICE","api","GET","/logistics-enhancement/set-geofence","False"
"C:\Users\DIYA GOEL\Downloads\EBDESIGN\frontend\src\services\api.js","API_OR_SERVICE","api","GET","/logistics-enhancement/shipment-trail","False"
"C:\Users\DIYA GOEL\Downloads\EBDESIGN\frontend\src\services\api.js","API_OR_SERVICE","api","GET","/logistics-enhancement/temperature-alerts","False"
"C:\Users\DIYA GOEL\Downloads\EBDESIGN\frontend\src\services\api.js","API_OR_SERVICE","api","GET","/logistics-enhancement/temperature-data","False"
"C:\Users\DIYA GOEL\Downloads\EBDESIGN\frontend\src\services\api.js","API_OR_SERVICE","api","GET","/logistics-enhancement/tracking","False"
"C:\Users\DIYA GOEL\Downloads\EBDESIGN\frontend\src\services\api.js","API_OR_SERVICE","api","GET","/logistics-enhancement/vehicle","False"
"C:\Users\DIYA GOEL\Downloads\EBDESIGN\frontend\src\services\api.js","API_OR_SERVICE","api","GET","/logistics-enhancement/warehouse-inventory","False"
"C:\Users\DIYA GOEL\Downloads\EBDESIGN\frontend\src\services\api.js","API_OR_SERVICE","api","GET","/logistics-enhancement/warehouses","False"
"C:\Users\DIYA GOEL\Downloads\EBDESIGN\frontend\src\services\api.js","API_OR_SERVICE","api","GET","/logistics-optimization","False"
"C:\Users\DIYA GOEL\Downloads\EBDESIGN\frontend\src\services\api.js","API_OR_SERVICE","api","GET","/logistics-resilience-farming","False"
"C:\Users\DIYA GOEL\Downloads\EBDESIGN\frontend\src\services\api.js","API_OR_SERVICE","api","GET","/loyalty-points","False"
"C:\Users\DIYA GOEL\Downloads\EBDESIGN\frontend\src\services\api.js","API_OR_SERVICE","api","GET","/machinery","False"
"C:\Users\DIYA GOEL\Downloads\EBDESIGN\frontend\src\services\api.js","API_OR_SERVICE","api","GET","/machinery/${id}/maintenance","True"
"C:\Users\DIYA GOEL\Downloads\EBDESIGN\frontend\src\services\api.js","API_OR_SERVICE","api","GET","/machinery-access/machinery-access","False"
"C:\Users\DIYA GOEL\Downloads\EBDESIGN\frontend\src\services\api.js","API_OR_SERVICE","api","GET","/machinery-operations/operations","False"
"C:\Users\DIYA GOEL\Downloads\EBDESIGN\frontend\src\services\api.js","API_OR_SERVICE","api","GET","/machinery-optimization","False"
"C:\Users\DIYA GOEL\Downloads\EBDESIGN\frontend\src\services\api.js","API_OR_SERVICE","api","GET","/maintenance","False"
"C:\Users\DIYA GOEL\Downloads\EBDESIGN\frontend\src\services\api.js","API_OR_SERVICE","api","GET","/maintenance/schedules","False"
"C:\Users\DIYA GOEL\Downloads\EBDESIGN\frontend\src\services\api.js","API_OR_SERVICE","api","GET","/management-resilience-farming","False"
"C:\Users\DIYA GOEL\Downloads\EBDESIGN\frontend\src\services\api.js","API_OR_SERVICE","api","GET","/marginalized-engagements","False"
"C:\Users\DIYA GOEL\Downloads\EBDESIGN\frontend\src\services\api.js","API_OR_SERVICE","api","GET","/market","False"
"C:\Users\DIYA GOEL\Downloads\EBDESIGN\frontend\src\services\api.js","API_OR_SERVICE","api","GET","/market/prices","False"
"C:\Users\DIYA GOEL\Downloads\EBDESIGN\frontend\src\services\api.js","API_OR_SERVICE","api","GET","/market/trends","False"
"C:\Users\DIYA GOEL\Downloads\EBDESIGN\frontend\src\services\api.js","API_OR_SERVICE","api","GET","/market-access","False"
"C:\Users\DIYA GOEL\Downloads\EBDESIGN\frontend\src\services\api.js","API_OR_SERVICE","api","GET","/marketing","False"
"C:\Users\DIYA GOEL\Downloads\EBDESIGN\frontend\src\services\api.js","API_OR_SERVICE","api","GET","/market-intelligence/latest-intelligence","False"
"C:\Users\DIYA GOEL\Downloads\EBDESIGN\frontend\src\services\api.js","API_OR_SERVICE","api","GET","/marketplace","False"
"C:\Users\DIYA GOEL\Downloads\EBDESIGN\frontend\src\services\api.js","API_OR_SERVICE","api","GET","/market-price-forecast","False"
"C:\Users\DIYA GOEL\Downloads\EBDESIGN\frontend\src\services\api.js","API_OR_SERVICE","api","GET","/market-resilience-farming","False"
"C:\Users\DIYA GOEL\Downloads\EBDESIGN\frontend\src\services\api.js","API_OR_SERVICE","api","GET","/markets-resilience-farming","False"
"C:\Users\DIYA GOEL\Downloads\EBDESIGN\frontend\src\services\api.js","API_OR_SERVICE","api","GET","/market-trend","False"
"C:\Users\DIYA GOEL\Downloads\EBDESIGN\frontend\src\services\api.js","API_OR_SERVICE","api","GET","/mass-warfare","False"
"C:\Users\DIYA GOEL\Downloads\EBDESIGN\frontend\src\services\api.js","API_OR_SERVICE","api","GET","/media-engagement","False"
"C:\Users\DIYA GOEL\Downloads\EBDESIGN\frontend\src\services\api.js","API_OR_SERVICE","api","GET","/medical-coding/dietary-restrictions","False"
"C:\Users\DIYA GOEL\Downloads\EBDESIGN\frontend\src\services\api.js","API_OR_SERVICE","api","GET","/medical-coding/medical-condition-codes","False"
"C:\Users\DIYA GOEL\Downloads\EBDESIGN\frontend\src\services\api.js","API_OR_SERVICE","api","GET","/medical-coding/nutrient-requirements","False"
"C:\Users\DIYA GOEL\Downloads\EBDESIGN\frontend\src\services\api.js","API_OR_SERVICE","api","GET","/member-benefits","False"
"C:\Users\DIYA GOEL\Downloads\EBDESIGN\frontend\src\services\api.js","API_OR_SERVICE","api","GET","/members","False"
"C:\Users\DIYA GOEL\Downloads\EBDESIGN\frontend\src\services\api.js","API_OR_SERVICE","api","GET","/memcached-data","False"
"C:\Users\DIYA GOEL\Downloads\EBDESIGN\frontend\src\services\api.js","API_OR_SERVICE","api","GET","/memetic-warfare","False"
"C:\Users\DIYA GOEL\Downloads\EBDESIGN\frontend\src\services\api.js","API_OR_SERVICE","api","GET","/mentorships","False"
"C:\Users\DIYA GOEL\Downloads\EBDESIGN\frontend\src\services\api.js","API_OR_SERVICE","api","GET","/messages","False"
"C:\Users\DIYA GOEL\Downloads\EBDESIGN\frontend\src\services\api.js","API_OR_SERVICE","api","GET","/metering","False"
"C:\Users\DIYA GOEL\Downloads\EBDESIGN\frontend\src\services\api.js","API_OR_SERVICE","api","GET","/metric-analyses","False"
"C:\Users\DIYA GOEL\Downloads\EBDESIGN\frontend\src\services\api.js","API_OR_SERVICE","api","GET","/metrics","False"
"C:\Users\DIYA GOEL\Downloads\EBDESIGN\frontend\src\services\api.js","API_OR_SERVICE","api","GET","/mfa-management/devices","False"
"C:\Users\DIYA GOEL\Downloads\EBDESIGN\frontend\src\services\api.js","API_OR_SERVICE","api","GET","/micro-farms","False"
"C:\Users\DIYA GOEL\Downloads\EBDESIGN\frontend\src\services\api.js","API_OR_SERVICE","api","GET","/micro-finance","False"
"C:\Users\DIYA GOEL\Downloads\EBDESIGN\frontend\src\services\api.js","API_OR_SERVICE","api","GET","/micronutrient/items","False"
"C:\Users\DIYA GOEL\Downloads\EBDESIGN\frontend\src\services\api.js","API_OR_SERVICE","api","GET","/migrant-engagements","False"
"C:\Users\DIYA GOEL\Downloads\EBDESIGN\frontend\src\services\api.js","API_OR_SERVICE","api","GET","/migrations","False"
"C:\Users\DIYA GOEL\Downloads\EBDESIGN\frontend\src\services\api.js","API_OR_SERVICE","api","GET","/milking","False"
"C:\Users\DIYA GOEL\Downloads\EBDESIGN\frontend\src\services\api.js","API_OR_SERVICE","api","GET","/minority-engagements","False"
"C:\Users\DIYA GOEL\Downloads\EBDESIGN\frontend\src\services\api.js","API_OR_SERVICE","api","GET","/mixed-farming","False"
"C:\Users\DIYA GOEL\Downloads\EBDESIGN\frontend\src\services\api.js","API_OR_SERVICE","api","GET","/ml-farming","False"
"C:\Users\DIYA GOEL\Downloads\EBDESIGN\frontend\src\services\api.js","API_OR_SERVICE","api","GET","/ml-models","False"
"C:\Users\DIYA GOEL\Downloads\EBDESIGN\frontend\src\services\api.js","API_OR_SERVICE","api","GET","/mobile","False"
"C:\Users\DIYA GOEL\Downloads\EBDESIGN\frontend\src\services\api.js","API_OR_SERVICE","api","GET","/mobility-rides/mobility-rides","False"
"C:\Users\DIYA GOEL\Downloads\EBDESIGN\frontend\src\services\api.js","API_OR_SERVICE","api","GET","/moderations","False"
"C:\Users\DIYA GOEL\Downloads\EBDESIGN\frontend\src\services\api.js","API_OR_SERVICE","api","GET","/modules","False"
"C:\Users\DIYA GOEL\Downloads\EBDESIGN\frontend\src\services\api.js","API_OR_SERVICE","api","GET","/modules/${module}","True"
"C:\Users\DIYA GOEL\Downloads\EBDESIGN\frontend\src\services\api.js","API_OR_SERVICE","api","GET","/mongodb-data","False"
"C:\Users\DIYA GOEL\Downloads\EBDESIGN\frontend\src\services\api.js","API_OR_SERVICE","api","GET","/monitoring","False"
"C:\Users\DIYA GOEL\Downloads\EBDESIGN\frontend\src\services\api.js","API_OR_SERVICE","api","GET","/monitoring/logs","False"
"C:\Users\DIYA GOEL\Downloads\EBDESIGN\frontend\src\services\api.js","API_OR_SERVICE","api","GET","/monitoring/metrics","False"
"C:\Users\DIYA GOEL\Downloads\EBDESIGN\frontend\src\services\api.js","API_OR_SERVICE","api","GET","/movement-building","False"
"C:\Users\DIYA GOEL\Downloads\EBDESIGN\frontend\src\services\api.js","API_OR_SERVICE","api","GET","/multilateral-cooperations","False"
"C:\Users\DIYA GOEL\Downloads\EBDESIGN\frontend\src\services\api.js","API_OR_SERVICE","api","GET","/multilingual/languages","False"
"C:\Users\DIYA GOEL\Downloads\EBDESIGN\frontend\src\services\api.js","API_OR_SERVICE","api","GET","/multilingual/preferences","False"
"C:\Users\DIYA GOEL\Downloads\EBDESIGN\frontend\src\services\api.js","API_OR_SERVICE","api","GET","/mushrooms","False"
"C:\Users\DIYA GOEL\Downloads\EBDESIGN\frontend\src\services\api.js","API_OR_SERVICE","api","GET","/mutual-funds","False"
"C:\Users\DIYA GOEL\Downloads\EBDESIGN\frontend\src\services\api.js","API_OR_SERVICE","api","GET","/nanotechnology","False"
"C:\Users\DIYA GOEL\Downloads\EBDESIGN\frontend\src\services\api.js","API_OR_SERVICE","api","GET","/narrative-warfare","False"
"C:\Users\DIYA GOEL\Downloads\EBDESIGN\frontend\src\services\api.js","API_OR_SERVICE","api","GET","/neighborhoods","False"
"C:\Users\DIYA GOEL\Downloads\EBDESIGN\frontend\src\services\api.js","API_OR_SERVICE","api","GET","/neighborhoods/${id}","True"
"C:\Users\DIYA GOEL\Downloads\EBDESIGN\frontend\src\services\api.js","API_OR_SERVICE","api","GET","/nervous-system/active-motor-functions","False"
"C:\Users\DIYA GOEL\Downloads\EBDESIGN\frontend\src\services\api.js","API_OR_SERVICE","api","GET","/nervous-system/brain-decision-history","False"
"C:\Users\DIYA GOEL\Downloads\EBDESIGN\frontend\src\services\api.js","API_OR_SERVICE","api","GET","/nervous-system/brain-focus","False"
"C:\Users\DIYA GOEL\Downloads\EBDESIGN\frontend\src\services\api.js","API_OR_SERVICE","api","GET","/nervous-system/deactivate-enterprise-route","False"
"C:\Users\DIYA GOEL\Downloads\EBDESIGN\frontend\src\services\api.js","API_OR_SERVICE","api","GET","/nervous-system/execute-motor-function","False"
"C:\Users\DIYA GOEL\Downloads\EBDESIGN\frontend\src\services\api.js","API_OR_SERVICE","api","GET","/nervous-system/heart-beat-status","False"
"C:\Users\DIYA GOEL\Downloads\EBDESIGN\frontend\src\services\api.js","API_OR_SERVICE","api","GET","/nervous-system/nervous-system-health","False"
"C:\Users\DIYA GOEL\Downloads\EBDESIGN\frontend\src\services\api.js","API_OR_SERVICE","api","GET","/nervous-system/neural-pathways","False"
"C:\Users\DIYA GOEL\Downloads\EBDESIGN\frontend\src\services\api.js","API_OR_SERVICE","api","GET","/nervous-system/optimal-route","False"
"C:\Users\DIYA GOEL\Downloads\EBDESIGN\frontend\src\services\api.js","API_OR_SERVICE","api","GET","/nervous-system/process-event-through-brain","False"
"C:\Users\DIYA GOEL\Downloads\EBDESIGN\frontend\src\services\api.js","API_OR_SERVICE","api","GET","/nervous-system/reflex-arcs","False"
"C:\Users\DIYA GOEL\Downloads\EBDESIGN\frontend\src\services\api.js","API_OR_SERVICE","api","GET","/nervous-system/register-enterprise-route","False"
"C:\Users\DIYA GOEL\Downloads\EBDESIGN\frontend\src\services\api.js","API_OR_SERVICE","api","GET","/nervous-system/register-sensor","False"
"C:\Users\DIYA GOEL\Downloads\EBDESIGN\frontend\src\services\api.js","API_OR_SERVICE","api","GET","/nervous-system/route-request","False"
"C:\Users\DIYA GOEL\Downloads\EBDESIGN\frontend\src\services\api.js","API_OR_SERVICE","api","GET","/nervous-system/sensor-data","False"
"C:\Users\DIYA GOEL\Downloads\EBDESIGN\frontend\src\services\api.js","API_OR_SERVICE","api","GET","/nervous-system/sensors-status","False"
"C:\Users\DIYA GOEL\Downloads\EBDESIGN\frontend\src\services\api.js","API_OR_SERVICE","api","GET","/nervous-system/start-heart-beat","False"
"C:\Users\DIYA GOEL\Downloads\EBDESIGN\frontend\src\services\api.js","API_OR_SERVICE","api","GET","/nervous-system/stop-heart-beat","False"
"C:\Users\DIYA GOEL\Downloads\EBDESIGN\frontend\src\services\api.js","API_OR_SERVICE","api","GET","/nervous-system/strengthen-neural-pathway","False"
"C:\Users\DIYA GOEL\Downloads\EBDESIGN\frontend\src\services\api.js","API_OR_SERVICE","api","GET","/network","False"
"C:\Users\DIYA GOEL\Downloads\EBDESIGN\frontend\src\services\api.js","API_OR_SERVICE","api","GET","/network-building","False"
"C:\Users\DIYA GOEL\Downloads\EBDESIGN\frontend\src\services\api.js","API_OR_SERVICE","api","GET","/ne-varieties","False"
"C:\Users\DIYA GOEL\Downloads\EBDESIGN\frontend\src\services\api.js","API_OR_SERVICE","api","GET","/new-products","False"
"C:\Users\DIYA GOEL\Downloads\EBDESIGN\frontend\src\services\api.js","API_OR_SERVICE","api","GET","/new-products/${id}","True"
"C:\Users\DIYA GOEL\Downloads\EBDESIGN\frontend\src\services\api.js","API_OR_SERVICE","api","GET","/news","False"
"C:\Users\DIYA GOEL\Downloads\EBDESIGN\frontend\src\services\api.js","API_OR_SERVICE","api","GET","/news-feed","False"
"C:\Users\DIYA GOEL\Downloads\EBDESIGN\frontend\src\services\api.js","API_OR_SERVICE","api","GET","/news-feed/${id}","True"
"C:\Users\DIYA GOEL\Downloads\EBDESIGN\frontend\src\services\api.js","API_OR_SERVICE","api","GET","/nfts","False"
"C:\Users\DIYA GOEL\Downloads\EBDESIGN\frontend\src\services\api.js","API_OR_SERVICE","api","GET","/nlp-farming","False"
"C:\Users\DIYA GOEL\Downloads\EBDESIGN\frontend\src\services\api.js","API_OR_SERVICE","api","GET","/nlp-models","False"
"C:\Users\DIYA GOEL\Downloads\EBDESIGN\frontend\src\services\api.js","API_OR_SERVICE","api","GET","/normalizers","False"
"C:\Users\DIYA GOEL\Downloads\EBDESIGN\frontend\src\services\api.js","API_OR_SERVICE","api","GET","/notification-manager","False"
"C:\Users\DIYA GOEL\Downloads\EBDESIGN\frontend\src\services\api.js","API_OR_SERVICE","api","GET","/notifications","False"
"C:\Users\DIYA GOEL\Downloads\EBDESIGN\frontend\src\services\api.js","API_OR_SERVICE","api","GET","/number-formats","False"
"C:\Users\DIYA GOEL\Downloads\EBDESIGN\frontend\src\services\api.js","API_OR_SERVICE","api","GET","/nursery/nurseries","False"
"C:\Users\DIYA GOEL\Downloads\EBDESIGN\frontend\src\services\api.js","API_OR_SERVICE","api","GET","/nutrient-management","False"
"C:\Users\DIYA GOEL\Downloads\EBDESIGN\frontend\src\services\api.js","API_OR_SERVICE","api","GET","/nutrient-management/plans","False"
"C:\Users\DIYA GOEL\Downloads\EBDESIGN\frontend\src\services\api.js","API_OR_SERVICE","api","GET","/nutrient-value-sales/issue-nutrient-certificate","False"
"C:\Users\DIYA GOEL\Downloads\EBDESIGN\frontend\src\services\api.js","API_OR_SERVICE","api","GET","/nutrition","False"
"C:\Users\DIYA GOEL\Downloads\EBDESIGN\frontend\src\services\api.js","API_OR_SERVICE","api","GET","/nutritional-optimization","False"
"C:\Users\DIYA GOEL\Downloads\EBDESIGN\frontend\src\services\api.js","API_OR_SERVICE","api","GET","/nutrition-intelligence/dietary-profiles","False"
"C:\Users\DIYA GOEL\Downloads\EBDESIGN\frontend\src\services\api.js","API_OR_SERVICE","api","GET","/nutrition-intelligence/food-profiles/search","False"
"C:\Users\DIYA GOEL\Downloads\EBDESIGN\frontend\src\services\api.js","API_OR_SERVICE","api","GET","/nutrition-intelligence/product-nutrition/${productId}","True"
"C:\Users\DIYA GOEL\Downloads\EBDESIGN\frontend\src\services\api.js","API_OR_SERVICE","api","GET","/nutrition-intelligence/product-nutrition/${productId}/score","True"
"C:\Users\DIYA GOEL\Downloads\EBDESIGN\frontend\src\services\api.js","API_OR_SERVICE","api","GET","/nutrition-intelligence/product-nutrition/${productId}/value-per-nutrient","True"
"C:\Users\DIYA GOEL\Downloads\EBDESIGN\frontend\src\services\api.js","API_OR_SERVICE","api","GET","/nutrition-intelligence/wellness-practices","False"
"C:\Users\DIYA GOEL\Downloads\EBDESIGN\frontend\src\services\api.js","API_OR_SERVICE","api","GET","/oats","False"
"C:\Users\DIYA GOEL\Downloads\EBDESIGN\frontend\src\services\api.js","API_OR_SERVICE","api","GET","/offer-management","False"
"C:\Users\DIYA GOEL\Downloads\EBDESIGN\frontend\src\services\api.js","API_OR_SERVICE","api","GET","/oil-seeds","False"
"C:\Users\DIYA GOEL\Downloads\EBDESIGN\frontend\src\services\api.js","API_OR_SERVICE","api","GET","/onions","False"
"C:\Users\DIYA GOEL\Downloads\EBDESIGN\frontend\src\services\api.js","API_OR_SERVICE","api","GET","/online-advocacy","False"
"C:\Users\DIYA GOEL\Downloads\EBDESIGN\frontend\src\services\api.js","API_OR_SERVICE","api","GET","/online-mobilization","False"
"C:\Users\DIYA GOEL\Downloads\EBDESIGN\frontend\src\services\api.js","API_OR_SERVICE","api","GET","/online-protest","False"
"C:\Users\DIYA GOEL\Downloads\EBDESIGN\frontend\src\services\api.js","API_OR_SERVICE","api","GET","/open-field-farming","False"
"C:\Users\DIYA GOEL\Downloads\EBDESIGN\frontend\src\services\api.js","API_OR_SERVICE","api","GET","/operational-intelligence","False"
"C:\Users\DIYA GOEL\Downloads\EBDESIGN\frontend\src\services\api.js","API_OR_SERVICE","api","GET","/operations/overview","False"
"C:\Users\DIYA GOEL\Downloads\EBDESIGN\frontend\src\services\api.js","API_OR_SERVICE","api","GET","/operations-resilience-farming","False"
"C:\Users\DIYA GOEL\Downloads\EBDESIGN\frontend\src\services\api.js","API_OR_SERVICE","api","GET","/optimizations","False"
"C:\Users\DIYA GOEL\Downloads\EBDESIGN\frontend\src\services\api.js","API_OR_SERVICE","api","GET","/orchard/orchards","False"
"C:\Users\DIYA GOEL\Downloads\EBDESIGN\frontend\src\services\api.js","API_OR_SERVICE","api","GET","/orchard/record-harvest","False"
"C:\Users\DIYA GOEL\Downloads\EBDESIGN\frontend\src\services\api.js","API_OR_SERVICE","api","GET","/orchard-management","False"
"C:\Users\DIYA GOEL\Downloads\EBDESIGN\frontend\src\services\api.js","API_OR_SERVICE","api","GET","/orchestrations","False"
"C:\Users\DIYA GOEL\Downloads\EBDESIGN\frontend\src\services\api.js","API_OR_SERVICE","api","GET","/orders","False"
"C:\Users\DIYA GOEL\Downloads\EBDESIGN\frontend\src\services\api.js","API_OR_SERVICE","api","GET","/orders/${id}","True"
"C:\Users\DIYA GOEL\Downloads\EBDESIGN\frontend\src\services\api.js","API_OR_SERVICE","api","GET","/orders/ai/insights","False"
"C:\Users\DIYA GOEL\Downloads\EBDESIGN\frontend\src\services\api.js","API_OR_SERVICE","api","GET","/orders/cart","False"
"C:\Users\DIYA GOEL\Downloads\EBDESIGN\frontend\src\services\api.js","API_OR_SERVICE","api","GET","/organic","False"
"C:\Users\DIYA GOEL\Downloads\EBDESIGN\frontend\src\services\api.js","API_OR_SERVICE","api","GET","/organic-farming","False"
"C:\Users\DIYA GOEL\Downloads\EBDESIGN\frontend\src\services\api.js","API_OR_SERVICE","api","GET","/organic-input/items","False"
"C:\Users\DIYA GOEL\Downloads\EBDESIGN\frontend\src\services\api.js","API_OR_SERVICE","api","GET","/organic-traceability/consumer-transparency","False"
"C:\Users\DIYA GOEL\Downloads\EBDESIGN\frontend\src\services\api.js","API_OR_SERVICE","api","GET","/organization-management/all-organizations","False"
"C:\Users\DIYA GOEL\Downloads\EBDESIGN\frontend\src\services\api.js","API_OR_SERVICE","api","GET","/organizations","False"
"C:\Users\DIYA GOEL\Downloads\EBDESIGN\frontend\src\services\api.js","API_OR_SERVICE","api","GET","/organizations/${id}","True"
"C:\Users\DIYA GOEL\Downloads\EBDESIGN\frontend\src\services\api.js","API_OR_SERVICE","api","GET","/outcome-measurements","False"
"C:\Users\DIYA GOEL\Downloads\EBDESIGN\frontend\src\services\api.js","API_OR_SERVICE","api","GET","/oxygen-generator","False"
"C:\Users\DIYA GOEL\Downloads\EBDESIGN\frontend\src\services\api.js","API_OR_SERVICE","api","GET","/package","False"
"C:\Users\DIYA GOEL\Downloads\EBDESIGN\frontend\src\services\api.js","API_OR_SERVICE","api","GET","/packing","False"
"C:\Users\DIYA GOEL\Downloads\EBDESIGN\frontend\src\services\api.js","API_OR_SERVICE","api","GET","/pallets","False"
"C:\Users\DIYA GOEL\Downloads\EBDESIGN\frontend\src\services\api.js","API_OR_SERVICE","api","GET","/panchayats","False"
"C:\Users\DIYA GOEL\Downloads\EBDESIGN\frontend\src\services\api.js","API_OR_SERVICE","api","GET","/panchayats/${id}","True"
"C:\Users\DIYA GOEL\Downloads\EBDESIGN\frontend\src\services\api.js","API_OR_SERVICE","api","GET","/partner-management","False"
"C:\Users\DIYA GOEL\Downloads\EBDESIGN\frontend\src\services\api.js","API_OR_SERVICE","api","GET","/partnership-building","False"
"C:\Users\DIYA GOEL\Downloads\EBDESIGN\frontend\src\services\api.js","API_OR_SERVICE","api","GET","/partnerships","False"
"C:\Users\DIYA GOEL\Downloads\EBDESIGN\frontend\src\services\api.js","API_OR_SERVICE","api","GET","/partnerships/${id}","True"
"C:\Users\DIYA GOEL\Downloads\EBDESIGN\frontend\src\services\api.js","API_OR_SERVICE","api","GET","/partners-resilience-farming","False"
"C:\Users\DIYA GOEL\Downloads\EBDESIGN\frontend\src\services\api.js","API_OR_SERVICE","api","GET","/pasture","False"
"C:\Users\DIYA GOEL\Downloads\EBDESIGN\frontend\src\services\api.js","API_OR_SERVICE","api","GET","/patches","False"
"C:\Users\DIYA GOEL\Downloads\EBDESIGN\frontend\src\services\api.js","API_OR_SERVICE","api","GET","/pattern-recognition-farming","False"
"C:\Users\DIYA GOEL\Downloads\EBDESIGN\frontend\src\services\api.js","API_OR_SERVICE","api","GET","/patterns","False"
"C:\Users\DIYA GOEL\Downloads\EBDESIGN\frontend\src\services\api.js","API_OR_SERVICE","api","GET","/payment-gateway/payment-status","False"
"C:\Users\DIYA GOEL\Downloads\EBDESIGN\frontend\src\services\api.js","API_OR_SERVICE","api","GET","/payment-gateway/process-payment","False"
"C:\Users\DIYA GOEL\Downloads\EBDESIGN\frontend\src\services\api.js","API_OR_SERVICE","api","GET","/payment-gateway/refund-payment","False"
"C:\Users\DIYA GOEL\Downloads\EBDESIGN\frontend\src\services\api.js","API_OR_SERVICE","api","GET","/payment-gateway/supported-gateways","False"
"C:\Users\DIYA GOEL\Downloads\EBDESIGN\frontend\src\services\api.js","API_OR_SERVICE","api","GET","/payment-methods","False"
"C:\Users\DIYA GOEL\Downloads\EBDESIGN\frontend\src\services\api.js","API_OR_SERVICE","api","GET","/payment-processing","False"
"C:\Users\DIYA GOEL\Downloads\EBDESIGN\frontend\src\services\api.js","API_OR_SERVICE","api","GET","/payments","False"
"C:\Users\DIYA GOEL\Downloads\EBDESIGN\frontend\src\services\api.js","API_OR_SERVICE","api","GET","/pedigree","False"
"C:\Users\DIYA GOEL\Downloads\EBDESIGN\frontend\src\services\api.js","API_OR_SERVICE","api","GET","/peers","False"
"C:\Users\DIYA GOEL\Downloads\EBDESIGN\frontend\src\services\api.js","API_OR_SERVICE","api","GET","/penetration-tests","False"
"C:\Users\DIYA GOEL\Downloads\EBDESIGN\frontend\src\services\api.js","API_OR_SERVICE","api","GET","/people-resilience-farming","False"
"C:\Users\DIYA GOEL\Downloads\EBDESIGN\frontend\src\services\api.js","API_OR_SERVICE","api","GET","/peppers","False"
"C:\Users\DIYA GOEL\Downloads\EBDESIGN\frontend\src\services\api.js","API_OR_SERVICE","api","GET","/performance","False"
"C:\Users\DIYA GOEL\Downloads\EBDESIGN\frontend\src\services\api.js","API_OR_SERVICE","api","GET","/performance/kpis","False"
"C:\Users\DIYA GOEL\Downloads\EBDESIGN\frontend\src\services\api.js","API_OR_SERVICE","api","GET","/performance/metrics","False"
"C:\Users\DIYA GOEL\Downloads\EBDESIGN\frontend\src\services\api.js","API_OR_SERVICE","api","GET","/performance-measurements","False"
"C:\Users\DIYA GOEL\Downloads\EBDESIGN\frontend\src\services\api.js","API_OR_SERVICE","api","GET","/performance-monitor","False"
"C:\Users\DIYA GOEL\Downloads\EBDESIGN\frontend\src\services\api.js","API_OR_SERVICE","api","GET","/performance-monitor/metrics","False"
"C:\Users\DIYA GOEL\Downloads\EBDESIGN\frontend\src\services\api.js","API_OR_SERVICE","api","GET","/permission-management/permissions","False"
"C:\Users\DIYA GOEL\Downloads\EBDESIGN\frontend\src\services\api.js","API_OR_SERVICE","api","GET","/permission-manager","False"
"C:\Users\DIYA GOEL\Downloads\EBDESIGN\frontend\src\services\api.js","API_OR_SERVICE","api","GET","/permissions","False"
"C:\Users\DIYA GOEL\Downloads\EBDESIGN\frontend\src\services\api.js","API_OR_SERVICE","api","GET","/permitting-resilience-farming","False"
"C:\Users\DIYA GOEL\Downloads\EBDESIGN\frontend\src\services\api.js","API_OR_SERVICE","api","GET","/personalizations","False"
"C:\Users\DIYA GOEL\Downloads\EBDESIGN\frontend\src\services\api.js","API_OR_SERVICE","api","GET","/personal-warfare","False"
"C:\Users\DIYA GOEL\Downloads\EBDESIGN\frontend\src\services\api.js","API_OR_SERVICE","api","GET","/pest-forecasting","False"
"C:\Users\DIYA GOEL\Downloads\EBDESIGN\frontend\src\services\api.js","API_OR_SERVICE","api","GET","/pesticide-inventory/items","False"
"C:\Users\DIYA GOEL\Downloads\EBDESIGN\frontend\src\services\api.js","API_OR_SERVICE","api","GET","/pesticide-optimization","False"
"C:\Users\DIYA GOEL\Downloads\EBDESIGN\frontend\src\services\api.js","API_OR_SERVICE","api","GET","/pesticides","False"
"C:\Users\DIYA GOEL\Downloads\EBDESIGN\frontend\src\services\api.js","API_OR_SERVICE","api","GET","/pest-management","False"
"C:\Users\DIYA GOEL\Downloads\EBDESIGN\frontend\src\services\api.js","API_OR_SERVICE","api","GET","/pest-resilience-farming","False"
"C:\Users\DIYA GOEL\Downloads\EBDESIGN\frontend\src\services\api.js","API_OR_SERVICE","api","GET","/photos","False"
"C:\Users\DIYA GOEL\Downloads\EBDESIGN\frontend\src\services\api.js","API_OR_SERVICE","api","GET","/pig/breeding-alerts","False"
"C:\Users\DIYA GOEL\Downloads\EBDESIGN\frontend\src\services\api.js","API_OR_SERVICE","api","GET","/pig/feed-conversion-ratio","False"
"C:\Users\DIYA GOEL\Downloads\EBDESIGN\frontend\src\services\api.js","API_OR_SERVICE","api","GET","/pig/herd","False"
"C:\Users\DIYA GOEL\Downloads\EBDESIGN\frontend\src\services\api.js","API_OR_SERVICE","api","GET","/pig/herd-performance","False"
"C:\Users\DIYA GOEL\Downloads\EBDESIGN\frontend\src\services\api.js","API_OR_SERVICE","api","GET","/pig/record-breeding","False"
"C:\Users\DIYA GOEL\Downloads\EBDESIGN\frontend\src\services\api.js","API_OR_SERVICE","api","GET","/pig/record-feed-consumption","False"
"C:\Users\DIYA GOEL\Downloads\EBDESIGN\frontend\src\services\api.js","API_OR_SERVICE","api","GET","/pig/record-weight","False"
"C:\Users\DIYA GOEL\Downloads\EBDESIGN\frontend\src\services\api.js","API_OR_SERVICE","api","GET","/pig/vaccination-alerts","False"
"C:\Users\DIYA GOEL\Downloads\EBDESIGN\frontend\src\services\api.js","API_OR_SERVICE","api","GET","/pig/weight-records","False"
"C:\Users\DIYA GOEL\Downloads\EBDESIGN\frontend\src\services\api.js","API_OR_SERVICE","api","GET","/pig-ai/monitor-pig-health","False"
"C:\Users\DIYA GOEL\Downloads\EBDESIGN\frontend\src\services\api.js","API_OR_SERVICE","api","GET","/pig-ai/optimize-meat-production","False"
"C:\Users\DIYA GOEL\Downloads\EBDESIGN\frontend\src\services\api.js","API_OR_SERVICE","api","GET","/pig-ai/optimize-pig-feed","False"
"C:\Users\DIYA GOEL\Downloads\EBDESIGN\frontend\src\services\api.js","API_OR_SERVICE","api","GET","/pig-ai/recommend-pig-breeding","False"
"C:\Users\DIYA GOEL\Downloads\EBDESIGN\frontend\src\services\api.js","API_OR_SERVICE","api","GET","/pig-farming/animals","False"
"C:\Users\DIYA GOEL\Downloads\EBDESIGN\frontend\src\services\api.js","API_OR_SERVICE","api","GET","/pipelines","False"
"C:\Users\DIYA GOEL\Downloads\EBDESIGN\frontend\src\services\api.js","API_OR_SERVICE","api","GET","/plantations","False"
"C:\Users\DIYA GOEL\Downloads\EBDESIGN\frontend\src\services\api.js","API_OR_SERVICE","api","GET","/plant-health","False"
"C:\Users\DIYA GOEL\Downloads\EBDESIGN\frontend\src\services\api.js","API_OR_SERVICE","api","GET","/planting-date","False"
"C:\Users\DIYA GOEL\Downloads\EBDESIGN\frontend\src\services\api.js","API_OR_SERVICE","api","GET","/plants","False"
"C:\Users\DIYA GOEL\Downloads\EBDESIGN\frontend\src\services\api.js","API_OR_SERVICE","api","GET","/platform-configuration/apply-configuration","False"
"C:\Users\DIYA GOEL\Downloads\EBDESIGN\frontend\src\services\api.js","API_OR_SERVICE","api","GET","/platform-configuration/recommendations","False"
"C:\Users\DIYA GOEL\Downloads\EBDESIGN\frontend\src\services\api.js","API_OR_SERVICE","api","GET","/platform-core/health","False"
"C:\Users\DIYA GOEL\Downloads\EBDESIGN\frontend\src\services\api.js","API_OR_SERVICE","api","GET","/platform-core/scaling-recommendations","False"
"C:\Users\DIYA GOEL\Downloads\EBDESIGN\frontend\src\services\api.js","API_OR_SERVICE","api","GET","/platform-telemetry/analytics","False"
"C:\Users\DIYA GOEL\Downloads\EBDESIGN\frontend\src\services\api.js","API_OR_SERVICE","api","GET","/platform-telemetry/status","False"
"C:\Users\DIYA GOEL\Downloads\EBDESIGN\frontend\src\services\api.js","API_OR_SERVICE","api","GET","/plugin-manager","False"
"C:\Users\DIYA GOEL\Downloads\EBDESIGN\frontend\src\services\api.js","API_OR_SERVICE","api","GET","/plugins","False"
"C:\Users\DIYA GOEL\Downloads\EBDESIGN\frontend\src\services\api.js","API_OR_SERVICE","api","GET","/policies","False"
"C:\Users\DIYA GOEL\Downloads\EBDESIGN\frontend\src\services\api.js","API_OR_SERVICE","api","GET","/policy-influence","False"
"C:\Users\DIYA GOEL\Downloads\EBDESIGN\frontend\src\services\api.js","API_OR_SERVICE","api","GET","/policy-resilience-farming","False"
"C:\Users\DIYA GOEL\Downloads\EBDESIGN\frontend\src\services\api.js","API_OR_SERVICE","api","GET","/polyhouse/records","False"
"C:\Users\DIYA GOEL\Downloads\EBDESIGN\frontend\src\services\api.js","API_OR_SERVICE","api","GET","/pond/ponds","False"
"C:\Users\DIYA GOEL\Downloads\EBDESIGN\frontend\src\services\api.js","API_OR_SERVICE","api","GET","/potatoes","False"
"C:\Users\DIYA GOEL\Downloads\EBDESIGN\frontend\src\services\api.js","API_OR_SERVICE","api","GET","/poultry","False"
"C:\Users\DIYA GOEL\Downloads\EBDESIGN\frontend\src\services\api.js","API_OR_SERVICE","api","GET","/poultry/egg-production","False"
"C:\Users\DIYA GOEL\Downloads\EBDESIGN\frontend\src\services\api.js","API_OR_SERVICE","api","GET","/poultry/feed-consumption","False"
"C:\Users\DIYA GOEL\Downloads\EBDESIGN\frontend\src\services\api.js","API_OR_SERVICE","api","GET","/poultry/flock-performance","False"
"C:\Users\DIYA GOEL\Downloads\EBDESIGN\frontend\src\services\api.js","API_OR_SERVICE","api","GET","/poultry/flocks","False"
"C:\Users\DIYA GOEL\Downloads\EBDESIGN\frontend\src\services\api.js","API_OR_SERVICE","api","GET","/poultry/mortality","False"
"C:\Users\DIYA GOEL\Downloads\EBDESIGN\frontend\src\services\api.js","API_OR_SERVICE","api","GET","/poultry/vaccination-alerts","False"
"C:\Users\DIYA GOEL\Downloads\EBDESIGN\frontend\src\services\api.js","API_OR_SERVICE","api","GET","/poultry/vaccination-records","False"
"C:\Users\DIYA GOEL\Downloads\EBDESIGN\frontend\src\services\api.js","API_OR_SERVICE","api","GET","/poultry-ai/monitor-flock-health","False"
"C:\Users\DIYA GOEL\Downloads\EBDESIGN\frontend\src\services\api.js","API_OR_SERVICE","api","GET","/poultry-ai/optimize-egg-production","False"
"C:\Users\DIYA GOEL\Downloads\EBDESIGN\frontend\src\services\api.js","API_OR_SERVICE","api","GET","/poultry-ai/optimize-poultry-feed","False"
"C:\Users\DIYA GOEL\Downloads\EBDESIGN\frontend\src\services\api.js","API_OR_SERVICE","api","GET","/poultry-ai/predict-mortality-risk","False"
"C:\Users\DIYA GOEL\Downloads\EBDESIGN\frontend\src\services\api.js","API_OR_SERVICE","api","GET","/poultry-management/batches","False"
"C:\Users\DIYA GOEL\Downloads\EBDESIGN\frontend\src\services\api.js","API_OR_SERVICE","api","GET","/precision","False"
"C:\Users\DIYA GOEL\Downloads\EBDESIGN\frontend\src\services\api.js","API_OR_SERVICE","api","GET","/precision-agriculture","False"
"C:\Users\DIYA GOEL\Downloads\EBDESIGN\frontend\src\services\api.js","API_OR_SERVICE","api","GET","/precision-farming","False"
"C:\Users\DIYA GOEL\Downloads\EBDESIGN\frontend\src\services\api.js","API_OR_SERVICE","api","GET","/precision-horticulture/readings","False"
"C:\Users\DIYA GOEL\Downloads\EBDESIGN\frontend\src\services\api.js","API_OR_SERVICE","api","GET","/predictions","False"
"C:\Users\DIYA GOEL\Downloads\EBDESIGN\frontend\src\services\api.js","API_OR_SERVICE","api","GET","/predictive-analytics/demand-forecast","False"
"C:\Users\DIYA GOEL\Downloads\EBDESIGN\frontend\src\services\api.js","API_OR_SERVICE","api","GET","/predictive-analytics/pricing-prediction","False"
"C:\Users\DIYA GOEL\Downloads\EBDESIGN\frontend\src\services\api.js","API_OR_SERVICE","api","GET","/predictive-analytics-farming","False"
"C:\Users\DIYA GOEL\Downloads\EBDESIGN\frontend\src\services\api.js","API_OR_SERVICE","api","GET","/preferences","False"
"C:\Users\DIYA GOEL\Downloads\EBDESIGN\frontend\src\services\api.js","API_OR_SERVICE","api","GET","/pre-orders","False"
"C:\Users\DIYA GOEL\Downloads\EBDESIGN\frontend\src\services\api.js","API_OR_SERVICE","api","GET","/pre-orders/${id}","True"
"C:\Users\DIYA GOEL\Downloads\EBDESIGN\frontend\src\services\api.js","API_OR_SERVICE","api","GET","/prescriptive-analytics-farming","False"
"C:\Users\DIYA GOEL\Downloads\EBDESIGN\frontend\src\services\api.js","API_OR_SERVICE","api","GET","/pre-season/dashboard","False"
"C:\Users\DIYA GOEL\Downloads\EBDESIGN\frontend\src\services\api.js","API_OR_SERVICE","api","GET","/pre-season-order","False"
"C:\Users\DIYA GOEL\Downloads\EBDESIGN\frontend\src\services\api.js","API_OR_SERVICE","api","GET","/preservation","False"
"C:\Users\DIYA GOEL\Downloads\EBDESIGN\frontend\src\services\api.js","API_OR_SERVICE","api","GET","/preventive-maintenance/records","False"
"C:\Users\DIYA GOEL\Downloads\EBDESIGN\frontend\src\services\api.js","API_OR_SERVICE","api","GET","/pricing/advise","False"
"C:\Users\DIYA GOEL\Downloads\EBDESIGN\frontend\src\services\api.js","API_OR_SERVICE","api","GET","/pricing/forward","False"
"C:\Users\DIYA GOEL\Downloads\EBDESIGN\frontend\src\services\api.js","API_OR_SERVICE","api","GET","/pricing-optimization","False"
"C:\Users\DIYA GOEL\Downloads\EBDESIGN\frontend\src\services\api.js","API_OR_SERVICE","api","GET","/privacy-settings","False"
"C:\Users\DIYA GOEL\Downloads\EBDESIGN\frontend\src\services\api.js","API_OR_SERVICE","api","GET","/processes","False"
"C:\Users\DIYA GOEL\Downloads\EBDESIGN\frontend\src\services\api.js","API_OR_SERVICE","api","GET","/processes-resilience-farming","False"
"C:\Users\DIYA GOEL\Downloads\EBDESIGN\frontend\src\services\api.js","API_OR_SERVICE","api","GET","/processing","False"
"C:\Users\DIYA GOEL\Downloads\EBDESIGN\frontend\src\services\api.js","API_OR_SERVICE","api","GET","/process-manager","False"
"C:\Users\DIYA GOEL\Downloads\EBDESIGN\frontend\src\services\api.js","API_OR_SERVICE","api","GET","/procurement","False"
"C:\Users\DIYA GOEL\Downloads\EBDESIGN\frontend\src\services\api.js","API_OR_SERVICE","api","GET","/procurements","False"
"C:\Users\DIYA GOEL\Downloads\EBDESIGN\frontend\src\services\api.js","API_OR_SERVICE","api","GET","/procurement-subscription/statistics","False"
"C:\Users\DIYA GOEL\Downloads\EBDESIGN\frontend\src\services\api.js","API_OR_SERVICE","api","GET","/producer-groups","False"
"C:\Users\DIYA GOEL\Downloads\EBDESIGN\frontend\src\services\api.js","API_OR_SERVICE","api","GET","/production","False"
"C:\Users\DIYA GOEL\Downloads\EBDESIGN\frontend\src\services\api.js","API_OR_SERVICE","api","GET","/product-reviews","False"
"C:\Users\DIYA GOEL\Downloads\EBDESIGN\frontend\src\services\api.js","API_OR_SERVICE","api","GET","/product-reviews/stats","False"
"C:\Users\DIYA GOEL\Downloads\EBDESIGN\frontend\src\services\api.js","API_OR_SERVICE","api","GET","/products","False"
"C:\Users\DIYA GOEL\Downloads\EBDESIGN\frontend\src\services\api.js","API_OR_SERVICE","api","GET","/products/${id}","True"
"C:\Users\DIYA GOEL\Downloads\EBDESIGN\frontend\src\services\api.js","API_OR_SERVICE","api","GET","/products/categories","False"
"C:\Users\DIYA GOEL\Downloads\EBDESIGN\frontend\src\services\api.js","API_OR_SERVICE","api","GET","/products/product","False"
"C:\Users\DIYA GOEL\Downloads\EBDESIGN\frontend\src\services\api.js","API_OR_SERVICE","api","GET","/products/products","False"
"C:\Users\DIYA GOEL\Downloads\EBDESIGN\frontend\src\services\api.js","API_OR_SERVICE","api","GET","/products/states","False"
"C:\Users\DIYA GOEL\Downloads\EBDESIGN\frontend\src\services\api.js","API_OR_SERVICE","api","GET","/professional-associations","False"
"C:\Users\DIYA GOEL\Downloads\EBDESIGN\frontend\src\services\api.js","API_OR_SERVICE","api","GET","/professional-associations/${id}","True"
"C:\Users\DIYA GOEL\Downloads\EBDESIGN\frontend\src\services\api.js","API_OR_SERVICE","api","GET","/profile","False"
"C:\Users\DIYA GOEL\Downloads\EBDESIGN\frontend\src\services\api.js","API_OR_SERVICE","api","GET","/profiler","False"
"C:\Users\DIYA GOEL\Downloads\EBDESIGN\frontend\src\services\api.js","API_OR_SERVICE","api","GET","/profiling/profiles","False"
"C:\Users\DIYA GOEL\Downloads\EBDESIGN\frontend\src\services\api.js","API_OR_SERVICE","api","GET","/profiling/profiles/${id}","True"
"C:\Users\DIYA GOEL\Downloads\EBDESIGN\frontend\src\services\api.js","API_OR_SERVICE","api","GET","/profit","False"
"C:\Users\DIYA GOEL\Downloads\EBDESIGN\frontend\src\services\api.js","API_OR_SERVICE","api","GET","/profit/margins","False"
"C:\Users\DIYA GOEL\Downloads\EBDESIGN\frontend\src\services\api.js","API_OR_SERVICE","api","GET","/projects","False"
"C:\Users\DIYA GOEL\Downloads\EBDESIGN\frontend\src\services\api.js","API_OR_SERVICE","api","GET","/projects/${id}","True"
"C:\Users\DIYA GOEL\Downloads\EBDESIGN\frontend\src\services\api.js","API_OR_SERVICE","api","GET","/project-systems/complete-milestone","False"
"C:\Users\DIYA GOEL\Downloads\EBDESIGN\frontend\src\services\api.js","API_OR_SERVICE","api","GET","/project-systems/milestone-status-summary","False"
"C:\Users\DIYA GOEL\Downloads\EBDESIGN\frontend\src\services\api.js","API_OR_SERVICE","api","GET","/project-systems/project-budget-vs-actual","False"
"C:\Users\DIYA GOEL\Downloads\EBDESIGN\frontend\src\services\api.js","API_OR_SERVICE","api","GET","/project-systems/project-milestones","False"
"C:\Users\DIYA GOEL\Downloads\EBDESIGN\frontend\src\services\api.js","API_OR_SERVICE","api","GET","/project-systems/projects","False"
"C:\Users\DIYA GOEL\Downloads\EBDESIGN\frontend\src\services\api.js","API_OR_SERVICE","api","GET","/project-systems/project-wbs","False"
"C:\Users\DIYA GOEL\Downloads\EBDESIGN\frontend\src\services\api.js","API_OR_SERVICE","api","GET","/project-systems/wbs-cost-rollup","False"
"C:\Users\DIYA GOEL\Downloads\EBDESIGN\frontend\src\services\api.js","API_OR_SERVICE","api","GET","/promotional-banners","False"
"C:\Users\DIYA GOEL\Downloads\EBDESIGN\frontend\src\services\api.js","API_OR_SERVICE","api","GET","/promotional-banners/${id}","True"
"C:\Users\DIYA GOEL\Downloads\EBDESIGN\frontend\src\services\api.js","API_OR_SERVICE","api","GET","/property","False"
"C:\Users\DIYA GOEL\Downloads\EBDESIGN\frontend\src\services\api.js","API_OR_SERVICE","api","GET","/proposals","False"
"C:\Users\DIYA GOEL\Downloads\EBDESIGN\frontend\src\services\api.js","API_OR_SERVICE","api","GET","/protected-cultivation/structures","False"
"C:\Users\DIYA GOEL\Downloads\EBDESIGN\frontend\src\services\api.js","API_OR_SERVICE","api","GET","/provenance-data","False"
"C:\Users\DIYA GOEL\Downloads\EBDESIGN\frontend\src\services\api.js","API_OR_SERVICE","api","GET","/provenance-data/${id}/track","True"
"C:\Users\DIYA GOEL\Downloads\EBDESIGN\frontend\src\services\api.js","API_OR_SERVICE","api","GET","/provenance-farming","False"
"C:\Users\DIYA GOEL\Downloads\EBDESIGN\frontend\src\services\api.js","API_OR_SERVICE","api","GET","/proxies","False"
"C:\Users\DIYA GOEL\Downloads\EBDESIGN\frontend\src\services\api.js","API_OR_SERVICE","api","GET","/psychological-warfare","False"
"C:\Users\DIYA GOEL\Downloads\EBDESIGN\frontend\src\services\api.js","API_OR_SERVICE","api","GET","/public-data/extract","False"
"C:\Users\DIYA GOEL\Downloads\EBDESIGN\frontend\src\services\api.js","API_OR_SERVICE","api","GET","/public-data/register-source","False"
"C:\Users\DIYA GOEL\Downloads\EBDESIGN\frontend\src\services\api.js","API_OR_SERVICE","api","GET","/public-data/sources","False"
"C:\Users\DIYA GOEL\Downloads\EBDESIGN\frontend\src\services\api.js","API_OR_SERVICE","api","GET","/public-opinion","False"
"C:\Users\DIYA GOEL\Downloads\EBDESIGN\frontend\src\services\api.js","API_OR_SERVICE","api","GET","/public-participations","False"
"C:\Users\DIYA GOEL\Downloads\EBDESIGN\frontend\src\services\api.js","API_OR_SERVICE","api","GET","/purge-policies","False"
"C:\Users\DIYA GOEL\Downloads\EBDESIGN\frontend\src\services\api.js","API_OR_SERVICE","api","GET","/pyramid-health","False"
"C:\Users\DIYA GOEL\Downloads\EBDESIGN\frontend\src\services\api.js","API_OR_SERVICE","api","GET","/quality","False"
"C:\Users\DIYA GOEL\Downloads\EBDESIGN\frontend\src\services\api.js","API_OR_SERVICE","api","GET","/quality/checks","False"
"C:\Users\DIYA GOEL\Downloads\EBDESIGN\frontend\src\services\api.js","API_OR_SERVICE","api","GET","/quality-assurance","False"
"C:\Users\DIYA GOEL\Downloads\EBDESIGN\frontend\src\services\api.js","API_OR_SERVICE","api","GET","/quality-control","False"
"C:\Users\DIYA GOEL\Downloads\EBDESIGN\frontend\src\services\api.js","API_OR_SERVICE","api","GET","/quarantine","False"
"C:\Users\DIYA GOEL\Downloads\EBDESIGN\frontend\src\services\api.js","API_OR_SERVICE","api","GET","/quotas","False"
"C:\Users\DIYA GOEL\Downloads\EBDESIGN\frontend\src\services\api.js","API_OR_SERVICE","api","GET","/rabbitmq-queues","False"
"C:\Users\DIYA GOEL\Downloads\EBDESIGN\frontend\src\services\api.js","API_OR_SERVICE","api","GET","/rabbits","False"
"C:\Users\DIYA GOEL\Downloads\EBDESIGN\frontend\src\services\api.js","API_OR_SERVICE","api","GET","/radiation","False"
"C:\Users\DIYA GOEL\Downloads\EBDESIGN\frontend\src\services\api.js","API_OR_SERVICE","api","GET","/rain","False"
"C:\Users\DIYA GOEL\Downloads\EBDESIGN\frontend\src\services\api.js","API_OR_SERVICE","api","GET","/rainwater-harvesting/design-system","False"
"C:\Users\DIYA GOEL\Downloads\EBDESIGN\frontend\src\services\api.js","API_OR_SERVICE","api","GET","/rainwater-harvesting/manage-storage","False"
"C:\Users\DIYA GOEL\Downloads\EBDESIGN\frontend\src\services\api.js","API_OR_SERVICE","api","GET","/rainwater-harvesting/monitor-collection","False"
"C:\Users\DIYA GOEL\Downloads\EBDESIGN\frontend\src\services\api.js","API_OR_SERVICE","api","GET","/rainwater-structures","False"
"C:\Users\DIYA GOEL\Downloads\EBDESIGN\frontend\src\services\api.js","API_OR_SERVICE","api","GET","/random","False"
"C:\Users\DIYA GOEL\Downloads\EBDESIGN\frontend\src\services\api.js","API_OR_SERVICE","api","GET","/ranges","False"
"C:\Users\DIYA GOEL\Downloads\EBDESIGN\frontend\src\services\api.js","API_OR_SERVICE","api","GET","/rate-limits","False"
"C:\Users\DIYA GOEL\Downloads\EBDESIGN\frontend\src\services\api.js","API_OR_SERVICE","api","GET","/ratings","False"
"C:\Users\DIYA GOEL\Downloads\EBDESIGN\frontend\src\services\api.js","API_OR_SERVICE","api","GET","/realtime-monitoring","False"
"C:\Users\DIYA GOEL\Downloads\EBDESIGN\frontend\src\services\api.js","API_OR_SERVICE","api","GET","/realtime-monitoring/health","False"
"C:\Users\DIYA GOEL\Downloads\EBDESIGN\frontend\src\services\api.js","API_OR_SERVICE","api","GET","/realtime-monitoring/monitor/${id}/status","True"
"C:\Users\DIYA GOEL\Downloads\EBDESIGN\frontend\src\services\api.js","API_OR_SERVICE","api","GET","/realtime-monitoring/monitors","False"
"C:\Users\DIYA GOEL\Downloads\EBDESIGN\frontend\src\services\api.js","API_OR_SERVICE","api","GET","/recommendations","False"
"C:\Users\DIYA GOEL\Downloads\EBDESIGN\frontend\src\services\api.js","API_OR_SERVICE","api","GET","/recommended-products","False"
"C:\Users\DIYA GOEL\Downloads\EBDESIGN\frontend\src\services\api.js","API_OR_SERVICE","api","GET","/recommended-products/${id}","True"
"C:\Users\DIYA GOEL\Downloads\EBDESIGN\frontend\src\services\api.js","API_OR_SERVICE","api","GET","/records","False"
"C:\Users\DIYA GOEL\Downloads\EBDESIGN\frontend\src\services\api.js","API_OR_SERVICE","api","GET","/recovered-finance","False"
"C:\Users\DIYA GOEL\Downloads\EBDESIGN\frontend\src\services\api.js","API_OR_SERVICE","api","GET","/recovery-points","False"
"C:\Users\DIYA GOEL\Downloads\EBDESIGN\frontend\src\services\api.js","API_OR_SERVICE","api","GET","/redis-data","False"
"C:\Users\DIYA GOEL\Downloads\EBDESIGN\frontend\src\services\api.js","API_OR_SERVICE","api","GET","/referrals","False"
"C:\Users\DIYA GOEL\Downloads\EBDESIGN\frontend\src\services\api.js","API_OR_SERVICE","api","GET","/refugee-engagements","False"
"C:\Users\DIYA GOEL\Downloads\EBDESIGN\frontend\src\services\api.js","API_OR_SERVICE","api","GET","/refunds","False"
"C:\Users\DIYA GOEL\Downloads\EBDESIGN\frontend\src\services\api.js","API_OR_SERVICE","api","GET","/regenerative-agriculture","False"
"C:\Users\DIYA GOEL\Downloads\EBDESIGN\frontend\src\services\api.js","API_OR_SERVICE","api","GET","/regional-cooperations","False"
"C:\Users\DIYA GOEL\Downloads\EBDESIGN\frontend\src\services\api.js","API_OR_SERVICE","api","GET","/regional-development","False"
"C:\Users\DIYA GOEL\Downloads\EBDESIGN\frontend\src\services\api.js","API_OR_SERVICE","api","GET","/regional-variety","False"
"C:\Users\DIYA GOEL\Downloads\EBDESIGN\frontend\src\services\api.js","API_OR_SERVICE","api","GET","/regulations","False"
"C:\Users\DIYA GOEL\Downloads\EBDESIGN\frontend\src\services\api.js","API_OR_SERVICE","api","GET","/regulatory","False"
"C:\Users\DIYA GOEL\Downloads\EBDESIGN\frontend\src\services\api.js","API_OR_SERVICE","api","GET","/regulatory-resilience-farming","False"
"C:\Users\DIYA GOEL\Downloads\EBDESIGN\frontend\src\services\api.js","API_OR_SERVICE","api","GET","/releases","False"
"C:\Users\DIYA GOEL\Downloads\EBDESIGN\frontend\src\services\api.js","API_OR_SERVICE","api","GET","/releases/${id}","True"
"C:\Users\DIYA GOEL\Downloads\EBDESIGN\frontend\src\services\api.js","API_OR_SERVICE","api","GET","/religious-warfare","False"
"C:\Users\DIYA GOEL\Downloads\EBDESIGN\frontend\src\services\api.js","API_OR_SERVICE","api","GET","/remediation","False"
"C:\Users\DIYA GOEL\Downloads\EBDESIGN\frontend\src\services\api.js","API_OR_SERVICE","api","GET","/renewable-energy/statistics","False"
"C:\Users\DIYA GOEL\Downloads\EBDESIGN\frontend\src\services\api.js","API_OR_SERVICE","api","GET","/replications","False"
"C:\Users\DIYA GOEL\Downloads\EBDESIGN\frontend\src\services\api.js","API_OR_SERVICE","api","GET","/report-generator","False"
"C:\Users\DIYA GOEL\Downloads\EBDESIGN\frontend\src\services\api.js","API_OR_SERVICE","api","GET","/reporting","False"
"C:\Users\DIYA GOEL\Downloads\EBDESIGN\frontend\src\services\api.js","API_OR_SERVICE","api","GET","/reporting-resilience-farming","False"
"C:\Users\DIYA GOEL\Downloads\EBDESIGN\frontend\src\services\api.js","API_OR_SERVICE","api","GET","/reports","False"
"C:\Users\DIYA GOEL\Downloads\EBDESIGN\frontend\src\services\api.js","API_OR_SERVICE","api","GET","/repositories","False"
"C:\Users\DIYA GOEL\Downloads\EBDESIGN\frontend\src\services\api.js","API_OR_SERVICE","api","GET","/requests","False"
"C:\Users\DIYA GOEL\Downloads\EBDESIGN\frontend\src\services\api.js","API_OR_SERVICE","api","GET","/research","False"
"C:\Users\DIYA GOEL\Downloads\EBDESIGN\frontend\src\services\api.js","API_OR_SERVICE","api","GET","/research-and-development","False"
"C:\Users\DIYA GOEL\Downloads\EBDESIGN\frontend\src\services\api.js","API_OR_SERVICE","api","GET","/research-development/analytics","False"
"C:\Users\DIYA GOEL\Downloads\EBDESIGN\frontend\src\services\api.js","API_OR_SERVICE","api","GET","/research-development/collaborations","False"
"C:\Users\DIYA GOEL\Downloads\EBDESIGN\frontend\src\services\api.js","API_OR_SERVICE","api","GET","/research-development/funding-opportunities","False"
"C:\Users\DIYA GOEL\Downloads\EBDESIGN\frontend\src\services\api.js","API_OR_SERVICE","api","GET","/research-development/health","False"
"C:\Users\DIYA GOEL\Downloads\EBDESIGN\frontend\src\services\api.js","API_OR_SERVICE","api","GET","/research-development/innovations","False"
"C:\Users\DIYA GOEL\Downloads\EBDESIGN\frontend\src\services\api.js","API_OR_SERVICE","api","GET","/research-development/knowledge/search","False"
"C:\Users\DIYA GOEL\Downloads\EBDESIGN\frontend\src\services\api.js","API_OR_SERVICE","api","GET","/research-development/patents","False"
"C:\Users\DIYA GOEL\Downloads\EBDESIGN\frontend\src\services\api.js","API_OR_SERVICE","api","GET","/research-development/publications","False"
"C:\Users\DIYA GOEL\Downloads\EBDESIGN\frontend\src\services\api.js","API_OR_SERVICE","api","GET","/research-development/rd-project/${projectId}","True"
"C:\Users\DIYA GOEL\Downloads\EBDESIGN\frontend\src\services\api.js","API_OR_SERVICE","api","GET","/research-development/rd-projects","False"
"C:\Users\DIYA GOEL\Downloads\EBDESIGN\frontend\src\services\api.js","API_OR_SERVICE","api","GET","/research-resilience-farming","False"
"C:\Users\DIYA GOEL\Downloads\EBDESIGN\frontend\src\services\api.js","API_OR_SERVICE","api","GET","/reservoirs","False"
"C:\Users\DIYA GOEL\Downloads\EBDESIGN\frontend\src\services\api.js","API_OR_SERVICE","api","GET","/resilience/metrics","False"
"C:\Users\DIYA GOEL\Downloads\EBDESIGN\frontend\src\services\api.js","API_OR_SERVICE","api","GET","/resource-optimization","False"
"C:\Users\DIYA GOEL\Downloads\EBDESIGN\frontend\src\services\api.js","API_OR_SERVICE","api","GET","/resources","False"
"C:\Users\DIYA GOEL\Downloads\EBDESIGN\frontend\src\services\api.js","API_OR_SERVICE","api","GET","/resources/${id}","True"
"C:\Users\DIYA GOEL\Downloads\EBDESIGN\frontend\src\services\api.js","API_OR_SERVICE","api","GET","/resource-sharing","False"
"C:\Users\DIYA GOEL\Downloads\EBDESIGN\frontend\src\services\api.js","API_OR_SERVICE","api","GET","/responsibility-resilience-farming","False"
"C:\Users\DIYA GOEL\Downloads\EBDESIGN\frontend\src\services\api.js","API_OR_SERVICE","api","GET","/results","False"
"C:\Users\DIYA GOEL\Downloads\EBDESIGN\frontend\src\services\api.js","API_OR_SERVICE","api","GET","/retail","False"
"C:\Users\DIYA GOEL\Downloads\EBDESIGN\frontend\src\services\api.js","API_OR_SERVICE","api","GET","/retention-policies","False"
"C:\Users\DIYA GOEL\Downloads\EBDESIGN\frontend\src\services\api.js","API_OR_SERVICE","api","GET","/retry-policies","False"
"C:\Users\DIYA GOEL\Downloads\EBDESIGN\frontend\src\services\api.js","API_OR_SERVICE","api","GET","/return-load-board","False"
"C:\Users\DIYA GOEL\Downloads\EBDESIGN\frontend\src\services\api.js","API_OR_SERVICE","api","GET","/return-load-board/search","False"
"C:\Users\DIYA GOEL\Downloads\EBDESIGN\frontend\src\services\api.js","API_OR_SERVICE","api","GET","/returns","False"
"C:\Users\DIYA GOEL\Downloads\EBDESIGN\frontend\src\services\api.js","API_OR_SERVICE","api","GET","/reviews","False"
"C:\Users\DIYA GOEL\Downloads\EBDESIGN\frontend\src\services\api.js","API_OR_SERVICE","api","GET","/rfq","False"
"C:\Users\DIYA GOEL\Downloads\EBDESIGN\frontend\src\services\api.js","API_OR_SERVICE","api","GET","/rfq/active-holds","False"
"C:\Users\DIYA GOEL\Downloads\EBDESIGN\frontend\src\services\api.js","API_OR_SERVICE","api","GET","/rfq/centre-pnl/${fpoId}","True"
"C:\Users\DIYA GOEL\Downloads\EBDESIGN\frontend\src\services\api.js","API_OR_SERVICE","api","GET","/rfq/loss-analysis","False"
"C:\Users\DIYA GOEL\Downloads\EBDESIGN\frontend\src\services\api.js","API_OR_SERVICE","api","GET","/rice","False"
"C:\Users\DIYA GOEL\Downloads\EBDESIGN\frontend\src\services\api.js","API_OR_SERVICE","api","GET","/rights","False"
"C:\Users\DIYA GOEL\Downloads\EBDESIGN\frontend\src\services\api.js","API_OR_SERVICE","api","GET","/risk","False"
"C:\Users\DIYA GOEL\Downloads\EBDESIGN\frontend\src\services\api.js","API_OR_SERVICE","api","GET","/risk-assessment","False"
"C:\Users\DIYA GOEL\Downloads\EBDESIGN\frontend\src\services\api.js","API_OR_SERVICE","api","GET","/risk-pricing","False"
"C:\Users\DIYA GOEL\Downloads\EBDESIGN\frontend\src\services\api.js","API_OR_SERVICE","api","GET","/risks","False"
"C:\Users\DIYA GOEL\Downloads\EBDESIGN\frontend\src\services\api.js","API_OR_SERVICE","api","GET","/rivers","False"
"C:\Users\DIYA GOEL\Downloads\EBDESIGN\frontend\src\services\api.js","API_OR_SERVICE","api","GET","/roads","False"
"C:\Users\DIYA GOEL\Downloads\EBDESIGN\frontend\src\services\api.js","API_OR_SERVICE","api","GET","/robotic-farming","False"
"C:\Users\DIYA GOEL\Downloads\EBDESIGN\frontend\src\services\api.js","API_OR_SERVICE","api","GET","/robotics/devices/${id}/telemetry","True"
"C:\Users\DIYA GOEL\Downloads\EBDESIGN\frontend\src\services\api.js","API_OR_SERVICE","api","GET","/robotics/missions/${id}","True"
"C:\Users\DIYA GOEL\Downloads\EBDESIGN\frontend\src\services\api.js","API_OR_SERVICE","api","GET","/role-management/roles","False"
"C:\Users\DIYA GOEL\Downloads\EBDESIGN\frontend\src\services\api.js","API_OR_SERVICE","api","GET","/role-manager","False"
"C:\Users\DIYA GOEL\Downloads\EBDESIGN\frontend\src\services\api.js","API_OR_SERVICE","api","GET","/role-permission/permission-matrix","False"
"C:\Users\DIYA GOEL\Downloads\EBDESIGN\frontend\src\services\api.js","API_OR_SERVICE","api","GET","/role-permission/permissions","False"
"C:\Users\DIYA GOEL\Downloads\EBDESIGN\frontend\src\services\api.js","API_OR_SERVICE","api","GET","/role-permission/recommend-role-for-user","False"
"C:\Users\DIYA GOEL\Downloads\EBDESIGN\frontend\src\services\api.js","API_OR_SERVICE","api","GET","/role-permission/role-hierarchy","False"
"C:\Users\DIYA GOEL\Downloads\EBDESIGN\frontend\src\services\api.js","API_OR_SERVICE","api","GET","/role-permission/roles","False"
"C:\Users\DIYA GOEL\Downloads\EBDESIGN\frontend\src\services\api.js","API_OR_SERVICE","api","GET","/roles","False"
"C:\Users\DIYA GOEL\Downloads\EBDESIGN\frontend\src\services\api.js","API_OR_SERVICE","api","GET","/roles/${id}/permissions","True"
"C:\Users\DIYA GOEL\Downloads\EBDESIGN\frontend\src\services\api.js","API_OR_SERVICE","api","GET","/rollbacks","False"
"C:\Users\DIYA GOEL\Downloads\EBDESIGN\frontend\src\services\api.js","API_OR_SERVICE","api","GET","/rotation","False"
"C:\Users\DIYA GOEL\Downloads\EBDESIGN\frontend\src\services\api.js","API_OR_SERVICE","api","GET","/routes","False"
"C:\Users\DIYA GOEL\Downloads\EBDESIGN\frontend\src\services\api.js","API_OR_SERVICE","api","GET","/rows","False"
"C:\Users\DIYA GOEL\Downloads\EBDESIGN\frontend\src\services\api.js","API_OR_SERVICE","api","GET","/rural-development","False"
"C:\Users\DIYA GOEL\Downloads\EBDESIGN\frontend\src\services\api.js","API_OR_SERVICE","api","GET","/rural-development-projects","False"
"C:\Users\DIYA GOEL\Downloads\EBDESIGN\frontend\src\services\api.js","API_OR_SERVICE","api","GET","/rural-enterprise/statistics","False"
"C:\Users\DIYA GOEL\Downloads\EBDESIGN\frontend\src\services\api.js","API_OR_SERVICE","api","GET","/rural-finance/rural-finance","False"
"C:\Users\DIYA GOEL\Downloads\EBDESIGN\frontend\src\services\api.js","API_OR_SERVICE","api","GET","/safety","False"
"C:\Users\DIYA GOEL\Downloads\EBDESIGN\frontend\src\services\api.js","API_OR_SERVICE","api","GET","/safety/incidents","False"
"C:\Users\DIYA GOEL\Downloads\EBDESIGN\frontend\src\services\api.js","API_OR_SERVICE","api","GET","/sales","False"
"C:\Users\DIYA GOEL\Downloads\EBDESIGN\frontend\src\services\api.js","API_OR_SERVICE","api","GET","/sampling","False"
"C:\Users\DIYA GOEL\Downloads\EBDESIGN\frontend\src\services\api.js","API_OR_SERVICE","api","GET","/sap-module-architecture","False"
"C:\Users\DIYA GOEL\Downloads\EBDESIGN\frontend\src\services\api.js","API_OR_SERVICE","api","GET","/sap-module-architecture/dependency-graph","False"
"C:\Users\DIYA GOEL\Downloads\EBDESIGN\frontend\src\services\api.js","API_OR_SERVICE","api","GET","/sap-module-architecture/health","False"
"C:\Users\DIYA GOEL\Downloads\EBDESIGN\frontend\src\services\api.js","API_OR_SERVICE","api","GET","/sap-module-architecture/module/${id}","True"
"C:\Users\DIYA GOEL\Downloads\EBDESIGN\frontend\src\services\api.js","API_OR_SERVICE","api","GET","/sap-module-architecture/module/${id}/compatibility","True"
"C:\Users\DIYA GOEL\Downloads\EBDESIGN\frontend\src\services\api.js","API_OR_SERVICE","api","GET","/sap-module-architecture/module/${id}/configuration","True"
"C:\Users\DIYA GOEL\Downloads\EBDESIGN\frontend\src\services\api.js","API_OR_SERVICE","api","GET","/sap-module-architecture/module/${id}/dependencies","True"
"C:\Users\DIYA GOEL\Downloads\EBDESIGN\frontend\src\services\api.js","API_OR_SERVICE","api","GET","/sap-module-architecture/module/${id}/lifecycle","True"
"C:\Users\DIYA GOEL\Downloads\EBDESIGN\frontend\src\services\api.js","API_OR_SERVICE","api","GET","/sap-module-architecture/module/${id}/mta-descriptor","True"
"C:\Users\DIYA GOEL\Downloads\EBDESIGN\frontend\src\services\api.js","API_OR_SERVICE","api","GET","/sap-module-architecture/module/${id}/resolve-dependencies","True"
"C:\Users\DIYA GOEL\Downloads\EBDESIGN\frontend\src\services\api.js","API_OR_SERVICE","api","GET","/sap-module-architecture/module/${id}/version","True"
"C:\Users\DIYA GOEL\Downloads\EBDESIGN\frontend\src\services\api.js","API_OR_SERVICE","api","GET","/sap-module-architecture/modules","False"
"C:\Users\DIYA GOEL\Downloads\EBDESIGN\frontend\src\services\api.js","API_OR_SERVICE","api","GET","/sap-module-architecture/modules/by-type/${type}","True"
"C:\Users\DIYA GOEL\Downloads\EBDESIGN\frontend\src\services\api.js","API_OR_SERVICE","api","GET","/sap-module-architecture/overview","False"
"C:\Users\DIYA GOEL\Downloads\EBDESIGN\frontend\src\services\api.js","API_OR_SERVICE","api","GET","/satellite","False"
"C:\Users\DIYA GOEL\Downloads\EBDESIGN\frontend\src\services\api.js","API_OR_SERVICE","api","GET","/satellite-farming","False"
"C:\Users\DIYA GOEL\Downloads\EBDESIGN\frontend\src\services\api.js","API_OR_SERVICE","api","GET","/scaling/policies","False"
"C:\Users\DIYA GOEL\Downloads\EBDESIGN\frontend\src\services\api.js","API_OR_SERVICE","api","GET","/scenarios","False"
"C:\Users\DIYA GOEL\Downloads\EBDESIGN\frontend\src\services\api.js","API_OR_SERVICE","api","GET","/schedule-manager","False"
"C:\Users\DIYA GOEL\Downloads\EBDESIGN\frontend\src\services\api.js","API_OR_SERVICE","api","GET","/schedules","False"
"C:\Users\DIYA GOEL\Downloads\EBDESIGN\frontend\src\services\api.js","API_OR_SERVICE","api","GET","/scheme-benefits","False"
"C:\Users\DIYA GOEL\Downloads\EBDESIGN\frontend\src\services\api.js","API_OR_SERVICE","api","GET","/scheme-benefits/${schemeId}/eligibility","True"
"C:\Users\DIYA GOEL\Downloads\EBDESIGN\frontend\src\services\api.js","API_OR_SERVICE","api","GET","/scheme-registry","False"
"C:\Users\DIYA GOEL\Downloads\EBDESIGN\frontend\src\services\api.js","API_OR_SERVICE","api","GET","/scheme-registry/expiring","False"
"C:\Users\DIYA GOEL\Downloads\EBDESIGN\frontend\src\services\api.js","API_OR_SERVICE","api","GET","/schemes","False"
"C:\Users\DIYA GOEL\Downloads\EBDESIGN\frontend\src\services\api.js","API_OR_SERVICE","api","GET","/schools","False"
"C:\Users\DIYA GOEL\Downloads\EBDESIGN\frontend\src\services\api.js","API_OR_SERVICE","api","GET","/science","False"
"C:\Users\DIYA GOEL\Downloads\EBDESIGN\frontend\src\services\api.js","API_OR_SERVICE","api","GET","/sea","False"
"C:\Users\DIYA GOEL\Downloads\EBDESIGN\frontend\src\services\api.js","API_OR_SERVICE","api","GET","/search","False"
"C:\Users\DIYA GOEL\Downloads\EBDESIGN\frontend\src\services\api.js","API_OR_SERVICE","api","GET","/search/${id}","True"
"C:\Users\DIYA GOEL\Downloads\EBDESIGN\frontend\src\services\api.js","API_OR_SERVICE","api","GET","/sectors","False"
"C:\Users\DIYA GOEL\Downloads\EBDESIGN\frontend\src\services\api.js","API_OR_SERVICE","api","GET","/sectors/${id}","True"
"C:\Users\DIYA GOEL\Downloads\EBDESIGN\frontend\src\services\api.js","API_OR_SERVICE","api","GET","/security","False"
"C:\Users\DIYA GOEL\Downloads\EBDESIGN\frontend\src\services\api.js","API_OR_SERVICE","api","GET","/security-access-control/ip-lists","False"
"C:\Users\DIYA GOEL\Downloads\EBDESIGN\frontend\src\services\api.js","API_OR_SERVICE","api","GET","/security-access-control/security-events","False"
"C:\Users\DIYA GOEL\Downloads\EBDESIGN\frontend\src\services\api.js","API_OR_SERVICE","api","GET","/security-audits","False"
"C:\Users\DIYA GOEL\Downloads\EBDESIGN\frontend\src\services\api.js","API_OR_SERVICE","api","GET","/security-logs","False"
"C:\Users\DIYA GOEL\Downloads\EBDESIGN\frontend\src\services\api.js","API_OR_SERVICE","api","GET","/security-logs/${id}","True"
"C:\Users\DIYA GOEL\Downloads\EBDESIGN\frontend\src\services\api.js","API_OR_SERVICE","api","GET","/security-scans","False"
"C:\Users\DIYA GOEL\Downloads\EBDESIGN\frontend\src\services\api.js","API_OR_SERVICE","api","GET","/seedlings","False"
"C:\Users\DIYA GOEL\Downloads\EBDESIGN\frontend\src\services\api.js","API_OR_SERVICE","api","GET","/seed-optimization","False"
"C:\Users\DIYA GOEL\Downloads\EBDESIGN\frontend\src\services\api.js","API_OR_SERVICE","api","GET","/seed-planning/plans","False"
"C:\Users\DIYA GOEL\Downloads\EBDESIGN\frontend\src\services\api.js","API_OR_SERVICE","api","GET","/seeds","False"
"C:\Users\DIYA GOEL\Downloads\EBDESIGN\frontend\src\services\api.js","API_OR_SERVICE","api","GET","/seed-vault","False"
"C:\Users\DIYA GOEL\Downloads\EBDESIGN\frontend\src\services\api.js","API_OR_SERVICE","api","GET","/seed-vault/categories","False"
"C:\Users\DIYA GOEL\Downloads\EBDESIGN\frontend\src\services\api.js","API_OR_SERVICE","api","GET","/seller-ranking","False"
"C:\Users\DIYA GOEL\Downloads\EBDESIGN\frontend\src\services\api.js","API_OR_SERVICE","api","GET","/seller-verifications","False"
"C:\Users\DIYA GOEL\Downloads\EBDESIGN\frontend\src\services\api.js","API_OR_SERVICE","api","GET","/sensor-farming","False"
"C:\Users\DIYA GOEL\Downloads\EBDESIGN\frontend\src\services\api.js","API_OR_SERVICE","api","GET","/sensors","False"
"C:\Users\DIYA GOEL\Downloads\EBDESIGN\frontend\src\services\api.js","API_OR_SERVICE","api","GET","/service-meshes","False"
"C:\Users\DIYA GOEL\Downloads\EBDESIGN\frontend\src\services\api.js","API_OR_SERVICE","api","GET","/service-registry","False"
"C:\Users\DIYA GOEL\Downloads\EBDESIGN\frontend\src\services\api.js","API_OR_SERVICE","api","GET","/services","False"
"C:\Users\DIYA GOEL\Downloads\EBDESIGN\frontend\src\services\api.js","API_OR_SERVICE","api","GET","/session-management/sessions","False"
"C:\Users\DIYA GOEL\Downloads\EBDESIGN\frontend\src\services\api.js","API_OR_SERVICE","api","GET","/sessions","False"
"C:\Users\DIYA GOEL\Downloads\EBDESIGN\frontend\src\services\api.js","API_OR_SERVICE","api","GET","/settings","False"
"C:\Users\DIYA GOEL\Downloads\EBDESIGN\frontend\src\services\api.js","API_OR_SERVICE","api","GET","/settlements","False"
"C:\Users\DIYA GOEL\Downloads\EBDESIGN\frontend\src\services\api.js","API_OR_SERVICE","api","GET","/settlements/${id}","True"
"C:\Users\DIYA GOEL\Downloads\EBDESIGN\frontend\src\services\api.js","API_OR_SERVICE","api","GET","/shared-infra/book-asset","False"
"C:\Users\DIYA GOEL\Downloads\EBDESIGN\frontend\src\services\api.js","API_OR_SERVICE","api","GET","/shared-infra/register-asset","False"
"C:\Users\DIYA GOEL\Downloads\EBDESIGN\frontend\src\services\api.js","API_OR_SERVICE","api","GET","/shared-infra/renewable-support","False"
"C:\Users\DIYA GOEL\Downloads\EBDESIGN\frontend\src\services\api.js","API_OR_SERVICE","api","GET","/shared-infrastructure/shared-infrastructure","False"
"C:\Users\DIYA GOEL\Downloads\EBDESIGN\frontend\src\services\api.js","API_OR_SERVICE","api","GET","/sheep","False"
"C:\Users\DIYA GOEL\Downloads\EBDESIGN\frontend\src\services\api.js","API_OR_SERVICE","api","GET","/sheep/breeding-alerts","False"
"C:\Users\DIYA GOEL\Downloads\EBDESIGN\frontend\src\services\api.js","API_OR_SERVICE","api","GET","/sheep/breeding-records","False"
"C:\Users\DIYA GOEL\Downloads\EBDESIGN\frontend\src\services\api.js","API_OR_SERVICE","api","GET","/sheep/feed-consumption","False"
"C:\Users\DIYA GOEL\Downloads\EBDESIGN\frontend\src\services\api.js","API_OR_SERVICE","api","GET","/sheep/flock","False"
"C:\Users\DIYA GOEL\Downloads\EBDESIGN\frontend\src\services\api.js","API_OR_SERVICE","api","GET","/sheep/flock-performance","False"
"C:\Users\DIYA GOEL\Downloads\EBDESIGN\frontend\src\services\api.js","API_OR_SERVICE","api","GET","/sheep/shearing-alerts","False"
"C:\Users\DIYA GOEL\Downloads\EBDESIGN\frontend\src\services\api.js","API_OR_SERVICE","api","GET","/sheep/vaccination-alerts","False"
"C:\Users\DIYA GOEL\Downloads\EBDESIGN\frontend\src\services\api.js","API_OR_SERVICE","api","GET","/sheep/vaccination-records","False"
"C:\Users\DIYA GOEL\Downloads\EBDESIGN\frontend\src\services\api.js","API_OR_SERVICE","api","GET","/sheep/wool-production","False"
"C:\Users\DIYA GOEL\Downloads\EBDESIGN\frontend\src\services\api.js","API_OR_SERVICE","api","GET","/sheep-ai/monitor-sheep-health","False"
"C:\Users\DIYA GOEL\Downloads\EBDESIGN\frontend\src\services\api.js","API_OR_SERVICE","api","GET","/sheep-ai/optimize-sheep-feed","False"
"C:\Users\DIYA GOEL\Downloads\EBDESIGN\frontend\src\services\api.js","API_OR_SERVICE","api","GET","/sheep-ai/optimize-wool-production","False"
"C:\Users\DIYA GOEL\Downloads\EBDESIGN\frontend\src\services\api.js","API_OR_SERVICE","api","GET","/sheep-ai/recommend-sheep-breeding","False"
"C:\Users\DIYA GOEL\Downloads\EBDESIGN\frontend\src\services\api.js","API_OR_SERVICE","api","GET","/sheep-farming/animals","False"
"C:\Users\DIYA GOEL\Downloads\EBDESIGN\frontend\src\services\api.js","API_OR_SERVICE","api","GET","/shg/groups","False"
"C:\Users\DIYA GOEL\Downloads\EBDESIGN\frontend\src\services\api.js","API_OR_SERVICE","api","GET","/shg/members","False"
"C:\Users\DIYA GOEL\Downloads\EBDESIGN\frontend\src\services\api.js","API_OR_SERVICE","api","GET","/shg/record-saving","False"
"C:\Users\DIYA GOEL\Downloads\EBDESIGN\frontend\src\services\api.js","API_OR_SERVICE","api","GET","/shg/savings","False"
"C:\Users\DIYA GOEL\Downloads\EBDESIGN\frontend\src\services\api.js","API_OR_SERVICE","api","GET","/shipments","False"
"C:\Users\DIYA GOEL\Downloads\EBDESIGN\frontend\src\services\api.js","API_OR_SERVICE","api","GET","/shipping","False"
"C:\Users\DIYA GOEL\Downloads\EBDESIGN\frontend\src\services\api.js","API_OR_SERVICE","api","GET","/shrimp","False"
"C:\Users\DIYA GOEL\Downloads\EBDESIGN\frontend\src\services\api.js","API_OR_SERVICE","api","GET","/sidecars","False"
"C:\Users\DIYA GOEL\Downloads\EBDESIGN\frontend\src\services\api.js","API_OR_SERVICE","api","GET","/signoffs","False"
"C:\Users\DIYA GOEL\Downloads\EBDESIGN\frontend\src\services\api.js","API_OR_SERVICE","api","GET","/simulation","False"
"C:\Users\DIYA GOEL\Downloads\EBDESIGN\frontend\src\services\api.js","API_OR_SERVICE","api","GET","/sites","False"
"C:\Users\DIYA GOEL\Downloads\EBDESIGN\frontend\src\services\api.js","API_OR_SERVICE","api","GET","/skill-development","False"
"C:\Users\DIYA GOEL\Downloads\EBDESIGN\frontend\src\services\api.js","API_OR_SERVICE","api","GET","/skills","False"
"C:\Users\DIYA GOEL\Downloads\EBDESIGN\frontend\src\services\api.js","API_OR_SERVICE","api","GET","/skills-resilience-farming","False"
"C:\Users\DIYA GOEL\Downloads\EBDESIGN\frontend\src\services\api.js","API_OR_SERVICE","api","GET","/smart-contracts","False"
"C:\Users\DIYA GOEL\Downloads\EBDESIGN\frontend\src\services\api.js","API_OR_SERVICE","api","GET","/smart-farming","False"
"C:\Users\DIYA GOEL\Downloads\EBDESIGN\frontend\src\services\api.js","API_OR_SERVICE","api","GET","/social-development","False"
"C:\Users\DIYA GOEL\Downloads\EBDESIGN\frontend\src\services\api.js","API_OR_SERVICE","api","GET","/social-media","False"
"C:\Users\DIYA GOEL\Downloads\EBDESIGN\frontend\src\services\api.js","API_OR_SERVICE","api","GET","/social-resilience-farming","False"
"C:\Users\DIYA GOEL\Downloads\EBDESIGN\frontend\src\services\api.js","API_OR_SERVICE","api","GET","/society-resilience-farming","False"
"C:\Users\DIYA GOEL\Downloads\EBDESIGN\frontend\src\services\api.js","API_OR_SERVICE","api","GET","/soil","False"
"C:\Users\DIYA GOEL\Downloads\EBDESIGN\frontend\src\services\api.js","API_OR_SERVICE","api","GET","/soil/tests","False"
"C:\Users\DIYA GOEL\Downloads\EBDESIGN\frontend\src\services\api.js","API_OR_SERVICE","api","GET","/soil-conservation-farming","False"
"C:\Users\DIYA GOEL\Downloads\EBDESIGN\frontend\src\services\api.js","API_OR_SERVICE","api","GET","/soil-health","False"
"C:\Users\DIYA GOEL\Downloads\EBDESIGN\frontend\src\services\api.js","API_OR_SERVICE","api","GET","/soil-health/cards","False"
"C:\Users\DIYA GOEL\Downloads\EBDESIGN\frontend\src\services\api.js","API_OR_SERVICE","api","GET","/soil-health-monitoring","False"
"C:\Users\DIYA GOEL\Downloads\EBDESIGN\frontend\src\services\api.js","API_OR_SERVICE","api","GET","/soil-management","False"
"C:\Users\DIYA GOEL\Downloads\EBDESIGN\frontend\src\services\api.js","API_OR_SERVICE","api","GET","/soil-mapping/zones","False"
"C:\Users\DIYA GOEL\Downloads\EBDESIGN\frontend\src\services\api.js","API_OR_SERVICE","api","GET","/soil-moisture","False"
"C:\Users\DIYA GOEL\Downloads\EBDESIGN\frontend\src\services\api.js","API_OR_SERVICE","api","GET","/soil-testing-ops/health-card","False"
"C:\Users\DIYA GOEL\Downloads\EBDESIGN\frontend\src\services\api.js","API_OR_SERVICE","api","GET","/soil-testing-ops/track-sample","False"
"C:\Users\DIYA GOEL\Downloads\EBDESIGN\frontend\src\services\api.js","API_OR_SERVICE","api","GET","/solar","False"
"C:\Users\DIYA GOEL\Downloads\EBDESIGN\frontend\src\services\api.js","API_OR_SERVICE","api","GET","/sorghum","False"
"C:\Users\DIYA GOEL\Downloads\EBDESIGN\frontend\src\services\api.js","API_OR_SERVICE","api","GET","/sort/${entity}","True"
"C:\Users\DIYA GOEL\Downloads\EBDESIGN\frontend\src\services\api.js","API_OR_SERVICE","api","GET","/sorting","False"
"C:\Users\DIYA GOEL\Downloads\EBDESIGN\frontend\src\services\api.js","API_OR_SERVICE","api","GET","/sourcing","False"
"C:\Users\DIYA GOEL\Downloads\EBDESIGN\frontend\src\services\api.js","API_OR_SERVICE","api","GET","/south-south-cooperations","False"
"C:\Users\DIYA GOEL\Downloads\EBDESIGN\frontend\src\services\api.js","API_OR_SERVICE","api","GET","/sowing/records","False"
"C:\Users\DIYA GOEL\Downloads\EBDESIGN\frontend\src\services\api.js","API_OR_SERVICE","api","GET","/soybeans","False"
"C:\Users\DIYA GOEL\Downloads\EBDESIGN\frontend\src\services\api.js","API_OR_SERVICE","api","GET","/spare-parts/parts","False"
"C:\Users\DIYA GOEL\Downloads\EBDESIGN\frontend\src\services\api.js","API_OR_SERVICE","api","GET","/spatial","False"
"C:\Users\DIYA GOEL\Downloads\EBDESIGN\frontend\src\services\api.js","API_OR_SERVICE","api","GET","/specifications","False"
"C:\Users\DIYA GOEL\Downloads\EBDESIGN\frontend\src\services\api.js","API_OR_SERVICE","api","GET","/speech-models","False"
"C:\Users\DIYA GOEL\Downloads\EBDESIGN\frontend\src\services\api.js","API_OR_SERVICE","api","GET","/speech-recognition-farming","False"
"C:\Users\DIYA GOEL\Downloads\EBDESIGN\frontend\src\services\api.js","API_OR_SERVICE","api","GET","/spices","False"
"C:\Users\DIYA GOEL\Downloads\EBDESIGN\frontend\src\services\api.js","API_OR_SERVICE","api","GET","/sso/providers","False"
"C:\Users\DIYA GOEL\Downloads\EBDESIGN\frontend\src\services\api.js","API_OR_SERVICE","api","GET","/stakeholder-engagements","False"
"C:\Users\DIYA GOEL\Downloads\EBDESIGN\frontend\src\services\api.js","API_OR_SERVICE","api","GET","/standard-resilience-farming","False"
"C:\Users\DIYA GOEL\Downloads\EBDESIGN\frontend\src\services\api.js","API_OR_SERVICE","api","GET","/states","False"
"C:\Users\DIYA GOEL\Downloads\EBDESIGN\frontend\src\services\api.js","API_OR_SERVICE","api","GET","/states/${id}","True"
"C:\Users\DIYA GOEL\Downloads\EBDESIGN\frontend\src\services\api.js","API_OR_SERVICE","api","GET","/storage","False"
"C:\Users\DIYA GOEL\Downloads\EBDESIGN\frontend\src\services\api.js","API_OR_SERVICE","api","GET","/storage-buckets","False"
"C:\Users\DIYA GOEL\Downloads\EBDESIGN\frontend\src\services\api.js","API_OR_SERVICE","api","GET","/strategic","False"
"C:\Users\DIYA GOEL\Downloads\EBDESIGN\frontend\src\services\api.js","API_OR_SERVICE","api","GET","/strategy","False"
"C:\Users\DIYA GOEL\Downloads\EBDESIGN\frontend\src\services\api.js","API_OR_SERVICE","api","GET","/streams","False"
"C:\Users\DIYA GOEL\Downloads\EBDESIGN\frontend\src\services\api.js","API_OR_SERVICE","api","GET","/stress-tests","False"
"C:\Users\DIYA GOEL\Downloads\EBDESIGN\frontend\src\services\api.js","API_OR_SERVICE","api","GET","/subscription-boxes","False"
"C:\Users\DIYA GOEL\Downloads\EBDESIGN\frontend\src\services\api.js","API_OR_SERVICE","api","GET","/subscription-boxes/${id}","True"
"C:\Users\DIYA GOEL\Downloads\EBDESIGN\frontend\src\services\api.js","API_OR_SERVICE","api","GET","/subscriptions","False"
"C:\Users\DIYA GOEL\Downloads\EBDESIGN\frontend\src\services\api.js","API_OR_SERVICE","api","GET","/subsectors","False"
"C:\Users\DIYA GOEL\Downloads\EBDESIGN\frontend\src\services\api.js","API_OR_SERVICE","api","GET","/subsectors/${id}","True"
"C:\Users\DIYA GOEL\Downloads\EBDESIGN\frontend\src\services\api.js","API_OR_SERVICE","api","GET","/subsidy-ops/apply","False"
"C:\Users\DIYA GOEL\Downloads\EBDESIGN\frontend\src\services\api.js","API_OR_SERVICE","api","GET","/subsidy-ops/check-equipment-subsidy","False"
"C:\Users\DIYA GOEL\Downloads\EBDESIGN\frontend\src\services\api.js","API_OR_SERVICE","api","GET","/subsidy-ops/check-logistics-subsidy","False"
"C:\Users\DIYA GOEL\Downloads\EBDESIGN\frontend\src\services\api.js","API_OR_SERVICE","api","GET","/subsidy-ops/check-project-subsidy","False"
"C:\Users\DIYA GOEL\Downloads\EBDESIGN\frontend\src\services\api.js","API_OR_SERVICE","api","GET","/subsidy-ops/schemes","False"
"C:\Users\DIYA GOEL\Downloads\EBDESIGN\frontend\src\services\api.js","API_OR_SERVICE","api","GET","/subsidy-ops/track","False"
"C:\Users\DIYA GOEL\Downloads\EBDESIGN\frontend\src\services\api.js","API_OR_SERVICE","api","GET","/success-stories","False"
"C:\Users\DIYA GOEL\Downloads\EBDESIGN\frontend\src\services\api.js","API_OR_SERVICE","api","GET","/sugar","False"
"C:\Users\DIYA GOEL\Downloads\EBDESIGN\frontend\src\services\api.js","API_OR_SERVICE","api","GET","/sunflowers","False"
"C:\Users\DIYA GOEL\Downloads\EBDESIGN\frontend\src\services\api.js","API_OR_SERVICE","api","GET","/suppliers-resilience-farming","False"
"C:\Users\DIYA GOEL\Downloads\EBDESIGN\frontend\src\services\api.js","API_OR_SERVICE","api","GET","/supply","False"
"C:\Users\DIYA GOEL\Downloads\EBDESIGN\frontend\src\services\api.js","API_OR_SERVICE","api","GET","/supply-chain","False"
"C:\Users\DIYA GOEL\Downloads\EBDESIGN\frontend\src\services\api.js","API_OR_SERVICE","api","GET","/supply-chain/track/${id}","True"
"C:\Users\DIYA GOEL\Downloads\EBDESIGN\frontend\src\services\api.js","API_OR_SERVICE","api","GET","/supply-chain-analytics","False"
"C:\Users\DIYA GOEL\Downloads\EBDESIGN\frontend\src\services\api.js","API_OR_SERVICE","api","GET","/supply-chain-decision","False"
"C:\Users\DIYA GOEL\Downloads\EBDESIGN\frontend\src\services\api.js","API_OR_SERVICE","api","GET","/supply-chain-optimization","False"
"C:\Users\DIYA GOEL\Downloads\EBDESIGN\frontend\src\services\api.js","API_OR_SERVICE","api","GET","/supply-chains-resilience-farming","False"
"C:\Users\DIYA GOEL\Downloads\EBDESIGN\frontend\src\services\api.js","API_OR_SERVICE","api","GET","/supply-chain-tracking","False"
"C:\Users\DIYA GOEL\Downloads\EBDESIGN\frontend\src\services\api.js","API_OR_SERVICE","api","GET","/supply-chain-tracking/${id}","True"
"C:\Users\DIYA GOEL\Downloads\EBDESIGN\frontend\src\services\api.js","API_OR_SERVICE","api","GET","/support/tickets","False"
"C:\Users\DIYA GOEL\Downloads\EBDESIGN\frontend\src\services\api.js","API_OR_SERVICE","api","GET","/support-tickets","False"
"C:\Users\DIYA GOEL\Downloads\EBDESIGN\frontend\src\services\api.js","API_OR_SERVICE","api","GET","/surveillance","False"
"C:\Users\DIYA GOEL\Downloads\EBDESIGN\frontend\src\services\api.js","API_OR_SERVICE","api","GET","/survey-management/surveys","False"
"C:\Users\DIYA GOEL\Downloads\EBDESIGN\frontend\src\services\api.js","API_OR_SERVICE","api","GET","/sustainability","False"
"C:\Users\DIYA GOEL\Downloads\EBDESIGN\frontend\src\services\api.js","API_OR_SERVICE","api","GET","/sustainability-farming","False"
"C:\Users\DIYA GOEL\Downloads\EBDESIGN\frontend\src\services\api.js","API_OR_SERVICE","api","GET","/swine","False"
"C:\Users\DIYA GOEL\Downloads\EBDESIGN\frontend\src\services\api.js","API_OR_SERVICE","api","GET","/synchronization","False"
"C:\Users\DIYA GOEL\Downloads\EBDESIGN\frontend\src\services\api.js","API_OR_SERVICE","api","GET","/syncs","False"
"C:\Users\DIYA GOEL\Downloads\EBDESIGN\frontend\src\services\api.js","API_OR_SERVICE","api","GET","/syndicates","False"
"C:\Users\DIYA GOEL\Downloads\EBDESIGN\frontend\src\services\api.js","API_OR_SERVICE","api","GET","/syndicates/${id}","True"
"C:\Users\DIYA GOEL\Downloads\EBDESIGN\frontend\src\services\api.js","API_OR_SERVICE","api","GET","/system","False"
"C:\Users\DIYA GOEL\Downloads\EBDESIGN\frontend\src\services\api.js","API_OR_SERVICE","api","GET","/system/health","False"
"C:\Users\DIYA GOEL\Downloads\EBDESIGN\frontend\src\services\api.js","API_OR_SERVICE","api","GET","/system-administration","False"
"C:\Users\DIYA GOEL\Downloads\EBDESIGN\frontend\src\services\api.js","API_OR_SERVICE","api","GET","/system-administration/capacity-forecast","False"
"C:\Users\DIYA GOEL\Downloads\EBDESIGN\frontend\src\services\api.js","API_OR_SERVICE","api","GET","/system-administration/health-dashboard","False"
"C:\Users\DIYA GOEL\Downloads\EBDESIGN\frontend\src\services\api.js","API_OR_SERVICE","api","GET","/system-config","False"
"C:\Users\DIYA GOEL\Downloads\EBDESIGN\frontend\src\services\api.js","API_OR_SERVICE","api","GET","/system-monitor","False"
"C:\Users\DIYA GOEL\Downloads\EBDESIGN\frontend\src\services\api.js","API_OR_SERVICE","api","GET","/system-monitor/metrics","False"
"C:\Users\DIYA GOEL\Downloads\EBDESIGN\frontend\src\services\api.js","API_OR_SERVICE","api","GET","/systems-resilience-farming","False"
"C:\Users\DIYA GOEL\Downloads\EBDESIGN\frontend\src\services\api.js","API_OR_SERVICE","api","GET","/tabulation","False"
"C:\Users\DIYA GOEL\Downloads\EBDESIGN\frontend\src\services\api.js","API_OR_SERVICE","api","GET","/tankers","False"
"C:\Users\DIYA GOEL\Downloads\EBDESIGN\frontend\src\services\api.js","API_OR_SERVICE","api","GET","/task-manager","False"
"C:\Users\DIYA GOEL\Downloads\EBDESIGN\frontend\src\services\api.js","API_OR_SERVICE","api","GET","/tasks","False"
"C:\Users\DIYA GOEL\Downloads\EBDESIGN\frontend\src\services\api.js","API_OR_SERVICE","api","GET","/tax","False"
"C:\Users\DIYA GOEL\Downloads\EBDESIGN\frontend\src\services\api.js","API_OR_SERVICE","api","GET","/taxonomy","False"
"C:\Users\DIYA GOEL\Downloads\EBDESIGN\frontend\src\services\api.js","API_OR_SERVICE","api","GET","/tea","False"
"C:\Users\DIYA GOEL\Downloads\EBDESIGN\frontend\src\services\api.js","API_OR_SERVICE","api","GET","/teams","False"
"C:\Users\DIYA GOEL\Downloads\EBDESIGN\frontend\src\services\api.js","API_OR_SERVICE","api","GET","/teams/${id}/members","True"
"C:\Users\DIYA GOEL\Downloads\EBDESIGN\frontend\src\services\api.js","API_OR_SERVICE","api","GET","/technical","False"
"C:\Users\DIYA GOEL\Downloads\EBDESIGN\frontend\src\services\api.js","API_OR_SERVICE","api","GET","/technology","False"
"C:\Users\DIYA GOEL\Downloads\EBDESIGN\frontend\src\services\api.js","API_OR_SERVICE","api","GET","/technology-resilience-farming","False"
"C:\Users\DIYA GOEL\Downloads\EBDESIGN\frontend\src\services\api.js","API_OR_SERVICE","api","GET","/technology-transfer","False"
"C:\Users\DIYA GOEL\Downloads\EBDESIGN\frontend\src\services\api.js","API_OR_SERVICE","api","GET","/telecommunication","False"
"C:\Users\DIYA GOEL\Downloads\EBDESIGN\frontend\src\services\api.js","API_OR_SERVICE","api","GET","/temperature","False"
"C:\Users\DIYA GOEL\Downloads\EBDESIGN\frontend\src\services\api.js","API_OR_SERVICE","api","GET","/templates","False"
"C:\Users\DIYA GOEL\Downloads\EBDESIGN\frontend\src\services\api.js","API_OR_SERVICE","api","GET","/templates/${id}","True"
"C:\Users\DIYA GOEL\Downloads\EBDESIGN\frontend\src\services\api.js","API_OR_SERVICE","api","GET","/tenant-management/tenants","False"
"C:\Users\DIYA GOEL\Downloads\EBDESIGN\frontend\src\services\api.js","API_OR_SERVICE","api","GET","/tenants","False"
"C:\Users\DIYA GOEL\Downloads\EBDESIGN\frontend\src\services\api.js","API_OR_SERVICE","api","GET","/tenants/${id}","True"
"C:\Users\DIYA GOEL\Downloads\EBDESIGN\frontend\src\services\api.js","API_OR_SERVICE","api","GET","/tester","False"
"C:\Users\DIYA GOEL\Downloads\EBDESIGN\frontend\src\services\api.js","API_OR_SERVICE","api","GET","/testing/results/${id}","True"
"C:\Users\DIYA GOEL\Downloads\EBDESIGN\frontend\src\services\api.js","API_OR_SERVICE","api","GET","/testing-resilience-farming","False"
"C:\Users\DIYA GOEL\Downloads\EBDESIGN\frontend\src\services\api.js","API_OR_SERVICE","api","GET","/textile","False"
"C:\Users\DIYA GOEL\Downloads\EBDESIGN\frontend\src\services\api.js","API_OR_SERVICE","api","GET","/theme-manager","False"
"C:\Users\DIYA GOEL\Downloads\EBDESIGN\frontend\src\services\api.js","API_OR_SERVICE","api","GET","/themes","False"
"C:\Users\DIYA GOEL\Downloads\EBDESIGN\frontend\src\services\api.js","API_OR_SERVICE","api","GET","/thermal","False"
"C:\Users\DIYA GOEL\Downloads\EBDESIGN\frontend\src\services\api.js","API_OR_SERVICE","api","GET","/throttling-rules","False"
"C:\Users\DIYA GOEL\Downloads\EBDESIGN\frontend\src\services\api.js","API_OR_SERVICE","api","GET","/tickets","False"
"C:\Users\DIYA GOEL\Downloads\EBDESIGN\frontend\src\services\api.js","API_OR_SERVICE","api","GET","/timeline/${entity}/${id}","True"
"C:\Users\DIYA GOEL\Downloads\EBDESIGN\frontend\src\services\api.js","API_OR_SERVICE","api","GET","/timeouts","False"
"C:\Users\DIYA GOEL\Downloads\EBDESIGN\frontend\src\services\api.js","API_OR_SERVICE","api","GET","/timezones","False"
"C:\Users\DIYA GOEL\Downloads\EBDESIGN\frontend\src\services\api.js","API_OR_SERVICE","api","GET","/tomatoes","False"
"C:\Users\DIYA GOEL\Downloads\EBDESIGN\frontend\src\services\api.js","API_OR_SERVICE","api","GET","/tools","False"
"C:\Users\DIYA GOEL\Downloads\EBDESIGN\frontend\src\services\api.js","API_OR_SERVICE","api","GET","/total-warfare","False"
"C:\Users\DIYA GOEL\Downloads\EBDESIGN\frontend\src\services\api.js","API_OR_SERVICE","api","GET","/traceability-farming","False"
"C:\Users\DIYA GOEL\Downloads\EBDESIGN\frontend\src\services\api.js","API_OR_SERVICE","api","GET","/tracer","False"
"C:\Users\DIYA GOEL\Downloads\EBDESIGN\frontend\src\services\api.js","API_OR_SERVICE","api","GET","/tracing/traces","False"
"C:\Users\DIYA GOEL\Downloads\EBDESIGN\frontend\src\services\api.js","API_OR_SERVICE","api","GET","/tracing/traces/${id}","True"
"C:\Users\DIYA GOEL\Downloads\EBDESIGN\frontend\src\services\api.js","API_OR_SERVICE","api","GET","/track-dart","False"
"C:\Users\DIYA GOEL\Downloads\EBDESIGN\frontend\src\services\api.js","API_OR_SERVICE","api","GET","/track-dart/${id}","True"
"C:\Users\DIYA GOEL\Downloads\EBDESIGN\frontend\src\services\api.js","API_OR_SERVICE","api","GET","/trade","False"
"C:\Users\DIYA GOEL\Downloads\EBDESIGN\frontend\src\services\api.js","API_OR_SERVICE","api","GET","/trade-associations","False"
"C:\Users\DIYA GOEL\Downloads\EBDESIGN\frontend\src\services\api.js","API_OR_SERVICE","api","GET","/trade-associations/${id}","True"
"C:\Users\DIYA GOEL\Downloads\EBDESIGN\frontend\src\services\api.js","API_OR_SERVICE","api","GET","/training","False"
"C:\Users\DIYA GOEL\Downloads\EBDESIGN\frontend\src\services\api.js","API_OR_SERVICE","api","GET","/training/modules","False"
"C:\Users\DIYA GOEL\Downloads\EBDESIGN\frontend\src\services\api.js","API_OR_SERVICE","api","GET","/training/progress","False"
"C:\Users\DIYA GOEL\Downloads\EBDESIGN\frontend\src\services\api.js","API_OR_SERVICE","api","GET","/training-resilience-farming","False"
"C:\Users\DIYA GOEL\Downloads\EBDESIGN\frontend\src\services\api.js","API_OR_SERVICE","api","GET","/transactions","False"
"C:\Users\DIYA GOEL\Downloads\EBDESIGN\frontend\src\services\api.js","API_OR_SERVICE","api","GET","/transfers","False"
"C:\Users\DIYA GOEL\Downloads\EBDESIGN\frontend\src\services\api.js","API_OR_SERVICE","api","GET","/transformers","False"
"C:\Users\DIYA GOEL\Downloads\EBDESIGN\frontend\src\services\api.js","API_OR_SERVICE","api","GET","/transparency-farming","False"
"C:\Users\DIYA GOEL\Downloads\EBDESIGN\frontend\src\services\api.js","API_OR_SERVICE","api","GET","/transparency-resilience-farming","False"
"C:\Users\DIYA GOEL\Downloads\EBDESIGN\frontend\src\services\api.js","API_OR_SERVICE","api","GET","/transport","False"
"C:\Users\DIYA GOEL\Downloads\EBDESIGN\frontend\src\services\api.js","API_OR_SERVICE","api","GET","/trees","False"
"C:\Users\DIYA GOEL\Downloads\EBDESIGN\frontend\src\services\api.js","API_OR_SERVICE","api","GET","/trend-analyses","False"
"C:\Users\DIYA GOEL\Downloads\EBDESIGN\frontend\src\services\api.js","API_OR_SERVICE","api","GET","/trending-products","False"
"C:\Users\DIYA GOEL\Downloads\EBDESIGN\frontend\src\services\api.js","API_OR_SERVICE","api","GET","/trending-products/${id}","True"
"C:\Users\DIYA GOEL\Downloads\EBDESIGN\frontend\src\services\api.js","API_OR_SERVICE","api","GET","/triangular-cooperations","False"
"C:\Users\DIYA GOEL\Downloads\EBDESIGN\frontend\src\services\api.js","API_OR_SERVICE","api","GET","/tribal-warfare","False"
"C:\Users\DIYA GOEL\Downloads\EBDESIGN\frontend\src\services\api.js","API_OR_SERVICE","api","GET","/trucks","False"
"C:\Users\DIYA GOEL\Downloads\EBDESIGN\frontend\src\services\api.js","API_OR_SERVICE","api","GET","/turf","False"
"C:\Users\DIYA GOEL\Downloads\EBDESIGN\frontend\src\services\api.js","API_OR_SERVICE","api","GET","/ui","False"
"C:\Users\DIYA GOEL\Downloads\EBDESIGN\frontend\src\services\api.js","API_OR_SERVICE","api","GET","/underground","False"
"C:\Users\DIYA GOEL\Downloads\EBDESIGN\frontend\src\services\api.js","API_OR_SERVICE","api","GET","/unified-ai-gateway","False"
"C:\Users\DIYA GOEL\Downloads\EBDESIGN\frontend\src\services\api.js","API_OR_SERVICE","api","GET","/unified-ai-routes","False"
"C:\Users\DIYA GOEL\Downloads\EBDESIGN\frontend\src\services\api.js","API_OR_SERVICE","api","GET","/unions","False"
"C:\Users\DIYA GOEL\Downloads\EBDESIGN\frontend\src\services\api.js","API_OR_SERVICE","api","GET","/unions/${id}","True"
"C:\Users\DIYA GOEL\Downloads\EBDESIGN\frontend\src\services\api.js","API_OR_SERVICE","api","GET","/updates","False"
"C:\Users\DIYA GOEL\Downloads\EBDESIGN\frontend\src\services\api.js","API_OR_SERVICE","api","GET","/upgrades","False"
"C:\Users\DIYA GOEL\Downloads\EBDESIGN\frontend\src\services\api.js","API_OR_SERVICE","api","GET","/upstream","False"
"C:\Users\DIYA GOEL\Downloads\EBDESIGN\frontend\src\services\api.js","API_OR_SERVICE","api","GET","/urban","False"
"C:\Users\DIYA GOEL\Downloads\EBDESIGN\frontend\src\services\api.js","API_OR_SERVICE","api","GET","/urban-development","False"
"C:\Users\DIYA GOEL\Downloads\EBDESIGN\frontend\src\services\api.js","API_OR_SERVICE","api","GET","/user-guides","False"
"C:\Users\DIYA GOEL\Downloads\EBDESIGN\frontend\src\services\api.js","API_OR_SERVICE","api","GET","/user-guides/${id}","True"
"C:\Users\DIYA GOEL\Downloads\EBDESIGN\frontend\src\services\api.js","API_OR_SERVICE","api","GET","/user-management/detect-anomalies","False"
"C:\Users\DIYA GOEL\Downloads\EBDESIGN\frontend\src\services\api.js","API_OR_SERVICE","api","GET","/user-management/predictive-maintenance","False"
"C:\Users\DIYA GOEL\Downloads\EBDESIGN\frontend\src\services\api.js","API_OR_SERVICE","api","GET","/user-management/settings","False"
"C:\Users\DIYA GOEL\Downloads\EBDESIGN\frontend\src\services\api.js","API_OR_SERVICE","api","GET","/user-management/system-analytics","False"
"C:\Users\DIYA GOEL\Downloads\EBDESIGN\frontend\src\services\api.js","API_OR_SERVICE","api","GET","/user-manager","False"
"C:\Users\DIYA GOEL\Downloads\EBDESIGN\frontend\src\services\api.js","API_OR_SERVICE","api","GET","/user-routes","False"
"C:\Users\DIYA GOEL\Downloads\EBDESIGN\frontend\src\services\api.js","API_OR_SERVICE","api","GET","/users","False"
"C:\Users\DIYA GOEL\Downloads\EBDESIGN\frontend\src\services\api.js","API_OR_SERVICE","api","GET","/users/${id}","True"
"C:\Users\DIYA GOEL\Downloads\EBDESIGN\frontend\src\services\api.js","API_OR_SERVICE","api","GET","/validation-resilience-farming","False"
"C:\Users\DIYA GOEL\Downloads\EBDESIGN\frontend\src\services\api.js","API_OR_SERVICE","api","GET","/validators","False"
"C:\Users\DIYA GOEL\Downloads\EBDESIGN\frontend\src\services\api.js","API_OR_SERVICE","api","GET","/value-chain","False"
"C:\Users\DIYA GOEL\Downloads\EBDESIGN\frontend\src\services\api.js","API_OR_SERVICE","api","GET","/value-creations","False"
"C:\Users\DIYA GOEL\Downloads\EBDESIGN\frontend\src\services\api.js","API_OR_SERVICE","api","GET","/variety-directory","False"
"C:\Users\DIYA GOEL\Downloads\EBDESIGN\frontend\src\services\api.js","API_OR_SERVICE","api","GET","/variety-directory/categories","False"
"C:\Users\DIYA GOEL\Downloads\EBDESIGN\frontend\src\services\api.js","API_OR_SERVICE","api","GET","/variety-directory/request-image","False"
"C:\Users\DIYA GOEL\Downloads\EBDESIGN\frontend\src\services\api.js","API_OR_SERVICE","api","GET","/variety-selection","False"
"C:\Users\DIYA GOEL\Downloads\EBDESIGN\frontend\src\services\api.js","API_OR_SERVICE","api","GET","/vegetable-production/records","False"
"C:\Users\DIYA GOEL\Downloads\EBDESIGN\frontend\src\services\api.js","API_OR_SERVICE","api","GET","/vehicles","False"
"C:\Users\DIYA GOEL\Downloads\EBDESIGN\frontend\src\services\api.js","API_OR_SERVICE","api","GET","/vendor-portal","False"
"C:\Users\DIYA GOEL\Downloads\EBDESIGN\frontend\src\services\api.js","API_OR_SERVICE","api","GET","/vendors","False"
"C:\Users\DIYA GOEL\Downloads\EBDESIGN\frontend\src\services\api.js","API_OR_SERVICE","api","GET","/vendors/${id}","True"
"C:\Users\DIYA GOEL\Downloads\EBDESIGN\frontend\src\services\api.js","API_OR_SERVICE","api","GET","/verification-resilience-farming","False"
"C:\Users\DIYA GOEL\Downloads\EBDESIGN\frontend\src\services\api.js","API_OR_SERVICE","api","GET","/verifications","False"
"C:\Users\DIYA GOEL\Downloads\EBDESIGN\frontend\src\services\api.js","API_OR_SERVICE","api","GET","/versions","False"
"C:\Users\DIYA GOEL\Downloads\EBDESIGN\frontend\src\services\api.js","API_OR_SERVICE","api","GET","/versions/${entity}/${id}","True"
"C:\Users\DIYA GOEL\Downloads\EBDESIGN\frontend\src\services\api.js","API_OR_SERVICE","api","GET","/versions/${id}","True"
"C:\Users\DIYA GOEL\Downloads\EBDESIGN\frontend\src\services\api.js","API_OR_SERVICE","api","GET","/veterinary","False"
"C:\Users\DIYA GOEL\Downloads\EBDESIGN\frontend\src\services\api.js","API_OR_SERVICE","api","GET","/video-analytics","False"
"C:\Users\DIYA GOEL\Downloads\EBDESIGN\frontend\src\services\api.js","API_OR_SERVICE","api","GET","/videos","False"
"C:\Users\DIYA GOEL\Downloads\EBDESIGN\frontend\src\services\api.js","API_OR_SERVICE","api","GET","/videos/${id}","True"
"C:\Users\DIYA GOEL\Downloads\EBDESIGN\frontend\src\services\api.js","API_OR_SERVICE","api","GET","/video-tutorials","False"
"C:\Users\DIYA GOEL\Downloads\EBDESIGN\frontend\src\services\api.js","API_OR_SERVICE","api","GET","/video-tutorials/${id}","True"
"C:\Users\DIYA GOEL\Downloads\EBDESIGN\frontend\src\services\api.js","API_OR_SERVICE","api","GET","/village-profiles/villages/search","False"
"C:\Users\DIYA GOEL\Downloads\EBDESIGN\frontend\src\services\api.js","API_OR_SERVICE","api","GET","/villages","False"
"C:\Users\DIYA GOEL\Downloads\EBDESIGN\frontend\src\services\api.js","API_OR_SERVICE","api","GET","/villages/${id}","True"
"C:\Users\DIYA GOEL\Downloads\EBDESIGN\frontend\src\services\api.js","API_OR_SERVICE","api","GET","/vineyards","False"
"C:\Users\DIYA GOEL\Downloads\EBDESIGN\frontend\src\services\api.js","API_OR_SERVICE","api","GET","/virtual","False"
"C:\Users\DIYA GOEL\Downloads\EBDESIGN\frontend\src\services\api.js","API_OR_SERVICE","api","GET","/virus","False"
"C:\Users\DIYA GOEL\Downloads\EBDESIGN\frontend\src\services\api.js","API_OR_SERVICE","api","GET","/vision","False"
"C:\Users\DIYA GOEL\Downloads\EBDESIGN\frontend\src\services\api.js","API_OR_SERVICE","api","GET","/visualization","False"
"C:\Users\DIYA GOEL\Downloads\EBDESIGN\frontend\src\services\api.js","API_OR_SERVICE","api","GET","/viticulture","False"
"C:\Users\DIYA GOEL\Downloads\EBDESIGN\frontend\src\services\api.js","API_OR_SERVICE","api","GET","/voice-ai/preferences","False"
"C:\Users\DIYA GOEL\Downloads\EBDESIGN\frontend\src\services\api.js","API_OR_SERVICE","api","GET","/vr","False"
"C:\Users\DIYA GOEL\Downloads\EBDESIGN\frontend\src\services\api.js","API_OR_SERVICE","api","GET","/vr/scenes/${id}","True"
"C:\Users\DIYA GOEL\Downloads\EBDESIGN\frontend\src\services\api.js","API_OR_SERVICE","api","GET","/vulnerabilities","False"
"C:\Users\DIYA GOEL\Downloads\EBDESIGN\frontend\src\services\api.js","API_OR_SERVICE","api","GET","/wallet","False"
"C:\Users\DIYA GOEL\Downloads\EBDESIGN\frontend\src\services\api.js","API_OR_SERVICE","api","GET","/wallet/transactions","False"
"C:\Users\DIYA GOEL\Downloads\EBDESIGN\frontend\src\services\api.js","API_OR_SERVICE","api","GET","/warehouse","False"
"C:\Users\DIYA GOEL\Downloads\EBDESIGN\frontend\src\services\api.js","API_OR_SERVICE","api","GET","/warehouse-management","False"
"C:\Users\DIYA GOEL\Downloads\EBDESIGN\frontend\src\services\api.js","API_OR_SERVICE","api","GET","/warehouses","False"
"C:\Users\DIYA GOEL\Downloads\EBDESIGN\frontend\src\services\api.js","API_OR_SERVICE","api","GET","/warehouses/${id}/stock","True"
"C:\Users\DIYA GOEL\Downloads\EBDESIGN\frontend\src\services\api.js","API_OR_SERVICE","api","GET","/warnings/health","False"
"C:\Users\DIYA GOEL\Downloads\EBDESIGN\frontend\src\services\api.js","API_OR_SERVICE","api","GET","/warnings/metrics","False"
"C:\Users\DIYA GOEL\Downloads\EBDESIGN\frontend\src\services\api.js","API_OR_SERVICE","api","GET","/warnings/stats","False"
"C:\Users\DIYA GOEL\Downloads\EBDESIGN\frontend\src\services\api.js","API_OR_SERVICE","api","GET","/warnings/system","False"
"C:\Users\DIYA GOEL\Downloads\EBDESIGN\frontend\src\services\api.js","API_OR_SERVICE","api","GET","/warnings/user","False"
"C:\Users\DIYA GOEL\Downloads\EBDESIGN\frontend\src\services\api.js","API_OR_SERVICE","api","GET","/waste-reduction-farming","False"
"C:\Users\DIYA GOEL\Downloads\EBDESIGN\frontend\src\services\api.js","API_OR_SERVICE","api","GET","/water","False"
"C:\Users\DIYA GOEL\Downloads\EBDESIGN\frontend\src\services\api.js","API_OR_SERVICE","api","GET","/water-analytics/compare-performance","False"
"C:\Users\DIYA GOEL\Downloads\EBDESIGN\frontend\src\services\api.js","API_OR_SERVICE","api","GET","/water-analytics-records","False"
"C:\Users\DIYA GOEL\Downloads\EBDESIGN\frontend\src\services\api.js","API_OR_SERVICE","api","GET","/water-budgeting/optimize-allocation","False"
"C:\Users\DIYA GOEL\Downloads\EBDESIGN\frontend\src\services\api.js","API_OR_SERVICE","api","GET","/water-budgeting/track-usage","False"
"C:\Users\DIYA GOEL\Downloads\EBDESIGN\frontend\src\services\api.js","API_OR_SERVICE","api","GET","/water-budget-records","False"
"C:\Users\DIYA GOEL\Downloads\EBDESIGN\frontend\src\services\api.js","API_OR_SERVICE","api","GET","/water-conservation","False"
"C:\Users\DIYA GOEL\Downloads\EBDESIGN\frontend\src\services\api.js","API_OR_SERVICE","api","GET","/water-conservation-farming","False"
"C:\Users\DIYA GOEL\Downloads\EBDESIGN\frontend\src\services\api.js","API_OR_SERVICE","api","GET","/water-footprint-farming","False"
"C:\Users\DIYA GOEL\Downloads\EBDESIGN\frontend\src\services\api.js","API_OR_SERVICE","api","GET","/water-management","False"
"C:\Users\DIYA GOEL\Downloads\EBDESIGN\frontend\src\services\api.js","API_OR_SERVICE","api","GET","/water-optimization","False"
"C:\Users\DIYA GOEL\Downloads\EBDESIGN\frontend\src\services\api.js","API_OR_SERVICE","api","GET","/water-quality/compliance-report","False"
"C:\Users\DIYA GOEL\Downloads\EBDESIGN\frontend\src\services\api.js","API_OR_SERVICE","api","GET","/water-quality/monitor-quality","False"
"C:\Users\DIYA GOEL\Downloads\EBDESIGN\frontend\src\services\api.js","API_OR_SERVICE","api","GET","/water-quality/record-measurement","False"
"C:\Users\DIYA GOEL\Downloads\EBDESIGN\frontend\src\services\api.js","API_OR_SERVICE","api","GET","/water-quality/treatment-recommendations","False"
"C:\Users\DIYA GOEL\Downloads\EBDESIGN\frontend\src\services\api.js","API_OR_SERVICE","api","GET","/water-quality-records","False"
"C:\Users\DIYA GOEL\Downloads\EBDESIGN\frontend\src\services\api.js","API_OR_SERVICE","api","GET","/water-resource-mapping/resources","False"
"C:\Users\DIYA GOEL\Downloads\EBDESIGN\frontend\src\services\api.js","API_OR_SERVICE","api","GET","/watershed","False"
"C:\Users\DIYA GOEL\Downloads\EBDESIGN\frontend\src\services\api.js","API_OR_SERVICE","api","GET","/watershed-management/implement-conservation","False"
"C:\Users\DIYA GOEL\Downloads\EBDESIGN\frontend\src\services\api.js","API_OR_SERVICE","api","GET","/watershed-management/monitor-health","False"
"C:\Users\DIYA GOEL\Downloads\EBDESIGN\frontend\src\services\api.js","API_OR_SERVICE","api","GET","/watershed-records","False"
"C:\Users\DIYA GOEL\Downloads\EBDESIGN\frontend\src\services\api.js","API_OR_SERVICE","api","GET","/wearable/disconnect","False"
"C:\Users\DIYA GOEL\Downloads\EBDESIGN\frontend\src\services\api.js","API_OR_SERVICE","api","GET","/wearable/fitbit-auth-url","False"
"C:\Users\DIYA GOEL\Downloads\EBDESIGN\frontend\src\services\api.js","API_OR_SERVICE","api","GET","/wearable/handle-fitbit-callback","False"
"C:\Users\DIYA GOEL\Downloads\EBDESIGN\frontend\src\services\api.js","API_OR_SERVICE","api","GET","/wearable/recent-activity","False"
"C:\Users\DIYA GOEL\Downloads\EBDESIGN\frontend\src\services\api.js","API_OR_SERVICE","api","GET","/wearable/status","False"
"C:\Users\DIYA GOEL\Downloads\EBDESIGN\frontend\src\services\api.js","API_OR_SERVICE","api","GET","/wearable/sync-fitbit","False"
"C:\Users\DIYA GOEL\Downloads\EBDESIGN\frontend\src\services\api.js","API_OR_SERVICE","api","GET","/wearable-integration","False"
"C:\Users\DIYA GOEL\Downloads\EBDESIGN\frontend\src\services\api.js","API_OR_SERVICE","api","GET","/weather","False"
"C:\Users\DIYA GOEL\Downloads\EBDESIGN\frontend\src\services\api.js","API_OR_SERVICE","api","GET","/weather/advisory-triggers","False"
"C:\Users\DIYA GOEL\Downloads\EBDESIGN\frontend\src\services\api.js","API_OR_SERVICE","api","GET","/weather/coverage","False"
"C:\Users\DIYA GOEL\Downloads\EBDESIGN\frontend\src\services\api.js","API_OR_SERVICE","api","GET","/weather/current","False"
"C:\Users\DIYA GOEL\Downloads\EBDESIGN\frontend\src\services\api.js","API_OR_SERVICE","api","GET","/weather/forecast","False"
"C:\Users\DIYA GOEL\Downloads\EBDESIGN\frontend\src\services\api.js","API_OR_SERVICE","api","GET","/weather/forecast-accuracy","False"
"C:\Users\DIYA GOEL\Downloads\EBDESIGN\frontend\src\services\api.js","API_OR_SERVICE","api","GET","/weather-advisory","False"
"C:\Users\DIYA GOEL\Downloads\EBDESIGN\frontend\src\services\api.js","API_OR_SERVICE","api","GET","/weather-advisory/forecast","False"
"C:\Users\DIYA GOEL\Downloads\EBDESIGN\frontend\src\services\api.js","API_OR_SERVICE","api","GET","/webhook-config","False"
"C:\Users\DIYA GOEL\Downloads\EBDESIGN\frontend\src\services\api.js","API_OR_SERVICE","api","GET","/weeds","False"
"C:\Users\DIYA GOEL\Downloads\EBDESIGN\frontend\src\services\api.js","API_OR_SERVICE","api","GET","/wheat","False"
"C:\Users\DIYA GOEL\Downloads\EBDESIGN\frontend\src\services\api.js","API_OR_SERVICE","api","GET","/wholesale","False"
"C:\Users\DIYA GOEL\Downloads\EBDESIGN\frontend\src\services\api.js","API_OR_SERVICE","api","GET","/widgets","False"
"C:\Users\DIYA GOEL\Downloads\EBDESIGN\frontend\src\services\api.js","API_OR_SERVICE","api","GET","/wikipedia/lookup","False"
"C:\Users\DIYA GOEL\Downloads\EBDESIGN\frontend\src\services\api.js","API_OR_SERVICE","api","GET","/wikipedia/summary-by-title","False"
"C:\Users\DIYA GOEL\Downloads\EBDESIGN\frontend\src\services\api.js","API_OR_SERVICE","api","GET","/wildlife","False"
"C:\Users\DIYA GOEL\Downloads\EBDESIGN\frontend\src\services\api.js","API_OR_SERVICE","api","GET","/wind","False"
"C:\Users\DIYA GOEL\Downloads\EBDESIGN\frontend\src\services\api.js","API_OR_SERVICE","api","GET","/wine","False"
"C:\Users\DIYA GOEL\Downloads\EBDESIGN\frontend\src\services\api.js","API_OR_SERVICE","api","GET","/wishlist","False"
"C:\Users\DIYA GOEL\Downloads\EBDESIGN\frontend\src\services\api.js","API_OR_SERVICE","api","GET","/women-engagements","False"
"C:\Users\DIYA GOEL\Downloads\EBDESIGN\frontend\src\services\api.js","API_OR_SERVICE","api","GET","/wood","False"
"C:\Users\DIYA GOEL\Downloads\EBDESIGN\frontend\src\services\api.js","API_OR_SERVICE","api","GET","/workflow","False"
"C:\Users\DIYA GOEL\Downloads\EBDESIGN\frontend\src\services\api.js","API_OR_SERVICE","api","GET","/workflow-manager","False"
"C:\Users\DIYA GOEL\Downloads\EBDESIGN\frontend\src\services\api.js","API_OR_SERVICE","api","GET","/workflows","False"
"C:\Users\DIYA GOEL\Downloads\EBDESIGN\frontend\src\services\api.js","API_OR_SERVICE","api","GET","/workflows-resilience-farming","False"
"C:\Users\DIYA GOEL\Downloads\EBDESIGN\frontend\src\services\api.js","API_OR_SERVICE","api","GET","/yards","False"
"C:\Users\DIYA GOEL\Downloads\EBDESIGN\frontend\src\services\api.js","API_OR_SERVICE","api","GET","/yield","False"
"C:\Users\DIYA GOEL\Downloads\EBDESIGN\frontend\src\services\api.js","API_OR_SERVICE","api","GET","/yield/booking-curve","False"
"C:\Users\DIYA GOEL\Downloads\EBDESIGN\frontend\src\services\api.js","API_OR_SERVICE","api","GET","/yield/lot-price","False"
"C:\Users\DIYA GOEL\Downloads\EBDESIGN\frontend\src\services\api.js","API_OR_SERVICE","api","GET","/yield/lots-needing-attention","False"
"C:\Users\DIYA GOEL\Downloads\EBDESIGN\frontend\src\services\api.js","API_OR_SERVICE","api","GET","/yield/open-next-bucket","False"
"C:\Users\DIYA GOEL\Downloads\EBDESIGN\frontend\src\services\api.js","API_OR_SERVICE","api","GET","/yield-management","False"
"C:\Users\DIYA GOEL\Downloads\EBDESIGN\frontend\src\services\api.js","API_OR_SERVICE","api","GET","/yield-prediction","False"
"C:\Users\DIYA GOEL\Downloads\EBDESIGN\frontend\src\services\api.js","API_OR_SERVICE","api","GET","/youth","False"
"C:\Users\DIYA GOEL\Downloads\EBDESIGN\frontend\src\services\api.js","API_OR_SERVICE","api","GET","/youth-engagements","False"
"C:\Users\DIYA GOEL\Downloads\EBDESIGN\frontend\src\services\api.js","API_OR_SERVICE","api","GET","/zero-waste-farming","False"
"C:\Users\DIYA GOEL\Downloads\EBDESIGN\frontend\src\services\api.js","API_OR_SERVICE","api","GET","/zones","False"
"C:\Users\DIYA GOEL\Downloads\EBDESIGN\frontend\src\services\api.js","API_OR_SERVICE","api","GET","/zones/${id}","True"
"C:\Users\DIYA GOEL\Downloads\EBDESIGN\frontend\src\services\api.js","API_OR_SERVICE","api","GET","/zoo","False"
"C:\Users\DIYA GOEL\Downloads\EBDESIGN\frontend\src\services\api.js","API_OR_SERVICE","api","GET","/zookeeper-data","False"
"C:\Users\DIYA GOEL\Downloads\EBDESIGN\frontend\src\services\api.js","API_OR_SERVICE","api","POST","/accountability-resilience-farming/build","False"
"C:\Users\DIYA GOEL\Downloads\EBDESIGN\frontend\src\services\api.js","API_OR_SERVICE","api","POST","/accreditation-resilience-farming/build","False"
"C:\Users\DIYA GOEL\Downloads\EBDESIGN\frontend\src\services\api.js","API_OR_SERVICE","api","POST","/activities","False"
"C:\Users\DIYA GOEL\Downloads\EBDESIGN\frontend\src\services\api.js","API_OR_SERVICE","api","POST","/adaptive-strategies/${id}/apply","True"
"C:\Users\DIYA GOEL\Downloads\EBDESIGN\frontend\src\services\api.js","API_OR_SERVICE","api","POST","/addons/${id}/install","True"
"C:\Users\DIYA GOEL\Downloads\EBDESIGN\frontend\src\services\api.js","API_OR_SERVICE","api","POST","/admin/manage","False"
"C:\Users\DIYA GOEL\Downloads\EBDESIGN\frontend\src\services\api.js","API_OR_SERVICE","api","POST","/admin/users","False"
"C:\Users\DIYA GOEL\Downloads\EBDESIGN\frontend\src\services\api.js","API_OR_SERVICE","api","POST","/admin-portal/manage","False"
"C:\Users\DIYA GOEL\Downloads\EBDESIGN\frontend\src\services\api.js","API_OR_SERVICE","api","POST","/advanced-ai/run","False"
"C:\Users\DIYA GOEL\Downloads\EBDESIGN\frontend\src\services\api.js","API_OR_SERVICE","api","POST","/advanced-features/${id}/enable","True"
"C:\Users\DIYA GOEL\Downloads\EBDESIGN\frontend\src\services\api.js","API_OR_SERVICE","api","POST","/advocacy-building/build","False"
"C:\Users\DIYA GOEL\Downloads\EBDESIGN\frontend\src\services\api.js","API_OR_SERVICE","api","POST","/aeroponics/system","False"
"C:\Users\DIYA GOEL\Downloads\EBDESIGN\frontend\src\services\api.js","API_OR_SERVICE","api","POST","/agenda-setting/set","False"
"C:\Users\DIYA GOEL\Downloads\EBDESIGN\frontend\src\services\api.js","API_OR_SERVICE","api","POST","/aggregators/${id}","True"
"C:\Users\DIYA GOEL\Downloads\EBDESIGN\frontend\src\services\api.js","API_OR_SERVICE","api","POST","/agricultural-intelligence/analyze","False"
"C:\Users\DIYA GOEL\Downloads\EBDESIGN\frontend\src\services\api.js","API_OR_SERVICE","api","POST","/agricultural-intelligence/analyze-soil","False"
"C:\Users\DIYA GOEL\Downloads\EBDESIGN\frontend\src\services\api.js","API_OR_SERVICE","api","POST","/agricultural-intelligence/optimize-irrigation","False"
"C:\Users\DIYA GOEL\Downloads\EBDESIGN\frontend\src\services\api.js","API_OR_SERVICE","api","POST","/agricultural-intelligence/predict-crop-yield","False"
"C:\Users\DIYA GOEL\Downloads\EBDESIGN\frontend\src\services\api.js","API_OR_SERVICE","api","POST","/agricultural-intelligence/predict-pest-outbreak","False"
"C:\Users\DIYA GOEL\Downloads\EBDESIGN\frontend\src\services\api.js","API_OR_SERVICE","api","POST","/agricultural-intelligence/recommend-crops","False"
"C:\Users\DIYA GOEL\Downloads\EBDESIGN\frontend\src\services\api.js","API_OR_SERVICE","api","POST","/agricultural-intelligence/recommend-fertilizer","False"
"C:\Users\DIYA GOEL\Downloads\EBDESIGN\frontend\src\services\api.js","API_OR_SERVICE","api","POST","/agroforestry/implement","False"
"C:\Users\DIYA GOEL\Downloads\EBDESIGN\frontend\src\services\api.js","API_OR_SERVICE","api","POST","/agro-meteorology/analyze","False"
"C:\Users\DIYA GOEL\Downloads\EBDESIGN\frontend\src\services\api.js","API_OR_SERVICE","api","POST","/agro-meteorology/records/record","False"
"C:\Users\DIYA GOEL\Downloads\EBDESIGN\frontend\src\services\api.js","API_OR_SERVICE","api","POST","/ai/agents","False"
"C:\Users\DIYA GOEL\Downloads\EBDESIGN\frontend\src\services\api.js","API_OR_SERVICE","api","POST","/ai/agents/${id}/execute","True"
"C:\Users\DIYA GOEL\Downloads\EBDESIGN\frontend\src\services\api.js","API_OR_SERVICE","api","POST","/ai/brain/train","False"
"C:\Users\DIYA GOEL\Downloads\EBDESIGN\frontend\src\services\api.js","API_OR_SERVICE","api","POST","/ai/collaboration/start","False"
"C:\Users\DIYA GOEL\Downloads\EBDESIGN\frontend\src\services\api.js","API_OR_SERVICE","api","POST","/ai/conversational/send","False"
"C:\Users\DIYA GOEL\Downloads\EBDESIGN\frontend\src\services\api.js","API_OR_SERVICE","api","POST","/ai/coordinator/coordinate","False"
"C:\Users\DIYA GOEL\Downloads\EBDESIGN\frontend\src\services\api.js","API_OR_SERVICE","api","POST","/ai/copilot/actions","False"
"C:\Users\DIYA GOEL\Downloads\EBDESIGN\frontend\src\services\api.js","API_OR_SERVICE","api","POST","/ai/copilot/session","False"
"C:\Users\DIYA GOEL\Downloads\EBDESIGN\frontend\src\services\api.js","API_OR_SERVICE","api","POST","/ai/copilot/session/${sessionId}/message","True"
"C:\Users\DIYA GOEL\Downloads\EBDESIGN\frontend\src\services\api.js","API_OR_SERVICE","api","POST","/ai/copilot/suggestions","False"
"C:\Users\DIYA GOEL\Downloads\EBDESIGN\frontend\src\services\api.js","API_OR_SERVICE","api","POST","/ai/decisions/make","False"
"C:\Users\DIYA GOEL\Downloads\EBDESIGN\frontend\src\services\api.js","API_OR_SERVICE","api","POST","/ai/fabric/weave","False"
"C:\Users\DIYA GOEL\Downloads\EBDESIGN\frontend\src\services\api.js","API_OR_SERVICE","api","POST","/ai/insights","False"
"C:\Users\DIYA GOEL\Downloads\EBDESIGN\frontend\src\services\api.js","API_OR_SERVICE","api","POST","/ai/library-workspace/context","False"
"C:\Users\DIYA GOEL\Downloads\EBDESIGN\frontend\src\services\api.js","API_OR_SERVICE","api","POST","/ai/library-workspace/events","False"
"C:\Users\DIYA GOEL\Downloads\EBDESIGN\frontend\src\services\api.js","API_OR_SERVICE","api","POST","/ai/library-workspace/improvement-workspace","False"
"C:\Users\DIYA GOEL\Downloads\EBDESIGN\frontend\src\services\api.js","API_OR_SERVICE","api","POST","/ai/operation-intelligence/analyze","False"
"C:\Users\DIYA GOEL\Downloads\EBDESIGN\frontend\src\services\api.js","API_OR_SERVICE","api","POST","/ai/optimizations/run","False"
"C:\Users\DIYA GOEL\Downloads\EBDESIGN\frontend\src\services\api.js","API_OR_SERVICE","api","POST","/ai/product-media/analyze","False"
"C:\Users\DIYA GOEL\Downloads\EBDESIGN\frontend\src\services\api.js","API_OR_SERVICE","api","POST","/ai/product-media/generate","False"
"C:\Users\DIYA GOEL\Downloads\EBDESIGN\frontend\src\services\api.js","API_OR_SERVICE","api","POST","/ai/product-media-ai/products/${productId}/cartoon","True"
"C:\Users\DIYA GOEL\Downloads\EBDESIGN\frontend\src\services\api.js","API_OR_SERVICE","api","POST","/ai/product-media-ai/products/${productId}/image","True"
"C:\Users\DIYA GOEL\Downloads\EBDESIGN\frontend\src\services\api.js","API_OR_SERVICE","api","POST","/ai/product-media-ai/products/${productId}/video","True"
"C:\Users\DIYA GOEL\Downloads\EBDESIGN\frontend\src\services\api.js","API_OR_SERVICE","api","POST","/ai/product-media-ai/products/${productId}/video-script","True"
"C:\Users\DIYA GOEL\Downloads\EBDESIGN\frontend\src\services\api.js","API_OR_SERVICE","api","POST","/ai/recommendations","False"
"C:\Users\DIYA GOEL\Downloads\EBDESIGN\frontend\src\services\api.js","API_OR_SERVICE","api","POST","/ai/recovery/initiate","False"
"C:\Users\DIYA GOEL\Downloads\EBDESIGN\frontend\src\services\api.js","API_OR_SERVICE","api","POST","/ai/self-healing/initiate","False"
"C:\Users\DIYA GOEL\Downloads\EBDESIGN\frontend\src\services\api.js","API_OR_SERVICE","api","POST","/ai/strategies/${id}/execute","True"
"C:\Users\DIYA GOEL\Downloads\EBDESIGN\frontend\src\services\api.js","API_OR_SERVICE","api","POST","/ai/voice/speak","False"
"C:\Users\DIYA GOEL\Downloads\EBDESIGN\frontend\src\services\api.js","API_OR_SERVICE","api","POST","/ai/voice/transcribe","False"
"C:\Users\DIYA GOEL\Downloads\EBDESIGN\frontend\src\services\api.js","API_OR_SERVICE","api","POST","/ai-agent/agent","False"
"C:\Users\DIYA GOEL\Downloads\EBDESIGN\frontend\src\services\api.js","API_OR_SERVICE","api","POST","/ai-agent/agent/${agentName}/clear-memory","True"
"C:\Users\DIYA GOEL\Downloads\EBDESIGN\frontend\src\services\api.js","API_OR_SERVICE","api","POST","/ai-agent/agent/${data.agent_name}/execute-task","True"
"C:\Users\DIYA GOEL\Downloads\EBDESIGN\frontend\src\services\api.js","API_OR_SERVICE","api","POST","/ai-agent/coordinate","False"
"C:\Users\DIYA GOEL\Downloads\EBDESIGN\frontend\src\services\api.js","API_OR_SERVICE","api","POST","/ai-agent/tool","False"
"C:\Users\DIYA GOEL\Downloads\EBDESIGN\frontend\src\services\api.js","API_OR_SERVICE","api","POST","/ai-backbone/call","False"
"C:\Users\DIYA GOEL\Downloads\EBDESIGN\frontend\src\services\api.js","API_OR_SERVICE","api","POST","/ai-backbone/reset-statistics","False"
"C:\Users\DIYA GOEL\Downloads\EBDESIGN\frontend\src\services\api.js","API_OR_SERVICE","api","POST","/ai-brain/attention","False"
"C:\Users\DIYA GOEL\Downloads\EBDESIGN\frontend\src\services\api.js","API_OR_SERVICE","api","POST","/ai-brain/decision","False"
"C:\Users\DIYA GOEL\Downloads\EBDESIGN\frontend\src\services\api.js","API_OR_SERVICE","api","POST","/ai-brain/learning","False"
"C:\Users\DIYA GOEL\Downloads\EBDESIGN\frontend\src\services\api.js","API_OR_SERVICE","api","POST","/ai-brain/perception","False"
"C:\Users\DIYA GOEL\Downloads\EBDESIGN\frontend\src\services\api.js","API_OR_SERVICE","api","POST","/ai-brain/planning","False"
"C:\Users\DIYA GOEL\Downloads\EBDESIGN\frontend\src\services\api.js","API_OR_SERVICE","api","POST","/ai-brain/reasoning","False"
"C:\Users\DIYA GOEL\Downloads\EBDESIGN\frontend\src\services\api.js","API_OR_SERVICE","api","POST","/ai-farming/implement","False"
"C:\Users\DIYA GOEL\Downloads\EBDESIGN\frontend\src\services\api.js","API_OR_SERVICE","api","POST","/ai-gateway/chat","False"
"C:\Users\DIYA GOEL\Downloads\EBDESIGN\frontend\src\services\api.js","API_OR_SERVICE","api","POST","/ai-models/${id}/invoke","True"
"C:\Users\DIYA GOEL\Downloads\EBDESIGN\frontend\src\services\api.js","API_OR_SERVICE","api","POST","/ai-operation-intelligence/analyze-performance","False"
"C:\Users\DIYA GOEL\Downloads\EBDESIGN\frontend\src\services\api.js","API_OR_SERVICE","api","POST","/ai-operation-intelligence/execute-optimizations","False"
"C:\Users\DIYA GOEL\Downloads\EBDESIGN\frontend\src\services\api.js","API_OR_SERVICE","api","POST","/ai-operation-intelligence/recommend-optimizations","False"
"C:\Users\DIYA GOEL\Downloads\EBDESIGN\frontend\src\services\api.js","API_OR_SERVICE","api","POST","/ai-operation-intelligence/run-optimization-cycle","False"
"C:\Users\DIYA GOEL\Downloads\EBDESIGN\frontend\src\services\api.js","API_OR_SERVICE","api","POST","/ai-operation-intelligence/strategy","False"
"C:\Users\DIYA GOEL\Downloads\EBDESIGN\frontend\src\services\api.js","API_OR_SERVICE","api","POST","/ai-self-healing/detect-error","False"
"C:\Users\DIYA GOEL\Downloads\EBDESIGN\frontend\src\services\api.js","API_OR_SERVICE","api","POST","/ai-self-healing/error-pattern","False"
"C:\Users\DIYA GOEL\Downloads\EBDESIGN\frontend\src\services\api.js","API_OR_SERVICE","api","POST","/ai-self-healing/execute-recovery","False"
"C:\Users\DIYA GOEL\Downloads\EBDESIGN\frontend\src\services\api.js","API_OR_SERVICE","api","POST","/ai-self-healing/recovery-strategy","False"
"C:\Users\DIYA GOEL\Downloads\EBDESIGN\frontend\src\services\api.js","API_OR_SERVICE","api","POST","/ai-self-healing/root-cause-analysis","False"
"C:\Users\DIYA GOEL\Downloads\EBDESIGN\frontend\src\services\api.js","API_OR_SERVICE","api","POST","/alert-manager/create","False"
"C:\Users\DIYA GOEL\Downloads\EBDESIGN\frontend\src\services\api.js","API_OR_SERVICE","api","POST","/alliance-building/build","False"
"C:\Users\DIYA GOEL\Downloads\EBDESIGN\frontend\src\services\api.js","API_OR_SERVICE","api","POST","/animal-health/examination","False"
"C:\Users\DIYA GOEL\Downloads\EBDESIGN\frontend\src\services\api.js","API_OR_SERVICE","api","POST","/animal-health/manage","False"
"C:\Users\DIYA GOEL\Downloads\EBDESIGN\frontend\src\services\api.js","API_OR_SERVICE","api","POST","/animal-health/outbreak","False"
"C:\Users\DIYA GOEL\Downloads\EBDESIGN\frontend\src\services\api.js","API_OR_SERVICE","api","POST","/animal-health/quarantine","False"
"C:\Users\DIYA GOEL\Downloads\EBDESIGN\frontend\src\services\api.js","API_OR_SERVICE","api","POST","/animal-health/treatment","False"
"C:\Users\DIYA GOEL\Downloads\EBDESIGN\frontend\src\services\api.js","API_OR_SERVICE","api","POST","/anomalies/detect","False"
"C:\Users\DIYA GOEL\Downloads\EBDESIGN\frontend\src\services\api.js","API_OR_SERVICE","api","POST","/anomaly-detection-farming/implement","False"
"C:\Users\DIYA GOEL\Downloads\EBDESIGN\frontend\src\services\api.js","API_OR_SERVICE","api","POST","/approvals/${id}/approve","True"
"C:\Users\DIYA GOEL\Downloads\EBDESIGN\frontend\src\services\api.js","API_OR_SERVICE","api","POST","/aquaculture-analytics/metric","False"
"C:\Users\DIYA GOEL\Downloads\EBDESIGN\frontend\src\services\api.js","API_OR_SERVICE","api","POST","/aquatic-farming/manage","False"
"C:\Users\DIYA GOEL\Downloads\EBDESIGN\frontend\src\services\api.js","API_OR_SERVICE","api","POST","/archives/${entity}/${id}","True"
"C:\Users\DIYA GOEL\Downloads\EBDESIGN\frontend\src\services\api.js","API_OR_SERVICE","api","POST","/asset-accounting/asset","False"
"C:\Users\DIYA GOEL\Downloads\EBDESIGN\frontend\src\services\api.js","API_OR_SERVICE","api","POST","/asset-accounting/asset/${assetId}/depreciation-schedule","True"
"C:\Users\DIYA GOEL\Downloads\EBDESIGN\frontend\src\services\api.js","API_OR_SERVICE","api","POST","/asset-accounting/asset/${assetId}/dispose","True"
"C:\Users\DIYA GOEL\Downloads\EBDESIGN\frontend\src\services\api.js","API_OR_SERVICE","api","POST","/asset-accounting/asset/${assetId}/post-depreciation","True"
"C:\Users\DIYA GOEL\Downloads\EBDESIGN\frontend\src\services\api.js","API_OR_SERVICE","api","POST","/asset-accounting/company/${companyId}/run-depreciation","True"
"C:\Users\DIYA GOEL\Downloads\EBDESIGN\frontend\src\services\api.js","API_OR_SERVICE","api","POST","/asset-accounting/manage","False"
"C:\Users\DIYA GOEL\Downloads\EBDESIGN\frontend\src\services\api.js","API_OR_SERVICE","api","POST","/asset-lifecycle/asset","False"
"C:\Users\DIYA GOEL\Downloads\EBDESIGN\frontend\src\services\api.js","API_OR_SERVICE","api","POST","/attestations","False"
"C:\Users\DIYA GOEL\Downloads\EBDESIGN\frontend\src\services\api.js","API_OR_SERVICE","api","POST","/audio/upload","False"
"C:\Users\DIYA GOEL\Downloads\EBDESIGN\frontend\src\services\api.js","API_OR_SERVICE","api","POST","/audit/logs","False"
"C:\Users\DIYA GOEL\Downloads\EBDESIGN\frontend\src\services\api.js","API_OR_SERVICE","api","POST","/audit-checks/${id}/run","True"
"C:\Users\DIYA GOEL\Downloads\EBDESIGN\frontend\src\services\api.js","API_OR_SERVICE","api","POST","/audit-compliance/run","False"
"C:\Users\DIYA GOEL\Downloads\EBDESIGN\frontend\src\services\api.js","API_OR_SERVICE","api","POST","/audit-logs/search","False"
"C:\Users\DIYA GOEL\Downloads\EBDESIGN\frontend\src\services\api.js","API_OR_SERVICE","api","POST","/audit-resilience-farming/build","False"
"C:\Users\DIYA GOEL\Downloads\EBDESIGN\frontend\src\services\api.js","API_OR_SERVICE","api","POST","/audit-trail/search","False"
"C:\Users\DIYA GOEL\Downloads\EBDESIGN\frontend\src\services\api.js","API_OR_SERVICE","api","POST","/auth/login","False"
"C:\Users\DIYA GOEL\Downloads\EBDESIGN\frontend\src\services\api.js","API_OR_SERVICE","api","POST","/auth/register","False"
"C:\Users\DIYA GOEL\Downloads\EBDESIGN\frontend\src\services\api.js","API_OR_SERVICE","api","POST","/authorization/check","False"
"C:\Users\DIYA GOEL\Downloads\EBDESIGN\frontend\src\services\api.js","API_OR_SERVICE","api","POST","/automation-farming/implement","False"
"C:\Users\DIYA GOEL\Downloads\EBDESIGN\frontend\src\services\api.js","API_OR_SERVICE","api","POST","/automations/${id}/run","True"
"C:\Users\DIYA GOEL\Downloads\EBDESIGN\frontend\src\services\api.js","API_OR_SERVICE","api","POST","/autonomous-farming/implement","False"
"C:\Users\DIYA GOEL\Downloads\EBDESIGN\frontend\src\services\api.js","API_OR_SERVICE","api","POST","/backup","False"
"C:\Users\DIYA GOEL\Downloads\EBDESIGN\frontend\src\services\api.js","API_OR_SERVICE","api","POST","/backup/restore/${id}","True"
"C:\Users\DIYA GOEL\Downloads\EBDESIGN\frontend\src\services\api.js","API_OR_SERVICE","api","POST","/backup-restore/backup","False"
"C:\Users\DIYA GOEL\Downloads\EBDESIGN\frontend\src\services\api.js","API_OR_SERVICE","api","POST","/backup-restore/restore/${id}","True"
"C:\Users\DIYA GOEL\Downloads\EBDESIGN\frontend\src\services\api.js","API_OR_SERVICE","api","POST","/banker/manage","False"
"C:\Users\DIYA GOEL\Downloads\EBDESIGN\frontend\src\services\api.js","API_OR_SERVICE","api","POST","/beekeeping/manage","False"
"C:\Users\DIYA GOEL\Downloads\EBDESIGN\frontend\src\services\api.js","API_OR_SERVICE","api","POST","/benchmarking/run","False"
"C:\Users\DIYA GOEL\Downloads\EBDESIGN\frontend\src\services\api.js","API_OR_SERVICE","api","POST","/benefit-realizations/realize","False"
"C:\Users\DIYA GOEL\Downloads\EBDESIGN\frontend\src\services\api.js","API_OR_SERVICE","api","POST","/best-practice-transfer/transfer","False"
"C:\Users\DIYA GOEL\Downloads\EBDESIGN\frontend\src\services\api.js","API_OR_SERVICE","api","POST","/bilateral-cooperations/cooperate","False"
"C:\Users\DIYA GOEL\Downloads\EBDESIGN\frontend\src\services\api.js","API_OR_SERVICE","api","POST","/biodiversity-farming/assess","False"
"C:\Users\DIYA GOEL\Downloads\EBDESIGN\frontend\src\services\api.js","API_OR_SERVICE","api","POST","/biofertilizer/item","False"
"C:\Users\DIYA GOEL\Downloads\EBDESIGN\frontend\src\services\api.js","API_OR_SERVICE","api","POST","/bioflocc-farm/tank","False"
"C:\Users\DIYA GOEL\Downloads\EBDESIGN\frontend\src\services\api.js","API_OR_SERVICE","api","POST","/biological-control/apply","False"
"C:\Users\DIYA GOEL\Downloads\EBDESIGN\frontend\src\services\api.js","API_OR_SERVICE","api","POST","/bio-pesticide/item","False"
"C:\Users\DIYA GOEL\Downloads\EBDESIGN\frontend\src\services\api.js","API_OR_SERVICE","api","POST","/block","False"
"C:\Users\DIYA GOEL\Downloads\EBDESIGN\frontend\src\services\api.js","API_OR_SERVICE","api","POST","/blockchain-data/transactions","False"
"C:\Users\DIYA GOEL\Downloads\EBDESIGN\frontend\src\services\api.js","API_OR_SERVICE","api","POST","/blockchain-farming/implement","False"
"C:\Users\DIYA GOEL\Downloads\EBDESIGN\frontend\src\services\api.js","API_OR_SERVICE","api","POST","/blockchain-verification/verify","False"
"C:\Users\DIYA GOEL\Downloads\EBDESIGN\frontend\src\services\api.js","API_OR_SERVICE","api","POST","/breaches","False"
"C:\Users\DIYA GOEL\Downloads\EBDESIGN\frontend\src\services\api.js","API_OR_SERVICE","api","POST","/breakdown-maintenance/record","False"
"C:\Users\DIYA GOEL\Downloads\EBDESIGN\frontend\src\services\api.js","API_OR_SERVICE","api","POST","/budgets","False"
"C:\Users\DIYA GOEL\Downloads\EBDESIGN\frontend\src\services\api.js","API_OR_SERVICE","api","POST","/bulk-order","False"
"C:\Users\DIYA GOEL\Downloads\EBDESIGN\frontend\src\services\api.js","API_OR_SERVICE","api","POST","/bulk-order/${orderId}/cancel","True"
"C:\Users\DIYA GOEL\Downloads\EBDESIGN\frontend\src\services\api.js","API_OR_SERVICE","api","POST","/bulk-order/quotation/${quotationId}/accept","True"
"C:\Users\DIYA GOEL\Downloads\EBDESIGN\frontend\src\services\api.js","API_OR_SERVICE","api","POST","/bulk-orders","False"
"C:\Users\DIYA GOEL\Downloads\EBDESIGN\frontend\src\services\api.js","API_OR_SERVICE","api","POST","/buyer-portal/manage","False"
"C:\Users\DIYA GOEL\Downloads\EBDESIGN\frontend\src\services\api.js","API_OR_SERVICE","api","POST","/buyer-trust/build","False"
"C:\Users\DIYA GOEL\Downloads\EBDESIGN\frontend\src\services\api.js","API_OR_SERVICE","api","POST","/ca/manage","False"
"C:\Users\DIYA GOEL\Downloads\EBDESIGN\frontend\src\services\api.js","API_OR_SERVICE","api","POST","/cache/clear","False"
"C:\Users\DIYA GOEL\Downloads\EBDESIGN\frontend\src\services\api.js","API_OR_SERVICE","api","POST","/campaign-building/build","False"
"C:\Users\DIYA GOEL\Downloads\EBDESIGN\frontend\src\services\api.js","API_OR_SERVICE","api","POST","/capacity-building/build","False"
"C:\Users\DIYA GOEL\Downloads\EBDESIGN\frontend\src\services\api.js","API_OR_SERVICE","api","POST","/capacity-sharing/share","False"
"C:\Users\DIYA GOEL\Downloads\EBDESIGN\frontend\src\services\api.js","API_OR_SERVICE","api","POST","/carbon-footprint-farming/calculate","False"
"C:\Users\DIYA GOEL\Downloads\EBDESIGN\frontend\src\services\api.js","API_OR_SERVICE","api","POST","/cart/add","False"
"C:\Users\DIYA GOEL\Downloads\EBDESIGN\frontend\src\services\api.js","API_OR_SERVICE","api","POST","/case-studies","False"
"C:\Users\DIYA GOEL\Downloads\EBDESIGN\frontend\src\services\api.js","API_OR_SERVICE","api","POST","/cassandra-data/query","False"
"C:\Users\DIYA GOEL\Downloads\EBDESIGN\frontend\src\services\api.js","API_OR_SERVICE","api","POST","/cattle-registry/animal","False"
"C:\Users\DIYA GOEL\Downloads\EBDESIGN\frontend\src\services\api.js","API_OR_SERVICE","api","POST","/cdn-data/invalidate","False"
"C:\Users\DIYA GOEL\Downloads\EBDESIGN\frontend\src\services\api.js","API_OR_SERVICE","api","POST","/certification-management/manage","False"
"C:\Users\DIYA GOEL\Downloads\EBDESIGN\frontend\src\services\api.js","API_OR_SERVICE","api","POST","/certification-resilience-farming/build","False"
"C:\Users\DIYA GOEL\Downloads\EBDESIGN\frontend\src\services\api.js","API_OR_SERVICE","api","POST","/certifications","False"
"C:\Users\DIYA GOEL\Downloads\EBDESIGN\frontend\src\services\api.js","API_OR_SERVICE","api","POST","/chaos/experiments/${id}/run","True"
"C:\Users\DIYA GOEL\Downloads\EBDESIGN\frontend\src\services\api.js","API_OR_SERVICE","api","POST","/charts/data","False"
"C:\Users\DIYA GOEL\Downloads\EBDESIGN\frontend\src\services\api.js","API_OR_SERVICE","api","POST","/checkout/process","False"
"C:\Users\DIYA GOEL\Downloads\EBDESIGN\frontend\src\services\api.js","API_OR_SERVICE","api","POST","/circular-economy-farming/implement","False"
"C:\Users\DIYA GOEL\Downloads\EBDESIGN\frontend\src\services\api.js","API_OR_SERVICE","api","POST","/citizen-engagements/engage","False"
"C:\Users\DIYA GOEL\Downloads\EBDESIGN\frontend\src\services\api.js","API_OR_SERVICE","api","POST","/civic-engagements/engage","False"
"C:\Users\DIYA GOEL\Downloads\EBDESIGN\frontend\src\services\api.js","API_OR_SERVICE","api","POST","/civil-disruption/${id}/resolve","True"
"C:\Users\DIYA GOEL\Downloads\EBDESIGN\frontend\src\services\api.js","API_OR_SERVICE","api","POST","/civil-disruption/${id}/verify","True"
"C:\Users\DIYA GOEL\Downloads\EBDESIGN\frontend\src\services\api.js","API_OR_SERVICE","api","POST","/civil-disruption/report","False"
"C:\Users\DIYA GOEL\Downloads\EBDESIGN\frontend\src\services\api.js","API_OR_SERVICE","api","POST","/clan-warfare/wage","False"
"C:\Users\DIYA GOEL\Downloads\EBDESIGN\frontend\src\services\api.js","API_OR_SERVICE","api","POST","/cleanup-tasks/${id}/run","True"
"C:\Users\DIYA GOEL\Downloads\EBDESIGN\frontend\src\services\api.js","API_OR_SERVICE","api","POST","/climate-advisory/advisory","False"
"C:\Users\DIYA GOEL\Downloads\EBDESIGN\frontend\src\services\api.js","API_OR_SERVICE","api","POST","/climate-advisory/get","False"
"C:\Users\DIYA GOEL\Downloads\EBDESIGN\frontend\src\services\api.js","API_OR_SERVICE","api","POST","/climate-monitoring/report","False"
"C:\Users\DIYA GOEL\Downloads\EBDESIGN\frontend\src\services\api.js","API_OR_SERVICE","api","POST","/climate-resilience-farming/build","False"
"C:\Users\DIYA GOEL\Downloads\EBDESIGN\frontend\src\services\api.js","API_OR_SERVICE","api","POST","/climate-risk/assess","False"
"C:\Users\DIYA GOEL\Downloads\EBDESIGN\frontend\src\services\api.js","API_OR_SERVICE","api","POST","/climate-risk/assessments/assessment","False"
"C:\Users\DIYA GOEL\Downloads\EBDESIGN\frontend\src\services\api.js","API_OR_SERVICE","api","POST","/climate-smart-agriculture/implement","False"
"C:\Users\DIYA GOEL\Downloads\EBDESIGN\frontend\src\services\api.js","API_OR_SERVICE","api","POST","/coalition-building/build","False"
"C:\Users\DIYA GOEL\Downloads\EBDESIGN\frontend\src\services\api.js","API_OR_SERVICE","api","POST","/cognitive-warfare/wage","False"
"C:\Users\DIYA GOEL\Downloads\EBDESIGN\frontend\src\services\api.js","API_OR_SERVICE","api","POST","/cold-chain-monitoring/monitor","False"
"C:\Users\DIYA GOEL\Downloads\EBDESIGN\frontend\src\services\api.js","API_OR_SERVICE","api","POST","/cold-fish-chain/shipment","False"
"C:\Users\DIYA GOEL\Downloads\EBDESIGN\frontend\src\services\api.js","API_OR_SERVICE","api","POST","/cold-storage/booking","False"
"C:\Users\DIYA GOEL\Downloads\EBDESIGN\frontend\src\services\api.js","API_OR_SERVICE","api","POST","/cold-storage/facility","False"
"C:\Users\DIYA GOEL\Downloads\EBDESIGN\frontend\src\services\api.js","API_OR_SERVICE","api","POST","/cold-storage/facility/${facilityId}/book","True"
"C:\Users\DIYA GOEL\Downloads\EBDESIGN\frontend\src\services\api.js","API_OR_SERVICE","api","POST","/cold-storage/manage","False"
"C:\Users\DIYA GOEL\Downloads\EBDESIGN\frontend\src\services\api.js","API_OR_SERVICE","api","POST","/collaborations/${id}","True"
"C:\Users\DIYA GOEL\Downloads\EBDESIGN\frontend\src\services\api.js","API_OR_SERVICE","api","POST","/collective-warfare/wage","False"
"C:\Users\DIYA GOEL\Downloads\EBDESIGN\frontend\src\services\api.js","API_OR_SERVICE","api","POST","/communications/${id}","True"
"C:\Users\DIYA GOEL\Downloads\EBDESIGN\frontend\src\services\api.js","API_OR_SERVICE","api","POST","/community-asset","False"
"C:\Users\DIYA GOEL\Downloads\EBDESIGN\frontend\src\services\api.js","API_OR_SERVICE","api","POST","/community-assets/manage","False"
"C:\Users\DIYA GOEL\Downloads\EBDESIGN\frontend\src\services\api.js","API_OR_SERVICE","api","POST","/community-development/plan","False"
"C:\Users\DIYA GOEL\Downloads\EBDESIGN\frontend\src\services\api.js","API_OR_SERVICE","api","POST","/community-engagements/engage","False"
"C:\Users\DIYA GOEL\Downloads\EBDESIGN\frontend\src\services\api.js","API_OR_SERVICE","api","POST","/community-management/manage","False"
"C:\Users\DIYA GOEL\Downloads\EBDESIGN\frontend\src\services\api.js","API_OR_SERVICE","api","POST","/community-resilience-farming/build","False"
"C:\Users\DIYA GOEL\Downloads\EBDESIGN\frontend\src\services\api.js","API_OR_SERVICE","api","POST","/comparisons/add","False"
"C:\Users\DIYA GOEL\Downloads\EBDESIGN\frontend\src\services\api.js","API_OR_SERVICE","api","POST","/competitor/observe","False"
"C:\Users\DIYA GOEL\Downloads\EBDESIGN\frontend\src\services\api.js","API_OR_SERVICE","api","POST","/competitors-resilience-farming/build","False"
"C:\Users\DIYA GOEL\Downloads\EBDESIGN\frontend\src\services\api.js","API_OR_SERVICE","api","POST","/complete-ai-integration/detect-crop-disease/${cropId}","True"
"C:\Users\DIYA GOEL\Downloads\EBDESIGN\frontend\src\services\api.js","API_OR_SERVICE","api","POST","/complete-ai-integration/integrate","False"
"C:\Users\DIYA GOEL\Downloads\EBDESIGN\frontend\src\services\api.js","API_OR_SERVICE","api","POST","/complete-ai-integration/monitor-livestock-health/${livestockId}","True"
"C:\Users\DIYA GOEL\Downloads\EBDESIGN\frontend\src\services\api.js","API_OR_SERVICE","api","POST","/complete-ai-integration/monitor-poultry-health/${poultryId}","True"
"C:\Users\DIYA GOEL\Downloads\EBDESIGN\frontend\src\services\api.js","API_OR_SERVICE","api","POST","/complete-ai-integration/optimize-dairy-production/${dairyId}","True"
"C:\Users\DIYA GOEL\Downloads\EBDESIGN\frontend\src\services\api.js","API_OR_SERVICE","api","POST","/complete-ai-integration/optimize-farmer-resources/${farmerId}","True"
"C:\Users\DIYA GOEL\Downloads\EBDESIGN\frontend\src\services\api.js","API_OR_SERVICE","api","POST","/complete-ai-integration/optimize-goat-production/${goatId}","True"
"C:\Users\DIYA GOEL\Downloads\EBDESIGN\frontend\src\services\api.js","API_OR_SERVICE","api","POST","/complete-ai-integration/optimize-pig-production/${pigId}","True"
"C:\Users\DIYA GOEL\Downloads\EBDESIGN\frontend\src\services\api.js","API_OR_SERVICE","api","POST","/complete-ai-integration/optimize-sheep-production/${sheepId}","True"
"C:\Users\DIYA GOEL\Downloads\EBDESIGN\frontend\src\services\api.js","API_OR_SERVICE","api","POST","/complete-ai-integration/predict-crop-yield/${cropId}","True"
"C:\Users\DIYA GOEL\Downloads\EBDESIGN\frontend\src\services\api.js","API_OR_SERVICE","api","POST","/complete-ai-integration/predict-harvest-timing/${farmerId}","True"
"C:\Users\DIYA GOEL\Downloads\EBDESIGN\frontend\src\services\api.js","API_OR_SERVICE","api","POST","/complete-ai-integration/recommend-crop-planning/${farmerId}","True"
"C:\Users\DIYA GOEL\Downloads\EBDESIGN\frontend\src\services\api.js","API_OR_SERVICE","api","POST","/complete-ai-integration/recommend-livestock-breeding/${livestockId}","True"
"C:\Users\DIYA GOEL\Downloads\EBDESIGN\frontend\src\services\api.js","API_OR_SERVICE","api","POST","/complete-erp-integration/integrate","False"
"C:\Users\DIYA GOEL\Downloads\EBDESIGN\frontend\src\services\api.js","API_OR_SERVICE","api","POST","/complete-erp-integration/sync-crop-lifecycle/${cropId}","True"
"C:\Users\DIYA GOEL\Downloads\EBDESIGN\frontend\src\services\api.js","API_OR_SERVICE","api","POST","/complete-erp-integration/sync-crop-yield/${cropId}","True"
"C:\Users\DIYA GOEL\Downloads\EBDESIGN\frontend\src\services\api.js","API_OR_SERVICE","api","POST","/complete-erp-integration/sync-dairy-production/${dairyId}","True"
"C:\Users\DIYA GOEL\Downloads\EBDESIGN\frontend\src\services\api.js","API_OR_SERVICE","api","POST","/complete-erp-integration/sync-farmer-crop-planning/${farmerId}","True"
"C:\Users\DIYA GOEL\Downloads\EBDESIGN\frontend\src\services\api.js","API_OR_SERVICE","api","POST","/complete-erp-integration/sync-farmer-field/${farmerId}","True"
"C:\Users\DIYA GOEL\Downloads\EBDESIGN\frontend\src\services\api.js","API_OR_SERVICE","api","POST","/complete-erp-integration/sync-farmer-harvest/${farmerId}","True"
"C:\Users\DIYA GOEL\Downloads\EBDESIGN\frontend\src\services\api.js","API_OR_SERVICE","api","POST","/complete-erp-integration/sync-goat-production/${goatId}","True"
"C:\Users\DIYA GOEL\Downloads\EBDESIGN\frontend\src\services\api.js","API_OR_SERVICE","api","POST","/complete-erp-integration/sync-livestock/${livestockId}","True"
"C:\Users\DIYA GOEL\Downloads\EBDESIGN\frontend\src\services\api.js","API_OR_SERVICE","api","POST","/complete-erp-integration/sync-livestock-health/${livestockId}","True"
"C:\Users\DIYA GOEL\Downloads\EBDESIGN\frontend\src\services\api.js","API_OR_SERVICE","api","POST","/complete-erp-integration/sync-livestock-production/${livestockId}","True"
"C:\Users\DIYA GOEL\Downloads\EBDESIGN\frontend\src\services\api.js","API_OR_SERVICE","api","POST","/complete-erp-integration/sync-pig-production/${pigId}","True"
"C:\Users\DIYA GOEL\Downloads\EBDESIGN\frontend\src\services\api.js","API_OR_SERVICE","api","POST","/complete-erp-integration/sync-poultry-production/${poultryId}","True"
"C:\Users\DIYA GOEL\Downloads\EBDESIGN\frontend\src\services\api.js","API_OR_SERVICE","api","POST","/complete-erp-integration/sync-sheep-production/${sheepId}","True"
"C:\Users\DIYA GOEL\Downloads\EBDESIGN\frontend\src\services\api.js","API_OR_SERVICE","api","POST","/compliance/check","False"
"C:\Users\DIYA GOEL\Downloads\EBDESIGN\frontend\src\services\api.js","API_OR_SERVICE","api","POST","/compliance/reports","False"
"C:\Users\DIYA GOEL\Downloads\EBDESIGN\frontend\src\services\api.js","API_OR_SERVICE","api","POST","/compliance-audits/run","False"
"C:\Users\DIYA GOEL\Downloads\EBDESIGN\frontend\src\services\api.js","API_OR_SERVICE","api","POST","/compliance-checks/${id}/run","True"
"C:\Users\DIYA GOEL\Downloads\EBDESIGN\frontend\src\services\api.js","API_OR_SERVICE","api","POST","/compliance-resilience-farming/build","False"
"C:\Users\DIYA GOEL\Downloads\EBDESIGN\frontend\src\services\api.js","API_OR_SERVICE","api","POST","/compliance-tracking/track","False"
"C:\Users\DIYA GOEL\Downloads\EBDESIGN\frontend\src\services\api.js","API_OR_SERVICE","api","POST","/component-manager/register","False"
"C:\Users\DIYA GOEL\Downloads\EBDESIGN\frontend\src\services\api.js","API_OR_SERVICE","api","POST","/comprehensive-erp/analyze-project-a-i/${id}","True"
"C:\Users\DIYA GOEL\Downloads\EBDESIGN\frontend\src\services\api.js","API_OR_SERVICE","api","POST","/comprehensive-erp/calculate-depreciation/${id}","True"
"C:\Users\DIYA GOEL\Downloads\EBDESIGN\frontend\src\services\api.js","API_OR_SERVICE","api","POST","/comprehensive-erp/confirm-maintenance-order/${id}","True"
"C:\Users\DIYA GOEL\Downloads\EBDESIGN\frontend\src\services\api.js","API_OR_SERVICE","api","POST","/comprehensive-erp/confirm-production-order/${id}","True"
"C:\Users\DIYA GOEL\Downloads\EBDESIGN\frontend\src\services\api.js","API_OR_SERVICE","api","POST","/comprehensive-erp/create-bank-account","False"
"C:\Users\DIYA GOEL\Downloads\EBDESIGN\frontend\src\services\api.js","API_OR_SERVICE","api","POST","/comprehensive-erp/create-chart-of-accounts","False"
"C:\Users\DIYA GOEL\Downloads\EBDESIGN\frontend\src\services\api.js","API_OR_SERVICE","api","POST","/comprehensive-erp/create-cost-center","False"
"C:\Users\DIYA GOEL\Downloads\EBDESIGN\frontend\src\services\api.js","API_OR_SERVICE","api","POST","/comprehensive-erp/create-customer-master","False"
"C:\Users\DIYA GOEL\Downloads\EBDESIGN\frontend\src\services\api.js","API_OR_SERVICE","api","POST","/comprehensive-erp/create-delivery","False"
"C:\Users\DIYA GOEL\Downloads\EBDESIGN\frontend\src\services\api.js","API_OR_SERVICE","api","POST","/comprehensive-erp/create-employee-master","False"
"C:\Users\DIYA GOEL\Downloads\EBDESIGN\frontend\src\services\api.js","API_OR_SERVICE","api","POST","/comprehensive-erp/create-equipment-master","False"
"C:\Users\DIYA GOEL\Downloads\EBDESIGN\frontend\src\services\api.js","API_OR_SERVICE","api","POST","/comprehensive-erp/create-fixed-asset","False"
"C:\Users\DIYA GOEL\Downloads\EBDESIGN\frontend\src\services\api.js","API_OR_SERVICE","api","POST","/comprehensive-erp/create-g-l-account","False"
"C:\Users\DIYA GOEL\Downloads\EBDESIGN\frontend\src\services\api.js","API_OR_SERVICE","api","POST","/comprehensive-erp/create-goods-receipt","False"
"C:\Users\DIYA GOEL\Downloads\EBDESIGN\frontend\src\services\api.js","API_OR_SERVICE","api","POST","/comprehensive-erp/create-inspection-lot","False"
"C:\Users\DIYA GOEL\Downloads\EBDESIGN\frontend\src\services\api.js","API_OR_SERVICE","api","POST","/comprehensive-erp/create-invoice","False"
"C:\Users\DIYA GOEL\Downloads\EBDESIGN\frontend\src\services\api.js","API_OR_SERVICE","api","POST","/comprehensive-erp/create-maintenance-order","False"
"C:\Users\DIYA GOEL\Downloads\EBDESIGN\frontend\src\services\api.js","API_OR_SERVICE","api","POST","/comprehensive-erp/create-material-master","False"
"C:\Users\DIYA GOEL\Downloads\EBDESIGN\frontend\src\services\api.js","API_OR_SERVICE","api","POST","/comprehensive-erp/create-organizational-unit","False"
"C:\Users\DIYA GOEL\Downloads\EBDESIGN\frontend\src\services\api.js","API_OR_SERVICE","api","POST","/comprehensive-erp/create-production-order","False"
"C:\Users\DIYA GOEL\Downloads\EBDESIGN\frontend\src\services\api.js","API_OR_SERVICE","api","POST","/comprehensive-erp/create-profit-center","False"
"C:\Users\DIYA GOEL\Downloads\EBDESIGN\frontend\src\services\api.js","API_OR_SERVICE","api","POST","/comprehensive-erp/create-project-definition","False"
"C:\Users\DIYA GOEL\Downloads\EBDESIGN\frontend\src\services\api.js","API_OR_SERVICE","api","POST","/comprehensive-erp/create-purchase-order","False"
"C:\Users\DIYA GOEL\Downloads\EBDESIGN\frontend\src\services\api.js","API_OR_SERVICE","api","POST","/comprehensive-erp/create-sales-order","False"
"C:\Users\DIYA GOEL\Downloads\EBDESIGN\frontend\src\services\api.js","API_OR_SERVICE","api","POST","/comprehensive-erp/create-w-b-s","False"
"C:\Users\DIYA GOEL\Downloads\EBDESIGN\frontend\src\services\api.js","API_OR_SERVICE","api","POST","/comprehensive-erp/make-usage-decision/${id}","True"
"C:\Users\DIYA GOEL\Downloads\EBDESIGN\frontend\src\services\api.js","API_OR_SERVICE","api","POST","/comprehensive-erp/post-cost-allocation","False"
"C:\Users\DIYA GOEL\Downloads\EBDESIGN\frontend\src\services\api.js","API_OR_SERVICE","api","POST","/comprehensive-erp/post-journal-entry","False"
"C:\Users\DIYA GOEL\Downloads\EBDESIGN\frontend\src\services\api.js","API_OR_SERVICE","api","POST","/comprehensive-erp/process-payroll","False"
"C:\Users\DIYA GOEL\Downloads\EBDESIGN\frontend\src\services\api.js","API_OR_SERVICE","api","POST","/comprehensive-erp/record-cash-flow","False"
"C:\Users\DIYA GOEL\Downloads\EBDESIGN\frontend\src\services\api.js","API_OR_SERVICE","api","POST","/comprehensive-erp/record-inspection-result","False"
"C:\Users\DIYA GOEL\Downloads\EBDESIGN\frontend\src\services\api.js","API_OR_SERVICE","api","POST","/comprehensive-erp/release-production-order/${id}","True"
"C:\Users\DIYA GOEL\Downloads\EBDESIGN\frontend\src\services\api.js","API_OR_SERVICE","api","POST","/comprehensive-erp/update-project-status/${id}","True"
"C:\Users\DIYA GOEL\Downloads\EBDESIGN\frontend\src\services\api.js","API_OR_SERVICE","api","POST","/computer-vision-farming/implement","False"
"C:\Users\DIYA GOEL\Downloads\EBDESIGN\frontend\src\services\api.js","API_OR_SERVICE","api","POST","/connectors/${id}/connect","True"
"C:\Users\DIYA GOEL\Downloads\EBDESIGN\frontend\src\services\api.js","API_OR_SERVICE","api","POST","/consent-management/record","False"
"C:\Users\DIYA GOEL\Downloads\EBDESIGN\frontend\src\services\api.js","API_OR_SERVICE","api","POST","/consents/${id}","True"
"C:\Users\DIYA GOEL\Downloads\EBDESIGN\frontend\src\services\api.js","API_OR_SERVICE","api","POST","/containment-strategies/${id}/contain","True"
"C:\Users\DIYA GOEL\Downloads\EBDESIGN\frontend\src\services\api.js","API_OR_SERVICE","api","POST","/content-manager/manage","False"
"C:\Users\DIYA GOEL\Downloads\EBDESIGN\frontend\src\services\api.js","API_OR_SERVICE","api","POST","/contractor-management/contractor","False"
"C:\Users\DIYA GOEL\Downloads\EBDESIGN\frontend\src\services\api.js","API_OR_SERVICE","api","POST","/contracts","False"
"C:\Users\DIYA GOEL\Downloads\EBDESIGN\frontend\src\services\api.js","API_OR_SERVICE","api","POST","/conversational-ai/session","False"
"C:\Users\DIYA GOEL\Downloads\EBDESIGN\frontend\src\services\api.js","API_OR_SERVICE","api","POST","/conversational-ai/session/${sessionId}/end","True"
"C:\Users\DIYA GOEL\Downloads\EBDESIGN\frontend\src\services\api.js","API_OR_SERVICE","api","POST","/conversational-ai/session/${sessionId}/respond","True"
"C:\Users\DIYA GOEL\Downloads\EBDESIGN\frontend\src\services\api.js","API_OR_SERVICE","api","POST","/cooperatives","False"
"C:\Users\DIYA GOEL\Downloads\EBDESIGN\frontend\src\services\api.js","API_OR_SERVICE","api","POST","/cooperative-share/buy","False"
"C:\Users\DIYA GOEL\Downloads\EBDESIGN\frontend\src\services\api.js","API_OR_SERVICE","api","POST","/cooperative-share/distribution","False"
"C:\Users\DIYA GOEL\Downloads\EBDESIGN\frontend\src\services\api.js","API_OR_SERVICE","api","POST","/cooperative-share/distribution/preview","False"
"C:\Users\DIYA GOEL\Downloads\EBDESIGN\frontend\src\services\api.js","API_OR_SERVICE","api","POST","/cooperative-share/member","False"
"C:\Users\DIYA GOEL\Downloads\EBDESIGN\frontend\src\services\api.js","API_OR_SERVICE","api","POST","/coordinations/${id}","True"
"C:\Users\DIYA GOEL\Downloads\EBDESIGN\frontend\src\services\api.js","API_OR_SERVICE","api","POST","/cosmosdb-data/query","False"
"C:\Users\DIYA GOEL\Downloads\EBDESIGN\frontend\src\services\api.js","API_OR_SERVICE","api","POST","/cost/calculate","False"
"C:\Users\DIYA GOEL\Downloads\EBDESIGN\frontend\src\services\api.js","API_OR_SERVICE","api","POST","/cost-benefit-analysis/analyze","False"
"C:\Users\DIYA GOEL\Downloads\EBDESIGN\frontend\src\services\api.js","API_OR_SERVICE","api","POST","/cost-control/budget","False"
"C:\Users\DIYA GOEL\Downloads\EBDESIGN\frontend\src\services\api.js","API_OR_SERVICE","api","POST","/cost-control/budget/${budgetId}/approve","True"
"C:\Users\DIYA GOEL\Downloads\EBDESIGN\frontend\src\services\api.js","API_OR_SERVICE","api","POST","/cost-control/budget/${budgetId}/line","True"
"C:\Users\DIYA GOEL\Downloads\EBDESIGN\frontend\src\services\api.js","API_OR_SERVICE","api","POST","/cost-control/budget/${budgetId}/submit","True"
"C:\Users\DIYA GOEL\Downloads\EBDESIGN\frontend\src\services\api.js","API_OR_SERVICE","api","POST","/cost-control/control","False"
"C:\Users\DIYA GOEL\Downloads\EBDESIGN\frontend\src\services\api.js","API_OR_SERVICE","api","POST","/cost-control/cost-center","False"
"C:\Users\DIYA GOEL\Downloads\EBDESIGN\frontend\src\services\api.js","API_OR_SERVICE","api","POST","/cost-control/profit-center","False"
"C:\Users\DIYA GOEL\Downloads\EBDESIGN\frontend\src\services\api.js","API_OR_SERVICE","api","POST","/coupons/apply","False"
"C:\Users\DIYA GOEL\Downloads\EBDESIGN\frontend\src\services\api.js","API_OR_SERVICE","api","POST","/credentials/issue","False"
"C:\Users\DIYA GOEL\Downloads\EBDESIGN\frontend\src\services\api.js","API_OR_SERVICE","api","POST","/crop-growth-modeling/model","False"
"C:\Users\DIYA GOEL\Downloads\EBDESIGN\frontend\src\services\api.js","API_OR_SERVICE","api","POST","/crop-management/manage","False"
"C:\Users\DIYA GOEL\Downloads\EBDESIGN\frontend\src\services\api.js","API_OR_SERVICE","api","POST","/crop-monitoring/monitor","False"
"C:\Users\DIYA GOEL\Downloads\EBDESIGN\frontend\src\services\api.js","API_OR_SERVICE","api","POST","/crop-monitoring/observations","False"
"C:\Users\DIYA GOEL\Downloads\EBDESIGN\frontend\src\services\api.js","API_OR_SERVICE","api","POST","/crop-planning/plan","False"
"C:\Users\DIYA GOEL\Downloads\EBDESIGN\frontend\src\services\api.js","API_OR_SERVICE","api","POST","/crop-recommendations/get","False"
"C:\Users\DIYA GOEL\Downloads\EBDESIGN\frontend\src\services\api.js","API_OR_SERVICE","api","POST","/crop-registrations","False"
"C:\Users\DIYA GOEL\Downloads\EBDESIGN\frontend\src\services\api.js","API_OR_SERVICE","api","POST","/crop-rotation/plan","False"
"C:\Users\DIYA GOEL\Downloads\EBDESIGN\frontend\src\services\api.js","API_OR_SERVICE","api","POST","/crop-selection/select","False"
"C:\Users\DIYA GOEL\Downloads\EBDESIGN\frontend\src\services\api.js","API_OR_SERVICE","api","POST","/crop-value-research/${id}/review","True"
"C:\Users\DIYA GOEL\Downloads\EBDESIGN\frontend\src\services\api.js","API_OR_SERVICE","api","POST","/crop-value-research/research","False"
"C:\Users\DIYA GOEL\Downloads\EBDESIGN\frontend\src\services\api.js","API_OR_SERVICE","api","POST","/crop-varieties","False"
"C:\Users\DIYA GOEL\Downloads\EBDESIGN\frontend\src\services\api.js","API_OR_SERVICE","api","POST","/cross-border-engagements/engage","False"
"C:\Users\DIYA GOEL\Downloads\EBDESIGN\frontend\src\services\api.js","API_OR_SERVICE","api","POST","/cultural-warfare/wage","False"
"C:\Users\DIYA GOEL\Downloads\EBDESIGN\frontend\src\services\api.js","API_OR_SERVICE","api","POST","/culture-resilience-farming/build","False"
"C:\Users\DIYA GOEL\Downloads\EBDESIGN\frontend\src\services\api.js","API_OR_SERVICE","api","POST","/currencies","False"
"C:\Users\DIYA GOEL\Downloads\EBDESIGN\frontend\src\services\api.js","API_OR_SERVICE","api","POST","/customers-resilience-farming/build","False"
"C:\Users\DIYA GOEL\Downloads\EBDESIGN\frontend\src\services\api.js","API_OR_SERVICE","api","POST","/cv-models/${id}/process","True"
"C:\Users\DIYA GOEL\Downloads\EBDESIGN\frontend\src\services\api.js","API_OR_SERVICE","api","POST","/cyber-activism/activate","False"
"C:\Users\DIYA GOEL\Downloads\EBDESIGN\frontend\src\services\api.js","API_OR_SERVICE","api","POST","/cyber-warfare/wage","False"
"C:\Users\DIYA GOEL\Downloads\EBDESIGN\frontend\src\services\api.js","API_OR_SERVICE","api","POST","/dairy/animal","False"
"C:\Users\DIYA GOEL\Downloads\EBDESIGN\frontend\src\services\api.js","API_OR_SERVICE","api","POST","/dairy/manage","False"
"C:\Users\DIYA GOEL\Downloads\EBDESIGN\frontend\src\services\api.js","API_OR_SERVICE","api","POST","/dairy/milk-record","False"
"C:\Users\DIYA GOEL\Downloads\EBDESIGN\frontend\src\services\api.js","API_OR_SERVICE","api","POST","/dairy-ai/analyze","False"
"C:\Users\DIYA GOEL\Downloads\EBDESIGN\frontend\src\services\api.js","API_OR_SERVICE","api","POST","/dairy-ai/optimize-feed-composition/${animalId}","True"
"C:\Users\DIYA GOEL\Downloads\EBDESIGN\frontend\src\services\api.js","API_OR_SERVICE","api","POST","/dairy-ai/optimize-milk-production/${animalId}","True"
"C:\Users\DIYA GOEL\Downloads\EBDESIGN\frontend\src\services\api.js","API_OR_SERVICE","api","POST","/dairy-ai/predict-health-risks/${animalId}","True"
"C:\Users\DIYA GOEL\Downloads\EBDESIGN\frontend\src\services\api.js","API_OR_SERVICE","api","POST","/dairy-ai/recommend-breeding/${animalId}","True"
"C:\Users\DIYA GOEL\Downloads\EBDESIGN\frontend\src\services\api.js","API_OR_SERVICE","api","POST","/daos/${id}/participate","True"
"C:\Users\DIYA GOEL\Downloads\EBDESIGN\frontend\src\services\api.js","API_OR_SERVICE","api","POST","/data-export/export","False"
"C:\Users\DIYA GOEL\Downloads\EBDESIGN\frontend\src\services\api.js","API_OR_SERVICE","api","POST","/data-import/import","False"
"C:\Users\DIYA GOEL\Downloads\EBDESIGN\frontend\src\services\api.js","API_OR_SERVICE","api","POST","/data-subjects/${id}","True"
"C:\Users\DIYA GOEL\Downloads\EBDESIGN\frontend\src\services\api.js","API_OR_SERVICE","api","POST","/data-visualization/visualize","False"
"C:\Users\DIYA GOEL\Downloads\EBDESIGN\frontend\src\services\api.js","API_OR_SERVICE","api","POST","/date-formats","False"
"C:\Users\DIYA GOEL\Downloads\EBDESIGN\frontend\src\services\api.js","API_OR_SERVICE","api","POST","/debugger/mode","False"
"C:\Users\DIYA GOEL\Downloads\EBDESIGN\frontend\src\services\api.js","API_OR_SERVICE","api","POST","/debugging/mode","False"
"C:\Users\DIYA GOEL\Downloads\EBDESIGN\frontend\src\services\api.js","API_OR_SERVICE","api","POST","/decision-engine/evaluate","False"
"C:\Users\DIYA GOEL\Downloads\EBDESIGN\frontend\src\services\api.js","API_OR_SERVICE","api","POST","/decision-engine/rules","False"
"C:\Users\DIYA GOEL\Downloads\EBDESIGN\frontend\src\services\api.js","API_OR_SERVICE","api","POST","/decision-engine/trigger","False"
"C:\Users\DIYA GOEL\Downloads\EBDESIGN\frontend\src\services\api.js","API_OR_SERVICE","api","POST","/decision-influence/influence","False"
"C:\Users\DIYA GOEL\Downloads\EBDESIGN\frontend\src\services\api.js","API_OR_SERVICE","api","POST","/decision-support/alloc-score","False"
"C:\Users\DIYA GOEL\Downloads\EBDESIGN\frontend\src\services\api.js","API_OR_SERVICE","api","POST","/decision-support/compliance-gaps","False"
"C:\Users\DIYA GOEL\Downloads\EBDESIGN\frontend\src\services\api.js","API_OR_SERVICE","api","POST","/decision-support/compost-plan","False"
"C:\Users\DIYA GOEL\Downloads\EBDESIGN\frontend\src\services\api.js","API_OR_SERVICE","api","POST","/decision-support/corp-credit-eligible","False"
"C:\Users\DIYA GOEL\Downloads\EBDESIGN\frontend\src\services\api.js","API_OR_SERVICE","api","POST","/decision-support/eco-logistics-miles","False"
"C:\Users\DIYA GOEL\Downloads\EBDESIGN\frontend\src\services\api.js","API_OR_SERVICE","api","POST","/decision-support/floor-benchmark","False"
"C:\Users\DIYA GOEL\Downloads\EBDESIGN\frontend\src\services\api.js","API_OR_SERVICE","api","POST","/decision-support/harvest-points","False"
"C:\Users\DIYA GOEL\Downloads\EBDESIGN\frontend\src\services\api.js","API_OR_SERVICE","api","POST","/decision-support/make","False"
"C:\Users\DIYA GOEL\Downloads\EBDESIGN\frontend\src\services\api.js","API_OR_SERVICE","api","POST","/deep-learning-farming/implement","False"
"C:\Users\DIYA GOEL\Downloads\EBDESIGN\frontend\src\services\api.js","API_OR_SERVICE","api","POST","/defense-fitness-prep/attempt","False"
"C:\Users\DIYA GOEL\Downloads\EBDESIGN\frontend\src\services\api.js","API_OR_SERVICE","api","POST","/defense-fitness-prep/prepare","False"
"C:\Users\DIYA GOEL\Downloads\EBDESIGN\frontend\src\services\api.js","API_OR_SERVICE","api","POST","/defi-data/transactions","False"
"C:\Users\DIYA GOEL\Downloads\EBDESIGN\frontend\src\services\api.js","API_OR_SERVICE","api","POST","/degradation-strategies/${id}/activate","True"
"C:\Users\DIYA GOEL\Downloads\EBDESIGN\frontend\src\services\api.js","API_OR_SERVICE","api","POST","/demand/forecast","False"
"C:\Users\DIYA GOEL\Downloads\EBDESIGN\frontend\src\services\api.js","API_OR_SERVICE","api","POST","/demand-forecast/forecast","False"
"C:\Users\DIYA GOEL\Downloads\EBDESIGN\frontend\src\services\api.js","API_OR_SERVICE","api","POST","/deployments","False"
"C:\Users\DIYA GOEL\Downloads\EBDESIGN\frontend\src\services\api.js","API_OR_SERVICE","api","POST","/descriptive-analytics-farming/implement","False"
"C:\Users\DIYA GOEL\Downloads\EBDESIGN\frontend\src\services\api.js","API_OR_SERVICE","api","POST","/development-resilience-farming/build","False"
"C:\Users\DIYA GOEL\Downloads\EBDESIGN\frontend\src\services\api.js","API_OR_SERVICE","api","POST","/diagnostic-analytics-farming/implement","False"
"C:\Users\DIYA GOEL\Downloads\EBDESIGN\frontend\src\services\api.js","API_OR_SERVICE","api","POST","/diaspora-engagements/engage","False"
"C:\Users\DIYA GOEL\Downloads\EBDESIGN\frontend\src\services\api.js","API_OR_SERVICE","api","POST","/diet-therapy/prescribe","False"
"C:\Users\DIYA GOEL\Downloads\EBDESIGN\frontend\src\services\api.js","API_OR_SERVICE","api","POST","/digital-activism/activate","False"
"C:\Users\DIYA GOEL\Downloads\EBDESIGN\frontend\src\services\api.js","API_OR_SERVICE","api","POST","/digital-blockade/blockade","False"
"C:\Users\DIYA GOEL\Downloads\EBDESIGN\frontend\src\services\api.js","API_OR_SERVICE","api","POST","/digital-boycott/boycott","False"
"C:\Users\DIYA GOEL\Downloads\EBDESIGN\frontend\src\services\api.js","API_OR_SERVICE","api","POST","/digital-campaign/run","False"
"C:\Users\DIYA GOEL\Downloads\EBDESIGN\frontend\src\services\api.js","API_OR_SERVICE","api","POST","/digital-civil-disobedience/disobey","False"
"C:\Users\DIYA GOEL\Downloads\EBDESIGN\frontend\src\services\api.js","API_OR_SERVICE","api","POST","/digital-divestment/divest","False"
"C:\Users\DIYA GOEL\Downloads\EBDESIGN\frontend\src\services\api.js","API_OR_SERVICE","api","POST","/digital-embargo/embargo","False"
"C:\Users\DIYA GOEL\Downloads\EBDESIGN\frontend\src\services\api.js","API_OR_SERVICE","api","POST","/digital-farming/implement","False"
"C:\Users\DIYA GOEL\Downloads\EBDESIGN\frontend\src\services\api.js","API_OR_SERVICE","api","POST","/digital-identity/identity","False"
"C:\Users\DIYA GOEL\Downloads\EBDESIGN\frontend\src\services\api.js","API_OR_SERVICE","api","POST","/digital-organizing/organize","False"
"C:\Users\DIYA GOEL\Downloads\EBDESIGN\frontend\src\services\api.js","API_OR_SERVICE","api","POST","/digital-resistance/resist","False"
"C:\Users\DIYA GOEL\Downloads\EBDESIGN\frontend\src\services\api.js","API_OR_SERVICE","api","POST","/digital-sanction/sanction","False"
"C:\Users\DIYA GOEL\Downloads\EBDESIGN\frontend\src\services\api.js","API_OR_SERVICE","api","POST","/digital-siege/siege","False"
"C:\Users\DIYA GOEL\Downloads\EBDESIGN\frontend\src\services\api.js","API_OR_SERVICE","api","POST","/digital-twin","False"
"C:\Users\DIYA GOEL\Downloads\EBDESIGN\frontend\src\services\api.js","API_OR_SERVICE","api","POST","/digital-warfare/wage","False"
"C:\Users\DIYA GOEL\Downloads\EBDESIGN\frontend\src\services\api.js","API_OR_SERVICE","api","POST","/disabled-engagements/engage","False"
"C:\Users\DIYA GOEL\Downloads\EBDESIGN\frontend\src\services\api.js","API_OR_SERVICE","api","POST","/disaster-recovery/plans/${id}/execute","True"
"C:\Users\DIYA GOEL\Downloads\EBDESIGN\frontend\src\services\api.js","API_OR_SERVICE","api","POST","/disclosure-resilience-farming/build","False"
"C:\Users\DIYA GOEL\Downloads\EBDESIGN\frontend\src\services\api.js","API_OR_SERVICE","api","POST","/discounts/apply","False"
"C:\Users\DIYA GOEL\Downloads\EBDESIGN\frontend\src\services\api.js","API_OR_SERVICE","api","POST","/disease-forecasting/forecast","False"
"C:\Users\DIYA GOEL\Downloads\EBDESIGN\frontend\src\services\api.js","API_OR_SERVICE","api","POST","/disease-forecasting/forecasts/forecast","False"
"C:\Users\DIYA GOEL\Downloads\EBDESIGN\frontend\src\services\api.js","API_OR_SERVICE","api","POST","/disease-resilience-farming/build","False"
"C:\Users\DIYA GOEL\Downloads\EBDESIGN\frontend\src\services\api.js","API_OR_SERVICE","api","POST","/disposal/${entity}/${id}","True"
"C:\Users\DIYA GOEL\Downloads\EBDESIGN\frontend\src\services\api.js","API_OR_SERVICE","api","POST","/disseminators/${id}","True"
"C:\Users\DIYA GOEL\Downloads\EBDESIGN\frontend\src\services\api.js","API_OR_SERVICE","api","POST","/distribution-resilience-farming/build","False"
"C:\Users\DIYA GOEL\Downloads\EBDESIGN\frontend\src\services\api.js","API_OR_SERVICE","api","POST","/district","False"
"C:\Users\DIYA GOEL\Downloads\EBDESIGN\frontend\src\services\api.js","API_OR_SERVICE","api","POST","/documentation-resilience-farming/build","False"
"C:\Users\DIYA GOEL\Downloads\EBDESIGN\frontend\src\services\api.js","API_OR_SERVICE","api","POST","/documents/upload","False"
"C:\Users\DIYA GOEL\Downloads\EBDESIGN\frontend\src\services\api.js","API_OR_SERVICE","api","POST","/dpr-generation/generate","False"
"C:\Users\DIYA GOEL\Downloads\EBDESIGN\frontend\src\services\api.js","API_OR_SERVICE","api","POST","/drone-farming/implement","False"
"C:\Users\DIYA GOEL\Downloads\EBDESIGN\frontend\src\services\api.js","API_OR_SERVICE","api","POST","/drought-monitoring/analyze","False"
"C:\Users\DIYA GOEL\Downloads\EBDESIGN\frontend\src\services\api.js","API_OR_SERVICE","api","POST","/drought-monitoring/records/record","False"
"C:\Users\DIYA GOEL\Downloads\EBDESIGN\frontend\src\services\api.js","API_OR_SERVICE","api","POST","/drought-resilience-farming/build","False"
"C:\Users\DIYA GOEL\Downloads\EBDESIGN\frontend\src\services\api.js","API_OR_SERVICE","api","POST","/dynamodb-data/query","False"
"C:\Users\DIYA GOEL\Downloads\EBDESIGN\frontend\src\services\api.js","API_OR_SERVICE","api","POST","/ecommerce/ai/recommendations","False"
"C:\Users\DIYA GOEL\Downloads\EBDESIGN\frontend\src\services\api.js","API_OR_SERVICE","api","POST","/ecommerce/business-sales/analyze","False"
"C:\Users\DIYA GOEL\Downloads\EBDESIGN\frontend\src\services\api.js","API_OR_SERVICE","api","POST","/ecommerce/manage","False"
"C:\Users\DIYA GOEL\Downloads\EBDESIGN\frontend\src\services\api.js","API_OR_SERVICE","api","POST","/ecommerce-business-sales/bulk-order","False"
"C:\Users\DIYA GOEL\Downloads\EBDESIGN\frontend\src\services\api.js","API_OR_SERVICE","api","POST","/ecommerce-business-sales/contract-farming","False"
"C:\Users\DIYA GOEL\Downloads\EBDESIGN\frontend\src\services\api.js","API_OR_SERVICE","api","POST","/ecommerce-business-sales/quotation/${quotationId}/accept","True"
"C:\Users\DIYA GOEL\Downloads\EBDESIGN\frontend\src\services\api.js","API_OR_SERVICE","api","POST","/ecommerce-erp/general-ledger","False"
"C:\Users\DIYA GOEL\Downloads\EBDESIGN\frontend\src\services\api.js","API_OR_SERVICE","api","POST","/ecommerce-erp/production-order","False"
"C:\Users\DIYA GOEL\Downloads\EBDESIGN\frontend\src\services\api.js","API_OR_SERVICE","api","POST","/ecommerce-erp/sync-customer-crm/${userId}","True"
"C:\Users\DIYA GOEL\Downloads\EBDESIGN\frontend\src\services\api.js","API_OR_SERVICE","api","POST","/ecommerce-integration/cart-nutrition","False"
"C:\Users\DIYA GOEL\Downloads\EBDESIGN\frontend\src\services\api.js","API_OR_SERVICE","api","POST","/ecommerce-integration/integrate","False"
"C:\Users\DIYA GOEL\Downloads\EBDESIGN\frontend\src\services\api.js","API_OR_SERVICE","api","POST","/ecommerce-marketing/campaign","False"
"C:\Users\DIYA GOEL\Downloads\EBDESIGN\frontend\src\services\api.js","API_OR_SERVICE","api","POST","/ecommerce-marketplace/listing","False"
"C:\Users\DIYA GOEL\Downloads\EBDESIGN\frontend\src\services\api.js","API_OR_SERVICE","api","POST","/economic/analyze","False"
"C:\Users\DIYA GOEL\Downloads\EBDESIGN\frontend\src\services\api.js","API_OR_SERVICE","api","POST","/economic-development/plan","False"
"C:\Users\DIYA GOEL\Downloads\EBDESIGN\frontend\src\services\api.js","API_OR_SERVICE","api","POST","/economy-resilience-farming/build","False"
"C:\Users\DIYA GOEL\Downloads\EBDESIGN\frontend\src\services\api.js","API_OR_SERVICE","api","POST","/ecosystem-services-farming/assess","False"
"C:\Users\DIYA GOEL\Downloads\EBDESIGN\frontend\src\services\api.js","API_OR_SERVICE","api","POST","/education-resilience-farming/build","False"
"C:\Users\DIYA GOEL\Downloads\EBDESIGN\frontend\src\services\api.js","API_OR_SERVICE","api","POST","/elasticsearch-data/search","False"
"C:\Users\DIYA GOEL\Downloads\EBDESIGN\frontend\src\services\api.js","API_OR_SERVICE","api","POST","/elderly-engagements/engage","False"
"C:\Users\DIYA GOEL\Downloads\EBDESIGN\frontend\src\services\api.js","API_OR_SERVICE","api","POST","/energy/calculator","False"
"C:\Users\DIYA GOEL\Downloads\EBDESIGN\frontend\src\services\api.js","API_OR_SERVICE","api","POST","/energy/manage","False"
"C:\Users\DIYA GOEL\Downloads\EBDESIGN\frontend\src\services\api.js","API_OR_SERVICE","api","POST","/energy-conservation-farming/implement","False"
"C:\Users\DIYA GOEL\Downloads\EBDESIGN\frontend\src\services\api.js","API_OR_SERVICE","api","POST","/energy-optimization/optimize","False"
"C:\Users\DIYA GOEL\Downloads\EBDESIGN\frontend\src\services\api.js","API_OR_SERVICE","api","POST","/engineering-project/project","False"
"C:\Users\DIYA GOEL\Downloads\EBDESIGN\frontend\src\services\api.js","API_OR_SERVICE","api","POST","/engineering-project/project/${id}/cost-estimate","True"
"C:\Users\DIYA GOEL\Downloads\EBDESIGN\frontend\src\services\api.js","API_OR_SERVICE","api","POST","/enterprise-ai/run","False"
"C:\Users\DIYA GOEL\Downloads\EBDESIGN\frontend\src\services\api.js","API_OR_SERVICE","api","POST","/enterprise-control/control","False"
"C:\Users\DIYA GOEL\Downloads\EBDESIGN\frontend\src\services\api.js","API_OR_SERVICE","api","POST","/enterprise-control/crm/leads","False"
"C:\Users\DIYA GOEL\Downloads\EBDESIGN\frontend\src\services\api.js","API_OR_SERVICE","api","POST","/enterprise-control/crm/leads/${leadCode}/convert","True"
"C:\Users\DIYA GOEL\Downloads\EBDESIGN\frontend\src\services\api.js","API_OR_SERVICE","api","POST","/enterprise-control/emergency/incidents","False"
"C:\Users\DIYA GOEL\Downloads\EBDESIGN\frontend\src\services\api.js","API_OR_SERVICE","api","POST","/enterprise-control/emergency/incidents/${incidentCode}/acknowledge","True"
"C:\Users\DIYA GOEL\Downloads\EBDESIGN\frontend\src\services\api.js","API_OR_SERVICE","api","POST","/enterprise-control/risk/${riskCode}/assess","True"
"C:\Users\DIYA GOEL\Downloads\EBDESIGN\frontend\src\services\api.js","API_OR_SERVICE","api","POST","/enterprise-control/workflow/${instanceCode}/act","True"
"C:\Users\DIYA GOEL\Downloads\EBDESIGN\frontend\src\services\api.js","API_OR_SERVICE","api","POST","/enterprise-control/workflow/start","False"
"C:\Users\DIYA GOEL\Downloads\EBDESIGN\frontend\src\services\api.js","API_OR_SERVICE","api","POST","/enterprise-integration/integrate","False"
"C:\Users\DIYA GOEL\Downloads\EBDESIGN\frontend\src\services\api.js","API_OR_SERVICE","api","POST","/enterprise-memory/cases","False"
"C:\Users\DIYA GOEL\Downloads\EBDESIGN\frontend\src\services\api.js","API_OR_SERVICE","api","POST","/enterprise-route-support/support","False"
"C:\Users\DIYA GOEL\Downloads\EBDESIGN\frontend\src\services\api.js","API_OR_SERVICE","api","POST","/environmental-impact-farming/assess","False"
"C:\Users\DIYA GOEL\Downloads\EBDESIGN\frontend\src\services\api.js","API_OR_SERVICE","api","POST","/environment-resilience-farming/build","False"
"C:\Users\DIYA GOEL\Downloads\EBDESIGN\frontend\src\services\api.js","API_OR_SERVICE","api","POST","/equipment-exchange/exchange","False"
"C:\Users\DIYA GOEL\Downloads\EBDESIGN\frontend\src\services\api.js","API_OR_SERVICE","api","POST","/equipment-exchange/listing","False"
"C:\Users\DIYA GOEL\Downloads\EBDESIGN\frontend\src\services\api.js","API_OR_SERVICE","api","POST","/equipment-exchange/listing/${listingId}/complete","True"
"C:\Users\DIYA GOEL\Downloads\EBDESIGN\frontend\src\services\api.js","API_OR_SERVICE","api","POST","/equipment-exchange/listing/${listingId}/reserve","True"
"C:\Users\DIYA GOEL\Downloads\EBDESIGN\frontend\src\services\api.js","API_OR_SERVICE","api","POST","/equipment-exchange/listing/${listingId}/withdraw","True"
"C:\Users\DIYA GOEL\Downloads\EBDESIGN\frontend\src\services\api.js","API_OR_SERVICE","api","POST","/equipment-inventory/equipment","False"
"C:\Users\DIYA GOEL\Downloads\EBDESIGN\frontend\src\services\api.js","API_OR_SERVICE","api","POST","/equipment-rental/rental","False"
"C:\Users\DIYA GOEL\Downloads\EBDESIGN\frontend\src\services\api.js","API_OR_SERVICE","api","POST","/equipment-scheduling/schedule","False"
"C:\Users\DIYA GOEL\Downloads\EBDESIGN\frontend\src\services\api.js","API_OR_SERVICE","api","POST","/erp/manage","False"
"C:\Users\DIYA GOEL\Downloads\EBDESIGN\frontend\src\services\api.js","API_OR_SERVICE","api","POST","/erp/sync/conflicts/${id}/resolve","True"
"C:\Users\DIYA GOEL\Downloads\EBDESIGN\frontend\src\services\api.js","API_OR_SERVICE","api","POST","/erp/sync/trigger","False"
"C:\Users\DIYA GOEL\Downloads\EBDESIGN\frontend\src\services\api.js","API_OR_SERVICE","api","POST","/escalations/${id}","True"
"C:\Users\DIYA GOEL\Downloads\EBDESIGN\frontend\src\services\api.js","API_OR_SERVICE","api","POST","/escrow","False"
"C:\Users\DIYA GOEL\Downloads\EBDESIGN\frontend\src\services\api.js","API_OR_SERVICE","api","POST","/escrow/${escrowId}/refund","True"
"C:\Users\DIYA GOEL\Downloads\EBDESIGN\frontend\src\services\api.js","API_OR_SERVICE","api","POST","/escrow/${escrowId}/release","True"
"C:\Users\DIYA GOEL\Downloads\EBDESIGN\frontend\src\services\api.js","API_OR_SERVICE","api","POST","/ethics-resilience-farming/build","False"
"C:\Users\DIYA GOEL\Downloads\EBDESIGN\frontend\src\services\api.js","API_OR_SERVICE","api","POST","/ethnic-warfare/wage","False"
"C:\Users\DIYA GOEL\Downloads\EBDESIGN\frontend\src\services\api.js","API_OR_SERVICE","api","POST","/event-manager/create","False"
"C:\Users\DIYA GOEL\Downloads\EBDESIGN\frontend\src\services\api.js","API_OR_SERVICE","api","POST","/events","False"
"C:\Users\DIYA GOEL\Downloads\EBDESIGN\frontend\src\services\api.js","API_OR_SERVICE","api","POST","/evolution-strategies/${id}/evolve","True"
"C:\Users\DIYA GOEL\Downloads\EBDESIGN\frontend\src\services\api.js","API_OR_SERVICE","api","POST","/exchanges/request","False"
"C:\Users\DIYA GOEL\Downloads\EBDESIGN\frontend\src\services\api.js","API_OR_SERVICE","api","POST","/expenses","False"
"C:\Users\DIYA GOEL\Downloads\EBDESIGN\frontend\src\services\api.js","API_OR_SERVICE","api","POST","/experience/add","False"
"C:\Users\DIYA GOEL\Downloads\EBDESIGN\frontend\src\services\api.js","API_OR_SERVICE","api","POST","/experience-layer/contrast","False"
"C:\Users\DIYA GOEL\Downloads\EBDESIGN\frontend\src\services\api.js","API_OR_SERVICE","api","POST","/experience-layer/motion","False"
"C:\Users\DIYA GOEL\Downloads\EBDESIGN\frontend\src\services\api.js","API_OR_SERVICE","api","POST","/experience-sharing/share","False"
"C:\Users\DIYA GOEL\Downloads\EBDESIGN\frontend\src\services\api.js","API_OR_SERVICE","api","POST","/expertise-sharing/share","False"
"C:\Users\DIYA GOEL\Downloads\EBDESIGN\frontend\src\services\api.js","API_OR_SERVICE","api","POST","/export","False"
"C:\Users\DIYA GOEL\Downloads\EBDESIGN\frontend\src\services\api.js","API_OR_SERVICE","api","POST","/extensions/${id}/enable","True"
"C:\Users\DIYA GOEL\Downloads\EBDESIGN\frontend\src\services\api.js","API_OR_SERVICE","api","POST","/failure-analyses/analyze","False"
"C:\Users\DIYA GOEL\Downloads\EBDESIGN\frontend\src\services\api.js","API_OR_SERVICE","api","POST","/family-resilience-farming/build","False"
"C:\Users\DIYA GOEL\Downloads\EBDESIGN\frontend\src\services\api.js","API_OR_SERVICE","api","POST","/family-warfare/wage","False"
"C:\Users\DIYA GOEL\Downloads\EBDESIGN\frontend\src\services\api.js","API_OR_SERVICE","api","POST","/farm-activity/activity","False"
"C:\Users\DIYA GOEL\Downloads\EBDESIGN\frontend\src\services\api.js","API_OR_SERVICE","api","POST","/farm-analytics/analyze","False"
"C:\Users\DIYA GOEL\Downloads\EBDESIGN\frontend\src\services\api.js","API_OR_SERVICE","api","POST","/farm-costing/calculate","False"
"C:\Users\DIYA GOEL\Downloads\EBDESIGN\frontend\src\services\api.js","API_OR_SERVICE","api","POST","/farm-costing/optimize","False"
"C:\Users\DIYA GOEL\Downloads\EBDESIGN\frontend\src\services\api.js","API_OR_SERVICE","api","POST","/farm-costing/records","False"
"C:\Users\DIYA GOEL\Downloads\EBDESIGN\frontend\src\services\api.js","API_OR_SERVICE","api","POST","/farmer-family/add","False"
"C:\Users\DIYA GOEL\Downloads\EBDESIGN\frontend\src\services\api.js","API_OR_SERVICE","api","POST","/farmer-health/record","False"
"C:\Users\DIYA GOEL\Downloads\EBDESIGN\frontend\src\services\api.js","API_OR_SERVICE","api","POST","/farmer-health-records","False"
"C:\Users\DIYA GOEL\Downloads\EBDESIGN\frontend\src\services\api.js","API_OR_SERVICE","api","POST","/farmer-kyc/application","False"
"C:\Users\DIYA GOEL\Downloads\EBDESIGN\frontend\src\services\api.js","API_OR_SERVICE","api","POST","/farmer-kyc/application/${id}/reject","True"
"C:\Users\DIYA GOEL\Downloads\EBDESIGN\frontend\src\services\api.js","API_OR_SERVICE","api","POST","/farmer-kyc/application/${id}/verify","True"
"C:\Users\DIYA GOEL\Downloads\EBDESIGN\frontend\src\services\api.js","API_OR_SERVICE","api","POST","/farmers/fdi/calculate","False"
"C:\Users\DIYA GOEL\Downloads\EBDESIGN\frontend\src\services\api.js","API_OR_SERVICE","api","POST","/farmers/listings","False"
"C:\Users\DIYA GOEL\Downloads\EBDESIGN\frontend\src\services\api.js","API_OR_SERVICE","api","POST","/farmers/pricing/models","False"
"C:\Users\DIYA GOEL\Downloads\EBDESIGN\frontend\src\services\api.js","API_OR_SERVICE","api","POST","/farmer-skills","False"
"C:\Users\DIYA GOEL\Downloads\EBDESIGN\frontend\src\services\api.js","API_OR_SERVICE","api","POST","/farmer-value/calculate","False"
"C:\Users\DIYA GOEL\Downloads\EBDESIGN\frontend\src\services\api.js","API_OR_SERVICE","api","POST","/farmer-verification/request","False"
"C:\Users\DIYA GOEL\Downloads\EBDESIGN\frontend\src\services\api.js","API_OR_SERVICE","api","POST","/farmer-verification/request/${id}/reject","True"
"C:\Users\DIYA GOEL\Downloads\EBDESIGN\frontend\src\services\api.js","API_OR_SERVICE","api","POST","/farmer-verification/request/${id}/verify","True"
"C:\Users\DIYA GOEL\Downloads\EBDESIGN\frontend\src\services\api.js","API_OR_SERVICE","api","POST","/farmer-verifications/verify","False"
"C:\Users\DIYA GOEL\Downloads\EBDESIGN\frontend\src\services\api.js","API_OR_SERVICE","api","POST","/farmer-welfare/enroll","False"
"C:\Users\DIYA GOEL\Downloads\EBDESIGN\frontend\src\services\api.js","API_OR_SERVICE","api","POST","/farmer-welfare/manage","False"
"C:\Users\DIYA GOEL\Downloads\EBDESIGN\frontend\src\services\api.js","API_OR_SERVICE","api","POST","/farm-operations-dashboard/kpi","False"
"C:\Users\DIYA GOEL\Downloads\EBDESIGN\frontend\src\services\api.js","API_OR_SERVICE","api","POST","/farm-productivity/metric","False"
"C:\Users\DIYA GOEL\Downloads\EBDESIGN\frontend\src\services\api.js","API_OR_SERVICE","api","POST","/farm-profitability/analyze","False"
"C:\Users\DIYA GOEL\Downloads\EBDESIGN\frontend\src\services\api.js","API_OR_SERVICE","api","POST","/farm-task/task","False"
"C:\Users\DIYA GOEL\Downloads\EBDESIGN\frontend\src\services\api.js","API_OR_SERVICE","api","POST","/features/${id}/enable","True"
"C:\Users\DIYA GOEL\Downloads\EBDESIGN\frontend\src\services\api.js","API_OR_SERVICE","api","POST","/feature-toggle/${id}/toggle","True"
"C:\Users\DIYA GOEL\Downloads\EBDESIGN\frontend\src\services\api.js","API_OR_SERVICE","api","POST","/feedback","False"
"C:\Users\DIYA GOEL\Downloads\EBDESIGN\frontend\src\services\api.js","API_OR_SERVICE","api","POST","/feedback-surveys/submit","False"
"C:\Users\DIYA GOEL\Downloads\EBDESIGN\frontend\src\services\api.js","API_OR_SERVICE","api","POST","/feed-management/record","False"
"C:\Users\DIYA GOEL\Downloads\EBDESIGN\frontend\src\services\api.js","API_OR_SERVICE","api","POST","/fertility-management/record","False"
"C:\Users\DIYA GOEL\Downloads\EBDESIGN\frontend\src\services\api.js","API_OR_SERVICE","api","POST","/fertilizer-inventory/item","False"
"C:\Users\DIYA GOEL\Downloads\EBDESIGN\frontend\src\services\api.js","API_OR_SERVICE","api","POST","/fertilizer-inventory/item/${id}/issue","True"
"C:\Users\DIYA GOEL\Downloads\EBDESIGN\frontend\src\services\api.js","API_OR_SERVICE","api","POST","/fertilizer-management/manage","False"
"C:\Users\DIYA GOEL\Downloads\EBDESIGN\frontend\src\services\api.js","API_OR_SERVICE","api","POST","/fertilizer-optimization/optimize","False"
"C:\Users\DIYA GOEL\Downloads\EBDESIGN\frontend\src\services\api.js","API_OR_SERVICE","api","POST","/fertilizers/manage","False"
"C:\Users\DIYA GOEL\Downloads\EBDESIGN\frontend\src\services\api.js","API_OR_SERVICE","api","POST","/files/upload","False"
"C:\Users\DIYA GOEL\Downloads\EBDESIGN\frontend\src\services\api.js","API_OR_SERVICE","api","POST","/filters/${entity}","True"
"C:\Users\DIYA GOEL\Downloads\EBDESIGN\frontend\src\services\api.js","API_OR_SERVICE","api","POST","/finance/ai/forecast","False"
"C:\Users\DIYA GOEL\Downloads\EBDESIGN\frontend\src\services\api.js","API_OR_SERVICE","api","POST","/finance-leasing/manage","False"
"C:\Users\DIYA GOEL\Downloads\EBDESIGN\frontend\src\services\api.js","API_OR_SERVICE","api","POST","/financial/analyze","False"
"C:\Users\DIYA GOEL\Downloads\EBDESIGN\frontend\src\services\api.js","API_OR_SERVICE","api","POST","/financial-resilience-farming/build","False"
"C:\Users\DIYA GOEL\Downloads\EBDESIGN\frontend\src\services\api.js","API_OR_SERVICE","api","POST","/finman/manage","False"
"C:\Users\DIYA GOEL\Downloads\EBDESIGN\frontend\src\services\api.js","API_OR_SERVICE","api","POST","/firestore-data/query","False"
"C:\Users\DIYA GOEL\Downloads\EBDESIGN\frontend\src\services\api.js","API_OR_SERVICE","api","POST","/fisheries-compliance/check","False"
"C:\Users\DIYA GOEL\Downloads\EBDESIGN\frontend\src\services\api.js","API_OR_SERVICE","api","POST","/fisheries-harvest/harvest","False"
"C:\Users\DIYA GOEL\Downloads\EBDESIGN\frontend\src\services\api.js","API_OR_SERVICE","api","POST","/fisheries-harvest/manage","False"
"C:\Users\DIYA GOEL\Downloads\EBDESIGN\frontend\src\services\api.js","API_OR_SERVICE","api","POST","/fisheries-health/monitor","False"
"C:\Users\DIYA GOEL\Downloads\EBDESIGN\frontend\src\services\api.js","API_OR_SERVICE","api","POST","/fisheries-pcr-management/manage","False"
"C:\Users\DIYA GOEL\Downloads\EBDESIGN\frontend\src\services\api.js","API_OR_SERVICE","api","POST","/fisheries-water-quality/monitor","False"
"C:\Users\DIYA GOEL\Downloads\EBDESIGN\frontend\src\services\api.js","API_OR_SERVICE","api","POST","/fisheries-water-quality/reading","False"
"C:\Users\DIYA GOEL\Downloads\EBDESIGN\frontend\src\services\api.js","API_OR_SERVICE","api","POST","/fish-feed/log","False"
"C:\Users\DIYA GOEL\Downloads\EBDESIGN\frontend\src\services\api.js","API_OR_SERVICE","api","POST","/fish-feed/manage","False"
"C:\Users\DIYA GOEL\Downloads\EBDESIGN\frontend\src\services\api.js","API_OR_SERVICE","api","POST","/fish-health/record","False"
"C:\Users\DIYA GOEL\Downloads\EBDESIGN\frontend\src\services\api.js","API_OR_SERVICE","api","POST","/fish-processing/batch","False"
"C:\Users\DIYA GOEL\Downloads\EBDESIGN\frontend\src\services\api.js","API_OR_SERVICE","api","POST","/flags","False"
"C:\Users\DIYA GOEL\Downloads\EBDESIGN\frontend\src\services\api.js","API_OR_SERVICE","api","POST","/fleet-management/vehicle","False"
"C:\Users\DIYA GOEL\Downloads\EBDESIGN\frontend\src\services\api.js","API_OR_SERVICE","api","POST","/fleets/manage","False"
"C:\Users\DIYA GOEL\Downloads\EBDESIGN\frontend\src\services\api.js","API_OR_SERVICE","api","POST","/flights/book","False"
"C:\Users\DIYA GOEL\Downloads\EBDESIGN\frontend\src\services\api.js","API_OR_SERVICE","api","POST","/flood-monitoring/analyze","False"
"C:\Users\DIYA GOEL\Downloads\EBDESIGN\frontend\src\services\api.js","API_OR_SERVICE","api","POST","/flood-monitoring/records/record","False"
"C:\Users\DIYA GOEL\Downloads\EBDESIGN\frontend\src\services\api.js","API_OR_SERVICE","api","POST","/flood-resilience-farming/build","False"
"C:\Users\DIYA GOEL\Downloads\EBDESIGN\frontend\src\services\api.js","API_OR_SERVICE","api","POST","/floriculture/record","False"
"C:\Users\DIYA GOEL\Downloads\EBDESIGN\frontend\src\services\api.js","API_OR_SERVICE","api","POST","/food-grains/manage","False"
"C:\Users\DIYA GOEL\Downloads\EBDESIGN\frontend\src\services\api.js","API_OR_SERVICE","api","POST","/food-intelligence/analyze","False"
"C:\Users\DIYA GOEL\Downloads\EBDESIGN\frontend\src\services\api.js","API_OR_SERVICE","api","POST","/food-processing/process","False"
"C:\Users\DIYA GOEL\Downloads\EBDESIGN\frontend\src\services\api.js","API_OR_SERVICE","api","POST","/forage/manage","False"
"C:\Users\DIYA GOEL\Downloads\EBDESIGN\frontend\src\services\api.js","API_OR_SERVICE","api","POST","/forecast/generate","False"
"C:\Users\DIYA GOEL\Downloads\EBDESIGN\frontend\src\services\api.js","API_OR_SERVICE","api","POST","/forms/${form}","True"
"C:\Users\DIYA GOEL\Downloads\EBDESIGN\frontend\src\services\api.js","API_OR_SERVICE","api","POST","/forms/form","False"
"C:\Users\DIYA GOEL\Downloads\EBDESIGN\frontend\src\services\api.js","API_OR_SERVICE","api","POST","/forms/submit-form","False"
"C:\Users\DIYA GOEL\Downloads\EBDESIGN\frontend\src\services\api.js","API_OR_SERVICE","api","POST","/formulations","False"
"C:\Users\DIYA GOEL\Downloads\EBDESIGN\frontend\src\services\api.js","API_OR_SERVICE","api","POST","/franchises","False"
"C:\Users\DIYA GOEL\Downloads\EBDESIGN\frontend\src\services\api.js","API_OR_SERVICE","api","POST","/freight-pooling/pool-window","False"
"C:\Users\DIYA GOEL\Downloads\EBDESIGN\frontend\src\services\api.js","API_OR_SERVICE","api","POST","/fresh-produce/manage","False"
"C:\Users\DIYA GOEL\Downloads\EBDESIGN\frontend\src\services\api.js","API_OR_SERVICE","api","POST","/fruit-crops/manage","False"
"C:\Users\DIYA GOEL\Downloads\EBDESIGN\frontend\src\services\api.js","API_OR_SERVICE","api","POST","/fuel-management/log","False"
"C:\Users\DIYA GOEL\Downloads\EBDESIGN\frontend\src\services\api.js","API_OR_SERVICE","api","POST","/funding/apply","False"
"C:\Users\DIYA GOEL\Downloads\EBDESIGN\frontend\src\services\api.js","API_OR_SERVICE","api","POST","/funds","False"
"C:\Users\DIYA GOEL\Downloads\EBDESIGN\frontend\src\services\api.js","API_OR_SERVICE","api","POST","/future-markets/trade","False"
"C:\Users\DIYA GOEL\Downloads\EBDESIGN\frontend\src\services\api.js","API_OR_SERVICE","api","POST","/game-meat/manage","False"
"C:\Users\DIYA GOEL\Downloads\EBDESIGN\frontend\src\services\api.js","API_OR_SERVICE","api","POST","/gdpr/request","False"
"C:\Users\DIYA GOEL\Downloads\EBDESIGN\frontend\src\services\api.js","API_OR_SERVICE","api","POST","/genetics/analyze","False"
"C:\Users\DIYA GOEL\Downloads\EBDESIGN\frontend\src\services\api.js","API_OR_SERVICE","api","POST","/geo-boundary/boundary","False"
"C:\Users\DIYA GOEL\Downloads\EBDESIGN\frontend\src\services\api.js","API_OR_SERVICE","api","POST","/geo-spatial/analyze","False"
"C:\Users\DIYA GOEL\Downloads\EBDESIGN\frontend\src\services\api.js","API_OR_SERVICE","api","POST","/geo-tagging","False"
"C:\Users\DIYA GOEL\Downloads\EBDESIGN\frontend\src\services\api.js","API_OR_SERVICE","api","POST","/gis-land-mapping/mapping","False"
"C:\Users\DIYA GOEL\Downloads\EBDESIGN\frontend\src\services\api.js","API_OR_SERVICE","api","POST","/goat/animal","False"
"C:\Users\DIYA GOEL\Downloads\EBDESIGN\frontend\src\services\api.js","API_OR_SERVICE","api","POST","/goat-farming/animal","False"
"C:\Users\DIYA GOEL\Downloads\EBDESIGN\frontend\src\services\api.js","API_OR_SERVICE","api","POST","/governance-resilience-farming/build","False"
"C:\Users\DIYA GOEL\Downloads\EBDESIGN\frontend\src\services\api.js","API_OR_SERVICE","api","POST","/government-schemes/${id}/apply","True"
"C:\Users\DIYA GOEL\Downloads\EBDESIGN\frontend\src\services\api.js","API_OR_SERVICE","api","POST","/grains/manage","False"
"C:\Users\DIYA GOEL\Downloads\EBDESIGN\frontend\src\services\api.js","API_OR_SERVICE","api","POST","/grazing/manage","False"
"C:\Users\DIYA GOEL\Downloads\EBDESIGN\frontend\src\services\api.js","API_OR_SERVICE","api","POST","/greenhouses/manage","False"
"C:\Users\DIYA GOEL\Downloads\EBDESIGN\frontend\src\services\api.js","API_OR_SERVICE","api","POST","/growing/manage","False"
"C:\Users\DIYA GOEL\Downloads\EBDESIGN\frontend\src\services\api.js","API_OR_SERVICE","api","POST","/guardians/assign","False"
"C:\Users\DIYA GOEL\Downloads\EBDESIGN\frontend\src\services\api.js","API_OR_SERVICE","api","POST","/habitats/manage","False"
"C:\Users\DIYA GOEL\Downloads\EBDESIGN\frontend\src\services\api.js","API_OR_SERVICE","api","POST","/hacktivism/action","False"
"C:\Users\DIYA GOEL\Downloads\EBDESIGN\frontend\src\services\api.js","API_OR_SERVICE","api","POST","/harvesting/schedule","False"
"C:\Users\DIYA GOEL\Downloads\EBDESIGN\frontend\src\services\api.js","API_OR_SERVICE","api","POST","/harvest-management/manage","False"
"C:\Users\DIYA GOEL\Downloads\EBDESIGN\frontend\src\services\api.js","API_OR_SERVICE","api","POST","/harvest-prediction/predict","False"
"C:\Users\DIYA GOEL\Downloads\EBDESIGN\frontend\src\services\api.js","API_OR_SERVICE","api","POST","/hatchery-management/batch","False"
"C:\Users\DIYA GOEL\Downloads\EBDESIGN\frontend\src\services\api.js","API_OR_SERVICE","api","POST","/hatchery-management/manage","False"
"C:\Users\DIYA GOEL\Downloads\EBDESIGN\frontend\src\services\api.js","API_OR_SERVICE","api","POST","/health/check","False"
"C:\Users\DIYA GOEL\Downloads\EBDESIGN\frontend\src\services\api.js","API_OR_SERVICE","api","POST","/herds/manage","False"
"C:\Users\DIYA GOEL\Downloads\EBDESIGN\frontend\src\services\api.js","API_OR_SERVICE","api","POST","/home-automation/automate","False"
"C:\Users\DIYA GOEL\Downloads\EBDESIGN\frontend\src\services\api.js","API_OR_SERVICE","api","POST","/horticulture/manage","False"
"C:\Users\DIYA GOEL\Downloads\EBDESIGN\frontend\src\services\api.js","API_OR_SERVICE","api","POST","/horticulture-analytics/metric","False"
"C:\Users\DIYA GOEL\Downloads\EBDESIGN\frontend\src\services\api.js","API_OR_SERVICE","api","POST","/housing/manage","False"
"C:\Users\DIYA GOEL\Downloads\EBDESIGN\frontend\src\services\api.js","API_OR_SERVICE","api","POST","/human-development/plan","False"
"C:\Users\DIYA GOEL\Downloads\EBDESIGN\frontend\src\services\api.js","API_OR_SERVICE","api","POST","/hybrid-farming/implement","False"
"C:\Users\DIYA GOEL\Downloads\EBDESIGN\frontend\src\services\api.js","API_OR_SERVICE","api","POST","/hydroponics/manage","False"
"C:\Users\DIYA GOEL\Downloads\EBDESIGN\frontend\src\services\api.js","API_OR_SERVICE","api","POST","/hydroponics/system","False"
"C:\Users\DIYA GOEL\Downloads\EBDESIGN\frontend\src\services\api.js","API_OR_SERVICE","api","POST","/hygiene/manage","False"
"C:\Users\DIYA GOEL\Downloads\EBDESIGN\frontend\src\services\api.js","API_OR_SERVICE","api","POST","/identities","False"
"C:\Users\DIYA GOEL\Downloads\EBDESIGN\frontend\src\services\api.js","API_OR_SERVICE","api","POST","/identity-management/manage","False"
"C:\Users\DIYA GOEL\Downloads\EBDESIGN\frontend\src\services\api.js","API_OR_SERVICE","api","POST","/ideological-warfare/wage","False"
"C:\Users\DIYA GOEL\Downloads\EBDESIGN\frontend\src\services\api.js","API_OR_SERVICE","api","POST","/image-recognition-farming/implement","False"
"C:\Users\DIYA GOEL\Downloads\EBDESIGN\frontend\src\services\api.js","API_OR_SERVICE","api","POST","/images/upload","False"
"C:\Users\DIYA GOEL\Downloads\EBDESIGN\frontend\src\services\api.js","API_OR_SERVICE","api","POST","/impact-assessments/assess","False"
"C:\Users\DIYA GOEL\Downloads\EBDESIGN\frontend\src\services\api.js","API_OR_SERVICE","api","POST","/impacts/measure","False"
"C:\Users\DIYA GOEL\Downloads\EBDESIGN\frontend\src\services\api.js","API_OR_SERVICE","api","POST","/implement-management/implement","False"
"C:\Users\DIYA GOEL\Downloads\EBDESIGN\frontend\src\services\api.js","API_OR_SERVICE","api","POST","/import","False"
"C:\Users\DIYA GOEL\Downloads\EBDESIGN\frontend\src\services\api.js","API_OR_SERVICE","api","POST","/import-export/manage","False"
"C:\Users\DIYA GOEL\Downloads\EBDESIGN\frontend\src\services\api.js","API_OR_SERVICE","api","POST","/incident-response/respond","False"
"C:\Users\DIYA GOEL\Downloads\EBDESIGN\frontend\src\services\api.js","API_OR_SERVICE","api","POST","/incidents","False"
"C:\Users\DIYA GOEL\Downloads\EBDESIGN\frontend\src\services\api.js","API_OR_SERVICE","api","POST","/income/track","False"
"C:\Users\DIYA GOEL\Downloads\EBDESIGN\frontend\src\services\api.js","API_OR_SERVICE","api","POST","/indigenous/manage","False"
"C:\Users\DIYA GOEL\Downloads\EBDESIGN\frontend\src\services\api.js","API_OR_SERVICE","api","POST","/indigenous-engagements/engage","False"
"C:\Users\DIYA GOEL\Downloads\EBDESIGN\frontend\src\services\api.js","API_OR_SERVICE","api","POST","/individual-resilience-farming/build","False"
"C:\Users\DIYA GOEL\Downloads\EBDESIGN\frontend\src\services\api.js","API_OR_SERVICE","api","POST","/individuals/manage","False"
"C:\Users\DIYA GOEL\Downloads\EBDESIGN\frontend\src\services\api.js","API_OR_SERVICE","api","POST","/individual-warfare/wage","False"
"C:\Users\DIYA GOEL\Downloads\EBDESIGN\frontend\src\services\api.js","API_OR_SERVICE","api","POST","/industry/analyze","False"
"C:\Users\DIYA GOEL\Downloads\EBDESIGN\frontend\src\services\api.js","API_OR_SERVICE","api","POST","/industry-resilience-farming/build","False"
"C:\Users\DIYA GOEL\Downloads\EBDESIGN\frontend\src\services\api.js","API_OR_SERVICE","api","POST","/information-sharing/airecommendations","False"
"C:\Users\DIYA GOEL\Downloads\EBDESIGN\frontend\src\services\api.js","API_OR_SERVICE","api","POST","/information-sharing/collaboration-session","False"
"C:\Users\DIYA GOEL\Downloads\EBDESIGN\frontend\src\services\api.js","API_OR_SERVICE","api","POST","/information-sharing/document","False"
"C:\Users\DIYA GOEL\Downloads\EBDESIGN\frontend\src\services\api.js","API_OR_SERVICE","api","POST","/information-sharing/documents","False"
"C:\Users\DIYA GOEL\Downloads\EBDESIGN\frontend\src\services\api.js","API_OR_SERVICE","api","POST","/information-sharing/folder","False"
"C:\Users\DIYA GOEL\Downloads\EBDESIGN\frontend\src\services\api.js","API_OR_SERVICE","api","POST","/information-sharing/sharing-link","False"
"C:\Users\DIYA GOEL\Downloads\EBDESIGN\frontend\src\services\api.js","API_OR_SERVICE","api","POST","/information-warfare/wage","False"
"C:\Users\DIYA GOEL\Downloads\EBDESIGN\frontend\src\services\api.js","API_OR_SERVICE","api","POST","/infrastructure/manage","False"
"C:\Users\DIYA GOEL\Downloads\EBDESIGN\frontend\src\services\api.js","API_OR_SERVICE","api","POST","/infrastructure-development/plan","False"
"C:\Users\DIYA GOEL\Downloads\EBDESIGN\frontend\src\services\api.js","API_OR_SERVICE","api","POST","/infrastructure-resilience-farming/build","False"
"C:\Users\DIYA GOEL\Downloads\EBDESIGN\frontend\src\services\api.js","API_OR_SERVICE","api","POST","/innovation-resilience-farming/build","False"
"C:\Users\DIYA GOEL\Downloads\EBDESIGN\frontend\src\services\api.js","API_OR_SERVICE","api","POST","/innovations/manage","False"
"C:\Users\DIYA GOEL\Downloads\EBDESIGN\frontend\src\services\api.js","API_OR_SERVICE","api","POST","/innovation-transfer/transfer","False"
"C:\Users\DIYA GOEL\Downloads\EBDESIGN\frontend\src\services\api.js","API_OR_SERVICE","api","POST","/input-consumption/record","False"
"C:\Users\DIYA GOEL\Downloads\EBDESIGN\frontend\src\services\api.js","API_OR_SERVICE","api","POST","/input-distribution/record","False"
"C:\Users\DIYA GOEL\Downloads\EBDESIGN\frontend\src\services\api.js","API_OR_SERVICE","api","POST","/input-procurement/order","False"
"C:\Users\DIYA GOEL\Downloads\EBDESIGN\frontend\src\services\api.js","API_OR_SERVICE","api","POST","/inputs/manage","False"
"C:\Users\DIYA GOEL\Downloads\EBDESIGN\frontend\src\services\api.js","API_OR_SERVICE","api","POST","/input-traceability/record","False"
"C:\Users\DIYA GOEL\Downloads\EBDESIGN\frontend\src\services\api.js","API_OR_SERVICE","api","POST","/insect-management/manage","False"
"C:\Users\DIYA GOEL\Downloads\EBDESIGN\frontend\src\services\api.js","API_OR_SERVICE","api","POST","/inspection-resilience-farming/build","False"
"C:\Users\DIYA GOEL\Downloads\EBDESIGN\frontend\src\services\api.js","API_OR_SERVICE","api","POST","/inspections/conduct","False"
"C:\Users\DIYA GOEL\Downloads\EBDESIGN\frontend\src\services\api.js","API_OR_SERVICE","api","POST","/institutional-resilience-farming/build","False"
"C:\Users\DIYA GOEL\Downloads\EBDESIGN\frontend\src\services\api.js","API_OR_SERVICE","api","POST","/insurance/ai/assess","False"
"C:\Users\DIYA GOEL\Downloads\EBDESIGN\frontend\src\services\api.js","API_OR_SERVICE","api","POST","/insurance/claim","False"
"C:\Users\DIYA GOEL\Downloads\EBDESIGN\frontend\src\services\api.js","API_OR_SERVICE","api","POST","/insurance/policies","False"
"C:\Users\DIYA GOEL\Downloads\EBDESIGN\frontend\src\services\api.js","API_OR_SERVICE","api","POST","/insurance-claims/file","False"
"C:\Users\DIYA GOEL\Downloads\EBDESIGN\frontend\src\services\api.js","API_OR_SERVICE","api","POST","/integrated-farming/implement","False"
"C:\Users\DIYA GOEL\Downloads\EBDESIGN\frontend\src\services\api.js","API_OR_SERVICE","api","POST","/intellectual-property/register","False"
"C:\Users\DIYA GOEL\Downloads\EBDESIGN\frontend\src\services\api.js","API_OR_SERVICE","api","POST","/intercropping/plan","False"
"C:\Users\DIYA GOEL\Downloads\EBDESIGN\frontend\src\services\api.js","API_OR_SERVICE","api","POST","/international-cooperations/cooperate","False"
"C:\Users\DIYA GOEL\Downloads\EBDESIGN\frontend\src\services\api.js","API_OR_SERVICE","api","POST","/international-engagements/engage","False"
"C:\Users\DIYA GOEL\Downloads\EBDESIGN\frontend\src\services\api.js","API_OR_SERVICE","api","POST","/inventory/manage","False"
"C:\Users\DIYA GOEL\Downloads\EBDESIGN\frontend\src\services\api.js","API_OR_SERVICE","api","POST","/inventory-management/manage","False"
"C:\Users\DIYA GOEL\Downloads\EBDESIGN\frontend\src\services\api.js","API_OR_SERVICE","api","POST","/inventory-optimization/optimize","False"
"C:\Users\DIYA GOEL\Downloads\EBDESIGN\frontend\src\services\api.js","API_OR_SERVICE","api","POST","/investment","False"
"C:\Users\DIYA GOEL\Downloads\EBDESIGN\frontend\src\services\api.js","API_OR_SERVICE","api","POST","/investment-portfolio/manage","False"
"C:\Users\DIYA GOEL\Downloads\EBDESIGN\frontend\src\services\api.js","API_OR_SERVICE","api","POST","/iot-farming/implement","False"
"C:\Users\DIYA GOEL\Downloads\EBDESIGN\frontend\src\services\api.js","API_OR_SERVICE","api","POST","/irrigation/manage","False"
"C:\Users\DIYA GOEL\Downloads\EBDESIGN\frontend\src\services\api.js","API_OR_SERVICE","api","POST","/irrigation/schedule","False"
"C:\Users\DIYA GOEL\Downloads\EBDESIGN\frontend\src\services\api.js","API_OR_SERVICE","api","POST","/irrigation-scheduler/schedule","False"
"C:\Users\DIYA GOEL\Downloads\EBDESIGN\frontend\src\services\api.js","API_OR_SERVICE","api","POST","/isolation-policies/${id}/isolate","True"
"C:\Users\DIYA GOEL\Downloads\EBDESIGN\frontend\src\services\api.js","API_OR_SERVICE","api","POST","/issues","False"
"C:\Users\DIYA GOEL\Downloads\EBDESIGN\frontend\src\services\api.js","API_OR_SERVICE","api","POST","/job-manager/create","False"
"C:\Users\DIYA GOEL\Downloads\EBDESIGN\frontend\src\services\api.js","API_OR_SERVICE","api","POST","/joint-ventures","False"
"C:\Users\DIYA GOEL\Downloads\EBDESIGN\frontend\src\services\api.js","API_OR_SERVICE","api","POST","/kafka-topics/produce","False"
"C:\Users\DIYA GOEL\Downloads\EBDESIGN\frontend\src\services\api.js","API_OR_SERVICE","api","POST","/kiosks/manage","False"
"C:\Users\DIYA GOEL\Downloads\EBDESIGN\frontend\src\services\api.js","API_OR_SERVICE","api","POST","/knowledge-base/search","False"
"C:\Users\DIYA GOEL\Downloads\EBDESIGN\frontend\src\services\api.js","API_OR_SERVICE","api","POST","/knowledge-graph/build","False"
"C:\Users\DIYA GOEL\Downloads\EBDESIGN\frontend\src\services\api.js","API_OR_SERVICE","api","POST","/knowledge-resilience-farming/build","False"
"C:\Users\DIYA GOEL\Downloads\EBDESIGN\frontend\src\services\api.js","API_OR_SERVICE","api","POST","/knowledge-sharing/share","False"
"C:\Users\DIYA GOEL\Downloads\EBDESIGN\frontend\src\services\api.js","API_OR_SERVICE","api","POST","/knowledge-transfer/transfer","False"
"C:\Users\DIYA GOEL\Downloads\EBDESIGN\frontend\src\services\api.js","API_OR_SERVICE","api","POST","/kpi/track","False"
"C:\Users\DIYA GOEL\Downloads\EBDESIGN\frontend\src\services\api.js","API_OR_SERVICE","api","POST","/kyc/submit","False"
"C:\Users\DIYA GOEL\Downloads\EBDESIGN\frontend\src\services\api.js","API_OR_SERVICE","api","POST","/lab/tests","False"
"C:\Users\DIYA GOEL\Downloads\EBDESIGN\frontend\src\services\api.js","API_OR_SERVICE","api","POST","/labor/manage","False"
"C:\Users\DIYA GOEL\Downloads\EBDESIGN\frontend\src\services\api.js","API_OR_SERVICE","api","POST","/labor-optimization/optimize","False"
"C:\Users\DIYA GOEL\Downloads\EBDESIGN\frontend\src\services\api.js","API_OR_SERVICE","api","POST","/labour/worker","False"
"C:\Users\DIYA GOEL\Downloads\EBDESIGN\frontend\src\services\api.js","API_OR_SERVICE","api","POST","/land/manage","False"
"C:\Users\DIYA GOEL\Downloads\EBDESIGN\frontend\src\services\api.js","API_OR_SERVICE","api","POST","/land/parcel","False"
"C:\Users\DIYA GOEL\Downloads\EBDESIGN\frontend\src\services\api.js","API_OR_SERVICE","api","POST","/land-lease/lease","False"
"C:\Users\DIYA GOEL\Downloads\EBDESIGN\frontend\src\services\api.js","API_OR_SERVICE","api","POST","/landscape/manage","False"
"C:\Users\DIYA GOEL\Downloads\EBDESIGN\frontend\src\services\api.js","API_OR_SERVICE","api","POST","/land-use/analyze","False"
"C:\Users\DIYA GOEL\Downloads\EBDESIGN\frontend\src\services\api.js","API_OR_SERVICE","api","POST","/languages","False"
"C:\Users\DIYA GOEL\Downloads\EBDESIGN\frontend\src\services\api.js","API_OR_SERVICE","api","POST","/leadership-resilience-farming/build","False"
"C:\Users\DIYA GOEL\Downloads\EBDESIGN\frontend\src\services\api.js","API_OR_SERVICE","api","POST","/learning-models/${id}/train","True"
"C:\Users\DIYA GOEL\Downloads\EBDESIGN\frontend\src\services\api.js","API_OR_SERVICE","api","POST","/legal/manage","False"
"C:\Users\DIYA GOEL\Downloads\EBDESIGN\frontend\src\services\api.js","API_OR_SERVICE","api","POST","/lessons-learned/share","False"
"C:\Users\DIYA GOEL\Downloads\EBDESIGN\frontend\src\services\api.js","API_OR_SERVICE","api","POST","/library/advanced-search","False"
"C:\Users\DIYA GOEL\Downloads\EBDESIGN\frontend\src\services\api.js","API_OR_SERVICE","api","POST","/library/ai-context","False"
"C:\Users\DIYA GOEL\Downloads\EBDESIGN\frontend\src\services\api.js","API_OR_SERVICE","api","POST","/library/initialize","False"
"C:\Users\DIYA GOEL\Downloads\EBDESIGN\frontend\src\services\api.js","API_OR_SERVICE","api","POST","/library/recommendations","False"
"C:\Users\DIYA GOEL\Downloads\EBDESIGN\frontend\src\services\api.js","API_OR_SERVICE","api","POST","/library/search","False"
"C:\Users\DIYA GOEL\Downloads\EBDESIGN\frontend\src\services\api.js","API_OR_SERVICE","api","POST","/library/sync-database","False"
"C:\Users\DIYA GOEL\Downloads\EBDESIGN\frontend\src\services\api.js","API_OR_SERVICE","api","POST","/licensing-resilience-farming/build","False"
"C:\Users\DIYA GOEL\Downloads\EBDESIGN\frontend\src\services\api.js","API_OR_SERVICE","api","POST","/liquid-fertilizer/apply","False"
"C:\Users\DIYA GOEL\Downloads\EBDESIGN\frontend\src\services\api.js","API_OR_SERVICE","api","POST","/live-chat/start","False"
"C:\Users\DIYA GOEL\Downloads\EBDESIGN\frontend\src\services\api.js","API_OR_SERVICE","api","POST","/livestock/manage","False"
"C:\Users\DIYA GOEL\Downloads\EBDESIGN\frontend\src\services\api.js","API_OR_SERVICE","api","POST","/livestock-analytics/record","False"
"C:\Users\DIYA GOEL\Downloads\EBDESIGN\frontend\src\services\api.js","API_OR_SERVICE","api","POST","/load-tests/${id}/run","True"
"C:\Users\DIYA GOEL\Downloads\EBDESIGN\frontend\src\services\api.js","API_OR_SERVICE","api","POST","/loans","False"
"C:\Users\DIYA GOEL\Downloads\EBDESIGN\frontend\src\services\api.js","API_OR_SERVICE","api","POST","/loans/apply","False"
"C:\Users\DIYA GOEL\Downloads\EBDESIGN\frontend\src\services\api.js","API_OR_SERVICE","api","POST","/lobbying-building/build","False"
"C:\Users\DIYA GOEL\Downloads\EBDESIGN\frontend\src\services\api.js","API_OR_SERVICE","api","POST","/locations/manage","False"
"C:\Users\DIYA GOEL\Downloads\EBDESIGN\frontend\src\services\api.js","API_OR_SERVICE","api","POST","/log-analyses/run","False"
"C:\Users\DIYA GOEL\Downloads\EBDESIGN\frontend\src\services\api.js","API_OR_SERVICE","api","POST","/logger/log","False"
"C:\Users\DIYA GOEL\Downloads\EBDESIGN\frontend\src\services\api.js","API_OR_SERVICE","api","POST","/logging/search","False"
"C:\Users\DIYA GOEL\Downloads\EBDESIGN\frontend\src\services\api.js","API_OR_SERVICE","api","POST","/logistics/ai/optimize","False"
"C:\Users\DIYA GOEL\Downloads\EBDESIGN\frontend\src\services\api.js","API_OR_SERVICE","api","POST","/logistics/manage","False"
"C:\Users\DIYA GOEL\Downloads\EBDESIGN\frontend\src\services\api.js","API_OR_SERVICE","api","POST","/logistics/shipments","False"
"C:\Users\DIYA GOEL\Downloads\EBDESIGN\frontend\src\services\api.js","API_OR_SERVICE","api","POST","/logistics-enhancement/inventory","False"
"C:\Users\DIYA GOEL\Downloads\EBDESIGN\frontend\src\services\api.js","API_OR_SERVICE","api","POST","/logistics-enhancement/vehicle","False"
"C:\Users\DIYA GOEL\Downloads\EBDESIGN\frontend\src\services\api.js","API_OR_SERVICE","api","POST","/logistics-enhancement/warehouse","False"
"C:\Users\DIYA GOEL\Downloads\EBDESIGN\frontend\src\services\api.js","API_OR_SERVICE","api","POST","/logistics-optimization/optimize","False"
"C:\Users\DIYA GOEL\Downloads\EBDESIGN\frontend\src\services\api.js","API_OR_SERVICE","api","POST","/logistics-resilience-farming/build","False"
"C:\Users\DIYA GOEL\Downloads\EBDESIGN\frontend\src\services\api.js","API_OR_SERVICE","api","POST","/loyalty-points/redeem","False"
"C:\Users\DIYA GOEL\Downloads\EBDESIGN\frontend\src\services\api.js","API_OR_SERVICE","api","POST","/machinery-operations/operation","False"
"C:\Users\DIYA GOEL\Downloads\EBDESIGN\frontend\src\services\api.js","API_OR_SERVICE","api","POST","/machinery-optimization/optimize","False"
"C:\Users\DIYA GOEL\Downloads\EBDESIGN\frontend\src\services\api.js","API_OR_SERVICE","api","POST","/maintenance/schedule","False"
"C:\Users\DIYA GOEL\Downloads\EBDESIGN\frontend\src\services\api.js","API_OR_SERVICE","api","POST","/maintenance/schedules","False"
"C:\Users\DIYA GOEL\Downloads\EBDESIGN\frontend\src\services\api.js","API_OR_SERVICE","api","POST","/management-resilience-farming/build","False"
"C:\Users\DIYA GOEL\Downloads\EBDESIGN\frontend\src\services\api.js","API_OR_SERVICE","api","POST","/marginalized-engagements/engage","False"
"C:\Users\DIYA GOEL\Downloads\EBDESIGN\frontend\src\services\api.js","API_OR_SERVICE","api","POST","/market/analyze","False"
"C:\Users\DIYA GOEL\Downloads\EBDESIGN\frontend\src\services\api.js","API_OR_SERVICE","api","POST","/market-access/manage","False"
"C:\Users\DIYA GOEL\Downloads\EBDESIGN\frontend\src\services\api.js","API_OR_SERVICE","api","POST","/marketing/campaign","False"
"C:\Users\DIYA GOEL\Downloads\EBDESIGN\frontend\src\services\api.js","API_OR_SERVICE","api","POST","/market-intelligence/intelligence","False"
"C:\Users\DIYA GOEL\Downloads\EBDESIGN\frontend\src\services\api.js","API_OR_SERVICE","api","POST","/marketplace/listing","False"
"C:\Users\DIYA GOEL\Downloads\EBDESIGN\frontend\src\services\api.js","API_OR_SERVICE","api","POST","/marketplace/trade","False"
"C:\Users\DIYA GOEL\Downloads\EBDESIGN\frontend\src\services\api.js","API_OR_SERVICE","api","POST","/market-price-forecast/forecast","False"
"C:\Users\DIYA GOEL\Downloads\EBDESIGN\frontend\src\services\api.js","API_OR_SERVICE","api","POST","/market-resilience-farming/build","False"
"C:\Users\DIYA GOEL\Downloads\EBDESIGN\frontend\src\services\api.js","API_OR_SERVICE","api","POST","/markets-resilience-farming/build","False"
"C:\Users\DIYA GOEL\Downloads\EBDESIGN\frontend\src\services\api.js","API_OR_SERVICE","api","POST","/market-trend/analyze","False"
"C:\Users\DIYA GOEL\Downloads\EBDESIGN\frontend\src\services\api.js","API_OR_SERVICE","api","POST","/mass-warfare/wage","False"
"C:\Users\DIYA GOEL\Downloads\EBDESIGN\frontend\src\services\api.js","API_OR_SERVICE","api","POST","/media-engagement/engage","False"
"C:\Users\DIYA GOEL\Downloads\EBDESIGN\frontend\src\services\api.js","API_OR_SERVICE","api","POST","/member-benefits/manage","False"
"C:\Users\DIYA GOEL\Downloads\EBDESIGN\frontend\src\services\api.js","API_OR_SERVICE","api","POST","/members/manage","False"
"C:\Users\DIYA GOEL\Downloads\EBDESIGN\frontend\src\services\api.js","API_OR_SERVICE","api","POST","/memetic-warfare/wage","False"
"C:\Users\DIYA GOEL\Downloads\EBDESIGN\frontend\src\services\api.js","API_OR_SERVICE","api","POST","/mentorships/manage","False"
"C:\Users\DIYA GOEL\Downloads\EBDESIGN\frontend\src\services\api.js","API_OR_SERVICE","api","POST","/messages","False"
"C:\Users\DIYA GOEL\Downloads\EBDESIGN\frontend\src\services\api.js","API_OR_SERVICE","api","POST","/metering/manage","False"
"C:\Users\DIYA GOEL\Downloads\EBDESIGN\frontend\src\services\api.js","API_OR_SERVICE","api","POST","/metric-analyses/run","False"
"C:\Users\DIYA GOEL\Downloads\EBDESIGN\frontend\src\services\api.js","API_OR_SERVICE","api","POST","/metrics/collect","False"
"C:\Users\DIYA GOEL\Downloads\EBDESIGN\frontend\src\services\api.js","API_OR_SERVICE","api","POST","/mfa/setup","False"
"C:\Users\DIYA GOEL\Downloads\EBDESIGN\frontend\src\services\api.js","API_OR_SERVICE","api","POST","/mfa/verify","False"
"C:\Users\DIYA GOEL\Downloads\EBDESIGN\frontend\src\services\api.js","API_OR_SERVICE","api","POST","/mfa-management/device","False"
"C:\Users\DIYA GOEL\Downloads\EBDESIGN\frontend\src\services\api.js","API_OR_SERVICE","api","POST","/micro-farms/manage","False"
"C:\Users\DIYA GOEL\Downloads\EBDESIGN\frontend\src\services\api.js","API_OR_SERVICE","api","POST","/micro-finance/manage","False"
"C:\Users\DIYA GOEL\Downloads\EBDESIGN\frontend\src\services\api.js","API_OR_SERVICE","api","POST","/micronutrient/item","False"
"C:\Users\DIYA GOEL\Downloads\EBDESIGN\frontend\src\services\api.js","API_OR_SERVICE","api","POST","/migrant-engagements/engage","False"
"C:\Users\DIYA GOEL\Downloads\EBDESIGN\frontend\src\services\api.js","API_OR_SERVICE","api","POST","/migrations/${id}/run","True"
"C:\Users\DIYA GOEL\Downloads\EBDESIGN\frontend\src\services\api.js","API_OR_SERVICE","api","POST","/milking/manage","False"
"C:\Users\DIYA GOEL\Downloads\EBDESIGN\frontend\src\services\api.js","API_OR_SERVICE","api","POST","/minority-engagements/engage","False"
"C:\Users\DIYA GOEL\Downloads\EBDESIGN\frontend\src\services\api.js","API_OR_SERVICE","api","POST","/mixed-farming/implement","False"
"C:\Users\DIYA GOEL\Downloads\EBDESIGN\frontend\src\services\api.js","API_OR_SERVICE","api","POST","/ml-farming/implement","False"
"C:\Users\DIYA GOEL\Downloads\EBDESIGN\frontend\src\services\api.js","API_OR_SERVICE","api","POST","/ml-models/${id}/train","True"
"C:\Users\DIYA GOEL\Downloads\EBDESIGN\frontend\src\services\api.js","API_OR_SERVICE","api","POST","/mobile/manage","False"
"C:\Users\DIYA GOEL\Downloads\EBDESIGN\frontend\src\services\api.js","API_OR_SERVICE","api","POST","/moderations/moderate","False"
"C:\Users\DIYA GOEL\Downloads\EBDESIGN\frontend\src\services\api.js","API_OR_SERVICE","api","POST","/modules/${module}","True"
"C:\Users\DIYA GOEL\Downloads\EBDESIGN\frontend\src\services\api.js","API_OR_SERVICE","api","POST","/mongodb-data/query","False"
"C:\Users\DIYA GOEL\Downloads\EBDESIGN\frontend\src\services\api.js","API_OR_SERVICE","api","POST","/monitoring/errors","False"
"C:\Users\DIYA GOEL\Downloads\EBDESIGN\frontend\src\services\api.js","API_OR_SERVICE","api","POST","/monitoring/monitor","False"
"C:\Users\DIYA GOEL\Downloads\EBDESIGN\frontend\src\services\api.js","API_OR_SERVICE","api","POST","/movement-building/build","False"
"C:\Users\DIYA GOEL\Downloads\EBDESIGN\frontend\src\services\api.js","API_OR_SERVICE","api","POST","/multilateral-cooperations/cooperate","False"
"C:\Users\DIYA GOEL\Downloads\EBDESIGN\frontend\src\services\api.js","API_OR_SERVICE","api","POST","/multilingual/detect","False"
"C:\Users\DIYA GOEL\Downloads\EBDESIGN\frontend\src\services\api.js","API_OR_SERVICE","api","POST","/multilingual/translate","False"
"C:\Users\DIYA GOEL\Downloads\EBDESIGN\frontend\src\services\api.js","API_OR_SERVICE","api","POST","/mushrooms/manage","False"
"C:\Users\DIYA GOEL\Downloads\EBDESIGN\frontend\src\services\api.js","API_OR_SERVICE","api","POST","/mutual-funds/invest","False"
"C:\Users\DIYA GOEL\Downloads\EBDESIGN\frontend\src\services\api.js","API_OR_SERVICE","api","POST","/nanotechnology/apply","False"
"C:\Users\DIYA GOEL\Downloads\EBDESIGN\frontend\src\services\api.js","API_OR_SERVICE","api","POST","/narrative-warfare/wage","False"
"C:\Users\DIYA GOEL\Downloads\EBDESIGN\frontend\src\services\api.js","API_OR_SERVICE","api","POST","/nervous-system/neural-pathway","False"
"C:\Users\DIYA GOEL\Downloads\EBDESIGN\frontend\src\services\api.js","API_OR_SERVICE","api","POST","/nervous-system/reflex","False"
"C:\Users\DIYA GOEL\Downloads\EBDESIGN\frontend\src\services\api.js","API_OR_SERVICE","api","POST","/nervous-system/reflex-arc","False"
"C:\Users\DIYA GOEL\Downloads\EBDESIGN\frontend\src\services\api.js","API_OR_SERVICE","api","POST","/network/manage","False"
"C:\Users\DIYA GOEL\Downloads\EBDESIGN\frontend\src\services\api.js","API_OR_SERVICE","api","POST","/network-building/build","False"
"C:\Users\DIYA GOEL\Downloads\EBDESIGN\frontend\src\services\api.js","API_OR_SERVICE","api","POST","/ne-varieties","False"
"C:\Users\DIYA GOEL\Downloads\EBDESIGN\frontend\src\services\api.js","API_OR_SERVICE","api","POST","/news","False"
"C:\Users\DIYA GOEL\Downloads\EBDESIGN\frontend\src\services\api.js","API_OR_SERVICE","api","POST","/nfts/mint","False"
"C:\Users\DIYA GOEL\Downloads\EBDESIGN\frontend\src\services\api.js","API_OR_SERVICE","api","POST","/nlp-farming/implement","False"
"C:\Users\DIYA GOEL\Downloads\EBDESIGN\frontend\src\services\api.js","API_OR_SERVICE","api","POST","/nlp-models/${id}/process","True"
"C:\Users\DIYA GOEL\Downloads\EBDESIGN\frontend\src\services\api.js","API_OR_SERVICE","api","POST","/normalizers/${id}","True"
"C:\Users\DIYA GOEL\Downloads\EBDESIGN\frontend\src\services\api.js","API_OR_SERVICE","api","POST","/notification-manager/send","False"
"C:\Users\DIYA GOEL\Downloads\EBDESIGN\frontend\src\services\api.js","API_OR_SERVICE","api","POST","/notifications","False"
"C:\Users\DIYA GOEL\Downloads\EBDESIGN\frontend\src\services\api.js","API_OR_SERVICE","api","POST","/number-formats","False"
"C:\Users\DIYA GOEL\Downloads\EBDESIGN\frontend\src\services\api.js","API_OR_SERVICE","api","POST","/nursery/nursery","False"
"C:\Users\DIYA GOEL\Downloads\EBDESIGN\frontend\src\services\api.js","API_OR_SERVICE","api","POST","/nutrient-management/manage","False"
"C:\Users\DIYA GOEL\Downloads\EBDESIGN\frontend\src\services\api.js","API_OR_SERVICE","api","POST","/nutrient-management/plan","False"
"C:\Users\DIYA GOEL\Downloads\EBDESIGN\frontend\src\services\api.js","API_OR_SERVICE","api","POST","/nutrient-value-sales/by-nutrient-criteria","False"
"C:\Users\DIYA GOEL\Downloads\EBDESIGN\frontend\src\services\api.js","API_OR_SERVICE","api","POST","/nutrient-value-sales/submit-nutrient-content","False"
"C:\Users\DIYA GOEL\Downloads\EBDESIGN\frontend\src\services\api.js","API_OR_SERVICE","api","POST","/nutrition/analyze","False"
"C:\Users\DIYA GOEL\Downloads\EBDESIGN\frontend\src\services\api.js","API_OR_SERVICE","api","POST","/nutritional-optimization/optimize","False"
"C:\Users\DIYA GOEL\Downloads\EBDESIGN\frontend\src\services\api.js","API_OR_SERVICE","api","POST","/nutrition-intelligence/nutrient-profile","False"
"C:\Users\DIYA GOEL\Downloads\EBDESIGN\frontend\src\services\api.js","API_OR_SERVICE","api","POST","/nutrition-intelligence/recipes","False"
"C:\Users\DIYA GOEL\Downloads\EBDESIGN\frontend\src\services\api.js","API_OR_SERVICE","api","POST","/oats/manage","False"
"C:\Users\DIYA GOEL\Downloads\EBDESIGN\frontend\src\services\api.js","API_OR_SERVICE","api","POST","/offer-management","False"
"C:\Users\DIYA GOEL\Downloads\EBDESIGN\frontend\src\services\api.js","API_OR_SERVICE","api","POST","/oil-seeds/manage","False"
"C:\Users\DIYA GOEL\Downloads\EBDESIGN\frontend\src\services\api.js","API_OR_SERVICE","api","POST","/onions/manage","False"
"C:\Users\DIYA GOEL\Downloads\EBDESIGN\frontend\src\services\api.js","API_OR_SERVICE","api","POST","/online-advocacy/advocate","False"
"C:\Users\DIYA GOEL\Downloads\EBDESIGN\frontend\src\services\api.js","API_OR_SERVICE","api","POST","/online-mobilization/mobilize","False"
"C:\Users\DIYA GOEL\Downloads\EBDESIGN\frontend\src\services\api.js","API_OR_SERVICE","api","POST","/online-protest/protest","False"
"C:\Users\DIYA GOEL\Downloads\EBDESIGN\frontend\src\services\api.js","API_OR_SERVICE","api","POST","/open-field-farming/manage","False"
"C:\Users\DIYA GOEL\Downloads\EBDESIGN\frontend\src\services\api.js","API_OR_SERVICE","api","POST","/operational-intelligence/analyze","False"
"C:\Users\DIYA GOEL\Downloads\EBDESIGN\frontend\src\services\api.js","API_OR_SERVICE","api","POST","/operations-resilience-farming/build","False"
"C:\Users\DIYA GOEL\Downloads\EBDESIGN\frontend\src\services\api.js","API_OR_SERVICE","api","POST","/optimizations/${id}/apply","True"
"C:\Users\DIYA GOEL\Downloads\EBDESIGN\frontend\src\services\api.js","API_OR_SERVICE","api","POST","/orchard/orchard","False"
"C:\Users\DIYA GOEL\Downloads\EBDESIGN\frontend\src\services\api.js","API_OR_SERVICE","api","POST","/orchestrations/${id}/run","True"
"C:\Users\DIYA GOEL\Downloads\EBDESIGN\frontend\src\services\api.js","API_OR_SERVICE","api","POST","/orders","False"
"C:\Users\DIYA GOEL\Downloads\EBDESIGN\frontend\src\services\api.js","API_OR_SERVICE","api","POST","/orders/${id}/cancel","True"
"C:\Users\DIYA GOEL\Downloads\EBDESIGN\frontend\src\services\api.js","API_OR_SERVICE","api","POST","/orders/${orderId}/payment","True"
"C:\Users\DIYA GOEL\Downloads\EBDESIGN\frontend\src\services\api.js","API_OR_SERVICE","api","POST","/orders/ai/optimize","False"
"C:\Users\DIYA GOEL\Downloads\EBDESIGN\frontend\src\services\api.js","API_OR_SERVICE","api","POST","/orders/cart/add","False"
"C:\Users\DIYA GOEL\Downloads\EBDESIGN\frontend\src\services\api.js","API_OR_SERVICE","api","POST","/organic/manage","False"
"C:\Users\DIYA GOEL\Downloads\EBDESIGN\frontend\src\services\api.js","API_OR_SERVICE","api","POST","/organic-farming/certify","False"
"C:\Users\DIYA GOEL\Downloads\EBDESIGN\frontend\src\services\api.js","API_OR_SERVICE","api","POST","/organic-farming/implement","False"
"C:\Users\DIYA GOEL\Downloads\EBDESIGN\frontend\src\services\api.js","API_OR_SERVICE","api","POST","/organic-input/item","False"
"C:\Users\DIYA GOEL\Downloads\EBDESIGN\frontend\src\services\api.js","API_OR_SERVICE","api","POST","/organization-management/organization","False"
"C:\Users\DIYA GOEL\Downloads\EBDESIGN\frontend\src\services\api.js","API_OR_SERVICE","api","POST","/outcome-measurements/measure","False"
"C:\Users\DIYA GOEL\Downloads\EBDESIGN\frontend\src\services\api.js","API_OR_SERVICE","api","POST","/package","False"
"C:\Users\DIYA GOEL\Downloads\EBDESIGN\frontend\src\services\api.js","API_OR_SERVICE","api","POST","/packing/manage","False"
"C:\Users\DIYA GOEL\Downloads\EBDESIGN\frontend\src\services\api.js","API_OR_SERVICE","api","POST","/pallets/manage","False"
"C:\Users\DIYA GOEL\Downloads\EBDESIGN\frontend\src\services\api.js","API_OR_SERVICE","api","POST","/partner-management","False"
"C:\Users\DIYA GOEL\Downloads\EBDESIGN\frontend\src\services\api.js","API_OR_SERVICE","api","POST","/partnership-building/build","False"
"C:\Users\DIYA GOEL\Downloads\EBDESIGN\frontend\src\services\api.js","API_OR_SERVICE","api","POST","/partners-resilience-farming/build","False"
"C:\Users\DIYA GOEL\Downloads\EBDESIGN\frontend\src\services\api.js","API_OR_SERVICE","api","POST","/pasture/manage","False"
"C:\Users\DIYA GOEL\Downloads\EBDESIGN\frontend\src\services\api.js","API_OR_SERVICE","api","POST","/patches/${id}/apply","True"
"C:\Users\DIYA GOEL\Downloads\EBDESIGN\frontend\src\services\api.js","API_OR_SERVICE","api","POST","/pattern-recognition-farming/implement","False"
"C:\Users\DIYA GOEL\Downloads\EBDESIGN\frontend\src\services\api.js","API_OR_SERVICE","api","POST","/patterns/recognize","False"
"C:\Users\DIYA GOEL\Downloads\EBDESIGN\frontend\src\services\api.js","API_OR_SERVICE","api","POST","/payment/process","False"
"C:\Users\DIYA GOEL\Downloads\EBDESIGN\frontend\src\services\api.js","API_OR_SERVICE","api","POST","/payment-processing/process","False"
"C:\Users\DIYA GOEL\Downloads\EBDESIGN\frontend\src\services\api.js","API_OR_SERVICE","api","POST","/payments/process","False"
"C:\Users\DIYA GOEL\Downloads\EBDESIGN\frontend\src\services\api.js","API_OR_SERVICE","api","POST","/pedigree/manage","False"
"C:\Users\DIYA GOEL\Downloads\EBDESIGN\frontend\src\services\api.js","API_OR_SERVICE","api","POST","/peers/${id}/connect","True"
"C:\Users\DIYA GOEL\Downloads\EBDESIGN\frontend\src\services\api.js","API_OR_SERVICE","api","POST","/penetration-tests/${id}/run","True"
"C:\Users\DIYA GOEL\Downloads\EBDESIGN\frontend\src\services\api.js","API_OR_SERVICE","api","POST","/people-resilience-farming/build","False"
"C:\Users\DIYA GOEL\Downloads\EBDESIGN\frontend\src\services\api.js","API_OR_SERVICE","api","POST","/peppers/manage","False"
"C:\Users\DIYA GOEL\Downloads\EBDESIGN\frontend\src\services\api.js","API_OR_SERVICE","api","POST","/performance/analyze","False"
"C:\Users\DIYA GOEL\Downloads\EBDESIGN\frontend\src\services\api.js","API_OR_SERVICE","api","POST","/performance/measure","False"
"C:\Users\DIYA GOEL\Downloads\EBDESIGN\frontend\src\services\api.js","API_OR_SERVICE","api","POST","/performance-measurements/measure","False"
"C:\Users\DIYA GOEL\Downloads\EBDESIGN\frontend\src\services\api.js","API_OR_SERVICE","api","POST","/permission-management/permission","False"
"C:\Users\DIYA GOEL\Downloads\EBDESIGN\frontend\src\services\api.js","API_OR_SERVICE","api","POST","/permission-manager/manage","False"
"C:\Users\DIYA GOEL\Downloads\EBDESIGN\frontend\src\services\api.js","API_OR_SERVICE","api","POST","/permissions/check","False"
"C:\Users\DIYA GOEL\Downloads\EBDESIGN\frontend\src\services\api.js","API_OR_SERVICE","api","POST","/permitting-resilience-farming/build","False"
"C:\Users\DIYA GOEL\Downloads\EBDESIGN\frontend\src\services\api.js","API_OR_SERVICE","api","POST","/personal-warfare/wage","False"
"C:\Users\DIYA GOEL\Downloads\EBDESIGN\frontend\src\services\api.js","API_OR_SERVICE","api","POST","/pest-forecasting/forecast","False"
"C:\Users\DIYA GOEL\Downloads\EBDESIGN\frontend\src\services\api.js","API_OR_SERVICE","api","POST","/pesticide-inventory/item","False"
"C:\Users\DIYA GOEL\Downloads\EBDESIGN\frontend\src\services\api.js","API_OR_SERVICE","api","POST","/pesticide-optimization/optimize","False"
"C:\Users\DIYA GOEL\Downloads\EBDESIGN\frontend\src\services\api.js","API_OR_SERVICE","api","POST","/pesticides/manage","False"
"C:\Users\DIYA GOEL\Downloads\EBDESIGN\frontend\src\services\api.js","API_OR_SERVICE","api","POST","/pest-management/control","False"
"C:\Users\DIYA GOEL\Downloads\EBDESIGN\frontend\src\services\api.js","API_OR_SERVICE","api","POST","/pest-resilience-farming/build","False"
"C:\Users\DIYA GOEL\Downloads\EBDESIGN\frontend\src\services\api.js","API_OR_SERVICE","api","POST","/photos/upload","False"
"C:\Users\DIYA GOEL\Downloads\EBDESIGN\frontend\src\services\api.js","API_OR_SERVICE","api","POST","/pig/animal","False"
"C:\Users\DIYA GOEL\Downloads\EBDESIGN\frontend\src\services\api.js","API_OR_SERVICE","api","POST","/pig-farming/animal","False"
"C:\Users\DIYA GOEL\Downloads\EBDESIGN\frontend\src\services\api.js","API_OR_SERVICE","api","POST","/pipelines/manage","False"
"C:\Users\DIYA GOEL\Downloads\EBDESIGN\frontend\src\services\api.js","API_OR_SERVICE","api","POST","/plantations/manage","False"
"C:\Users\DIYA GOEL\Downloads\EBDESIGN\frontend\src\services\api.js","API_OR_SERVICE","api","POST","/plant-health/diagnose","False"
"C:\Users\DIYA GOEL\Downloads\EBDESIGN\frontend\src\services\api.js","API_OR_SERVICE","api","POST","/planting-date/recommend","False"
"C:\Users\DIYA GOEL\Downloads\EBDESIGN\frontend\src\services\api.js","API_OR_SERVICE","api","POST","/plants/manage","False"
"C:\Users\DIYA GOEL\Downloads\EBDESIGN\frontend\src\services\api.js","API_OR_SERVICE","api","POST","/plugin-manager/install","False"
"C:\Users\DIYA GOEL\Downloads\EBDESIGN\frontend\src\services\api.js","API_OR_SERVICE","api","POST","/plugins/${id}/install","True"
"C:\Users\DIYA GOEL\Downloads\EBDESIGN\frontend\src\services\api.js","API_OR_SERVICE","api","POST","/policies/${id}/enforce","True"
"C:\Users\DIYA GOEL\Downloads\EBDESIGN\frontend\src\services\api.js","API_OR_SERVICE","api","POST","/policy-influence/influence","False"
"C:\Users\DIYA GOEL\Downloads\EBDESIGN\frontend\src\services\api.js","API_OR_SERVICE","api","POST","/policy-resilience-farming/build","False"
"C:\Users\DIYA GOEL\Downloads\EBDESIGN\frontend\src\services\api.js","API_OR_SERVICE","api","POST","/polyhouse/record","False"
"C:\Users\DIYA GOEL\Downloads\EBDESIGN\frontend\src\services\api.js","API_OR_SERVICE","api","POST","/pond/pond","False"
"C:\Users\DIYA GOEL\Downloads\EBDESIGN\frontend\src\services\api.js","API_OR_SERVICE","api","POST","/potatoes/manage","False"
"C:\Users\DIYA GOEL\Downloads\EBDESIGN\frontend\src\services\api.js","API_OR_SERVICE","api","POST","/poultry/egg-production","False"
"C:\Users\DIYA GOEL\Downloads\EBDESIGN\frontend\src\services\api.js","API_OR_SERVICE","api","POST","/poultry/feed-consumption","False"
"C:\Users\DIYA GOEL\Downloads\EBDESIGN\frontend\src\services\api.js","API_OR_SERVICE","api","POST","/poultry/flock","False"
"C:\Users\DIYA GOEL\Downloads\EBDESIGN\frontend\src\services\api.js","API_OR_SERVICE","api","POST","/poultry/manage","False"
"C:\Users\DIYA GOEL\Downloads\EBDESIGN\frontend\src\services\api.js","API_OR_SERVICE","api","POST","/poultry/mortality","False"
"C:\Users\DIYA GOEL\Downloads\EBDESIGN\frontend\src\services\api.js","API_OR_SERVICE","api","POST","/poultry/vaccination-records","False"
"C:\Users\DIYA GOEL\Downloads\EBDESIGN\frontend\src\services\api.js","API_OR_SERVICE","api","POST","/poultry-management/batch","False"
"C:\Users\DIYA GOEL\Downloads\EBDESIGN\frontend\src\services\api.js","API_OR_SERVICE","api","POST","/precision/apply","False"
"C:\Users\DIYA GOEL\Downloads\EBDESIGN\frontend\src\services\api.js","API_OR_SERVICE","api","POST","/precision-agriculture/implement","False"
"C:\Users\DIYA GOEL\Downloads\EBDESIGN\frontend\src\services\api.js","API_OR_SERVICE","api","POST","/precision-farming/apply","False"
"C:\Users\DIYA GOEL\Downloads\EBDESIGN\frontend\src\services\api.js","API_OR_SERVICE","api","POST","/precision-horticulture/reading","False"
"C:\Users\DIYA GOEL\Downloads\EBDESIGN\frontend\src\services\api.js","API_OR_SERVICE","api","POST","/predictions/generate","False"
"C:\Users\DIYA GOEL\Downloads\EBDESIGN\frontend\src\services\api.js","API_OR_SERVICE","api","POST","/predictive-analytics-farming/implement","False"
"C:\Users\DIYA GOEL\Downloads\EBDESIGN\frontend\src\services\api.js","API_OR_SERVICE","api","POST","/prescriptive-analytics-farming/implement","False"
"C:\Users\DIYA GOEL\Downloads\EBDESIGN\frontend\src\services\api.js","API_OR_SERVICE","api","POST","/pre-season/order","False"
"C:\Users\DIYA GOEL\Downloads\EBDESIGN\frontend\src\services\api.js","API_OR_SERVICE","api","POST","/pre-season-order","False"
"C:\Users\DIYA GOEL\Downloads\EBDESIGN\frontend\src\services\api.js","API_OR_SERVICE","api","POST","/preservation/manage","False"
"C:\Users\DIYA GOEL\Downloads\EBDESIGN\frontend\src\services\api.js","API_OR_SERVICE","api","POST","/preventive-maintenance/record","False"
"C:\Users\DIYA GOEL\Downloads\EBDESIGN\frontend\src\services\api.js","API_OR_SERVICE","api","POST","/pricing-optimization/optimize","False"
"C:\Users\DIYA GOEL\Downloads\EBDESIGN\frontend\src\services\api.js","API_OR_SERVICE","api","POST","/privacy-settings/consent","False"
"C:\Users\DIYA GOEL\Downloads\EBDESIGN\frontend\src\services\api.js","API_OR_SERVICE","api","POST","/processes/${id}/start","True"
"C:\Users\DIYA GOEL\Downloads\EBDESIGN\frontend\src\services\api.js","API_OR_SERVICE","api","POST","/processes-resilience-farming/build","False"
"C:\Users\DIYA GOEL\Downloads\EBDESIGN\frontend\src\services\api.js","API_OR_SERVICE","api","POST","/processing/manage","False"
"C:\Users\DIYA GOEL\Downloads\EBDESIGN\frontend\src\services\api.js","API_OR_SERVICE","api","POST","/process-manager/${id}/start","True"
"C:\Users\DIYA GOEL\Downloads\EBDESIGN\frontend\src\services\api.js","API_OR_SERVICE","api","POST","/procurement/manage","False"
"C:\Users\DIYA GOEL\Downloads\EBDESIGN\frontend\src\services\api.js","API_OR_SERVICE","api","POST","/procurements","False"
"C:\Users\DIYA GOEL\Downloads\EBDESIGN\frontend\src\services\api.js","API_OR_SERVICE","api","POST","/producer-group","False"
"C:\Users\DIYA GOEL\Downloads\EBDESIGN\frontend\src\services\api.js","API_OR_SERVICE","api","POST","/producer-groups","False"
"C:\Users\DIYA GOEL\Downloads\EBDESIGN\frontend\src\services\api.js","API_OR_SERVICE","api","POST","/production/manage","False"
"C:\Users\DIYA GOEL\Downloads\EBDESIGN\frontend\src\services\api.js","API_OR_SERVICE","api","POST","/product-reviews","False"
"C:\Users\DIYA GOEL\Downloads\EBDESIGN\frontend\src\services\api.js","API_OR_SERVICE","api","POST","/products/manage","False"
"C:\Users\DIYA GOEL\Downloads\EBDESIGN\frontend\src\services\api.js","API_OR_SERVICE","api","POST","/products/product","False"
"C:\Users\DIYA GOEL\Downloads\EBDESIGN\frontend\src\services\api.js","API_OR_SERVICE","api","POST","/profiler/start","False"
"C:\Users\DIYA GOEL\Downloads\EBDESIGN\frontend\src\services\api.js","API_OR_SERVICE","api","POST","/profit/analyze","False"
"C:\Users\DIYA GOEL\Downloads\EBDESIGN\frontend\src\services\api.js","API_OR_SERVICE","api","POST","/projects/manage","False"
"C:\Users\DIYA GOEL\Downloads\EBDESIGN\frontend\src\services\api.js","API_OR_SERVICE","api","POST","/project-systems/milestone","False"
"C:\Users\DIYA GOEL\Downloads\EBDESIGN\frontend\src\services\api.js","API_OR_SERVICE","api","POST","/project-systems/project","False"
"C:\Users\DIYA GOEL\Downloads\EBDESIGN\frontend\src\services\api.js","API_OR_SERVICE","api","POST","/project-systems/wbs-element","False"
"C:\Users\DIYA GOEL\Downloads\EBDESIGN\frontend\src\services\api.js","API_OR_SERVICE","api","POST","/property/manage","False"
"C:\Users\DIYA GOEL\Downloads\EBDESIGN\frontend\src\services\api.js","API_OR_SERVICE","api","POST","/proposals","False"
"C:\Users\DIYA GOEL\Downloads\EBDESIGN\frontend\src\services\api.js","API_OR_SERVICE","api","POST","/protected-cultivation/structure","False"
"C:\Users\DIYA GOEL\Downloads\EBDESIGN\frontend\src\services\api.js","API_OR_SERVICE","api","POST","/provenance-farming/implement","False"
"C:\Users\DIYA GOEL\Downloads\EBDESIGN\frontend\src\services\api.js","API_OR_SERVICE","api","POST","/psychological-warfare/wage","False"
"C:\Users\DIYA GOEL\Downloads\EBDESIGN\frontend\src\services\api.js","API_OR_SERVICE","api","POST","/public-opinion/shape","False"
"C:\Users\DIYA GOEL\Downloads\EBDESIGN\frontend\src\services\api.js","API_OR_SERVICE","api","POST","/public-participations/facilitate","False"
"C:\Users\DIYA GOEL\Downloads\EBDESIGN\frontend\src\services\api.js","API_OR_SERVICE","api","POST","/purge/${entity}/${id}","True"
"C:\Users\DIYA GOEL\Downloads\EBDESIGN\frontend\src\services\api.js","API_OR_SERVICE","api","POST","/pyramid-health/assess","False"
"C:\Users\DIYA GOEL\Downloads\EBDESIGN\frontend\src\services\api.js","API_OR_SERVICE","api","POST","/quality/checks","False"
"C:\Users\DIYA GOEL\Downloads\EBDESIGN\frontend\src\services\api.js","API_OR_SERVICE","api","POST","/quality/manage","False"
"C:\Users\DIYA GOEL\Downloads\EBDESIGN\frontend\src\services\api.js","API_OR_SERVICE","api","POST","/quality-assurance/check","False"
"C:\Users\DIYA GOEL\Downloads\EBDESIGN\frontend\src\services\api.js","API_OR_SERVICE","api","POST","/quality-control/control","False"
"C:\Users\DIYA GOEL\Downloads\EBDESIGN\frontend\src\services\api.js","API_OR_SERVICE","api","POST","/quarantine/manage","False"
"C:\Users\DIYA GOEL\Downloads\EBDESIGN\frontend\src\services\api.js","API_OR_SERVICE","api","POST","/rabbitmq-queues/publish","False"
"C:\Users\DIYA GOEL\Downloads\EBDESIGN\frontend\src\services\api.js","API_OR_SERVICE","api","POST","/rabbits/manage","False"
"C:\Users\DIYA GOEL\Downloads\EBDESIGN\frontend\src\services\api.js","API_OR_SERVICE","api","POST","/radiation/measure","False"
"C:\Users\DIYA GOEL\Downloads\EBDESIGN\frontend\src\services\api.js","API_OR_SERVICE","api","POST","/rain/measure","False"
"C:\Users\DIYA GOEL\Downloads\EBDESIGN\frontend\src\services\api.js","API_OR_SERVICE","api","POST","/rainwater-harvesting/budget","False"
"C:\Users\DIYA GOEL\Downloads\EBDESIGN\frontend\src\services\api.js","API_OR_SERVICE","api","POST","/rainwater-structures","False"
"C:\Users\DIYA GOEL\Downloads\EBDESIGN\frontend\src\services\api.js","API_OR_SERVICE","api","POST","/random/generate","False"
"C:\Users\DIYA GOEL\Downloads\EBDESIGN\frontend\src\services\api.js","API_OR_SERVICE","api","POST","/ranges/manage","False"
"C:\Users\DIYA GOEL\Downloads\EBDESIGN\frontend\src\services\api.js","API_OR_SERVICE","api","POST","/ratings/submit","False"
"C:\Users\DIYA GOEL\Downloads\EBDESIGN\frontend\src\services\api.js","API_OR_SERVICE","api","POST","/realtime-monitoring/monitor/${id}/stop","True"
"C:\Users\DIYA GOEL\Downloads\EBDESIGN\frontend\src\services\api.js","API_OR_SERVICE","api","POST","/realtime-monitoring/resource/${resourceId}/start","True"
"C:\Users\DIYA GOEL\Downloads\EBDESIGN\frontend\src\services\api.js","API_OR_SERVICE","api","POST","/recommendations/generate","False"
"C:\Users\DIYA GOEL\Downloads\EBDESIGN\frontend\src\services\api.js","API_OR_SERVICE","api","POST","/records/manage","False"
"C:\Users\DIYA GOEL\Downloads\EBDESIGN\frontend\src\services\api.js","API_OR_SERVICE","api","POST","/recovered-finance/recover","False"
"C:\Users\DIYA GOEL\Downloads\EBDESIGN\frontend\src\services\api.js","API_OR_SERVICE","api","POST","/recovery-points/${id}/restore","True"
"C:\Users\DIYA GOEL\Downloads\EBDESIGN\frontend\src\services\api.js","API_OR_SERVICE","api","POST","/referrals/refer","False"
"C:\Users\DIYA GOEL\Downloads\EBDESIGN\frontend\src\services\api.js","API_OR_SERVICE","api","POST","/refugee-engagements/engage","False"
"C:\Users\DIYA GOEL\Downloads\EBDESIGN\frontend\src\services\api.js","API_OR_SERVICE","api","POST","/refunds/request","False"
"C:\Users\DIYA GOEL\Downloads\EBDESIGN\frontend\src\services\api.js","API_OR_SERVICE","api","POST","/regenerative-agriculture/implement","False"
"C:\Users\DIYA GOEL\Downloads\EBDESIGN\frontend\src\services\api.js","API_OR_SERVICE","api","POST","/regional-cooperations/cooperate","False"
"C:\Users\DIYA GOEL\Downloads\EBDESIGN\frontend\src\services\api.js","API_OR_SERVICE","api","POST","/regional-development/plan","False"
"C:\Users\DIYA GOEL\Downloads\EBDESIGN\frontend\src\services\api.js","API_OR_SERVICE","api","POST","/regional-variety","False"
"C:\Users\DIYA GOEL\Downloads\EBDESIGN\frontend\src\services\api.js","API_OR_SERVICE","api","POST","/regulations/${id}/compliance","True"
"C:\Users\DIYA GOEL\Downloads\EBDESIGN\frontend\src\services\api.js","API_OR_SERVICE","api","POST","/regulatory/manage","False"
"C:\Users\DIYA GOEL\Downloads\EBDESIGN\frontend\src\services\api.js","API_OR_SERVICE","api","POST","/regulatory-resilience-farming/build","False"
"C:\Users\DIYA GOEL\Downloads\EBDESIGN\frontend\src\services\api.js","API_OR_SERVICE","api","POST","/religious-warfare/wage","False"
"C:\Users\DIYA GOEL\Downloads\EBDESIGN\frontend\src\services\api.js","API_OR_SERVICE","api","POST","/remediation/perform","False"
"C:\Users\DIYA GOEL\Downloads\EBDESIGN\frontend\src\services\api.js","API_OR_SERVICE","api","POST","/replications","False"
"C:\Users\DIYA GOEL\Downloads\EBDESIGN\frontend\src\services\api.js","API_OR_SERVICE","api","POST","/report-generator/generate","False"
"C:\Users\DIYA GOEL\Downloads\EBDESIGN\frontend\src\services\api.js","API_OR_SERVICE","api","POST","/reporting/generate","False"
"C:\Users\DIYA GOEL\Downloads\EBDESIGN\frontend\src\services\api.js","API_OR_SERVICE","api","POST","/reporting-resilience-farming/build","False"
"C:\Users\DIYA GOEL\Downloads\EBDESIGN\frontend\src\services\api.js","API_OR_SERVICE","api","POST","/reports/generate","False"
"C:\Users\DIYA GOEL\Downloads\EBDESIGN\frontend\src\services\api.js","API_OR_SERVICE","api","POST","/repositories/manage","False"
"C:\Users\DIYA GOEL\Downloads\EBDESIGN\frontend\src\services\api.js","API_OR_SERVICE","api","POST","/requests","False"
"C:\Users\DIYA GOEL\Downloads\EBDESIGN\frontend\src\services\api.js","API_OR_SERVICE","api","POST","/research/conduct","False"
"C:\Users\DIYA GOEL\Downloads\EBDESIGN\frontend\src\services\api.js","API_OR_SERVICE","api","POST","/research-and-development","False"
"C:\Users\DIYA GOEL\Downloads\EBDESIGN\frontend\src\services\api.js","API_OR_SERVICE","api","POST","/research-development/ai-assistance","False"
"C:\Users\DIYA GOEL\Downloads\EBDESIGN\frontend\src\services\api.js","API_OR_SERVICE","api","POST","/research-development/collaboration","False"
"C:\Users\DIYA GOEL\Downloads\EBDESIGN\frontend\src\services\api.js","API_OR_SERVICE","api","POST","/research-development/funding-opportunity","False"
"C:\Users\DIYA GOEL\Downloads\EBDESIGN\frontend\src\services\api.js","API_OR_SERVICE","api","POST","/research-development/funding-opportunity/${fundingId}/apply","True"
"C:\Users\DIYA GOEL\Downloads\EBDESIGN\frontend\src\services\api.js","API_OR_SERVICE","api","POST","/research-development/innovation","False"
"C:\Users\DIYA GOEL\Downloads\EBDESIGN\frontend\src\services\api.js","API_OR_SERVICE","api","POST","/research-development/knowledge","False"
"C:\Users\DIYA GOEL\Downloads\EBDESIGN\frontend\src\services\api.js","API_OR_SERVICE","api","POST","/research-development/patent","False"
"C:\Users\DIYA GOEL\Downloads\EBDESIGN\frontend\src\services\api.js","API_OR_SERVICE","api","POST","/research-development/publication","False"
"C:\Users\DIYA GOEL\Downloads\EBDESIGN\frontend\src\services\api.js","API_OR_SERVICE","api","POST","/research-development/rd-project","False"
"C:\Users\DIYA GOEL\Downloads\EBDESIGN\frontend\src\services\api.js","API_OR_SERVICE","api","POST","/research-development/rd-project/${projectId}/milestone","True"
"C:\Users\DIYA GOEL\Downloads\EBDESIGN\frontend\src\services\api.js","API_OR_SERVICE","api","POST","/research-resilience-farming/build","False"
"C:\Users\DIYA GOEL\Downloads\EBDESIGN\frontend\src\services\api.js","API_OR_SERVICE","api","POST","/reservoirs/manage","False"
"C:\Users\DIYA GOEL\Downloads\EBDESIGN\frontend\src\services\api.js","API_OR_SERVICE","api","POST","/resilience/tests/${id}/run","True"
"C:\Users\DIYA GOEL\Downloads\EBDESIGN\frontend\src\services\api.js","API_OR_SERVICE","api","POST","/resource-optimization/optimize","False"
"C:\Users\DIYA GOEL\Downloads\EBDESIGN\frontend\src\services\api.js","API_OR_SERVICE","api","POST","/resources/manage","False"
"C:\Users\DIYA GOEL\Downloads\EBDESIGN\frontend\src\services\api.js","API_OR_SERVICE","api","POST","/resource-sharing/share","False"
"C:\Users\DIYA GOEL\Downloads\EBDESIGN\frontend\src\services\api.js","API_OR_SERVICE","api","POST","/responsibility-resilience-farming/build","False"
"C:\Users\DIYA GOEL\Downloads\EBDESIGN\frontend\src\services\api.js","API_OR_SERVICE","api","POST","/results/manage","False"
"C:\Users\DIYA GOEL\Downloads\EBDESIGN\frontend\src\services\api.js","API_OR_SERVICE","api","POST","/retail/manage","False"
"C:\Users\DIYA GOEL\Downloads\EBDESIGN\frontend\src\services\api.js","API_OR_SERVICE","api","POST","/retention-policies/${id}/apply","True"
"C:\Users\DIYA GOEL\Downloads\EBDESIGN\frontend\src\services\api.js","API_OR_SERVICE","api","POST","/return-load-board","False"
"C:\Users\DIYA GOEL\Downloads\EBDESIGN\frontend\src\services\api.js","API_OR_SERVICE","api","POST","/return-load-board/capacity","False"
"C:\Users\DIYA GOEL\Downloads\EBDESIGN\frontend\src\services\api.js","API_OR_SERVICE","api","POST","/return-load-board/posting/${postingId}/book","True"
"C:\Users\DIYA GOEL\Downloads\EBDESIGN\frontend\src\services\api.js","API_OR_SERVICE","api","POST","/return-load-board/posting/${postingId}/cancel","True"
"C:\Users\DIYA GOEL\Downloads\EBDESIGN\frontend\src\services\api.js","API_OR_SERVICE","api","POST","/returns/request","False"
"C:\Users\DIYA GOEL\Downloads\EBDESIGN\frontend\src\services\api.js","API_OR_SERVICE","api","POST","/reviews/${id}","True"
"C:\Users\DIYA GOEL\Downloads\EBDESIGN\frontend\src\services\api.js","API_OR_SERVICE","api","POST","/reviews/submit","False"
"C:\Users\DIYA GOEL\Downloads\EBDESIGN\frontend\src\services\api.js","API_OR_SERVICE","api","POST","/rfq","False"
"C:\Users\DIYA GOEL\Downloads\EBDESIGN\frontend\src\services\api.js","API_OR_SERVICE","api","POST","/rfq/qc-hold/release","False"
"C:\Users\DIYA GOEL\Downloads\EBDESIGN\frontend\src\services\api.js","API_OR_SERVICE","api","POST","/rice/manage","False"
"C:\Users\DIYA GOEL\Downloads\EBDESIGN\frontend\src\services\api.js","API_OR_SERVICE","api","POST","/rights/${id}","True"
"C:\Users\DIYA GOEL\Downloads\EBDESIGN\frontend\src\services\api.js","API_OR_SERVICE","api","POST","/risk/assess","False"
"C:\Users\DIYA GOEL\Downloads\EBDESIGN\frontend\src\services\api.js","API_OR_SERVICE","api","POST","/risk-assessment/assess","False"
"C:\Users\DIYA GOEL\Downloads\EBDESIGN\frontend\src\services\api.js","API_OR_SERVICE","api","POST","/risk-pricing/calculate","False"
"C:\Users\DIYA GOEL\Downloads\EBDESIGN\frontend\src\services\api.js","API_OR_SERVICE","api","POST","/risks/assess","False"
"C:\Users\DIYA GOEL\Downloads\EBDESIGN\frontend\src\services\api.js","API_OR_SERVICE","api","POST","/rivers/manage","False"
"C:\Users\DIYA GOEL\Downloads\EBDESIGN\frontend\src\services\api.js","API_OR_SERVICE","api","POST","/roads/manage","False"
"C:\Users\DIYA GOEL\Downloads\EBDESIGN\frontend\src\services\api.js","API_OR_SERVICE","api","POST","/robotic-farming/implement","False"
"C:\Users\DIYA GOEL\Downloads\EBDESIGN\frontend\src\services\api.js","API_OR_SERVICE","api","POST","/robotics/devices","False"
"C:\Users\DIYA GOEL\Downloads\EBDESIGN\frontend\src\services\api.js","API_OR_SERVICE","api","POST","/robotics/devices/${id}/certification","True"
"C:\Users\DIYA GOEL\Downloads\EBDESIGN\frontend\src\services\api.js","API_OR_SERVICE","api","POST","/robotics/devices/${id}/emergency-stop","True"
"C:\Users\DIYA GOEL\Downloads\EBDESIGN\frontend\src\services\api.js","API_OR_SERVICE","api","POST","/robotics/devices/${id}/emergency-stop/clear","True"
"C:\Users\DIYA GOEL\Downloads\EBDESIGN\frontend\src\services\api.js","API_OR_SERVICE","api","POST","/robotics/devices/${id}/telemetry","True"
"C:\Users\DIYA GOEL\Downloads\EBDESIGN\frontend\src\services\api.js","API_OR_SERVICE","api","POST","/robotics/missions","False"
"C:\Users\DIYA GOEL\Downloads\EBDESIGN\frontend\src\services\api.js","API_OR_SERVICE","api","POST","/robotics/missions/${id}/abort","True"
"C:\Users\DIYA GOEL\Downloads\EBDESIGN\frontend\src\services\api.js","API_OR_SERVICE","api","POST","/robotics/missions/${id}/approval","True"
"C:\Users\DIYA GOEL\Downloads\EBDESIGN\frontend\src\services\api.js","API_OR_SERVICE","api","POST","/robotics/missions/${id}/complete","True"
"C:\Users\DIYA GOEL\Downloads\EBDESIGN\frontend\src\services\api.js","API_OR_SERVICE","api","POST","/robotics/missions/${id}/pause","True"
"C:\Users\DIYA GOEL\Downloads\EBDESIGN\frontend\src\services\api.js","API_OR_SERVICE","api","POST","/robotics/missions/${id}/start","True"
"C:\Users\DIYA GOEL\Downloads\EBDESIGN\frontend\src\services\api.js","API_OR_SERVICE","api","POST","/robotics/planning/advisory","False"
"C:\Users\DIYA GOEL\Downloads\EBDESIGN\frontend\src\services\api.js","API_OR_SERVICE","api","POST","/role-management/role","False"
"C:\Users\DIYA GOEL\Downloads\EBDESIGN\frontend\src\services\api.js","API_OR_SERVICE","api","POST","/role-manager/manage","False"
"C:\Users\DIYA GOEL\Downloads\EBDESIGN\frontend\src\services\api.js","API_OR_SERVICE","api","POST","/role-permission/role","False"
"C:\Users\DIYA GOEL\Downloads\EBDESIGN\frontend\src\services\api.js","API_OR_SERVICE","api","POST","/rollbacks/${id}/execute","True"
"C:\Users\DIYA GOEL\Downloads\EBDESIGN\frontend\src\services\api.js","API_OR_SERVICE","api","POST","/rotation/manage","False"
"C:\Users\DIYA GOEL\Downloads\EBDESIGN\frontend\src\services\api.js","API_OR_SERVICE","api","POST","/routes/manage","False"
"C:\Users\DIYA GOEL\Downloads\EBDESIGN\frontend\src\services\api.js","API_OR_SERVICE","api","POST","/rows/manage","False"
"C:\Users\DIYA GOEL\Downloads\EBDESIGN\frontend\src\services\api.js","API_OR_SERVICE","api","POST","/rural-development/plan","False"
"C:\Users\DIYA GOEL\Downloads\EBDESIGN\frontend\src\services\api.js","API_OR_SERVICE","api","POST","/rural-development-project","False"
"C:\Users\DIYA GOEL\Downloads\EBDESIGN\frontend\src\services\api.js","API_OR_SERVICE","api","POST","/safety/incidents","False"
"C:\Users\DIYA GOEL\Downloads\EBDESIGN\frontend\src\services\api.js","API_OR_SERVICE","api","POST","/safety/manage","False"
"C:\Users\DIYA GOEL\Downloads\EBDESIGN\frontend\src\services\api.js","API_OR_SERVICE","api","POST","/sales/manage","False"
"C:\Users\DIYA GOEL\Downloads\EBDESIGN\frontend\src\services\api.js","API_OR_SERVICE","api","POST","/sampling/take","False"
"C:\Users\DIYA GOEL\Downloads\EBDESIGN\frontend\src\services\api.js","API_OR_SERVICE","api","POST","/sap-module-architecture/module","False"
"C:\Users\DIYA GOEL\Downloads\EBDESIGN\frontend\src\services\api.js","API_OR_SERVICE","api","POST","/sap-module-architecture/module/${id}/transition","True"
"C:\Users\DIYA GOEL\Downloads\EBDESIGN\frontend\src\services\api.js","API_OR_SERVICE","api","POST","/satellite/manage","False"
"C:\Users\DIYA GOEL\Downloads\EBDESIGN\frontend\src\services\api.js","API_OR_SERVICE","api","POST","/satellite-farming/implement","False"
"C:\Users\DIYA GOEL\Downloads\EBDESIGN\frontend\src\services\api.js","API_OR_SERVICE","api","POST","/scaling/policies/${id}/apply","True"
"C:\Users\DIYA GOEL\Downloads\EBDESIGN\frontend\src\services\api.js","API_OR_SERVICE","api","POST","/scenarios","False"
"C:\Users\DIYA GOEL\Downloads\EBDESIGN\frontend\src\services\api.js","API_OR_SERVICE","api","POST","/schedule-manager/create","False"
"C:\Users\DIYA GOEL\Downloads\EBDESIGN\frontend\src\services\api.js","API_OR_SERVICE","api","POST","/schedules","False"
"C:\Users\DIYA GOEL\Downloads\EBDESIGN\frontend\src\services\api.js","API_OR_SERVICE","api","POST","/schemes/${id}/apply","True"
"C:\Users\DIYA GOEL\Downloads\EBDESIGN\frontend\src\services\api.js","API_OR_SERVICE","api","POST","/schools/manage","False"
"C:\Users\DIYA GOEL\Downloads\EBDESIGN\frontend\src\services\api.js","API_OR_SERVICE","api","POST","/science/conduct","False"
"C:\Users\DIYA GOEL\Downloads\EBDESIGN\frontend\src\services\api.js","API_OR_SERVICE","api","POST","/sea/manage","False"
"C:\Users\DIYA GOEL\Downloads\EBDESIGN\frontend\src\services\api.js","API_OR_SERVICE","api","POST","/search","False"
"C:\Users\DIYA GOEL\Downloads\EBDESIGN\frontend\src\services\api.js","API_OR_SERVICE","api","POST","/search/perform","False"
"C:\Users\DIYA GOEL\Downloads\EBDESIGN\frontend\src\services\api.js","API_OR_SERVICE","api","POST","/security/manage","False"
"C:\Users\DIYA GOEL\Downloads\EBDESIGN\frontend\src\services\api.js","API_OR_SERVICE","api","POST","/security-access-control/security-score","False"
"C:\Users\DIYA GOEL\Downloads\EBDESIGN\frontend\src\services\api.js","API_OR_SERVICE","api","POST","/security-audits/run","False"
"C:\Users\DIYA GOEL\Downloads\EBDESIGN\frontend\src\services\api.js","API_OR_SERVICE","api","POST","/security-scans/run","False"
"C:\Users\DIYA GOEL\Downloads\EBDESIGN\frontend\src\services\api.js","API_OR_SERVICE","api","POST","/seedlings/manage","False"
"C:\Users\DIYA GOEL\Downloads\EBDESIGN\frontend\src\services\api.js","API_OR_SERVICE","api","POST","/seed-optimization/optimize","False"
"C:\Users\DIYA GOEL\Downloads\EBDESIGN\frontend\src\services\api.js","API_OR_SERVICE","api","POST","/seed-planning/plan","False"
"C:\Users\DIYA GOEL\Downloads\EBDESIGN\frontend\src\services\api.js","API_OR_SERVICE","api","POST","/seeds/${id}/run","True"
"C:\Users\DIYA GOEL\Downloads\EBDESIGN\frontend\src\services\api.js","API_OR_SERVICE","api","POST","/seeds/manage","False"
"C:\Users\DIYA GOEL\Downloads\EBDESIGN\frontend\src\services\api.js","API_OR_SERVICE","api","POST","/seed-vault","False"
"C:\Users\DIYA GOEL\Downloads\EBDESIGN\frontend\src\services\api.js","API_OR_SERVICE","api","POST","/seller-verifications/${id}/verify","True"
"C:\Users\DIYA GOEL\Downloads\EBDESIGN\frontend\src\services\api.js","API_OR_SERVICE","api","POST","/sensor-farming/implement","False"
"C:\Users\DIYA GOEL\Downloads\EBDESIGN\frontend\src\services\api.js","API_OR_SERVICE","api","POST","/sensors/manage","False"
"C:\Users\DIYA GOEL\Downloads\EBDESIGN\frontend\src\services\api.js","API_OR_SERVICE","api","POST","/service-registry/register","False"
"C:\Users\DIYA GOEL\Downloads\EBDESIGN\frontend\src\services\api.js","API_OR_SERVICE","api","POST","/services/manage","False"
"C:\Users\DIYA GOEL\Downloads\EBDESIGN\frontend\src\services\api.js","API_OR_SERVICE","api","POST","/sessions","False"
"C:\Users\DIYA GOEL\Downloads\EBDESIGN\frontend\src\services\api.js","API_OR_SERVICE","api","POST","/shared-infra/assets","False"
"C:\Users\DIYA GOEL\Downloads\EBDESIGN\frontend\src\services\api.js","API_OR_SERVICE","api","POST","/shared-infra/second-life","False"
"C:\Users\DIYA GOEL\Downloads\EBDESIGN\frontend\src\services\api.js","API_OR_SERVICE","api","POST","/sheep/animal","False"
"C:\Users\DIYA GOEL\Downloads\EBDESIGN\frontend\src\services\api.js","API_OR_SERVICE","api","POST","/sheep/breeding-records","False"
"C:\Users\DIYA GOEL\Downloads\EBDESIGN\frontend\src\services\api.js","API_OR_SERVICE","api","POST","/sheep/feed-consumption","False"
"C:\Users\DIYA GOEL\Downloads\EBDESIGN\frontend\src\services\api.js","API_OR_SERVICE","api","POST","/sheep/manage","False"
"C:\Users\DIYA GOEL\Downloads\EBDESIGN\frontend\src\services\api.js","API_OR_SERVICE","api","POST","/sheep/vaccination-records","False"
"C:\Users\DIYA GOEL\Downloads\EBDESIGN\frontend\src\services\api.js","API_OR_SERVICE","api","POST","/sheep/wool-production","False"
"C:\Users\DIYA GOEL\Downloads\EBDESIGN\frontend\src\services\api.js","API_OR_SERVICE","api","POST","/sheep-farming/animal","False"
"C:\Users\DIYA GOEL\Downloads\EBDESIGN\frontend\src\services\api.js","API_OR_SERVICE","api","POST","/shg/group","False"
"C:\Users\DIYA GOEL\Downloads\EBDESIGN\frontend\src\services\api.js","API_OR_SERVICE","api","POST","/shg/member","False"
"C:\Users\DIYA GOEL\Downloads\EBDESIGN\frontend\src\services\api.js","API_OR_SERVICE","api","POST","/shipments/manage","False"
"C:\Users\DIYA GOEL\Downloads\EBDESIGN\frontend\src\services\api.js","API_OR_SERVICE","api","POST","/shipping/calculate","False"
"C:\Users\DIYA GOEL\Downloads\EBDESIGN\frontend\src\services\api.js","API_OR_SERVICE","api","POST","/shipping/manage","False"
"C:\Users\DIYA GOEL\Downloads\EBDESIGN\frontend\src\services\api.js","API_OR_SERVICE","api","POST","/shrimp/manage","False"
"C:\Users\DIYA GOEL\Downloads\EBDESIGN\frontend\src\services\api.js","API_OR_SERVICE","api","POST","/sidecars/${id}","True"
"C:\Users\DIYA GOEL\Downloads\EBDESIGN\frontend\src\services\api.js","API_OR_SERVICE","api","POST","/signoffs/${id}","True"
"C:\Users\DIYA GOEL\Downloads\EBDESIGN\frontend\src\services\api.js","API_OR_SERVICE","api","POST","/simulation/run","False"
"C:\Users\DIYA GOEL\Downloads\EBDESIGN\frontend\src\services\api.js","API_OR_SERVICE","api","POST","/sites/manage","False"
"C:\Users\DIYA GOEL\Downloads\EBDESIGN\frontend\src\services\api.js","API_OR_SERVICE","api","POST","/skill-development/develop","False"
"C:\Users\DIYA GOEL\Downloads\EBDESIGN\frontend\src\services\api.js","API_OR_SERVICE","api","POST","/skills/manage","False"
"C:\Users\DIYA GOEL\Downloads\EBDESIGN\frontend\src\services\api.js","API_OR_SERVICE","api","POST","/skills-resilience-farming/build","False"
"C:\Users\DIYA GOEL\Downloads\EBDESIGN\frontend\src\services\api.js","API_OR_SERVICE","api","POST","/smart-contracts/deploy","False"
"C:\Users\DIYA GOEL\Downloads\EBDESIGN\frontend\src\services\api.js","API_OR_SERVICE","api","POST","/smart-farming/implement","False"
"C:\Users\DIYA GOEL\Downloads\EBDESIGN\frontend\src\services\api.js","API_OR_SERVICE","api","POST","/social-development/plan","False"
"C:\Users\DIYA GOEL\Downloads\EBDESIGN\frontend\src\services\api.js","API_OR_SERVICE","api","POST","/social-media/manage","False"
"C:\Users\DIYA GOEL\Downloads\EBDESIGN\frontend\src\services\api.js","API_OR_SERVICE","api","POST","/social-resilience-farming/build","False"
"C:\Users\DIYA GOEL\Downloads\EBDESIGN\frontend\src\services\api.js","API_OR_SERVICE","api","POST","/society-resilience-farming/build","False"
"C:\Users\DIYA GOEL\Downloads\EBDESIGN\frontend\src\services\api.js","API_OR_SERVICE","api","POST","/soil/manage","False"
"C:\Users\DIYA GOEL\Downloads\EBDESIGN\frontend\src\services\api.js","API_OR_SERVICE","api","POST","/soil-conservation-farming/implement","False"
"C:\Users\DIYA GOEL\Downloads\EBDESIGN\frontend\src\services\api.js","API_OR_SERVICE","api","POST","/soil-health/card","False"
"C:\Users\DIYA GOEL\Downloads\EBDESIGN\frontend\src\services\api.js","API_OR_SERVICE","api","POST","/soil-health/improve","False"
"C:\Users\DIYA GOEL\Downloads\EBDESIGN\frontend\src\services\api.js","API_OR_SERVICE","api","POST","/soil-health-monitoring/monitor","False"
"C:\Users\DIYA GOEL\Downloads\EBDESIGN\frontend\src\services\api.js","API_OR_SERVICE","api","POST","/soil-management/analyze","False"
"C:\Users\DIYA GOEL\Downloads\EBDESIGN\frontend\src\services\api.js","API_OR_SERVICE","api","POST","/soil-mapping/zone","False"
"C:\Users\DIYA GOEL\Downloads\EBDESIGN\frontend\src\services\api.js","API_OR_SERVICE","api","POST","/soil-moisture/monitor","False"
"C:\Users\DIYA GOEL\Downloads\EBDESIGN\frontend\src\services\api.js","API_OR_SERVICE","api","POST","/soil-testing-ops/submit-sample","False"
"C:\Users\DIYA GOEL\Downloads\EBDESIGN\frontend\src\services\api.js","API_OR_SERVICE","api","POST","/solar/manage","False"
"C:\Users\DIYA GOEL\Downloads\EBDESIGN\frontend\src\services\api.js","API_OR_SERVICE","api","POST","/sorghum/manage","False"
"C:\Users\DIYA GOEL\Downloads\EBDESIGN\frontend\src\services\api.js","API_OR_SERVICE","api","POST","/sort/${entity}","True"
"C:\Users\DIYA GOEL\Downloads\EBDESIGN\frontend\src\services\api.js","API_OR_SERVICE","api","POST","/sorting/perform","False"
"C:\Users\DIYA GOEL\Downloads\EBDESIGN\frontend\src\services\api.js","API_OR_SERVICE","api","POST","/sourcing/manage","False"
"C:\Users\DIYA GOEL\Downloads\EBDESIGN\frontend\src\services\api.js","API_OR_SERVICE","api","POST","/south-south-cooperations/cooperate","False"
"C:\Users\DIYA GOEL\Downloads\EBDESIGN\frontend\src\services\api.js","API_OR_SERVICE","api","POST","/sowing/record","False"
"C:\Users\DIYA GOEL\Downloads\EBDESIGN\frontend\src\services\api.js","API_OR_SERVICE","api","POST","/soybeans/manage","False"
"C:\Users\DIYA GOEL\Downloads\EBDESIGN\frontend\src\services\api.js","API_OR_SERVICE","api","POST","/spare-parts/part","False"
"C:\Users\DIYA GOEL\Downloads\EBDESIGN\frontend\src\services\api.js","API_OR_SERVICE","api","POST","/spatial/analyze","False"
"C:\Users\DIYA GOEL\Downloads\EBDESIGN\frontend\src\services\api.js","API_OR_SERVICE","api","POST","/specifications","False"
"C:\Users\DIYA GOEL\Downloads\EBDESIGN\frontend\src\services\api.js","API_OR_SERVICE","api","POST","/speech-models/${id}/process","True"
"C:\Users\DIYA GOEL\Downloads\EBDESIGN\frontend\src\services\api.js","API_OR_SERVICE","api","POST","/speech-recognition-farming/implement","False"
"C:\Users\DIYA GOEL\Downloads\EBDESIGN\frontend\src\services\api.js","API_OR_SERVICE","api","POST","/spices/manage","False"
"C:\Users\DIYA GOEL\Downloads\EBDESIGN\frontend\src\services\api.js","API_OR_SERVICE","api","POST","/sso/provider","False"
"C:\Users\DIYA GOEL\Downloads\EBDESIGN\frontend\src\services\api.js","API_OR_SERVICE","api","POST","/stakeholder-engagements/engage","False"
"C:\Users\DIYA GOEL\Downloads\EBDESIGN\frontend\src\services\api.js","API_OR_SERVICE","api","POST","/standard-resilience-farming/build","False"
"C:\Users\DIYA GOEL\Downloads\EBDESIGN\frontend\src\services\api.js","API_OR_SERVICE","api","POST","/state","False"
"C:\Users\DIYA GOEL\Downloads\EBDESIGN\frontend\src\services\api.js","API_OR_SERVICE","api","POST","/storage/manage","False"
"C:\Users\DIYA GOEL\Downloads\EBDESIGN\frontend\src\services\api.js","API_OR_SERVICE","api","POST","/storage-buckets/upload","False"
"C:\Users\DIYA GOEL\Downloads\EBDESIGN\frontend\src\services\api.js","API_OR_SERVICE","api","POST","/strategic/plan","False"
"C:\Users\DIYA GOEL\Downloads\EBDESIGN\frontend\src\services\api.js","API_OR_SERVICE","api","POST","/strategy/implement","False"
"C:\Users\DIYA GOEL\Downloads\EBDESIGN\frontend\src\services\api.js","API_OR_SERVICE","api","POST","/streams/manage","False"
"C:\Users\DIYA GOEL\Downloads\EBDESIGN\frontend\src\services\api.js","API_OR_SERVICE","api","POST","/stress-tests/${id}/run","True"
"C:\Users\DIYA GOEL\Downloads\EBDESIGN\frontend\src\services\api.js","API_OR_SERVICE","api","POST","/subscriptions","False"
"C:\Users\DIYA GOEL\Downloads\EBDESIGN\frontend\src\services\api.js","API_OR_SERVICE","api","POST","/subsidy-ops/gst","False"
"C:\Users\DIYA GOEL\Downloads\EBDESIGN\frontend\src\services\api.js","API_OR_SERVICE","api","POST","/success-stories","False"
"C:\Users\DIYA GOEL\Downloads\EBDESIGN\frontend\src\services\api.js","API_OR_SERVICE","api","POST","/sugar/manage","False"
"C:\Users\DIYA GOEL\Downloads\EBDESIGN\frontend\src\services\api.js","API_OR_SERVICE","api","POST","/sunflowers/manage","False"
"C:\Users\DIYA GOEL\Downloads\EBDESIGN\frontend\src\services\api.js","API_OR_SERVICE","api","POST","/suppliers-resilience-farming/build","False"
"C:\Users\DIYA GOEL\Downloads\EBDESIGN\frontend\src\services\api.js","API_OR_SERVICE","api","POST","/supply/manage","False"
"C:\Users\DIYA GOEL\Downloads\EBDESIGN\frontend\src\services\api.js","API_OR_SERVICE","api","POST","/supply-chain-analytics/analyze","False"
"C:\Users\DIYA GOEL\Downloads\EBDESIGN\frontend\src\services\api.js","API_OR_SERVICE","api","POST","/supply-chain-decision","False"
"C:\Users\DIYA GOEL\Downloads\EBDESIGN\frontend\src\services\api.js","API_OR_SERVICE","api","POST","/supply-chain-optimization/optimize","False"
"C:\Users\DIYA GOEL\Downloads\EBDESIGN\frontend\src\services\api.js","API_OR_SERVICE","api","POST","/supply-chains-resilience-farming/build","False"
"C:\Users\DIYA GOEL\Downloads\EBDESIGN\frontend\src\services\api.js","API_OR_SERVICE","api","POST","/support/tickets","False"
"C:\Users\DIYA GOEL\Downloads\EBDESIGN\frontend\src\services\api.js","API_OR_SERVICE","api","POST","/support-tickets","False"
"C:\Users\DIYA GOEL\Downloads\EBDESIGN\frontend\src\services\api.js","API_OR_SERVICE","api","POST","/surveillance/conduct","False"
"C:\Users\DIYA GOEL\Downloads\EBDESIGN\frontend\src\services\api.js","API_OR_SERVICE","api","POST","/survey-management/survey","False"
"C:\Users\DIYA GOEL\Downloads\EBDESIGN\frontend\src\services\api.js","API_OR_SERVICE","api","POST","/sustainability/manage","False"
"C:\Users\DIYA GOEL\Downloads\EBDESIGN\frontend\src\services\api.js","API_OR_SERVICE","api","POST","/sustainability-farming/implement","False"
"C:\Users\DIYA GOEL\Downloads\EBDESIGN\frontend\src\services\api.js","API_OR_SERVICE","api","POST","/swine/manage","False"
"C:\Users\DIYA GOEL\Downloads\EBDESIGN\frontend\src\services\api.js","API_OR_SERVICE","api","POST","/synchronization/perform","False"
"C:\Users\DIYA GOEL\Downloads\EBDESIGN\frontend\src\services\api.js","API_OR_SERVICE","api","POST","/syncs/${id}/run","True"
"C:\Users\DIYA GOEL\Downloads\EBDESIGN\frontend\src\services\api.js","API_OR_SERVICE","api","POST","/system/manage","False"
"C:\Users\DIYA GOEL\Downloads\EBDESIGN\frontend\src\services\api.js","API_OR_SERVICE","api","POST","/system-administration/self-healing","False"
"C:\Users\DIYA GOEL\Downloads\EBDESIGN\frontend\src\services\api.js","API_OR_SERVICE","api","POST","/systems-resilience-farming/build","False"
"C:\Users\DIYA GOEL\Downloads\EBDESIGN\frontend\src\services\api.js","API_OR_SERVICE","api","POST","/tables/data","False"
"C:\Users\DIYA GOEL\Downloads\EBDESIGN\frontend\src\services\api.js","API_OR_SERVICE","api","POST","/tables/export","False"
"C:\Users\DIYA GOEL\Downloads\EBDESIGN\frontend\src\services\api.js","API_OR_SERVICE","api","POST","/tabulation/perform","False"
"C:\Users\DIYA GOEL\Downloads\EBDESIGN\frontend\src\services\api.js","API_OR_SERVICE","api","POST","/tankers/manage","False"
"C:\Users\DIYA GOEL\Downloads\EBDESIGN\frontend\src\services\api.js","API_OR_SERVICE","api","POST","/task-manager/create","False"
"C:\Users\DIYA GOEL\Downloads\EBDESIGN\frontend\src\services\api.js","API_OR_SERVICE","api","POST","/tasks","False"
"C:\Users\DIYA GOEL\Downloads\EBDESIGN\frontend\src\services\api.js","API_OR_SERVICE","api","POST","/tax/calculate","False"
"C:\Users\DIYA GOEL\Downloads\EBDESIGN\frontend\src\services\api.js","API_OR_SERVICE","api","POST","/taxonomy/manage","False"
"C:\Users\DIYA GOEL\Downloads\EBDESIGN\frontend\src\services\api.js","API_OR_SERVICE","api","POST","/tea/manage","False"
"C:\Users\DIYA GOEL\Downloads\EBDESIGN\frontend\src\services\api.js","API_OR_SERVICE","api","POST","/technical/manage","False"
"C:\Users\DIYA GOEL\Downloads\EBDESIGN\frontend\src\services\api.js","API_OR_SERVICE","api","POST","/technology/manage","False"
"C:\Users\DIYA GOEL\Downloads\EBDESIGN\frontend\src\services\api.js","API_OR_SERVICE","api","POST","/technology-resilience-farming/build","False"
"C:\Users\DIYA GOEL\Downloads\EBDESIGN\frontend\src\services\api.js","API_OR_SERVICE","api","POST","/technology-transfer/transfer","False"
"C:\Users\DIYA GOEL\Downloads\EBDESIGN\frontend\src\services\api.js","API_OR_SERVICE","api","POST","/telecommunication/manage","False"
"C:\Users\DIYA GOEL\Downloads\EBDESIGN\frontend\src\services\api.js","API_OR_SERVICE","api","POST","/temperature/measure","False"
"C:\Users\DIYA GOEL\Downloads\EBDESIGN\frontend\src\services\api.js","API_OR_SERVICE","api","POST","/tenant-management/tenant","False"
"C:\Users\DIYA GOEL\Downloads\EBDESIGN\frontend\src\services\api.js","API_OR_SERVICE","api","POST","/tester/run","False"
"C:\Users\DIYA GOEL\Downloads\EBDESIGN\frontend\src\services\api.js","API_OR_SERVICE","api","POST","/testing/run","False"
"C:\Users\DIYA GOEL\Downloads\EBDESIGN\frontend\src\services\api.js","API_OR_SERVICE","api","POST","/testing-resilience-farming/build","False"
"C:\Users\DIYA GOEL\Downloads\EBDESIGN\frontend\src\services\api.js","API_OR_SERVICE","api","POST","/textile/manage","False"
"C:\Users\DIYA GOEL\Downloads\EBDESIGN\frontend\src\services\api.js","API_OR_SERVICE","api","POST","/theme-manager/${id}/activate","True"
"C:\Users\DIYA GOEL\Downloads\EBDESIGN\frontend\src\services\api.js","API_OR_SERVICE","api","POST","/themes","False"
"C:\Users\DIYA GOEL\Downloads\EBDESIGN\frontend\src\services\api.js","API_OR_SERVICE","api","POST","/thermal/manage","False"
"C:\Users\DIYA GOEL\Downloads\EBDESIGN\frontend\src\services\api.js","API_OR_SERVICE","api","POST","/tickets","False"
"C:\Users\DIYA GOEL\Downloads\EBDESIGN\frontend\src\services\api.js","API_OR_SERVICE","api","POST","/timeline/${entity}/${id}","True"
"C:\Users\DIYA GOEL\Downloads\EBDESIGN\frontend\src\services\api.js","API_OR_SERVICE","api","POST","/timezones","False"
"C:\Users\DIYA GOEL\Downloads\EBDESIGN\frontend\src\services\api.js","API_OR_SERVICE","api","POST","/tomatoes/manage","False"
"C:\Users\DIYA GOEL\Downloads\EBDESIGN\frontend\src\services\api.js","API_OR_SERVICE","api","POST","/tools/manage","False"
"C:\Users\DIYA GOEL\Downloads\EBDESIGN\frontend\src\services\api.js","API_OR_SERVICE","api","POST","/total-warfare/wage","False"
"C:\Users\DIYA GOEL\Downloads\EBDESIGN\frontend\src\services\api.js","API_OR_SERVICE","api","POST","/traceability-farming/implement","False"
"C:\Users\DIYA GOEL\Downloads\EBDESIGN\frontend\src\services\api.js","API_OR_SERVICE","api","POST","/tracer/start","False"
"C:\Users\DIYA GOEL\Downloads\EBDESIGN\frontend\src\services\api.js","API_OR_SERVICE","api","POST","/trade/execute","False"
"C:\Users\DIYA GOEL\Downloads\EBDESIGN\frontend\src\services\api.js","API_OR_SERVICE","api","POST","/training/manage","False"
"C:\Users\DIYA GOEL\Downloads\EBDESIGN\frontend\src\services\api.js","API_OR_SERVICE","api","POST","/training-resilience-farming/build","False"
"C:\Users\DIYA GOEL\Downloads\EBDESIGN\frontend\src\services\api.js","API_OR_SERVICE","api","POST","/transactions","False"
"C:\Users\DIYA GOEL\Downloads\EBDESIGN\frontend\src\services\api.js","API_OR_SERVICE","api","POST","/transactions/execute","False"
"C:\Users\DIYA GOEL\Downloads\EBDESIGN\frontend\src\services\api.js","API_OR_SERVICE","api","POST","/transfers/execute","False"
"C:\Users\DIYA GOEL\Downloads\EBDESIGN\frontend\src\services\api.js","API_OR_SERVICE","api","POST","/transformers/${id}","True"
"C:\Users\DIYA GOEL\Downloads\EBDESIGN\frontend\src\services\api.js","API_OR_SERVICE","api","POST","/transparency-farming/implement","False"
"C:\Users\DIYA GOEL\Downloads\EBDESIGN\frontend\src\services\api.js","API_OR_SERVICE","api","POST","/transparency-resilience-farming/build","False"
"C:\Users\DIYA GOEL\Downloads\EBDESIGN\frontend\src\services\api.js","API_OR_SERVICE","api","POST","/transport/manage","False"
"C:\Users\DIYA GOEL\Downloads\EBDESIGN\frontend\src\services\api.js","API_OR_SERVICE","api","POST","/trees/manage","False"
"C:\Users\DIYA GOEL\Downloads\EBDESIGN\frontend\src\services\api.js","API_OR_SERVICE","api","POST","/trend-analyses/run","False"
"C:\Users\DIYA GOEL\Downloads\EBDESIGN\frontend\src\services\api.js","API_OR_SERVICE","api","POST","/triangular-cooperations/cooperate","False"
"C:\Users\DIYA GOEL\Downloads\EBDESIGN\frontend\src\services\api.js","API_OR_SERVICE","api","POST","/tribal-warfare/wage","False"
"C:\Users\DIYA GOEL\Downloads\EBDESIGN\frontend\src\services\api.js","API_OR_SERVICE","api","POST","/trucks/manage","False"
"C:\Users\DIYA GOEL\Downloads\EBDESIGN\frontend\src\services\api.js","API_OR_SERVICE","api","POST","/turf/manage","False"
"C:\Users\DIYA GOEL\Downloads\EBDESIGN\frontend\src\services\api.js","API_OR_SERVICE","api","POST","/ui/manage","False"
"C:\Users\DIYA GOEL\Downloads\EBDESIGN\frontend\src\services\api.js","API_OR_SERVICE","api","POST","/underground/manage","False"
"C:\Users\DIYA GOEL\Downloads\EBDESIGN\frontend\src\services\api.js","API_OR_SERVICE","api","POST","/updates/${id}/apply","True"
"C:\Users\DIYA GOEL\Downloads\EBDESIGN\frontend\src\services\api.js","API_OR_SERVICE","api","POST","/upgrades/${id}/perform","True"
"C:\Users\DIYA GOEL\Downloads\EBDESIGN\frontend\src\services\api.js","API_OR_SERVICE","api","POST","/upstream/manage","False"
"C:\Users\DIYA GOEL\Downloads\EBDESIGN\frontend\src\services\api.js","API_OR_SERVICE","api","POST","/urban/manage","False"
"C:\Users\DIYA GOEL\Downloads\EBDESIGN\frontend\src\services\api.js","API_OR_SERVICE","api","POST","/urban-development/plan","False"
"C:\Users\DIYA GOEL\Downloads\EBDESIGN\frontend\src\services\api.js","API_OR_SERVICE","api","POST","/user-management/setting","False"
"C:\Users\DIYA GOEL\Downloads\EBDESIGN\frontend\src\services\api.js","API_OR_SERVICE","api","POST","/user-manager/manage","False"
"C:\Users\DIYA GOEL\Downloads\EBDESIGN\frontend\src\services\api.js","API_OR_SERVICE","api","POST","/user-routes","False"
"C:\Users\DIYA GOEL\Downloads\EBDESIGN\frontend\src\services\api.js","API_OR_SERVICE","api","POST","/users/manage","False"
"C:\Users\DIYA GOEL\Downloads\EBDESIGN\frontend\src\services\api.js","API_OR_SERVICE","api","POST","/validation/${entity}","True"
"C:\Users\DIYA GOEL\Downloads\EBDESIGN\frontend\src\services\api.js","API_OR_SERVICE","api","POST","/validation/${entity}/${field}","True"
"C:\Users\DIYA GOEL\Downloads\EBDESIGN\frontend\src\services\api.js","API_OR_SERVICE","api","POST","/validation-resilience-farming/build","False"
"C:\Users\DIYA GOEL\Downloads\EBDESIGN\frontend\src\services\api.js","API_OR_SERVICE","api","POST","/validators/${id}","True"
"C:\Users\DIYA GOEL\Downloads\EBDESIGN\frontend\src\services\api.js","API_OR_SERVICE","api","POST","/value-chain/manage","False"
"C:\Users\DIYA GOEL\Downloads\EBDESIGN\frontend\src\services\api.js","API_OR_SERVICE","api","POST","/value-creations/create","False"
"C:\Users\DIYA GOEL\Downloads\EBDESIGN\frontend\src\services\api.js","API_OR_SERVICE","api","POST","/variety-directory/listing","False"
"C:\Users\DIYA GOEL\Downloads\EBDESIGN\frontend\src\services\api.js","API_OR_SERVICE","api","POST","/variety-selection/select","False"
"C:\Users\DIYA GOEL\Downloads\EBDESIGN\frontend\src\services\api.js","API_OR_SERVICE","api","POST","/vegetable-production/record","False"
"C:\Users\DIYA GOEL\Downloads\EBDESIGN\frontend\src\services\api.js","API_OR_SERVICE","api","POST","/vehicles/manage","False"
"C:\Users\DIYA GOEL\Downloads\EBDESIGN\frontend\src\services\api.js","API_OR_SERVICE","api","POST","/vendor-portal/manage","False"
"C:\Users\DIYA GOEL\Downloads\EBDESIGN\frontend\src\services\api.js","API_OR_SERVICE","api","POST","/verification-resilience-farming/build","False"
"C:\Users\DIYA GOEL\Downloads\EBDESIGN\frontend\src\services\api.js","API_OR_SERVICE","api","POST","/verifications/${id}/verify","True"
"C:\Users\DIYA GOEL\Downloads\EBDESIGN\frontend\src\services\api.js","API_OR_SERVICE","api","POST","/versions/${entity}/${id}/${version}/restore","True"
"C:\Users\DIYA GOEL\Downloads\EBDESIGN\frontend\src\services\api.js","API_OR_SERVICE","api","POST","/veterinary/manage","False"
"C:\Users\DIYA GOEL\Downloads\EBDESIGN\frontend\src\services\api.js","API_OR_SERVICE","api","POST","/video-analytics/analyze","False"
"C:\Users\DIYA GOEL\Downloads\EBDESIGN\frontend\src\services\api.js","API_OR_SERVICE","api","POST","/videos/manage","False"
"C:\Users\DIYA GOEL\Downloads\EBDESIGN\frontend\src\services\api.js","API_OR_SERVICE","api","POST","/videos/upload","False"
"C:\Users\DIYA GOEL\Downloads\EBDESIGN\frontend\src\services\api.js","API_OR_SERVICE","api","POST","/vineyards/manage","False"
"C:\Users\DIYA GOEL\Downloads\EBDESIGN\frontend\src\services\api.js","API_OR_SERVICE","api","POST","/virtual/manage","False"
"C:\Users\DIYA GOEL\Downloads\EBDESIGN\frontend\src\services\api.js","API_OR_SERVICE","api","POST","/virus/manage","False"
"C:\Users\DIYA GOEL\Downloads\EBDESIGN\frontend\src\services\api.js","API_OR_SERVICE","api","POST","/vision/manage","False"
"C:\Users\DIYA GOEL\Downloads\EBDESIGN\frontend\src\services\api.js","API_OR_SERVICE","api","POST","/visualization/manage","False"
"C:\Users\DIYA GOEL\Downloads\EBDESIGN\frontend\src\services\api.js","API_OR_SERVICE","api","POST","/viticulture/manage","False"
"C:\Users\DIYA GOEL\Downloads\EBDESIGN\frontend\src\services\api.js","API_OR_SERVICE","api","POST","/voice-ai/command","False"
"C:\Users\DIYA GOEL\Downloads\EBDESIGN\frontend\src\services\api.js","API_OR_SERVICE","api","POST","/voice-ai/session","False"
"C:\Users\DIYA GOEL\Downloads\EBDESIGN\frontend\src\services\api.js","API_OR_SERVICE","api","POST","/voice-ai/session/${sessionId}/end","True"
"C:\Users\DIYA GOEL\Downloads\EBDESIGN\frontend\src\services\api.js","API_OR_SERVICE","api","POST","/vulnerabilities/scan","False"
"C:\Users\DIYA GOEL\Downloads\EBDESIGN\frontend\src\services\api.js","API_OR_SERVICE","api","POST","/wallet/deposit","False"
"C:\Users\DIYA GOEL\Downloads\EBDESIGN\frontend\src\services\api.js","API_OR_SERVICE","api","POST","/wallet/payment","False"
"C:\Users\DIYA GOEL\Downloads\EBDESIGN\frontend\src\services\api.js","API_OR_SERVICE","api","POST","/wallet/transfer","False"
"C:\Users\DIYA GOEL\Downloads\EBDESIGN\frontend\src\services\api.js","API_OR_SERVICE","api","POST","/wallet/withdraw","False"
"C:\Users\DIYA GOEL\Downloads\EBDESIGN\frontend\src\services\api.js","API_OR_SERVICE","api","POST","/warehouse/manage","False"
"C:\Users\DIYA GOEL\Downloads\EBDESIGN\frontend\src\services\api.js","API_OR_SERVICE","api","POST","/warehouse-management/inventory","False"
"C:\Users\DIYA GOEL\Downloads\EBDESIGN\frontend\src\services\api.js","API_OR_SERVICE","api","POST","/warnings/","False"
"C:\Users\DIYA GOEL\Downloads\EBDESIGN\frontend\src\services\api.js","API_OR_SERVICE","api","POST","/warnings/cleanup","False"
"C:\Users\DIYA GOEL\Downloads\EBDESIGN\frontend\src\services\api.js","API_OR_SERVICE","api","POST","/warnings/generate","False"
"C:\Users\DIYA GOEL\Downloads\EBDESIGN\frontend\src\services\api.js","API_OR_SERVICE","api","POST","/warnings/metrics/reset","False"
"C:\Users\DIYA GOEL\Downloads\EBDESIGN\frontend\src\services\api.js","API_OR_SERVICE","api","POST","/waste-reduction-farming/implement","False"
"C:\Users\DIYA GOEL\Downloads\EBDESIGN\frontend\src\services\api.js","API_OR_SERVICE","api","POST","/water/manage","False"
"C:\Users\DIYA GOEL\Downloads\EBDESIGN\frontend\src\services\api.js","API_OR_SERVICE","api","POST","/water-analytics/dashboard","False"
"C:\Users\DIYA GOEL\Downloads\EBDESIGN\frontend\src\services\api.js","API_OR_SERVICE","api","POST","/water-analytics/prediction","False"
"C:\Users\DIYA GOEL\Downloads\EBDESIGN\frontend\src\services\api.js","API_OR_SERVICE","api","POST","/water-analytics/usage-analytics","False"
"C:\Users\DIYA GOEL\Downloads\EBDESIGN\frontend\src\services\api.js","API_OR_SERVICE","api","POST","/water-analytics-records","False"
"C:\Users\DIYA GOEL\Downloads\EBDESIGN\frontend\src\services\api.js","API_OR_SERVICE","api","POST","/water-budgeting/budget","False"
"C:\Users\DIYA GOEL\Downloads\EBDESIGN\frontend\src\services\api.js","API_OR_SERVICE","api","POST","/water-budgeting/report","False"
"C:\Users\DIYA GOEL\Downloads\EBDESIGN\frontend\src\services\api.js","API_OR_SERVICE","api","POST","/water-budget-records","False"
"C:\Users\DIYA GOEL\Downloads\EBDESIGN\frontend\src\services\api.js","API_OR_SERVICE","api","POST","/water-conservation/conserve","False"
"C:\Users\DIYA GOEL\Downloads\EBDESIGN\frontend\src\services\api.js","API_OR_SERVICE","api","POST","/water-conservation-farming/implement","False"
"C:\Users\DIYA GOEL\Downloads\EBDESIGN\frontend\src\services\api.js","API_OR_SERVICE","api","POST","/water-footprint-farming/calculate","False"
"C:\Users\DIYA GOEL\Downloads\EBDESIGN\frontend\src\services\api.js","API_OR_SERVICE","api","POST","/water-management/control","False"
"C:\Users\DIYA GOEL\Downloads\EBDESIGN\frontend\src\services\api.js","API_OR_SERVICE","api","POST","/water-optimization/optimize","False"
"C:\Users\DIYA GOEL\Downloads\EBDESIGN\frontend\src\services\api.js","API_OR_SERVICE","api","POST","/water-quality-records","False"
"C:\Users\DIYA GOEL\Downloads\EBDESIGN\frontend\src\services\api.js","API_OR_SERVICE","api","POST","/water-resource-mapping/resource","False"
"C:\Users\DIYA GOEL\Downloads\EBDESIGN\frontend\src\services\api.js","API_OR_SERVICE","api","POST","/watershed/manage","False"
"C:\Users\DIYA GOEL\Downloads\EBDESIGN\frontend\src\services\api.js","API_OR_SERVICE","api","POST","/watershed-management/plan","False"
"C:\Users\DIYA GOEL\Downloads\EBDESIGN\frontend\src\services\api.js","API_OR_SERVICE","api","POST","/watershed-management/report","False"
"C:\Users\DIYA GOEL\Downloads\EBDESIGN\frontend\src\services\api.js","API_OR_SERVICE","api","POST","/watershed-records","False"
"C:\Users\DIYA GOEL\Downloads\EBDESIGN\frontend\src\services\api.js","API_OR_SERVICE","api","POST","/wearable-integration/sync","False"
"C:\Users\DIYA GOEL\Downloads\EBDESIGN\frontend\src\services\api.js","API_OR_SERVICE","api","POST","/weather/dispatch-check","False"
"C:\Users\DIYA GOEL\Downloads\EBDESIGN\frontend\src\services\api.js","API_OR_SERVICE","api","POST","/weather/for-arp","False"
"C:\Users\DIYA GOEL\Downloads\EBDESIGN\frontend\src\services\api.js","API_OR_SERVICE","api","POST","/weather/manage","False"
"C:\Users\DIYA GOEL\Downloads\EBDESIGN\frontend\src\services\api.js","API_OR_SERVICE","api","POST","/weather/pest-forecast","False"
"C:\Users\DIYA GOEL\Downloads\EBDESIGN\frontend\src\services\api.js","API_OR_SERVICE","api","POST","/weeds/manage","False"
"C:\Users\DIYA GOEL\Downloads\EBDESIGN\frontend\src\services\api.js","API_OR_SERVICE","api","POST","/wheat/manage","False"
"C:\Users\DIYA GOEL\Downloads\EBDESIGN\frontend\src\services\api.js","API_OR_SERVICE","api","POST","/wholesale/manage","False"
"C:\Users\DIYA GOEL\Downloads\EBDESIGN\frontend\src\services\api.js","API_OR_SERVICE","api","POST","/wildlife/manage","False"
"C:\Users\DIYA GOEL\Downloads\EBDESIGN\frontend\src\services\api.js","API_OR_SERVICE","api","POST","/wind/manage","False"
"C:\Users\DIYA GOEL\Downloads\EBDESIGN\frontend\src\services\api.js","API_OR_SERVICE","api","POST","/wine/manage","False"
"C:\Users\DIYA GOEL\Downloads\EBDESIGN\frontend\src\services\api.js","API_OR_SERVICE","api","POST","/wishlist/add","False"
"C:\Users\DIYA GOEL\Downloads\EBDESIGN\frontend\src\services\api.js","API_OR_SERVICE","api","POST","/women-engagements/engage","False"
"C:\Users\DIYA GOEL\Downloads\EBDESIGN\frontend\src\services\api.js","API_OR_SERVICE","api","POST","/wood/manage","False"
"C:\Users\DIYA GOEL\Downloads\EBDESIGN\frontend\src\services\api.js","API_OR_SERVICE","api","POST","/workflow/manage","False"
"C:\Users\DIYA GOEL\Downloads\EBDESIGN\frontend\src\services\api.js","API_OR_SERVICE","api","POST","/workflow-manager/${id}/execute","True"
"C:\Users\DIYA GOEL\Downloads\EBDESIGN\frontend\src\services\api.js","API_OR_SERVICE","api","POST","/workflows/${id}/execute","True"
"C:\Users\DIYA GOEL\Downloads\EBDESIGN\frontend\src\services\api.js","API_OR_SERVICE","api","POST","/workflows-resilience-farming/build","False"
"C:\Users\DIYA GOEL\Downloads\EBDESIGN\frontend\src\services\api.js","API_OR_SERVICE","api","POST","/yards/manage","False"
"C:\Users\DIYA GOEL\Downloads\EBDESIGN\frontend\src\services\api.js","API_OR_SERVICE","api","POST","/yield/manage","False"
"C:\Users\DIYA GOEL\Downloads\EBDESIGN\frontend\src\services\api.js","API_OR_SERVICE","api","POST","/yield-management/optimize","False"
"C:\Users\DIYA GOEL\Downloads\EBDESIGN\frontend\src\services\api.js","API_OR_SERVICE","api","POST","/yield-prediction/predict","False"
"C:\Users\DIYA GOEL\Downloads\EBDESIGN\frontend\src\services\api.js","API_OR_SERVICE","api","POST","/youth/manage","False"
"C:\Users\DIYA GOEL\Downloads\EBDESIGN\frontend\src\services\api.js","API_OR_SERVICE","api","POST","/youth-engagements/engage","False"
"C:\Users\DIYA GOEL\Downloads\EBDESIGN\frontend\src\services\api.js","API_OR_SERVICE","api","POST","/zero-waste-farming/implement","False"
"C:\Users\DIYA GOEL\Downloads\EBDESIGN\frontend\src\services\api.js","API_OR_SERVICE","api","POST","/zoo/manage","False"
"C:\Users\DIYA GOEL\Downloads\EBDESIGN\frontend\src\services\api.js","API_OR_SERVICE","api","PUT","/adapters/${id}","True"
"C:\Users\DIYA GOEL\Downloads\EBDESIGN\frontend\src\services\api.js","API_OR_SERVICE","api","PUT","/admin/settings","False"
"C:\Users\DIYA GOEL\Downloads\EBDESIGN\frontend\src\services\api.js","API_OR_SERVICE","api","PUT","/admin/users/${id}","True"
"C:\Users\DIYA GOEL\Downloads\EBDESIGN\frontend\src\services\api.js","API_OR_SERVICE","api","PUT","/aeroponics/system/${id}","True"
"C:\Users\DIYA GOEL\Downloads\EBDESIGN\frontend\src\services\api.js","API_OR_SERVICE","api","PUT","/agro-meteorology/records/record/${id}","True"
"C:\Users\DIYA GOEL\Downloads\EBDESIGN\frontend\src\services\api.js","API_OR_SERVICE","api","PUT","/ai/backbone/config","False"
"C:\Users\DIYA GOEL\Downloads\EBDESIGN\frontend\src\services\api.js","API_OR_SERVICE","api","PUT","/ai/cluster/config","False"
"C:\Users\DIYA GOEL\Downloads\EBDESIGN\frontend\src\services\api.js","API_OR_SERVICE","api","PUT","/ai/copilot/session/${sessionId}/close","True"
"C:\Users\DIYA GOEL\Downloads\EBDESIGN\frontend\src\services\api.js","API_OR_SERVICE","api","PUT","/ai/gateway/config","False"
"C:\Users\DIYA GOEL\Downloads\EBDESIGN\frontend\src\services\api.js","API_OR_SERVICE","api","PUT","/ai/providers/${id}","True"
"C:\Users\DIYA GOEL\Downloads\EBDESIGN\frontend\src\services\api.js","API_OR_SERVICE","api","PUT","/ai-agent/agent/${agentName}","True"
"C:\Users\DIYA GOEL\Downloads\EBDESIGN\frontend\src\services\api.js","API_OR_SERVICE","api","PUT","/alerts/${id}/acknowledge","True"
"C:\Users\DIYA GOEL\Downloads\EBDESIGN\frontend\src\services\api.js","API_OR_SERVICE","api","PUT","/ambassadors/${id}","True"
"C:\Users\DIYA GOEL\Downloads\EBDESIGN\frontend\src\services\api.js","API_OR_SERVICE","api","PUT","/animal-health/examination/${id}","True"
"C:\Users\DIYA GOEL\Downloads\EBDESIGN\frontend\src\services\api.js","API_OR_SERVICE","api","PUT","/animal-health/outbreak/${id}","True"
"C:\Users\DIYA GOEL\Downloads\EBDESIGN\frontend\src\services\api.js","API_OR_SERVICE","api","PUT","/animal-health/quarantine/${id}","True"
"C:\Users\DIYA GOEL\Downloads\EBDESIGN\frontend\src\services\api.js","API_OR_SERVICE","api","PUT","/animal-health/treatment/${id}","True"
"C:\Users\DIYA GOEL\Downloads\EBDESIGN\frontend\src\services\api.js","API_OR_SERVICE","api","PUT","/api-config","False"
"C:\Users\DIYA GOEL\Downloads\EBDESIGN\frontend\src\services\api.js","API_OR_SERVICE","api","PUT","/aquaculture-analytics/metric/${id}","True"
"C:\Users\DIYA GOEL\Downloads\EBDESIGN\frontend\src\services\api.js","API_OR_SERVICE","api","PUT","/biofertilizer/item/${id}","True"
"C:\Users\DIYA GOEL\Downloads\EBDESIGN\frontend\src\services\api.js","API_OR_SERVICE","api","PUT","/bioflocc-farm/tank/${id}","True"
"C:\Users\DIYA GOEL\Downloads\EBDESIGN\frontend\src\services\api.js","API_OR_SERVICE","api","PUT","/bio-pesticide/item/${id}","True"
"C:\Users\DIYA GOEL\Downloads\EBDESIGN\frontend\src\services\api.js","API_OR_SERVICE","api","PUT","/block/${id}","True"
"C:\Users\DIYA GOEL\Downloads\EBDESIGN\frontend\src\services\api.js","API_OR_SERVICE","api","PUT","/caps/${id}","True"
"C:\Users\DIYA GOEL\Downloads\EBDESIGN\frontend\src\services\api.js","API_OR_SERVICE","api","PUT","/cattle-registry/animal/${id}","True"
"C:\Users\DIYA GOEL\Downloads\EBDESIGN\frontend\src\services\api.js","API_OR_SERVICE","api","PUT","/circuit-breakers/${id}","True"
"C:\Users\DIYA GOEL\Downloads\EBDESIGN\frontend\src\services\api.js","API_OR_SERVICE","api","PUT","/climate-risk/assessments/assessment/${id}","True"
"C:\Users\DIYA GOEL\Downloads\EBDESIGN\frontend\src\services\api.js","API_OR_SERVICE","api","PUT","/cold-fish-chain/shipment/${id}","True"
"C:\Users\DIYA GOEL\Downloads\EBDESIGN\frontend\src\services\api.js","API_OR_SERVICE","api","PUT","/cold-storage/booking/${bookingId}/status","True"
"C:\Users\DIYA GOEL\Downloads\EBDESIGN\frontend\src\services\api.js","API_OR_SERVICE","api","PUT","/cold-storage/facility/${facilityId}","True"
"C:\Users\DIYA GOEL\Downloads\EBDESIGN\frontend\src\services\api.js","API_OR_SERVICE","api","PUT","/community-asset/${id}","True"
"C:\Users\DIYA GOEL\Downloads\EBDESIGN\frontend\src\services\api.js","API_OR_SERVICE","api","PUT","/comprehensive-erp/configure","False"
"C:\Users\DIYA GOEL\Downloads\EBDESIGN\frontend\src\services\api.js","API_OR_SERVICE","api","PUT","/config","False"
"C:\Users\DIYA GOEL\Downloads\EBDESIGN\frontend\src\services\api.js","API_OR_SERVICE","api","PUT","/consent-management/record/${id}","True"
"C:\Users\DIYA GOEL\Downloads\EBDESIGN\frontend\src\services\api.js","API_OR_SERVICE","api","PUT","/consul-configs/${id}","True"
"C:\Users\DIYA GOEL\Downloads\EBDESIGN\frontend\src\services\api.js","API_OR_SERVICE","api","PUT","/contractor-management/contractor/${id}","True"
"C:\Users\DIYA GOEL\Downloads\EBDESIGN\frontend\src\services\api.js","API_OR_SERVICE","api","PUT","/crop-calendar","False"
"C:\Users\DIYA GOEL\Downloads\EBDESIGN\frontend\src\services\api.js","API_OR_SERVICE","api","PUT","/crop-monitoring/observations/${id}","True"
"C:\Users\DIYA GOEL\Downloads\EBDESIGN\frontend\src\services\api.js","API_OR_SERVICE","api","PUT","/crop-registrations/${id}","True"
"C:\Users\DIYA GOEL\Downloads\EBDESIGN\frontend\src\services\api.js","API_OR_SERVICE","api","PUT","/crop-varieties/${id}","True"
"C:\Users\DIYA GOEL\Downloads\EBDESIGN\frontend\src\services\api.js","API_OR_SERVICE","api","PUT","/dairy/animal/${id}","True"
"C:\Users\DIYA GOEL\Downloads\EBDESIGN\frontend\src\services\api.js","API_OR_SERVICE","api","PUT","/decision-engine/rules/${id}","True"
"C:\Users\DIYA GOEL\Downloads\EBDESIGN\frontend\src\services\api.js","API_OR_SERVICE","api","PUT","/deployment-config/${id}","True"
"C:\Users\DIYA GOEL\Downloads\EBDESIGN\frontend\src\services\api.js","API_OR_SERVICE","api","PUT","/digital-identity/identity/${id}","True"
"C:\Users\DIYA GOEL\Downloads\EBDESIGN\frontend\src\services\api.js","API_OR_SERVICE","api","PUT","/disease-forecasting/forecasts/forecast/${id}","True"
"C:\Users\DIYA GOEL\Downloads\EBDESIGN\frontend\src\services\api.js","API_OR_SERVICE","api","PUT","/district/${id}","True"
"C:\Users\DIYA GOEL\Downloads\EBDESIGN\frontend\src\services\api.js","API_OR_SERVICE","api","PUT","/drought-monitoring/records/record/${id}","True"
"C:\Users\DIYA GOEL\Downloads\EBDESIGN\frontend\src\services\api.js","API_OR_SERVICE","api","PUT","/ecommerce-erp/configure","False"
"C:\Users\DIYA GOEL\Downloads\EBDESIGN\frontend\src\services\api.js","API_OR_SERVICE","api","PUT","/ecommerce-marketplace/listing/${id}","True"
"C:\Users\DIYA GOEL\Downloads\EBDESIGN\frontend\src\services\api.js","API_OR_SERVICE","api","PUT","/edge-locations/${id}","True"
"C:\Users\DIYA GOEL\Downloads\EBDESIGN\frontend\src\services\api.js","API_OR_SERVICE","api","PUT","/engineering-project/project/${id}/phase","True"
"C:\Users\DIYA GOEL\Downloads\EBDESIGN\frontend\src\services\api.js","API_OR_SERVICE","api","PUT","/enterprise-memory/cases/${id}","True"
"C:\Users\DIYA GOEL\Downloads\EBDESIGN\frontend\src\services\api.js","API_OR_SERVICE","api","PUT","/environment-config/${id}","True"
"C:\Users\DIYA GOEL\Downloads\EBDESIGN\frontend\src\services\api.js","API_OR_SERVICE","api","PUT","/envoys/${id}","True"
"C:\Users\DIYA GOEL\Downloads\EBDESIGN\frontend\src\services\api.js","API_OR_SERVICE","api","PUT","/equipment-scheduling/schedule/${id}","True"
"C:\Users\DIYA GOEL\Downloads\EBDESIGN\frontend\src\services\api.js","API_OR_SERVICE","api","PUT","/etcd-data","False"
"C:\Users\DIYA GOEL\Downloads\EBDESIGN\frontend\src\services\api.js","API_OR_SERVICE","api","PUT","/fallbacks/${id}","True"
"C:\Users\DIYA GOEL\Downloads\EBDESIGN\frontend\src\services\api.js","API_OR_SERVICE","api","PUT","/farm-activity/activity/${id}","True"
"C:\Users\DIYA GOEL\Downloads\EBDESIGN\frontend\src\services\api.js","API_OR_SERVICE","api","PUT","/farmer/profile","False"
"C:\Users\DIYA GOEL\Downloads\EBDESIGN\frontend\src\services\api.js","API_OR_SERVICE","api","PUT","/farmer-health/record/${id}","True"
"C:\Users\DIYA GOEL\Downloads\EBDESIGN\frontend\src\services\api.js","API_OR_SERVICE","api","PUT","/farmer-profile","False"
"C:\Users\DIYA GOEL\Downloads\EBDESIGN\frontend\src\services\api.js","API_OR_SERVICE","api","PUT","/farm-operations-dashboard/kpi/${id}","True"
"C:\Users\DIYA GOEL\Downloads\EBDESIGN\frontend\src\services\api.js","API_OR_SERVICE","api","PUT","/farm-productivity/metric/${id}","True"
"C:\Users\DIYA GOEL\Downloads\EBDESIGN\frontend\src\services\api.js","API_OR_SERVICE","api","PUT","/farm-task/task/${id}","True"
"C:\Users\DIYA GOEL\Downloads\EBDESIGN\frontend\src\services\api.js","API_OR_SERVICE","api","PUT","/feed-management/record/${id}","True"
"C:\Users\DIYA GOEL\Downloads\EBDESIGN\frontend\src\services\api.js","API_OR_SERVICE","api","PUT","/fertility-management/record/${id}","True"
"C:\Users\DIYA GOEL\Downloads\EBDESIGN\frontend\src\services\api.js","API_OR_SERVICE","api","PUT","/fertilizer-inventory/item/${id}","True"
"C:\Users\DIYA GOEL\Downloads\EBDESIGN\frontend\src\services\api.js","API_OR_SERVICE","api","PUT","/firebase-realtime-data","False"
"C:\Users\DIYA GOEL\Downloads\EBDESIGN\frontend\src\services\api.js","API_OR_SERVICE","api","PUT","/fisheries-harvest/harvest/${id}","True"
"C:\Users\DIYA GOEL\Downloads\EBDESIGN\frontend\src\services\api.js","API_OR_SERVICE","api","PUT","/fisheries-water-quality/reading/${id}","True"
"C:\Users\DIYA GOEL\Downloads\EBDESIGN\frontend\src\services\api.js","API_OR_SERVICE","api","PUT","/fish-feed/log/${id}","True"
"C:\Users\DIYA GOEL\Downloads\EBDESIGN\frontend\src\services\api.js","API_OR_SERVICE","api","PUT","/fish-health/record/${id}","True"
"C:\Users\DIYA GOEL\Downloads\EBDESIGN\frontend\src\services\api.js","API_OR_SERVICE","api","PUT","/fish-processing/batch/${id}","True"
"C:\Users\DIYA GOEL\Downloads\EBDESIGN\frontend\src\services\api.js","API_OR_SERVICE","api","PUT","/fleet-management/vehicle/${id}","True"
"C:\Users\DIYA GOEL\Downloads\EBDESIGN\frontend\src\services\api.js","API_OR_SERVICE","api","PUT","/flood-monitoring/records/record/${id}","True"
"C:\Users\DIYA GOEL\Downloads\EBDESIGN\frontend\src\services\api.js","API_OR_SERVICE","api","PUT","/floriculture/record/${id}","True"
"C:\Users\DIYA GOEL\Downloads\EBDESIGN\frontend\src\services\api.js","API_OR_SERVICE","api","PUT","/forms/form/${id}","True"
"C:\Users\DIYA GOEL\Downloads\EBDESIGN\frontend\src\services\api.js","API_OR_SERVICE","api","PUT","/gateways/${id}","True"
"C:\Users\DIYA GOEL\Downloads\EBDESIGN\frontend\src\services\api.js","API_OR_SERVICE","api","PUT","/geo-boundary/boundary/${id}","True"
"C:\Users\DIYA GOEL\Downloads\EBDESIGN\frontend\src\services\api.js","API_OR_SERVICE","api","PUT","/gis-land-mapping/mapping/${id}","True"
"C:\Users\DIYA GOEL\Downloads\EBDESIGN\frontend\src\services\api.js","API_OR_SERVICE","api","PUT","/goat/animal/${id}","True"
"C:\Users\DIYA GOEL\Downloads\EBDESIGN\frontend\src\services\api.js","API_OR_SERVICE","api","PUT","/goat-farming/animal/${id}","True"
"C:\Users\DIYA GOEL\Downloads\EBDESIGN\frontend\src\services\api.js","API_OR_SERVICE","api","PUT","/governance/policies/${id}","True"
"C:\Users\DIYA GOEL\Downloads\EBDESIGN\frontend\src\services\api.js","API_OR_SERVICE","api","PUT","/greenhouse-management/${id}","True"
"C:\Users\DIYA GOEL\Downloads\EBDESIGN\frontend\src\services\api.js","API_OR_SERVICE","api","PUT","/hatchery-management/batch/${id}","True"
"C:\Users\DIYA GOEL\Downloads\EBDESIGN\frontend\src\services\api.js","API_OR_SERVICE","api","PUT","/horticulture-analytics/metric/${id}","True"
"C:\Users\DIYA GOEL\Downloads\EBDESIGN\frontend\src\services\api.js","API_OR_SERVICE","api","PUT","/hydroponics/system/${id}","True"
"C:\Users\DIYA GOEL\Downloads\EBDESIGN\frontend\src\services\api.js","API_OR_SERVICE","api","PUT","/i18n/${lang}","True"
"C:\Users\DIYA GOEL\Downloads\EBDESIGN\frontend\src\services\api.js","API_OR_SERVICE","api","PUT","/information-sharing/document/${id}","True"
"C:\Users\DIYA GOEL\Downloads\EBDESIGN\frontend\src\services\api.js","API_OR_SERVICE","api","PUT","/input-consumption/record/${id}","True"
"C:\Users\DIYA GOEL\Downloads\EBDESIGN\frontend\src\services\api.js","API_OR_SERVICE","api","PUT","/input-distribution/record/${id}","True"
"C:\Users\DIYA GOEL\Downloads\EBDESIGN\frontend\src\services\api.js","API_OR_SERVICE","api","PUT","/input-procurement/order/${id}","True"
"C:\Users\DIYA GOEL\Downloads\EBDESIGN\frontend\src\services\api.js","API_OR_SERVICE","api","PUT","/input-traceability/record/${id}","True"
"C:\Users\DIYA GOEL\Downloads\EBDESIGN\frontend\src\services\api.js","API_OR_SERVICE","api","PUT","/integration-hub/${id}","True"
"C:\Users\DIYA GOEL\Downloads\EBDESIGN\frontend\src\services\api.js","API_OR_SERVICE","api","PUT","/integrations/${id}","True"
"C:\Users\DIYA GOEL\Downloads\EBDESIGN\frontend\src\services\api.js","API_OR_SERVICE","api","PUT","/inventory/${id}","True"
"C:\Users\DIYA GOEL\Downloads\EBDESIGN\frontend\src\services\api.js","API_OR_SERVICE","api","PUT","/irrigation/schedule/${id}","True"
"C:\Users\DIYA GOEL\Downloads\EBDESIGN\frontend\src\services\api.js","API_OR_SERVICE","api","PUT","/irrigation-system/${id}","True"
"C:\Users\DIYA GOEL\Downloads\EBDESIGN\frontend\src\services\api.js","API_OR_SERVICE","api","PUT","/istio-configs/${id}","True"
"C:\Users\DIYA GOEL\Downloads\EBDESIGN\frontend\src\services\api.js","API_OR_SERVICE","api","PUT","/kiosk/${id}","True"
"C:\Users\DIYA GOEL\Downloads\EBDESIGN\frontend\src\services\api.js","API_OR_SERVICE","api","PUT","/land/parcel/${id}","True"
"C:\Users\DIYA GOEL\Downloads\EBDESIGN\frontend\src\services\api.js","API_OR_SERVICE","api","PUT","/land-lease/lease/${id}","True"
"C:\Users\DIYA GOEL\Downloads\EBDESIGN\frontend\src\services\api.js","API_OR_SERVICE","api","PUT","/layout-manager/${id}","True"
"C:\Users\DIYA GOEL\Downloads\EBDESIGN\frontend\src\services\api.js","API_OR_SERVICE","api","PUT","/led/${id}","True"
"C:\Users\DIYA GOEL\Downloads\EBDESIGN\frontend\src\services\api.js","API_OR_SERVICE","api","PUT","/limits/${id}","True"
"C:\Users\DIYA GOEL\Downloads\EBDESIGN\frontend\src\services\api.js","API_OR_SERVICE","api","PUT","/linkerd-configs/${id}","True"
"C:\Users\DIYA GOEL\Downloads\EBDESIGN\frontend\src\services\api.js","API_OR_SERVICE","api","PUT","/livestock-analytics/record/${id}","True"
"C:\Users\DIYA GOEL\Downloads\EBDESIGN\frontend\src\services\api.js","API_OR_SERVICE","api","PUT","/load-balancers/${id}","True"
"C:\Users\DIYA GOEL\Downloads\EBDESIGN\frontend\src\services\api.js","API_OR_SERVICE","api","PUT","/logistics-enhancement/tracking/${id}","True"
"C:\Users\DIYA GOEL\Downloads\EBDESIGN\frontend\src\services\api.js","API_OR_SERVICE","api","PUT","/logistics-enhancement/vehicle/${id}","True"
"C:\Users\DIYA GOEL\Downloads\EBDESIGN\frontend\src\services\api.js","API_OR_SERVICE","api","PUT","/machinery-operations/operation/${id}","True"
"C:\Users\DIYA GOEL\Downloads\EBDESIGN\frontend\src\services\api.js","API_OR_SERVICE","api","PUT","/memcached-data","False"
"C:\Users\DIYA GOEL\Downloads\EBDESIGN\frontend\src\services\api.js","API_OR_SERVICE","api","PUT","/mfa-management/device/${id}","True"
"C:\Users\DIYA GOEL\Downloads\EBDESIGN\frontend\src\services\api.js","API_OR_SERVICE","api","PUT","/micronutrient/item/${id}","True"
"C:\Users\DIYA GOEL\Downloads\EBDESIGN\frontend\src\services\api.js","API_OR_SERVICE","api","PUT","/modules/${module}/${id}","True"
"C:\Users\DIYA GOEL\Downloads\EBDESIGN\frontend\src\services\api.js","API_OR_SERVICE","api","PUT","/multilingual/preferences","False"
"C:\Users\DIYA GOEL\Downloads\EBDESIGN\frontend\src\services\api.js","API_OR_SERVICE","api","PUT","/notifications/${id}/read","True"
"C:\Users\DIYA GOEL\Downloads\EBDESIGN\frontend\src\services\api.js","API_OR_SERVICE","api","PUT","/notifications/read-all","False"
"C:\Users\DIYA GOEL\Downloads\EBDESIGN\frontend\src\services\api.js","API_OR_SERVICE","api","PUT","/nursery/nursery/${id}","True"
"C:\Users\DIYA GOEL\Downloads\EBDESIGN\frontend\src\services\api.js","API_OR_SERVICE","api","PUT","/nutrient-management/plan/${id}","True"
"C:\Users\DIYA GOEL\Downloads\EBDESIGN\frontend\src\services\api.js","API_OR_SERVICE","api","PUT","/orchard/orchard/${id}","True"
"C:\Users\DIYA GOEL\Downloads\EBDESIGN\frontend\src\services\api.js","API_OR_SERVICE","api","PUT","/orchard-management/${id}","True"
"C:\Users\DIYA GOEL\Downloads\EBDESIGN\frontend\src\services\api.js","API_OR_SERVICE","api","PUT","/orders/cart/item/${id}","True"
"C:\Users\DIYA GOEL\Downloads\EBDESIGN\frontend\src\services\api.js","API_OR_SERVICE","api","PUT","/organic-input/item/${id}","True"
"C:\Users\DIYA GOEL\Downloads\EBDESIGN\frontend\src\services\api.js","API_OR_SERVICE","api","PUT","/oxygen-generator/${id}","True"
"C:\Users\DIYA GOEL\Downloads\EBDESIGN\frontend\src\services\api.js","API_OR_SERVICE","api","PUT","/permission-management/permission/${id}","True"
"C:\Users\DIYA GOEL\Downloads\EBDESIGN\frontend\src\services\api.js","API_OR_SERVICE","api","PUT","/personalizations/${id}","True"
"C:\Users\DIYA GOEL\Downloads\EBDESIGN\frontend\src\services\api.js","API_OR_SERVICE","api","PUT","/pesticide-inventory/item/${id}","True"
"C:\Users\DIYA GOEL\Downloads\EBDESIGN\frontend\src\services\api.js","API_OR_SERVICE","api","PUT","/pig/animal/${id}","True"
"C:\Users\DIYA GOEL\Downloads\EBDESIGN\frontend\src\services\api.js","API_OR_SERVICE","api","PUT","/pig-farming/animal/${id}","True"
"C:\Users\DIYA GOEL\Downloads\EBDESIGN\frontend\src\services\api.js","API_OR_SERVICE","api","PUT","/polyhouse/record/${id}","True"
"C:\Users\DIYA GOEL\Downloads\EBDESIGN\frontend\src\services\api.js","API_OR_SERVICE","api","PUT","/pond/pond/${id}","True"
"C:\Users\DIYA GOEL\Downloads\EBDESIGN\frontend\src\services\api.js","API_OR_SERVICE","api","PUT","/poultry/${id}","True"
"C:\Users\DIYA GOEL\Downloads\EBDESIGN\frontend\src\services\api.js","API_OR_SERVICE","api","PUT","/poultry/flock/${id}","True"
"C:\Users\DIYA GOEL\Downloads\EBDESIGN\frontend\src\services\api.js","API_OR_SERVICE","api","PUT","/poultry-management/batch/${id}","True"
"C:\Users\DIYA GOEL\Downloads\EBDESIGN\frontend\src\services\api.js","API_OR_SERVICE","api","PUT","/precision-horticulture/reading/${id}","True"
"C:\Users\DIYA GOEL\Downloads\EBDESIGN\frontend\src\services\api.js","API_OR_SERVICE","api","PUT","/preferences","False"
"C:\Users\DIYA GOEL\Downloads\EBDESIGN\frontend\src\services\api.js","API_OR_SERVICE","api","PUT","/preventive-maintenance/record/${id}","True"
"C:\Users\DIYA GOEL\Downloads\EBDESIGN\frontend\src\services\api.js","API_OR_SERVICE","api","PUT","/privacy-settings","False"
"C:\Users\DIYA GOEL\Downloads\EBDESIGN\frontend\src\services\api.js","API_OR_SERVICE","api","PUT","/producer-group/${id}","True"
"C:\Users\DIYA GOEL\Downloads\EBDESIGN\frontend\src\services\api.js","API_OR_SERVICE","api","PUT","/profile","False"
"C:\Users\DIYA GOEL\Downloads\EBDESIGN\frontend\src\services\api.js","API_OR_SERVICE","api","PUT","/project-systems/project-status/${id}","True"
"C:\Users\DIYA GOEL\Downloads\EBDESIGN\frontend\src\services\api.js","API_OR_SERVICE","api","PUT","/project-systems/wbs-status/${id}","True"
"C:\Users\DIYA GOEL\Downloads\EBDESIGN\frontend\src\services\api.js","API_OR_SERVICE","api","PUT","/protected-cultivation/structure/${id}","True"
"C:\Users\DIYA GOEL\Downloads\EBDESIGN\frontend\src\services\api.js","API_OR_SERVICE","api","PUT","/proxies/${id}","True"
"C:\Users\DIYA GOEL\Downloads\EBDESIGN\frontend\src\services\api.js","API_OR_SERVICE","api","PUT","/quotas/${id}","True"
"C:\Users\DIYA GOEL\Downloads\EBDESIGN\frontend\src\services\api.js","API_OR_SERVICE","api","PUT","/rainwater-structures/${id}","True"
"C:\Users\DIYA GOEL\Downloads\EBDESIGN\frontend\src\services\api.js","API_OR_SERVICE","api","PUT","/rate-limits/${id}","True"
"C:\Users\DIYA GOEL\Downloads\EBDESIGN\frontend\src\services\api.js","API_OR_SERVICE","api","PUT","/redis-data","False"
"C:\Users\DIYA GOEL\Downloads\EBDESIGN\frontend\src\services\api.js","API_OR_SERVICE","api","PUT","/research-development/rd-project/${projectId}","True"
"C:\Users\DIYA GOEL\Downloads\EBDESIGN\frontend\src\services\api.js","API_OR_SERVICE","api","PUT","/research-development/rd-project/${projectId}/milestone/${milestoneId}","True"
"C:\Users\DIYA GOEL\Downloads\EBDESIGN\frontend\src\services\api.js","API_OR_SERVICE","api","PUT","/retry-policies/${id}","True"
"C:\Users\DIYA GOEL\Downloads\EBDESIGN\frontend\src\services\api.js","API_OR_SERVICE","api","PUT","/role-management/role/${id}","True"
"C:\Users\DIYA GOEL\Downloads\EBDESIGN\frontend\src\services\api.js","API_OR_SERVICE","api","PUT","/routes/${id}","True"
"C:\Users\DIYA GOEL\Downloads\EBDESIGN\frontend\src\services\api.js","API_OR_SERVICE","api","PUT","/rural-development-project/${id}","True"
"C:\Users\DIYA GOEL\Downloads\EBDESIGN\frontend\src\services\api.js","API_OR_SERVICE","api","PUT","/sap-module-architecture/${id}","True"
"C:\Users\DIYA GOEL\Downloads\EBDESIGN\frontend\src\services\api.js","API_OR_SERVICE","api","PUT","/sap-module-architecture/module/${id}","True"
"C:\Users\DIYA GOEL\Downloads\EBDESIGN\frontend\src\services\api.js","API_OR_SERVICE","api","PUT","/sap-module-architecture/module/${id}/configuration","True"
"C:\Users\DIYA GOEL\Downloads\EBDESIGN\frontend\src\services\api.js","API_OR_SERVICE","api","PUT","/sap-module-architecture/module/${id}/version","True"
"C:\Users\DIYA GOEL\Downloads\EBDESIGN\frontend\src\services\api.js","API_OR_SERVICE","api","PUT","/security","False"
"C:\Users\DIYA GOEL\Downloads\EBDESIGN\frontend\src\services\api.js","API_OR_SERVICE","api","PUT","/seed-planning/plan/${id}","True"
"C:\Users\DIYA GOEL\Downloads\EBDESIGN\frontend\src\services\api.js","API_OR_SERVICE","api","PUT","/service-meshes/${id}","True"
"C:\Users\DIYA GOEL\Downloads\EBDESIGN\frontend\src\services\api.js","API_OR_SERVICE","api","PUT","/session-management/session/${id}","True"
"C:\Users\DIYA GOEL\Downloads\EBDESIGN\frontend\src\services\api.js","API_OR_SERVICE","api","PUT","/settings","False"
"C:\Users\DIYA GOEL\Downloads\EBDESIGN\frontend\src\services\api.js","API_OR_SERVICE","api","PUT","/sheep/${id}","True"
"C:\Users\DIYA GOEL\Downloads\EBDESIGN\frontend\src\services\api.js","API_OR_SERVICE","api","PUT","/sheep/animal/${id}","True"
"C:\Users\DIYA GOEL\Downloads\EBDESIGN\frontend\src\services\api.js","API_OR_SERVICE","api","PUT","/sheep/lambing-outcome/${id}","True"
"C:\Users\DIYA GOEL\Downloads\EBDESIGN\frontend\src\services\api.js","API_OR_SERVICE","api","PUT","/sheep-farming/animal/${id}","True"
"C:\Users\DIYA GOEL\Downloads\EBDESIGN\frontend\src\services\api.js","API_OR_SERVICE","api","PUT","/soil-health/card/${id}","True"
"C:\Users\DIYA GOEL\Downloads\EBDESIGN\frontend\src\services\api.js","API_OR_SERVICE","api","PUT","/soil-mapping/zone/${id}","True"
"C:\Users\DIYA GOEL\Downloads\EBDESIGN\frontend\src\services\api.js","API_OR_SERVICE","api","PUT","/sowing/record/${id}","True"
"C:\Users\DIYA GOEL\Downloads\EBDESIGN\frontend\src\services\api.js","API_OR_SERVICE","api","PUT","/sso/provider/${id}","True"
"C:\Users\DIYA GOEL\Downloads\EBDESIGN\frontend\src\services\api.js","API_OR_SERVICE","api","PUT","/state/${id}","True"
"C:\Users\DIYA GOEL\Downloads\EBDESIGN\frontend\src\services\api.js","API_OR_SERVICE","api","PUT","/survey-management/survey/${id}","True"
"C:\Users\DIYA GOEL\Downloads\EBDESIGN\frontend\src\services\api.js","API_OR_SERVICE","api","PUT","/system-administration","False"
"C:\Users\DIYA GOEL\Downloads\EBDESIGN\frontend\src\services\api.js","API_OR_SERVICE","api","PUT","/system-config","False"
"C:\Users\DIYA GOEL\Downloads\EBDESIGN\frontend\src\services\api.js","API_OR_SERVICE","api","PUT","/throttling-rules/${id}","True"
"C:\Users\DIYA GOEL\Downloads\EBDESIGN\frontend\src\services\api.js","API_OR_SERVICE","api","PUT","/timeouts/${id}","True"
"C:\Users\DIYA GOEL\Downloads\EBDESIGN\frontend\src\services\api.js","API_OR_SERVICE","api","PUT","/unified-ai-gateway","False"
"C:\Users\DIYA GOEL\Downloads\EBDESIGN\frontend\src\services\api.js","API_OR_SERVICE","api","PUT","/unified-ai-routes/${id}","True"
"C:\Users\DIYA GOEL\Downloads\EBDESIGN\frontend\src\services\api.js","API_OR_SERVICE","api","PUT","/vegetable-production/record/${id}","True"
"C:\Users\DIYA GOEL\Downloads\EBDESIGN\frontend\src\services\api.js","API_OR_SERVICE","api","PUT","/water-analytics-records/${id}","True"
"C:\Users\DIYA GOEL\Downloads\EBDESIGN\frontend\src\services\api.js","API_OR_SERVICE","api","PUT","/water-budget-records/${id}","True"
"C:\Users\DIYA GOEL\Downloads\EBDESIGN\frontend\src\services\api.js","API_OR_SERVICE","api","PUT","/water-quality-records/${id}","True"
"C:\Users\DIYA GOEL\Downloads\EBDESIGN\frontend\src\services\api.js","API_OR_SERVICE","api","PUT","/water-resource-mapping/resource/${id}","True"
"C:\Users\DIYA GOEL\Downloads\EBDESIGN\frontend\src\services\api.js","API_OR_SERVICE","api","PUT","/watershed-records/${id}","True"
"C:\Users\DIYA GOEL\Downloads\EBDESIGN\frontend\src\services\api.js","API_OR_SERVICE","api","PUT","/webhook-config/${id}","True"
"C:\Users\DIYA GOEL\Downloads\EBDESIGN\frontend\src\services\api.js","API_OR_SERVICE","api","PUT","/widgets/${id}","True"
"C:\Users\DIYA GOEL\Downloads\EBDESIGN\frontend\src\services\api.js","API_OR_SERVICE","api","PUT","/zookeeper-data","False"
"C:\Users\DIYA GOEL\Downloads\EBDESIGN\frontend\src\services\apiClient.js","API_OR_SERVICE","axios","POST","${API_BASE_URL}/auth/refresh","True"
"C:\Users\DIYA GOEL\Downloads\EBDESIGN\frontend\src\services\artificialScientistAPI.js","API_OR_SERVICE","api","GET","${base}/experiments/${id}","True"
"C:\Users\DIYA GOEL\Downloads\EBDESIGN\frontend\src\services\artificialScientistAPI.js","API_OR_SERVICE","api","GET","${base}/hypotheses/${id}","True"
"C:\Users\DIYA GOEL\Downloads\EBDESIGN\frontend\src\services\artificialScientistAPI.js","API_OR_SERVICE","api","GET","${base}/runs/${id}","True"
"C:\Users\DIYA GOEL\Downloads\EBDESIGN\frontend\src\services\artificialScientistAPI.js","API_OR_SERVICE","api","POST","${base}/${entityType}/${id}/reviews","True"
"C:\Users\DIYA GOEL\Downloads\EBDESIGN\frontend\src\services\artificialScientistAPI.js","API_OR_SERVICE","api","POST","${base}/ai-assistance","True"
"C:\Users\DIYA GOEL\Downloads\EBDESIGN\frontend\src\services\artificialScientistAPI.js","API_OR_SERVICE","api","POST","${base}/artifacts","True"
"C:\Users\DIYA GOEL\Downloads\EBDESIGN\frontend\src\services\artificialScientistAPI.js","API_OR_SERVICE","api","POST","${base}/experiments","True"
"C:\Users\DIYA GOEL\Downloads\EBDESIGN\frontend\src\services\artificialScientistAPI.js","API_OR_SERVICE","api","POST","${base}/experiments/${id}/protocols","True"
"C:\Users\DIYA GOEL\Downloads\EBDESIGN\frontend\src\services\artificialScientistAPI.js","API_OR_SERVICE","api","POST","${base}/experiments/${id}/runs","True"
"C:\Users\DIYA GOEL\Downloads\EBDESIGN\frontend\src\services\artificialScientistAPI.js","API_OR_SERVICE","api","POST","${base}/experiments/${id}/transition","True"
"C:\Users\DIYA GOEL\Downloads\EBDESIGN\frontend\src\services\artificialScientistAPI.js","API_OR_SERVICE","api","POST","${base}/hypotheses","True"
"C:\Users\DIYA GOEL\Downloads\EBDESIGN\frontend\src\services\artificialScientistAPI.js","API_OR_SERVICE","api","POST","${base}/hypotheses/${id}/review","True"
"C:\Users\DIYA GOEL\Downloads\EBDESIGN\frontend\src\services\artificialScientistAPI.js","API_OR_SERVICE","api","POST","${base}/protocols/${id}/review","True"
"C:\Users\DIYA GOEL\Downloads\EBDESIGN\frontend\src\services\artificialScientistAPI.js","API_OR_SERVICE","api","POST","${base}/runs/${id}/transition","True"
"C:\Users\DIYA GOEL\Downloads\EBDESIGN\frontend\src\services\authService.js","API_OR_SERVICE","api","GET","/users/profile","False"
"C:\Users\DIYA GOEL\Downloads\EBDESIGN\frontend\src\services\authService.js","API_OR_SERVICE","api","POST","/auth/login","False"
"C:\Users\DIYA GOEL\Downloads\EBDESIGN\frontend\src\services\authService.js","API_OR_SERVICE","api","POST","/auth/logout","False"
"C:\Users\DIYA GOEL\Downloads\EBDESIGN\frontend\src\services\authService.js","API_OR_SERVICE","api","POST","/auth/refresh-token","False"
"C:\Users\DIYA GOEL\Downloads\EBDESIGN\frontend\src\services\authService.js","API_OR_SERVICE","api","POST","/auth/register","False"
"C:\Users\DIYA GOEL\Downloads\EBDESIGN\frontend\src\services\authService.js","API_OR_SERVICE","api","PUT","/users/profile","False"
"C:\Users\DIYA GOEL\Downloads\EBDESIGN\frontend\src\services\commerceApi.js","API_OR_SERVICE","api","DELETE","/orders/${id}","True"
"C:\Users\DIYA GOEL\Downloads\EBDESIGN\frontend\src\services\commerceApi.js","API_OR_SERVICE","api","DELETE","/orders/cart","False"
"C:\Users\DIYA GOEL\Downloads\EBDESIGN\frontend\src\services\commerceApi.js","API_OR_SERVICE","api","DELETE","/orders/cart/${id}","True"
"C:\Users\DIYA GOEL\Downloads\EBDESIGN\frontend\src\services\commerceApi.js","API_OR_SERVICE","api","DELETE","/products/${id}","True"
"C:\Users\DIYA GOEL\Downloads\EBDESIGN\frontend\src\services\commerceApi.js","API_OR_SERVICE","api","DELETE","/seed-vault/${id}","True"
"C:\Users\DIYA GOEL\Downloads\EBDESIGN\frontend\src\services\commerceApi.js","API_OR_SERVICE","api","GET","/blockchain/products/${productId}/verify","True"
"C:\Users\DIYA GOEL\Downloads\EBDESIGN\frontend\src\services\commerceApi.js","API_OR_SERVICE","api","GET","/blockchain/stats","False"
"C:\Users\DIYA GOEL\Downloads\EBDESIGN\frontend\src\services\commerceApi.js","API_OR_SERVICE","api","GET","/enterprise/integrations/${integrationId}/health","True"
"C:\Users\DIYA GOEL\Downloads\EBDESIGN\frontend\src\services\commerceApi.js","API_OR_SERVICE","api","GET","/enterprise/organizations/current/integrations","False"
"C:\Users\DIYA GOEL\Downloads\EBDESIGN\frontend\src\services\commerceApi.js","API_OR_SERVICE","api","GET","/enterprise/system/status","False"
"C:\Users\DIYA GOEL\Downloads\EBDESIGN\frontend\src\services\commerceApi.js","API_OR_SERVICE","api","GET","/farmers","False"
"C:\Users\DIYA GOEL\Downloads\EBDESIGN\frontend\src\services\commerceApi.js","API_OR_SERVICE","api","GET","/farmers/${id}","True"
"C:\Users\DIYA GOEL\Downloads\EBDESIGN\frontend\src\services\commerceApi.js","API_OR_SERVICE","api","GET","/farmers/${id}/certifications","True"
"C:\Users\DIYA GOEL\Downloads\EBDESIGN\frontend\src\services\commerceApi.js","API_OR_SERVICE","api","GET","/farmers/fpos/list","False"
"C:\Users\DIYA GOEL\Downloads\EBDESIGN\frontend\src\services\commerceApi.js","API_OR_SERVICE","api","GET","/orders","False"
"C:\Users\DIYA GOEL\Downloads\EBDESIGN\frontend\src\services\commerceApi.js","API_OR_SERVICE","api","GET","/orders/${id}","True"
"C:\Users\DIYA GOEL\Downloads\EBDESIGN\frontend\src\services\commerceApi.js","API_OR_SERVICE","api","GET","/orders/cart","False"
"C:\Users\DIYA GOEL\Downloads\EBDESIGN\frontend\src\services\commerceApi.js","API_OR_SERVICE","api","GET","/product-reviews/products/${productId}","True"
"C:\Users\DIYA GOEL\Downloads\EBDESIGN\frontend\src\services\commerceApi.js","API_OR_SERVICE","api","GET","/product-reviews/products/${productId}/stats","True"
"C:\Users\DIYA GOEL\Downloads\EBDESIGN\frontend\src\services\commerceApi.js","API_OR_SERVICE","api","GET","/products","False"
"C:\Users\DIYA GOEL\Downloads\EBDESIGN\frontend\src\services\commerceApi.js","API_OR_SERVICE","api","GET","/products/${id}","True"
"C:\Users\DIYA GOEL\Downloads\EBDESIGN\frontend\src\services\commerceApi.js","API_OR_SERVICE","api","GET","/products/categories/list","False"
"C:\Users\DIYA GOEL\Downloads\EBDESIGN\frontend\src\services\commerceApi.js","API_OR_SERVICE","api","GET","/products/search","False"
"C:\Users\DIYA GOEL\Downloads\EBDESIGN\frontend\src\services\commerceApi.js","API_OR_SERVICE","api","GET","/products/states/list","False"
"C:\Users\DIYA GOEL\Downloads\EBDESIGN\frontend\src\services\commerceApi.js","API_OR_SERVICE","api","GET","/seed-vault","False"
"C:\Users\DIYA GOEL\Downloads\EBDESIGN\frontend\src\services\commerceApi.js","API_OR_SERVICE","api","GET","/seed-vault/categories","False"
"C:\Users\DIYA GOEL\Downloads\EBDESIGN\frontend\src\services\commerceApi.js","API_OR_SERVICE","api","POST","/ai/product-media-ai/products/${productId}/image","True"
"C:\Users\DIYA GOEL\Downloads\EBDESIGN\frontend\src\services\commerceApi.js","API_OR_SERVICE","api","POST","/farmers/${id}/certifications","True"
"C:\Users\DIYA GOEL\Downloads\EBDESIGN\frontend\src\services\commerceApi.js","API_OR_SERVICE","api","POST","/farmers/${id}/fdi","True"
"C:\Users\DIYA GOEL\Downloads\EBDESIGN\frontend\src\services\commerceApi.js","API_OR_SERVICE","api","POST","/orders","False"
"C:\Users\DIYA GOEL\Downloads\EBDESIGN\frontend\src\services\commerceApi.js","API_OR_SERVICE","api","POST","/orders/${id}/payment","True"
"C:\Users\DIYA GOEL\Downloads\EBDESIGN\frontend\src\services\commerceApi.js","API_OR_SERVICE","api","POST","/orders/cart","False"
"C:\Users\DIYA GOEL\Downloads\EBDESIGN\frontend\src\services\commerceApi.js","API_OR_SERVICE","api","POST","/product-reviews/products/${productId}","True"
"C:\Users\DIYA GOEL\Downloads\EBDESIGN\frontend\src\services\commerceApi.js","API_OR_SERVICE","api","POST","/products","False"
"C:\Users\DIYA GOEL\Downloads\EBDESIGN\frontend\src\services\commerceApi.js","API_OR_SERVICE","api","POST","/seed-vault","False"
"C:\Users\DIYA GOEL\Downloads\EBDESIGN\frontend\src\services\commerceApi.js","API_OR_SERVICE","api","POST","/seed-vault/${id}/record-usage","True"
"C:\Users\DIYA GOEL\Downloads\EBDESIGN\frontend\src\services\commerceApi.js","API_OR_SERVICE","api","PUT","/orders/${id}/status","True"
"C:\Users\DIYA GOEL\Downloads\EBDESIGN\frontend\src\services\commerceApi.js","API_OR_SERVICE","api","PUT","/orders/cart/${id}","True"
"C:\Users\DIYA GOEL\Downloads\EBDESIGN\frontend\src\services\commerceApi.js","API_OR_SERVICE","api","PUT","/products/${id}","True"
"C:\Users\DIYA GOEL\Downloads\EBDESIGN\frontend\src\services\commerceApi.js","API_OR_SERVICE","api","PUT","/seed-vault/${id}","True"
"C:\Users\DIYA GOEL\Downloads\EBDESIGN\frontend\src\services\componentApi.js","API_OR_SERVICE","api","GET","/ai/conversational/history","False"
"C:\Users\DIYA GOEL\Downloads\EBDESIGN\frontend\src\services\componentApi.js","API_OR_SERVICE","api","GET","/farmer-portal/land-records","False"
"C:\Users\DIYA GOEL\Downloads\EBDESIGN\frontend\src\services\componentApi.js","API_OR_SERVICE","api","GET","/i18n/${lang}","True"
"C:\Users\DIYA GOEL\Downloads\EBDESIGN\frontend\src\services\componentApi.js","API_OR_SERVICE","api","GET","/language/preferences","False"
"C:\Users\DIYA GOEL\Downloads\EBDESIGN\frontend\src\services\componentApi.js","API_OR_SERVICE","api","GET","/languages","False"
"C:\Users\DIYA GOEL\Downloads\EBDESIGN\frontend\src\services\componentApi.js","API_OR_SERVICE","api","GET","/modules/${moduleId}/operations","True"
"C:\Users\DIYA GOEL\Downloads\EBDESIGN\frontend\src\services\componentApi.js","API_OR_SERVICE","api","POST","/ai/conversational/send","False"
"C:\Users\DIYA GOEL\Downloads\EBDESIGN\frontend\src\services\componentApi.js","API_OR_SERVICE","api","POST","/ai/voice/speak","False"
"C:\Users\DIYA GOEL\Downloads\EBDESIGN\frontend\src\services\componentApi.js","API_OR_SERVICE","api","POST","/ai/voice/transcribe","False"
"C:\Users\DIYA GOEL\Downloads\EBDESIGN\frontend\src\services\componentApi.js","API_OR_SERVICE","api","POST","/farmer-portal/land-records","False"
"C:\Users\DIYA GOEL\Downloads\EBDESIGN\frontend\src\services\componentApi.js","API_OR_SERVICE","api","POST","/farmer-portal/land-records/sync-government","False"
"C:\Users\DIYA GOEL\Downloads\EBDESIGN\frontend\src\services\componentApi.js","API_OR_SERVICE","api","POST","/i18n/detect","False"
"C:\Users\DIYA GOEL\Downloads\EBDESIGN\frontend\src\services\componentApi.js","API_OR_SERVICE","api","POST","/i18n/translate","False"
"C:\Users\DIYA GOEL\Downloads\EBDESIGN\frontend\src\services\componentApi.js","API_OR_SERVICE","api","POST","/modules/${moduleId}/execute","True"
"C:\Users\DIYA GOEL\Downloads\EBDESIGN\frontend\src\services\componentApi.js","API_OR_SERVICE","api","PUT","/i18n/${lang}","True"
"C:\Users\DIYA GOEL\Downloads\EBDESIGN\frontend\src\services\componentApi.js","API_OR_SERVICE","api","PUT","/language/preferences","False"
"C:\Users\DIYA GOEL\Downloads\EBDESIGN\frontend\src\services\coreApi.js","API_OR_SERVICE","api","GET","/auth/me","False"
"C:\Users\DIYA GOEL\Downloads\EBDESIGN\frontend\src\services\coreApi.js","API_OR_SERVICE","api","GET","/dashboard/stats","False"
"C:\Users\DIYA GOEL\Downloads\EBDESIGN\frontend\src\services\coreApi.js","API_OR_SERVICE","api","GET","/library/modules","False"
"C:\Users\DIYA GOEL\Downloads\EBDESIGN\frontend\src\services\coreApi.js","API_OR_SERVICE","api","GET","/library/modules/${encodeURIComponent(moduleId)}","True"
"C:\Users\DIYA GOEL\Downloads\EBDESIGN\frontend\src\services\coreApi.js","API_OR_SERVICE","api","GET","/library/search","False"
"C:\Users\DIYA GOEL\Downloads\EBDESIGN\frontend\src\services\coreApi.js","API_OR_SERVICE","api","GET","/library/statistics","False"
"C:\Users\DIYA GOEL\Downloads\EBDESIGN\frontend\src\services\coreApi.js","API_OR_SERVICE","api","GET","/library/verify","False"
"C:\Users\DIYA GOEL\Downloads\EBDESIGN\frontend\src\services\coreApi.js","API_OR_SERVICE","api","GET","/privacy/consent/${userId}","True"
"C:\Users\DIYA GOEL\Downloads\EBDESIGN\frontend\src\services\coreApi.js","API_OR_SERVICE","api","GET","/users/addresses","False"
"C:\Users\DIYA GOEL\Downloads\EBDESIGN\frontend\src\services\coreApi.js","API_OR_SERVICE","api","GET","/users/profile","False"
"C:\Users\DIYA GOEL\Downloads\EBDESIGN\frontend\src\services\coreApi.js","API_OR_SERVICE","api","POST","/auth/2fa/disable","False"
"C:\Users\DIYA GOEL\Downloads\EBDESIGN\frontend\src\services\coreApi.js","API_OR_SERVICE","api","POST","/auth/2fa/setup","False"
"C:\Users\DIYA GOEL\Downloads\EBDESIGN\frontend\src\services\coreApi.js","API_OR_SERVICE","api","POST","/auth/2fa/verify","False"
"C:\Users\DIYA GOEL\Downloads\EBDESIGN\frontend\src\services\coreApi.js","API_OR_SERVICE","api","POST","/auth/login","False"
"C:\Users\DIYA GOEL\Downloads\EBDESIGN\frontend\src\services\coreApi.js","API_OR_SERVICE","api","POST","/auth/logout","False"
"C:\Users\DIYA GOEL\Downloads\EBDESIGN\frontend\src\services\coreApi.js","API_OR_SERVICE","api","POST","/auth/refresh","False"
"C:\Users\DIYA GOEL\Downloads\EBDESIGN\frontend\src\services\coreApi.js","API_OR_SERVICE","api","POST","/auth/register","False"
"C:\Users\DIYA GOEL\Downloads\EBDESIGN\frontend\src\services\coreApi.js","API_OR_SERVICE","api","POST","/library/ai-context","False"
"C:\Users\DIYA GOEL\Downloads\EBDESIGN\frontend\src\services\coreApi.js","API_OR_SERVICE","api","POST","/library/initialize","False"
"C:\Users\DIYA GOEL\Downloads\EBDESIGN\frontend\src\services\coreApi.js","API_OR_SERVICE","api","POST","/mfa/disable","False"
"C:\Users\DIYA GOEL\Downloads\EBDESIGN\frontend\src\services\coreApi.js","API_OR_SERVICE","api","POST","/mfa/setup","False"
"C:\Users\DIYA GOEL\Downloads\EBDESIGN\frontend\src\services\coreApi.js","API_OR_SERVICE","api","POST","/mfa/verify","False"
"C:\Users\DIYA GOEL\Downloads\EBDESIGN\frontend\src\services\coreApi.js","API_OR_SERVICE","api","POST","/privacy/consent","False"
"C:\Users\DIYA GOEL\Downloads\EBDESIGN\frontend\src\services\coreApi.js","API_OR_SERVICE","api","POST","/privacy/rtbf","False"
"C:\Users\DIYA GOEL\Downloads\EBDESIGN\frontend\src\services\coreApi.js","API_OR_SERVICE","api","POST","/users/addresses","False"
"C:\Users\DIYA GOEL\Downloads\EBDESIGN\frontend\src\services\coreApi.js","API_OR_SERVICE","api","PUT","/users/profile","False"
"C:\Users\DIYA GOEL\Downloads\EBDESIGN\frontend\src\services\farmerService.js","API_OR_SERVICE","api","GET","/farmers/${farmerId}","True"
"C:\Users\DIYA GOEL\Downloads\EBDESIGN\frontend\src\services\farmerService.js","API_OR_SERVICE","api","GET","/farmers/${farmerId}/farms","True"
"C:\Users\DIYA GOEL\Downloads\EBDESIGN\frontend\src\services\farmerService.js","API_OR_SERVICE","api","GET","/farmers/${farmerId}/income","True"
"C:\Users\DIYA GOEL\Downloads\EBDESIGN\frontend\src\services\farmerService.js","API_OR_SERVICE","api","GET","/farmers/${farmerId}/transactions","True"
"C:\Users\DIYA GOEL\Downloads\EBDESIGN\frontend\src\services\farmerService.js","API_OR_SERVICE","api","POST","/farmers/register","False"
"C:\Users\DIYA GOEL\Downloads\EBDESIGN\frontend\src\services\farmerService.js","API_OR_SERVICE","api","PUT","/farmers/${farmerId}","True"
"C:\Users\DIYA GOEL\Downloads\EBDESIGN\frontend\src\services\machineryVillageOpsService.js","API_OR_SERVICE","api","GET","/machinery-village-ops/dashboard","False"
"C:\Users\DIYA GOEL\Downloads\EBDESIGN\frontend\src\services\machineryVillageOpsService.js","API_OR_SERVICE","api","GET","/machinery-village-ops/machinery-assets","False"
"C:\Users\DIYA GOEL\Downloads\EBDESIGN\frontend\src\services\machineryVillageOpsService.js","API_OR_SERVICE","api","GET","/machinery-village-ops/village-operations","False"
"C:\Users\DIYA GOEL\Downloads\EBDESIGN\frontend\src\services\machineryVillageOpsService.js","API_OR_SERVICE","api","POST","/machinery-village-ops/machinery-assets","False"
"C:\Users\DIYA GOEL\Downloads\EBDESIGN\frontend\src\services\machineryVillageOpsService.js","API_OR_SERVICE","api","POST","/machinery-village-ops/machinery-maintenance","False"
"C:\Users\DIYA GOEL\Downloads\EBDESIGN\frontend\src\services\machineryVillageOpsService.js","API_OR_SERVICE","api","POST","/machinery-village-ops/resource-pools","False"
"C:\Users\DIYA GOEL\Downloads\EBDESIGN\frontend\src\services\machineryVillageOpsService.js","API_OR_SERVICE","api","POST","/machinery-village-ops/village-infrastructure","False"
"C:\Users\DIYA GOEL\Downloads\EBDESIGN\frontend\src\services\machineryVillageOpsService.js","API_OR_SERVICE","api","POST","/machinery-village-ops/village-operations","False"
"C:\Users\DIYA GOEL\Downloads\EBDESIGN\frontend\src\services\marketplaceService.js","API_OR_SERVICE","api","DELETE","/marketplace/listings/${listingId}","True"
"C:\Users\DIYA GOEL\Downloads\EBDESIGN\frontend\src\services\marketplaceService.js","API_OR_SERVICE","api","GET","/marketplace/listings","False"
"C:\Users\DIYA GOEL\Downloads\EBDESIGN\frontend\src\services\marketplaceService.js","API_OR_SERVICE","api","GET","/marketplace/listings/${listingId}","True"
"C:\Users\DIYA GOEL\Downloads\EBDESIGN\frontend\src\services\marketplaceService.js","API_OR_SERVICE","api","GET","/marketplace/search","False"
"C:\Users\DIYA GOEL\Downloads\EBDESIGN\frontend\src\services\marketplaceService.js","API_OR_SERVICE","api","POST","/marketplace/listings","False"
"C:\Users\DIYA GOEL\Downloads\EBDESIGN\frontend\src\services\marketplaceService.js","API_OR_SERVICE","api","PUT","/marketplace/listings/${listingId}","True"
"C:\Users\DIYA GOEL\Downloads\EBDESIGN\frontend\src\services\operationsApi.js","API_OR_SERVICE","api","GET","/financial/advances/farmer/${farmerId}","True"
"C:\Users\DIYA GOEL\Downloads\EBDESIGN\frontend\src\services\operationsApi.js","API_OR_SERVICE","api","GET","/financial/credit-score/${farmerId}","True"
"C:\Users\DIYA GOEL\Downloads\EBDESIGN\frontend\src\services\operationsApi.js","API_OR_SERVICE","api","GET","/financial/loans","False"
"C:\Users\DIYA GOEL\Downloads\EBDESIGN\frontend\src\services\operationsApi.js","API_OR_SERVICE","api","GET","/financial/loans/${id}/emi","True"
"C:\Users\DIYA GOEL\Downloads\EBDESIGN\frontend\src\services\operationsApi.js","API_OR_SERVICE","api","GET","/financial/loans/farmer/${farmerId}","True"
"C:\Users\DIYA GOEL\Downloads\EBDESIGN\frontend\src\services\operationsApi.js","API_OR_SERVICE","api","GET","/financial/overview","False"
"C:\Users\DIYA GOEL\Downloads\EBDESIGN\frontend\src\services\operationsApi.js","API_OR_SERVICE","api","GET","/insurance/claims","False"
"C:\Users\DIYA GOEL\Downloads\EBDESIGN\frontend\src\services\operationsApi.js","API_OR_SERVICE","api","GET","/insurance/claims/${id}","True"
"C:\Users\DIYA GOEL\Downloads\EBDESIGN\frontend\src\services\operationsApi.js","API_OR_SERVICE","api","GET","/insurance/master-policies","False"
"C:\Users\DIYA GOEL\Downloads\EBDESIGN\frontend\src\services\operationsApi.js","API_OR_SERVICE","api","GET","/insurance/policies","False"
"C:\Users\DIYA GOEL\Downloads\EBDESIGN\frontend\src\services\operationsApi.js","API_OR_SERVICE","api","GET","/insurance/policies/${id}","True"
"C:\Users\DIYA GOEL\Downloads\EBDESIGN\frontend\src\services\operationsApi.js","API_OR_SERVICE","api","GET","/insurance/products","False"
"C:\Users\DIYA GOEL\Downloads\EBDESIGN\frontend\src\services\operationsApi.js","API_OR_SERVICE","api","GET","/logistics/drivers","False"
"C:\Users\DIYA GOEL\Downloads\EBDESIGN\frontend\src\services\operationsApi.js","API_OR_SERVICE","api","GET","/logistics/modes","False"
"C:\Users\DIYA GOEL\Downloads\EBDESIGN\frontend\src\services\operationsApi.js","API_OR_SERVICE","api","GET","/logistics/shipments","False"
"C:\Users\DIYA GOEL\Downloads\EBDESIGN\frontend\src\services\operationsApi.js","API_OR_SERVICE","api","GET","/logistics/shipments/${id}","True"
"C:\Users\DIYA GOEL\Downloads\EBDESIGN\frontend\src\services\operationsApi.js","API_OR_SERVICE","api","GET","/logistics/shipments/${id}/tracking","True"
"C:\Users\DIYA GOEL\Downloads\EBDESIGN\frontend\src\services\operationsApi.js","API_OR_SERVICE","api","GET","/logistics/shipments/${shipmentId}/live-tracking","True"
"C:\Users\DIYA GOEL\Downloads\EBDESIGN\frontend\src\services\operationsApi.js","API_OR_SERVICE","api","GET","/logistics/shipments/${shipmentId}/temperature","True"
"C:\Users\DIYA GOEL\Downloads\EBDESIGN\frontend\src\services\operationsApi.js","API_OR_SERVICE","api","GET","/logistics/shipments/${shipmentId}/temperature-alerts","True"
"C:\Users\DIYA GOEL\Downloads\EBDESIGN\frontend\src\services\operationsApi.js","API_OR_SERVICE","api","GET","/logistics/vehicles","False"
"C:\Users\DIYA GOEL\Downloads\EBDESIGN\frontend\src\services\operationsApi.js","API_OR_SERVICE","api","POST","/financial/advances","False"
"C:\Users\DIYA GOEL\Downloads\EBDESIGN\frontend\src\services\operationsApi.js","API_OR_SERVICE","api","POST","/financial/emi/${id}/pay","True"
"C:\Users\DIYA GOEL\Downloads\EBDESIGN\frontend\src\services\operationsApi.js","API_OR_SERVICE","api","POST","/financial/loans","False"
"C:\Users\DIYA GOEL\Downloads\EBDESIGN\frontend\src\services\operationsApi.js","API_OR_SERVICE","api","POST","/financial/loans/${id}/approve","True"
"C:\Users\DIYA GOEL\Downloads\EBDESIGN\frontend\src\services\operationsApi.js","API_OR_SERVICE","api","POST","/insurance/calculate/${type}","True"
"C:\Users\DIYA GOEL\Downloads\EBDESIGN\frontend\src\services\operationsApi.js","API_OR_SERVICE","api","POST","/insurance/calculate-premium","False"
"C:\Users\DIYA GOEL\Downloads\EBDESIGN\frontend\src\services\operationsApi.js","API_OR_SERVICE","api","POST","/insurance/claims","False"
"C:\Users\DIYA GOEL\Downloads\EBDESIGN\frontend\src\services\operationsApi.js","API_OR_SERVICE","api","POST","/insurance/master-policies","False"
"C:\Users\DIYA GOEL\Downloads\EBDESIGN\frontend\src\services\operationsApi.js","API_OR_SERVICE","api","POST","/insurance/policies","False"
"C:\Users\DIYA GOEL\Downloads\EBDESIGN\frontend\src\services\operationsApi.js","API_OR_SERVICE","api","POST","/insurance/quotes","False"
"C:\Users\DIYA GOEL\Downloads\EBDESIGN\frontend\src\services\operationsApi.js","API_OR_SERVICE","api","POST","/logistics/drivers","False"
"C:\Users\DIYA GOEL\Downloads\EBDESIGN\frontend\src\services\operationsApi.js","API_OR_SERVICE","api","POST","/logistics/shipments","False"
"C:\Users\DIYA GOEL\Downloads\EBDESIGN\frontend\src\services\operationsApi.js","API_OR_SERVICE","api","POST","/logistics/shipments/${id}/tracking","True"
"C:\Users\DIYA GOEL\Downloads\EBDESIGN\frontend\src\services\operationsApi.js","API_OR_SERVICE","api","POST","/logistics/vehicles","False"
"C:\Users\DIYA GOEL\Downloads\EBDESIGN\frontend\src\services\operationsApi.js","API_OR_SERVICE","api","PUT","/insurance/claims/${id}/process","True"
"C:\Users\DIYA GOEL\Downloads\EBDESIGN\frontend\src\services\operationsApi.js","API_OR_SERVICE","api","PUT","/logistics/shipments/${id}/status","True"
"C:\Users\DIYA GOEL\Downloads\EBDESIGN\frontend\src\services\soilNutrientLandService.js","API_OR_SERVICE","api","GET","/soil-nutrient-land/dashboard","False"
"C:\Users\DIYA GOEL\Downloads\EBDESIGN\frontend\src\services\soilNutrientLandService.js","API_OR_SERVICE","api","GET","/soil-nutrient-land/land-mapping","False"
"C:\Users\DIYA GOEL\Downloads\EBDESIGN\frontend\src\services\soilNutrientLandService.js","API_OR_SERVICE","api","GET","/soil-nutrient-land/soil-samples","False"
"C:\Users\DIYA GOEL\Downloads\EBDESIGN\frontend\src\services\soilNutrientLandService.js","API_OR_SERVICE","api","POST","/soil-nutrient-land/land-mapping","False"
"C:\Users\DIYA GOEL\Downloads\EBDESIGN\frontend\src\services\soilNutrientLandService.js","API_OR_SERVICE","api","POST","/soil-nutrient-land/nutrient-recommendations","False"
"C:\Users\DIYA GOEL\Downloads\EBDESIGN\frontend\src\services\soilNutrientLandService.js","API_OR_SERVICE","api","POST","/soil-nutrient-land/soil-analysis","False"
"C:\Users\DIYA GOEL\Downloads\EBDESIGN\frontend\src\services\soilNutrientLandService.js","API_OR_SERVICE","api","POST","/soil-nutrient-land/soil-health-cards","False"
"C:\Users\DIYA GOEL\Downloads\EBDESIGN\frontend\src\services\soilNutrientLandService.js","API_OR_SERVICE","api","POST","/soil-nutrient-land/soil-samples","False"
"C:\Users\DIYA GOEL\Downloads\EBDESIGN\frontend\src\services\vendorProcurementService.js","API_OR_SERVICE","api","GET","/vendor-procurement/dashboard","False"
"C:\Users\DIYA GOEL\Downloads\EBDESIGN\frontend\src\services\vendorProcurementService.js","API_OR_SERVICE","api","GET","/vendor-procurement/procurement-requests","False"
"C:\Users\DIYA GOEL\Downloads\EBDESIGN\frontend\src\services\vendorProcurementService.js","API_OR_SERVICE","api","GET","/vendor-procurement/procurement-requests/${requestId}","True"
"C:\Users\DIYA GOEL\Downloads\EBDESIGN\frontend\src\services\vendorProcurementService.js","API_OR_SERVICE","api","GET","/vendor-procurement/vendors","False"
"C:\Users\DIYA GOEL\Downloads\EBDESIGN\frontend\src\services\vendorProcurementService.js","API_OR_SERVICE","api","GET","/vendor-procurement/vendors/${vendorId}","True"
"C:\Users\DIYA GOEL\Downloads\EBDESIGN\frontend\src\services\vendorProcurementService.js","API_OR_SERVICE","api","POST","/vendor-procurement/procurement-requests","False"
"C:\Users\DIYA GOEL\Downloads\EBDESIGN\frontend\src\services\vendorProcurementService.js","API_OR_SERVICE","api","POST","/vendor-procurement/supply-chain/nodes","False"
"C:\Users\DIYA GOEL\Downloads\EBDESIGN\frontend\src\services\vendorProcurementService.js","API_OR_SERVICE","api","POST","/vendor-procurement/supply-chain/optimize","False"
"C:\Users\DIYA GOEL\Downloads\EBDESIGN\frontend\src\services\vendorProcurementService.js","API_OR_SERVICE","api","POST","/vendor-procurement/vendors","False"
"C:\Users\DIYA GOEL\Downloads\EBDESIGN\frontend\src\services\vendorProcurementService.js","API_OR_SERVICE","api","POST","/vendor-procurement/vendors/${vendorId}/certifications","True"
"C:\Users\DIYA GOEL\Downloads\EBDESIGN\frontend\src\services\vendorProcurementService.js","API_OR_SERVICE","api","POST","/vendor-procurement/vendors/${vendorId}/performance","True"
"C:\Users\DIYA GOEL\Downloads\EBDESIGN\frontend\src\services\vendorProcurementService.js","API_OR_SERVICE","api","PUT","/vendor-procurement/vendors/${vendorId}","True"
"C:\Users\DIYA GOEL\Downloads\EBDESIGN\frontend\src\services\villageAPI.js","API_OR_SERVICE","villageClient","GET","/backend-modules/M041/districtSummary/${encodeURIComponent(district)}","True"
"C:\Users\DIYA GOEL\Downloads\EBDESIGN\frontend\src\services\warningAPI.js","API_OR_SERVICE","axios","GET","${API_BASE_URL}/api/v1/warnings/health","True"
"C:\Users\DIYA GOEL\Downloads\EBDESIGN\frontend\src\services\warningAPI.js","API_OR_SERVICE","axios","GET","${API_BASE_URL}/api/v1/warnings/metrics","True"
"C:\Users\DIYA GOEL\Downloads\EBDESIGN\frontend\src\services\warningAPI.js","API_OR_SERVICE","axios","GET","${API_BASE_URL}/api/v1/warnings/stats","True"
"C:\Users\DIYA GOEL\Downloads\EBDESIGN\frontend\src\services\warningAPI.js","API_OR_SERVICE","axios","GET","${API_BASE_URL}/api/v1/warnings/system","True"
"C:\Users\DIYA GOEL\Downloads\EBDESIGN\frontend\src\services\warningAPI.js","API_OR_SERVICE","axios","GET","${API_BASE_URL}/api/v1/warnings/user","True"
"C:\Users\DIYA GOEL\Downloads\EBDESIGN\frontend\src\services\warningAPI.js","API_OR_SERVICE","axios","POST","${API_BASE_URL}/api/v1/warnings/${warningId}/acknowledge","True"
"C:\Users\DIYA GOEL\Downloads\EBDESIGN\frontend\src\services\warningAPI.js","API_OR_SERVICE","axios","POST","${API_BASE_URL}/api/v1/warnings/cleanup","True"
"C:\Users\DIYA GOEL\Downloads\EBDESIGN\frontend\src\services\warningAPI.js","API_OR_SERVICE","axios","POST","${API_BASE_URL}/api/v1/warnings/generate","True"
"C:\Users\DIYA GOEL\Downloads\EBDESIGN\frontend\src\services\warningAPI.js","API_OR_SERVICE","axios","POST","${API_BASE_URL}/api/v1/warnings/metrics/reset","True"
"C:\Users\DIYA GOEL\Downloads\EBDESIGN\frontend\src\services\waterIrrigationService.js","API_OR_SERVICE","api","GET","/water-irrigation/dashboard","False"
"C:\Users\DIYA GOEL\Downloads\EBDESIGN\frontend\src\services\waterIrrigationService.js","API_OR_SERVICE","api","GET","/water-irrigation/irrigation-schedules","False"
"C:\Users\DIYA GOEL\Downloads\EBDESIGN\frontend\src\services\waterIrrigationService.js","API_OR_SERVICE","api","GET","/water-irrigation/water-budgets","False"
"C:\Users\DIYA GOEL\Downloads\EBDESIGN\frontend\src\services\waterIrrigationService.js","API_OR_SERVICE","api","POST","/water-irrigation/analytics","False"
"C:\Users\DIYA GOEL\Downloads\EBDESIGN\frontend\src\services\waterIrrigationService.js","API_OR_SERVICE","api","POST","/water-irrigation/irrigation-logs","False"
"C:\Users\DIYA GOEL\Downloads\EBDESIGN\frontend\src\services\waterIrrigationService.js","API_OR_SERVICE","api","POST","/water-irrigation/irrigation-schedules","False"
"C:\Users\DIYA GOEL\Downloads\EBDESIGN\frontend\src\services\waterIrrigationService.js","API_OR_SERVICE","api","POST","/water-irrigation/rainwater-harvesting","False"
"C:\Users\DIYA GOEL\Downloads\EBDESIGN\frontend\src\services\waterIrrigationService.js","API_OR_SERVICE","api","POST","/water-irrigation/water-budgets","False"
"C:\Users\DIYA GOEL\Downloads\EBDESIGN\frontend\src\services\waterIrrigationService.js","API_OR_SERVICE","api","POST","/water-irrigation/water-quality","False"
"C:\Users\DIYA GOEL\Downloads\EBDESIGN\frontend\src\services\waterIrrigationService.js","API_OR_SERVICE","api","POST","/water-irrigation/watersheds","False"
"C:\Users\DIYA GOEL\Downloads\EBDESIGN\frontend\src\stores\authStore.js","STORE","fetch","POST","/api/v1/auth/login","False"
