"FromFile","FromRole","ImportPath","IsLocal"
"C:\Users\DIYA GOEL\Downloads\EBDESIGN\frontend\src\App.jsx","OTHER","react-router-dom","False"
"C:\Users\DIYA GOEL\Downloads\EBDESIGN\frontend\src\App.jsx","OTHER","./store/authStore","True"
"C:\Users\DIYA GOEL\Downloads\EBDESIGN\frontend\src\App.jsx","OTHER","react","False"
"C:\Users\DIYA GOEL\Downloads\EBDESIGN\frontend\src\App.jsx","OTHER","react-router-dom","False"
"C:\Users\DIYA GOEL\Downloads\EBDESIGN\frontend\src\App.jsx","OTHER","./components/ErrorBoundary","True"
"C:\Users\DIYA GOEL\Downloads\EBDESIGN\frontend\src\App.jsx","OTHER","./components/Layout","True"
"C:\Users\DIYA GOEL\Downloads\EBDESIGN\frontend\src\App.jsx","OTHER","./utils/errorMonitoring","True"
"C:\Users\DIYA GOEL\Downloads\EBDESIGN\frontend\src\App.jsx","OTHER","./components/ui/Skeleton","True"
"C:\Users\DIYA GOEL\Downloads\EBDESIGN\frontend\src\App.jsx","OTHER","./components/RouteGuard","True"
"C:\Users\DIYA GOEL\Downloads\EBDESIGN\frontend\src\App.jsx","OTHER","./components/RouteTransition","True"
"C:\Users\DIYA GOEL\Downloads\EBDESIGN\frontend\src\App.jsx","OTHER","./components/RouteAnalytics","True"
"C:\Users\DIYA GOEL\Downloads\EBDESIGN\frontend\src\App.jsx","OTHER","./components/RouteErrorBoundary","True"
"C:\Users\DIYA GOEL\Downloads\EBDESIGN\frontend\src\App.jsx","OTHER","./components/RouteLoading","True"
"C:\Users\DIYA GOEL\Downloads\EBDESIGN\frontend\src\App.jsx","OTHER","./utils/routePreloader","True"
"C:\Users\DIYA GOEL\Downloads\EBDESIGN\frontend\src\App.jsx","OTHER","./config/routes","True"
"C:\Users\DIYA GOEL\Downloads\EBDESIGN\frontend\src\App.jsx","OTHER","./config/autoPageRoutes","True"
"C:\Users\DIYA GOEL\Downloads\EBDESIGN\frontend\src\App.jsx","OTHER","./config/env","True"
"C:\Users\DIYA GOEL\Downloads\EBDESIGN\frontend\src\App.jsx","OTHER","./utils/monitoring","True"
"C:\Users\DIYA GOEL\Downloads\EBDESIGN\frontend\src\App.jsx","OTHER","./utils/analytics","True"
"C:\Users\DIYA GOEL\Downloads\EBDESIGN\frontend\src\App.jsx","OTHER","./components/Multilingual/MultilingualProvider","True"
"C:\Users\DIYA GOEL\Downloads\EBDESIGN\frontend\src\App.jsx","OTHER","./components/Accessibility/AccessibilityProvider","True"
"C:\Users\DIYA GOEL\Downloads\EBDESIGN\frontend\src\App.jsx","OTHER","./pages/ModuleRuntimePage","True"
"C:\Users\DIYA GOEL\Downloads\EBDESIGN\frontend\src\main.jsx","OTHER","react","False"
"C:\Users\DIYA GOEL\Downloads\EBDESIGN\frontend\src\main.jsx","OTHER","react-dom/client","False"
"C:\Users\DIYA GOEL\Downloads\EBDESIGN\frontend\src\main.jsx","OTHER","react-router-dom","False"
"C:\Users\DIYA GOEL\Downloads\EBDESIGN\frontend\src\main.jsx","OTHER","@tanstack/react-query","False"
"C:\Users\DIYA GOEL\Downloads\EBDESIGN\frontend\src\main.jsx","OTHER","react-hot-toast","False"
"C:\Users\DIYA GOEL\Downloads\EBDESIGN\frontend\src\main.jsx","OTHER","./App.jsx","True"
"C:\Users\DIYA GOEL\Downloads\EBDESIGN\frontend\src\main.jsx","OTHER","./index.css","True"
"C:\Users\DIYA GOEL\Downloads\EBDESIGN\frontend\src\components\AdvancedPageShell.jsx","COMPONENT","lucide-react","False"
"C:\Users\DIYA GOEL\Downloads\EBDESIGN\frontend\src\components\AdvancedPageShell.jsx","COMPONENT","./ui/button","True"
"C:\Users\DIYA GOEL\Downloads\EBDESIGN\frontend\src\components\AdvancedPageShell.jsx","COMPONENT","./ui/card","True"
"C:\Users\DIYA GOEL\Downloads\EBDESIGN\frontend\src\components\AIImageGenerator.jsx","COMPONENT","react","False"
"C:\Users\DIYA GOEL\Downloads\EBDESIGN\frontend\src\components\AIImageGenerator.jsx","COMPONENT","prop-types","False"
"C:\Users\DIYA GOEL\Downloads\EBDESIGN\frontend\src\components\AIImageGenerator.jsx","COMPONENT","./AIImageGenerator.module.css","True"
"C:\Users\DIYA GOEL\Downloads\EBDESIGN\frontend\src\components\AIImageGenerator.jsx","COMPONENT","../services/api","True"
"C:\Users\DIYA GOEL\Downloads\EBDESIGN\frontend\src\components\AIImageGenerator.test.jsx","COMPONENT","@testing-library/react","False"
"C:\Users\DIYA GOEL\Downloads\EBDESIGN\frontend\src\components\AIImageGenerator.test.jsx","COMPONENT","./AIImageGenerator","True"
"C:\Users\DIYA GOEL\Downloads\EBDESIGN\frontend\src\components\AIImageGenerator.test.jsx","COMPONENT","../services/api","True"
"C:\Users\DIYA GOEL\Downloads\EBDESIGN\frontend\src\components\AlertDialog.jsx","COMPONENT","react","False"
"C:\Users\DIYA GOEL\Downloads\EBDESIGN\frontend\src\components\AreaChart.jsx","COMPONENT","react","False"
"C:\Users\DIYA GOEL\Downloads\EBDESIGN\frontend\src\components\Autocomplete.jsx","COMPONENT","react","False"
"C:\Users\DIYA GOEL\Downloads\EBDESIGN\frontend\src\components\Avatars.jsx","COMPONENT","react","False"
"C:\Users\DIYA GOEL\Downloads\EBDESIGN\frontend\src\components\Badges.jsx","COMPONENT","react","False"
"C:\Users\DIYA GOEL\Downloads\EBDESIGN\frontend\src\components\BarChart.jsx","COMPONENT","react","False"
"C:\Users\DIYA GOEL\Downloads\EBDESIGN\frontend\src\components\BasicModal.jsx","COMPONENT","react","False"
"C:\Users\DIYA GOEL\Downloads\EBDESIGN\frontend\src\components\BottomNav.jsx","COMPONENT","react-router-dom","False"
"C:\Users\DIYA GOEL\Downloads\EBDESIGN\frontend\src\components\BottomNav.jsx","COMPONENT","lucide-react","False"
"C:\Users\DIYA GOEL\Downloads\EBDESIGN\frontend\src\components\Breadcrumbs.jsx","COMPONENT","react","False"
"C:\Users\DIYA GOEL\Downloads\EBDESIGN\frontend\src\components\Button.jsx","COMPONENT","react","False"
"C:\Users\DIYA GOEL\Downloads\EBDESIGN\frontend\src\components\ButtonGroup.jsx","COMPONENT","react","False"
"C:\Users\DIYA GOEL\Downloads\EBDESIGN\frontend\src\components\Calendar.jsx","COMPONENT","react","False"
"C:\Users\DIYA GOEL\Downloads\EBDESIGN\frontend\src\components\Cards.jsx","COMPONENT","react","False"
"C:\Users\DIYA GOEL\Downloads\EBDESIGN\frontend\src\components\Checkbox.jsx","COMPONENT","react","False"
"C:\Users\DIYA GOEL\Downloads\EBDESIGN\frontend\src\components\Code.jsx","COMPONENT","react","False"
"C:\Users\DIYA GOEL\Downloads\EBDESIGN\frontend\src\components\CodeViewerModal.jsx","COMPONENT","react","False"
"C:\Users\DIYA GOEL\Downloads\EBDESIGN\frontend\src\components\ColorPicker.jsx","COMPONENT","react","False"
"C:\Users\DIYA GOEL\Downloads\EBDESIGN\frontend\src\components\ColumnCustomization.jsx","COMPONENT","react","False"
"C:\Users\DIYA GOEL\Downloads\EBDESIGN\frontend\src\components\ColumnReordering.jsx","COMPONENT","react","False"
"C:\Users\DIYA GOEL\Downloads\EBDESIGN\frontend\src\components\ColumnResizing.jsx","COMPONENT","react","False"
"C:\Users\DIYA GOEL\Downloads\EBDESIGN\frontend\src\components\ConfirmationDialog.jsx","COMPONENT","react","False"
"C:\Users\DIYA GOEL\Downloads\EBDESIGN\frontend\src\components\Container.jsx","COMPONENT","react","False"
"C:\Users\DIYA GOEL\Downloads\EBDESIGN\frontend\src\components\ContextMenu.jsx","COMPONENT","react","False"
"C:\Users\DIYA GOEL\Downloads\EBDESIGN\frontend\src\components\DarkModeToggle.jsx","COMPONENT","react","False"
"C:\Users\DIYA GOEL\Downloads\EBDESIGN\frontend\src\components\DataTable.jsx","COMPONENT","react","False"
"C:\Users\DIYA GOEL\Downloads\EBDESIGN\frontend\src\components\DatePicker.jsx","COMPONENT","react","False"
"C:\Users\DIYA GOEL\Downloads\EBDESIGN\frontend\src\components\DatePickerModal.jsx","COMPONENT","react","False"
"C:\Users\DIYA GOEL\Downloads\EBDESIGN\frontend\src\components\DateTimePicker.jsx","COMPONENT","react","False"
"C:\Users\DIYA GOEL\Downloads\EBDESIGN\frontend\src\components\Divider.jsx","COMPONENT","react","False"
"C:\Users\DIYA GOEL\Downloads\EBDESIGN\frontend\src\components\DropdownButton.jsx","COMPONENT","react","False"
"C:\Users\DIYA GOEL\Downloads\EBDESIGN\frontend\src\components\EmailInput.jsx","COMPONENT","react","False"
"C:\Users\DIYA GOEL\Downloads\EBDESIGN\frontend\src\components\EmptyState.jsx","COMPONENT","react","False"
"C:\Users\DIYA GOEL\Downloads\EBDESIGN\frontend\src\components\ErrorBoundary.jsx","COMPONENT","react","False"
"C:\Users\DIYA GOEL\Downloads\EBDESIGN\frontend\src\components\ErrorBoundary.jsx","COMPONENT","../utils/errorMonitoring","True"
"C:\Users\DIYA GOEL\Downloads\EBDESIGN\frontend\src\components\ErrorMessage.jsx","COMPONENT","react","False"
"C:\Users\DIYA GOEL\Downloads\EBDESIGN\frontend\src\components\ErrorState.jsx","COMPONENT","react","False"
"C:\Users\DIYA GOEL\Downloads\EBDESIGN\frontend\src\components\ExpansionRows.jsx","COMPONENT","react","False"
"C:\Users\DIYA GOEL\Downloads\EBDESIGN\frontend\src\components\ExportCSV.jsx","COMPONENT","react","False"
"C:\Users\DIYA GOEL\Downloads\EBDESIGN\frontend\src\components\ExportExcel.jsx","COMPONENT","react","False"
"C:\Users\DIYA GOEL\Downloads\EBDESIGN\frontend\src\components\FileUpload.jsx","COMPONENT","react","False"
"C:\Users\DIYA GOEL\Downloads\EBDESIGN\frontend\src\components\Filtering.jsx","COMPONENT","react","False"
"C:\Users\DIYA GOEL\Downloads\EBDESIGN\frontend\src\components\FlexboxLayout.jsx","COMPONENT","react","False"
"C:\Users\DIYA GOEL\Downloads\EBDESIGN\frontend\src\components\Footer.jsx","COMPONENT","react-router-dom","False"
"C:\Users\DIYA GOEL\Downloads\EBDESIGN\frontend\src\components\Footer.jsx","COMPONENT","lucide-react","False"
"C:\Users\DIYA GOEL\Downloads\EBDESIGN\frontend\src\components\FormBuilder.jsx","COMPONENT","react","False"
"C:\Users\DIYA GOEL\Downloads\EBDESIGN\frontend\src\components\FormModal.jsx","COMPONENT","react","False"
"C:\Users\DIYA GOEL\Downloads\EBDESIGN\frontend\src\components\FormValidation.jsx","COMPONENT","react","False"
"C:\Users\DIYA GOEL\Downloads\EBDESIGN\frontend\src\components\GanttCharts.jsx","COMPONENT","react","False"
"C:\Users\DIYA GOEL\Downloads\EBDESIGN\frontend\src\components\Gauges.jsx","COMPONENT","react","False"
"C:\Users\DIYA GOEL\Downloads\EBDESIGN\frontend\src\components\GridSystem.jsx","COMPONENT","react","False"
"C:\Users\DIYA GOEL\Downloads\EBDESIGN\frontend\src\components\Grouping.jsx","COMPONENT","react","False"
"C:\Users\DIYA GOEL\Downloads\EBDESIGN\frontend\src\components\Header.jsx","COMPONENT","react-router-dom","False"
"C:\Users\DIYA GOEL\Downloads\EBDESIGN\frontend\src\components\Header.jsx","COMPONENT","lucide-react","False"
"C:\Users\DIYA GOEL\Downloads\EBDESIGN\frontend\src\components\Header.jsx","COMPONENT","../store/authStore","True"
"C:\Users\DIYA GOEL\Downloads\EBDESIGN\frontend\src\components\Header.jsx","COMPONENT","react","False"
"C:\Users\DIYA GOEL\Downloads\EBDESIGN\frontend\src\components\Header.jsx","COMPONENT","./Multilingual/LanguageSelector","True"
"C:\Users\DIYA GOEL\Downloads\EBDESIGN\frontend\src\components\Header.jsx","COMPONENT","./NotificationBell","True"
"C:\Users\DIYA GOEL\Downloads\EBDESIGN\frontend\src\components\Heading.jsx","COMPONENT","react","False"
"C:\Users\DIYA GOEL\Downloads\EBDESIGN\frontend\src\components\Heatmaps.jsx","COMPONENT","react","False"
"C:\Users\DIYA GOEL\Downloads\EBDESIGN\frontend\src\components\HelperText.jsx","COMPONENT","react","False"
"C:\Users\DIYA GOEL\Downloads\EBDESIGN\frontend\src\components\HierarchicalView.jsx","COMPONENT","react","False"
"C:\Users\DIYA GOEL\Downloads\EBDESIGN\frontend\src\components\Highlight.jsx","COMPONENT","react","False"
"C:\Users\DIYA GOEL\Downloads\EBDESIGN\frontend\src\components\HorizontalMenu.jsx","COMPONENT","react","False"
"C:\Users\DIYA GOEL\Downloads\EBDESIGN\frontend\src\components\Icon.jsx","COMPONENT","react","False"
"C:\Users\DIYA GOEL\Downloads\EBDESIGN\frontend\src\components\IconButton.jsx","COMPONENT","react","False"
"C:\Users\DIYA GOEL\Downloads\EBDESIGN\frontend\src\components\ImagePreviewModal.jsx","COMPONENT","react","False"
"C:\Users\DIYA GOEL\Downloads\EBDESIGN\frontend\src\components\ImageUpload.jsx","COMPONENT","react","False"
"C:\Users\DIYA GOEL\Downloads\EBDESIGN\frontend\src\components\InfoBoxes.jsx","COMPONENT","react","False"
"C:\Users\DIYA GOEL\Downloads\EBDESIGN\frontend\src\components\InfoMessage.jsx","COMPONENT","react","False"
"C:\Users\DIYA GOEL\Downloads\EBDESIGN\frontend\src\components\InlineEditing.jsx","COMPONENT","react","False"
"C:\Users\DIYA GOEL\Downloads\EBDESIGN\frontend\src\components\KanbanBoard.jsx","COMPONENT","react","False"
"C:\Users\DIYA GOEL\Downloads\EBDESIGN\frontend\src\components\KeyboardShortcuts.jsx","COMPONENT","react","False"
"C:\Users\DIYA GOEL\Downloads\EBDESIGN\frontend\src\components\Label.jsx","COMPONENT","react","False"
"C:\Users\DIYA GOEL\Downloads\EBDESIGN\frontend\src\components\Layout.jsx","COMPONENT","react","False"
"C:\Users\DIYA GOEL\Downloads\EBDESIGN\frontend\src\components\Layout.jsx","COMPONENT","react-router-dom","False"
"C:\Users\DIYA GOEL\Downloads\EBDESIGN\frontend\src\components\Layout.jsx","COMPONENT","lucide-react","False"
"C:\Users\DIYA GOEL\Downloads\EBDESIGN\frontend\src\components\Layout.jsx","COMPONENT","./Header","True"
"C:\Users\DIYA GOEL\Downloads\EBDESIGN\frontend\src\components\Layout.jsx","COMPONENT","./Footer","True"
"C:\Users\DIYA GOEL\Downloads\EBDESIGN\frontend\src\components\Layout.jsx","COMPONENT","./Sidebar","True"
"C:\Users\DIYA GOEL\Downloads\EBDESIGN\frontend\src\components\Layout.jsx","COMPONENT","./BottomNav","True"
"C:\Users\DIYA GOEL\Downloads\EBDESIGN\frontend\src\components\Layout.jsx","COMPONENT","../store/authStore","True"
"C:\Users\DIYA GOEL\Downloads\EBDESIGN\frontend\src\components\Layout.jsx","COMPONENT","./ConversationalAI/ChatInterface","True"
"C:\Users\DIYA GOEL\Downloads\EBDESIGN\frontend\src\components\Layout.jsx","COMPONENT","./VoiceAI/VoiceAssistant","True"
"C:\Users\DIYA GOEL\Downloads\EBDESIGN\frontend\src\components\LineChart.jsx","COMPONENT","react","False"
"C:\Users\DIYA GOEL\Downloads\EBDESIGN\frontend\src\components\Link.jsx","COMPONENT","react","False"
"C:\Users\DIYA GOEL\Downloads\EBDESIGN\frontend\src\components\Lists.jsx","COMPONENT","react","False"
"C:\Users\DIYA GOEL\Downloads\EBDESIGN\frontend\src\components\Loader.jsx","COMPONENT","react","False"
"C:\Users\DIYA GOEL\Downloads\EBDESIGN\frontend\src\components\MapVisualization.jsx","COMPONENT","react","False"
"C:\Users\DIYA GOEL\Downloads\EBDESIGN\frontend\src\components\MasonryLayout.jsx","COMPONENT","react","False"
"C:\Users\DIYA GOEL\Downloads\EBDESIGN\frontend\src\components\MenuButton.jsx","COMPONENT","react","False"
"C:\Users\DIYA GOEL\Downloads\EBDESIGN\frontend\src\components\MobileOptimizedLayout.jsx","COMPONENT","react","False"
"C:\Users\DIYA GOEL\Downloads\EBDESIGN\frontend\src\components\MobileOptimizedLayout.jsx","COMPONENT","lucide-react","False"
"C:\Users\DIYA GOEL\Downloads\EBDESIGN\frontend\src\components\ModalLayout.jsx","COMPONENT","react","False"
"C:\Users\DIYA GOEL\Downloads\EBDESIGN\frontend\src\components\MultiSelect.jsx","COMPONENT","react","False"
"C:\Users\DIYA GOEL\Downloads\EBDESIGN\frontend\src\components\MultiStepModal.jsx","COMPONENT","react","False"
"C:\Users\DIYA GOEL\Downloads\EBDESIGN\frontend\src\components\NotificationBell.jsx","COMPONENT","react","False"
"C:\Users\DIYA GOEL\Downloads\EBDESIGN\frontend\src\components\NotificationBell.jsx","COMPONENT","lucide-react","False"
"C:\Users\DIYA GOEL\Downloads\EBDESIGN\frontend\src\components\NotificationBell.jsx","COMPONENT","../store/authStore","True"
"C:\Users\DIYA GOEL\Downloads\EBDESIGN\frontend\src\components\NotificationBell.jsx","COMPONENT","../services/componentApi","True"
"C:\Users\DIYA GOEL\Downloads\EBDESIGN\frontend\src\components\NumberInput.jsx","COMPONENT","react","False"
"C:\Users\DIYA GOEL\Downloads\EBDESIGN\frontend\src\components\Pagination.jsx","COMPONENT","react","False"
"C:\Users\DIYA GOEL\Downloads\EBDESIGN\frontend\src\components\PaginationControls.jsx","COMPONENT","react","False"
"C:\Users\DIYA GOEL\Downloads\EBDESIGN\frontend\src\components\PasswordInput.jsx","COMPONENT","react","False"
"C:\Users\DIYA GOEL\Downloads\EBDESIGN\frontend\src\components\PieChart.jsx","COMPONENT","react","False"
"C:\Users\DIYA GOEL\Downloads\EBDESIGN\frontend\src\components\PlaceholderPage.jsx","COMPONENT","./AdvancedPageShell","True"
"C:\Users\DIYA GOEL\Downloads\EBDESIGN\frontend\src\components\PlatformCoreDashboard.jsx","COMPONENT","react","False"
"C:\Users\DIYA GOEL\Downloads\EBDESIGN\frontend\src\components\PlatformCoreDashboard.jsx","COMPONENT","lucide-react","False"
"C:\Users\DIYA GOEL\Downloads\EBDESIGN\frontend\src\components\Popover.jsx","COMPONENT","react","False"
"C:\Users\DIYA GOEL\Downloads\EBDESIGN\frontend\src\components\ProgressBars.jsx","COMPONENT","react","False"
"C:\Users\DIYA GOEL\Downloads\EBDESIGN\frontend\src\components\ProtectedRoute.jsx","COMPONENT","react-router-dom","False"
"C:\Users\DIYA GOEL\Downloads\EBDESIGN\frontend\src\components\ProtectedRoute.jsx","COMPONENT","../store/authStore","True"
"C:\Users\DIYA GOEL\Downloads\EBDESIGN\frontend\src\components\RadioButton.jsx","COMPONENT","react","False"
"C:\Users\DIYA GOEL\Downloads\EBDESIGN\frontend\src\components\RangeSlider.jsx","COMPONENT","react","False"
"C:\Users\DIYA GOEL\Downloads\EBDESIGN\frontend\src\components\RatingComponent.jsx","COMPONENT","react","False"
"C:\Users\DIYA GOEL\Downloads\EBDESIGN\frontend\src\components\ResponsiveGrid.jsx","COMPONENT","react","False"
"C:\Users\DIYA GOEL\Downloads\EBDESIGN\frontend\src\components\RichTextEditor.jsx","COMPONENT","react","False"
"C:\Users\DIYA GOEL\Downloads\EBDESIGN\frontend\src\components\RouteAnalytics.jsx","COMPONENT","react","False"
"C:\Users\DIYA GOEL\Downloads\EBDESIGN\frontend\src\components\RouteAnalytics.jsx","COMPONENT","react-router-dom","False"
"C:\Users\DIYA GOEL\Downloads\EBDESIGN\frontend\src\components\RouteAnalytics.jsx","COMPONENT","../utils/analytics","True"
"C:\Users\DIYA GOEL\Downloads\EBDESIGN\frontend\src\components\RouteAnalytics.jsx","COMPONENT","../utils/monitoring","True"
"C:\Users\DIYA GOEL\Downloads\EBDESIGN\frontend\src\components\RouteErrorBoundary.jsx","COMPONENT","react","False"
"C:\Users\DIYA GOEL\Downloads\EBDESIGN\frontend\src\components\RouteErrorBoundary.jsx","COMPONENT","react-router-dom","False"
"C:\Users\DIYA GOEL\Downloads\EBDESIGN\frontend\src\components\RouteErrorBoundary.jsx","COMPONENT","../utils/errorMonitoring","True"
"C:\Users\DIYA GOEL\Downloads\EBDESIGN\frontend\src\components\RouteErrorBoundary.jsx","COMPONENT","./ui/button","True"
"C:\Users\DIYA GOEL\Downloads\EBDESIGN\frontend\src\components\RouteErrorBoundary.jsx","COMPONENT","./ui/Skeleton","True"
"C:\Users\DIYA GOEL\Downloads\EBDESIGN\frontend\src\components\RouteGuard.jsx","COMPONENT","react","False"
"C:\Users\DIYA GOEL\Downloads\EBDESIGN\frontend\src\components\RouteGuard.jsx","COMPONENT","../store/authStore","True"
"C:\Users\DIYA GOEL\Downloads\EBDESIGN\frontend\src\components\RouteGuard.jsx","COMPONENT","react-router-dom","False"
"C:\Users\DIYA GOEL\Downloads\EBDESIGN\frontend\src\components\RouteGuard.jsx","COMPONENT","./ui/Skeleton","True"
"C:\Users\DIYA GOEL\Downloads\EBDESIGN\frontend\src\components\RouteLoading.jsx","COMPONENT","react","False"
"C:\Users\DIYA GOEL\Downloads\EBDESIGN\frontend\src\components\RouteLoading.jsx","COMPONENT","react-router-dom","False"
"C:\Users\DIYA GOEL\Downloads\EBDESIGN\frontend\src\components\RouteLoading.jsx","COMPONENT","./ui/Skeleton","True"
"C:\Users\DIYA GOEL\Downloads\EBDESIGN\frontend\src\components\RouteTransition.jsx","COMPONENT","react","False"
"C:\Users\DIYA GOEL\Downloads\EBDESIGN\frontend\src\components\RouteTransition.jsx","COMPONENT","react-router-dom","False"
"C:\Users\DIYA GOEL\Downloads\EBDESIGN\frontend\src\components\RouteTransition.jsx","COMPONENT","../lib/utils","True"
"C:\Users\DIYA GOEL\Downloads\EBDESIGN\frontend\src\components\RowSelection.jsx","COMPONENT","react","False"
"C:\Users\DIYA GOEL\Downloads\EBDESIGN\frontend\src\components\Schedule.jsx","COMPONENT","react","False"
"C:\Users\DIYA GOEL\Downloads\EBDESIGN\frontend\src\components\SearchInput.jsx","COMPONENT","react","False"
"C:\Users\DIYA GOEL\Downloads\EBDESIGN\frontend\src\components\SelectDropdown.jsx","COMPONENT","react","False"
"C:\Users\DIYA GOEL\Downloads\EBDESIGN\frontend\src\components\Sidebar.jsx","COMPONENT","react-router-dom","False"
"C:\Users\DIYA GOEL\Downloads\EBDESIGN\frontend\src\components\Sidebar.jsx","COMPONENT","../store/authStore","True"
"C:\Users\DIYA GOEL\Downloads\EBDESIGN\frontend\src\components\SidebarLayout.jsx","COMPONENT","react","False"
"C:\Users\DIYA GOEL\Downloads\EBDESIGN\frontend\src\components\SideNavigation.jsx","COMPONENT","react","False"
"C:\Users\DIYA GOEL\Downloads\EBDESIGN\frontend\src\components\SkeletonLoader.jsx","COMPONENT","react","False"
"C:\Users\DIYA GOEL\Downloads\EBDESIGN\frontend\src\components\Slider.jsx","COMPONENT","react","False"
"C:\Users\DIYA GOEL\Downloads\EBDESIGN\frontend\src\components\Sorting.jsx","COMPONENT","react","False"
"C:\Users\DIYA GOEL\Downloads\EBDESIGN\frontend\src\components\Spacer.jsx","COMPONENT","react","False"
"C:\Users\DIYA GOEL\Downloads\EBDESIGN\frontend\src\components\Sparklines.jsx","COMPONENT","react","False"
"C:\Users\DIYA GOEL\Downloads\EBDESIGN\frontend\src\components\Spinner.jsx","COMPONENT","react","False"
"C:\Users\DIYA GOEL\Downloads\EBDESIGN\frontend\src\components\SplitButton.jsx","COMPONENT","react","False"
"C:\Users\DIYA GOEL\Downloads\EBDESIGN\frontend\src\components\SplitPanel.jsx","COMPONENT","react","False"
"C:\Users\DIYA GOEL\Downloads\EBDESIGN\frontend\src\components\StackedLayout.jsx","COMPONENT","react","False"
"C:\Users\DIYA GOEL\Downloads\EBDESIGN\frontend\src\components\StatBoxes.jsx","COMPONENT","react","False"
"C:\Users\DIYA GOEL\Downloads\EBDESIGN\frontend\src\components\StatusIndicators.jsx","COMPONENT","react","False"
"C:\Users\DIYA GOEL\Downloads\EBDESIGN\frontend\src\components\Stepper.jsx","COMPONENT","react","False"
"C:\Users\DIYA GOEL\Downloads\EBDESIGN\frontend\src\components\StepsIndicator.jsx","COMPONENT","react","False"
"C:\Users\DIYA GOEL\Downloads\EBDESIGN\frontend\src\components\StickyHeader.jsx","COMPONENT","react","False"
"C:\Users\DIYA GOEL\Downloads\EBDESIGN\frontend\src\components\SuccessMessage.jsx","COMPONENT","react","False"
"C:\Users\DIYA GOEL\Downloads\EBDESIGN\frontend\src\components\Tabs.jsx","COMPONENT","react","False"
"C:\Users\DIYA GOEL\Downloads\EBDESIGN\frontend\src\components\TabsLayout.jsx","COMPONENT","react","False"
"C:\Users\DIYA GOEL\Downloads\EBDESIGN\frontend\src\components\TagInput.jsx","COMPONENT","react","False"
"C:\Users\DIYA GOEL\Downloads\EBDESIGN\frontend\src\components\Text.jsx","COMPONENT","react","False"
"C:\Users\DIYA GOEL\Downloads\EBDESIGN\frontend\src\components\Textarea.jsx","COMPONENT","react","False"
"C:\Users\DIYA GOEL\Downloads\EBDESIGN\frontend\src\components\TextInput.jsx","COMPONENT","react","False"
"C:\Users\DIYA GOEL\Downloads\EBDESIGN\frontend\src\components\ThreeColumnLayout.jsx","COMPONENT","react","False"
"C:\Users\DIYA GOEL\Downloads\EBDESIGN\frontend\src\components\Timeline.jsx","COMPONENT","react","False"
"C:\Users\DIYA GOEL\Downloads\EBDESIGN\frontend\src\components\TimePicker.jsx","COMPONENT","react","False"
"C:\Users\DIYA GOEL\Downloads\EBDESIGN\frontend\src\components\ToggleSwitch.jsx","COMPONENT","react","False"
"C:\Users\DIYA GOEL\Downloads\EBDESIGN\frontend\src\components\Tooltip.jsx","COMPONENT","react","False"
"C:\Users\DIYA GOEL\Downloads\EBDESIGN\frontend\src\components\TopNavBar.jsx","COMPONENT","react","False"
"C:\Users\DIYA GOEL\Downloads\EBDESIGN\frontend\src\components\TreeView.jsx","COMPONENT","react","False"
"C:\Users\DIYA GOEL\Downloads\EBDESIGN\frontend\src\components\TwoColumnLayout.jsx","COMPONENT","react","False"
"C:\Users\DIYA GOEL\Downloads\EBDESIGN\frontend\src\components\VerticalMenu.jsx","COMPONENT","react","False"
"C:\Users\DIYA GOEL\Downloads\EBDESIGN\frontend\src\components\VideoPlayerModal.jsx","COMPONENT","react","False"
"C:\Users\DIYA GOEL\Downloads\EBDESIGN\frontend\src\components\Virtualization.jsx","COMPONENT","react","False"
"C:\Users\DIYA GOEL\Downloads\EBDESIGN\frontend\src\components\WarningMessage.jsx","COMPONENT","react","False"
"C:\Users\DIYA GOEL\Downloads\EBDESIGN\frontend\src\components\Accessibility\AccessibilityEnhancements.jsx","COMPONENT","react","False"
"C:\Users\DIYA GOEL\Downloads\EBDESIGN\frontend\src\components\Accessibility\AccessibilityEnhancements.jsx","COMPONENT","prop-types","False"
"C:\Users\DIYA GOEL\Downloads\EBDESIGN\frontend\src\components\Accessibility\AccessibilityProvider.jsx","COMPONENT","react","False"
"C:\Users\DIYA GOEL\Downloads\EBDESIGN\frontend\src\components\Accessibility\AccessibilityProvider.jsx","COMPONENT","prop-types","False"
"C:\Users\DIYA GOEL\Downloads\EBDESIGN\frontend\src\components\Admin\AutoGenerationDashboard.jsx","COMPONENT","react","False"
"C:\Users\DIYA GOEL\Downloads\EBDESIGN\frontend\src\components\Admin\AutoGenerationDashboard.jsx","COMPONENT","lucide-react","False"
"C:\Users\DIYA GOEL\Downloads\EBDESIGN\frontend\src\components\AdvancedUIPatterns\AdvancedUIPatterns.jsx","COMPONENT","react","False"
"C:\Users\DIYA GOEL\Downloads\EBDESIGN\frontend\src\components\AdvancedUIPatterns\AdvancedUIPatterns.jsx","COMPONENT","framer-motion","False"
"C:\Users\DIYA GOEL\Downloads\EBDESIGN\frontend\src\components\AI\AIChat.jsx","COMPONENT","react","False"
"C:\Users\DIYA GOEL\Downloads\EBDESIGN\frontend\src\components\AI\AIChat.jsx","COMPONENT","../../services/componentApi","True"
"C:\Users\DIYA GOEL\Downloads\EBDESIGN\frontend\src\components\AI\AIChat.test.jsx","COMPONENT","react","False"
"C:\Users\DIYA GOEL\Downloads\EBDESIGN\frontend\src\components\AI\AIChat.test.jsx","COMPONENT","@testing-library/react","False"
"C:\Users\DIYA GOEL\Downloads\EBDESIGN\frontend\src\components\AI\AIChat.test.jsx","COMPONENT","./AIChat","True"
"C:\Users\DIYA GOEL\Downloads\EBDESIGN\frontend\src\components\AI\AIChat.test.jsx","COMPONENT","../../services/componentApi","True"
"C:\Users\DIYA GOEL\Downloads\EBDESIGN\frontend\src\components\AI\AICollaborationDashboard.jsx","COMPONENT","react","False"
"C:\Users\DIYA GOEL\Downloads\EBDESIGN\frontend\src\components\AI\AICollaborationDashboard.jsx","COMPONENT","../../services/componentApi","True"
"C:\Users\DIYA GOEL\Downloads\EBDESIGN\frontend\src\components\AI\AIDashboard.jsx","COMPONENT","react","False"
"C:\Users\DIYA GOEL\Downloads\EBDESIGN\frontend\src\components\AI\AIImageGeneratorDashboard.jsx","COMPONENT","react","False"
"C:\Users\DIYA GOEL\Downloads\EBDESIGN\frontend\src\components\AI\AIImageGeneratorDashboard.jsx","COMPONENT","recharts","False"
"C:\Users\DIYA GOEL\Downloads\EBDESIGN\frontend\src\components\AI\CopilotChat.jsx","COMPONENT","react","False"
"C:\Users\DIYA GOEL\Downloads\EBDESIGN\frontend\src\components\AI\CopilotChat.jsx","COMPONENT","prop-types","False"
"C:\Users\DIYA GOEL\Downloads\EBDESIGN\frontend\src\components\AI\CopilotChat.jsx","COMPONENT","../../services/componentApi","True"
"C:\Users\DIYA GOEL\Downloads\EBDESIGN\frontend\src\components\ArVr\ExperienceViewer.jsx","COMPONENT","react","False"
"C:\Users\DIYA GOEL\Downloads\EBDESIGN\frontend\src\components\ArVr\ExperienceViewer.jsx","COMPONENT","../../services/componentApi","True"
"C:\Users\DIYA GOEL\Downloads\EBDESIGN\frontend\src\components\Atomic\Alert.jsx","COMPONENT","react","False"
"C:\Users\DIYA GOEL\Downloads\EBDESIGN\frontend\src\components\Atomic\Avatar.jsx","COMPONENT","react","False"
"C:\Users\DIYA GOEL\Downloads\EBDESIGN\frontend\src\components\Atomic\Badge.jsx","COMPONENT","react","False"
"C:\Users\DIYA GOEL\Downloads\EBDESIGN\frontend\src\components\Atomic\Button.jsx","COMPONENT","react","False"
"C:\Users\DIYA GOEL\Downloads\EBDESIGN\frontend\src\components\Atomic\ButtonGroup.jsx","COMPONENT","react","False"
"C:\Users\DIYA GOEL\Downloads\EBDESIGN\frontend\src\components\Atomic\Card.jsx","COMPONENT","react","False"
"C:\Users\DIYA GOEL\Downloads\EBDESIGN\frontend\src\components\Atomic\Checkbox.jsx","COMPONENT","react","False"
"C:\Users\DIYA GOEL\Downloads\EBDESIGN\frontend\src\components\Atomic\Chip.jsx","COMPONENT","react","False"
"C:\Users\DIYA GOEL\Downloads\EBDESIGN\frontend\src\components\Atomic\ColorPicker.jsx","COMPONENT","react","False"
"C:\Users\DIYA GOEL\Downloads\EBDESIGN\frontend\src\components\Atomic\DatePicker.jsx","COMPONENT","react","False"
"C:\Users\DIYA GOEL\Downloads\EBDESIGN\frontend\src\components\Atomic\Divider.jsx","COMPONENT","react","False"
"C:\Users\DIYA GOEL\Downloads\EBDESIGN\frontend\src\components\Atomic\EmailInput.jsx","COMPONENT","react","False"
"C:\Users\DIYA GOEL\Downloads\EBDESIGN\frontend\src\components\Atomic\FileUpload.jsx","COMPONENT","react","False"
"C:\Users\DIYA GOEL\Downloads\EBDESIGN\frontend\src\components\Atomic\Icon.jsx","COMPONENT","react","False"
"C:\Users\DIYA GOEL\Downloads\EBDESIGN\frontend\src\components\Atomic\IconButton.jsx","COMPONENT","react","False"
"C:\Users\DIYA GOEL\Downloads\EBDESIGN\frontend\src\components\Atomic\Input.jsx","COMPONENT","react","False"
"C:\Users\DIYA GOEL\Downloads\EBDESIGN\frontend\src\components\Atomic\Label.jsx","COMPONENT","react","False"
"C:\Users\DIYA GOEL\Downloads\EBDESIGN\frontend\src\components\Atomic\Link.jsx","COMPONENT","react","False"
"C:\Users\DIYA GOEL\Downloads\EBDESIGN\frontend\src\components\Atomic\Modal.jsx","COMPONENT","react","False"
"C:\Users\DIYA GOEL\Downloads\EBDESIGN\frontend\src\components\Atomic\MultiSelect.jsx","COMPONENT","react","False"
"C:\Users\DIYA GOEL\Downloads\EBDESIGN\frontend\src\components\Atomic\NumberInput.jsx","COMPONENT","react","False"
"C:\Users\DIYA GOEL\Downloads\EBDESIGN\frontend\src\components\Atomic\PasswordInput.jsx","COMPONENT","react","False"
"C:\Users\DIYA GOEL\Downloads\EBDESIGN\frontend\src\components\Atomic\ProgressBar.jsx","COMPONENT","react","False"
"C:\Users\DIYA GOEL\Downloads\EBDESIGN\frontend\src\components\Atomic\Radio.jsx","COMPONENT","react","False"
"C:\Users\DIYA GOEL\Downloads\EBDESIGN\frontend\src\components\Atomic\RangeSlider.jsx","COMPONENT","react","False"
"C:\Users\DIYA GOEL\Downloads\EBDESIGN\frontend\src\components\Atomic\Select.jsx","COMPONENT","react","False"
"C:\Users\DIYA GOEL\Downloads\EBDESIGN\frontend\src\components\Atomic\Skeleton.jsx","COMPONENT","react","False"
"C:\Users\DIYA GOEL\Downloads\EBDESIGN\frontend\src\components\Atomic\Spacer.jsx","COMPONENT","react","False"
"C:\Users\DIYA GOEL\Downloads\EBDESIGN\frontend\src\components\Atomic\Spinner.jsx","COMPONENT","react","False"
"C:\Users\DIYA GOEL\Downloads\EBDESIGN\frontend\src\components\Atomic\StatusIndicator.jsx","COMPONENT","react","False"
"C:\Users\DIYA GOEL\Downloads\EBDESIGN\frontend\src\components\Atomic\Tab.jsx","COMPONENT","react","False"
"C:\Users\DIYA GOEL\Downloads\EBDESIGN\frontend\src\components\Atomic\Tag.jsx","COMPONENT","react","False"
"C:\Users\DIYA GOEL\Downloads\EBDESIGN\frontend\src\components\Atomic\Textarea.jsx","COMPONENT","react","False"
"C:\Users\DIYA GOEL\Downloads\EBDESIGN\frontend\src\components\Atomic\TextInput.jsx","COMPONENT","react","False"
"C:\Users\DIYA GOEL\Downloads\EBDESIGN\frontend\src\components\Atomic\TimePicker.jsx","COMPONENT","react","False"
"C:\Users\DIYA GOEL\Downloads\EBDESIGN\frontend\src\components\Atomic\Toggle.jsx","COMPONENT","react","False"
"C:\Users\DIYA GOEL\Downloads\EBDESIGN\frontend\src\components\BlockchainTraceability\TraceabilityViewer.jsx","COMPONENT","react","False"
"C:\Users\DIYA GOEL\Downloads\EBDESIGN\frontend\src\components\BlockchainTraceability\TraceabilityViewer.jsx","COMPONENT","../../services/componentApi","True"
"C:\Users\DIYA GOEL\Downloads\EBDESIGN\frontend\src\components\common\ActionCard.jsx","COMPONENT","react","False"
"C:\Users\DIYA GOEL\Downloads\EBDESIGN\frontend\src\components\common\DataPrimitives.jsx","COMPONENT","react","False"
"C:\Users\DIYA GOEL\Downloads\EBDESIGN\frontend\src\components\common\JourneyStepper.jsx","COMPONENT","lucide-react","False"
"C:\Users\DIYA GOEL\Downloads\EBDESIGN\frontend\src\components\common\Modal.jsx","COMPONENT","react","False"
"C:\Users\DIYA GOEL\Downloads\EBDESIGN\frontend\src\components\common\ModuleOperationPanel.jsx","COMPONENT","react","False"
"C:\Users\DIYA GOEL\Downloads\EBDESIGN\frontend\src\components\common\ModuleOperationPanel.jsx","COMPONENT","../../services/componentApi","True"
"C:\Users\DIYA GOEL\Downloads\EBDESIGN\frontend\src\components\common\ResourceManager.jsx","COMPONENT","react","False"
"C:\Users\DIYA GOEL\Downloads\EBDESIGN\frontend\src\components\common\ResourceManager.jsx","COMPONENT","@tanstack/react-query","False"
"C:\Users\DIYA GOEL\Downloads\EBDESIGN\frontend\src\components\common\ResourceManager.jsx","COMPONENT","lucide-react","False"
"C:\Users\DIYA GOEL\Downloads\EBDESIGN\frontend\src\components\common\ResourceManager.jsx","COMPONENT","react-hot-toast","False"
"C:\Users\DIYA GOEL\Downloads\EBDESIGN\frontend\src\components\common\ResourceManager.jsx","COMPONENT","./Modal","True"
"C:\Users\DIYA GOEL\Downloads\EBDESIGN\frontend\src\components\ConsumerHealth\HealthDashboard.jsx","COMPONENT","react","False"
"C:\Users\DIYA GOEL\Downloads\EBDESIGN\frontend\src\components\ConsumerHealth\HealthDashboard.jsx","COMPONENT","../../services/componentApi","True"
"C:\Users\DIYA GOEL\Downloads\EBDESIGN\frontend\src\components\ConversationalAI\ChatInterface.jsx","COMPONENT","react","False"
"C:\Users\DIYA GOEL\Downloads\EBDESIGN\frontend\src\components\ConversationalAI\ChatInterface.jsx","COMPONENT","../../services/componentApi","True"
"C:\Users\DIYA GOEL\Downloads\EBDESIGN\frontend\src\components\Display\Component0.jsx","COMPONENT","react","False"
"C:\Users\DIYA GOEL\Downloads\EBDESIGN\frontend\src\components\Display\Component1.jsx","COMPONENT","react","False"
"C:\Users\DIYA GOEL\Downloads\EBDESIGN\frontend\src\components\Display\Component10.jsx","COMPONENT","react","False"
"C:\Users\DIYA GOEL\Downloads\EBDESIGN\frontend\src\components\Display\Component11.jsx","COMPONENT","react","False"
"C:\Users\DIYA GOEL\Downloads\EBDESIGN\frontend\src\components\Display\Component12.jsx","COMPONENT","react","False"
"C:\Users\DIYA GOEL\Downloads\EBDESIGN\frontend\src\components\Display\Component13.jsx","COMPONENT","react","False"
"C:\Users\DIYA GOEL\Downloads\EBDESIGN\frontend\src\components\Display\Component14.jsx","COMPONENT","react","False"
"C:\Users\DIYA GOEL\Downloads\EBDESIGN\frontend\src\components\Display\Component15.jsx","COMPONENT","react","False"
"C:\Users\DIYA GOEL\Downloads\EBDESIGN\frontend\src\components\Display\Component16.jsx","COMPONENT","react","False"
"C:\Users\DIYA GOEL\Downloads\EBDESIGN\frontend\src\components\Display\Component17.jsx","COMPONENT","react","False"
"C:\Users\DIYA GOEL\Downloads\EBDESIGN\frontend\src\components\Display\Component18.jsx","COMPONENT","react","False"
"C:\Users\DIYA GOEL\Downloads\EBDESIGN\frontend\src\components\Display\Component19.jsx","COMPONENT","react","False"
"C:\Users\DIYA GOEL\Downloads\EBDESIGN\frontend\src\components\Display\Component2.jsx","COMPONENT","react","False"
"C:\Users\DIYA GOEL\Downloads\EBDESIGN\frontend\src\components\Display\Component20.jsx","COMPONENT","react","False"
"C:\Users\DIYA GOEL\Downloads\EBDESIGN\frontend\src\components\Display\Component21.jsx","COMPONENT","react","False"
"C:\Users\DIYA GOEL\Downloads\EBDESIGN\frontend\src\components\Display\Component22.jsx","COMPONENT","react","False"
"C:\Users\DIYA GOEL\Downloads\EBDESIGN\frontend\src\components\Display\Component23.jsx","COMPONENT","react","False"
"C:\Users\DIYA GOEL\Downloads\EBDESIGN\frontend\src\components\Display\Component24.jsx","COMPONENT","react","False"
"C:\Users\DIYA GOEL\Downloads\EBDESIGN\frontend\src\components\Display\Component25.jsx","COMPONENT","react","False"
"C:\Users\DIYA GOEL\Downloads\EBDESIGN\frontend\src\components\Display\Component26.jsx","COMPONENT","react","False"
"C:\Users\DIYA GOEL\Downloads\EBDESIGN\frontend\src\components\Display\Component27.jsx","COMPONENT","react","False"
"C:\Users\DIYA GOEL\Downloads\EBDESIGN\frontend\src\components\Display\Component28.jsx","COMPONENT","react","False"
"C:\Users\DIYA GOEL\Downloads\EBDESIGN\frontend\src\components\Display\Component29.jsx","COMPONENT","react","False"
"C:\Users\DIYA GOEL\Downloads\EBDESIGN\frontend\src\components\Display\Component3.jsx","COMPONENT","react","False"
"C:\Users\DIYA GOEL\Downloads\EBDESIGN\frontend\src\components\Display\Component30.jsx","COMPONENT","react","False"
"C:\Users\DIYA GOEL\Downloads\EBDESIGN\frontend\src\components\Display\Component31.jsx","COMPONENT","react","False"
"C:\Users\DIYA GOEL\Downloads\EBDESIGN\frontend\src\components\Display\Component32.jsx","COMPONENT","react","False"
"C:\Users\DIYA GOEL\Downloads\EBDESIGN\frontend\src\components\Display\Component33.jsx","COMPONENT","react","False"
"C:\Users\DIYA GOEL\Downloads\EBDESIGN\frontend\src\components\Display\Component34.jsx","COMPONENT","react","False"
"C:\Users\DIYA GOEL\Downloads\EBDESIGN\frontend\src\components\Display\Component35.jsx","COMPONENT","react","False"
"C:\Users\DIYA GOEL\Downloads\EBDESIGN\frontend\src\components\Display\Component36.jsx","COMPONENT","react","False"
"C:\Users\DIYA GOEL\Downloads\EBDESIGN\frontend\src\components\Display\Component37.jsx","COMPONENT","react","False"
"C:\Users\DIYA GOEL\Downloads\EBDESIGN\frontend\src\components\Display\Component38.jsx","COMPONENT","react","False"
"C:\Users\DIYA GOEL\Downloads\EBDESIGN\frontend\src\components\Display\Component39.jsx","COMPONENT","react","False"
"C:\Users\DIYA GOEL\Downloads\EBDESIGN\frontend\src\components\Display\Component4.jsx","COMPONENT","react","False"
"C:\Users\DIYA GOEL\Downloads\EBDESIGN\frontend\src\components\Display\Component40.jsx","COMPONENT","react","False"
"C:\Users\DIYA GOEL\Downloads\EBDESIGN\frontend\src\components\Display\Component41.jsx","COMPONENT","react","False"
"C:\Users\DIYA GOEL\Downloads\EBDESIGN\frontend\src\components\Display\Component42.jsx","COMPONENT","react","False"
"C:\Users\DIYA GOEL\Downloads\EBDESIGN\frontend\src\components\Display\Component43.jsx","COMPONENT","react","False"
"C:\Users\DIYA GOEL\Downloads\EBDESIGN\frontend\src\components\Display\Component44.jsx","COMPONENT","react","False"
"C:\Users\DIYA GOEL\Downloads\EBDESIGN\frontend\src\components\Display\Component45.jsx","COMPONENT","react","False"
"C:\Users\DIYA GOEL\Downloads\EBDESIGN\frontend\src\components\Display\Component46.jsx","COMPONENT","react","False"
"C:\Users\DIYA GOEL\Downloads\EBDESIGN\frontend\src\components\Display\Component47.jsx","COMPONENT","react","False"
"C:\Users\DIYA GOEL\Downloads\EBDESIGN\frontend\src\components\Display\Component48.jsx","COMPONENT","react","False"
"C:\Users\DIYA GOEL\Downloads\EBDESIGN\frontend\src\components\Display\Component49.jsx","COMPONENT","react","False"
"C:\Users\DIYA GOEL\Downloads\EBDESIGN\frontend\src\components\Display\Component5.jsx","COMPONENT","react","False"
"C:\Users\DIYA GOEL\Downloads\EBDESIGN\frontend\src\components\Display\Component50.jsx","COMPONENT","react","False"
"C:\Users\DIYA GOEL\Downloads\EBDESIGN\frontend\src\components\Display\Component51.jsx","COMPONENT","react","False"
"C:\Users\DIYA GOEL\Downloads\EBDESIGN\frontend\src\components\Display\Component52.jsx","COMPONENT","react","False"
"C:\Users\DIYA GOEL\Downloads\EBDESIGN\frontend\src\components\Display\Component53.jsx","COMPONENT","react","False"
"C:\Users\DIYA GOEL\Downloads\EBDESIGN\frontend\src\components\Display\Component54.jsx","COMPONENT","react","False"
"C:\Users\DIYA GOEL\Downloads\EBDESIGN\frontend\src\components\Display\Component55.jsx","COMPONENT","react","False"
"C:\Users\DIYA GOEL\Downloads\EBDESIGN\frontend\src\components\Display\Component56.jsx","COMPONENT","react","False"
"C:\Users\DIYA GOEL\Downloads\EBDESIGN\frontend\src\components\Display\Component57.jsx","COMPONENT","react","False"
"C:\Users\DIYA GOEL\Downloads\EBDESIGN\frontend\src\components\Display\Component58.jsx","COMPONENT","react","False"
"C:\Users\DIYA GOEL\Downloads\EBDESIGN\frontend\src\components\Display\Component59.jsx","COMPONENT","react","False"
"C:\Users\DIYA GOEL\Downloads\EBDESIGN\frontend\src\components\Display\Component6.jsx","COMPONENT","react","False"
"C:\Users\DIYA GOEL\Downloads\EBDESIGN\frontend\src\components\Display\Component60.jsx","COMPONENT","react","False"
"C:\Users\DIYA GOEL\Downloads\EBDESIGN\frontend\src\components\Display\Component61.jsx","COMPONENT","react","False"
"C:\Users\DIYA GOEL\Downloads\EBDESIGN\frontend\src\components\Display\Component62.jsx","COMPONENT","react","False"
"C:\Users\DIYA GOEL\Downloads\EBDESIGN\frontend\src\components\Display\Component63.jsx","COMPONENT","react","False"
"C:\Users\DIYA GOEL\Downloads\EBDESIGN\frontend\src\components\Display\Component64.jsx","COMPONENT","react","False"
"C:\Users\DIYA GOEL\Downloads\EBDESIGN\frontend\src\components\Display\Component65.jsx","COMPONENT","react","False"
"C:\Users\DIYA GOEL\Downloads\EBDESIGN\frontend\src\components\Display\Component66.jsx","COMPONENT","react","False"
"C:\Users\DIYA GOEL\Downloads\EBDESIGN\frontend\src\components\Display\Component67.jsx","COMPONENT","react","False"
"C:\Users\DIYA GOEL\Downloads\EBDESIGN\frontend\src\components\Display\Component68.jsx","COMPONENT","react","False"
"C:\Users\DIYA GOEL\Downloads\EBDESIGN\frontend\src\components\Display\Component69.jsx","COMPONENT","react","False"
"C:\Users\DIYA GOEL\Downloads\EBDESIGN\frontend\src\components\Display\Component7.jsx","COMPONENT","react","False"
"C:\Users\DIYA GOEL\Downloads\EBDESIGN\frontend\src\components\Display\Component70.jsx","COMPONENT","react","False"
"C:\Users\DIYA GOEL\Downloads\EBDESIGN\frontend\src\components\Display\Component71.jsx","COMPONENT","react","False"
"C:\Users\DIYA GOEL\Downloads\EBDESIGN\frontend\src\components\Display\Component72.jsx","COMPONENT","react","False"
"C:\Users\DIYA GOEL\Downloads\EBDESIGN\frontend\src\components\Display\Component73.jsx","COMPONENT","react","False"
"C:\Users\DIYA GOEL\Downloads\EBDESIGN\frontend\src\components\Display\Component74.jsx","COMPONENT","react","False"
"C:\Users\DIYA GOEL\Downloads\EBDESIGN\frontend\src\components\Display\Component75.jsx","COMPONENT","react","False"
"C:\Users\DIYA GOEL\Downloads\EBDESIGN\frontend\src\components\Display\Component76.jsx","COMPONENT","react","False"
"C:\Users\DIYA GOEL\Downloads\EBDESIGN\frontend\src\components\Display\Component77.jsx","COMPONENT","react","False"
"C:\Users\DIYA GOEL\Downloads\EBDESIGN\frontend\src\components\Display\Component78.jsx","COMPONENT","react","False"
"C:\Users\DIYA GOEL\Downloads\EBDESIGN\frontend\src\components\Display\Component79.jsx","COMPONENT","react","False"
"C:\Users\DIYA GOEL\Downloads\EBDESIGN\frontend\src\components\Display\Component8.jsx","COMPONENT","react","False"
"C:\Users\DIYA GOEL\Downloads\EBDESIGN\frontend\src\components\Display\Component80.jsx","COMPONENT","react","False"
"C:\Users\DIYA GOEL\Downloads\EBDESIGN\frontend\src\components\Display\Component81.jsx","COMPONENT","react","False"
"C:\Users\DIYA GOEL\Downloads\EBDESIGN\frontend\src\components\Display\Component82.jsx","COMPONENT","react","False"
"C:\Users\DIYA GOEL\Downloads\EBDESIGN\frontend\src\components\Display\Component83.jsx","COMPONENT","react","False"
"C:\Users\DIYA GOEL\Downloads\EBDESIGN\frontend\src\components\Display\Component84.jsx","COMPONENT","react","False"
"C:\Users\DIYA GOEL\Downloads\EBDESIGN\frontend\src\components\Display\Component85.jsx","COMPONENT","react","False"
"C:\Users\DIYA GOEL\Downloads\EBDESIGN\frontend\src\components\Display\Component86.jsx","COMPONENT","react","False"
"C:\Users\DIYA GOEL\Downloads\EBDESIGN\frontend\src\components\Display\Component87.jsx","COMPONENT","react","False"
"C:\Users\DIYA GOEL\Downloads\EBDESIGN\frontend\src\components\Display\Component88.jsx","COMPONENT","react","False"
"C:\Users\DIYA GOEL\Downloads\EBDESIGN\frontend\src\components\Display\Component89.jsx","COMPONENT","react","False"
"C:\Users\DIYA GOEL\Downloads\EBDESIGN\frontend\src\components\Display\Component9.jsx","COMPONENT","react","False"
"C:\Users\DIYA GOEL\Downloads\EBDESIGN\frontend\src\components\Display\Component90.jsx","COMPONENT","react","False"
"C:\Users\DIYA GOEL\Downloads\EBDESIGN\frontend\src\components\Display\Component91.jsx","COMPONENT","react","False"
"C:\Users\DIYA GOEL\Downloads\EBDESIGN\frontend\src\components\Display\Component92.jsx","COMPONENT","react","False"
"C:\Users\DIYA GOEL\Downloads\EBDESIGN\frontend\src\components\Display\Component93.jsx","COMPONENT","react","False"
"C:\Users\DIYA GOEL\Downloads\EBDESIGN\frontend\src\components\Display\Component94.jsx","COMPONENT","react","False"
"C:\Users\DIYA GOEL\Downloads\EBDESIGN\frontend\src\components\Display\Component95.jsx","COMPONENT","react","False"
"C:\Users\DIYA GOEL\Downloads\EBDESIGN\frontend\src\components\Display\Component96.jsx","COMPONENT","react","False"
"C:\Users\DIYA GOEL\Downloads\EBDESIGN\frontend\src\components\Display\Component97.jsx","COMPONENT","react","False"
"C:\Users\DIYA GOEL\Downloads\EBDESIGN\frontend\src\components\Display\Component98.jsx","COMPONENT","react","False"
"C:\Users\DIYA GOEL\Downloads\EBDESIGN\frontend\src\components\Display\Component99.jsx","COMPONENT","react","False"
"C:\Users\DIYA GOEL\Downloads\EBDESIGN\frontend\src\components\Display\OrderCard.jsx","COMPONENT","react","False"
"C:\Users\DIYA GOEL\Downloads\EBDESIGN\frontend\src\components\Display\ProductCard.jsx","COMPONENT","react","False"
"C:\Users\DIYA GOEL\Downloads\EBDESIGN\frontend\src\components\Display\StatCard.jsx","COMPONENT","react","False"
"C:\Users\DIYA GOEL\Downloads\EBDESIGN\frontend\src\components\Display\StatCard.test.jsx","COMPONENT","react","False"
"C:\Users\DIYA GOEL\Downloads\EBDESIGN\frontend\src\components\Display\StatCard.test.jsx","COMPONENT","@testing-library/react","False"
"C:\Users\DIYA GOEL\Downloads\EBDESIGN\frontend\src\components\Display\StatCard.test.jsx","COMPONENT","./StatCard","True"
"C:\Users\DIYA GOEL\Downloads\EBDESIGN\frontend\src\components\Display\WalletCard.jsx","COMPONENT","react","False"
"C:\Users\DIYA GOEL\Downloads\EBDESIGN\frontend\src\components\Display\WalletCard.jsx","COMPONENT","../../services/api","True"
"C:\Users\DIYA GOEL\Downloads\EBDESIGN\frontend\src\components\Display\WalletCard.test.jsx","COMPONENT","react","False"
"C:\Users\DIYA GOEL\Downloads\EBDESIGN\frontend\src\components\Display\WalletCard.test.jsx","COMPONENT","@testing-library/react","False"
"C:\Users\DIYA GOEL\Downloads\EBDESIGN\frontend\src\components\Display\WalletCard.test.jsx","COMPONENT","./WalletCard","True"
"C:\Users\DIYA GOEL\Downloads\EBDESIGN\frontend\src\components\Display\WalletCard.test.jsx","COMPONENT","../../services/api","True"
"C:\Users\DIYA GOEL\Downloads\EBDESIGN\frontend\src\components\ErrorBoundary\EnhancedErrorBoundary.jsx","COMPONENT","react","False"
"C:\Users\DIYA GOEL\Downloads\EBDESIGN\frontend\src\components\ErrorBoundary\EnhancedErrorBoundary.jsx","COMPONENT","framer-motion","False"
"C:\Users\DIYA GOEL\Downloads\EBDESIGN\frontend\src\components\ErrorBoundary\EnhancedErrorBoundary.jsx","COMPONENT","../ui/enhancedComponents","True"
"C:\Users\DIYA GOEL\Downloads\EBDESIGN\frontend\src\components\Farmer\FarmerImagePortal.jsx","COMPONENT","react","False"
"C:\Users\DIYA GOEL\Downloads\EBDESIGN\frontend\src\components\Farmer\FarmerImagePortal.jsx","COMPONENT","lucide-react","False"
"C:\Users\DIYA GOEL\Downloads\EBDESIGN\frontend\src\components\FarmerPortal\LandRecords.jsx","COMPONENT","react","False"
"C:\Users\DIYA GOEL\Downloads\EBDESIGN\frontend\src\components\FarmerPortal\LandRecords.jsx","COMPONENT","../ui/card","True"
"C:\Users\DIYA GOEL\Downloads\EBDESIGN\frontend\src\components\FarmerPortal\LandRecords.jsx","COMPONENT","../ui/button","True"
"C:\Users\DIYA GOEL\Downloads\EBDESIGN\frontend\src\components\FarmerPortal\LandRecords.jsx","COMPONENT","../ui/input","True"
"C:\Users\DIYA GOEL\Downloads\EBDESIGN\frontend\src\components\FarmerPortal\LandRecords.jsx","COMPONENT","../ui/label","True"
"C:\Users\DIYA GOEL\Downloads\EBDESIGN\frontend\src\components\FarmerPortal\LandRecords.jsx","COMPONENT","../ui/select","True"
"C:\Users\DIYA GOEL\Downloads\EBDESIGN\frontend\src\components\FarmerPortal\LandRecords.jsx","COMPONENT","../ui/table","True"
"C:\Users\DIYA GOEL\Downloads\EBDESIGN\frontend\src\components\FarmerPortal\LandRecords.jsx","COMPONENT","../ui/badge","True"
"C:\Users\DIYA GOEL\Downloads\EBDESIGN\frontend\src\components\FarmerPortal\LandRecords.jsx","COMPONENT","../ui/dialog","True"
"C:\Users\DIYA GOEL\Downloads\EBDESIGN\frontend\src\components\FarmerPortal\LandRecords.jsx","COMPONENT","lucide-react","False"
"C:\Users\DIYA GOEL\Downloads\EBDESIGN\frontend\src\components\FarmerPortal\LandRecords.jsx","COMPONENT","../../services/componentApi","True"
"C:\Users\DIYA GOEL\Downloads\EBDESIGN\frontend\src\components\FoodIntelligence\FoodSafetyDashboard.jsx","COMPONENT","react","False"
"C:\Users\DIYA GOEL\Downloads\EBDESIGN\frontend\src\components\FoodIntelligence\FoodSafetyDashboard.jsx","COMPONENT","../../services/componentApi","True"
"C:\Users\DIYA GOEL\Downloads\EBDESIGN\frontend\src\components\forms\ClaimForm.jsx","COMPONENT","react","False"
"C:\Users\DIYA GOEL\Downloads\EBDESIGN\frontend\src\components\forms\ClaimForm15.jsx","COMPONENT","react","False"
"C:\Users\DIYA GOEL\Downloads\EBDESIGN\frontend\src\components\forms\ClaimForm25.jsx","COMPONENT","react","False"
"C:\Users\DIYA GOEL\Downloads\EBDESIGN\frontend\src\components\forms\ClaimForm35.jsx","COMPONENT","react","False"
"C:\Users\DIYA GOEL\Downloads\EBDESIGN\frontend\src\components\forms\ClaimForm45.jsx","COMPONENT","react","False"
"C:\Users\DIYA GOEL\Downloads\EBDESIGN\frontend\src\components\forms\ClaimForm55.jsx","COMPONENT","react","False"
"C:\Users\DIYA GOEL\Downloads\EBDESIGN\frontend\src\components\forms\ClaimForm65.jsx","COMPONENT","react","False"
"C:\Users\DIYA GOEL\Downloads\EBDESIGN\frontend\src\components\forms\ClaimForm75.jsx","COMPONENT","react","False"
"C:\Users\DIYA GOEL\Downloads\EBDESIGN\frontend\src\components\forms\EnhancedFormValidator.jsx","COMPONENT","react","False"
"C:\Users\DIYA GOEL\Downloads\EBDESIGN\frontend\src\components\forms\EnhancedFormValidator.jsx","COMPONENT","react-hook-form","False"
"C:\Users\DIYA GOEL\Downloads\EBDESIGN\frontend\src\components\forms\EnhancedFormValidator.jsx","COMPONENT","@hookform/resolvers/zod","False"
"C:\Users\DIYA GOEL\Downloads\EBDESIGN\frontend\src\components\forms\EnhancedFormValidator.jsx","COMPONENT","zod","False"
"C:\Users\DIYA GOEL\Downloads\EBDESIGN\frontend\src\components\forms\EnhancedFormValidator.jsx","COMPONENT","framer-motion","False"
"C:\Users\DIYA GOEL\Downloads\EBDESIGN\frontend\src\components\forms\EnhancedFormValidator.jsx","COMPONENT","../ui/enhancedComponents","True"
"C:\Users\DIYA GOEL\Downloads\EBDESIGN\frontend\src\components\forms\FilterForm.jsx","COMPONENT","react","False"
"C:\Users\DIYA GOEL\Downloads\EBDESIGN\frontend\src\components\forms\FilterForm18.jsx","COMPONENT","react","False"
"C:\Users\DIYA GOEL\Downloads\EBDESIGN\frontend\src\components\forms\FilterForm28.jsx","COMPONENT","react","False"
"C:\Users\DIYA GOEL\Downloads\EBDESIGN\frontend\src\components\forms\FilterForm38.jsx","COMPONENT","react","False"
"C:\Users\DIYA GOEL\Downloads\EBDESIGN\frontend\src\components\forms\FilterForm48.jsx","COMPONENT","react","False"
"C:\Users\DIYA GOEL\Downloads\EBDESIGN\frontend\src\components\forms\FilterForm58.jsx","COMPONENT","react","False"
"C:\Users\DIYA GOEL\Downloads\EBDESIGN\frontend\src\components\forms\FilterForm68.jsx","COMPONENT","react","False"
"C:\Users\DIYA GOEL\Downloads\EBDESIGN\frontend\src\components\forms\FilterForm78.jsx","COMPONENT","react","False"
"C:\Users\DIYA GOEL\Downloads\EBDESIGN\frontend\src\components\forms\LoanForm.jsx","COMPONENT","react","False"
"C:\Users\DIYA GOEL\Downloads\EBDESIGN\frontend\src\components\forms\LoanForm14.jsx","COMPONENT","react","False"
"C:\Users\DIYA GOEL\Downloads\EBDESIGN\frontend\src\components\forms\LoanForm24.jsx","COMPONENT","react","False"
"C:\Users\DIYA GOEL\Downloads\EBDESIGN\frontend\src\components\forms\LoanForm34.jsx","COMPONENT","react","False"
"C:\Users\DIYA GOEL\Downloads\EBDESIGN\frontend\src\components\forms\LoanForm44.jsx","COMPONENT","react","False"
"C:\Users\DIYA GOEL\Downloads\EBDESIGN\frontend\src\components\forms\LoanForm54.jsx","COMPONENT","react","False"
"C:\Users\DIYA GOEL\Downloads\EBDESIGN\frontend\src\components\forms\LoanForm64.jsx","COMPONENT","react","False"
"C:\Users\DIYA GOEL\Downloads\EBDESIGN\frontend\src\components\forms\LoanForm74.jsx","COMPONENT","react","False"
"C:\Users\DIYA GOEL\Downloads\EBDESIGN\frontend\src\components\forms\LoginForm.jsx","COMPONENT","react","False"
"C:\Users\DIYA GOEL\Downloads\EBDESIGN\frontend\src\components\forms\LoginForm.jsx","COMPONENT","react-router-dom","False"
"C:\Users\DIYA GOEL\Downloads\EBDESIGN\frontend\src\components\forms\LoginForm.jsx","COMPONENT","../../services/componentApi","True"
"C:\Users\DIYA GOEL\Downloads\EBDESIGN\frontend\src\components\forms\LoginForm10.jsx","COMPONENT","react","False"
"C:\Users\DIYA GOEL\Downloads\EBDESIGN\frontend\src\components\forms\LoginForm20.jsx","COMPONENT","react","False"
"C:\Users\DIYA GOEL\Downloads\EBDESIGN\frontend\src\components\forms\LoginForm30.jsx","COMPONENT","react","False"
"C:\Users\DIYA GOEL\Downloads\EBDESIGN\frontend\src\components\forms\LoginForm40.jsx","COMPONENT","react","False"
"C:\Users\DIYA GOEL\Downloads\EBDESIGN\frontend\src\components\forms\LoginForm50.jsx","COMPONENT","react","False"
"C:\Users\DIYA GOEL\Downloads\EBDESIGN\frontend\src\components\forms\LoginForm60.jsx","COMPONENT","react","False"
"C:\Users\DIYA GOEL\Downloads\EBDESIGN\frontend\src\components\forms\LoginForm70.jsx","COMPONENT","react","False"
"C:\Users\DIYA GOEL\Downloads\EBDESIGN\frontend\src\components\forms\OrderForm.jsx","COMPONENT","react","False"
"C:\Users\DIYA GOEL\Downloads\EBDESIGN\frontend\src\components\forms\OrderForm13.jsx","COMPONENT","react","False"
"C:\Users\DIYA GOEL\Downloads\EBDESIGN\frontend\src\components\forms\OrderForm23.jsx","COMPONENT","react","False"
"C:\Users\DIYA GOEL\Downloads\EBDESIGN\frontend\src\components\forms\OrderForm33.jsx","COMPONENT","react","False"
"C:\Users\DIYA GOEL\Downloads\EBDESIGN\frontend\src\components\forms\OrderForm43.jsx","COMPONENT","react","False"
"C:\Users\DIYA GOEL\Downloads\EBDESIGN\frontend\src\components\forms\OrderForm53.jsx","COMPONENT","react","False"
"C:\Users\DIYA GOEL\Downloads\EBDESIGN\frontend\src\components\forms\OrderForm63.jsx","COMPONENT","react","False"
"C:\Users\DIYA GOEL\Downloads\EBDESIGN\frontend\src\components\forms\OrderForm73.jsx","COMPONENT","react","False"
"C:\Users\DIYA GOEL\Downloads\EBDESIGN\frontend\src\components\forms\PaymentForm.jsx","COMPONENT","react","False"
"C:\Users\DIYA GOEL\Downloads\EBDESIGN\frontend\src\components\forms\PaymentForm16.jsx","COMPONENT","react","False"
"C:\Users\DIYA GOEL\Downloads\EBDESIGN\frontend\src\components\forms\PaymentForm26.jsx","COMPONENT","react","False"
"C:\Users\DIYA GOEL\Downloads\EBDESIGN\frontend\src\components\forms\PaymentForm36.jsx","COMPONENT","react","False"
"C:\Users\DIYA GOEL\Downloads\EBDESIGN\frontend\src\components\forms\PaymentForm46.jsx","COMPONENT","react","False"
"C:\Users\DIYA GOEL\Downloads\EBDESIGN\frontend\src\components\forms\PaymentForm56.jsx","COMPONENT","react","False"
"C:\Users\DIYA GOEL\Downloads\EBDESIGN\frontend\src\components\forms\PaymentForm66.jsx","COMPONENT","react","False"
"C:\Users\DIYA GOEL\Downloads\EBDESIGN\frontend\src\components\forms\PaymentForm76.jsx","COMPONENT","react","False"
"C:\Users\DIYA GOEL\Downloads\EBDESIGN\frontend\src\components\forms\ProductForm.jsx","COMPONENT","react","False"
"C:\Users\DIYA GOEL\Downloads\EBDESIGN\frontend\src\components\forms\ProductForm12.jsx","COMPONENT","react","False"
"C:\Users\DIYA GOEL\Downloads\EBDESIGN\frontend\src\components\forms\ProductForm22.jsx","COMPONENT","react","False"
"C:\Users\DIYA GOEL\Downloads\EBDESIGN\frontend\src\components\forms\ProductForm32.jsx","COMPONENT","react","False"
"C:\Users\DIYA GOEL\Downloads\EBDESIGN\frontend\src\components\forms\ProductForm42.jsx","COMPONENT","react","False"
"C:\Users\DIYA GOEL\Downloads\EBDESIGN\frontend\src\components\forms\ProductForm52.jsx","COMPONENT","react","False"
"C:\Users\DIYA GOEL\Downloads\EBDESIGN\frontend\src\components\forms\ProductForm62.jsx","COMPONENT","react","False"
"C:\Users\DIYA GOEL\Downloads\EBDESIGN\frontend\src\components\forms\ProductForm72.jsx","COMPONENT","react","False"
"C:\Users\DIYA GOEL\Downloads\EBDESIGN\frontend\src\components\forms\ProfileForm.jsx","COMPONENT","react","False"
"C:\Users\DIYA GOEL\Downloads\EBDESIGN\frontend\src\components\forms\ProfileForm19.jsx","COMPONENT","react","False"
"C:\Users\DIYA GOEL\Downloads\EBDESIGN\frontend\src\components\forms\ProfileForm29.jsx","COMPONENT","react","False"
"C:\Users\DIYA GOEL\Downloads\EBDESIGN\frontend\src\components\forms\ProfileForm39.jsx","COMPONENT","react","False"
"C:\Users\DIYA GOEL\Downloads\EBDESIGN\frontend\src\components\forms\ProfileForm49.jsx","COMPONENT","react","False"
"C:\Users\DIYA GOEL\Downloads\EBDESIGN\frontend\src\components\forms\ProfileForm59.jsx","COMPONENT","react","False"
"C:\Users\DIYA GOEL\Downloads\EBDESIGN\frontend\src\components\forms\ProfileForm69.jsx","COMPONENT","react","False"
"C:\Users\DIYA GOEL\Downloads\EBDESIGN\frontend\src\components\forms\ProfileForm79.jsx","COMPONENT","react","False"
"C:\Users\DIYA GOEL\Downloads\EBDESIGN\frontend\src\components\forms\RegisterForm.jsx","COMPONENT","react","False"
"C:\Users\DIYA GOEL\Downloads\EBDESIGN\frontend\src\components\forms\RegisterForm.jsx","COMPONENT","react-router-dom","False"
"C:\Users\DIYA GOEL\Downloads\EBDESIGN\frontend\src\components\forms\RegisterForm.jsx","COMPONENT","../../services/componentApi","True"
"C:\Users\DIYA GOEL\Downloads\EBDESIGN\frontend\src\components\forms\RegisterForm11.jsx","COMPONENT","react","False"
"C:\Users\DIYA GOEL\Downloads\EBDESIGN\frontend\src\components\forms\RegisterForm21.jsx","COMPONENT","react","False"
"C:\Users\DIYA GOEL\Downloads\EBDESIGN\frontend\src\components\forms\RegisterForm31.jsx","COMPONENT","react","False"
"C:\Users\DIYA GOEL\Downloads\EBDESIGN\frontend\src\components\forms\RegisterForm41.jsx","COMPONENT","react","False"
"C:\Users\DIYA GOEL\Downloads\EBDESIGN\frontend\src\components\forms\RegisterForm51.jsx","COMPONENT","react","False"
"C:\Users\DIYA GOEL\Downloads\EBDESIGN\frontend\src\components\forms\RegisterForm61.jsx","COMPONENT","react","False"
"C:\Users\DIYA GOEL\Downloads\EBDESIGN\frontend\src\components\forms\RegisterForm71.jsx","COMPONENT","react","False"
"C:\Users\DIYA GOEL\Downloads\EBDESIGN\frontend\src\components\forms\SearchForm.jsx","COMPONENT","react","False"
"C:\Users\DIYA GOEL\Downloads\EBDESIGN\frontend\src\components\forms\SearchForm17.jsx","COMPONENT","react","False"
"C:\Users\DIYA GOEL\Downloads\EBDESIGN\frontend\src\components\forms\SearchForm27.jsx","COMPONENT","react","False"
"C:\Users\DIYA GOEL\Downloads\EBDESIGN\frontend\src\components\forms\SearchForm37.jsx","COMPONENT","react","False"
"C:\Users\DIYA GOEL\Downloads\EBDESIGN\frontend\src\components\forms\SearchForm47.jsx","COMPONENT","react","False"
"C:\Users\DIYA GOEL\Downloads\EBDESIGN\frontend\src\components\forms\SearchForm57.jsx","COMPONENT","react","False"
"C:\Users\DIYA GOEL\Downloads\EBDESIGN\frontend\src\components\forms\SearchForm67.jsx","COMPONENT","react","False"
"C:\Users\DIYA GOEL\Downloads\EBDESIGN\frontend\src\components\forms\SearchForm77.jsx","COMPONENT","react","False"
"C:\Users\DIYA GOEL\Downloads\EBDESIGN\frontend\src\components\GDPR\GDPRConsent.jsx","COMPONENT","react","False"
"C:\Users\DIYA GOEL\Downloads\EBDESIGN\frontend\src\components\GDPR\GDPRConsent.jsx","COMPONENT","../../services/componentApi","True"
"C:\Users\DIYA GOEL\Downloads\EBDESIGN\frontend\src\components\GIIntelligence\GIProductCard.jsx","COMPONENT","react","False"
"C:\Users\DIYA GOEL\Downloads\EBDESIGN\frontend\src\components\GIIntelligence\GIProductCard.jsx","COMPONENT","../../services/componentApi","True"
"C:\Users\DIYA GOEL\Downloads\EBDESIGN\frontend\src\components\Insurance\InsurancePremiumCalculator.jsx","COMPONENT","react","False"
"C:\Users\DIYA GOEL\Downloads\EBDESIGN\frontend\src\components\Insurance\InsurancePremiumCalculator.jsx","COMPONENT","../ui/card","True"
"C:\Users\DIYA GOEL\Downloads\EBDESIGN\frontend\src\components\Insurance\InsurancePremiumCalculator.jsx","COMPONENT","../ui/button","True"
"C:\Users\DIYA GOEL\Downloads\EBDESIGN\frontend\src\components\Insurance\InsurancePremiumCalculator.jsx","COMPONENT","../ui/input","True"
"C:\Users\DIYA GOEL\Downloads\EBDESIGN\frontend\src\components\Insurance\InsurancePremiumCalculator.jsx","COMPONENT","../ui/label","True"
"C:\Users\DIYA GOEL\Downloads\EBDESIGN\frontend\src\components\Insurance\InsurancePremiumCalculator.jsx","COMPONENT","../ui/select","True"
"C:\Users\DIYA GOEL\Downloads\EBDESIGN\frontend\src\components\Insurance\InsurancePremiumCalculator.jsx","COMPONENT","../ui/table","True"
"C:\Users\DIYA GOEL\Downloads\EBDESIGN\frontend\src\components\Insurance\InsurancePremiumCalculator.jsx","COMPONENT","../ui/badge","True"
"C:\Users\DIYA GOEL\Downloads\EBDESIGN\frontend\src\components\Insurance\InsurancePremiumCalculator.jsx","COMPONENT","../ui/tabs","True"
"C:\Users\DIYA GOEL\Downloads\EBDESIGN\frontend\src\components\Insurance\InsurancePremiumCalculator.jsx","COMPONENT","../../services/componentApi","True"
"C:\Users\DIYA GOEL\Downloads\EBDESIGN\frontend\src\components\IoTIntegration\DeviceMonitor.jsx","COMPONENT","react","False"
"C:\Users\DIYA GOEL\Downloads\EBDESIGN\frontend\src\components\IoTIntegration\DeviceMonitor.jsx","COMPONENT","../../services/componentApi","True"
"C:\Users\DIYA GOEL\Downloads\EBDESIGN\frontend\src\components\KnowledgeGraph\KnowledgeExplorer.jsx","COMPONENT","react","False"
"C:\Users\DIYA GOEL\Downloads\EBDESIGN\frontend\src\components\KnowledgeGraph\KnowledgeExplorer.jsx","COMPONENT","../../services/componentApi","True"
"C:\Users\DIYA GOEL\Downloads\EBDESIGN\frontend\src\components\LaboratoryERP\SampleRegistration.jsx","COMPONENT","react","False"
"C:\Users\DIYA GOEL\Downloads\EBDESIGN\frontend\src\components\LaboratoryERP\SampleRegistration.jsx","COMPONENT","../../services/componentApi","True"
"C:\Users\DIYA GOEL\Downloads\EBDESIGN\frontend\src\components\Library\LibraryBrowser.jsx","COMPONENT","react","False"
"C:\Users\DIYA GOEL\Downloads\EBDESIGN\frontend\src\components\Library\LibraryBrowser.jsx","COMPONENT","../../services/componentApi","True"
"C:\Users\DIYA GOEL\Downloads\EBDESIGN\frontend\src\components\Logistics\CustodyChainViewer.jsx","COMPONENT","react","False"
"C:\Users\DIYA GOEL\Downloads\EBDESIGN\frontend\src\components\Logistics\CustodyChainViewer.jsx","COMPONENT","../ui/card","True"
"C:\Users\DIYA GOEL\Downloads\EBDESIGN\frontend\src\components\Logistics\CustodyChainViewer.jsx","COMPONENT","../ui/badge","True"
"C:\Users\DIYA GOEL\Downloads\EBDESIGN\frontend\src\components\Logistics\CustodyChainViewer.jsx","COMPONENT","lucide-react","False"
"C:\Users\DIYA GOEL\Downloads\EBDESIGN\frontend\src\components\Logistics\CustodyChainViewer.jsx","COMPONENT","../../services/componentApi","True"
"C:\Users\DIYA GOEL\Downloads\EBDESIGN\frontend\src\components\Logistics\RealTimeTracking.jsx","COMPONENT","react","False"
"C:\Users\DIYA GOEL\Downloads\EBDESIGN\frontend\src\components\Logistics\RealTimeTracking.jsx","COMPONENT","../ui/card","True"
"C:\Users\DIYA GOEL\Downloads\EBDESIGN\frontend\src\components\Logistics\RealTimeTracking.jsx","COMPONENT","../ui/badge","True"
"C:\Users\DIYA GOEL\Downloads\EBDESIGN\frontend\src\components\Logistics\RealTimeTracking.jsx","COMPONENT","lucide-react","False"
"C:\Users\DIYA GOEL\Downloads\EBDESIGN\frontend\src\components\Logistics\RealTimeTracking.jsx","COMPONENT","../../services/componentApi","True"
"C:\Users\DIYA GOEL\Downloads\EBDESIGN\frontend\src\components\Marketplace\GSTCalculator.jsx","COMPONENT","react","False"
"C:\Users\DIYA GOEL\Downloads\EBDESIGN\frontend\src\components\Marketplace\GSTCalculator.jsx","COMPONENT","../ui/card","True"
"C:\Users\DIYA GOEL\Downloads\EBDESIGN\frontend\src\components\Marketplace\GSTCalculator.jsx","COMPONENT","../ui/button","True"
"C:\Users\DIYA GOEL\Downloads\EBDESIGN\frontend\src\components\Marketplace\GSTCalculator.jsx","COMPONENT","../ui/input","True"
"C:\Users\DIYA GOEL\Downloads\EBDESIGN\frontend\src\components\Marketplace\GSTCalculator.jsx","COMPONENT","../ui/label","True"
"C:\Users\DIYA GOEL\Downloads\EBDESIGN\frontend\src\components\Marketplace\GSTCalculator.jsx","COMPONENT","../ui/select","True"
"C:\Users\DIYA GOEL\Downloads\EBDESIGN\frontend\src\components\Marketplace\GSTCalculator.jsx","COMPONENT","../ui/table","True"
"C:\Users\DIYA GOEL\Downloads\EBDESIGN\frontend\src\components\Marketplace\GSTCalculator.jsx","COMPONENT","../ui/badge","True"
"C:\Users\DIYA GOEL\Downloads\EBDESIGN\frontend\src\components\Marketplace\GSTCalculator.jsx","COMPONENT","../../services/componentApi","True"
"C:\Users\DIYA GOEL\Downloads\EBDESIGN\frontend\src\components\Marketplace\ProductReview.jsx","COMPONENT","react","False"
"C:\Users\DIYA GOEL\Downloads\EBDESIGN\frontend\src\components\Marketplace\ProductReview.jsx","COMPONENT","../ui/card","True"
"C:\Users\DIYA GOEL\Downloads\EBDESIGN\frontend\src\components\Marketplace\ProductReview.jsx","COMPONENT","../ui/button","True"
"C:\Users\DIYA GOEL\Downloads\EBDESIGN\frontend\src\components\Marketplace\ProductReview.jsx","COMPONENT","../ui/textarea","True"
"C:\Users\DIYA GOEL\Downloads\EBDESIGN\frontend\src\components\Marketplace\ProductReview.jsx","COMPONENT","../ui/label","True"
"C:\Users\DIYA GOEL\Downloads\EBDESIGN\frontend\src\components\Marketplace\ProductReview.jsx","COMPONENT","lucide-react","False"
"C:\Users\DIYA GOEL\Downloads\EBDESIGN\frontend\src\components\Marketplace\ProductReview.jsx","COMPONENT","../ui/badge","True"
"C:\Users\DIYA GOEL\Downloads\EBDESIGN\frontend\src\components\Marketplace\ProductReview.jsx","COMPONENT","../../services/componentApi","True"
"C:\Users\DIYA GOEL\Downloads\EBDESIGN\frontend\src\components\MFA\MFASetup.jsx","COMPONENT","react","False"
"C:\Users\DIYA GOEL\Downloads\EBDESIGN\frontend\src\components\MFA\MFASetup.jsx","COMPONENT","qrcode.react","False"
"C:\Users\DIYA GOEL\Downloads\EBDESIGN\frontend\src\components\MFA\MFASetup.jsx","COMPONENT","../../services/componentApi","True"
"C:\Users\DIYA GOEL\Downloads\EBDESIGN\frontend\src\components\MFA\MFASetup.jsx","COMPONENT","../../store/authStore","True"
"C:\Users\DIYA GOEL\Downloads\EBDESIGN\frontend\src\components\Mobile\MobileOptimization.jsx","COMPONENT","react","False"
"C:\Users\DIYA GOEL\Downloads\EBDESIGN\frontend\src\components\Mobile\MobileOptimization.jsx","COMPONENT","lucide-react","False"
"C:\Users\DIYA GOEL\Downloads\EBDESIGN\frontend\src\components\Modals\AlertModal.jsx","COMPONENT","react","False"
"C:\Users\DIYA GOEL\Downloads\EBDESIGN\frontend\src\components\Modals\AlertModal.jsx","COMPONENT","lucide-react","False"
"C:\Users\DIYA GOEL\Downloads\EBDESIGN\frontend\src\components\Modals\ConfirmationModal.jsx","COMPONENT","react","False"
"C:\Users\DIYA GOEL\Downloads\EBDESIGN\frontend\src\components\Modals\DateModal.jsx","COMPONENT","react","False"
"C:\Users\DIYA GOEL\Downloads\EBDESIGN\frontend\src\components\Modals\ErrorModal.jsx","COMPONENT","react","False"
"C:\Users\DIYA GOEL\Downloads\EBDESIGN\frontend\src\components\Modals\ExportModal.jsx","COMPONENT","react","False"
"C:\Users\DIYA GOEL\Downloads\EBDESIGN\frontend\src\components\Modals\FeedbackModal.jsx","COMPONENT","react","False"
"C:\Users\DIYA GOEL\Downloads\EBDESIGN\frontend\src\components\Modals\FileUploadModal.jsx","COMPONENT","react","False"
"C:\Users\DIYA GOEL\Downloads\EBDESIGN\frontend\src\components\Modals\FilterModal.jsx","COMPONENT","react","False"
"C:\Users\DIYA GOEL\Downloads\EBDESIGN\frontend\src\components\Modals\FormModal.jsx","COMPONENT","react","False"
"C:\Users\DIYA GOEL\Downloads\EBDESIGN\frontend\src\components\Modals\HelpModal.jsx","COMPONENT","react","False"
"C:\Users\DIYA GOEL\Downloads\EBDESIGN\frontend\src\components\Modals\ImageModal.jsx","COMPONENT","react","False"
"C:\Users\DIYA GOEL\Downloads\EBDESIGN\frontend\src\components\Modals\ImportModal.jsx","COMPONENT","react","False"
"C:\Users\DIYA GOEL\Downloads\EBDESIGN\frontend\src\components\Modals\InfoModal.jsx","COMPONENT","react","False"
"C:\Users\DIYA GOEL\Downloads\EBDESIGN\frontend\src\components\Modals\InputModal.jsx","COMPONENT","react","False"
"C:\Users\DIYA GOEL\Downloads\EBDESIGN\frontend\src\components\Modals\LoadingModal.jsx","COMPONENT","react","False"
"C:\Users\DIYA GOEL\Downloads\EBDESIGN\frontend\src\components\Modals\MultiSelectModal.jsx","COMPONENT","react","False"
"C:\Users\DIYA GOEL\Downloads\EBDESIGN\frontend\src\components\Modals\PrintModal.jsx","COMPONENT","react","False"
"C:\Users\DIYA GOEL\Downloads\EBDESIGN\frontend\src\components\Modals\SearchModal.jsx","COMPONENT","react","False"
"C:\Users\DIYA GOEL\Downloads\EBDESIGN\frontend\src\components\Modals\SelectModal.jsx","COMPONENT","react","False"
"C:\Users\DIYA GOEL\Downloads\EBDESIGN\frontend\src\components\Modals\SettingsModal.jsx","COMPONENT","react","False"
"C:\Users\DIYA GOEL\Downloads\EBDESIGN\frontend\src\components\Modals\ShareModal.jsx","COMPONENT","react","False"
"C:\Users\DIYA GOEL\Downloads\EBDESIGN\frontend\src\components\Modals\SortModal.jsx","COMPONENT","react","False"
"C:\Users\DIYA GOEL\Downloads\EBDESIGN\frontend\src\components\Modals\SuccessModal.jsx","COMPONENT","react","False"
"C:\Users\DIYA GOEL\Downloads\EBDESIGN\frontend\src\components\Modals\TimeModal.jsx","COMPONENT","react","False"
"C:\Users\DIYA GOEL\Downloads\EBDESIGN\frontend\src\components\Modals\WarningModal.jsx","COMPONENT","react","False"
"C:\Users\DIYA GOEL\Downloads\EBDESIGN\frontend\src\components\Modals\WarningModal.jsx","COMPONENT","lucide-react","False"
"C:\Users\DIYA GOEL\Downloads\EBDESIGN\frontend\src\components\Monitoring\CacheMonitoring.jsx","COMPONENT","react","False"
"C:\Users\DIYA GOEL\Downloads\EBDESIGN\frontend\src\components\Monitoring\DataPipelineVisualization.jsx","COMPONENT","react","False"
"C:\Users\DIYA GOEL\Downloads\EBDESIGN\frontend\src\components\Monitoring\JobQueueMonitoring.jsx","COMPONENT","react","False"
"C:\Users\DIYA GOEL\Downloads\EBDESIGN\frontend\src\components\Multilingual\AutoTranslate.jsx","COMPONENT","react","False"
"C:\Users\DIYA GOEL\Downloads\EBDESIGN\frontend\src\components\Multilingual\AutoTranslate.jsx","COMPONENT","../../services/componentApi","True"
"C:\Users\DIYA GOEL\Downloads\EBDESIGN\frontend\src\components\Multilingual\LanguageSelector.jsx","COMPONENT","react","False"
"C:\Users\DIYA GOEL\Downloads\EBDESIGN\frontend\src\components\Multilingual\LanguageSelector.jsx","COMPONENT","./MultilingualProvider","True"
"C:\Users\DIYA GOEL\Downloads\EBDESIGN\frontend\src\components\Multilingual\MultilingualProvider.jsx","COMPONENT","react","False"
"C:\Users\DIYA GOEL\Downloads\EBDESIGN\frontend\src\components\Multilingual\MultilingualProvider.jsx","COMPONENT","../../services/componentApi","True"
"C:\Users\DIYA GOEL\Downloads\EBDESIGN\frontend\src\components\NutritionIntelligence\NutritionLabel.jsx","COMPONENT","react","False"
"C:\Users\DIYA GOEL\Downloads\EBDESIGN\frontend\src\components\NutritionIntelligence\NutritionLabel.jsx","COMPONENT","../../services/componentApi","True"
"C:\Users\DIYA GOEL\Downloads\EBDESIGN\frontend\src\components\OrganicTraceability\OrganicFarmRegistration.jsx","COMPONENT","react","False"
"C:\Users\DIYA GOEL\Downloads\EBDESIGN\frontend\src\components\OrganicTraceability\OrganicFarmRegistration.jsx","COMPONENT","../../services/componentApi","True"
"C:\Users\DIYA GOEL\Downloads\EBDESIGN\frontend\src\components\OrganicTraceability\QRCodeScanner.jsx","COMPONENT","react","False"
"C:\Users\DIYA GOEL\Downloads\EBDESIGN\frontend\src\components\OrganicTraceability\QRCodeScanner.jsx","COMPONENT","../../services/componentApi","True"
"C:\Users\DIYA GOEL\Downloads\EBDESIGN\frontend\src\components\Payment\PaymentUI.jsx","COMPONENT","react","False"
"C:\Users\DIYA GOEL\Downloads\EBDESIGN\frontend\src\components\PredictiveAnalytics\DemandForecast.jsx","COMPONENT","react","False"
"C:\Users\DIYA GOEL\Downloads\EBDESIGN\frontend\src\components\PredictiveAnalytics\DemandForecast.jsx","COMPONENT","../../services/componentApi","True"
"C:\Users\DIYA GOEL\Downloads\EBDESIGN\frontend\src\components\testing\ResponsiveTestWrapper.jsx","COMPONENT","react","False"
"C:\Users\DIYA GOEL\Downloads\EBDESIGN\frontend\src\components\testing\ResponsiveTestWrapper.jsx","COMPONENT","../../utils/deviceDetection","True"
"C:\Users\DIYA GOEL\Downloads\EBDESIGN\frontend\src\components\Transaction\TransactionHistory.jsx","COMPONENT","react","False"
"C:\Users\DIYA GOEL\Downloads\EBDESIGN\frontend\src\components\ui\AIInsightsPanel.jsx","COMPONENT","react","False"
"C:\Users\DIYA GOEL\Downloads\EBDESIGN\frontend\src\components\ui\AIInsightsPanel.jsx","COMPONENT","./common","True"
"C:\Users\DIYA GOEL\Downloads\EBDESIGN\frontend\src\components\ui\Alert.jsx","COMPONENT","react","False"
"C:\Users\DIYA GOEL\Downloads\EBDESIGN\frontend\src\components\ui\Avatar.jsx","COMPONENT","react","False"
"C:\Users\DIYA GOEL\Downloads\EBDESIGN\frontend\src\components\ui\badge.jsx","COMPONENT","react","False"
"C:\Users\DIYA GOEL\Downloads\EBDESIGN\frontend\src\components\ui\button.jsx","COMPONENT","react","False"
"C:\Users\DIYA GOEL\Downloads\EBDESIGN\frontend\src\components\ui\card.jsx","COMPONENT","react","False"
"C:\Users\DIYA GOEL\Downloads\EBDESIGN\frontend\src\components\ui\Checkbox.jsx","COMPONENT","react","False"
"C:\Users\DIYA GOEL\Downloads\EBDESIGN\frontend\src\components\ui\common.jsx","COMPONENT","react","False"
"C:\Users\DIYA GOEL\Downloads\EBDESIGN\frontend\src\components\ui\Dashboard.jsx","COMPONENT","react","False"
"C:\Users\DIYA GOEL\Downloads\EBDESIGN\frontend\src\components\ui\Dashboard.jsx","COMPONENT","./common","True"
"C:\Users\DIYA GOEL\Downloads\EBDESIGN\frontend\src\components\ui\dialog.jsx","COMPONENT","react","False"
"C:\Users\DIYA GOEL\Downloads\EBDESIGN\frontend\src\components\ui\dialog.jsx","COMPONENT","@radix-ui/react-dialog","False"
"C:\Users\DIYA GOEL\Downloads\EBDESIGN\frontend\src\components\ui\dialog.jsx","COMPONENT","lucide-react","False"
"C:\Users\DIYA GOEL\Downloads\EBDESIGN\frontend\src\components\ui\dialog.jsx","COMPONENT","../../lib/utils","True"
"C:\Users\DIYA GOEL\Downloads\EBDESIGN\frontend\src\components\ui\Divider.jsx","COMPONENT","react","False"
"C:\Users\DIYA GOEL\Downloads\EBDESIGN\frontend\src\components\ui\Dropdown.jsx","COMPONENT","react","False"
"C:\Users\DIYA GOEL\Downloads\EBDESIGN\frontend\src\components\ui\enhancedComponents.jsx","COMPONENT","react","False"
"C:\Users\DIYA GOEL\Downloads\EBDESIGN\frontend\src\components\ui\enhancedComponents.jsx","COMPONENT","framer-motion","False"
"C:\Users\DIYA GOEL\Downloads\EBDESIGN\frontend\src\components\ui\input.jsx","COMPONENT","react","False"
"C:\Users\DIYA GOEL\Downloads\EBDESIGN\frontend\src\components\ui\label.jsx","COMPONENT","react","False"
"C:\Users\DIYA GOEL\Downloads\EBDESIGN\frontend\src\components\ui\label.jsx","COMPONENT","@radix-ui/react-label","False"
"C:\Users\DIYA GOEL\Downloads\EBDESIGN\frontend\src\components\ui\label.jsx","COMPONENT","../../lib/utils","True"
"C:\Users\DIYA GOEL\Downloads\EBDESIGN\frontend\src\components\ui\Link.jsx","COMPONENT","react","False"
"C:\Users\DIYA GOEL\Downloads\EBDESIGN\frontend\src\components\ui\Modal.jsx","COMPONENT","react","False"
"C:\Users\DIYA GOEL\Downloads\EBDESIGN\frontend\src\components\ui\Pagination.jsx","COMPONENT","react","False"
"C:\Users\DIYA GOEL\Downloads\EBDESIGN\frontend\src\components\ui\progress.jsx","COMPONENT","react","False"
"C:\Users\DIYA GOEL\Downloads\EBDESIGN\frontend\src\components\ui\progress.jsx","COMPONENT","../../lib/utils","True"
"C:\Users\DIYA GOEL\Downloads\EBDESIGN\frontend\src\components\ui\ProgressBar.jsx","COMPONENT","react","False"
"C:\Users\DIYA GOEL\Downloads\EBDESIGN\frontend\src\components\ui\select.jsx","COMPONENT","react","False"
"C:\Users\DIYA GOEL\Downloads\EBDESIGN\frontend\src\components\ui\Skeleton.jsx","COMPONENT","../../lib/utils","True"
"C:\Users\DIYA GOEL\Downloads\EBDESIGN\frontend\src\components\ui\Spinner.jsx","COMPONENT","react","False"
"C:\Users\DIYA GOEL\Downloads\EBDESIGN\frontend\src\components\ui\Tab.jsx","COMPONENT","react","False"
"C:\Users\DIYA GOEL\Downloads\EBDESIGN\frontend\src\components\ui\table.jsx","COMPONENT","react","False"
"C:\Users\DIYA GOEL\Downloads\EBDESIGN\frontend\src\components\ui\table.jsx","COMPONENT","../../lib/utils","True"
"C:\Users\DIYA GOEL\Downloads\EBDESIGN\frontend\src\components\ui\tabs.jsx","COMPONENT","react","False"
"C:\Users\DIYA GOEL\Downloads\EBDESIGN\frontend\src\components\ui\tabs.jsx","COMPONENT","@radix-ui/react-tabs","False"
"C:\Users\DIYA GOEL\Downloads\EBDESIGN\frontend\src\components\ui\tabs.jsx","COMPONENT","../../lib/utils","True"
"C:\Users\DIYA GOEL\Downloads\EBDESIGN\frontend\src\components\ui\textarea.jsx","COMPONENT","react","False"
"C:\Users\DIYA GOEL\Downloads\EBDESIGN\frontend\src\components\ui\TextField.jsx","COMPONENT","react","False"
"C:\Users\DIYA GOEL\Downloads\EBDESIGN\frontend\src\components\ui\Toast.jsx","COMPONENT","react","False"
"C:\Users\DIYA GOEL\Downloads\EBDESIGN\frontend\src\components\ui\Tooltip.jsx","COMPONENT","react","False"
"C:\Users\DIYA GOEL\Downloads\EBDESIGN\frontend\src\components\VoiceAI\VoiceAssistant.jsx","COMPONENT","react","False"
"C:\Users\DIYA GOEL\Downloads\EBDESIGN\frontend\src\components\VoiceAI\VoiceAssistant.jsx","COMPONENT","../../services/componentApi","True"
"C:\Users\DIYA GOEL\Downloads\EBDESIGN\frontend\src\components\Wallet\WalletUI.jsx","COMPONENT","react","False"
"C:\Users\DIYA GOEL\Downloads\EBDESIGN\frontend\src\config\autoPageRoutes.js","OTHER","react","False"
"C:\Users\DIYA GOEL\Downloads\EBDESIGN\frontend\src\config\routes.js","OTHER","react","False"
"C:\Users\DIYA GOEL\Downloads\EBDESIGN\frontend\src\core\moduleRouter.js","FRONTEND_ROUTE","fs","False"
"C:\Users\DIYA GOEL\Downloads\EBDESIGN\frontend\src\core\moduleRouter.js","FRONTEND_ROUTE","path","False"
"C:\Users\DIYA GOEL\Downloads\EBDESIGN\frontend\src\hooks\useAuth.js","HOOK","react","False"
"C:\Users\DIYA GOEL\Downloads\EBDESIGN\frontend\src\hooks\useAuth.js","HOOK","../stores/authStore","True"
"C:\Users\DIYA GOEL\Downloads\EBDESIGN\frontend\src\hooks\useAuth.js","HOOK","react-router-dom","False"
"C:\Users\DIYA GOEL\Downloads\EBDESIGN\frontend\src\hooks\useGeolocation.js","HOOK","react","False"
"C:\Users\DIYA GOEL\Downloads\EBDESIGN\frontend\src\hooks\useJourneyStepper.js","HOOK","react","False"
"C:\Users\DIYA GOEL\Downloads\EBDESIGN\frontend\src\hooks\useJourneyStepper.test.js","HOOK","@testing-library/react","False"
"C:\Users\DIYA GOEL\Downloads\EBDESIGN\frontend\src\hooks\useJourneyStepper.test.js","HOOK","./useJourneyStepper","True"
"C:\Users\DIYA GOEL\Downloads\EBDESIGN\frontend\src\hooks\useResponsive.js","HOOK","react","False"
"C:\Users\DIYA GOEL\Downloads\EBDESIGN\frontend\src\hooks\useResponsive.js","HOOK","../utils/deviceDetection","True"
"C:\Users\DIYA GOEL\Downloads\EBDESIGN\frontend\src\hooks\useResponsiveDesign.jsx","HOOK","react","False"
"C:\Users\DIYA GOEL\Downloads\EBDESIGN\frontend\src\lib\utils.js","OTHER","clsx","False"
"C:\Users\DIYA GOEL\Downloads\EBDESIGN\frontend\src\lib\utils.js","OTHER","tailwind-merge","False"
"C:\Users\DIYA GOEL\Downloads\EBDESIGN\frontend\src\modules\ContractlessModulePage.jsx","OTHER","react","False"
"C:\Users\DIYA GOEL\Downloads\EBDESIGN\frontend\src\modules\criticalModules.test.jsx","OTHER","@testing-library/react","False"
"C:\Users\DIYA GOEL\Downloads\EBDESIGN\frontend\src\modules\criticalModules.test.jsx","OTHER","../services/api","True"
"C:\Users\DIYA GOEL\Downloads\EBDESIGN\frontend\src\modules\criticalModules.test.jsx","OTHER","./M001/M001Page","True"
"C:\Users\DIYA GOEL\Downloads\EBDESIGN\frontend\src\modules\criticalModules.test.jsx","OTHER","./M016/M016Page","True"
"C:\Users\DIYA GOEL\Downloads\EBDESIGN\frontend\src\modules\criticalModules.test.jsx","OTHER","./M084/M084Page","True"
"C:\Users\DIYA GOEL\Downloads\EBDESIGN\frontend\src\modules\criticalModules.test.jsx","OTHER","@testing-library/jest-dom","False"
"C:\Users\DIYA GOEL\Downloads\EBDESIGN\frontend\src\modules\M001\M001Component.jsx","OTHER","react","False"
"C:\Users\DIYA GOEL\Downloads\EBDESIGN\frontend\src\modules\M001\M001Page.jsx","OTHER","react","False"
"C:\Users\DIYA GOEL\Downloads\EBDESIGN\frontend\src\modules\M001\M001Page.jsx","OTHER","../../services/api","True"
"C:\Users\DIYA GOEL\Downloads\EBDESIGN\frontend\src\modules\M001\M001Page.jsx","OTHER","./styles.css","True"
"C:\Users\DIYA GOEL\Downloads\EBDESIGN\frontend\src\modules\M002\M002Component.jsx","OTHER","react","False"
"C:\Users\DIYA GOEL\Downloads\EBDESIGN\frontend\src\modules\M002\M002Page.jsx","OTHER","react","False"
"C:\Users\DIYA GOEL\Downloads\EBDESIGN\frontend\src\modules\M002\M002Page.jsx","OTHER","react-router-dom","False"
"C:\Users\DIYA GOEL\Downloads\EBDESIGN\frontend\src\modules\M002\M002Page.jsx","OTHER","./styles.css","True"
"C:\Users\DIYA GOEL\Downloads\EBDESIGN\frontend\src\modules\M003\M003Component.jsx","OTHER","react","False"
"C:\Users\DIYA GOEL\Downloads\EBDESIGN\frontend\src\modules\M003\M003Page.jsx","OTHER","react","False"
"C:\Users\DIYA GOEL\Downloads\EBDESIGN\frontend\src\modules\M003\M003Page.jsx","OTHER","./styles.css","True"
"C:\Users\DIYA GOEL\Downloads\EBDESIGN\frontend\src\modules\M004\M004Component.jsx","OTHER","react","False"
"C:\Users\DIYA GOEL\Downloads\EBDESIGN\frontend\src\modules\M004\M004Page.jsx","OTHER","react","False"
"C:\Users\DIYA GOEL\Downloads\EBDESIGN\frontend\src\modules\M004\M004Page.jsx","OTHER","./styles.css","True"
"C:\Users\DIYA GOEL\Downloads\EBDESIGN\frontend\src\modules\M005\M005Component.jsx","OTHER","react","False"
"C:\Users\DIYA GOEL\Downloads\EBDESIGN\frontend\src\modules\M005\M005Page.jsx","OTHER","react","False"
"C:\Users\DIYA GOEL\Downloads\EBDESIGN\frontend\src\modules\M005\M005Page.jsx","OTHER","./styles.css","True"
"C:\Users\DIYA GOEL\Downloads\EBDESIGN\frontend\src\modules\M006\M006Component.jsx","OTHER","react","False"
"C:\Users\DIYA GOEL\Downloads\EBDESIGN\frontend\src\modules\M006\M006Page.jsx","OTHER","react","False"
"C:\Users\DIYA GOEL\Downloads\EBDESIGN\frontend\src\modules\M006\M006Page.jsx","OTHER","../../services/api","True"
"C:\Users\DIYA GOEL\Downloads\EBDESIGN\frontend\src\modules\M006\M006Page.jsx","OTHER","./styles.css","True"
"C:\Users\DIYA GOEL\Downloads\EBDESIGN\frontend\src\modules\M007\M007Component.jsx","OTHER","react","False"
"C:\Users\DIYA GOEL\Downloads\EBDESIGN\frontend\src\modules\M007\M007Page.jsx","OTHER","react","False"
"C:\Users\DIYA GOEL\Downloads\EBDESIGN\frontend\src\modules\M007\M007Page.jsx","OTHER","./styles.css","True"
"C:\Users\DIYA GOEL\Downloads\EBDESIGN\frontend\src\modules\M008\M008Component.jsx","OTHER","react","False"
"C:\Users\DIYA GOEL\Downloads\EBDESIGN\frontend\src\modules\M008\M008Page.jsx","OTHER","react","False"
"C:\Users\DIYA GOEL\Downloads\EBDESIGN\frontend\src\modules\M008\M008Page.jsx","OTHER","react-router-dom","False"
"C:\Users\DIYA GOEL\Downloads\EBDESIGN\frontend\src\modules\M008\M008Page.jsx","OTHER","./styles.css","True"
"C:\Users\DIYA GOEL\Downloads\EBDESIGN\frontend\src\modules\M009\M009Component.jsx","OTHER","react","False"
"C:\Users\DIYA GOEL\Downloads\EBDESIGN\frontend\src\modules\M009\M009Page.jsx","OTHER","react","False"
"C:\Users\DIYA GOEL\Downloads\EBDESIGN\frontend\src\modules\M009\M009Page.jsx","OTHER","./styles.css","True"
"C:\Users\DIYA GOEL\Downloads\EBDESIGN\frontend\src\modules\M010\M010Component.jsx","OTHER","react","False"
"C:\Users\DIYA GOEL\Downloads\EBDESIGN\frontend\src\modules\M010\M010Page.jsx","OTHER","react","False"
"C:\Users\DIYA GOEL\Downloads\EBDESIGN\frontend\src\modules\M010\M010Page.jsx","OTHER","./styles.css","True"
"C:\Users\DIYA GOEL\Downloads\EBDESIGN\frontend\src\modules\M011\M011Component.jsx","OTHER","react","False"
"C:\Users\DIYA GOEL\Downloads\EBDESIGN\frontend\src\modules\M011\M011Page.jsx","OTHER","react","False"
"C:\Users\DIYA GOEL\Downloads\EBDESIGN\frontend\src\modules\M011\M011Page.jsx","OTHER","../../services/api","True"
"C:\Users\DIYA GOEL\Downloads\EBDESIGN\frontend\src\modules\M011\M011Page.jsx","OTHER","./styles.css","True"
"C:\Users\DIYA GOEL\Downloads\EBDESIGN\frontend\src\modules\M012\M012Component.jsx","OTHER","react","False"
"C:\Users\DIYA GOEL\Downloads\EBDESIGN\frontend\src\modules\M012\M012Page.jsx","OTHER","../ContractlessModulePage","True"
"C:\Users\DIYA GOEL\Downloads\EBDESIGN\frontend\src\modules\M012\M012Page.jsx","OTHER","./styles.css","True"
"C:\Users\DIYA GOEL\Downloads\EBDESIGN\frontend\src\modules\M013\M013Component.jsx","OTHER","react","False"
"C:\Users\DIYA GOEL\Downloads\EBDESIGN\frontend\src\modules\M013\M013Page.jsx","OTHER","react","False"
"C:\Users\DIYA GOEL\Downloads\EBDESIGN\frontend\src\modules\M013\M013Page.jsx","OTHER","../../services/api","True"
"C:\Users\DIYA GOEL\Downloads\EBDESIGN\frontend\src\modules\M013\M013Page.jsx","OTHER","./styles.css","True"
"C:\Users\DIYA GOEL\Downloads\EBDESIGN\frontend\src\modules\M014\M014Component.jsx","OTHER","react","False"
"C:\Users\DIYA GOEL\Downloads\EBDESIGN\frontend\src\modules\M014\M014Page.jsx","OTHER","react","False"
"C:\Users\DIYA GOEL\Downloads\EBDESIGN\frontend\src\modules\M014\M014Page.jsx","OTHER","./styles.css","True"
"C:\Users\DIYA GOEL\Downloads\EBDESIGN\frontend\src\modules\M015\M015Component.jsx","OTHER","react","False"
"C:\Users\DIYA GOEL\Downloads\EBDESIGN\frontend\src\modules\M015\M015Page.jsx","OTHER","../ContractlessModulePage","True"
"C:\Users\DIYA GOEL\Downloads\EBDESIGN\frontend\src\modules\M015\M015Page.jsx","OTHER","./styles.css","True"
"C:\Users\DIYA GOEL\Downloads\EBDESIGN\frontend\src\modules\M016\M016Component.jsx","OTHER","react","False"
"C:\Users\DIYA GOEL\Downloads\EBDESIGN\frontend\src\modules\M016\M016Page.jsx","OTHER","react","False"
"C:\Users\DIYA GOEL\Downloads\EBDESIGN\frontend\src\modules\M016\M016Page.jsx","OTHER","../../services/api","True"
"C:\Users\DIYA GOEL\Downloads\EBDESIGN\frontend\src\modules\M016\M016Page.jsx","OTHER","./styles.css","True"
"C:\Users\DIYA GOEL\Downloads\EBDESIGN\frontend\src\modules\M017\M017Component.jsx","OTHER","react","False"
"C:\Users\DIYA GOEL\Downloads\EBDESIGN\frontend\src\modules\M017\M017Page.jsx","OTHER","../ContractlessModulePage","True"
"C:\Users\DIYA GOEL\Downloads\EBDESIGN\frontend\src\modules\M017\M017Page.jsx","OTHER","./styles.css","True"
"C:\Users\DIYA GOEL\Downloads\EBDESIGN\frontend\src\modules\M018\M018Component.jsx","OTHER","react","False"
"C:\Users\DIYA GOEL\Downloads\EBDESIGN\frontend\src\modules\M018\M018Page.jsx","OTHER","react","False"
"C:\Users\DIYA GOEL\Downloads\EBDESIGN\frontend\src\modules\M018\M018Page.jsx","OTHER","./styles.css","True"
"C:\Users\DIYA GOEL\Downloads\EBDESIGN\frontend\src\modules\M019\M019Component.jsx","OTHER","react","False"
"C:\Users\DIYA GOEL\Downloads\EBDESIGN\frontend\src\modules\M019\M019Page.jsx","OTHER","react","False"
"C:\Users\DIYA GOEL\Downloads\EBDESIGN\frontend\src\modules\M019\M019Page.jsx","OTHER","./styles.css","True"
"C:\Users\DIYA GOEL\Downloads\EBDESIGN\frontend\src\modules\M020\M020Component.jsx","OTHER","react","False"
"C:\Users\DIYA GOEL\Downloads\EBDESIGN\frontend\src\modules\M020\M020Page.jsx","OTHER","react","False"
"C:\Users\DIYA GOEL\Downloads\EBDESIGN\frontend\src\modules\M020\M020Page.jsx","OTHER","./styles.css","True"
"C:\Users\DIYA GOEL\Downloads\EBDESIGN\frontend\src\modules\M021\M021Component.jsx","OTHER","react","False"
"C:\Users\DIYA GOEL\Downloads\EBDESIGN\frontend\src\modules\M021\M021Page.jsx","OTHER","react","False"
"C:\Users\DIYA GOEL\Downloads\EBDESIGN\frontend\src\modules\M021\M021Page.jsx","OTHER","react-router-dom","False"
"C:\Users\DIYA GOEL\Downloads\EBDESIGN\frontend\src\modules\M021\M021Page.jsx","OTHER","./styles.css","True"
"C:\Users\DIYA GOEL\Downloads\EBDESIGN\frontend\src\modules\M022\M022Component.jsx","OTHER","react","False"
"C:\Users\DIYA GOEL\Downloads\EBDESIGN\frontend\src\modules\M022\M022Page.jsx","OTHER","../ContractlessModulePage","True"
"C:\Users\DIYA GOEL\Downloads\EBDESIGN\frontend\src\modules\M022\M022Page.jsx","OTHER","./styles.css","True"
"C:\Users\DIYA GOEL\Downloads\EBDESIGN\frontend\src\modules\M023\M023Component.jsx","OTHER","react","False"
"C:\Users\DIYA GOEL\Downloads\EBDESIGN\frontend\src\modules\M023\M023Page.jsx","OTHER","../ContractlessModulePage","True"
"C:\Users\DIYA GOEL\Downloads\EBDESIGN\frontend\src\modules\M023\M023Page.jsx","OTHER","./styles.css","True"
"C:\Users\DIYA GOEL\Downloads\EBDESIGN\frontend\src\modules\M024\M024Component.jsx","OTHER","react","False"
"C:\Users\DIYA GOEL\Downloads\EBDESIGN\frontend\src\modules\M024\M024Page.jsx","OTHER","../ContractlessModulePage","True"
"C:\Users\DIYA GOEL\Downloads\EBDESIGN\frontend\src\modules\M024\M024Page.jsx","OTHER","./styles.css","True"
"C:\Users\DIYA GOEL\Downloads\EBDESIGN\frontend\src\modules\M025\M025Component.jsx","OTHER","react","False"
"C:\Users\DIYA GOEL\Downloads\EBDESIGN\frontend\src\modules\M025\M025Page.jsx","OTHER","../ContractlessModulePage","True"
"C:\Users\DIYA GOEL\Downloads\EBDESIGN\frontend\src\modules\M025\M025Page.jsx","OTHER","./styles.css","True"
"C:\Users\DIYA GOEL\Downloads\EBDESIGN\frontend\src\modules\M026\M026Component.jsx","OTHER","react","False"
"C:\Users\DIYA GOEL\Downloads\EBDESIGN\frontend\src\modules\M026\M026Page.jsx","OTHER","react","False"
"C:\Users\DIYA GOEL\Downloads\EBDESIGN\frontend\src\modules\M026\M026Page.jsx","OTHER","../../services/api","True"
"C:\Users\DIYA GOEL\Downloads\EBDESIGN\frontend\src\modules\M026\M026Page.jsx","OTHER","./styles.css","True"
"C:\Users\DIYA GOEL\Downloads\EBDESIGN\frontend\src\modules\M027\M027Component.jsx","OTHER","react","False"
"C:\Users\DIYA GOEL\Downloads\EBDESIGN\frontend\src\modules\M027\M027Page.jsx","OTHER","react","False"
"C:\Users\DIYA GOEL\Downloads\EBDESIGN\frontend\src\modules\M027\M027Page.jsx","OTHER","./styles.css","True"
"C:\Users\DIYA GOEL\Downloads\EBDESIGN\frontend\src\modules\M028\M028Component.jsx","OTHER","react","False"
"C:\Users\DIYA GOEL\Downloads\EBDESIGN\frontend\src\modules\M028\M028Page.jsx","OTHER","react","False"
"C:\Users\DIYA GOEL\Downloads\EBDESIGN\frontend\src\modules\M028\M028Page.jsx","OTHER","../../services/api","True"
"C:\Users\DIYA GOEL\Downloads\EBDESIGN\frontend\src\modules\M028\M028Page.jsx","OTHER","./styles.css","True"
"C:\Users\DIYA GOEL\Downloads\EBDESIGN\frontend\src\modules\M029\M029Component.jsx","OTHER","react","False"
"C:\Users\DIYA GOEL\Downloads\EBDESIGN\frontend\src\modules\M029\M029Page.jsx","OTHER","react","False"
"C:\Users\DIYA GOEL\Downloads\EBDESIGN\frontend\src\modules\M029\M029Page.jsx","OTHER","../../services/api","True"
"C:\Users\DIYA GOEL\Downloads\EBDESIGN\frontend\src\modules\M029\M029Page.jsx","OTHER","./styles.css","True"
"C:\Users\DIYA GOEL\Downloads\EBDESIGN\frontend\src\modules\M030\M030Component.jsx","OTHER","react","False"
"C:\Users\DIYA GOEL\Downloads\EBDESIGN\frontend\src\modules\M030\M030Page.jsx","OTHER","../ContractlessModulePage","True"
"C:\Users\DIYA GOEL\Downloads\EBDESIGN\frontend\src\modules\M030\M030Page.jsx","OTHER","./styles.css","True"
"C:\Users\DIYA GOEL\Downloads\EBDESIGN\frontend\src\modules\M031\M031Component.jsx","OTHER","react","False"
"C:\Users\DIYA GOEL\Downloads\EBDESIGN\frontend\src\modules\M031\M031Page.jsx","OTHER","react","False"
"C:\Users\DIYA GOEL\Downloads\EBDESIGN\frontend\src\modules\M031\M031Page.jsx","OTHER","@/store","False"
"C:\Users\DIYA GOEL\Downloads\EBDESIGN\frontend\src\modules\M031\M031Page.jsx","OTHER","./${className}.css","True"
"C:\Users\DIYA GOEL\Downloads\EBDESIGN\frontend\src\modules\M032\M032Component.jsx","OTHER","react","False"
"C:\Users\DIYA GOEL\Downloads\EBDESIGN\frontend\src\modules\M032\M032Page.jsx","OTHER","react","False"
"C:\Users\DIYA GOEL\Downloads\EBDESIGN\frontend\src\modules\M032\M032Page.jsx","OTHER","@/store","False"
"C:\Users\DIYA GOEL\Downloads\EBDESIGN\frontend\src\modules\M032\M032Page.jsx","OTHER","./${className}.css","True"
"C:\Users\DIYA GOEL\Downloads\EBDESIGN\frontend\src\modules\M033\M033Component.jsx","OTHER","react","False"
"C:\Users\DIYA GOEL\Downloads\EBDESIGN\frontend\src\modules\M033\M033Page.jsx","OTHER","react","False"
"C:\Users\DIYA GOEL\Downloads\EBDESIGN\frontend\src\modules\M033\M033Page.jsx","OTHER","@/store","False"
"C:\Users\DIYA GOEL\Downloads\EBDESIGN\frontend\src\modules\M033\M033Page.jsx","OTHER","./${className}.css","True"
"C:\Users\DIYA GOEL\Downloads\EBDESIGN\frontend\src\modules\M034\M034Component.jsx","OTHER","react","False"
"C:\Users\DIYA GOEL\Downloads\EBDESIGN\frontend\src\modules\M034\M034Page.jsx","OTHER","react","False"
"C:\Users\DIYA GOEL\Downloads\EBDESIGN\frontend\src\modules\M034\M034Page.jsx","OTHER","@/store","False"
"C:\Users\DIYA GOEL\Downloads\EBDESIGN\frontend\src\modules\M034\M034Page.jsx","OTHER","./${className}.css","True"
"C:\Users\DIYA GOEL\Downloads\EBDESIGN\frontend\src\modules\M035\M035Component.jsx","OTHER","react","False"
"C:\Users\DIYA GOEL\Downloads\EBDESIGN\frontend\src\modules\M035\M035Page.jsx","OTHER","react","False"
"C:\Users\DIYA GOEL\Downloads\EBDESIGN\frontend\src\modules\M035\M035Page.jsx","OTHER","@/store","False"
"C:\Users\DIYA GOEL\Downloads\EBDESIGN\frontend\src\modules\M035\M035Page.jsx","OTHER","./${className}.css","True"
"C:\Users\DIYA GOEL\Downloads\EBDESIGN\frontend\src\modules\M036\M036Component.jsx","OTHER","react","False"
"C:\Users\DIYA GOEL\Downloads\EBDESIGN\frontend\src\modules\M036\M036Page.jsx","OTHER","react","False"
"C:\Users\DIYA GOEL\Downloads\EBDESIGN\frontend\src\modules\M036\M036Page.jsx","OTHER","@/store","False"
"C:\Users\DIYA GOEL\Downloads\EBDESIGN\frontend\src\modules\M036\M036Page.jsx","OTHER","./${className}.css","True"
"C:\Users\DIYA GOEL\Downloads\EBDESIGN\frontend\src\modules\M037\M037Component.jsx","OTHER","react","False"
"C:\Users\DIYA GOEL\Downloads\EBDESIGN\frontend\src\modules\M037\M037Page.jsx","OTHER","react","False"
"C:\Users\DIYA GOEL\Downloads\EBDESIGN\frontend\src\modules\M037\M037Page.jsx","OTHER","@/store","False"
"C:\Users\DIYA GOEL\Downloads\EBDESIGN\frontend\src\modules\M037\M037Page.jsx","OTHER","./${className}.css","True"
"C:\Users\DIYA GOEL\Downloads\EBDESIGN\frontend\src\modules\M038\M038Component.jsx","OTHER","react","False"
"C:\Users\DIYA GOEL\Downloads\EBDESIGN\frontend\src\modules\M038\M038Page.jsx","OTHER","react","False"
"C:\Users\DIYA GOEL\Downloads\EBDESIGN\frontend\src\modules\M038\M038Page.jsx","OTHER","@/store","False"
"C:\Users\DIYA GOEL\Downloads\EBDESIGN\frontend\src\modules\M038\M038Page.jsx","OTHER","./${className}.css","True"
"C:\Users\DIYA GOEL\Downloads\EBDESIGN\frontend\src\modules\M039\M039Component.jsx","OTHER","react","False"
"C:\Users\DIYA GOEL\Downloads\EBDESIGN\frontend\src\modules\M039\M039Page.jsx","OTHER","react","False"
"C:\Users\DIYA GOEL\Downloads\EBDESIGN\frontend\src\modules\M039\M039Page.jsx","OTHER","@/store","False"
"C:\Users\DIYA GOEL\Downloads\EBDESIGN\frontend\src\modules\M039\M039Page.jsx","OTHER","./${className}.css","True"
"C:\Users\DIYA GOEL\Downloads\EBDESIGN\frontend\src\modules\M040\M040Component.jsx","OTHER","react","False"
"C:\Users\DIYA GOEL\Downloads\EBDESIGN\frontend\src\modules\M040\M040Page.jsx","OTHER","react","False"
"C:\Users\DIYA GOEL\Downloads\EBDESIGN\frontend\src\modules\M040\M040Page.jsx","OTHER","@/store","False"
"C:\Users\DIYA GOEL\Downloads\EBDESIGN\frontend\src\modules\M040\M040Page.jsx","OTHER","./${className}.css","True"
"C:\Users\DIYA GOEL\Downloads\EBDESIGN\frontend\src\modules\M041\M041Component.jsx","OTHER","react","False"
"C:\Users\DIYA GOEL\Downloads\EBDESIGN\frontend\src\modules\M041\M041Page.jsx","OTHER","react","False"
"C:\Users\DIYA GOEL\Downloads\EBDESIGN\frontend\src\modules\M041\M041Page.jsx","OTHER","@/store","False"
"C:\Users\DIYA GOEL\Downloads\EBDESIGN\frontend\src\modules\M041\M041Page.jsx","OTHER","./${className}.css","True"
"C:\Users\DIYA GOEL\Downloads\EBDESIGN\frontend\src\modules\M042\M042Component.jsx","OTHER","react","False"
"C:\Users\DIYA GOEL\Downloads\EBDESIGN\frontend\src\modules\M042\M042Page.jsx","OTHER","react","False"
"C:\Users\DIYA GOEL\Downloads\EBDESIGN\frontend\src\modules\M042\M042Page.jsx","OTHER","@/store","False"
"C:\Users\DIYA GOEL\Downloads\EBDESIGN\frontend\src\modules\M042\M042Page.jsx","OTHER","./${className}.css","True"
"C:\Users\DIYA GOEL\Downloads\EBDESIGN\frontend\src\modules\M043\M043Component.jsx","OTHER","react","False"
"C:\Users\DIYA GOEL\Downloads\EBDESIGN\frontend\src\modules\M043\M043Page.jsx","OTHER","react","False"
"C:\Users\DIYA GOEL\Downloads\EBDESIGN\frontend\src\modules\M043\M043Page.jsx","OTHER","@/store","False"
"C:\Users\DIYA GOEL\Downloads\EBDESIGN\frontend\src\modules\M043\M043Page.jsx","OTHER","./${className}.css","True"
"C:\Users\DIYA GOEL\Downloads\EBDESIGN\frontend\src\modules\M044\M044Component.jsx","OTHER","react","False"
"C:\Users\DIYA GOEL\Downloads\EBDESIGN\frontend\src\modules\M044\M044Page.jsx","OTHER","react","False"
"C:\Users\DIYA GOEL\Downloads\EBDESIGN\frontend\src\modules\M044\M044Page.jsx","OTHER","@/store","False"
"C:\Users\DIYA GOEL\Downloads\EBDESIGN\frontend\src\modules\M044\M044Page.jsx","OTHER","./${className}.css","True"
"C:\Users\DIYA GOEL\Downloads\EBDESIGN\frontend\src\modules\M045\M045Component.jsx","OTHER","react","False"
"C:\Users\DIYA GOEL\Downloads\EBDESIGN\frontend\src\modules\M045\M045Page.jsx","OTHER","react","False"
"C:\Users\DIYA GOEL\Downloads\EBDESIGN\frontend\src\modules\M045\M045Page.jsx","OTHER","@/store","False"
"C:\Users\DIYA GOEL\Downloads\EBDESIGN\frontend\src\modules\M045\M045Page.jsx","OTHER","./${className}.css","True"
"C:\Users\DIYA GOEL\Downloads\EBDESIGN\frontend\src\modules\M046\M046Component.jsx","OTHER","react","False"
"C:\Users\DIYA GOEL\Downloads\EBDESIGN\frontend\src\modules\M046\M046Page.jsx","OTHER","react","False"
"C:\Users\DIYA GOEL\Downloads\EBDESIGN\frontend\src\modules\M046\M046Page.jsx","OTHER","@/store","False"
"C:\Users\DIYA GOEL\Downloads\EBDESIGN\frontend\src\modules\M046\M046Page.jsx","OTHER","./${className}.css","True"
"C:\Users\DIYA GOEL\Downloads\EBDESIGN\frontend\src\modules\M047\M047Component.jsx","OTHER","react","False"
"C:\Users\DIYA GOEL\Downloads\EBDESIGN\frontend\src\modules\M047\M047Page.jsx","OTHER","react","False"
"C:\Users\DIYA GOEL\Downloads\EBDESIGN\frontend\src\modules\M047\M047Page.jsx","OTHER","@/store","False"
"C:\Users\DIYA GOEL\Downloads\EBDESIGN\frontend\src\modules\M047\M047Page.jsx","OTHER","./${className}.css","True"
"C:\Users\DIYA GOEL\Downloads\EBDESIGN\frontend\src\modules\M048\M048Component.jsx","OTHER","react","False"
"C:\Users\DIYA GOEL\Downloads\EBDESIGN\frontend\src\modules\M048\M048Page.jsx","OTHER","react","False"
"C:\Users\DIYA GOEL\Downloads\EBDESIGN\frontend\src\modules\M048\M048Page.jsx","OTHER","@/store","False"
"C:\Users\DIYA GOEL\Downloads\EBDESIGN\frontend\src\modules\M048\M048Page.jsx","OTHER","./${className}.css","True"
"C:\Users\DIYA GOEL\Downloads\EBDESIGN\frontend\src\modules\M049\M049Component.jsx","OTHER","react","False"
"C:\Users\DIYA GOEL\Downloads\EBDESIGN\frontend\src\modules\M049\M049Page.jsx","OTHER","react","False"
"C:\Users\DIYA GOEL\Downloads\EBDESIGN\frontend\src\modules\M049\M049Page.jsx","OTHER","@/store","False"
"C:\Users\DIYA GOEL\Downloads\EBDESIGN\frontend\src\modules\M049\M049Page.jsx","OTHER","./${className}.css","True"
"C:\Users\DIYA GOEL\Downloads\EBDESIGN\frontend\src\modules\M050\M050Component.jsx","OTHER","react","False"
"C:\Users\DIYA GOEL\Downloads\EBDESIGN\frontend\src\modules\M050\M050Page.jsx","OTHER","react","False"
"C:\Users\DIYA GOEL\Downloads\EBDESIGN\frontend\src\modules\M050\M050Page.jsx","OTHER","@/store","False"
"C:\Users\DIYA GOEL\Downloads\EBDESIGN\frontend\src\modules\M050\M050Page.jsx","OTHER","./${className}.css","True"
"C:\Users\DIYA GOEL\Downloads\EBDESIGN\frontend\src\modules\M051\M051Component.jsx","OTHER","react","False"
"C:\Users\DIYA GOEL\Downloads\EBDESIGN\frontend\src\modules\M051\M051Page.jsx","OTHER","react","False"
"C:\Users\DIYA GOEL\Downloads\EBDESIGN\frontend\src\modules\M051\M051Page.jsx","OTHER","@/store","False"
"C:\Users\DIYA GOEL\Downloads\EBDESIGN\frontend\src\modules\M051\M051Page.jsx","OTHER","./${className}.css","True"
"C:\Users\DIYA GOEL\Downloads\EBDESIGN\frontend\src\modules\M052\M052Component.jsx","OTHER","react","False"
"C:\Users\DIYA GOEL\Downloads\EBDESIGN\frontend\src\modules\M052\M052Page.jsx","OTHER","react","False"
"C:\Users\DIYA GOEL\Downloads\EBDESIGN\frontend\src\modules\M052\M052Page.jsx","OTHER","@/store","False"
"C:\Users\DIYA GOEL\Downloads\EBDESIGN\frontend\src\modules\M052\M052Page.jsx","OTHER","./${className}.css","True"
"C:\Users\DIYA GOEL\Downloads\EBDESIGN\frontend\src\modules\M053\M053Component.jsx","OTHER","react","False"
"C:\Users\DIYA GOEL\Downloads\EBDESIGN\frontend\src\modules\M053\M053Page.jsx","OTHER","react","False"
"C:\Users\DIYA GOEL\Downloads\EBDESIGN\frontend\src\modules\M053\M053Page.jsx","OTHER","@/store","False"
"C:\Users\DIYA GOEL\Downloads\EBDESIGN\frontend\src\modules\M053\M053Page.jsx","OTHER","./${className}.css","True"
"C:\Users\DIYA GOEL\Downloads\EBDESIGN\frontend\src\modules\M054\M054Component.jsx","OTHER","react","False"
"C:\Users\DIYA GOEL\Downloads\EBDESIGN\frontend\src\modules\M054\M054Page.jsx","OTHER","react","False"
"C:\Users\DIYA GOEL\Downloads\EBDESIGN\frontend\src\modules\M054\M054Page.jsx","OTHER","@/store","False"
"C:\Users\DIYA GOEL\Downloads\EBDESIGN\frontend\src\modules\M054\M054Page.jsx","OTHER","./${className}.css","True"
"C:\Users\DIYA GOEL\Downloads\EBDESIGN\frontend\src\modules\M055\M055Component.jsx","OTHER","react","False"
"C:\Users\DIYA GOEL\Downloads\EBDESIGN\frontend\src\modules\M055\M055Page.jsx","OTHER","react","False"
"C:\Users\DIYA GOEL\Downloads\EBDESIGN\frontend\src\modules\M055\M055Page.jsx","OTHER","@/store","False"
"C:\Users\DIYA GOEL\Downloads\EBDESIGN\frontend\src\modules\M055\M055Page.jsx","OTHER","./${className}.css","True"
"C:\Users\DIYA GOEL\Downloads\EBDESIGN\frontend\src\modules\M056\M056Component.jsx","OTHER","react","False"
"C:\Users\DIYA GOEL\Downloads\EBDESIGN\frontend\src\modules\M056\M056Page.jsx","OTHER","react","False"
"C:\Users\DIYA GOEL\Downloads\EBDESIGN\frontend\src\modules\M056\M056Page.jsx","OTHER","@/store","False"
"C:\Users\DIYA GOEL\Downloads\EBDESIGN\frontend\src\modules\M056\M056Page.jsx","OTHER","./${className}.css","True"
"C:\Users\DIYA GOEL\Downloads\EBDESIGN\frontend\src\modules\M057\M057Component.jsx","OTHER","react","False"
"C:\Users\DIYA GOEL\Downloads\EBDESIGN\frontend\src\modules\M057\M057Page.jsx","OTHER","react","False"
"C:\Users\DIYA GOEL\Downloads\EBDESIGN\frontend\src\modules\M057\M057Page.jsx","OTHER","@/store","False"
"C:\Users\DIYA GOEL\Downloads\EBDESIGN\frontend\src\modules\M057\M057Page.jsx","OTHER","./${className}.css","True"
"C:\Users\DIYA GOEL\Downloads\EBDESIGN\frontend\src\modules\M058\M058Component.jsx","OTHER","react","False"
"C:\Users\DIYA GOEL\Downloads\EBDESIGN\frontend\src\modules\M058\M058Page.jsx","OTHER","react","False"
"C:\Users\DIYA GOEL\Downloads\EBDESIGN\frontend\src\modules\M058\M058Page.jsx","OTHER","@/store","False"
"C:\Users\DIYA GOEL\Downloads\EBDESIGN\frontend\src\modules\M058\M058Page.jsx","OTHER","./${className}.css","True"
"C:\Users\DIYA GOEL\Downloads\EBDESIGN\frontend\src\modules\M059\M059Component.jsx","OTHER","react","False"
"C:\Users\DIYA GOEL\Downloads\EBDESIGN\frontend\src\modules\M059\M059Page.jsx","OTHER","react","False"
"C:\Users\DIYA GOEL\Downloads\EBDESIGN\frontend\src\modules\M059\M059Page.jsx","OTHER","@/store","False"
"C:\Users\DIYA GOEL\Downloads\EBDESIGN\frontend\src\modules\M059\M059Page.jsx","OTHER","./${className}.css","True"
"C:\Users\DIYA GOEL\Downloads\EBDESIGN\frontend\src\modules\M060\M060Component.jsx","OTHER","react","False"
"C:\Users\DIYA GOEL\Downloads\EBDESIGN\frontend\src\modules\M060\M060Page.jsx","OTHER","react","False"
"C:\Users\DIYA GOEL\Downloads\EBDESIGN\frontend\src\modules\M060\M060Page.jsx","OTHER","@/store","False"
"C:\Users\DIYA GOEL\Downloads\EBDESIGN\frontend\src\modules\M060\M060Page.jsx","OTHER","./${className}.css","True"
"C:\Users\DIYA GOEL\Downloads\EBDESIGN\frontend\src\modules\M061\M061Component.jsx","OTHER","react","False"
"C:\Users\DIYA GOEL\Downloads\EBDESIGN\frontend\src\modules\M061\M061Page.jsx","OTHER","react","False"
"C:\Users\DIYA GOEL\Downloads\EBDESIGN\frontend\src\modules\M061\M061Page.jsx","OTHER","@/store","False"
"C:\Users\DIYA GOEL\Downloads\EBDESIGN\frontend\src\modules\M061\M061Page.jsx","OTHER","./${className}.css","True"
"C:\Users\DIYA GOEL\Downloads\EBDESIGN\frontend\src\modules\M062\M062Component.jsx","OTHER","react","False"
"C:\Users\DIYA GOEL\Downloads\EBDESIGN\frontend\src\modules\M062\M062Page.jsx","OTHER","react","False"
"C:\Users\DIYA GOEL\Downloads\EBDESIGN\frontend\src\modules\M062\M062Page.jsx","OTHER","@/store","False"
"C:\Users\DIYA GOEL\Downloads\EBDESIGN\frontend\src\modules\M062\M062Page.jsx","OTHER","./${className}.css","True"
"C:\Users\DIYA GOEL\Downloads\EBDESIGN\frontend\src\modules\M063\M063Component.jsx","OTHER","react","False"
"C:\Users\DIYA GOEL\Downloads\EBDESIGN\frontend\src\modules\M063\M063Page.jsx","OTHER","react","False"
"C:\Users\DIYA GOEL\Downloads\EBDESIGN\frontend\src\modules\M063\M063Page.jsx","OTHER","@/store","False"
"C:\Users\DIYA GOEL\Downloads\EBDESIGN\frontend\src\modules\M063\M063Page.jsx","OTHER","./${className}.css","True"
"C:\Users\DIYA GOEL\Downloads\EBDESIGN\frontend\src\modules\M064\M064Component.jsx","OTHER","react","False"
"C:\Users\DIYA GOEL\Downloads\EBDESIGN\frontend\src\modules\M064\M064Page.jsx","OTHER","react","False"
"C:\Users\DIYA GOEL\Downloads\EBDESIGN\frontend\src\modules\M064\M064Page.jsx","OTHER","@/store","False"
"C:\Users\DIYA GOEL\Downloads\EBDESIGN\frontend\src\modules\M064\M064Page.jsx","OTHER","./${className}.css","True"
"C:\Users\DIYA GOEL\Downloads\EBDESIGN\frontend\src\modules\M065\M065Component.jsx","OTHER","react","False"
"C:\Users\DIYA GOEL\Downloads\EBDESIGN\frontend\src\modules\M065\M065Page.jsx","OTHER","react","False"
"C:\Users\DIYA GOEL\Downloads\EBDESIGN\frontend\src\modules\M065\M065Page.jsx","OTHER","@/store","False"
"C:\Users\DIYA GOEL\Downloads\EBDESIGN\frontend\src\modules\M065\M065Page.jsx","OTHER","./${className}.css","True"
"C:\Users\DIYA GOEL\Downloads\EBDESIGN\frontend\src\modules\M066\M066Component.jsx","OTHER","react","False"
"C:\Users\DIYA GOEL\Downloads\EBDESIGN\frontend\src\modules\M066\M066Page.jsx","OTHER","react","False"
"C:\Users\DIYA GOEL\Downloads\EBDESIGN\frontend\src\modules\M066\M066Page.jsx","OTHER","@/store","False"
"C:\Users\DIYA GOEL\Downloads\EBDESIGN\frontend\src\modules\M066\M066Page.jsx","OTHER","./${className}.css","True"
"C:\Users\DIYA GOEL\Downloads\EBDESIGN\frontend\src\modules\M067\M067Component.jsx","OTHER","react","False"
"C:\Users\DIYA GOEL\Downloads\EBDESIGN\frontend\src\modules\M067\M067Page.jsx","OTHER","react","False"
"C:\Users\DIYA GOEL\Downloads\EBDESIGN\frontend\src\modules\M067\M067Page.jsx","OTHER","@/store","False"
"C:\Users\DIYA GOEL\Downloads\EBDESIGN\frontend\src\modules\M067\M067Page.jsx","OTHER","./${className}.css","True"
"C:\Users\DIYA GOEL\Downloads\EBDESIGN\frontend\src\modules\M068\M068Component.jsx","OTHER","react","False"
"C:\Users\DIYA GOEL\Downloads\EBDESIGN\frontend\src\modules\M068\M068Page.jsx","OTHER","react","False"
"C:\Users\DIYA GOEL\Downloads\EBDESIGN\frontend\src\modules\M068\M068Page.jsx","OTHER","@/store","False"
"C:\Users\DIYA GOEL\Downloads\EBDESIGN\frontend\src\modules\M068\M068Page.jsx","OTHER","./${className}.css","True"
"C:\Users\DIYA GOEL\Downloads\EBDESIGN\frontend\src\modules\M069\M069Component.jsx","OTHER","react","False"
"C:\Users\DIYA GOEL\Downloads\EBDESIGN\frontend\src\modules\M069\M069Page.jsx","OTHER","react","False"
"C:\Users\DIYA GOEL\Downloads\EBDESIGN\frontend\src\modules\M069\M069Page.jsx","OTHER","@/store","False"
"C:\Users\DIYA GOEL\Downloads\EBDESIGN\frontend\src\modules\M069\M069Page.jsx","OTHER","./${className}.css","True"
"C:\Users\DIYA GOEL\Downloads\EBDESIGN\frontend\src\modules\M070\M070Component.jsx","OTHER","react","False"
"C:\Users\DIYA GOEL\Downloads\EBDESIGN\frontend\src\modules\M070\M070Page.jsx","OTHER","react","False"
"C:\Users\DIYA GOEL\Downloads\EBDESIGN\frontend\src\modules\M070\M070Page.jsx","OTHER","@/store","False"
"C:\Users\DIYA GOEL\Downloads\EBDESIGN\frontend\src\modules\M070\M070Page.jsx","OTHER","./${className}.css","True"
"C:\Users\DIYA GOEL\Downloads\EBDESIGN\frontend\src\modules\M071\M071Component.jsx","OTHER","react","False"
"C:\Users\DIYA GOEL\Downloads\EBDESIGN\frontend\src\modules\M071\M071Page.jsx","OTHER","react","False"
"C:\Users\DIYA GOEL\Downloads\EBDESIGN\frontend\src\modules\M071\M071Page.jsx","OTHER","@/store","False"
"C:\Users\DIYA GOEL\Downloads\EBDESIGN\frontend\src\modules\M071\M071Page.jsx","OTHER","./${className}.css","True"
"C:\Users\DIYA GOEL\Downloads\EBDESIGN\frontend\src\modules\M072\M072Component.jsx","OTHER","react","False"
"C:\Users\DIYA GOEL\Downloads\EBDESIGN\frontend\src\modules\M072\M072Page.jsx","OTHER","react","False"
"C:\Users\DIYA GOEL\Downloads\EBDESIGN\frontend\src\modules\M072\M072Page.jsx","OTHER","@/store","False"
"C:\Users\DIYA GOEL\Downloads\EBDESIGN\frontend\src\modules\M072\M072Page.jsx","OTHER","./${className}.css","True"
"C:\Users\DIYA GOEL\Downloads\EBDESIGN\frontend\src\modules\M073\M073Component.jsx","OTHER","react","False"
"C:\Users\DIYA GOEL\Downloads\EBDESIGN\frontend\src\modules\M073\M073Page.jsx","OTHER","react","False"
"C:\Users\DIYA GOEL\Downloads\EBDESIGN\frontend\src\modules\M073\M073Page.jsx","OTHER","@/store","False"
"C:\Users\DIYA GOEL\Downloads\EBDESIGN\frontend\src\modules\M073\M073Page.jsx","OTHER","./${className}.css","True"
"C:\Users\DIYA GOEL\Downloads\EBDESIGN\frontend\src\modules\M074\M074Component.jsx","OTHER","react","False"
"C:\Users\DIYA GOEL\Downloads\EBDESIGN\frontend\src\modules\M074\M074Page.jsx","OTHER","react","False"
"C:\Users\DIYA GOEL\Downloads\EBDESIGN\frontend\src\modules\M074\M074Page.jsx","OTHER","@/store","False"
"C:\Users\DIYA GOEL\Downloads\EBDESIGN\frontend\src\modules\M074\M074Page.jsx","OTHER","./${className}.css","True"
"C:\Users\DIYA GOEL\Downloads\EBDESIGN\frontend\src\modules\M075\M075Component.jsx","OTHER","react","False"
"C:\Users\DIYA GOEL\Downloads\EBDESIGN\frontend\src\modules\M075\M075Page.jsx","OTHER","react","False"
"C:\Users\DIYA GOEL\Downloads\EBDESIGN\frontend\src\modules\M075\M075Page.jsx","OTHER","@/store","False"
"C:\Users\DIYA GOEL\Downloads\EBDESIGN\frontend\src\modules\M075\M075Page.jsx","OTHER","./${className}.css","True"
"C:\Users\DIYA GOEL\Downloads\EBDESIGN\frontend\src\modules\M076\M076Component.jsx","OTHER","react","False"
"C:\Users\DIYA GOEL\Downloads\EBDESIGN\frontend\src\modules\M076\M076Page.jsx","OTHER","react","False"
"C:\Users\DIYA GOEL\Downloads\EBDESIGN\frontend\src\modules\M076\M076Page.jsx","OTHER","@/store","False"
"C:\Users\DIYA GOEL\Downloads\EBDESIGN\frontend\src\modules\M076\M076Page.jsx","OTHER","./${className}.css","True"
"C:\Users\DIYA GOEL\Downloads\EBDESIGN\frontend\src\modules\M077\M077Component.jsx","OTHER","react","False"
"C:\Users\DIYA GOEL\Downloads\EBDESIGN\frontend\src\modules\M077\M077Page.jsx","OTHER","react","False"
"C:\Users\DIYA GOEL\Downloads\EBDESIGN\frontend\src\modules\M077\M077Page.jsx","OTHER","@/store","False"
"C:\Users\DIYA GOEL\Downloads\EBDESIGN\frontend\src\modules\M077\M077Page.jsx","OTHER","./${className}.css","True"
"C:\Users\DIYA GOEL\Downloads\EBDESIGN\frontend\src\modules\M078\M078Component.jsx","OTHER","react","False"
"C:\Users\DIYA GOEL\Downloads\EBDESIGN\frontend\src\modules\M078\M078Page.jsx","OTHER","react","False"
"C:\Users\DIYA GOEL\Downloads\EBDESIGN\frontend\src\modules\M078\M078Page.jsx","OTHER","@/store","False"
"C:\Users\DIYA GOEL\Downloads\EBDESIGN\frontend\src\modules\M078\M078Page.jsx","OTHER","./${className}.css","True"
"C:\Users\DIYA GOEL\Downloads\EBDESIGN\frontend\src\modules\M079\M079Component.jsx","OTHER","react","False"
"C:\Users\DIYA GOEL\Downloads\EBDESIGN\frontend\src\modules\M079\M079Page.jsx","OTHER","react","False"
"C:\Users\DIYA GOEL\Downloads\EBDESIGN\frontend\src\modules\M079\M079Page.jsx","OTHER","@/store","False"
"C:\Users\DIYA GOEL\Downloads\EBDESIGN\frontend\src\modules\M079\M079Page.jsx","OTHER","./${className}.css","True"
"C:\Users\DIYA GOEL\Downloads\EBDESIGN\frontend\src\modules\M080\M080Component.jsx","OTHER","react","False"
"C:\Users\DIYA GOEL\Downloads\EBDESIGN\frontend\src\modules\M080\M080Page.jsx","OTHER","react","False"
"C:\Users\DIYA GOEL\Downloads\EBDESIGN\frontend\src\modules\M080\M080Page.jsx","OTHER","@/store","False"
"C:\Users\DIYA GOEL\Downloads\EBDESIGN\frontend\src\modules\M080\M080Page.jsx","OTHER","./${className}.css","True"
"C:\Users\DIYA GOEL\Downloads\EBDESIGN\frontend\src\modules\M081\M081Component.jsx","OTHER","react","False"
"C:\Users\DIYA GOEL\Downloads\EBDESIGN\frontend\src\modules\M081\M081Page.jsx","OTHER","react","False"
"C:\Users\DIYA GOEL\Downloads\EBDESIGN\frontend\src\modules\M081\M081Page.jsx","OTHER","@/store","False"
"C:\Users\DIYA GOEL\Downloads\EBDESIGN\frontend\src\modules\M081\M081Page.jsx","OTHER","./${className}.css","True"
"C:\Users\DIYA GOEL\Downloads\EBDESIGN\frontend\src\modules\M082\M082Component.jsx","OTHER","react","False"
"C:\Users\DIYA GOEL\Downloads\EBDESIGN\frontend\src\modules\M082\M082Page.jsx","OTHER","react","False"
"C:\Users\DIYA GOEL\Downloads\EBDESIGN\frontend\src\modules\M082\M082Page.jsx","OTHER","@/store","False"
"C:\Users\DIYA GOEL\Downloads\EBDESIGN\frontend\src\modules\M082\M082Page.jsx","OTHER","./${className}.css","True"
"C:\Users\DIYA GOEL\Downloads\EBDESIGN\frontend\src\modules\M083\M083Component.jsx","OTHER","react","False"
"C:\Users\DIYA GOEL\Downloads\EBDESIGN\frontend\src\modules\M083\M083Page.jsx","OTHER","react","False"
"C:\Users\DIYA GOEL\Downloads\EBDESIGN\frontend\src\modules\M083\M083Page.jsx","OTHER","@/store","False"
"C:\Users\DIYA GOEL\Downloads\EBDESIGN\frontend\src\modules\M083\M083Page.jsx","OTHER","./${className}.css","True"
"C:\Users\DIYA GOEL\Downloads\EBDESIGN\frontend\src\modules\M084\M084Component.jsx","OTHER","react","False"
"C:\Users\DIYA GOEL\Downloads\EBDESIGN\frontend\src\modules\M084\M084Page.jsx","OTHER","react","False"
"C:\Users\DIYA GOEL\Downloads\EBDESIGN\frontend\src\modules\M084\M084Page.jsx","OTHER","@/store","False"
"C:\Users\DIYA GOEL\Downloads\EBDESIGN\frontend\src\modules\M084\M084Page.jsx","OTHER","./${className}.css","True"
"C:\Users\DIYA GOEL\Downloads\EBDESIGN\frontend\src\modules\M085\M085Component.jsx","OTHER","react","False"
"C:\Users\DIYA GOEL\Downloads\EBDESIGN\frontend\src\modules\M085\M085Page.jsx","OTHER","react","False"
"C:\Users\DIYA GOEL\Downloads\EBDESIGN\frontend\src\modules\M085\M085Page.jsx","OTHER","@/store","False"
"C:\Users\DIYA GOEL\Downloads\EBDESIGN\frontend\src\modules\M085\M085Page.jsx","OTHER","./${className}.css","True"
"C:\Users\DIYA GOEL\Downloads\EBDESIGN\frontend\src\modules\M086\M086Component.jsx","OTHER","react","False"
"C:\Users\DIYA GOEL\Downloads\EBDESIGN\frontend\src\modules\M086\M086Page.jsx","OTHER","react","False"
"C:\Users\DIYA GOEL\Downloads\EBDESIGN\frontend\src\modules\M086\M086Page.jsx","OTHER","@/store","False"
"C:\Users\DIYA GOEL\Downloads\EBDESIGN\frontend\src\modules\M086\M086Page.jsx","OTHER","./${className}.css","True"
"C:\Users\DIYA GOEL\Downloads\EBDESIGN\frontend\src\modules\M087\M087Component.jsx","OTHER","react","False"
"C:\Users\DIYA GOEL\Downloads\EBDESIGN\frontend\src\modules\M087\M087Page.jsx","OTHER","react","False"
"C:\Users\DIYA GOEL\Downloads\EBDESIGN\frontend\src\modules\M087\M087Page.jsx","OTHER","@/store","False"
"C:\Users\DIYA GOEL\Downloads\EBDESIGN\frontend\src\modules\M087\M087Page.jsx","OTHER","./${className}.css","True"
"C:\Users\DIYA GOEL\Downloads\EBDESIGN\frontend\src\modules\M088\M088Component.jsx","OTHER","react","False"
"C:\Users\DIYA GOEL\Downloads\EBDESIGN\frontend\src\modules\M088\M088Page.jsx","OTHER","react","False"
"C:\Users\DIYA GOEL\Downloads\EBDESIGN\frontend\src\modules\M088\M088Page.jsx","OTHER","@/store","False"
"C:\Users\DIYA GOEL\Downloads\EBDESIGN\frontend\src\modules\M088\M088Page.jsx","OTHER","./${className}.css","True"
"C:\Users\DIYA GOEL\Downloads\EBDESIGN\frontend\src\modules\M089\M089Component.jsx","OTHER","react","False"
"C:\Users\DIYA GOEL\Downloads\EBDESIGN\frontend\src\modules\M089\M089Page.jsx","OTHER","react","False"
"C:\Users\DIYA GOEL\Downloads\EBDESIGN\frontend\src\modules\M089\M089Page.jsx","OTHER","@/store","False"
"C:\Users\DIYA GOEL\Downloads\EBDESIGN\frontend\src\modules\M089\M089Page.jsx","OTHER","./${className}.css","True"
"C:\Users\DIYA GOEL\Downloads\EBDESIGN\frontend\src\modules\M090\M090Component.jsx","OTHER","react","False"
"C:\Users\DIYA GOEL\Downloads\EBDESIGN\frontend\src\modules\M090\M090Page.jsx","OTHER","react","False"
"C:\Users\DIYA GOEL\Downloads\EBDESIGN\frontend\src\modules\M090\M090Page.jsx","OTHER","@/store","False"
"C:\Users\DIYA GOEL\Downloads\EBDESIGN\frontend\src\modules\M090\M090Page.jsx","OTHER","./${className}.css","True"
"C:\Users\DIYA GOEL\Downloads\EBDESIGN\frontend\src\modules\M091\M091Component.jsx","OTHER","react","False"
"C:\Users\DIYA GOEL\Downloads\EBDESIGN\frontend\src\modules\M091\M091Page.jsx","OTHER","react","False"
"C:\Users\DIYA GOEL\Downloads\EBDESIGN\frontend\src\modules\M091\M091Page.jsx","OTHER","@/store","False"
"C:\Users\DIYA GOEL\Downloads\EBDESIGN\frontend\src\modules\M091\M091Page.jsx","OTHER","./${className}.css","True"
"C:\Users\DIYA GOEL\Downloads\EBDESIGN\frontend\src\modules\M092\M092Component.jsx","OTHER","react","False"
"C:\Users\DIYA GOEL\Downloads\EBDESIGN\frontend\src\modules\M092\M092Page.jsx","OTHER","react","False"
"C:\Users\DIYA GOEL\Downloads\EBDESIGN\frontend\src\modules\M092\M092Page.jsx","OTHER","@/store","False"
"C:\Users\DIYA GOEL\Downloads\EBDESIGN\frontend\src\modules\M092\M092Page.jsx","OTHER","./${className}.css","True"
"C:\Users\DIYA GOEL\Downloads\EBDESIGN\frontend\src\modules\M093\M093Component.jsx","OTHER","react","False"
"C:\Users\DIYA GOEL\Downloads\EBDESIGN\frontend\src\modules\M093\M093Page.jsx","OTHER","react","False"
"C:\Users\DIYA GOEL\Downloads\EBDESIGN\frontend\src\modules\M093\M093Page.jsx","OTHER","@/store","False"
"C:\Users\DIYA GOEL\Downloads\EBDESIGN\frontend\src\modules\M093\M093Page.jsx","OTHER","./${className}.css","True"
"C:\Users\DIYA GOEL\Downloads\EBDESIGN\frontend\src\modules\M094\M094Component.jsx","OTHER","react","False"
"C:\Users\DIYA GOEL\Downloads\EBDESIGN\frontend\src\modules\M094\M094Page.jsx","OTHER","react","False"
"C:\Users\DIYA GOEL\Downloads\EBDESIGN\frontend\src\modules\M094\M094Page.jsx","OTHER","@/store","False"
"C:\Users\DIYA GOEL\Downloads\EBDESIGN\frontend\src\modules\M094\M094Page.jsx","OTHER","./${className}.css","True"
"C:\Users\DIYA GOEL\Downloads\EBDESIGN\frontend\src\modules\M095\M095Component.jsx","OTHER","react","False"
"C:\Users\DIYA GOEL\Downloads\EBDESIGN\frontend\src\modules\M095\M095Page.jsx","OTHER","react","False"
"C:\Users\DIYA GOEL\Downloads\EBDESIGN\frontend\src\modules\M095\M095Page.jsx","OTHER","@/store","False"
"C:\Users\DIYA GOEL\Downloads\EBDESIGN\frontend\src\modules\M095\M095Page.jsx","OTHER","./${className}.css","True"
"C:\Users\DIYA GOEL\Downloads\EBDESIGN\frontend\src\modules\M096\M096Component.jsx","OTHER","react","False"
"C:\Users\DIYA GOEL\Downloads\EBDESIGN\frontend\src\modules\M096\M096Page.jsx","OTHER","react","False"
"C:\Users\DIYA GOEL\Downloads\EBDESIGN\frontend\src\modules\M096\M096Page.jsx","OTHER","@/store","False"
"C:\Users\DIYA GOEL\Downloads\EBDESIGN\frontend\src\modules\M096\M096Page.jsx","OTHER","./${className}.css","True"
"C:\Users\DIYA GOEL\Downloads\EBDESIGN\frontend\src\modules\M097\M097Component.jsx","OTHER","react","False"
"C:\Users\DIYA GOEL\Downloads\EBDESIGN\frontend\src\modules\M097\M097Page.jsx","OTHER","react","False"
"C:\Users\DIYA GOEL\Downloads\EBDESIGN\frontend\src\modules\M097\M097Page.jsx","OTHER","@/store","False"
"C:\Users\DIYA GOEL\Downloads\EBDESIGN\frontend\src\modules\M097\M097Page.jsx","OTHER","./${className}.css","True"
"C:\Users\DIYA GOEL\Downloads\EBDESIGN\frontend\src\modules\M098\M098Component.jsx","OTHER","react","False"
"C:\Users\DIYA GOEL\Downloads\EBDESIGN\frontend\src\modules\M098\M098Page.jsx","OTHER","react","False"
"C:\Users\DIYA GOEL\Downloads\EBDESIGN\frontend\src\modules\M098\M098Page.jsx","OTHER","@/store","False"
"C:\Users\DIYA GOEL\Downloads\EBDESIGN\frontend\src\modules\M098\M098Page.jsx","OTHER","./${className}.css","True"
"C:\Users\DIYA GOEL\Downloads\EBDESIGN\frontend\src\modules\M099\M099Component.jsx","OTHER","react","False"
"C:\Users\DIYA GOEL\Downloads\EBDESIGN\frontend\src\modules\M099\M099Page.jsx","OTHER","react","False"
"C:\Users\DIYA GOEL\Downloads\EBDESIGN\frontend\src\modules\M099\M099Page.jsx","OTHER","@/store","False"
"C:\Users\DIYA GOEL\Downloads\EBDESIGN\frontend\src\modules\M099\M099Page.jsx","OTHER","./${className}.css","True"
"C:\Users\DIYA GOEL\Downloads\EBDESIGN\frontend\src\modules\M100\M100Component.jsx","OTHER","react","False"
"C:\Users\DIYA GOEL\Downloads\EBDESIGN\frontend\src\modules\M100\M100Page.jsx","OTHER","react","False"
"C:\Users\DIYA GOEL\Downloads\EBDESIGN\frontend\src\modules\M100\M100Page.jsx","OTHER","@/store","False"
"C:\Users\DIYA GOEL\Downloads\EBDESIGN\frontend\src\modules\M100\M100Page.jsx","OTHER","./${className}.css","True"
"C:\Users\DIYA GOEL\Downloads\EBDESIGN\frontend\src\modules\M101\M101Component.jsx","OTHER","react","False"
"C:\Users\DIYA GOEL\Downloads\EBDESIGN\frontend\src\modules\M101\M101Page.jsx","OTHER","react","False"
"C:\Users\DIYA GOEL\Downloads\EBDESIGN\frontend\src\modules\M101\M101Page.jsx","OTHER","@/store","False"
"C:\Users\DIYA GOEL\Downloads\EBDESIGN\frontend\src\modules\M101\M101Page.jsx","OTHER","./${className}.css","True"
"C:\Users\DIYA GOEL\Downloads\EBDESIGN\frontend\src\modules\M102\M102Component.jsx","OTHER","react","False"
"C:\Users\DIYA GOEL\Downloads\EBDESIGN\frontend\src\modules\M102\M102Page.jsx","OTHER","react","False"
"C:\Users\DIYA GOEL\Downloads\EBDESIGN\frontend\src\modules\M102\M102Page.jsx","OTHER","@/store","False"
"C:\Users\DIYA GOEL\Downloads\EBDESIGN\frontend\src\modules\M102\M102Page.jsx","OTHER","./${className}.css","True"
"C:\Users\DIYA GOEL\Downloads\EBDESIGN\frontend\src\modules\M103\M103Component.jsx","OTHER","react","False"
"C:\Users\DIYA GOEL\Downloads\EBDESIGN\frontend\src\modules\M103\M103Page.jsx","OTHER","react","False"
"C:\Users\DIYA GOEL\Downloads\EBDESIGN\frontend\src\modules\M103\M103Page.jsx","OTHER","@/store","False"
"C:\Users\DIYA GOEL\Downloads\EBDESIGN\frontend\src\modules\M103\M103Page.jsx","OTHER","./${className}.css","True"
"C:\Users\DIYA GOEL\Downloads\EBDESIGN\frontend\src\modules\M104\M104Component.jsx","OTHER","react","False"
"C:\Users\DIYA GOEL\Downloads\EBDESIGN\frontend\src\modules\M104\M104Page.jsx","OTHER","react","False"
"C:\Users\DIYA GOEL\Downloads\EBDESIGN\frontend\src\modules\M104\M104Page.jsx","OTHER","@/store","False"
"C:\Users\DIYA GOEL\Downloads\EBDESIGN\frontend\src\modules\M104\M104Page.jsx","OTHER","./${className}.css","True"
"C:\Users\DIYA GOEL\Downloads\EBDESIGN\frontend\src\modules\M105\M105Component.jsx","OTHER","react","False"
"C:\Users\DIYA GOEL\Downloads\EBDESIGN\frontend\src\modules\M105\M105Page.jsx","OTHER","react","False"
"C:\Users\DIYA GOEL\Downloads\EBDESIGN\frontend\src\modules\M105\M105Page.jsx","OTHER","@/store","False"
"C:\Users\DIYA GOEL\Downloads\EBDESIGN\frontend\src\modules\M105\M105Page.jsx","OTHER","./${className}.css","True"
"C:\Users\DIYA GOEL\Downloads\EBDESIGN\frontend\src\modules\M106\M106Component.jsx","OTHER","react","False"
"C:\Users\DIYA GOEL\Downloads\EBDESIGN\frontend\src\modules\M106\M106Page.jsx","OTHER","react","False"
"C:\Users\DIYA GOEL\Downloads\EBDESIGN\frontend\src\modules\M106\M106Page.jsx","OTHER","@/store","False"
"C:\Users\DIYA GOEL\Downloads\EBDESIGN\frontend\src\modules\M106\M106Page.jsx","OTHER","./${className}.css","True"
"C:\Users\DIYA GOEL\Downloads\EBDESIGN\frontend\src\modules\M107\M107Component.jsx","OTHER","react","False"
"C:\Users\DIYA GOEL\Downloads\EBDESIGN\frontend\src\modules\M107\M107Page.jsx","OTHER","react","False"
"C:\Users\DIYA GOEL\Downloads\EBDESIGN\frontend\src\modules\M107\M107Page.jsx","OTHER","@/store","False"
"C:\Users\DIYA GOEL\Downloads\EBDESIGN\frontend\src\modules\M107\M107Page.jsx","OTHER","./${className}.css","True"
"C:\Users\DIYA GOEL\Downloads\EBDESIGN\frontend\src\modules\M108\M108Component.jsx","OTHER","react","False"
"C:\Users\DIYA GOEL\Downloads\EBDESIGN\frontend\src\modules\M108\M108Page.jsx","OTHER","react","False"
"C:\Users\DIYA GOEL\Downloads\EBDESIGN\frontend\src\modules\M108\M108Page.jsx","OTHER","@/store","False"
"C:\Users\DIYA GOEL\Downloads\EBDESIGN\frontend\src\modules\M108\M108Page.jsx","OTHER","./${className}.css","True"
"C:\Users\DIYA GOEL\Downloads\EBDESIGN\frontend\src\modules\M109\M109Component.jsx","OTHER","react","False"
"C:\Users\DIYA GOEL\Downloads\EBDESIGN\frontend\src\modules\M109\M109Page.jsx","OTHER","react","False"
"C:\Users\DIYA GOEL\Downloads\EBDESIGN\frontend\src\modules\M109\M109Page.jsx","OTHER","@/store","False"
"C:\Users\DIYA GOEL\Downloads\EBDESIGN\frontend\src\modules\M109\M109Page.jsx","OTHER","./${className}.css","True"
"C:\Users\DIYA GOEL\Downloads\EBDESIGN\frontend\src\modules\M110\M110Component.jsx","OTHER","react","False"
"C:\Users\DIYA GOEL\Downloads\EBDESIGN\frontend\src\modules\M110\M110Page.jsx","OTHER","react","False"
"C:\Users\DIYA GOEL\Downloads\EBDESIGN\frontend\src\modules\M110\M110Page.jsx","OTHER","@/store","False"
"C:\Users\DIYA GOEL\Downloads\EBDESIGN\frontend\src\modules\M110\M110Page.jsx","OTHER","./${className}.css","True"
"C:\Users\DIYA GOEL\Downloads\EBDESIGN\frontend\src\modules\M111\M111Component.jsx","OTHER","react","False"
"C:\Users\DIYA GOEL\Downloads\EBDESIGN\frontend\src\modules\M111\M111Page.jsx","OTHER","react","False"
"C:\Users\DIYA GOEL\Downloads\EBDESIGN\frontend\src\modules\M111\M111Page.jsx","OTHER","@/store","False"
"C:\Users\DIYA GOEL\Downloads\EBDESIGN\frontend\src\modules\M111\M111Page.jsx","OTHER","./${className}.css","True"
"C:\Users\DIYA GOEL\Downloads\EBDESIGN\frontend\src\modules\M112\M112Component.jsx","OTHER","react","False"
"C:\Users\DIYA GOEL\Downloads\EBDESIGN\frontend\src\modules\M112\M112Page.jsx","OTHER","react","False"
"C:\Users\DIYA GOEL\Downloads\EBDESIGN\frontend\src\modules\M112\M112Page.jsx","OTHER","@/store","False"
"C:\Users\DIYA GOEL\Downloads\EBDESIGN\frontend\src\modules\M112\M112Page.jsx","OTHER","./${className}.css","True"
"C:\Users\DIYA GOEL\Downloads\EBDESIGN\frontend\src\modules\M113\M113Component.jsx","OTHER","react","False"
"C:\Users\DIYA GOEL\Downloads\EBDESIGN\frontend\src\modules\M113\M113Page.jsx","OTHER","react","False"
"C:\Users\DIYA GOEL\Downloads\EBDESIGN\frontend\src\modules\M113\M113Page.jsx","OTHER","@/store","False"
"C:\Users\DIYA GOEL\Downloads\EBDESIGN\frontend\src\modules\M113\M113Page.jsx","OTHER","./${className}.css","True"
"C:\Users\DIYA GOEL\Downloads\EBDESIGN\frontend\src\modules\M114\M114Component.jsx","OTHER","react","False"
"C:\Users\DIYA GOEL\Downloads\EBDESIGN\frontend\src\modules\M114\M114Page.jsx","OTHER","react","False"
"C:\Users\DIYA GOEL\Downloads\EBDESIGN\frontend\src\modules\M114\M114Page.jsx","OTHER","@/store","False"
"C:\Users\DIYA GOEL\Downloads\EBDESIGN\frontend\src\modules\M114\M114Page.jsx","OTHER","./${className}.css","True"
"C:\Users\DIYA GOEL\Downloads\EBDESIGN\frontend\src\modules\M115\M115Component.jsx","OTHER","react","False"
"C:\Users\DIYA GOEL\Downloads\EBDESIGN\frontend\src\modules\M115\M115Page.jsx","OTHER","react","False"
"C:\Users\DIYA GOEL\Downloads\EBDESIGN\frontend\src\modules\M115\M115Page.jsx","OTHER","@/store","False"
"C:\Users\DIYA GOEL\Downloads\EBDESIGN\frontend\src\modules\M115\M115Page.jsx","OTHER","./${className}.css","True"
"C:\Users\DIYA GOEL\Downloads\EBDESIGN\frontend\src\modules\M116\M116Component.jsx","OTHER","react","False"
"C:\Users\DIYA GOEL\Downloads\EBDESIGN\frontend\src\modules\M116\M116Page.jsx","OTHER","react","False"
"C:\Users\DIYA GOEL\Downloads\EBDESIGN\frontend\src\modules\M116\M116Page.jsx","OTHER","@/store","False"
"C:\Users\DIYA GOEL\Downloads\EBDESIGN\frontend\src\modules\M116\M116Page.jsx","OTHER","./${className}.css","True"
"C:\Users\DIYA GOEL\Downloads\EBDESIGN\frontend\src\modules\M117\M117Component.jsx","OTHER","react","False"
"C:\Users\DIYA GOEL\Downloads\EBDESIGN\frontend\src\modules\M117\M117Page.jsx","OTHER","react","False"
"C:\Users\DIYA GOEL\Downloads\EBDESIGN\frontend\src\modules\M117\M117Page.jsx","OTHER","@/store","False"
"C:\Users\DIYA GOEL\Downloads\EBDESIGN\frontend\src\modules\M117\M117Page.jsx","OTHER","./${className}.css","True"
"C:\Users\DIYA GOEL\Downloads\EBDESIGN\frontend\src\modules\M118\M118Component.jsx","OTHER","react","False"
"C:\Users\DIYA GOEL\Downloads\EBDESIGN\frontend\src\modules\M118\M118Page.jsx","OTHER","react","False"
"C:\Users\DIYA GOEL\Downloads\EBDESIGN\frontend\src\modules\M118\M118Page.jsx","OTHER","@/store","False"
"C:\Users\DIYA GOEL\Downloads\EBDESIGN\frontend\src\modules\M118\M118Page.jsx","OTHER","./${className}.css","True"
"C:\Users\DIYA GOEL\Downloads\EBDESIGN\frontend\src\modules\M119\M119Component.jsx","OTHER","react","False"
"C:\Users\DIYA GOEL\Downloads\EBDESIGN\frontend\src\modules\M119\M119Page.jsx","OTHER","react","False"
"C:\Users\DIYA GOEL\Downloads\EBDESIGN\frontend\src\modules\M119\M119Page.jsx","OTHER","@/store","False"
"C:\Users\DIYA GOEL\Downloads\EBDESIGN\frontend\src\modules\M119\M119Page.jsx","OTHER","./${className}.css","True"
"C:\Users\DIYA GOEL\Downloads\EBDESIGN\frontend\src\modules\M120\M120Component.jsx","OTHER","react","False"
"C:\Users\DIYA GOEL\Downloads\EBDESIGN\frontend\src\modules\M120\M120Page.jsx","OTHER","react","False"
"C:\Users\DIYA GOEL\Downloads\EBDESIGN\frontend\src\modules\M120\M120Page.jsx","OTHER","@/store","False"
"C:\Users\DIYA GOEL\Downloads\EBDESIGN\frontend\src\modules\M120\M120Page.jsx","OTHER","./${className}.css","True"
"C:\Users\DIYA GOEL\Downloads\EBDESIGN\frontend\src\modules\M121\M121Component.jsx","OTHER","react","False"
"C:\Users\DIYA GOEL\Downloads\EBDESIGN\frontend\src\modules\M121\M121Page.jsx","OTHER","react","False"
"C:\Users\DIYA GOEL\Downloads\EBDESIGN\frontend\src\modules\M121\M121Page.jsx","OTHER","@/store","False"
"C:\Users\DIYA GOEL\Downloads\EBDESIGN\frontend\src\modules\M121\M121Page.jsx","OTHER","./${className}.css","True"
"C:\Users\DIYA GOEL\Downloads\EBDESIGN\frontend\src\modules\M122\M122Component.jsx","OTHER","react","False"
"C:\Users\DIYA GOEL\Downloads\EBDESIGN\frontend\src\modules\M122\M122Page.jsx","OTHER","react","False"
"C:\Users\DIYA GOEL\Downloads\EBDESIGN\frontend\src\modules\M122\M122Page.jsx","OTHER","@/store","False"
"C:\Users\DIYA GOEL\Downloads\EBDESIGN\frontend\src\modules\M122\M122Page.jsx","OTHER","./${className}.css","True"
"C:\Users\DIYA GOEL\Downloads\EBDESIGN\frontend\src\modules\M123\M123Component.jsx","OTHER","react","False"
"C:\Users\DIYA GOEL\Downloads\EBDESIGN\frontend\src\modules\M123\M123Page.jsx","OTHER","react","False"
"C:\Users\DIYA GOEL\Downloads\EBDESIGN\frontend\src\modules\M123\M123Page.jsx","OTHER","@/store","False"
"C:\Users\DIYA GOEL\Downloads\EBDESIGN\frontend\src\modules\M123\M123Page.jsx","OTHER","./${className}.css","True"
"C:\Users\DIYA GOEL\Downloads\EBDESIGN\frontend\src\modules\M124\M124Component.jsx","OTHER","react","False"
"C:\Users\DIYA GOEL\Downloads\EBDESIGN\frontend\src\modules\M124\M124Page.jsx","OTHER","react","False"
"C:\Users\DIYA GOEL\Downloads\EBDESIGN\frontend\src\modules\M124\M124Page.jsx","OTHER","@/store","False"
"C:\Users\DIYA GOEL\Downloads\EBDESIGN\frontend\src\modules\M124\M124Page.jsx","OTHER","./${className}.css","True"
"C:\Users\DIYA GOEL\Downloads\EBDESIGN\frontend\src\modules\M125\M125Component.jsx","OTHER","react","False"
"C:\Users\DIYA GOEL\Downloads\EBDESIGN\frontend\src\modules\M125\M125Page.jsx","OTHER","react","False"
"C:\Users\DIYA GOEL\Downloads\EBDESIGN\frontend\src\modules\M125\M125Page.jsx","OTHER","@/store","False"
"C:\Users\DIYA GOEL\Downloads\EBDESIGN\frontend\src\modules\M125\M125Page.jsx","OTHER","./${className}.css","True"
"C:\Users\DIYA GOEL\Downloads\EBDESIGN\frontend\src\modules\M126\M126Component.jsx","OTHER","react","False"
"C:\Users\DIYA GOEL\Downloads\EBDESIGN\frontend\src\modules\M126\M126Page.jsx","OTHER","react","False"
"C:\Users\DIYA GOEL\Downloads\EBDESIGN\frontend\src\modules\M126\M126Page.jsx","OTHER","@/store","False"
"C:\Users\DIYA GOEL\Downloads\EBDESIGN\frontend\src\modules\M126\M126Page.jsx","OTHER","./${className}.css","True"
"C:\Users\DIYA GOEL\Downloads\EBDESIGN\frontend\src\modules\M127\M127Component.jsx","OTHER","react","False"
"C:\Users\DIYA GOEL\Downloads\EBDESIGN\frontend\src\modules\M127\M127Page.jsx","OTHER","react","False"
"C:\Users\DIYA GOEL\Downloads\EBDESIGN\frontend\src\modules\M127\M127Page.jsx","OTHER","@/store","False"
"C:\Users\DIYA GOEL\Downloads\EBDESIGN\frontend\src\modules\M127\M127Page.jsx","OTHER","./${className}.css","True"
"C:\Users\DIYA GOEL\Downloads\EBDESIGN\frontend\src\modules\M128\M128Component.jsx","OTHER","react","False"
"C:\Users\DIYA GOEL\Downloads\EBDESIGN\frontend\src\modules\M128\M128Page.jsx","OTHER","react","False"
"C:\Users\DIYA GOEL\Downloads\EBDESIGN\frontend\src\modules\M128\M128Page.jsx","OTHER","@/store","False"
"C:\Users\DIYA GOEL\Downloads\EBDESIGN\frontend\src\modules\M128\M128Page.jsx","OTHER","./${className}.css","True"
"C:\Users\DIYA GOEL\Downloads\EBDESIGN\frontend\src\modules\M129\M129Component.jsx","OTHER","react","False"
"C:\Users\DIYA GOEL\Downloads\EBDESIGN\frontend\src\modules\M129\M129Page.jsx","OTHER","react","False"
"C:\Users\DIYA GOEL\Downloads\EBDESIGN\frontend\src\modules\M129\M129Page.jsx","OTHER","@/store","False"
"C:\Users\DIYA GOEL\Downloads\EBDESIGN\frontend\src\modules\M129\M129Page.jsx","OTHER","./${className}.css","True"
"C:\Users\DIYA GOEL\Downloads\EBDESIGN\frontend\src\modules\M130\M130Component.jsx","OTHER","react","False"
"C:\Users\DIYA GOEL\Downloads\EBDESIGN\frontend\src\modules\M130\M130Page.jsx","OTHER","react","False"
"C:\Users\DIYA GOEL\Downloads\EBDESIGN\frontend\src\modules\M130\M130Page.jsx","OTHER","@/store","False"
"C:\Users\DIYA GOEL\Downloads\EBDESIGN\frontend\src\modules\M130\M130Page.jsx","OTHER","./${className}.css","True"
"C:\Users\DIYA GOEL\Downloads\EBDESIGN\frontend\src\modules\M131\M131Component.jsx","OTHER","react","False"
"C:\Users\DIYA GOEL\Downloads\EBDESIGN\frontend\src\modules\M131\M131Page.jsx","OTHER","react","False"
"C:\Users\DIYA GOEL\Downloads\EBDESIGN\frontend\src\modules\M131\M131Page.jsx","OTHER","@/store","False"
"C:\Users\DIYA GOEL\Downloads\EBDESIGN\frontend\src\modules\M131\M131Page.jsx","OTHER","./${className}.css","True"
"C:\Users\DIYA GOEL\Downloads\EBDESIGN\frontend\src\modules\M132\M132Component.jsx","OTHER","react","False"
"C:\Users\DIYA GOEL\Downloads\EBDESIGN\frontend\src\modules\M132\M132Page.jsx","OTHER","react","False"
"C:\Users\DIYA GOEL\Downloads\EBDESIGN\frontend\src\modules\M132\M132Page.jsx","OTHER","@/store","False"
"C:\Users\DIYA GOEL\Downloads\EBDESIGN\frontend\src\modules\M132\M132Page.jsx","OTHER","./${className}.css","True"
"C:\Users\DIYA GOEL\Downloads\EBDESIGN\frontend\src\modules\M133\M133Component.jsx","OTHER","react","False"
"C:\Users\DIYA GOEL\Downloads\EBDESIGN\frontend\src\modules\M133\M133Page.jsx","OTHER","react","False"
"C:\Users\DIYA GOEL\Downloads\EBDESIGN\frontend\src\modules\M133\M133Page.jsx","OTHER","@/store","False"
"C:\Users\DIYA GOEL\Downloads\EBDESIGN\frontend\src\modules\M133\M133Page.jsx","OTHER","./${className}.css","True"
"C:\Users\DIYA GOEL\Downloads\EBDESIGN\frontend\src\modules\M134\M134Component.jsx","OTHER","react","False"
"C:\Users\DIYA GOEL\Downloads\EBDESIGN\frontend\src\modules\M134\M134Page.jsx","OTHER","react","False"
"C:\Users\DIYA GOEL\Downloads\EBDESIGN\frontend\src\modules\M134\M134Page.jsx","OTHER","@/store","False"
"C:\Users\DIYA GOEL\Downloads\EBDESIGN\frontend\src\modules\M134\M134Page.jsx","OTHER","./${className}.css","True"
"C:\Users\DIYA GOEL\Downloads\EBDESIGN\frontend\src\modules\M135\M135Component.jsx","OTHER","react","False"
"C:\Users\DIYA GOEL\Downloads\EBDESIGN\frontend\src\modules\M135\M135Page.jsx","OTHER","react","False"
"C:\Users\DIYA GOEL\Downloads\EBDESIGN\frontend\src\modules\M135\M135Page.jsx","OTHER","@/store","False"
"C:\Users\DIYA GOEL\Downloads\EBDESIGN\frontend\src\modules\M135\M135Page.jsx","OTHER","./${className}.css","True"
"C:\Users\DIYA GOEL\Downloads\EBDESIGN\frontend\src\modules\M136\M136Component.jsx","OTHER","react","False"
"C:\Users\DIYA GOEL\Downloads\EBDESIGN\frontend\src\modules\M136\M136Page.jsx","OTHER","react","False"
"C:\Users\DIYA GOEL\Downloads\EBDESIGN\frontend\src\modules\M136\M136Page.jsx","OTHER","@/store","False"
"C:\Users\DIYA GOEL\Downloads\EBDESIGN\frontend\src\modules\M136\M136Page.jsx","OTHER","./${className}.css","True"
"C:\Users\DIYA GOEL\Downloads\EBDESIGN\frontend\src\modules\M137\M137Component.jsx","OTHER","react","False"
"C:\Users\DIYA GOEL\Downloads\EBDESIGN\frontend\src\modules\M137\M137Page.jsx","OTHER","react","False"
"C:\Users\DIYA GOEL\Downloads\EBDESIGN\frontend\src\modules\M137\M137Page.jsx","OTHER","@/store","False"
"C:\Users\DIYA GOEL\Downloads\EBDESIGN\frontend\src\modules\M137\M137Page.jsx","OTHER","./${className}.css","True"
"C:\Users\DIYA GOEL\Downloads\EBDESIGN\frontend\src\modules\M138\M138Component.jsx","OTHER","react","False"
"C:\Users\DIYA GOEL\Downloads\EBDESIGN\frontend\src\modules\M138\M138Page.jsx","OTHER","react","False"
"C:\Users\DIYA GOEL\Downloads\EBDESIGN\frontend\src\modules\M138\M138Page.jsx","OTHER","@/store","False"
"C:\Users\DIYA GOEL\Downloads\EBDESIGN\frontend\src\modules\M138\M138Page.jsx","OTHER","./${className}.css","True"
"C:\Users\DIYA GOEL\Downloads\EBDESIGN\frontend\src\modules\M139\M139Component.jsx","OTHER","react","False"
"C:\Users\DIYA GOEL\Downloads\EBDESIGN\frontend\src\modules\M139\M139Page.jsx","OTHER","react","False"
"C:\Users\DIYA GOEL\Downloads\EBDESIGN\frontend\src\modules\M139\M139Page.jsx","OTHER","@/store","False"
"C:\Users\DIYA GOEL\Downloads\EBDESIGN\frontend\src\modules\M139\M139Page.jsx","OTHER","./${className}.css","True"
"C:\Users\DIYA GOEL\Downloads\EBDESIGN\frontend\src\modules\M140\M140Component.jsx","OTHER","react","False"
"C:\Users\DIYA GOEL\Downloads\EBDESIGN\frontend\src\modules\M140\M140Page.jsx","OTHER","react","False"
"C:\Users\DIYA GOEL\Downloads\EBDESIGN\frontend\src\modules\M140\M140Page.jsx","OTHER","@/store","False"
"C:\Users\DIYA GOEL\Downloads\EBDESIGN\frontend\src\modules\M140\M140Page.jsx","OTHER","./${className}.css","True"
"C:\Users\DIYA GOEL\Downloads\EBDESIGN\frontend\src\modules\M141\M141Component.jsx","OTHER","react","False"
"C:\Users\DIYA GOEL\Downloads\EBDESIGN\frontend\src\modules\M141\M141Page.jsx","OTHER","react","False"
"C:\Users\DIYA GOEL\Downloads\EBDESIGN\frontend\src\modules\M141\M141Page.jsx","OTHER","@/store","False"
"C:\Users\DIYA GOEL\Downloads\EBDESIGN\frontend\src\modules\M141\M141Page.jsx","OTHER","./${className}.css","True"
"C:\Users\DIYA GOEL\Downloads\EBDESIGN\frontend\src\modules\M142\M142Component.jsx","OTHER","react","False"
"C:\Users\DIYA GOEL\Downloads\EBDESIGN\frontend\src\modules\M142\M142Page.jsx","OTHER","react","False"
"C:\Users\DIYA GOEL\Downloads\EBDESIGN\frontend\src\modules\M142\M142Page.jsx","OTHER","@/store","False"
"C:\Users\DIYA GOEL\Downloads\EBDESIGN\frontend\src\modules\M142\M142Page.jsx","OTHER","./${className}.css","True"
"C:\Users\DIYA GOEL\Downloads\EBDESIGN\frontend\src\modules\M143\M143Component.jsx","OTHER","react","False"
"C:\Users\DIYA GOEL\Downloads\EBDESIGN\frontend\src\modules\M143\M143Page.jsx","OTHER","react","False"
"C:\Users\DIYA GOEL\Downloads\EBDESIGN\frontend\src\modules\M143\M143Page.jsx","OTHER","@/store","False"
"C:\Users\DIYA GOEL\Downloads\EBDESIGN\frontend\src\modules\M143\M143Page.jsx","OTHER","./${className}.css","True"
"C:\Users\DIYA GOEL\Downloads\EBDESIGN\frontend\src\modules\M144\M144Component.jsx","OTHER","react","False"
"C:\Users\DIYA GOEL\Downloads\EBDESIGN\frontend\src\modules\M144\M144Page.jsx","OTHER","react","False"
"C:\Users\DIYA GOEL\Downloads\EBDESIGN\frontend\src\modules\M144\M144Page.jsx","OTHER","@/store","False"
"C:\Users\DIYA GOEL\Downloads\EBDESIGN\frontend\src\modules\M144\M144Page.jsx","OTHER","./${className}.css","True"
"C:\Users\DIYA GOEL\Downloads\EBDESIGN\frontend\src\modules\M145\M145Component.jsx","OTHER","react","False"
"C:\Users\DIYA GOEL\Downloads\EBDESIGN\frontend\src\modules\M145\M145Page.jsx","OTHER","react","False"
"C:\Users\DIYA GOEL\Downloads\EBDESIGN\frontend\src\modules\M145\M145Page.jsx","OTHER","@/store","False"
"C:\Users\DIYA GOEL\Downloads\EBDESIGN\frontend\src\modules\M145\M145Page.jsx","OTHER","./${className}.css","True"
"C:\Users\DIYA GOEL\Downloads\EBDESIGN\frontend\src\modules\M146\M146Component.jsx","OTHER","react","False"
"C:\Users\DIYA GOEL\Downloads\EBDESIGN\frontend\src\modules\M146\M146Page.jsx","OTHER","react","False"
"C:\Users\DIYA GOEL\Downloads\EBDESIGN\frontend\src\modules\M146\M146Page.jsx","OTHER","@/store","False"
"C:\Users\DIYA GOEL\Downloads\EBDESIGN\frontend\src\modules\M146\M146Page.jsx","OTHER","./${className}.css","True"
"C:\Users\DIYA GOEL\Downloads\EBDESIGN\frontend\src\modules\M147\M147Component.jsx","OTHER","react","False"
"C:\Users\DIYA GOEL\Downloads\EBDESIGN\frontend\src\modules\M147\M147Page.jsx","OTHER","react","False"
"C:\Users\DIYA GOEL\Downloads\EBDESIGN\frontend\src\modules\M147\M147Page.jsx","OTHER","@/store","False"
"C:\Users\DIYA GOEL\Downloads\EBDESIGN\frontend\src\modules\M147\M147Page.jsx","OTHER","./${className}.css","True"
"C:\Users\DIYA GOEL\Downloads\EBDESIGN\frontend\src\modules\M148\M148Component.jsx","OTHER","react","False"
"C:\Users\DIYA GOEL\Downloads\EBDESIGN\frontend\src\modules\M148\M148Page.jsx","OTHER","react","False"
"C:\Users\DIYA GOEL\Downloads\EBDESIGN\frontend\src\modules\M148\M148Page.jsx","OTHER","@/store","False"
"C:\Users\DIYA GOEL\Downloads\EBDESIGN\frontend\src\modules\M148\M148Page.jsx","OTHER","./${className}.css","True"
"C:\Users\DIYA GOEL\Downloads\EBDESIGN\frontend\src\modules\M149\M149Component.jsx","OTHER","react","False"
"C:\Users\DIYA GOEL\Downloads\EBDESIGN\frontend\src\modules\M149\M149Page.jsx","OTHER","react","False"
"C:\Users\DIYA GOEL\Downloads\EBDESIGN\frontend\src\modules\M149\M149Page.jsx","OTHER","@/store","False"
"C:\Users\DIYA GOEL\Downloads\EBDESIGN\frontend\src\modules\M149\M149Page.jsx","OTHER","./${className}.css","True"
"C:\Users\DIYA GOEL\Downloads\EBDESIGN\frontend\src\modules\M150\M150Component.jsx","OTHER","react","False"
"C:\Users\DIYA GOEL\Downloads\EBDESIGN\frontend\src\modules\M150\M150Page.jsx","OTHER","react","False"
"C:\Users\DIYA GOEL\Downloads\EBDESIGN\frontend\src\modules\M150\M150Page.jsx","OTHER","@/store","False"
"C:\Users\DIYA GOEL\Downloads\EBDESIGN\frontend\src\modules\M150\M150Page.jsx","OTHER","./${className}.css","True"
"C:\Users\DIYA GOEL\Downloads\EBDESIGN\frontend\src\modules\M151\M151Page.jsx","OTHER","react","False"
"C:\Users\DIYA GOEL\Downloads\EBDESIGN\frontend\src\modules\M151\M151Page.jsx","OTHER","@/store","False"
"C:\Users\DIYA GOEL\Downloads\EBDESIGN\frontend\src\modules\M151\M151Page.jsx","OTHER","./${className}.css","True"
"C:\Users\DIYA GOEL\Downloads\EBDESIGN\frontend\src\modules\M152\M152Page.jsx","OTHER","react","False"
"C:\Users\DIYA GOEL\Downloads\EBDESIGN\frontend\src\modules\M152\M152Page.jsx","OTHER","@/store","False"
"C:\Users\DIYA GOEL\Downloads\EBDESIGN\frontend\src\modules\M152\M152Page.jsx","OTHER","./${className}.css","True"
"C:\Users\DIYA GOEL\Downloads\EBDESIGN\frontend\src\modules\M153\M153Page.jsx","OTHER","react","False"
"C:\Users\DIYA GOEL\Downloads\EBDESIGN\frontend\src\modules\M153\M153Page.jsx","OTHER","@/store","False"
"C:\Users\DIYA GOEL\Downloads\EBDESIGN\frontend\src\modules\M153\M153Page.jsx","OTHER","./${className}.css","True"
"C:\Users\DIYA GOEL\Downloads\EBDESIGN\frontend\src\modules\M154\M154Page.jsx","OTHER","react","False"
"C:\Users\DIYA GOEL\Downloads\EBDESIGN\frontend\src\modules\M154\M154Page.jsx","OTHER","@/store","False"
"C:\Users\DIYA GOEL\Downloads\EBDESIGN\frontend\src\modules\M154\M154Page.jsx","OTHER","./${className}.css","True"
"C:\Users\DIYA GOEL\Downloads\EBDESIGN\frontend\src\modules\M155\M155Page.jsx","OTHER","react","False"
"C:\Users\DIYA GOEL\Downloads\EBDESIGN\frontend\src\modules\M155\M155Page.jsx","OTHER","@/store","False"
"C:\Users\DIYA GOEL\Downloads\EBDESIGN\frontend\src\modules\M155\M155Page.jsx","OTHER","./${className}.css","True"
"C:\Users\DIYA GOEL\Downloads\EBDESIGN\frontend\src\modules\M156\M156Page.jsx","OTHER","react","False"
"C:\Users\DIYA GOEL\Downloads\EBDESIGN\frontend\src\modules\M156\M156Page.jsx","OTHER","@/store","False"
"C:\Users\DIYA GOEL\Downloads\EBDESIGN\frontend\src\modules\M156\M156Page.jsx","OTHER","./${className}.css","True"
"C:\Users\DIYA GOEL\Downloads\EBDESIGN\frontend\src\modules\M157\M157Page.jsx","OTHER","react","False"
"C:\Users\DIYA GOEL\Downloads\EBDESIGN\frontend\src\modules\M157\M157Page.jsx","OTHER","@/store","False"
"C:\Users\DIYA GOEL\Downloads\EBDESIGN\frontend\src\modules\M157\M157Page.jsx","OTHER","./${className}.css","True"
"C:\Users\DIYA GOEL\Downloads\EBDESIGN\frontend\src\modules\M158\M158Page.jsx","OTHER","react","False"
"C:\Users\DIYA GOEL\Downloads\EBDESIGN\frontend\src\modules\M158\M158Page.jsx","OTHER","@/store","False"
"C:\Users\DIYA GOEL\Downloads\EBDESIGN\frontend\src\modules\M158\M158Page.jsx","OTHER","./${className}.css","True"
"C:\Users\DIYA GOEL\Downloads\EBDESIGN\frontend\src\modules\M159\M159Page.jsx","OTHER","react","False"
"C:\Users\DIYA GOEL\Downloads\EBDESIGN\frontend\src\modules\M159\M159Page.jsx","OTHER","@/store","False"
"C:\Users\DIYA GOEL\Downloads\EBDESIGN\frontend\src\modules\M159\M159Page.jsx","OTHER","./${className}.css","True"
"C:\Users\DIYA GOEL\Downloads\EBDESIGN\frontend\src\modules\M160\M160Page.jsx","OTHER","react","False"
"C:\Users\DIYA GOEL\Downloads\EBDESIGN\frontend\src\modules\M160\M160Page.jsx","OTHER","@/store","False"
"C:\Users\DIYA GOEL\Downloads\EBDESIGN\frontend\src\modules\M160\M160Page.jsx","OTHER","./${className}.css","True"
"C:\Users\DIYA GOEL\Downloads\EBDESIGN\frontend\src\modules\M161\M161Page.jsx","OTHER","react","False"
"C:\Users\DIYA GOEL\Downloads\EBDESIGN\frontend\src\modules\M161\M161Page.jsx","OTHER","@/store","False"
"C:\Users\DIYA GOEL\Downloads\EBDESIGN\frontend\src\modules\M161\M161Page.jsx","OTHER","./${className}.css","True"
"C:\Users\DIYA GOEL\Downloads\EBDESIGN\frontend\src\modules\M162\M162Page.jsx","OTHER","react","False"
"C:\Users\DIYA GOEL\Downloads\EBDESIGN\frontend\src\modules\M162\M162Page.jsx","OTHER","@/store","False"
"C:\Users\DIYA GOEL\Downloads\EBDESIGN\frontend\src\modules\M162\M162Page.jsx","OTHER","./${className}.css","True"
"C:\Users\DIYA GOEL\Downloads\EBDESIGN\frontend\src\modules\M163\M163Page.jsx","OTHER","react","False"
"C:\Users\DIYA GOEL\Downloads\EBDESIGN\frontend\src\modules\M163\M163Page.jsx","OTHER","@/store","False"
"C:\Users\DIYA GOEL\Downloads\EBDESIGN\frontend\src\modules\M163\M163Page.jsx","OTHER","./${className}.css","True"
"C:\Users\DIYA GOEL\Downloads\EBDESIGN\frontend\src\modules\M164\M164Page.jsx","OTHER","react","False"
"C:\Users\DIYA GOEL\Downloads\EBDESIGN\frontend\src\modules\M164\M164Page.jsx","OTHER","@/store","False"
"C:\Users\DIYA GOEL\Downloads\EBDESIGN\frontend\src\modules\M164\M164Page.jsx","OTHER","./${className}.css","True"
"C:\Users\DIYA GOEL\Downloads\EBDESIGN\frontend\src\modules\M165\M165Page.jsx","OTHER","react","False"
"C:\Users\DIYA GOEL\Downloads\EBDESIGN\frontend\src\modules\M165\M165Page.jsx","OTHER","@/store","False"
"C:\Users\DIYA GOEL\Downloads\EBDESIGN\frontend\src\modules\M165\M165Page.jsx","OTHER","./${className}.css","True"
"C:\Users\DIYA GOEL\Downloads\EBDESIGN\frontend\src\modules\M166\M166Page.jsx","OTHER","react","False"
"C:\Users\DIYA GOEL\Downloads\EBDESIGN\frontend\src\modules\M166\M166Page.jsx","OTHER","@/store","False"
"C:\Users\DIYA GOEL\Downloads\EBDESIGN\frontend\src\modules\M166\M166Page.jsx","OTHER","./${className}.css","True"
"C:\Users\DIYA GOEL\Downloads\EBDESIGN\frontend\src\modules\M167\M167Page.jsx","OTHER","react","False"
"C:\Users\DIYA GOEL\Downloads\EBDESIGN\frontend\src\modules\M167\M167Page.jsx","OTHER","@/store","False"
"C:\Users\DIYA GOEL\Downloads\EBDESIGN\frontend\src\modules\M167\M167Page.jsx","OTHER","./${className}.css","True"
"C:\Users\DIYA GOEL\Downloads\EBDESIGN\frontend\src\modules\M168\M168Page.jsx","OTHER","react","False"
"C:\Users\DIYA GOEL\Downloads\EBDESIGN\frontend\src\modules\M168\M168Page.jsx","OTHER","@/store","False"
"C:\Users\DIYA GOEL\Downloads\EBDESIGN\frontend\src\modules\M168\M168Page.jsx","OTHER","./${className}.css","True"
"C:\Users\DIYA GOEL\Downloads\EBDESIGN\frontend\src\modules\M169\M169Page.jsx","OTHER","react","False"
"C:\Users\DIYA GOEL\Downloads\EBDESIGN\frontend\src\modules\M169\M169Page.jsx","OTHER","@/store","False"
"C:\Users\DIYA GOEL\Downloads\EBDESIGN\frontend\src\modules\M169\M169Page.jsx","OTHER","./${className}.css","True"
"C:\Users\DIYA GOEL\Downloads\EBDESIGN\frontend\src\modules\M170\M170Page.jsx","OTHER","react","False"
"C:\Users\DIYA GOEL\Downloads\EBDESIGN\frontend\src\modules\M170\M170Page.jsx","OTHER","@/store","False"
"C:\Users\DIYA GOEL\Downloads\EBDESIGN\frontend\src\modules\M170\M170Page.jsx","OTHER","./${className}.css","True"
"C:\Users\DIYA GOEL\Downloads\EBDESIGN\frontend\src\modules\M171\M171Page.jsx","OTHER","react","False"
"C:\Users\DIYA GOEL\Downloads\EBDESIGN\frontend\src\modules\M171\M171Page.jsx","OTHER","@/store","False"
"C:\Users\DIYA GOEL\Downloads\EBDESIGN\frontend\src\modules\M171\M171Page.jsx","OTHER","./${className}.css","True"
"C:\Users\DIYA GOEL\Downloads\EBDESIGN\frontend\src\modules\M172\M172Page.jsx","OTHER","react","False"
"C:\Users\DIYA GOEL\Downloads\EBDESIGN\frontend\src\modules\M172\M172Page.jsx","OTHER","@/store","False"
"C:\Users\DIYA GOEL\Downloads\EBDESIGN\frontend\src\modules\M172\M172Page.jsx","OTHER","./${className}.css","True"
"C:\Users\DIYA GOEL\Downloads\EBDESIGN\frontend\src\modules\M173\M173Page.jsx","OTHER","react","False"
"C:\Users\DIYA GOEL\Downloads\EBDESIGN\frontend\src\modules\M173\M173Page.jsx","OTHER","@/store","False"
"C:\Users\DIYA GOEL\Downloads\EBDESIGN\frontend\src\modules\M173\M173Page.jsx","OTHER","./${className}.css","True"
"C:\Users\DIYA GOEL\Downloads\EBDESIGN\frontend\src\modules\M174\M174Page.jsx","OTHER","react","False"
"C:\Users\DIYA GOEL\Downloads\EBDESIGN\frontend\src\modules\M174\M174Page.jsx","OTHER","@/store","False"
"C:\Users\DIYA GOEL\Downloads\EBDESIGN\frontend\src\modules\M174\M174Page.jsx","OTHER","./${className}.css","True"
"C:\Users\DIYA GOEL\Downloads\EBDESIGN\frontend\src\modules\M175\M175Page.jsx","OTHER","react","False"
"C:\Users\DIYA GOEL\Downloads\EBDESIGN\frontend\src\modules\M175\M175Page.jsx","OTHER","@/store","False"
"C:\Users\DIYA GOEL\Downloads\EBDESIGN\frontend\src\modules\M175\M175Page.jsx","OTHER","./${className}.css","True"
"C:\Users\DIYA GOEL\Downloads\EBDESIGN\frontend\src\modules\M176\M176Page.jsx","OTHER","react","False"
"C:\Users\DIYA GOEL\Downloads\EBDESIGN\frontend\src\modules\M176\M176Page.jsx","OTHER","@/store","False"
"C:\Users\DIYA GOEL\Downloads\EBDESIGN\frontend\src\modules\M176\M176Page.jsx","OTHER","./${className}.css","True"
"C:\Users\DIYA GOEL\Downloads\EBDESIGN\frontend\src\modules\M177\M177Page.jsx","OTHER","react","False"
"C:\Users\DIYA GOEL\Downloads\EBDESIGN\frontend\src\modules\M177\M177Page.jsx","OTHER","@/store","False"
"C:\Users\DIYA GOEL\Downloads\EBDESIGN\frontend\src\modules\M177\M177Page.jsx","OTHER","./${className}.css","True"
"C:\Users\DIYA GOEL\Downloads\EBDESIGN\frontend\src\modules\M178\M178Page.jsx","OTHER","react","False"
"C:\Users\DIYA GOEL\Downloads\EBDESIGN\frontend\src\modules\M178\M178Page.jsx","OTHER","@/store","False"
"C:\Users\DIYA GOEL\Downloads\EBDESIGN\frontend\src\modules\M178\M178Page.jsx","OTHER","./${className}.css","True"
"C:\Users\DIYA GOEL\Downloads\EBDESIGN\frontend\src\modules\M179\M179Page.jsx","OTHER","react","False"
"C:\Users\DIYA GOEL\Downloads\EBDESIGN\frontend\src\modules\M179\M179Page.jsx","OTHER","@/store","False"
"C:\Users\DIYA GOEL\Downloads\EBDESIGN\frontend\src\modules\M179\M179Page.jsx","OTHER","./${className}.css","True"
"C:\Users\DIYA GOEL\Downloads\EBDESIGN\frontend\src\modules\M180\M180Page.jsx","OTHER","react","False"
"C:\Users\DIYA GOEL\Downloads\EBDESIGN\frontend\src\modules\M180\M180Page.jsx","OTHER","@/store","False"
"C:\Users\DIYA GOEL\Downloads\EBDESIGN\frontend\src\modules\M180\M180Page.jsx","OTHER","./${className}.css","True"
"C:\Users\DIYA GOEL\Downloads\EBDESIGN\frontend\src\modules\M181\M181Page.jsx","OTHER","react","False"
"C:\Users\DIYA GOEL\Downloads\EBDESIGN\frontend\src\modules\M181\M181Page.jsx","OTHER","@/store","False"
"C:\Users\DIYA GOEL\Downloads\EBDESIGN\frontend\src\modules\M181\M181Page.jsx","OTHER","./${className}.css","True"
"C:\Users\DIYA GOEL\Downloads\EBDESIGN\frontend\src\modules\M182\M182Page.jsx","OTHER","react","False"
"C:\Users\DIYA GOEL\Downloads\EBDESIGN\frontend\src\modules\M182\M182Page.jsx","OTHER","@/store","False"
"C:\Users\DIYA GOEL\Downloads\EBDESIGN\frontend\src\modules\M182\M182Page.jsx","OTHER","./${className}.css","True"
"C:\Users\DIYA GOEL\Downloads\EBDESIGN\frontend\src\modules\M183\M183Page.jsx","OTHER","react","False"
"C:\Users\DIYA GOEL\Downloads\EBDESIGN\frontend\src\modules\M183\M183Page.jsx","OTHER","@/store","False"
"C:\Users\DIYA GOEL\Downloads\EBDESIGN\frontend\src\modules\M183\M183Page.jsx","OTHER","./${className}.css","True"
"C:\Users\DIYA GOEL\Downloads\EBDESIGN\frontend\src\modules\M184\M184Page.jsx","OTHER","react","False"
"C:\Users\DIYA GOEL\Downloads\EBDESIGN\frontend\src\modules\M184\M184Page.jsx","OTHER","@/store","False"
"C:\Users\DIYA GOEL\Downloads\EBDESIGN\frontend\src\modules\M184\M184Page.jsx","OTHER","./${className}.css","True"
"C:\Users\DIYA GOEL\Downloads\EBDESIGN\frontend\src\modules\M185\M185Page.jsx","OTHER","react","False"
"C:\Users\DIYA GOEL\Downloads\EBDESIGN\frontend\src\modules\M185\M185Page.jsx","OTHER","@/store","False"
"C:\Users\DIYA GOEL\Downloads\EBDESIGN\frontend\src\modules\M185\M185Page.jsx","OTHER","./${className}.css","True"
"C:\Users\DIYA GOEL\Downloads\EBDESIGN\frontend\src\modules\M186\M186Page.jsx","OTHER","react","False"
"C:\Users\DIYA GOEL\Downloads\EBDESIGN\frontend\src\modules\M186\M186Page.jsx","OTHER","@/store","False"
"C:\Users\DIYA GOEL\Downloads\EBDESIGN\frontend\src\modules\M186\M186Page.jsx","OTHER","./${className}.css","True"
"C:\Users\DIYA GOEL\Downloads\EBDESIGN\frontend\src\modules\M187\M187Page.jsx","OTHER","react","False"
"C:\Users\DIYA GOEL\Downloads\EBDESIGN\frontend\src\modules\M187\M187Page.jsx","OTHER","@/store","False"
"C:\Users\DIYA GOEL\Downloads\EBDESIGN\frontend\src\modules\M187\M187Page.jsx","OTHER","./${className}.css","True"
"C:\Users\DIYA GOEL\Downloads\EBDESIGN\frontend\src\modules\M188\M188Page.jsx","OTHER","react","False"
"C:\Users\DIYA GOEL\Downloads\EBDESIGN\frontend\src\modules\M188\M188Page.jsx","OTHER","@/store","False"
"C:\Users\DIYA GOEL\Downloads\EBDESIGN\frontend\src\modules\M188\M188Page.jsx","OTHER","./${className}.css","True"
"C:\Users\DIYA GOEL\Downloads\EBDESIGN\frontend\src\modules\M189\M189Page.jsx","OTHER","react","False"
"C:\Users\DIYA GOEL\Downloads\EBDESIGN\frontend\src\modules\M189\M189Page.jsx","OTHER","@/store","False"
"C:\Users\DIYA GOEL\Downloads\EBDESIGN\frontend\src\modules\M189\M189Page.jsx","OTHER","./${className}.css","True"
"C:\Users\DIYA GOEL\Downloads\EBDESIGN\frontend\src\modules\M190\M190Page.jsx","OTHER","react","False"
"C:\Users\DIYA GOEL\Downloads\EBDESIGN\frontend\src\modules\M190\M190Page.jsx","OTHER","@/store","False"
"C:\Users\DIYA GOEL\Downloads\EBDESIGN\frontend\src\modules\M190\M190Page.jsx","OTHER","./${className}.css","True"
"C:\Users\DIYA GOEL\Downloads\EBDESIGN\frontend\src\modules\M191\M191Page.jsx","OTHER","react","False"
"C:\Users\DIYA GOEL\Downloads\EBDESIGN\frontend\src\modules\M191\M191Page.jsx","OTHER","@/store","False"
"C:\Users\DIYA GOEL\Downloads\EBDESIGN\frontend\src\modules\M191\M191Page.jsx","OTHER","./${className}.css","True"
"C:\Users\DIYA GOEL\Downloads\EBDESIGN\frontend\src\modules\M192\M192Page.jsx","OTHER","react","False"
"C:\Users\DIYA GOEL\Downloads\EBDESIGN\frontend\src\modules\M192\M192Page.jsx","OTHER","@/store","False"
"C:\Users\DIYA GOEL\Downloads\EBDESIGN\frontend\src\modules\M192\M192Page.jsx","OTHER","./${className}.css","True"
"C:\Users\DIYA GOEL\Downloads\EBDESIGN\frontend\src\modules\M193\M193Page.jsx","OTHER","react","False"
"C:\Users\DIYA GOEL\Downloads\EBDESIGN\frontend\src\modules\M193\M193Page.jsx","OTHER","@/store","False"
"C:\Users\DIYA GOEL\Downloads\EBDESIGN\frontend\src\modules\M193\M193Page.jsx","OTHER","./${className}.css","True"
"C:\Users\DIYA GOEL\Downloads\EBDESIGN\frontend\src\modules\M194\M194Page.jsx","OTHER","react","False"
"C:\Users\DIYA GOEL\Downloads\EBDESIGN\frontend\src\modules\M194\M194Page.jsx","OTHER","@/store","False"
"C:\Users\DIYA GOEL\Downloads\EBDESIGN\frontend\src\modules\M194\M194Page.jsx","OTHER","./${className}.css","True"
"C:\Users\DIYA GOEL\Downloads\EBDESIGN\frontend\src\modules\M195\M195Page.jsx","OTHER","react","False"
"C:\Users\DIYA GOEL\Downloads\EBDESIGN\frontend\src\modules\M195\M195Page.jsx","OTHER","@/store","False"
"C:\Users\DIYA GOEL\Downloads\EBDESIGN\frontend\src\modules\M195\M195Page.jsx","OTHER","./${className}.css","True"
"C:\Users\DIYA GOEL\Downloads\EBDESIGN\frontend\src\modules\M196\M196Page.jsx","OTHER","react","False"
"C:\Users\DIYA GOEL\Downloads\EBDESIGN\frontend\src\modules\M196\M196Page.jsx","OTHER","@/store","False"
"C:\Users\DIYA GOEL\Downloads\EBDESIGN\frontend\src\modules\M196\M196Page.jsx","OTHER","./${className}.css","True"
"C:\Users\DIYA GOEL\Downloads\EBDESIGN\frontend\src\modules\M197\M197Page.jsx","OTHER","react","False"
"C:\Users\DIYA GOEL\Downloads\EBDESIGN\frontend\src\modules\M197\M197Page.jsx","OTHER","@/store","False"
"C:\Users\DIYA GOEL\Downloads\EBDESIGN\frontend\src\modules\M197\M197Page.jsx","OTHER","./${className}.css","True"
"C:\Users\DIYA GOEL\Downloads\EBDESIGN\frontend\src\modules\M198\M198Page.jsx","OTHER","react","False"
"C:\Users\DIYA GOEL\Downloads\EBDESIGN\frontend\src\modules\M198\M198Page.jsx","OTHER","@/store","False"
"C:\Users\DIYA GOEL\Downloads\EBDESIGN\frontend\src\modules\M198\M198Page.jsx","OTHER","./${className}.css","True"
"C:\Users\DIYA GOEL\Downloads\EBDESIGN\frontend\src\modules\M199\M199Page.jsx","OTHER","react","False"
"C:\Users\DIYA GOEL\Downloads\EBDESIGN\frontend\src\modules\M199\M199Page.jsx","OTHER","@/store","False"
"C:\Users\DIYA GOEL\Downloads\EBDESIGN\frontend\src\modules\M199\M199Page.jsx","OTHER","./${className}.css","True"
"C:\Users\DIYA GOEL\Downloads\EBDESIGN\frontend\src\modules\M200\M200Page.jsx","OTHER","react","False"
"C:\Users\DIYA GOEL\Downloads\EBDESIGN\frontend\src\modules\M200\M200Page.jsx","OTHER","@/store","False"
"C:\Users\DIYA GOEL\Downloads\EBDESIGN\frontend\src\modules\M200\M200Page.jsx","OTHER","./${className}.css","True"
"C:\Users\DIYA GOEL\Downloads\EBDESIGN\frontend\src\modules\M201\M201Page.jsx","OTHER","react","False"
"C:\Users\DIYA GOEL\Downloads\EBDESIGN\frontend\src\modules\M201\M201Page.jsx","OTHER","@/store","False"
"C:\Users\DIYA GOEL\Downloads\EBDESIGN\frontend\src\modules\M201\M201Page.jsx","OTHER","./${className}.css","True"
"C:\Users\DIYA GOEL\Downloads\EBDESIGN\frontend\src\modules\M202\M202Page.jsx","OTHER","react","False"
"C:\Users\DIYA GOEL\Downloads\EBDESIGN\frontend\src\modules\M202\M202Page.jsx","OTHER","@/store","False"
"C:\Users\DIYA GOEL\Downloads\EBDESIGN\frontend\src\modules\M202\M202Page.jsx","OTHER","./${className}.css","True"
"C:\Users\DIYA GOEL\Downloads\EBDESIGN\frontend\src\modules\M203\M203Page.jsx","OTHER","react","False"
"C:\Users\DIYA GOEL\Downloads\EBDESIGN\frontend\src\modules\M203\M203Page.jsx","OTHER","@/store","False"
"C:\Users\DIYA GOEL\Downloads\EBDESIGN\frontend\src\modules\M203\M203Page.jsx","OTHER","./${className}.css","True"
"C:\Users\DIYA GOEL\Downloads\EBDESIGN\frontend\src\modules\M204\M204Page.jsx","OTHER","react","False"
"C:\Users\DIYA GOEL\Downloads\EBDESIGN\frontend\src\modules\M204\M204Page.jsx","OTHER","@/store","False"
"C:\Users\DIYA GOEL\Downloads\EBDESIGN\frontend\src\modules\M204\M204Page.jsx","OTHER","./${className}.css","True"
"C:\Users\DIYA GOEL\Downloads\EBDESIGN\frontend\src\modules\M205\M205Page.jsx","OTHER","react","False"
"C:\Users\DIYA GOEL\Downloads\EBDESIGN\frontend\src\modules\M205\M205Page.jsx","OTHER","@/store","False"
"C:\Users\DIYA GOEL\Downloads\EBDESIGN\frontend\src\modules\M205\M205Page.jsx","OTHER","./${className}.css","True"
"C:\Users\DIYA GOEL\Downloads\EBDESIGN\frontend\src\modules\M206\M206Page.jsx","OTHER","react","False"
"C:\Users\DIYA GOEL\Downloads\EBDESIGN\frontend\src\modules\M206\M206Page.jsx","OTHER","@/store","False"
"C:\Users\DIYA GOEL\Downloads\EBDESIGN\frontend\src\modules\M206\M206Page.jsx","OTHER","./${className}.css","True"
"C:\Users\DIYA GOEL\Downloads\EBDESIGN\frontend\src\modules\M207\M207Page.jsx","OTHER","react","False"
"C:\Users\DIYA GOEL\Downloads\EBDESIGN\frontend\src\modules\M207\M207Page.jsx","OTHER","@/store","False"
"C:\Users\DIYA GOEL\Downloads\EBDESIGN\frontend\src\modules\M207\M207Page.jsx","OTHER","./${className}.css","True"
"C:\Users\DIYA GOEL\Downloads\EBDESIGN\frontend\src\modules\M208\M208Page.jsx","OTHER","react","False"
"C:\Users\DIYA GOEL\Downloads\EBDESIGN\frontend\src\modules\M208\M208Page.jsx","OTHER","@/store","False"
"C:\Users\DIYA GOEL\Downloads\EBDESIGN\frontend\src\modules\M208\M208Page.jsx","OTHER","./${className}.css","True"
"C:\Users\DIYA GOEL\Downloads\EBDESIGN\frontend\src\modules\M209\M209Page.jsx","OTHER","react","False"
"C:\Users\DIYA GOEL\Downloads\EBDESIGN\frontend\src\modules\M209\M209Page.jsx","OTHER","@/store","False"
"C:\Users\DIYA GOEL\Downloads\EBDESIGN\frontend\src\modules\M209\M209Page.jsx","OTHER","./${className}.css","True"
"C:\Users\DIYA GOEL\Downloads\EBDESIGN\frontend\src\modules\M210\M210Page.jsx","OTHER","react","False"
"C:\Users\DIYA GOEL\Downloads\EBDESIGN\frontend\src\modules\M210\M210Page.jsx","OTHER","@/store","False"
"C:\Users\DIYA GOEL\Downloads\EBDESIGN\frontend\src\modules\M210\M210Page.jsx","OTHER","./${className}.css","True"
"C:\Users\DIYA GOEL\Downloads\EBDESIGN\frontend\src\modules\M211\M211Page.jsx","OTHER","react","False"
"C:\Users\DIYA GOEL\Downloads\EBDESIGN\frontend\src\modules\M211\M211Page.jsx","OTHER","@/store","False"
"C:\Users\DIYA GOEL\Downloads\EBDESIGN\frontend\src\modules\M211\M211Page.jsx","OTHER","./${className}.css","True"
"C:\Users\DIYA GOEL\Downloads\EBDESIGN\frontend\src\modules\M212\M212Page.jsx","OTHER","react","False"
"C:\Users\DIYA GOEL\Downloads\EBDESIGN\frontend\src\modules\M212\M212Page.jsx","OTHER","@/store","False"
"C:\Users\DIYA GOEL\Downloads\EBDESIGN\frontend\src\modules\M212\M212Page.jsx","OTHER","./${className}.css","True"
"C:\Users\DIYA GOEL\Downloads\EBDESIGN\frontend\src\modules\M213\M213Page.jsx","OTHER","react","False"
"C:\Users\DIYA GOEL\Downloads\EBDESIGN\frontend\src\modules\M213\M213Page.jsx","OTHER","@/store","False"
"C:\Users\DIYA GOEL\Downloads\EBDESIGN\frontend\src\modules\M213\M213Page.jsx","OTHER","./${className}.css","True"
"C:\Users\DIYA GOEL\Downloads\EBDESIGN\frontend\src\modules\M214\M214Page.jsx","OTHER","react","False"
"C:\Users\DIYA GOEL\Downloads\EBDESIGN\frontend\src\modules\M214\M214Page.jsx","OTHER","@/store","False"
"C:\Users\DIYA GOEL\Downloads\EBDESIGN\frontend\src\modules\M214\M214Page.jsx","OTHER","./${className}.css","True"
"C:\Users\DIYA GOEL\Downloads\EBDESIGN\frontend\src\modules\M215\M215Page.jsx","OTHER","react","False"
"C:\Users\DIYA GOEL\Downloads\EBDESIGN\frontend\src\modules\M215\M215Page.jsx","OTHER","@/store","False"
"C:\Users\DIYA GOEL\Downloads\EBDESIGN\frontend\src\modules\M215\M215Page.jsx","OTHER","./${className}.css","True"
"C:\Users\DIYA GOEL\Downloads\EBDESIGN\frontend\src\modules\M216\M216Page.jsx","OTHER","react","False"
"C:\Users\DIYA GOEL\Downloads\EBDESIGN\frontend\src\modules\M216\M216Page.jsx","OTHER","@/store","False"
"C:\Users\DIYA GOEL\Downloads\EBDESIGN\frontend\src\modules\M216\M216Page.jsx","OTHER","./${className}.css","True"
"C:\Users\DIYA GOEL\Downloads\EBDESIGN\frontend\src\modules\M217\M217Page.jsx","OTHER","react","False"
"C:\Users\DIYA GOEL\Downloads\EBDESIGN\frontend\src\modules\M217\M217Page.jsx","OTHER","@/store","False"
"C:\Users\DIYA GOEL\Downloads\EBDESIGN\frontend\src\modules\M217\M217Page.jsx","OTHER","./${className}.css","True"
"C:\Users\DIYA GOEL\Downloads\EBDESIGN\frontend\src\modules\M218\M218Page.jsx","OTHER","react","False"
"C:\Users\DIYA GOEL\Downloads\EBDESIGN\frontend\src\modules\M218\M218Page.jsx","OTHER","@/store","False"
"C:\Users\DIYA GOEL\Downloads\EBDESIGN\frontend\src\modules\M218\M218Page.jsx","OTHER","./${className}.css","True"
"C:\Users\DIYA GOEL\Downloads\EBDESIGN\frontend\src\modules\M219\M219Page.jsx","OTHER","react","False"
"C:\Users\DIYA GOEL\Downloads\EBDESIGN\frontend\src\modules\M219\M219Page.jsx","OTHER","@/store","False"
"C:\Users\DIYA GOEL\Downloads\EBDESIGN\frontend\src\modules\M219\M219Page.jsx","OTHER","./${className}.css","True"
"C:\Users\DIYA GOEL\Downloads\EBDESIGN\frontend\src\modules\M220\M220Page.jsx","OTHER","react","False"
"C:\Users\DIYA GOEL\Downloads\EBDESIGN\frontend\src\modules\M220\M220Page.jsx","OTHER","@/store","False"
"C:\Users\DIYA GOEL\Downloads\EBDESIGN\frontend\src\modules\M220\M220Page.jsx","OTHER","./${className}.css","True"
"C:\Users\DIYA GOEL\Downloads\EBDESIGN\frontend\src\modules\M221\M221Page.jsx","OTHER","react","False"
"C:\Users\DIYA GOEL\Downloads\EBDESIGN\frontend\src\modules\M221\M221Page.jsx","OTHER","@/store","False"
"C:\Users\DIYA GOEL\Downloads\EBDESIGN\frontend\src\modules\M221\M221Page.jsx","OTHER","./${className}.css","True"
"C:\Users\DIYA GOEL\Downloads\EBDESIGN\frontend\src\modules\M222\M222Page.jsx","OTHER","react","False"
"C:\Users\DIYA GOEL\Downloads\EBDESIGN\frontend\src\modules\M222\M222Page.jsx","OTHER","@/store","False"
"C:\Users\DIYA GOEL\Downloads\EBDESIGN\frontend\src\modules\M222\M222Page.jsx","OTHER","./${className}.css","True"
"C:\Users\DIYA GOEL\Downloads\EBDESIGN\frontend\src\modules\M223\M223Page.jsx","OTHER","react","False"
"C:\Users\DIYA GOEL\Downloads\EBDESIGN\frontend\src\modules\M223\M223Page.jsx","OTHER","@/store","False"
"C:\Users\DIYA GOEL\Downloads\EBDESIGN\frontend\src\modules\M223\M223Page.jsx","OTHER","./${className}.css","True"
"C:\Users\DIYA GOEL\Downloads\EBDESIGN\frontend\src\modules\M224\M224Page.jsx","OTHER","react","False"
"C:\Users\DIYA GOEL\Downloads\EBDESIGN\frontend\src\modules\M224\M224Page.jsx","OTHER","@/store","False"
"C:\Users\DIYA GOEL\Downloads\EBDESIGN\frontend\src\modules\M224\M224Page.jsx","OTHER","./${className}.css","True"
"C:\Users\DIYA GOEL\Downloads\EBDESIGN\frontend\src\modules\M225\M225Page.jsx","OTHER","react","False"
"C:\Users\DIYA GOEL\Downloads\EBDESIGN\frontend\src\modules\M225\M225Page.jsx","OTHER","@/store","False"
"C:\Users\DIYA GOEL\Downloads\EBDESIGN\frontend\src\modules\M225\M225Page.jsx","OTHER","./${className}.css","True"
"C:\Users\DIYA GOEL\Downloads\EBDESIGN\frontend\src\modules\M226\M226Page.jsx","OTHER","react","False"
"C:\Users\DIYA GOEL\Downloads\EBDESIGN\frontend\src\modules\M226\M226Page.jsx","OTHER","@/store","False"
"C:\Users\DIYA GOEL\Downloads\EBDESIGN\frontend\src\modules\M226\M226Page.jsx","OTHER","./${className}.css","True"
"C:\Users\DIYA GOEL\Downloads\EBDESIGN\frontend\src\modules\M227\M227Page.jsx","OTHER","react","False"
"C:\Users\DIYA GOEL\Downloads\EBDESIGN\frontend\src\modules\M227\M227Page.jsx","OTHER","@/store","False"
"C:\Users\DIYA GOEL\Downloads\EBDESIGN\frontend\src\modules\M227\M227Page.jsx","OTHER","./${className}.css","True"
"C:\Users\DIYA GOEL\Downloads\EBDESIGN\frontend\src\modules\M228\M228Page.jsx","OTHER","react","False"
"C:\Users\DIYA GOEL\Downloads\EBDESIGN\frontend\src\modules\M228\M228Page.jsx","OTHER","@/store","False"
"C:\Users\DIYA GOEL\Downloads\EBDESIGN\frontend\src\modules\M228\M228Page.jsx","OTHER","./${className}.css","True"
"C:\Users\DIYA GOEL\Downloads\EBDESIGN\frontend\src\modules\M229\M229Page.jsx","OTHER","react","False"
"C:\Users\DIYA GOEL\Downloads\EBDESIGN\frontend\src\modules\M229\M229Page.jsx","OTHER","@/store","False"
"C:\Users\DIYA GOEL\Downloads\EBDESIGN\frontend\src\modules\M229\M229Page.jsx","OTHER","./${className}.css","True"
"C:\Users\DIYA GOEL\Downloads\EBDESIGN\frontend\src\modules\M230\M230Page.jsx","OTHER","react","False"
"C:\Users\DIYA GOEL\Downloads\EBDESIGN\frontend\src\modules\M230\M230Page.jsx","OTHER","@/store","False"
"C:\Users\DIYA GOEL\Downloads\EBDESIGN\frontend\src\modules\M230\M230Page.jsx","OTHER","./${className}.css","True"
"C:\Users\DIYA GOEL\Downloads\EBDESIGN\frontend\src\modules\M231\M231Page.jsx","OTHER","react","False"
"C:\Users\DIYA GOEL\Downloads\EBDESIGN\frontend\src\modules\M231\M231Page.jsx","OTHER","@/store","False"
"C:\Users\DIYA GOEL\Downloads\EBDESIGN\frontend\src\modules\M231\M231Page.jsx","OTHER","./${className}.css","True"
"C:\Users\DIYA GOEL\Downloads\EBDESIGN\frontend\src\modules\M232\M232Page.jsx","OTHER","react","False"
"C:\Users\DIYA GOEL\Downloads\EBDESIGN\frontend\src\modules\M232\M232Page.jsx","OTHER","@/store","False"
"C:\Users\DIYA GOEL\Downloads\EBDESIGN\frontend\src\modules\M232\M232Page.jsx","OTHER","./${className}.css","True"
"C:\Users\DIYA GOEL\Downloads\EBDESIGN\frontend\src\modules\M233\M233Page.jsx","OTHER","react","False"
"C:\Users\DIYA GOEL\Downloads\EBDESIGN\frontend\src\modules\M233\M233Page.jsx","OTHER","@/store","False"
"C:\Users\DIYA GOEL\Downloads\EBDESIGN\frontend\src\modules\M233\M233Page.jsx","OTHER","./${className}.css","True"
"C:\Users\DIYA GOEL\Downloads\EBDESIGN\frontend\src\modules\M234\M234Page.jsx","OTHER","react","False"
"C:\Users\DIYA GOEL\Downloads\EBDESIGN\frontend\src\modules\M234\M234Page.jsx","OTHER","@/store","False"
"C:\Users\DIYA GOEL\Downloads\EBDESIGN\frontend\src\modules\M234\M234Page.jsx","OTHER","./${className}.css","True"
"C:\Users\DIYA GOEL\Downloads\EBDESIGN\frontend\src\modules\M235\M235Page.jsx","OTHER","react","False"
"C:\Users\DIYA GOEL\Downloads\EBDESIGN\frontend\src\modules\M235\M235Page.jsx","OTHER","@/store","False"
"C:\Users\DIYA GOEL\Downloads\EBDESIGN\frontend\src\modules\M235\M235Page.jsx","OTHER","./${className}.css","True"
"C:\Users\DIYA GOEL\Downloads\EBDESIGN\frontend\src\modules\M236\M236Page.jsx","OTHER","react","False"
"C:\Users\DIYA GOEL\Downloads\EBDESIGN\frontend\src\modules\M236\M236Page.jsx","OTHER","@/store","False"
"C:\Users\DIYA GOEL\Downloads\EBDESIGN\frontend\src\modules\M236\M236Page.jsx","OTHER","./${className}.css","True"
"C:\Users\DIYA GOEL\Downloads\EBDESIGN\frontend\src\modules\M237\M237Page.jsx","OTHER","react","False"
"C:\Users\DIYA GOEL\Downloads\EBDESIGN\frontend\src\modules\M237\M237Page.jsx","OTHER","@/store","False"
"C:\Users\DIYA GOEL\Downloads\EBDESIGN\frontend\src\modules\M237\M237Page.jsx","OTHER","./${className}.css","True"
"C:\Users\DIYA GOEL\Downloads\EBDESIGN\frontend\src\modules\M238\M238Page.jsx","OTHER","react","False"
"C:\Users\DIYA GOEL\Downloads\EBDESIGN\frontend\src\modules\M238\M238Page.jsx","OTHER","@/store","False"
"C:\Users\DIYA GOEL\Downloads\EBDESIGN\frontend\src\modules\M238\M238Page.jsx","OTHER","./${className}.css","True"
"C:\Users\DIYA GOEL\Downloads\EBDESIGN\frontend\src\modules\M239\M239Page.jsx","OTHER","react","False"
"C:\Users\DIYA GOEL\Downloads\EBDESIGN\frontend\src\modules\M239\M239Page.jsx","OTHER","@/store","False"
"C:\Users\DIYA GOEL\Downloads\EBDESIGN\frontend\src\modules\M239\M239Page.jsx","OTHER","./${className}.css","True"
"C:\Users\DIYA GOEL\Downloads\EBDESIGN\frontend\src\modules\M240\M240Page.jsx","OTHER","react","False"
"C:\Users\DIYA GOEL\Downloads\EBDESIGN\frontend\src\modules\M240\M240Page.jsx","OTHER","@/store","False"
"C:\Users\DIYA GOEL\Downloads\EBDESIGN\frontend\src\modules\M240\M240Page.jsx","OTHER","./${className}.css","True"
"C:\Users\DIYA GOEL\Downloads\EBDESIGN\frontend\src\modules\M241\M241Page.jsx","OTHER","react","False"
"C:\Users\DIYA GOEL\Downloads\EBDESIGN\frontend\src\modules\M241\M241Page.jsx","OTHER","@/store","False"
"C:\Users\DIYA GOEL\Downloads\EBDESIGN\frontend\src\modules\M241\M241Page.jsx","OTHER","./${className}.css","True"
"C:\Users\DIYA GOEL\Downloads\EBDESIGN\frontend\src\modules\M242\M242Page.jsx","OTHER","react","False"
"C:\Users\DIYA GOEL\Downloads\EBDESIGN\frontend\src\modules\M242\M242Page.jsx","OTHER","@/store","False"
"C:\Users\DIYA GOEL\Downloads\EBDESIGN\frontend\src\modules\M242\M242Page.jsx","OTHER","./${className}.css","True"
"C:\Users\DIYA GOEL\Downloads\EBDESIGN\frontend\src\modules\M243\M243Page.jsx","OTHER","react","False"
"C:\Users\DIYA GOEL\Downloads\EBDESIGN\frontend\src\modules\M243\M243Page.jsx","OTHER","@/store","False"
"C:\Users\DIYA GOEL\Downloads\EBDESIGN\frontend\src\modules\M243\M243Page.jsx","OTHER","./${className}.css","True"
"C:\Users\DIYA GOEL\Downloads\EBDESIGN\frontend\src\modules\M244\M244Page.jsx","OTHER","react","False"
"C:\Users\DIYA GOEL\Downloads\EBDESIGN\frontend\src\modules\M244\M244Page.jsx","OTHER","@/store","False"
"C:\Users\DIYA GOEL\Downloads\EBDESIGN\frontend\src\modules\M244\M244Page.jsx","OTHER","./${className}.css","True"
"C:\Users\DIYA GOEL\Downloads\EBDESIGN\frontend\src\modules\M245\M245Page.jsx","OTHER","react","False"
"C:\Users\DIYA GOEL\Downloads\EBDESIGN\frontend\src\modules\M245\M245Page.jsx","OTHER","@/store","False"
"C:\Users\DIYA GOEL\Downloads\EBDESIGN\frontend\src\modules\M245\M245Page.jsx","OTHER","./${className}.css","True"
"C:\Users\DIYA GOEL\Downloads\EBDESIGN\frontend\src\modules\M246\M246Page.jsx","OTHER","react","False"
"C:\Users\DIYA GOEL\Downloads\EBDESIGN\frontend\src\modules\M246\M246Page.jsx","OTHER","@/store","False"
"C:\Users\DIYA GOEL\Downloads\EBDESIGN\frontend\src\modules\M246\M246Page.jsx","OTHER","./${className}.css","True"
"C:\Users\DIYA GOEL\Downloads\EBDESIGN\frontend\src\modules\M247\M247Page.jsx","OTHER","react","False"
"C:\Users\DIYA GOEL\Downloads\EBDESIGN\frontend\src\modules\M247\M247Page.jsx","OTHER","@/store","False"
"C:\Users\DIYA GOEL\Downloads\EBDESIGN\frontend\src\modules\M247\M247Page.jsx","OTHER","./${className}.css","True"
"C:\Users\DIYA GOEL\Downloads\EBDESIGN\frontend\src\modules\M248\M248Page.jsx","OTHER","react","False"
"C:\Users\DIYA GOEL\Downloads\EBDESIGN\frontend\src\modules\M248\M248Page.jsx","OTHER","@/store","False"
"C:\Users\DIYA GOEL\Downloads\EBDESIGN\frontend\src\modules\M248\M248Page.jsx","OTHER","./${className}.css","True"
"C:\Users\DIYA GOEL\Downloads\EBDESIGN\frontend\src\modules\M249\M249Page.jsx","OTHER","react","False"
"C:\Users\DIYA GOEL\Downloads\EBDESIGN\frontend\src\modules\M249\M249Page.jsx","OTHER","@/store","False"
"C:\Users\DIYA GOEL\Downloads\EBDESIGN\frontend\src\modules\M249\M249Page.jsx","OTHER","./${className}.css","True"
"C:\Users\DIYA GOEL\Downloads\EBDESIGN\frontend\src\modules\M250\M250Page.jsx","OTHER","react","False"
"C:\Users\DIYA GOEL\Downloads\EBDESIGN\frontend\src\modules\M250\M250Page.jsx","OTHER","@/store","False"
"C:\Users\DIYA GOEL\Downloads\EBDESIGN\frontend\src\modules\M250\M250Page.jsx","OTHER","./${className}.css","True"
"C:\Users\DIYA GOEL\Downloads\EBDESIGN\frontend\src\modules\M251\M251Page.jsx","OTHER","react","False"
"C:\Users\DIYA GOEL\Downloads\EBDESIGN\frontend\src\modules\M251\M251Page.jsx","OTHER","@/store","False"
"C:\Users\DIYA GOEL\Downloads\EBDESIGN\frontend\src\modules\M251\M251Page.jsx","OTHER","./${className}.css","True"
"C:\Users\DIYA GOEL\Downloads\EBDESIGN\frontend\src\modules\M252\M252Page.jsx","OTHER","react","False"
"C:\Users\DIYA GOEL\Downloads\EBDESIGN\frontend\src\modules\M252\M252Page.jsx","OTHER","@/store","False"
"C:\Users\DIYA GOEL\Downloads\EBDESIGN\frontend\src\modules\M252\M252Page.jsx","OTHER","./${className}.css","True"
"C:\Users\DIYA GOEL\Downloads\EBDESIGN\frontend\src\modules\M253\M253Page.jsx","OTHER","react","False"
"C:\Users\DIYA GOEL\Downloads\EBDESIGN\frontend\src\modules\M253\M253Page.jsx","OTHER","@/store","False"
"C:\Users\DIYA GOEL\Downloads\EBDESIGN\frontend\src\modules\M253\M253Page.jsx","OTHER","./${className}.css","True"
"C:\Users\DIYA GOEL\Downloads\EBDESIGN\frontend\src\modules\M254\M254Page.jsx","OTHER","react","False"
"C:\Users\DIYA GOEL\Downloads\EBDESIGN\frontend\src\modules\M254\M254Page.jsx","OTHER","@/store","False"
"C:\Users\DIYA GOEL\Downloads\EBDESIGN\frontend\src\modules\M254\M254Page.jsx","OTHER","./${className}.css","True"
"C:\Users\DIYA GOEL\Downloads\EBDESIGN\frontend\src\modules\M255\M255Page.jsx","OTHER","react","False"
"C:\Users\DIYA GOEL\Downloads\EBDESIGN\frontend\src\modules\M255\M255Page.jsx","OTHER","@/store","False"
"C:\Users\DIYA GOEL\Downloads\EBDESIGN\frontend\src\modules\M255\M255Page.jsx","OTHER","./${className}.css","True"
"C:\Users\DIYA GOEL\Downloads\EBDESIGN\frontend\src\modules\M256\M256Page.jsx","OTHER","react","False"
"C:\Users\DIYA GOEL\Downloads\EBDESIGN\frontend\src\modules\M256\M256Page.jsx","OTHER","@/store","False"
"C:\Users\DIYA GOEL\Downloads\EBDESIGN\frontend\src\modules\M256\M256Page.jsx","OTHER","./${className}.css","True"
"C:\Users\DIYA GOEL\Downloads\EBDESIGN\frontend\src\modules\M257\M257Page.jsx","OTHER","react","False"
"C:\Users\DIYA GOEL\Downloads\EBDESIGN\frontend\src\modules\M257\M257Page.jsx","OTHER","@/store","False"
"C:\Users\DIYA GOEL\Downloads\EBDESIGN\frontend\src\modules\M257\M257Page.jsx","OTHER","./${className}.css","True"
"C:\Users\DIYA GOEL\Downloads\EBDESIGN\frontend\src\modules\M258\M258Page.jsx","OTHER","react","False"
"C:\Users\DIYA GOEL\Downloads\EBDESIGN\frontend\src\modules\M258\M258Page.jsx","OTHER","@/store","False"
"C:\Users\DIYA GOEL\Downloads\EBDESIGN\frontend\src\modules\M258\M258Page.jsx","OTHER","./${className}.css","True"
"C:\Users\DIYA GOEL\Downloads\EBDESIGN\frontend\src\modules\M259\M259Page.jsx","OTHER","react","False"
"C:\Users\DIYA GOEL\Downloads\EBDESIGN\frontend\src\modules\M259\M259Page.jsx","OTHER","@/store","False"
"C:\Users\DIYA GOEL\Downloads\EBDESIGN\frontend\src\modules\M259\M259Page.jsx","OTHER","./${className}.css","True"
"C:\Users\DIYA GOEL\Downloads\EBDESIGN\frontend\src\modules\M260\M260Page.jsx","OTHER","react","False"
"C:\Users\DIYA GOEL\Downloads\EBDESIGN\frontend\src\modules\M260\M260Page.jsx","OTHER","@/store","False"
"C:\Users\DIYA GOEL\Downloads\EBDESIGN\frontend\src\modules\M260\M260Page.jsx","OTHER","./${className}.css","True"
"C:\Users\DIYA GOEL\Downloads\EBDESIGN\frontend\src\modules\M261\M261Page.jsx","OTHER","react","False"
"C:\Users\DIYA GOEL\Downloads\EBDESIGN\frontend\src\modules\M261\M261Page.jsx","OTHER","@/store","False"
"C:\Users\DIYA GOEL\Downloads\EBDESIGN\frontend\src\modules\M261\M261Page.jsx","OTHER","./${className}.css","True"
"C:\Users\DIYA GOEL\Downloads\EBDESIGN\frontend\src\modules\M262\M262Page.jsx","OTHER","react","False"
"C:\Users\DIYA GOEL\Downloads\EBDESIGN\frontend\src\modules\M262\M262Page.jsx","OTHER","@/store","False"
"C:\Users\DIYA GOEL\Downloads\EBDESIGN\frontend\src\modules\M262\M262Page.jsx","OTHER","./${className}.css","True"
"C:\Users\DIYA GOEL\Downloads\EBDESIGN\frontend\src\modules\M263\M263Page.jsx","OTHER","react","False"
"C:\Users\DIYA GOEL\Downloads\EBDESIGN\frontend\src\modules\M263\M263Page.jsx","OTHER","@/store","False"
"C:\Users\DIYA GOEL\Downloads\EBDESIGN\frontend\src\modules\M263\M263Page.jsx","OTHER","./${className}.css","True"
"C:\Users\DIYA GOEL\Downloads\EBDESIGN\frontend\src\modules\M264\M264Page.jsx","OTHER","react","False"
"C:\Users\DIYA GOEL\Downloads\EBDESIGN\frontend\src\modules\M264\M264Page.jsx","OTHER","@/store","False"
"C:\Users\DIYA GOEL\Downloads\EBDESIGN\frontend\src\modules\M264\M264Page.jsx","OTHER","./${className}.css","True"
"C:\Users\DIYA GOEL\Downloads\EBDESIGN\frontend\src\modules\M265\M265Page.jsx","OTHER","react","False"
"C:\Users\DIYA GOEL\Downloads\EBDESIGN\frontend\src\modules\M265\M265Page.jsx","OTHER","@/store","False"
"C:\Users\DIYA GOEL\Downloads\EBDESIGN\frontend\src\modules\M265\M265Page.jsx","OTHER","./${className}.css","True"
"C:\Users\DIYA GOEL\Downloads\EBDESIGN\frontend\src\modules\M266\M266Page.jsx","OTHER","react","False"
"C:\Users\DIYA GOEL\Downloads\EBDESIGN\frontend\src\modules\M266\M266Page.jsx","OTHER","@/store","False"
"C:\Users\DIYA GOEL\Downloads\EBDESIGN\frontend\src\modules\M266\M266Page.jsx","OTHER","./${className}.css","True"
"C:\Users\DIYA GOEL\Downloads\EBDESIGN\frontend\src\modules\M267\M267Page.jsx","OTHER","react","False"
"C:\Users\DIYA GOEL\Downloads\EBDESIGN\frontend\src\modules\M267\M267Page.jsx","OTHER","@/store","False"
"C:\Users\DIYA GOEL\Downloads\EBDESIGN\frontend\src\modules\M267\M267Page.jsx","OTHER","./${className}.css","True"
"C:\Users\DIYA GOEL\Downloads\EBDESIGN\frontend\src\modules\M268\M268Page.jsx","OTHER","react","False"
"C:\Users\DIYA GOEL\Downloads\EBDESIGN\frontend\src\modules\M268\M268Page.jsx","OTHER","@/store","False"
"C:\Users\DIYA GOEL\Downloads\EBDESIGN\frontend\src\modules\M268\M268Page.jsx","OTHER","./${className}.css","True"
"C:\Users\DIYA GOEL\Downloads\EBDESIGN\frontend\src\modules\M269\M269Page.jsx","OTHER","react","False"
"C:\Users\DIYA GOEL\Downloads\EBDESIGN\frontend\src\modules\M269\M269Page.jsx","OTHER","@/store","False"
"C:\Users\DIYA GOEL\Downloads\EBDESIGN\frontend\src\modules\M269\M269Page.jsx","OTHER","./${className}.css","True"
"C:\Users\DIYA GOEL\Downloads\EBDESIGN\frontend\src\modules\M270\M270Page.jsx","OTHER","react","False"
"C:\Users\DIYA GOEL\Downloads\EBDESIGN\frontend\src\modules\M270\M270Page.jsx","OTHER","@/store","False"
"C:\Users\DIYA GOEL\Downloads\EBDESIGN\frontend\src\modules\M270\M270Page.jsx","OTHER","./${className}.css","True"
"C:\Users\DIYA GOEL\Downloads\EBDESIGN\frontend\src\modules\M271\M271Page.jsx","OTHER","react","False"
"C:\Users\DIYA GOEL\Downloads\EBDESIGN\frontend\src\modules\M271\M271Page.jsx","OTHER","@/store","False"
"C:\Users\DIYA GOEL\Downloads\EBDESIGN\frontend\src\modules\M271\M271Page.jsx","OTHER","./${className}.css","True"
"C:\Users\DIYA GOEL\Downloads\EBDESIGN\frontend\src\modules\M272\M272Page.jsx","OTHER","react","False"
"C:\Users\DIYA GOEL\Downloads\EBDESIGN\frontend\src\modules\M272\M272Page.jsx","OTHER","@/store","False"
"C:\Users\DIYA GOEL\Downloads\EBDESIGN\frontend\src\modules\M272\M272Page.jsx","OTHER","./${className}.css","True"
"C:\Users\DIYA GOEL\Downloads\EBDESIGN\frontend\src\modules\M273\M273Page.jsx","OTHER","react","False"
"C:\Users\DIYA GOEL\Downloads\EBDESIGN\frontend\src\modules\M273\M273Page.jsx","OTHER","@/store","False"
"C:\Users\DIYA GOEL\Downloads\EBDESIGN\frontend\src\modules\M273\M273Page.jsx","OTHER","./${className}.css","True"
"C:\Users\DIYA GOEL\Downloads\EBDESIGN\frontend\src\modules\M274\M274Page.jsx","OTHER","react","False"
"C:\Users\DIYA GOEL\Downloads\EBDESIGN\frontend\src\modules\M274\M274Page.jsx","OTHER","@/store","False"
"C:\Users\DIYA GOEL\Downloads\EBDESIGN\frontend\src\modules\M274\M274Page.jsx","OTHER","./${className}.css","True"
"C:\Users\DIYA GOEL\Downloads\EBDESIGN\frontend\src\modules\M275\M275Page.jsx","OTHER","react","False"
"C:\Users\DIYA GOEL\Downloads\EBDESIGN\frontend\src\modules\M275\M275Page.jsx","OTHER","@/store","False"
"C:\Users\DIYA GOEL\Downloads\EBDESIGN\frontend\src\modules\M275\M275Page.jsx","OTHER","./${className}.css","True"
"C:\Users\DIYA GOEL\Downloads\EBDESIGN\frontend\src\modules\M276\M276Page.jsx","OTHER","react","False"
"C:\Users\DIYA GOEL\Downloads\EBDESIGN\frontend\src\modules\M276\M276Page.jsx","OTHER","@/store","False"
"C:\Users\DIYA GOEL\Downloads\EBDESIGN\frontend\src\modules\M276\M276Page.jsx","OTHER","./${className}.css","True"
"C:\Users\DIYA GOEL\Downloads\EBDESIGN\frontend\src\modules\M277\M277Page.jsx","OTHER","react","False"
"C:\Users\DIYA GOEL\Downloads\EBDESIGN\frontend\src\modules\M277\M277Page.jsx","OTHER","@/store","False"
"C:\Users\DIYA GOEL\Downloads\EBDESIGN\frontend\src\modules\M277\M277Page.jsx","OTHER","./${className}.css","True"
"C:\Users\DIYA GOEL\Downloads\EBDESIGN\frontend\src\modules\M278\M278Page.jsx","OTHER","react","False"
"C:\Users\DIYA GOEL\Downloads\EBDESIGN\frontend\src\modules\M278\M278Page.jsx","OTHER","@/store","False"
"C:\Users\DIYA GOEL\Downloads\EBDESIGN\frontend\src\modules\M278\M278Page.jsx","OTHER","./${className}.css","True"
"C:\Users\DIYA GOEL\Downloads\EBDESIGN\frontend\src\modules\M279\M279Page.jsx","OTHER","react","False"
"C:\Users\DIYA GOEL\Downloads\EBDESIGN\frontend\src\modules\M279\M279Page.jsx","OTHER","@/store","False"
"C:\Users\DIYA GOEL\Downloads\EBDESIGN\frontend\src\modules\M279\M279Page.jsx","OTHER","./${className}.css","True"
"C:\Users\DIYA GOEL\Downloads\EBDESIGN\frontend\src\modules\M280\M280Page.jsx","OTHER","react","False"
"C:\Users\DIYA GOEL\Downloads\EBDESIGN\frontend\src\modules\M280\M280Page.jsx","OTHER","@/store","False"
"C:\Users\DIYA GOEL\Downloads\EBDESIGN\frontend\src\modules\M280\M280Page.jsx","OTHER","./${className}.css","True"
"C:\Users\DIYA GOEL\Downloads\EBDESIGN\frontend\src\modules\M281\M281Page.jsx","OTHER","react","False"
"C:\Users\DIYA GOEL\Downloads\EBDESIGN\frontend\src\modules\M281\M281Page.jsx","OTHER","@/store","False"
"C:\Users\DIYA GOEL\Downloads\EBDESIGN\frontend\src\modules\M281\M281Page.jsx","OTHER","./${className}.css","True"
"C:\Users\DIYA GOEL\Downloads\EBDESIGN\frontend\src\modules\M282\M282Page.jsx","OTHER","react","False"
"C:\Users\DIYA GOEL\Downloads\EBDESIGN\frontend\src\modules\M282\M282Page.jsx","OTHER","@/store","False"
"C:\Users\DIYA GOEL\Downloads\EBDESIGN\frontend\src\modules\M282\M282Page.jsx","OTHER","./${className}.css","True"
"C:\Users\DIYA GOEL\Downloads\EBDESIGN\frontend\src\modules\M283\M283Page.jsx","OTHER","react","False"
"C:\Users\DIYA GOEL\Downloads\EBDESIGN\frontend\src\modules\M283\M283Page.jsx","OTHER","@/store","False"
"C:\Users\DIYA GOEL\Downloads\EBDESIGN\frontend\src\modules\M283\M283Page.jsx","OTHER","./${className}.css","True"
"C:\Users\DIYA GOEL\Downloads\EBDESIGN\frontend\src\modules\M284\M284Page.jsx","OTHER","react","False"
"C:\Users\DIYA GOEL\Downloads\EBDESIGN\frontend\src\modules\M284\M284Page.jsx","OTHER","@/store","False"
"C:\Users\DIYA GOEL\Downloads\EBDESIGN\frontend\src\modules\M284\M284Page.jsx","OTHER","./${className}.css","True"
"C:\Users\DIYA GOEL\Downloads\EBDESIGN\frontend\src\modules\M285\M285Page.jsx","OTHER","react","False"
"C:\Users\DIYA GOEL\Downloads\EBDESIGN\frontend\src\modules\M285\M285Page.jsx","OTHER","@/store","False"
"C:\Users\DIYA GOEL\Downloads\EBDESIGN\frontend\src\modules\M285\M285Page.jsx","OTHER","./${className}.css","True"
"C:\Users\DIYA GOEL\Downloads\EBDESIGN\frontend\src\modules\M286\M286Page.jsx","OTHER","react","False"
"C:\Users\DIYA GOEL\Downloads\EBDESIGN\frontend\src\modules\M286\M286Page.jsx","OTHER","@/store","False"
"C:\Users\DIYA GOEL\Downloads\EBDESIGN\frontend\src\modules\M286\M286Page.jsx","OTHER","./${className}.css","True"
"C:\Users\DIYA GOEL\Downloads\EBDESIGN\frontend\src\modules\M287\M287Page.jsx","OTHER","react","False"
"C:\Users\DIYA GOEL\Downloads\EBDESIGN\frontend\src\modules\M287\M287Page.jsx","OTHER","@/store","False"
"C:\Users\DIYA GOEL\Downloads\EBDESIGN\frontend\src\modules\M287\M287Page.jsx","OTHER","./${className}.css","True"
"C:\Users\DIYA GOEL\Downloads\EBDESIGN\frontend\src\modules\M288\M288Page.jsx","OTHER","react","False"
"C:\Users\DIYA GOEL\Downloads\EBDESIGN\frontend\src\modules\M288\M288Page.jsx","OTHER","@/store","False"
"C:\Users\DIYA GOEL\Downloads\EBDESIGN\frontend\src\modules\M288\M288Page.jsx","OTHER","./${className}.css","True"
"C:\Users\DIYA GOEL\Downloads\EBDESIGN\frontend\src\modules\M289\M289Page.jsx","OTHER","react","False"
"C:\Users\DIYA GOEL\Downloads\EBDESIGN\frontend\src\modules\M289\M289Page.jsx","OTHER","@/store","False"
"C:\Users\DIYA GOEL\Downloads\EBDESIGN\frontend\src\modules\M289\M289Page.jsx","OTHER","./${className}.css","True"
"C:\Users\DIYA GOEL\Downloads\EBDESIGN\frontend\src\modules\M290\M290Page.jsx","OTHER","react","False"
"C:\Users\DIYA GOEL\Downloads\EBDESIGN\frontend\src\modules\M290\M290Page.jsx","OTHER","@/store","False"
"C:\Users\DIYA GOEL\Downloads\EBDESIGN\frontend\src\modules\M290\M290Page.jsx","OTHER","./${className}.css","True"
"C:\Users\DIYA GOEL\Downloads\EBDESIGN\frontend\src\modules\M291\M291Page.jsx","OTHER","react","False"
"C:\Users\DIYA GOEL\Downloads\EBDESIGN\frontend\src\modules\M291\M291Page.jsx","OTHER","@/store","False"
"C:\Users\DIYA GOEL\Downloads\EBDESIGN\frontend\src\modules\M291\M291Page.jsx","OTHER","./${className}.css","True"
"C:\Users\DIYA GOEL\Downloads\EBDESIGN\frontend\src\modules\M292\M292Page.jsx","OTHER","react","False"
"C:\Users\DIYA GOEL\Downloads\EBDESIGN\frontend\src\modules\M292\M292Page.jsx","OTHER","@/store","False"
"C:\Users\DIYA GOEL\Downloads\EBDESIGN\frontend\src\modules\M292\M292Page.jsx","OTHER","./${className}.css","True"
"C:\Users\DIYA GOEL\Downloads\EBDESIGN\frontend\src\modules\M293\M293Page.jsx","OTHER","react","False"
"C:\Users\DIYA GOEL\Downloads\EBDESIGN\frontend\src\modules\M293\M293Page.jsx","OTHER","@/store","False"
"C:\Users\DIYA GOEL\Downloads\EBDESIGN\frontend\src\modules\M293\M293Page.jsx","OTHER","./${className}.css","True"
"C:\Users\DIYA GOEL\Downloads\EBDESIGN\frontend\src\modules\M294\M294Page.jsx","OTHER","react","False"
"C:\Users\DIYA GOEL\Downloads\EBDESIGN\frontend\src\modules\M294\M294Page.jsx","OTHER","@/store","False"
"C:\Users\DIYA GOEL\Downloads\EBDESIGN\frontend\src\modules\M294\M294Page.jsx","OTHER","./${className}.css","True"
"C:\Users\DIYA GOEL\Downloads\EBDESIGN\frontend\src\modules\M295\M295Page.jsx","OTHER","react","False"
"C:\Users\DIYA GOEL\Downloads\EBDESIGN\frontend\src\modules\M295\M295Page.jsx","OTHER","@/store","False"
"C:\Users\DIYA GOEL\Downloads\EBDESIGN\frontend\src\modules\M295\M295Page.jsx","OTHER","./${className}.css","True"
"C:\Users\DIYA GOEL\Downloads\EBDESIGN\frontend\src\modules\M296\M296Page.jsx","OTHER","react","False"
"C:\Users\DIYA GOEL\Downloads\EBDESIGN\frontend\src\modules\M296\M296Page.jsx","OTHER","@/store","False"
"C:\Users\DIYA GOEL\Downloads\EBDESIGN\frontend\src\modules\M296\M296Page.jsx","OTHER","./${className}.css","True"
"C:\Users\DIYA GOEL\Downloads\EBDESIGN\frontend\src\modules\M297\M297Page.jsx","OTHER","react","False"
"C:\Users\DIYA GOEL\Downloads\EBDESIGN\frontend\src\modules\M297\M297Page.jsx","OTHER","@/store","False"
"C:\Users\DIYA GOEL\Downloads\EBDESIGN\frontend\src\modules\M297\M297Page.jsx","OTHER","./${className}.css","True"
"C:\Users\DIYA GOEL\Downloads\EBDESIGN\frontend\src\modules\M298\M298Page.jsx","OTHER","react","False"
"C:\Users\DIYA GOEL\Downloads\EBDESIGN\frontend\src\modules\M298\M298Page.jsx","OTHER","@/store","False"
"C:\Users\DIYA GOEL\Downloads\EBDESIGN\frontend\src\modules\M298\M298Page.jsx","OTHER","./${className}.css","True"
"C:\Users\DIYA GOEL\Downloads\EBDESIGN\frontend\src\modules\M299\M299Page.jsx","OTHER","react","False"
"C:\Users\DIYA GOEL\Downloads\EBDESIGN\frontend\src\modules\M299\M299Page.jsx","OTHER","@/store","False"
"C:\Users\DIYA GOEL\Downloads\EBDESIGN\frontend\src\modules\M299\M299Page.jsx","OTHER","./${className}.css","True"
"C:\Users\DIYA GOEL\Downloads\EBDESIGN\frontend\src\modules\M300\M300Page.jsx","OTHER","react","False"
"C:\Users\DIYA GOEL\Downloads\EBDESIGN\frontend\src\modules\M300\M300Page.jsx","OTHER","@/store","False"
"C:\Users\DIYA GOEL\Downloads\EBDESIGN\frontend\src\modules\M300\M300Page.jsx","OTHER","./${className}.css","True"
"C:\Users\DIYA GOEL\Downloads\EBDESIGN\frontend\src\modules\M301\M301Page.jsx","OTHER","react","False"
"C:\Users\DIYA GOEL\Downloads\EBDESIGN\frontend\src\modules\M301\M301Page.jsx","OTHER","@/store","False"
"C:\Users\DIYA GOEL\Downloads\EBDESIGN\frontend\src\modules\M301\M301Page.jsx","OTHER","./${className}.css","True"
"C:\Users\DIYA GOEL\Downloads\EBDESIGN\frontend\src\modules\M302\M302Page.jsx","OTHER","react","False"
"C:\Users\DIYA GOEL\Downloads\EBDESIGN\frontend\src\modules\M302\M302Page.jsx","OTHER","@/store","False"
"C:\Users\DIYA GOEL\Downloads\EBDESIGN\frontend\src\modules\M302\M302Page.jsx","OTHER","./${className}.css","True"
"C:\Users\DIYA GOEL\Downloads\EBDESIGN\frontend\src\modules\M303\M303Page.jsx","OTHER","react","False"
"C:\Users\DIYA GOEL\Downloads\EBDESIGN\frontend\src\modules\M303\M303Page.jsx","OTHER","@/store","False"
"C:\Users\DIYA GOEL\Downloads\EBDESIGN\frontend\src\modules\M303\M303Page.jsx","OTHER","./${className}.css","True"
"C:\Users\DIYA GOEL\Downloads\EBDESIGN\frontend\src\modules\M304\M304Page.jsx","OTHER","react","False"
"C:\Users\DIYA GOEL\Downloads\EBDESIGN\frontend\src\modules\M304\M304Page.jsx","OTHER","@/store","False"
"C:\Users\DIYA GOEL\Downloads\EBDESIGN\frontend\src\modules\M304\M304Page.jsx","OTHER","./${className}.css","True"
"C:\Users\DIYA GOEL\Downloads\EBDESIGN\frontend\src\modules\M305\M305Page.jsx","OTHER","react","False"
"C:\Users\DIYA GOEL\Downloads\EBDESIGN\frontend\src\modules\M305\M305Page.jsx","OTHER","@/store","False"
"C:\Users\DIYA GOEL\Downloads\EBDESIGN\frontend\src\modules\M305\M305Page.jsx","OTHER","./${className}.css","True"
"C:\Users\DIYA GOEL\Downloads\EBDESIGN\frontend\src\modules\M306\M306Page.jsx","OTHER","react","False"
"C:\Users\DIYA GOEL\Downloads\EBDESIGN\frontend\src\modules\M306\M306Page.jsx","OTHER","@/store","False"
"C:\Users\DIYA GOEL\Downloads\EBDESIGN\frontend\src\modules\M306\M306Page.jsx","OTHER","./${className}.css","True"
"C:\Users\DIYA GOEL\Downloads\EBDESIGN\frontend\src\modules\M307\M307Page.jsx","OTHER","react","False"
"C:\Users\DIYA GOEL\Downloads\EBDESIGN\frontend\src\modules\M307\M307Page.jsx","OTHER","@/store","False"
"C:\Users\DIYA GOEL\Downloads\EBDESIGN\frontend\src\modules\M307\M307Page.jsx","OTHER","./${className}.css","True"
"C:\Users\DIYA GOEL\Downloads\EBDESIGN\frontend\src\modules\M308\M308Page.jsx","OTHER","react","False"
"C:\Users\DIYA GOEL\Downloads\EBDESIGN\frontend\src\modules\M308\M308Page.jsx","OTHER","@/store","False"
"C:\Users\DIYA GOEL\Downloads\EBDESIGN\frontend\src\modules\M308\M308Page.jsx","OTHER","./${className}.css","True"
"C:\Users\DIYA GOEL\Downloads\EBDESIGN\frontend\src\modules\M309\M309Page.jsx","OTHER","react","False"
"C:\Users\DIYA GOEL\Downloads\EBDESIGN\frontend\src\modules\M309\M309Page.jsx","OTHER","@/store","False"
"C:\Users\DIYA GOEL\Downloads\EBDESIGN\frontend\src\modules\M309\M309Page.jsx","OTHER","./${className}.css","True"
"C:\Users\DIYA GOEL\Downloads\EBDESIGN\frontend\src\modules\M310\M310Page.jsx","OTHER","react","False"
"C:\Users\DIYA GOEL\Downloads\EBDESIGN\frontend\src\modules\M310\M310Page.jsx","OTHER","@/store","False"
"C:\Users\DIYA GOEL\Downloads\EBDESIGN\frontend\src\modules\M310\M310Page.jsx","OTHER","./${className}.css","True"
"C:\Users\DIYA GOEL\Downloads\EBDESIGN\frontend\src\modules\M311\M311Page.jsx","OTHER","react","False"
"C:\Users\DIYA GOEL\Downloads\EBDESIGN\frontend\src\modules\M311\M311Page.jsx","OTHER","@/store","False"
"C:\Users\DIYA GOEL\Downloads\EBDESIGN\frontend\src\modules\M311\M311Page.jsx","OTHER","./${className}.css","True"
"C:\Users\DIYA GOEL\Downloads\EBDESIGN\frontend\src\modules\M312\M312Page.jsx","OTHER","react","False"
"C:\Users\DIYA GOEL\Downloads\EBDESIGN\frontend\src\modules\M312\M312Page.jsx","OTHER","@/store","False"
"C:\Users\DIYA GOEL\Downloads\EBDESIGN\frontend\src\modules\M312\M312Page.jsx","OTHER","./${className}.css","True"
"C:\Users\DIYA GOEL\Downloads\EBDESIGN\frontend\src\modules\M313\M313Page.jsx","OTHER","react","False"
"C:\Users\DIYA GOEL\Downloads\EBDESIGN\frontend\src\modules\M313\M313Page.jsx","OTHER","@/store","False"
"C:\Users\DIYA GOEL\Downloads\EBDESIGN\frontend\src\modules\M313\M313Page.jsx","OTHER","./${className}.css","True"
"C:\Users\DIYA GOEL\Downloads\EBDESIGN\frontend\src\modules\M314\M314Page.jsx","OTHER","react","False"
"C:\Users\DIYA GOEL\Downloads\EBDESIGN\frontend\src\modules\M314\M314Page.jsx","OTHER","@/store","False"
"C:\Users\DIYA GOEL\Downloads\EBDESIGN\frontend\src\modules\M314\M314Page.jsx","OTHER","./${className}.css","True"
"C:\Users\DIYA GOEL\Downloads\EBDESIGN\frontend\src\modules\M315\M315Page.jsx","OTHER","react","False"
"C:\Users\DIYA GOEL\Downloads\EBDESIGN\frontend\src\modules\M315\M315Page.jsx","OTHER","@/store","False"
"C:\Users\DIYA GOEL\Downloads\EBDESIGN\frontend\src\modules\M315\M315Page.jsx","OTHER","./${className}.css","True"
"C:\Users\DIYA GOEL\Downloads\EBDESIGN\frontend\src\modules\M316\M316Page.jsx","OTHER","react","False"
"C:\Users\DIYA GOEL\Downloads\EBDESIGN\frontend\src\modules\M316\M316Page.jsx","OTHER","@/store","False"
"C:\Users\DIYA GOEL\Downloads\EBDESIGN\frontend\src\modules\M316\M316Page.jsx","OTHER","./${className}.css","True"
"C:\Users\DIYA GOEL\Downloads\EBDESIGN\frontend\src\modules\M317\M317Page.jsx","OTHER","react","False"
"C:\Users\DIYA GOEL\Downloads\EBDESIGN\frontend\src\modules\M317\M317Page.jsx","OTHER","@/store","False"
"C:\Users\DIYA GOEL\Downloads\EBDESIGN\frontend\src\modules\M317\M317Page.jsx","OTHER","./${className}.css","True"
"C:\Users\DIYA GOEL\Downloads\EBDESIGN\frontend\src\modules\M318\M318Page.jsx","OTHER","react","False"
"C:\Users\DIYA GOEL\Downloads\EBDESIGN\frontend\src\modules\M318\M318Page.jsx","OTHER","@/store","False"
"C:\Users\DIYA GOEL\Downloads\EBDESIGN\frontend\src\modules\M318\M318Page.jsx","OTHER","./${className}.css","True"
"C:\Users\DIYA GOEL\Downloads\EBDESIGN\frontend\src\modules\M319\M319Page.jsx","OTHER","react","False"
"C:\Users\DIYA GOEL\Downloads\EBDESIGN\frontend\src\modules\M319\M319Page.jsx","OTHER","@/store","False"
"C:\Users\DIYA GOEL\Downloads\EBDESIGN\frontend\src\modules\M319\M319Page.jsx","OTHER","./${className}.css","True"
"C:\Users\DIYA GOEL\Downloads\EBDESIGN\frontend\src\modules\M320\M320Page.jsx","OTHER","react","False"
"C:\Users\DIYA GOEL\Downloads\EBDESIGN\frontend\src\modules\M320\M320Page.jsx","OTHER","@/store","False"
"C:\Users\DIYA GOEL\Downloads\EBDESIGN\frontend\src\modules\M320\M320Page.jsx","OTHER","./${className}.css","True"
"C:\Users\DIYA GOEL\Downloads\EBDESIGN\frontend\src\modules\M321\M321Page.jsx","OTHER","react","False"
"C:\Users\DIYA GOEL\Downloads\EBDESIGN\frontend\src\modules\M321\M321Page.jsx","OTHER","@/store","False"
"C:\Users\DIYA GOEL\Downloads\EBDESIGN\frontend\src\modules\M321\M321Page.jsx","OTHER","./${className}.css","True"
"C:\Users\DIYA GOEL\Downloads\EBDESIGN\frontend\src\modules\M322\M322Page.jsx","OTHER","react","False"
"C:\Users\DIYA GOEL\Downloads\EBDESIGN\frontend\src\modules\M322\M322Page.jsx","OTHER","@/store","False"
"C:\Users\DIYA GOEL\Downloads\EBDESIGN\frontend\src\modules\M322\M322Page.jsx","OTHER","./${className}.css","True"
"C:\Users\DIYA GOEL\Downloads\EBDESIGN\frontend\src\modules\M323\M323Page.jsx","OTHER","react","False"
"C:\Users\DIYA GOEL\Downloads\EBDESIGN\frontend\src\modules\M323\M323Page.jsx","OTHER","@/store","False"
"C:\Users\DIYA GOEL\Downloads\EBDESIGN\frontend\src\modules\M323\M323Page.jsx","OTHER","./${className}.css","True"
"C:\Users\DIYA GOEL\Downloads\EBDESIGN\frontend\src\modules\M324\M324Page.jsx","OTHER","react","False"
"C:\Users\DIYA GOEL\Downloads\EBDESIGN\frontend\src\modules\M324\M324Page.jsx","OTHER","@/store","False"
"C:\Users\DIYA GOEL\Downloads\EBDESIGN\frontend\src\modules\M324\M324Page.jsx","OTHER","./${className}.css","True"
"C:\Users\DIYA GOEL\Downloads\EBDESIGN\frontend\src\modules\M325\M325Page.jsx","OTHER","react","False"
"C:\Users\DIYA GOEL\Downloads\EBDESIGN\frontend\src\modules\M325\M325Page.jsx","OTHER","@/store","False"
"C:\Users\DIYA GOEL\Downloads\EBDESIGN\frontend\src\modules\M325\M325Page.jsx","OTHER","./${className}.css","True"
"C:\Users\DIYA GOEL\Downloads\EBDESIGN\frontend\src\modules\M326\M326Page.jsx","OTHER","react","False"
"C:\Users\DIYA GOEL\Downloads\EBDESIGN\frontend\src\modules\M326\M326Page.jsx","OTHER","@/store","False"
"C:\Users\DIYA GOEL\Downloads\EBDESIGN\frontend\src\modules\M326\M326Page.jsx","OTHER","./${className}.css","True"
"C:\Users\DIYA GOEL\Downloads\EBDESIGN\frontend\src\modules\M327\M327Page.jsx","OTHER","react","False"
"C:\Users\DIYA GOEL\Downloads\EBDESIGN\frontend\src\modules\M327\M327Page.jsx","OTHER","@/store","False"
"C:\Users\DIYA GOEL\Downloads\EBDESIGN\frontend\src\modules\M327\M327Page.jsx","OTHER","./${className}.css","True"
"C:\Users\DIYA GOEL\Downloads\EBDESIGN\frontend\src\modules\M328\M328Page.jsx","OTHER","react","False"
"C:\Users\DIYA GOEL\Downloads\EBDESIGN\frontend\src\modules\M328\M328Page.jsx","OTHER","@/store","False"
"C:\Users\DIYA GOEL\Downloads\EBDESIGN\frontend\src\modules\M328\M328Page.jsx","OTHER","./${className}.css","True"
"C:\Users\DIYA GOEL\Downloads\EBDESIGN\frontend\src\modules\M329\M329Page.jsx","OTHER","react","False"
"C:\Users\DIYA GOEL\Downloads\EBDESIGN\frontend\src\modules\M329\M329Page.jsx","OTHER","@/store","False"
"C:\Users\DIYA GOEL\Downloads\EBDESIGN\frontend\src\modules\M329\M329Page.jsx","OTHER","./${className}.css","True"
"C:\Users\DIYA GOEL\Downloads\EBDESIGN\frontend\src\modules\M330\M330Page.jsx","OTHER","react","False"
"C:\Users\DIYA GOEL\Downloads\EBDESIGN\frontend\src\modules\M330\M330Page.jsx","OTHER","@/store","False"
"C:\Users\DIYA GOEL\Downloads\EBDESIGN\frontend\src\modules\M330\M330Page.jsx","OTHER","./${className}.css","True"
"C:\Users\DIYA GOEL\Downloads\EBDESIGN\frontend\src\modules\M331\M331Page.jsx","OTHER","react","False"
"C:\Users\DIYA GOEL\Downloads\EBDESIGN\frontend\src\modules\M331\M331Page.jsx","OTHER","@/store","False"
"C:\Users\DIYA GOEL\Downloads\EBDESIGN\frontend\src\modules\M331\M331Page.jsx","OTHER","./${className}.css","True"
"C:\Users\DIYA GOEL\Downloads\EBDESIGN\frontend\src\modules\M332\M332Page.jsx","OTHER","react","False"
"C:\Users\DIYA GOEL\Downloads\EBDESIGN\frontend\src\modules\M332\M332Page.jsx","OTHER","@/store","False"
"C:\Users\DIYA GOEL\Downloads\EBDESIGN\frontend\src\modules\M332\M332Page.jsx","OTHER","./${className}.css","True"
"C:\Users\DIYA GOEL\Downloads\EBDESIGN\frontend\src\modules\M333\M333Page.jsx","OTHER","react","False"
"C:\Users\DIYA GOEL\Downloads\EBDESIGN\frontend\src\modules\M333\M333Page.jsx","OTHER","@/store","False"
"C:\Users\DIYA GOEL\Downloads\EBDESIGN\frontend\src\modules\M333\M333Page.jsx","OTHER","./${className}.css","True"
"C:\Users\DIYA GOEL\Downloads\EBDESIGN\frontend\src\modules\M334\M334Page.jsx","OTHER","react","False"
"C:\Users\DIYA GOEL\Downloads\EBDESIGN\frontend\src\modules\M334\M334Page.jsx","OTHER","@/store","False"
"C:\Users\DIYA GOEL\Downloads\EBDESIGN\frontend\src\modules\M334\M334Page.jsx","OTHER","./${className}.css","True"
"C:\Users\DIYA GOEL\Downloads\EBDESIGN\frontend\src\modules\M335\M335Page.jsx","OTHER","react","False"
"C:\Users\DIYA GOEL\Downloads\EBDESIGN\frontend\src\modules\M335\M335Page.jsx","OTHER","@/store","False"
"C:\Users\DIYA GOEL\Downloads\EBDESIGN\frontend\src\modules\M335\M335Page.jsx","OTHER","./${className}.css","True"
"C:\Users\DIYA GOEL\Downloads\EBDESIGN\frontend\src\modules\M336\M336Page.jsx","OTHER","react","False"
"C:\Users\DIYA GOEL\Downloads\EBDESIGN\frontend\src\modules\M336\M336Page.jsx","OTHER","@/store","False"
"C:\Users\DIYA GOEL\Downloads\EBDESIGN\frontend\src\modules\M336\M336Page.jsx","OTHER","./${className}.css","True"
"C:\Users\DIYA GOEL\Downloads\EBDESIGN\frontend\src\modules\M337\M337Page.jsx","OTHER","react","False"
"C:\Users\DIYA GOEL\Downloads\EBDESIGN\frontend\src\modules\M337\M337Page.jsx","OTHER","@/store","False"
"C:\Users\DIYA GOEL\Downloads\EBDESIGN\frontend\src\modules\M337\M337Page.jsx","OTHER","./${className}.css","True"
"C:\Users\DIYA GOEL\Downloads\EBDESIGN\frontend\src\modules\M338\M338Page.jsx","OTHER","react","False"
"C:\Users\DIYA GOEL\Downloads\EBDESIGN\frontend\src\modules\M338\M338Page.jsx","OTHER","@/store","False"
"C:\Users\DIYA GOEL\Downloads\EBDESIGN\frontend\src\modules\M338\M338Page.jsx","OTHER","./${className}.css","True"
"C:\Users\DIYA GOEL\Downloads\EBDESIGN\frontend\src\modules\M339\M339Page.jsx","OTHER","react","False"
"C:\Users\DIYA GOEL\Downloads\EBDESIGN\frontend\src\modules\M339\M339Page.jsx","OTHER","@/store","False"
"C:\Users\DIYA GOEL\Downloads\EBDESIGN\frontend\src\modules\M339\M339Page.jsx","OTHER","./${className}.css","True"
"C:\Users\DIYA GOEL\Downloads\EBDESIGN\frontend\src\modules\M340\M340Page.jsx","OTHER","react","False"
"C:\Users\DIYA GOEL\Downloads\EBDESIGN\frontend\src\modules\M340\M340Page.jsx","OTHER","@/store","False"
"C:\Users\DIYA GOEL\Downloads\EBDESIGN\frontend\src\modules\M340\M340Page.jsx","OTHER","./${className}.css","True"
"C:\Users\DIYA GOEL\Downloads\EBDESIGN\frontend\src\modules\M341\M341Page.jsx","OTHER","react","False"
"C:\Users\DIYA GOEL\Downloads\EBDESIGN\frontend\src\modules\M341\M341Page.jsx","OTHER","@/store","False"
"C:\Users\DIYA GOEL\Downloads\EBDESIGN\frontend\src\modules\M341\M341Page.jsx","OTHER","./${className}.css","True"
"C:\Users\DIYA GOEL\Downloads\EBDESIGN\frontend\src\modules\M342\M342Page.jsx","OTHER","react","False"
"C:\Users\DIYA GOEL\Downloads\EBDESIGN\frontend\src\modules\M342\M342Page.jsx","OTHER","@/store","False"
"C:\Users\DIYA GOEL\Downloads\EBDESIGN\frontend\src\modules\M342\M342Page.jsx","OTHER","./${className}.css","True"
"C:\Users\DIYA GOEL\Downloads\EBDESIGN\frontend\src\modules\M343\M343Page.jsx","OTHER","react","False"
"C:\Users\DIYA GOEL\Downloads\EBDESIGN\frontend\src\modules\M343\M343Page.jsx","OTHER","@/store","False"
"C:\Users\DIYA GOEL\Downloads\EBDESIGN\frontend\src\modules\M343\M343Page.jsx","OTHER","./${className}.css","True"
"C:\Users\DIYA GOEL\Downloads\EBDESIGN\frontend\src\modules\M344\M344Page.jsx","OTHER","react","False"
"C:\Users\DIYA GOEL\Downloads\EBDESIGN\frontend\src\modules\M344\M344Page.jsx","OTHER","@/store","False"
"C:\Users\DIYA GOEL\Downloads\EBDESIGN\frontend\src\modules\M344\M344Page.jsx","OTHER","./${className}.css","True"
"C:\Users\DIYA GOEL\Downloads\EBDESIGN\frontend\src\pages\AboutPage.jsx","PAGE","react","False"
"C:\Users\DIYA GOEL\Downloads\EBDESIGN\frontend\src\pages\AccessibilityPage.jsx","PAGE","react","False"
"C:\Users\DIYA GOEL\Downloads\EBDESIGN\frontend\src\pages\AccountPage.jsx","PAGE","react","False"
"C:\Users\DIYA GOEL\Downloads\EBDESIGN\frontend\src\pages\ActivityPage.jsx","PAGE","react","False"
"C:\Users\DIYA GOEL\Downloads\EBDESIGN\frontend\src\pages\AdminDashboardPage.jsx","PAGE","react","False"
"C:\Users\DIYA GOEL\Downloads\EBDESIGN\frontend\src\pages\AdminDashboardPage.jsx","PAGE","@tanstack/react-query","False"
"C:\Users\DIYA GOEL\Downloads\EBDESIGN\frontend\src\pages\AdminDashboardPage.jsx","PAGE","lucide-react","False"
"C:\Users\DIYA GOEL\Downloads\EBDESIGN\frontend\src\pages\AdminDashboardPage.jsx","PAGE","../services/api","True"
"C:\Users\DIYA GOEL\Downloads\EBDESIGN\frontend\src\pages\AdvancedAnalyticsDashboard.jsx","PAGE","react","False"
"C:\Users\DIYA GOEL\Downloads\EBDESIGN\frontend\src\pages\AdvancedAnalyticsDashboard.jsx","PAGE","@tanstack/react-query","False"
"C:\Users\DIYA GOEL\Downloads\EBDESIGN\frontend\src\pages\AdvancedAnalyticsDashboard.jsx","PAGE","../components/ui/card","True"
"C:\Users\DIYA GOEL\Downloads\EBDESIGN\frontend\src\pages\AdvancedAnalyticsDashboard.jsx","PAGE","../components/ui/button","True"
"C:\Users\DIYA GOEL\Downloads\EBDESIGN\frontend\src\pages\AdvancedAnalyticsDashboard.jsx","PAGE","../components/ui/enhancedComponents","True"
"C:\Users\DIYA GOEL\Downloads\EBDESIGN\frontend\src\pages\AdvancedAnalyticsDashboard.jsx","PAGE","../components/ErrorBoundary/EnhancedErrorBoundary","True"
"C:\Users\DIYA GOEL\Downloads\EBDESIGN\frontend\src\pages\AdvancedAnalyticsDashboard.jsx","PAGE","../services/api","True"
"C:\Users\DIYA GOEL\Downloads\EBDESIGN\frontend\src\pages\AdvancedMedicalCodingPage.jsx","PAGE","react","False"
"C:\Users\DIYA GOEL\Downloads\EBDESIGN\frontend\src\pages\AdvancedMedicalCodingPage.jsx","PAGE","@/components/ui/card","False"
"C:\Users\DIYA GOEL\Downloads\EBDESIGN\frontend\src\pages\AdvancedMedicalCodingPage.jsx","PAGE","@/components/ui/button","False"
"C:\Users\DIYA GOEL\Downloads\EBDESIGN\frontend\src\pages\AdvancedMedicalCodingPage.jsx","PAGE","@/components/ui/input","False"
"C:\Users\DIYA GOEL\Downloads\EBDESIGN\frontend\src\pages\AdvancedMedicalCodingPage.jsx","PAGE","@/components/ui/select","False"
"C:\Users\DIYA GOEL\Downloads\EBDESIGN\frontend\src\pages\AdvancedMedicalCodingPage.jsx","PAGE","@/components/ui/tabs","False"
"C:\Users\DIYA GOEL\Downloads\EBDESIGN\frontend\src\pages\AdvancedMedicalCodingPage.jsx","PAGE","@/components/ui/badge","False"
"C:\Users\DIYA GOEL\Downloads\EBDESIGN\frontend\src\pages\AdvancedMedicalCodingPage.jsx","PAGE","lucide-react","False"
"C:\Users\DIYA GOEL\Downloads\EBDESIGN\frontend\src\pages\AdvancedMedicalCodingPage.jsx","PAGE","@/services/api","False"
"C:\Users\DIYA GOEL\Downloads\EBDESIGN\frontend\src\pages\AdvancedMedicalCodingPage.jsx","PAGE","react-hot-toast","False"
"C:\Users\DIYA GOEL\Downloads\EBDESIGN\frontend\src\pages\AdvancedPage.jsx","PAGE","react","False"
"C:\Users\DIYA GOEL\Downloads\EBDESIGN\frontend\src\pages\AdvancedSearchPage.jsx","PAGE","react","False"
"C:\Users\DIYA GOEL\Downloads\EBDESIGN\frontend\src\pages\AdvancedSearchPage.jsx","PAGE","lucide-react","False"
"C:\Users\DIYA GOEL\Downloads\EBDESIGN\frontend\src\pages\AdvancedSearchPage.jsx","PAGE","../services/api","True"
"C:\Users\DIYA GOEL\Downloads\EBDESIGN\frontend\src\pages\AgriculturalIntelligencePage.jsx","PAGE","lucide-react","False"
"C:\Users\DIYA GOEL\Downloads\EBDESIGN\frontend\src\pages\AgriculturalIntelligencePage.jsx","PAGE","../services/api","True"
"C:\Users\DIYA GOEL\Downloads\EBDESIGN\frontend\src\pages\AgriculturalIntelligencePage.jsx","PAGE","../components/common/ActionCard","True"
"C:\Users\DIYA GOEL\Downloads\EBDESIGN\frontend\src\pages\AIAgentPage.jsx","PAGE","react","False"
"C:\Users\DIYA GOEL\Downloads\EBDESIGN\frontend\src\pages\AIAgentPage.jsx","PAGE","lucide-react","False"
"C:\Users\DIYA GOEL\Downloads\EBDESIGN\frontend\src\pages\AIAgentPage.jsx","PAGE","../services/api","True"
"C:\Users\DIYA GOEL\Downloads\EBDESIGN\frontend\src\pages\AIAgentPage.jsx","PAGE","../services/aiDecisionService","True"
"C:\Users\DIYA GOEL\Downloads\EBDESIGN\frontend\src\pages\AIAgentPage.jsx","PAGE","../components/common/ActionCard","True"
"C:\Users\DIYA GOEL\Downloads\EBDESIGN\frontend\src\pages\AIBackbonePage.jsx","PAGE","react","False"
"C:\Users\DIYA GOEL\Downloads\EBDESIGN\frontend\src\pages\AIBackbonePage.jsx","PAGE","@tanstack/react-query","False"
"C:\Users\DIYA GOEL\Downloads\EBDESIGN\frontend\src\pages\AIBackbonePage.jsx","PAGE","react-hot-toast","False"
"C:\Users\DIYA GOEL\Downloads\EBDESIGN\frontend\src\pages\AIBackbonePage.jsx","PAGE","lucide-react","False"
"C:\Users\DIYA GOEL\Downloads\EBDESIGN\frontend\src\pages\AIBackbonePage.jsx","PAGE","../services/api","True"
"C:\Users\DIYA GOEL\Downloads\EBDESIGN\frontend\src\pages\AIBackbonePage.jsx","PAGE","../components/common/DataPrimitives","True"
"C:\Users\DIYA GOEL\Downloads\EBDESIGN\frontend\src\pages\AIBackbonePage.jsx","PAGE","../components/ui/card","True"
"C:\Users\DIYA GOEL\Downloads\EBDESIGN\frontend\src\pages\AIBackbonePage.jsx","PAGE","../components/ui/badge","True"
"C:\Users\DIYA GOEL\Downloads\EBDESIGN\frontend\src\pages\AIBackbonePage.jsx","PAGE","../components/ui/button","True"
"C:\Users\DIYA GOEL\Downloads\EBDESIGN\frontend\src\pages\AIBrainPage.jsx","PAGE","react","False"
"C:\Users\DIYA GOEL\Downloads\EBDESIGN\frontend\src\pages\AIBrainPage.jsx","PAGE","lucide-react","False"
"C:\Users\DIYA GOEL\Downloads\EBDESIGN\frontend\src\pages\AIBrainPage.jsx","PAGE","../services/api","True"
"C:\Users\DIYA GOEL\Downloads\EBDESIGN\frontend\src\pages\AIBrainPage.jsx","PAGE","../services/aiDecisionService","True"
"C:\Users\DIYA GOEL\Downloads\EBDESIGN\frontend\src\pages\AIBrainPage.jsx","PAGE","../components/common/ActionCard","True"
"C:\Users\DIYA GOEL\Downloads\EBDESIGN\frontend\src\pages\AIChatPage.jsx","PAGE","react","False"
"C:\Users\DIYA GOEL\Downloads\EBDESIGN\frontend\src\pages\AIChatPage.jsx","PAGE","../components/AI/AIChat","True"
"C:\Users\DIYA GOEL\Downloads\EBDESIGN\frontend\src\pages\AICollaborationPage.jsx","PAGE","../components/AI/AICollaborationDashboard","True"
"C:\Users\DIYA GOEL\Downloads\EBDESIGN\frontend\src\pages\AIDashboard.jsx","PAGE","react","False"
"C:\Users\DIYA GOEL\Downloads\EBDESIGN\frontend\src\pages\AIDashboard.jsx","PAGE","@tanstack/react-query","False"
"C:\Users\DIYA GOEL\Downloads\EBDESIGN\frontend\src\pages\AIDashboard.jsx","PAGE","../services/api","True"
"C:\Users\DIYA GOEL\Downloads\EBDESIGN\frontend\src\pages\AIDashboardPage.jsx","PAGE","react","False"
"C:\Users\DIYA GOEL\Downloads\EBDESIGN\frontend\src\pages\AIOperationIntelligencePage.jsx","PAGE","react","False"
"C:\Users\DIYA GOEL\Downloads\EBDESIGN\frontend\src\pages\AIOperationIntelligencePage.jsx","PAGE","lucide-react","False"
"C:\Users\DIYA GOEL\Downloads\EBDESIGN\frontend\src\pages\AIOperationIntelligencePage.jsx","PAGE","../services/api","True"
"C:\Users\DIYA GOEL\Downloads\EBDESIGN\frontend\src\pages\AIOperationIntelligencePage.jsx","PAGE","../services/aiDecisionService","True"
"C:\Users\DIYA GOEL\Downloads\EBDESIGN\frontend\src\pages\AIOperationIntelligencePage.jsx","PAGE","../components/common/ActionCard","True"
"C:\Users\DIYA GOEL\Downloads\EBDESIGN\frontend\src\pages\AIProductStudioPage.jsx","PAGE","react","False"
"C:\Users\DIYA GOEL\Downloads\EBDESIGN\frontend\src\pages\AIProductStudioPage.jsx","PAGE","@tanstack/react-query","False"
"C:\Users\DIYA GOEL\Downloads\EBDESIGN\frontend\src\pages\AIProductStudioPage.jsx","PAGE","lucide-react","False"
"C:\Users\DIYA GOEL\Downloads\EBDESIGN\frontend\src\pages\AIProductStudioPage.jsx","PAGE","../services/api","True"
"C:\Users\DIYA GOEL\Downloads\EBDESIGN\frontend\src\pages\AIProductStudioPage.jsx","PAGE","../utils/aiStudio","True"
"C:\Users\DIYA GOEL\Downloads\EBDESIGN\frontend\src\pages\AISelfHealingPage.jsx","PAGE","react","False"
"C:\Users\DIYA GOEL\Downloads\EBDESIGN\frontend\src\pages\AISelfHealingPage.jsx","PAGE","lucide-react","False"
"C:\Users\DIYA GOEL\Downloads\EBDESIGN\frontend\src\pages\AISelfHealingPage.jsx","PAGE","../services/api","True"
"C:\Users\DIYA GOEL\Downloads\EBDESIGN\frontend\src\pages\AISelfHealingPage.jsx","PAGE","../services/aiDecisionService","True"
"C:\Users\DIYA GOEL\Downloads\EBDESIGN\frontend\src\pages\AISelfHealingPage.jsx","PAGE","../components/common/ActionCard","True"
"C:\Users\DIYA GOEL\Downloads\EBDESIGN\frontend\src\pages\AnalyticsPage.jsx","PAGE","react","False"
"C:\Users\DIYA GOEL\Downloads\EBDESIGN\frontend\src\pages\AnimalHealthPage.jsx","PAGE","react","False"
"C:\Users\DIYA GOEL\Downloads\EBDESIGN\frontend\src\pages\AnimalHealthPage.jsx","PAGE","@tanstack/react-query","False"
"C:\Users\DIYA GOEL\Downloads\EBDESIGN\frontend\src\pages\AnimalHealthPage.jsx","PAGE","../services/api","True"
"C:\Users\DIYA GOEL\Downloads\EBDESIGN\frontend\src\pages\AnimalHealthPage.jsx","PAGE","lucide-react","False"
"C:\Users\DIYA GOEL\Downloads\EBDESIGN\frontend\src\pages\AnimalHealthPage.jsx","PAGE","react-hot-toast","False"
"C:\Users\DIYA GOEL\Downloads\EBDESIGN\frontend\src\pages\AnimalHealthPage.jsx","PAGE","../components/common/Modal","True"
"C:\Users\DIYA GOEL\Downloads\EBDESIGN\frontend\src\pages\ArchivePage.jsx","PAGE","react","False"
"C:\Users\DIYA GOEL\Downloads\EBDESIGN\frontend\src\pages\AssetAccountingPage.jsx","PAGE","react","False"
"C:\Users\DIYA GOEL\Downloads\EBDESIGN\frontend\src\pages\AssetAccountingPage.jsx","PAGE","../services/api","True"
"C:\Users\DIYA GOEL\Downloads\EBDESIGN\frontend\src\pages\AssetAccountingPage.jsx","PAGE","../components/common/DataPrimitives","True"
"C:\Users\DIYA GOEL\Downloads\EBDESIGN\frontend\src\pages\AssetAccountingPage.jsx","PAGE","../components/common/ResourceManager","True"
"C:\Users\DIYA GOEL\Downloads\EBDESIGN\frontend\src\pages\AssetLifecycleManagementPage.jsx","PAGE","../components/common/ModuleOperationPanel","True"
"C:\Users\DIYA GOEL\Downloads\EBDESIGN\frontend\src\pages\AuditReportPage.jsx","PAGE","react","False"
"C:\Users\DIYA GOEL\Downloads\EBDESIGN\frontend\src\pages\AuditReportPage.jsx","PAGE","../components/ui/card","True"
"C:\Users\DIYA GOEL\Downloads\EBDESIGN\frontend\src\pages\AuditReportPage.jsx","PAGE","../components/ui/button","True"
"C:\Users\DIYA GOEL\Downloads\EBDESIGN\frontend\src\pages\AuditReportPage.jsx","PAGE","lucide-react","False"
"C:\Users\DIYA GOEL\Downloads\EBDESIGN\frontend\src\pages\AuthorizationPage.jsx","PAGE","react","False"
"C:\Users\DIYA GOEL\Downloads\EBDESIGN\frontend\src\pages\AuthorizationPage.jsx","PAGE","@tanstack/react-query","False"
"C:\Users\DIYA GOEL\Downloads\EBDESIGN\frontend\src\pages\AuthorizationPage.jsx","PAGE","../services/api","True"
"C:\Users\DIYA GOEL\Downloads\EBDESIGN\frontend\src\pages\AuthorizationPage.jsx","PAGE","lucide-react","False"
"C:\Users\DIYA GOEL\Downloads\EBDESIGN\frontend\src\pages\AuthorizationPage.jsx","PAGE","react-hot-toast","False"
"C:\Users\DIYA GOEL\Downloads\EBDESIGN\frontend\src\pages\B2BMarketplace.jsx","PAGE","react","False"
"C:\Users\DIYA GOEL\Downloads\EBDESIGN\frontend\src\pages\B2BMarketplace.jsx","PAGE","@tanstack/react-query","False"
"C:\Users\DIYA GOEL\Downloads\EBDESIGN\frontend\src\pages\B2BMarketplace.jsx","PAGE","../services/api","True"
"C:\Users\DIYA GOEL\Downloads\EBDESIGN\frontend\src\pages\B2BMarketplace.jsx","PAGE","react-hot-toast","False"
"C:\Users\DIYA GOEL\Downloads\EBDESIGN\frontend\src\pages\BackupPage.jsx","PAGE","react","False"
"C:\Users\DIYA GOEL\Downloads\EBDESIGN\frontend\src\pages\BankerDashboardPage.jsx","PAGE","react","False"
"C:\Users\DIYA GOEL\Downloads\EBDESIGN\frontend\src\pages\BankerDashboardPage.jsx","PAGE","@tanstack/react-query","False"
"C:\Users\DIYA GOEL\Downloads\EBDESIGN\frontend\src\pages\BankerDashboardPage.jsx","PAGE","lucide-react","False"
"C:\Users\DIYA GOEL\Downloads\EBDESIGN\frontend\src\pages\BankerDashboardPage.jsx","PAGE","../services/api","True"
"C:\Users\DIYA GOEL\Downloads\EBDESIGN\frontend\src\pages\BankPassportPage.jsx","PAGE","react","False"
"C:\Users\DIYA GOEL\Downloads\EBDESIGN\frontend\src\pages\BankPassportPage.jsx","PAGE","../components/ui/card","True"
"C:\Users\DIYA GOEL\Downloads\EBDESIGN\frontend\src\pages\BankPassportPage.jsx","PAGE","../components/ui/button","True"
"C:\Users\DIYA GOEL\Downloads\EBDESIGN\frontend\src\pages\BankPassportPage.jsx","PAGE","lucide-react","False"
"C:\Users\DIYA GOEL\Downloads\EBDESIGN\frontend\src\pages\BankPassportPage.jsx","PAGE","react-hot-toast","False"
"C:\Users\DIYA GOEL\Downloads\EBDESIGN\frontend\src\pages\BankPassportPage.jsx","PAGE","../services/api","True"
"C:\Users\DIYA GOEL\Downloads\EBDESIGN\frontend\src\pages\BillingPage.jsx","PAGE","react","False"
"C:\Users\DIYA GOEL\Downloads\EBDESIGN\frontend\src\pages\BlockchainVerificationPage.jsx","PAGE","react","False"
"C:\Users\DIYA GOEL\Downloads\EBDESIGN\frontend\src\pages\BlockchainVerificationPage.jsx","PAGE","@tanstack/react-query","False"
"C:\Users\DIYA GOEL\Downloads\EBDESIGN\frontend\src\pages\BlockchainVerificationPage.jsx","PAGE","../components/ui/card","True"
"C:\Users\DIYA GOEL\Downloads\EBDESIGN\frontend\src\pages\BlockchainVerificationPage.jsx","PAGE","../components/ui/button","True"
"C:\Users\DIYA GOEL\Downloads\EBDESIGN\frontend\src\pages\BlockchainVerificationPage.jsx","PAGE","../components/ui/input","True"
"C:\Users\DIYA GOEL\Downloads\EBDESIGN\frontend\src\pages\BlockchainVerificationPage.jsx","PAGE","../components/ui/badge","True"
"C:\Users\DIYA GOEL\Downloads\EBDESIGN\frontend\src\pages\BlockchainVerificationPage.jsx","PAGE","../components/ui/enhancedComponents","True"
"C:\Users\DIYA GOEL\Downloads\EBDESIGN\frontend\src\pages\BlockchainVerificationPage.jsx","PAGE","../services/api","True"
"C:\Users\DIYA GOEL\Downloads\EBDESIGN\frontend\src\pages\BreakdownMaintenancePage.jsx","PAGE","../components/common/ModuleOperationPanel","True"
"C:\Users\DIYA GOEL\Downloads\EBDESIGN\frontend\src\pages\BrowsePage.jsx","PAGE","react","False"
"C:\Users\DIYA GOEL\Downloads\EBDESIGN\frontend\src\pages\BulkOrderPage.jsx","PAGE","react","False"
"C:\Users\DIYA GOEL\Downloads\EBDESIGN\frontend\src\pages\BulkOrderPage.jsx","PAGE","@tanstack/react-query","False"
"C:\Users\DIYA GOEL\Downloads\EBDESIGN\frontend\src\pages\BulkOrderPage.jsx","PAGE","react-router-dom","False"
"C:\Users\DIYA GOEL\Downloads\EBDESIGN\frontend\src\pages\BulkOrderPage.jsx","PAGE","lucide-react","False"
"C:\Users\DIYA GOEL\Downloads\EBDESIGN\frontend\src\pages\BulkOrderPage.jsx","PAGE","react-hot-toast","False"
"C:\Users\DIYA GOEL\Downloads\EBDESIGN\frontend\src\pages\BulkOrderPage.jsx","PAGE","../services/api","True"
"C:\Users\DIYA GOEL\Downloads\EBDESIGN\frontend\src\pages\BulkOrderPage.jsx","PAGE","../components/common/Modal","True"
"C:\Users\DIYA GOEL\Downloads\EBDESIGN\frontend\src\pages\BulkPurchasePage.jsx","PAGE","react","False"
"C:\Users\DIYA GOEL\Downloads\EBDESIGN\frontend\src\pages\BulkPurchasePage.jsx","PAGE","../components/ui/card","True"
"C:\Users\DIYA GOEL\Downloads\EBDESIGN\frontend\src\pages\BulkPurchasePage.jsx","PAGE","../components/ui/button","True"
"C:\Users\DIYA GOEL\Downloads\EBDESIGN\frontend\src\pages\BulkPurchasePage.jsx","PAGE","../components/ui/input","True"
"C:\Users\DIYA GOEL\Downloads\EBDESIGN\frontend\src\pages\BulkPurchasePage.jsx","PAGE","lucide-react","False"
"C:\Users\DIYA GOEL\Downloads\EBDESIGN\frontend\src\pages\CADashboardPage.jsx","PAGE","react","False"
"C:\Users\DIYA GOEL\Downloads\EBDESIGN\frontend\src\pages\CADashboardPage.jsx","PAGE","@tanstack/react-query","False"
"C:\Users\DIYA GOEL\Downloads\EBDESIGN\frontend\src\pages\CADashboardPage.jsx","PAGE","lucide-react","False"
"C:\Users\DIYA GOEL\Downloads\EBDESIGN\frontend\src\pages\CADashboardPage.jsx","PAGE","../services/api","True"
"C:\Users\DIYA GOEL\Downloads\EBDESIGN\frontend\src\pages\CartPage.jsx","PAGE","react-router-dom","False"
"C:\Users\DIYA GOEL\Downloads\EBDESIGN\frontend\src\pages\CartPage.jsx","PAGE","@tanstack/react-query","False"
"C:\Users\DIYA GOEL\Downloads\EBDESIGN\frontend\src\pages\CartPage.jsx","PAGE","../services/api","True"
"C:\Users\DIYA GOEL\Downloads\EBDESIGN\frontend\src\pages\CartPage.jsx","PAGE","lucide-react","False"
"C:\Users\DIYA GOEL\Downloads\EBDESIGN\frontend\src\pages\CartPage.jsx","PAGE","react-hot-toast","False"
"C:\Users\DIYA GOEL\Downloads\EBDESIGN\frontend\src\pages\CategoriesPage.jsx","PAGE","react","False"
"C:\Users\DIYA GOEL\Downloads\EBDESIGN\frontend\src\pages\CattleRegistryPage.jsx","PAGE","../components/common/ModuleOperationPanel","True"
"C:\Users\DIYA GOEL\Downloads\EBDESIGN\frontend\src\pages\CheckoutPage.jsx","PAGE","react","False"
"C:\Users\DIYA GOEL\Downloads\EBDESIGN\frontend\src\pages\CheckoutPage.jsx","PAGE","react-router-dom","False"
"C:\Users\DIYA GOEL\Downloads\EBDESIGN\frontend\src\pages\CheckoutPage.jsx","PAGE","@tanstack/react-query","False"
"C:\Users\DIYA GOEL\Downloads\EBDESIGN\frontend\src\pages\CheckoutPage.jsx","PAGE","../services/api","True"
"C:\Users\DIYA GOEL\Downloads\EBDESIGN\frontend\src\pages\CheckoutPage.jsx","PAGE","lucide-react","False"
"C:\Users\DIYA GOEL\Downloads\EBDESIGN\frontend\src\pages\CheckoutPage.jsx","PAGE","react-hot-toast","False"
"C:\Users\DIYA GOEL\Downloads\EBDESIGN\frontend\src\pages\CheckoutPage.jsx","PAGE","../components/common/JourneyStepper","True"
"C:\Users\DIYA GOEL\Downloads\EBDESIGN\frontend\src\pages\ClaimsPage.jsx","PAGE","react","False"
"C:\Users\DIYA GOEL\Downloads\EBDESIGN\frontend\src\pages\ClimateAdvisoryPage.jsx","PAGE","react","False"
"C:\Users\DIYA GOEL\Downloads\EBDESIGN\frontend\src\pages\ClimateAdvisoryPage.jsx","PAGE","@tanstack/react-query","False"
"C:\Users\DIYA GOEL\Downloads\EBDESIGN\frontend\src\pages\ClimateAdvisoryPage.jsx","PAGE","../services/api","True"
"C:\Users\DIYA GOEL\Downloads\EBDESIGN\frontend\src\pages\ClimateAdvisoryPage.jsx","PAGE","lucide-react","False"
"C:\Users\DIYA GOEL\Downloads\EBDESIGN\frontend\src\pages\ClimateAdvisoryPage.jsx","PAGE","react-hot-toast","False"
"C:\Users\DIYA GOEL\Downloads\EBDESIGN\frontend\src\pages\ClimateAdvisoryPage.jsx","PAGE","../components/common/Modal","True"
"C:\Users\DIYA GOEL\Downloads\EBDESIGN\frontend\src\pages\ClimateMonitoringDashboardPage.jsx","PAGE","react","False"
"C:\Users\DIYA GOEL\Downloads\EBDESIGN\frontend\src\pages\ClimateMonitoringDashboardPage.jsx","PAGE","@tanstack/react-query","False"
"C:\Users\DIYA GOEL\Downloads\EBDESIGN\frontend\src\pages\ClimateMonitoringDashboardPage.jsx","PAGE","lucide-react","False"
"C:\Users\DIYA GOEL\Downloads\EBDESIGN\frontend\src\pages\ClimateMonitoringDashboardPage.jsx","PAGE","../services/api","True"
"C:\Users\DIYA GOEL\Downloads\EBDESIGN\frontend\src\pages\ClimateMonitoringDashboardPage.jsx","PAGE","react-hot-toast","False"
"C:\Users\DIYA GOEL\Downloads\EBDESIGN\frontend\src\pages\ClimateMonitoringDashboardPage.jsx","PAGE","../components/ui/card","True"
"C:\Users\DIYA GOEL\Downloads\EBDESIGN\frontend\src\pages\ClimateMonitoringDashboardPage.jsx","PAGE","../components/ui/badge","True"
"C:\Users\DIYA GOEL\Downloads\EBDESIGN\frontend\src\pages\ClimateMonitoringDashboardPage.jsx","PAGE","../components/ui/button","True"
"C:\Users\DIYA GOEL\Downloads\EBDESIGN\frontend\src\pages\ClimateMonitoringDashboardPage.jsx","PAGE","../components/ui/tabs","True"
"C:\Users\DIYA GOEL\Downloads\EBDESIGN\frontend\src\pages\ClimateMonitoringDashboardPage.jsx","PAGE","../components/ui/progress","True"
"C:\Users\DIYA GOEL\Downloads\EBDESIGN\frontend\src\pages\ClimateMonitoringPage.jsx","PAGE","react","False"
"C:\Users\DIYA GOEL\Downloads\EBDESIGN\frontend\src\pages\ClimateMonitoringPage.jsx","PAGE","lucide-react","False"
"C:\Users\DIYA GOEL\Downloads\EBDESIGN\frontend\src\pages\ClimateMonitoringPage.jsx","PAGE","../components/common/ResourceManager","True"
"C:\Users\DIYA GOEL\Downloads\EBDESIGN\frontend\src\pages\ClimateWeatherPage.jsx","PAGE","react","False"
"C:\Users\DIYA GOEL\Downloads\EBDESIGN\frontend\src\pages\ClimateWeatherPage.jsx","PAGE","../services/api","True"
"C:\Users\DIYA GOEL\Downloads\EBDESIGN\frontend\src\pages\ClimateWeatherPage.jsx","PAGE","../components/common/DataPrimitives","True"
"C:\Users\DIYA GOEL\Downloads\EBDESIGN\frontend\src\pages\ColdStorageDashboardPage.jsx","PAGE","react","False"
"C:\Users\DIYA GOEL\Downloads\EBDESIGN\frontend\src\pages\ColdStorageDashboardPage.jsx","PAGE","@tanstack/react-query","False"
"C:\Users\DIYA GOEL\Downloads\EBDESIGN\frontend\src\pages\ColdStorageDashboardPage.jsx","PAGE","lucide-react","False"
"C:\Users\DIYA GOEL\Downloads\EBDESIGN\frontend\src\pages\ColdStorageDashboardPage.jsx","PAGE","../services/api","True"
"C:\Users\DIYA GOEL\Downloads\EBDESIGN\frontend\src\pages\ColdStorageDashboardPage.jsx","PAGE","react-hot-toast","False"
"C:\Users\DIYA GOEL\Downloads\EBDESIGN\frontend\src\pages\ColdStorageDashboardPage.jsx","PAGE","../components/ui/card","True"
"C:\Users\DIYA GOEL\Downloads\EBDESIGN\frontend\src\pages\ColdStorageDashboardPage.jsx","PAGE","../components/ui/badge","True"
"C:\Users\DIYA GOEL\Downloads\EBDESIGN\frontend\src\pages\ColdStorageDashboardPage.jsx","PAGE","../components/ui/button","True"
"C:\Users\DIYA GOEL\Downloads\EBDESIGN\frontend\src\pages\ColdStorageDashboardPage.jsx","PAGE","../components/ui/tabs","True"
"C:\Users\DIYA GOEL\Downloads\EBDESIGN\frontend\src\pages\ColdStorageDashboardPage.jsx","PAGE","../components/ui/progress","True"
"C:\Users\DIYA GOEL\Downloads\EBDESIGN\frontend\src\pages\ColdStoragePage.jsx","PAGE","lucide-react","False"
"C:\Users\DIYA GOEL\Downloads\EBDESIGN\frontend\src\pages\ColdStoragePage.jsx","PAGE","../services/api","True"
"C:\Users\DIYA GOEL\Downloads\EBDESIGN\frontend\src\pages\ColdStoragePage.jsx","PAGE","../components/common/ActionCard","True"
"C:\Users\DIYA GOEL\Downloads\EBDESIGN\frontend\src\pages\CollaboratePage.jsx","PAGE","react","False"
"C:\Users\DIYA GOEL\Downloads\EBDESIGN\frontend\src\pages\CollectionsPage.jsx","PAGE","react","False"
"C:\Users\DIYA GOEL\Downloads\EBDESIGN\frontend\src\pages\CommunityForumPage.jsx","PAGE","react","False"
"C:\Users\DIYA GOEL\Downloads\EBDESIGN\frontend\src\pages\CommunityForumPage.jsx","PAGE","lucide-react","False"
"C:\Users\DIYA GOEL\Downloads\EBDESIGN\frontend\src\pages\CommunityForumPage.jsx","PAGE","../services/api","True"
"C:\Users\DIYA GOEL\Downloads\EBDESIGN\frontend\src\pages\CommunityManagementPage.jsx","PAGE","react","False"
"C:\Users\DIYA GOEL\Downloads\EBDESIGN\frontend\src\pages\CommunityManagementPage.jsx","PAGE","lucide-react","False"
"C:\Users\DIYA GOEL\Downloads\EBDESIGN\frontend\src\pages\CommunityManagementPage.jsx","PAGE","../components/common/ResourceManager","True"
"C:\Users\DIYA GOEL\Downloads\EBDESIGN\frontend\src\pages\ComparePage.jsx","PAGE","react","False"
"C:\Users\DIYA GOEL\Downloads\EBDESIGN\frontend\src\pages\ComparePage.jsx","PAGE","@tanstack/react-query","False"
"C:\Users\DIYA GOEL\Downloads\EBDESIGN\frontend\src\pages\ComparePage.jsx","PAGE","../services/api","True"
"C:\Users\DIYA GOEL\Downloads\EBDESIGN\frontend\src\pages\ComparePage.jsx","PAGE","lucide-react","False"
"C:\Users\DIYA GOEL\Downloads\EBDESIGN\frontend\src\pages\CompetitivePositionPage.jsx","PAGE","react","False"
"C:\Users\DIYA GOEL\Downloads\EBDESIGN\frontend\src\pages\CompetitivePositionPage.jsx","PAGE","../services/api","True"
"C:\Users\DIYA GOEL\Downloads\EBDESIGN\frontend\src\pages\CompleteAIIntegrationPage.jsx","PAGE","lucide-react","False"
"C:\Users\DIYA GOEL\Downloads\EBDESIGN\frontend\src\pages\CompleteAIIntegrationPage.jsx","PAGE","../services/api","True"
"C:\Users\DIYA GOEL\Downloads\EBDESIGN\frontend\src\pages\CompleteAIIntegrationPage.jsx","PAGE","../components/common/ActionCard","True"
"C:\Users\DIYA GOEL\Downloads\EBDESIGN\frontend\src\pages\CompleteERPIntegrationPage.jsx","PAGE","lucide-react","False"
"C:\Users\DIYA GOEL\Downloads\EBDESIGN\frontend\src\pages\CompleteERPIntegrationPage.jsx","PAGE","../services/api","True"
"C:\Users\DIYA GOEL\Downloads\EBDESIGN\frontend\src\pages\CompleteERPIntegrationPage.jsx","PAGE","../components/common/ActionCard","True"
"C:\Users\DIYA GOEL\Downloads\EBDESIGN\frontend\src\pages\ComplianceDashboardPage.jsx","PAGE","react","False"
"C:\Users\DIYA GOEL\Downloads\EBDESIGN\frontend\src\pages\ComplianceDashboardPage.jsx","PAGE","lucide-react","False"
"C:\Users\DIYA GOEL\Downloads\EBDESIGN\frontend\src\pages\ComplianceDashboardPage.jsx","PAGE","../services/api","True"
"C:\Users\DIYA GOEL\Downloads\EBDESIGN\frontend\src\pages\CompliancePage.jsx","PAGE","react","False"
"C:\Users\DIYA GOEL\Downloads\EBDESIGN\frontend\src\pages\CompliancePage.jsx","PAGE","../services/api","True"
"C:\Users\DIYA GOEL\Downloads\EBDESIGN\frontend\src\pages\CompliancePage.jsx","PAGE","../components/common/DataPrimitives","True"
"C:\Users\DIYA GOEL\Downloads\EBDESIGN\frontend\src\pages\ComprehensiveERPPage.jsx","PAGE","react","False"
"C:\Users\DIYA GOEL\Downloads\EBDESIGN\frontend\src\pages\ComprehensiveERPPage.jsx","PAGE","lucide-react","False"
"C:\Users\DIYA GOEL\Downloads\EBDESIGN\frontend\src\pages\ComprehensiveERPPage.jsx","PAGE","../services/api","True"
"C:\Users\DIYA GOEL\Downloads\EBDESIGN\frontend\src\pages\ComprehensiveERPPage.jsx","PAGE","../components/common/ActionCard","True"
"C:\Users\DIYA GOEL\Downloads\EBDESIGN\frontend\src\pages\ContactPage.jsx","PAGE","react","False"
"C:\Users\DIYA GOEL\Downloads\EBDESIGN\frontend\src\pages\ContractFarmingPage.jsx","PAGE","react","False"
"C:\Users\DIYA GOEL\Downloads\EBDESIGN\frontend\src\pages\ContractFarmingPage.jsx","PAGE","../store/authStore","True"
"C:\Users\DIYA GOEL\Downloads\EBDESIGN\frontend\src\pages\ContractFarmingPage.jsx","PAGE","@tanstack/react-query","False"
"C:\Users\DIYA GOEL\Downloads\EBDESIGN\frontend\src\pages\ContractFarmingPage.jsx","PAGE","../services/api","True"
"C:\Users\DIYA GOEL\Downloads\EBDESIGN\frontend\src\pages\ContractFarmingPage.jsx","PAGE","lucide-react","False"
"C:\Users\DIYA GOEL\Downloads\EBDESIGN\frontend\src\pages\ContractFarmingPage.jsx","PAGE","react-hot-toast","False"
"C:\Users\DIYA GOEL\Downloads\EBDESIGN\frontend\src\pages\ContractListingPage.jsx","PAGE","react","False"
"C:\Users\DIYA GOEL\Downloads\EBDESIGN\frontend\src\pages\ContractListingPage.jsx","PAGE","../components/ui/card","True"
"C:\Users\DIYA GOEL\Downloads\EBDESIGN\frontend\src\pages\ContractListingPage.jsx","PAGE","../components/ui/button","True"
"C:\Users\DIYA GOEL\Downloads\EBDESIGN\frontend\src\pages\ContractListingPage.jsx","PAGE","../components/ui/input","True"
"C:\Users\DIYA GOEL\Downloads\EBDESIGN\frontend\src\pages\ContractListingPage.jsx","PAGE","lucide-react","False"
"C:\Users\DIYA GOEL\Downloads\EBDESIGN\frontend\src\pages\CookiePage.jsx","PAGE","react","False"
"C:\Users\DIYA GOEL\Downloads\EBDESIGN\frontend\src\pages\CooperativeSharePage.jsx","PAGE","lucide-react","False"
"C:\Users\DIYA GOEL\Downloads\EBDESIGN\frontend\src\pages\CooperativeSharePage.jsx","PAGE","../services/api","True"
"C:\Users\DIYA GOEL\Downloads\EBDESIGN\frontend\src\pages\CooperativeSharePage.jsx","PAGE","../components/common/ActionCard","True"
"C:\Users\DIYA GOEL\Downloads\EBDESIGN\frontend\src\pages\CopilotHubPage.jsx","PAGE","react","False"
"C:\Users\DIYA GOEL\Downloads\EBDESIGN\frontend\src\pages\CopilotHubPage.jsx","PAGE","../components/AI/CopilotChat","True"
"C:\Users\DIYA GOEL\Downloads\EBDESIGN\frontend\src\pages\CorporateBuyerPage.jsx","PAGE","react","False"
"C:\Users\DIYA GOEL\Downloads\EBDESIGN\frontend\src\pages\CorporateBuyerPage.jsx","PAGE","@tanstack/react-query","False"
"C:\Users\DIYA GOEL\Downloads\EBDESIGN\frontend\src\pages\CorporateBuyerPage.jsx","PAGE","../services/api","True"
"C:\Users\DIYA GOEL\Downloads\EBDESIGN\frontend\src\pages\CorporateBuyerPage.jsx","PAGE","lucide-react","False"
"C:\Users\DIYA GOEL\Downloads\EBDESIGN\frontend\src\pages\CorporateBuyerPage.jsx","PAGE","react-hot-toast","False"
"C:\Users\DIYA GOEL\Downloads\EBDESIGN\frontend\src\pages\CorporateBuyerPage.jsx","PAGE","../components/common/Modal","True"
"C:\Users\DIYA GOEL\Downloads\EBDESIGN\frontend\src\pages\CorporateBuyerPage.jsx","PAGE","../store/authStore","True"
"C:\Users\DIYA GOEL\Downloads\EBDESIGN\frontend\src\pages\CorridorEconomicsPage.jsx","PAGE","react","False"
"C:\Users\DIYA GOEL\Downloads\EBDESIGN\frontend\src\pages\CorridorEconomicsPage.jsx","PAGE","../services/api","True"
"C:\Users\DIYA GOEL\Downloads\EBDESIGN\frontend\src\pages\CostControlPage.jsx","PAGE","react","False"
"C:\Users\DIYA GOEL\Downloads\EBDESIGN\frontend\src\pages\CostControlPage.jsx","PAGE","../services/api","True"
"C:\Users\DIYA GOEL\Downloads\EBDESIGN\frontend\src\pages\CostControlPage.jsx","PAGE","../components/common/DataPrimitives","True"
"C:\Users\DIYA GOEL\Downloads\EBDESIGN\frontend\src\pages\CostControlPage.jsx","PAGE","../components/common/ResourceManager","True"
"C:\Users\DIYA GOEL\Downloads\EBDESIGN\frontend\src\pages\CreditScorePage.jsx","PAGE","react","False"
"C:\Users\DIYA GOEL\Downloads\EBDESIGN\frontend\src\pages\CreditScorePage.jsx","PAGE","../components/ui/card","True"
"C:\Users\DIYA GOEL\Downloads\EBDESIGN\frontend\src\pages\CreditScorePage.jsx","PAGE","../components/ui/button","True"
"C:\Users\DIYA GOEL\Downloads\EBDESIGN\frontend\src\pages\CreditScorePage.jsx","PAGE","lucide-react","False"
"C:\Users\DIYA GOEL\Downloads\EBDESIGN\frontend\src\pages\CropCalendarPage.jsx","PAGE","lucide-react","False"
"C:\Users\DIYA GOEL\Downloads\EBDESIGN\frontend\src\pages\CropCalendarPage.jsx","PAGE","../services/api","True"
"C:\Users\DIYA GOEL\Downloads\EBDESIGN\frontend\src\pages\CropCalendarPage.jsx","PAGE","../components/common/ResourceManager","True"
"C:\Users\DIYA GOEL\Downloads\EBDESIGN\frontend\src\pages\CropMonitoringPage.jsx","PAGE","lucide-react","False"
"C:\Users\DIYA GOEL\Downloads\EBDESIGN\frontend\src\pages\CropMonitoringPage.jsx","PAGE","../services/api","True"
"C:\Users\DIYA GOEL\Downloads\EBDESIGN\frontend\src\pages\CropMonitoringPage.jsx","PAGE","../components/common/ResourceManager","True"
"C:\Users\DIYA GOEL\Downloads\EBDESIGN\frontend\src\pages\CropRegistrationPage.jsx","PAGE","lucide-react","False"
"C:\Users\DIYA GOEL\Downloads\EBDESIGN\frontend\src\pages\CropRegistrationPage.jsx","PAGE","../services/api","True"
"C:\Users\DIYA GOEL\Downloads\EBDESIGN\frontend\src\pages\CropRegistrationPage.jsx","PAGE","../components/common/ResourceManager","True"
"C:\Users\DIYA GOEL\Downloads\EBDESIGN\frontend\src\pages\CropsPage.jsx","PAGE","react","False"
"C:\Users\DIYA GOEL\Downloads\EBDESIGN\frontend\src\pages\CropValueReviewPage.jsx","PAGE","@tanstack/react-query","False"
"C:\Users\DIYA GOEL\Downloads\EBDESIGN\frontend\src\pages\CropValueReviewPage.jsx","PAGE","lucide-react","False"
"C:\Users\DIYA GOEL\Downloads\EBDESIGN\frontend\src\pages\CropValueReviewPage.jsx","PAGE","../services/api","True"
"C:\Users\DIYA GOEL\Downloads\EBDESIGN\frontend\src\pages\CropValueReviewPage.jsx","PAGE","../components/common/DataPrimitives","True"
"C:\Users\DIYA GOEL\Downloads\EBDESIGN\frontend\src\pages\CropValueReviewPage.jsx","PAGE","../components/ui/card","True"
"C:\Users\DIYA GOEL\Downloads\EBDESIGN\frontend\src\pages\CropValueReviewPage.jsx","PAGE","../components/ui/button","True"
"C:\Users\DIYA GOEL\Downloads\EBDESIGN\frontend\src\pages\CropValueReviewPage.jsx","PAGE","../components/ui/badge","True"
"C:\Users\DIYA GOEL\Downloads\EBDESIGN\frontend\src\pages\CropVarietyPage.jsx","PAGE","lucide-react","False"
"C:\Users\DIYA GOEL\Downloads\EBDESIGN\frontend\src\pages\CropVarietyPage.jsx","PAGE","../services/api","True"
"C:\Users\DIYA GOEL\Downloads\EBDESIGN\frontend\src\pages\CropVarietyPage.jsx","PAGE","../components/common/ResourceManager","True"
"C:\Users\DIYA GOEL\Downloads\EBDESIGN\frontend\src\pages\DairyManagementPage.jsx","PAGE","react","False"
"C:\Users\DIYA GOEL\Downloads\EBDESIGN\frontend\src\pages\DairyManagementPage.jsx","PAGE","@tanstack/react-query","False"
"C:\Users\DIYA GOEL\Downloads\EBDESIGN\frontend\src\pages\DairyManagementPage.jsx","PAGE","../services/api","True"
"C:\Users\DIYA GOEL\Downloads\EBDESIGN\frontend\src\pages\DairyManagementPage.jsx","PAGE","lucide-react","False"
"C:\Users\DIYA GOEL\Downloads\EBDESIGN\frontend\src\pages\DairyManagementPage.jsx","PAGE","react-hot-toast","False"
"C:\Users\DIYA GOEL\Downloads\EBDESIGN\frontend\src\pages\DairyManagementPage.jsx","PAGE","../components/common/Modal","True"
"C:\Users\DIYA GOEL\Downloads\EBDESIGN\frontend\src\pages\DairyManagementPage.jsx","PAGE","../components/common/ActionCard","True"
"C:\Users\DIYA GOEL\Downloads\EBDESIGN\frontend\src\pages\DashboardPage.jsx","PAGE","react","False"
"C:\Users\DIYA GOEL\Downloads\EBDESIGN\frontend\src\pages\DecisionEngineDashboardPage.jsx","PAGE","react","False"
"C:\Users\DIYA GOEL\Downloads\EBDESIGN\frontend\src\pages\DecisionEngineDashboardPage.jsx","PAGE","@tanstack/react-query","False"
"C:\Users\DIYA GOEL\Downloads\EBDESIGN\frontend\src\pages\DecisionEngineDashboardPage.jsx","PAGE","lucide-react","False"
"C:\Users\DIYA GOEL\Downloads\EBDESIGN\frontend\src\pages\DecisionEngineDashboardPage.jsx","PAGE","../services/api","True"
"C:\Users\DIYA GOEL\Downloads\EBDESIGN\frontend\src\pages\DecisionEngineDashboardPage.jsx","PAGE","react-hot-toast","False"
"C:\Users\DIYA GOEL\Downloads\EBDESIGN\frontend\src\pages\DecisionEngineDashboardPage.jsx","PAGE","../components/ui/card","True"
"C:\Users\DIYA GOEL\Downloads\EBDESIGN\frontend\src\pages\DecisionEngineDashboardPage.jsx","PAGE","../components/ui/badge","True"
"C:\Users\DIYA GOEL\Downloads\EBDESIGN\frontend\src\pages\DecisionEngineDashboardPage.jsx","PAGE","../components/ui/button","True"
"C:\Users\DIYA GOEL\Downloads\EBDESIGN\frontend\src\pages\DecisionEngineDashboardPage.jsx","PAGE","../components/ui/tabs","True"
"C:\Users\DIYA GOEL\Downloads\EBDESIGN\frontend\src\pages\DecisionSupportPage.jsx","PAGE","lucide-react","False"
"C:\Users\DIYA GOEL\Downloads\EBDESIGN\frontend\src\pages\DecisionSupportPage.jsx","PAGE","../services/api","True"
"C:\Users\DIYA GOEL\Downloads\EBDESIGN\frontend\src\pages\DecisionSupportPage.jsx","PAGE","../components/common/ActionCard","True"
"C:\Users\DIYA GOEL\Downloads\EBDESIGN\frontend\src\pages\DefenseFitnessPrepPage.jsx","PAGE","react","False"
"C:\Users\DIYA GOEL\Downloads\EBDESIGN\frontend\src\pages\DefenseFitnessPrepPage.jsx","PAGE","@tanstack/react-query","False"
"C:\Users\DIYA GOEL\Downloads\EBDESIGN\frontend\src\pages\DefenseFitnessPrepPage.jsx","PAGE","lucide-react","False"
"C:\Users\DIYA GOEL\Downloads\EBDESIGN\frontend\src\pages\DefenseFitnessPrepPage.jsx","PAGE","../services/api","True"
"C:\Users\DIYA GOEL\Downloads\EBDESIGN\frontend\src\pages\DefenseFitnessPrepPage.jsx","PAGE","../components/common/DataPrimitives","True"
"C:\Users\DIYA GOEL\Downloads\EBDESIGN\frontend\src\pages\DefenseFitnessPrepPage.jsx","PAGE","../components/ui/card","True"
"C:\Users\DIYA GOEL\Downloads\EBDESIGN\frontend\src\pages\DefenseFitnessPrepPage.jsx","PAGE","../components/ui/button","True"
"C:\Users\DIYA GOEL\Downloads\EBDESIGN\frontend\src\pages\DefenseFitnessPrepPage.jsx","PAGE","../components/ui/badge","True"
"C:\Users\DIYA GOEL\Downloads\EBDESIGN\frontend\src\pages\DevicesPage.jsx","PAGE","react","False"
"C:\Users\DIYA GOEL\Downloads\EBDESIGN\frontend\src\pages\DietRecipesPage.jsx","PAGE","react","False"
"C:\Users\DIYA GOEL\Downloads\EBDESIGN\frontend\src\pages\DietRecipesPage.jsx","PAGE","@tanstack/react-query","False"
"C:\Users\DIYA GOEL\Downloads\EBDESIGN\frontend\src\pages\DietRecipesPage.jsx","PAGE","lucide-react","False"
"C:\Users\DIYA GOEL\Downloads\EBDESIGN\frontend\src\pages\DietRecipesPage.jsx","PAGE","../services/api","True"
"C:\Users\DIYA GOEL\Downloads\EBDESIGN\frontend\src\pages\DietRecipesPage.jsx","PAGE","../components/common/DataPrimitives","True"
"C:\Users\DIYA GOEL\Downloads\EBDESIGN\frontend\src\pages\DietRecipesPage.jsx","PAGE","../components/ui/card","True"
"C:\Users\DIYA GOEL\Downloads\EBDESIGN\frontend\src\pages\DietRecipesPage.jsx","PAGE","../components/ui/button","True"
"C:\Users\DIYA GOEL\Downloads\EBDESIGN\frontend\src\pages\DigitalTwinDashboardPage.jsx","PAGE","react","False"
"C:\Users\DIYA GOEL\Downloads\EBDESIGN\frontend\src\pages\DigitalTwinDashboardPage.jsx","PAGE","@tanstack/react-query","False"
"C:\Users\DIYA GOEL\Downloads\EBDESIGN\frontend\src\pages\DigitalTwinDashboardPage.jsx","PAGE","lucide-react","False"
"C:\Users\DIYA GOEL\Downloads\EBDESIGN\frontend\src\pages\DigitalTwinDashboardPage.jsx","PAGE","../services/api","True"
"C:\Users\DIYA GOEL\Downloads\EBDESIGN\frontend\src\pages\DigitalTwinDashboardPage.jsx","PAGE","react-hot-toast","False"
"C:\Users\DIYA GOEL\Downloads\EBDESIGN\frontend\src\pages\DigitalTwinDashboardPage.jsx","PAGE","../components/ui/card","True"
"C:\Users\DIYA GOEL\Downloads\EBDESIGN\frontend\src\pages\DigitalTwinDashboardPage.jsx","PAGE","../components/ui/badge","True"
"C:\Users\DIYA GOEL\Downloads\EBDESIGN\frontend\src\pages\DigitalTwinDashboardPage.jsx","PAGE","../components/ui/button","True"
"C:\Users\DIYA GOEL\Downloads\EBDESIGN\frontend\src\pages\DigitalTwinDashboardPage.jsx","PAGE","../components/ui/tabs","True"
"C:\Users\DIYA GOEL\Downloads\EBDESIGN\frontend\src\pages\DigitalTwinDashboardPage.jsx","PAGE","../components/ui/progress","True"
"C:\Users\DIYA GOEL\Downloads\EBDESIGN\frontend\src\pages\DigitalTwinPage.jsx","PAGE","react","False"
"C:\Users\DIYA GOEL\Downloads\EBDESIGN\frontend\src\pages\DiscoverPage.jsx","PAGE","react","False"
"C:\Users\DIYA GOEL\Downloads\EBDESIGN\frontend\src\pages\DisruptionPage.jsx","PAGE","react","False"
"C:\Users\DIYA GOEL\Downloads\EBDESIGN\frontend\src\pages\DisruptionPage.jsx","PAGE","../components/ui/card","True"
"C:\Users\DIYA GOEL\Downloads\EBDESIGN\frontend\src\pages\DisruptionPage.jsx","PAGE","../components/ui/button","True"
"C:\Users\DIYA GOEL\Downloads\EBDESIGN\frontend\src\pages\DisruptionPage.jsx","PAGE","../components/ui/input","True"
"C:\Users\DIYA GOEL\Downloads\EBDESIGN\frontend\src\pages\DisruptionPage.jsx","PAGE","../components/ui/label","True"
"C:\Users\DIYA GOEL\Downloads\EBDESIGN\frontend\src\pages\DisruptionPage.jsx","PAGE","../components/ui/table","True"
"C:\Users\DIYA GOEL\Downloads\EBDESIGN\frontend\src\pages\DisruptionPage.jsx","PAGE","lucide-react","False"
"C:\Users\DIYA GOEL\Downloads\EBDESIGN\frontend\src\pages\DisruptionPage.jsx","PAGE","react-hot-toast","False"
"C:\Users\DIYA GOEL\Downloads\EBDESIGN\frontend\src\pages\DisruptionPage.jsx","PAGE","../services/api","True"
"C:\Users\DIYA GOEL\Downloads\EBDESIGN\frontend\src\pages\DocumentationPage.jsx","PAGE","react","False"
"C:\Users\DIYA GOEL\Downloads\EBDESIGN\frontend\src\pages\DynamicPricingPage.jsx","PAGE","react","False"
"C:\Users\DIYA GOEL\Downloads\EBDESIGN\frontend\src\pages\DynamicPricingPage.jsx","PAGE","@tanstack/react-query","False"
"C:\Users\DIYA GOEL\Downloads\EBDESIGN\frontend\src\pages\DynamicPricingPage.jsx","PAGE","../services/api","True"
"C:\Users\DIYA GOEL\Downloads\EBDESIGN\frontend\src\pages\DynamicPricingPage.jsx","PAGE","lucide-react","False"
"C:\Users\DIYA GOEL\Downloads\EBDESIGN\frontend\src\pages\EcommerceIntegrationPage.jsx","PAGE","lucide-react","False"
"C:\Users\DIYA GOEL\Downloads\EBDESIGN\frontend\src\pages\EcommerceIntegrationPage.jsx","PAGE","../services/api","True"
"C:\Users\DIYA GOEL\Downloads\EBDESIGN\frontend\src\pages\EcommerceIntegrationPage.jsx","PAGE","../components/common/ActionCard","True"
"C:\Users\DIYA GOEL\Downloads\EBDESIGN\frontend\src\pages\EcommerceMarketplacePage.jsx","PAGE","react","False"
"C:\Users\DIYA GOEL\Downloads\EBDESIGN\frontend\src\pages\EcommerceMarketplacePage.jsx","PAGE","@tanstack/react-query","False"
"C:\Users\DIYA GOEL\Downloads\EBDESIGN\frontend\src\pages\EcommerceMarketplacePage.jsx","PAGE","lucide-react","False"
"C:\Users\DIYA GOEL\Downloads\EBDESIGN\frontend\src\pages\EcommerceMarketplacePage.jsx","PAGE","react-hot-toast","False"
"C:\Users\DIYA GOEL\Downloads\EBDESIGN\frontend\src\pages\EcommerceMarketplacePage.jsx","PAGE","../services/api","True"
"C:\Users\DIYA GOEL\Downloads\EBDESIGN\frontend\src\pages\EcommerceMarketplacePage.jsx","PAGE","../components/common/Modal","True"
"C:\Users\DIYA GOEL\Downloads\EBDESIGN\frontend\src\pages\EcommerceMarketplacePage.jsx","PAGE","../data/northEastVarietyProducts","True"
"C:\Users\DIYA GOEL\Downloads\EBDESIGN\frontend\src\pages\EMICalculatorPage.jsx","PAGE","react","False"
"C:\Users\DIYA GOEL\Downloads\EBDESIGN\frontend\src\pages\EMICalculatorPage.jsx","PAGE","../components/ui/card","True"
"C:\Users\DIYA GOEL\Downloads\EBDESIGN\frontend\src\pages\EMICalculatorPage.jsx","PAGE","../components/ui/button","True"
"C:\Users\DIYA GOEL\Downloads\EBDESIGN\frontend\src\pages\EMICalculatorPage.jsx","PAGE","../components/ui/input","True"
"C:\Users\DIYA GOEL\Downloads\EBDESIGN\frontend\src\pages\EMICalculatorPage.jsx","PAGE","lucide-react","False"
"C:\Users\DIYA GOEL\Downloads\EBDESIGN\frontend\src\pages\EmptyPage.jsx","PAGE","react","False"
"C:\Users\DIYA GOEL\Downloads\EBDESIGN\frontend\src\pages\EngineeringProjectPage.jsx","PAGE","lucide-react","False"
"C:\Users\DIYA GOEL\Downloads\EBDESIGN\frontend\src\pages\EngineeringProjectPage.jsx","PAGE","../services/api","True"
"C:\Users\DIYA GOEL\Downloads\EBDESIGN\frontend\src\pages\EngineeringProjectPage.jsx","PAGE","../components/common/ActionCard","True"
"C:\Users\DIYA GOEL\Downloads\EBDESIGN\frontend\src\pages\EnterpriseAIPage.jsx","PAGE","lucide-react","False"
"C:\Users\DIYA GOEL\Downloads\EBDESIGN\frontend\src\pages\EnterpriseAIPage.jsx","PAGE","../services/api","True"
"C:\Users\DIYA GOEL\Downloads\EBDESIGN\frontend\src\pages\EnterpriseAIPage.jsx","PAGE","../components/common/ActionCard","True"
"C:\Users\DIYA GOEL\Downloads\EBDESIGN\frontend\src\pages\EnterpriseControlPage.jsx","PAGE","react","False"
"C:\Users\DIYA GOEL\Downloads\EBDESIGN\frontend\src\pages\EnterpriseControlPage.jsx","PAGE","@tanstack/react-query","False"
"C:\Users\DIYA GOEL\Downloads\EBDESIGN\frontend\src\pages\EnterpriseControlPage.jsx","PAGE","lucide-react","False"
"C:\Users\DIYA GOEL\Downloads\EBDESIGN\frontend\src\pages\EnterpriseControlPage.jsx","PAGE","react-hot-toast","False"
"C:\Users\DIYA GOEL\Downloads\EBDESIGN\frontend\src\pages\EnterpriseControlPage.jsx","PAGE","../services/api","True"
"C:\Users\DIYA GOEL\Downloads\EBDESIGN\frontend\src\pages\EnterpriseControlPage.jsx","PAGE","../components/common/DataPrimitives","True"
"C:\Users\DIYA GOEL\Downloads\EBDESIGN\frontend\src\pages\EnterpriseIntegrationPage.jsx","PAGE","react","False"
"C:\Users\DIYA GOEL\Downloads\EBDESIGN\frontend\src\pages\EnterpriseIntegrationPage.jsx","PAGE","@tanstack/react-query","False"
"C:\Users\DIYA GOEL\Downloads\EBDESIGN\frontend\src\pages\EnterpriseIntegrationPage.jsx","PAGE","../components/ui/card","True"
"C:\Users\DIYA GOEL\Downloads\EBDESIGN\frontend\src\pages\EnterpriseIntegrationPage.jsx","PAGE","../components/ui/button","True"
"C:\Users\DIYA GOEL\Downloads\EBDESIGN\frontend\src\pages\EnterpriseIntegrationPage.jsx","PAGE","../components/ui/input","True"
"C:\Users\DIYA GOEL\Downloads\EBDESIGN\frontend\src\pages\EnterpriseIntegrationPage.jsx","PAGE","../components/ui/select","True"
"C:\Users\DIYA GOEL\Downloads\EBDESIGN\frontend\src\pages\EnterpriseIntegrationPage.jsx","PAGE","../components/ui/badge","True"
"C:\Users\DIYA GOEL\Downloads\EBDESIGN\frontend\src\pages\EnterpriseIntegrationPage.jsx","PAGE","../components/ui/enhancedComponents","True"
"C:\Users\DIYA GOEL\Downloads\EBDESIGN\frontend\src\pages\EnterpriseIntegrationPage.jsx","PAGE","../services/api","True"
"C:\Users\DIYA GOEL\Downloads\EBDESIGN\frontend\src\pages\EnterpriseMemoryDashboardPage.jsx","PAGE","react","False"
"C:\Users\DIYA GOEL\Downloads\EBDESIGN\frontend\src\pages\EnterpriseMemoryDashboardPage.jsx","PAGE","@tanstack/react-query","False"
"C:\Users\DIYA GOEL\Downloads\EBDESIGN\frontend\src\pages\EnterpriseMemoryDashboardPage.jsx","PAGE","lucide-react","False"
"C:\Users\DIYA GOEL\Downloads\EBDESIGN\frontend\src\pages\EnterpriseMemoryDashboardPage.jsx","PAGE","../services/api","True"
"C:\Users\DIYA GOEL\Downloads\EBDESIGN\frontend\src\pages\EnterpriseMemoryDashboardPage.jsx","PAGE","react-hot-toast","False"
"C:\Users\DIYA GOEL\Downloads\EBDESIGN\frontend\src\pages\EnterpriseMemoryDashboardPage.jsx","PAGE","../components/ui/card","True"
"C:\Users\DIYA GOEL\Downloads\EBDESIGN\frontend\src\pages\EnterpriseMemoryDashboardPage.jsx","PAGE","../components/ui/badge","True"
"C:\Users\DIYA GOEL\Downloads\EBDESIGN\frontend\src\pages\EnterpriseMemoryDashboardPage.jsx","PAGE","../components/ui/button","True"
"C:\Users\DIYA GOEL\Downloads\EBDESIGN\frontend\src\pages\EnterpriseMemoryDashboardPage.jsx","PAGE","../components/ui/input","True"
"C:\Users\DIYA GOEL\Downloads\EBDESIGN\frontend\src\pages\EnterpriseMemoryDashboardPage.jsx","PAGE","../components/ui/tabs","True"
"C:\Users\DIYA GOEL\Downloads\EBDESIGN\frontend\src\pages\EnvironmentManagementPage.jsx","PAGE","../components/common/ModuleOperationPanel","True"
"C:\Users\DIYA GOEL\Downloads\EBDESIGN\frontend\src\pages\EquipmentInventoryPage.jsx","PAGE","../components/common/ModuleOperationPanel","True"
"C:\Users\DIYA GOEL\Downloads\EBDESIGN\frontend\src\pages\EquipmentPage.jsx","PAGE","react","False"
"C:\Users\DIYA GOEL\Downloads\EBDESIGN\frontend\src\pages\EquipmentRentalPage.jsx","PAGE","../components/common/ModuleOperationPanel","True"
"C:\Users\DIYA GOEL\Downloads\EBDESIGN\frontend\src\pages\ERPDashboard.jsx","PAGE","react","False"
"C:\Users\DIYA GOEL\Downloads\EBDESIGN\frontend\src\pages\ERPDashboard.jsx","PAGE","@tanstack/react-query","False"
"C:\Users\DIYA GOEL\Downloads\EBDESIGN\frontend\src\pages\ERPDashboard.jsx","PAGE","../services/api","True"
"C:\Users\DIYA GOEL\Downloads\EBDESIGN\frontend\src\pages\ERPDashboardPage.jsx","PAGE","react","False"
"C:\Users\DIYA GOEL\Downloads\EBDESIGN\frontend\src\pages\ERPDashboardPage.jsx","PAGE","@tanstack/react-query","False"
"C:\Users\DIYA GOEL\Downloads\EBDESIGN\frontend\src\pages\ERPDashboardPage.jsx","PAGE","lucide-react","False"
"C:\Users\DIYA GOEL\Downloads\EBDESIGN\frontend\src\pages\ERPDashboardPage.jsx","PAGE","../services/api","True"
"C:\Users\DIYA GOEL\Downloads\EBDESIGN\frontend\src\pages\ERPDashboardPage.jsx","PAGE","react-hot-toast","False"
"C:\Users\DIYA GOEL\Downloads\EBDESIGN\frontend\src\pages\ERPDashboardPage.jsx","PAGE","../components/ui/card","True"
"C:\Users\DIYA GOEL\Downloads\EBDESIGN\frontend\src\pages\ERPDashboardPage.jsx","PAGE","../components/ui/badge","True"
"C:\Users\DIYA GOEL\Downloads\EBDESIGN\frontend\src\pages\ERPDashboardPage.jsx","PAGE","../components/ui/button","True"
"C:\Users\DIYA GOEL\Downloads\EBDESIGN\frontend\src\pages\ERPDashboardPage.jsx","PAGE","../components/ui/tabs","True"
"C:\Users\DIYA GOEL\Downloads\EBDESIGN\frontend\src\pages\ERPDashboardPage.jsx","PAGE","../components/ui/progress","True"
"C:\Users\DIYA GOEL\Downloads\EBDESIGN\frontend\src\pages\EscrowPage.jsx","PAGE","react","False"
"C:\Users\DIYA GOEL\Downloads\EBDESIGN\frontend\src\pages\EscrowPage.jsx","PAGE","../components/ui/card","True"
"C:\Users\DIYA GOEL\Downloads\EBDESIGN\frontend\src\pages\EscrowPage.jsx","PAGE","../components/ui/button","True"
"C:\Users\DIYA GOEL\Downloads\EBDESIGN\frontend\src\pages\EscrowPage.jsx","PAGE","../components/ui/input","True"
"C:\Users\DIYA GOEL\Downloads\EBDESIGN\frontend\src\pages\EscrowPage.jsx","PAGE","../components/ui/label","True"
"C:\Users\DIYA GOEL\Downloads\EBDESIGN\frontend\src\pages\EscrowPage.jsx","PAGE","../components/ui/table","True"
"C:\Users\DIYA GOEL\Downloads\EBDESIGN\frontend\src\pages\EscrowPage.jsx","PAGE","lucide-react","False"
"C:\Users\DIYA GOEL\Downloads\EBDESIGN\frontend\src\pages\EscrowPage.jsx","PAGE","react-hot-toast","False"
"C:\Users\DIYA GOEL\Downloads\EBDESIGN\frontend\src\pages\EscrowPage.jsx","PAGE","../services/api","True"
"C:\Users\DIYA GOEL\Downloads\EBDESIGN\frontend\src\pages\ExperienceLayerPage.jsx","PAGE","react","False"
"C:\Users\DIYA GOEL\Downloads\EBDESIGN\frontend\src\pages\ExperienceLayerPage.jsx","PAGE","../services/api","True"
"C:\Users\DIYA GOEL\Downloads\EBDESIGN\frontend\src\pages\ExplorePage.jsx","PAGE","react","False"
"C:\Users\DIYA GOEL\Downloads\EBDESIGN\frontend\src\pages\ExportDocumentationPage.jsx","PAGE","react","False"
"C:\Users\DIYA GOEL\Downloads\EBDESIGN\frontend\src\pages\ExportDocumentationPage.jsx","PAGE","lucide-react","False"
"C:\Users\DIYA GOEL\Downloads\EBDESIGN\frontend\src\pages\ExportDocumentationPage.jsx","PAGE","../services/api","True"
"C:\Users\DIYA GOEL\Downloads\EBDESIGN\frontend\src\pages\ExportPage.jsx","PAGE","react","False"
"C:\Users\DIYA GOEL\Downloads\EBDESIGN\frontend\src\pages\FAQPage.jsx","PAGE","react","False"
"C:\Users\DIYA GOEL\Downloads\EBDESIGN\frontend\src\pages\FarmAdvisorPage.jsx","PAGE","react","False"
"C:\Users\DIYA GOEL\Downloads\EBDESIGN\frontend\src\pages\FarmAdvisorPage.jsx","PAGE","@tanstack/react-query","False"
"C:\Users\DIYA GOEL\Downloads\EBDESIGN\frontend\src\pages\FarmAdvisorPage.jsx","PAGE","../services/api","True"
"C:\Users\DIYA GOEL\Downloads\EBDESIGN\frontend\src\pages\FarmAdvisorPage.jsx","PAGE","lucide-react","False"
"C:\Users\DIYA GOEL\Downloads\EBDESIGN\frontend\src\pages\FarmCostingPage.jsx","PAGE","react","False"
"C:\Users\DIYA GOEL\Downloads\EBDESIGN\frontend\src\pages\FarmCostingPage.jsx","PAGE","@tanstack/react-query","False"
"C:\Users\DIYA GOEL\Downloads\EBDESIGN\frontend\src\pages\FarmCostingPage.jsx","PAGE","../services/api","True"
"C:\Users\DIYA GOEL\Downloads\EBDESIGN\frontend\src\pages\FarmCostingPage.jsx","PAGE","lucide-react","False"
"C:\Users\DIYA GOEL\Downloads\EBDESIGN\frontend\src\pages\FarmCostingPage.jsx","PAGE","react-hot-toast","False"
"C:\Users\DIYA GOEL\Downloads\EBDESIGN\frontend\src\pages\FarmCostingPage.jsx","PAGE","../components/common/Modal","True"
"C:\Users\DIYA GOEL\Downloads\EBDESIGN\frontend\src\pages\FarmerEntranceHubPage.jsx","PAGE","react-router-dom","False"
"C:\Users\DIYA GOEL\Downloads\EBDESIGN\frontend\src\pages\FarmerEntranceHubPage.jsx","PAGE","lucide-react","False"
"C:\Users\DIYA GOEL\Downloads\EBDESIGN\frontend\src\pages\FarmerFamilyPage.jsx","PAGE","lucide-react","False"
"C:\Users\DIYA GOEL\Downloads\EBDESIGN\frontend\src\pages\FarmerFamilyPage.jsx","PAGE","../services/api","True"
"C:\Users\DIYA GOEL\Downloads\EBDESIGN\frontend\src\pages\FarmerFamilyPage.jsx","PAGE","../components/common/ResourceManager","True"
"C:\Users\DIYA GOEL\Downloads\EBDESIGN\frontend\src\pages\FarmerFieldDoorPage.jsx","PAGE","react-router-dom","False"
"C:\Users\DIYA GOEL\Downloads\EBDESIGN\frontend\src\pages\FarmerFieldDoorPage.jsx","PAGE","lucide-react","False"
"C:\Users\DIYA GOEL\Downloads\EBDESIGN\frontend\src\pages\FarmerFieldPage.jsx","PAGE","react","False"
"C:\Users\DIYA GOEL\Downloads\EBDESIGN\frontend\src\pages\FarmerFieldPage.jsx","PAGE","@tanstack/react-query","False"
"C:\Users\DIYA GOEL\Downloads\EBDESIGN\frontend\src\pages\FarmerFieldPage.jsx","PAGE","../services/api","True"
"C:\Users\DIYA GOEL\Downloads\EBDESIGN\frontend\src\pages\FarmerFieldPage.jsx","PAGE","react-hot-toast","False"
"C:\Users\DIYA GOEL\Downloads\EBDESIGN\frontend\src\pages\FarmerFieldPage.jsx","PAGE","../components/common/Modal","True"
"C:\Users\DIYA GOEL\Downloads\EBDESIGN\frontend\src\pages\FarmerHealthWelfarePage.jsx","PAGE","react","False"
"C:\Users\DIYA GOEL\Downloads\EBDESIGN\frontend\src\pages\FarmerHealthWelfarePage.jsx","PAGE","lucide-react","False"
"C:\Users\DIYA GOEL\Downloads\EBDESIGN\frontend\src\pages\FarmerHealthWelfarePage.jsx","PAGE","../services/api","True"
"C:\Users\DIYA GOEL\Downloads\EBDESIGN\frontend\src\pages\FarmerHealthWelfarePage.jsx","PAGE","../components/common/ResourceManager","True"
"C:\Users\DIYA GOEL\Downloads\EBDESIGN\frontend\src\pages\FarmerHomePage.jsx","PAGE","react-router-dom","False"
"C:\Users\DIYA GOEL\Downloads\EBDESIGN\frontend\src\pages\FarmerHomePage.jsx","PAGE","@tanstack/react-query","False"
"C:\Users\DIYA GOEL\Downloads\EBDESIGN\frontend\src\pages\FarmerHomePage.jsx","PAGE","../services/api","True"
"C:\Users\DIYA GOEL\Downloads\EBDESIGN\frontend\src\pages\FarmerHouseholdDoorPage.jsx","PAGE","react-router-dom","False"
"C:\Users\DIYA GOEL\Downloads\EBDESIGN\frontend\src\pages\FarmerHouseholdDoorPage.jsx","PAGE","lucide-react","False"
"C:\Users\DIYA GOEL\Downloads\EBDESIGN\frontend\src\pages\FarmerKycPage.jsx","PAGE","react","False"
"C:\Users\DIYA GOEL\Downloads\EBDESIGN\frontend\src\pages\FarmerKycPage.jsx","PAGE","@tanstack/react-query","False"
"C:\Users\DIYA GOEL\Downloads\EBDESIGN\frontend\src\pages\FarmerKycPage.jsx","PAGE","../services/api","True"
"C:\Users\DIYA GOEL\Downloads\EBDESIGN\frontend\src\pages\FarmerKycPage.jsx","PAGE","lucide-react","False"
"C:\Users\DIYA GOEL\Downloads\EBDESIGN\frontend\src\pages\FarmerKycPage.jsx","PAGE","react-hot-toast","False"
"C:\Users\DIYA GOEL\Downloads\EBDESIGN\frontend\src\pages\FarmerKycPage.jsx","PAGE","../components/common/Modal","True"
"C:\Users\DIYA GOEL\Downloads\EBDESIGN\frontend\src\pages\FarmerPortalPage.jsx","PAGE","react-router-dom","False"
"C:\Users\DIYA GOEL\Downloads\EBDESIGN\frontend\src\pages\FarmerPortalPage.jsx","PAGE","@tanstack/react-query","False"
"C:\Users\DIYA GOEL\Downloads\EBDESIGN\frontend\src\pages\FarmerPortalPage.jsx","PAGE","../services/api","True"
"C:\Users\DIYA GOEL\Downloads\EBDESIGN\frontend\src\pages\FarmerPortalPage.jsx","PAGE","lucide-react","False"
"C:\Users\DIYA GOEL\Downloads\EBDESIGN\frontend\src\pages\FarmerPortalPage.jsx","PAGE","../components/FarmerPortal/LandRecords","True"
"C:\Users\DIYA GOEL\Downloads\EBDESIGN\frontend\src\pages\FarmerProcurementPage.jsx","PAGE","react","False"
"C:\Users\DIYA GOEL\Downloads\EBDESIGN\frontend\src\pages\FarmerProcurementPage.jsx","PAGE","../services/api","True"
"C:\Users\DIYA GOEL\Downloads\EBDESIGN\frontend\src\pages\FarmerProcurementPage.jsx","PAGE","../store/authStore","True"
"C:\Users\DIYA GOEL\Downloads\EBDESIGN\frontend\src\pages\FarmerProfilePage.jsx","PAGE","lucide-react","False"
"C:\Users\DIYA GOEL\Downloads\EBDESIGN\frontend\src\pages\FarmerProfilePage.jsx","PAGE","../services/api","True"
"C:\Users\DIYA GOEL\Downloads\EBDESIGN\frontend\src\pages\FarmerProfilePage.jsx","PAGE","../components/common/ResourceManager","True"
"C:\Users\DIYA GOEL\Downloads\EBDESIGN\frontend\src\pages\FarmerReportPage.jsx","PAGE","react","False"
"C:\Users\DIYA GOEL\Downloads\EBDESIGN\frontend\src\pages\FarmerReportPage.jsx","PAGE","../components/ui/card","True"
"C:\Users\DIYA GOEL\Downloads\EBDESIGN\frontend\src\pages\FarmerReportPage.jsx","PAGE","../components/ui/button","True"
"C:\Users\DIYA GOEL\Downloads\EBDESIGN\frontend\src\pages\FarmerReportPage.jsx","PAGE","../components/ui/select","True"
"C:\Users\DIYA GOEL\Downloads\EBDESIGN\frontend\src\pages\FarmerReportPage.jsx","PAGE","lucide-react","False"
"C:\Users\DIYA GOEL\Downloads\EBDESIGN\frontend\src\pages\FarmerRevenueLedgerPage.jsx","PAGE","react","False"
"C:\Users\DIYA GOEL\Downloads\EBDESIGN\frontend\src\pages\FarmerRevenueLedgerPage.jsx","PAGE","../components/ui/card","True"
"C:\Users\DIYA GOEL\Downloads\EBDESIGN\frontend\src\pages\FarmerRevenueLedgerPage.jsx","PAGE","../components/ui/button","True"
"C:\Users\DIYA GOEL\Downloads\EBDESIGN\frontend\src\pages\FarmerRevenueLedgerPage.jsx","PAGE","../components/ui/input","True"
"C:\Users\DIYA GOEL\Downloads\EBDESIGN\frontend\src\pages\FarmerRevenueLedgerPage.jsx","PAGE","../components/ui/label","True"
"C:\Users\DIYA GOEL\Downloads\EBDESIGN\frontend\src\pages\FarmerRevenueLedgerPage.jsx","PAGE","../components/ui/table","True"
"C:\Users\DIYA GOEL\Downloads\EBDESIGN\frontend\src\pages\FarmerRevenueLedgerPage.jsx","PAGE","lucide-react","False"
"C:\Users\DIYA GOEL\Downloads\EBDESIGN\frontend\src\pages\FarmerRevenueLedgerPage.jsx","PAGE","react-hot-toast","False"
"C:\Users\DIYA GOEL\Downloads\EBDESIGN\frontend\src\pages\FarmerRevenueLedgerPage.jsx","PAGE","../services/api","True"
"C:\Users\DIYA GOEL\Downloads\EBDESIGN\frontend\src\pages\FarmerSellDoorPage.jsx","PAGE","react-router-dom","False"
"C:\Users\DIYA GOEL\Downloads\EBDESIGN\frontend\src\pages\FarmerSellDoorPage.jsx","PAGE","lucide-react","False"
"C:\Users\DIYA GOEL\Downloads\EBDESIGN\frontend\src\pages\FarmerSellPage.jsx","PAGE","react","False"
"C:\Users\DIYA GOEL\Downloads\EBDESIGN\frontend\src\pages\FarmerSellPage.jsx","PAGE","@tanstack/react-query","False"
"C:\Users\DIYA GOEL\Downloads\EBDESIGN\frontend\src\pages\FarmerSellPage.jsx","PAGE","../services/api","True"
"C:\Users\DIYA GOEL\Downloads\EBDESIGN\frontend\src\pages\FarmerSellPage.jsx","PAGE","lucide-react","False"
"C:\Users\DIYA GOEL\Downloads\EBDESIGN\frontend\src\pages\FarmerSellPage.jsx","PAGE","react-hot-toast","False"
"C:\Users\DIYA GOEL\Downloads\EBDESIGN\frontend\src\pages\FarmerSharedDoorPage.jsx","PAGE","react-router-dom","False"
"C:\Users\DIYA GOEL\Downloads\EBDESIGN\frontend\src\pages\FarmerSharedDoorPage.jsx","PAGE","lucide-react","False"
"C:\Users\DIYA GOEL\Downloads\EBDESIGN\frontend\src\pages\FarmerSkillPage.jsx","PAGE","lucide-react","False"
"C:\Users\DIYA GOEL\Downloads\EBDESIGN\frontend\src\pages\FarmerSkillPage.jsx","PAGE","../services/api","True"
"C:\Users\DIYA GOEL\Downloads\EBDESIGN\frontend\src\pages\FarmerSkillPage.jsx","PAGE","../components/common/ResourceManager","True"
"C:\Users\DIYA GOEL\Downloads\EBDESIGN\frontend\src\pages\FarmerVerificationPage.jsx","PAGE","@tanstack/react-query","False"
"C:\Users\DIYA GOEL\Downloads\EBDESIGN\frontend\src\pages\FarmerVerificationPage.jsx","PAGE","lucide-react","False"
"C:\Users\DIYA GOEL\Downloads\EBDESIGN\frontend\src\pages\FarmerVerificationPage.jsx","PAGE","react-hot-toast","False"
"C:\Users\DIYA GOEL\Downloads\EBDESIGN\frontend\src\pages\FarmerVerificationPage.jsx","PAGE","../services/api","True"
"C:\Users\DIYA GOEL\Downloads\EBDESIGN\frontend\src\pages\FarmerVerificationPage.jsx","PAGE","../components/common/ResourceManager","True"
"C:\Users\DIYA GOEL\Downloads\EBDESIGN\frontend\src\pages\FarmsPage.jsx","PAGE","react","False"
"C:\Users\DIYA GOEL\Downloads\EBDESIGN\frontend\src\pages\FavoritesPage.jsx","PAGE","react","False"
"C:\Users\DIYA GOEL\Downloads\EBDESIGN\frontend\src\pages\FeedbackPage.jsx","PAGE","react","False"
"C:\Users\DIYA GOEL\Downloads\EBDESIGN\frontend\src\pages\FertilizerInventoryPage.jsx","PAGE","react","False"
"C:\Users\DIYA GOEL\Downloads\EBDESIGN\frontend\src\pages\FertilizerInventoryPage.jsx","PAGE","@tanstack/react-query","False"
"C:\Users\DIYA GOEL\Downloads\EBDESIGN\frontend\src\pages\FertilizerInventoryPage.jsx","PAGE","../services/api","True"
"C:\Users\DIYA GOEL\Downloads\EBDESIGN\frontend\src\pages\FertilizerInventoryPage.jsx","PAGE","lucide-react","False"
"C:\Users\DIYA GOEL\Downloads\EBDESIGN\frontend\src\pages\FertilizerInventoryPage.jsx","PAGE","react-hot-toast","False"
"C:\Users\DIYA GOEL\Downloads\EBDESIGN\frontend\src\pages\FertilizerInventoryPage.jsx","PAGE","../components/common/Modal","True"
"C:\Users\DIYA GOEL\Downloads\EBDESIGN\frontend\src\pages\FieldsPage.jsx","PAGE","react","False"
"C:\Users\DIYA GOEL\Downloads\EBDESIGN\frontend\src\pages\FinancePage.jsx","PAGE","react","False"
"C:\Users\DIYA GOEL\Downloads\EBDESIGN\frontend\src\pages\FinancialReportPage.jsx","PAGE","react","False"
"C:\Users\DIYA GOEL\Downloads\EBDESIGN\frontend\src\pages\FinancialReportPage.jsx","PAGE","../components/ui/card","True"
"C:\Users\DIYA GOEL\Downloads\EBDESIGN\frontend\src\pages\FinancialReportPage.jsx","PAGE","../components/ui/button","True"
"C:\Users\DIYA GOEL\Downloads\EBDESIGN\frontend\src\pages\FinancialReportPage.jsx","PAGE","../components/ui/select","True"
"C:\Users\DIYA GOEL\Downloads\EBDESIGN\frontend\src\pages\FinancialReportPage.jsx","PAGE","lucide-react","False"
"C:\Users\DIYA GOEL\Downloads\EBDESIGN\frontend\src\pages\FinancialReportPage.jsx","PAGE","../components/ui/AIInsightsPanel","True"
"C:\Users\DIYA GOEL\Downloads\EBDESIGN\frontend\src\pages\FinancialReportPage.jsx","PAGE","../services/aiDecisionService","True"
"C:\Users\DIYA GOEL\Downloads\EBDESIGN\frontend\src\pages\FinancialServicesDashboard.jsx","PAGE","react","False"
"C:\Users\DIYA GOEL\Downloads\EBDESIGN\frontend\src\pages\FinancialServicesDashboard.jsx","PAGE","@tanstack/react-query","False"
"C:\Users\DIYA GOEL\Downloads\EBDESIGN\frontend\src\pages\FinancialServicesDashboard.jsx","PAGE","../components/ui/card","True"
"C:\Users\DIYA GOEL\Downloads\EBDESIGN\frontend\src\pages\FinancialServicesDashboard.jsx","PAGE","../components/ui/button","True"
"C:\Users\DIYA GOEL\Downloads\EBDESIGN\frontend\src\pages\FinancialServicesDashboard.jsx","PAGE","../components/ui/badge","True"
"C:\Users\DIYA GOEL\Downloads\EBDESIGN\frontend\src\pages\FinancialServicesDashboard.jsx","PAGE","../components/ui/enhancedComponents","True"
"C:\Users\DIYA GOEL\Downloads\EBDESIGN\frontend\src\pages\FinancialServicesDashboard.jsx","PAGE","../services/api","True"
"C:\Users\DIYA GOEL\Downloads\EBDESIGN\frontend\src\pages\FisheriesManagementPage.jsx","PAGE","react","False"
"C:\Users\DIYA GOEL\Downloads\EBDESIGN\frontend\src\pages\FisheriesManagementPage.jsx","PAGE","lucide-react","False"
"C:\Users\DIYA GOEL\Downloads\EBDESIGN\frontend\src\pages\FisheriesManagementPage.jsx","PAGE","../components/common/ResourceManager","True"
"C:\Users\DIYA GOEL\Downloads\EBDESIGN\frontend\src\pages\FitbitCallbackPage.jsx","PAGE","react","False"
"C:\Users\DIYA GOEL\Downloads\EBDESIGN\frontend\src\pages\FitbitCallbackPage.jsx","PAGE","react-router-dom","False"
"C:\Users\DIYA GOEL\Downloads\EBDESIGN\frontend\src\pages\FitbitCallbackPage.jsx","PAGE","../services/api","True"
"C:\Users\DIYA GOEL\Downloads\EBDESIGN\frontend\src\pages\FormManagementPage.jsx","PAGE","react","False"
"C:\Users\DIYA GOEL\Downloads\EBDESIGN\frontend\src\pages\FormManagementPage.jsx","PAGE","../components/forms/FormBuilderPanel","True"
"C:\Users\DIYA GOEL\Downloads\EBDESIGN\frontend\src\pages\FormManagementPage.jsx","PAGE","../components/forms/FormPreviewPanel","True"
"C:\Users\DIYA GOEL\Downloads\EBDESIGN\frontend\src\pages\FormManagementPage.jsx","PAGE","../services/api","True"
"C:\Users\DIYA GOEL\Downloads\EBDESIGN\frontend\src\pages\ForwardPricingPage.jsx","PAGE","react","False"
"C:\Users\DIYA GOEL\Downloads\EBDESIGN\frontend\src\pages\ForwardPricingPage.jsx","PAGE","../services/api","True"
"C:\Users\DIYA GOEL\Downloads\EBDESIGN\frontend\src\pages\FPODashboardPage.jsx","PAGE","react","False"
"C:\Users\DIYA GOEL\Downloads\EBDESIGN\frontend\src\pages\FPODashboardPage.jsx","PAGE","@tanstack/react-query","False"
"C:\Users\DIYA GOEL\Downloads\EBDESIGN\frontend\src\pages\FPODashboardPage.jsx","PAGE","lucide-react","False"
"C:\Users\DIYA GOEL\Downloads\EBDESIGN\frontend\src\pages\FPODashboardPage.jsx","PAGE","../services/api","True"
"C:\Users\DIYA GOEL\Downloads\EBDESIGN\frontend\src\pages\FPODashboardPage.jsx","PAGE","../components/ui/AIInsightsPanel","True"
"C:\Users\DIYA GOEL\Downloads\EBDESIGN\frontend\src\pages\FPODashboardPage.jsx","PAGE","../services/aiDecisionService","True"
"C:\Users\DIYA GOEL\Downloads\EBDESIGN\frontend\src\pages\FPORegistrationPage.jsx","PAGE","../components/common/ModuleOperationPanel","True"
"C:\Users\DIYA GOEL\Downloads\EBDESIGN\frontend\src\pages\FuelManagementPage.jsx","PAGE","../components/common/ModuleOperationPanel","True"
"C:\Users\DIYA GOEL\Downloads\EBDESIGN\frontend\src\pages\GDPRConsentPage.jsx","PAGE","react","False"
"C:\Users\DIYA GOEL\Downloads\EBDESIGN\frontend\src\pages\GDPRConsentPage.jsx","PAGE","../components/GDPR/GDPRConsent","True"
"C:\Users\DIYA GOEL\Downloads\EBDESIGN\frontend\src\pages\GoatFarmingPage.jsx","PAGE","react","False"
"C:\Users\DIYA GOEL\Downloads\EBDESIGN\frontend\src\pages\GoatFarmingPage.jsx","PAGE","@tanstack/react-query","False"
"C:\Users\DIYA GOEL\Downloads\EBDESIGN\frontend\src\pages\GoatFarmingPage.jsx","PAGE","../services/api","True"
"C:\Users\DIYA GOEL\Downloads\EBDESIGN\frontend\src\pages\GoatFarmingPage.jsx","PAGE","lucide-react","False"
"C:\Users\DIYA GOEL\Downloads\EBDESIGN\frontend\src\pages\GoatFarmingPage.jsx","PAGE","react-hot-toast","False"
"C:\Users\DIYA GOEL\Downloads\EBDESIGN\frontend\src\pages\GoatFarmingPage.jsx","PAGE","../components/common/Modal","True"
"C:\Users\DIYA GOEL\Downloads\EBDESIGN\frontend\src\pages\GoatFarmingPage.jsx","PAGE","../components/common/ActionCard","True"
"C:\Users\DIYA GOEL\Downloads\EBDESIGN\frontend\src\pages\GovernmentDashboardPage.jsx","PAGE","react","False"
"C:\Users\DIYA GOEL\Downloads\EBDESIGN\frontend\src\pages\GovernmentDashboardPage.jsx","PAGE","@tanstack/react-query","False"
"C:\Users\DIYA GOEL\Downloads\EBDESIGN\frontend\src\pages\GovernmentDashboardPage.jsx","PAGE","lucide-react","False"
"C:\Users\DIYA GOEL\Downloads\EBDESIGN\frontend\src\pages\GovernmentDashboardPage.jsx","PAGE","../services/api","True"
"C:\Users\DIYA GOEL\Downloads\EBDESIGN\frontend\src\pages\GovernmentSubsidyPage.jsx","PAGE","react","False"
"C:\Users\DIYA GOEL\Downloads\EBDESIGN\frontend\src\pages\GovernmentSubsidyPage.jsx","PAGE","../store/authStore","True"
"C:\Users\DIYA GOEL\Downloads\EBDESIGN\frontend\src\pages\GovernmentSubsidyPage.jsx","PAGE","@tanstack/react-query","False"
"C:\Users\DIYA GOEL\Downloads\EBDESIGN\frontend\src\pages\GovernmentSubsidyPage.jsx","PAGE","../services/api","True"
"C:\Users\DIYA GOEL\Downloads\EBDESIGN\frontend\src\pages\GovernmentSubsidyPage.jsx","PAGE","lucide-react","False"
"C:\Users\DIYA GOEL\Downloads\EBDESIGN\frontend\src\pages\GroupBuyingPage.jsx","PAGE","react","False"
"C:\Users\DIYA GOEL\Downloads\EBDESIGN\frontend\src\pages\GroupBuyingPage.jsx","PAGE","../components/ui/card","True"
"C:\Users\DIYA GOEL\Downloads\EBDESIGN\frontend\src\pages\GroupBuyingPage.jsx","PAGE","../components/ui/button","True"
"C:\Users\DIYA GOEL\Downloads\EBDESIGN\frontend\src\pages\GroupBuyingPage.jsx","PAGE","lucide-react","False"
"C:\Users\DIYA GOEL\Downloads\EBDESIGN\frontend\src\pages\HarvestPlanPage.jsx","PAGE","react","False"
"C:\Users\DIYA GOEL\Downloads\EBDESIGN\frontend\src\pages\HarvestPlanPage.jsx","PAGE","../components/common/Modal","True"
"C:\Users\DIYA GOEL\Downloads\EBDESIGN\frontend\src\pages\HarvestScorePage.jsx","PAGE","@tanstack/react-query","False"
"C:\Users\DIYA GOEL\Downloads\EBDESIGN\frontend\src\pages\HarvestScorePage.jsx","PAGE","../services/api","True"
"C:\Users\DIYA GOEL\Downloads\EBDESIGN\frontend\src\pages\HelpPage.jsx","PAGE","react","False"
"C:\Users\DIYA GOEL\Downloads\EBDESIGN\frontend\src\pages\HistoryPage.jsx","PAGE","react","False"
"C:\Users\DIYA GOEL\Downloads\EBDESIGN\frontend\src\pages\HomePage.jsx","PAGE","react","False"
"C:\Users\DIYA GOEL\Downloads\EBDESIGN\frontend\src\pages\HorticultureManagementPage.jsx","PAGE","react","False"
"C:\Users\DIYA GOEL\Downloads\EBDESIGN\frontend\src\pages\HorticultureManagementPage.jsx","PAGE","lucide-react","False"
"C:\Users\DIYA GOEL\Downloads\EBDESIGN\frontend\src\pages\HorticultureManagementPage.jsx","PAGE","../components/common/ResourceManager","True"
"C:\Users\DIYA GOEL\Downloads\EBDESIGN\frontend\src\pages\HouseholdProcurementPage.jsx","PAGE","react","False"
"C:\Users\DIYA GOEL\Downloads\EBDESIGN\frontend\src\pages\HouseholdProcurementPage.jsx","PAGE","react-router-dom","False"
"C:\Users\DIYA GOEL\Downloads\EBDESIGN\frontend\src\pages\HouseholdProcurementPage.jsx","PAGE","../services/api","True"
"C:\Users\DIYA GOEL\Downloads\EBDESIGN\frontend\src\pages\IdentityManagementPage.jsx","PAGE","react","False"
"C:\Users\DIYA GOEL\Downloads\EBDESIGN\frontend\src\pages\IdentityManagementPage.jsx","PAGE","lucide-react","False"
"C:\Users\DIYA GOEL\Downloads\EBDESIGN\frontend\src\pages\IdentityManagementPage.jsx","PAGE","../components/common/ResourceManager","True"
"C:\Users\DIYA GOEL\Downloads\EBDESIGN\frontend\src\pages\ImplementManagementPage.jsx","PAGE","../components/common/ModuleOperationPanel","True"
"C:\Users\DIYA GOEL\Downloads\EBDESIGN\frontend\src\pages\ImportPage.jsx","PAGE","react","False"
"C:\Users\DIYA GOEL\Downloads\EBDESIGN\frontend\src\pages\InboxPage.jsx","PAGE","react","False"
"C:\Users\DIYA GOEL\Downloads\EBDESIGN\frontend\src\pages\IndiaCoveragePage.jsx","PAGE","react","False"
"C:\Users\DIYA GOEL\Downloads\EBDESIGN\frontend\src\pages\IndiaCoveragePage.jsx","PAGE","../services/api","True"
"C:\Users\DIYA GOEL\Downloads\EBDESIGN\frontend\src\pages\InformationSharingPage.jsx","PAGE","react","False"
"C:\Users\DIYA GOEL\Downloads\EBDESIGN\frontend\src\pages\InformationSharingPage.jsx","PAGE","lucide-react","False"
"C:\Users\DIYA GOEL\Downloads\EBDESIGN\frontend\src\pages\InformationSharingPage.jsx","PAGE","../services/api","True"
"C:\Users\DIYA GOEL\Downloads\EBDESIGN\frontend\src\pages\InformationSharingPage.jsx","PAGE","../components/common/ActionCard","True"
"C:\Users\DIYA GOEL\Downloads\EBDESIGN\frontend\src\pages\InputSupplyManagementPage.jsx","PAGE","react","False"
"C:\Users\DIYA GOEL\Downloads\EBDESIGN\frontend\src\pages\InputSupplyManagementPage.jsx","PAGE","react-router-dom","False"
"C:\Users\DIYA GOEL\Downloads\EBDESIGN\frontend\src\pages\InputSupplyManagementPage.jsx","PAGE","lucide-react","False"
"C:\Users\DIYA GOEL\Downloads\EBDESIGN\frontend\src\pages\InputSupplyManagementPage.jsx","PAGE","../components/common/ResourceManager","True"
"C:\Users\DIYA GOEL\Downloads\EBDESIGN\frontend\src\pages\InsuranceCoveragesPage.jsx","PAGE","react","False"
"C:\Users\DIYA GOEL\Downloads\EBDESIGN\frontend\src\pages\InsuranceManagementPage.jsx","PAGE","react","False"
"C:\Users\DIYA GOEL\Downloads\EBDESIGN\frontend\src\pages\InsuranceManagementPage.jsx","PAGE","@tanstack/react-query","False"
"C:\Users\DIYA GOEL\Downloads\EBDESIGN\frontend\src\pages\InsuranceManagementPage.jsx","PAGE","../services/api","True"
"C:\Users\DIYA GOEL\Downloads\EBDESIGN\frontend\src\pages\InsuranceManagementPage.jsx","PAGE","react-hot-toast","False"
"C:\Users\DIYA GOEL\Downloads\EBDESIGN\frontend\src\pages\InsuranceManagementPage.jsx","PAGE","../components/ui/card","True"
"C:\Users\DIYA GOEL\Downloads\EBDESIGN\frontend\src\pages\InsuranceManagementPage.jsx","PAGE","../components/ui/button","True"
"C:\Users\DIYA GOEL\Downloads\EBDESIGN\frontend\src\pages\InsuranceManagementPage.jsx","PAGE","../components/ui/input","True"
"C:\Users\DIYA GOEL\Downloads\EBDESIGN\frontend\src\pages\InsuranceManagementPage.jsx","PAGE","../components/ui/select","True"
"C:\Users\DIYA GOEL\Downloads\EBDESIGN\frontend\src\pages\InsuranceManagementPage.jsx","PAGE","../components/ui/badge","True"
"C:\Users\DIYA GOEL\Downloads\EBDESIGN\frontend\src\pages\InsuranceManagementPage.jsx","PAGE","../components/ui/enhancedComponents","True"
"C:\Users\DIYA GOEL\Downloads\EBDESIGN\frontend\src\pages\InsurancePage.jsx","PAGE","react","False"
"C:\Users\DIYA GOEL\Downloads\EBDESIGN\frontend\src\pages\InventoryReportPage.jsx","PAGE","react","False"
"C:\Users\DIYA GOEL\Downloads\EBDESIGN\frontend\src\pages\InventoryReportPage.jsx","PAGE","../components/ui/card","True"
"C:\Users\DIYA GOEL\Downloads\EBDESIGN\frontend\src\pages\InventoryReportPage.jsx","PAGE","../components/ui/button","True"
"C:\Users\DIYA GOEL\Downloads\EBDESIGN\frontend\src\pages\InventoryReportPage.jsx","PAGE","../components/ui/select","True"
"C:\Users\DIYA GOEL\Downloads\EBDESIGN\frontend\src\pages\InventoryReportPage.jsx","PAGE","lucide-react","False"
"C:\Users\DIYA GOEL\Downloads\EBDESIGN\frontend\src\pages\InventoryReportPage.jsx","PAGE","../components/ui/AIInsightsPanel","True"
"C:\Users\DIYA GOEL\Downloads\EBDESIGN\frontend\src\pages\InventoryReportPage.jsx","PAGE","../services/aiDecisionService","True"
"C:\Users\DIYA GOEL\Downloads\EBDESIGN\frontend\src\pages\InvoicesPage.jsx","PAGE","react","False"
"C:\Users\DIYA GOEL\Downloads\EBDESIGN\frontend\src\pages\IoTMonitoringDashboard.jsx","PAGE","react","False"
"C:\Users\DIYA GOEL\Downloads\EBDESIGN\frontend\src\pages\IoTMonitoringDashboard.jsx","PAGE","@tanstack/react-query","False"
"C:\Users\DIYA GOEL\Downloads\EBDESIGN\frontend\src\pages\IoTMonitoringDashboard.jsx","PAGE","../components/ui/card","True"
"C:\Users\DIYA GOEL\Downloads\EBDESIGN\frontend\src\pages\IoTMonitoringDashboard.jsx","PAGE","../components/ui/button","True"
"C:\Users\DIYA GOEL\Downloads\EBDESIGN\frontend\src\pages\IoTMonitoringDashboard.jsx","PAGE","../components/ui/badge","True"
"C:\Users\DIYA GOEL\Downloads\EBDESIGN\frontend\src\pages\IoTMonitoringDashboard.jsx","PAGE","../components/ui/enhancedComponents","True"
"C:\Users\DIYA GOEL\Downloads\EBDESIGN\frontend\src\pages\IoTMonitoringDashboard.jsx","PAGE","../store/authStore","True"
"C:\Users\DIYA GOEL\Downloads\EBDESIGN\frontend\src\pages\IoTMonitoringDashboard.jsx","PAGE","../services/api","True"
"C:\Users\DIYA GOEL\Downloads\EBDESIGN\frontend\src\pages\IrrigationManagementPage.jsx","PAGE","react","False"
"C:\Users\DIYA GOEL\Downloads\EBDESIGN\frontend\src\pages\IrrigationManagementPage.jsx","PAGE","@tanstack/react-query","False"
"C:\Users\DIYA GOEL\Downloads\EBDESIGN\frontend\src\pages\IrrigationManagementPage.jsx","PAGE","../services/api","True"
"C:\Users\DIYA GOEL\Downloads\EBDESIGN\frontend\src\pages\IrrigationManagementPage.jsx","PAGE","lucide-react","False"
"C:\Users\DIYA GOEL\Downloads\EBDESIGN\frontend\src\pages\IrrigationManagementPage.jsx","PAGE","react-hot-toast","False"
"C:\Users\DIYA GOEL\Downloads\EBDESIGN\frontend\src\pages\IrrigationManagementPage.jsx","PAGE","../components/common/Modal","True"
"C:\Users\DIYA GOEL\Downloads\EBDESIGN\frontend\src\pages\KnowledgeBasePage.jsx","PAGE","react","False"
"C:\Users\DIYA GOEL\Downloads\EBDESIGN\frontend\src\pages\KnowledgeBasePage.jsx","PAGE","lucide-react","False"
"C:\Users\DIYA GOEL\Downloads\EBDESIGN\frontend\src\pages\KnowledgeBasePage.jsx","PAGE","../services/api","True"
"C:\Users\DIYA GOEL\Downloads\EBDESIGN\frontend\src\pages\KnowledgeReferencePage.jsx","PAGE","react","False"
"C:\Users\DIYA GOEL\Downloads\EBDESIGN\frontend\src\pages\KnowledgeReferencePage.jsx","PAGE","lucide-react","False"
"C:\Users\DIYA GOEL\Downloads\EBDESIGN\frontend\src\pages\KnowledgeReferencePage.jsx","PAGE","../services/api","True"
"C:\Users\DIYA GOEL\Downloads\EBDESIGN\frontend\src\pages\KnowledgeReferencePage.jsx","PAGE","../components/common/ActionCard","True"
"C:\Users\DIYA GOEL\Downloads\EBDESIGN\frontend\src\pages\LabelsPage.jsx","PAGE","react","False"
"C:\Users\DIYA GOEL\Downloads\EBDESIGN\frontend\src\pages\LabourManagementPage.jsx","PAGE","react","False"
"C:\Users\DIYA GOEL\Downloads\EBDESIGN\frontend\src\pages\LabourManagementPage.jsx","PAGE","@tanstack/react-query","False"
"C:\Users\DIYA GOEL\Downloads\EBDESIGN\frontend\src\pages\LabourManagementPage.jsx","PAGE","../services/api","True"
"C:\Users\DIYA GOEL\Downloads\EBDESIGN\frontend\src\pages\LabourManagementPage.jsx","PAGE","lucide-react","False"
"C:\Users\DIYA GOEL\Downloads\EBDESIGN\frontend\src\pages\LabourManagementPage.jsx","PAGE","react-hot-toast","False"
"C:\Users\DIYA GOEL\Downloads\EBDESIGN\frontend\src\pages\LabourManagementPage.jsx","PAGE","../components/common/Modal","True"
"C:\Users\DIYA GOEL\Downloads\EBDESIGN\frontend\src\pages\LandManagementPage.jsx","PAGE","react","False"
"C:\Users\DIYA GOEL\Downloads\EBDESIGN\frontend\src\pages\LandManagementPage.jsx","PAGE","lucide-react","False"
"C:\Users\DIYA GOEL\Downloads\EBDESIGN\frontend\src\pages\LandManagementPage.jsx","PAGE","../components/common/ResourceManager","True"
"C:\Users\DIYA GOEL\Downloads\EBDESIGN\frontend\src\pages\LandRegistryPage.jsx","PAGE","react","False"
"C:\Users\DIYA GOEL\Downloads\EBDESIGN\frontend\src\pages\LandRegistryPage.jsx","PAGE","@tanstack/react-query","False"
"C:\Users\DIYA GOEL\Downloads\EBDESIGN\frontend\src\pages\LandRegistryPage.jsx","PAGE","../services/api","True"
"C:\Users\DIYA GOEL\Downloads\EBDESIGN\frontend\src\pages\LandRegistryPage.jsx","PAGE","lucide-react","False"
"C:\Users\DIYA GOEL\Downloads\EBDESIGN\frontend\src\pages\LandRegistryPage.jsx","PAGE","react-hot-toast","False"
"C:\Users\DIYA GOEL\Downloads\EBDESIGN\frontend\src\pages\LandRegistryPage.jsx","PAGE","../components/common/Modal","True"
"C:\Users\DIYA GOEL\Downloads\EBDESIGN\frontend\src\pages\LandUseCarbonPage.jsx","PAGE","react","False"
"C:\Users\DIYA GOEL\Downloads\EBDESIGN\frontend\src\pages\LandUseCarbonPage.jsx","PAGE","../services/api","True"
"C:\Users\DIYA GOEL\Downloads\EBDESIGN\frontend\src\pages\LanguagePage.jsx","PAGE","react","False"
"C:\Users\DIYA GOEL\Downloads\EBDESIGN\frontend\src\pages\LedgerPage.jsx","PAGE","react","False"
"C:\Users\DIYA GOEL\Downloads\EBDESIGN\frontend\src\pages\LedgerPage.jsx","PAGE","../services/api","True"
"C:\Users\DIYA GOEL\Downloads\EBDESIGN\frontend\src\pages\LedgerPage.jsx","PAGE","../components/common/DataPrimitives","True"
"C:\Users\DIYA GOEL\Downloads\EBDESIGN\frontend\src\pages\LibraryBrowserPage.jsx","PAGE","react","False"
"C:\Users\DIYA GOEL\Downloads\EBDESIGN\frontend\src\pages\LibraryBrowserPage.jsx","PAGE","../components/Library/LibraryBrowser","True"
"C:\Users\DIYA GOEL\Downloads\EBDESIGN\frontend\src\pages\LivestockManagementPage.jsx","PAGE","react","False"
"C:\Users\DIYA GOEL\Downloads\EBDESIGN\frontend\src\pages\LivestockManagementPage.jsx","PAGE","react-router-dom","False"
"C:\Users\DIYA GOEL\Downloads\EBDESIGN\frontend\src\pages\LivestockManagementPage.jsx","PAGE","lucide-react","False"
"C:\Users\DIYA GOEL\Downloads\EBDESIGN\frontend\src\pages\LivestockManagementPage.jsx","PAGE","../components/common/ResourceManager","True"
"C:\Users\DIYA GOEL\Downloads\EBDESIGN\frontend\src\pages\LoadingPage.jsx","PAGE","react","False"
"C:\Users\DIYA GOEL\Downloads\EBDESIGN\frontend\src\pages\LoanManagementPage.jsx","PAGE","react","False"
"C:\Users\DIYA GOEL\Downloads\EBDESIGN\frontend\src\pages\LoanManagementPage.jsx","PAGE","@tanstack/react-query","False"
"C:\Users\DIYA GOEL\Downloads\EBDESIGN\frontend\src\pages\LoanManagementPage.jsx","PAGE","../components/ui/card","True"
"C:\Users\DIYA GOEL\Downloads\EBDESIGN\frontend\src\pages\LoanManagementPage.jsx","PAGE","../components/ui/button","True"
"C:\Users\DIYA GOEL\Downloads\EBDESIGN\frontend\src\pages\LoanManagementPage.jsx","PAGE","../components/ui/input","True"
"C:\Users\DIYA GOEL\Downloads\EBDESIGN\frontend\src\pages\LoanManagementPage.jsx","PAGE","../components/ui/select","True"
"C:\Users\DIYA GOEL\Downloads\EBDESIGN\frontend\src\pages\LoanManagementPage.jsx","PAGE","../components/ui/badge","True"
"C:\Users\DIYA GOEL\Downloads\EBDESIGN\frontend\src\pages\LoanManagementPage.jsx","PAGE","../components/ui/enhancedComponents","True"
"C:\Users\DIYA GOEL\Downloads\EBDESIGN\frontend\src\pages\LoanManagementPage.jsx","PAGE","../services/api","True"
"C:\Users\DIYA GOEL\Downloads\EBDESIGN\frontend\src\pages\LoginPage.jsx","PAGE","react","False"
"C:\Users\DIYA GOEL\Downloads\EBDESIGN\frontend\src\pages\LoginPage.jsx","PAGE","react-router-dom","False"
"C:\Users\DIYA GOEL\Downloads\EBDESIGN\frontend\src\pages\LoginPage.jsx","PAGE","@tanstack/react-query","False"
"C:\Users\DIYA GOEL\Downloads\EBDESIGN\frontend\src\pages\LoginPage.jsx","PAGE","../services/api","True"
"C:\Users\DIYA GOEL\Downloads\EBDESIGN\frontend\src\pages\LoginPage.jsx","PAGE","../store/authStore","True"
"C:\Users\DIYA GOEL\Downloads\EBDESIGN\frontend\src\pages\LoginPage.jsx","PAGE","react-hot-toast","False"
"C:\Users\DIYA GOEL\Downloads\EBDESIGN\frontend\src\pages\LoginPage.jsx","PAGE","lucide-react","False"
"C:\Users\DIYA GOEL\Downloads\EBDESIGN\frontend\src\pages\LogisticsEnhancementPage.jsx","PAGE","react","False"
"C:\Users\DIYA GOEL\Downloads\EBDESIGN\frontend\src\pages\LogisticsEnhancementPage.jsx","PAGE","lucide-react","False"
"C:\Users\DIYA GOEL\Downloads\EBDESIGN\frontend\src\pages\LogisticsEnhancementPage.jsx","PAGE","../services/api","True"
"C:\Users\DIYA GOEL\Downloads\EBDESIGN\frontend\src\pages\LogisticsEnhancementPage.jsx","PAGE","../components/common/ActionCard","True"
"C:\Users\DIYA GOEL\Downloads\EBDESIGN\frontend\src\pages\LogisticsMatchingPage.jsx","PAGE","react","False"
"C:\Users\DIYA GOEL\Downloads\EBDESIGN\frontend\src\pages\LogisticsMatchingPage.jsx","PAGE","lucide-react","False"
"C:\Users\DIYA GOEL\Downloads\EBDESIGN\frontend\src\pages\LogisticsMatchingPage.jsx","PAGE","../components/common/ActionCard","True"
"C:\Users\DIYA GOEL\Downloads\EBDESIGN\frontend\src\pages\LogisticsMatchingPage.jsx","PAGE","../services/api","True"
"C:\Users\DIYA GOEL\Downloads\EBDESIGN\frontend\src\pages\LogisticsPage.jsx","PAGE","react","False"
"C:\Users\DIYA GOEL\Downloads\EBDESIGN\frontend\src\pages\LogisticsProviderPage.jsx","PAGE","react","False"
"C:\Users\DIYA GOEL\Downloads\EBDESIGN\frontend\src\pages\LogisticsProviderPage.jsx","PAGE","@tanstack/react-query","False"
"C:\Users\DIYA GOEL\Downloads\EBDESIGN\frontend\src\pages\LogisticsProviderPage.jsx","PAGE","../services/api","True"
"C:\Users\DIYA GOEL\Downloads\EBDESIGN\frontend\src\pages\LogisticsProviderPage.jsx","PAGE","lucide-react","False"
"C:\Users\DIYA GOEL\Downloads\EBDESIGN\frontend\src\pages\LogisticsProviderPage.jsx","PAGE","react-hot-toast","False"
"C:\Users\DIYA GOEL\Downloads\EBDESIGN\frontend\src\pages\LogisticsProviderPage.jsx","PAGE","../components/common/Modal","True"
"C:\Users\DIYA GOEL\Downloads\EBDESIGN\frontend\src\pages\LogisticsProviderPage.jsx","PAGE","../store/authStore","True"
"C:\Users\DIYA GOEL\Downloads\EBDESIGN\frontend\src\pages\LogsPage.jsx","PAGE","react","False"
"C:\Users\DIYA GOEL\Downloads\EBDESIGN\frontend\src\pages\MachineryManagementPage.jsx","PAGE","react","False"
"C:\Users\DIYA GOEL\Downloads\EBDESIGN\frontend\src\pages\MachineryManagementPage.jsx","PAGE","@tanstack/react-query","False"
"C:\Users\DIYA GOEL\Downloads\EBDESIGN\frontend\src\pages\MachineryManagementPage.jsx","PAGE","lucide-react","False"
"C:\Users\DIYA GOEL\Downloads\EBDESIGN\frontend\src\pages\MachineryManagementPage.jsx","PAGE","../components/common/ResourceManager","True"
"C:\Users\DIYA GOEL\Downloads\EBDESIGN\frontend\src\pages\MarketingCenter.jsx","PAGE","react","False"
"C:\Users\DIYA GOEL\Downloads\EBDESIGN\frontend\src\pages\MarketingCenter.jsx","PAGE","@tanstack/react-query","False"
"C:\Users\DIYA GOEL\Downloads\EBDESIGN\frontend\src\pages\MarketingCenter.jsx","PAGE","../services/api","True"
"C:\Users\DIYA GOEL\Downloads\EBDESIGN\frontend\src\pages\MarketIntelligencePage.jsx","PAGE","react","False"
"C:\Users\DIYA GOEL\Downloads\EBDESIGN\frontend\src\pages\MarketIntelligencePage.jsx","PAGE","lucide-react","False"
"C:\Users\DIYA GOEL\Downloads\EBDESIGN\frontend\src\pages\MarketIntelligencePage.jsx","PAGE","../services/api","True"
"C:\Users\DIYA GOEL\Downloads\EBDESIGN\frontend\src\pages\MarketplacePage.jsx","PAGE","react","False"
"C:\Users\DIYA GOEL\Downloads\EBDESIGN\frontend\src\pages\MarketSignalsPage.jsx","PAGE","react","False"
"C:\Users\DIYA GOEL\Downloads\EBDESIGN\frontend\src\pages\MarketSignalsPage.jsx","PAGE","lucide-react","False"
"C:\Users\DIYA GOEL\Downloads\EBDESIGN\frontend\src\pages\MarketSignalsPage.jsx","PAGE","../components/common/ActionCard","True"
"C:\Users\DIYA GOEL\Downloads\EBDESIGN\frontend\src\pages\MarketSignalsPage.jsx","PAGE","../services/api","True"
"C:\Users\DIYA GOEL\Downloads\EBDESIGN\frontend\src\pages\MedicalCodingDashboardPage.jsx","PAGE","react","False"
"C:\Users\DIYA GOEL\Downloads\EBDESIGN\frontend\src\pages\MedicalCodingDashboardPage.jsx","PAGE","@tanstack/react-query","False"
"C:\Users\DIYA GOEL\Downloads\EBDESIGN\frontend\src\pages\MedicalCodingDashboardPage.jsx","PAGE","lucide-react","False"
"C:\Users\DIYA GOEL\Downloads\EBDESIGN\frontend\src\pages\MedicalCodingDashboardPage.jsx","PAGE","../services/api","True"
"C:\Users\DIYA GOEL\Downloads\EBDESIGN\frontend\src\pages\MedicalCodingDashboardPage.jsx","PAGE","react-hot-toast","False"
"C:\Users\DIYA GOEL\Downloads\EBDESIGN\frontend\src\pages\MedicalCodingDashboardPage.jsx","PAGE","../components/ui/card","True"
"C:\Users\DIYA GOEL\Downloads\EBDESIGN\frontend\src\pages\MedicalCodingDashboardPage.jsx","PAGE","../components/ui/badge","True"
"C:\Users\DIYA GOEL\Downloads\EBDESIGN\frontend\src\pages\MedicalCodingDashboardPage.jsx","PAGE","../components/ui/button","True"
"C:\Users\DIYA GOEL\Downloads\EBDESIGN\frontend\src\pages\MedicalCodingDashboardPage.jsx","PAGE","../components/ui/tabs","True"
"C:\Users\DIYA GOEL\Downloads\EBDESIGN\frontend\src\pages\MedicalCodingDashboardPage.jsx","PAGE","../components/ui/input","True"
"C:\Users\DIYA GOEL\Downloads\EBDESIGN\frontend\src\pages\MedicalCodingDashboardPage.jsx","PAGE","../components/ui/select","True"
"C:\Users\DIYA GOEL\Downloads\EBDESIGN\frontend\src\pages\MembersPage.jsx","PAGE","react","False"
"C:\Users\DIYA GOEL\Downloads\EBDESIGN\frontend\src\pages\MessagesPage.jsx","PAGE","react","False"
"C:\Users\DIYA GOEL\Downloads\EBDESIGN\frontend\src\pages\MFASetupPage.jsx","PAGE","react","False"
"C:\Users\DIYA GOEL\Downloads\EBDESIGN\frontend\src\pages\MFASetupPage.jsx","PAGE","../components/MFA/MFASetup","True"
"C:\Users\DIYA GOEL\Downloads\EBDESIGN\frontend\src\pages\MobilePage.jsx","PAGE","react","False"
"C:\Users\DIYA GOEL\Downloads\EBDESIGN\frontend\src\pages\ModuleHubPage.jsx","PAGE","react","False"
"C:\Users\DIYA GOEL\Downloads\EBDESIGN\frontend\src\pages\ModuleHubPage.jsx","PAGE","react-router-dom","False"
"C:\Users\DIYA GOEL\Downloads\EBDESIGN\frontend\src\pages\ModuleHubPage.jsx","PAGE","lucide-react","False"
"C:\Users\DIYA GOEL\Downloads\EBDESIGN\frontend\src\pages\ModuleHubPage.jsx","PAGE","../services/api","True"
"C:\Users\DIYA GOEL\Downloads\EBDESIGN\frontend\src\pages\ModuleRuntimePage.jsx","PAGE","react","False"
"C:\Users\DIYA GOEL\Downloads\EBDESIGN\frontend\src\pages\ModuleRuntimePage.jsx","PAGE","react-router-dom","False"
"C:\Users\DIYA GOEL\Downloads\EBDESIGN\frontend\src\pages\ModuleRuntimePage.jsx","PAGE","lucide-react","False"
"C:\Users\DIYA GOEL\Downloads\EBDESIGN\frontend\src\pages\ModuleRuntimePage.jsx","PAGE","../services/api","True"
"C:\Users\DIYA GOEL\Downloads\EBDESIGN\frontend\src\pages\NaturalTherapistPage.jsx","PAGE","react","False"
"C:\Users\DIYA GOEL\Downloads\EBDESIGN\frontend\src\pages\NaturalTherapistPage.jsx","PAGE","./NaturalTherapist.module.css","True"
"C:\Users\DIYA GOEL\Downloads\EBDESIGN\frontend\src\pages\NervousSystemPage.jsx","PAGE","react","False"
"C:\Users\DIYA GOEL\Downloads\EBDESIGN\frontend\src\pages\NervousSystemPage.jsx","PAGE","lucide-react","False"
"C:\Users\DIYA GOEL\Downloads\EBDESIGN\frontend\src\pages\NervousSystemPage.jsx","PAGE","../services/api","True"
"C:\Users\DIYA GOEL\Downloads\EBDESIGN\frontend\src\pages\NervousSystemPage.jsx","PAGE","../components/common/ActionCard","True"
"C:\Users\DIYA GOEL\Downloads\EBDESIGN\frontend\src\pages\NotFoundPage.jsx","PAGE","react","False"
"C:\Users\DIYA GOEL\Downloads\EBDESIGN\frontend\src\pages\NotificationsPage.jsx","PAGE","react","False"
"C:\Users\DIYA GOEL\Downloads\EBDESIGN\frontend\src\pages\NurseryManagementPage.jsx","PAGE","lucide-react","False"
"C:\Users\DIYA GOEL\Downloads\EBDESIGN\frontend\src\pages\NurseryManagementPage.jsx","PAGE","../services/api","True"
"C:\Users\DIYA GOEL\Downloads\EBDESIGN\frontend\src\pages\NurseryManagementPage.jsx","PAGE","../components/common/ResourceManager","True"
"C:\Users\DIYA GOEL\Downloads\EBDESIGN\frontend\src\pages\NutrientCalculatorPage.jsx","PAGE","react","False"
"C:\Users\DIYA GOEL\Downloads\EBDESIGN\frontend\src\pages\NutrientCalculatorPage.jsx","PAGE","@tanstack/react-query","False"
"C:\Users\DIYA GOEL\Downloads\EBDESIGN\frontend\src\pages\NutrientCalculatorPage.jsx","PAGE","lucide-react","False"
"C:\Users\DIYA GOEL\Downloads\EBDESIGN\frontend\src\pages\NutrientCalculatorPage.jsx","PAGE","../services/api","True"
"C:\Users\DIYA GOEL\Downloads\EBDESIGN\frontend\src\pages\NutrientCalculatorPage.jsx","PAGE","react-hot-toast","False"
"C:\Users\DIYA GOEL\Downloads\EBDESIGN\frontend\src\pages\NutrientCalculatorPage.jsx","PAGE","../components/ui/card","True"
"C:\Users\DIYA GOEL\Downloads\EBDESIGN\frontend\src\pages\NutrientCalculatorPage.jsx","PAGE","../components/ui/badge","True"
"C:\Users\DIYA GOEL\Downloads\EBDESIGN\frontend\src\pages\NutrientCalculatorPage.jsx","PAGE","../components/ui/button","True"
"C:\Users\DIYA GOEL\Downloads\EBDESIGN\frontend\src\pages\NutrientCalculatorPage.jsx","PAGE","../components/ui/tabs","True"
"C:\Users\DIYA GOEL\Downloads\EBDESIGN\frontend\src\pages\NutrientCalculatorPage.jsx","PAGE","../components/ui/input","True"
"C:\Users\DIYA GOEL\Downloads\EBDESIGN\frontend\src\pages\NutrientCalculatorPage.jsx","PAGE","../components/ui/label","True"
"C:\Users\DIYA GOEL\Downloads\EBDESIGN\frontend\src\pages\NutrientCalculatorPage.jsx","PAGE","../components/ui/select","True"
"C:\Users\DIYA GOEL\Downloads\EBDESIGN\frontend\src\pages\NutrientCalculatorPage.jsx","PAGE","../components/ui/progress","True"
"C:\Users\DIYA GOEL\Downloads\EBDESIGN\frontend\src\pages\NutrientValueMarketplace.jsx","PAGE","react","False"
"C:\Users\DIYA GOEL\Downloads\EBDESIGN\frontend\src\pages\NutrientValueMarketplace.jsx","PAGE","@tanstack/react-query","False"
"C:\Users\DIYA GOEL\Downloads\EBDESIGN\frontend\src\pages\NutrientValueMarketplace.jsx","PAGE","../services/api","True"
"C:\Users\DIYA GOEL\Downloads\EBDESIGN\frontend\src\pages\NutrientValueMarketplace.jsx","PAGE","react-hot-toast","False"
"C:\Users\DIYA GOEL\Downloads\EBDESIGN\frontend\src\pages\NutritionCalculatorPage.jsx","PAGE","react","False"
"C:\Users\DIYA GOEL\Downloads\EBDESIGN\frontend\src\pages\NutritionCalculatorPage.jsx","PAGE","./NutritionCalculator.module.css","True"
"C:\Users\DIYA GOEL\Downloads\EBDESIGN\frontend\src\pages\OnboardingPage.jsx","PAGE","react","False"
"C:\Users\DIYA GOEL\Downloads\EBDESIGN\frontend\src\pages\OperationalDashboard.jsx","PAGE","react","False"
"C:\Users\DIYA GOEL\Downloads\EBDESIGN\frontend\src\pages\OperationalDashboard.jsx","PAGE","@tanstack/react-query","False"
"C:\Users\DIYA GOEL\Downloads\EBDESIGN\frontend\src\pages\OperationalDashboard.jsx","PAGE","../components/ui/card","True"
"C:\Users\DIYA GOEL\Downloads\EBDESIGN\frontend\src\pages\OperationalDashboard.jsx","PAGE","../components/ui/button","True"
"C:\Users\DIYA GOEL\Downloads\EBDESIGN\frontend\src\pages\OperationalDashboard.jsx","PAGE","../components/ui/badge","True"
"C:\Users\DIYA GOEL\Downloads\EBDESIGN\frontend\src\pages\OperationalDashboard.jsx","PAGE","../components/ui/enhancedComponents","True"
"C:\Users\DIYA GOEL\Downloads\EBDESIGN\frontend\src\pages\OperationalDashboard.jsx","PAGE","../services/api","True"
"C:\Users\DIYA GOEL\Downloads\EBDESIGN\frontend\src\pages\OperationsManagementPage.jsx","PAGE","react","False"
"C:\Users\DIYA GOEL\Downloads\EBDESIGN\frontend\src\pages\OperationsManagementPage.jsx","PAGE","lucide-react","False"
"C:\Users\DIYA GOEL\Downloads\EBDESIGN\frontend\src\pages\OperationsManagementPage.jsx","PAGE","../components/common/ResourceManager","True"
"C:\Users\DIYA GOEL\Downloads\EBDESIGN\frontend\src\pages\OperationsReportPage.jsx","PAGE","react","False"
"C:\Users\DIYA GOEL\Downloads\EBDESIGN\frontend\src\pages\OperationsReportPage.jsx","PAGE","../components/ui/card","True"
"C:\Users\DIYA GOEL\Downloads\EBDESIGN\frontend\src\pages\OperationsReportPage.jsx","PAGE","../components/ui/button","True"
"C:\Users\DIYA GOEL\Downloads\EBDESIGN\frontend\src\pages\OperationsReportPage.jsx","PAGE","../components/ui/select","True"
"C:\Users\DIYA GOEL\Downloads\EBDESIGN\frontend\src\pages\OperationsReportPage.jsx","PAGE","lucide-react","False"
"C:\Users\DIYA GOEL\Downloads\EBDESIGN\frontend\src\pages\OrchardManagementPage.jsx","PAGE","react","False"
"C:\Users\DIYA GOEL\Downloads\EBDESIGN\frontend\src\pages\OrchardManagementPage.jsx","PAGE","@tanstack/react-query","False"
"C:\Users\DIYA GOEL\Downloads\EBDESIGN\frontend\src\pages\OrchardManagementPage.jsx","PAGE","../services/api","True"
"C:\Users\DIYA GOEL\Downloads\EBDESIGN\frontend\src\pages\OrchardManagementPage.jsx","PAGE","lucide-react","False"
"C:\Users\DIYA GOEL\Downloads\EBDESIGN\frontend\src\pages\OrchardManagementPage.jsx","PAGE","react-hot-toast","False"
"C:\Users\DIYA GOEL\Downloads\EBDESIGN\frontend\src\pages\OrchardManagementPage.jsx","PAGE","../components/common/Modal","True"
"C:\Users\DIYA GOEL\Downloads\EBDESIGN\frontend\src\pages\OrderDetailPage.jsx","PAGE","react","False"
"C:\Users\DIYA GOEL\Downloads\EBDESIGN\frontend\src\pages\OrderDetailPage.jsx","PAGE","react-router-dom","False"
"C:\Users\DIYA GOEL\Downloads\EBDESIGN\frontend\src\pages\OrderDetailPage.jsx","PAGE","@tanstack/react-query","False"
"C:\Users\DIYA GOEL\Downloads\EBDESIGN\frontend\src\pages\OrderDetailPage.jsx","PAGE","lucide-react","False"
"C:\Users\DIYA GOEL\Downloads\EBDESIGN\frontend\src\pages\OrderDetailPage.jsx","PAGE","../services/api","True"
"C:\Users\DIYA GOEL\Downloads\EBDESIGN\frontend\src\pages\OrderDetailPage.jsx","PAGE","../components/ui/AIInsightsPanel","True"
"C:\Users\DIYA GOEL\Downloads\EBDESIGN\frontend\src\pages\OrderDetailPage.jsx","PAGE","../services/aiDecisionService","True"
"C:\Users\DIYA GOEL\Downloads\EBDESIGN\frontend\src\pages\OrdersPage.jsx","PAGE","react","False"
"C:\Users\DIYA GOEL\Downloads\EBDESIGN\frontend\src\pages\OrganizationTenantManagementPage.jsx","PAGE","react","False"
"C:\Users\DIYA GOEL\Downloads\EBDESIGN\frontend\src\pages\OrganizationTenantManagementPage.jsx","PAGE","../components/ui/card","True"
"C:\Users\DIYA GOEL\Downloads\EBDESIGN\frontend\src\pages\OrganizationTenantManagementPage.jsx","PAGE","../components/ui/button","True"
"C:\Users\DIYA GOEL\Downloads\EBDESIGN\frontend\src\pages\OrganizationTenantManagementPage.jsx","PAGE","../services/api","True"
"C:\Users\DIYA GOEL\Downloads\EBDESIGN\frontend\src\pages\PaymentGatewayPage.jsx","PAGE","react","False"
"C:\Users\DIYA GOEL\Downloads\EBDESIGN\frontend\src\pages\PaymentGatewayPage.jsx","PAGE","../services/api","True"
"C:\Users\DIYA GOEL\Downloads\EBDESIGN\frontend\src\pages\PaymentProcessingPage.jsx","PAGE","react","False"
"C:\Users\DIYA GOEL\Downloads\EBDESIGN\frontend\src\pages\PaymentProcessingPage.jsx","PAGE","@tanstack/react-query","False"
"C:\Users\DIYA GOEL\Downloads\EBDESIGN\frontend\src\pages\PaymentProcessingPage.jsx","PAGE","../services/api","True"
"C:\Users\DIYA GOEL\Downloads\EBDESIGN\frontend\src\pages\PaymentProcessingPage.jsx","PAGE","../components/ui/card","True"
"C:\Users\DIYA GOEL\Downloads\EBDESIGN\frontend\src\pages\PaymentProcessingPage.jsx","PAGE","../components/ui/button","True"
"C:\Users\DIYA GOEL\Downloads\EBDESIGN\frontend\src\pages\PaymentProcessingPage.jsx","PAGE","../components/ui/input","True"
"C:\Users\DIYA GOEL\Downloads\EBDESIGN\frontend\src\pages\PaymentProcessingPage.jsx","PAGE","../components/ui/select","True"
"C:\Users\DIYA GOEL\Downloads\EBDESIGN\frontend\src\pages\PaymentProcessingPage.jsx","PAGE","../components/ui/badge","True"
"C:\Users\DIYA GOEL\Downloads\EBDESIGN\frontend\src\pages\PaymentProcessingPage.jsx","PAGE","../components/ui/enhancedComponents","True"
"C:\Users\DIYA GOEL\Downloads\EBDESIGN\frontend\src\pages\PaymentsPage.jsx","PAGE","react","False"
"C:\Users\DIYA GOEL\Downloads\EBDESIGN\frontend\src\pages\PermissionsPage.jsx","PAGE","react","False"
"C:\Users\DIYA GOEL\Downloads\EBDESIGN\frontend\src\pages\PigFarmingPage.jsx","PAGE","react","False"
"C:\Users\DIYA GOEL\Downloads\EBDESIGN\frontend\src\pages\PigFarmingPage.jsx","PAGE","@tanstack/react-query","False"
"C:\Users\DIYA GOEL\Downloads\EBDESIGN\frontend\src\pages\PigFarmingPage.jsx","PAGE","../services/api","True"
"C:\Users\DIYA GOEL\Downloads\EBDESIGN\frontend\src\pages\PigFarmingPage.jsx","PAGE","lucide-react","False"
"C:\Users\DIYA GOEL\Downloads\EBDESIGN\frontend\src\pages\PigFarmingPage.jsx","PAGE","react-hot-toast","False"
"C:\Users\DIYA GOEL\Downloads\EBDESIGN\frontend\src\pages\PigFarmingPage.jsx","PAGE","../components/common/Modal","True"
"C:\Users\DIYA GOEL\Downloads\EBDESIGN\frontend\src\pages\PigFarmingPage.jsx","PAGE","../components/common/ActionCard","True"
"C:\Users\DIYA GOEL\Downloads\EBDESIGN\frontend\src\pages\PlatformFoundationPage.jsx","PAGE","react","False"
"C:\Users\DIYA GOEL\Downloads\EBDESIGN\frontend\src\pages\PlatformFoundationPage.jsx","PAGE","../components/ui/card","True"
"C:\Users\DIYA GOEL\Downloads\EBDESIGN\frontend\src\pages\PlatformFoundationPage.jsx","PAGE","../components/ui/button","True"
"C:\Users\DIYA GOEL\Downloads\EBDESIGN\frontend\src\pages\PlatformFoundationPage.jsx","PAGE","../services/api","True"
"C:\Users\DIYA GOEL\Downloads\EBDESIGN\frontend\src\pages\PlatformManagementPage.jsx","PAGE","react","False"
"C:\Users\DIYA GOEL\Downloads\EBDESIGN\frontend\src\pages\PlatformManagementPage.jsx","PAGE","../components/ui/Dashboard","True"
"C:\Users\DIYA GOEL\Downloads\EBDESIGN\frontend\src\pages\PlatformManagementPage.jsx","PAGE","../components/ui/AIInsightsPanel","True"
"C:\Users\DIYA GOEL\Downloads\EBDESIGN\frontend\src\pages\PlatformManagementPage.jsx","PAGE","../components/ui/common","True"
"C:\Users\DIYA GOEL\Downloads\EBDESIGN\frontend\src\pages\PlatformManagementPage.jsx","PAGE","../services/api","True"
"C:\Users\DIYA GOEL\Downloads\EBDESIGN\frontend\src\pages\PondManagementPage.jsx","PAGE","react","False"
"C:\Users\DIYA GOEL\Downloads\EBDESIGN\frontend\src\pages\PondManagementPage.jsx","PAGE","@tanstack/react-query","False"
"C:\Users\DIYA GOEL\Downloads\EBDESIGN\frontend\src\pages\PondManagementPage.jsx","PAGE","../services/api","True"
"C:\Users\DIYA GOEL\Downloads\EBDESIGN\frontend\src\pages\PondManagementPage.jsx","PAGE","lucide-react","False"
"C:\Users\DIYA GOEL\Downloads\EBDESIGN\frontend\src\pages\PondManagementPage.jsx","PAGE","react-hot-toast","False"
"C:\Users\DIYA GOEL\Downloads\EBDESIGN\frontend\src\pages\PondManagementPage.jsx","PAGE","../components/common/Modal","True"
"C:\Users\DIYA GOEL\Downloads\EBDESIGN\frontend\src\pages\PopularPage.jsx","PAGE","react","False"
"C:\Users\DIYA GOEL\Downloads\EBDESIGN\frontend\src\pages\PoultryManagementPage.jsx","PAGE","react","False"
"C:\Users\DIYA GOEL\Downloads\EBDESIGN\frontend\src\pages\PoultryManagementPage.jsx","PAGE","@tanstack/react-query","False"
"C:\Users\DIYA GOEL\Downloads\EBDESIGN\frontend\src\pages\PoultryManagementPage.jsx","PAGE","../services/api","True"
"C:\Users\DIYA GOEL\Downloads\EBDESIGN\frontend\src\pages\PoultryManagementPage.jsx","PAGE","lucide-react","False"
"C:\Users\DIYA GOEL\Downloads\EBDESIGN\frontend\src\pages\PoultryManagementPage.jsx","PAGE","react-hot-toast","False"
"C:\Users\DIYA GOEL\Downloads\EBDESIGN\frontend\src\pages\PoultryManagementPage.jsx","PAGE","../components/common/Modal","True"
"C:\Users\DIYA GOEL\Downloads\EBDESIGN\frontend\src\pages\PoultryManagementPage.jsx","PAGE","../components/common/ActionCard","True"
"C:\Users\DIYA GOEL\Downloads\EBDESIGN\frontend\src\pages\PredictiveIntelligencePage.jsx","PAGE","react","False"
"C:\Users\DIYA GOEL\Downloads\EBDESIGN\frontend\src\pages\PredictiveIntelligencePage.jsx","PAGE","@tanstack/react-query","False"
"C:\Users\DIYA GOEL\Downloads\EBDESIGN\frontend\src\pages\PredictiveIntelligencePage.jsx","PAGE","../components/ui/card","True"
"C:\Users\DIYA GOEL\Downloads\EBDESIGN\frontend\src\pages\PredictiveIntelligencePage.jsx","PAGE","../components/ui/button","True"
"C:\Users\DIYA GOEL\Downloads\EBDESIGN\frontend\src\pages\PredictiveIntelligencePage.jsx","PAGE","../components/ui/input","True"
"C:\Users\DIYA GOEL\Downloads\EBDESIGN\frontend\src\pages\PredictiveIntelligencePage.jsx","PAGE","../components/ui/select","True"
"C:\Users\DIYA GOEL\Downloads\EBDESIGN\frontend\src\pages\PredictiveIntelligencePage.jsx","PAGE","../components/ui/enhancedComponents","True"
"C:\Users\DIYA GOEL\Downloads\EBDESIGN\frontend\src\pages\PredictiveIntelligencePage.jsx","PAGE","../services/api","True"
"C:\Users\DIYA GOEL\Downloads\EBDESIGN\frontend\src\pages\PreferencesPage.jsx","PAGE","react","False"
"C:\Users\DIYA GOEL\Downloads\EBDESIGN\frontend\src\pages\PremiumMarketplacePage.jsx","PAGE","react","False"
"C:\Users\DIYA GOEL\Downloads\EBDESIGN\frontend\src\pages\PremiumMarketplacePage.jsx","PAGE","react-router-dom","False"
"C:\Users\DIYA GOEL\Downloads\EBDESIGN\frontend\src\pages\PremiumMarketplacePage.jsx","PAGE","./PremiumMarketplace.module.css","True"
"C:\Users\DIYA GOEL\Downloads\EBDESIGN\frontend\src\pages\PreOrderPage.jsx","PAGE","react","False"
"C:\Users\DIYA GOEL\Downloads\EBDESIGN\frontend\src\pages\PreOrderPage.jsx","PAGE","@tanstack/react-query","False"
"C:\Users\DIYA GOEL\Downloads\EBDESIGN\frontend\src\pages\PreOrderPage.jsx","PAGE","../services/api","True"
"C:\Users\DIYA GOEL\Downloads\EBDESIGN\frontend\src\pages\PreOrderPage.jsx","PAGE","lucide-react","False"
"C:\Users\DIYA GOEL\Downloads\EBDESIGN\frontend\src\pages\PreOrderPage.jsx","PAGE","react-hot-toast","False"
"C:\Users\DIYA GOEL\Downloads\EBDESIGN\frontend\src\pages\PreOrderPage.jsx","PAGE","../components/common/Modal","True"
"C:\Users\DIYA GOEL\Downloads\EBDESIGN\frontend\src\pages\PreSeasonPurchasePage.jsx","PAGE","react","False"
"C:\Users\DIYA GOEL\Downloads\EBDESIGN\frontend\src\pages\PreSeasonPurchasePage.jsx","PAGE","../store/authStore","True"
"C:\Users\DIYA GOEL\Downloads\EBDESIGN\frontend\src\pages\PreSeasonPurchasePage.jsx","PAGE","@tanstack/react-query","False"
"C:\Users\DIYA GOEL\Downloads\EBDESIGN\frontend\src\pages\PreSeasonPurchasePage.jsx","PAGE","../services/api","True"
"C:\Users\DIYA GOEL\Downloads\EBDESIGN\frontend\src\pages\PreSeasonPurchasePage.jsx","PAGE","lucide-react","False"
"C:\Users\DIYA GOEL\Downloads\EBDESIGN\frontend\src\pages\PriceBuildPage.jsx","PAGE","react","False"
"C:\Users\DIYA GOEL\Downloads\EBDESIGN\frontend\src\pages\PriceBuildPage.jsx","PAGE","@tanstack/react-query","False"
"C:\Users\DIYA GOEL\Downloads\EBDESIGN\frontend\src\pages\PriceBuildPage.jsx","PAGE","../services/api","True"
"C:\Users\DIYA GOEL\Downloads\EBDESIGN\frontend\src\pages\PriceBuildPage.jsx","PAGE","lucide-react","False"
"C:\Users\DIYA GOEL\Downloads\EBDESIGN\frontend\src\pages\PriceBuildPage.jsx","PAGE","react-hot-toast","False"
"C:\Users\DIYA GOEL\Downloads\EBDESIGN\frontend\src\pages\PriceCheckPage.jsx","PAGE","react","False"
"C:\Users\DIYA GOEL\Downloads\EBDESIGN\frontend\src\pages\PriceCheckPage.jsx","PAGE","@tanstack/react-query","False"
"C:\Users\DIYA GOEL\Downloads\EBDESIGN\frontend\src\pages\PriceCheckPage.jsx","PAGE","../services/api","True"
"C:\Users\DIYA GOEL\Downloads\EBDESIGN\frontend\src\pages\PriceCheckPage.jsx","PAGE","lucide-react","False"
"C:\Users\DIYA GOEL\Downloads\EBDESIGN\frontend\src\pages\PrivacyPage.jsx","PAGE","react","False"
"C:\Users\DIYA GOEL\Downloads\EBDESIGN\frontend\src\pages\ProductDetailPage.jsx","PAGE","react","False"
"C:\Users\DIYA GOEL\Downloads\EBDESIGN\frontend\src\pages\ProductDetailPage.jsx","PAGE","react-router-dom","False"
"C:\Users\DIYA GOEL\Downloads\EBDESIGN\frontend\src\pages\ProductDetailPage.jsx","PAGE","@tanstack/react-query","False"
"C:\Users\DIYA GOEL\Downloads\EBDESIGN\frontend\src\pages\ProductDetailPage.jsx","PAGE","../services/api","True"
"C:\Users\DIYA GOEL\Downloads\EBDESIGN\frontend\src\pages\ProductDetailPage.jsx","PAGE","lucide-react","False"
"C:\Users\DIYA GOEL\Downloads\EBDESIGN\frontend\src\pages\ProductDetailPage.jsx","PAGE","react-hot-toast","False"
"C:\Users\DIYA GOEL\Downloads\EBDESIGN\frontend\src\pages\ProductDetailPage.jsx","PAGE","../components/NutritionIntelligence/NutritionLabel","True"
"C:\Users\DIYA GOEL\Downloads\EBDESIGN\frontend\src\pages\ProductDetailPage.jsx","PAGE","../utils/aiStudio","True"
"C:\Users\DIYA GOEL\Downloads\EBDESIGN\frontend\src\pages\ProfilePage.jsx","PAGE","react","False"
"C:\Users\DIYA GOEL\Downloads\EBDESIGN\frontend\src\pages\ProjectSystemsPage.jsx","PAGE","react","False"
"C:\Users\DIYA GOEL\Downloads\EBDESIGN\frontend\src\pages\ProjectSystemsPage.jsx","PAGE","../services/api","True"
"C:\Users\DIYA GOEL\Downloads\EBDESIGN\frontend\src\pages\ProjectSystemsPage.jsx","PAGE","../components/common/DataPrimitives","True"
"C:\Users\DIYA GOEL\Downloads\EBDESIGN\frontend\src\pages\ProjectSystemsPage.jsx","PAGE","../components/common/ResourceManager","True"
"C:\Users\DIYA GOEL\Downloads\EBDESIGN\frontend\src\pages\PublicDataExtractorPage.jsx","PAGE","react","False"
"C:\Users\DIYA GOEL\Downloads\EBDESIGN\frontend\src\pages\PublicDataExtractorPage.jsx","PAGE","@tanstack/react-query","False"
"C:\Users\DIYA GOEL\Downloads\EBDESIGN\frontend\src\pages\PublicDataExtractorPage.jsx","PAGE","lucide-react","False"
"C:\Users\DIYA GOEL\Downloads\EBDESIGN\frontend\src\pages\PublicDataExtractorPage.jsx","PAGE","../services/api","True"
"C:\Users\DIYA GOEL\Downloads\EBDESIGN\frontend\src\pages\PublicDataExtractorPage.jsx","PAGE","../components/common/DataPrimitives","True"
"C:\Users\DIYA GOEL\Downloads\EBDESIGN\frontend\src\pages\PublicDataExtractorPage.jsx","PAGE","../components/ui/card","True"
"C:\Users\DIYA GOEL\Downloads\EBDESIGN\frontend\src\pages\PublicDataExtractorPage.jsx","PAGE","../components/ui/button","True"
"C:\Users\DIYA GOEL\Downloads\EBDESIGN\frontend\src\pages\QualityControlPage.jsx","PAGE","react","False"
"C:\Users\DIYA GOEL\Downloads\EBDESIGN\frontend\src\pages\QualityControlPage.jsx","PAGE","lucide-react","False"
"C:\Users\DIYA GOEL\Downloads\EBDESIGN\frontend\src\pages\QualityControlPage.jsx","PAGE","../services/api","True"
"C:\Users\DIYA GOEL\Downloads\EBDESIGN\frontend\src\pages\RealtimeMonitoringPage.jsx","PAGE","lucide-react","False"
"C:\Users\DIYA GOEL\Downloads\EBDESIGN\frontend\src\pages\RealtimeMonitoringPage.jsx","PAGE","../services/api","True"
"C:\Users\DIYA GOEL\Downloads\EBDESIGN\frontend\src\pages\RealtimeMonitoringPage.jsx","PAGE","../components/common/ActionCard","True"
"C:\Users\DIYA GOEL\Downloads\EBDESIGN\frontend\src\pages\ReceiptsPage.jsx","PAGE","react","False"
"C:\Users\DIYA GOEL\Downloads\EBDESIGN\frontend\src\pages\RecentPage.jsx","PAGE","react","False"
"C:\Users\DIYA GOEL\Downloads\EBDESIGN\frontend\src\pages\RegisterPage.jsx","PAGE","react","False"
"C:\Users\DIYA GOEL\Downloads\EBDESIGN\frontend\src\pages\RegisterPage.jsx","PAGE","react-router-dom","False"
"C:\Users\DIYA GOEL\Downloads\EBDESIGN\frontend\src\pages\RegisterPage.jsx","PAGE","@tanstack/react-query","False"
"C:\Users\DIYA GOEL\Downloads\EBDESIGN\frontend\src\pages\RegisterPage.jsx","PAGE","../services/api","True"
"C:\Users\DIYA GOEL\Downloads\EBDESIGN\frontend\src\pages\RegisterPage.jsx","PAGE","../store/authStore","True"
"C:\Users\DIYA GOEL\Downloads\EBDESIGN\frontend\src\pages\RegisterPage.jsx","PAGE","react-hot-toast","False"
"C:\Users\DIYA GOEL\Downloads\EBDESIGN\frontend\src\pages\RegisterPage.jsx","PAGE","lucide-react","False"
"C:\Users\DIYA GOEL\Downloads\EBDESIGN\frontend\src\pages\REOSDashboardPage.jsx","PAGE","react","False"
"C:\Users\DIYA GOEL\Downloads\EBDESIGN\frontend\src\pages\REOSDashboardPage.jsx","PAGE","@tanstack/react-query","False"
"C:\Users\DIYA GOEL\Downloads\EBDESIGN\frontend\src\pages\REOSDashboardPage.jsx","PAGE","react-hot-toast","False"
"C:\Users\DIYA GOEL\Downloads\EBDESIGN\frontend\src\pages\REOSDashboardPage.test.jsx","PAGE","react","False"
"C:\Users\DIYA GOEL\Downloads\EBDESIGN\frontend\src\pages\REOSDashboardPage.test.jsx","PAGE","@testing-library/react","False"
"C:\Users\DIYA GOEL\Downloads\EBDESIGN\frontend\src\pages\REOSDashboardPage.test.jsx","PAGE","@tanstack/react-query","False"
"C:\Users\DIYA GOEL\Downloads\EBDESIGN\frontend\src\pages\REOSDashboardPage.test.jsx","PAGE","./REOSDashboardPage","True"
"C:\Users\DIYA GOEL\Downloads\EBDESIGN\frontend\src\pages\REOSDashboardPage.test.jsx","PAGE","../services/api","True"
"C:\Users\DIYA GOEL\Downloads\EBDESIGN\frontend\src\pages\ReportingPage.jsx","PAGE","react","False"
"C:\Users\DIYA GOEL\Downloads\EBDESIGN\frontend\src\pages\ReportsDashboardPage.jsx","PAGE","react","False"
"C:\Users\DIYA GOEL\Downloads\EBDESIGN\frontend\src\pages\ReportsDashboardPage.jsx","PAGE","../components/ui/card","True"
"C:\Users\DIYA GOEL\Downloads\EBDESIGN\frontend\src\pages\ReportsDashboardPage.jsx","PAGE","../components/ui/button","True"
"C:\Users\DIYA GOEL\Downloads\EBDESIGN\frontend\src\pages\ReportsDashboardPage.jsx","PAGE","../components/ui/input","True"
"C:\Users\DIYA GOEL\Downloads\EBDESIGN\frontend\src\pages\ReportsPage.jsx","PAGE","react","False"
"C:\Users\DIYA GOEL\Downloads\EBDESIGN\frontend\src\pages\ResearchAndDevelopmentPage.jsx","PAGE","react","False"
"C:\Users\DIYA GOEL\Downloads\EBDESIGN\frontend\src\pages\ResearchAndDevelopmentPage.jsx","PAGE","lucide-react","False"
"C:\Users\DIYA GOEL\Downloads\EBDESIGN\frontend\src\pages\ResearchAndDevelopmentPage.jsx","PAGE","../services/api","True"
"C:\Users\DIYA GOEL\Downloads\EBDESIGN\frontend\src\pages\ResearchAndDevelopmentPage.jsx","PAGE","../components/common/ActionCard","True"
"C:\Users\DIYA GOEL\Downloads\EBDESIGN\frontend\src\pages\ResearchAndDevelopmentPage.jsx","PAGE","../services/artificialScientistAPI","True"
"C:\Users\DIYA GOEL\Downloads\EBDESIGN\frontend\src\pages\ResearchDashboardPage.jsx","PAGE","react","False"
"C:\Users\DIYA GOEL\Downloads\EBDESIGN\frontend\src\pages\ResearchDashboardPage.jsx","PAGE","@tanstack/react-query","False"
"C:\Users\DIYA GOEL\Downloads\EBDESIGN\frontend\src\pages\ResearchDashboardPage.jsx","PAGE","lucide-react","False"
"C:\Users\DIYA GOEL\Downloads\EBDESIGN\frontend\src\pages\ResearchDashboardPage.jsx","PAGE","../services/api","True"
"C:\Users\DIYA GOEL\Downloads\EBDESIGN\frontend\src\pages\RestorePage.jsx","PAGE","react","False"
"C:\Users\DIYA GOEL\Downloads\EBDESIGN\frontend\src\pages\ResultsPage.jsx","PAGE","react","False"
"C:\Users\DIYA GOEL\Downloads\EBDESIGN\frontend\src\pages\RfqPage.jsx","PAGE","react","False"
"C:\Users\DIYA GOEL\Downloads\EBDESIGN\frontend\src\pages\RfqPage.jsx","PAGE","../services/api","True"
"C:\Users\DIYA GOEL\Downloads\EBDESIGN\frontend\src\pages\RfqPage.jsx","PAGE","../components/common/DataPrimitives","True"
"C:\Users\DIYA GOEL\Downloads\EBDESIGN\frontend\src\pages\RiskManagementPage.jsx","PAGE","react","False"
"C:\Users\DIYA GOEL\Downloads\EBDESIGN\frontend\src\pages\RiskManagementPage.jsx","PAGE","../components/ui/AIInsightsPanel","True"
"C:\Users\DIYA GOEL\Downloads\EBDESIGN\frontend\src\pages\RiskManagementPage.jsx","PAGE","../services/aiDecisionService","True"
"C:\Users\DIYA GOEL\Downloads\EBDESIGN\frontend\src\pages\RoboticsOperationsPage.jsx","PAGE","react","False"
"C:\Users\DIYA GOEL\Downloads\EBDESIGN\frontend\src\pages\RoboticsOperationsPage.jsx","PAGE","../services/api","True"
"C:\Users\DIYA GOEL\Downloads\EBDESIGN\frontend\src\pages\RolePermissionPage.jsx","PAGE","react","False"
"C:\Users\DIYA GOEL\Downloads\EBDESIGN\frontend\src\pages\RolePermissionPage.jsx","PAGE","../components/ui/card","True"
"C:\Users\DIYA GOEL\Downloads\EBDESIGN\frontend\src\pages\RolePermissionPage.jsx","PAGE","../components/ui/button","True"
"C:\Users\DIYA GOEL\Downloads\EBDESIGN\frontend\src\pages\RolePermissionPage.jsx","PAGE","../services/api","True"
"C:\Users\DIYA GOEL\Downloads\EBDESIGN\frontend\src\pages\RolesPage.jsx","PAGE","react","False"
"C:\Users\DIYA GOEL\Downloads\EBDESIGN\frontend\src\pages\SalesReportPage.jsx","PAGE","react","False"
"C:\Users\DIYA GOEL\Downloads\EBDESIGN\frontend\src\pages\SalesReportPage.jsx","PAGE","../components/ui/card","True"
"C:\Users\DIYA GOEL\Downloads\EBDESIGN\frontend\src\pages\SalesReportPage.jsx","PAGE","../components/ui/button","True"
"C:\Users\DIYA GOEL\Downloads\EBDESIGN\frontend\src\pages\SalesReportPage.jsx","PAGE","../components/ui/input","True"
"C:\Users\DIYA GOEL\Downloads\EBDESIGN\frontend\src\pages\SalesReportPage.jsx","PAGE","../components/ui/select","True"
"C:\Users\DIYA GOEL\Downloads\EBDESIGN\frontend\src\pages\SalesReportPage.jsx","PAGE","lucide-react","False"
"C:\Users\DIYA GOEL\Downloads\EBDESIGN\frontend\src\pages\SAPModuleArchitecturePage.jsx","PAGE","react","False"
"C:\Users\DIYA GOEL\Downloads\EBDESIGN\frontend\src\pages\SAPModuleArchitecturePage.jsx","PAGE","lucide-react","False"
"C:\Users\DIYA GOEL\Downloads\EBDESIGN\frontend\src\pages\SAPModuleArchitecturePage.jsx","PAGE","../services/api","True"
"C:\Users\DIYA GOEL\Downloads\EBDESIGN\frontend\src\pages\SAPModuleArchitecturePage.jsx","PAGE","../components/common/ActionCard","True"
"C:\Users\DIYA GOEL\Downloads\EBDESIGN\frontend\src\pages\SearchPage.jsx","PAGE","react","False"
"C:\Users\DIYA GOEL\Downloads\EBDESIGN\frontend\src\pages\SecurityPage.jsx","PAGE","react","False"
"C:\Users\DIYA GOEL\Downloads\EBDESIGN\frontend\src\pages\SeedPlanningPage.jsx","PAGE","lucide-react","False"
"C:\Users\DIYA GOEL\Downloads\EBDESIGN\frontend\src\pages\SeedPlanningPage.jsx","PAGE","../services/api","True"
"C:\Users\DIYA GOEL\Downloads\EBDESIGN\frontend\src\pages\SeedPlanningPage.jsx","PAGE","../components/common/ResourceManager","True"
"C:\Users\DIYA GOEL\Downloads\EBDESIGN\frontend\src\pages\SeedVaultPage.jsx","PAGE","react","False"
"C:\Users\DIYA GOEL\Downloads\EBDESIGN\frontend\src\pages\SeedVaultPage.jsx","PAGE","@tanstack/react-query","False"
"C:\Users\DIYA GOEL\Downloads\EBDESIGN\frontend\src\pages\SeedVaultPage.jsx","PAGE","../services/api","True"
"C:\Users\DIYA GOEL\Downloads\EBDESIGN\frontend\src\pages\SeedVaultPage.jsx","PAGE","lucide-react","False"
"C:\Users\DIYA GOEL\Downloads\EBDESIGN\frontend\src\pages\SeedVaultPage.jsx","PAGE","react-hot-toast","False"
"C:\Users\DIYA GOEL\Downloads\EBDESIGN\frontend\src\pages\SeedVaultPage.jsx","PAGE","../components/common/Modal","True"
"C:\Users\DIYA GOEL\Downloads\EBDESIGN\frontend\src\pages\SellerProductFormPage.jsx","PAGE","react","False"
"C:\Users\DIYA GOEL\Downloads\EBDESIGN\frontend\src\pages\SellerProductFormPage.jsx","PAGE","react-router-dom","False"
"C:\Users\DIYA GOEL\Downloads\EBDESIGN\frontend\src\pages\SellerProductFormPage.jsx","PAGE","@tanstack/react-query","False"
"C:\Users\DIYA GOEL\Downloads\EBDESIGN\frontend\src\pages\SellerProductFormPage.jsx","PAGE","lucide-react","False"
"C:\Users\DIYA GOEL\Downloads\EBDESIGN\frontend\src\pages\SellerProductFormPage.jsx","PAGE","../services/api","True"
"C:\Users\DIYA GOEL\Downloads\EBDESIGN\frontend\src\pages\SellerProductFormPage.jsx","PAGE","../utils/aiStudio","True"
"C:\Users\DIYA GOEL\Downloads\EBDESIGN\frontend\src\pages\SellerProductFormPage.jsx","PAGE","../components/common/DataPrimitives","True"
"C:\Users\DIYA GOEL\Downloads\EBDESIGN\frontend\src\pages\SellerProductFormPage.jsx","PAGE","../components/ui/card","True"
"C:\Users\DIYA GOEL\Downloads\EBDESIGN\frontend\src\pages\SellerProductFormPage.jsx","PAGE","../components/ui/button","True"
"C:\Users\DIYA GOEL\Downloads\EBDESIGN\frontend\src\pages\SellerProductFormPage.jsx","PAGE","../components/ui/input","True"
"C:\Users\DIYA GOEL\Downloads\EBDESIGN\frontend\src\pages\SellerProductFormPage.jsx","PAGE","../components/ui/label","True"
"C:\Users\DIYA GOEL\Downloads\EBDESIGN\frontend\src\pages\SellerProductFormPage.jsx","PAGE","../components/ui/textarea","True"
"C:\Users\DIYA GOEL\Downloads\EBDESIGN\frontend\src\pages\SellerProductFormPage.jsx","PAGE","../services/offlineQueue","True"
"C:\Users\DIYA GOEL\Downloads\EBDESIGN\frontend\src\pages\SellTimingPage.jsx","PAGE","react","False"
"C:\Users\DIYA GOEL\Downloads\EBDESIGN\frontend\src\pages\SellTimingPage.jsx","PAGE","@tanstack/react-query","False"
"C:\Users\DIYA GOEL\Downloads\EBDESIGN\frontend\src\pages\SellTimingPage.jsx","PAGE","../services/api","True"
"C:\Users\DIYA GOEL\Downloads\EBDESIGN\frontend\src\pages\SellTimingPage.jsx","PAGE","lucide-react","False"
"C:\Users\DIYA GOEL\Downloads\EBDESIGN\frontend\src\pages\ServerErrorPage.jsx","PAGE","react","False"
"C:\Users\DIYA GOEL\Downloads\EBDESIGN\frontend\src\pages\SessionsPage.jsx","PAGE","react","False"
"C:\Users\DIYA GOEL\Downloads\EBDESIGN\frontend\src\pages\SettingsPage.jsx","PAGE","react","False"
"C:\Users\DIYA GOEL\Downloads\EBDESIGN\frontend\src\pages\SharedInfraPage.jsx","PAGE","react","False"
"C:\Users\DIYA GOEL\Downloads\EBDESIGN\frontend\src\pages\SharedInfraPage.jsx","PAGE","@tanstack/react-query","False"
"C:\Users\DIYA GOEL\Downloads\EBDESIGN\frontend\src\pages\SharedInfraPage.jsx","PAGE","react-router-dom","False"
"C:\Users\DIYA GOEL\Downloads\EBDESIGN\frontend\src\pages\SharedInfraPage.jsx","PAGE","lucide-react","False"
"C:\Users\DIYA GOEL\Downloads\EBDESIGN\frontend\src\pages\SharedInfraPage.jsx","PAGE","react-hot-toast","False"
"C:\Users\DIYA GOEL\Downloads\EBDESIGN\frontend\src\pages\SharedInfraPage.jsx","PAGE","../services/api","True"
"C:\Users\DIYA GOEL\Downloads\EBDESIGN\frontend\src\pages\SharePage.jsx","PAGE","react","False"
"C:\Users\DIYA GOEL\Downloads\EBDESIGN\frontend\src\pages\SheepFarmingPage.jsx","PAGE","react","False"
"C:\Users\DIYA GOEL\Downloads\EBDESIGN\frontend\src\pages\SheepFarmingPage.jsx","PAGE","@tanstack/react-query","False"
"C:\Users\DIYA GOEL\Downloads\EBDESIGN\frontend\src\pages\SheepFarmingPage.jsx","PAGE","../services/api","True"
"C:\Users\DIYA GOEL\Downloads\EBDESIGN\frontend\src\pages\SheepFarmingPage.jsx","PAGE","lucide-react","False"
"C:\Users\DIYA GOEL\Downloads\EBDESIGN\frontend\src\pages\SheepFarmingPage.jsx","PAGE","react-hot-toast","False"
"C:\Users\DIYA GOEL\Downloads\EBDESIGN\frontend\src\pages\SheepFarmingPage.jsx","PAGE","../components/common/Modal","True"
"C:\Users\DIYA GOEL\Downloads\EBDESIGN\frontend\src\pages\SheepFarmingPage.jsx","PAGE","../components/common/ActionCard","True"
"C:\Users\DIYA GOEL\Downloads\EBDESIGN\frontend\src\pages\ShgManagementPage.jsx","PAGE","react","False"
"C:\Users\DIYA GOEL\Downloads\EBDESIGN\frontend\src\pages\ShgManagementPage.jsx","PAGE","@tanstack/react-query","False"
"C:\Users\DIYA GOEL\Downloads\EBDESIGN\frontend\src\pages\ShgManagementPage.jsx","PAGE","../services/api","True"
"C:\Users\DIYA GOEL\Downloads\EBDESIGN\frontend\src\pages\ShgManagementPage.jsx","PAGE","lucide-react","False"
"C:\Users\DIYA GOEL\Downloads\EBDESIGN\frontend\src\pages\ShgManagementPage.jsx","PAGE","react-hot-toast","False"
"C:\Users\DIYA GOEL\Downloads\EBDESIGN\frontend\src\pages\ShgManagementPage.jsx","PAGE","../components/common/Modal","True"
"C:\Users\DIYA GOEL\Downloads\EBDESIGN\frontend\src\pages\SoilManagementPage.jsx","PAGE","react","False"
"C:\Users\DIYA GOEL\Downloads\EBDESIGN\frontend\src\pages\SoilManagementPage.jsx","PAGE","@tanstack/react-query","False"
"C:\Users\DIYA GOEL\Downloads\EBDESIGN\frontend\src\pages\SoilManagementPage.jsx","PAGE","lucide-react","False"
"C:\Users\DIYA GOEL\Downloads\EBDESIGN\frontend\src\pages\SoilManagementPage.jsx","PAGE","react-hot-toast","False"
"C:\Users\DIYA GOEL\Downloads\EBDESIGN\frontend\src\pages\SoilManagementPage.jsx","PAGE","../services/api","True"
"C:\Users\DIYA GOEL\Downloads\EBDESIGN\frontend\src\pages\SoilManagementPage.jsx","PAGE","../components/common/ResourceManager","True"
"C:\Users\DIYA GOEL\Downloads\EBDESIGN\frontend\src\pages\SowingManagementPage.jsx","PAGE","react","False"
"C:\Users\DIYA GOEL\Downloads\EBDESIGN\frontend\src\pages\SowingManagementPage.jsx","PAGE","@tanstack/react-query","False"
"C:\Users\DIYA GOEL\Downloads\EBDESIGN\frontend\src\pages\SowingManagementPage.jsx","PAGE","../services/api","True"
"C:\Users\DIYA GOEL\Downloads\EBDESIGN\frontend\src\pages\SowingManagementPage.jsx","PAGE","lucide-react","False"
"C:\Users\DIYA GOEL\Downloads\EBDESIGN\frontend\src\pages\SowingManagementPage.jsx","PAGE","react-hot-toast","False"
"C:\Users\DIYA GOEL\Downloads\EBDESIGN\frontend\src\pages\SowingManagementPage.jsx","PAGE","../components/common/Modal","True"
"C:\Users\DIYA GOEL\Downloads\EBDESIGN\frontend\src\pages\SparePartsManagementPage.jsx","PAGE","../components/common/ModuleOperationPanel","True"
"C:\Users\DIYA GOEL\Downloads\EBDESIGN\frontend\src\pages\SubscriptionPage.jsx","PAGE","react","False"
"C:\Users\DIYA GOEL\Downloads\EBDESIGN\frontend\src\pages\SubsidyManagementPage.jsx","PAGE","lucide-react","False"
"C:\Users\DIYA GOEL\Downloads\EBDESIGN\frontend\src\pages\SubsidyManagementPage.jsx","PAGE","../services/api","True"
"C:\Users\DIYA GOEL\Downloads\EBDESIGN\frontend\src\pages\SubsidyManagementPage.jsx","PAGE","../components/common/ActionCard","True"
"C:\Users\DIYA GOEL\Downloads\EBDESIGN\frontend\src\pages\SupplyChainAnalyticsPage.jsx","PAGE","react","False"
"C:\Users\DIYA GOEL\Downloads\EBDESIGN\frontend\src\pages\SupplyChainAnalyticsPage.jsx","PAGE","@tanstack/react-query","False"
"C:\Users\DIYA GOEL\Downloads\EBDESIGN\frontend\src\pages\SupplyChainAnalyticsPage.jsx","PAGE","../services/api","True"
"C:\Users\DIYA GOEL\Downloads\EBDESIGN\frontend\src\pages\SupplyChainAnalyticsPage.jsx","PAGE","lucide-react","False"
"C:\Users\DIYA GOEL\Downloads\EBDESIGN\frontend\src\pages\SupportCenterPage.jsx","PAGE","react","False"
"C:\Users\DIYA GOEL\Downloads\EBDESIGN\frontend\src\pages\SupportCenterPage.jsx","PAGE","lucide-react","False"
"C:\Users\DIYA GOEL\Downloads\EBDESIGN\frontend\src\pages\SupportCenterPage.jsx","PAGE","../services/api","True"
"C:\Users\DIYA GOEL\Downloads\EBDESIGN\frontend\src\pages\SustainabilityDashboardPage.jsx","PAGE","react","False"
"C:\Users\DIYA GOEL\Downloads\EBDESIGN\frontend\src\pages\SustainabilityDashboardPage.jsx","PAGE","lucide-react","False"
"C:\Users\DIYA GOEL\Downloads\EBDESIGN\frontend\src\pages\SustainabilityDashboardPage.jsx","PAGE","../services/api","True"
"C:\Users\DIYA GOEL\Downloads\EBDESIGN\frontend\src\pages\SyncPage.jsx","PAGE","react","False"
"C:\Users\DIYA GOEL\Downloads\EBDESIGN\frontend\src\pages\SystemAdministrationPage.jsx","PAGE","react","False"
"C:\Users\DIYA GOEL\Downloads\EBDESIGN\frontend\src\pages\SystemAdministrationPage.jsx","PAGE","../components/ui/card","True"
"C:\Users\DIYA GOEL\Downloads\EBDESIGN\frontend\src\pages\SystemAdministrationPage.jsx","PAGE","../components/ui/button","True"
"C:\Users\DIYA GOEL\Downloads\EBDESIGN\frontend\src\pages\SystemAdministrationPage.jsx","PAGE","../services/api","True"
"C:\Users\DIYA GOEL\Downloads\EBDESIGN\frontend\src\pages\SystemAdministrationPage.jsx","PAGE","../store/authStore","True"
"C:\Users\DIYA GOEL\Downloads\EBDESIGN\frontend\src\pages\TagsPage.jsx","PAGE","react","False"
"C:\Users\DIYA GOEL\Downloads\EBDESIGN\frontend\src\pages\TeamPage.jsx","PAGE","react","False"
"C:\Users\DIYA GOEL\Downloads\EBDESIGN\frontend\src\pages\TermsPage.jsx","PAGE","react","False"
"C:\Users\DIYA GOEL\Downloads\EBDESIGN\frontend\src\pages\ThemePage.jsx","PAGE","react","False"
"C:\Users\DIYA GOEL\Downloads\EBDESIGN\frontend\src\pages\TraceabilityPage.jsx","PAGE","react","False"
"C:\Users\DIYA GOEL\Downloads\EBDESIGN\frontend\src\pages\TraceabilityPage.jsx","PAGE","lucide-react","False"
"C:\Users\DIYA GOEL\Downloads\EBDESIGN\frontend\src\pages\TraceabilityPage.jsx","PAGE","../components/ui/card","True"
"C:\Users\DIYA GOEL\Downloads\EBDESIGN\frontend\src\pages\TraceabilityPage.jsx","PAGE","../components/ui/button","True"
"C:\Users\DIYA GOEL\Downloads\EBDESIGN\frontend\src\pages\TraceabilityPage.jsx","PAGE","../services/api","True"
"C:\Users\DIYA GOEL\Downloads\EBDESIGN\frontend\src\pages\TractorManagementPage.jsx","PAGE","react","False"
"C:\Users\DIYA GOEL\Downloads\EBDESIGN\frontend\src\pages\TractorManagementPage.jsx","PAGE","@tanstack/react-query","False"
"C:\Users\DIYA GOEL\Downloads\EBDESIGN\frontend\src\pages\TractorManagementPage.jsx","PAGE","../services/api","True"
"C:\Users\DIYA GOEL\Downloads\EBDESIGN\frontend\src\pages\TractorManagementPage.jsx","PAGE","lucide-react","False"
"C:\Users\DIYA GOEL\Downloads\EBDESIGN\frontend\src\pages\TractorManagementPage.jsx","PAGE","react-hot-toast","False"
"C:\Users\DIYA GOEL\Downloads\EBDESIGN\frontend\src\pages\TractorManagementPage.jsx","PAGE","../components/common/Modal","True"
"C:\Users\DIYA GOEL\Downloads\EBDESIGN\frontend\src\pages\TrainingAcademyPage.jsx","PAGE","react","False"
"C:\Users\DIYA GOEL\Downloads\EBDESIGN\frontend\src\pages\TrainingAcademyPage.jsx","PAGE","lucide-react","False"
"C:\Users\DIYA GOEL\Downloads\EBDESIGN\frontend\src\pages\TrainingAcademyPage.jsx","PAGE","../components/ui/card","True"
"C:\Users\DIYA GOEL\Downloads\EBDESIGN\frontend\src\pages\TrainingAcademyPage.jsx","PAGE","../components/ui/button","True"
"C:\Users\DIYA GOEL\Downloads\EBDESIGN\frontend\src\pages\TrainingAcademyPage.jsx","PAGE","../services/api","True"
"C:\Users\DIYA GOEL\Downloads\EBDESIGN\frontend\src\pages\TransactionHistoryPage.jsx","PAGE","react","False"
"C:\Users\DIYA GOEL\Downloads\EBDESIGN\frontend\src\pages\TransactionHistoryPage.jsx","PAGE","../services/api","True"
"C:\Users\DIYA GOEL\Downloads\EBDESIGN\frontend\src\pages\TransactionsPage.jsx","PAGE","react","False"
"C:\Users\DIYA GOEL\Downloads\EBDESIGN\frontend\src\pages\TrashPage.jsx","PAGE","react","False"
"C:\Users\DIYA GOEL\Downloads\EBDESIGN\frontend\src\pages\TrendingPage.jsx","PAGE","react","False"
"C:\Users\DIYA GOEL\Downloads\EBDESIGN\frontend\src\pages\TutorialPage.jsx","PAGE","react","False"
"C:\Users\DIYA GOEL\Downloads\EBDESIGN\frontend\src\pages\UnauthorizedPage.jsx","PAGE","react","False"
"C:\Users\DIYA GOEL\Downloads\EBDESIGN\frontend\src\pages\UnifiedLedgerPage.jsx","PAGE","react-router-dom","False"
"C:\Users\DIYA GOEL\Downloads\EBDESIGN\frontend\src\pages\UnifiedLedgerPage.jsx","PAGE","../components/ui/card","True"
"C:\Users\DIYA GOEL\Downloads\EBDESIGN\frontend\src\pages\UnifiedLedgerPage.jsx","PAGE","../components/ui/button","True"
"C:\Users\DIYA GOEL\Downloads\EBDESIGN\frontend\src\pages\UnifiedLedgerPage.jsx","PAGE","lucide-react","False"
"C:\Users\DIYA GOEL\Downloads\EBDESIGN\frontend\src\pages\UsersPage.jsx","PAGE","react","False"
"C:\Users\DIYA GOEL\Downloads\EBDESIGN\frontend\src\pages\VarietyDirectoryPage.jsx","PAGE","react","False"
"C:\Users\DIYA GOEL\Downloads\EBDESIGN\frontend\src\pages\VarietyDirectoryPage.jsx","PAGE","@tanstack/react-query","False"
"C:\Users\DIYA GOEL\Downloads\EBDESIGN\frontend\src\pages\VarietyDirectoryPage.jsx","PAGE","react-router-dom","False"
"C:\Users\DIYA GOEL\Downloads\EBDESIGN\frontend\src\pages\VarietyDirectoryPage.jsx","PAGE","lucide-react","False"
"C:\Users\DIYA GOEL\Downloads\EBDESIGN\frontend\src\pages\VarietyDirectoryPage.jsx","PAGE","../services/api","True"
"C:\Users\DIYA GOEL\Downloads\EBDESIGN\frontend\src\pages\VarietyDirectoryPage.jsx","PAGE","../components/common/DataPrimitives","True"
"C:\Users\DIYA GOEL\Downloads\EBDESIGN\frontend\src\pages\VarietyDirectoryPage.jsx","PAGE","../components/ui/card","True"
"C:\Users\DIYA GOEL\Downloads\EBDESIGN\frontend\src\pages\VarietyDirectoryPage.jsx","PAGE","../components/ui/badge","True"
"C:\Users\DIYA GOEL\Downloads\EBDESIGN\frontend\src\pages\VarietyDirectoryPage.jsx","PAGE","../components/ui/button","True"
"C:\Users\DIYA GOEL\Downloads\EBDESIGN\frontend\src\pages\VarietyDirectoryPage.jsx","PAGE","../components/ui/input","True"
"C:\Users\DIYA GOEL\Downloads\EBDESIGN\frontend\src\pages\VillageRegistryPage.jsx","PAGE","react","False"
"C:\Users\DIYA GOEL\Downloads\EBDESIGN\frontend\src\pages\VillageRegistryPage.jsx","PAGE","@tanstack/react-query","False"
"C:\Users\DIYA GOEL\Downloads\EBDESIGN\frontend\src\pages\VillageRegistryPage.jsx","PAGE","lucide-react","False"
"C:\Users\DIYA GOEL\Downloads\EBDESIGN\frontend\src\pages\VillageRegistryPage.jsx","PAGE","react-hot-toast","False"
"C:\Users\DIYA GOEL\Downloads\EBDESIGN\frontend\src\pages\VillageRegistryPage.jsx","PAGE","../services/villageAPI","True"
"C:\Users\DIYA GOEL\Downloads\EBDESIGN\frontend\src\pages\WalletPage.jsx","PAGE","react","False"
"C:\Users\DIYA GOEL\Downloads\EBDESIGN\frontend\src\pages\WalletPage.jsx","PAGE","../components/ui/card","True"
"C:\Users\DIYA GOEL\Downloads\EBDESIGN\frontend\src\pages\WalletPage.jsx","PAGE","../components/ui/button","True"
"C:\Users\DIYA GOEL\Downloads\EBDESIGN\frontend\src\pages\WalletPage.jsx","PAGE","../components/ui/input","True"
"C:\Users\DIYA GOEL\Downloads\EBDESIGN\frontend\src\pages\WalletPage.jsx","PAGE","../components/ui/label","True"
"C:\Users\DIYA GOEL\Downloads\EBDESIGN\frontend\src\pages\WalletPage.jsx","PAGE","../components/ui/table","True"
"C:\Users\DIYA GOEL\Downloads\EBDESIGN\frontend\src\pages\WalletPage.jsx","PAGE","lucide-react","False"
"C:\Users\DIYA GOEL\Downloads\EBDESIGN\frontend\src\pages\WalletPage.jsx","PAGE","react-hot-toast","False"
"C:\Users\DIYA GOEL\Downloads\EBDESIGN\frontend\src\pages\WalletPage.jsx","PAGE","../services/api","True"
"C:\Users\DIYA GOEL\Downloads\EBDESIGN\frontend\src\pages\WaterManagementPage.jsx","PAGE","react","False"
"C:\Users\DIYA GOEL\Downloads\EBDESIGN\frontend\src\pages\WaterManagementPage.jsx","PAGE","lucide-react","False"
"C:\Users\DIYA GOEL\Downloads\EBDESIGN\frontend\src\pages\WaterRecordsPage.jsx","PAGE","react","False"
"C:\Users\DIYA GOEL\Downloads\EBDESIGN\frontend\src\pages\WaterRecordsPage.jsx","PAGE","lucide-react","False"
"C:\Users\DIYA GOEL\Downloads\EBDESIGN\frontend\src\pages\WaterRecordsPage.jsx","PAGE","../components/common/ResourceManager","True"
"C:\Users\DIYA GOEL\Downloads\EBDESIGN\frontend\src\pages\WearablesPage.jsx","PAGE","@tanstack/react-query","False"
"C:\Users\DIYA GOEL\Downloads\EBDESIGN\frontend\src\pages\WearablesPage.jsx","PAGE","lucide-react","False"
"C:\Users\DIYA GOEL\Downloads\EBDESIGN\frontend\src\pages\WearablesPage.jsx","PAGE","../services/api","True"
"C:\Users\DIYA GOEL\Downloads\EBDESIGN\frontend\src\pages\WearablesPage.jsx","PAGE","../components/common/DataPrimitives","True"
"C:\Users\DIYA GOEL\Downloads\EBDESIGN\frontend\src\pages\WearablesPage.jsx","PAGE","../components/ui/card","True"
"C:\Users\DIYA GOEL\Downloads\EBDESIGN\frontend\src\pages\WearablesPage.jsx","PAGE","../components/ui/badge","True"
"C:\Users\DIYA GOEL\Downloads\EBDESIGN\frontend\src\pages\WearablesPage.jsx","PAGE","../components/ui/button","True"
"C:\Users\DIYA GOEL\Downloads\EBDESIGN\frontend\src\pages\WeatherAnalyticsPage.jsx","PAGE","react","False"
"C:\Users\DIYA GOEL\Downloads\EBDESIGN\frontend\src\pages\WeatherAnalyticsPage.jsx","PAGE","lucide-react","False"
"C:\Users\DIYA GOEL\Downloads\EBDESIGN\frontend\src\pages\WeatherAnalyticsPage.jsx","PAGE","../services/api","True"
"C:\Users\DIYA GOEL\Downloads\EBDESIGN\frontend\src\pages\WelcomePage.jsx","PAGE","react","False"
"C:\Users\DIYA GOEL\Downloads\EBDESIGN\frontend\src\pages\WhatGrowPage.jsx","PAGE","react","False"
"C:\Users\DIYA GOEL\Downloads\EBDESIGN\frontend\src\pages\WhatGrowPage.jsx","PAGE","../components/common/Modal","True"
"C:\Users\DIYA GOEL\Downloads\EBDESIGN\frontend\src\pages\WhatGrowPage.jsx","PAGE","@tanstack/react-query","False"
"C:\Users\DIYA GOEL\Downloads\EBDESIGN\frontend\src\pages\WhatGrowPage.jsx","PAGE","../services/api","True"
"C:\Users\DIYA GOEL\Downloads\EBDESIGN\frontend\src\pages\WhatGrowPage.jsx","PAGE","lucide-react","False"
"C:\Users\DIYA GOEL\Downloads\EBDESIGN\frontend\src\pages\YieldManagementPage.jsx","PAGE","react","False"
"C:\Users\DIYA GOEL\Downloads\EBDESIGN\frontend\src\pages\YieldManagementPage.jsx","PAGE","../services/api","True"
"C:\Users\DIYA GOEL\Downloads\EBDESIGN\frontend\src\pages\admin\APIManagement.jsx","PAGE","react","False"
"C:\Users\DIYA GOEL\Downloads\EBDESIGN\frontend\src\pages\admin\AuditLogs.jsx","PAGE","react","False"
"C:\Users\DIYA GOEL\Downloads\EBDESIGN\frontend\src\pages\admin\BackupRecovery.jsx","PAGE","react","False"
"C:\Users\DIYA GOEL\Downloads\EBDESIGN\frontend\src\pages\admin\CacheManagement.jsx","PAGE","react","False"
"C:\Users\DIYA GOEL\Downloads\EBDESIGN\frontend\src\pages\admin\ComplianceDashboard.jsx","PAGE","react","False"
"C:\Users\DIYA GOEL\Downloads\EBDESIGN\frontend\src\pages\admin\DatabaseManagement.jsx","PAGE","react","False"
"C:\Users\DIYA GOEL\Downloads\EBDESIGN\frontend\src\pages\admin\ErrorHandling.jsx","PAGE","react","False"
"C:\Users\DIYA GOEL\Downloads\EBDESIGN\frontend\src\pages\admin\IntegrationSettings.jsx","PAGE","react","False"
"C:\Users\DIYA GOEL\Downloads\EBDESIGN\frontend\src\pages\admin\LogViewer.jsx","PAGE","react","False"
"C:\Users\DIYA GOEL\Downloads\EBDESIGN\frontend\src\pages\admin\NotificationPreferences.jsx","PAGE","react","False"
"C:\Users\DIYA GOEL\Downloads\EBDESIGN\frontend\src\pages\admin\PerformanceTuning.jsx","PAGE","react","False"
"C:\Users\DIYA GOEL\Downloads\EBDESIGN\frontend\src\pages\admin\ResourceMonitoring.jsx","PAGE","react","False"
"C:\Users\DIYA GOEL\Downloads\EBDESIGN\frontend\src\pages\admin\RolePermissions.jsx","PAGE","react","False"
"C:\Users\DIYA GOEL\Downloads\EBDESIGN\frontend\src\pages\admin\SecuritySettings.jsx","PAGE","react","False"
"C:\Users\DIYA GOEL\Downloads\EBDESIGN\frontend\src\pages\admin\SystemConfiguration.jsx","PAGE","react","False"
"C:\Users\DIYA GOEL\Downloads\EBDESIGN\frontend\src\pages\admin\UserManagement.jsx","PAGE","react","False"
"C:\Users\DIYA GOEL\Downloads\EBDESIGN\frontend\src\pages\analytics\AdvancedAnalyticsDashboard.jsx","PAGE","react","False"
"C:\Users\DIYA GOEL\Downloads\EBDESIGN\frontend\src\pages\analytics\AnomalyDetection.jsx","PAGE","react","False"
"C:\Users\DIYA GOEL\Downloads\EBDESIGN\frontend\src\pages\analytics\CropYieldPrediction.jsx","PAGE","react","False"
"C:\Users\DIYA GOEL\Downloads\EBDESIGN\frontend\src\pages\analytics\CustomReportBuilder.jsx","PAGE","react","False"
"C:\Users\DIYA GOEL\Downloads\EBDESIGN\frontend\src\pages\analytics\DataQualityReport.jsx","PAGE","react","False"
"C:\Users\DIYA GOEL\Downloads\EBDESIGN\frontend\src\pages\analytics\ErrorRateAnalysis.jsx","PAGE","react","False"
"C:\Users\DIYA GOEL\Downloads\EBDESIGN\frontend\src\pages\analytics\FarmerBehaviorAnalytics.jsx","PAGE","react","False"
"C:\Users\DIYA GOEL\Downloads\EBDESIGN\frontend\src\pages\analytics\ForecastingDashboard.jsx","PAGE","react","False"
"C:\Users\DIYA GOEL\Downloads\EBDESIGN\frontend\src\pages\analytics\HistoricalDataView.jsx","PAGE","react","False"
"C:\Users\DIYA GOEL\Downloads\EBDESIGN\frontend\src\pages\analytics\IntelligenceReports.jsx","PAGE","react","False"
"C:\Users\DIYA GOEL\Downloads\EBDESIGN\frontend\src\pages\analytics\MarketTrendAnalysis.jsx","PAGE","react","False"
"C:\Users\DIYA GOEL\Downloads\EBDESIGN\frontend\src\pages\analytics\OpportunitiesIdentifier.jsx","PAGE","react","False"
"C:\Users\DIYA GOEL\Downloads\EBDESIGN\frontend\src\pages\analytics\PerformanceMetrics.jsx","PAGE","react","False"
"C:\Users\DIYA GOEL\Downloads\EBDESIGN\frontend\src\pages\analytics\PriceVolatilityChart.jsx","PAGE","react","False"
"C:\Users\DIYA GOEL\Downloads\EBDESIGN\frontend\src\pages\analytics\RegionalComparison.jsx","PAGE","react","False"
"C:\Users\DIYA GOEL\Downloads\EBDESIGN\frontend\src\pages\analytics\ResponseTimeMetrics.jsx","PAGE","react","False"
"C:\Users\DIYA GOEL\Downloads\EBDESIGN\frontend\src\pages\analytics\RiskAssessment.jsx","PAGE","react","False"
"C:\Users\DIYA GOEL\Downloads\EBDESIGN\frontend\src\pages\analytics\SubsidyDistributionMap.jsx","PAGE","react","False"
"C:\Users\DIYA GOEL\Downloads\EBDESIGN\frontend\src\pages\analytics\SystemHealthMonitor.jsx","PAGE","react","False"
"C:\Users\DIYA GOEL\Downloads\EBDESIGN\frontend\src\pages\analytics\UserEngagementStats.jsx","PAGE","react","False"
"C:\Users\DIYA GOEL\Downloads\EBDESIGN\frontend\src\pages\analytics\WeatherImpactAssessment.jsx","PAGE","react","False"
"C:\Users\DIYA GOEL\Downloads\EBDESIGN\frontend\src\pages\economic\EconomicDashboard.jsx","PAGE","lucide-react","False"
"C:\Users\DIYA GOEL\Downloads\EBDESIGN\frontend\src\pages\economic\EconomicDashboard.jsx","PAGE","../../components/ui/card","True"
"C:\Users\DIYA GOEL\Downloads\EBDESIGN\frontend\src\pages\economic\EconomicDashboard.jsx","PAGE","../../components/ui/button","True"
"C:\Users\DIYA GOEL\Downloads\EBDESIGN\frontend\src\pages\Generated\Page0.jsx","PAGE","react","False"
"C:\Users\DIYA GOEL\Downloads\EBDESIGN\frontend\src\pages\Generated\Page0.jsx","PAGE","react-router-dom","False"
"C:\Users\DIYA GOEL\Downloads\EBDESIGN\frontend\src\pages\Generated\Page0.jsx","PAGE","../../services/api","True"
"C:\Users\DIYA GOEL\Downloads\EBDESIGN\frontend\src\pages\Generated\Page1.jsx","PAGE","react","False"
"C:\Users\DIYA GOEL\Downloads\EBDESIGN\frontend\src\pages\Generated\Page1.jsx","PAGE","../../services/api","True"
"C:\Users\DIYA GOEL\Downloads\EBDESIGN\frontend\src\pages\Generated\Page10.jsx","PAGE","react","False"
"C:\Users\DIYA GOEL\Downloads\EBDESIGN\frontend\src\pages\Generated\Page11.jsx","PAGE","react","False"
"C:\Users\DIYA GOEL\Downloads\EBDESIGN\frontend\src\pages\Generated\Page12.jsx","PAGE","react","False"
"C:\Users\DIYA GOEL\Downloads\EBDESIGN\frontend\src\pages\Generated\Page13.jsx","PAGE","react","False"
"C:\Users\DIYA GOEL\Downloads\EBDESIGN\frontend\src\pages\Generated\Page14.jsx","PAGE","react","False"
"C:\Users\DIYA GOEL\Downloads\EBDESIGN\frontend\src\pages\Generated\Page15.jsx","PAGE","react","False"
"C:\Users\DIYA GOEL\Downloads\EBDESIGN\frontend\src\pages\Generated\Page16.jsx","PAGE","react","False"
"C:\Users\DIYA GOEL\Downloads\EBDESIGN\frontend\src\pages\Generated\Page17.jsx","PAGE","react","False"
"C:\Users\DIYA GOEL\Downloads\EBDESIGN\frontend\src\pages\Generated\Page18.jsx","PAGE","react","False"
"C:\Users\DIYA GOEL\Downloads\EBDESIGN\frontend\src\pages\Generated\Page19.jsx","PAGE","react","False"
"C:\Users\DIYA GOEL\Downloads\EBDESIGN\frontend\src\pages\Generated\Page2.jsx","PAGE","react","False"
"C:\Users\DIYA GOEL\Downloads\EBDESIGN\frontend\src\pages\Generated\Page2.jsx","PAGE","../../services/api","True"
"C:\Users\DIYA GOEL\Downloads\EBDESIGN\frontend\src\pages\Generated\Page20.jsx","PAGE","react","False"
"C:\Users\DIYA GOEL\Downloads\EBDESIGN\frontend\src\pages\Generated\Page21.jsx","PAGE","react","False"
"C:\Users\DIYA GOEL\Downloads\EBDESIGN\frontend\src\pages\Generated\Page22.jsx","PAGE","react","False"
"C:\Users\DIYA GOEL\Downloads\EBDESIGN\frontend\src\pages\Generated\Page23.jsx","PAGE","react","False"
"C:\Users\DIYA GOEL\Downloads\EBDESIGN\frontend\src\pages\Generated\Page24.jsx","PAGE","react","False"
"C:\Users\DIYA GOEL\Downloads\EBDESIGN\frontend\src\pages\Generated\Page25.jsx","PAGE","react","False"
"C:\Users\DIYA GOEL\Downloads\EBDESIGN\frontend\src\pages\Generated\Page26.jsx","PAGE","react","False"
"C:\Users\DIYA GOEL\Downloads\EBDESIGN\frontend\src\pages\Generated\Page27.jsx","PAGE","react","False"
"C:\Users\DIYA GOEL\Downloads\EBDESIGN\frontend\src\pages\Generated\Page28.jsx","PAGE","react","False"
"C:\Users\DIYA GOEL\Downloads\EBDESIGN\frontend\src\pages\Generated\Page29.jsx","PAGE","react","False"
"C:\Users\DIYA GOEL\Downloads\EBDESIGN\frontend\src\pages\Generated\Page3.jsx","PAGE","react","False"
"C:\Users\DIYA GOEL\Downloads\EBDESIGN\frontend\src\pages\Generated\Page3.jsx","PAGE","../../services/api","True"
"C:\Users\DIYA GOEL\Downloads\EBDESIGN\frontend\src\pages\Generated\Page30.jsx","PAGE","react","False"
"C:\Users\DIYA GOEL\Downloads\EBDESIGN\frontend\src\pages\Generated\Page31.jsx","PAGE","react","False"
"C:\Users\DIYA GOEL\Downloads\EBDESIGN\frontend\src\pages\Generated\Page32.jsx","PAGE","react","False"
"C:\Users\DIYA GOEL\Downloads\EBDESIGN\frontend\src\pages\Generated\Page33.jsx","PAGE","react","False"
"C:\Users\DIYA GOEL\Downloads\EBDESIGN\frontend\src\pages\Generated\Page34.jsx","PAGE","react","False"
"C:\Users\DIYA GOEL\Downloads\EBDESIGN\frontend\src\pages\Generated\Page35.jsx","PAGE","react","False"
"C:\Users\DIYA GOEL\Downloads\EBDESIGN\frontend\src\pages\Generated\Page36.jsx","PAGE","react","False"
"C:\Users\DIYA GOEL\Downloads\EBDESIGN\frontend\src\pages\Generated\Page37.jsx","PAGE","react","False"
"C:\Users\DIYA GOEL\Downloads\EBDESIGN\frontend\src\pages\Generated\Page38.jsx","PAGE","react","False"
"C:\Users\DIYA GOEL\Downloads\EBDESIGN\frontend\src\pages\Generated\Page39.jsx","PAGE","react","False"
"C:\Users\DIYA GOEL\Downloads\EBDESIGN\frontend\src\pages\Generated\Page4.jsx","PAGE","react","False"
"C:\Users\DIYA GOEL\Downloads\EBDESIGN\frontend\src\pages\Generated\Page40.jsx","PAGE","react","False"
"C:\Users\DIYA GOEL\Downloads\EBDESIGN\frontend\src\pages\Generated\Page41.jsx","PAGE","react","False"
"C:\Users\DIYA GOEL\Downloads\EBDESIGN\frontend\src\pages\Generated\Page42.jsx","PAGE","react","False"
"C:\Users\DIYA GOEL\Downloads\EBDESIGN\frontend\src\pages\Generated\Page43.jsx","PAGE","react","False"
"C:\Users\DIYA GOEL\Downloads\EBDESIGN\frontend\src\pages\Generated\Page44.jsx","PAGE","react","False"
"C:\Users\DIYA GOEL\Downloads\EBDESIGN\frontend\src\pages\Generated\Page45.jsx","PAGE","react","False"
"C:\Users\DIYA GOEL\Downloads\EBDESIGN\frontend\src\pages\Generated\Page46.jsx","PAGE","react","False"
"C:\Users\DIYA GOEL\Downloads\EBDESIGN\frontend\src\pages\Generated\Page47.jsx","PAGE","react","False"
"C:\Users\DIYA GOEL\Downloads\EBDESIGN\frontend\src\pages\Generated\Page48.jsx","PAGE","react","False"
"C:\Users\DIYA GOEL\Downloads\EBDESIGN\frontend\src\pages\Generated\Page49.jsx","PAGE","react","False"
"C:\Users\DIYA GOEL\Downloads\EBDESIGN\frontend\src\pages\Generated\Page5.jsx","PAGE","react","False"
"C:\Users\DIYA GOEL\Downloads\EBDESIGN\frontend\src\pages\Generated\Page50.jsx","PAGE","react","False"
"C:\Users\DIYA GOEL\Downloads\EBDESIGN\frontend\src\pages\Generated\Page51.jsx","PAGE","react","False"
"C:\Users\DIYA GOEL\Downloads\EBDESIGN\frontend\src\pages\Generated\Page52.jsx","PAGE","react","False"
"C:\Users\DIYA GOEL\Downloads\EBDESIGN\frontend\src\pages\Generated\Page53.jsx","PAGE","react","False"
"C:\Users\DIYA GOEL\Downloads\EBDESIGN\frontend\src\pages\Generated\Page54.jsx","PAGE","react","False"
"C:\Users\DIYA GOEL\Downloads\EBDESIGN\frontend\src\pages\Generated\Page55.jsx","PAGE","react","False"
"C:\Users\DIYA GOEL\Downloads\EBDESIGN\frontend\src\pages\Generated\Page56.jsx","PAGE","react","False"
"C:\Users\DIYA GOEL\Downloads\EBDESIGN\frontend\src\pages\Generated\Page57.jsx","PAGE","react","False"
"C:\Users\DIYA GOEL\Downloads\EBDESIGN\frontend\src\pages\Generated\Page58.jsx","PAGE","react","False"
"C:\Users\DIYA GOEL\Downloads\EBDESIGN\frontend\src\pages\Generated\Page59.jsx","PAGE","react","False"
"C:\Users\DIYA GOEL\Downloads\EBDESIGN\frontend\src\pages\Generated\Page6.jsx","PAGE","react","False"
"C:\Users\DIYA GOEL\Downloads\EBDESIGN\frontend\src\pages\Generated\Page60.jsx","PAGE","react","False"
"C:\Users\DIYA GOEL\Downloads\EBDESIGN\frontend\src\pages\Generated\Page61.jsx","PAGE","react","False"
"C:\Users\DIYA GOEL\Downloads\EBDESIGN\frontend\src\pages\Generated\Page62.jsx","PAGE","react","False"
"C:\Users\DIYA GOEL\Downloads\EBDESIGN\frontend\src\pages\Generated\Page63.jsx","PAGE","react","False"
"C:\Users\DIYA GOEL\Downloads\EBDESIGN\frontend\src\pages\Generated\Page64.jsx","PAGE","react","False"
"C:\Users\DIYA GOEL\Downloads\EBDESIGN\frontend\src\pages\Generated\Page65.jsx","PAGE","react","False"
"C:\Users\DIYA GOEL\Downloads\EBDESIGN\frontend\src\pages\Generated\Page66.jsx","PAGE","react","False"
"C:\Users\DIYA GOEL\Downloads\EBDESIGN\frontend\src\pages\Generated\Page67.jsx","PAGE","react","False"
"C:\Users\DIYA GOEL\Downloads\EBDESIGN\frontend\src\pages\Generated\Page68.jsx","PAGE","react","False"
"C:\Users\DIYA GOEL\Downloads\EBDESIGN\frontend\src\pages\Generated\Page69.jsx","PAGE","react","False"
"C:\Users\DIYA GOEL\Downloads\EBDESIGN\frontend\src\pages\Generated\Page7.jsx","PAGE","react","False"
"C:\Users\DIYA GOEL\Downloads\EBDESIGN\frontend\src\pages\Generated\Page70.jsx","PAGE","react","False"
"C:\Users\DIYA GOEL\Downloads\EBDESIGN\frontend\src\pages\Generated\Page71.jsx","PAGE","react","False"
"C:\Users\DIYA GOEL\Downloads\EBDESIGN\frontend\src\pages\Generated\Page72.jsx","PAGE","react","False"
"C:\Users\DIYA GOEL\Downloads\EBDESIGN\frontend\src\pages\Generated\Page73.jsx","PAGE","react","False"
"C:\Users\DIYA GOEL\Downloads\EBDESIGN\frontend\src\pages\Generated\Page74.jsx","PAGE","react","False"
"C:\Users\DIYA GOEL\Downloads\EBDESIGN\frontend\src\pages\Generated\Page75.jsx","PAGE","react","False"
"C:\Users\DIYA GOEL\Downloads\EBDESIGN\frontend\src\pages\Generated\Page76.jsx","PAGE","react","False"
"C:\Users\DIYA GOEL\Downloads\EBDESIGN\frontend\src\pages\Generated\Page77.jsx","PAGE","react","False"
"C:\Users\DIYA GOEL\Downloads\EBDESIGN\frontend\src\pages\Generated\Page78.jsx","PAGE","react","False"
"C:\Users\DIYA GOEL\Downloads\EBDESIGN\frontend\src\pages\Generated\Page79.jsx","PAGE","react","False"
"C:\Users\DIYA GOEL\Downloads\EBDESIGN\frontend\src\pages\Generated\Page8.jsx","PAGE","react","False"
"C:\Users\DIYA GOEL\Downloads\EBDESIGN\frontend\src\pages\Generated\Page80.jsx","PAGE","react","False"
"C:\Users\DIYA GOEL\Downloads\EBDESIGN\frontend\src\pages\Generated\Page81.jsx","PAGE","react","False"
"C:\Users\DIYA GOEL\Downloads\EBDESIGN\frontend\src\pages\Generated\Page82.jsx","PAGE","react","False"
"C:\Users\DIYA GOEL\Downloads\EBDESIGN\frontend\src\pages\Generated\Page83.jsx","PAGE","react","False"
"C:\Users\DIYA GOEL\Downloads\EBDESIGN\frontend\src\pages\Generated\Page84.jsx","PAGE","react","False"
"C:\Users\DIYA GOEL\Downloads\EBDESIGN\frontend\src\pages\Generated\Page85.jsx","PAGE","react","False"
"C:\Users\DIYA GOEL\Downloads\EBDESIGN\frontend\src\pages\Generated\Page86.jsx","PAGE","react","False"
"C:\Users\DIYA GOEL\Downloads\EBDESIGN\frontend\src\pages\Generated\Page87.jsx","PAGE","react","False"
"C:\Users\DIYA GOEL\Downloads\EBDESIGN\frontend\src\pages\Generated\Page88.jsx","PAGE","react","False"
"C:\Users\DIYA GOEL\Downloads\EBDESIGN\frontend\src\pages\Generated\Page9.jsx","PAGE","react","False"
"C:\Users\DIYA GOEL\Downloads\EBDESIGN\frontend\src\pages\government\AnnouncementBoard.jsx","PAGE","react","False"
"C:\Users\DIYA GOEL\Downloads\EBDESIGN\frontend\src\pages\government\ApplicationStatusTracker.jsx","PAGE","react","False"
"C:\Users\DIYA GOEL\Downloads\EBDESIGN\frontend\src\pages\government\ApprovalWorkflow.jsx","PAGE","react","False"
"C:\Users\DIYA GOEL\Downloads\EBDESIGN\frontend\src\pages\government\AuditLogPage.jsx","PAGE","react","False"
"C:\Users\DIYA GOEL\Downloads\EBDESIGN\frontend\src\pages\government\BeneficiaryManagement.jsx","PAGE","react","False"
"C:\Users\DIYA GOEL\Downloads\EBDESIGN\frontend\src\pages\government\BiometricAuthentication.jsx","PAGE","react","False"
"C:\Users\DIYA GOEL\Downloads\EBDESIGN\frontend\src\pages\government\CancellationManagement.jsx","PAGE","react","False"
"C:\Users\DIYA GOEL\Downloads\EBDESIGN\frontend\src\pages\government\ComplianceValidator.jsx","PAGE","react","False"
"C:\Users\DIYA GOEL\Downloads\EBDESIGN\frontend\src\pages\government\DeadlineTracker.jsx","PAGE","react","False"
"C:\Users\DIYA GOEL\Downloads\EBDESIGN\frontend\src\pages\government\DisputeResolutionPage.jsx","PAGE","react","False"
"C:\Users\DIYA GOEL\Downloads\EBDESIGN\frontend\src\pages\government\DocumentUploadPage.jsx","PAGE","react","False"
"C:\Users\DIYA GOEL\Downloads\EBDESIGN\frontend\src\pages\government\GovernmentNotificationCenter.jsx","PAGE","react","False"
"C:\Users\DIYA GOEL\Downloads\EBDESIGN\frontend\src\pages\government\GovernmentSchemeDashboard.jsx","PAGE","react","False"
"C:\Users\DIYA GOEL\Downloads\EBDESIGN\frontend\src\pages\government\MobileVerification.jsx","PAGE","react","False"
"C:\Users\DIYA GOEL\Downloads\EBDESIGN\frontend\src\pages\government\PaymentGateway.jsx","PAGE","react","False"
"C:\Users\DIYA GOEL\Downloads\EBDESIGN\frontend\src\pages\government\SchemeBeneficiaryList.jsx","PAGE","react","False"
"C:\Users\DIYA GOEL\Downloads\EBDESIGN\frontend\src\pages\government\SchemeEligibilityChecker.jsx","PAGE","react","False"
"C:\Users\DIYA GOEL\Downloads\EBDESIGN\frontend\src\pages\government\SchemeReportGenerator.jsx","PAGE","react","False"
"C:\Users\DIYA GOEL\Downloads\EBDESIGN\frontend\src\pages\government\SchemeUpdate Notifier.jsx","PAGE","react","False"
"C:\Users\DIYA GOEL\Downloads\EBDESIGN\frontend\src\pages\government\SchemeVerificationPage.jsx","PAGE","react","False"
"C:\Users\DIYA GOEL\Downloads\EBDESIGN\frontend\src\pages\government\SubsidyApplicationPage.jsx","PAGE","react","False"
"C:\Users\DIYA GOEL\Downloads\EBDESIGN\frontend\src\pages\MachineryVillageOps\MachineryManagement.jsx","PAGE","react","False"
"C:\Users\DIYA GOEL\Downloads\EBDESIGN\frontend\src\pages\MachineryVillageOps\MachineryManagement.jsx","PAGE","react-router-dom","False"
"C:\Users\DIYA GOEL\Downloads\EBDESIGN\frontend\src\pages\MachineryVillageOps\MachineryManagement.jsx","PAGE","../../hooks/useAuth","True"
"C:\Users\DIYA GOEL\Downloads\EBDESIGN\frontend\src\pages\MachineryVillageOps\MachineryManagement.jsx","PAGE","../../services/machineryVillageOpsService","True"
"C:\Users\DIYA GOEL\Downloads\EBDESIGN\frontend\src\pages\MachineryVillageOps\MachineryManagement.jsx","PAGE","../../components/common/Button","True"
"C:\Users\DIYA GOEL\Downloads\EBDESIGN\frontend\src\pages\MachineryVillageOps\MachineryManagement.jsx","PAGE","../../components/common/Card","True"
"C:\Users\DIYA GOEL\Downloads\EBDESIGN\frontend\src\pages\MachineryVillageOps\MachineryManagement.jsx","PAGE","../../components/common/Loading","True"
"C:\Users\DIYA GOEL\Downloads\EBDESIGN\frontend\src\pages\MachineryVillageOps\MachineryManagement.jsx","PAGE","../../utils/logger","True"
"C:\Users\DIYA GOEL\Downloads\EBDESIGN\frontend\src\pages\mobile\MobileChat.jsx","PAGE","react","False"
"C:\Users\DIYA GOEL\Downloads\EBDESIGN\frontend\src\pages\mobile\MobileHelp.jsx","PAGE","react","False"
"C:\Users\DIYA GOEL\Downloads\EBDESIGN\frontend\src\pages\mobile\MobileHomepage.jsx","PAGE","react","False"
"C:\Users\DIYA GOEL\Downloads\EBDESIGN\frontend\src\pages\mobile\MobileMarketplace.jsx","PAGE","react","False"
"C:\Users\DIYA GOEL\Downloads\EBDESIGN\frontend\src\pages\mobile\MobileNotifications.jsx","PAGE","react","False"
"C:\Users\DIYA GOEL\Downloads\EBDESIGN\frontend\src\pages\mobile\MobileOffers.jsx","PAGE","react","False"
"C:\Users\DIYA GOEL\Downloads\EBDESIGN\frontend\src\pages\mobile\MobilePayments.jsx","PAGE","react","False"
"C:\Users\DIYA GOEL\Downloads\EBDESIGN\frontend\src\pages\mobile\MobileProfile.jsx","PAGE","react","False"
"C:\Users\DIYA GOEL\Downloads\EBDESIGN\frontend\src\pages\mobile\MobileSettings.jsx","PAGE","react","False"
"C:\Users\DIYA GOEL\Downloads\EBDESIGN\frontend\src\pages\mobile\MobileWallet.jsx","PAGE","react","False"
"C:\Users\DIYA GOEL\Downloads\EBDESIGN\frontend\src\pages\modules\M100\M100.jsx","PAGE","react","False"
"C:\Users\DIYA GOEL\Downloads\EBDESIGN\frontend\src\pages\modules\M100\M100.jsx","PAGE","./M100.css","True"
"C:\Users\DIYA GOEL\Downloads\EBDESIGN\frontend\src\pages\modules\M101\M101.jsx","PAGE","react","False"
"C:\Users\DIYA GOEL\Downloads\EBDESIGN\frontend\src\pages\modules\M101\M101.jsx","PAGE","./M101.css","True"
"C:\Users\DIYA GOEL\Downloads\EBDESIGN\frontend\src\pages\modules\M102\M102.jsx","PAGE","react","False"
"C:\Users\DIYA GOEL\Downloads\EBDESIGN\frontend\src\pages\modules\M102\M102.jsx","PAGE","./M102.css","True"
"C:\Users\DIYA GOEL\Downloads\EBDESIGN\frontend\src\pages\modules\M103\M103.jsx","PAGE","react","False"
"C:\Users\DIYA GOEL\Downloads\EBDESIGN\frontend\src\pages\modules\M103\M103.jsx","PAGE","./M103.css","True"
"C:\Users\DIYA GOEL\Downloads\EBDESIGN\frontend\src\pages\modules\M104\M104.jsx","PAGE","react","False"
"C:\Users\DIYA GOEL\Downloads\EBDESIGN\frontend\src\pages\modules\M104\M104.jsx","PAGE","./M104.css","True"
"C:\Users\DIYA GOEL\Downloads\EBDESIGN\frontend\src\pages\modules\M105\M105.jsx","PAGE","react","False"
"C:\Users\DIYA GOEL\Downloads\EBDESIGN\frontend\src\pages\modules\M105\M105.jsx","PAGE","./M105.css","True"
"C:\Users\DIYA GOEL\Downloads\EBDESIGN\frontend\src\pages\modules\M106\M106.jsx","PAGE","react","False"
"C:\Users\DIYA GOEL\Downloads\EBDESIGN\frontend\src\pages\modules\M106\M106.jsx","PAGE","./M106.css","True"
"C:\Users\DIYA GOEL\Downloads\EBDESIGN\frontend\src\pages\modules\M107\M107.jsx","PAGE","react","False"
"C:\Users\DIYA GOEL\Downloads\EBDESIGN\frontend\src\pages\modules\M107\M107.jsx","PAGE","./M107.css","True"
"C:\Users\DIYA GOEL\Downloads\EBDESIGN\frontend\src\pages\modules\M108\M108.jsx","PAGE","react","False"
"C:\Users\DIYA GOEL\Downloads\EBDESIGN\frontend\src\pages\modules\M108\M108.jsx","PAGE","./M108.css","True"
"C:\Users\DIYA GOEL\Downloads\EBDESIGN\frontend\src\pages\modules\M109\M109.jsx","PAGE","react","False"
"C:\Users\DIYA GOEL\Downloads\EBDESIGN\frontend\src\pages\modules\M109\M109.jsx","PAGE","./M109.css","True"
"C:\Users\DIYA GOEL\Downloads\EBDESIGN\frontend\src\pages\modules\M110\M110.jsx","PAGE","react","False"
"C:\Users\DIYA GOEL\Downloads\EBDESIGN\frontend\src\pages\modules\M110\M110.jsx","PAGE","./M110.css","True"
"C:\Users\DIYA GOEL\Downloads\EBDESIGN\frontend\src\pages\modules\M111\M111.jsx","PAGE","react","False"
"C:\Users\DIYA GOEL\Downloads\EBDESIGN\frontend\src\pages\modules\M111\M111.jsx","PAGE","./M111.css","True"
"C:\Users\DIYA GOEL\Downloads\EBDESIGN\frontend\src\pages\modules\M112\M112.jsx","PAGE","react","False"
"C:\Users\DIYA GOEL\Downloads\EBDESIGN\frontend\src\pages\modules\M112\M112.jsx","PAGE","./M112.css","True"
"C:\Users\DIYA GOEL\Downloads\EBDESIGN\frontend\src\pages\modules\M113\M113.jsx","PAGE","react","False"
"C:\Users\DIYA GOEL\Downloads\EBDESIGN\frontend\src\pages\modules\M113\M113.jsx","PAGE","./M113.css","True"
"C:\Users\DIYA GOEL\Downloads\EBDESIGN\frontend\src\pages\modules\M114\M114.jsx","PAGE","react","False"
"C:\Users\DIYA GOEL\Downloads\EBDESIGN\frontend\src\pages\modules\M114\M114.jsx","PAGE","./M114.css","True"
"C:\Users\DIYA GOEL\Downloads\EBDESIGN\frontend\src\pages\modules\M115\M115.jsx","PAGE","react","False"
"C:\Users\DIYA GOEL\Downloads\EBDESIGN\frontend\src\pages\modules\M115\M115.jsx","PAGE","./M115.css","True"
"C:\Users\DIYA GOEL\Downloads\EBDESIGN\frontend\src\pages\modules\M116\M116.jsx","PAGE","react","False"
"C:\Users\DIYA GOEL\Downloads\EBDESIGN\frontend\src\pages\modules\M116\M116.jsx","PAGE","./M116.css","True"
"C:\Users\DIYA GOEL\Downloads\EBDESIGN\frontend\src\pages\modules\M117\M117.jsx","PAGE","react","False"
"C:\Users\DIYA GOEL\Downloads\EBDESIGN\frontend\src\pages\modules\M117\M117.jsx","PAGE","./M117.css","True"
"C:\Users\DIYA GOEL\Downloads\EBDESIGN\frontend\src\pages\modules\M118\M118.jsx","PAGE","react","False"
"C:\Users\DIYA GOEL\Downloads\EBDESIGN\frontend\src\pages\modules\M118\M118.jsx","PAGE","./M118.css","True"
"C:\Users\DIYA GOEL\Downloads\EBDESIGN\frontend\src\pages\modules\M119\M119.jsx","PAGE","react","False"
"C:\Users\DIYA GOEL\Downloads\EBDESIGN\frontend\src\pages\modules\M119\M119.jsx","PAGE","./M119.css","True"
"C:\Users\DIYA GOEL\Downloads\EBDESIGN\frontend\src\pages\modules\M120\M120.jsx","PAGE","react","False"
"C:\Users\DIYA GOEL\Downloads\EBDESIGN\frontend\src\pages\modules\M120\M120.jsx","PAGE","./M120.css","True"
"C:\Users\DIYA GOEL\Downloads\EBDESIGN\frontend\src\pages\modules\M121\M121.jsx","PAGE","react","False"
"C:\Users\DIYA GOEL\Downloads\EBDESIGN\frontend\src\pages\modules\M121\M121.jsx","PAGE","./M121.css","True"
"C:\Users\DIYA GOEL\Downloads\EBDESIGN\frontend\src\pages\modules\M122\M122.jsx","PAGE","react","False"
"C:\Users\DIYA GOEL\Downloads\EBDESIGN\frontend\src\pages\modules\M122\M122.jsx","PAGE","./M122.css","True"
"C:\Users\DIYA GOEL\Downloads\EBDESIGN\frontend\src\pages\modules\M123\M123.jsx","PAGE","react","False"
"C:\Users\DIYA GOEL\Downloads\EBDESIGN\frontend\src\pages\modules\M123\M123.jsx","PAGE","./M123.css","True"
"C:\Users\DIYA GOEL\Downloads\EBDESIGN\frontend\src\pages\modules\M124\M124.jsx","PAGE","react","False"
"C:\Users\DIYA GOEL\Downloads\EBDESIGN\frontend\src\pages\modules\M124\M124.jsx","PAGE","./M124.css","True"
"C:\Users\DIYA GOEL\Downloads\EBDESIGN\frontend\src\pages\modules\M125\M125.jsx","PAGE","react","False"
"C:\Users\DIYA GOEL\Downloads\EBDESIGN\frontend\src\pages\modules\M125\M125.jsx","PAGE","./M125.css","True"
"C:\Users\DIYA GOEL\Downloads\EBDESIGN\frontend\src\pages\modules\M126\M126.jsx","PAGE","react","False"
"C:\Users\DIYA GOEL\Downloads\EBDESIGN\frontend\src\pages\modules\M126\M126.jsx","PAGE","./M126.css","True"
"C:\Users\DIYA GOEL\Downloads\EBDESIGN\frontend\src\pages\modules\M127\M127.jsx","PAGE","react","False"
"C:\Users\DIYA GOEL\Downloads\EBDESIGN\frontend\src\pages\modules\M127\M127.jsx","PAGE","./M127.css","True"
"C:\Users\DIYA GOEL\Downloads\EBDESIGN\frontend\src\pages\modules\M128\M128.jsx","PAGE","react","False"
"C:\Users\DIYA GOEL\Downloads\EBDESIGN\frontend\src\pages\modules\M128\M128.jsx","PAGE","./M128.css","True"
"C:\Users\DIYA GOEL\Downloads\EBDESIGN\frontend\src\pages\modules\M129\M129.jsx","PAGE","react","False"
"C:\Users\DIYA GOEL\Downloads\EBDESIGN\frontend\src\pages\modules\M129\M129.jsx","PAGE","./M129.css","True"
"C:\Users\DIYA GOEL\Downloads\EBDESIGN\frontend\src\pages\modules\M130\M130.jsx","PAGE","react","False"
"C:\Users\DIYA GOEL\Downloads\EBDESIGN\frontend\src\pages\modules\M130\M130.jsx","PAGE","./M130.css","True"
"C:\Users\DIYA GOEL\Downloads\EBDESIGN\frontend\src\pages\modules\M131\M131.jsx","PAGE","react","False"
"C:\Users\DIYA GOEL\Downloads\EBDESIGN\frontend\src\pages\modules\M131\M131.jsx","PAGE","./M131.css","True"
"C:\Users\DIYA GOEL\Downloads\EBDESIGN\frontend\src\pages\modules\M132\M132.jsx","PAGE","react","False"
"C:\Users\DIYA GOEL\Downloads\EBDESIGN\frontend\src\pages\modules\M132\M132.jsx","PAGE","./M132.css","True"
"C:\Users\DIYA GOEL\Downloads\EBDESIGN\frontend\src\pages\modules\M133\M133.jsx","PAGE","react","False"
"C:\Users\DIYA GOEL\Downloads\EBDESIGN\frontend\src\pages\modules\M133\M133.jsx","PAGE","./M133.css","True"
"C:\Users\DIYA GOEL\Downloads\EBDESIGN\frontend\src\pages\modules\M134\M134.jsx","PAGE","react","False"
"C:\Users\DIYA GOEL\Downloads\EBDESIGN\frontend\src\pages\modules\M134\M134.jsx","PAGE","./M134.css","True"
"C:\Users\DIYA GOEL\Downloads\EBDESIGN\frontend\src\pages\modules\M135\M135.jsx","PAGE","react","False"
"C:\Users\DIYA GOEL\Downloads\EBDESIGN\frontend\src\pages\modules\M135\M135.jsx","PAGE","./M135.css","True"
"C:\Users\DIYA GOEL\Downloads\EBDESIGN\frontend\src\pages\modules\M136\M136.jsx","PAGE","react","False"
"C:\Users\DIYA GOEL\Downloads\EBDESIGN\frontend\src\pages\modules\M136\M136.jsx","PAGE","./M136.css","True"
"C:\Users\DIYA GOEL\Downloads\EBDESIGN\frontend\src\pages\modules\M137\M137.jsx","PAGE","react","False"
"C:\Users\DIYA GOEL\Downloads\EBDESIGN\frontend\src\pages\modules\M137\M137.jsx","PAGE","./M137.css","True"
"C:\Users\DIYA GOEL\Downloads\EBDESIGN\frontend\src\pages\modules\M138\M138.jsx","PAGE","react","False"
"C:\Users\DIYA GOEL\Downloads\EBDESIGN\frontend\src\pages\modules\M138\M138.jsx","PAGE","./M138.css","True"
"C:\Users\DIYA GOEL\Downloads\EBDESIGN\frontend\src\pages\modules\M139\M139.jsx","PAGE","react","False"
"C:\Users\DIYA GOEL\Downloads\EBDESIGN\frontend\src\pages\modules\M139\M139.jsx","PAGE","./M139.css","True"
"C:\Users\DIYA GOEL\Downloads\EBDESIGN\frontend\src\pages\modules\M140\M140.jsx","PAGE","react","False"
"C:\Users\DIYA GOEL\Downloads\EBDESIGN\frontend\src\pages\modules\M140\M140.jsx","PAGE","./M140.css","True"
"C:\Users\DIYA GOEL\Downloads\EBDESIGN\frontend\src\pages\modules\M141\M141.jsx","PAGE","react","False"
"C:\Users\DIYA GOEL\Downloads\EBDESIGN\frontend\src\pages\modules\M141\M141.jsx","PAGE","./M141.css","True"
"C:\Users\DIYA GOEL\Downloads\EBDESIGN\frontend\src\pages\modules\M142\M142.jsx","PAGE","react","False"
"C:\Users\DIYA GOEL\Downloads\EBDESIGN\frontend\src\pages\modules\M142\M142.jsx","PAGE","./M142.css","True"
"C:\Users\DIYA GOEL\Downloads\EBDESIGN\frontend\src\pages\modules\M143\M143.jsx","PAGE","react","False"
"C:\Users\DIYA GOEL\Downloads\EBDESIGN\frontend\src\pages\modules\M143\M143.jsx","PAGE","./M143.css","True"
"C:\Users\DIYA GOEL\Downloads\EBDESIGN\frontend\src\pages\modules\M144\M144.jsx","PAGE","react","False"
"C:\Users\DIYA GOEL\Downloads\EBDESIGN\frontend\src\pages\modules\M144\M144.jsx","PAGE","./M144.css","True"
"C:\Users\DIYA GOEL\Downloads\EBDESIGN\frontend\src\pages\modules\M145\M145.jsx","PAGE","react","False"
"C:\Users\DIYA GOEL\Downloads\EBDESIGN\frontend\src\pages\modules\M145\M145.jsx","PAGE","./M145.css","True"
"C:\Users\DIYA GOEL\Downloads\EBDESIGN\frontend\src\pages\modules\M146\M146.jsx","PAGE","react","False"
"C:\Users\DIYA GOEL\Downloads\EBDESIGN\frontend\src\pages\modules\M146\M146.jsx","PAGE","./M146.css","True"
"C:\Users\DIYA GOEL\Downloads\EBDESIGN\frontend\src\pages\modules\M147\M147.jsx","PAGE","react","False"
"C:\Users\DIYA GOEL\Downloads\EBDESIGN\frontend\src\pages\modules\M147\M147.jsx","PAGE","./M147.css","True"
"C:\Users\DIYA GOEL\Downloads\EBDESIGN\frontend\src\pages\modules\M148\M148.jsx","PAGE","react","False"
"C:\Users\DIYA GOEL\Downloads\EBDESIGN\frontend\src\pages\modules\M148\M148.jsx","PAGE","./M148.css","True"
"C:\Users\DIYA GOEL\Downloads\EBDESIGN\frontend\src\pages\modules\M149\M149.jsx","PAGE","react","False"
"C:\Users\DIYA GOEL\Downloads\EBDESIGN\frontend\src\pages\modules\M149\M149.jsx","PAGE","./M149.css","True"
"C:\Users\DIYA GOEL\Downloads\EBDESIGN\frontend\src\pages\modules\M150\M150.jsx","PAGE","react","False"
"C:\Users\DIYA GOEL\Downloads\EBDESIGN\frontend\src\pages\modules\M150\M150.jsx","PAGE","./M150.css","True"
"C:\Users\DIYA GOEL\Downloads\EBDESIGN\frontend\src\pages\modules\M151\M151.jsx","PAGE","react","False"
"C:\Users\DIYA GOEL\Downloads\EBDESIGN\frontend\src\pages\modules\M151\M151.jsx","PAGE","./M151.css","True"
"C:\Users\DIYA GOEL\Downloads\EBDESIGN\frontend\src\pages\modules\M152\M152.jsx","PAGE","react","False"
"C:\Users\DIYA GOEL\Downloads\EBDESIGN\frontend\src\pages\modules\M152\M152.jsx","PAGE","./M152.css","True"
"C:\Users\DIYA GOEL\Downloads\EBDESIGN\frontend\src\pages\modules\M153\M153.jsx","PAGE","react","False"
"C:\Users\DIYA GOEL\Downloads\EBDESIGN\frontend\src\pages\modules\M153\M153.jsx","PAGE","./M153.css","True"
"C:\Users\DIYA GOEL\Downloads\EBDESIGN\frontend\src\pages\modules\M154\M154.jsx","PAGE","react","False"
"C:\Users\DIYA GOEL\Downloads\EBDESIGN\frontend\src\pages\modules\M154\M154.jsx","PAGE","./M154.css","True"
"C:\Users\DIYA GOEL\Downloads\EBDESIGN\frontend\src\pages\modules\M155\M155.jsx","PAGE","react","False"
"C:\Users\DIYA GOEL\Downloads\EBDESIGN\frontend\src\pages\modules\M155\M155.jsx","PAGE","./M155.css","True"
"C:\Users\DIYA GOEL\Downloads\EBDESIGN\frontend\src\pages\modules\M156\M156.jsx","PAGE","react","False"
"C:\Users\DIYA GOEL\Downloads\EBDESIGN\frontend\src\pages\modules\M156\M156.jsx","PAGE","./M156.css","True"
"C:\Users\DIYA GOEL\Downloads\EBDESIGN\frontend\src\pages\modules\M157\M157.jsx","PAGE","react","False"
"C:\Users\DIYA GOEL\Downloads\EBDESIGN\frontend\src\pages\modules\M157\M157.jsx","PAGE","./M157.css","True"
"C:\Users\DIYA GOEL\Downloads\EBDESIGN\frontend\src\pages\modules\M158\M158.jsx","PAGE","react","False"
"C:\Users\DIYA GOEL\Downloads\EBDESIGN\frontend\src\pages\modules\M158\M158.jsx","PAGE","./M158.css","True"
"C:\Users\DIYA GOEL\Downloads\EBDESIGN\frontend\src\pages\modules\M159\M159.jsx","PAGE","react","False"
"C:\Users\DIYA GOEL\Downloads\EBDESIGN\frontend\src\pages\modules\M159\M159.jsx","PAGE","./M159.css","True"
"C:\Users\DIYA GOEL\Downloads\EBDESIGN\frontend\src\pages\modules\M160\M160.jsx","PAGE","react","False"
"C:\Users\DIYA GOEL\Downloads\EBDESIGN\frontend\src\pages\modules\M160\M160.jsx","PAGE","./M160.css","True"
"C:\Users\DIYA GOEL\Downloads\EBDESIGN\frontend\src\pages\modules\M161\M161.jsx","PAGE","react","False"
"C:\Users\DIYA GOEL\Downloads\EBDESIGN\frontend\src\pages\modules\M161\M161.jsx","PAGE","./M161.css","True"
"C:\Users\DIYA GOEL\Downloads\EBDESIGN\frontend\src\pages\modules\M162\M162.jsx","PAGE","react","False"
"C:\Users\DIYA GOEL\Downloads\EBDESIGN\frontend\src\pages\modules\M162\M162.jsx","PAGE","./M162.css","True"
"C:\Users\DIYA GOEL\Downloads\EBDESIGN\frontend\src\pages\modules\M163\M163.jsx","PAGE","react","False"
"C:\Users\DIYA GOEL\Downloads\EBDESIGN\frontend\src\pages\modules\M163\M163.jsx","PAGE","./M163.css","True"
"C:\Users\DIYA GOEL\Downloads\EBDESIGN\frontend\src\pages\modules\M164\M164.jsx","PAGE","react","False"
"C:\Users\DIYA GOEL\Downloads\EBDESIGN\frontend\src\pages\modules\M164\M164.jsx","PAGE","./M164.css","True"
"C:\Users\DIYA GOEL\Downloads\EBDESIGN\frontend\src\pages\modules\M165\M165.jsx","PAGE","react","False"
"C:\Users\DIYA GOEL\Downloads\EBDESIGN\frontend\src\pages\modules\M165\M165.jsx","PAGE","./M165.css","True"
"C:\Users\DIYA GOEL\Downloads\EBDESIGN\frontend\src\pages\modules\M166\M166.jsx","PAGE","react","False"
"C:\Users\DIYA GOEL\Downloads\EBDESIGN\frontend\src\pages\modules\M166\M166.jsx","PAGE","./M166.css","True"
"C:\Users\DIYA GOEL\Downloads\EBDESIGN\frontend\src\pages\modules\M167\M167.jsx","PAGE","react","False"
"C:\Users\DIYA GOEL\Downloads\EBDESIGN\frontend\src\pages\modules\M167\M167.jsx","PAGE","./M167.css","True"
"C:\Users\DIYA GOEL\Downloads\EBDESIGN\frontend\src\pages\modules\M168\M168.jsx","PAGE","react","False"
"C:\Users\DIYA GOEL\Downloads\EBDESIGN\frontend\src\pages\modules\M168\M168.jsx","PAGE","./M168.css","True"
"C:\Users\DIYA GOEL\Downloads\EBDESIGN\frontend\src\pages\modules\M169\M169.jsx","PAGE","react","False"
"C:\Users\DIYA GOEL\Downloads\EBDESIGN\frontend\src\pages\modules\M169\M169.jsx","PAGE","./M169.css","True"
"C:\Users\DIYA GOEL\Downloads\EBDESIGN\frontend\src\pages\modules\M170\M170.jsx","PAGE","react","False"
"C:\Users\DIYA GOEL\Downloads\EBDESIGN\frontend\src\pages\modules\M170\M170.jsx","PAGE","./M170.css","True"
"C:\Users\DIYA GOEL\Downloads\EBDESIGN\frontend\src\pages\modules\M171\M171.jsx","PAGE","react","False"
"C:\Users\DIYA GOEL\Downloads\EBDESIGN\frontend\src\pages\modules\M171\M171.jsx","PAGE","./M171.css","True"
"C:\Users\DIYA GOEL\Downloads\EBDESIGN\frontend\src\pages\modules\M172\M172.jsx","PAGE","react","False"
"C:\Users\DIYA GOEL\Downloads\EBDESIGN\frontend\src\pages\modules\M172\M172.jsx","PAGE","./M172.css","True"
"C:\Users\DIYA GOEL\Downloads\EBDESIGN\frontend\src\pages\modules\M173\M173.jsx","PAGE","react","False"
"C:\Users\DIYA GOEL\Downloads\EBDESIGN\frontend\src\pages\modules\M173\M173.jsx","PAGE","./M173.css","True"
"C:\Users\DIYA GOEL\Downloads\EBDESIGN\frontend\src\pages\modules\M174\M174.jsx","PAGE","react","False"
"C:\Users\DIYA GOEL\Downloads\EBDESIGN\frontend\src\pages\modules\M174\M174.jsx","PAGE","./M174.css","True"
"C:\Users\DIYA GOEL\Downloads\EBDESIGN\frontend\src\pages\modules\M175\M175.jsx","PAGE","react","False"
"C:\Users\DIYA GOEL\Downloads\EBDESIGN\frontend\src\pages\modules\M175\M175.jsx","PAGE","./M175.css","True"
"C:\Users\DIYA GOEL\Downloads\EBDESIGN\frontend\src\pages\modules\M176\M176.jsx","PAGE","react","False"
"C:\Users\DIYA GOEL\Downloads\EBDESIGN\frontend\src\pages\modules\M176\M176.jsx","PAGE","./M176.css","True"
"C:\Users\DIYA GOEL\Downloads\EBDESIGN\frontend\src\pages\modules\M177\M177.jsx","PAGE","react","False"
"C:\Users\DIYA GOEL\Downloads\EBDESIGN\frontend\src\pages\modules\M177\M177.jsx","PAGE","./M177.css","True"
"C:\Users\DIYA GOEL\Downloads\EBDESIGN\frontend\src\pages\modules\M178\M178.jsx","PAGE","react","False"
"C:\Users\DIYA GOEL\Downloads\EBDESIGN\frontend\src\pages\modules\M178\M178.jsx","PAGE","./M178.css","True"
"C:\Users\DIYA GOEL\Downloads\EBDESIGN\frontend\src\pages\modules\M179\M179.jsx","PAGE","react","False"
"C:\Users\DIYA GOEL\Downloads\EBDESIGN\frontend\src\pages\modules\M179\M179.jsx","PAGE","./M179.css","True"
"C:\Users\DIYA GOEL\Downloads\EBDESIGN\frontend\src\pages\modules\M180\M180.jsx","PAGE","react","False"
"C:\Users\DIYA GOEL\Downloads\EBDESIGN\frontend\src\pages\modules\M180\M180.jsx","PAGE","./M180.css","True"
"C:\Users\DIYA GOEL\Downloads\EBDESIGN\frontend\src\pages\modules\M181\M181.jsx","PAGE","react","False"
"C:\Users\DIYA GOEL\Downloads\EBDESIGN\frontend\src\pages\modules\M181\M181.jsx","PAGE","./M181.css","True"
"C:\Users\DIYA GOEL\Downloads\EBDESIGN\frontend\src\pages\modules\M182\M182.jsx","PAGE","react","False"
"C:\Users\DIYA GOEL\Downloads\EBDESIGN\frontend\src\pages\modules\M182\M182.jsx","PAGE","./M182.css","True"
"C:\Users\DIYA GOEL\Downloads\EBDESIGN\frontend\src\pages\modules\M183\M183.jsx","PAGE","react","False"
"C:\Users\DIYA GOEL\Downloads\EBDESIGN\frontend\src\pages\modules\M183\M183.jsx","PAGE","./M183.css","True"
"C:\Users\DIYA GOEL\Downloads\EBDESIGN\frontend\src\pages\modules\M184\M184.jsx","PAGE","react","False"
"C:\Users\DIYA GOEL\Downloads\EBDESIGN\frontend\src\pages\modules\M184\M184.jsx","PAGE","./M184.css","True"
"C:\Users\DIYA GOEL\Downloads\EBDESIGN\frontend\src\pages\modules\M185\M185.jsx","PAGE","react","False"
"C:\Users\DIYA GOEL\Downloads\EBDESIGN\frontend\src\pages\modules\M185\M185.jsx","PAGE","./M185.css","True"
"C:\Users\DIYA GOEL\Downloads\EBDESIGN\frontend\src\pages\modules\M186\M186.jsx","PAGE","react","False"
"C:\Users\DIYA GOEL\Downloads\EBDESIGN\frontend\src\pages\modules\M186\M186.jsx","PAGE","./M186.css","True"
"C:\Users\DIYA GOEL\Downloads\EBDESIGN\frontend\src\pages\modules\M187\M187.jsx","PAGE","react","False"
"C:\Users\DIYA GOEL\Downloads\EBDESIGN\frontend\src\pages\modules\M187\M187.jsx","PAGE","./M187.css","True"
"C:\Users\DIYA GOEL\Downloads\EBDESIGN\frontend\src\pages\modules\M188\M188.jsx","PAGE","react","False"
"C:\Users\DIYA GOEL\Downloads\EBDESIGN\frontend\src\pages\modules\M188\M188.jsx","PAGE","./M188.css","True"
"C:\Users\DIYA GOEL\Downloads\EBDESIGN\frontend\src\pages\modules\M189\M189.jsx","PAGE","react","False"
"C:\Users\DIYA GOEL\Downloads\EBDESIGN\frontend\src\pages\modules\M189\M189.jsx","PAGE","./M189.css","True"
"C:\Users\DIYA GOEL\Downloads\EBDESIGN\frontend\src\pages\modules\M190\M190.jsx","PAGE","react","False"
"C:\Users\DIYA GOEL\Downloads\EBDESIGN\frontend\src\pages\modules\M190\M190.jsx","PAGE","./M190.css","True"
"C:\Users\DIYA GOEL\Downloads\EBDESIGN\frontend\src\pages\modules\M191\M191.jsx","PAGE","react","False"
"C:\Users\DIYA GOEL\Downloads\EBDESIGN\frontend\src\pages\modules\M191\M191.jsx","PAGE","./M191.css","True"
"C:\Users\DIYA GOEL\Downloads\EBDESIGN\frontend\src\pages\modules\M192\M192.jsx","PAGE","react","False"
"C:\Users\DIYA GOEL\Downloads\EBDESIGN\frontend\src\pages\modules\M192\M192.jsx","PAGE","./M192.css","True"
"C:\Users\DIYA GOEL\Downloads\EBDESIGN\frontend\src\pages\modules\M193\M193.jsx","PAGE","react","False"
"C:\Users\DIYA GOEL\Downloads\EBDESIGN\frontend\src\pages\modules\M193\M193.jsx","PAGE","./M193.css","True"
"C:\Users\DIYA GOEL\Downloads\EBDESIGN\frontend\src\pages\modules\M194\M194.jsx","PAGE","react","False"
"C:\Users\DIYA GOEL\Downloads\EBDESIGN\frontend\src\pages\modules\M194\M194.jsx","PAGE","./M194.css","True"
"C:\Users\DIYA GOEL\Downloads\EBDESIGN\frontend\src\pages\modules\M195\M195.jsx","PAGE","react","False"
"C:\Users\DIYA GOEL\Downloads\EBDESIGN\frontend\src\pages\modules\M195\M195.jsx","PAGE","./M195.css","True"
"C:\Users\DIYA GOEL\Downloads\EBDESIGN\frontend\src\pages\modules\M196\M196.jsx","PAGE","react","False"
"C:\Users\DIYA GOEL\Downloads\EBDESIGN\frontend\src\pages\modules\M196\M196.jsx","PAGE","./M196.css","True"
"C:\Users\DIYA GOEL\Downloads\EBDESIGN\frontend\src\pages\modules\M197\M197.jsx","PAGE","react","False"
"C:\Users\DIYA GOEL\Downloads\EBDESIGN\frontend\src\pages\modules\M197\M197.jsx","PAGE","./M197.css","True"
"C:\Users\DIYA GOEL\Downloads\EBDESIGN\frontend\src\pages\modules\M198\M198.jsx","PAGE","react","False"
"C:\Users\DIYA GOEL\Downloads\EBDESIGN\frontend\src\pages\modules\M198\M198.jsx","PAGE","./M198.css","True"
"C:\Users\DIYA GOEL\Downloads\EBDESIGN\frontend\src\pages\modules\M199\M199.jsx","PAGE","react","False"
"C:\Users\DIYA GOEL\Downloads\EBDESIGN\frontend\src\pages\modules\M199\M199.jsx","PAGE","./M199.css","True"
"C:\Users\DIYA GOEL\Downloads\EBDESIGN\frontend\src\pages\modules\M200\M200.jsx","PAGE","react","False"
"C:\Users\DIYA GOEL\Downloads\EBDESIGN\frontend\src\pages\modules\M200\M200.jsx","PAGE","./M200.css","True"
"C:\Users\DIYA GOEL\Downloads\EBDESIGN\frontend\src\pages\modules\M201\M201.jsx","PAGE","react","False"
"C:\Users\DIYA GOEL\Downloads\EBDESIGN\frontend\src\pages\modules\M201\M201.jsx","PAGE","./M201.css","True"
"C:\Users\DIYA GOEL\Downloads\EBDESIGN\frontend\src\pages\modules\M202\M202.jsx","PAGE","react","False"
"C:\Users\DIYA GOEL\Downloads\EBDESIGN\frontend\src\pages\modules\M202\M202.jsx","PAGE","./M202.css","True"
"C:\Users\DIYA GOEL\Downloads\EBDESIGN\frontend\src\pages\modules\M203\M203.jsx","PAGE","react","False"
"C:\Users\DIYA GOEL\Downloads\EBDESIGN\frontend\src\pages\modules\M203\M203.jsx","PAGE","./M203.css","True"
"C:\Users\DIYA GOEL\Downloads\EBDESIGN\frontend\src\pages\modules\M204\M204.jsx","PAGE","react","False"
"C:\Users\DIYA GOEL\Downloads\EBDESIGN\frontend\src\pages\modules\M204\M204.jsx","PAGE","./M204.css","True"
"C:\Users\DIYA GOEL\Downloads\EBDESIGN\frontend\src\pages\modules\M205\M205.jsx","PAGE","react","False"
"C:\Users\DIYA GOEL\Downloads\EBDESIGN\frontend\src\pages\modules\M205\M205.jsx","PAGE","./M205.css","True"
"C:\Users\DIYA GOEL\Downloads\EBDESIGN\frontend\src\pages\modules\M206\M206.jsx","PAGE","react","False"
"C:\Users\DIYA GOEL\Downloads\EBDESIGN\frontend\src\pages\modules\M206\M206.jsx","PAGE","./M206.css","True"
"C:\Users\DIYA GOEL\Downloads\EBDESIGN\frontend\src\pages\modules\M207\M207.jsx","PAGE","react","False"
"C:\Users\DIYA GOEL\Downloads\EBDESIGN\frontend\src\pages\modules\M207\M207.jsx","PAGE","./M207.css","True"
"C:\Users\DIYA GOEL\Downloads\EBDESIGN\frontend\src\pages\modules\M208\M208.jsx","PAGE","react","False"
"C:\Users\DIYA GOEL\Downloads\EBDESIGN\frontend\src\pages\modules\M208\M208.jsx","PAGE","./M208.css","True"
"C:\Users\DIYA GOEL\Downloads\EBDESIGN\frontend\src\pages\modules\M209\M209.jsx","PAGE","react","False"
"C:\Users\DIYA GOEL\Downloads\EBDESIGN\frontend\src\pages\modules\M209\M209.jsx","PAGE","./M209.css","True"
"C:\Users\DIYA GOEL\Downloads\EBDESIGN\frontend\src\pages\modules\M210\M210.jsx","PAGE","react","False"
"C:\Users\DIYA GOEL\Downloads\EBDESIGN\frontend\src\pages\modules\M210\M210.jsx","PAGE","./M210.css","True"
"C:\Users\DIYA GOEL\Downloads\EBDESIGN\frontend\src\pages\modules\M211\M211.jsx","PAGE","react","False"
"C:\Users\DIYA GOEL\Downloads\EBDESIGN\frontend\src\pages\modules\M211\M211.jsx","PAGE","./M211.css","True"
"C:\Users\DIYA GOEL\Downloads\EBDESIGN\frontend\src\pages\modules\M212\M212.jsx","PAGE","react","False"
"C:\Users\DIYA GOEL\Downloads\EBDESIGN\frontend\src\pages\modules\M212\M212.jsx","PAGE","./M212.css","True"
"C:\Users\DIYA GOEL\Downloads\EBDESIGN\frontend\src\pages\modules\M213\M213.jsx","PAGE","react","False"
"C:\Users\DIYA GOEL\Downloads\EBDESIGN\frontend\src\pages\modules\M213\M213.jsx","PAGE","./M213.css","True"
"C:\Users\DIYA GOEL\Downloads\EBDESIGN\frontend\src\pages\modules\M214\M214.jsx","PAGE","react","False"
"C:\Users\DIYA GOEL\Downloads\EBDESIGN\frontend\src\pages\modules\M214\M214.jsx","PAGE","./M214.css","True"
"C:\Users\DIYA GOEL\Downloads\EBDESIGN\frontend\src\pages\modules\M215\M215.jsx","PAGE","react","False"
"C:\Users\DIYA GOEL\Downloads\EBDESIGN\frontend\src\pages\modules\M215\M215.jsx","PAGE","./M215.css","True"
"C:\Users\DIYA GOEL\Downloads\EBDESIGN\frontend\src\pages\modules\M216\M216.jsx","PAGE","react","False"
"C:\Users\DIYA GOEL\Downloads\EBDESIGN\frontend\src\pages\modules\M216\M216.jsx","PAGE","./M216.css","True"
"C:\Users\DIYA GOEL\Downloads\EBDESIGN\frontend\src\pages\modules\M217\M217.jsx","PAGE","react","False"
"C:\Users\DIYA GOEL\Downloads\EBDESIGN\frontend\src\pages\modules\M217\M217.jsx","PAGE","./M217.css","True"
"C:\Users\DIYA GOEL\Downloads\EBDESIGN\frontend\src\pages\modules\M218\M218.jsx","PAGE","react","False"
"C:\Users\DIYA GOEL\Downloads\EBDESIGN\frontend\src\pages\modules\M218\M218.jsx","PAGE","./M218.css","True"
"C:\Users\DIYA GOEL\Downloads\EBDESIGN\frontend\src\pages\modules\M219\M219.jsx","PAGE","react","False"
"C:\Users\DIYA GOEL\Downloads\EBDESIGN\frontend\src\pages\modules\M219\M219.jsx","PAGE","./M219.css","True"
"C:\Users\DIYA GOEL\Downloads\EBDESIGN\frontend\src\pages\modules\M220\M220.jsx","PAGE","react","False"
"C:\Users\DIYA GOEL\Downloads\EBDESIGN\frontend\src\pages\modules\M220\M220.jsx","PAGE","./M220.css","True"
"C:\Users\DIYA GOEL\Downloads\EBDESIGN\frontend\src\pages\modules\M221\M221.jsx","PAGE","react","False"
"C:\Users\DIYA GOEL\Downloads\EBDESIGN\frontend\src\pages\modules\M221\M221.jsx","PAGE","./M221.css","True"
"C:\Users\DIYA GOEL\Downloads\EBDESIGN\frontend\src\pages\modules\M222\M222.jsx","PAGE","react","False"
"C:\Users\DIYA GOEL\Downloads\EBDESIGN\frontend\src\pages\modules\M222\M222.jsx","PAGE","./M222.css","True"
"C:\Users\DIYA GOEL\Downloads\EBDESIGN\frontend\src\pages\modules\M223\M223.jsx","PAGE","react","False"
"C:\Users\DIYA GOEL\Downloads\EBDESIGN\frontend\src\pages\modules\M223\M223.jsx","PAGE","./M223.css","True"
"C:\Users\DIYA GOEL\Downloads\EBDESIGN\frontend\src\pages\modules\M224\M224.jsx","PAGE","react","False"
"C:\Users\DIYA GOEL\Downloads\EBDESIGN\frontend\src\pages\modules\M224\M224.jsx","PAGE","./M224.css","True"
"C:\Users\DIYA GOEL\Downloads\EBDESIGN\frontend\src\pages\modules\M225\M225.jsx","PAGE","react","False"
"C:\Users\DIYA GOEL\Downloads\EBDESIGN\frontend\src\pages\modules\M225\M225.jsx","PAGE","./M225.css","True"
"C:\Users\DIYA GOEL\Downloads\EBDESIGN\frontend\src\pages\modules\M226\M226.jsx","PAGE","react","False"
"C:\Users\DIYA GOEL\Downloads\EBDESIGN\frontend\src\pages\modules\M226\M226.jsx","PAGE","./M226.css","True"
"C:\Users\DIYA GOEL\Downloads\EBDESIGN\frontend\src\pages\modules\M227\M227.jsx","PAGE","react","False"
"C:\Users\DIYA GOEL\Downloads\EBDESIGN\frontend\src\pages\modules\M227\M227.jsx","PAGE","./M227.css","True"
"C:\Users\DIYA GOEL\Downloads\EBDESIGN\frontend\src\pages\modules\M228\M228.jsx","PAGE","react","False"
"C:\Users\DIYA GOEL\Downloads\EBDESIGN\frontend\src\pages\modules\M228\M228.jsx","PAGE","./M228.css","True"
"C:\Users\DIYA GOEL\Downloads\EBDESIGN\frontend\src\pages\modules\M229\M229.jsx","PAGE","react","False"
"C:\Users\DIYA GOEL\Downloads\EBDESIGN\frontend\src\pages\modules\M229\M229.jsx","PAGE","./M229.css","True"
"C:\Users\DIYA GOEL\Downloads\EBDESIGN\frontend\src\pages\modules\M230\M230.jsx","PAGE","react","False"
"C:\Users\DIYA GOEL\Downloads\EBDESIGN\frontend\src\pages\modules\M230\M230.jsx","PAGE","./M230.css","True"
"C:\Users\DIYA GOEL\Downloads\EBDESIGN\frontend\src\pages\modules\M231\M231.jsx","PAGE","react","False"
"C:\Users\DIYA GOEL\Downloads\EBDESIGN\frontend\src\pages\modules\M231\M231.jsx","PAGE","./M231.css","True"
"C:\Users\DIYA GOEL\Downloads\EBDESIGN\frontend\src\pages\modules\M232\M232.jsx","PAGE","react","False"
"C:\Users\DIYA GOEL\Downloads\EBDESIGN\frontend\src\pages\modules\M232\M232.jsx","PAGE","./M232.css","True"
"C:\Users\DIYA GOEL\Downloads\EBDESIGN\frontend\src\pages\modules\M233\M233.jsx","PAGE","react","False"
"C:\Users\DIYA GOEL\Downloads\EBDESIGN\frontend\src\pages\modules\M233\M233.jsx","PAGE","./M233.css","True"
"C:\Users\DIYA GOEL\Downloads\EBDESIGN\frontend\src\pages\modules\M234\M234.jsx","PAGE","react","False"
"C:\Users\DIYA GOEL\Downloads\EBDESIGN\frontend\src\pages\modules\M234\M234.jsx","PAGE","./M234.css","True"
"C:\Users\DIYA GOEL\Downloads\EBDESIGN\frontend\src\pages\modules\M235\M235.jsx","PAGE","react","False"
"C:\Users\DIYA GOEL\Downloads\EBDESIGN\frontend\src\pages\modules\M235\M235.jsx","PAGE","./M235.css","True"
"C:\Users\DIYA GOEL\Downloads\EBDESIGN\frontend\src\pages\modules\M236\M236.jsx","PAGE","react","False"
"C:\Users\DIYA GOEL\Downloads\EBDESIGN\frontend\src\pages\modules\M236\M236.jsx","PAGE","./M236.css","True"
"C:\Users\DIYA GOEL\Downloads\EBDESIGN\frontend\src\pages\modules\M237\M237.jsx","PAGE","react","False"
"C:\Users\DIYA GOEL\Downloads\EBDESIGN\frontend\src\pages\modules\M237\M237.jsx","PAGE","./M237.css","True"
"C:\Users\DIYA GOEL\Downloads\EBDESIGN\frontend\src\pages\modules\M238\M238.jsx","PAGE","react","False"
"C:\Users\DIYA GOEL\Downloads\EBDESIGN\frontend\src\pages\modules\M238\M238.jsx","PAGE","./M238.css","True"
"C:\Users\DIYA GOEL\Downloads\EBDESIGN\frontend\src\pages\modules\M239\M239.jsx","PAGE","react","False"
"C:\Users\DIYA GOEL\Downloads\EBDESIGN\frontend\src\pages\modules\M239\M239.jsx","PAGE","./M239.css","True"
"C:\Users\DIYA GOEL\Downloads\EBDESIGN\frontend\src\pages\modules\M240\M240.jsx","PAGE","react","False"
"C:\Users\DIYA GOEL\Downloads\EBDESIGN\frontend\src\pages\modules\M240\M240.jsx","PAGE","./M240.css","True"
"C:\Users\DIYA GOEL\Downloads\EBDESIGN\frontend\src\pages\modules\M241\M241.jsx","PAGE","react","False"
"C:\Users\DIYA GOEL\Downloads\EBDESIGN\frontend\src\pages\modules\M241\M241.jsx","PAGE","./M241.css","True"
"C:\Users\DIYA GOEL\Downloads\EBDESIGN\frontend\src\pages\modules\M242\M242.jsx","PAGE","react","False"
"C:\Users\DIYA GOEL\Downloads\EBDESIGN\frontend\src\pages\modules\M242\M242.jsx","PAGE","./M242.css","True"
"C:\Users\DIYA GOEL\Downloads\EBDESIGN\frontend\src\pages\modules\M243\M243.jsx","PAGE","react","False"
"C:\Users\DIYA GOEL\Downloads\EBDESIGN\frontend\src\pages\modules\M243\M243.jsx","PAGE","./M243.css","True"
"C:\Users\DIYA GOEL\Downloads\EBDESIGN\frontend\src\pages\modules\M244\M244.jsx","PAGE","react","False"
"C:\Users\DIYA GOEL\Downloads\EBDESIGN\frontend\src\pages\modules\M244\M244.jsx","PAGE","./M244.css","True"
"C:\Users\DIYA GOEL\Downloads\EBDESIGN\frontend\src\pages\modules\M245\M245.jsx","PAGE","react","False"
"C:\Users\DIYA GOEL\Downloads\EBDESIGN\frontend\src\pages\modules\M245\M245.jsx","PAGE","./M245.css","True"
"C:\Users\DIYA GOEL\Downloads\EBDESIGN\frontend\src\pages\modules\M246\M246.jsx","PAGE","react","False"
"C:\Users\DIYA GOEL\Downloads\EBDESIGN\frontend\src\pages\modules\M246\M246.jsx","PAGE","./M246.css","True"
"C:\Users\DIYA GOEL\Downloads\EBDESIGN\frontend\src\pages\modules\M247\M247.jsx","PAGE","react","False"
"C:\Users\DIYA GOEL\Downloads\EBDESIGN\frontend\src\pages\modules\M247\M247.jsx","PAGE","./M247.css","True"
"C:\Users\DIYA GOEL\Downloads\EBDESIGN\frontend\src\pages\modules\M248\M248.jsx","PAGE","react","False"
"C:\Users\DIYA GOEL\Downloads\EBDESIGN\frontend\src\pages\modules\M248\M248.jsx","PAGE","./M248.css","True"
"C:\Users\DIYA GOEL\Downloads\EBDESIGN\frontend\src\pages\modules\M249\M249.jsx","PAGE","react","False"
"C:\Users\DIYA GOEL\Downloads\EBDESIGN\frontend\src\pages\modules\M249\M249.jsx","PAGE","./M249.css","True"
"C:\Users\DIYA GOEL\Downloads\EBDESIGN\frontend\src\pages\modules\M250\M250.jsx","PAGE","react","False"
"C:\Users\DIYA GOEL\Downloads\EBDESIGN\frontend\src\pages\modules\M250\M250.jsx","PAGE","./M250.css","True"
"C:\Users\DIYA GOEL\Downloads\EBDESIGN\frontend\src\pages\modules\M251\M251.jsx","PAGE","react","False"
"C:\Users\DIYA GOEL\Downloads\EBDESIGN\frontend\src\pages\modules\M251\M251.jsx","PAGE","./M251.css","True"
"C:\Users\DIYA GOEL\Downloads\EBDESIGN\frontend\src\pages\modules\M252\M252.jsx","PAGE","react","False"
"C:\Users\DIYA GOEL\Downloads\EBDESIGN\frontend\src\pages\modules\M252\M252.jsx","PAGE","./M252.css","True"
"C:\Users\DIYA GOEL\Downloads\EBDESIGN\frontend\src\pages\modules\M253\M253.jsx","PAGE","react","False"
"C:\Users\DIYA GOEL\Downloads\EBDESIGN\frontend\src\pages\modules\M253\M253.jsx","PAGE","./M253.css","True"
"C:\Users\DIYA GOEL\Downloads\EBDESIGN\frontend\src\pages\modules\M254\M254.jsx","PAGE","react","False"
"C:\Users\DIYA GOEL\Downloads\EBDESIGN\frontend\src\pages\modules\M254\M254.jsx","PAGE","./M254.css","True"
"C:\Users\DIYA GOEL\Downloads\EBDESIGN\frontend\src\pages\modules\M255\M255.jsx","PAGE","react","False"
"C:\Users\DIYA GOEL\Downloads\EBDESIGN\frontend\src\pages\modules\M255\M255.jsx","PAGE","./M255.css","True"
"C:\Users\DIYA GOEL\Downloads\EBDESIGN\frontend\src\pages\modules\M256\M256.jsx","PAGE","react","False"
"C:\Users\DIYA GOEL\Downloads\EBDESIGN\frontend\src\pages\modules\M256\M256.jsx","PAGE","./M256.css","True"
"C:\Users\DIYA GOEL\Downloads\EBDESIGN\frontend\src\pages\modules\M257\M257.jsx","PAGE","react","False"
"C:\Users\DIYA GOEL\Downloads\EBDESIGN\frontend\src\pages\modules\M257\M257.jsx","PAGE","./M257.css","True"
"C:\Users\DIYA GOEL\Downloads\EBDESIGN\frontend\src\pages\modules\M258\M258.jsx","PAGE","react","False"
"C:\Users\DIYA GOEL\Downloads\EBDESIGN\frontend\src\pages\modules\M258\M258.jsx","PAGE","./M258.css","True"
"C:\Users\DIYA GOEL\Downloads\EBDESIGN\frontend\src\pages\modules\M259\M259.jsx","PAGE","react","False"
"C:\Users\DIYA GOEL\Downloads\EBDESIGN\frontend\src\pages\modules\M259\M259.jsx","PAGE","./M259.css","True"
"C:\Users\DIYA GOEL\Downloads\EBDESIGN\frontend\src\pages\modules\M260\M260.jsx","PAGE","react","False"
"C:\Users\DIYA GOEL\Downloads\EBDESIGN\frontend\src\pages\modules\M260\M260.jsx","PAGE","./M260.css","True"
"C:\Users\DIYA GOEL\Downloads\EBDESIGN\frontend\src\pages\modules\M261\M261.jsx","PAGE","react","False"
"C:\Users\DIYA GOEL\Downloads\EBDESIGN\frontend\src\pages\modules\M261\M261.jsx","PAGE","./M261.css","True"
"C:\Users\DIYA GOEL\Downloads\EBDESIGN\frontend\src\pages\modules\M262\M262.jsx","PAGE","react","False"
"C:\Users\DIYA GOEL\Downloads\EBDESIGN\frontend\src\pages\modules\M262\M262.jsx","PAGE","./M262.css","True"
"C:\Users\DIYA GOEL\Downloads\EBDESIGN\frontend\src\pages\modules\M263\M263.jsx","PAGE","react","False"
"C:\Users\DIYA GOEL\Downloads\EBDESIGN\frontend\src\pages\modules\M263\M263.jsx","PAGE","./M263.css","True"
"C:\Users\DIYA GOEL\Downloads\EBDESIGN\frontend\src\pages\modules\M264\M264.jsx","PAGE","react","False"
"C:\Users\DIYA GOEL\Downloads\EBDESIGN\frontend\src\pages\modules\M264\M264.jsx","PAGE","./M264.css","True"
"C:\Users\DIYA GOEL\Downloads\EBDESIGN\frontend\src\pages\modules\M265\M265.jsx","PAGE","react","False"
"C:\Users\DIYA GOEL\Downloads\EBDESIGN\frontend\src\pages\modules\M265\M265.jsx","PAGE","./M265.css","True"
"C:\Users\DIYA GOEL\Downloads\EBDESIGN\frontend\src\pages\modules\M266\M266.jsx","PAGE","react","False"
"C:\Users\DIYA GOEL\Downloads\EBDESIGN\frontend\src\pages\modules\M266\M266.jsx","PAGE","./M266.css","True"
"C:\Users\DIYA GOEL\Downloads\EBDESIGN\frontend\src\pages\modules\M267\M267.jsx","PAGE","react","False"
"C:\Users\DIYA GOEL\Downloads\EBDESIGN\frontend\src\pages\modules\M267\M267.jsx","PAGE","./M267.css","True"
"C:\Users\DIYA GOEL\Downloads\EBDESIGN\frontend\src\pages\modules\M268\M268.jsx","PAGE","react","False"
"C:\Users\DIYA GOEL\Downloads\EBDESIGN\frontend\src\pages\modules\M268\M268.jsx","PAGE","./M268.css","True"
"C:\Users\DIYA GOEL\Downloads\EBDESIGN\frontend\src\pages\modules\M269\M269.jsx","PAGE","react","False"
"C:\Users\DIYA GOEL\Downloads\EBDESIGN\frontend\src\pages\modules\M269\M269.jsx","PAGE","./M269.css","True"
"C:\Users\DIYA GOEL\Downloads\EBDESIGN\frontend\src\pages\modules\M270\M270.jsx","PAGE","react","False"
"C:\Users\DIYA GOEL\Downloads\EBDESIGN\frontend\src\pages\modules\M270\M270.jsx","PAGE","./M270.css","True"
"C:\Users\DIYA GOEL\Downloads\EBDESIGN\frontend\src\pages\modules\M271\M271.jsx","PAGE","react","False"
"C:\Users\DIYA GOEL\Downloads\EBDESIGN\frontend\src\pages\modules\M271\M271.jsx","PAGE","./M271.css","True"
"C:\Users\DIYA GOEL\Downloads\EBDESIGN\frontend\src\pages\modules\M272\M272.jsx","PAGE","react","False"
"C:\Users\DIYA GOEL\Downloads\EBDESIGN\frontend\src\pages\modules\M272\M272.jsx","PAGE","./M272.css","True"
"C:\Users\DIYA GOEL\Downloads\EBDESIGN\frontend\src\pages\modules\M273\M273.jsx","PAGE","react","False"
"C:\Users\DIYA GOEL\Downloads\EBDESIGN\frontend\src\pages\modules\M273\M273.jsx","PAGE","./M273.css","True"
"C:\Users\DIYA GOEL\Downloads\EBDESIGN\frontend\src\pages\modules\M274\M274.jsx","PAGE","react","False"
"C:\Users\DIYA GOEL\Downloads\EBDESIGN\frontend\src\pages\modules\M274\M274.jsx","PAGE","./M274.css","True"
"C:\Users\DIYA GOEL\Downloads\EBDESIGN\frontend\src\pages\modules\M275\M275.jsx","PAGE","react","False"
"C:\Users\DIYA GOEL\Downloads\EBDESIGN\frontend\src\pages\modules\M275\M275.jsx","PAGE","./M275.css","True"
"C:\Users\DIYA GOEL\Downloads\EBDESIGN\frontend\src\pages\modules\M276\M276.jsx","PAGE","react","False"
"C:\Users\DIYA GOEL\Downloads\EBDESIGN\frontend\src\pages\modules\M276\M276.jsx","PAGE","./M276.css","True"
"C:\Users\DIYA GOEL\Downloads\EBDESIGN\frontend\src\pages\modules\M277\M277.jsx","PAGE","react","False"
"C:\Users\DIYA GOEL\Downloads\EBDESIGN\frontend\src\pages\modules\M277\M277.jsx","PAGE","./M277.css","True"
"C:\Users\DIYA GOEL\Downloads\EBDESIGN\frontend\src\pages\modules\M278\M278.jsx","PAGE","react","False"
"C:\Users\DIYA GOEL\Downloads\EBDESIGN\frontend\src\pages\modules\M278\M278.jsx","PAGE","./M278.css","True"
"C:\Users\DIYA GOEL\Downloads\EBDESIGN\frontend\src\pages\modules\M279\M279.jsx","PAGE","react","False"
"C:\Users\DIYA GOEL\Downloads\EBDESIGN\frontend\src\pages\modules\M279\M279.jsx","PAGE","./M279.css","True"
"C:\Users\DIYA GOEL\Downloads\EBDESIGN\frontend\src\pages\modules\M280\M280.jsx","PAGE","react","False"
"C:\Users\DIYA GOEL\Downloads\EBDESIGN\frontend\src\pages\modules\M280\M280.jsx","PAGE","./M280.css","True"
"C:\Users\DIYA GOEL\Downloads\EBDESIGN\frontend\src\pages\modules\M281\M281.jsx","PAGE","react","False"
"C:\Users\DIYA GOEL\Downloads\EBDESIGN\frontend\src\pages\modules\M281\M281.jsx","PAGE","./M281.css","True"
"C:\Users\DIYA GOEL\Downloads\EBDESIGN\frontend\src\pages\modules\M282\M282.jsx","PAGE","react","False"
"C:\Users\DIYA GOEL\Downloads\EBDESIGN\frontend\src\pages\modules\M282\M282.jsx","PAGE","./M282.css","True"
"C:\Users\DIYA GOEL\Downloads\EBDESIGN\frontend\src\pages\modules\M283\M283.jsx","PAGE","react","False"
"C:\Users\DIYA GOEL\Downloads\EBDESIGN\frontend\src\pages\modules\M283\M283.jsx","PAGE","./M283.css","True"
"C:\Users\DIYA GOEL\Downloads\EBDESIGN\frontend\src\pages\modules\M284\M284.jsx","PAGE","react","False"
"C:\Users\DIYA GOEL\Downloads\EBDESIGN\frontend\src\pages\modules\M284\M284.jsx","PAGE","./M284.css","True"
"C:\Users\DIYA GOEL\Downloads\EBDESIGN\frontend\src\pages\modules\M285\M285.jsx","PAGE","react","False"
"C:\Users\DIYA GOEL\Downloads\EBDESIGN\frontend\src\pages\modules\M285\M285.jsx","PAGE","./M285.css","True"
"C:\Users\DIYA GOEL\Downloads\EBDESIGN\frontend\src\pages\modules\M286\M286.jsx","PAGE","react","False"
"C:\Users\DIYA GOEL\Downloads\EBDESIGN\frontend\src\pages\modules\M286\M286.jsx","PAGE","./M286.css","True"
"C:\Users\DIYA GOEL\Downloads\EBDESIGN\frontend\src\pages\modules\M287\M287.jsx","PAGE","react","False"
"C:\Users\DIYA GOEL\Downloads\EBDESIGN\frontend\src\pages\modules\M287\M287.jsx","PAGE","./M287.css","True"
"C:\Users\DIYA GOEL\Downloads\EBDESIGN\frontend\src\pages\modules\M288\M288.jsx","PAGE","react","False"
"C:\Users\DIYA GOEL\Downloads\EBDESIGN\frontend\src\pages\modules\M288\M288.jsx","PAGE","./M288.css","True"
"C:\Users\DIYA GOEL\Downloads\EBDESIGN\frontend\src\pages\modules\M289\M289.jsx","PAGE","react","False"
"C:\Users\DIYA GOEL\Downloads\EBDESIGN\frontend\src\pages\modules\M289\M289.jsx","PAGE","./M289.css","True"
"C:\Users\DIYA GOEL\Downloads\EBDESIGN\frontend\src\pages\modules\M290\M290.jsx","PAGE","react","False"
"C:\Users\DIYA GOEL\Downloads\EBDESIGN\frontend\src\pages\modules\M290\M290.jsx","PAGE","./M290.css","True"
"C:\Users\DIYA GOEL\Downloads\EBDESIGN\frontend\src\pages\modules\M291\M291.jsx","PAGE","react","False"
"C:\Users\DIYA GOEL\Downloads\EBDESIGN\frontend\src\pages\modules\M291\M291.jsx","PAGE","./M291.css","True"
"C:\Users\DIYA GOEL\Downloads\EBDESIGN\frontend\src\pages\modules\M292\M292.jsx","PAGE","react","False"
"C:\Users\DIYA GOEL\Downloads\EBDESIGN\frontend\src\pages\modules\M292\M292.jsx","PAGE","./M292.css","True"
"C:\Users\DIYA GOEL\Downloads\EBDESIGN\frontend\src\pages\modules\M293\M293.jsx","PAGE","react","False"
"C:\Users\DIYA GOEL\Downloads\EBDESIGN\frontend\src\pages\modules\M293\M293.jsx","PAGE","./M293.css","True"
"C:\Users\DIYA GOEL\Downloads\EBDESIGN\frontend\src\pages\modules\M294\M294.jsx","PAGE","react","False"
"C:\Users\DIYA GOEL\Downloads\EBDESIGN\frontend\src\pages\modules\M294\M294.jsx","PAGE","./M294.css","True"
"C:\Users\DIYA GOEL\Downloads\EBDESIGN\frontend\src\pages\modules\M295\M295.jsx","PAGE","react","False"
"C:\Users\DIYA GOEL\Downloads\EBDESIGN\frontend\src\pages\modules\M295\M295.jsx","PAGE","./M295.css","True"
"C:\Users\DIYA GOEL\Downloads\EBDESIGN\frontend\src\pages\modules\M296\M296.jsx","PAGE","react","False"
"C:\Users\DIYA GOEL\Downloads\EBDESIGN\frontend\src\pages\modules\M296\M296.jsx","PAGE","./M296.css","True"
"C:\Users\DIYA GOEL\Downloads\EBDESIGN\frontend\src\pages\modules\M297\M297.jsx","PAGE","react","False"
"C:\Users\DIYA GOEL\Downloads\EBDESIGN\frontend\src\pages\modules\M297\M297.jsx","PAGE","./M297.css","True"
"C:\Users\DIYA GOEL\Downloads\EBDESIGN\frontend\src\pages\modules\M298\M298.jsx","PAGE","react","False"
"C:\Users\DIYA GOEL\Downloads\EBDESIGN\frontend\src\pages\modules\M298\M298.jsx","PAGE","./M298.css","True"
"C:\Users\DIYA GOEL\Downloads\EBDESIGN\frontend\src\pages\modules\M299\M299.jsx","PAGE","react","False"
"C:\Users\DIYA GOEL\Downloads\EBDESIGN\frontend\src\pages\modules\M299\M299.jsx","PAGE","./M299.css","True"
"C:\Users\DIYA GOEL\Downloads\EBDESIGN\frontend\src\pages\modules\M300\M300.jsx","PAGE","react","False"
"C:\Users\DIYA GOEL\Downloads\EBDESIGN\frontend\src\pages\modules\M300\M300.jsx","PAGE","./M300.css","True"
"C:\Users\DIYA GOEL\Downloads\EBDESIGN\frontend\src\pages\modules\M301\M301.jsx","PAGE","react","False"
"C:\Users\DIYA GOEL\Downloads\EBDESIGN\frontend\src\pages\modules\M301\M301.jsx","PAGE","./M301.css","True"
"C:\Users\DIYA GOEL\Downloads\EBDESIGN\frontend\src\pages\modules\M302\M302.jsx","PAGE","react","False"
"C:\Users\DIYA GOEL\Downloads\EBDESIGN\frontend\src\pages\modules\M302\M302.jsx","PAGE","./M302.css","True"
"C:\Users\DIYA GOEL\Downloads\EBDESIGN\frontend\src\pages\modules\M303\M303.jsx","PAGE","react","False"
"C:\Users\DIYA GOEL\Downloads\EBDESIGN\frontend\src\pages\modules\M303\M303.jsx","PAGE","./M303.css","True"
"C:\Users\DIYA GOEL\Downloads\EBDESIGN\frontend\src\pages\modules\M304\M304.jsx","PAGE","react","False"
"C:\Users\DIYA GOEL\Downloads\EBDESIGN\frontend\src\pages\modules\M304\M304.jsx","PAGE","./M304.css","True"
"C:\Users\DIYA GOEL\Downloads\EBDESIGN\frontend\src\pages\modules\M305\M305.jsx","PAGE","react","False"
"C:\Users\DIYA GOEL\Downloads\EBDESIGN\frontend\src\pages\modules\M305\M305.jsx","PAGE","./M305.css","True"
"C:\Users\DIYA GOEL\Downloads\EBDESIGN\frontend\src\pages\modules\M306\M306.jsx","PAGE","react","False"
"C:\Users\DIYA GOEL\Downloads\EBDESIGN\frontend\src\pages\modules\M306\M306.jsx","PAGE","./M306.css","True"
"C:\Users\DIYA GOEL\Downloads\EBDESIGN\frontend\src\pages\modules\M307\M307.jsx","PAGE","react","False"
"C:\Users\DIYA GOEL\Downloads\EBDESIGN\frontend\src\pages\modules\M307\M307.jsx","PAGE","./M307.css","True"
"C:\Users\DIYA GOEL\Downloads\EBDESIGN\frontend\src\pages\modules\M308\M308.jsx","PAGE","react","False"
"C:\Users\DIYA GOEL\Downloads\EBDESIGN\frontend\src\pages\modules\M308\M308.jsx","PAGE","./M308.css","True"
"C:\Users\DIYA GOEL\Downloads\EBDESIGN\frontend\src\pages\modules\M309\M309.jsx","PAGE","react","False"
"C:\Users\DIYA GOEL\Downloads\EBDESIGN\frontend\src\pages\modules\M309\M309.jsx","PAGE","./M309.css","True"
"C:\Users\DIYA GOEL\Downloads\EBDESIGN\frontend\src\pages\modules\M31\M31.jsx","PAGE","react","False"
"C:\Users\DIYA GOEL\Downloads\EBDESIGN\frontend\src\pages\modules\M31\M31.jsx","PAGE","./M31.css","True"
"C:\Users\DIYA GOEL\Downloads\EBDESIGN\frontend\src\pages\modules\M310\M310.jsx","PAGE","react","False"
"C:\Users\DIYA GOEL\Downloads\EBDESIGN\frontend\src\pages\modules\M310\M310.jsx","PAGE","./M310.css","True"
"C:\Users\DIYA GOEL\Downloads\EBDESIGN\frontend\src\pages\modules\M311\M311.jsx","PAGE","react","False"
"C:\Users\DIYA GOEL\Downloads\EBDESIGN\frontend\src\pages\modules\M311\M311.jsx","PAGE","./M311.css","True"
"C:\Users\DIYA GOEL\Downloads\EBDESIGN\frontend\src\pages\modules\M312\M312.jsx","PAGE","react","False"
"C:\Users\DIYA GOEL\Downloads\EBDESIGN\frontend\src\pages\modules\M312\M312.jsx","PAGE","./M312.css","True"
"C:\Users\DIYA GOEL\Downloads\EBDESIGN\frontend\src\pages\modules\M313\M313.jsx","PAGE","react","False"
"C:\Users\DIYA GOEL\Downloads\EBDESIGN\frontend\src\pages\modules\M313\M313.jsx","PAGE","./M313.css","True"
"C:\Users\DIYA GOEL\Downloads\EBDESIGN\frontend\src\pages\modules\M314\M314.jsx","PAGE","react","False"
"C:\Users\DIYA GOEL\Downloads\EBDESIGN\frontend\src\pages\modules\M314\M314.jsx","PAGE","./M314.css","True"
"C:\Users\DIYA GOEL\Downloads\EBDESIGN\frontend\src\pages\modules\M315\M315.jsx","PAGE","react","False"
"C:\Users\DIYA GOEL\Downloads\EBDESIGN\frontend\src\pages\modules\M315\M315.jsx","PAGE","./M315.css","True"
"C:\Users\DIYA GOEL\Downloads\EBDESIGN\frontend\src\pages\modules\M316\M316.jsx","PAGE","react","False"
"C:\Users\DIYA GOEL\Downloads\EBDESIGN\frontend\src\pages\modules\M316\M316.jsx","PAGE","./M316.css","True"
"C:\Users\DIYA GOEL\Downloads\EBDESIGN\frontend\src\pages\modules\M317\M317.jsx","PAGE","react","False"
"C:\Users\DIYA GOEL\Downloads\EBDESIGN\frontend\src\pages\modules\M317\M317.jsx","PAGE","./M317.css","True"
"C:\Users\DIYA GOEL\Downloads\EBDESIGN\frontend\src\pages\modules\M318\M318.jsx","PAGE","react","False"
"C:\Users\DIYA GOEL\Downloads\EBDESIGN\frontend\src\pages\modules\M318\M318.jsx","PAGE","./M318.css","True"
"C:\Users\DIYA GOEL\Downloads\EBDESIGN\frontend\src\pages\modules\M319\M319.jsx","PAGE","react","False"
"C:\Users\DIYA GOEL\Downloads\EBDESIGN\frontend\src\pages\modules\M319\M319.jsx","PAGE","./M319.css","True"
"C:\Users\DIYA GOEL\Downloads\EBDESIGN\frontend\src\pages\modules\M32\M32.jsx","PAGE","react","False"
"C:\Users\DIYA GOEL\Downloads\EBDESIGN\frontend\src\pages\modules\M32\M32.jsx","PAGE","./M32.css","True"
"C:\Users\DIYA GOEL\Downloads\EBDESIGN\frontend\src\pages\modules\M320\M320.jsx","PAGE","react","False"
"C:\Users\DIYA GOEL\Downloads\EBDESIGN\frontend\src\pages\modules\M320\M320.jsx","PAGE","./M320.css","True"
"C:\Users\DIYA GOEL\Downloads\EBDESIGN\frontend\src\pages\modules\M321\M321.jsx","PAGE","react","False"
"C:\Users\DIYA GOEL\Downloads\EBDESIGN\frontend\src\pages\modules\M321\M321.jsx","PAGE","./M321.css","True"
"C:\Users\DIYA GOEL\Downloads\EBDESIGN\frontend\src\pages\modules\M322\M322.jsx","PAGE","react","False"
"C:\Users\DIYA GOEL\Downloads\EBDESIGN\frontend\src\pages\modules\M322\M322.jsx","PAGE","./M322.css","True"
"C:\Users\DIYA GOEL\Downloads\EBDESIGN\frontend\src\pages\modules\M323\M323.jsx","PAGE","react","False"
"C:\Users\DIYA GOEL\Downloads\EBDESIGN\frontend\src\pages\modules\M323\M323.jsx","PAGE","./M323.css","True"
"C:\Users\DIYA GOEL\Downloads\EBDESIGN\frontend\src\pages\modules\M324\M324.jsx","PAGE","react","False"
"C:\Users\DIYA GOEL\Downloads\EBDESIGN\frontend\src\pages\modules\M324\M324.jsx","PAGE","./M324.css","True"
"C:\Users\DIYA GOEL\Downloads\EBDESIGN\frontend\src\pages\modules\M325\M325.jsx","PAGE","react","False"
"C:\Users\DIYA GOEL\Downloads\EBDESIGN\frontend\src\pages\modules\M325\M325.jsx","PAGE","./M325.css","True"
"C:\Users\DIYA GOEL\Downloads\EBDESIGN\frontend\src\pages\modules\M326\M326.jsx","PAGE","react","False"
"C:\Users\DIYA GOEL\Downloads\EBDESIGN\frontend\src\pages\modules\M326\M326.jsx","PAGE","./M326.css","True"
"C:\Users\DIYA GOEL\Downloads\EBDESIGN\frontend\src\pages\modules\M327\M327.jsx","PAGE","react","False"
"C:\Users\DIYA GOEL\Downloads\EBDESIGN\frontend\src\pages\modules\M327\M327.jsx","PAGE","./M327.css","True"
"C:\Users\DIYA GOEL\Downloads\EBDESIGN\frontend\src\pages\modules\M328\M328.jsx","PAGE","react","False"
"C:\Users\DIYA GOEL\Downloads\EBDESIGN\frontend\src\pages\modules\M328\M328.jsx","PAGE","./M328.css","True"
"C:\Users\DIYA GOEL\Downloads\EBDESIGN\frontend\src\pages\modules\M329\M329.jsx","PAGE","react","False"
"C:\Users\DIYA GOEL\Downloads\EBDESIGN\frontend\src\pages\modules\M329\M329.jsx","PAGE","./M329.css","True"
"C:\Users\DIYA GOEL\Downloads\EBDESIGN\frontend\src\pages\modules\M33\M33.jsx","PAGE","react","False"
"C:\Users\DIYA GOEL\Downloads\EBDESIGN\frontend\src\pages\modules\M33\M33.jsx","PAGE","./M33.css","True"
"C:\Users\DIYA GOEL\Downloads\EBDESIGN\frontend\src\pages\modules\M330\M330.jsx","PAGE","react","False"
"C:\Users\DIYA GOEL\Downloads\EBDESIGN\frontend\src\pages\modules\M330\M330.jsx","PAGE","./M330.css","True"
"C:\Users\DIYA GOEL\Downloads\EBDESIGN\frontend\src\pages\modules\M331\M331.jsx","PAGE","react","False"
"C:\Users\DIYA GOEL\Downloads\EBDESIGN\frontend\src\pages\modules\M331\M331.jsx","PAGE","./M331.css","True"
"C:\Users\DIYA GOEL\Downloads\EBDESIGN\frontend\src\pages\modules\M332\M332.jsx","PAGE","react","False"
"C:\Users\DIYA GOEL\Downloads\EBDESIGN\frontend\src\pages\modules\M332\M332.jsx","PAGE","./M332.css","True"
"C:\Users\DIYA GOEL\Downloads\EBDESIGN\frontend\src\pages\modules\M333\M333.jsx","PAGE","react","False"
"C:\Users\DIYA GOEL\Downloads\EBDESIGN\frontend\src\pages\modules\M333\M333.jsx","PAGE","./M333.css","True"
"C:\Users\DIYA GOEL\Downloads\EBDESIGN\frontend\src\pages\modules\M334\M334.jsx","PAGE","react","False"
"C:\Users\DIYA GOEL\Downloads\EBDESIGN\frontend\src\pages\modules\M334\M334.jsx","PAGE","./M334.css","True"
"C:\Users\DIYA GOEL\Downloads\EBDESIGN\frontend\src\pages\modules\M335\M335.jsx","PAGE","react","False"
"C:\Users\DIYA GOEL\Downloads\EBDESIGN\frontend\src\pages\modules\M335\M335.jsx","PAGE","./M335.css","True"
"C:\Users\DIYA GOEL\Downloads\EBDESIGN\frontend\src\pages\modules\M336\M336.jsx","PAGE","react","False"
"C:\Users\DIYA GOEL\Downloads\EBDESIGN\frontend\src\pages\modules\M336\M336.jsx","PAGE","./M336.css","True"
"C:\Users\DIYA GOEL\Downloads\EBDESIGN\frontend\src\pages\modules\M337\M337.jsx","PAGE","react","False"
"C:\Users\DIYA GOEL\Downloads\EBDESIGN\frontend\src\pages\modules\M337\M337.jsx","PAGE","./M337.css","True"
"C:\Users\DIYA GOEL\Downloads\EBDESIGN\frontend\src\pages\modules\M338\M338.jsx","PAGE","react","False"
"C:\Users\DIYA GOEL\Downloads\EBDESIGN\frontend\src\pages\modules\M338\M338.jsx","PAGE","./M338.css","True"
"C:\Users\DIYA GOEL\Downloads\EBDESIGN\frontend\src\pages\modules\M339\M339.jsx","PAGE","react","False"
"C:\Users\DIYA GOEL\Downloads\EBDESIGN\frontend\src\pages\modules\M339\M339.jsx","PAGE","./M339.css","True"
"C:\Users\DIYA GOEL\Downloads\EBDESIGN\frontend\src\pages\modules\M34\M34.jsx","PAGE","react","False"
"C:\Users\DIYA GOEL\Downloads\EBDESIGN\frontend\src\pages\modules\M34\M34.jsx","PAGE","./M34.css","True"
"C:\Users\DIYA GOEL\Downloads\EBDESIGN\frontend\src\pages\modules\M340\M340.jsx","PAGE","react","False"
"C:\Users\DIYA GOEL\Downloads\EBDESIGN\frontend\src\pages\modules\M340\M340.jsx","PAGE","./M340.css","True"
"C:\Users\DIYA GOEL\Downloads\EBDESIGN\frontend\src\pages\modules\M341\M341.jsx","PAGE","react","False"
"C:\Users\DIYA GOEL\Downloads\EBDESIGN\frontend\src\pages\modules\M341\M341.jsx","PAGE","./M341.css","True"
"C:\Users\DIYA GOEL\Downloads\EBDESIGN\frontend\src\pages\modules\M342\M342.jsx","PAGE","react","False"
"C:\Users\DIYA GOEL\Downloads\EBDESIGN\frontend\src\pages\modules\M342\M342.jsx","PAGE","./M342.css","True"
"C:\Users\DIYA GOEL\Downloads\EBDESIGN\frontend\src\pages\modules\M343\M343.jsx","PAGE","react","False"
"C:\Users\DIYA GOEL\Downloads\EBDESIGN\frontend\src\pages\modules\M343\M343.jsx","PAGE","./M343.css","True"
"C:\Users\DIYA GOEL\Downloads\EBDESIGN\frontend\src\pages\modules\M344\M344.jsx","PAGE","react","False"
"C:\Users\DIYA GOEL\Downloads\EBDESIGN\frontend\src\pages\modules\M344\M344.jsx","PAGE","./M344.css","True"
"C:\Users\DIYA GOEL\Downloads\EBDESIGN\frontend\src\pages\modules\M35\M35.jsx","PAGE","react","False"
"C:\Users\DIYA GOEL\Downloads\EBDESIGN\frontend\src\pages\modules\M35\M35.jsx","PAGE","./M35.css","True"
"C:\Users\DIYA GOEL\Downloads\EBDESIGN\frontend\src\pages\modules\M36\M36.jsx","PAGE","react","False"
"C:\Users\DIYA GOEL\Downloads\EBDESIGN\frontend\src\pages\modules\M36\M36.jsx","PAGE","./M36.css","True"
"C:\Users\DIYA GOEL\Downloads\EBDESIGN\frontend\src\pages\modules\M37\M37.jsx","PAGE","react","False"
"C:\Users\DIYA GOEL\Downloads\EBDESIGN\frontend\src\pages\modules\M37\M37.jsx","PAGE","./M37.css","True"
"C:\Users\DIYA GOEL\Downloads\EBDESIGN\frontend\src\pages\modules\M38\M38.jsx","PAGE","react","False"
"C:\Users\DIYA GOEL\Downloads\EBDESIGN\frontend\src\pages\modules\M38\M38.jsx","PAGE","./M38.css","True"
"C:\Users\DIYA GOEL\Downloads\EBDESIGN\frontend\src\pages\modules\M39\M39.jsx","PAGE","react","False"
"C:\Users\DIYA GOEL\Downloads\EBDESIGN\frontend\src\pages\modules\M39\M39.jsx","PAGE","./M39.css","True"
"C:\Users\DIYA GOEL\Downloads\EBDESIGN\frontend\src\pages\modules\M40\M40.jsx","PAGE","react","False"
"C:\Users\DIYA GOEL\Downloads\EBDESIGN\frontend\src\pages\modules\M40\M40.jsx","PAGE","./M40.css","True"
"C:\Users\DIYA GOEL\Downloads\EBDESIGN\frontend\src\pages\modules\M41\M41.jsx","PAGE","react","False"
"C:\Users\DIYA GOEL\Downloads\EBDESIGN\frontend\src\pages\modules\M41\M41.jsx","PAGE","./M41.css","True"
"C:\Users\DIYA GOEL\Downloads\EBDESIGN\frontend\src\pages\modules\M42\M42.jsx","PAGE","react","False"
"C:\Users\DIYA GOEL\Downloads\EBDESIGN\frontend\src\pages\modules\M42\M42.jsx","PAGE","./M42.css","True"
"C:\Users\DIYA GOEL\Downloads\EBDESIGN\frontend\src\pages\modules\M43\M43.jsx","PAGE","react","False"
"C:\Users\DIYA GOEL\Downloads\EBDESIGN\frontend\src\pages\modules\M43\M43.jsx","PAGE","./M43.css","True"
"C:\Users\DIYA GOEL\Downloads\EBDESIGN\frontend\src\pages\modules\M44\M44.jsx","PAGE","react","False"
"C:\Users\DIYA GOEL\Downloads\EBDESIGN\frontend\src\pages\modules\M44\M44.jsx","PAGE","./M44.css","True"
"C:\Users\DIYA GOEL\Downloads\EBDESIGN\frontend\src\pages\modules\M45\M45.jsx","PAGE","react","False"
"C:\Users\DIYA GOEL\Downloads\EBDESIGN\frontend\src\pages\modules\M45\M45.jsx","PAGE","./M45.css","True"
"C:\Users\DIYA GOEL\Downloads\EBDESIGN\frontend\src\pages\modules\M46\M46.jsx","PAGE","react","False"
"C:\Users\DIYA GOEL\Downloads\EBDESIGN\frontend\src\pages\modules\M46\M46.jsx","PAGE","./M46.css","True"
"C:\Users\DIYA GOEL\Downloads\EBDESIGN\frontend\src\pages\modules\M47\M47.jsx","PAGE","react","False"
"C:\Users\DIYA GOEL\Downloads\EBDESIGN\frontend\src\pages\modules\M47\M47.jsx","PAGE","./M47.css","True"
"C:\Users\DIYA GOEL\Downloads\EBDESIGN\frontend\src\pages\modules\M48\M48.jsx","PAGE","react","False"
"C:\Users\DIYA GOEL\Downloads\EBDESIGN\frontend\src\pages\modules\M48\M48.jsx","PAGE","./M48.css","True"
"C:\Users\DIYA GOEL\Downloads\EBDESIGN\frontend\src\pages\modules\M49\M49.jsx","PAGE","react","False"
"C:\Users\DIYA GOEL\Downloads\EBDESIGN\frontend\src\pages\modules\M49\M49.jsx","PAGE","./M49.css","True"
"C:\Users\DIYA GOEL\Downloads\EBDESIGN\frontend\src\pages\modules\M50\M50.jsx","PAGE","react","False"
"C:\Users\DIYA GOEL\Downloads\EBDESIGN\frontend\src\pages\modules\M50\M50.jsx","PAGE","./M50.css","True"
"C:\Users\DIYA GOEL\Downloads\EBDESIGN\frontend\src\pages\modules\M51\M51.jsx","PAGE","react","False"
"C:\Users\DIYA GOEL\Downloads\EBDESIGN\frontend\src\pages\modules\M51\M51.jsx","PAGE","./M51.css","True"
"C:\Users\DIYA GOEL\Downloads\EBDESIGN\frontend\src\pages\modules\M52\M52.jsx","PAGE","react","False"
"C:\Users\DIYA GOEL\Downloads\EBDESIGN\frontend\src\pages\modules\M52\M52.jsx","PAGE","./M52.css","True"
"C:\Users\DIYA GOEL\Downloads\EBDESIGN\frontend\src\pages\modules\M53\M53.jsx","PAGE","react","False"
"C:\Users\DIYA GOEL\Downloads\EBDESIGN\frontend\src\pages\modules\M53\M53.jsx","PAGE","./M53.css","True"
"C:\Users\DIYA GOEL\Downloads\EBDESIGN\frontend\src\pages\modules\M54\M54.jsx","PAGE","react","False"
"C:\Users\DIYA GOEL\Downloads\EBDESIGN\frontend\src\pages\modules\M54\M54.jsx","PAGE","./M54.css","True"
"C:\Users\DIYA GOEL\Downloads\EBDESIGN\frontend\src\pages\modules\M55\M55.jsx","PAGE","react","False"
"C:\Users\DIYA GOEL\Downloads\EBDESIGN\frontend\src\pages\modules\M55\M55.jsx","PAGE","./M55.css","True"
"C:\Users\DIYA GOEL\Downloads\EBDESIGN\frontend\src\pages\modules\M56\M56.jsx","PAGE","react","False"
"C:\Users\DIYA GOEL\Downloads\EBDESIGN\frontend\src\pages\modules\M56\M56.jsx","PAGE","./M56.css","True"
"C:\Users\DIYA GOEL\Downloads\EBDESIGN\frontend\src\pages\modules\M57\M57.jsx","PAGE","react","False"
"C:\Users\DIYA GOEL\Downloads\EBDESIGN\frontend\src\pages\modules\M57\M57.jsx","PAGE","./M57.css","True"
"C:\Users\DIYA GOEL\Downloads\EBDESIGN\frontend\src\pages\modules\M58\M58.jsx","PAGE","react","False"
"C:\Users\DIYA GOEL\Downloads\EBDESIGN\frontend\src\pages\modules\M58\M58.jsx","PAGE","./M58.css","True"
"C:\Users\DIYA GOEL\Downloads\EBDESIGN\frontend\src\pages\modules\M59\M59.jsx","PAGE","react","False"
"C:\Users\DIYA GOEL\Downloads\EBDESIGN\frontend\src\pages\modules\M59\M59.jsx","PAGE","./M59.css","True"
"C:\Users\DIYA GOEL\Downloads\EBDESIGN\frontend\src\pages\modules\M60\M60.jsx","PAGE","react","False"
"C:\Users\DIYA GOEL\Downloads\EBDESIGN\frontend\src\pages\modules\M60\M60.jsx","PAGE","./M60.css","True"
"C:\Users\DIYA GOEL\Downloads\EBDESIGN\frontend\src\pages\modules\M61\M61.jsx","PAGE","react","False"
"C:\Users\DIYA GOEL\Downloads\EBDESIGN\frontend\src\pages\modules\M61\M61.jsx","PAGE","./M61.css","True"
"C:\Users\DIYA GOEL\Downloads\EBDESIGN\frontend\src\pages\modules\M62\M62.jsx","PAGE","react","False"
"C:\Users\DIYA GOEL\Downloads\EBDESIGN\frontend\src\pages\modules\M62\M62.jsx","PAGE","./M62.css","True"
"C:\Users\DIYA GOEL\Downloads\EBDESIGN\frontend\src\pages\modules\M63\M63.jsx","PAGE","react","False"
"C:\Users\DIYA GOEL\Downloads\EBDESIGN\frontend\src\pages\modules\M63\M63.jsx","PAGE","./M63.css","True"
"C:\Users\DIYA GOEL\Downloads\EBDESIGN\frontend\src\pages\modules\M64\M64.jsx","PAGE","react","False"
"C:\Users\DIYA GOEL\Downloads\EBDESIGN\frontend\src\pages\modules\M64\M64.jsx","PAGE","./M64.css","True"
"C:\Users\DIYA GOEL\Downloads\EBDESIGN\frontend\src\pages\modules\M65\M65.jsx","PAGE","react","False"
"C:\Users\DIYA GOEL\Downloads\EBDESIGN\frontend\src\pages\modules\M65\M65.jsx","PAGE","./M65.css","True"
"C:\Users\DIYA GOEL\Downloads\EBDESIGN\frontend\src\pages\modules\M66\M66.jsx","PAGE","react","False"
"C:\Users\DIYA GOEL\Downloads\EBDESIGN\frontend\src\pages\modules\M66\M66.jsx","PAGE","./M66.css","True"
"C:\Users\DIYA GOEL\Downloads\EBDESIGN\frontend\src\pages\modules\M67\M67.jsx","PAGE","react","False"
"C:\Users\DIYA GOEL\Downloads\EBDESIGN\frontend\src\pages\modules\M67\M67.jsx","PAGE","./M67.css","True"
"C:\Users\DIYA GOEL\Downloads\EBDESIGN\frontend\src\pages\modules\M68\M68.jsx","PAGE","react","False"
"C:\Users\DIYA GOEL\Downloads\EBDESIGN\frontend\src\pages\modules\M68\M68.jsx","PAGE","./M68.css","True"
"C:\Users\DIYA GOEL\Downloads\EBDESIGN\frontend\src\pages\modules\M69\M69.jsx","PAGE","react","False"
"C:\Users\DIYA GOEL\Downloads\EBDESIGN\frontend\src\pages\modules\M69\M69.jsx","PAGE","./M69.css","True"
"C:\Users\DIYA GOEL\Downloads\EBDESIGN\frontend\src\pages\modules\M70\M70.jsx","PAGE","react","False"
"C:\Users\DIYA GOEL\Downloads\EBDESIGN\frontend\src\pages\modules\M70\M70.jsx","PAGE","./M70.css","True"
"C:\Users\DIYA GOEL\Downloads\EBDESIGN\frontend\src\pages\modules\M71\M71.jsx","PAGE","react","False"
"C:\Users\DIYA GOEL\Downloads\EBDESIGN\frontend\src\pages\modules\M71\M71.jsx","PAGE","./M71.css","True"
"C:\Users\DIYA GOEL\Downloads\EBDESIGN\frontend\src\pages\modules\M72\M72.jsx","PAGE","react","False"
"C:\Users\DIYA GOEL\Downloads\EBDESIGN\frontend\src\pages\modules\M72\M72.jsx","PAGE","./M72.css","True"
"C:\Users\DIYA GOEL\Downloads\EBDESIGN\frontend\src\pages\modules\M73\M73.jsx","PAGE","react","False"
"C:\Users\DIYA GOEL\Downloads\EBDESIGN\frontend\src\pages\modules\M73\M73.jsx","PAGE","./M73.css","True"
"C:\Users\DIYA GOEL\Downloads\EBDESIGN\frontend\src\pages\modules\M74\M74.jsx","PAGE","react","False"
"C:\Users\DIYA GOEL\Downloads\EBDESIGN\frontend\src\pages\modules\M74\M74.jsx","PAGE","./M74.css","True"
"C:\Users\DIYA GOEL\Downloads\EBDESIGN\frontend\src\pages\modules\M75\M75.jsx","PAGE","react","False"
"C:\Users\DIYA GOEL\Downloads\EBDESIGN\frontend\src\pages\modules\M75\M75.jsx","PAGE","./M75.css","True"
"C:\Users\DIYA GOEL\Downloads\EBDESIGN\frontend\src\pages\modules\M76\M76.jsx","PAGE","react","False"
"C:\Users\DIYA GOEL\Downloads\EBDESIGN\frontend\src\pages\modules\M76\M76.jsx","PAGE","./M76.css","True"
"C:\Users\DIYA GOEL\Downloads\EBDESIGN\frontend\src\pages\modules\M77\M77.jsx","PAGE","react","False"
"C:\Users\DIYA GOEL\Downloads\EBDESIGN\frontend\src\pages\modules\M77\M77.jsx","PAGE","./M77.css","True"
"C:\Users\DIYA GOEL\Downloads\EBDESIGN\frontend\src\pages\modules\M78\M78.jsx","PAGE","react","False"
"C:\Users\DIYA GOEL\Downloads\EBDESIGN\frontend\src\pages\modules\M78\M78.jsx","PAGE","./M78.css","True"
"C:\Users\DIYA GOEL\Downloads\EBDESIGN\frontend\src\pages\modules\M79\M79.jsx","PAGE","react","False"
"C:\Users\DIYA GOEL\Downloads\EBDESIGN\frontend\src\pages\modules\M79\M79.jsx","PAGE","./M79.css","True"
"C:\Users\DIYA GOEL\Downloads\EBDESIGN\frontend\src\pages\modules\M80\M80.jsx","PAGE","react","False"
"C:\Users\DIYA GOEL\Downloads\EBDESIGN\frontend\src\pages\modules\M80\M80.jsx","PAGE","./M80.css","True"
"C:\Users\DIYA GOEL\Downloads\EBDESIGN\frontend\src\pages\modules\M81\M81.jsx","PAGE","react","False"
"C:\Users\DIYA GOEL\Downloads\EBDESIGN\frontend\src\pages\modules\M81\M81.jsx","PAGE","./M81.css","True"
"C:\Users\DIYA GOEL\Downloads\EBDESIGN\frontend\src\pages\modules\M82\M82.jsx","PAGE","react","False"
"C:\Users\DIYA GOEL\Downloads\EBDESIGN\frontend\src\pages\modules\M82\M82.jsx","PAGE","./M82.css","True"
"C:\Users\DIYA GOEL\Downloads\EBDESIGN\frontend\src\pages\modules\M83\M83.jsx","PAGE","react","False"
"C:\Users\DIYA GOEL\Downloads\EBDESIGN\frontend\src\pages\modules\M83\M83.jsx","PAGE","./M83.css","True"
"C:\Users\DIYA GOEL\Downloads\EBDESIGN\frontend\src\pages\modules\M84\M84.jsx","PAGE","react","False"
"C:\Users\DIYA GOEL\Downloads\EBDESIGN\frontend\src\pages\modules\M84\M84.jsx","PAGE","./M84.css","True"
"C:\Users\DIYA GOEL\Downloads\EBDESIGN\frontend\src\pages\modules\M85\M85.jsx","PAGE","react","False"
"C:\Users\DIYA GOEL\Downloads\EBDESIGN\frontend\src\pages\modules\M85\M85.jsx","PAGE","./M85.css","True"
"C:\Users\DIYA GOEL\Downloads\EBDESIGN\frontend\src\pages\modules\M86\M86.jsx","PAGE","react","False"
"C:\Users\DIYA GOEL\Downloads\EBDESIGN\frontend\src\pages\modules\M86\M86.jsx","PAGE","./M86.css","True"
"C:\Users\DIYA GOEL\Downloads\EBDESIGN\frontend\src\pages\modules\M87\M87.jsx","PAGE","react","False"
"C:\Users\DIYA GOEL\Downloads\EBDESIGN\frontend\src\pages\modules\M87\M87.jsx","PAGE","./M87.css","True"
"C:\Users\DIYA GOEL\Downloads\EBDESIGN\frontend\src\pages\modules\M88\M88.jsx","PAGE","react","False"
"C:\Users\DIYA GOEL\Downloads\EBDESIGN\frontend\src\pages\modules\M88\M88.jsx","PAGE","./M88.css","True"
"C:\Users\DIYA GOEL\Downloads\EBDESIGN\frontend\src\pages\modules\M89\M89.jsx","PAGE","react","False"
"C:\Users\DIYA GOEL\Downloads\EBDESIGN\frontend\src\pages\modules\M89\M89.jsx","PAGE","./M89.css","True"
"C:\Users\DIYA GOEL\Downloads\EBDESIGN\frontend\src\pages\modules\M90\M90.jsx","PAGE","react","False"
"C:\Users\DIYA GOEL\Downloads\EBDESIGN\frontend\src\pages\modules\M90\M90.jsx","PAGE","./M90.css","True"
"C:\Users\DIYA GOEL\Downloads\EBDESIGN\frontend\src\pages\modules\M91\M91.jsx","PAGE","react","False"
"C:\Users\DIYA GOEL\Downloads\EBDESIGN\frontend\src\pages\modules\M91\M91.jsx","PAGE","./M91.css","True"
"C:\Users\DIYA GOEL\Downloads\EBDESIGN\frontend\src\pages\modules\M92\M92.jsx","PAGE","react","False"
"C:\Users\DIYA GOEL\Downloads\EBDESIGN\frontend\src\pages\modules\M92\M92.jsx","PAGE","./M92.css","True"
"C:\Users\DIYA GOEL\Downloads\EBDESIGN\frontend\src\pages\modules\M93\M93.jsx","PAGE","react","False"
"C:\Users\DIYA GOEL\Downloads\EBDESIGN\frontend\src\pages\modules\M93\M93.jsx","PAGE","./M93.css","True"
"C:\Users\DIYA GOEL\Downloads\EBDESIGN\frontend\src\pages\modules\M94\M94.jsx","PAGE","react","False"
"C:\Users\DIYA GOEL\Downloads\EBDESIGN\frontend\src\pages\modules\M94\M94.jsx","PAGE","./M94.css","True"
"C:\Users\DIYA GOEL\Downloads\EBDESIGN\frontend\src\pages\modules\M95\M95.jsx","PAGE","react","False"
"C:\Users\DIYA GOEL\Downloads\EBDESIGN\frontend\src\pages\modules\M95\M95.jsx","PAGE","./M95.css","True"
"C:\Users\DIYA GOEL\Downloads\EBDESIGN\frontend\src\pages\modules\M96\M96.jsx","PAGE","react","False"
"C:\Users\DIYA GOEL\Downloads\EBDESIGN\frontend\src\pages\modules\M96\M96.jsx","PAGE","./M96.css","True"
"C:\Users\DIYA GOEL\Downloads\EBDESIGN\frontend\src\pages\modules\M97\M97.jsx","PAGE","react","False"
"C:\Users\DIYA GOEL\Downloads\EBDESIGN\frontend\src\pages\modules\M97\M97.jsx","PAGE","./M97.css","True"
"C:\Users\DIYA GOEL\Downloads\EBDESIGN\frontend\src\pages\modules\M98\M98.jsx","PAGE","react","False"
"C:\Users\DIYA GOEL\Downloads\EBDESIGN\frontend\src\pages\modules\M98\M98.jsx","PAGE","./M98.css","True"
"C:\Users\DIYA GOEL\Downloads\EBDESIGN\frontend\src\pages\modules\M99\M99.jsx","PAGE","react","False"
"C:\Users\DIYA GOEL\Downloads\EBDESIGN\frontend\src\pages\modules\M99\M99.jsx","PAGE","./M99.css","True"
"C:\Users\DIYA GOEL\Downloads\EBDESIGN\frontend\src\pages\platform\ModuleWorkspace.jsx","PAGE","react","False"
"C:\Users\DIYA GOEL\Downloads\EBDESIGN\frontend\src\pages\reports\CropPerformance.jsx","PAGE","react","False"
"C:\Users\DIYA GOEL\Downloads\EBDESIGN\frontend\src\pages\reports\CropPerformance.jsx","PAGE","recharts","False"
"C:\Users\DIYA GOEL\Downloads\EBDESIGN\frontend\src\pages\reports\CropPerformance.jsx","PAGE","lucide-react","False"
"C:\Users\DIYA GOEL\Downloads\EBDESIGN\frontend\src\pages\reports\ExpenseReport.jsx","PAGE","react","False"
"C:\Users\DIYA GOEL\Downloads\EBDESIGN\frontend\src\pages\reports\ExpenseReport.jsx","PAGE","recharts","False"
"C:\Users\DIYA GOEL\Downloads\EBDESIGN\frontend\src\pages\reports\ExpenseReport.jsx","PAGE","lucide-react","False"
"C:\Users\DIYA GOEL\Downloads\EBDESIGN\frontend\src\pages\reports\ProfitReport.jsx","PAGE","react","False"
"C:\Users\DIYA GOEL\Downloads\EBDESIGN\frontend\src\pages\reports\ProfitReport.jsx","PAGE","recharts","False"
"C:\Users\DIYA GOEL\Downloads\EBDESIGN\frontend\src\pages\reports\ProfitReport.jsx","PAGE","lucide-react","False"
"C:\Users\DIYA GOEL\Downloads\EBDESIGN\frontend\src\pages\settings\AdvancedSettings.jsx","PAGE","react","False"
"C:\Users\DIYA GOEL\Downloads\EBDESIGN\frontend\src\pages\settings\AdvancedSettings.jsx","PAGE","lucide-react","False"
"C:\Users\DIYA GOEL\Downloads\EBDESIGN\frontend\src\pages\settings\APIManagement.jsx","PAGE","react","False"
"C:\Users\DIYA GOEL\Downloads\EBDESIGN\frontend\src\pages\settings\APIManagement.jsx","PAGE","lucide-react","False"
"C:\Users\DIYA GOEL\Downloads\EBDESIGN\frontend\src\pages\settings\AuditTrail.jsx","PAGE","react","False"
"C:\Users\DIYA GOEL\Downloads\EBDESIGN\frontend\src\pages\settings\AuditTrail.jsx","PAGE","lucide-react","False"
"C:\Users\DIYA GOEL\Downloads\EBDESIGN\frontend\src\pages\settings\Integrations.jsx","PAGE","react","False"
"C:\Users\DIYA GOEL\Downloads\EBDESIGN\frontend\src\pages\settings\Integrations.jsx","PAGE","lucide-react","False"
"C:\Users\DIYA GOEL\Downloads\EBDESIGN\frontend\src\pages\settings\Webhooks.jsx","PAGE","react","False"
"C:\Users\DIYA GOEL\Downloads\EBDESIGN\frontend\src\pages\settings\Webhooks.jsx","PAGE","lucide-react","False"
"C:\Users\DIYA GOEL\Downloads\EBDESIGN\frontend\src\pages\SoilNutrientLand\SoilManagement.jsx","PAGE","react","False"
"C:\Users\DIYA GOEL\Downloads\EBDESIGN\frontend\src\pages\SoilNutrientLand\SoilManagement.jsx","PAGE","react-router-dom","False"
"C:\Users\DIYA GOEL\Downloads\EBDESIGN\frontend\src\pages\SoilNutrientLand\SoilManagement.jsx","PAGE","../../hooks/useAuth","True"
"C:\Users\DIYA GOEL\Downloads\EBDESIGN\frontend\src\pages\SoilNutrientLand\SoilManagement.jsx","PAGE","../../services/soilNutrientLandService","True"
"C:\Users\DIYA GOEL\Downloads\EBDESIGN\frontend\src\pages\SoilNutrientLand\SoilManagement.jsx","PAGE","../../components/common/Button","True"
"C:\Users\DIYA GOEL\Downloads\EBDESIGN\frontend\src\pages\SoilNutrientLand\SoilManagement.jsx","PAGE","../../components/common/Card","True"
"C:\Users\DIYA GOEL\Downloads\EBDESIGN\frontend\src\pages\SoilNutrientLand\SoilManagement.jsx","PAGE","../../components/common/Loading","True"
"C:\Users\DIYA GOEL\Downloads\EBDESIGN\frontend\src\pages\SoilNutrientLand\SoilManagement.jsx","PAGE","../../utils/logger","True"
"C:\Users\DIYA GOEL\Downloads\EBDESIGN\frontend\src\pages\VendorProcurement\VendorManagement.jsx","PAGE","react","False"
"C:\Users\DIYA GOEL\Downloads\EBDESIGN\frontend\src\pages\VendorProcurement\VendorManagement.jsx","PAGE","react-router-dom","False"
"C:\Users\DIYA GOEL\Downloads\EBDESIGN\frontend\src\pages\VendorProcurement\VendorManagement.jsx","PAGE","../../hooks/useAuth","True"
"C:\Users\DIYA GOEL\Downloads\EBDESIGN\frontend\src\pages\VendorProcurement\VendorManagement.jsx","PAGE","../../services/vendorProcurementService","True"
"C:\Users\DIYA GOEL\Downloads\EBDESIGN\frontend\src\pages\VendorProcurement\VendorManagement.jsx","PAGE","../../components/common/Button","True"
"C:\Users\DIYA GOEL\Downloads\EBDESIGN\frontend\src\pages\VendorProcurement\VendorManagement.jsx","PAGE","../../components/common/Card","True"
"C:\Users\DIYA GOEL\Downloads\EBDESIGN\frontend\src\pages\VendorProcurement\VendorManagement.jsx","PAGE","../../components/common/Loading","True"
"C:\Users\DIYA GOEL\Downloads\EBDESIGN\frontend\src\pages\VendorProcurement\VendorManagement.jsx","PAGE","../../utils/logger","True"
"C:\Users\DIYA GOEL\Downloads\EBDESIGN\frontend\src\pages\WaterIrrigation\WaterManagement.jsx","PAGE","react","False"
"C:\Users\DIYA GOEL\Downloads\EBDESIGN\frontend\src\pages\WaterIrrigation\WaterManagement.jsx","PAGE","react-router-dom","False"
"C:\Users\DIYA GOEL\Downloads\EBDESIGN\frontend\src\pages\WaterIrrigation\WaterManagement.jsx","PAGE","../../hooks/useAuth","True"
"C:\Users\DIYA GOEL\Downloads\EBDESIGN\frontend\src\pages\WaterIrrigation\WaterManagement.jsx","PAGE","../../services/waterIrrigationService","True"
"C:\Users\DIYA GOEL\Downloads\EBDESIGN\frontend\src\pages\WaterIrrigation\WaterManagement.jsx","PAGE","../../components/common/Button","True"
"C:\Users\DIYA GOEL\Downloads\EBDESIGN\frontend\src\pages\WaterIrrigation\WaterManagement.jsx","PAGE","../../components/common/Card","True"
"C:\Users\DIYA GOEL\Downloads\EBDESIGN\frontend\src\pages\WaterIrrigation\WaterManagement.jsx","PAGE","../../components/common/Loading","True"
"C:\Users\DIYA GOEL\Downloads\EBDESIGN\frontend\src\pages\WaterIrrigation\WaterManagement.jsx","PAGE","../../utils/logger","True"
"C:\Users\DIYA GOEL\Downloads\EBDESIGN\frontend\src\pages\_shared\CrudSection.jsx","PAGE","react","False"
"C:\Users\DIYA GOEL\Downloads\EBDESIGN\frontend\src\pages\_shared\CrudSection.jsx","PAGE","@tanstack/react-query","False"
"C:\Users\DIYA GOEL\Downloads\EBDESIGN\frontend\src\pages\_shared\CrudSection.jsx","PAGE","lucide-react","False"
"C:\Users\DIYA GOEL\Downloads\EBDESIGN\frontend\src\pages\_shared\CrudSection.jsx","PAGE","react-hot-toast","False"
"C:\Users\DIYA GOEL\Downloads\EBDESIGN\frontend\src\pages\_shared\ManagementPageShell.jsx","PAGE","react","False"
"C:\Users\DIYA GOEL\Downloads\EBDESIGN\frontend\src\router\routes.jsx","FRONTEND_ROUTE","react","False"
"C:\Users\DIYA GOEL\Downloads\EBDESIGN\frontend\src\router\routes.jsx","FRONTEND_ROUTE","react-router-dom","False"
"C:\Users\DIYA GOEL\Downloads\EBDESIGN\frontend\src\router\routes.jsx","FRONTEND_ROUTE","../components/Layout","True"
"C:\Users\DIYA GOEL\Downloads\EBDESIGN\frontend\src\router\routes.jsx","FRONTEND_ROUTE","../components/MobileOptimizedLayout","True"
"C:\Users\DIYA GOEL\Downloads\EBDESIGN\frontend\src\router\routes.jsx","FRONTEND_ROUTE","../pages/LoginPage","True"
"C:\Users\DIYA GOEL\Downloads\EBDESIGN\frontend\src\router\routes.jsx","FRONTEND_ROUTE","../pages/RegisterPage","True"
"C:\Users\DIYA GOEL\Downloads\EBDESIGN\frontend\src\router\routes.jsx","FRONTEND_ROUTE","../pages/FarmerHomePage","True"
"C:\Users\DIYA GOEL\Downloads\EBDESIGN\frontend\src\router\routes.jsx","FRONTEND_ROUTE","../pages/DashboardPage","True"
"C:\Users\DIYA GOEL\Downloads\EBDESIGN\frontend\src\router\routes.jsx","FRONTEND_ROUTE","../pages/FarmerProfilePage","True"
"C:\Users\DIYA GOEL\Downloads\EBDESIGN\frontend\src\router\routes.jsx","FRONTEND_ROUTE","../pages/FarmerKycPage","True"
"C:\Users\DIYA GOEL\Downloads\EBDESIGN\frontend\src\router\routes.jsx","FRONTEND_ROUTE","../pages/MarketplacePage","True"
"C:\Users\DIYA GOEL\Downloads\EBDESIGN\frontend\src\router\routes.jsx","FRONTEND_ROUTE","../pages/CartPage","True"
"C:\Users\DIYA GOEL\Downloads\EBDESIGN\frontend\src\router\routes.jsx","FRONTEND_ROUTE","../pages/CheckoutPage","True"
"C:\Users\DIYA GOEL\Downloads\EBDESIGN\frontend\src\router\routes.jsx","FRONTEND_ROUTE","../pages/AIDashboard","True"
"C:\Users\DIYA GOEL\Downloads\EBDESIGN\frontend\src\router\routes.jsx","FRONTEND_ROUTE","../pages/AIChatPage","True"
"C:\Users\DIYA GOEL\Downloads\EBDESIGN\frontend\src\router\routes.jsx","FRONTEND_ROUTE","../pages/AICollaborationPage","True"
"C:\Users\DIYA GOEL\Downloads\EBDESIGN\frontend\src\router\routes.jsx","FRONTEND_ROUTE","../pages/MFASetupPage","True"
"C:\Users\DIYA GOEL\Downloads\EBDESIGN\frontend\src\router\routes.jsx","FRONTEND_ROUTE","../pages/GDPRConsentPage","True"
"C:\Users\DIYA GOEL\Downloads\EBDESIGN\frontend\src\router\routes.jsx","FRONTEND_ROUTE","../pages/HomePage","True"
"C:\Users\DIYA GOEL\Downloads\EBDESIGN\frontend\src\router\routes.jsx","FRONTEND_ROUTE","../pages/PlaceholderPage","True"
"C:\Users\DIYA GOEL\Downloads\EBDESIGN\frontend\src\services\aiDecisionService.test.js","API_OR_SERVICE","./aiDecisionService","True"
"C:\Users\DIYA GOEL\Downloads\EBDESIGN\frontend\src\services\api.js","API_OR_SERVICE","axios","False"
"C:\Users\DIYA GOEL\Downloads\EBDESIGN\frontend\src\services\apiClient.js","API_OR_SERVICE","axios","False"
"C:\Users\DIYA GOEL\Downloads\EBDESIGN\frontend\src\services\apiClient.js","API_OR_SERVICE","../config/env","True"
"C:\Users\DIYA GOEL\Downloads\EBDESIGN\frontend\src\services\artificialScientistAPI.js","API_OR_SERVICE","./api","True"
"C:\Users\DIYA GOEL\Downloads\EBDESIGN\frontend\src\services\authService.js","API_OR_SERVICE","./api","True"
"C:\Users\DIYA GOEL\Downloads\EBDESIGN\frontend\src\services\commerceApi.js","API_OR_SERVICE","./apiClient","True"
"C:\Users\DIYA GOEL\Downloads\EBDESIGN\frontend\src\services\componentApi.js","API_OR_SERVICE","./api","True"
"C:\Users\DIYA GOEL\Downloads\EBDESIGN\frontend\src\services\coreApi.js","API_OR_SERVICE","./apiClient","True"
"C:\Users\DIYA GOEL\Downloads\EBDESIGN\frontend\src\services\farmerService.js","API_OR_SERVICE","./api","True"
"C:\Users\DIYA GOEL\Downloads\EBDESIGN\frontend\src\services\index.js","API_OR_SERVICE","./aiDecisionService","True"
"C:\Users\DIYA GOEL\Downloads\EBDESIGN\frontend\src\services\index.js","API_OR_SERVICE","./aiDecisionService.test","True"
"C:\Users\DIYA GOEL\Downloads\EBDESIGN\frontend\src\services\index.js","API_OR_SERVICE","./api","True"
"C:\Users\DIYA GOEL\Downloads\EBDESIGN\frontend\src\services\index.js","API_OR_SERVICE","./apiClient","True"
"C:\Users\DIYA GOEL\Downloads\EBDESIGN\frontend\src\services\index.js","API_OR_SERVICE","./commerceApi","True"
"C:\Users\DIYA GOEL\Downloads\EBDESIGN\frontend\src\services\index.js","API_OR_SERVICE","./componentApi","True"
"C:\Users\DIYA GOEL\Downloads\EBDESIGN\frontend\src\services\index.js","API_OR_SERVICE","./coreApi","True"
"C:\Users\DIYA GOEL\Downloads\EBDESIGN\frontend\src\services\index.js","API_OR_SERVICE","./offlineQueue","True"
"C:\Users\DIYA GOEL\Downloads\EBDESIGN\frontend\src\services\index.js","API_OR_SERVICE","./operationsApi","True"
"C:\Users\DIYA GOEL\Downloads\EBDESIGN\frontend\src\services\machineryVillageOpsService.js","API_OR_SERVICE","./api","True"
"C:\Users\DIYA GOEL\Downloads\EBDESIGN\frontend\src\services\marketplaceService.js","API_OR_SERVICE","./api","True"
"C:\Users\DIYA GOEL\Downloads\EBDESIGN\frontend\src\services\operationsApi.js","API_OR_SERVICE","./apiClient","True"
"C:\Users\DIYA GOEL\Downloads\EBDESIGN\frontend\src\services\realTimeService.jsx","API_OR_SERVICE","socket.io-client","False"
"C:\Users\DIYA GOEL\Downloads\EBDESIGN\frontend\src\services\realTimeService.jsx","API_OR_SERVICE","react","False"
"C:\Users\DIYA GOEL\Downloads\EBDESIGN\frontend\src\services\realTimeService.jsx","API_OR_SERVICE","framer-motion","False"
"C:\Users\DIYA GOEL\Downloads\EBDESIGN\frontend\src\services\realTimeService.jsx","API_OR_SERVICE","../components/ui/enhancedComponents","True"
"C:\Users\DIYA GOEL\Downloads\EBDESIGN\frontend\src\services\soilNutrientLandService.js","API_OR_SERVICE","./api","True"
"C:\Users\DIYA GOEL\Downloads\EBDESIGN\frontend\src\services\vendorProcurementService.js","API_OR_SERVICE","./api","True"
"C:\Users\DIYA GOEL\Downloads\EBDESIGN\frontend\src\services\villageAPI.js","API_OR_SERVICE","axios","False"
"C:\Users\DIYA GOEL\Downloads\EBDESIGN\frontend\src\services\warningAPI.js","API_OR_SERVICE","axios","False"
"C:\Users\DIYA GOEL\Downloads\EBDESIGN\frontend\src\services\waterIrrigationService.js","API_OR_SERVICE","./api","True"
"C:\Users\DIYA GOEL\Downloads\EBDESIGN\frontend\src\services\__tests__\villageProfileAPI.test.js","API_OR_SERVICE","../api","True"
"C:\Users\DIYA GOEL\Downloads\EBDESIGN\frontend\src\store\authStore.js","STORE","zustand","False"
"C:\Users\DIYA GOEL\Downloads\EBDESIGN\frontend\src\store\authStore.js","STORE","zustand/middleware","False"
"C:\Users\DIYA GOEL\Downloads\EBDESIGN\frontend\src\stores\authStore.js","STORE","zustand","False"
"C:\Users\DIYA GOEL\Downloads\EBDESIGN\frontend\src\stores\farmerStore.js","STORE","zustand","False"
"C:\Users\DIYA GOEL\Downloads\EBDESIGN\frontend\src\stores\uiStore.js","STORE","zustand","False"
"C:\Users\DIYA GOEL\Downloads\EBDESIGN\frontend\src\test\e2eHelpers.js","OTHER","@testing-library/react","False"
"C:\Users\DIYA GOEL\Downloads\EBDESIGN\frontend\src\test\e2eHelpers.js","OTHER","@testing-library/user-event","False"
"C:\Users\DIYA GOEL\Downloads\EBDESIGN\frontend\src\test\setup.js","OTHER","@testing-library/jest-dom","False"
"C:\Users\DIYA GOEL\Downloads\EBDESIGN\frontend\src\test\components\ErrorBoundary.test.jsx","COMPONENT","@testing-library/react","False"
"C:\Users\DIYA GOEL\Downloads\EBDESIGN\frontend\src\test\components\ErrorBoundary.test.jsx","COMPONENT","../../components/ErrorBoundary","True"
"C:\Users\DIYA GOEL\Downloads\EBDESIGN\frontend\src\test\utils\errorMonitoring.test.js","OTHER","../../utils/errorMonitoring","True"
"C:\Users\DIYA GOEL\Downloads\EBDESIGN\frontend\src\test\utils\errorMonitoring.test.js","OTHER","../../services/api","True"
"C:\Users\DIYA GOEL\Downloads\EBDESIGN\frontend\src\test\utils\pushNotifications.test.js","OTHER","../../utils/pushNotifications","True"
"C:\Users\DIYA GOEL\Downloads\EBDESIGN\frontend\src\utils\aiStudio.test.js","OTHER","./aiStudio","True"
"C:\Users\DIYA GOEL\Downloads\EBDESIGN\frontend\src\utils\analytics.js","OTHER","../config/env","True"
"C:\Users\DIYA GOEL\Downloads\EBDESIGN\frontend\src\utils\cache.js","OTHER","../config/env","True"
"C:\Users\DIYA GOEL\Downloads\EBDESIGN\frontend\src\utils\deviceDetection.js","OTHER","@capacitor/core","False"
"C:\Users\DIYA GOEL\Downloads\EBDESIGN\frontend\src\utils\deviceDetection.js","OTHER","@capacitor/device","False"
"C:\Users\DIYA GOEL\Downloads\EBDESIGN\frontend\src\utils\deviceDetection.js","OTHER","@capacitor/screen-orientation","False"
"C:\Users\DIYA GOEL\Downloads\EBDESIGN\frontend\src\utils\errorMonitoring.js","OTHER","../services/api","True"
"C:\Users\DIYA GOEL\Downloads\EBDESIGN\frontend\src\utils\i18n.js","OTHER","../config/env","True"
"C:\Users\DIYA GOEL\Downloads\EBDESIGN\frontend\src\utils\monitoring.js","OTHER","@sentry/react","False"
"C:\Users\DIYA GOEL\Downloads\EBDESIGN\frontend\src\utils\monitoring.js","OTHER","../config/env","True"
"C:\Users\DIYA GOEL\Downloads\EBDESIGN\frontend\src\utils\performanceOptimizations.jsx","OTHER","react","False"
"C:\Users\DIYA GOEL\Downloads\EBDESIGN\frontend\src\utils\performanceOptimizations.jsx","OTHER","framer-motion","False"
"C:\Users\DIYA GOEL\Downloads\EBDESIGN\frontend\src\utils\pushNotifications.js","OTHER","../services/api","True"
"C:\Users\DIYA GOEL\Downloads\EBDESIGN\frontend\src\utils\routePreloader.js","OTHER","react","False"
"C:\Users\DIYA GOEL\Downloads\EBDESIGN\frontend\src\__tests__\BottomNav.test.jsx","OTHER","@testing-library/react","False"
"C:\Users\DIYA GOEL\Downloads\EBDESIGN\frontend\src\__tests__\BottomNav.test.jsx","OTHER","react-router-dom","False"
"C:\Users\DIYA GOEL\Downloads\EBDESIGN\frontend\src\__tests__\BottomNav.test.jsx","OTHER","../components/BottomNav","True"
"C:\Users\DIYA GOEL\Downloads\EBDESIGN\frontend\src\__tests__\FinalPlaceholderPages.test.jsx","OTHER","@testing-library/react","False"
"C:\Users\DIYA GOEL\Downloads\EBDESIGN\frontend\src\__tests__\FinalPlaceholderPages.test.jsx","OTHER","../pages/CommunityForumPage","True"
"C:\Users\DIYA GOEL\Downloads\EBDESIGN\frontend\src\__tests__\FinalPlaceholderPages.test.jsx","OTHER","../pages/ExportDocumentationPage","True"
"C:\Users\DIYA GOEL\Downloads\EBDESIGN\frontend\src\__tests__\FinalPlaceholderPages.test.jsx","OTHER","../pages/SupportCenterPage","True"
"C:\Users\DIYA GOEL\Downloads\EBDESIGN\frontend\src\__tests__\FinalPlaceholderPages.test.jsx","OTHER","../pages/SustainabilityDashboardPage","True"
"C:\Users\DIYA GOEL\Downloads\EBDESIGN\frontend\src\__tests__\FinalPlaceholderPages.test.jsx","OTHER","../services/api","True"
"C:\Users\DIYA GOEL\Downloads\EBDESIGN\frontend\src\__tests__\M100.test.jsx","OTHER","vitest","False"
"C:\Users\DIYA GOEL\Downloads\EBDESIGN\frontend\src\__tests__\M101.test.jsx","OTHER","vitest","False"
"C:\Users\DIYA GOEL\Downloads\EBDESIGN\frontend\src\__tests__\M102.test.jsx","OTHER","vitest","False"
"C:\Users\DIYA GOEL\Downloads\EBDESIGN\frontend\src\__tests__\M103.test.jsx","OTHER","vitest","False"
"C:\Users\DIYA GOEL\Downloads\EBDESIGN\frontend\src\__tests__\M104.test.jsx","OTHER","vitest","False"
"C:\Users\DIYA GOEL\Downloads\EBDESIGN\frontend\src\__tests__\M105.test.jsx","OTHER","vitest","False"
"C:\Users\DIYA GOEL\Downloads\EBDESIGN\frontend\src\__tests__\M106.test.jsx","OTHER","vitest","False"
"C:\Users\DIYA GOEL\Downloads\EBDESIGN\frontend\src\__tests__\M107.test.jsx","OTHER","vitest","False"
"C:\Users\DIYA GOEL\Downloads\EBDESIGN\frontend\src\__tests__\M108.test.jsx","OTHER","vitest","False"
"C:\Users\DIYA GOEL\Downloads\EBDESIGN\frontend\src\__tests__\M109.test.jsx","OTHER","vitest","False"
"C:\Users\DIYA GOEL\Downloads\EBDESIGN\frontend\src\__tests__\M110.test.jsx","OTHER","vitest","False"
"C:\Users\DIYA GOEL\Downloads\EBDESIGN\frontend\src\__tests__\M111.test.jsx","OTHER","vitest","False"
"C:\Users\DIYA GOEL\Downloads\EBDESIGN\frontend\src\__tests__\M112.test.jsx","OTHER","vitest","False"
"C:\Users\DIYA GOEL\Downloads\EBDESIGN\frontend\src\__tests__\M113.test.jsx","OTHER","vitest","False"
"C:\Users\DIYA GOEL\Downloads\EBDESIGN\frontend\src\__tests__\M114.test.jsx","OTHER","vitest","False"
"C:\Users\DIYA GOEL\Downloads\EBDESIGN\frontend\src\__tests__\M115.test.jsx","OTHER","vitest","False"
"C:\Users\DIYA GOEL\Downloads\EBDESIGN\frontend\src\__tests__\M116.test.jsx","OTHER","vitest","False"
"C:\Users\DIYA GOEL\Downloads\EBDESIGN\frontend\src\__tests__\M117.test.jsx","OTHER","vitest","False"
"C:\Users\DIYA GOEL\Downloads\EBDESIGN\frontend\src\__tests__\M118.test.jsx","OTHER","vitest","False"
"C:\Users\DIYA GOEL\Downloads\EBDESIGN\frontend\src\__tests__\M119.test.jsx","OTHER","vitest","False"
"C:\Users\DIYA GOEL\Downloads\EBDESIGN\frontend\src\__tests__\M120.test.jsx","OTHER","vitest","False"
"C:\Users\DIYA GOEL\Downloads\EBDESIGN\frontend\src\__tests__\M121.test.jsx","OTHER","vitest","False"
"C:\Users\DIYA GOEL\Downloads\EBDESIGN\frontend\src\__tests__\M122.test.jsx","OTHER","vitest","False"
"C:\Users\DIYA GOEL\Downloads\EBDESIGN\frontend\src\__tests__\M123.test.jsx","OTHER","vitest","False"
"C:\Users\DIYA GOEL\Downloads\EBDESIGN\frontend\src\__tests__\M124.test.jsx","OTHER","vitest","False"
"C:\Users\DIYA GOEL\Downloads\EBDESIGN\frontend\src\__tests__\M125.test.jsx","OTHER","vitest","False"
"C:\Users\DIYA GOEL\Downloads\EBDESIGN\frontend\src\__tests__\M126.test.jsx","OTHER","vitest","False"
"C:\Users\DIYA GOEL\Downloads\EBDESIGN\frontend\src\__tests__\M127.test.jsx","OTHER","vitest","False"
"C:\Users\DIYA GOEL\Downloads\EBDESIGN\frontend\src\__tests__\M128.test.jsx","OTHER","vitest","False"
"C:\Users\DIYA GOEL\Downloads\EBDESIGN\frontend\src\__tests__\M129.test.jsx","OTHER","vitest","False"
"C:\Users\DIYA GOEL\Downloads\EBDESIGN\frontend\src\__tests__\M130.test.jsx","OTHER","vitest","False"
"C:\Users\DIYA GOEL\Downloads\EBDESIGN\frontend\src\__tests__\M131.test.jsx","OTHER","vitest","False"
"C:\Users\DIYA GOEL\Downloads\EBDESIGN\frontend\src\__tests__\M132.test.jsx","OTHER","vitest","False"
"C:\Users\DIYA GOEL\Downloads\EBDESIGN\frontend\src\__tests__\M133.test.jsx","OTHER","vitest","False"
"C:\Users\DIYA GOEL\Downloads\EBDESIGN\frontend\src\__tests__\M134.test.jsx","OTHER","vitest","False"
"C:\Users\DIYA GOEL\Downloads\EBDESIGN\frontend\src\__tests__\M135.test.jsx","OTHER","vitest","False"
"C:\Users\DIYA GOEL\Downloads\EBDESIGN\frontend\src\__tests__\M136.test.jsx","OTHER","vitest","False"
"C:\Users\DIYA GOEL\Downloads\EBDESIGN\frontend\src\__tests__\M137.test.jsx","OTHER","vitest","False"
"C:\Users\DIYA GOEL\Downloads\EBDESIGN\frontend\src\__tests__\M138.test.jsx","OTHER","vitest","False"
"C:\Users\DIYA GOEL\Downloads\EBDESIGN\frontend\src\__tests__\M139.test.jsx","OTHER","vitest","False"
"C:\Users\DIYA GOEL\Downloads\EBDESIGN\frontend\src\__tests__\M140.test.jsx","OTHER","vitest","False"
"C:\Users\DIYA GOEL\Downloads\EBDESIGN\frontend\src\__tests__\M141.test.jsx","OTHER","vitest","False"
"C:\Users\DIYA GOEL\Downloads\EBDESIGN\frontend\src\__tests__\M142.test.jsx","OTHER","vitest","False"
"C:\Users\DIYA GOEL\Downloads\EBDESIGN\frontend\src\__tests__\M143.test.jsx","OTHER","vitest","False"
"C:\Users\DIYA GOEL\Downloads\EBDESIGN\frontend\src\__tests__\M144.test.jsx","OTHER","vitest","False"
"C:\Users\DIYA GOEL\Downloads\EBDESIGN\frontend\src\__tests__\M145.test.jsx","OTHER","vitest","False"
"C:\Users\DIYA GOEL\Downloads\EBDESIGN\frontend\src\__tests__\M146.test.jsx","OTHER","vitest","False"
"C:\Users\DIYA GOEL\Downloads\EBDESIGN\frontend\src\__tests__\M147.test.jsx","OTHER","vitest","False"
"C:\Users\DIYA GOEL\Downloads\EBDESIGN\frontend\src\__tests__\M148.test.jsx","OTHER","vitest","False"
"C:\Users\DIYA GOEL\Downloads\EBDESIGN\frontend\src\__tests__\M149.test.jsx","OTHER","vitest","False"
"C:\Users\DIYA GOEL\Downloads\EBDESIGN\frontend\src\__tests__\M150.test.jsx","OTHER","vitest","False"
"C:\Users\DIYA GOEL\Downloads\EBDESIGN\frontend\src\__tests__\M151.test.jsx","OTHER","vitest","False"
"C:\Users\DIYA GOEL\Downloads\EBDESIGN\frontend\src\__tests__\M152.test.jsx","OTHER","vitest","False"
"C:\Users\DIYA GOEL\Downloads\EBDESIGN\frontend\src\__tests__\M153.test.jsx","OTHER","vitest","False"
"C:\Users\DIYA GOEL\Downloads\EBDESIGN\frontend\src\__tests__\M154.test.jsx","OTHER","vitest","False"
"C:\Users\DIYA GOEL\Downloads\EBDESIGN\frontend\src\__tests__\M155.test.jsx","OTHER","vitest","False"
"C:\Users\DIYA GOEL\Downloads\EBDESIGN\frontend\src\__tests__\M156.test.jsx","OTHER","vitest","False"
"C:\Users\DIYA GOEL\Downloads\EBDESIGN\frontend\src\__tests__\M157.test.jsx","OTHER","vitest","False"
"C:\Users\DIYA GOEL\Downloads\EBDESIGN\frontend\src\__tests__\M158.test.jsx","OTHER","vitest","False"
"C:\Users\DIYA GOEL\Downloads\EBDESIGN\frontend\src\__tests__\M159.test.jsx","OTHER","vitest","False"
"C:\Users\DIYA GOEL\Downloads\EBDESIGN\frontend\src\__tests__\M160.test.jsx","OTHER","vitest","False"
"C:\Users\DIYA GOEL\Downloads\EBDESIGN\frontend\src\__tests__\M161.test.jsx","OTHER","vitest","False"
"C:\Users\DIYA GOEL\Downloads\EBDESIGN\frontend\src\__tests__\M162.test.jsx","OTHER","vitest","False"
"C:\Users\DIYA GOEL\Downloads\EBDESIGN\frontend\src\__tests__\M163.test.jsx","OTHER","vitest","False"
"C:\Users\DIYA GOEL\Downloads\EBDESIGN\frontend\src\__tests__\M164.test.jsx","OTHER","vitest","False"
"C:\Users\DIYA GOEL\Downloads\EBDESIGN\frontend\src\__tests__\M165.test.jsx","OTHER","vitest","False"
"C:\Users\DIYA GOEL\Downloads\EBDESIGN\frontend\src\__tests__\M166.test.jsx","OTHER","vitest","False"
"C:\Users\DIYA GOEL\Downloads\EBDESIGN\frontend\src\__tests__\M167.test.jsx","OTHER","vitest","False"
"C:\Users\DIYA GOEL\Downloads\EBDESIGN\frontend\src\__tests__\M168.test.jsx","OTHER","vitest","False"
"C:\Users\DIYA GOEL\Downloads\EBDESIGN\frontend\src\__tests__\M169.test.jsx","OTHER","vitest","False"
"C:\Users\DIYA GOEL\Downloads\EBDESIGN\frontend\src\__tests__\M170.test.jsx","OTHER","vitest","False"
"C:\Users\DIYA GOEL\Downloads\EBDESIGN\frontend\src\__tests__\M171.test.jsx","OTHER","vitest","False"
"C:\Users\DIYA GOEL\Downloads\EBDESIGN\frontend\src\__tests__\M172.test.jsx","OTHER","vitest","False"
"C:\Users\DIYA GOEL\Downloads\EBDESIGN\frontend\src\__tests__\M173.test.jsx","OTHER","vitest","False"
"C:\Users\DIYA GOEL\Downloads\EBDESIGN\frontend\src\__tests__\M174.test.jsx","OTHER","vitest","False"
"C:\Users\DIYA GOEL\Downloads\EBDESIGN\frontend\src\__tests__\M175.test.jsx","OTHER","vitest","False"
"C:\Users\DIYA GOEL\Downloads\EBDESIGN\frontend\src\__tests__\M176.test.jsx","OTHER","vitest","False"
"C:\Users\DIYA GOEL\Downloads\EBDESIGN\frontend\src\__tests__\M177.test.jsx","OTHER","vitest","False"
"C:\Users\DIYA GOEL\Downloads\EBDESIGN\frontend\src\__tests__\M178.test.jsx","OTHER","vitest","False"
"C:\Users\DIYA GOEL\Downloads\EBDESIGN\frontend\src\__tests__\M179.test.jsx","OTHER","vitest","False"
"C:\Users\DIYA GOEL\Downloads\EBDESIGN\frontend\src\__tests__\M180.test.jsx","OTHER","vitest","False"
"C:\Users\DIYA GOEL\Downloads\EBDESIGN\frontend\src\__tests__\M181.test.jsx","OTHER","vitest","False"
"C:\Users\DIYA GOEL\Downloads\EBDESIGN\frontend\src\__tests__\M182.test.jsx","OTHER","vitest","False"
"C:\Users\DIYA GOEL\Downloads\EBDESIGN\frontend\src\__tests__\M183.test.jsx","OTHER","vitest","False"
"C:\Users\DIYA GOEL\Downloads\EBDESIGN\frontend\src\__tests__\M184.test.jsx","OTHER","vitest","False"
"C:\Users\DIYA GOEL\Downloads\EBDESIGN\frontend\src\__tests__\M185.test.jsx","OTHER","vitest","False"
"C:\Users\DIYA GOEL\Downloads\EBDESIGN\frontend\src\__tests__\M186.test.jsx","OTHER","vitest","False"
"C:\Users\DIYA GOEL\Downloads\EBDESIGN\frontend\src\__tests__\M187.test.jsx","OTHER","vitest","False"
"C:\Users\DIYA GOEL\Downloads\EBDESIGN\frontend\src\__tests__\M188.test.jsx","OTHER","vitest","False"
"C:\Users\DIYA GOEL\Downloads\EBDESIGN\frontend\src\__tests__\M189.test.jsx","OTHER","vitest","False"
"C:\Users\DIYA GOEL\Downloads\EBDESIGN\frontend\src\__tests__\M190.test.jsx","OTHER","vitest","False"
"C:\Users\DIYA GOEL\Downloads\EBDESIGN\frontend\src\__tests__\M191.test.jsx","OTHER","vitest","False"
"C:\Users\DIYA GOEL\Downloads\EBDESIGN\frontend\src\__tests__\M192.test.jsx","OTHER","vitest","False"
"C:\Users\DIYA GOEL\Downloads\EBDESIGN\frontend\src\__tests__\M193.test.jsx","OTHER","vitest","False"
"C:\Users\DIYA GOEL\Downloads\EBDESIGN\frontend\src\__tests__\M194.test.jsx","OTHER","vitest","False"
"C:\Users\DIYA GOEL\Downloads\EBDESIGN\frontend\src\__tests__\M195.test.jsx","OTHER","vitest","False"
"C:\Users\DIYA GOEL\Downloads\EBDESIGN\frontend\src\__tests__\M196.test.jsx","OTHER","vitest","False"
"C:\Users\DIYA GOEL\Downloads\EBDESIGN\frontend\src\__tests__\M197.test.jsx","OTHER","vitest","False"
"C:\Users\DIYA GOEL\Downloads\EBDESIGN\frontend\src\__tests__\M198.test.jsx","OTHER","vitest","False"
"C:\Users\DIYA GOEL\Downloads\EBDESIGN\frontend\src\__tests__\M199.test.jsx","OTHER","vitest","False"
"C:\Users\DIYA GOEL\Downloads\EBDESIGN\frontend\src\__tests__\M200.test.jsx","OTHER","vitest","False"
"C:\Users\DIYA GOEL\Downloads\EBDESIGN\frontend\src\__tests__\M201.test.jsx","OTHER","vitest","False"
"C:\Users\DIYA GOEL\Downloads\EBDESIGN\frontend\src\__tests__\M202.test.jsx","OTHER","vitest","False"
"C:\Users\DIYA GOEL\Downloads\EBDESIGN\frontend\src\__tests__\M203.test.jsx","OTHER","vitest","False"
"C:\Users\DIYA GOEL\Downloads\EBDESIGN\frontend\src\__tests__\M204.test.jsx","OTHER","vitest","False"
"C:\Users\DIYA GOEL\Downloads\EBDESIGN\frontend\src\__tests__\M205.test.jsx","OTHER","vitest","False"
"C:\Users\DIYA GOEL\Downloads\EBDESIGN\frontend\src\__tests__\M206.test.jsx","OTHER","vitest","False"
"C:\Users\DIYA GOEL\Downloads\EBDESIGN\frontend\src\__tests__\M207.test.jsx","OTHER","vitest","False"
"C:\Users\DIYA GOEL\Downloads\EBDESIGN\frontend\src\__tests__\M208.test.jsx","OTHER","vitest","False"
"C:\Users\DIYA GOEL\Downloads\EBDESIGN\frontend\src\__tests__\M209.test.jsx","OTHER","vitest","False"
"C:\Users\DIYA GOEL\Downloads\EBDESIGN\frontend\src\__tests__\M210.test.jsx","OTHER","vitest","False"
"C:\Users\DIYA GOEL\Downloads\EBDESIGN\frontend\src\__tests__\M211.test.jsx","OTHER","vitest","False"
"C:\Users\DIYA GOEL\Downloads\EBDESIGN\frontend\src\__tests__\M212.test.jsx","OTHER","vitest","False"
"C:\Users\DIYA GOEL\Downloads\EBDESIGN\frontend\src\__tests__\M213.test.jsx","OTHER","vitest","False"
"C:\Users\DIYA GOEL\Downloads\EBDESIGN\frontend\src\__tests__\M214.test.jsx","OTHER","vitest","False"
"C:\Users\DIYA GOEL\Downloads\EBDESIGN\frontend\src\__tests__\M215.test.jsx","OTHER","vitest","False"
"C:\Users\DIYA GOEL\Downloads\EBDESIGN\frontend\src\__tests__\M216.test.jsx","OTHER","vitest","False"
"C:\Users\DIYA GOEL\Downloads\EBDESIGN\frontend\src\__tests__\M217.test.jsx","OTHER","vitest","False"
"C:\Users\DIYA GOEL\Downloads\EBDESIGN\frontend\src\__tests__\M218.test.jsx","OTHER","vitest","False"
"C:\Users\DIYA GOEL\Downloads\EBDESIGN\frontend\src\__tests__\M219.test.jsx","OTHER","vitest","False"
"C:\Users\DIYA GOEL\Downloads\EBDESIGN\frontend\src\__tests__\M220.test.jsx","OTHER","vitest","False"
"C:\Users\DIYA GOEL\Downloads\EBDESIGN\frontend\src\__tests__\M221.test.jsx","OTHER","vitest","False"
"C:\Users\DIYA GOEL\Downloads\EBDESIGN\frontend\src\__tests__\M222.test.jsx","OTHER","vitest","False"
"C:\Users\DIYA GOEL\Downloads\EBDESIGN\frontend\src\__tests__\M223.test.jsx","OTHER","vitest","False"
"C:\Users\DIYA GOEL\Downloads\EBDESIGN\frontend\src\__tests__\M224.test.jsx","OTHER","vitest","False"
"C:\Users\DIYA GOEL\Downloads\EBDESIGN\frontend\src\__tests__\M225.test.jsx","OTHER","vitest","False"
"C:\Users\DIYA GOEL\Downloads\EBDESIGN\frontend\src\__tests__\M226.test.jsx","OTHER","vitest","False"
"C:\Users\DIYA GOEL\Downloads\EBDESIGN\frontend\src\__tests__\M227.test.jsx","OTHER","vitest","False"
"C:\Users\DIYA GOEL\Downloads\EBDESIGN\frontend\src\__tests__\M228.test.jsx","OTHER","vitest","False"
"C:\Users\DIYA GOEL\Downloads\EBDESIGN\frontend\src\__tests__\M229.test.jsx","OTHER","vitest","False"
"C:\Users\DIYA GOEL\Downloads\EBDESIGN\frontend\src\__tests__\M230.test.jsx","OTHER","vitest","False"
"C:\Users\DIYA GOEL\Downloads\EBDESIGN\frontend\src\__tests__\M231.test.jsx","OTHER","vitest","False"
"C:\Users\DIYA GOEL\Downloads\EBDESIGN\frontend\src\__tests__\M232.test.jsx","OTHER","vitest","False"
"C:\Users\DIYA GOEL\Downloads\EBDESIGN\frontend\src\__tests__\M233.test.jsx","OTHER","vitest","False"
"C:\Users\DIYA GOEL\Downloads\EBDESIGN\frontend\src\__tests__\M234.test.jsx","OTHER","vitest","False"
"C:\Users\DIYA GOEL\Downloads\EBDESIGN\frontend\src\__tests__\M235.test.jsx","OTHER","vitest","False"
"C:\Users\DIYA GOEL\Downloads\EBDESIGN\frontend\src\__tests__\M236.test.jsx","OTHER","vitest","False"
"C:\Users\DIYA GOEL\Downloads\EBDESIGN\frontend\src\__tests__\M237.test.jsx","OTHER","vitest","False"
"C:\Users\DIYA GOEL\Downloads\EBDESIGN\frontend\src\__tests__\M238.test.jsx","OTHER","vitest","False"
"C:\Users\DIYA GOEL\Downloads\EBDESIGN\frontend\src\__tests__\M239.test.jsx","OTHER","vitest","False"
"C:\Users\DIYA GOEL\Downloads\EBDESIGN\frontend\src\__tests__\M240.test.jsx","OTHER","vitest","False"
"C:\Users\DIYA GOEL\Downloads\EBDESIGN\frontend\src\__tests__\M241.test.jsx","OTHER","vitest","False"
"C:\Users\DIYA GOEL\Downloads\EBDESIGN\frontend\src\__tests__\M242.test.jsx","OTHER","vitest","False"
"C:\Users\DIYA GOEL\Downloads\EBDESIGN\frontend\src\__tests__\M243.test.jsx","OTHER","vitest","False"
"C:\Users\DIYA GOEL\Downloads\EBDESIGN\frontend\src\__tests__\M244.test.jsx","OTHER","vitest","False"
"C:\Users\DIYA GOEL\Downloads\EBDESIGN\frontend\src\__tests__\M245.test.jsx","OTHER","vitest","False"
"C:\Users\DIYA GOEL\Downloads\EBDESIGN\frontend\src\__tests__\M246.test.jsx","OTHER","vitest","False"
"C:\Users\DIYA GOEL\Downloads\EBDESIGN\frontend\src\__tests__\M247.test.jsx","OTHER","vitest","False"
"C:\Users\DIYA GOEL\Downloads\EBDESIGN\frontend\src\__tests__\M248.test.jsx","OTHER","vitest","False"
"C:\Users\DIYA GOEL\Downloads\EBDESIGN\frontend\src\__tests__\M249.test.jsx","OTHER","vitest","False"
"C:\Users\DIYA GOEL\Downloads\EBDESIGN\frontend\src\__tests__\M250.test.jsx","OTHER","vitest","False"
"C:\Users\DIYA GOEL\Downloads\EBDESIGN\frontend\src\__tests__\M251.test.jsx","OTHER","vitest","False"
"C:\Users\DIYA GOEL\Downloads\EBDESIGN\frontend\src\__tests__\M252.test.jsx","OTHER","vitest","False"
"C:\Users\DIYA GOEL\Downloads\EBDESIGN\frontend\src\__tests__\M253.test.jsx","OTHER","vitest","False"
"C:\Users\DIYA GOEL\Downloads\EBDESIGN\frontend\src\__tests__\M254.test.jsx","OTHER","vitest","False"
"C:\Users\DIYA GOEL\Downloads\EBDESIGN\frontend\src\__tests__\M255.test.jsx","OTHER","vitest","False"
"C:\Users\DIYA GOEL\Downloads\EBDESIGN\frontend\src\__tests__\M256.test.jsx","OTHER","vitest","False"
"C:\Users\DIYA GOEL\Downloads\EBDESIGN\frontend\src\__tests__\M257.test.jsx","OTHER","vitest","False"
"C:\Users\DIYA GOEL\Downloads\EBDESIGN\frontend\src\__tests__\M258.test.jsx","OTHER","vitest","False"
"C:\Users\DIYA GOEL\Downloads\EBDESIGN\frontend\src\__tests__\M259.test.jsx","OTHER","vitest","False"
"C:\Users\DIYA GOEL\Downloads\EBDESIGN\frontend\src\__tests__\M260.test.jsx","OTHER","vitest","False"
"C:\Users\DIYA GOEL\Downloads\EBDESIGN\frontend\src\__tests__\M261.test.jsx","OTHER","vitest","False"
"C:\Users\DIYA GOEL\Downloads\EBDESIGN\frontend\src\__tests__\M262.test.jsx","OTHER","vitest","False"
"C:\Users\DIYA GOEL\Downloads\EBDESIGN\frontend\src\__tests__\M263.test.jsx","OTHER","vitest","False"
"C:\Users\DIYA GOEL\Downloads\EBDESIGN\frontend\src\__tests__\M264.test.jsx","OTHER","vitest","False"
"C:\Users\DIYA GOEL\Downloads\EBDESIGN\frontend\src\__tests__\M265.test.jsx","OTHER","vitest","False"
"C:\Users\DIYA GOEL\Downloads\EBDESIGN\frontend\src\__tests__\M266.test.jsx","OTHER","vitest","False"
"C:\Users\DIYA GOEL\Downloads\EBDESIGN\frontend\src\__tests__\M267.test.jsx","OTHER","vitest","False"
"C:\Users\DIYA GOEL\Downloads\EBDESIGN\frontend\src\__tests__\M268.test.jsx","OTHER","vitest","False"
"C:\Users\DIYA GOEL\Downloads\EBDESIGN\frontend\src\__tests__\M269.test.jsx","OTHER","vitest","False"
"C:\Users\DIYA GOEL\Downloads\EBDESIGN\frontend\src\__tests__\M270.test.jsx","OTHER","vitest","False"
"C:\Users\DIYA GOEL\Downloads\EBDESIGN\frontend\src\__tests__\M271.test.jsx","OTHER","vitest","False"
"C:\Users\DIYA GOEL\Downloads\EBDESIGN\frontend\src\__tests__\M272.test.jsx","OTHER","vitest","False"
"C:\Users\DIYA GOEL\Downloads\EBDESIGN\frontend\src\__tests__\M273.test.jsx","OTHER","vitest","False"
"C:\Users\DIYA GOEL\Downloads\EBDESIGN\frontend\src\__tests__\M274.test.jsx","OTHER","vitest","False"
"C:\Users\DIYA GOEL\Downloads\EBDESIGN\frontend\src\__tests__\M275.test.jsx","OTHER","vitest","False"
"C:\Users\DIYA GOEL\Downloads\EBDESIGN\frontend\src\__tests__\M276.test.jsx","OTHER","vitest","False"
"C:\Users\DIYA GOEL\Downloads\EBDESIGN\frontend\src\__tests__\M277.test.jsx","OTHER","vitest","False"
"C:\Users\DIYA GOEL\Downloads\EBDESIGN\frontend\src\__tests__\M278.test.jsx","OTHER","vitest","False"
"C:\Users\DIYA GOEL\Downloads\EBDESIGN\frontend\src\__tests__\M279.test.jsx","OTHER","vitest","False"
"C:\Users\DIYA GOEL\Downloads\EBDESIGN\frontend\src\__tests__\M280.test.jsx","OTHER","vitest","False"
"C:\Users\DIYA GOEL\Downloads\EBDESIGN\frontend\src\__tests__\M281.test.jsx","OTHER","vitest","False"
"C:\Users\DIYA GOEL\Downloads\EBDESIGN\frontend\src\__tests__\M282.test.jsx","OTHER","vitest","False"
"C:\Users\DIYA GOEL\Downloads\EBDESIGN\frontend\src\__tests__\M283.test.jsx","OTHER","vitest","False"
"C:\Users\DIYA GOEL\Downloads\EBDESIGN\frontend\src\__tests__\M284.test.jsx","OTHER","vitest","False"
"C:\Users\DIYA GOEL\Downloads\EBDESIGN\frontend\src\__tests__\M285.test.jsx","OTHER","vitest","False"
"C:\Users\DIYA GOEL\Downloads\EBDESIGN\frontend\src\__tests__\M286.test.jsx","OTHER","vitest","False"
"C:\Users\DIYA GOEL\Downloads\EBDESIGN\frontend\src\__tests__\M287.test.jsx","OTHER","vitest","False"
"C:\Users\DIYA GOEL\Downloads\EBDESIGN\frontend\src\__tests__\M288.test.jsx","OTHER","vitest","False"
"C:\Users\DIYA GOEL\Downloads\EBDESIGN\frontend\src\__tests__\M289.test.jsx","OTHER","vitest","False"
"C:\Users\DIYA GOEL\Downloads\EBDESIGN\frontend\src\__tests__\M290.test.jsx","OTHER","vitest","False"
"C:\Users\DIYA GOEL\Downloads\EBDESIGN\frontend\src\__tests__\M291.test.jsx","OTHER","vitest","False"
"C:\Users\DIYA GOEL\Downloads\EBDESIGN\frontend\src\__tests__\M292.test.jsx","OTHER","vitest","False"
"C:\Users\DIYA GOEL\Downloads\EBDESIGN\frontend\src\__tests__\M293.test.jsx","OTHER","vitest","False"
"C:\Users\DIYA GOEL\Downloads\EBDESIGN\frontend\src\__tests__\M294.test.jsx","OTHER","vitest","False"
"C:\Users\DIYA GOEL\Downloads\EBDESIGN\frontend\src\__tests__\M295.test.jsx","OTHER","vitest","False"
"C:\Users\DIYA GOEL\Downloads\EBDESIGN\frontend\src\__tests__\M296.test.jsx","OTHER","vitest","False"
"C:\Users\DIYA GOEL\Downloads\EBDESIGN\frontend\src\__tests__\M297.test.jsx","OTHER","vitest","False"
"C:\Users\DIYA GOEL\Downloads\EBDESIGN\frontend\src\__tests__\M298.test.jsx","OTHER","vitest","False"
"C:\Users\DIYA GOEL\Downloads\EBDESIGN\frontend\src\__tests__\M299.test.jsx","OTHER","vitest","False"
"C:\Users\DIYA GOEL\Downloads\EBDESIGN\frontend\src\__tests__\M300.test.jsx","OTHER","vitest","False"
"C:\Users\DIYA GOEL\Downloads\EBDESIGN\frontend\src\__tests__\M301.test.jsx","OTHER","vitest","False"
"C:\Users\DIYA GOEL\Downloads\EBDESIGN\frontend\src\__tests__\M302.test.jsx","OTHER","vitest","False"
"C:\Users\DIYA GOEL\Downloads\EBDESIGN\frontend\src\__tests__\M303.test.jsx","OTHER","vitest","False"
"C:\Users\DIYA GOEL\Downloads\EBDESIGN\frontend\src\__tests__\M304.test.jsx","OTHER","vitest","False"
"C:\Users\DIYA GOEL\Downloads\EBDESIGN\frontend\src\__tests__\M305.test.jsx","OTHER","vitest","False"
"C:\Users\DIYA GOEL\Downloads\EBDESIGN\frontend\src\__tests__\M306.test.jsx","OTHER","vitest","False"
"C:\Users\DIYA GOEL\Downloads\EBDESIGN\frontend\src\__tests__\M307.test.jsx","OTHER","vitest","False"
"C:\Users\DIYA GOEL\Downloads\EBDESIGN\frontend\src\__tests__\M308.test.jsx","OTHER","vitest","False"
"C:\Users\DIYA GOEL\Downloads\EBDESIGN\frontend\src\__tests__\M309.test.jsx","OTHER","vitest","False"
"C:\Users\DIYA GOEL\Downloads\EBDESIGN\frontend\src\__tests__\M31.test.jsx","OTHER","vitest","False"
"C:\Users\DIYA GOEL\Downloads\EBDESIGN\frontend\src\__tests__\M310.test.jsx","OTHER","vitest","False"
"C:\Users\DIYA GOEL\Downloads\EBDESIGN\frontend\src\__tests__\M311.test.jsx","OTHER","vitest","False"
"C:\Users\DIYA GOEL\Downloads\EBDESIGN\frontend\src\__tests__\M312.test.jsx","OTHER","vitest","False"
"C:\Users\DIYA GOEL\Downloads\EBDESIGN\frontend\src\__tests__\M313.test.jsx","OTHER","vitest","False"
"C:\Users\DIYA GOEL\Downloads\EBDESIGN\frontend\src\__tests__\M314.test.jsx","OTHER","vitest","False"
"C:\Users\DIYA GOEL\Downloads\EBDESIGN\frontend\src\__tests__\M315.test.jsx","OTHER","vitest","False"
"C:\Users\DIYA GOEL\Downloads\EBDESIGN\frontend\src\__tests__\M316.test.jsx","OTHER","vitest","False"
"C:\Users\DIYA GOEL\Downloads\EBDESIGN\frontend\src\__tests__\M317.test.jsx","OTHER","vitest","False"
"C:\Users\DIYA GOEL\Downloads\EBDESIGN\frontend\src\__tests__\M318.test.jsx","OTHER","vitest","False"
"C:\Users\DIYA GOEL\Downloads\EBDESIGN\frontend\src\__tests__\M319.test.jsx","OTHER","vitest","False"
"C:\Users\DIYA GOEL\Downloads\EBDESIGN\frontend\src\__tests__\M32.test.jsx","OTHER","vitest","False"
"C:\Users\DIYA GOEL\Downloads\EBDESIGN\frontend\src\__tests__\M320.test.jsx","OTHER","vitest","False"
"C:\Users\DIYA GOEL\Downloads\EBDESIGN\frontend\src\__tests__\M321.test.jsx","OTHER","vitest","False"
"C:\Users\DIYA GOEL\Downloads\EBDESIGN\frontend\src\__tests__\M322.test.jsx","OTHER","vitest","False"
"C:\Users\DIYA GOEL\Downloads\EBDESIGN\frontend\src\__tests__\M323.test.jsx","OTHER","vitest","False"
"C:\Users\DIYA GOEL\Downloads\EBDESIGN\frontend\src\__tests__\M324.test.jsx","OTHER","vitest","False"
"C:\Users\DIYA GOEL\Downloads\EBDESIGN\frontend\src\__tests__\M325.test.jsx","OTHER","vitest","False"
"C:\Users\DIYA GOEL\Downloads\EBDESIGN\frontend\src\__tests__\M326.test.jsx","OTHER","vitest","False"
"C:\Users\DIYA GOEL\Downloads\EBDESIGN\frontend\src\__tests__\M327.test.jsx","OTHER","vitest","False"
"C:\Users\DIYA GOEL\Downloads\EBDESIGN\frontend\src\__tests__\M328.test.jsx","OTHER","vitest","False"
"C:\Users\DIYA GOEL\Downloads\EBDESIGN\frontend\src\__tests__\M329.test.jsx","OTHER","vitest","False"
"C:\Users\DIYA GOEL\Downloads\EBDESIGN\frontend\src\__tests__\M33.test.jsx","OTHER","vitest","False"
"C:\Users\DIYA GOEL\Downloads\EBDESIGN\frontend\src\__tests__\M330.test.jsx","OTHER","vitest","False"
"C:\Users\DIYA GOEL\Downloads\EBDESIGN\frontend\src\__tests__\M331.test.jsx","OTHER","vitest","False"
"C:\Users\DIYA GOEL\Downloads\EBDESIGN\frontend\src\__tests__\M332.test.jsx","OTHER","vitest","False"
"C:\Users\DIYA GOEL\Downloads\EBDESIGN\frontend\src\__tests__\M333.test.jsx","OTHER","vitest","False"
"C:\Users\DIYA GOEL\Downloads\EBDESIGN\frontend\src\__tests__\M334.test.jsx","OTHER","vitest","False"
"C:\Users\DIYA GOEL\Downloads\EBDESIGN\frontend\src\__tests__\M335.test.jsx","OTHER","vitest","False"
"C:\Users\DIYA GOEL\Downloads\EBDESIGN\frontend\src\__tests__\M336.test.jsx","OTHER","vitest","False"
"C:\Users\DIYA GOEL\Downloads\EBDESIGN\frontend\src\__tests__\M337.test.jsx","OTHER","vitest","False"
"C:\Users\DIYA GOEL\Downloads\EBDESIGN\frontend\src\__tests__\M338.test.jsx","OTHER","vitest","False"
"C:\Users\DIYA GOEL\Downloads\EBDESIGN\frontend\src\__tests__\M339.test.jsx","OTHER","vitest","False"
"C:\Users\DIYA GOEL\Downloads\EBDESIGN\frontend\src\__tests__\M34.test.jsx","OTHER","vitest","False"
"C:\Users\DIYA GOEL\Downloads\EBDESIGN\frontend\src\__tests__\M340.test.jsx","OTHER","vitest","False"
"C:\Users\DIYA GOEL\Downloads\EBDESIGN\frontend\src\__tests__\M341.test.jsx","OTHER","vitest","False"
"C:\Users\DIYA GOEL\Downloads\EBDESIGN\frontend\src\__tests__\M342.test.jsx","OTHER","vitest","False"
"C:\Users\DIYA GOEL\Downloads\EBDESIGN\frontend\src\__tests__\M343.test.jsx","OTHER","vitest","False"
"C:\Users\DIYA GOEL\Downloads\EBDESIGN\frontend\src\__tests__\M344.test.jsx","OTHER","vitest","False"
"C:\Users\DIYA GOEL\Downloads\EBDESIGN\frontend\src\__tests__\M35.test.jsx","OTHER","vitest","False"
"C:\Users\DIYA GOEL\Downloads\EBDESIGN\frontend\src\__tests__\M36.test.jsx","OTHER","vitest","False"
"C:\Users\DIYA GOEL\Downloads\EBDESIGN\frontend\src\__tests__\M37.test.jsx","OTHER","vitest","False"
"C:\Users\DIYA GOEL\Downloads\EBDESIGN\frontend\src\__tests__\M38.test.jsx","OTHER","vitest","False"
"C:\Users\DIYA GOEL\Downloads\EBDESIGN\frontend\src\__tests__\M39.test.jsx","OTHER","vitest","False"
"C:\Users\DIYA GOEL\Downloads\EBDESIGN\frontend\src\__tests__\M40.test.jsx","OTHER","vitest","False"
"C:\Users\DIYA GOEL\Downloads\EBDESIGN\frontend\src\__tests__\M41.test.jsx","OTHER","vitest","False"
"C:\Users\DIYA GOEL\Downloads\EBDESIGN\frontend\src\__tests__\M42.test.jsx","OTHER","vitest","False"
"C:\Users\DIYA GOEL\Downloads\EBDESIGN\frontend\src\__tests__\M43.test.jsx","OTHER","vitest","False"
"C:\Users\DIYA GOEL\Downloads\EBDESIGN\frontend\src\__tests__\M44.test.jsx","OTHER","vitest","False"
"C:\Users\DIYA GOEL\Downloads\EBDESIGN\frontend\src\__tests__\M45.test.jsx","OTHER","vitest","False"
"C:\Users\DIYA GOEL\Downloads\EBDESIGN\frontend\src\__tests__\M46.test.jsx","OTHER","vitest","False"
"C:\Users\DIYA GOEL\Downloads\EBDESIGN\frontend\src\__tests__\M47.test.jsx","OTHER","vitest","False"
"C:\Users\DIYA GOEL\Downloads\EBDESIGN\frontend\src\__tests__\M48.test.jsx","OTHER","vitest","False"
"C:\Users\DIYA GOEL\Downloads\EBDESIGN\frontend\src\__tests__\M49.test.jsx","OTHER","vitest","False"
"C:\Users\DIYA GOEL\Downloads\EBDESIGN\frontend\src\__tests__\M50.test.jsx","OTHER","vitest","False"
"C:\Users\DIYA GOEL\Downloads\EBDESIGN\frontend\src\__tests__\M51.test.jsx","OTHER","vitest","False"
"C:\Users\DIYA GOEL\Downloads\EBDESIGN\frontend\src\__tests__\M52.test.jsx","OTHER","vitest","False"
"C:\Users\DIYA GOEL\Downloads\EBDESIGN\frontend\src\__tests__\M53.test.jsx","OTHER","vitest","False"
"C:\Users\DIYA GOEL\Downloads\EBDESIGN\frontend\src\__tests__\M54.test.jsx","OTHER","vitest","False"
"C:\Users\DIYA GOEL\Downloads\EBDESIGN\frontend\src\__tests__\M55.test.jsx","OTHER","vitest","False"
"C:\Users\DIYA GOEL\Downloads\EBDESIGN\frontend\src\__tests__\M56.test.jsx","OTHER","vitest","False"
"C:\Users\DIYA GOEL\Downloads\EBDESIGN\frontend\src\__tests__\M57.test.jsx","OTHER","vitest","False"
"C:\Users\DIYA GOEL\Downloads\EBDESIGN\frontend\src\__tests__\M58.test.jsx","OTHER","vitest","False"
"C:\Users\DIYA GOEL\Downloads\EBDESIGN\frontend\src\__tests__\M59.test.jsx","OTHER","vitest","False"
"C:\Users\DIYA GOEL\Downloads\EBDESIGN\frontend\src\__tests__\M60.test.jsx","OTHER","vitest","False"
"C:\Users\DIYA GOEL\Downloads\EBDESIGN\frontend\src\__tests__\M61.test.jsx","OTHER","vitest","False"
"C:\Users\DIYA GOEL\Downloads\EBDESIGN\frontend\src\__tests__\M62.test.jsx","OTHER","vitest","False"
"C:\Users\DIYA GOEL\Downloads\EBDESIGN\frontend\src\__tests__\M63.test.jsx","OTHER","vitest","False"
"C:\Users\DIYA GOEL\Downloads\EBDESIGN\frontend\src\__tests__\M64.test.jsx","OTHER","vitest","False"
"C:\Users\DIYA GOEL\Downloads\EBDESIGN\frontend\src\__tests__\M65.test.jsx","OTHER","vitest","False"
"C:\Users\DIYA GOEL\Downloads\EBDESIGN\frontend\src\__tests__\M66.test.jsx","OTHER","vitest","False"
"C:\Users\DIYA GOEL\Downloads\EBDESIGN\frontend\src\__tests__\M67.test.jsx","OTHER","vitest","False"
"C:\Users\DIYA GOEL\Downloads\EBDESIGN\frontend\src\__tests__\M68.test.jsx","OTHER","vitest","False"
"C:\Users\DIYA GOEL\Downloads\EBDESIGN\frontend\src\__tests__\M69.test.jsx","OTHER","vitest","False"
"C:\Users\DIYA GOEL\Downloads\EBDESIGN\frontend\src\__tests__\M70.test.jsx","OTHER","vitest","False"
"C:\Users\DIYA GOEL\Downloads\EBDESIGN\frontend\src\__tests__\M71.test.jsx","OTHER","vitest","False"
"C:\Users\DIYA GOEL\Downloads\EBDESIGN\frontend\src\__tests__\M72.test.jsx","OTHER","vitest","False"
"C:\Users\DIYA GOEL\Downloads\EBDESIGN\frontend\src\__tests__\M73.test.jsx","OTHER","vitest","False"
"C:\Users\DIYA GOEL\Downloads\EBDESIGN\frontend\src\__tests__\M74.test.jsx","OTHER","vitest","False"
"C:\Users\DIYA GOEL\Downloads\EBDESIGN\frontend\src\__tests__\M75.test.jsx","OTHER","vitest","False"
"C:\Users\DIYA GOEL\Downloads\EBDESIGN\frontend\src\__tests__\M76.test.jsx","OTHER","vitest","False"
"C:\Users\DIYA GOEL\Downloads\EBDESIGN\frontend\src\__tests__\M77.test.jsx","OTHER","vitest","False"
"C:\Users\DIYA GOEL\Downloads\EBDESIGN\frontend\src\__tests__\M78.test.jsx","OTHER","vitest","False"
"C:\Users\DIYA GOEL\Downloads\EBDESIGN\frontend\src\__tests__\M79.test.jsx","OTHER","vitest","False"
"C:\Users\DIYA GOEL\Downloads\EBDESIGN\frontend\src\__tests__\M80.test.jsx","OTHER","vitest","False"
"C:\Users\DIYA GOEL\Downloads\EBDESIGN\frontend\src\__tests__\M81.test.jsx","OTHER","vitest","False"
"C:\Users\DIYA GOEL\Downloads\EBDESIGN\frontend\src\__tests__\M82.test.jsx","OTHER","vitest","False"
"C:\Users\DIYA GOEL\Downloads\EBDESIGN\frontend\src\__tests__\M83.test.jsx","OTHER","vitest","False"
"C:\Users\DIYA GOEL\Downloads\EBDESIGN\frontend\src\__tests__\M84.test.jsx","OTHER","vitest","False"
"C:\Users\DIYA GOEL\Downloads\EBDESIGN\frontend\src\__tests__\M85.test.jsx","OTHER","vitest","False"
"C:\Users\DIYA GOEL\Downloads\EBDESIGN\frontend\src\__tests__\M86.test.jsx","OTHER","vitest","False"
"C:\Users\DIYA GOEL\Downloads\EBDESIGN\frontend\src\__tests__\M87.test.jsx","OTHER","vitest","False"
"C:\Users\DIYA GOEL\Downloads\EBDESIGN\frontend\src\__tests__\M88.test.jsx","OTHER","vitest","False"
"C:\Users\DIYA GOEL\Downloads\EBDESIGN\frontend\src\__tests__\M89.test.jsx","OTHER","vitest","False"
"C:\Users\DIYA GOEL\Downloads\EBDESIGN\frontend\src\__tests__\M90.test.jsx","OTHER","vitest","False"
"C:\Users\DIYA GOEL\Downloads\EBDESIGN\frontend\src\__tests__\M91.test.jsx","OTHER","vitest","False"
"C:\Users\DIYA GOEL\Downloads\EBDESIGN\frontend\src\__tests__\M92.test.jsx","OTHER","vitest","False"
"C:\Users\DIYA GOEL\Downloads\EBDESIGN\frontend\src\__tests__\M93.test.jsx","OTHER","vitest","False"
"C:\Users\DIYA GOEL\Downloads\EBDESIGN\frontend\src\__tests__\M94.test.jsx","OTHER","vitest","False"
"C:\Users\DIYA GOEL\Downloads\EBDESIGN\frontend\src\__tests__\M95.test.jsx","OTHER","vitest","False"
"C:\Users\DIYA GOEL\Downloads\EBDESIGN\frontend\src\__tests__\M96.test.jsx","OTHER","vitest","False"
"C:\Users\DIYA GOEL\Downloads\EBDESIGN\frontend\src\__tests__\M97.test.jsx","OTHER","vitest","False"
"C:\Users\DIYA GOEL\Downloads\EBDESIGN\frontend\src\__tests__\M98.test.jsx","OTHER","vitest","False"
"C:\Users\DIYA GOEL\Downloads\EBDESIGN\frontend\src\__tests__\M99.test.jsx","OTHER","vitest","False"
"C:\Users\DIYA GOEL\Downloads\EBDESIGN\frontend\src\__tests__\MarketplacePage.test.jsx","OTHER","@testing-library/react","False"
"C:\Users\DIYA GOEL\Downloads\EBDESIGN\frontend\src\__tests__\MarketplacePage.test.jsx","OTHER","../pages/MarketplacePage","True"
"C:\Users\DIYA GOEL\Downloads\EBDESIGN\frontend\src\__tests__\MarketplacePage.test.jsx","OTHER","@tanstack/react-query","False"
"C:\Users\DIYA GOEL\Downloads\EBDESIGN\frontend\src\__tests__\OperationalPlaceholderPages.test.jsx","OTHER","@testing-library/react","False"
"C:\Users\DIYA GOEL\Downloads\EBDESIGN\frontend\src\__tests__\OperationalPlaceholderPages.test.jsx","OTHER","../pages/WeatherAnalyticsPage","True"
"C:\Users\DIYA GOEL\Downloads\EBDESIGN\frontend\src\__tests__\OperationalPlaceholderPages.test.jsx","OTHER","../pages/MarketIntelligencePage","True"
"C:\Users\DIYA GOEL\Downloads\EBDESIGN\frontend\src\__tests__\OperationalPlaceholderPages.test.jsx","OTHER","../pages/ComplianceDashboardPage","True"
"C:\Users\DIYA GOEL\Downloads\EBDESIGN\frontend\src\__tests__\OperationalPlaceholderPages.test.jsx","OTHER","../pages/QualityControlPage","True"
"C:\Users\DIYA GOEL\Downloads\EBDESIGN\frontend\src\__tests__\OperationalPlaceholderPages.test.jsx","OTHER","../services/api","True"
"C:\Users\DIYA GOEL\Downloads\EBDESIGN\frontend\src\__tests__\SearchKnowledgePages.test.jsx","OTHER","@testing-library/react","False"
"C:\Users\DIYA GOEL\Downloads\EBDESIGN\frontend\src\__tests__\SearchKnowledgePages.test.jsx","OTHER","../pages/AdvancedSearchPage","True"
"C:\Users\DIYA GOEL\Downloads\EBDESIGN\frontend\src\__tests__\SearchKnowledgePages.test.jsx","OTHER","../pages/KnowledgeBasePage","True"
"C:\Users\DIYA GOEL\Downloads\EBDESIGN\frontend\src\__tests__\SearchKnowledgePages.test.jsx","OTHER","../services/api","True"
"C:\Users\DIYA GOEL\Downloads\EBDESIGN\frontend\src\__tests__\TrainingTraceabilityPages.test.jsx","OTHER","@testing-library/react","False"
"C:\Users\DIYA GOEL\Downloads\EBDESIGN\frontend\src\__tests__\TrainingTraceabilityPages.test.jsx","OTHER","../pages/TrainingAcademyPage","True"
"C:\Users\DIYA GOEL\Downloads\EBDESIGN\frontend\src\__tests__\TrainingTraceabilityPages.test.jsx","OTHER","../pages/TraceabilityPage","True"
"C:\Users\DIYA GOEL\Downloads\EBDESIGN\frontend\src\__tests__\TrainingTraceabilityPages.test.jsx","OTHER","../services/api","True"
