"File","Role","HasDirectAPI","HasServiceImport","StaticState"
"C:\Users\DIYA GOEL\Downloads\EBDESIGN\frontend\src\components\AdvancedPageShell.jsx","COMPONENT","False","False","NO_OBVIOUS_STATIC_API_LINK"
"C:\Users\DIYA GOEL\Downloads\EBDESIGN\frontend\src\components\AIImageGenerator.jsx","COMPONENT","False","True","SERVICE_OR_API_IMPORT"
"C:\Users\DIYA GOEL\Downloads\EBDESIGN\frontend\src\components\AIImageGenerator.test.jsx","COMPONENT","False","True","SERVICE_OR_API_IMPORT"
"C:\Users\DIYA GOEL\Downloads\EBDESIGN\frontend\src\components\AlertDialog.jsx","COMPONENT","False","False","NO_OBVIOUS_STATIC_API_LINK"
"C:\Users\DIYA GOEL\Downloads\EBDESIGN\frontend\src\components\AreaChart.jsx","COMPONENT","False","False","NO_OBVIOUS_STATIC_API_LINK"
"C:\Users\DIYA GOEL\Downloads\EBDESIGN\frontend\src\components\Autocomplete.jsx","COMPONENT","False","False","NO_OBVIOUS_STATIC_API_LINK"
"C:\Users\DIYA GOEL\Downloads\EBDESIGN\frontend\src\components\Avatars.jsx","COMPONENT","False","False","NO_OBVIOUS_STATIC_API_LINK"
"C:\Users\DIYA GOEL\Downloads\EBDESIGN\frontend\src\components\Badges.jsx","COMPONENT","False","False","NO_OBVIOUS_STATIC_API_LINK"
"C:\Users\DIYA GOEL\Downloads\EBDESIGN\frontend\src\components\BarChart.jsx","COMPONENT","False","False","NO_OBVIOUS_STATIC_API_LINK"
"C:\Users\DIYA GOEL\Downloads\EBDESIGN\frontend\src\components\BasicModal.jsx","COMPONENT","False","False","NO_OBVIOUS_STATIC_API_LINK"
"C:\Users\DIYA GOEL\Downloads\EBDESIGN\frontend\src\components\BottomNav.jsx","COMPONENT","False","False","NO_OBVIOUS_STATIC_API_LINK"
"C:\Users\DIYA GOEL\Downloads\EBDESIGN\frontend\src\components\Breadcrumbs.jsx","COMPONENT","False","False","NO_OBVIOUS_STATIC_API_LINK"
"C:\Users\DIYA GOEL\Downloads\EBDESIGN\frontend\src\components\Button.jsx","COMPONENT","False","False","NO_OBVIOUS_STATIC_API_LINK"
"C:\Users\DIYA GOEL\Downloads\EBDESIGN\frontend\src\components\ButtonGroup.jsx","COMPONENT","False","False","NO_OBVIOUS_STATIC_API_LINK"
"C:\Users\DIYA GOEL\Downloads\EBDESIGN\frontend\src\components\Calendar.jsx","COMPONENT","False","False","NO_OBVIOUS_STATIC_API_LINK"
"C:\Users\DIYA GOEL\Downloads\EBDESIGN\frontend\src\components\Cards.jsx","COMPONENT","False","False","NO_OBVIOUS_STATIC_API_LINK"
"C:\Users\DIYA GOEL\Downloads\EBDESIGN\frontend\src\components\Checkbox.jsx","COMPONENT","False","False","NO_OBVIOUS_STATIC_API_LINK"
"C:\Users\DIYA GOEL\Downloads\EBDESIGN\frontend\src\components\Code.jsx","COMPONENT","False","False","NO_OBVIOUS_STATIC_API_LINK"
"C:\Users\DIYA GOEL\Downloads\EBDESIGN\frontend\src\components\CodeViewerModal.jsx","COMPONENT","False","False","NO_OBVIOUS_STATIC_API_LINK"
"C:\Users\DIYA GOEL\Downloads\EBDESIGN\frontend\src\components\ColorPicker.jsx","COMPONENT","False","False","NO_OBVIOUS_STATIC_API_LINK"
"C:\Users\DIYA GOEL\Downloads\EBDESIGN\frontend\src\components\ColumnCustomization.jsx","COMPONENT","False","False","NO_OBVIOUS_STATIC_API_LINK"
"C:\Users\DIYA GOEL\Downloads\EBDESIGN\frontend\src\components\ColumnReordering.jsx","COMPONENT","False","False","NO_OBVIOUS_STATIC_API_LINK"
"C:\Users\DIYA GOEL\Downloads\EBDESIGN\frontend\src\components\ColumnResizing.jsx","COMPONENT","False","False","NO_OBVIOUS_STATIC_API_LINK"
"C:\Users\DIYA GOEL\Downloads\EBDESIGN\frontend\src\components\ConfirmationDialog.jsx","COMPONENT","False","False","NO_OBVIOUS_STATIC_API_LINK"
"C:\Users\DIYA GOEL\Downloads\EBDESIGN\frontend\src\components\Container.jsx","COMPONENT","False","False","NO_OBVIOUS_STATIC_API_LINK"
"C:\Users\DIYA GOEL\Downloads\EBDESIGN\frontend\src\components\ContextMenu.jsx","COMPONENT","False","False","NO_OBVIOUS_STATIC_API_LINK"
"C:\Users\DIYA GOEL\Downloads\EBDESIGN\frontend\src\components\DarkModeToggle.jsx","COMPONENT","False","False","NO_OBVIOUS_STATIC_API_LINK"
"C:\Users\DIYA GOEL\Downloads\EBDESIGN\frontend\src\components\DataTable.jsx","COMPONENT","False","False","NO_OBVIOUS_STATIC_API_LINK"
"C:\Users\DIYA GOEL\Downloads\EBDESIGN\frontend\src\components\DatePicker.jsx","COMPONENT","False","False","NO_OBVIOUS_STATIC_API_LINK"
"C:\Users\DIYA GOEL\Downloads\EBDESIGN\frontend\src\components\DatePickerModal.jsx","COMPONENT","False","False","NO_OBVIOUS_STATIC_API_LINK"
"C:\Users\DIYA GOEL\Downloads\EBDESIGN\frontend\src\components\DateTimePicker.jsx","COMPONENT","False","False","NO_OBVIOUS_STATIC_API_LINK"
"C:\Users\DIYA GOEL\Downloads\EBDESIGN\frontend\src\components\Divider.jsx","COMPONENT","False","False","NO_OBVIOUS_STATIC_API_LINK"
"C:\Users\DIYA GOEL\Downloads\EBDESIGN\frontend\src\components\DropdownButton.jsx","COMPONENT","False","False","NO_OBVIOUS_STATIC_API_LINK"
"C:\Users\DIYA GOEL\Downloads\EBDESIGN\frontend\src\components\EmailInput.jsx","COMPONENT","False","False","NO_OBVIOUS_STATIC_API_LINK"
"C:\Users\DIYA GOEL\Downloads\EBDESIGN\frontend\src\components\EmptyState.jsx","COMPONENT","False","False","NO_OBVIOUS_STATIC_API_LINK"
"C:\Users\DIYA GOEL\Downloads\EBDESIGN\frontend\src\components\ErrorBoundary.jsx","COMPONENT","False","False","NO_OBVIOUS_STATIC_API_LINK"
"C:\Users\DIYA GOEL\Downloads\EBDESIGN\frontend\src\components\ErrorMessage.jsx","COMPONENT","False","False","NO_OBVIOUS_STATIC_API_LINK"
"C:\Users\DIYA GOEL\Downloads\EBDESIGN\frontend\src\components\ErrorState.jsx","COMPONENT","False","False","NO_OBVIOUS_STATIC_API_LINK"
"C:\Users\DIYA GOEL\Downloads\EBDESIGN\frontend\src\components\ExpansionRows.jsx","COMPONENT","False","False","NO_OBVIOUS_STATIC_API_LINK"
"C:\Users\DIYA GOEL\Downloads\EBDESIGN\frontend\src\components\ExportCSV.jsx","COMPONENT","False","False","NO_OBVIOUS_STATIC_API_LINK"
"C:\Users\DIYA GOEL\Downloads\EBDESIGN\frontend\src\components\ExportExcel.jsx","COMPONENT","False","False","NO_OBVIOUS_STATIC_API_LINK"
"C:\Users\DIYA GOEL\Downloads\EBDESIGN\frontend\src\components\FileUpload.jsx","COMPONENT","False","False","NO_OBVIOUS_STATIC_API_LINK"
"C:\Users\DIYA GOEL\Downloads\EBDESIGN\frontend\src\components\Filtering.jsx","COMPONENT","False","False","NO_OBVIOUS_STATIC_API_LINK"
"C:\Users\DIYA GOEL\Downloads\EBDESIGN\frontend\src\components\FlexboxLayout.jsx","COMPONENT","False","False","NO_OBVIOUS_STATIC_API_LINK"
"C:\Users\DIYA GOEL\Downloads\EBDESIGN\frontend\src\components\Footer.jsx","COMPONENT","False","False","NO_OBVIOUS_STATIC_API_LINK"
"C:\Users\DIYA GOEL\Downloads\EBDESIGN\frontend\src\components\FormBuilder.jsx","COMPONENT","False","False","NO_OBVIOUS_STATIC_API_LINK"
"C:\Users\DIYA GOEL\Downloads\EBDESIGN\frontend\src\components\FormModal.jsx","COMPONENT","False","False","NO_OBVIOUS_STATIC_API_LINK"
"C:\Users\DIYA GOEL\Downloads\EBDESIGN\frontend\src\components\FormValidation.jsx","COMPONENT","False","False","NO_OBVIOUS_STATIC_API_LINK"
"C:\Users\DIYA GOEL\Downloads\EBDESIGN\frontend\src\components\GanttCharts.jsx","COMPONENT","False","False","NO_OBVIOUS_STATIC_API_LINK"
"C:\Users\DIYA GOEL\Downloads\EBDESIGN\frontend\src\components\Gauges.jsx","COMPONENT","False","False","NO_OBVIOUS_STATIC_API_LINK"
"C:\Users\DIYA GOEL\Downloads\EBDESIGN\frontend\src\components\GridSystem.jsx","COMPONENT","False","False","NO_OBVIOUS_STATIC_API_LINK"
"C:\Users\DIYA GOEL\Downloads\EBDESIGN\frontend\src\components\Grouping.jsx","COMPONENT","False","False","NO_OBVIOUS_STATIC_API_LINK"
"C:\Users\DIYA GOEL\Downloads\EBDESIGN\frontend\src\components\Header.jsx","COMPONENT","False","False","NO_OBVIOUS_STATIC_API_LINK"
"C:\Users\DIYA GOEL\Downloads\EBDESIGN\frontend\src\components\Heading.jsx","COMPONENT","False","False","NO_OBVIOUS_STATIC_API_LINK"
"C:\Users\DIYA GOEL\Downloads\EBDESIGN\frontend\src\components\Heatmaps.jsx","COMPONENT","False","False","NO_OBVIOUS_STATIC_API_LINK"
"C:\Users\DIYA GOEL\Downloads\EBDESIGN\frontend\src\components\HelperText.jsx","COMPONENT","False","False","NO_OBVIOUS_STATIC_API_LINK"
"C:\Users\DIYA GOEL\Downloads\EBDESIGN\frontend\src\components\HierarchicalView.jsx","COMPONENT","False","False","NO_OBVIOUS_STATIC_API_LINK"
"C:\Users\DIYA GOEL\Downloads\EBDESIGN\frontend\src\components\Highlight.jsx","COMPONENT","False","False","NO_OBVIOUS_STATIC_API_LINK"
"C:\Users\DIYA GOEL\Downloads\EBDESIGN\frontend\src\components\HorizontalMenu.jsx","COMPONENT","False","False","NO_OBVIOUS_STATIC_API_LINK"
"C:\Users\DIYA GOEL\Downloads\EBDESIGN\frontend\src\components\Icon.jsx","COMPONENT","False","False","NO_OBVIOUS_STATIC_API_LINK"
"C:\Users\DIYA GOEL\Downloads\EBDESIGN\frontend\src\components\IconButton.jsx","COMPONENT","False","False","NO_OBVIOUS_STATIC_API_LINK"
"C:\Users\DIYA GOEL\Downloads\EBDESIGN\frontend\src\components\ImagePreviewModal.jsx","COMPONENT","False","False","NO_OBVIOUS_STATIC_API_LINK"
"C:\Users\DIYA GOEL\Downloads\EBDESIGN\frontend\src\components\ImageUpload.jsx","COMPONENT","False","False","NO_OBVIOUS_STATIC_API_LINK"
"C:\Users\DIYA GOEL\Downloads\EBDESIGN\frontend\src\components\index.js","COMPONENT","False","False","NO_OBVIOUS_STATIC_API_LINK"
"C:\Users\DIYA GOEL\Downloads\EBDESIGN\frontend\src\components\InfoBoxes.jsx","COMPONENT","False","False","NO_OBVIOUS_STATIC_API_LINK"
"C:\Users\DIYA GOEL\Downloads\EBDESIGN\frontend\src\components\InfoMessage.jsx","COMPONENT","False","False","NO_OBVIOUS_STATIC_API_LINK"
"C:\Users\DIYA GOEL\Downloads\EBDESIGN\frontend\src\components\InlineEditing.jsx","COMPONENT","False","False","NO_OBVIOUS_STATIC_API_LINK"
"C:\Users\DIYA GOEL\Downloads\EBDESIGN\frontend\src\components\KanbanBoard.jsx","COMPONENT","False","False","NO_OBVIOUS_STATIC_API_LINK"
"C:\Users\DIYA GOEL\Downloads\EBDESIGN\frontend\src\components\KeyboardShortcuts.jsx","COMPONENT","False","False","NO_OBVIOUS_STATIC_API_LINK"
"C:\Users\DIYA GOEL\Downloads\EBDESIGN\frontend\src\components\Label.jsx","COMPONENT","False","False","NO_OBVIOUS_STATIC_API_LINK"
"C:\Users\DIYA GOEL\Downloads\EBDESIGN\frontend\src\components\Layout.jsx","COMPONENT","False","False","NO_OBVIOUS_STATIC_API_LINK"
"C:\Users\DIYA GOEL\Downloads\EBDESIGN\frontend\src\components\LineChart.jsx","COMPONENT","False","False","NO_OBVIOUS_STATIC_API_LINK"
"C:\Users\DIYA GOEL\Downloads\EBDESIGN\frontend\src\components\Link.jsx","COMPONENT","False","False","NO_OBVIOUS_STATIC_API_LINK"
"C:\Users\DIYA GOEL\Downloads\EBDESIGN\frontend\src\components\Lists.jsx","COMPONENT","False","False","NO_OBVIOUS_STATIC_API_LINK"
"C:\Users\DIYA GOEL\Downloads\EBDESIGN\frontend\src\components\Loader.jsx","COMPONENT","False","False","NO_OBVIOUS_STATIC_API_LINK"
"C:\Users\DIYA GOEL\Downloads\EBDESIGN\frontend\src\components\MapVisualization.jsx","COMPONENT","False","False","NO_OBVIOUS_STATIC_API_LINK"
"C:\Users\DIYA GOEL\Downloads\EBDESIGN\frontend\src\components\MasonryLayout.jsx","COMPONENT","False","False","NO_OBVIOUS_STATIC_API_LINK"
"C:\Users\DIYA GOEL\Downloads\EBDESIGN\frontend\src\components\MenuButton.jsx","COMPONENT","False","False","NO_OBVIOUS_STATIC_API_LINK"
"C:\Users\DIYA GOEL\Downloads\EBDESIGN\frontend\src\components\MobileOptimizedLayout.jsx","COMPONENT","False","False","NO_OBVIOUS_STATIC_API_LINK"
"C:\Users\DIYA GOEL\Downloads\EBDESIGN\frontend\src\components\ModalLayout.jsx","COMPONENT","False","False","NO_OBVIOUS_STATIC_API_LINK"
"C:\Users\DIYA GOEL\Downloads\EBDESIGN\frontend\src\components\MultiSelect.jsx","COMPONENT","False","False","NO_OBVIOUS_STATIC_API_LINK"
"C:\Users\DIYA GOEL\Downloads\EBDESIGN\frontend\src\components\MultiStepModal.jsx","COMPONENT","False","False","NO_OBVIOUS_STATIC_API_LINK"
"C:\Users\DIYA GOEL\Downloads\EBDESIGN\frontend\src\components\NotificationBell.jsx","COMPONENT","False","True","SERVICE_OR_API_IMPORT"
"C:\Users\DIYA GOEL\Downloads\EBDESIGN\frontend\src\components\NumberInput.jsx","COMPONENT","False","False","NO_OBVIOUS_STATIC_API_LINK"
"C:\Users\DIYA GOEL\Downloads\EBDESIGN\frontend\src\components\Pagination.jsx","COMPONENT","False","False","NO_OBVIOUS_STATIC_API_LINK"
"C:\Users\DIYA GOEL\Downloads\EBDESIGN\frontend\src\components\PaginationControls.jsx","COMPONENT","False","False","NO_OBVIOUS_STATIC_API_LINK"
"C:\Users\DIYA GOEL\Downloads\EBDESIGN\frontend\src\components\PasswordInput.jsx","COMPONENT","False","False","NO_OBVIOUS_STATIC_API_LINK"
"C:\Users\DIYA GOEL\Downloads\EBDESIGN\frontend\src\components\PieChart.jsx","COMPONENT","False","False","NO_OBVIOUS_STATIC_API_LINK"
"C:\Users\DIYA GOEL\Downloads\EBDESIGN\frontend\src\components\PlaceholderPage.jsx","COMPONENT","False","False","NO_OBVIOUS_STATIC_API_LINK"
"C:\Users\DIYA GOEL\Downloads\EBDESIGN\frontend\src\components\PlatformCoreDashboard.jsx","COMPONENT","False","False","NO_OBVIOUS_STATIC_API_LINK"
"C:\Users\DIYA GOEL\Downloads\EBDESIGN\frontend\src\components\Popover.jsx","COMPONENT","False","False","NO_OBVIOUS_STATIC_API_LINK"
"C:\Users\DIYA GOEL\Downloads\EBDESIGN\frontend\src\components\ProgressBars.jsx","COMPONENT","False","False","NO_OBVIOUS_STATIC_API_LINK"
"C:\Users\DIYA GOEL\Downloads\EBDESIGN\frontend\src\components\ProtectedRoute.jsx","COMPONENT","False","False","NO_OBVIOUS_STATIC_API_LINK"
"C:\Users\DIYA GOEL\Downloads\EBDESIGN\frontend\src\components\RadioButton.jsx","COMPONENT","False","False","NO_OBVIOUS_STATIC_API_LINK"
"C:\Users\DIYA GOEL\Downloads\EBDESIGN\frontend\src\components\RangeSlider.jsx","COMPONENT","False","False","NO_OBVIOUS_STATIC_API_LINK"
"C:\Users\DIYA GOEL\Downloads\EBDESIGN\frontend\src\components\RatingComponent.jsx","COMPONENT","False","False","NO_OBVIOUS_STATIC_API_LINK"
"C:\Users\DIYA GOEL\Downloads\EBDESIGN\frontend\src\components\ResponsiveGrid.jsx","COMPONENT","False","False","NO_OBVIOUS_STATIC_API_LINK"
"C:\Users\DIYA GOEL\Downloads\EBDESIGN\frontend\src\components\RichTextEditor.jsx","COMPONENT","False","False","NO_OBVIOUS_STATIC_API_LINK"
"C:\Users\DIYA GOEL\Downloads\EBDESIGN\frontend\src\components\RouteAnalytics.jsx","COMPONENT","False","False","NO_OBVIOUS_STATIC_API_LINK"
"C:\Users\DIYA GOEL\Downloads\EBDESIGN\frontend\src\components\RouteErrorBoundary.jsx","COMPONENT","False","False","NO_OBVIOUS_STATIC_API_LINK"
"C:\Users\DIYA GOEL\Downloads\EBDESIGN\frontend\src\components\RouteGuard.jsx","COMPONENT","False","False","NO_OBVIOUS_STATIC_API_LINK"
"C:\Users\DIYA GOEL\Downloads\EBDESIGN\frontend\src\components\RouteLoading.jsx","COMPONENT","False","False","NO_OBVIOUS_STATIC_API_LINK"
"C:\Users\DIYA GOEL\Downloads\EBDESIGN\frontend\src\components\RouteTransition.jsx","COMPONENT","False","False","NO_OBVIOUS_STATIC_API_LINK"
"C:\Users\DIYA GOEL\Downloads\EBDESIGN\frontend\src\components\RowSelection.jsx","COMPONENT","False","False","NO_OBVIOUS_STATIC_API_LINK"
"C:\Users\DIYA GOEL\Downloads\EBDESIGN\frontend\src\components\Schedule.jsx","COMPONENT","False","False","NO_OBVIOUS_STATIC_API_LINK"
"C:\Users\DIYA GOEL\Downloads\EBDESIGN\frontend\src\components\SearchInput.jsx","COMPONENT","False","False","NO_OBVIOUS_STATIC_API_LINK"
"C:\Users\DIYA GOEL\Downloads\EBDESIGN\frontend\src\components\SelectDropdown.jsx","COMPONENT","False","False","NO_OBVIOUS_STATIC_API_LINK"
"C:\Users\DIYA GOEL\Downloads\EBDESIGN\frontend\src\components\Sidebar.jsx","COMPONENT","False","False","NO_OBVIOUS_STATIC_API_LINK"
"C:\Users\DIYA GOEL\Downloads\EBDESIGN\frontend\src\components\SidebarLayout.jsx","COMPONENT","False","False","NO_OBVIOUS_STATIC_API_LINK"
"C:\Users\DIYA GOEL\Downloads\EBDESIGN\frontend\src\components\SideNavigation.jsx","COMPONENT","False","False","NO_OBVIOUS_STATIC_API_LINK"
"C:\Users\DIYA GOEL\Downloads\EBDESIGN\frontend\src\components\SkeletonLoader.jsx","COMPONENT","False","False","NO_OBVIOUS_STATIC_API_LINK"
"C:\Users\DIYA GOEL\Downloads\EBDESIGN\frontend\src\components\Slider.jsx","COMPONENT","False","False","NO_OBVIOUS_STATIC_API_LINK"
"C:\Users\DIYA GOEL\Downloads\EBDESIGN\frontend\src\components\Sorting.jsx","COMPONENT","False","False","NO_OBVIOUS_STATIC_API_LINK"
"C:\Users\DIYA GOEL\Downloads\EBDESIGN\frontend\src\components\Spacer.jsx","COMPONENT","False","False","NO_OBVIOUS_STATIC_API_LINK"
"C:\Users\DIYA GOEL\Downloads\EBDESIGN\frontend\src\components\Sparklines.jsx","COMPONENT","False","False","NO_OBVIOUS_STATIC_API_LINK"
"C:\Users\DIYA GOEL\Downloads\EBDESIGN\frontend\src\components\Spinner.jsx","COMPONENT","False","False","NO_OBVIOUS_STATIC_API_LINK"
"C:\Users\DIYA GOEL\Downloads\EBDESIGN\frontend\src\components\SplitButton.jsx","COMPONENT","False","False","NO_OBVIOUS_STATIC_API_LINK"
"C:\Users\DIYA GOEL\Downloads\EBDESIGN\frontend\src\components\SplitPanel.jsx","COMPONENT","False","False","NO_OBVIOUS_STATIC_API_LINK"
"C:\Users\DIYA GOEL\Downloads\EBDESIGN\frontend\src\components\StackedLayout.jsx","COMPONENT","False","False","NO_OBVIOUS_STATIC_API_LINK"
"C:\Users\DIYA GOEL\Downloads\EBDESIGN\frontend\src\components\StatBoxes.jsx","COMPONENT","False","False","NO_OBVIOUS_STATIC_API_LINK"
"C:\Users\DIYA GOEL\Downloads\EBDESIGN\frontend\src\components\StatusIndicators.jsx","COMPONENT","False","False","NO_OBVIOUS_STATIC_API_LINK"
"C:\Users\DIYA GOEL\Downloads\EBDESIGN\frontend\src\components\Stepper.jsx","COMPONENT","False","False","NO_OBVIOUS_STATIC_API_LINK"
"C:\Users\DIYA GOEL\Downloads\EBDESIGN\frontend\src\components\StepsIndicator.jsx","COMPONENT","False","False","NO_OBVIOUS_STATIC_API_LINK"
"C:\Users\DIYA GOEL\Downloads\EBDESIGN\frontend\src\components\StickyHeader.jsx","COMPONENT","False","False","NO_OBVIOUS_STATIC_API_LINK"
"C:\Users\DIYA GOEL\Downloads\EBDESIGN\frontend\src\components\SuccessMessage.jsx","COMPONENT","False","False","NO_OBVIOUS_STATIC_API_LINK"
"C:\Users\DIYA GOEL\Downloads\EBDESIGN\frontend\src\components\Tabs.jsx","COMPONENT","False","False","NO_OBVIOUS_STATIC_API_LINK"
"C:\Users\DIYA GOEL\Downloads\EBDESIGN\frontend\src\components\TabsLayout.jsx","COMPONENT","False","False","NO_OBVIOUS_STATIC_API_LINK"
"C:\Users\DIYA GOEL\Downloads\EBDESIGN\frontend\src\components\TagInput.jsx","COMPONENT","False","False","NO_OBVIOUS_STATIC_API_LINK"
"C:\Users\DIYA GOEL\Downloads\EBDESIGN\frontend\src\components\Text.jsx","COMPONENT","False","False","NO_OBVIOUS_STATIC_API_LINK"
"C:\Users\DIYA GOEL\Downloads\EBDESIGN\frontend\src\components\Textarea.jsx","COMPONENT","False","False","NO_OBVIOUS_STATIC_API_LINK"
"C:\Users\DIYA GOEL\Downloads\EBDESIGN\frontend\src\components\TextInput.jsx","COMPONENT","False","False","NO_OBVIOUS_STATIC_API_LINK"
"C:\Users\DIYA GOEL\Downloads\EBDESIGN\frontend\src\components\ThreeColumnLayout.jsx","COMPONENT","False","False","NO_OBVIOUS_STATIC_API_LINK"
"C:\Users\DIYA GOEL\Downloads\EBDESIGN\frontend\src\components\Timeline.jsx","COMPONENT","False","False","NO_OBVIOUS_STATIC_API_LINK"
"C:\Users\DIYA GOEL\Downloads\EBDESIGN\frontend\src\components\TimePicker.jsx","COMPONENT","False","False","NO_OBVIOUS_STATIC_API_LINK"
"C:\Users\DIYA GOEL\Downloads\EBDESIGN\frontend\src\components\ToggleSwitch.jsx","COMPONENT","False","False","NO_OBVIOUS_STATIC_API_LINK"
"C:\Users\DIYA GOEL\Downloads\EBDESIGN\frontend\src\components\Tooltip.jsx","COMPONENT","False","False","NO_OBVIOUS_STATIC_API_LINK"
"C:\Users\DIYA GOEL\Downloads\EBDESIGN\frontend\src\components\TopNavBar.jsx","COMPONENT","False","False","NO_OBVIOUS_STATIC_API_LINK"
"C:\Users\DIYA GOEL\Downloads\EBDESIGN\frontend\src\components\TreeView.jsx","COMPONENT","False","False","NO_OBVIOUS_STATIC_API_LINK"
"C:\Users\DIYA GOEL\Downloads\EBDESIGN\frontend\src\components\TwoColumnLayout.jsx","COMPONENT","False","False","NO_OBVIOUS_STATIC_API_LINK"
"C:\Users\DIYA GOEL\Downloads\EBDESIGN\frontend\src\components\VerticalMenu.jsx","COMPONENT","False","False","NO_OBVIOUS_STATIC_API_LINK"
"C:\Users\DIYA GOEL\Downloads\EBDESIGN\frontend\src\components\VideoPlayerModal.jsx","COMPONENT","False","False","NO_OBVIOUS_STATIC_API_LINK"
"C:\Users\DIYA GOEL\Downloads\EBDESIGN\frontend\src\components\Virtualization.jsx","COMPONENT","False","False","NO_OBVIOUS_STATIC_API_LINK"
"C:\Users\DIYA GOEL\Downloads\EBDESIGN\frontend\src\components\WarningMessage.jsx","COMPONENT","False","False","NO_OBVIOUS_STATIC_API_LINK"
"C:\Users\DIYA GOEL\Downloads\EBDESIGN\frontend\src\components\Accessibility\AccessibilityEnhancements.jsx","COMPONENT","False","False","NO_OBVIOUS_STATIC_API_LINK"
"C:\Users\DIYA GOEL\Downloads\EBDESIGN\frontend\src\components\Accessibility\AccessibilityProvider.jsx","COMPONENT","False","False","NO_OBVIOUS_STATIC_API_LINK"
"C:\Users\DIYA GOEL\Downloads\EBDESIGN\frontend\src\components\Admin\AutoGenerationDashboard.jsx","COMPONENT","True","False","DIRECT_API_CALL"
"C:\Users\DIYA GOEL\Downloads\EBDESIGN\frontend\src\components\AdvancedUIPatterns\AdvancedUIPatterns.jsx","COMPONENT","False","False","NO_OBVIOUS_STATIC_API_LINK"
"C:\Users\DIYA GOEL\Downloads\EBDESIGN\frontend\src\components\AI\AIChat.jsx","COMPONENT","True","True","DIRECT_API_AND_SERVICE_IMPORT"
"C:\Users\DIYA GOEL\Downloads\EBDESIGN\frontend\src\components\AI\AIChat.test.jsx","COMPONENT","False","True","SERVICE_OR_API_IMPORT"
"C:\Users\DIYA GOEL\Downloads\EBDESIGN\frontend\src\components\AI\AICollaborationDashboard.jsx","COMPONENT","True","True","DIRECT_API_AND_SERVICE_IMPORT"
"C:\Users\DIYA GOEL\Downloads\EBDESIGN\frontend\src\components\AI\AIDashboard.jsx","COMPONENT","True","False","DIRECT_API_CALL"
"C:\Users\DIYA GOEL\Downloads\EBDESIGN\frontend\src\components\AI\AIImageGeneratorDashboard.jsx","COMPONENT","True","False","DIRECT_API_CALL"
"C:\Users\DIYA GOEL\Downloads\EBDESIGN\frontend\src\components\AI\CopilotChat.jsx","COMPONENT","False","True","SERVICE_OR_API_IMPORT"
"C:\Users\DIYA GOEL\Downloads\EBDESIGN\frontend\src\components\ArVr\ExperienceViewer.jsx","COMPONENT","False","True","SERVICE_OR_API_IMPORT"
"C:\Users\DIYA GOEL\Downloads\EBDESIGN\frontend\src\components\Atomic\Alert.jsx","COMPONENT","False","False","NO_OBVIOUS_STATIC_API_LINK"
"C:\Users\DIYA GOEL\Downloads\EBDESIGN\frontend\src\components\Atomic\Avatar.jsx","COMPONENT","False","False","NO_OBVIOUS_STATIC_API_LINK"
"C:\Users\DIYA GOEL\Downloads\EBDESIGN\frontend\src\components\Atomic\Badge.jsx","COMPONENT","False","False","NO_OBVIOUS_STATIC_API_LINK"
"C:\Users\DIYA GOEL\Downloads\EBDESIGN\frontend\src\components\Atomic\Button.jsx","COMPONENT","False","False","NO_OBVIOUS_STATIC_API_LINK"
"C:\Users\DIYA GOEL\Downloads\EBDESIGN\frontend\src\components\Atomic\ButtonGroup.jsx","COMPONENT","False","False","NO_OBVIOUS_STATIC_API_LINK"
"C:\Users\DIYA GOEL\Downloads\EBDESIGN\frontend\src\components\Atomic\Card.jsx","COMPONENT","False","False","NO_OBVIOUS_STATIC_API_LINK"
"C:\Users\DIYA GOEL\Downloads\EBDESIGN\frontend\src\components\Atomic\Checkbox.jsx","COMPONENT","False","False","NO_OBVIOUS_STATIC_API_LINK"
"C:\Users\DIYA GOEL\Downloads\EBDESIGN\frontend\src\components\Atomic\Chip.jsx","COMPONENT","False","False","NO_OBVIOUS_STATIC_API_LINK"
"C:\Users\DIYA GOEL\Downloads\EBDESIGN\frontend\src\components\Atomic\ColorPicker.jsx","COMPONENT","False","False","NO_OBVIOUS_STATIC_API_LINK"
"C:\Users\DIYA GOEL\Downloads\EBDESIGN\frontend\src\components\Atomic\DatePicker.jsx","COMPONENT","False","False","NO_OBVIOUS_STATIC_API_LINK"
"C:\Users\DIYA GOEL\Downloads\EBDESIGN\frontend\src\components\Atomic\Divider.jsx","COMPONENT","False","False","NO_OBVIOUS_STATIC_API_LINK"
"C:\Users\DIYA GOEL\Downloads\EBDESIGN\frontend\src\components\Atomic\EmailInput.jsx","COMPONENT","False","False","NO_OBVIOUS_STATIC_API_LINK"
"C:\Users\DIYA GOEL\Downloads\EBDESIGN\frontend\src\components\Atomic\FileUpload.jsx","COMPONENT","False","False","NO_OBVIOUS_STATIC_API_LINK"
"C:\Users\DIYA GOEL\Downloads\EBDESIGN\frontend\src\components\Atomic\Icon.jsx","COMPONENT","False","False","NO_OBVIOUS_STATIC_API_LINK"
"C:\Users\DIYA GOEL\Downloads\EBDESIGN\frontend\src\components\Atomic\IconButton.jsx","COMPONENT","False","False","NO_OBVIOUS_STATIC_API_LINK"
"C:\Users\DIYA GOEL\Downloads\EBDESIGN\frontend\src\components\Atomic\Input.jsx","COMPONENT","False","False","NO_OBVIOUS_STATIC_API_LINK"
"C:\Users\DIYA GOEL\Downloads\EBDESIGN\frontend\src\components\Atomic\Label.jsx","COMPONENT","False","False","NO_OBVIOUS_STATIC_API_LINK"
"C:\Users\DIYA GOEL\Downloads\EBDESIGN\frontend\src\components\Atomic\Link.jsx","COMPONENT","False","False","NO_OBVIOUS_STATIC_API_LINK"
"C:\Users\DIYA GOEL\Downloads\EBDESIGN\frontend\src\components\Atomic\Modal.jsx","COMPONENT","False","False","NO_OBVIOUS_STATIC_API_LINK"
"C:\Users\DIYA GOEL\Downloads\EBDESIGN\frontend\src\components\Atomic\MultiSelect.jsx","COMPONENT","False","False","NO_OBVIOUS_STATIC_API_LINK"
"C:\Users\DIYA GOEL\Downloads\EBDESIGN\frontend\src\components\Atomic\NumberInput.jsx","COMPONENT","False","False","NO_OBVIOUS_STATIC_API_LINK"
"C:\Users\DIYA GOEL\Downloads\EBDESIGN\frontend\src\components\Atomic\PasswordInput.jsx","COMPONENT","False","False","NO_OBVIOUS_STATIC_API_LINK"
"C:\Users\DIYA GOEL\Downloads\EBDESIGN\frontend\src\components\Atomic\ProgressBar.jsx","COMPONENT","False","False","NO_OBVIOUS_STATIC_API_LINK"
"C:\Users\DIYA GOEL\Downloads\EBDESIGN\frontend\src\components\Atomic\Radio.jsx","COMPONENT","False","False","NO_OBVIOUS_STATIC_API_LINK"
"C:\Users\DIYA GOEL\Downloads\EBDESIGN\frontend\src\components\Atomic\RangeSlider.jsx","COMPONENT","False","False","NO_OBVIOUS_STATIC_API_LINK"
"C:\Users\DIYA GOEL\Downloads\EBDESIGN\frontend\src\components\Atomic\Select.jsx","COMPONENT","False","False","NO_OBVIOUS_STATIC_API_LINK"
"C:\Users\DIYA GOEL\Downloads\EBDESIGN\frontend\src\components\Atomic\Skeleton.jsx","COMPONENT","False","False","NO_OBVIOUS_STATIC_API_LINK"
"C:\Users\DIYA GOEL\Downloads\EBDESIGN\frontend\src\components\Atomic\Spacer.jsx","COMPONENT","False","False","NO_OBVIOUS_STATIC_API_LINK"
"C:\Users\DIYA GOEL\Downloads\EBDESIGN\frontend\src\components\Atomic\Spinner.jsx","COMPONENT","False","False","NO_OBVIOUS_STATIC_API_LINK"
"C:\Users\DIYA GOEL\Downloads\EBDESIGN\frontend\src\components\Atomic\StatusIndicator.jsx","COMPONENT","False","False","NO_OBVIOUS_STATIC_API_LINK"
"C:\Users\DIYA GOEL\Downloads\EBDESIGN\frontend\src\components\Atomic\Tab.jsx","COMPONENT","False","False","NO_OBVIOUS_STATIC_API_LINK"
"C:\Users\DIYA GOEL\Downloads\EBDESIGN\frontend\src\components\Atomic\Tag.jsx","COMPONENT","False","False","NO_OBVIOUS_STATIC_API_LINK"
"C:\Users\DIYA GOEL\Downloads\EBDESIGN\frontend\src\components\Atomic\Textarea.jsx","COMPONENT","False","False","NO_OBVIOUS_STATIC_API_LINK"
"C:\Users\DIYA GOEL\Downloads\EBDESIGN\frontend\src\components\Atomic\TextInput.jsx","COMPONENT","False","False","NO_OBVIOUS_STATIC_API_LINK"
"C:\Users\DIYA GOEL\Downloads\EBDESIGN\frontend\src\components\Atomic\TimePicker.jsx","COMPONENT","False","False","NO_OBVIOUS_STATIC_API_LINK"
"C:\Users\DIYA GOEL\Downloads\EBDESIGN\frontend\src\components\Atomic\Toggle.jsx","COMPONENT","False","False","NO_OBVIOUS_STATIC_API_LINK"
"C:\Users\DIYA GOEL\Downloads\EBDESIGN\frontend\src\components\BlockchainTraceability\TraceabilityViewer.jsx","COMPONENT","False","True","SERVICE_OR_API_IMPORT"
"C:\Users\DIYA GOEL\Downloads\EBDESIGN\frontend\src\components\common\ActionCard.jsx","COMPONENT","False","False","NO_OBVIOUS_STATIC_API_LINK"
"C:\Users\DIYA GOEL\Downloads\EBDESIGN\frontend\src\components\common\Button.jsx","COMPONENT","False","False","NO_OBVIOUS_STATIC_API_LINK"
"C:\Users\DIYA GOEL\Downloads\EBDESIGN\frontend\src\components\common\Card.jsx","COMPONENT","False","False","NO_OBVIOUS_STATIC_API_LINK"
"C:\Users\DIYA GOEL\Downloads\EBDESIGN\frontend\src\components\common\DataPrimitives.jsx","COMPONENT","False","False","NO_OBVIOUS_STATIC_API_LINK"
"C:\Users\DIYA GOEL\Downloads\EBDESIGN\frontend\src\components\common\JourneyStepper.jsx","COMPONENT","False","False","NO_OBVIOUS_STATIC_API_LINK"
"C:\Users\DIYA GOEL\Downloads\EBDESIGN\frontend\src\components\common\Loading.jsx","COMPONENT","False","False","NO_OBVIOUS_STATIC_API_LINK"
"C:\Users\DIYA GOEL\Downloads\EBDESIGN\frontend\src\components\common\Modal.jsx","COMPONENT","False","False","NO_OBVIOUS_STATIC_API_LINK"
"C:\Users\DIYA GOEL\Downloads\EBDESIGN\frontend\src\components\common\ModuleOperationPanel.jsx","COMPONENT","False","True","SERVICE_OR_API_IMPORT"
"C:\Users\DIYA GOEL\Downloads\EBDESIGN\frontend\src\components\common\ResourceManager.jsx","COMPONENT","False","False","NO_OBVIOUS_STATIC_API_LINK"
"C:\Users\DIYA GOEL\Downloads\EBDESIGN\frontend\src\components\ConsumerHealth\HealthDashboard.jsx","COMPONENT","False","True","SERVICE_OR_API_IMPORT"
"C:\Users\DIYA GOEL\Downloads\EBDESIGN\frontend\src\components\ConversationalAI\ChatInterface.jsx","COMPONENT","False","True","SERVICE_OR_API_IMPORT"
"C:\Users\DIYA GOEL\Downloads\EBDESIGN\frontend\src\components\Display\Component0.jsx","COMPONENT","False","False","NO_OBVIOUS_STATIC_API_LINK"
"C:\Users\DIYA GOEL\Downloads\EBDESIGN\frontend\src\components\Display\Component1.jsx","COMPONENT","False","False","NO_OBVIOUS_STATIC_API_LINK"
"C:\Users\DIYA GOEL\Downloads\EBDESIGN\frontend\src\components\Display\Component10.jsx","COMPONENT","False","False","NO_OBVIOUS_STATIC_API_LINK"
"C:\Users\DIYA GOEL\Downloads\EBDESIGN\frontend\src\components\Display\Component11.jsx","COMPONENT","False","False","NO_OBVIOUS_STATIC_API_LINK"
"C:\Users\DIYA GOEL\Downloads\EBDESIGN\frontend\src\components\Display\Component12.jsx","COMPONENT","False","False","NO_OBVIOUS_STATIC_API_LINK"
"C:\Users\DIYA GOEL\Downloads\EBDESIGN\frontend\src\components\Display\Component13.jsx","COMPONENT","False","False","NO_OBVIOUS_STATIC_API_LINK"
"C:\Users\DIYA GOEL\Downloads\EBDESIGN\frontend\src\components\Display\Component14.jsx","COMPONENT","False","False","NO_OBVIOUS_STATIC_API_LINK"
"C:\Users\DIYA GOEL\Downloads\EBDESIGN\frontend\src\components\Display\Component15.jsx","COMPONENT","False","False","NO_OBVIOUS_STATIC_API_LINK"
"C:\Users\DIYA GOEL\Downloads\EBDESIGN\frontend\src\components\Display\Component16.jsx","COMPONENT","False","False","NO_OBVIOUS_STATIC_API_LINK"
"C:\Users\DIYA GOEL\Downloads\EBDESIGN\frontend\src\components\Display\Component17.jsx","COMPONENT","False","False","NO_OBVIOUS_STATIC_API_LINK"
"C:\Users\DIYA GOEL\Downloads\EBDESIGN\frontend\src\components\Display\Component18.jsx","COMPONENT","False","False","NO_OBVIOUS_STATIC_API_LINK"
"C:\Users\DIYA GOEL\Downloads\EBDESIGN\frontend\src\components\Display\Component19.jsx","COMPONENT","False","False","NO_OBVIOUS_STATIC_API_LINK"
"C:\Users\DIYA GOEL\Downloads\EBDESIGN\frontend\src\components\Display\Component2.jsx","COMPONENT","False","False","NO_OBVIOUS_STATIC_API_LINK"
"C:\Users\DIYA GOEL\Downloads\EBDESIGN\frontend\src\components\Display\Component20.jsx","COMPONENT","False","False","NO_OBVIOUS_STATIC_API_LINK"
"C:\Users\DIYA GOEL\Downloads\EBDESIGN\frontend\src\components\Display\Component21.jsx","COMPONENT","False","False","NO_OBVIOUS_STATIC_API_LINK"
"C:\Users\DIYA GOEL\Downloads\EBDESIGN\frontend\src\components\Display\Component22.jsx","COMPONENT","False","False","NO_OBVIOUS_STATIC_API_LINK"
"C:\Users\DIYA GOEL\Downloads\EBDESIGN\frontend\src\components\Display\Component23.jsx","COMPONENT","False","False","NO_OBVIOUS_STATIC_API_LINK"
"C:\Users\DIYA GOEL\Downloads\EBDESIGN\frontend\src\components\Display\Component24.jsx","COMPONENT","False","False","NO_OBVIOUS_STATIC_API_LINK"
"C:\Users\DIYA GOEL\Downloads\EBDESIGN\frontend\src\components\Display\Component25.jsx","COMPONENT","False","False","NO_OBVIOUS_STATIC_API_LINK"
"C:\Users\DIYA GOEL\Downloads\EBDESIGN\frontend\src\components\Display\Component26.jsx","COMPONENT","False","False","NO_OBVIOUS_STATIC_API_LINK"
"C:\Users\DIYA GOEL\Downloads\EBDESIGN\frontend\src\components\Display\Component27.jsx","COMPONENT","False","False","NO_OBVIOUS_STATIC_API_LINK"
"C:\Users\DIYA GOEL\Downloads\EBDESIGN\frontend\src\components\Display\Component28.jsx","COMPONENT","False","False","NO_OBVIOUS_STATIC_API_LINK"
"C:\Users\DIYA GOEL\Downloads\EBDESIGN\frontend\src\components\Display\Component29.jsx","COMPONENT","False","False","NO_OBVIOUS_STATIC_API_LINK"
"C:\Users\DIYA GOEL\Downloads\EBDESIGN\frontend\src\components\Display\Component3.jsx","COMPONENT","False","False","NO_OBVIOUS_STATIC_API_LINK"
"C:\Users\DIYA GOEL\Downloads\EBDESIGN\frontend\src\components\Display\Component30.jsx","COMPONENT","False","False","NO_OBVIOUS_STATIC_API_LINK"
"C:\Users\DIYA GOEL\Downloads\EBDESIGN\frontend\src\components\Display\Component31.jsx","COMPONENT","False","False","NO_OBVIOUS_STATIC_API_LINK"
"C:\Users\DIYA GOEL\Downloads\EBDESIGN\frontend\src\components\Display\Component32.jsx","COMPONENT","False","False","NO_OBVIOUS_STATIC_API_LINK"
"C:\Users\DIYA GOEL\Downloads\EBDESIGN\frontend\src\components\Display\Component33.jsx","COMPONENT","False","False","NO_OBVIOUS_STATIC_API_LINK"
"C:\Users\DIYA GOEL\Downloads\EBDESIGN\frontend\src\components\Display\Component34.jsx","COMPONENT","False","False","NO_OBVIOUS_STATIC_API_LINK"
"C:\Users\DIYA GOEL\Downloads\EBDESIGN\frontend\src\components\Display\Component35.jsx","COMPONENT","False","False","NO_OBVIOUS_STATIC_API_LINK"
"C:\Users\DIYA GOEL\Downloads\EBDESIGN\frontend\src\components\Display\Component36.jsx","COMPONENT","False","False","NO_OBVIOUS_STATIC_API_LINK"
"C:\Users\DIYA GOEL\Downloads\EBDESIGN\frontend\src\components\Display\Component37.jsx","COMPONENT","False","False","NO_OBVIOUS_STATIC_API_LINK"
"C:\Users\DIYA GOEL\Downloads\EBDESIGN\frontend\src\components\Display\Component38.jsx","COMPONENT","False","False","NO_OBVIOUS_STATIC_API_LINK"
"C:\Users\DIYA GOEL\Downloads\EBDESIGN\frontend\src\components\Display\Component39.jsx","COMPONENT","False","False","NO_OBVIOUS_STATIC_API_LINK"
"C:\Users\DIYA GOEL\Downloads\EBDESIGN\frontend\src\components\Display\Component4.jsx","COMPONENT","False","False","NO_OBVIOUS_STATIC_API_LINK"
"C:\Users\DIYA GOEL\Downloads\EBDESIGN\frontend\src\components\Display\Component40.jsx","COMPONENT","False","False","NO_OBVIOUS_STATIC_API_LINK"
"C:\Users\DIYA GOEL\Downloads\EBDESIGN\frontend\src\components\Display\Component41.jsx","COMPONENT","False","False","NO_OBVIOUS_STATIC_API_LINK"
"C:\Users\DIYA GOEL\Downloads\EBDESIGN\frontend\src\components\Display\Component42.jsx","COMPONENT","False","False","NO_OBVIOUS_STATIC_API_LINK"
"C:\Users\DIYA GOEL\Downloads\EBDESIGN\frontend\src\components\Display\Component43.jsx","COMPONENT","False","False","NO_OBVIOUS_STATIC_API_LINK"
"C:\Users\DIYA GOEL\Downloads\EBDESIGN\frontend\src\components\Display\Component44.jsx","COMPONENT","False","False","NO_OBVIOUS_STATIC_API_LINK"
"C:\Users\DIYA GOEL\Downloads\EBDESIGN\frontend\src\components\Display\Component45.jsx","COMPONENT","False","False","NO_OBVIOUS_STATIC_API_LINK"
"C:\Users\DIYA GOEL\Downloads\EBDESIGN\frontend\src\components\Display\Component46.jsx","COMPONENT","False","False","NO_OBVIOUS_STATIC_API_LINK"
"C:\Users\DIYA GOEL\Downloads\EBDESIGN\frontend\src\components\Display\Component47.jsx","COMPONENT","False","False","NO_OBVIOUS_STATIC_API_LINK"
"C:\Users\DIYA GOEL\Downloads\EBDESIGN\frontend\src\components\Display\Component48.jsx","COMPONENT","False","False","NO_OBVIOUS_STATIC_API_LINK"
"C:\Users\DIYA GOEL\Downloads\EBDESIGN\frontend\src\components\Display\Component49.jsx","COMPONENT","False","False","NO_OBVIOUS_STATIC_API_LINK"
"C:\Users\DIYA GOEL\Downloads\EBDESIGN\frontend\src\components\Display\Component5.jsx","COMPONENT","False","False","NO_OBVIOUS_STATIC_API_LINK"
"C:\Users\DIYA GOEL\Downloads\EBDESIGN\frontend\src\components\Display\Component50.jsx","COMPONENT","False","False","NO_OBVIOUS_STATIC_API_LINK"
"C:\Users\DIYA GOEL\Downloads\EBDESIGN\frontend\src\components\Display\Component51.jsx","COMPONENT","False","False","NO_OBVIOUS_STATIC_API_LINK"
"C:\Users\DIYA GOEL\Downloads\EBDESIGN\frontend\src\components\Display\Component52.jsx","COMPONENT","False","False","NO_OBVIOUS_STATIC_API_LINK"
"C:\Users\DIYA GOEL\Downloads\EBDESIGN\frontend\src\components\Display\Component53.jsx","COMPONENT","False","False","NO_OBVIOUS_STATIC_API_LINK"
"C:\Users\DIYA GOEL\Downloads\EBDESIGN\frontend\src\components\Display\Component54.jsx","COMPONENT","False","False","NO_OBVIOUS_STATIC_API_LINK"
"C:\Users\DIYA GOEL\Downloads\EBDESIGN\frontend\src\components\Display\Component55.jsx","COMPONENT","False","False","NO_OBVIOUS_STATIC_API_LINK"
"C:\Users\DIYA GOEL\Downloads\EBDESIGN\frontend\src\components\Display\Component56.jsx","COMPONENT","False","False","NO_OBVIOUS_STATIC_API_LINK"
"C:\Users\DIYA GOEL\Downloads\EBDESIGN\frontend\src\components\Display\Component57.jsx","COMPONENT","False","False","NO_OBVIOUS_STATIC_API_LINK"
"C:\Users\DIYA GOEL\Downloads\EBDESIGN\frontend\src\components\Display\Component58.jsx","COMPONENT","False","False","NO_OBVIOUS_STATIC_API_LINK"
"C:\Users\DIYA GOEL\Downloads\EBDESIGN\frontend\src\components\Display\Component59.jsx","COMPONENT","False","False","NO_OBVIOUS_STATIC_API_LINK"
"C:\Users\DIYA GOEL\Downloads\EBDESIGN\frontend\src\components\Display\Component6.jsx","COMPONENT","False","False","NO_OBVIOUS_STATIC_API_LINK"
"C:\Users\DIYA GOEL\Downloads\EBDESIGN\frontend\src\components\Display\Component60.jsx","COMPONENT","False","False","NO_OBVIOUS_STATIC_API_LINK"
"C:\Users\DIYA GOEL\Downloads\EBDESIGN\frontend\src\components\Display\Component61.jsx","COMPONENT","False","False","NO_OBVIOUS_STATIC_API_LINK"
"C:\Users\DIYA GOEL\Downloads\EBDESIGN\frontend\src\components\Display\Component62.jsx","COMPONENT","False","False","NO_OBVIOUS_STATIC_API_LINK"
"C:\Users\DIYA GOEL\Downloads\EBDESIGN\frontend\src\components\Display\Component63.jsx","COMPONENT","False","False","NO_OBVIOUS_STATIC_API_LINK"
"C:\Users\DIYA GOEL\Downloads\EBDESIGN\frontend\src\components\Display\Component64.jsx","COMPONENT","False","False","NO_OBVIOUS_STATIC_API_LINK"
"C:\Users\DIYA GOEL\Downloads\EBDESIGN\frontend\src\components\Display\Component65.jsx","COMPONENT","False","False","NO_OBVIOUS_STATIC_API_LINK"
"C:\Users\DIYA GOEL\Downloads\EBDESIGN\frontend\src\components\Display\Component66.jsx","COMPONENT","False","False","NO_OBVIOUS_STATIC_API_LINK"
"C:\Users\DIYA GOEL\Downloads\EBDESIGN\frontend\src\components\Display\Component67.jsx","COMPONENT","False","False","NO_OBVIOUS_STATIC_API_LINK"
"C:\Users\DIYA GOEL\Downloads\EBDESIGN\frontend\src\components\Display\Component68.jsx","COMPONENT","False","False","NO_OBVIOUS_STATIC_API_LINK"
"C:\Users\DIYA GOEL\Downloads\EBDESIGN\frontend\src\components\Display\Component69.jsx","COMPONENT","False","False","NO_OBVIOUS_STATIC_API_LINK"
"C:\Users\DIYA GOEL\Downloads\EBDESIGN\frontend\src\components\Display\Component7.jsx","COMPONENT","False","False","NO_OBVIOUS_STATIC_API_LINK"
"C:\Users\DIYA GOEL\Downloads\EBDESIGN\frontend\src\components\Display\Component70.jsx","COMPONENT","False","False","NO_OBVIOUS_STATIC_API_LINK"
"C:\Users\DIYA GOEL\Downloads\EBDESIGN\frontend\src\components\Display\Component71.jsx","COMPONENT","False","False","NO_OBVIOUS_STATIC_API_LINK"
"C:\Users\DIYA GOEL\Downloads\EBDESIGN\frontend\src\components\Display\Component72.jsx","COMPONENT","False","False","NO_OBVIOUS_STATIC_API_LINK"
"C:\Users\DIYA GOEL\Downloads\EBDESIGN\frontend\src\components\Display\Component73.jsx","COMPONENT","False","False","NO_OBVIOUS_STATIC_API_LINK"
"C:\Users\DIYA GOEL\Downloads\EBDESIGN\frontend\src\components\Display\Component74.jsx","COMPONENT","False","False","NO_OBVIOUS_STATIC_API_LINK"
"C:\Users\DIYA GOEL\Downloads\EBDESIGN\frontend\src\components\Display\Component75.jsx","COMPONENT","False","False","NO_OBVIOUS_STATIC_API_LINK"
"C:\Users\DIYA GOEL\Downloads\EBDESIGN\frontend\src\components\Display\Component76.jsx","COMPONENT","False","False","NO_OBVIOUS_STATIC_API_LINK"
"C:\Users\DIYA GOEL\Downloads\EBDESIGN\frontend\src\components\Display\Component77.jsx","COMPONENT","False","False","NO_OBVIOUS_STATIC_API_LINK"
"C:\Users\DIYA GOEL\Downloads\EBDESIGN\frontend\src\components\Display\Component78.jsx","COMPONENT","False","False","NO_OBVIOUS_STATIC_API_LINK"
"C:\Users\DIYA GOEL\Downloads\EBDESIGN\frontend\src\components\Display\Component79.jsx","COMPONENT","False","False","NO_OBVIOUS_STATIC_API_LINK"
"C:\Users\DIYA GOEL\Downloads\EBDESIGN\frontend\src\components\Display\Component8.jsx","COMPONENT","False","False","NO_OBVIOUS_STATIC_API_LINK"
"C:\Users\DIYA GOEL\Downloads\EBDESIGN\frontend\src\components\Display\Component80.jsx","COMPONENT","False","False","NO_OBVIOUS_STATIC_API_LINK"
"C:\Users\DIYA GOEL\Downloads\EBDESIGN\frontend\src\components\Display\Component81.jsx","COMPONENT","False","False","NO_OBVIOUS_STATIC_API_LINK"
"C:\Users\DIYA GOEL\Downloads\EBDESIGN\frontend\src\components\Display\Component82.jsx","COMPONENT","False","False","NO_OBVIOUS_STATIC_API_LINK"
"C:\Users\DIYA GOEL\Downloads\EBDESIGN\frontend\src\components\Display\Component83.jsx","COMPONENT","False","False","NO_OBVIOUS_STATIC_API_LINK"
"C:\Users\DIYA GOEL\Downloads\EBDESIGN\frontend\src\components\Display\Component84.jsx","COMPONENT","False","False","NO_OBVIOUS_STATIC_API_LINK"
"C:\Users\DIYA GOEL\Downloads\EBDESIGN\frontend\src\components\Display\Component85.jsx","COMPONENT","False","False","NO_OBVIOUS_STATIC_API_LINK"
"C:\Users\DIYA GOEL\Downloads\EBDESIGN\frontend\src\components\Display\Component86.jsx","COMPONENT","False","False","NO_OBVIOUS_STATIC_API_LINK"
"C:\Users\DIYA GOEL\Downloads\EBDESIGN\frontend\src\components\Display\Component87.jsx","COMPONENT","False","False","NO_OBVIOUS_STATIC_API_LINK"
"C:\Users\DIYA GOEL\Downloads\EBDESIGN\frontend\src\components\Display\Component88.jsx","COMPONENT","False","False","NO_OBVIOUS_STATIC_API_LINK"
"C:\Users\DIYA GOEL\Downloads\EBDESIGN\frontend\src\components\Display\Component89.jsx","COMPONENT","False","False","NO_OBVIOUS_STATIC_API_LINK"
"C:\Users\DIYA GOEL\Downloads\EBDESIGN\frontend\src\components\Display\Component9.jsx","COMPONENT","False","False","NO_OBVIOUS_STATIC_API_LINK"
"C:\Users\DIYA GOEL\Downloads\EBDESIGN\frontend\src\components\Display\Component90.jsx","COMPONENT","False","False","NO_OBVIOUS_STATIC_API_LINK"
"C:\Users\DIYA GOEL\Downloads\EBDESIGN\frontend\src\components\Display\Component91.jsx","COMPONENT","False","False","NO_OBVIOUS_STATIC_API_LINK"
"C:\Users\DIYA GOEL\Downloads\EBDESIGN\frontend\src\components\Display\Component92.jsx","COMPONENT","False","False","NO_OBVIOUS_STATIC_API_LINK"
"C:\Users\DIYA GOEL\Downloads\EBDESIGN\frontend\src\components\Display\Component93.jsx","COMPONENT","False","False","NO_OBVIOUS_STATIC_API_LINK"
"C:\Users\DIYA GOEL\Downloads\EBDESIGN\frontend\src\components\Display\Component94.jsx","COMPONENT","False","False","NO_OBVIOUS_STATIC_API_LINK"
"C:\Users\DIYA GOEL\Downloads\EBDESIGN\frontend\src\components\Display\Component95.jsx","COMPONENT","False","False","NO_OBVIOUS_STATIC_API_LINK"
"C:\Users\DIYA GOEL\Downloads\EBDESIGN\frontend\src\components\Display\Component96.jsx","COMPONENT","False","False","NO_OBVIOUS_STATIC_API_LINK"
"C:\Users\DIYA GOEL\Downloads\EBDESIGN\frontend\src\components\Display\Component97.jsx","COMPONENT","False","False","NO_OBVIOUS_STATIC_API_LINK"
"C:\Users\DIYA GOEL\Downloads\EBDESIGN\frontend\src\components\Display\Component98.jsx","COMPONENT","False","False","NO_OBVIOUS_STATIC_API_LINK"
"C:\Users\DIYA GOEL\Downloads\EBDESIGN\frontend\src\components\Display\Component99.jsx","COMPONENT","False","False","NO_OBVIOUS_STATIC_API_LINK"
"C:\Users\DIYA GOEL\Downloads\EBDESIGN\frontend\src\components\Display\OrderCard.jsx","COMPONENT","False","False","NO_OBVIOUS_STATIC_API_LINK"
"C:\Users\DIYA GOEL\Downloads\EBDESIGN\frontend\src\components\Display\ProductCard.jsx","COMPONENT","False","False","NO_OBVIOUS_STATIC_API_LINK"
"C:\Users\DIYA GOEL\Downloads\EBDESIGN\frontend\src\components\Display\StatCard.jsx","COMPONENT","False","False","NO_OBVIOUS_STATIC_API_LINK"
"C:\Users\DIYA GOEL\Downloads\EBDESIGN\frontend\src\components\Display\StatCard.test.jsx","COMPONENT","False","False","NO_OBVIOUS_STATIC_API_LINK"
"C:\Users\DIYA GOEL\Downloads\EBDESIGN\frontend\src\components\Display\WalletCard.jsx","COMPONENT","False","True","SERVICE_OR_API_IMPORT"
"C:\Users\DIYA GOEL\Downloads\EBDESIGN\frontend\src\components\Display\WalletCard.test.jsx","COMPONENT","False","True","SERVICE_OR_API_IMPORT"
"C:\Users\DIYA GOEL\Downloads\EBDESIGN\frontend\src\components\ErrorBoundary\EnhancedErrorBoundary.jsx","COMPONENT","False","False","NO_OBVIOUS_STATIC_API_LINK"
"C:\Users\DIYA GOEL\Downloads\EBDESIGN\frontend\src\components\Farmer\FarmerImagePortal.jsx","COMPONENT","True","False","DIRECT_API_CALL"
"C:\Users\DIYA GOEL\Downloads\EBDESIGN\frontend\src\components\FarmerPortal\LandRecords.jsx","COMPONENT","False","True","SERVICE_OR_API_IMPORT"
"C:\Users\DIYA GOEL\Downloads\EBDESIGN\frontend\src\components\FoodIntelligence\FoodSafetyDashboard.jsx","COMPONENT","False","True","SERVICE_OR_API_IMPORT"
"C:\Users\DIYA GOEL\Downloads\EBDESIGN\frontend\src\components\forms\ClaimForm.jsx","COMPONENT","False","False","NO_OBVIOUS_STATIC_API_LINK"
"C:\Users\DIYA GOEL\Downloads\EBDESIGN\frontend\src\components\forms\ClaimForm15.jsx","COMPONENT","False","False","NO_OBVIOUS_STATIC_API_LINK"
"C:\Users\DIYA GOEL\Downloads\EBDESIGN\frontend\src\components\forms\ClaimForm25.jsx","COMPONENT","False","False","NO_OBVIOUS_STATIC_API_LINK"
"C:\Users\DIYA GOEL\Downloads\EBDESIGN\frontend\src\components\forms\ClaimForm35.jsx","COMPONENT","False","False","NO_OBVIOUS_STATIC_API_LINK"
"C:\Users\DIYA GOEL\Downloads\EBDESIGN\frontend\src\components\forms\ClaimForm45.jsx","COMPONENT","False","False","NO_OBVIOUS_STATIC_API_LINK"
"C:\Users\DIYA GOEL\Downloads\EBDESIGN\frontend\src\components\forms\ClaimForm55.jsx","COMPONENT","False","False","NO_OBVIOUS_STATIC_API_LINK"
"C:\Users\DIYA GOEL\Downloads\EBDESIGN\frontend\src\components\forms\ClaimForm65.jsx","COMPONENT","False","False","NO_OBVIOUS_STATIC_API_LINK"
"C:\Users\DIYA GOEL\Downloads\EBDESIGN\frontend\src\components\forms\ClaimForm75.jsx","COMPONENT","False","False","NO_OBVIOUS_STATIC_API_LINK"
"C:\Users\DIYA GOEL\Downloads\EBDESIGN\frontend\src\components\forms\EnhancedFormValidator.jsx","COMPONENT","False","False","NO_OBVIOUS_STATIC_API_LINK"
"C:\Users\DIYA GOEL\Downloads\EBDESIGN\frontend\src\components\forms\FilterForm.jsx","COMPONENT","False","False","NO_OBVIOUS_STATIC_API_LINK"
"C:\Users\DIYA GOEL\Downloads\EBDESIGN\frontend\src\components\forms\FilterForm18.jsx","COMPONENT","False","False","NO_OBVIOUS_STATIC_API_LINK"
"C:\Users\DIYA GOEL\Downloads\EBDESIGN\frontend\src\components\forms\FilterForm28.jsx","COMPONENT","False","False","NO_OBVIOUS_STATIC_API_LINK"
"C:\Users\DIYA GOEL\Downloads\EBDESIGN\frontend\src\components\forms\FilterForm38.jsx","COMPONENT","False","False","NO_OBVIOUS_STATIC_API_LINK"
"C:\Users\DIYA GOEL\Downloads\EBDESIGN\frontend\src\components\forms\FilterForm48.jsx","COMPONENT","False","False","NO_OBVIOUS_STATIC_API_LINK"
"C:\Users\DIYA GOEL\Downloads\EBDESIGN\frontend\src\components\forms\FilterForm58.jsx","COMPONENT","False","False","NO_OBVIOUS_STATIC_API_LINK"
"C:\Users\DIYA GOEL\Downloads\EBDESIGN\frontend\src\components\forms\FilterForm68.jsx","COMPONENT","False","False","NO_OBVIOUS_STATIC_API_LINK"
"C:\Users\DIYA GOEL\Downloads\EBDESIGN\frontend\src\components\forms\FilterForm78.jsx","COMPONENT","False","False","NO_OBVIOUS_STATIC_API_LINK"
"C:\Users\DIYA GOEL\Downloads\EBDESIGN\frontend\src\components\forms\FormBuilderPanel.jsx","COMPONENT","False","False","NO_OBVIOUS_STATIC_API_LINK"
"C:\Users\DIYA GOEL\Downloads\EBDESIGN\frontend\src\components\forms\FormPreviewPanel.jsx","COMPONENT","False","False","NO_OBVIOUS_STATIC_API_LINK"
"C:\Users\DIYA GOEL\Downloads\EBDESIGN\frontend\src\components\forms\LoanForm.jsx","COMPONENT","False","False","NO_OBVIOUS_STATIC_API_LINK"
"C:\Users\DIYA GOEL\Downloads\EBDESIGN\frontend\src\components\forms\LoanForm14.jsx","COMPONENT","False","False","NO_OBVIOUS_STATIC_API_LINK"
"C:\Users\DIYA GOEL\Downloads\EBDESIGN\frontend\src\components\forms\LoanForm24.jsx","COMPONENT","False","False","NO_OBVIOUS_STATIC_API_LINK"
"C:\Users\DIYA GOEL\Downloads\EBDESIGN\frontend\src\components\forms\LoanForm34.jsx","COMPONENT","False","False","NO_OBVIOUS_STATIC_API_LINK"
"C:\Users\DIYA GOEL\Downloads\EBDESIGN\frontend\src\components\forms\LoanForm44.jsx","COMPONENT","False","False","NO_OBVIOUS_STATIC_API_LINK"
"C:\Users\DIYA GOEL\Downloads\EBDESIGN\frontend\src\components\forms\LoanForm54.jsx","COMPONENT","False","False","NO_OBVIOUS_STATIC_API_LINK"
"C:\Users\DIYA GOEL\Downloads\EBDESIGN\frontend\src\components\forms\LoanForm64.jsx","COMPONENT","False","False","NO_OBVIOUS_STATIC_API_LINK"
"C:\Users\DIYA GOEL\Downloads\EBDESIGN\frontend\src\components\forms\LoanForm74.jsx","COMPONENT","False","False","NO_OBVIOUS_STATIC_API_LINK"
"C:\Users\DIYA GOEL\Downloads\EBDESIGN\frontend\src\components\forms\LoginForm.jsx","COMPONENT","False","True","SERVICE_OR_API_IMPORT"
"C:\Users\DIYA GOEL\Downloads\EBDESIGN\frontend\src\components\forms\LoginForm10.jsx","COMPONENT","False","False","NO_OBVIOUS_STATIC_API_LINK"
"C:\Users\DIYA GOEL\Downloads\EBDESIGN\frontend\src\components\forms\LoginForm20.jsx","COMPONENT","False","False","NO_OBVIOUS_STATIC_API_LINK"
"C:\Users\DIYA GOEL\Downloads\EBDESIGN\frontend\src\components\forms\LoginForm30.jsx","COMPONENT","False","False","NO_OBVIOUS_STATIC_API_LINK"
"C:\Users\DIYA GOEL\Downloads\EBDESIGN\frontend\src\components\forms\LoginForm40.jsx","COMPONENT","False","False","NO_OBVIOUS_STATIC_API_LINK"
"C:\Users\DIYA GOEL\Downloads\EBDESIGN\frontend\src\components\forms\LoginForm50.jsx","COMPONENT","False","False","NO_OBVIOUS_STATIC_API_LINK"
"C:\Users\DIYA GOEL\Downloads\EBDESIGN\frontend\src\components\forms\LoginForm60.jsx","COMPONENT","False","False","NO_OBVIOUS_STATIC_API_LINK"
"C:\Users\DIYA GOEL\Downloads\EBDESIGN\frontend\src\components\forms\LoginForm70.jsx","COMPONENT","False","False","NO_OBVIOUS_STATIC_API_LINK"
"C:\Users\DIYA GOEL\Downloads\EBDESIGN\frontend\src\components\forms\OrderForm.jsx","COMPONENT","False","False","NO_OBVIOUS_STATIC_API_LINK"
"C:\Users\DIYA GOEL\Downloads\EBDESIGN\frontend\src\components\forms\OrderForm13.jsx","COMPONENT","False","False","NO_OBVIOUS_STATIC_API_LINK"
"C:\Users\DIYA GOEL\Downloads\EBDESIGN\frontend\src\components\forms\OrderForm23.jsx","COMPONENT","False","False","NO_OBVIOUS_STATIC_API_LINK"
"C:\Users\DIYA GOEL\Downloads\EBDESIGN\frontend\src\components\forms\OrderForm33.jsx","COMPONENT","False","False","NO_OBVIOUS_STATIC_API_LINK"
"C:\Users\DIYA GOEL\Downloads\EBDESIGN\frontend\src\components\forms\OrderForm43.jsx","COMPONENT","False","False","NO_OBVIOUS_STATIC_API_LINK"
"C:\Users\DIYA GOEL\Downloads\EBDESIGN\frontend\src\components\forms\OrderForm53.jsx","COMPONENT","False","False","NO_OBVIOUS_STATIC_API_LINK"
"C:\Users\DIYA GOEL\Downloads\EBDESIGN\frontend\src\components\forms\OrderForm63.jsx","COMPONENT","False","False","NO_OBVIOUS_STATIC_API_LINK"
"C:\Users\DIYA GOEL\Downloads\EBDESIGN\frontend\src\components\forms\OrderForm73.jsx","COMPONENT","False","False","NO_OBVIOUS_STATIC_API_LINK"
"C:\Users\DIYA GOEL\Downloads\EBDESIGN\frontend\src\components\forms\PaymentForm.jsx","COMPONENT","False","False","NO_OBVIOUS_STATIC_API_LINK"
"C:\Users\DIYA GOEL\Downloads\EBDESIGN\frontend\src\components\forms\PaymentForm16.jsx","COMPONENT","False","False","NO_OBVIOUS_STATIC_API_LINK"
"C:\Users\DIYA GOEL\Downloads\EBDESIGN\frontend\src\components\forms\PaymentForm26.jsx","COMPONENT","False","False","NO_OBVIOUS_STATIC_API_LINK"
"C:\Users\DIYA GOEL\Downloads\EBDESIGN\frontend\src\components\forms\PaymentForm36.jsx","COMPONENT","False","False","NO_OBVIOUS_STATIC_API_LINK"
"C:\Users\DIYA GOEL\Downloads\EBDESIGN\frontend\src\components\forms\PaymentForm46.jsx","COMPONENT","False","False","NO_OBVIOUS_STATIC_API_LINK"
"C:\Users\DIYA GOEL\Downloads\EBDESIGN\frontend\src\components\forms\PaymentForm56.jsx","COMPONENT","False","False","NO_OBVIOUS_STATIC_API_LINK"
"C:\Users\DIYA GOEL\Downloads\EBDESIGN\frontend\src\components\forms\PaymentForm66.jsx","COMPONENT","False","False","NO_OBVIOUS_STATIC_API_LINK"
"C:\Users\DIYA GOEL\Downloads\EBDESIGN\frontend\src\components\forms\PaymentForm76.jsx","COMPONENT","False","False","NO_OBVIOUS_STATIC_API_LINK"
"C:\Users\DIYA GOEL\Downloads\EBDESIGN\frontend\src\components\forms\ProductForm.jsx","COMPONENT","False","False","NO_OBVIOUS_STATIC_API_LINK"
"C:\Users\DIYA GOEL\Downloads\EBDESIGN\frontend\src\components\forms\ProductForm12.jsx","COMPONENT","False","False","NO_OBVIOUS_STATIC_API_LINK"
"C:\Users\DIYA GOEL\Downloads\EBDESIGN\frontend\src\components\forms\ProductForm22.jsx","COMPONENT","False","False","NO_OBVIOUS_STATIC_API_LINK"
"C:\Users\DIYA GOEL\Downloads\EBDESIGN\frontend\src\components\forms\ProductForm32.jsx","COMPONENT","False","False","NO_OBVIOUS_STATIC_API_LINK"
"C:\Users\DIYA GOEL\Downloads\EBDESIGN\frontend\src\components\forms\ProductForm42.jsx","COMPONENT","False","False","NO_OBVIOUS_STATIC_API_LINK"
"C:\Users\DIYA GOEL\Downloads\EBDESIGN\frontend\src\components\forms\ProductForm52.jsx","COMPONENT","False","False","NO_OBVIOUS_STATIC_API_LINK"
"C:\Users\DIYA GOEL\Downloads\EBDESIGN\frontend\src\components\forms\ProductForm62.jsx","COMPONENT","False","False","NO_OBVIOUS_STATIC_API_LINK"
"C:\Users\DIYA GOEL\Downloads\EBDESIGN\frontend\src\components\forms\ProductForm72.jsx","COMPONENT","False","False","NO_OBVIOUS_STATIC_API_LINK"
"C:\Users\DIYA GOEL\Downloads\EBDESIGN\frontend\src\components\forms\ProfileForm.jsx","COMPONENT","False","False","NO_OBVIOUS_STATIC_API_LINK"
"C:\Users\DIYA GOEL\Downloads\EBDESIGN\frontend\src\components\forms\ProfileForm19.jsx","COMPONENT","False","False","NO_OBVIOUS_STATIC_API_LINK"
"C:\Users\DIYA GOEL\Downloads\EBDESIGN\frontend\src\components\forms\ProfileForm29.jsx","COMPONENT","False","False","NO_OBVIOUS_STATIC_API_LINK"
"C:\Users\DIYA GOEL\Downloads\EBDESIGN\frontend\src\components\forms\ProfileForm39.jsx","COMPONENT","False","False","NO_OBVIOUS_STATIC_API_LINK"
"C:\Users\DIYA GOEL\Downloads\EBDESIGN\frontend\src\components\forms\ProfileForm49.jsx","COMPONENT","False","False","NO_OBVIOUS_STATIC_API_LINK"
"C:\Users\DIYA GOEL\Downloads\EBDESIGN\frontend\src\components\forms\ProfileForm59.jsx","COMPONENT","False","False","NO_OBVIOUS_STATIC_API_LINK"
"C:\Users\DIYA GOEL\Downloads\EBDESIGN\frontend\src\components\forms\ProfileForm69.jsx","COMPONENT","False","False","NO_OBVIOUS_STATIC_API_LINK"
"C:\Users\DIYA GOEL\Downloads\EBDESIGN\frontend\src\components\forms\ProfileForm79.jsx","COMPONENT","False","False","NO_OBVIOUS_STATIC_API_LINK"
"C:\Users\DIYA GOEL\Downloads\EBDESIGN\frontend\src\components\forms\RegisterForm.jsx","COMPONENT","False","True","SERVICE_OR_API_IMPORT"
"C:\Users\DIYA GOEL\Downloads\EBDESIGN\frontend\src\components\forms\RegisterForm11.jsx","COMPONENT","False","False","NO_OBVIOUS_STATIC_API_LINK"
"C:\Users\DIYA GOEL\Downloads\EBDESIGN\frontend\src\components\forms\RegisterForm21.jsx","COMPONENT","False","False","NO_OBVIOUS_STATIC_API_LINK"
"C:\Users\DIYA GOEL\Downloads\EBDESIGN\frontend\src\components\forms\RegisterForm31.jsx","COMPONENT","False","False","NO_OBVIOUS_STATIC_API_LINK"
"C:\Users\DIYA GOEL\Downloads\EBDESIGN\frontend\src\components\forms\RegisterForm41.jsx","COMPONENT","False","False","NO_OBVIOUS_STATIC_API_LINK"
"C:\Users\DIYA GOEL\Downloads\EBDESIGN\frontend\src\components\forms\RegisterForm51.jsx","COMPONENT","False","False","NO_OBVIOUS_STATIC_API_LINK"
"C:\Users\DIYA GOEL\Downloads\EBDESIGN\frontend\src\components\forms\RegisterForm61.jsx","COMPONENT","False","False","NO_OBVIOUS_STATIC_API_LINK"
"C:\Users\DIYA GOEL\Downloads\EBDESIGN\frontend\src\components\forms\RegisterForm71.jsx","COMPONENT","False","False","NO_OBVIOUS_STATIC_API_LINK"
"C:\Users\DIYA GOEL\Downloads\EBDESIGN\frontend\src\components\forms\SearchForm.jsx","COMPONENT","False","False","NO_OBVIOUS_STATIC_API_LINK"
"C:\Users\DIYA GOEL\Downloads\EBDESIGN\frontend\src\components\forms\SearchForm17.jsx","COMPONENT","False","False","NO_OBVIOUS_STATIC_API_LINK"
"C:\Users\DIYA GOEL\Downloads\EBDESIGN\frontend\src\components\forms\SearchForm27.jsx","COMPONENT","False","False","NO_OBVIOUS_STATIC_API_LINK"
"C:\Users\DIYA GOEL\Downloads\EBDESIGN\frontend\src\components\forms\SearchForm37.jsx","COMPONENT","False","False","NO_OBVIOUS_STATIC_API_LINK"
"C:\Users\DIYA GOEL\Downloads\EBDESIGN\frontend\src\components\forms\SearchForm47.jsx","COMPONENT","False","False","NO_OBVIOUS_STATIC_API_LINK"
"C:\Users\DIYA GOEL\Downloads\EBDESIGN\frontend\src\components\forms\SearchForm57.jsx","COMPONENT","False","False","NO_OBVIOUS_STATIC_API_LINK"
"C:\Users\DIYA GOEL\Downloads\EBDESIGN\frontend\src\components\forms\SearchForm67.jsx","COMPONENT","False","False","NO_OBVIOUS_STATIC_API_LINK"
"C:\Users\DIYA GOEL\Downloads\EBDESIGN\frontend\src\components\forms\SearchForm77.jsx","COMPONENT","False","False","NO_OBVIOUS_STATIC_API_LINK"
"C:\Users\DIYA GOEL\Downloads\EBDESIGN\frontend\src\components\GDPR\GDPRConsent.jsx","COMPONENT","False","True","SERVICE_OR_API_IMPORT"
"C:\Users\DIYA GOEL\Downloads\EBDESIGN\frontend\src\components\GIIntelligence\GIProductCard.jsx","COMPONENT","False","True","SERVICE_OR_API_IMPORT"
"C:\Users\DIYA GOEL\Downloads\EBDESIGN\frontend\src\components\Insurance\InsurancePremiumCalculator.jsx","COMPONENT","False","True","SERVICE_OR_API_IMPORT"
"C:\Users\DIYA GOEL\Downloads\EBDESIGN\frontend\src\components\IoTIntegration\DeviceMonitor.jsx","COMPONENT","False","True","SERVICE_OR_API_IMPORT"
"C:\Users\DIYA GOEL\Downloads\EBDESIGN\frontend\src\components\KnowledgeGraph\KnowledgeExplorer.jsx","COMPONENT","False","True","SERVICE_OR_API_IMPORT"
"C:\Users\DIYA GOEL\Downloads\EBDESIGN\frontend\src\components\LaboratoryERP\SampleRegistration.jsx","COMPONENT","False","True","SERVICE_OR_API_IMPORT"
"C:\Users\DIYA GOEL\Downloads\EBDESIGN\frontend\src\components\Library\LibraryBrowser.jsx","COMPONENT","False","True","SERVICE_OR_API_IMPORT"
"C:\Users\DIYA GOEL\Downloads\EBDESIGN\frontend\src\components\Logistics\CustodyChainViewer.jsx","COMPONENT","False","True","SERVICE_OR_API_IMPORT"
"C:\Users\DIYA GOEL\Downloads\EBDESIGN\frontend\src\components\Logistics\RealTimeTracking.jsx","COMPONENT","False","True","SERVICE_OR_API_IMPORT"
"C:\Users\DIYA GOEL\Downloads\EBDESIGN\frontend\src\components\Marketplace\GSTCalculator.jsx","COMPONENT","False","True","SERVICE_OR_API_IMPORT"
"C:\Users\DIYA GOEL\Downloads\EBDESIGN\frontend\src\components\Marketplace\ProductReview.jsx","COMPONENT","False","True","SERVICE_OR_API_IMPORT"
"C:\Users\DIYA GOEL\Downloads\EBDESIGN\frontend\src\components\MFA\MFASetup.jsx","COMPONENT","False","True","SERVICE_OR_API_IMPORT"
"C:\Users\DIYA GOEL\Downloads\EBDESIGN\frontend\src\components\Mobile\MobileOptimization.jsx","COMPONENT","False","False","NO_OBVIOUS_STATIC_API_LINK"
"C:\Users\DIYA GOEL\Downloads\EBDESIGN\frontend\src\components\Modals\AlertModal.jsx","COMPONENT","False","False","NO_OBVIOUS_STATIC_API_LINK"
"C:\Users\DIYA GOEL\Downloads\EBDESIGN\frontend\src\components\Modals\ConfirmationModal.jsx","COMPONENT","False","False","NO_OBVIOUS_STATIC_API_LINK"
"C:\Users\DIYA GOEL\Downloads\EBDESIGN\frontend\src\components\Modals\DateModal.jsx","COMPONENT","False","False","NO_OBVIOUS_STATIC_API_LINK"
"C:\Users\DIYA GOEL\Downloads\EBDESIGN\frontend\src\components\Modals\ErrorModal.jsx","COMPONENT","False","False","NO_OBVIOUS_STATIC_API_LINK"
"C:\Users\DIYA GOEL\Downloads\EBDESIGN\frontend\src\components\Modals\ExportModal.jsx","COMPONENT","False","False","NO_OBVIOUS_STATIC_API_LINK"
"C:\Users\DIYA GOEL\Downloads\EBDESIGN\frontend\src\components\Modals\FeedbackModal.jsx","COMPONENT","False","False","NO_OBVIOUS_STATIC_API_LINK"
"C:\Users\DIYA GOEL\Downloads\EBDESIGN\frontend\src\components\Modals\FileUploadModal.jsx","COMPONENT","False","False","NO_OBVIOUS_STATIC_API_LINK"
"C:\Users\DIYA GOEL\Downloads\EBDESIGN\frontend\src\components\Modals\FilterModal.jsx","COMPONENT","False","False","NO_OBVIOUS_STATIC_API_LINK"
"C:\Users\DIYA GOEL\Downloads\EBDESIGN\frontend\src\components\Modals\FormModal.jsx","COMPONENT","False","False","NO_OBVIOUS_STATIC_API_LINK"
"C:\Users\DIYA GOEL\Downloads\EBDESIGN\frontend\src\components\Modals\HelpModal.jsx","COMPONENT","False","False","NO_OBVIOUS_STATIC_API_LINK"
"C:\Users\DIYA GOEL\Downloads\EBDESIGN\frontend\src\components\Modals\ImageModal.jsx","COMPONENT","False","False","NO_OBVIOUS_STATIC_API_LINK"
"C:\Users\DIYA GOEL\Downloads\EBDESIGN\frontend\src\components\Modals\ImportModal.jsx","COMPONENT","False","False","NO_OBVIOUS_STATIC_API_LINK"
"C:\Users\DIYA GOEL\Downloads\EBDESIGN\frontend\src\components\Modals\InfoModal.jsx","COMPONENT","False","False","NO_OBVIOUS_STATIC_API_LINK"
"C:\Users\DIYA GOEL\Downloads\EBDESIGN\frontend\src\components\Modals\InputModal.jsx","COMPONENT","False","False","NO_OBVIOUS_STATIC_API_LINK"
"C:\Users\DIYA GOEL\Downloads\EBDESIGN\frontend\src\components\Modals\LoadingModal.jsx","COMPONENT","False","False","NO_OBVIOUS_STATIC_API_LINK"
"C:\Users\DIYA GOEL\Downloads\EBDESIGN\frontend\src\components\Modals\MultiSelectModal.jsx","COMPONENT","False","False","NO_OBVIOUS_STATIC_API_LINK"
"C:\Users\DIYA GOEL\Downloads\EBDESIGN\frontend\src\components\Modals\PrintModal.jsx","COMPONENT","False","False","NO_OBVIOUS_STATIC_API_LINK"
"C:\Users\DIYA GOEL\Downloads\EBDESIGN\frontend\src\components\Modals\SearchModal.jsx","COMPONENT","False","False","NO_OBVIOUS_STATIC_API_LINK"
"C:\Users\DIYA GOEL\Downloads\EBDESIGN\frontend\src\components\Modals\SelectModal.jsx","COMPONENT","False","False","NO_OBVIOUS_STATIC_API_LINK"
"C:\Users\DIYA GOEL\Downloads\EBDESIGN\frontend\src\components\Modals\SettingsModal.jsx","COMPONENT","False","False","NO_OBVIOUS_STATIC_API_LINK"
"C:\Users\DIYA GOEL\Downloads\EBDESIGN\frontend\src\components\Modals\ShareModal.jsx","COMPONENT","False","False","NO_OBVIOUS_STATIC_API_LINK"
"C:\Users\DIYA GOEL\Downloads\EBDESIGN\frontend\src\components\Modals\SortModal.jsx","COMPONENT","False","False","NO_OBVIOUS_STATIC_API_LINK"
"C:\Users\DIYA GOEL\Downloads\EBDESIGN\frontend\src\components\Modals\SuccessModal.jsx","COMPONENT","False","False","NO_OBVIOUS_STATIC_API_LINK"
"C:\Users\DIYA GOEL\Downloads\EBDESIGN\frontend\src\components\Modals\TimeModal.jsx","COMPONENT","False","False","NO_OBVIOUS_STATIC_API_LINK"
"C:\Users\DIYA GOEL\Downloads\EBDESIGN\frontend\src\components\Modals\WarningModal.jsx","COMPONENT","False","False","NO_OBVIOUS_STATIC_API_LINK"
"C:\Users\DIYA GOEL\Downloads\EBDESIGN\frontend\src\components\Monitoring\CacheMonitoring.jsx","COMPONENT","False","False","NO_OBVIOUS_STATIC_API_LINK"
"C:\Users\DIYA GOEL\Downloads\EBDESIGN\frontend\src\components\Monitoring\DataPipelineVisualization.jsx","COMPONENT","False","False","NO_OBVIOUS_STATIC_API_LINK"
"C:\Users\DIYA GOEL\Downloads\EBDESIGN\frontend\src\components\Monitoring\JobQueueMonitoring.jsx","COMPONENT","False","False","NO_OBVIOUS_STATIC_API_LINK"
"C:\Users\DIYA GOEL\Downloads\EBDESIGN\frontend\src\components\Multilingual\AutoTranslate.jsx","COMPONENT","False","True","SERVICE_OR_API_IMPORT"
"C:\Users\DIYA GOEL\Downloads\EBDESIGN\frontend\src\components\Multilingual\LanguageSelector.jsx","COMPONENT","False","False","NO_OBVIOUS_STATIC_API_LINK"
"C:\Users\DIYA GOEL\Downloads\EBDESIGN\frontend\src\components\Multilingual\MultilingualProvider.jsx","COMPONENT","False","True","SERVICE_OR_API_IMPORT"
"C:\Users\DIYA GOEL\Downloads\EBDESIGN\frontend\src\components\NutritionIntelligence\NutritionLabel.jsx","COMPONENT","False","True","SERVICE_OR_API_IMPORT"
"C:\Users\DIYA GOEL\Downloads\EBDESIGN\frontend\src\components\OrganicTraceability\OrganicFarmRegistration.jsx","COMPONENT","False","True","SERVICE_OR_API_IMPORT"
"C:\Users\DIYA GOEL\Downloads\EBDESIGN\frontend\src\components\OrganicTraceability\QRCodeScanner.jsx","COMPONENT","False","True","SERVICE_OR_API_IMPORT"
"C:\Users\DIYA GOEL\Downloads\EBDESIGN\frontend\src\components\Payment\PaymentUI.jsx","COMPONENT","False","False","NO_OBVIOUS_STATIC_API_LINK"
"C:\Users\DIYA GOEL\Downloads\EBDESIGN\frontend\src\components\PredictiveAnalytics\DemandForecast.jsx","COMPONENT","False","True","SERVICE_OR_API_IMPORT"
"C:\Users\DIYA GOEL\Downloads\EBDESIGN\frontend\src\components\testing\ResponsiveTestWrapper.jsx","COMPONENT","False","False","NO_OBVIOUS_STATIC_API_LINK"
"C:\Users\DIYA GOEL\Downloads\EBDESIGN\frontend\src\components\Transaction\TransactionHistory.jsx","COMPONENT","False","False","NO_OBVIOUS_STATIC_API_LINK"
"C:\Users\DIYA GOEL\Downloads\EBDESIGN\frontend\src\components\ui\AIInsightsPanel.jsx","COMPONENT","False","False","NO_OBVIOUS_STATIC_API_LINK"
"C:\Users\DIYA GOEL\Downloads\EBDESIGN\frontend\src\components\ui\Alert.jsx","COMPONENT","False","False","NO_OBVIOUS_STATIC_API_LINK"
"C:\Users\DIYA GOEL\Downloads\EBDESIGN\frontend\src\components\ui\Avatar.jsx","COMPONENT","False","False","NO_OBVIOUS_STATIC_API_LINK"
"C:\Users\DIYA GOEL\Downloads\EBDESIGN\frontend\src\components\ui\badge.jsx","COMPONENT","False","False","NO_OBVIOUS_STATIC_API_LINK"
"C:\Users\DIYA GOEL\Downloads\EBDESIGN\frontend\src\components\ui\button.jsx","COMPONENT","False","False","NO_OBVIOUS_STATIC_API_LINK"
"C:\Users\DIYA GOEL\Downloads\EBDESIGN\frontend\src\components\ui\card.jsx","COMPONENT","False","False","NO_OBVIOUS_STATIC_API_LINK"
"C:\Users\DIYA GOEL\Downloads\EBDESIGN\frontend\src\components\ui\Checkbox.jsx","COMPONENT","False","False","NO_OBVIOUS_STATIC_API_LINK"
"C:\Users\DIYA GOEL\Downloads\EBDESIGN\frontend\src\components\ui\common.jsx","COMPONENT","False","False","NO_OBVIOUS_STATIC_API_LINK"
"C:\Users\DIYA GOEL\Downloads\EBDESIGN\frontend\src\components\ui\Dashboard.jsx","COMPONENT","False","False","NO_OBVIOUS_STATIC_API_LINK"
"C:\Users\DIYA GOEL\Downloads\EBDESIGN\frontend\src\components\ui\dialog.jsx","COMPONENT","False","False","NO_OBVIOUS_STATIC_API_LINK"
"C:\Users\DIYA GOEL\Downloads\EBDESIGN\frontend\src\components\ui\Divider.jsx","COMPONENT","False","False","NO_OBVIOUS_STATIC_API_LINK"
"C:\Users\DIYA GOEL\Downloads\EBDESIGN\frontend\src\components\ui\Dropdown.jsx","COMPONENT","False","False","NO_OBVIOUS_STATIC_API_LINK"
"C:\Users\DIYA GOEL\Downloads\EBDESIGN\frontend\src\components\ui\enhancedComponents.jsx","COMPONENT","False","False","NO_OBVIOUS_STATIC_API_LINK"
"C:\Users\DIYA GOEL\Downloads\EBDESIGN\frontend\src\components\ui\input.jsx","COMPONENT","False","False","NO_OBVIOUS_STATIC_API_LINK"
"C:\Users\DIYA GOEL\Downloads\EBDESIGN\frontend\src\components\ui\label.jsx","COMPONENT","False","False","NO_OBVIOUS_STATIC_API_LINK"
"C:\Users\DIYA GOEL\Downloads\EBDESIGN\frontend\src\components\ui\Link.jsx","COMPONENT","False","False","NO_OBVIOUS_STATIC_API_LINK"
"C:\Users\DIYA GOEL\Downloads\EBDESIGN\frontend\src\components\ui\Modal.jsx","COMPONENT","False","False","NO_OBVIOUS_STATIC_API_LINK"
"C:\Users\DIYA GOEL\Downloads\EBDESIGN\frontend\src\components\ui\Pagination.jsx","COMPONENT","False","False","NO_OBVIOUS_STATIC_API_LINK"
"C:\Users\DIYA GOEL\Downloads\EBDESIGN\frontend\src\components\ui\progress.jsx","COMPONENT","False","False","NO_OBVIOUS_STATIC_API_LINK"
"C:\Users\DIYA GOEL\Downloads\EBDESIGN\frontend\src\components\ui\ProgressBar.jsx","COMPONENT","False","False","NO_OBVIOUS_STATIC_API_LINK"
"C:\Users\DIYA GOEL\Downloads\EBDESIGN\frontend\src\components\ui\select.jsx","COMPONENT","False","False","NO_OBVIOUS_STATIC_API_LINK"
"C:\Users\DIYA GOEL\Downloads\EBDESIGN\frontend\src\components\ui\Skeleton.jsx","COMPONENT","False","False","NO_OBVIOUS_STATIC_API_LINK"
"C:\Users\DIYA GOEL\Downloads\EBDESIGN\frontend\src\components\ui\Spinner.jsx","COMPONENT","False","False","NO_OBVIOUS_STATIC_API_LINK"
"C:\Users\DIYA GOEL\Downloads\EBDESIGN\frontend\src\components\ui\Tab.jsx","COMPONENT","False","False","NO_OBVIOUS_STATIC_API_LINK"
"C:\Users\DIYA GOEL\Downloads\EBDESIGN\frontend\src\components\ui\table.jsx","COMPONENT","False","False","NO_OBVIOUS_STATIC_API_LINK"
"C:\Users\DIYA GOEL\Downloads\EBDESIGN\frontend\src\components\ui\tabs.jsx","COMPONENT","False","False","NO_OBVIOUS_STATIC_API_LINK"
"C:\Users\DIYA GOEL\Downloads\EBDESIGN\frontend\src\components\ui\textarea.jsx","COMPONENT","False","False","NO_OBVIOUS_STATIC_API_LINK"
"C:\Users\DIYA GOEL\Downloads\EBDESIGN\frontend\src\components\ui\TextField.jsx","COMPONENT","False","False","NO_OBVIOUS_STATIC_API_LINK"
"C:\Users\DIYA GOEL\Downloads\EBDESIGN\frontend\src\components\ui\Toast.jsx","COMPONENT","False","False","NO_OBVIOUS_STATIC_API_LINK"
"C:\Users\DIYA GOEL\Downloads\EBDESIGN\frontend\src\components\ui\Tooltip.jsx","COMPONENT","False","False","NO_OBVIOUS_STATIC_API_LINK"
"C:\Users\DIYA GOEL\Downloads\EBDESIGN\frontend\src\components\ValueCommerce\ValueBadge.jsx","COMPONENT","False","False","NO_OBVIOUS_STATIC_API_LINK"
"C:\Users\DIYA GOEL\Downloads\EBDESIGN\frontend\src\components\VoiceAI\VoiceAssistant.jsx","COMPONENT","False","True","SERVICE_OR_API_IMPORT"
"C:\Users\DIYA GOEL\Downloads\EBDESIGN\frontend\src\components\Wallet\WalletUI.jsx","COMPONENT","False","False","NO_OBVIOUS_STATIC_API_LINK"
"C:\Users\DIYA GOEL\Downloads\EBDESIGN\frontend\src\core\moduleRouter.js","FRONTEND_ROUTE","False","False","NO_OBVIOUS_STATIC_API_LINK"
"C:\Users\DIYA GOEL\Downloads\EBDESIGN\frontend\src\pages\AboutPage.jsx","PAGE","False","False","NO_OBVIOUS_STATIC_API_LINK"
"C:\Users\DIYA GOEL\Downloads\EBDESIGN\frontend\src\pages\AccessibilityPage.jsx","PAGE","False","False","NO_OBVIOUS_STATIC_API_LINK"
"C:\Users\DIYA GOEL\Downloads\EBDESIGN\frontend\src\pages\AccountPage.jsx","PAGE","False","False","NO_OBVIOUS_STATIC_API_LINK"
"C:\Users\DIYA GOEL\Downloads\EBDESIGN\frontend\src\pages\ActivityPage.jsx","PAGE","False","False","NO_OBVIOUS_STATIC_API_LINK"
"C:\Users\DIYA GOEL\Downloads\EBDESIGN\frontend\src\pages\AdminDashboardPage.jsx","PAGE","False","True","SERVICE_OR_API_IMPORT"
"C:\Users\DIYA GOEL\Downloads\EBDESIGN\frontend\src\pages\AdvancedAnalyticsDashboard.jsx","PAGE","False","True","SERVICE_OR_API_IMPORT"
"C:\Users\DIYA GOEL\Downloads\EBDESIGN\frontend\src\pages\AdvancedMedicalCodingPage.jsx","PAGE","True","True","DIRECT_API_AND_SERVICE_IMPORT"
"C:\Users\DIYA GOEL\Downloads\EBDESIGN\frontend\src\pages\AdvancedPage.jsx","PAGE","False","False","NO_OBVIOUS_STATIC_API_LINK"
"C:\Users\DIYA GOEL\Downloads\EBDESIGN\frontend\src\pages\AdvancedSearchPage.jsx","PAGE","False","True","SERVICE_OR_API_IMPORT"
"C:\Users\DIYA GOEL\Downloads\EBDESIGN\frontend\src\pages\AgriculturalIntelligencePage.jsx","PAGE","False","True","SERVICE_OR_API_IMPORT"
"C:\Users\DIYA GOEL\Downloads\EBDESIGN\frontend\src\pages\AIAgentPage.jsx","PAGE","False","True","SERVICE_OR_API_IMPORT"
"C:\Users\DIYA GOEL\Downloads\EBDESIGN\frontend\src\pages\AIBackbonePage.jsx","PAGE","False","True","SERVICE_OR_API_IMPORT"
"C:\Users\DIYA GOEL\Downloads\EBDESIGN\frontend\src\pages\AIBrainPage.jsx","PAGE","False","True","SERVICE_OR_API_IMPORT"
"C:\Users\DIYA GOEL\Downloads\EBDESIGN\frontend\src\pages\AIChatPage.jsx","PAGE","False","False","NO_OBVIOUS_STATIC_API_LINK"
"C:\Users\DIYA GOEL\Downloads\EBDESIGN\frontend\src\pages\AICollaborationPage.jsx","PAGE","False","False","NO_OBVIOUS_STATIC_API_LINK"
"C:\Users\DIYA GOEL\Downloads\EBDESIGN\frontend\src\pages\AIDashboard.jsx","PAGE","False","True","SERVICE_OR_API_IMPORT"
"C:\Users\DIYA GOEL\Downloads\EBDESIGN\frontend\src\pages\AIDashboardPage.jsx","PAGE","False","False","NO_OBVIOUS_STATIC_API_LINK"
"C:\Users\DIYA GOEL\Downloads\EBDESIGN\frontend\src\pages\AIOperationIntelligencePage.jsx","PAGE","False","True","SERVICE_OR_API_IMPORT"
"C:\Users\DIYA GOEL\Downloads\EBDESIGN\frontend\src\pages\AIProductStudioPage.jsx","PAGE","False","True","SERVICE_OR_API_IMPORT"
"C:\Users\DIYA GOEL\Downloads\EBDESIGN\frontend\src\pages\AISelfHealingPage.jsx","PAGE","False","True","SERVICE_OR_API_IMPORT"
"C:\Users\DIYA GOEL\Downloads\EBDESIGN\frontend\src\pages\AnalyticsPage.jsx","PAGE","False","False","NO_OBVIOUS_STATIC_API_LINK"
"C:\Users\DIYA GOEL\Downloads\EBDESIGN\frontend\src\pages\AnimalHealthPage.jsx","PAGE","False","True","SERVICE_OR_API_IMPORT"
"C:\Users\DIYA GOEL\Downloads\EBDESIGN\frontend\src\pages\ArchivePage.jsx","PAGE","False","False","NO_OBVIOUS_STATIC_API_LINK"
"C:\Users\DIYA GOEL\Downloads\EBDESIGN\frontend\src\pages\AssetAccountingPage.jsx","PAGE","False","True","SERVICE_OR_API_IMPORT"
"C:\Users\DIYA GOEL\Downloads\EBDESIGN\frontend\src\pages\AssetLifecycleManagementPage.jsx","PAGE","False","False","NO_OBVIOUS_STATIC_API_LINK"
"C:\Users\DIYA GOEL\Downloads\EBDESIGN\frontend\src\pages\AuditReportPage.jsx","PAGE","False","False","NO_OBVIOUS_STATIC_API_LINK"
"C:\Users\DIYA GOEL\Downloads\EBDESIGN\frontend\src\pages\AuthorizationPage.jsx","PAGE","False","True","SERVICE_OR_API_IMPORT"
"C:\Users\DIYA GOEL\Downloads\EBDESIGN\frontend\src\pages\B2BMarketplace.jsx","PAGE","False","True","SERVICE_OR_API_IMPORT"
"C:\Users\DIYA GOEL\Downloads\EBDESIGN\frontend\src\pages\BackupPage.jsx","PAGE","False","False","NO_OBVIOUS_STATIC_API_LINK"
"C:\Users\DIYA GOEL\Downloads\EBDESIGN\frontend\src\pages\BankerDashboardPage.jsx","PAGE","False","True","SERVICE_OR_API_IMPORT"
"C:\Users\DIYA GOEL\Downloads\EBDESIGN\frontend\src\pages\BankPassportPage.jsx","PAGE","False","True","SERVICE_OR_API_IMPORT"
"C:\Users\DIYA GOEL\Downloads\EBDESIGN\frontend\src\pages\BillingPage.jsx","PAGE","False","False","NO_OBVIOUS_STATIC_API_LINK"
"C:\Users\DIYA GOEL\Downloads\EBDESIGN\frontend\src\pages\BlockchainVerificationPage.jsx","PAGE","False","True","SERVICE_OR_API_IMPORT"
"C:\Users\DIYA GOEL\Downloads\EBDESIGN\frontend\src\pages\BreakdownMaintenancePage.jsx","PAGE","False","False","NO_OBVIOUS_STATIC_API_LINK"
"C:\Users\DIYA GOEL\Downloads\EBDESIGN\frontend\src\pages\BrowsePage.jsx","PAGE","False","False","NO_OBVIOUS_STATIC_API_LINK"
"C:\Users\DIYA GOEL\Downloads\EBDESIGN\frontend\src\pages\BulkOrderPage.jsx","PAGE","False","True","SERVICE_OR_API_IMPORT"
"C:\Users\DIYA GOEL\Downloads\EBDESIGN\frontend\src\pages\BulkPurchasePage.jsx","PAGE","False","False","NO_OBVIOUS_STATIC_API_LINK"
"C:\Users\DIYA GOEL\Downloads\EBDESIGN\frontend\src\pages\CADashboardPage.jsx","PAGE","False","True","SERVICE_OR_API_IMPORT"
"C:\Users\DIYA GOEL\Downloads\EBDESIGN\frontend\src\pages\CartPage.jsx","PAGE","False","True","SERVICE_OR_API_IMPORT"
"C:\Users\DIYA GOEL\Downloads\EBDESIGN\frontend\src\pages\CategoriesPage.jsx","PAGE","False","False","NO_OBVIOUS_STATIC_API_LINK"
"C:\Users\DIYA GOEL\Downloads\EBDESIGN\frontend\src\pages\CattleRegistryPage.jsx","PAGE","False","False","NO_OBVIOUS_STATIC_API_LINK"
"C:\Users\DIYA GOEL\Downloads\EBDESIGN\frontend\src\pages\CheckoutPage.jsx","PAGE","False","True","SERVICE_OR_API_IMPORT"
"C:\Users\DIYA GOEL\Downloads\EBDESIGN\frontend\src\pages\ClaimsPage.jsx","PAGE","False","False","NO_OBVIOUS_STATIC_API_LINK"
"C:\Users\DIYA GOEL\Downloads\EBDESIGN\frontend\src\pages\ClimateAdvisoryPage.jsx","PAGE","False","True","SERVICE_OR_API_IMPORT"
"C:\Users\DIYA GOEL\Downloads\EBDESIGN\frontend\src\pages\ClimateMonitoringDashboardPage.jsx","PAGE","False","True","SERVICE_OR_API_IMPORT"
"C:\Users\DIYA GOEL\Downloads\EBDESIGN\frontend\src\pages\ClimateMonitoringPage.jsx","PAGE","False","False","NO_OBVIOUS_STATIC_API_LINK"
"C:\Users\DIYA GOEL\Downloads\EBDESIGN\frontend\src\pages\ClimateWeatherPage.jsx","PAGE","False","True","SERVICE_OR_API_IMPORT"
"C:\Users\DIYA GOEL\Downloads\EBDESIGN\frontend\src\pages\ColdStorageDashboardPage.jsx","PAGE","False","True","SERVICE_OR_API_IMPORT"
"C:\Users\DIYA GOEL\Downloads\EBDESIGN\frontend\src\pages\ColdStoragePage.jsx","PAGE","False","True","SERVICE_OR_API_IMPORT"
"C:\Users\DIYA GOEL\Downloads\EBDESIGN\frontend\src\pages\CollaboratePage.jsx","PAGE","False","False","NO_OBVIOUS_STATIC_API_LINK"
"C:\Users\DIYA GOEL\Downloads\EBDESIGN\frontend\src\pages\CollectionsPage.jsx","PAGE","False","False","NO_OBVIOUS_STATIC_API_LINK"
"C:\Users\DIYA GOEL\Downloads\EBDESIGN\frontend\src\pages\CommunityForumPage.jsx","PAGE","False","True","SERVICE_OR_API_IMPORT"
"C:\Users\DIYA GOEL\Downloads\EBDESIGN\frontend\src\pages\CommunityManagementPage.jsx","PAGE","False","False","NO_OBVIOUS_STATIC_API_LINK"
"C:\Users\DIYA GOEL\Downloads\EBDESIGN\frontend\src\pages\ComparePage.jsx","PAGE","False","True","SERVICE_OR_API_IMPORT"
"C:\Users\DIYA GOEL\Downloads\EBDESIGN\frontend\src\pages\CompetitivePositionPage.jsx","PAGE","False","True","SERVICE_OR_API_IMPORT"
"C:\Users\DIYA GOEL\Downloads\EBDESIGN\frontend\src\pages\CompleteAIIntegrationPage.jsx","PAGE","False","True","SERVICE_OR_API_IMPORT"
"C:\Users\DIYA GOEL\Downloads\EBDESIGN\frontend\src\pages\CompleteERPIntegrationPage.jsx","PAGE","False","True","SERVICE_OR_API_IMPORT"
"C:\Users\DIYA GOEL\Downloads\EBDESIGN\frontend\src\pages\ComplianceDashboardPage.jsx","PAGE","False","True","SERVICE_OR_API_IMPORT"
"C:\Users\DIYA GOEL\Downloads\EBDESIGN\frontend\src\pages\CompliancePage.jsx","PAGE","False","True","SERVICE_OR_API_IMPORT"
"C:\Users\DIYA GOEL\Downloads\EBDESIGN\frontend\src\pages\ComprehensiveERPPage.jsx","PAGE","False","True","SERVICE_OR_API_IMPORT"
"C:\Users\DIYA GOEL\Downloads\EBDESIGN\frontend\src\pages\ContactPage.jsx","PAGE","False","False","NO_OBVIOUS_STATIC_API_LINK"
"C:\Users\DIYA GOEL\Downloads\EBDESIGN\frontend\src\pages\ContractFarmingPage.jsx","PAGE","False","True","SERVICE_OR_API_IMPORT"
"C:\Users\DIYA GOEL\Downloads\EBDESIGN\frontend\src\pages\ContractListingPage.jsx","PAGE","False","False","NO_OBVIOUS_STATIC_API_LINK"
"C:\Users\DIYA GOEL\Downloads\EBDESIGN\frontend\src\pages\CookiePage.jsx","PAGE","False","False","NO_OBVIOUS_STATIC_API_LINK"
"C:\Users\DIYA GOEL\Downloads\EBDESIGN\frontend\src\pages\CooperativeSharePage.jsx","PAGE","False","True","SERVICE_OR_API_IMPORT"
"C:\Users\DIYA GOEL\Downloads\EBDESIGN\frontend\src\pages\CopilotHubPage.jsx","PAGE","False","False","NO_OBVIOUS_STATIC_API_LINK"
"C:\Users\DIYA GOEL\Downloads\EBDESIGN\frontend\src\pages\CorporateBuyerPage.jsx","PAGE","False","True","SERVICE_OR_API_IMPORT"
"C:\Users\DIYA GOEL\Downloads\EBDESIGN\frontend\src\pages\CorridorEconomicsPage.jsx","PAGE","False","True","SERVICE_OR_API_IMPORT"
"C:\Users\DIYA GOEL\Downloads\EBDESIGN\frontend\src\pages\CostControlPage.jsx","PAGE","False","True","SERVICE_OR_API_IMPORT"
"C:\Users\DIYA GOEL\Downloads\EBDESIGN\frontend\src\pages\CreditScorePage.jsx","PAGE","False","False","NO_OBVIOUS_STATIC_API_LINK"
"C:\Users\DIYA GOEL\Downloads\EBDESIGN\frontend\src\pages\CropCalendarPage.jsx","PAGE","False","True","SERVICE_OR_API_IMPORT"
"C:\Users\DIYA GOEL\Downloads\EBDESIGN\frontend\src\pages\CropMonitoringPage.jsx","PAGE","False","True","SERVICE_OR_API_IMPORT"
"C:\Users\DIYA GOEL\Downloads\EBDESIGN\frontend\src\pages\CropRegistrationPage.jsx","PAGE","False","True","SERVICE_OR_API_IMPORT"
"C:\Users\DIYA GOEL\Downloads\EBDESIGN\frontend\src\pages\CropsPage.jsx","PAGE","False","False","NO_OBVIOUS_STATIC_API_LINK"
"C:\Users\DIYA GOEL\Downloads\EBDESIGN\frontend\src\pages\CropValueReviewPage.jsx","PAGE","False","True","SERVICE_OR_API_IMPORT"
"C:\Users\DIYA GOEL\Downloads\EBDESIGN\frontend\src\pages\CropVarietyPage.jsx","PAGE","False","True","SERVICE_OR_API_IMPORT"
"C:\Users\DIYA GOEL\Downloads\EBDESIGN\frontend\src\pages\DairyManagementPage.jsx","PAGE","False","True","SERVICE_OR_API_IMPORT"
"C:\Users\DIYA GOEL\Downloads\EBDESIGN\frontend\src\pages\DashboardPage.jsx","PAGE","False","False","NO_OBVIOUS_STATIC_API_LINK"
"C:\Users\DIYA GOEL\Downloads\EBDESIGN\frontend\src\pages\DecisionEngineDashboardPage.jsx","PAGE","False","True","SERVICE_OR_API_IMPORT"
"C:\Users\DIYA GOEL\Downloads\EBDESIGN\frontend\src\pages\DecisionSupportPage.jsx","PAGE","False","True","SERVICE_OR_API_IMPORT"
"C:\Users\DIYA GOEL\Downloads\EBDESIGN\frontend\src\pages\DefenseFitnessPrepPage.jsx","PAGE","False","True","SERVICE_OR_API_IMPORT"
"C:\Users\DIYA GOEL\Downloads\EBDESIGN\frontend\src\pages\DevicesPage.jsx","PAGE","False","False","NO_OBVIOUS_STATIC_API_LINK"
"C:\Users\DIYA GOEL\Downloads\EBDESIGN\frontend\src\pages\DietRecipesPage.jsx","PAGE","False","True","SERVICE_OR_API_IMPORT"
"C:\Users\DIYA GOEL\Downloads\EBDESIGN\frontend\src\pages\DigitalTwinDashboardPage.jsx","PAGE","False","True","SERVICE_OR_API_IMPORT"
"C:\Users\DIYA GOEL\Downloads\EBDESIGN\frontend\src\pages\DigitalTwinPage.jsx","PAGE","False","False","NO_OBVIOUS_STATIC_API_LINK"
"C:\Users\DIYA GOEL\Downloads\EBDESIGN\frontend\src\pages\DiscoverPage.jsx","PAGE","False","False","NO_OBVIOUS_STATIC_API_LINK"
"C:\Users\DIYA GOEL\Downloads\EBDESIGN\frontend\src\pages\DisruptionPage.jsx","PAGE","False","True","SERVICE_OR_API_IMPORT"
"C:\Users\DIYA GOEL\Downloads\EBDESIGN\frontend\src\pages\DocumentationPage.jsx","PAGE","False","False","NO_OBVIOUS_STATIC_API_LINK"
"C:\Users\DIYA GOEL\Downloads\EBDESIGN\frontend\src\pages\DynamicPricingPage.jsx","PAGE","False","True","SERVICE_OR_API_IMPORT"
"C:\Users\DIYA GOEL\Downloads\EBDESIGN\frontend\src\pages\EcommerceIntegrationPage.jsx","PAGE","False","True","SERVICE_OR_API_IMPORT"
"C:\Users\DIYA GOEL\Downloads\EBDESIGN\frontend\src\pages\EcommerceMarketplacePage.jsx","PAGE","False","True","SERVICE_OR_API_IMPORT"
"C:\Users\DIYA GOEL\Downloads\EBDESIGN\frontend\src\pages\EMICalculatorPage.jsx","PAGE","False","False","NO_OBVIOUS_STATIC_API_LINK"
"C:\Users\DIYA GOEL\Downloads\EBDESIGN\frontend\src\pages\EmptyPage.jsx","PAGE","False","False","NO_OBVIOUS_STATIC_API_LINK"
"C:\Users\DIYA GOEL\Downloads\EBDESIGN\frontend\src\pages\EngineeringProjectPage.jsx","PAGE","False","True","SERVICE_OR_API_IMPORT"
"C:\Users\DIYA GOEL\Downloads\EBDESIGN\frontend\src\pages\EnterpriseAIPage.jsx","PAGE","False","True","SERVICE_OR_API_IMPORT"
"C:\Users\DIYA GOEL\Downloads\EBDESIGN\frontend\src\pages\EnterpriseControlPage.jsx","PAGE","False","True","SERVICE_OR_API_IMPORT"
"C:\Users\DIYA GOEL\Downloads\EBDESIGN\frontend\src\pages\EnterpriseIntegrationPage.jsx","PAGE","False","True","SERVICE_OR_API_IMPORT"
"C:\Users\DIYA GOEL\Downloads\EBDESIGN\frontend\src\pages\EnterpriseMemoryDashboardPage.jsx","PAGE","False","True","SERVICE_OR_API_IMPORT"
"C:\Users\DIYA GOEL\Downloads\EBDESIGN\frontend\src\pages\EnvironmentManagementPage.jsx","PAGE","False","False","NO_OBVIOUS_STATIC_API_LINK"
"C:\Users\DIYA GOEL\Downloads\EBDESIGN\frontend\src\pages\EquipmentInventoryPage.jsx","PAGE","False","False","NO_OBVIOUS_STATIC_API_LINK"
"C:\Users\DIYA GOEL\Downloads\EBDESIGN\frontend\src\pages\EquipmentPage.jsx","PAGE","False","False","NO_OBVIOUS_STATIC_API_LINK"
"C:\Users\DIYA GOEL\Downloads\EBDESIGN\frontend\src\pages\EquipmentRentalPage.jsx","PAGE","False","False","NO_OBVIOUS_STATIC_API_LINK"
"C:\Users\DIYA GOEL\Downloads\EBDESIGN\frontend\src\pages\ERPDashboard.jsx","PAGE","False","True","SERVICE_OR_API_IMPORT"
"C:\Users\DIYA GOEL\Downloads\EBDESIGN\frontend\src\pages\ERPDashboardPage.jsx","PAGE","False","True","SERVICE_OR_API_IMPORT"
"C:\Users\DIYA GOEL\Downloads\EBDESIGN\frontend\src\pages\EscrowPage.jsx","PAGE","False","True","SERVICE_OR_API_IMPORT"
"C:\Users\DIYA GOEL\Downloads\EBDESIGN\frontend\src\pages\ExperienceLayerPage.jsx","PAGE","False","True","SERVICE_OR_API_IMPORT"
"C:\Users\DIYA GOEL\Downloads\EBDESIGN\frontend\src\pages\ExplorePage.jsx","PAGE","False","False","NO_OBVIOUS_STATIC_API_LINK"
"C:\Users\DIYA GOEL\Downloads\EBDESIGN\frontend\src\pages\ExportDocumentationPage.jsx","PAGE","False","True","SERVICE_OR_API_IMPORT"
"C:\Users\DIYA GOEL\Downloads\EBDESIGN\frontend\src\pages\ExportPage.jsx","PAGE","False","False","NO_OBVIOUS_STATIC_API_LINK"
"C:\Users\DIYA GOEL\Downloads\EBDESIGN\frontend\src\pages\FAQPage.jsx","PAGE","False","False","NO_OBVIOUS_STATIC_API_LINK"
"C:\Users\DIYA GOEL\Downloads\EBDESIGN\frontend\src\pages\FarmAdvisorPage.jsx","PAGE","False","True","SERVICE_OR_API_IMPORT"
"C:\Users\DIYA GOEL\Downloads\EBDESIGN\frontend\src\pages\FarmCostingPage.jsx","PAGE","False","True","SERVICE_OR_API_IMPORT"
"C:\Users\DIYA GOEL\Downloads\EBDESIGN\frontend\src\pages\FarmerEntranceHubPage.jsx","PAGE","False","False","NO_OBVIOUS_STATIC_API_LINK"
"C:\Users\DIYA GOEL\Downloads\EBDESIGN\frontend\src\pages\FarmerFamilyPage.jsx","PAGE","False","True","SERVICE_OR_API_IMPORT"
"C:\Users\DIYA GOEL\Downloads\EBDESIGN\frontend\src\pages\FarmerFieldDoorPage.jsx","PAGE","False","False","NO_OBVIOUS_STATIC_API_LINK"
"C:\Users\DIYA GOEL\Downloads\EBDESIGN\frontend\src\pages\FarmerFieldPage.jsx","PAGE","False","True","SERVICE_OR_API_IMPORT"
"C:\Users\DIYA GOEL\Downloads\EBDESIGN\frontend\src\pages\FarmerHealthWelfarePage.jsx","PAGE","False","True","SERVICE_OR_API_IMPORT"
"C:\Users\DIYA GOEL\Downloads\EBDESIGN\frontend\src\pages\FarmerHomePage.jsx","PAGE","False","True","SERVICE_OR_API_IMPORT"
"C:\Users\DIYA GOEL\Downloads\EBDESIGN\frontend\src\pages\FarmerHouseholdDoorPage.jsx","PAGE","False","False","NO_OBVIOUS_STATIC_API_LINK"
"C:\Users\DIYA GOEL\Downloads\EBDESIGN\frontend\src\pages\FarmerKycPage.jsx","PAGE","False","True","SERVICE_OR_API_IMPORT"
"C:\Users\DIYA GOEL\Downloads\EBDESIGN\frontend\src\pages\FarmerPortalPage.jsx","PAGE","False","True","SERVICE_OR_API_IMPORT"
"C:\Users\DIYA GOEL\Downloads\EBDESIGN\frontend\src\pages\FarmerProcurementPage.jsx","PAGE","True","True","DIRECT_API_AND_SERVICE_IMPORT"
"C:\Users\DIYA GOEL\Downloads\EBDESIGN\frontend\src\pages\FarmerProfilePage.jsx","PAGE","False","True","SERVICE_OR_API_IMPORT"
"C:\Users\DIYA GOEL\Downloads\EBDESIGN\frontend\src\pages\FarmerReportPage.jsx","PAGE","False","False","NO_OBVIOUS_STATIC_API_LINK"
"C:\Users\DIYA GOEL\Downloads\EBDESIGN\frontend\src\pages\FarmerRevenueLedgerPage.jsx","PAGE","False","True","SERVICE_OR_API_IMPORT"
"C:\Users\DIYA GOEL\Downloads\EBDESIGN\frontend\src\pages\FarmerSellDoorPage.jsx","PAGE","False","False","NO_OBVIOUS_STATIC_API_LINK"
"C:\Users\DIYA GOEL\Downloads\EBDESIGN\frontend\src\pages\FarmerSellPage.jsx","PAGE","False","True","SERVICE_OR_API_IMPORT"
"C:\Users\DIYA GOEL\Downloads\EBDESIGN\frontend\src\pages\FarmerSharedDoorPage.jsx","PAGE","False","False","NO_OBVIOUS_STATIC_API_LINK"
"C:\Users\DIYA GOEL\Downloads\EBDESIGN\frontend\src\pages\FarmerSkillPage.jsx","PAGE","False","True","SERVICE_OR_API_IMPORT"
"C:\Users\DIYA GOEL\Downloads\EBDESIGN\frontend\src\pages\FarmerVerificationPage.jsx","PAGE","False","True","SERVICE_OR_API_IMPORT"
"C:\Users\DIYA GOEL\Downloads\EBDESIGN\frontend\src\pages\FarmsPage.jsx","PAGE","False","False","NO_OBVIOUS_STATIC_API_LINK"
"C:\Users\DIYA GOEL\Downloads\EBDESIGN\frontend\src\pages\FavoritesPage.jsx","PAGE","False","False","NO_OBVIOUS_STATIC_API_LINK"
"C:\Users\DIYA GOEL\Downloads\EBDESIGN\frontend\src\pages\FeedbackPage.jsx","PAGE","False","False","NO_OBVIOUS_STATIC_API_LINK"
"C:\Users\DIYA GOEL\Downloads\EBDESIGN\frontend\src\pages\FertilizerInventoryPage.jsx","PAGE","False","True","SERVICE_OR_API_IMPORT"
"C:\Users\DIYA GOEL\Downloads\EBDESIGN\frontend\src\pages\FieldsPage.jsx","PAGE","False","False","NO_OBVIOUS_STATIC_API_LINK"
"C:\Users\DIYA GOEL\Downloads\EBDESIGN\frontend\src\pages\FinancePage.jsx","PAGE","False","False","NO_OBVIOUS_STATIC_API_LINK"
"C:\Users\DIYA GOEL\Downloads\EBDESIGN\frontend\src\pages\FinancialReportPage.jsx","PAGE","False","True","SERVICE_OR_API_IMPORT"
"C:\Users\DIYA GOEL\Downloads\EBDESIGN\frontend\src\pages\FinancialServicesDashboard.jsx","PAGE","False","True","SERVICE_OR_API_IMPORT"
"C:\Users\DIYA GOEL\Downloads\EBDESIGN\frontend\src\pages\FisheriesManagementPage.jsx","PAGE","False","False","NO_OBVIOUS_STATIC_API_LINK"
"C:\Users\DIYA GOEL\Downloads\EBDESIGN\frontend\src\pages\FitbitCallbackPage.jsx","PAGE","False","True","SERVICE_OR_API_IMPORT"
"C:\Users\DIYA GOEL\Downloads\EBDESIGN\frontend\src\pages\FormManagementPage.jsx","PAGE","False","True","SERVICE_OR_API_IMPORT"
"C:\Users\DIYA GOEL\Downloads\EBDESIGN\frontend\src\pages\ForwardPricingPage.jsx","PAGE","False","True","SERVICE_OR_API_IMPORT"
"C:\Users\DIYA GOEL\Downloads\EBDESIGN\frontend\src\pages\FPODashboardPage.jsx","PAGE","False","True","SERVICE_OR_API_IMPORT"
"C:\Users\DIYA GOEL\Downloads\EBDESIGN\frontend\src\pages\FPORegistrationPage.jsx","PAGE","False","False","NO_OBVIOUS_STATIC_API_LINK"
"C:\Users\DIYA GOEL\Downloads\EBDESIGN\frontend\src\pages\FuelManagementPage.jsx","PAGE","False","False","NO_OBVIOUS_STATIC_API_LINK"
"C:\Users\DIYA GOEL\Downloads\EBDESIGN\frontend\src\pages\GDPRConsentPage.jsx","PAGE","False","False","NO_OBVIOUS_STATIC_API_LINK"
"C:\Users\DIYA GOEL\Downloads\EBDESIGN\frontend\src\pages\GoatFarmingPage.jsx","PAGE","False","True","SERVICE_OR_API_IMPORT"
"C:\Users\DIYA GOEL\Downloads\EBDESIGN\frontend\src\pages\GovernmentDashboardPage.jsx","PAGE","False","True","SERVICE_OR_API_IMPORT"
"C:\Users\DIYA GOEL\Downloads\EBDESIGN\frontend\src\pages\GovernmentSubsidyPage.jsx","PAGE","False","True","SERVICE_OR_API_IMPORT"
"C:\Users\DIYA GOEL\Downloads\EBDESIGN\frontend\src\pages\GroupBuyingPage.jsx","PAGE","False","False","NO_OBVIOUS_STATIC_API_LINK"
"C:\Users\DIYA GOEL\Downloads\EBDESIGN\frontend\src\pages\HarvestPlanPage.jsx","PAGE","False","False","NO_OBVIOUS_STATIC_API_LINK"
"C:\Users\DIYA GOEL\Downloads\EBDESIGN\frontend\src\pages\HarvestScorePage.jsx","PAGE","False","True","SERVICE_OR_API_IMPORT"
"C:\Users\DIYA GOEL\Downloads\EBDESIGN\frontend\src\pages\HelpPage.jsx","PAGE","False","False","NO_OBVIOUS_STATIC_API_LINK"
"C:\Users\DIYA GOEL\Downloads\EBDESIGN\frontend\src\pages\HistoryPage.jsx","PAGE","False","False","NO_OBVIOUS_STATIC_API_LINK"
"C:\Users\DIYA GOEL\Downloads\EBDESIGN\frontend\src\pages\HomePage.jsx","PAGE","False","False","NO_OBVIOUS_STATIC_API_LINK"
"C:\Users\DIYA GOEL\Downloads\EBDESIGN\frontend\src\pages\HorticultureManagementPage.jsx","PAGE","False","False","NO_OBVIOUS_STATIC_API_LINK"
"C:\Users\DIYA GOEL\Downloads\EBDESIGN\frontend\src\pages\HouseholdProcurementPage.jsx","PAGE","True","True","DIRECT_API_AND_SERVICE_IMPORT"
"C:\Users\DIYA GOEL\Downloads\EBDESIGN\frontend\src\pages\IdentityManagementPage.jsx","PAGE","False","False","NO_OBVIOUS_STATIC_API_LINK"
"C:\Users\DIYA GOEL\Downloads\EBDESIGN\frontend\src\pages\ImplementManagementPage.jsx","PAGE","False","False","NO_OBVIOUS_STATIC_API_LINK"
"C:\Users\DIYA GOEL\Downloads\EBDESIGN\frontend\src\pages\ImportPage.jsx","PAGE","False","False","NO_OBVIOUS_STATIC_API_LINK"
"C:\Users\DIYA GOEL\Downloads\EBDESIGN\frontend\src\pages\InboxPage.jsx","PAGE","False","False","NO_OBVIOUS_STATIC_API_LINK"
"C:\Users\DIYA GOEL\Downloads\EBDESIGN\frontend\src\pages\index.js","PAGE","False","False","NO_OBVIOUS_STATIC_API_LINK"
"C:\Users\DIYA GOEL\Downloads\EBDESIGN\frontend\src\pages\IndiaCoveragePage.jsx","PAGE","True","True","DIRECT_API_AND_SERVICE_IMPORT"
"C:\Users\DIYA GOEL\Downloads\EBDESIGN\frontend\src\pages\InformationSharingPage.jsx","PAGE","False","True","SERVICE_OR_API_IMPORT"
"C:\Users\DIYA GOEL\Downloads\EBDESIGN\frontend\src\pages\InputSupplyManagementPage.jsx","PAGE","False","False","NO_OBVIOUS_STATIC_API_LINK"
"C:\Users\DIYA GOEL\Downloads\EBDESIGN\frontend\src\pages\InsuranceCoveragesPage.jsx","PAGE","False","False","NO_OBVIOUS_STATIC_API_LINK"
"C:\Users\DIYA GOEL\Downloads\EBDESIGN\frontend\src\pages\InsuranceManagementPage.jsx","PAGE","False","True","SERVICE_OR_API_IMPORT"
"C:\Users\DIYA GOEL\Downloads\EBDESIGN\frontend\src\pages\InsurancePage.jsx","PAGE","False","False","NO_OBVIOUS_STATIC_API_LINK"
"C:\Users\DIYA GOEL\Downloads\EBDESIGN\frontend\src\pages\InventoryReportPage.jsx","PAGE","False","True","SERVICE_OR_API_IMPORT"
"C:\Users\DIYA GOEL\Downloads\EBDESIGN\frontend\src\pages\InvoicesPage.jsx","PAGE","False","False","NO_OBVIOUS_STATIC_API_LINK"
"C:\Users\DIYA GOEL\Downloads\EBDESIGN\frontend\src\pages\IoTMonitoringDashboard.jsx","PAGE","True","True","DIRECT_API_AND_SERVICE_IMPORT"
"C:\Users\DIYA GOEL\Downloads\EBDESIGN\frontend\src\pages\IrrigationManagementPage.jsx","PAGE","False","True","SERVICE_OR_API_IMPORT"
"C:\Users\DIYA GOEL\Downloads\EBDESIGN\frontend\src\pages\KnowledgeBasePage.jsx","PAGE","False","True","SERVICE_OR_API_IMPORT"
"C:\Users\DIYA GOEL\Downloads\EBDESIGN\frontend\src\pages\KnowledgeReferencePage.jsx","PAGE","False","True","SERVICE_OR_API_IMPORT"
"C:\Users\DIYA GOEL\Downloads\EBDESIGN\frontend\src\pages\LabelsPage.jsx","PAGE","False","False","NO_OBVIOUS_STATIC_API_LINK"
"C:\Users\DIYA GOEL\Downloads\EBDESIGN\frontend\src\pages\LabourManagementPage.jsx","PAGE","False","True","SERVICE_OR_API_IMPORT"
"C:\Users\DIYA GOEL\Downloads\EBDESIGN\frontend\src\pages\LandManagementPage.jsx","PAGE","False","False","NO_OBVIOUS_STATIC_API_LINK"
"C:\Users\DIYA GOEL\Downloads\EBDESIGN\frontend\src\pages\LandRegistryPage.jsx","PAGE","False","True","SERVICE_OR_API_IMPORT"
"C:\Users\DIYA GOEL\Downloads\EBDESIGN\frontend\src\pages\LandUseCarbonPage.jsx","PAGE","False","True","SERVICE_OR_API_IMPORT"
"C:\Users\DIYA GOEL\Downloads\EBDESIGN\frontend\src\pages\LanguagePage.jsx","PAGE","False","False","NO_OBVIOUS_STATIC_API_LINK"
"C:\Users\DIYA GOEL\Downloads\EBDESIGN\frontend\src\pages\LedgerPage.jsx","PAGE","False","True","SERVICE_OR_API_IMPORT"
"C:\Users\DIYA GOEL\Downloads\EBDESIGN\frontend\src\pages\LibraryBrowserPage.jsx","PAGE","False","False","NO_OBVIOUS_STATIC_API_LINK"
"C:\Users\DIYA GOEL\Downloads\EBDESIGN\frontend\src\pages\LivestockManagementPage.jsx","PAGE","False","False","NO_OBVIOUS_STATIC_API_LINK"
"C:\Users\DIYA GOEL\Downloads\EBDESIGN\frontend\src\pages\LoadingPage.jsx","PAGE","False","False","NO_OBVIOUS_STATIC_API_LINK"
"C:\Users\DIYA GOEL\Downloads\EBDESIGN\frontend\src\pages\LoanManagementPage.jsx","PAGE","False","True","SERVICE_OR_API_IMPORT"
"C:\Users\DIYA GOEL\Downloads\EBDESIGN\frontend\src\pages\LoginPage.jsx","PAGE","False","True","SERVICE_OR_API_IMPORT"
"C:\Users\DIYA GOEL\Downloads\EBDESIGN\frontend\src\pages\LogisticsEnhancementPage.jsx","PAGE","False","True","SERVICE_OR_API_IMPORT"
"C:\Users\DIYA GOEL\Downloads\EBDESIGN\frontend\src\pages\LogisticsMatchingPage.jsx","PAGE","False","True","SERVICE_OR_API_IMPORT"
"C:\Users\DIYA GOEL\Downloads\EBDESIGN\frontend\src\pages\LogisticsPage.jsx","PAGE","False","False","NO_OBVIOUS_STATIC_API_LINK"
"C:\Users\DIYA GOEL\Downloads\EBDESIGN\frontend\src\pages\LogisticsProviderPage.jsx","PAGE","False","True","SERVICE_OR_API_IMPORT"
"C:\Users\DIYA GOEL\Downloads\EBDESIGN\frontend\src\pages\LogsPage.jsx","PAGE","False","False","NO_OBVIOUS_STATIC_API_LINK"
"C:\Users\DIYA GOEL\Downloads\EBDESIGN\frontend\src\pages\MachineryManagementPage.jsx","PAGE","False","False","NO_OBVIOUS_STATIC_API_LINK"
"C:\Users\DIYA GOEL\Downloads\EBDESIGN\frontend\src\pages\MarketingCenter.jsx","PAGE","False","True","SERVICE_OR_API_IMPORT"
"C:\Users\DIYA GOEL\Downloads\EBDESIGN\frontend\src\pages\MarketIntelligencePage.jsx","PAGE","False","True","SERVICE_OR_API_IMPORT"
"C:\Users\DIYA GOEL\Downloads\EBDESIGN\frontend\src\pages\MarketplacePage.jsx","PAGE","False","False","NO_OBVIOUS_STATIC_API_LINK"
"C:\Users\DIYA GOEL\Downloads\EBDESIGN\frontend\src\pages\MarketSignalsPage.jsx","PAGE","False","True","SERVICE_OR_API_IMPORT"
"C:\Users\DIYA GOEL\Downloads\EBDESIGN\frontend\src\pages\MedicalCodingDashboardPage.jsx","PAGE","False","True","SERVICE_OR_API_IMPORT"
"C:\Users\DIYA GOEL\Downloads\EBDESIGN\frontend\src\pages\MembersPage.jsx","PAGE","False","False","NO_OBVIOUS_STATIC_API_LINK"
"C:\Users\DIYA GOEL\Downloads\EBDESIGN\frontend\src\pages\MessagesPage.jsx","PAGE","False","False","NO_OBVIOUS_STATIC_API_LINK"
"C:\Users\DIYA GOEL\Downloads\EBDESIGN\frontend\src\pages\MFASetupPage.jsx","PAGE","False","False","NO_OBVIOUS_STATIC_API_LINK"
"C:\Users\DIYA GOEL\Downloads\EBDESIGN\frontend\src\pages\MobilePage.jsx","PAGE","False","False","NO_OBVIOUS_STATIC_API_LINK"
"C:\Users\DIYA GOEL\Downloads\EBDESIGN\frontend\src\pages\ModuleHubPage.jsx","PAGE","False","True","SERVICE_OR_API_IMPORT"
"C:\Users\DIYA GOEL\Downloads\EBDESIGN\frontend\src\pages\ModuleRuntimePage.jsx","PAGE","False","True","SERVICE_OR_API_IMPORT"
"C:\Users\DIYA GOEL\Downloads\EBDESIGN\frontend\src\pages\NaturalTherapistPage.jsx","PAGE","False","True","SERVICE_OR_API_IMPORT"
"C:\Users\DIYA GOEL\Downloads\EBDESIGN\frontend\src\pages\NervousSystemPage.jsx","PAGE","False","True","SERVICE_OR_API_IMPORT"
"C:\Users\DIYA GOEL\Downloads\EBDESIGN\frontend\src\pages\NotFoundPage.jsx","PAGE","False","False","NO_OBVIOUS_STATIC_API_LINK"
"C:\Users\DIYA GOEL\Downloads\EBDESIGN\frontend\src\pages\NotificationsPage.jsx","PAGE","False","False","NO_OBVIOUS_STATIC_API_LINK"
"C:\Users\DIYA GOEL\Downloads\EBDESIGN\frontend\src\pages\NurseryManagementPage.jsx","PAGE","False","True","SERVICE_OR_API_IMPORT"
"C:\Users\DIYA GOEL\Downloads\EBDESIGN\frontend\src\pages\NutrientCalculatorPage.jsx","PAGE","False","True","SERVICE_OR_API_IMPORT"
"C:\Users\DIYA GOEL\Downloads\EBDESIGN\frontend\src\pages\NutrientValueMarketplace.jsx","PAGE","False","True","SERVICE_OR_API_IMPORT"
"C:\Users\DIYA GOEL\Downloads\EBDESIGN\frontend\src\pages\NutritionCalculatorPage.jsx","PAGE","False","False","NO_OBVIOUS_STATIC_API_LINK"
"C:\Users\DIYA GOEL\Downloads\EBDESIGN\frontend\src\pages\OnboardingPage.jsx","PAGE","False","False","NO_OBVIOUS_STATIC_API_LINK"
"C:\Users\DIYA GOEL\Downloads\EBDESIGN\frontend\src\pages\OperationalDashboard.jsx","PAGE","False","True","SERVICE_OR_API_IMPORT"
"C:\Users\DIYA GOEL\Downloads\EBDESIGN\frontend\src\pages\OperationsManagementPage.jsx","PAGE","False","False","NO_OBVIOUS_STATIC_API_LINK"
"C:\Users\DIYA GOEL\Downloads\EBDESIGN\frontend\src\pages\OperationsReportPage.jsx","PAGE","False","False","NO_OBVIOUS_STATIC_API_LINK"
"C:\Users\DIYA GOEL\Downloads\EBDESIGN\frontend\src\pages\OrchardManagementPage.jsx","PAGE","False","True","SERVICE_OR_API_IMPORT"
"C:\Users\DIYA GOEL\Downloads\EBDESIGN\frontend\src\pages\OrderDetailPage.jsx","PAGE","False","True","SERVICE_OR_API_IMPORT"
"C:\Users\DIYA GOEL\Downloads\EBDESIGN\frontend\src\pages\OrdersPage.jsx","PAGE","False","False","NO_OBVIOUS_STATIC_API_LINK"
"C:\Users\DIYA GOEL\Downloads\EBDESIGN\frontend\src\pages\OrganizationTenantManagementPage.jsx","PAGE","False","True","SERVICE_OR_API_IMPORT"
"C:\Users\DIYA GOEL\Downloads\EBDESIGN\frontend\src\pages\PaymentGatewayPage.jsx","PAGE","False","True","SERVICE_OR_API_IMPORT"
"C:\Users\DIYA GOEL\Downloads\EBDESIGN\frontend\src\pages\PaymentProcessingPage.jsx","PAGE","False","True","SERVICE_OR_API_IMPORT"
"C:\Users\DIYA GOEL\Downloads\EBDESIGN\frontend\src\pages\PaymentsPage.jsx","PAGE","False","False","NO_OBVIOUS_STATIC_API_LINK"
"C:\Users\DIYA GOEL\Downloads\EBDESIGN\frontend\src\pages\PermissionsPage.jsx","PAGE","False","False","NO_OBVIOUS_STATIC_API_LINK"
"C:\Users\DIYA GOEL\Downloads\EBDESIGN\frontend\src\pages\PigFarmingPage.jsx","PAGE","False","True","SERVICE_OR_API_IMPORT"
"C:\Users\DIYA GOEL\Downloads\EBDESIGN\frontend\src\pages\PlatformFoundationPage.jsx","PAGE","False","True","SERVICE_OR_API_IMPORT"
"C:\Users\DIYA GOEL\Downloads\EBDESIGN\frontend\src\pages\PlatformManagementPage.jsx","PAGE","False","True","SERVICE_OR_API_IMPORT"
"C:\Users\DIYA GOEL\Downloads\EBDESIGN\frontend\src\pages\PondManagementPage.jsx","PAGE","False","True","SERVICE_OR_API_IMPORT"
"C:\Users\DIYA GOEL\Downloads\EBDESIGN\frontend\src\pages\PopularPage.jsx","PAGE","False","False","NO_OBVIOUS_STATIC_API_LINK"
"C:\Users\DIYA GOEL\Downloads\EBDESIGN\frontend\src\pages\PoultryManagementPage.jsx","PAGE","False","True","SERVICE_OR_API_IMPORT"
"C:\Users\DIYA GOEL\Downloads\EBDESIGN\frontend\src\pages\PredictiveIntelligencePage.jsx","PAGE","False","True","SERVICE_OR_API_IMPORT"
"C:\Users\DIYA GOEL\Downloads\EBDESIGN\frontend\src\pages\PreferencesPage.jsx","PAGE","False","False","NO_OBVIOUS_STATIC_API_LINK"
"C:\Users\DIYA GOEL\Downloads\EBDESIGN\frontend\src\pages\PremiumMarketplacePage.jsx","PAGE","True","False","DIRECT_API_CALL"
"C:\Users\DIYA GOEL\Downloads\EBDESIGN\frontend\src\pages\PreOrderPage.jsx","PAGE","False","True","SERVICE_OR_API_IMPORT"
"C:\Users\DIYA GOEL\Downloads\EBDESIGN\frontend\src\pages\PreSeasonPurchasePage.jsx","PAGE","False","True","SERVICE_OR_API_IMPORT"
"C:\Users\DIYA GOEL\Downloads\EBDESIGN\frontend\src\pages\PriceBuildPage.jsx","PAGE","False","True","SERVICE_OR_API_IMPORT"
"C:\Users\DIYA GOEL\Downloads\EBDESIGN\frontend\src\pages\PriceCheckPage.jsx","PAGE","False","True","SERVICE_OR_API_IMPORT"
"C:\Users\DIYA GOEL\Downloads\EBDESIGN\frontend\src\pages\PrivacyPage.jsx","PAGE","False","False","NO_OBVIOUS_STATIC_API_LINK"
"C:\Users\DIYA GOEL\Downloads\EBDESIGN\frontend\src\pages\ProductDetailPage.jsx","PAGE","False","True","SERVICE_OR_API_IMPORT"
"C:\Users\DIYA GOEL\Downloads\EBDESIGN\frontend\src\pages\ProfilePage.jsx","PAGE","False","False","NO_OBVIOUS_STATIC_API_LINK"
"C:\Users\DIYA GOEL\Downloads\EBDESIGN\frontend\src\pages\ProjectSystemsPage.jsx","PAGE","False","True","SERVICE_OR_API_IMPORT"
"C:\Users\DIYA GOEL\Downloads\EBDESIGN\frontend\src\pages\PublicDataExtractorPage.jsx","PAGE","False","True","SERVICE_OR_API_IMPORT"
"C:\Users\DIYA GOEL\Downloads\EBDESIGN\frontend\src\pages\QualityControlPage.jsx","PAGE","False","True","SERVICE_OR_API_IMPORT"
"C:\Users\DIYA GOEL\Downloads\EBDESIGN\frontend\src\pages\RealtimeMonitoringPage.jsx","PAGE","False","True","SERVICE_OR_API_IMPORT"
"C:\Users\DIYA GOEL\Downloads\EBDESIGN\frontend\src\pages\ReceiptsPage.jsx","PAGE","False","False","NO_OBVIOUS_STATIC_API_LINK"
"C:\Users\DIYA GOEL\Downloads\EBDESIGN\frontend\src\pages\RecentPage.jsx","PAGE","False","False","NO_OBVIOUS_STATIC_API_LINK"
"C:\Users\DIYA GOEL\Downloads\EBDESIGN\frontend\src\pages\RegisterPage.jsx","PAGE","False","True","SERVICE_OR_API_IMPORT"
"C:\Users\DIYA GOEL\Downloads\EBDESIGN\frontend\src\pages\REOSDashboardPage.jsx","PAGE","False","False","NO_OBVIOUS_STATIC_API_LINK"
"C:\Users\DIYA GOEL\Downloads\EBDESIGN\frontend\src\pages\REOSDashboardPage.test.jsx","PAGE","False","True","SERVICE_OR_API_IMPORT"
"C:\Users\DIYA GOEL\Downloads\EBDESIGN\frontend\src\pages\ReportingPage.jsx","PAGE","False","False","NO_OBVIOUS_STATIC_API_LINK"
"C:\Users\DIYA GOEL\Downloads\EBDESIGN\frontend\src\pages\ReportsDashboardPage.jsx","PAGE","False","False","NO_OBVIOUS_STATIC_API_LINK"
"C:\Users\DIYA GOEL\Downloads\EBDESIGN\frontend\src\pages\ReportsPage.jsx","PAGE","False","False","NO_OBVIOUS_STATIC_API_LINK"
"C:\Users\DIYA GOEL\Downloads\EBDESIGN\frontend\src\pages\ResearchAndDevelopmentPage.jsx","PAGE","False","True","SERVICE_OR_API_IMPORT"
"C:\Users\DIYA GOEL\Downloads\EBDESIGN\frontend\src\pages\ResearchDashboardPage.jsx","PAGE","False","True","SERVICE_OR_API_IMPORT"
"C:\Users\DIYA GOEL\Downloads\EBDESIGN\frontend\src\pages\RestorePage.jsx","PAGE","False","False","NO_OBVIOUS_STATIC_API_LINK"
"C:\Users\DIYA GOEL\Downloads\EBDESIGN\frontend\src\pages\ResultsPage.jsx","PAGE","False","False","NO_OBVIOUS_STATIC_API_LINK"
"C:\Users\DIYA GOEL\Downloads\EBDESIGN\frontend\src\pages\RfqPage.jsx","PAGE","False","True","SERVICE_OR_API_IMPORT"
"C:\Users\DIYA GOEL\Downloads\EBDESIGN\frontend\src\pages\RiskManagementPage.jsx","PAGE","False","True","SERVICE_OR_API_IMPORT"
"C:\Users\DIYA GOEL\Downloads\EBDESIGN\frontend\src\pages\RoboticsOperationsPage.jsx","PAGE","False","True","SERVICE_OR_API_IMPORT"
"C:\Users\DIYA GOEL\Downloads\EBDESIGN\frontend\src\pages\RolePermissionPage.jsx","PAGE","False","True","SERVICE_OR_API_IMPORT"
"C:\Users\DIYA GOEL\Downloads\EBDESIGN\frontend\src\pages\RolesPage.jsx","PAGE","False","False","NO_OBVIOUS_STATIC_API_LINK"
"C:\Users\DIYA GOEL\Downloads\EBDESIGN\frontend\src\pages\SalesReportPage.jsx","PAGE","False","False","NO_OBVIOUS_STATIC_API_LINK"
"C:\Users\DIYA GOEL\Downloads\EBDESIGN\frontend\src\pages\SAPModuleArchitecturePage.jsx","PAGE","False","True","SERVICE_OR_API_IMPORT"
"C:\Users\DIYA GOEL\Downloads\EBDESIGN\frontend\src\pages\SearchPage.jsx","PAGE","False","False","NO_OBVIOUS_STATIC_API_LINK"
"C:\Users\DIYA GOEL\Downloads\EBDESIGN\frontend\src\pages\SecurityPage.jsx","PAGE","False","False","NO_OBVIOUS_STATIC_API_LINK"
"C:\Users\DIYA GOEL\Downloads\EBDESIGN\frontend\src\pages\SeedPlanningPage.jsx","PAGE","False","True","SERVICE_OR_API_IMPORT"
"C:\Users\DIYA GOEL\Downloads\EBDESIGN\frontend\src\pages\SeedVaultPage.jsx","PAGE","False","True","SERVICE_OR_API_IMPORT"
"C:\Users\DIYA GOEL\Downloads\EBDESIGN\frontend\src\pages\SellerProductFormPage.jsx","PAGE","False","True","SERVICE_OR_API_IMPORT"
"C:\Users\DIYA GOEL\Downloads\EBDESIGN\frontend\src\pages\SellTimingPage.jsx","PAGE","False","True","SERVICE_OR_API_IMPORT"
"C:\Users\DIYA GOEL\Downloads\EBDESIGN\frontend\src\pages\ServerErrorPage.jsx","PAGE","False","False","NO_OBVIOUS_STATIC_API_LINK"
"C:\Users\DIYA GOEL\Downloads\EBDESIGN\frontend\src\pages\SessionsPage.jsx","PAGE","False","False","NO_OBVIOUS_STATIC_API_LINK"
"C:\Users\DIYA GOEL\Downloads\EBDESIGN\frontend\src\pages\SettingsPage.jsx","PAGE","False","False","NO_OBVIOUS_STATIC_API_LINK"
"C:\Users\DIYA GOEL\Downloads\EBDESIGN\frontend\src\pages\SharedInfraPage.jsx","PAGE","False","True","SERVICE_OR_API_IMPORT"
"C:\Users\DIYA GOEL\Downloads\EBDESIGN\frontend\src\pages\SharePage.jsx","PAGE","False","False","NO_OBVIOUS_STATIC_API_LINK"
"C:\Users\DIYA GOEL\Downloads\EBDESIGN\frontend\src\pages\SheepFarmingPage.jsx","PAGE","False","True","SERVICE_OR_API_IMPORT"
"C:\Users\DIYA GOEL\Downloads\EBDESIGN\frontend\src\pages\ShgManagementPage.jsx","PAGE","False","True","SERVICE_OR_API_IMPORT"
"C:\Users\DIYA GOEL\Downloads\EBDESIGN\frontend\src\pages\SoilManagementPage.jsx","PAGE","False","True","SERVICE_OR_API_IMPORT"
"C:\Users\DIYA GOEL\Downloads\EBDESIGN\frontend\src\pages\SowingManagementPage.jsx","PAGE","False","True","SERVICE_OR_API_IMPORT"
"C:\Users\DIYA GOEL\Downloads\EBDESIGN\frontend\src\pages\SparePartsManagementPage.jsx","PAGE","False","False","NO_OBVIOUS_STATIC_API_LINK"
"C:\Users\DIYA GOEL\Downloads\EBDESIGN\frontend\src\pages\SubscriptionPage.jsx","PAGE","False","False","NO_OBVIOUS_STATIC_API_LINK"
"C:\Users\DIYA GOEL\Downloads\EBDESIGN\frontend\src\pages\SubsidyManagementPage.jsx","PAGE","False","True","SERVICE_OR_API_IMPORT"
"C:\Users\DIYA GOEL\Downloads\EBDESIGN\frontend\src\pages\SupplyChainAnalyticsPage.jsx","PAGE","False","True","SERVICE_OR_API_IMPORT"
"C:\Users\DIYA GOEL\Downloads\EBDESIGN\frontend\src\pages\SupportCenterPage.jsx","PAGE","False","True","SERVICE_OR_API_IMPORT"
"C:\Users\DIYA GOEL\Downloads\EBDESIGN\frontend\src\pages\SustainabilityDashboardPage.jsx","PAGE","False","True","SERVICE_OR_API_IMPORT"
"C:\Users\DIYA GOEL\Downloads\EBDESIGN\frontend\src\pages\SyncPage.jsx","PAGE","False","False","NO_OBVIOUS_STATIC_API_LINK"
"C:\Users\DIYA GOEL\Downloads\EBDESIGN\frontend\src\pages\SystemAdministrationPage.jsx","PAGE","False","True","SERVICE_OR_API_IMPORT"
"C:\Users\DIYA GOEL\Downloads\EBDESIGN\frontend\src\pages\TagsPage.jsx","PAGE","False","False","NO_OBVIOUS_STATIC_API_LINK"
"C:\Users\DIYA GOEL\Downloads\EBDESIGN\frontend\src\pages\TeamPage.jsx","PAGE","False","False","NO_OBVIOUS_STATIC_API_LINK"
"C:\Users\DIYA GOEL\Downloads\EBDESIGN\frontend\src\pages\TermsPage.jsx","PAGE","False","False","NO_OBVIOUS_STATIC_API_LINK"
"C:\Users\DIYA GOEL\Downloads\EBDESIGN\frontend\src\pages\ThemePage.jsx","PAGE","False","False","NO_OBVIOUS_STATIC_API_LINK"
"C:\Users\DIYA GOEL\Downloads\EBDESIGN\frontend\src\pages\TraceabilityPage.jsx","PAGE","False","True","SERVICE_OR_API_IMPORT"
"C:\Users\DIYA GOEL\Downloads\EBDESIGN\frontend\src\pages\TractorManagementPage.jsx","PAGE","False","True","SERVICE_OR_API_IMPORT"
"C:\Users\DIYA GOEL\Downloads\EBDESIGN\frontend\src\pages\TrainingAcademyPage.jsx","PAGE","False","True","SERVICE_OR_API_IMPORT"
"C:\Users\DIYA GOEL\Downloads\EBDESIGN\frontend\src\pages\TransactionHistoryPage.jsx","PAGE","False","True","SERVICE_OR_API_IMPORT"
"C:\Users\DIYA GOEL\Downloads\EBDESIGN\frontend\src\pages\TransactionsPage.jsx","PAGE","False","False","NO_OBVIOUS_STATIC_API_LINK"
"C:\Users\DIYA GOEL\Downloads\EBDESIGN\frontend\src\pages\TrashPage.jsx","PAGE","False","False","NO_OBVIOUS_STATIC_API_LINK"
"C:\Users\DIYA GOEL\Downloads\EBDESIGN\frontend\src\pages\TrendingPage.jsx","PAGE","False","False","NO_OBVIOUS_STATIC_API_LINK"
"C:\Users\DIYA GOEL\Downloads\EBDESIGN\frontend\src\pages\TutorialPage.jsx","PAGE","False","False","NO_OBVIOUS_STATIC_API_LINK"
"C:\Users\DIYA GOEL\Downloads\EBDESIGN\frontend\src\pages\UnauthorizedPage.jsx","PAGE","False","False","NO_OBVIOUS_STATIC_API_LINK"
"C:\Users\DIYA GOEL\Downloads\EBDESIGN\frontend\src\pages\UnifiedLedgerPage.jsx","PAGE","False","False","NO_OBVIOUS_STATIC_API_LINK"
"C:\Users\DIYA GOEL\Downloads\EBDESIGN\frontend\src\pages\UsersPage.jsx","PAGE","False","False","NO_OBVIOUS_STATIC_API_LINK"
"C:\Users\DIYA GOEL\Downloads\EBDESIGN\frontend\src\pages\VarietyDirectoryPage.jsx","PAGE","False","True","SERVICE_OR_API_IMPORT"
"C:\Users\DIYA GOEL\Downloads\EBDESIGN\frontend\src\pages\VillageRegistryPage.jsx","PAGE","False","True","SERVICE_OR_API_IMPORT"
"C:\Users\DIYA GOEL\Downloads\EBDESIGN\frontend\src\pages\WalletPage.jsx","PAGE","False","True","SERVICE_OR_API_IMPORT"
"C:\Users\DIYA GOEL\Downloads\EBDESIGN\frontend\src\pages\WaterManagementPage.jsx","PAGE","False","False","NO_OBVIOUS_STATIC_API_LINK"
"C:\Users\DIYA GOEL\Downloads\EBDESIGN\frontend\src\pages\WaterRecordsPage.jsx","PAGE","False","False","NO_OBVIOUS_STATIC_API_LINK"
"C:\Users\DIYA GOEL\Downloads\EBDESIGN\frontend\src\pages\WearablesPage.jsx","PAGE","False","True","SERVICE_OR_API_IMPORT"
"C:\Users\DIYA GOEL\Downloads\EBDESIGN\frontend\src\pages\WeatherAnalyticsPage.jsx","PAGE","False","True","SERVICE_OR_API_IMPORT"
"C:\Users\DIYA GOEL\Downloads\EBDESIGN\frontend\src\pages\WelcomePage.jsx","PAGE","False","False","NO_OBVIOUS_STATIC_API_LINK"
"C:\Users\DIYA GOEL\Downloads\EBDESIGN\frontend\src\pages\WhatGrowPage.jsx","PAGE","False","True","SERVICE_OR_API_IMPORT"
"C:\Users\DIYA GOEL\Downloads\EBDESIGN\frontend\src\pages\YieldManagementPage.jsx","PAGE","False","True","SERVICE_OR_API_IMPORT"
"C:\Users\DIYA GOEL\Downloads\EBDESIGN\frontend\src\pages\admin\APIManagement.jsx","PAGE","False","False","NO_OBVIOUS_STATIC_API_LINK"
"C:\Users\DIYA GOEL\Downloads\EBDESIGN\frontend\src\pages\admin\AuditLogs.jsx","PAGE","False","False","NO_OBVIOUS_STATIC_API_LINK"
"C:\Users\DIYA GOEL\Downloads\EBDESIGN\frontend\src\pages\admin\BackupRecovery.jsx","PAGE","False","False","NO_OBVIOUS_STATIC_API_LINK"
"C:\Users\DIYA GOEL\Downloads\EBDESIGN\frontend\src\pages\admin\CacheManagement.jsx","PAGE","False","False","NO_OBVIOUS_STATIC_API_LINK"
"C:\Users\DIYA GOEL\Downloads\EBDESIGN\frontend\src\pages\admin\ComplianceDashboard.jsx","PAGE","False","False","NO_OBVIOUS_STATIC_API_LINK"
"C:\Users\DIYA GOEL\Downloads\EBDESIGN\frontend\src\pages\admin\DatabaseManagement.jsx","PAGE","False","False","NO_OBVIOUS_STATIC_API_LINK"
"C:\Users\DIYA GOEL\Downloads\EBDESIGN\frontend\src\pages\admin\ErrorHandling.jsx","PAGE","False","False","NO_OBVIOUS_STATIC_API_LINK"
"C:\Users\DIYA GOEL\Downloads\EBDESIGN\frontend\src\pages\admin\IntegrationSettings.jsx","PAGE","False","False","NO_OBVIOUS_STATIC_API_LINK"
"C:\Users\DIYA GOEL\Downloads\EBDESIGN\frontend\src\pages\admin\LogViewer.jsx","PAGE","False","False","NO_OBVIOUS_STATIC_API_LINK"
"C:\Users\DIYA GOEL\Downloads\EBDESIGN\frontend\src\pages\admin\NotificationPreferences.jsx","PAGE","False","False","NO_OBVIOUS_STATIC_API_LINK"
"C:\Users\DIYA GOEL\Downloads\EBDESIGN\frontend\src\pages\admin\PerformanceTuning.jsx","PAGE","False","False","NO_OBVIOUS_STATIC_API_LINK"
"C:\Users\DIYA GOEL\Downloads\EBDESIGN\frontend\src\pages\admin\ResourceMonitoring.jsx","PAGE","False","False","NO_OBVIOUS_STATIC_API_LINK"
"C:\Users\DIYA GOEL\Downloads\EBDESIGN\frontend\src\pages\admin\RolePermissions.jsx","PAGE","False","False","NO_OBVIOUS_STATIC_API_LINK"
"C:\Users\DIYA GOEL\Downloads\EBDESIGN\frontend\src\pages\admin\SecuritySettings.jsx","PAGE","False","False","NO_OBVIOUS_STATIC_API_LINK"
"C:\Users\DIYA GOEL\Downloads\EBDESIGN\frontend\src\pages\admin\SystemConfiguration.jsx","PAGE","False","False","NO_OBVIOUS_STATIC_API_LINK"
"C:\Users\DIYA GOEL\Downloads\EBDESIGN\frontend\src\pages\admin\UserManagement.jsx","PAGE","False","False","NO_OBVIOUS_STATIC_API_LINK"
"C:\Users\DIYA GOEL\Downloads\EBDESIGN\frontend\src\pages\analytics\AdvancedAnalyticsDashboard.jsx","PAGE","False","False","NO_OBVIOUS_STATIC_API_LINK"
"C:\Users\DIYA GOEL\Downloads\EBDESIGN\frontend\src\pages\analytics\AnomalyDetection.jsx","PAGE","False","False","NO_OBVIOUS_STATIC_API_LINK"
"C:\Users\DIYA GOEL\Downloads\EBDESIGN\frontend\src\pages\analytics\CropYieldPrediction.jsx","PAGE","False","False","NO_OBVIOUS_STATIC_API_LINK"
"C:\Users\DIYA GOEL\Downloads\EBDESIGN\frontend\src\pages\analytics\CustomReportBuilder.jsx","PAGE","False","False","NO_OBVIOUS_STATIC_API_LINK"
"C:\Users\DIYA GOEL\Downloads\EBDESIGN\frontend\src\pages\analytics\DataQualityReport.jsx","PAGE","False","False","NO_OBVIOUS_STATIC_API_LINK"
"C:\Users\DIYA GOEL\Downloads\EBDESIGN\frontend\src\pages\analytics\ErrorRateAnalysis.jsx","PAGE","False","False","NO_OBVIOUS_STATIC_API_LINK"
"C:\Users\DIYA GOEL\Downloads\EBDESIGN\frontend\src\pages\analytics\FarmerBehaviorAnalytics.jsx","PAGE","False","False","NO_OBVIOUS_STATIC_API_LINK"
"C:\Users\DIYA GOEL\Downloads\EBDESIGN\frontend\src\pages\analytics\ForecastingDashboard.jsx","PAGE","False","False","NO_OBVIOUS_STATIC_API_LINK"
"C:\Users\DIYA GOEL\Downloads\EBDESIGN\frontend\src\pages\analytics\HistoricalDataView.jsx","PAGE","False","False","NO_OBVIOUS_STATIC_API_LINK"
"C:\Users\DIYA GOEL\Downloads\EBDESIGN\frontend\src\pages\analytics\IntelligenceReports.jsx","PAGE","False","False","NO_OBVIOUS_STATIC_API_LINK"
"C:\Users\DIYA GOEL\Downloads\EBDESIGN\frontend\src\pages\analytics\MarketTrendAnalysis.jsx","PAGE","False","False","NO_OBVIOUS_STATIC_API_LINK"
"C:\Users\DIYA GOEL\Downloads\EBDESIGN\frontend\src\pages\analytics\OpportunitiesIdentifier.jsx","PAGE","False","False","NO_OBVIOUS_STATIC_API_LINK"
"C:\Users\DIYA GOEL\Downloads\EBDESIGN\frontend\src\pages\analytics\PerformanceMetrics.jsx","PAGE","False","False","NO_OBVIOUS_STATIC_API_LINK"
"C:\Users\DIYA GOEL\Downloads\EBDESIGN\frontend\src\pages\analytics\PriceVolatilityChart.jsx","PAGE","False","False","NO_OBVIOUS_STATIC_API_LINK"
"C:\Users\DIYA GOEL\Downloads\EBDESIGN\frontend\src\pages\analytics\RegionalComparison.jsx","PAGE","False","False","NO_OBVIOUS_STATIC_API_LINK"
"C:\Users\DIYA GOEL\Downloads\EBDESIGN\frontend\src\pages\analytics\ResponseTimeMetrics.jsx","PAGE","False","False","NO_OBVIOUS_STATIC_API_LINK"
"C:\Users\DIYA GOEL\Downloads\EBDESIGN\frontend\src\pages\analytics\RiskAssessment.jsx","PAGE","False","False","NO_OBVIOUS_STATIC_API_LINK"
"C:\Users\DIYA GOEL\Downloads\EBDESIGN\frontend\src\pages\analytics\SubsidyDistributionMap.jsx","PAGE","False","False","NO_OBVIOUS_STATIC_API_LINK"
"C:\Users\DIYA GOEL\Downloads\EBDESIGN\frontend\src\pages\analytics\SystemHealthMonitor.jsx","PAGE","False","False","NO_OBVIOUS_STATIC_API_LINK"
"C:\Users\DIYA GOEL\Downloads\EBDESIGN\frontend\src\pages\analytics\UserEngagementStats.jsx","PAGE","False","False","NO_OBVIOUS_STATIC_API_LINK"
"C:\Users\DIYA GOEL\Downloads\EBDESIGN\frontend\src\pages\analytics\WeatherImpactAssessment.jsx","PAGE","False","False","NO_OBVIOUS_STATIC_API_LINK"
"C:\Users\DIYA GOEL\Downloads\EBDESIGN\frontend\src\pages\economic\EconomicDashboard.jsx","PAGE","False","False","NO_OBVIOUS_STATIC_API_LINK"
"C:\Users\DIYA GOEL\Downloads\EBDESIGN\frontend\src\pages\economic\index.js","PAGE","False","False","NO_OBVIOUS_STATIC_API_LINK"
"C:\Users\DIYA GOEL\Downloads\EBDESIGN\frontend\src\pages\Generated\Page0.jsx","PAGE","False","True","SERVICE_OR_API_IMPORT"
"C:\Users\DIYA GOEL\Downloads\EBDESIGN\frontend\src\pages\Generated\Page1.jsx","PAGE","False","True","SERVICE_OR_API_IMPORT"
"C:\Users\DIYA GOEL\Downloads\EBDESIGN\frontend\src\pages\Generated\Page10.jsx","PAGE","False","False","NO_OBVIOUS_STATIC_API_LINK"
"C:\Users\DIYA GOEL\Downloads\EBDESIGN\frontend\src\pages\Generated\Page11.jsx","PAGE","False","False","NO_OBVIOUS_STATIC_API_LINK"
"C:\Users\DIYA GOEL\Downloads\EBDESIGN\frontend\src\pages\Generated\Page12.jsx","PAGE","False","False","NO_OBVIOUS_STATIC_API_LINK"
"C:\Users\DIYA GOEL\Downloads\EBDESIGN\frontend\src\pages\Generated\Page13.jsx","PAGE","False","False","NO_OBVIOUS_STATIC_API_LINK"
"C:\Users\DIYA GOEL\Downloads\EBDESIGN\frontend\src\pages\Generated\Page14.jsx","PAGE","False","False","NO_OBVIOUS_STATIC_API_LINK"
"C:\Users\DIYA GOEL\Downloads\EBDESIGN\frontend\src\pages\Generated\Page15.jsx","PAGE","False","False","NO_OBVIOUS_STATIC_API_LINK"
"C:\Users\DIYA GOEL\Downloads\EBDESIGN\frontend\src\pages\Generated\Page16.jsx","PAGE","False","False","NO_OBVIOUS_STATIC_API_LINK"
"C:\Users\DIYA GOEL\Downloads\EBDESIGN\frontend\src\pages\Generated\Page17.jsx","PAGE","False","False","NO_OBVIOUS_STATIC_API_LINK"
"C:\Users\DIYA GOEL\Downloads\EBDESIGN\frontend\src\pages\Generated\Page18.jsx","PAGE","False","False","NO_OBVIOUS_STATIC_API_LINK"
"C:\Users\DIYA GOEL\Downloads\EBDESIGN\frontend\src\pages\Generated\Page19.jsx","PAGE","False","False","NO_OBVIOUS_STATIC_API_LINK"
"C:\Users\DIYA GOEL\Downloads\EBDESIGN\frontend\src\pages\Generated\Page2.jsx","PAGE","False","True","SERVICE_OR_API_IMPORT"
"C:\Users\DIYA GOEL\Downloads\EBDESIGN\frontend\src\pages\Generated\Page20.jsx","PAGE","False","False","NO_OBVIOUS_STATIC_API_LINK"
"C:\Users\DIYA GOEL\Downloads\EBDESIGN\frontend\src\pages\Generated\Page21.jsx","PAGE","False","False","NO_OBVIOUS_STATIC_API_LINK"
"C:\Users\DIYA GOEL\Downloads\EBDESIGN\frontend\src\pages\Generated\Page22.jsx","PAGE","False","False","NO_OBVIOUS_STATIC_API_LINK"
"C:\Users\DIYA GOEL\Downloads\EBDESIGN\frontend\src\pages\Generated\Page23.jsx","PAGE","False","False","NO_OBVIOUS_STATIC_API_LINK"
"C:\Users\DIYA GOEL\Downloads\EBDESIGN\frontend\src\pages\Generated\Page24.jsx","PAGE","False","False","NO_OBVIOUS_STATIC_API_LINK"
"C:\Users\DIYA GOEL\Downloads\EBDESIGN\frontend\src\pages\Generated\Page25.jsx","PAGE","False","False","NO_OBVIOUS_STATIC_API_LINK"
"C:\Users\DIYA GOEL\Downloads\EBDESIGN\frontend\src\pages\Generated\Page26.jsx","PAGE","False","False","NO_OBVIOUS_STATIC_API_LINK"
"C:\Users\DIYA GOEL\Downloads\EBDESIGN\frontend\src\pages\Generated\Page27.jsx","PAGE","False","False","NO_OBVIOUS_STATIC_API_LINK"
"C:\Users\DIYA GOEL\Downloads\EBDESIGN\frontend\src\pages\Generated\Page28.jsx","PAGE","False","False","NO_OBVIOUS_STATIC_API_LINK"
"C:\Users\DIYA GOEL\Downloads\EBDESIGN\frontend\src\pages\Generated\Page29.jsx","PAGE","False","False","NO_OBVIOUS_STATIC_API_LINK"
"C:\Users\DIYA GOEL\Downloads\EBDESIGN\frontend\src\pages\Generated\Page3.jsx","PAGE","False","True","SERVICE_OR_API_IMPORT"
"C:\Users\DIYA GOEL\Downloads\EBDESIGN\frontend\src\pages\Generated\Page30.jsx","PAGE","False","False","NO_OBVIOUS_STATIC_API_LINK"
"C:\Users\DIYA GOEL\Downloads\EBDESIGN\frontend\src\pages\Generated\Page31.jsx","PAGE","False","False","NO_OBVIOUS_STATIC_API_LINK"
"C:\Users\DIYA GOEL\Downloads\EBDESIGN\frontend\src\pages\Generated\Page32.jsx","PAGE","False","False","NO_OBVIOUS_STATIC_API_LINK"
"C:\Users\DIYA GOEL\Downloads\EBDESIGN\frontend\src\pages\Generated\Page33.jsx","PAGE","False","False","NO_OBVIOUS_STATIC_API_LINK"
"C:\Users\DIYA GOEL\Downloads\EBDESIGN\frontend\src\pages\Generated\Page34.jsx","PAGE","False","False","NO_OBVIOUS_STATIC_API_LINK"
"C:\Users\DIYA GOEL\Downloads\EBDESIGN\frontend\src\pages\Generated\Page35.jsx","PAGE","False","False","NO_OBVIOUS_STATIC_API_LINK"
"C:\Users\DIYA GOEL\Downloads\EBDESIGN\frontend\src\pages\Generated\Page36.jsx","PAGE","False","False","NO_OBVIOUS_STATIC_API_LINK"
"C:\Users\DIYA GOEL\Downloads\EBDESIGN\frontend\src\pages\Generated\Page37.jsx","PAGE","False","False","NO_OBVIOUS_STATIC_API_LINK"
"C:\Users\DIYA GOEL\Downloads\EBDESIGN\frontend\src\pages\Generated\Page38.jsx","PAGE","False","False","NO_OBVIOUS_STATIC_API_LINK"
"C:\Users\DIYA GOEL\Downloads\EBDESIGN\frontend\src\pages\Generated\Page39.jsx","PAGE","False","False","NO_OBVIOUS_STATIC_API_LINK"
"C:\Users\DIYA GOEL\Downloads\EBDESIGN\frontend\src\pages\Generated\Page4.jsx","PAGE","False","False","NO_OBVIOUS_STATIC_API_LINK"
"C:\Users\DIYA GOEL\Downloads\EBDESIGN\frontend\src\pages\Generated\Page40.jsx","PAGE","False","False","NO_OBVIOUS_STATIC_API_LINK"
"C:\Users\DIYA GOEL\Downloads\EBDESIGN\frontend\src\pages\Generated\Page41.jsx","PAGE","False","False","NO_OBVIOUS_STATIC_API_LINK"
"C:\Users\DIYA GOEL\Downloads\EBDESIGN\frontend\src\pages\Generated\Page42.jsx","PAGE","False","False","NO_OBVIOUS_STATIC_API_LINK"
"C:\Users\DIYA GOEL\Downloads\EBDESIGN\frontend\src\pages\Generated\Page43.jsx","PAGE","False","False","NO_OBVIOUS_STATIC_API_LINK"
"C:\Users\DIYA GOEL\Downloads\EBDESIGN\frontend\src\pages\Generated\Page44.jsx","PAGE","False","False","NO_OBVIOUS_STATIC_API_LINK"
"C:\Users\DIYA GOEL\Downloads\EBDESIGN\frontend\src\pages\Generated\Page45.jsx","PAGE","False","False","NO_OBVIOUS_STATIC_API_LINK"
"C:\Users\DIYA GOEL\Downloads\EBDESIGN\frontend\src\pages\Generated\Page46.jsx","PAGE","False","False","NO_OBVIOUS_STATIC_API_LINK"
"C:\Users\DIYA GOEL\Downloads\EBDESIGN\frontend\src\pages\Generated\Page47.jsx","PAGE","False","False","NO_OBVIOUS_STATIC_API_LINK"
"C:\Users\DIYA GOEL\Downloads\EBDESIGN\frontend\src\pages\Generated\Page48.jsx","PAGE","False","False","NO_OBVIOUS_STATIC_API_LINK"
"C:\Users\DIYA GOEL\Downloads\EBDESIGN\frontend\src\pages\Generated\Page49.jsx","PAGE","False","False","NO_OBVIOUS_STATIC_API_LINK"
"C:\Users\DIYA GOEL\Downloads\EBDESIGN\frontend\src\pages\Generated\Page5.jsx","PAGE","False","False","NO_OBVIOUS_STATIC_API_LINK"
"C:\Users\DIYA GOEL\Downloads\EBDESIGN\frontend\src\pages\Generated\Page50.jsx","PAGE","False","False","NO_OBVIOUS_STATIC_API_LINK"
"C:\Users\DIYA GOEL\Downloads\EBDESIGN\frontend\src\pages\Generated\Page51.jsx","PAGE","False","False","NO_OBVIOUS_STATIC_API_LINK"
"C:\Users\DIYA GOEL\Downloads\EBDESIGN\frontend\src\pages\Generated\Page52.jsx","PAGE","False","False","NO_OBVIOUS_STATIC_API_LINK"
"C:\Users\DIYA GOEL\Downloads\EBDESIGN\frontend\src\pages\Generated\Page53.jsx","PAGE","False","False","NO_OBVIOUS_STATIC_API_LINK"
"C:\Users\DIYA GOEL\Downloads\EBDESIGN\frontend\src\pages\Generated\Page54.jsx","PAGE","False","False","NO_OBVIOUS_STATIC_API_LINK"
"C:\Users\DIYA GOEL\Downloads\EBDESIGN\frontend\src\pages\Generated\Page55.jsx","PAGE","False","False","NO_OBVIOUS_STATIC_API_LINK"
"C:\Users\DIYA GOEL\Downloads\EBDESIGN\frontend\src\pages\Generated\Page56.jsx","PAGE","False","False","NO_OBVIOUS_STATIC_API_LINK"
"C:\Users\DIYA GOEL\Downloads\EBDESIGN\frontend\src\pages\Generated\Page57.jsx","PAGE","False","False","NO_OBVIOUS_STATIC_API_LINK"
"C:\Users\DIYA GOEL\Downloads\EBDESIGN\frontend\src\pages\Generated\Page58.jsx","PAGE","False","False","NO_OBVIOUS_STATIC_API_LINK"
"C:\Users\DIYA GOEL\Downloads\EBDESIGN\frontend\src\pages\Generated\Page59.jsx","PAGE","False","False","NO_OBVIOUS_STATIC_API_LINK"
"C:\Users\DIYA GOEL\Downloads\EBDESIGN\frontend\src\pages\Generated\Page6.jsx","PAGE","False","False","NO_OBVIOUS_STATIC_API_LINK"
"C:\Users\DIYA GOEL\Downloads\EBDESIGN\frontend\src\pages\Generated\Page60.jsx","PAGE","False","False","NO_OBVIOUS_STATIC_API_LINK"
"C:\Users\DIYA GOEL\Downloads\EBDESIGN\frontend\src\pages\Generated\Page61.jsx","PAGE","False","False","NO_OBVIOUS_STATIC_API_LINK"
"C:\Users\DIYA GOEL\Downloads\EBDESIGN\frontend\src\pages\Generated\Page62.jsx","PAGE","False","False","NO_OBVIOUS_STATIC_API_LINK"
"C:\Users\DIYA GOEL\Downloads\EBDESIGN\frontend\src\pages\Generated\Page63.jsx","PAGE","False","False","NO_OBVIOUS_STATIC_API_LINK"
"C:\Users\DIYA GOEL\Downloads\EBDESIGN\frontend\src\pages\Generated\Page64.jsx","PAGE","False","False","NO_OBVIOUS_STATIC_API_LINK"
"C:\Users\DIYA GOEL\Downloads\EBDESIGN\frontend\src\pages\Generated\Page65.jsx","PAGE","False","False","NO_OBVIOUS_STATIC_API_LINK"
"C:\Users\DIYA GOEL\Downloads\EBDESIGN\frontend\src\pages\Generated\Page66.jsx","PAGE","False","False","NO_OBVIOUS_STATIC_API_LINK"
"C:\Users\DIYA GOEL\Downloads\EBDESIGN\frontend\src\pages\Generated\Page67.jsx","PAGE","False","False","NO_OBVIOUS_STATIC_API_LINK"
"C:\Users\DIYA GOEL\Downloads\EBDESIGN\frontend\src\pages\Generated\Page68.jsx","PAGE","False","False","NO_OBVIOUS_STATIC_API_LINK"
"C:\Users\DIYA GOEL\Downloads\EBDESIGN\frontend\src\pages\Generated\Page69.jsx","PAGE","False","False","NO_OBVIOUS_STATIC_API_LINK"
"C:\Users\DIYA GOEL\Downloads\EBDESIGN\frontend\src\pages\Generated\Page7.jsx","PAGE","False","False","NO_OBVIOUS_STATIC_API_LINK"
"C:\Users\DIYA GOEL\Downloads\EBDESIGN\frontend\src\pages\Generated\Page70.jsx","PAGE","False","False","NO_OBVIOUS_STATIC_API_LINK"
"C:\Users\DIYA GOEL\Downloads\EBDESIGN\frontend\src\pages\Generated\Page71.jsx","PAGE","False","False","NO_OBVIOUS_STATIC_API_LINK"
"C:\Users\DIYA GOEL\Downloads\EBDESIGN\frontend\src\pages\Generated\Page72.jsx","PAGE","False","False","NO_OBVIOUS_STATIC_API_LINK"
"C:\Users\DIYA GOEL\Downloads\EBDESIGN\frontend\src\pages\Generated\Page73.jsx","PAGE","False","False","NO_OBVIOUS_STATIC_API_LINK"
"C:\Users\DIYA GOEL\Downloads\EBDESIGN\frontend\src\pages\Generated\Page74.jsx","PAGE","False","False","NO_OBVIOUS_STATIC_API_LINK"
"C:\Users\DIYA GOEL\Downloads\EBDESIGN\frontend\src\pages\Generated\Page75.jsx","PAGE","False","False","NO_OBVIOUS_STATIC_API_LINK"
"C:\Users\DIYA GOEL\Downloads\EBDESIGN\frontend\src\pages\Generated\Page76.jsx","PAGE","False","False","NO_OBVIOUS_STATIC_API_LINK"
"C:\Users\DIYA GOEL\Downloads\EBDESIGN\frontend\src\pages\Generated\Page77.jsx","PAGE","False","False","NO_OBVIOUS_STATIC_API_LINK"
"C:\Users\DIYA GOEL\Downloads\EBDESIGN\frontend\src\pages\Generated\Page78.jsx","PAGE","False","False","NO_OBVIOUS_STATIC_API_LINK"
"C:\Users\DIYA GOEL\Downloads\EBDESIGN\frontend\src\pages\Generated\Page79.jsx","PAGE","False","False","NO_OBVIOUS_STATIC_API_LINK"
"C:\Users\DIYA GOEL\Downloads\EBDESIGN\frontend\src\pages\Generated\Page8.jsx","PAGE","False","False","NO_OBVIOUS_STATIC_API_LINK"
"C:\Users\DIYA GOEL\Downloads\EBDESIGN\frontend\src\pages\Generated\Page80.jsx","PAGE","False","False","NO_OBVIOUS_STATIC_API_LINK"
"C:\Users\DIYA GOEL\Downloads\EBDESIGN\frontend\src\pages\Generated\Page81.jsx","PAGE","False","False","NO_OBVIOUS_STATIC_API_LINK"
"C:\Users\DIYA GOEL\Downloads\EBDESIGN\frontend\src\pages\Generated\Page82.jsx","PAGE","False","False","NO_OBVIOUS_STATIC_API_LINK"
"C:\Users\DIYA GOEL\Downloads\EBDESIGN\frontend\src\pages\Generated\Page83.jsx","PAGE","False","False","NO_OBVIOUS_STATIC_API_LINK"
"C:\Users\DIYA GOEL\Downloads\EBDESIGN\frontend\src\pages\Generated\Page84.jsx","PAGE","False","False","NO_OBVIOUS_STATIC_API_LINK"
"C:\Users\DIYA GOEL\Downloads\EBDESIGN\frontend\src\pages\Generated\Page85.jsx","PAGE","False","False","NO_OBVIOUS_STATIC_API_LINK"
"C:\Users\DIYA GOEL\Downloads\EBDESIGN\frontend\src\pages\Generated\Page86.jsx","PAGE","False","False","NO_OBVIOUS_STATIC_API_LINK"
"C:\Users\DIYA GOEL\Downloads\EBDESIGN\frontend\src\pages\Generated\Page87.jsx","PAGE","False","False","NO_OBVIOUS_STATIC_API_LINK"
"C:\Users\DIYA GOEL\Downloads\EBDESIGN\frontend\src\pages\Generated\Page88.jsx","PAGE","False","False","NO_OBVIOUS_STATIC_API_LINK"
"C:\Users\DIYA GOEL\Downloads\EBDESIGN\frontend\src\pages\Generated\Page9.jsx","PAGE","False","False","NO_OBVIOUS_STATIC_API_LINK"
"C:\Users\DIYA GOEL\Downloads\EBDESIGN\frontend\src\pages\government\AnnouncementBoard.jsx","PAGE","False","False","NO_OBVIOUS_STATIC_API_LINK"
"C:\Users\DIYA GOEL\Downloads\EBDESIGN\frontend\src\pages\government\ApplicationStatusTracker.jsx","PAGE","False","False","NO_OBVIOUS_STATIC_API_LINK"
"C:\Users\DIYA GOEL\Downloads\EBDESIGN\frontend\src\pages\government\ApprovalWorkflow.jsx","PAGE","False","False","NO_OBVIOUS_STATIC_API_LINK"
"C:\Users\DIYA GOEL\Downloads\EBDESIGN\frontend\src\pages\government\AuditLogPage.jsx","PAGE","False","False","NO_OBVIOUS_STATIC_API_LINK"
"C:\Users\DIYA GOEL\Downloads\EBDESIGN\frontend\src\pages\government\BeneficiaryManagement.jsx","PAGE","False","False","NO_OBVIOUS_STATIC_API_LINK"
"C:\Users\DIYA GOEL\Downloads\EBDESIGN\frontend\src\pages\government\BiometricAuthentication.jsx","PAGE","False","False","NO_OBVIOUS_STATIC_API_LINK"
"C:\Users\DIYA GOEL\Downloads\EBDESIGN\frontend\src\pages\government\CancellationManagement.jsx","PAGE","False","False","NO_OBVIOUS_STATIC_API_LINK"
"C:\Users\DIYA GOEL\Downloads\EBDESIGN\frontend\src\pages\government\ComplianceValidator.jsx","PAGE","False","False","NO_OBVIOUS_STATIC_API_LINK"
"C:\Users\DIYA GOEL\Downloads\EBDESIGN\frontend\src\pages\government\DeadlineTracker.jsx","PAGE","False","False","NO_OBVIOUS_STATIC_API_LINK"
"C:\Users\DIYA GOEL\Downloads\EBDESIGN\frontend\src\pages\government\DisputeResolutionPage.jsx","PAGE","False","False","NO_OBVIOUS_STATIC_API_LINK"
"C:\Users\DIYA GOEL\Downloads\EBDESIGN\frontend\src\pages\government\DocumentUploadPage.jsx","PAGE","False","False","NO_OBVIOUS_STATIC_API_LINK"
"C:\Users\DIYA GOEL\Downloads\EBDESIGN\frontend\src\pages\government\GovernmentNotificationCenter.jsx","PAGE","False","False","NO_OBVIOUS_STATIC_API_LINK"
"C:\Users\DIYA GOEL\Downloads\EBDESIGN\frontend\src\pages\government\GovernmentSchemeDashboard.jsx","PAGE","False","False","NO_OBVIOUS_STATIC_API_LINK"
"C:\Users\DIYA GOEL\Downloads\EBDESIGN\frontend\src\pages\government\MobileVerification.jsx","PAGE","False","False","NO_OBVIOUS_STATIC_API_LINK"
"C:\Users\DIYA GOEL\Downloads\EBDESIGN\frontend\src\pages\government\PaymentGateway.jsx","PAGE","False","False","NO_OBVIOUS_STATIC_API_LINK"
"C:\Users\DIYA GOEL\Downloads\EBDESIGN\frontend\src\pages\government\SchemeBeneficiaryList.jsx","PAGE","False","False","NO_OBVIOUS_STATIC_API_LINK"
"C:\Users\DIYA GOEL\Downloads\EBDESIGN\frontend\src\pages\government\SchemeEligibilityChecker.jsx","PAGE","False","False","NO_OBVIOUS_STATIC_API_LINK"
"C:\Users\DIYA GOEL\Downloads\EBDESIGN\frontend\src\pages\government\SchemeReportGenerator.jsx","PAGE","False","False","NO_OBVIOUS_STATIC_API_LINK"
"C:\Users\DIYA GOEL\Downloads\EBDESIGN\frontend\src\pages\government\SchemeUpdate Notifier.jsx","PAGE","False","False","NO_OBVIOUS_STATIC_API_LINK"
"C:\Users\DIYA GOEL\Downloads\EBDESIGN\frontend\src\pages\government\SchemeVerificationPage.jsx","PAGE","False","False","NO_OBVIOUS_STATIC_API_LINK"
"C:\Users\DIYA GOEL\Downloads\EBDESIGN\frontend\src\pages\government\SubsidyApplicationPage.jsx","PAGE","False","False","NO_OBVIOUS_STATIC_API_LINK"
"C:\Users\DIYA GOEL\Downloads\EBDESIGN\frontend\src\pages\MachineryVillageOps\MachineryManagement.jsx","PAGE","False","True","SERVICE_OR_API_IMPORT"
"C:\Users\DIYA GOEL\Downloads\EBDESIGN\frontend\src\pages\mobile\MobileChat.jsx","PAGE","False","False","NO_OBVIOUS_STATIC_API_LINK"
"C:\Users\DIYA GOEL\Downloads\EBDESIGN\frontend\src\pages\mobile\MobileHelp.jsx","PAGE","False","False","NO_OBVIOUS_STATIC_API_LINK"
"C:\Users\DIYA GOEL\Downloads\EBDESIGN\frontend\src\pages\mobile\MobileHomepage.jsx","PAGE","False","False","NO_OBVIOUS_STATIC_API_LINK"
"C:\Users\DIYA GOEL\Downloads\EBDESIGN\frontend\src\pages\mobile\MobileMarketplace.jsx","PAGE","False","False","NO_OBVIOUS_STATIC_API_LINK"
"C:\Users\DIYA GOEL\Downloads\EBDESIGN\frontend\src\pages\mobile\MobileNotifications.jsx","PAGE","False","False","NO_OBVIOUS_STATIC_API_LINK"
"C:\Users\DIYA GOEL\Downloads\EBDESIGN\frontend\src\pages\mobile\MobileOffers.jsx","PAGE","False","False","NO_OBVIOUS_STATIC_API_LINK"
"C:\Users\DIYA GOEL\Downloads\EBDESIGN\frontend\src\pages\mobile\MobilePayments.jsx","PAGE","False","False","NO_OBVIOUS_STATIC_API_LINK"
"C:\Users\DIYA GOEL\Downloads\EBDESIGN\frontend\src\pages\mobile\MobileProfile.jsx","PAGE","False","False","NO_OBVIOUS_STATIC_API_LINK"
"C:\Users\DIYA GOEL\Downloads\EBDESIGN\frontend\src\pages\mobile\MobileSettings.jsx","PAGE","False","False","NO_OBVIOUS_STATIC_API_LINK"
"C:\Users\DIYA GOEL\Downloads\EBDESIGN\frontend\src\pages\mobile\MobileWallet.jsx","PAGE","False","False","NO_OBVIOUS_STATIC_API_LINK"
"C:\Users\DIYA GOEL\Downloads\EBDESIGN\frontend\src\pages\modules\M100\M100.jsx","PAGE","True","False","DIRECT_API_CALL"
"C:\Users\DIYA GOEL\Downloads\EBDESIGN\frontend\src\pages\modules\M101\M101.jsx","PAGE","True","False","DIRECT_API_CALL"
"C:\Users\DIYA GOEL\Downloads\EBDESIGN\frontend\src\pages\modules\M102\M102.jsx","PAGE","True","False","DIRECT_API_CALL"
"C:\Users\DIYA GOEL\Downloads\EBDESIGN\frontend\src\pages\modules\M103\M103.jsx","PAGE","True","False","DIRECT_API_CALL"
"C:\Users\DIYA GOEL\Downloads\EBDESIGN\frontend\src\pages\modules\M104\M104.jsx","PAGE","True","False","DIRECT_API_CALL"
"C:\Users\DIYA GOEL\Downloads\EBDESIGN\frontend\src\pages\modules\M105\M105.jsx","PAGE","True","False","DIRECT_API_CALL"
"C:\Users\DIYA GOEL\Downloads\EBDESIGN\frontend\src\pages\modules\M106\M106.jsx","PAGE","True","False","DIRECT_API_CALL"
"C:\Users\DIYA GOEL\Downloads\EBDESIGN\frontend\src\pages\modules\M107\M107.jsx","PAGE","True","False","DIRECT_API_CALL"
"C:\Users\DIYA GOEL\Downloads\EBDESIGN\frontend\src\pages\modules\M108\M108.jsx","PAGE","True","False","DIRECT_API_CALL"
"C:\Users\DIYA GOEL\Downloads\EBDESIGN\frontend\src\pages\modules\M109\M109.jsx","PAGE","True","False","DIRECT_API_CALL"
"C:\Users\DIYA GOEL\Downloads\EBDESIGN\frontend\src\pages\modules\M110\M110.jsx","PAGE","True","False","DIRECT_API_CALL"
"C:\Users\DIYA GOEL\Downloads\EBDESIGN\frontend\src\pages\modules\M111\M111.jsx","PAGE","True","False","DIRECT_API_CALL"
"C:\Users\DIYA GOEL\Downloads\EBDESIGN\frontend\src\pages\modules\M112\M112.jsx","PAGE","True","False","DIRECT_API_CALL"
"C:\Users\DIYA GOEL\Downloads\EBDESIGN\frontend\src\pages\modules\M113\M113.jsx","PAGE","True","False","DIRECT_API_CALL"
"C:\Users\DIYA GOEL\Downloads\EBDESIGN\frontend\src\pages\modules\M114\M114.jsx","PAGE","True","False","DIRECT_API_CALL"
"C:\Users\DIYA GOEL\Downloads\EBDESIGN\frontend\src\pages\modules\M115\M115.jsx","PAGE","True","False","DIRECT_API_CALL"
"C:\Users\DIYA GOEL\Downloads\EBDESIGN\frontend\src\pages\modules\M116\M116.jsx","PAGE","True","False","DIRECT_API_CALL"
"C:\Users\DIYA GOEL\Downloads\EBDESIGN\frontend\src\pages\modules\M117\M117.jsx","PAGE","True","False","DIRECT_API_CALL"
"C:\Users\DIYA GOEL\Downloads\EBDESIGN\frontend\src\pages\modules\M118\M118.jsx","PAGE","True","False","DIRECT_API_CALL"
"C:\Users\DIYA GOEL\Downloads\EBDESIGN\frontend\src\pages\modules\M119\M119.jsx","PAGE","True","False","DIRECT_API_CALL"
"C:\Users\DIYA GOEL\Downloads\EBDESIGN\frontend\src\pages\modules\M120\M120.jsx","PAGE","True","False","DIRECT_API_CALL"
"C:\Users\DIYA GOEL\Downloads\EBDESIGN\frontend\src\pages\modules\M121\M121.jsx","PAGE","True","False","DIRECT_API_CALL"
"C:\Users\DIYA GOEL\Downloads\EBDESIGN\frontend\src\pages\modules\M122\M122.jsx","PAGE","True","False","DIRECT_API_CALL"
"C:\Users\DIYA GOEL\Downloads\EBDESIGN\frontend\src\pages\modules\M123\M123.jsx","PAGE","True","False","DIRECT_API_CALL"
"C:\Users\DIYA GOEL\Downloads\EBDESIGN\frontend\src\pages\modules\M124\M124.jsx","PAGE","True","False","DIRECT_API_CALL"
"C:\Users\DIYA GOEL\Downloads\EBDESIGN\frontend\src\pages\modules\M125\M125.jsx","PAGE","True","False","DIRECT_API_CALL"
"C:\Users\DIYA GOEL\Downloads\EBDESIGN\frontend\src\pages\modules\M126\M126.jsx","PAGE","True","False","DIRECT_API_CALL"
"C:\Users\DIYA GOEL\Downloads\EBDESIGN\frontend\src\pages\modules\M127\M127.jsx","PAGE","True","False","DIRECT_API_CALL"
"C:\Users\DIYA GOEL\Downloads\EBDESIGN\frontend\src\pages\modules\M128\M128.jsx","PAGE","True","False","DIRECT_API_CALL"
"C:\Users\DIYA GOEL\Downloads\EBDESIGN\frontend\src\pages\modules\M129\M129.jsx","PAGE","True","False","DIRECT_API_CALL"
"C:\Users\DIYA GOEL\Downloads\EBDESIGN\frontend\src\pages\modules\M130\M130.jsx","PAGE","True","False","DIRECT_API_CALL"
"C:\Users\DIYA GOEL\Downloads\EBDESIGN\frontend\src\pages\modules\M131\M131.jsx","PAGE","True","False","DIRECT_API_CALL"
"C:\Users\DIYA GOEL\Downloads\EBDESIGN\frontend\src\pages\modules\M132\M132.jsx","PAGE","True","False","DIRECT_API_CALL"
"C:\Users\DIYA GOEL\Downloads\EBDESIGN\frontend\src\pages\modules\M133\M133.jsx","PAGE","True","False","DIRECT_API_CALL"
"C:\Users\DIYA GOEL\Downloads\EBDESIGN\frontend\src\pages\modules\M134\M134.jsx","PAGE","True","False","DIRECT_API_CALL"
"C:\Users\DIYA GOEL\Downloads\EBDESIGN\frontend\src\pages\modules\M135\M135.jsx","PAGE","True","False","DIRECT_API_CALL"
"C:\Users\DIYA GOEL\Downloads\EBDESIGN\frontend\src\pages\modules\M136\M136.jsx","PAGE","True","False","DIRECT_API_CALL"
"C:\Users\DIYA GOEL\Downloads\EBDESIGN\frontend\src\pages\modules\M137\M137.jsx","PAGE","True","False","DIRECT_API_CALL"
"C:\Users\DIYA GOEL\Downloads\EBDESIGN\frontend\src\pages\modules\M138\M138.jsx","PAGE","True","False","DIRECT_API_CALL"
"C:\Users\DIYA GOEL\Downloads\EBDESIGN\frontend\src\pages\modules\M139\M139.jsx","PAGE","True","False","DIRECT_API_CALL"
"C:\Users\DIYA GOEL\Downloads\EBDESIGN\frontend\src\pages\modules\M140\M140.jsx","PAGE","True","False","DIRECT_API_CALL"
"C:\Users\DIYA GOEL\Downloads\EBDESIGN\frontend\src\pages\modules\M141\M141.jsx","PAGE","True","False","DIRECT_API_CALL"
"C:\Users\DIYA GOEL\Downloads\EBDESIGN\frontend\src\pages\modules\M142\M142.jsx","PAGE","True","False","DIRECT_API_CALL"
"C:\Users\DIYA GOEL\Downloads\EBDESIGN\frontend\src\pages\modules\M143\M143.jsx","PAGE","True","False","DIRECT_API_CALL"
"C:\Users\DIYA GOEL\Downloads\EBDESIGN\frontend\src\pages\modules\M144\M144.jsx","PAGE","True","False","DIRECT_API_CALL"
"C:\Users\DIYA GOEL\Downloads\EBDESIGN\frontend\src\pages\modules\M145\M145.jsx","PAGE","True","False","DIRECT_API_CALL"
"C:\Users\DIYA GOEL\Downloads\EBDESIGN\frontend\src\pages\modules\M146\M146.jsx","PAGE","True","False","DIRECT_API_CALL"
"C:\Users\DIYA GOEL\Downloads\EBDESIGN\frontend\src\pages\modules\M147\M147.jsx","PAGE","True","False","DIRECT_API_CALL"
"C:\Users\DIYA GOEL\Downloads\EBDESIGN\frontend\src\pages\modules\M148\M148.jsx","PAGE","True","False","DIRECT_API_CALL"
"C:\Users\DIYA GOEL\Downloads\EBDESIGN\frontend\src\pages\modules\M149\M149.jsx","PAGE","True","False","DIRECT_API_CALL"
"C:\Users\DIYA GOEL\Downloads\EBDESIGN\frontend\src\pages\modules\M150\M150.jsx","PAGE","True","False","DIRECT_API_CALL"
"C:\Users\DIYA GOEL\Downloads\EBDESIGN\frontend\src\pages\modules\M151\M151.jsx","PAGE","True","False","DIRECT_API_CALL"
"C:\Users\DIYA GOEL\Downloads\EBDESIGN\frontend\src\pages\modules\M152\M152.jsx","PAGE","True","False","DIRECT_API_CALL"
"C:\Users\DIYA GOEL\Downloads\EBDESIGN\frontend\src\pages\modules\M153\M153.jsx","PAGE","True","False","DIRECT_API_CALL"
"C:\Users\DIYA GOEL\Downloads\EBDESIGN\frontend\src\pages\modules\M154\M154.jsx","PAGE","True","False","DIRECT_API_CALL"
"C:\Users\DIYA GOEL\Downloads\EBDESIGN\frontend\src\pages\modules\M155\M155.jsx","PAGE","True","False","DIRECT_API_CALL"
"C:\Users\DIYA GOEL\Downloads\EBDESIGN\frontend\src\pages\modules\M156\M156.jsx","PAGE","True","False","DIRECT_API_CALL"
"C:\Users\DIYA GOEL\Downloads\EBDESIGN\frontend\src\pages\modules\M157\M157.jsx","PAGE","True","False","DIRECT_API_CALL"
"C:\Users\DIYA GOEL\Downloads\EBDESIGN\frontend\src\pages\modules\M158\M158.jsx","PAGE","True","False","DIRECT_API_CALL"
"C:\Users\DIYA GOEL\Downloads\EBDESIGN\frontend\src\pages\modules\M159\M159.jsx","PAGE","True","False","DIRECT_API_CALL"
"C:\Users\DIYA GOEL\Downloads\EBDESIGN\frontend\src\pages\modules\M160\M160.jsx","PAGE","True","False","DIRECT_API_CALL"
"C:\Users\DIYA GOEL\Downloads\EBDESIGN\frontend\src\pages\modules\M161\M161.jsx","PAGE","True","False","DIRECT_API_CALL"
"C:\Users\DIYA GOEL\Downloads\EBDESIGN\frontend\src\pages\modules\M162\M162.jsx","PAGE","True","False","DIRECT_API_CALL"
"C:\Users\DIYA GOEL\Downloads\EBDESIGN\frontend\src\pages\modules\M163\M163.jsx","PAGE","True","False","DIRECT_API_CALL"
"C:\Users\DIYA GOEL\Downloads\EBDESIGN\frontend\src\pages\modules\M164\M164.jsx","PAGE","True","False","DIRECT_API_CALL"
"C:\Users\DIYA GOEL\Downloads\EBDESIGN\frontend\src\pages\modules\M165\M165.jsx","PAGE","True","False","DIRECT_API_CALL"
"C:\Users\DIYA GOEL\Downloads\EBDESIGN\frontend\src\pages\modules\M166\M166.jsx","PAGE","True","False","DIRECT_API_CALL"
"C:\Users\DIYA GOEL\Downloads\EBDESIGN\frontend\src\pages\modules\M167\M167.jsx","PAGE","True","False","DIRECT_API_CALL"
"C:\Users\DIYA GOEL\Downloads\EBDESIGN\frontend\src\pages\modules\M168\M168.jsx","PAGE","True","False","DIRECT_API_CALL"
"C:\Users\DIYA GOEL\Downloads\EBDESIGN\frontend\src\pages\modules\M169\M169.jsx","PAGE","True","False","DIRECT_API_CALL"
"C:\Users\DIYA GOEL\Downloads\EBDESIGN\frontend\src\pages\modules\M170\M170.jsx","PAGE","True","False","DIRECT_API_CALL"
"C:\Users\DIYA GOEL\Downloads\EBDESIGN\frontend\src\pages\modules\M171\M171.jsx","PAGE","True","False","DIRECT_API_CALL"
"C:\Users\DIYA GOEL\Downloads\EBDESIGN\frontend\src\pages\modules\M172\M172.jsx","PAGE","True","False","DIRECT_API_CALL"
"C:\Users\DIYA GOEL\Downloads\EBDESIGN\frontend\src\pages\modules\M173\M173.jsx","PAGE","True","False","DIRECT_API_CALL"
"C:\Users\DIYA GOEL\Downloads\EBDESIGN\frontend\src\pages\modules\M174\M174.jsx","PAGE","True","False","DIRECT_API_CALL"
"C:\Users\DIYA GOEL\Downloads\EBDESIGN\frontend\src\pages\modules\M175\M175.jsx","PAGE","True","False","DIRECT_API_CALL"
"C:\Users\DIYA GOEL\Downloads\EBDESIGN\frontend\src\pages\modules\M176\M176.jsx","PAGE","True","False","DIRECT_API_CALL"
"C:\Users\DIYA GOEL\Downloads\EBDESIGN\frontend\src\pages\modules\M177\M177.jsx","PAGE","True","False","DIRECT_API_CALL"
"C:\Users\DIYA GOEL\Downloads\EBDESIGN\frontend\src\pages\modules\M178\M178.jsx","PAGE","True","False","DIRECT_API_CALL"
"C:\Users\DIYA GOEL\Downloads\EBDESIGN\frontend\src\pages\modules\M179\M179.jsx","PAGE","True","False","DIRECT_API_CALL"
"C:\Users\DIYA GOEL\Downloads\EBDESIGN\frontend\src\pages\modules\M180\M180.jsx","PAGE","True","False","DIRECT_API_CALL"
"C:\Users\DIYA GOEL\Downloads\EBDESIGN\frontend\src\pages\modules\M181\M181.jsx","PAGE","True","False","DIRECT_API_CALL"
"C:\Users\DIYA GOEL\Downloads\EBDESIGN\frontend\src\pages\modules\M182\M182.jsx","PAGE","True","False","DIRECT_API_CALL"
"C:\Users\DIYA GOEL\Downloads\EBDESIGN\frontend\src\pages\modules\M183\M183.jsx","PAGE","True","False","DIRECT_API_CALL"
"C:\Users\DIYA GOEL\Downloads\EBDESIGN\frontend\src\pages\modules\M184\M184.jsx","PAGE","True","False","DIRECT_API_CALL"
"C:\Users\DIYA GOEL\Downloads\EBDESIGN\frontend\src\pages\modules\M185\M185.jsx","PAGE","True","False","DIRECT_API_CALL"
"C:\Users\DIYA GOEL\Downloads\EBDESIGN\frontend\src\pages\modules\M186\M186.jsx","PAGE","True","False","DIRECT_API_CALL"
"C:\Users\DIYA GOEL\Downloads\EBDESIGN\frontend\src\pages\modules\M187\M187.jsx","PAGE","True","False","DIRECT_API_CALL"
"C:\Users\DIYA GOEL\Downloads\EBDESIGN\frontend\src\pages\modules\M188\M188.jsx","PAGE","True","False","DIRECT_API_CALL"
"C:\Users\DIYA GOEL\Downloads\EBDESIGN\frontend\src\pages\modules\M189\M189.jsx","PAGE","True","False","DIRECT_API_CALL"
"C:\Users\DIYA GOEL\Downloads\EBDESIGN\frontend\src\pages\modules\M190\M190.jsx","PAGE","True","False","DIRECT_API_CALL"
"C:\Users\DIYA GOEL\Downloads\EBDESIGN\frontend\src\pages\modules\M191\M191.jsx","PAGE","True","False","DIRECT_API_CALL"
"C:\Users\DIYA GOEL\Downloads\EBDESIGN\frontend\src\pages\modules\M192\M192.jsx","PAGE","True","False","DIRECT_API_CALL"
"C:\Users\DIYA GOEL\Downloads\EBDESIGN\frontend\src\pages\modules\M193\M193.jsx","PAGE","True","False","DIRECT_API_CALL"
"C:\Users\DIYA GOEL\Downloads\EBDESIGN\frontend\src\pages\modules\M194\M194.jsx","PAGE","True","False","DIRECT_API_CALL"
"C:\Users\DIYA GOEL\Downloads\EBDESIGN\frontend\src\pages\modules\M195\M195.jsx","PAGE","True","False","DIRECT_API_CALL"
"C:\Users\DIYA GOEL\Downloads\EBDESIGN\frontend\src\pages\modules\M196\M196.jsx","PAGE","True","False","DIRECT_API_CALL"
"C:\Users\DIYA GOEL\Downloads\EBDESIGN\frontend\src\pages\modules\M197\M197.jsx","PAGE","True","False","DIRECT_API_CALL"
"C:\Users\DIYA GOEL\Downloads\EBDESIGN\frontend\src\pages\modules\M198\M198.jsx","PAGE","True","False","DIRECT_API_CALL"
"C:\Users\DIYA GOEL\Downloads\EBDESIGN\frontend\src\pages\modules\M199\M199.jsx","PAGE","True","False","DIRECT_API_CALL"
"C:\Users\DIYA GOEL\Downloads\EBDESIGN\frontend\src\pages\modules\M200\M200.jsx","PAGE","True","False","DIRECT_API_CALL"
"C:\Users\DIYA GOEL\Downloads\EBDESIGN\frontend\src\pages\modules\M201\M201.jsx","PAGE","True","False","DIRECT_API_CALL"
"C:\Users\DIYA GOEL\Downloads\EBDESIGN\frontend\src\pages\modules\M202\M202.jsx","PAGE","True","False","DIRECT_API_CALL"
"C:\Users\DIYA GOEL\Downloads\EBDESIGN\frontend\src\pages\modules\M203\M203.jsx","PAGE","True","False","DIRECT_API_CALL"
"C:\Users\DIYA GOEL\Downloads\EBDESIGN\frontend\src\pages\modules\M204\M204.jsx","PAGE","True","False","DIRECT_API_CALL"
"C:\Users\DIYA GOEL\Downloads\EBDESIGN\frontend\src\pages\modules\M205\M205.jsx","PAGE","True","False","DIRECT_API_CALL"
"C:\Users\DIYA GOEL\Downloads\EBDESIGN\frontend\src\pages\modules\M206\M206.jsx","PAGE","True","False","DIRECT_API_CALL"
"C:\Users\DIYA GOEL\Downloads\EBDESIGN\frontend\src\pages\modules\M207\M207.jsx","PAGE","True","False","DIRECT_API_CALL"
"C:\Users\DIYA GOEL\Downloads\EBDESIGN\frontend\src\pages\modules\M208\M208.jsx","PAGE","True","False","DIRECT_API_CALL"
"C:\Users\DIYA GOEL\Downloads\EBDESIGN\frontend\src\pages\modules\M209\M209.jsx","PAGE","True","False","DIRECT_API_CALL"
"C:\Users\DIYA GOEL\Downloads\EBDESIGN\frontend\src\pages\modules\M210\M210.jsx","PAGE","True","False","DIRECT_API_CALL"
"C:\Users\DIYA GOEL\Downloads\EBDESIGN\frontend\src\pages\modules\M211\M211.jsx","PAGE","True","False","DIRECT_API_CALL"
"C:\Users\DIYA GOEL\Downloads\EBDESIGN\frontend\src\pages\modules\M212\M212.jsx","PAGE","True","False","DIRECT_API_CALL"
"C:\Users\DIYA GOEL\Downloads\EBDESIGN\frontend\src\pages\modules\M213\M213.jsx","PAGE","True","False","DIRECT_API_CALL"
"C:\Users\DIYA GOEL\Downloads\EBDESIGN\frontend\src\pages\modules\M214\M214.jsx","PAGE","True","False","DIRECT_API_CALL"
"C:\Users\DIYA GOEL\Downloads\EBDESIGN\frontend\src\pages\modules\M215\M215.jsx","PAGE","True","False","DIRECT_API_CALL"
"C:\Users\DIYA GOEL\Downloads\EBDESIGN\frontend\src\pages\modules\M216\M216.jsx","PAGE","True","False","DIRECT_API_CALL"
"C:\Users\DIYA GOEL\Downloads\EBDESIGN\frontend\src\pages\modules\M217\M217.jsx","PAGE","True","False","DIRECT_API_CALL"
"C:\Users\DIYA GOEL\Downloads\EBDESIGN\frontend\src\pages\modules\M218\M218.jsx","PAGE","True","False","DIRECT_API_CALL"
"C:\Users\DIYA GOEL\Downloads\EBDESIGN\frontend\src\pages\modules\M219\M219.jsx","PAGE","True","False","DIRECT_API_CALL"
"C:\Users\DIYA GOEL\Downloads\EBDESIGN\frontend\src\pages\modules\M220\M220.jsx","PAGE","True","False","DIRECT_API_CALL"
"C:\Users\DIYA GOEL\Downloads\EBDESIGN\frontend\src\pages\modules\M221\M221.jsx","PAGE","True","False","DIRECT_API_CALL"
"C:\Users\DIYA GOEL\Downloads\EBDESIGN\frontend\src\pages\modules\M222\M222.jsx","PAGE","True","False","DIRECT_API_CALL"
"C:\Users\DIYA GOEL\Downloads\EBDESIGN\frontend\src\pages\modules\M223\M223.jsx","PAGE","True","False","DIRECT_API_CALL"
"C:\Users\DIYA GOEL\Downloads\EBDESIGN\frontend\src\pages\modules\M224\M224.jsx","PAGE","True","False","DIRECT_API_CALL"
"C:\Users\DIYA GOEL\Downloads\EBDESIGN\frontend\src\pages\modules\M225\M225.jsx","PAGE","True","False","DIRECT_API_CALL"
"C:\Users\DIYA GOEL\Downloads\EBDESIGN\frontend\src\pages\modules\M226\M226.jsx","PAGE","True","False","DIRECT_API_CALL"
"C:\Users\DIYA GOEL\Downloads\EBDESIGN\frontend\src\pages\modules\M227\M227.jsx","PAGE","True","False","DIRECT_API_CALL"
"C:\Users\DIYA GOEL\Downloads\EBDESIGN\frontend\src\pages\modules\M228\M228.jsx","PAGE","True","False","DIRECT_API_CALL"
"C:\Users\DIYA GOEL\Downloads\EBDESIGN\frontend\src\pages\modules\M229\M229.jsx","PAGE","True","False","DIRECT_API_CALL"
"C:\Users\DIYA GOEL\Downloads\EBDESIGN\frontend\src\pages\modules\M230\M230.jsx","PAGE","True","False","DIRECT_API_CALL"
"C:\Users\DIYA GOEL\Downloads\EBDESIGN\frontend\src\pages\modules\M231\M231.jsx","PAGE","True","False","DIRECT_API_CALL"
"C:\Users\DIYA GOEL\Downloads\EBDESIGN\frontend\src\pages\modules\M232\M232.jsx","PAGE","True","False","DIRECT_API_CALL"
"C:\Users\DIYA GOEL\Downloads\EBDESIGN\frontend\src\pages\modules\M233\M233.jsx","PAGE","True","False","DIRECT_API_CALL"
"C:\Users\DIYA GOEL\Downloads\EBDESIGN\frontend\src\pages\modules\M234\M234.jsx","PAGE","True","False","DIRECT_API_CALL"
"C:\Users\DIYA GOEL\Downloads\EBDESIGN\frontend\src\pages\modules\M235\M235.jsx","PAGE","True","False","DIRECT_API_CALL"
"C:\Users\DIYA GOEL\Downloads\EBDESIGN\frontend\src\pages\modules\M236\M236.jsx","PAGE","True","False","DIRECT_API_CALL"
"C:\Users\DIYA GOEL\Downloads\EBDESIGN\frontend\src\pages\modules\M237\M237.jsx","PAGE","True","False","DIRECT_API_CALL"
"C:\Users\DIYA GOEL\Downloads\EBDESIGN\frontend\src\pages\modules\M238\M238.jsx","PAGE","True","False","DIRECT_API_CALL"
"C:\Users\DIYA GOEL\Downloads\EBDESIGN\frontend\src\pages\modules\M239\M239.jsx","PAGE","True","False","DIRECT_API_CALL"
"C:\Users\DIYA GOEL\Downloads\EBDESIGN\frontend\src\pages\modules\M240\M240.jsx","PAGE","True","False","DIRECT_API_CALL"
"C:\Users\DIYA GOEL\Downloads\EBDESIGN\frontend\src\pages\modules\M241\M241.jsx","PAGE","True","False","DIRECT_API_CALL"
"C:\Users\DIYA GOEL\Downloads\EBDESIGN\frontend\src\pages\modules\M242\M242.jsx","PAGE","True","False","DIRECT_API_CALL"
"C:\Users\DIYA GOEL\Downloads\EBDESIGN\frontend\src\pages\modules\M243\M243.jsx","PAGE","True","False","DIRECT_API_CALL"
"C:\Users\DIYA GOEL\Downloads\EBDESIGN\frontend\src\pages\modules\M244\M244.jsx","PAGE","True","False","DIRECT_API_CALL"
"C:\Users\DIYA GOEL\Downloads\EBDESIGN\frontend\src\pages\modules\M245\M245.jsx","PAGE","True","False","DIRECT_API_CALL"
"C:\Users\DIYA GOEL\Downloads\EBDESIGN\frontend\src\pages\modules\M246\M246.jsx","PAGE","True","False","DIRECT_API_CALL"
"C:\Users\DIYA GOEL\Downloads\EBDESIGN\frontend\src\pages\modules\M247\M247.jsx","PAGE","True","False","DIRECT_API_CALL"
"C:\Users\DIYA GOEL\Downloads\EBDESIGN\frontend\src\pages\modules\M248\M248.jsx","PAGE","True","False","DIRECT_API_CALL"
"C:\Users\DIYA GOEL\Downloads\EBDESIGN\frontend\src\pages\modules\M249\M249.jsx","PAGE","True","False","DIRECT_API_CALL"
"C:\Users\DIYA GOEL\Downloads\EBDESIGN\frontend\src\pages\modules\M250\M250.jsx","PAGE","True","False","DIRECT_API_CALL"
"C:\Users\DIYA GOEL\Downloads\EBDESIGN\frontend\src\pages\modules\M251\M251.jsx","PAGE","True","False","DIRECT_API_CALL"
"C:\Users\DIYA GOEL\Downloads\EBDESIGN\frontend\src\pages\modules\M252\M252.jsx","PAGE","True","False","DIRECT_API_CALL"
"C:\Users\DIYA GOEL\Downloads\EBDESIGN\frontend\src\pages\modules\M253\M253.jsx","PAGE","True","False","DIRECT_API_CALL"
"C:\Users\DIYA GOEL\Downloads\EBDESIGN\frontend\src\pages\modules\M254\M254.jsx","PAGE","True","False","DIRECT_API_CALL"
"C:\Users\DIYA GOEL\Downloads\EBDESIGN\frontend\src\pages\modules\M255\M255.jsx","PAGE","True","False","DIRECT_API_CALL"
"C:\Users\DIYA GOEL\Downloads\EBDESIGN\frontend\src\pages\modules\M256\M256.jsx","PAGE","True","False","DIRECT_API_CALL"
"C:\Users\DIYA GOEL\Downloads\EBDESIGN\frontend\src\pages\modules\M257\M257.jsx","PAGE","True","False","DIRECT_API_CALL"
"C:\Users\DIYA GOEL\Downloads\EBDESIGN\frontend\src\pages\modules\M258\M258.jsx","PAGE","True","False","DIRECT_API_CALL"
"C:\Users\DIYA GOEL\Downloads\EBDESIGN\frontend\src\pages\modules\M259\M259.jsx","PAGE","True","False","DIRECT_API_CALL"
"C:\Users\DIYA GOEL\Downloads\EBDESIGN\frontend\src\pages\modules\M260\M260.jsx","PAGE","True","False","DIRECT_API_CALL"
"C:\Users\DIYA GOEL\Downloads\EBDESIGN\frontend\src\pages\modules\M261\M261.jsx","PAGE","True","False","DIRECT_API_CALL"
"C:\Users\DIYA GOEL\Downloads\EBDESIGN\frontend\src\pages\modules\M262\M262.jsx","PAGE","True","False","DIRECT_API_CALL"
"C:\Users\DIYA GOEL\Downloads\EBDESIGN\frontend\src\pages\modules\M263\M263.jsx","PAGE","True","False","DIRECT_API_CALL"
"C:\Users\DIYA GOEL\Downloads\EBDESIGN\frontend\src\pages\modules\M264\M264.jsx","PAGE","True","False","DIRECT_API_CALL"
"C:\Users\DIYA GOEL\Downloads\EBDESIGN\frontend\src\pages\modules\M265\M265.jsx","PAGE","True","False","DIRECT_API_CALL"
"C:\Users\DIYA GOEL\Downloads\EBDESIGN\frontend\src\pages\modules\M266\M266.jsx","PAGE","True","False","DIRECT_API_CALL"
"C:\Users\DIYA GOEL\Downloads\EBDESIGN\frontend\src\pages\modules\M267\M267.jsx","PAGE","True","False","DIRECT_API_CALL"
"C:\Users\DIYA GOEL\Downloads\EBDESIGN\frontend\src\pages\modules\M268\M268.jsx","PAGE","True","False","DIRECT_API_CALL"
"C:\Users\DIYA GOEL\Downloads\EBDESIGN\frontend\src\pages\modules\M269\M269.jsx","PAGE","True","False","DIRECT_API_CALL"
"C:\Users\DIYA GOEL\Downloads\EBDESIGN\frontend\src\pages\modules\M270\M270.jsx","PAGE","True","False","DIRECT_API_CALL"
"C:\Users\DIYA GOEL\Downloads\EBDESIGN\frontend\src\pages\modules\M271\M271.jsx","PAGE","True","False","DIRECT_API_CALL"
"C:\Users\DIYA GOEL\Downloads\EBDESIGN\frontend\src\pages\modules\M272\M272.jsx","PAGE","True","False","DIRECT_API_CALL"
"C:\Users\DIYA GOEL\Downloads\EBDESIGN\frontend\src\pages\modules\M273\M273.jsx","PAGE","True","False","DIRECT_API_CALL"
"C:\Users\DIYA GOEL\Downloads\EBDESIGN\frontend\src\pages\modules\M274\M274.jsx","PAGE","True","False","DIRECT_API_CALL"
"C:\Users\DIYA GOEL\Downloads\EBDESIGN\frontend\src\pages\modules\M275\M275.jsx","PAGE","True","False","DIRECT_API_CALL"
"C:\Users\DIYA GOEL\Downloads\EBDESIGN\frontend\src\pages\modules\M276\M276.jsx","PAGE","True","False","DIRECT_API_CALL"
"C:\Users\DIYA GOEL\Downloads\EBDESIGN\frontend\src\pages\modules\M277\M277.jsx","PAGE","True","False","DIRECT_API_CALL"
"C:\Users\DIYA GOEL\Downloads\EBDESIGN\frontend\src\pages\modules\M278\M278.jsx","PAGE","True","False","DIRECT_API_CALL"
"C:\Users\DIYA GOEL\Downloads\EBDESIGN\frontend\src\pages\modules\M279\M279.jsx","PAGE","True","False","DIRECT_API_CALL"
"C:\Users\DIYA GOEL\Downloads\EBDESIGN\frontend\src\pages\modules\M280\M280.jsx","PAGE","True","False","DIRECT_API_CALL"
"C:\Users\DIYA GOEL\Downloads\EBDESIGN\frontend\src\pages\modules\M281\M281.jsx","PAGE","True","False","DIRECT_API_CALL"
"C:\Users\DIYA GOEL\Downloads\EBDESIGN\frontend\src\pages\modules\M282\M282.jsx","PAGE","True","False","DIRECT_API_CALL"
"C:\Users\DIYA GOEL\Downloads\EBDESIGN\frontend\src\pages\modules\M283\M283.jsx","PAGE","True","False","DIRECT_API_CALL"
"C:\Users\DIYA GOEL\Downloads\EBDESIGN\frontend\src\pages\modules\M284\M284.jsx","PAGE","True","False","DIRECT_API_CALL"
"C:\Users\DIYA GOEL\Downloads\EBDESIGN\frontend\src\pages\modules\M285\M285.jsx","PAGE","True","False","DIRECT_API_CALL"
"C:\Users\DIYA GOEL\Downloads\EBDESIGN\frontend\src\pages\modules\M286\M286.jsx","PAGE","True","False","DIRECT_API_CALL"
"C:\Users\DIYA GOEL\Downloads\EBDESIGN\frontend\src\pages\modules\M287\M287.jsx","PAGE","True","False","DIRECT_API_CALL"
"C:\Users\DIYA GOEL\Downloads\EBDESIGN\frontend\src\pages\modules\M288\M288.jsx","PAGE","True","False","DIRECT_API_CALL"
"C:\Users\DIYA GOEL\Downloads\EBDESIGN\frontend\src\pages\modules\M289\M289.jsx","PAGE","True","False","DIRECT_API_CALL"
"C:\Users\DIYA GOEL\Downloads\EBDESIGN\frontend\src\pages\modules\M290\M290.jsx","PAGE","True","False","DIRECT_API_CALL"
"C:\Users\DIYA GOEL\Downloads\EBDESIGN\frontend\src\pages\modules\M291\M291.jsx","PAGE","True","False","DIRECT_API_CALL"
"C:\Users\DIYA GOEL\Downloads\EBDESIGN\frontend\src\pages\modules\M292\M292.jsx","PAGE","True","False","DIRECT_API_CALL"
"C:\Users\DIYA GOEL\Downloads\EBDESIGN\frontend\src\pages\modules\M293\M293.jsx","PAGE","True","False","DIRECT_API_CALL"
"C:\Users\DIYA GOEL\Downloads\EBDESIGN\frontend\src\pages\modules\M294\M294.jsx","PAGE","True","False","DIRECT_API_CALL"
"C:\Users\DIYA GOEL\Downloads\EBDESIGN\frontend\src\pages\modules\M295\M295.jsx","PAGE","True","False","DIRECT_API_CALL"
"C:\Users\DIYA GOEL\Downloads\EBDESIGN\frontend\src\pages\modules\M296\M296.jsx","PAGE","True","False","DIRECT_API_CALL"
"C:\Users\DIYA GOEL\Downloads\EBDESIGN\frontend\src\pages\modules\M297\M297.jsx","PAGE","True","False","DIRECT_API_CALL"
"C:\Users\DIYA GOEL\Downloads\EBDESIGN\frontend\src\pages\modules\M298\M298.jsx","PAGE","True","False","DIRECT_API_CALL"
"C:\Users\DIYA GOEL\Downloads\EBDESIGN\frontend\src\pages\modules\M299\M299.jsx","PAGE","True","False","DIRECT_API_CALL"
"C:\Users\DIYA GOEL\Downloads\EBDESIGN\frontend\src\pages\modules\M300\M300.jsx","PAGE","True","False","DIRECT_API_CALL"
"C:\Users\DIYA GOEL\Downloads\EBDESIGN\frontend\src\pages\modules\M301\M301.jsx","PAGE","True","False","DIRECT_API_CALL"
"C:\Users\DIYA GOEL\Downloads\EBDESIGN\frontend\src\pages\modules\M302\M302.jsx","PAGE","True","False","DIRECT_API_CALL"
"C:\Users\DIYA GOEL\Downloads\EBDESIGN\frontend\src\pages\modules\M303\M303.jsx","PAGE","True","False","DIRECT_API_CALL"
"C:\Users\DIYA GOEL\Downloads\EBDESIGN\frontend\src\pages\modules\M304\M304.jsx","PAGE","True","False","DIRECT_API_CALL"
"C:\Users\DIYA GOEL\Downloads\EBDESIGN\frontend\src\pages\modules\M305\M305.jsx","PAGE","True","False","DIRECT_API_CALL"
"C:\Users\DIYA GOEL\Downloads\EBDESIGN\frontend\src\pages\modules\M306\M306.jsx","PAGE","True","False","DIRECT_API_CALL"
"C:\Users\DIYA GOEL\Downloads\EBDESIGN\frontend\src\pages\modules\M307\M307.jsx","PAGE","True","False","DIRECT_API_CALL"
"C:\Users\DIYA GOEL\Downloads\EBDESIGN\frontend\src\pages\modules\M308\M308.jsx","PAGE","True","False","DIRECT_API_CALL"
"C:\Users\DIYA GOEL\Downloads\EBDESIGN\frontend\src\pages\modules\M309\M309.jsx","PAGE","True","False","DIRECT_API_CALL"
"C:\Users\DIYA GOEL\Downloads\EBDESIGN\frontend\src\pages\modules\M31\M31.jsx","PAGE","True","False","DIRECT_API_CALL"
"C:\Users\DIYA GOEL\Downloads\EBDESIGN\frontend\src\pages\modules\M310\M310.jsx","PAGE","True","False","DIRECT_API_CALL"
"C:\Users\DIYA GOEL\Downloads\EBDESIGN\frontend\src\pages\modules\M311\M311.jsx","PAGE","True","False","DIRECT_API_CALL"
"C:\Users\DIYA GOEL\Downloads\EBDESIGN\frontend\src\pages\modules\M312\M312.jsx","PAGE","True","False","DIRECT_API_CALL"
"C:\Users\DIYA GOEL\Downloads\EBDESIGN\frontend\src\pages\modules\M313\M313.jsx","PAGE","True","False","DIRECT_API_CALL"
"C:\Users\DIYA GOEL\Downloads\EBDESIGN\frontend\src\pages\modules\M314\M314.jsx","PAGE","True","False","DIRECT_API_CALL"
"C:\Users\DIYA GOEL\Downloads\EBDESIGN\frontend\src\pages\modules\M315\M315.jsx","PAGE","True","False","DIRECT_API_CALL"
"C:\Users\DIYA GOEL\Downloads\EBDESIGN\frontend\src\pages\modules\M316\M316.jsx","PAGE","True","False","DIRECT_API_CALL"
"C:\Users\DIYA GOEL\Downloads\EBDESIGN\frontend\src\pages\modules\M317\M317.jsx","PAGE","True","False","DIRECT_API_CALL"
"C:\Users\DIYA GOEL\Downloads\EBDESIGN\frontend\src\pages\modules\M318\M318.jsx","PAGE","True","False","DIRECT_API_CALL"
"C:\Users\DIYA GOEL\Downloads\EBDESIGN\frontend\src\pages\modules\M319\M319.jsx","PAGE","True","False","DIRECT_API_CALL"
"C:\Users\DIYA GOEL\Downloads\EBDESIGN\frontend\src\pages\modules\M32\M32.jsx","PAGE","True","False","DIRECT_API_CALL"
"C:\Users\DIYA GOEL\Downloads\EBDESIGN\frontend\src\pages\modules\M320\M320.jsx","PAGE","True","False","DIRECT_API_CALL"
"C:\Users\DIYA GOEL\Downloads\EBDESIGN\frontend\src\pages\modules\M321\M321.jsx","PAGE","True","False","DIRECT_API_CALL"
"C:\Users\DIYA GOEL\Downloads\EBDESIGN\frontend\src\pages\modules\M322\M322.jsx","PAGE","True","False","DIRECT_API_CALL"
"C:\Users\DIYA GOEL\Downloads\EBDESIGN\frontend\src\pages\modules\M323\M323.jsx","PAGE","True","False","DIRECT_API_CALL"
"C:\Users\DIYA GOEL\Downloads\EBDESIGN\frontend\src\pages\modules\M324\M324.jsx","PAGE","True","False","DIRECT_API_CALL"
"C:\Users\DIYA GOEL\Downloads\EBDESIGN\frontend\src\pages\modules\M325\M325.jsx","PAGE","True","False","DIRECT_API_CALL"
"C:\Users\DIYA GOEL\Downloads\EBDESIGN\frontend\src\pages\modules\M326\M326.jsx","PAGE","True","False","DIRECT_API_CALL"
"C:\Users\DIYA GOEL\Downloads\EBDESIGN\frontend\src\pages\modules\M327\M327.jsx","PAGE","True","False","DIRECT_API_CALL"
"C:\Users\DIYA GOEL\Downloads\EBDESIGN\frontend\src\pages\modules\M328\M328.jsx","PAGE","True","False","DIRECT_API_CALL"
"C:\Users\DIYA GOEL\Downloads\EBDESIGN\frontend\src\pages\modules\M329\M329.jsx","PAGE","True","False","DIRECT_API_CALL"
"C:\Users\DIYA GOEL\Downloads\EBDESIGN\frontend\src\pages\modules\M33\M33.jsx","PAGE","True","False","DIRECT_API_CALL"
"C:\Users\DIYA GOEL\Downloads\EBDESIGN\frontend\src\pages\modules\M330\M330.jsx","PAGE","True","False","DIRECT_API_CALL"
"C:\Users\DIYA GOEL\Downloads\EBDESIGN\frontend\src\pages\modules\M331\M331.jsx","PAGE","True","False","DIRECT_API_CALL"
"C:\Users\DIYA GOEL\Downloads\EBDESIGN\frontend\src\pages\modules\M332\M332.jsx","PAGE","True","False","DIRECT_API_CALL"
"C:\Users\DIYA GOEL\Downloads\EBDESIGN\frontend\src\pages\modules\M333\M333.jsx","PAGE","True","False","DIRECT_API_CALL"
"C:\Users\DIYA GOEL\Downloads\EBDESIGN\frontend\src\pages\modules\M334\M334.jsx","PAGE","True","False","DIRECT_API_CALL"
"C:\Users\DIYA GOEL\Downloads\EBDESIGN\frontend\src\pages\modules\M335\M335.jsx","PAGE","True","False","DIRECT_API_CALL"
"C:\Users\DIYA GOEL\Downloads\EBDESIGN\frontend\src\pages\modules\M336\M336.jsx","PAGE","True","False","DIRECT_API_CALL"
"C:\Users\DIYA GOEL\Downloads\EBDESIGN\frontend\src\pages\modules\M337\M337.jsx","PAGE","True","False","DIRECT_API_CALL"
"C:\Users\DIYA GOEL\Downloads\EBDESIGN\frontend\src\pages\modules\M338\M338.jsx","PAGE","True","False","DIRECT_API_CALL"
"C:\Users\DIYA GOEL\Downloads\EBDESIGN\frontend\src\pages\modules\M339\M339.jsx","PAGE","True","False","DIRECT_API_CALL"
"C:\Users\DIYA GOEL\Downloads\EBDESIGN\frontend\src\pages\modules\M34\M34.jsx","PAGE","True","False","DIRECT_API_CALL"
"C:\Users\DIYA GOEL\Downloads\EBDESIGN\frontend\src\pages\modules\M340\M340.jsx","PAGE","True","False","DIRECT_API_CALL"
"C:\Users\DIYA GOEL\Downloads\EBDESIGN\frontend\src\pages\modules\M341\M341.jsx","PAGE","True","False","DIRECT_API_CALL"
"C:\Users\DIYA GOEL\Downloads\EBDESIGN\frontend\src\pages\modules\M342\M342.jsx","PAGE","True","False","DIRECT_API_CALL"
"C:\Users\DIYA GOEL\Downloads\EBDESIGN\frontend\src\pages\modules\M343\M343.jsx","PAGE","True","False","DIRECT_API_CALL"
"C:\Users\DIYA GOEL\Downloads\EBDESIGN\frontend\src\pages\modules\M344\M344.jsx","PAGE","True","False","DIRECT_API_CALL"
"C:\Users\DIYA GOEL\Downloads\EBDESIGN\frontend\src\pages\modules\M35\M35.jsx","PAGE","True","False","DIRECT_API_CALL"
"C:\Users\DIYA GOEL\Downloads\EBDESIGN\frontend\src\pages\modules\M36\M36.jsx","PAGE","True","False","DIRECT_API_CALL"
"C:\Users\DIYA GOEL\Downloads\EBDESIGN\frontend\src\pages\modules\M37\M37.jsx","PAGE","True","False","DIRECT_API_CALL"
"C:\Users\DIYA GOEL\Downloads\EBDESIGN\frontend\src\pages\modules\M38\M38.jsx","PAGE","True","False","DIRECT_API_CALL"
"C:\Users\DIYA GOEL\Downloads\EBDESIGN\frontend\src\pages\modules\M39\M39.jsx","PAGE","True","False","DIRECT_API_CALL"
"C:\Users\DIYA GOEL\Downloads\EBDESIGN\frontend\src\pages\modules\M40\M40.jsx","PAGE","True","False","DIRECT_API_CALL"
"C:\Users\DIYA GOEL\Downloads\EBDESIGN\frontend\src\pages\modules\M41\M41.jsx","PAGE","True","False","DIRECT_API_CALL"
"C:\Users\DIYA GOEL\Downloads\EBDESIGN\frontend\src\pages\modules\M42\M42.jsx","PAGE","True","False","DIRECT_API_CALL"
"C:\Users\DIYA GOEL\Downloads\EBDESIGN\frontend\src\pages\modules\M43\M43.jsx","PAGE","True","False","DIRECT_API_CALL"
"C:\Users\DIYA GOEL\Downloads\EBDESIGN\frontend\src\pages\modules\M44\M44.jsx","PAGE","True","False","DIRECT_API_CALL"
"C:\Users\DIYA GOEL\Downloads\EBDESIGN\frontend\src\pages\modules\M45\M45.jsx","PAGE","True","False","DIRECT_API_CALL"
"C:\Users\DIYA GOEL\Downloads\EBDESIGN\frontend\src\pages\modules\M46\M46.jsx","PAGE","True","False","DIRECT_API_CALL"
"C:\Users\DIYA GOEL\Downloads\EBDESIGN\frontend\src\pages\modules\M47\M47.jsx","PAGE","True","False","DIRECT_API_CALL"
"C:\Users\DIYA GOEL\Downloads\EBDESIGN\frontend\src\pages\modules\M48\M48.jsx","PAGE","True","False","DIRECT_API_CALL"
"C:\Users\DIYA GOEL\Downloads\EBDESIGN\frontend\src\pages\modules\M49\M49.jsx","PAGE","True","False","DIRECT_API_CALL"
"C:\Users\DIYA GOEL\Downloads\EBDESIGN\frontend\src\pages\modules\M50\M50.jsx","PAGE","True","False","DIRECT_API_CALL"
"C:\Users\DIYA GOEL\Downloads\EBDESIGN\frontend\src\pages\modules\M51\M51.jsx","PAGE","True","False","DIRECT_API_CALL"
"C:\Users\DIYA GOEL\Downloads\EBDESIGN\frontend\src\pages\modules\M52\M52.jsx","PAGE","True","False","DIRECT_API_CALL"
"C:\Users\DIYA GOEL\Downloads\EBDESIGN\frontend\src\pages\modules\M53\M53.jsx","PAGE","True","False","DIRECT_API_CALL"
"C:\Users\DIYA GOEL\Downloads\EBDESIGN\frontend\src\pages\modules\M54\M54.jsx","PAGE","True","False","DIRECT_API_CALL"
"C:\Users\DIYA GOEL\Downloads\EBDESIGN\frontend\src\pages\modules\M55\M55.jsx","PAGE","True","False","DIRECT_API_CALL"
"C:\Users\DIYA GOEL\Downloads\EBDESIGN\frontend\src\pages\modules\M56\M56.jsx","PAGE","True","False","DIRECT_API_CALL"
"C:\Users\DIYA GOEL\Downloads\EBDESIGN\frontend\src\pages\modules\M57\M57.jsx","PAGE","True","False","DIRECT_API_CALL"
"C:\Users\DIYA GOEL\Downloads\EBDESIGN\frontend\src\pages\modules\M58\M58.jsx","PAGE","True","False","DIRECT_API_CALL"
"C:\Users\DIYA GOEL\Downloads\EBDESIGN\frontend\src\pages\modules\M59\M59.jsx","PAGE","True","False","DIRECT_API_CALL"
"C:\Users\DIYA GOEL\Downloads\EBDESIGN\frontend\src\pages\modules\M60\M60.jsx","PAGE","True","False","DIRECT_API_CALL"
"C:\Users\DIYA GOEL\Downloads\EBDESIGN\frontend\src\pages\modules\M61\M61.jsx","PAGE","True","False","DIRECT_API_CALL"
"C:\Users\DIYA GOEL\Downloads\EBDESIGN\frontend\src\pages\modules\M62\M62.jsx","PAGE","True","False","DIRECT_API_CALL"
"C:\Users\DIYA GOEL\Downloads\EBDESIGN\frontend\src\pages\modules\M63\M63.jsx","PAGE","True","False","DIRECT_API_CALL"
"C:\Users\DIYA GOEL\Downloads\EBDESIGN\frontend\src\pages\modules\M64\M64.jsx","PAGE","True","False","DIRECT_API_CALL"
"C:\Users\DIYA GOEL\Downloads\EBDESIGN\frontend\src\pages\modules\M65\M65.jsx","PAGE","True","False","DIRECT_API_CALL"
"C:\Users\DIYA GOEL\Downloads\EBDESIGN\frontend\src\pages\modules\M66\M66.jsx","PAGE","True","False","DIRECT_API_CALL"
"C:\Users\DIYA GOEL\Downloads\EBDESIGN\frontend\src\pages\modules\M67\M67.jsx","PAGE","True","False","DIRECT_API_CALL"
"C:\Users\DIYA GOEL\Downloads\EBDESIGN\frontend\src\pages\modules\M68\M68.jsx","PAGE","True","False","DIRECT_API_CALL"
"C:\Users\DIYA GOEL\Downloads\EBDESIGN\frontend\src\pages\modules\M69\M69.jsx","PAGE","True","False","DIRECT_API_CALL"
"C:\Users\DIYA GOEL\Downloads\EBDESIGN\frontend\src\pages\modules\M70\M70.jsx","PAGE","True","False","DIRECT_API_CALL"
"C:\Users\DIYA GOEL\Downloads\EBDESIGN\frontend\src\pages\modules\M71\M71.jsx","PAGE","True","False","DIRECT_API_CALL"
"C:\Users\DIYA GOEL\Downloads\EBDESIGN\frontend\src\pages\modules\M72\M72.jsx","PAGE","True","False","DIRECT_API_CALL"
"C:\Users\DIYA GOEL\Downloads\EBDESIGN\frontend\src\pages\modules\M73\M73.jsx","PAGE","True","False","DIRECT_API_CALL"
"C:\Users\DIYA GOEL\Downloads\EBDESIGN\frontend\src\pages\modules\M74\M74.jsx","PAGE","True","False","DIRECT_API_CALL"
"C:\Users\DIYA GOEL\Downloads\EBDESIGN\frontend\src\pages\modules\M75\M75.jsx","PAGE","True","False","DIRECT_API_CALL"
"C:\Users\DIYA GOEL\Downloads\EBDESIGN\frontend\src\pages\modules\M76\M76.jsx","PAGE","True","False","DIRECT_API_CALL"
"C:\Users\DIYA GOEL\Downloads\EBDESIGN\frontend\src\pages\modules\M77\M77.jsx","PAGE","True","False","DIRECT_API_CALL"
"C:\Users\DIYA GOEL\Downloads\EBDESIGN\frontend\src\pages\modules\M78\M78.jsx","PAGE","True","False","DIRECT_API_CALL"
"C:\Users\DIYA GOEL\Downloads\EBDESIGN\frontend\src\pages\modules\M79\M79.jsx","PAGE","True","False","DIRECT_API_CALL"
"C:\Users\DIYA GOEL\Downloads\EBDESIGN\frontend\src\pages\modules\M80\M80.jsx","PAGE","True","False","DIRECT_API_CALL"
"C:\Users\DIYA GOEL\Downloads\EBDESIGN\frontend\src\pages\modules\M81\M81.jsx","PAGE","True","False","DIRECT_API_CALL"
"C:\Users\DIYA GOEL\Downloads\EBDESIGN\frontend\src\pages\modules\M82\M82.jsx","PAGE","True","False","DIRECT_API_CALL"
"C:\Users\DIYA GOEL\Downloads\EBDESIGN\frontend\src\pages\modules\M83\M83.jsx","PAGE","True","False","DIRECT_API_CALL"
"C:\Users\DIYA GOEL\Downloads\EBDESIGN\frontend\src\pages\modules\M84\M84.jsx","PAGE","True","False","DIRECT_API_CALL"
"C:\Users\DIYA GOEL\Downloads\EBDESIGN\frontend\src\pages\modules\M85\M85.jsx","PAGE","True","False","DIRECT_API_CALL"
"C:\Users\DIYA GOEL\Downloads\EBDESIGN\frontend\src\pages\modules\M86\M86.jsx","PAGE","True","False","DIRECT_API_CALL"
"C:\Users\DIYA GOEL\Downloads\EBDESIGN\frontend\src\pages\modules\M87\M87.jsx","PAGE","True","False","DIRECT_API_CALL"
"C:\Users\DIYA GOEL\Downloads\EBDESIGN\frontend\src\pages\modules\M88\M88.jsx","PAGE","True","False","DIRECT_API_CALL"
"C:\Users\DIYA GOEL\Downloads\EBDESIGN\frontend\src\pages\modules\M89\M89.jsx","PAGE","True","False","DIRECT_API_CALL"
"C:\Users\DIYA GOEL\Downloads\EBDESIGN\frontend\src\pages\modules\M90\M90.jsx","PAGE","True","False","DIRECT_API_CALL"
"C:\Users\DIYA GOEL\Downloads\EBDESIGN\frontend\src\pages\modules\M91\M91.jsx","PAGE","True","False","DIRECT_API_CALL"
"C:\Users\DIYA GOEL\Downloads\EBDESIGN\frontend\src\pages\modules\M92\M92.jsx","PAGE","True","False","DIRECT_API_CALL"
"C:\Users\DIYA GOEL\Downloads\EBDESIGN\frontend\src\pages\modules\M93\M93.jsx","PAGE","True","False","DIRECT_API_CALL"
"C:\Users\DIYA GOEL\Downloads\EBDESIGN\frontend\src\pages\modules\M94\M94.jsx","PAGE","True","False","DIRECT_API_CALL"
"C:\Users\DIYA GOEL\Downloads\EBDESIGN\frontend\src\pages\modules\M95\M95.jsx","PAGE","True","False","DIRECT_API_CALL"
"C:\Users\DIYA GOEL\Downloads\EBDESIGN\frontend\src\pages\modules\M96\M96.jsx","PAGE","True","False","DIRECT_API_CALL"
"C:\Users\DIYA GOEL\Downloads\EBDESIGN\frontend\src\pages\modules\M97\M97.jsx","PAGE","True","False","DIRECT_API_CALL"
"C:\Users\DIYA GOEL\Downloads\EBDESIGN\frontend\src\pages\modules\M98\M98.jsx","PAGE","True","False","DIRECT_API_CALL"
"C:\Users\DIYA GOEL\Downloads\EBDESIGN\frontend\src\pages\modules\M99\M99.jsx","PAGE","True","False","DIRECT_API_CALL"
"C:\Users\DIYA GOEL\Downloads\EBDESIGN\frontend\src\pages\platform\ModuleWorkspace.jsx","PAGE","True","False","DIRECT_API_CALL"
"C:\Users\DIYA GOEL\Downloads\EBDESIGN\frontend\src\pages\reports\CropPerformance.jsx","PAGE","False","False","NO_OBVIOUS_STATIC_API_LINK"
"C:\Users\DIYA GOEL\Downloads\EBDESIGN\frontend\src\pages\reports\ExpenseReport.jsx","PAGE","False","False","NO_OBVIOUS_STATIC_API_LINK"
"C:\Users\DIYA GOEL\Downloads\EBDESIGN\frontend\src\pages\reports\ProfitReport.jsx","PAGE","False","False","NO_OBVIOUS_STATIC_API_LINK"
"C:\Users\DIYA GOEL\Downloads\EBDESIGN\frontend\src\pages\settings\AdvancedSettings.jsx","PAGE","False","False","NO_OBVIOUS_STATIC_API_LINK"
"C:\Users\DIYA GOEL\Downloads\EBDESIGN\frontend\src\pages\settings\APIManagement.jsx","PAGE","False","False","NO_OBVIOUS_STATIC_API_LINK"
"C:\Users\DIYA GOEL\Downloads\EBDESIGN\frontend\src\pages\settings\AuditTrail.jsx","PAGE","False","False","NO_OBVIOUS_STATIC_API_LINK"
"C:\Users\DIYA GOEL\Downloads\EBDESIGN\frontend\src\pages\settings\Integrations.jsx","PAGE","False","False","NO_OBVIOUS_STATIC_API_LINK"
"C:\Users\DIYA GOEL\Downloads\EBDESIGN\frontend\src\pages\settings\Webhooks.jsx","PAGE","False","False","NO_OBVIOUS_STATIC_API_LINK"
"C:\Users\DIYA GOEL\Downloads\EBDESIGN\frontend\src\pages\SoilNutrientLand\SoilManagement.jsx","PAGE","False","True","SERVICE_OR_API_IMPORT"
"C:\Users\DIYA GOEL\Downloads\EBDESIGN\frontend\src\pages\VendorProcurement\VendorManagement.jsx","PAGE","False","True","SERVICE_OR_API_IMPORT"
"C:\Users\DIYA GOEL\Downloads\EBDESIGN\frontend\src\pages\WaterIrrigation\WaterManagement.jsx","PAGE","False","True","SERVICE_OR_API_IMPORT"
"C:\Users\DIYA GOEL\Downloads\EBDESIGN\frontend\src\pages\_shared\CrudSection.jsx","PAGE","False","False","NO_OBVIOUS_STATIC_API_LINK"
"C:\Users\DIYA GOEL\Downloads\EBDESIGN\frontend\src\pages\_shared\ManagementPageShell.jsx","PAGE","False","False","NO_OBVIOUS_STATIC_API_LINK"
"C:\Users\DIYA GOEL\Downloads\EBDESIGN\frontend\src\router\routes.jsx","FRONTEND_ROUTE","False","False","NO_OBVIOUS_STATIC_API_LINK"
"C:\Users\DIYA GOEL\Downloads\EBDESIGN\frontend\src\test\components\ErrorBoundary.test.jsx","COMPONENT","False","False","NO_OBVIOUS_STATIC_API_LINK"
