"Prefix","Variable","ImportPath","ResolvedFile","Exists","IndexLine"
"/api/v1/backend-modules/M041","M041VillageERPRoutes","./modules/M041/routes.js","C:\Users\DIYA GOEL\Downloads\EBDESIGN\backend\src\modules\M041\routes.js","True","1120"
"/api/v1/backend-modules/M002","finalBatchModuleM002Routes","./modules/M002/routes.js","C:\Users\DIYA GOEL\Downloads\EBDESIGN\backend\src\modules\M002\routes.js","True","1121"
"/api/v1/backend-modules/M003","finalBatchModuleM003Routes","./modules/M003/routes.js","C:\Users\DIYA GOEL\Downloads\EBDESIGN\backend\src\modules\M003\routes.js","True","1122"
"/api/v1/backend-modules/M004","finalBatchModuleM004Routes","./modules/M004/routes.js","C:\Users\DIYA GOEL\Downloads\EBDESIGN\backend\src\modules\M004\routes.js","True","1123"
"/api/v1/backend-modules/M005","finalBatchModuleM005Routes","./modules/M005/routes.js","C:\Users\DIYA GOEL\Downloads\EBDESIGN\backend\src\modules\M005\routes.js","True","1124"
"/api/v1/backend-modules/M006","finalBatchModuleM006Routes","./modules/M006/routes.js","C:\Users\DIYA GOEL\Downloads\EBDESIGN\backend\src\modules\M006\routes.js","True","1125"
"/api/v1/backend-modules/M007","finalBatchModuleM007Routes","./modules/M007/routes.js","C:\Users\DIYA GOEL\Downloads\EBDESIGN\backend\src\modules\M007\routes.js","True","1126"
"/api/v1/backend-modules/M008","finalBatchModuleM008Routes","./modules/M008/routes.js","C:\Users\DIYA GOEL\Downloads\EBDESIGN\backend\src\modules\M008\routes.js","True","1127"
"/api/v1/backend-modules/M009","finalBatchModuleM009Routes","./modules/M009/routes.js","C:\Users\DIYA GOEL\Downloads\EBDESIGN\backend\src\modules\M009\routes.js","True","1128"
"/api/v1/backend-modules/M010","finalBatchModuleM010Routes","./modules/M010/routes.js","C:\Users\DIYA GOEL\Downloads\EBDESIGN\backend\src\modules\M010\routes.js","True","1129"
"/api/v1/backend-modules/M011","finalBatchModuleM011Routes","./modules/M011/routes.js","C:\Users\DIYA GOEL\Downloads\EBDESIGN\backend\src\modules\M011\routes.js","True","1130"
"/api/v1/backend-modules/M012","finalBatchModuleM012Routes","./modules/M012/routes.js","C:\Users\DIYA GOEL\Downloads\EBDESIGN\backend\src\modules\M012\routes.js","True","1131"
"/api/v1/backend-modules/M013","finalBatchModuleM013Routes","./modules/M013/routes.js","C:\Users\DIYA GOEL\Downloads\EBDESIGN\backend\src\modules\M013\routes.js","True","1132"
"/api/v1/backend-modules/M014","finalBatchModuleM014Routes","./modules/M014/routes.js","C:\Users\DIYA GOEL\Downloads\EBDESIGN\backend\src\modules\M014\routes.js","True","1133"
"/api/v1/backend-modules/M015","finalBatchModuleM015Routes","./modules/M015/routes.js","C:\Users\DIYA GOEL\Downloads\EBDESIGN\backend\src\modules\M015\routes.js","True","1134"
"/api/v1/backend-modules/M017","finalBatchModuleM017Routes","./modules/M017/routes.js","C:\Users\DIYA GOEL\Downloads\EBDESIGN\backend\src\modules\M017\routes.js","True","1135"
"/api/v1/backend-modules/M018","finalBatchModuleM018Routes","./modules/M018/routes.js","C:\Users\DIYA GOEL\Downloads\EBDESIGN\backend\src\modules\M018\routes.js","True","1136"
"/api/v1/backend-modules/M019","finalBatchModuleM019Routes","./modules/M019/routes.js","C:\Users\DIYA GOEL\Downloads\EBDESIGN\backend\src\modules\M019\routes.js","True","1137"
"/api/v1/backend-modules/M020","finalBatchModuleM020Routes","./modules/M020/routes.js","C:\Users\DIYA GOEL\Downloads\EBDESIGN\backend\src\modules\M020\routes.js","True","1138"
"/api/v1/backend-modules/M021","finalBatchModuleM021Routes","./modules/M021/routes.js","C:\Users\DIYA GOEL\Downloads\EBDESIGN\backend\src\modules\M021\routes.js","True","1139"
"/api/v1/backend-modules/M022","finalBatchModuleM022Routes","./modules/M022/routes.js","C:\Users\DIYA GOEL\Downloads\EBDESIGN\backend\src\modules\M022\routes.js","True","1140"
"/api/v1/backend-modules/M023","finalBatchModuleM023Routes","./modules/M023/routes.js","C:\Users\DIYA GOEL\Downloads\EBDESIGN\backend\src\modules\M023\routes.js","True","1141"
"/api/v1/backend-modules/M024","finalBatchModuleM024Routes","./modules/M024/routes.js","C:\Users\DIYA GOEL\Downloads\EBDESIGN\backend\src\modules\M024\routes.js","True","1142"
"/api/v1/backend-modules/M025","finalBatchModuleM025Routes","./modules/M025/routes.js","C:\Users\DIYA GOEL\Downloads\EBDESIGN\backend\src\modules\M025\routes.js","True","1143"
"/api/v1/backend-modules/M026","finalBatchModuleM026Routes","./modules/M026/routes.js","C:\Users\DIYA GOEL\Downloads\EBDESIGN\backend\src\modules\M026\routes.js","True","1144"
"/api/v1/backend-modules/M027","finalBatchModuleM027Routes","./modules/M027/routes.js","C:\Users\DIYA GOEL\Downloads\EBDESIGN\backend\src\modules\M027\routes.js","True","1145"
"/api/v1/backend-modules/M028","finalBatchModuleM028Routes","./modules/M028/routes.js","C:\Users\DIYA GOEL\Downloads\EBDESIGN\backend\src\modules\M028\routes.js","True","1146"
"/api/v1/backend-modules/M029","finalBatchModuleM029Routes","./modules/M029/routes.js","C:\Users\DIYA GOEL\Downloads\EBDESIGN\backend\src\modules\M029\routes.js","True","1147"
"/api/v1/backend-modules/M030","finalBatchModuleM030Routes","./modules/M030/routes.js","C:\Users\DIYA GOEL\Downloads\EBDESIGN\backend\src\modules\M030\routes.js","True","1148"
"/api/v1/backend-modules/M101","finalBatchModuleM101Routes","./modules/M101/routes.js","C:\Users\DIYA GOEL\Downloads\EBDESIGN\backend\src\modules\M101\routes.js","True","1149"
"/api/v1/backend-modules/M102","finalBatchModuleM102Routes","./modules/M102/routes.js","C:\Users\DIYA GOEL\Downloads\EBDESIGN\backend\src\modules\M102\routes.js","True","1150"
"/api/v1/backend-modules/M151","finalBatchModuleM151Routes","./modules/M151/routes.js","C:\Users\DIYA GOEL\Downloads\EBDESIGN\backend\src\modules\M151\routes.js","True","1151"
"/api/v1/backend-modules/M201","finalBatchModuleM201Routes","./modules/M201/routes.js","C:\Users\DIYA GOEL\Downloads\EBDESIGN\backend\src\modules\M201\routes.js","True","1152"
"/api/v1/backend-modules/M301","finalBatchModuleM301Routes","./modules/M301/routes.js","C:\Users\DIYA GOEL\Downloads\EBDESIGN\backend\src\modules\M301\routes.js","True","1153"
"/api/v1/backend-modules/M63","finalBatchModuleM63Routes","./modules/M63/routes.js","C:\Users\DIYA GOEL\Downloads\EBDESIGN\backend\src\modules\M63\routes.js","True","1154"
"/api/v1/backend-modules/M64","finalBatchModuleM64Routes","./modules/M64/routes.js","C:\Users\DIYA GOEL\Downloads\EBDESIGN\backend\src\modules\M64\routes.js","True","1155"
"/api/v1/backend-modules/M65","finalBatchModuleM65Routes","./modules/M65/routes.js","C:\Users\DIYA GOEL\Downloads\EBDESIGN\backend\src\modules\M65\routes.js","True","1156"
"/api/v1/backend-modules/M001","legacyModuleM001Routes","./modules/M001/routes.js","C:\Users\DIYA GOEL\Downloads\EBDESIGN\backend\src\modules\M001\routes.js","True","1157"
"/api/v1/backend-modules/M016","legacyModuleM016Routes","./modules/M016/routes.js","C:\Users\DIYA GOEL\Downloads\EBDESIGN\backend\src\modules\M016\routes.js","True","1158"
"/api/v1/backend-modules/M031","legacyModuleM031Routes","./modules/M031/routes.js","C:\Users\DIYA GOEL\Downloads\EBDESIGN\backend\src\modules\M031\routes.js","True","1159"
"/api/v1/backend-modules/M032","legacyModuleM032Routes","./modules/M032/routes.js","C:\Users\DIYA GOEL\Downloads\EBDESIGN\backend\src\modules\M032\routes.js","True","1160"
"/api/v1/backend-modules/M033","legacyModuleM033Routes","./modules/M033/routes.js","C:\Users\DIYA GOEL\Downloads\EBDESIGN\backend\src\modules\M033\routes.js","True","1161"
"/api/v1/backend-modules/M034","legacyModuleM034Routes","./modules/M034/routes.js","C:\Users\DIYA GOEL\Downloads\EBDESIGN\backend\src\modules\M034\routes.js","True","1162"
"/api/v1/backend-modules/M035","legacyModuleM035Routes","./modules/M035/routes.js","C:\Users\DIYA GOEL\Downloads\EBDESIGN\backend\src\modules\M035\routes.js","True","1163"
"/api/v1/backend-modules/M036","legacyModuleM036Routes","./modules/M036/routes.js","C:\Users\DIYA GOEL\Downloads\EBDESIGN\backend\src\modules\M036\routes.js","True","1164"
"/api/v1/backend-modules/M037","legacyModuleM037Routes","./modules/M037/routes.js","C:\Users\DIYA GOEL\Downloads\EBDESIGN\backend\src\modules\M037\routes.js","True","1165"
"/api/v1/backend-modules/M038","legacyModuleM038Routes","./modules/M038/routes.js","C:\Users\DIYA GOEL\Downloads\EBDESIGN\backend\src\modules\M038\routes.js","True","1166"
"/api/v1/backend-modules/M039","legacyModuleM039Routes","./modules/M039/routes.js","C:\Users\DIYA GOEL\Downloads\EBDESIGN\backend\src\modules\M039\routes.js","True","1167"
"/api/v1/backend-modules/M040","legacyModuleM040Routes","./modules/M040/routes.js","C:\Users\DIYA GOEL\Downloads\EBDESIGN\backend\src\modules\M040\routes.js","True","1168"
"/api/v1/backend-modules/M042","legacyModuleM042Routes","./modules/M042/routes.js","C:\Users\DIYA GOEL\Downloads\EBDESIGN\backend\src\modules\M042\routes.js","True","1169"
"/api/v1/backend-modules/M043","legacyModuleM043Routes","./modules/M043/routes.js","C:\Users\DIYA GOEL\Downloads\EBDESIGN\backend\src\modules\M043\routes.js","True","1170"
"/api/v1/backend-modules/M044","legacyModuleM044Routes","./modules/M044/routes.js","C:\Users\DIYA GOEL\Downloads\EBDESIGN\backend\src\modules\M044\routes.js","True","1171"
"/api/v1/backend-modules/M045","legacyModuleM045Routes","./modules/M045/routes.js","C:\Users\DIYA GOEL\Downloads\EBDESIGN\backend\src\modules\M045\routes.js","True","1172"
"/api/v1/backend-modules/M046","legacyModuleM046Routes","./modules/M046/routes.js","C:\Users\DIYA GOEL\Downloads\EBDESIGN\backend\src\modules\M046\routes.js","True","1173"
"/api/v1/backend-modules/M047","legacyModuleM047Routes","./modules/M047/routes.js","C:\Users\DIYA GOEL\Downloads\EBDESIGN\backend\src\modules\M047\routes.js","True","1174"
"/api/v1/backend-modules/M048","legacyModuleM048Routes","./modules/M048/routes.js","C:\Users\DIYA GOEL\Downloads\EBDESIGN\backend\src\modules\M048\routes.js","True","1175"
"/api/v1/backend-modules/M049","legacyModuleM049Routes","./modules/M049/routes.js","C:\Users\DIYA GOEL\Downloads\EBDESIGN\backend\src\modules\M049\routes.js","True","1176"
"/api/v1/backend-modules/M050","legacyModuleM050Routes","./modules/M050/routes.js","C:\Users\DIYA GOEL\Downloads\EBDESIGN\backend\src\modules\M050\routes.js","True","1177"
"/api/v1/backend-modules/M051","legacyModuleM051Routes","./modules/M051/routes.js","C:\Users\DIYA GOEL\Downloads\EBDESIGN\backend\src\modules\M051\routes.js","True","1178"
"/api/v1/backend-modules/M052","legacyModuleM052Routes","./modules/M052/routes.js","C:\Users\DIYA GOEL\Downloads\EBDESIGN\backend\src\modules\M052\routes.js","True","1179"
"/api/v1/backend-modules/M053","legacyModuleM053Routes","./modules/M053/routes.js","C:\Users\DIYA GOEL\Downloads\EBDESIGN\backend\src\modules\M053\routes.js","True","1180"
"/api/v1/backend-modules/M054","legacyModuleM054Routes","./modules/M054/routes.js","C:\Users\DIYA GOEL\Downloads\EBDESIGN\backend\src\modules\M054\routes.js","True","1181"
"/api/v1/backend-modules/M055","legacyModuleM055Routes","./modules/M055/routes.js","C:\Users\DIYA GOEL\Downloads\EBDESIGN\backend\src\modules\M055\routes.js","True","1182"
"/api/v1/backend-modules/M056","legacyModuleM056Routes","./modules/M056/routes.js","C:\Users\DIYA GOEL\Downloads\EBDESIGN\backend\src\modules\M056\routes.js","True","1183"
"/api/v1/backend-modules/M057","legacyModuleM057Routes","./modules/M057/routes.js","C:\Users\DIYA GOEL\Downloads\EBDESIGN\backend\src\modules\M057\routes.js","True","1184"
"/api/v1/backend-modules/M058","legacyModuleM058Routes","./modules/M058/routes.js","C:\Users\DIYA GOEL\Downloads\EBDESIGN\backend\src\modules\M058\routes.js","True","1185"
"/api/v1/backend-modules/M059","legacyModuleM059Routes","./modules/M059/routes.js","C:\Users\DIYA GOEL\Downloads\EBDESIGN\backend\src\modules\M059\routes.js","True","1186"
"/api/v1/backend-modules/M060","legacyModuleM060Routes","./modules/M060/routes.js","C:\Users\DIYA GOEL\Downloads\EBDESIGN\backend\src\modules\M060\routes.js","True","1187"
"/api/v1/backend-modules/M061","legacyModuleM061Routes","./modules/M061/routes.js","C:\Users\DIYA GOEL\Downloads\EBDESIGN\backend\src\modules\M061\routes.js","True","1188"
"/api/v1/backend-modules/M062","legacyModuleM062Routes","./modules/M062/routes.js","C:\Users\DIYA GOEL\Downloads\EBDESIGN\backend\src\modules\M062\routes.js","True","1189"
"/api/v1/backend-modules/M063","legacyModuleM063Routes","./modules/M063/routes.js","C:\Users\DIYA GOEL\Downloads\EBDESIGN\backend\src\modules\M063\routes.js","True","1190"
"/api/v1/backend-modules/M064","legacyModuleM064Routes","./modules/M064/routes.js","C:\Users\DIYA GOEL\Downloads\EBDESIGN\backend\src\modules\M064\routes.js","True","1191"
"/api/v1/backend-modules/M065","legacyModuleM065Routes","./modules/M065/routes.js","C:\Users\DIYA GOEL\Downloads\EBDESIGN\backend\src\modules\M065\routes.js","True","1192"
"/api/v1/backend-modules/M066","legacyModuleM066Routes","./modules/M066/routes.js","C:\Users\DIYA GOEL\Downloads\EBDESIGN\backend\src\modules\M066\routes.js","True","1193"
"/api/v1/backend-modules/M067","legacyModuleM067Routes","./modules/M067/routes.js","C:\Users\DIYA GOEL\Downloads\EBDESIGN\backend\src\modules\M067\routes.js","True","1194"
"/api/v1/backend-modules/M068","legacyModuleM068Routes","./modules/M068/routes.js","C:\Users\DIYA GOEL\Downloads\EBDESIGN\backend\src\modules\M068\routes.js","True","1195"
"/api/v1/backend-modules/M069","legacyModuleM069Routes","./modules/M069/routes.js","C:\Users\DIYA GOEL\Downloads\EBDESIGN\backend\src\modules\M069\routes.js","True","1196"
"/api/v1/backend-modules/M070","legacyModuleM070Routes","./modules/M070/routes.js","C:\Users\DIYA GOEL\Downloads\EBDESIGN\backend\src\modules\M070\routes.js","True","1197"
"/api/v1/backend-modules/M071","legacyModuleM071Routes","./modules/M071/routes.js","C:\Users\DIYA GOEL\Downloads\EBDESIGN\backend\src\modules\M071\routes.js","True","1198"
"/api/v1/backend-modules/M072","legacyModuleM072Routes","./modules/M072/routes.js","C:\Users\DIYA GOEL\Downloads\EBDESIGN\backend\src\modules\M072\routes.js","True","1199"
"/api/v1/backend-modules/M073","legacyModuleM073Routes","./modules/M073/routes.js","C:\Users\DIYA GOEL\Downloads\EBDESIGN\backend\src\modules\M073\routes.js","True","1200"
"/api/v1/backend-modules/M074","legacyModuleM074Routes","./modules/M074/routes.js","C:\Users\DIYA GOEL\Downloads\EBDESIGN\backend\src\modules\M074\routes.js","True","1201"
"/api/v1/backend-modules/M075","legacyModuleM075Routes","./modules/M075/routes.js","C:\Users\DIYA GOEL\Downloads\EBDESIGN\backend\src\modules\M075\routes.js","True","1202"
"/api/v1/backend-modules/M076","legacyModuleM076Routes","./modules/M076/routes.js","C:\Users\DIYA GOEL\Downloads\EBDESIGN\backend\src\modules\M076\routes.js","True","1203"
"/api/v1/backend-modules/M077","legacyModuleM077Routes","./modules/M077/routes.js","C:\Users\DIYA GOEL\Downloads\EBDESIGN\backend\src\modules\M077\routes.js","True","1204"
"/api/v1/backend-modules/M078","legacyModuleM078Routes","./modules/M078/routes.js","C:\Users\DIYA GOEL\Downloads\EBDESIGN\backend\src\modules\M078\routes.js","True","1205"
"/api/v1/backend-modules/M079","legacyModuleM079Routes","./modules/M079/routes.js","C:\Users\DIYA GOEL\Downloads\EBDESIGN\backend\src\modules\M079\routes.js","True","1206"
"/api/v1/backend-modules/M080","legacyModuleM080Routes","./modules/M080/routes.js","C:\Users\DIYA GOEL\Downloads\EBDESIGN\backend\src\modules\M080\routes.js","True","1207"
"/api/v1/backend-modules/M081","legacyModuleM081Routes","./modules/M081/routes.js","C:\Users\DIYA GOEL\Downloads\EBDESIGN\backend\src\modules\M081\routes.js","True","1208"
"/api/v1/backend-modules/M082","legacyModuleM082Routes","./modules/M082/routes.js","C:\Users\DIYA GOEL\Downloads\EBDESIGN\backend\src\modules\M082\routes.js","True","1209"
"/api/v1/backend-modules/M083","legacyModuleM083Routes","./modules/M083/routes.js","C:\Users\DIYA GOEL\Downloads\EBDESIGN\backend\src\modules\M083\routes.js","True","1210"
"/api/v1/backend-modules/M084","legacyModuleM084Routes","./modules/M084/routes.js","C:\Users\DIYA GOEL\Downloads\EBDESIGN\backend\src\modules\M084\routes.js","True","1211"
"/api/v1/backend-modules/M085","legacyModuleM085Routes","./modules/M085/routes.js","C:\Users\DIYA GOEL\Downloads\EBDESIGN\backend\src\modules\M085\routes.js","True","1212"
"/api/v1/backend-modules/M086","legacyModuleM086Routes","./modules/M086/routes.js","C:\Users\DIYA GOEL\Downloads\EBDESIGN\backend\src\modules\M086\routes.js","True","1213"
"/api/v1/backend-modules/M087","legacyModuleM087Routes","./modules/M087/routes.js","C:\Users\DIYA GOEL\Downloads\EBDESIGN\backend\src\modules\M087\routes.js","True","1214"
"/api/v1/backend-modules/M088","legacyModuleM088Routes","./modules/M088/routes.js","C:\Users\DIYA GOEL\Downloads\EBDESIGN\backend\src\modules\M088\routes.js","True","1215"
"/api/v1/backend-modules/M089","legacyModuleM089Routes","./modules/M089/routes.js","C:\Users\DIYA GOEL\Downloads\EBDESIGN\backend\src\modules\M089\routes.js","True","1216"
"/api/v1/backend-modules/M090","legacyModuleM090Routes","./modules/M090/routes.js","C:\Users\DIYA GOEL\Downloads\EBDESIGN\backend\src\modules\M090\routes.js","True","1217"
"/api/v1/backend-modules/M091","legacyModuleM091Routes","./modules/M091/routes.js","C:\Users\DIYA GOEL\Downloads\EBDESIGN\backend\src\modules\M091\routes.js","True","1218"
"/api/v1/backend-modules/M092","legacyModuleM092Routes","./modules/M092/routes.js","C:\Users\DIYA GOEL\Downloads\EBDESIGN\backend\src\modules\M092\routes.js","True","1219"
"/api/v1/backend-modules/M093","legacyModuleM093Routes","./modules/M093/routes.js","C:\Users\DIYA GOEL\Downloads\EBDESIGN\backend\src\modules\M093\routes.js","True","1220"
"/api/v1/backend-modules/M094","legacyModuleM094Routes","./modules/M094/routes.js","C:\Users\DIYA GOEL\Downloads\EBDESIGN\backend\src\modules\M094\routes.js","True","1221"
"/api/v1/backend-modules/M095","legacyModuleM095Routes","./modules/M095/routes.js","C:\Users\DIYA GOEL\Downloads\EBDESIGN\backend\src\modules\M095\routes.js","True","1222"
"/api/v1/backend-modules/M096","legacyModuleM096Routes","./modules/M096/routes.js","C:\Users\DIYA GOEL\Downloads\EBDESIGN\backend\src\modules\M096\routes.js","True","1223"
"/api/v1/backend-modules/M097","legacyModuleM097Routes","./modules/M097/routes.js","C:\Users\DIYA GOEL\Downloads\EBDESIGN\backend\src\modules\M097\routes.js","True","1224"
"/api/v1/backend-modules/M098","legacyModuleM098Routes","./modules/M098/routes.js","C:\Users\DIYA GOEL\Downloads\EBDESIGN\backend\src\modules\M098\routes.js","True","1225"
"/api/v1/backend-modules/M099","legacyModuleM099Routes","./modules/M099/routes.js","C:\Users\DIYA GOEL\Downloads\EBDESIGN\backend\src\modules\M099\routes.js","True","1226"
"/api/v1/backend-modules/M100","legacyModuleM100Routes","./modules/M100/routes.js","C:\Users\DIYA GOEL\Downloads\EBDESIGN\backend\src\modules\M100\routes.js","True","1227"
"/api/v1/backend-modules/M103","legacyModuleM103Routes","./modules/M103/routes.js","C:\Users\DIYA GOEL\Downloads\EBDESIGN\backend\src\modules\M103\routes.js","True","1228"
"/api/v1/backend-modules/M104","legacyModuleM104Routes","./modules/M104/routes.js","C:\Users\DIYA GOEL\Downloads\EBDESIGN\backend\src\modules\M104\routes.js","True","1229"
"/api/v1/backend-modules/M105","legacyModuleM105Routes","./modules/M105/routes.js","C:\Users\DIYA GOEL\Downloads\EBDESIGN\backend\src\modules\M105\routes.js","True","1230"
"/api/v1/backend-modules/M106","legacyModuleM106Routes","./modules/M106/routes.js","C:\Users\DIYA GOEL\Downloads\EBDESIGN\backend\src\modules\M106\routes.js","True","1231"
"/api/v1/backend-modules/M107","legacyModuleM107Routes","./modules/M107/routes.js","C:\Users\DIYA GOEL\Downloads\EBDESIGN\backend\src\modules\M107\routes.js","True","1232"
"/api/v1/backend-modules/M108","legacyModuleM108Routes","./modules/M108/routes.js","C:\Users\DIYA GOEL\Downloads\EBDESIGN\backend\src\modules\M108\routes.js","True","1233"
"/api/v1/backend-modules/M109","legacyModuleM109Routes","./modules/M109/routes.js","C:\Users\DIYA GOEL\Downloads\EBDESIGN\backend\src\modules\M109\routes.js","True","1234"
"/api/v1/backend-modules/M110","legacyModuleM110Routes","./modules/M110/routes.js","C:\Users\DIYA GOEL\Downloads\EBDESIGN\backend\src\modules\M110\routes.js","True","1235"
"/api/v1/backend-modules/M111","legacyModuleM111Routes","./modules/M111/routes.js","C:\Users\DIYA GOEL\Downloads\EBDESIGN\backend\src\modules\M111\routes.js","True","1236"
"/api/v1/backend-modules/M112","legacyModuleM112Routes","./modules/M112/routes.js","C:\Users\DIYA GOEL\Downloads\EBDESIGN\backend\src\modules\M112\routes.js","True","1237"
"/api/v1/backend-modules/M113","legacyModuleM113Routes","./modules/M113/routes.js","C:\Users\DIYA GOEL\Downloads\EBDESIGN\backend\src\modules\M113\routes.js","True","1238"
"/api/v1/backend-modules/M114","legacyModuleM114Routes","./modules/M114/routes.js","C:\Users\DIYA GOEL\Downloads\EBDESIGN\backend\src\modules\M114\routes.js","True","1239"
"/api/v1/backend-modules/M115","legacyModuleM115Routes","./modules/M115/routes.js","C:\Users\DIYA GOEL\Downloads\EBDESIGN\backend\src\modules\M115\routes.js","True","1240"
"/api/v1/backend-modules/M116","legacyModuleM116Routes","./modules/M116/routes.js","C:\Users\DIYA GOEL\Downloads\EBDESIGN\backend\src\modules\M116\routes.js","True","1241"
"/api/v1/backend-modules/M117","legacyModuleM117Routes","./modules/M117/routes.js","C:\Users\DIYA GOEL\Downloads\EBDESIGN\backend\src\modules\M117\routes.js","True","1242"
"/api/v1/backend-modules/M118","legacyModuleM118Routes","./modules/M118/routes.js","C:\Users\DIYA GOEL\Downloads\EBDESIGN\backend\src\modules\M118\routes.js","True","1243"
"/api/v1/backend-modules/M119","legacyModuleM119Routes","./modules/M119/routes.js","C:\Users\DIYA GOEL\Downloads\EBDESIGN\backend\src\modules\M119\routes.js","True","1244"
"/api/v1/backend-modules/M120","legacyModuleM120Routes","./modules/M120/routes.js","C:\Users\DIYA GOEL\Downloads\EBDESIGN\backend\src\modules\M120\routes.js","True","1245"
"/api/v1/backend-modules/M121","legacyModuleM121Routes","./modules/M121/routes.js","C:\Users\DIYA GOEL\Downloads\EBDESIGN\backend\src\modules\M121\routes.js","True","1246"
"/api/v1/backend-modules/M122","legacyModuleM122Routes","./modules/M122/routes.js","C:\Users\DIYA GOEL\Downloads\EBDESIGN\backend\src\modules\M122\routes.js","True","1247"
"/api/v1/backend-modules/M123","legacyModuleM123Routes","./modules/M123/routes.js","C:\Users\DIYA GOEL\Downloads\EBDESIGN\backend\src\modules\M123\routes.js","True","1248"
"/api/v1/backend-modules/M124","legacyModuleM124Routes","./modules/M124/routes.js","C:\Users\DIYA GOEL\Downloads\EBDESIGN\backend\src\modules\M124\routes.js","True","1249"
"/api/v1/backend-modules/M125","legacyModuleM125Routes","./modules/M125/routes.js","C:\Users\DIYA GOEL\Downloads\EBDESIGN\backend\src\modules\M125\routes.js","True","1250"
"/api/v1/backend-modules/M126","legacyModuleM126Routes","./modules/M126/routes.js","C:\Users\DIYA GOEL\Downloads\EBDESIGN\backend\src\modules\M126\routes.js","True","1251"
"/api/v1/backend-modules/M127","legacyModuleM127Routes","./modules/M127/routes.js","C:\Users\DIYA GOEL\Downloads\EBDESIGN\backend\src\modules\M127\routes.js","True","1252"
"/api/v1/backend-modules/M128","legacyModuleM128Routes","./modules/M128/routes.js","C:\Users\DIYA GOEL\Downloads\EBDESIGN\backend\src\modules\M128\routes.js","True","1253"
"/api/v1/backend-modules/M129","legacyModuleM129Routes","./modules/M129/routes.js","C:\Users\DIYA GOEL\Downloads\EBDESIGN\backend\src\modules\M129\routes.js","True","1254"
"/api/v1/backend-modules/M130","legacyModuleM130Routes","./modules/M130/routes.js","C:\Users\DIYA GOEL\Downloads\EBDESIGN\backend\src\modules\M130\routes.js","True","1255"
"/api/v1/backend-modules/M131","legacyModuleM131Routes","./modules/M131/routes.js","C:\Users\DIYA GOEL\Downloads\EBDESIGN\backend\src\modules\M131\routes.js","True","1256"
"/api/v1/backend-modules/M132","legacyModuleM132Routes","./modules/M132/routes.js","C:\Users\DIYA GOEL\Downloads\EBDESIGN\backend\src\modules\M132\routes.js","True","1257"
"/api/v1/backend-modules/M133","legacyModuleM133Routes","./modules/M133/routes.js","C:\Users\DIYA GOEL\Downloads\EBDESIGN\backend\src\modules\M133\routes.js","True","1258"
"/api/v1/backend-modules/M134","legacyModuleM134Routes","./modules/M134/routes.js","C:\Users\DIYA GOEL\Downloads\EBDESIGN\backend\src\modules\M134\routes.js","True","1259"
"/api/v1/backend-modules/M135","legacyModuleM135Routes","./modules/M135/routes.js","C:\Users\DIYA GOEL\Downloads\EBDESIGN\backend\src\modules\M135\routes.js","True","1260"
"/api/v1/backend-modules/M136","legacyModuleM136Routes","./modules/M136/routes.js","C:\Users\DIYA GOEL\Downloads\EBDESIGN\backend\src\modules\M136\routes.js","True","1261"
"/api/v1/backend-modules/M137","legacyModuleM137Routes","./modules/M137/routes.js","C:\Users\DIYA GOEL\Downloads\EBDESIGN\backend\src\modules\M137\routes.js","True","1262"
"/api/v1/backend-modules/M138","legacyModuleM138Routes","./modules/M138/routes.js","C:\Users\DIYA GOEL\Downloads\EBDESIGN\backend\src\modules\M138\routes.js","True","1263"
"/api/v1/backend-modules/M139","legacyModuleM139Routes","./modules/M139/routes.js","C:\Users\DIYA GOEL\Downloads\EBDESIGN\backend\src\modules\M139\routes.js","True","1264"
"/api/v1/backend-modules/M140","legacyModuleM140Routes","./modules/M140/routes.js","C:\Users\DIYA GOEL\Downloads\EBDESIGN\backend\src\modules\M140\routes.js","True","1265"
"/api/v1/backend-modules/M141","legacyModuleM141Routes","./modules/M141/routes.js","C:\Users\DIYA GOEL\Downloads\EBDESIGN\backend\src\modules\M141\routes.js","True","1266"
"/api/v1/backend-modules/M142","legacyModuleM142Routes","./modules/M142/routes.js","C:\Users\DIYA GOEL\Downloads\EBDESIGN\backend\src\modules\M142\routes.js","True","1267"
"/api/v1/backend-modules/M143","legacyModuleM143Routes","./modules/M143/routes.js","C:\Users\DIYA GOEL\Downloads\EBDESIGN\backend\src\modules\M143\routes.js","True","1268"
"/api/v1/backend-modules/M144","legacyModuleM144Routes","./modules/M144/routes.js","C:\Users\DIYA GOEL\Downloads\EBDESIGN\backend\src\modules\M144\routes.js","True","1269"
"/api/v1/backend-modules/M145","legacyModuleM145Routes","./modules/M145/routes.js","C:\Users\DIYA GOEL\Downloads\EBDESIGN\backend\src\modules\M145\routes.js","True","1270"
"/api/v1/backend-modules/M146","legacyModuleM146Routes","./modules/M146/routes.js","C:\Users\DIYA GOEL\Downloads\EBDESIGN\backend\src\modules\M146\routes.js","True","1271"
"/api/v1/backend-modules/M147","legacyModuleM147Routes","./modules/M147/routes.js","C:\Users\DIYA GOEL\Downloads\EBDESIGN\backend\src\modules\M147\routes.js","True","1272"
"/api/v1/backend-modules/M148","legacyModuleM148Routes","./modules/M148/routes.js","C:\Users\DIYA GOEL\Downloads\EBDESIGN\backend\src\modules\M148\routes.js","True","1273"
"/api/v1/backend-modules/M149","legacyModuleM149Routes","./modules/M149/routes.js","C:\Users\DIYA GOEL\Downloads\EBDESIGN\backend\src\modules\M149\routes.js","True","1274"
"/api/v1/backend-modules/M150","legacyModuleM150Routes","./modules/M150/routes.js","C:\Users\DIYA GOEL\Downloads\EBDESIGN\backend\src\modules\M150\routes.js","True","1275"
"/api/v1/backend-modules/M152","legacyModuleM152Routes","./modules/M152/routes.js","C:\Users\DIYA GOEL\Downloads\EBDESIGN\backend\src\modules\M152\routes.js","True","1276"
"/api/v1/backend-modules/M153","legacyModuleM153Routes","./modules/M153/routes.js","C:\Users\DIYA GOEL\Downloads\EBDESIGN\backend\src\modules\M153\routes.js","True","1277"
"/api/v1/backend-modules/M154","legacyModuleM154Routes","./modules/M154/routes.js","C:\Users\DIYA GOEL\Downloads\EBDESIGN\backend\src\modules\M154\routes.js","True","1278"
"/api/v1/backend-modules/M155","legacyModuleM155Routes","./modules/M155/routes.js","C:\Users\DIYA GOEL\Downloads\EBDESIGN\backend\src\modules\M155\routes.js","True","1279"
"/api/v1/backend-modules/M156","legacyModuleM156Routes","./modules/M156/routes.js","C:\Users\DIYA GOEL\Downloads\EBDESIGN\backend\src\modules\M156\routes.js","True","1280"
"/api/v1/backend-modules/M157","legacyModuleM157Routes","./modules/M157/routes.js","C:\Users\DIYA GOEL\Downloads\EBDESIGN\backend\src\modules\M157\routes.js","True","1281"
"/api/v1/backend-modules/M158","legacyModuleM158Routes","./modules/M158/routes.js","C:\Users\DIYA GOEL\Downloads\EBDESIGN\backend\src\modules\M158\routes.js","True","1282"
"/api/v1/backend-modules/M159","legacyModuleM159Routes","./modules/M159/routes.js","C:\Users\DIYA GOEL\Downloads\EBDESIGN\backend\src\modules\M159\routes.js","True","1283"
"/api/v1/backend-modules/M160","legacyModuleM160Routes","./modules/M160/routes.js","C:\Users\DIYA GOEL\Downloads\EBDESIGN\backend\src\modules\M160\routes.js","True","1284"
"/api/v1/backend-modules/M161","legacyModuleM161Routes","./modules/M161/routes.js","C:\Users\DIYA GOEL\Downloads\EBDESIGN\backend\src\modules\M161\routes.js","True","1285"
"/api/v1/backend-modules/M162","legacyModuleM162Routes","./modules/M162/routes.js","C:\Users\DIYA GOEL\Downloads\EBDESIGN\backend\src\modules\M162\routes.js","True","1286"
"/api/v1/backend-modules/M163","legacyModuleM163Routes","./modules/M163/routes.js","C:\Users\DIYA GOEL\Downloads\EBDESIGN\backend\src\modules\M163\routes.js","True","1287"
"/api/v1/backend-modules/M164","legacyModuleM164Routes","./modules/M164/routes.js","C:\Users\DIYA GOEL\Downloads\EBDESIGN\backend\src\modules\M164\routes.js","True","1288"
"/api/v1/backend-modules/M165","legacyModuleM165Routes","./modules/M165/routes.js","C:\Users\DIYA GOEL\Downloads\EBDESIGN\backend\src\modules\M165\routes.js","True","1289"
"/api/v1/backend-modules/M166","legacyModuleM166Routes","./modules/M166/routes.js","C:\Users\DIYA GOEL\Downloads\EBDESIGN\backend\src\modules\M166\routes.js","True","1290"
"/api/v1/backend-modules/M167","legacyModuleM167Routes","./modules/M167/routes.js","C:\Users\DIYA GOEL\Downloads\EBDESIGN\backend\src\modules\M167\routes.js","True","1291"
"/api/v1/backend-modules/M168","legacyModuleM168Routes","./modules/M168/routes.js","C:\Users\DIYA GOEL\Downloads\EBDESIGN\backend\src\modules\M168\routes.js","True","1292"
"/api/v1/backend-modules/M169","legacyModuleM169Routes","./modules/M169/routes.js","C:\Users\DIYA GOEL\Downloads\EBDESIGN\backend\src\modules\M169\routes.js","True","1293"
"/api/v1/backend-modules/M170","legacyModuleM170Routes","./modules/M170/routes.js","C:\Users\DIYA GOEL\Downloads\EBDESIGN\backend\src\modules\M170\routes.js","True","1294"
"/api/v1/backend-modules/M171","legacyModuleM171Routes","./modules/M171/routes.js","C:\Users\DIYA GOEL\Downloads\EBDESIGN\backend\src\modules\M171\routes.js","True","1295"
"/api/v1/backend-modules/M172","legacyModuleM172Routes","./modules/M172/routes.js","C:\Users\DIYA GOEL\Downloads\EBDESIGN\backend\src\modules\M172\routes.js","True","1296"
"/api/v1/backend-modules/M173","legacyModuleM173Routes","./modules/M173/routes.js","C:\Users\DIYA GOEL\Downloads\EBDESIGN\backend\src\modules\M173\routes.js","True","1297"
"/api/v1/backend-modules/M174","legacyModuleM174Routes","./modules/M174/routes.js","C:\Users\DIYA GOEL\Downloads\EBDESIGN\backend\src\modules\M174\routes.js","True","1298"
"/api/v1/backend-modules/M175","legacyModuleM175Routes","./modules/M175/routes.js","C:\Users\DIYA GOEL\Downloads\EBDESIGN\backend\src\modules\M175\routes.js","True","1299"
"/api/v1/backend-modules/M176","legacyModuleM176Routes","./modules/M176/routes.js","C:\Users\DIYA GOEL\Downloads\EBDESIGN\backend\src\modules\M176\routes.js","True","1300"
"/api/v1/backend-modules/M177","legacyModuleM177Routes","./modules/M177/routes.js","C:\Users\DIYA GOEL\Downloads\EBDESIGN\backend\src\modules\M177\routes.js","True","1301"
"/api/v1/backend-modules/M178","legacyModuleM178Routes","./modules/M178/routes.js","C:\Users\DIYA GOEL\Downloads\EBDESIGN\backend\src\modules\M178\routes.js","True","1302"
"/api/v1/backend-modules/M179","legacyModuleM179Routes","./modules/M179/routes.js","C:\Users\DIYA GOEL\Downloads\EBDESIGN\backend\src\modules\M179\routes.js","True","1303"
"/api/v1/backend-modules/M180","legacyModuleM180Routes","./modules/M180/routes.js","C:\Users\DIYA GOEL\Downloads\EBDESIGN\backend\src\modules\M180\routes.js","True","1304"
"/api/v1/backend-modules/M181","legacyModuleM181Routes","./modules/M181/routes.js","C:\Users\DIYA GOEL\Downloads\EBDESIGN\backend\src\modules\M181\routes.js","True","1305"
"/api/v1/backend-modules/M182","legacyModuleM182Routes","./modules/M182/routes.js","C:\Users\DIYA GOEL\Downloads\EBDESIGN\backend\src\modules\M182\routes.js","True","1306"
"/api/v1/backend-modules/M183","legacyModuleM183Routes","./modules/M183/routes.js","C:\Users\DIYA GOEL\Downloads\EBDESIGN\backend\src\modules\M183\routes.js","True","1307"
"/api/v1/backend-modules/M184","legacyModuleM184Routes","./modules/M184/routes.js","C:\Users\DIYA GOEL\Downloads\EBDESIGN\backend\src\modules\M184\routes.js","True","1308"
"/api/v1/backend-modules/M185","legacyModuleM185Routes","./modules/M185/routes.js","C:\Users\DIYA GOEL\Downloads\EBDESIGN\backend\src\modules\M185\routes.js","True","1309"
"/api/v1/backend-modules/M186","legacyModuleM186Routes","./modules/M186/routes.js","C:\Users\DIYA GOEL\Downloads\EBDESIGN\backend\src\modules\M186\routes.js","True","1310"
"/api/v1/backend-modules/M187","legacyModuleM187Routes","./modules/M187/routes.js","C:\Users\DIYA GOEL\Downloads\EBDESIGN\backend\src\modules\M187\routes.js","True","1311"
"/api/v1/backend-modules/M188","legacyModuleM188Routes","./modules/M188/routes.js","C:\Users\DIYA GOEL\Downloads\EBDESIGN\backend\src\modules\M188\routes.js","True","1312"
"/api/v1/backend-modules/M189","legacyModuleM189Routes","./modules/M189/routes.js","C:\Users\DIYA GOEL\Downloads\EBDESIGN\backend\src\modules\M189\routes.js","True","1313"
"/api/v1/backend-modules/M190","legacyModuleM190Routes","./modules/M190/routes.js","C:\Users\DIYA GOEL\Downloads\EBDESIGN\backend\src\modules\M190\routes.js","True","1314"
"/api/v1/backend-modules/M191","legacyModuleM191Routes","./modules/M191/routes.js","C:\Users\DIYA GOEL\Downloads\EBDESIGN\backend\src\modules\M191\routes.js","True","1315"
"/api/v1/backend-modules/M192","legacyModuleM192Routes","./modules/M192/routes.js","C:\Users\DIYA GOEL\Downloads\EBDESIGN\backend\src\modules\M192\routes.js","True","1316"
"/api/v1/backend-modules/M193","legacyModuleM193Routes","./modules/M193/routes.js","C:\Users\DIYA GOEL\Downloads\EBDESIGN\backend\src\modules\M193\routes.js","True","1317"
"/api/v1/backend-modules/M194","legacyModuleM194Routes","./modules/M194/routes.js","C:\Users\DIYA GOEL\Downloads\EBDESIGN\backend\src\modules\M194\routes.js","True","1318"
"/api/v1/backend-modules/M195","legacyModuleM195Routes","./modules/M195/routes.js","C:\Users\DIYA GOEL\Downloads\EBDESIGN\backend\src\modules\M195\routes.js","True","1319"
"/api/v1/backend-modules/M196","legacyModuleM196Routes","./modules/M196/routes.js","C:\Users\DIYA GOEL\Downloads\EBDESIGN\backend\src\modules\M196\routes.js","True","1320"
"/api/v1/backend-modules/M197","legacyModuleM197Routes","./modules/M197/routes.js","C:\Users\DIYA GOEL\Downloads\EBDESIGN\backend\src\modules\M197\routes.js","True","1321"
"/api/v1/backend-modules/M198","legacyModuleM198Routes","./modules/M198/routes.js","C:\Users\DIYA GOEL\Downloads\EBDESIGN\backend\src\modules\M198\routes.js","True","1322"
"/api/v1/backend-modules/M199","legacyModuleM199Routes","./modules/M199/routes.js","C:\Users\DIYA GOEL\Downloads\EBDESIGN\backend\src\modules\M199\routes.js","True","1323"
"/api/v1/backend-modules/M200","legacyModuleM200Routes","./modules/M200/routes.js","C:\Users\DIYA GOEL\Downloads\EBDESIGN\backend\src\modules\M200\routes.js","True","1324"
"/api/v1/backend-modules/M202","legacyModuleM202Routes","./modules/M202/routes.js","C:\Users\DIYA GOEL\Downloads\EBDESIGN\backend\src\modules\M202\routes.js","True","1325"
"/api/v1/backend-modules/M203","legacyModuleM203Routes","./modules/M203/routes.js","C:\Users\DIYA GOEL\Downloads\EBDESIGN\backend\src\modules\M203\routes.js","True","1326"
"/api/v1/backend-modules/M204","legacyModuleM204Routes","./modules/M204/routes.js","C:\Users\DIYA GOEL\Downloads\EBDESIGN\backend\src\modules\M204\routes.js","True","1327"
"/api/v1/backend-modules/M205","legacyModuleM205Routes","./modules/M205/routes.js","C:\Users\DIYA GOEL\Downloads\EBDESIGN\backend\src\modules\M205\routes.js","True","1328"
"/api/v1/backend-modules/M206","legacyModuleM206Routes","./modules/M206/routes.js","C:\Users\DIYA GOEL\Downloads\EBDESIGN\backend\src\modules\M206\routes.js","True","1329"
"/api/v1/backend-modules/M207","legacyModuleM207Routes","./modules/M207/routes.js","C:\Users\DIYA GOEL\Downloads\EBDESIGN\backend\src\modules\M207\routes.js","True","1330"
"/api/v1/backend-modules/M208","legacyModuleM208Routes","./modules/M208/routes.js","C:\Users\DIYA GOEL\Downloads\EBDESIGN\backend\src\modules\M208\routes.js","True","1331"
"/api/v1/backend-modules/M209","legacyModuleM209Routes","./modules/M209/routes.js","C:\Users\DIYA GOEL\Downloads\EBDESIGN\backend\src\modules\M209\routes.js","True","1332"
"/api/v1/backend-modules/M210","legacyModuleM210Routes","./modules/M210/routes.js","C:\Users\DIYA GOEL\Downloads\EBDESIGN\backend\src\modules\M210\routes.js","True","1333"
"/api/v1/backend-modules/M211","legacyModuleM211Routes","./modules/M211/routes.js","C:\Users\DIYA GOEL\Downloads\EBDESIGN\backend\src\modules\M211\routes.js","True","1334"
"/api/v1/backend-modules/M212","legacyModuleM212Routes","./modules/M212/routes.js","C:\Users\DIYA GOEL\Downloads\EBDESIGN\backend\src\modules\M212\routes.js","True","1335"
"/api/v1/backend-modules/M213","legacyModuleM213Routes","./modules/M213/routes.js","C:\Users\DIYA GOEL\Downloads\EBDESIGN\backend\src\modules\M213\routes.js","True","1336"
"/api/v1/backend-modules/M214","legacyModuleM214Routes","./modules/M214/routes.js","C:\Users\DIYA GOEL\Downloads\EBDESIGN\backend\src\modules\M214\routes.js","True","1337"
"/api/v1/backend-modules/M215","legacyModuleM215Routes","./modules/M215/routes.js","C:\Users\DIYA GOEL\Downloads\EBDESIGN\backend\src\modules\M215\routes.js","True","1338"
"/api/v1/backend-modules/M216","legacyModuleM216Routes","./modules/M216/routes.js","C:\Users\DIYA GOEL\Downloads\EBDESIGN\backend\src\modules\M216\routes.js","True","1339"
"/api/v1/backend-modules/M217","legacyModuleM217Routes","./modules/M217/routes.js","C:\Users\DIYA GOEL\Downloads\EBDESIGN\backend\src\modules\M217\routes.js","True","1340"
"/api/v1/backend-modules/M218","legacyModuleM218Routes","./modules/M218/routes.js","C:\Users\DIYA GOEL\Downloads\EBDESIGN\backend\src\modules\M218\routes.js","True","1341"
"/api/v1/backend-modules/M219","legacyModuleM219Routes","./modules/M219/routes.js","C:\Users\DIYA GOEL\Downloads\EBDESIGN\backend\src\modules\M219\routes.js","True","1342"
"/api/v1/backend-modules/M220","legacyModuleM220Routes","./modules/M220/routes.js","C:\Users\DIYA GOEL\Downloads\EBDESIGN\backend\src\modules\M220\routes.js","True","1343"
"/api/v1/backend-modules/M221","legacyModuleM221Routes","./modules/M221/routes.js","C:\Users\DIYA GOEL\Downloads\EBDESIGN\backend\src\modules\M221\routes.js","True","1344"
"/api/v1/backend-modules/M222","legacyModuleM222Routes","./modules/M222/routes.js","C:\Users\DIYA GOEL\Downloads\EBDESIGN\backend\src\modules\M222\routes.js","True","1345"
"/api/v1/backend-modules/M223","legacyModuleM223Routes","./modules/M223/routes.js","C:\Users\DIYA GOEL\Downloads\EBDESIGN\backend\src\modules\M223\routes.js","True","1346"
"/api/v1/backend-modules/M224","legacyModuleM224Routes","./modules/M224/routes.js","C:\Users\DIYA GOEL\Downloads\EBDESIGN\backend\src\modules\M224\routes.js","True","1347"
"/api/v1/backend-modules/M225","legacyModuleM225Routes","./modules/M225/routes.js","C:\Users\DIYA GOEL\Downloads\EBDESIGN\backend\src\modules\M225\routes.js","True","1348"
"/api/v1/backend-modules/M226","legacyModuleM226Routes","./modules/M226/routes.js","C:\Users\DIYA GOEL\Downloads\EBDESIGN\backend\src\modules\M226\routes.js","True","1349"
"/api/v1/backend-modules/M227","legacyModuleM227Routes","./modules/M227/routes.js","C:\Users\DIYA GOEL\Downloads\EBDESIGN\backend\src\modules\M227\routes.js","True","1350"
"/api/v1/backend-modules/M228","legacyModuleM228Routes","./modules/M228/routes.js","C:\Users\DIYA GOEL\Downloads\EBDESIGN\backend\src\modules\M228\routes.js","True","1351"
"/api/v1/backend-modules/M229","legacyModuleM229Routes","./modules/M229/routes.js","C:\Users\DIYA GOEL\Downloads\EBDESIGN\backend\src\modules\M229\routes.js","True","1352"
"/api/v1/backend-modules/M230","legacyModuleM230Routes","./modules/M230/routes.js","C:\Users\DIYA GOEL\Downloads\EBDESIGN\backend\src\modules\M230\routes.js","True","1353"
"/api/v1/backend-modules/M231","legacyModuleM231Routes","./modules/M231/routes.js","C:\Users\DIYA GOEL\Downloads\EBDESIGN\backend\src\modules\M231\routes.js","True","1354"
"/api/v1/backend-modules/M232","legacyModuleM232Routes","./modules/M232/routes.js","C:\Users\DIYA GOEL\Downloads\EBDESIGN\backend\src\modules\M232\routes.js","True","1355"
"/api/v1/backend-modules/M233","legacyModuleM233Routes","./modules/M233/routes.js","C:\Users\DIYA GOEL\Downloads\EBDESIGN\backend\src\modules\M233\routes.js","True","1356"
"/api/v1/backend-modules/M234","legacyModuleM234Routes","./modules/M234/routes.js","C:\Users\DIYA GOEL\Downloads\EBDESIGN\backend\src\modules\M234\routes.js","True","1357"
"/api/v1/backend-modules/M235","legacyModuleM235Routes","./modules/M235/routes.js","C:\Users\DIYA GOEL\Downloads\EBDESIGN\backend\src\modules\M235\routes.js","True","1358"
"/api/v1/backend-modules/M236","legacyModuleM236Routes","./modules/M236/routes.js","C:\Users\DIYA GOEL\Downloads\EBDESIGN\backend\src\modules\M236\routes.js","True","1359"
"/api/v1/backend-modules/M237","legacyModuleM237Routes","./modules/M237/routes.js","C:\Users\DIYA GOEL\Downloads\EBDESIGN\backend\src\modules\M237\routes.js","True","1360"
"/api/v1/backend-modules/M238","legacyModuleM238Routes","./modules/M238/routes.js","C:\Users\DIYA GOEL\Downloads\EBDESIGN\backend\src\modules\M238\routes.js","True","1361"
"/api/v1/backend-modules/M239","legacyModuleM239Routes","./modules/M239/routes.js","C:\Users\DIYA GOEL\Downloads\EBDESIGN\backend\src\modules\M239\routes.js","True","1362"
"/api/v1/backend-modules/M240","legacyModuleM240Routes","./modules/M240/routes.js","C:\Users\DIYA GOEL\Downloads\EBDESIGN\backend\src\modules\M240\routes.js","True","1363"
"/api/v1/backend-modules/M241","legacyModuleM241Routes","./modules/M241/routes.js","C:\Users\DIYA GOEL\Downloads\EBDESIGN\backend\src\modules\M241\routes.js","True","1364"
"/api/v1/backend-modules/M242","legacyModuleM242Routes","./modules/M242/routes.js","C:\Users\DIYA GOEL\Downloads\EBDESIGN\backend\src\modules\M242\routes.js","True","1365"
"/api/v1/backend-modules/M243","legacyModuleM243Routes","./modules/M243/routes.js","C:\Users\DIYA GOEL\Downloads\EBDESIGN\backend\src\modules\M243\routes.js","True","1366"
"/api/v1/backend-modules/M244","legacyModuleM244Routes","./modules/M244/routes.js","C:\Users\DIYA GOEL\Downloads\EBDESIGN\backend\src\modules\M244\routes.js","True","1367"
"/api/v1/backend-modules/M245","legacyModuleM245Routes","./modules/M245/routes.js","C:\Users\DIYA GOEL\Downloads\EBDESIGN\backend\src\modules\M245\routes.js","True","1368"
"/api/v1/backend-modules/M246","legacyModuleM246Routes","./modules/M246/routes.js","C:\Users\DIYA GOEL\Downloads\EBDESIGN\backend\src\modules\M246\routes.js","True","1369"
"/api/v1/backend-modules/M247","legacyModuleM247Routes","./modules/M247/routes.js","C:\Users\DIYA GOEL\Downloads\EBDESIGN\backend\src\modules\M247\routes.js","True","1370"
"/api/v1/backend-modules/M248","legacyModuleM248Routes","./modules/M248/routes.js","C:\Users\DIYA GOEL\Downloads\EBDESIGN\backend\src\modules\M248\routes.js","True","1371"
"/api/v1/backend-modules/M249","legacyModuleM249Routes","./modules/M249/routes.js","C:\Users\DIYA GOEL\Downloads\EBDESIGN\backend\src\modules\M249\routes.js","True","1372"
"/api/v1/backend-modules/M250","legacyModuleM250Routes","./modules/M250/routes.js","C:\Users\DIYA GOEL\Downloads\EBDESIGN\backend\src\modules\M250\routes.js","True","1373"
"/api/v1/backend-modules/M251","legacyModuleM251Routes","./modules/M251/routes.js","C:\Users\DIYA GOEL\Downloads\EBDESIGN\backend\src\modules\M251\routes.js","True","1374"
"/api/v1/backend-modules/M252","legacyModuleM252Routes","./modules/M252/routes.js","C:\Users\DIYA GOEL\Downloads\EBDESIGN\backend\src\modules\M252\routes.js","True","1375"
"/api/v1/backend-modules/M253","legacyModuleM253Routes","./modules/M253/routes.js","C:\Users\DIYA GOEL\Downloads\EBDESIGN\backend\src\modules\M253\routes.js","True","1376"
"/api/v1/backend-modules/M254","legacyModuleM254Routes","./modules/M254/routes.js","C:\Users\DIYA GOEL\Downloads\EBDESIGN\backend\src\modules\M254\routes.js","True","1377"
"/api/v1/backend-modules/M255","legacyModuleM255Routes","./modules/M255/routes.js","C:\Users\DIYA GOEL\Downloads\EBDESIGN\backend\src\modules\M255\routes.js","True","1378"
"/api/v1/backend-modules/M256","legacyModuleM256Routes","./modules/M256/routes.js","C:\Users\DIYA GOEL\Downloads\EBDESIGN\backend\src\modules\M256\routes.js","True","1379"
"/api/v1/backend-modules/M257","legacyModuleM257Routes","./modules/M257/routes.js","C:\Users\DIYA GOEL\Downloads\EBDESIGN\backend\src\modules\M257\routes.js","True","1380"
"/api/v1/backend-modules/M258","legacyModuleM258Routes","./modules/M258/routes.js","C:\Users\DIYA GOEL\Downloads\EBDESIGN\backend\src\modules\M258\routes.js","True","1381"
"/api/v1/backend-modules/M259","legacyModuleM259Routes","./modules/M259/routes.js","C:\Users\DIYA GOEL\Downloads\EBDESIGN\backend\src\modules\M259\routes.js","True","1382"
"/api/v1/backend-modules/M260","legacyModuleM260Routes","./modules/M260/routes.js","C:\Users\DIYA GOEL\Downloads\EBDESIGN\backend\src\modules\M260\routes.js","True","1383"
"/api/v1/backend-modules/M261","legacyModuleM261Routes","./modules/M261/routes.js","C:\Users\DIYA GOEL\Downloads\EBDESIGN\backend\src\modules\M261\routes.js","True","1384"
"/api/v1/backend-modules/M262","legacyModuleM262Routes","./modules/M262/routes.js","C:\Users\DIYA GOEL\Downloads\EBDESIGN\backend\src\modules\M262\routes.js","True","1385"
"/api/v1/backend-modules/M263","legacyModuleM263Routes","./modules/M263/routes.js","C:\Users\DIYA GOEL\Downloads\EBDESIGN\backend\src\modules\M263\routes.js","True","1386"
"/api/v1/backend-modules/M264","legacyModuleM264Routes","./modules/M264/routes.js","C:\Users\DIYA GOEL\Downloads\EBDESIGN\backend\src\modules\M264\routes.js","True","1387"
"/api/v1/backend-modules/M265","legacyModuleM265Routes","./modules/M265/routes.js","C:\Users\DIYA GOEL\Downloads\EBDESIGN\backend\src\modules\M265\routes.js","True","1388"
"/api/v1/backend-modules/M266","legacyModuleM266Routes","./modules/M266/routes.js","C:\Users\DIYA GOEL\Downloads\EBDESIGN\backend\src\modules\M266\routes.js","True","1389"
"/api/v1/backend-modules/M267","legacyModuleM267Routes","./modules/M267/routes.js","C:\Users\DIYA GOEL\Downloads\EBDESIGN\backend\src\modules\M267\routes.js","True","1390"
"/api/v1/backend-modules/M268","legacyModuleM268Routes","./modules/M268/routes.js","C:\Users\DIYA GOEL\Downloads\EBDESIGN\backend\src\modules\M268\routes.js","True","1391"
"/api/v1/backend-modules/M269","legacyModuleM269Routes","./modules/M269/routes.js","C:\Users\DIYA GOEL\Downloads\EBDESIGN\backend\src\modules\M269\routes.js","True","1392"
"/api/v1/backend-modules/M270","legacyModuleM270Routes","./modules/M270/routes.js","C:\Users\DIYA GOEL\Downloads\EBDESIGN\backend\src\modules\M270\routes.js","True","1393"
"/api/v1/backend-modules/M271","legacyModuleM271Routes","./modules/M271/routes.js","C:\Users\DIYA GOEL\Downloads\EBDESIGN\backend\src\modules\M271\routes.js","True","1394"
"/api/v1/backend-modules/M272","legacyModuleM272Routes","./modules/M272/routes.js","C:\Users\DIYA GOEL\Downloads\EBDESIGN\backend\src\modules\M272\routes.js","True","1395"
"/api/v1/backend-modules/M273","legacyModuleM273Routes","./modules/M273/routes.js","C:\Users\DIYA GOEL\Downloads\EBDESIGN\backend\src\modules\M273\routes.js","True","1396"
"/api/v1/backend-modules/M274","legacyModuleM274Routes","./modules/M274/routes.js","C:\Users\DIYA GOEL\Downloads\EBDESIGN\backend\src\modules\M274\routes.js","True","1397"
"/api/v1/backend-modules/M275","legacyModuleM275Routes","./modules/M275/routes.js","C:\Users\DIYA GOEL\Downloads\EBDESIGN\backend\src\modules\M275\routes.js","True","1398"
"/api/v1/backend-modules/M276","legacyModuleM276Routes","./modules/M276/routes.js","C:\Users\DIYA GOEL\Downloads\EBDESIGN\backend\src\modules\M276\routes.js","True","1399"
"/api/v1/backend-modules/M277","legacyModuleM277Routes","./modules/M277/routes.js","C:\Users\DIYA GOEL\Downloads\EBDESIGN\backend\src\modules\M277\routes.js","True","1400"
"/api/v1/backend-modules/M278","legacyModuleM278Routes","./modules/M278/routes.js","C:\Users\DIYA GOEL\Downloads\EBDESIGN\backend\src\modules\M278\routes.js","True","1401"
"/api/v1/backend-modules/M279","legacyModuleM279Routes","./modules/M279/routes.js","C:\Users\DIYA GOEL\Downloads\EBDESIGN\backend\src\modules\M279\routes.js","True","1402"
"/api/v1/backend-modules/M280","legacyModuleM280Routes","./modules/M280/routes.js","C:\Users\DIYA GOEL\Downloads\EBDESIGN\backend\src\modules\M280\routes.js","True","1403"
"/api/v1/backend-modules/M281","legacyModuleM281Routes","./modules/M281/routes.js","C:\Users\DIYA GOEL\Downloads\EBDESIGN\backend\src\modules\M281\routes.js","True","1404"
"/api/v1/backend-modules/M282","legacyModuleM282Routes","./modules/M282/routes.js","C:\Users\DIYA GOEL\Downloads\EBDESIGN\backend\src\modules\M282\routes.js","True","1405"
"/api/v1/backend-modules/M283","legacyModuleM283Routes","./modules/M283/routes.js","C:\Users\DIYA GOEL\Downloads\EBDESIGN\backend\src\modules\M283\routes.js","True","1406"
"/api/v1/backend-modules/M284","legacyModuleM284Routes","./modules/M284/routes.js","C:\Users\DIYA GOEL\Downloads\EBDESIGN\backend\src\modules\M284\routes.js","True","1407"
"/api/v1/backend-modules/M285","legacyModuleM285Routes","./modules/M285/routes.js","C:\Users\DIYA GOEL\Downloads\EBDESIGN\backend\src\modules\M285\routes.js","True","1408"
"/api/v1/backend-modules/M286","legacyModuleM286Routes","./modules/M286/routes.js","C:\Users\DIYA GOEL\Downloads\EBDESIGN\backend\src\modules\M286\routes.js","True","1409"
"/api/v1/backend-modules/M287","legacyModuleM287Routes","./modules/M287/routes.js","C:\Users\DIYA GOEL\Downloads\EBDESIGN\backend\src\modules\M287\routes.js","True","1410"
"/api/v1/backend-modules/M288","legacyModuleM288Routes","./modules/M288/routes.js","C:\Users\DIYA GOEL\Downloads\EBDESIGN\backend\src\modules\M288\routes.js","True","1411"
"/api/v1/backend-modules/M289","legacyModuleM289Routes","./modules/M289/routes.js","C:\Users\DIYA GOEL\Downloads\EBDESIGN\backend\src\modules\M289\routes.js","True","1412"
"/api/v1/backend-modules/M290","legacyModuleM290Routes","./modules/M290/routes.js","C:\Users\DIYA GOEL\Downloads\EBDESIGN\backend\src\modules\M290\routes.js","True","1413"
"/api/v1/backend-modules/M291","legacyModuleM291Routes","./modules/M291/routes.js","C:\Users\DIYA GOEL\Downloads\EBDESIGN\backend\src\modules\M291\routes.js","True","1414"
"/api/v1/backend-modules/M292","legacyModuleM292Routes","./modules/M292/routes.js","C:\Users\DIYA GOEL\Downloads\EBDESIGN\backend\src\modules\M292\routes.js","True","1415"
"/api/v1/backend-modules/M293","legacyModuleM293Routes","./modules/M293/routes.js","C:\Users\DIYA GOEL\Downloads\EBDESIGN\backend\src\modules\M293\routes.js","True","1416"
"/api/v1/backend-modules/M294","legacyModuleM294Routes","./modules/M294/routes.js","C:\Users\DIYA GOEL\Downloads\EBDESIGN\backend\src\modules\M294\routes.js","True","1417"
"/api/v1/backend-modules/M295","legacyModuleM295Routes","./modules/M295/routes.js","C:\Users\DIYA GOEL\Downloads\EBDESIGN\backend\src\modules\M295\routes.js","True","1418"
"/api/v1/backend-modules/M296","legacyModuleM296Routes","./modules/M296/routes.js","C:\Users\DIYA GOEL\Downloads\EBDESIGN\backend\src\modules\M296\routes.js","True","1419"
"/api/v1/backend-modules/M297","legacyModuleM297Routes","./modules/M297/routes.js","C:\Users\DIYA GOEL\Downloads\EBDESIGN\backend\src\modules\M297\routes.js","True","1420"
"/api/v1/backend-modules/M298","legacyModuleM298Routes","./modules/M298/routes.js","C:\Users\DIYA GOEL\Downloads\EBDESIGN\backend\src\modules\M298\routes.js","True","1421"
"/api/v1/backend-modules/M299","legacyModuleM299Routes","./modules/M299/routes.js","C:\Users\DIYA GOEL\Downloads\EBDESIGN\backend\src\modules\M299\routes.js","True","1422"
"/api/v1/backend-modules/M300","legacyModuleM300Routes","./modules/M300/routes.js","C:\Users\DIYA GOEL\Downloads\EBDESIGN\backend\src\modules\M300\routes.js","True","1423"
"/api/v1/backend-modules/M302","legacyModuleM302Routes","./modules/M302/routes.js","C:\Users\DIYA GOEL\Downloads\EBDESIGN\backend\src\modules\M302\routes.js","True","1424"
"/api/v1/backend-modules/M303","legacyModuleM303Routes","./modules/M303/routes.js","C:\Users\DIYA GOEL\Downloads\EBDESIGN\backend\src\modules\M303\routes.js","True","1425"
"/api/v1/backend-modules/M304","legacyModuleM304Routes","./modules/M304/routes.js","C:\Users\DIYA GOEL\Downloads\EBDESIGN\backend\src\modules\M304\routes.js","True","1426"
"/api/v1/backend-modules/M305","legacyModuleM305Routes","./modules/M305/routes.js","C:\Users\DIYA GOEL\Downloads\EBDESIGN\backend\src\modules\M305\routes.js","True","1427"
"/api/v1/backend-modules/M306","legacyModuleM306Routes","./modules/M306/routes.js","C:\Users\DIYA GOEL\Downloads\EBDESIGN\backend\src\modules\M306\routes.js","True","1428"
"/api/v1/backend-modules/M307","legacyModuleM307Routes","./modules/M307/routes.js","C:\Users\DIYA GOEL\Downloads\EBDESIGN\backend\src\modules\M307\routes.js","True","1429"
"/api/v1/backend-modules/M308","legacyModuleM308Routes","./modules/M308/routes.js","C:\Users\DIYA GOEL\Downloads\EBDESIGN\backend\src\modules\M308\routes.js","True","1430"
"/api/v1/backend-modules/M309","legacyModuleM309Routes","./modules/M309/routes.js","C:\Users\DIYA GOEL\Downloads\EBDESIGN\backend\src\modules\M309\routes.js","True","1431"
"/api/v1/backend-modules/M310","legacyModuleM310Routes","./modules/M310/routes.js","C:\Users\DIYA GOEL\Downloads\EBDESIGN\backend\src\modules\M310\routes.js","True","1432"
"/api/v1/backend-modules/M311","legacyModuleM311Routes","./modules/M311/routes.js","C:\Users\DIYA GOEL\Downloads\EBDESIGN\backend\src\modules\M311\routes.js","True","1433"
"/api/v1/backend-modules/M312","legacyModuleM312Routes","./modules/M312/routes.js","C:\Users\DIYA GOEL\Downloads\EBDESIGN\backend\src\modules\M312\routes.js","True","1434"
"/api/v1/backend-modules/M313","legacyModuleM313Routes","./modules/M313/routes.js","C:\Users\DIYA GOEL\Downloads\EBDESIGN\backend\src\modules\M313\routes.js","True","1435"
"/api/v1/backend-modules/M314","legacyModuleM314Routes","./modules/M314/routes.js","C:\Users\DIYA GOEL\Downloads\EBDESIGN\backend\src\modules\M314\routes.js","True","1436"
"/api/v1/backend-modules/M315","legacyModuleM315Routes","./modules/M315/routes.js","C:\Users\DIYA GOEL\Downloads\EBDESIGN\backend\src\modules\M315\routes.js","True","1437"
"/api/v1/backend-modules/M316","legacyModuleM316Routes","./modules/M316/routes.js","C:\Users\DIYA GOEL\Downloads\EBDESIGN\backend\src\modules\M316\routes.js","True","1438"
"/api/v1/backend-modules/M317","legacyModuleM317Routes","./modules/M317/routes.js","C:\Users\DIYA GOEL\Downloads\EBDESIGN\backend\src\modules\M317\routes.js","True","1439"
"/api/v1/backend-modules/M318","legacyModuleM318Routes","./modules/M318/routes.js","C:\Users\DIYA GOEL\Downloads\EBDESIGN\backend\src\modules\M318\routes.js","True","1440"
"/api/v1/backend-modules/M319","legacyModuleM319Routes","./modules/M319/routes.js","C:\Users\DIYA GOEL\Downloads\EBDESIGN\backend\src\modules\M319\routes.js","True","1441"
"/api/v1/backend-modules/M320","legacyModuleM320Routes","./modules/M320/routes.js","C:\Users\DIYA GOEL\Downloads\EBDESIGN\backend\src\modules\M320\routes.js","True","1442"
"/api/v1/backend-modules/M321","legacyModuleM321Routes","./modules/M321/routes.js","C:\Users\DIYA GOEL\Downloads\EBDESIGN\backend\src\modules\M321\routes.js","True","1443"
"/api/v1/backend-modules/M322","legacyModuleM322Routes","./modules/M322/routes.js","C:\Users\DIYA GOEL\Downloads\EBDESIGN\backend\src\modules\M322\routes.js","True","1444"
"/api/v1/backend-modules/M323","legacyModuleM323Routes","./modules/M323/routes.js","C:\Users\DIYA GOEL\Downloads\EBDESIGN\backend\src\modules\M323\routes.js","True","1445"
"/api/v1/backend-modules/M324","legacyModuleM324Routes","./modules/M324/routes.js","C:\Users\DIYA GOEL\Downloads\EBDESIGN\backend\src\modules\M324\routes.js","True","1446"
"/api/v1/backend-modules/M325","legacyModuleM325Routes","./modules/M325/routes.js","C:\Users\DIYA GOEL\Downloads\EBDESIGN\backend\src\modules\M325\routes.js","True","1447"
"/api/v1/backend-modules/M326","legacyModuleM326Routes","./modules/M326/routes.js","C:\Users\DIYA GOEL\Downloads\EBDESIGN\backend\src\modules\M326\routes.js","True","1448"
"/api/v1/backend-modules/M327","legacyModuleM327Routes","./modules/M327/routes.js","C:\Users\DIYA GOEL\Downloads\EBDESIGN\backend\src\modules\M327\routes.js","True","1449"
"/api/v1/backend-modules/M328","legacyModuleM328Routes","./modules/M328/routes.js","C:\Users\DIYA GOEL\Downloads\EBDESIGN\backend\src\modules\M328\routes.js","True","1450"
"/api/v1/backend-modules/M329","legacyModuleM329Routes","./modules/M329/routes.js","C:\Users\DIYA GOEL\Downloads\EBDESIGN\backend\src\modules\M329\routes.js","True","1451"
"/api/v1/backend-modules/M330","legacyModuleM330Routes","./modules/M330/routes.js","C:\Users\DIYA GOEL\Downloads\EBDESIGN\backend\src\modules\M330\routes.js","True","1452"
"/api/v1/backend-modules/M331","legacyModuleM331Routes","./modules/M331/routes.js","C:\Users\DIYA GOEL\Downloads\EBDESIGN\backend\src\modules\M331\routes.js","True","1453"
"/api/v1/backend-modules/M332","legacyModuleM332Routes","./modules/M332/routes.js","C:\Users\DIYA GOEL\Downloads\EBDESIGN\backend\src\modules\M332\routes.js","True","1454"
"/api/v1/backend-modules/M333","legacyModuleM333Routes","./modules/M333/routes.js","C:\Users\DIYA GOEL\Downloads\EBDESIGN\backend\src\modules\M333\routes.js","True","1455"
"/api/v1/backend-modules/M334","legacyModuleM334Routes","./modules/M334/routes.js","C:\Users\DIYA GOEL\Downloads\EBDESIGN\backend\src\modules\M334\routes.js","True","1456"
"/api/v1/backend-modules/M335","legacyModuleM335Routes","./modules/M335/routes.js","C:\Users\DIYA GOEL\Downloads\EBDESIGN\backend\src\modules\M335\routes.js","True","1457"
"/api/v1/backend-modules/M336","legacyModuleM336Routes","./modules/M336/routes.js","C:\Users\DIYA GOEL\Downloads\EBDESIGN\backend\src\modules\M336\routes.js","True","1458"
"/api/v1/backend-modules/M337","legacyModuleM337Routes","./modules/M337/routes.js","C:\Users\DIYA GOEL\Downloads\EBDESIGN\backend\src\modules\M337\routes.js","True","1459"
"/api/v1/backend-modules/M338","legacyModuleM338Routes","./modules/M338/routes.js","C:\Users\DIYA GOEL\Downloads\EBDESIGN\backend\src\modules\M338\routes.js","True","1460"
"/api/v1/backend-modules/M339","legacyModuleM339Routes","./modules/M339/routes.js","C:\Users\DIYA GOEL\Downloads\EBDESIGN\backend\src\modules\M339\routes.js","True","1461"
"/api/v1/backend-modules/M340","legacyModuleM340Routes","./modules/M340/routes.js","C:\Users\DIYA GOEL\Downloads\EBDESIGN\backend\src\modules\M340\routes.js","True","1462"
"/api/v1/backend-modules/M341","legacyModuleM341Routes","./modules/M341/routes.js","C:\Users\DIYA GOEL\Downloads\EBDESIGN\backend\src\modules\M341\routes.js","True","1463"
"/api/v1/backend-modules/M342","legacyModuleM342Routes","./modules/M342/routes.js","C:\Users\DIYA GOEL\Downloads\EBDESIGN\backend\src\modules\M342\routes.js","True","1464"
"/api/v1/backend-modules/M343","legacyModuleM343Routes","./modules/M343/routes.js","C:\Users\DIYA GOEL\Downloads\EBDESIGN\backend\src\modules\M343\routes.js","True","1465"
"/api/v1/backend-modules/M344","legacyModuleM344Routes","./modules/M344/routes.js","C:\Users\DIYA GOEL\Downloads\EBDESIGN\backend\src\modules\M344\routes.js","True","1466"
"/api/yieldmanagement","yieldManagement","./routes/yieldManagement.js","C:\Users\DIYA GOEL\Downloads\EBDESIGN\backend\src\routes\yieldManagement.js","True","1467"
"/api/wikipedia","wikipediaRoutes","./routes/wikipediaRoutes.js","C:\Users\DIYA GOEL\Downloads\EBDESIGN\backend\src\routes\wikipediaRoutes.js","True","1468"
"/api/weather","weatherRoutes","./routes/weatherRoutes.js","C:\Users\DIYA GOEL\Downloads\EBDESIGN\backend\src\routes\weatherRoutes.js","True","1469"
"/api/weatheradvisory","weatherAdvisory","./routes/weatherAdvisory.js","C:\Users\DIYA GOEL\Downloads\EBDESIGN\backend\src\routes\weatherAdvisory.js","True","1470"
"/api/v1/sms-auth","smsAuthService","./services/platform/smsAuthService","C:\Users\DIYA GOEL\Downloads\EBDESIGN\backend\src\services\platform\smsAuthService.js","True","1471"
"/api/wearableintegration","wearableIntegrationRoutes","./routes/wearableIntegrationRoutes.js","C:\Users\DIYA GOEL\Downloads\EBDESIGN\backend\src\routes\wearableIntegrationRoutes.js","True","1472"
"/api/watermanagement","waterManagementRoutes","./routes/waterManagementRoutes.js","C:\Users\DIYA GOEL\Downloads\EBDESIGN\backend\src\routes\waterManagementRoutes.js","True","1473"
"/api/warehousemanagement","warehouseManagement","./routes/warehouseManagement.js","C:\Users\DIYA GOEL\Downloads\EBDESIGN\backend\src\routes\warehouseManagement.js","True","1474"
"/api/wallet","walletRoutes","./routes/walletRoutes.js","C:\Users\DIYA GOEL\Downloads\EBDESIGN\backend\src\routes\walletRoutes.js","True","1475"
"/api/vr","vr","./routes/vr.js","C:\Users\DIYA GOEL\Downloads\EBDESIGN\backend\src\routes\vr.js","True","1476"
"/api/vision","visionRoutes","./routes/visionRoutes.js","C:\Users\DIYA GOEL\Downloads\EBDESIGN\backend\src\routes\visionRoutes.js","True","1477"
"/api/videoanalytics","videoAnalytics","./routes/videoAnalytics.js","C:\Users\DIYA GOEL\Downloads\EBDESIGN\backend\src\routes\videoAnalytics.js","True","1478"
"/api/vendor","vendorRoutes","./routes/vendorRoutes.js","C:\Users\DIYA GOEL\Downloads\EBDESIGN\backend\src\routes\vendorRoutes.js","True","1479"
"/api/user","userRoutes","./routes/userRoutes.js","C:\Users\DIYA GOEL\Downloads\EBDESIGN\backend\src\routes\userRoutes.js","True","1480"
"/api/unifiedai","unifiedAIRoutes","./routes/unifiedAIRoutes.js","C:\Users\DIYA GOEL\Downloads\EBDESIGN\backend\src\routes\unifiedAIRoutes.js","True","1481"
"/api/ai","unifiedAIRoutes","./routes/unifiedAIRoutes.js","C:\Users\DIYA GOEL\Downloads\EBDESIGN\backend\src\routes\unifiedAIRoutes.js","True","1482"
"/api/v1/ai","unifiedAIRoutes","./routes/unifiedAIRoutes.js","C:\Users\DIYA GOEL\Downloads\EBDESIGN\backend\src\routes\unifiedAIRoutes.js","True","1483"
"/api/ai/copilot","aiCopilotFramework","./services/legacy/aiCopilotService.js","C:\Users\DIYA GOEL\Downloads\EBDESIGN\backend\src\services\legacy\aiCopilotService.js","True","1484"
"/api/v1/ai/copilot","aiCopilotFramework","./services/legacy/aiCopilotService.js","C:\Users\DIYA GOEL\Downloads\EBDESIGN\backend\src\services\legacy\aiCopilotService.js","True","1485"
"/api/ai/models","aiModelsRoutes","./routes/aiModelsRoutes.js","C:\Users\DIYA GOEL\Downloads\EBDESIGN\backend\src\routes\aiModelsRoutes.js","True","1486"
"/api/ai/training","aiTrainingEvaluationRoutes","./routes/aiTrainingEvaluationRoutes.js","C:\Users\DIYA GOEL\Downloads\EBDESIGN\backend\src\routes\aiTrainingEvaluationRoutes.js","True","1487"
"/api/v1/ai/models","aiModelsRoutes","./routes/aiModelsRoutes.js","C:\Users\DIYA GOEL\Downloads\EBDESIGN\backend\src\routes\aiModelsRoutes.js","True","1488"
"/api/v1/ai/training","aiTrainingEvaluationRoutes","./routes/aiTrainingEvaluationRoutes.js","C:\Users\DIYA GOEL\Downloads\EBDESIGN\backend\src\routes\aiTrainingEvaluationRoutes.js","True","1489"
"/api/monitoring","infrastructureMonitoringRoutes","./routes/infrastructureMonitoringRoutes.js","C:\Users\DIYA GOEL\Downloads\EBDESIGN\backend\src\routes\infrastructureMonitoringRoutes.js","True","1490"
"/api/v1/monitoring","infrastructureMonitoringRoutes","./routes/infrastructureMonitoringRoutes.js","C:\Users\DIYA GOEL\Downloads\EBDESIGN\backend\src\routes\infrastructureMonitoringRoutes.js","True","1491"
"/api/gdpr","gdprComplianceRoutes","./routes/gdprComplianceRoutes.js","C:\Users\DIYA GOEL\Downloads\EBDESIGN\backend\src\routes\gdprComplianceRoutes.js","True","1492"
"/api/v1/gdpr","gdprComplianceRoutes","./routes/gdprComplianceRoutes.js","C:\Users\DIYA GOEL\Downloads\EBDESIGN\backend\src\routes\gdprComplianceRoutes.js","True","1493"
"/api/unifiedaigateway","unifiedAIGateway","./routes/unifiedAIGateway.js","C:\Users\DIYA GOEL\Downloads\EBDESIGN\backend\src\routes\unifiedAIGateway.js","True","1494"
"/api/transaction","transactionRoutes","./routes/transactionRoutes.js","C:\Users\DIYA GOEL\Downloads\EBDESIGN\backend\src\routes\transactionRoutes.js","True","1495"
"/api/trackdart","trackDartRoutes","./routes/trackDartRoutes.js","C:\Users\DIYA GOEL\Downloads\EBDESIGN\backend\src\routes\trackDartRoutes.js","True","1496"
"/api/tenantmanagement","tenantManagementRoutes","./routes/tenantManagementRoutes.js","C:\Users\DIYA GOEL\Downloads\EBDESIGN\backend\src\routes\tenantManagementRoutes.js","True","1497"
"/api/systemadministration","systemAdministrationRoutes","./routes/systemAdministrationRoutes.js","C:\Users\DIYA GOEL\Downloads\EBDESIGN\backend\src\routes\systemAdministrationRoutes.js","True","1498"
"/api/supplychaintracking","supplyChainTracking","./routes/supplyChainTracking.js","C:\Users\DIYA GOEL\Downloads\EBDESIGN\backend\src\routes\supplyChainTracking.js","True","1499"
"/api/supplychainanalytics","supplyChainAnalytics","./routes/supplyChainAnalytics.js","C:\Users\DIYA GOEL\Downloads\EBDESIGN\backend\src\routes\supplyChainAnalytics.js","True","1500"
"/api/supply-chain","supplyChainDecisionRoutes","./routes/supplyChainDecisionRoutes.js","C:\Users\DIYA GOEL\Downloads\EBDESIGN\backend\src\routes\supplyChainDecisionRoutes.js","True","1501"
"/api/v1/supply-chain","supplyChainDecisionRoutes","./routes/supplyChainDecisionRoutes.js","C:\Users\DIYA GOEL\Downloads\EBDESIGN\backend\src\routes\supplyChainDecisionRoutes.js","True","1502"
"/api/subscriptions","subscriptions","./routes/subscriptions.js","C:\Users\DIYA GOEL\Downloads\EBDESIGN\backend\src\routes\subscriptions.js","True","1503"
"/api/soilmanagement","soilManagementRoutes","./routes/soilManagementRoutes.js","C:\Users\DIYA GOEL\Downloads\EBDESIGN\backend\src\routes\soilManagementRoutes.js","True","1504"
"/api/soilhealth","soilHealth","./routes/soilHealth.js","C:\Users\DIYA GOEL\Downloads\EBDESIGN\backend\src\routes\soilHealth.js","True","1505"
"/api/sheep","sheepRoutes","./routes/sheepRoutes.js","C:\Users\DIYA GOEL\Downloads\EBDESIGN\backend\src\routes\sheepRoutes.js","True","1506"
"/api/sellerverifications","sellerVerifications","./routes/sellerVerifications.js","C:\Users\DIYA GOEL\Downloads\EBDESIGN\backend\src\routes\sellerVerifications.js","True","1507"
"/api/sellerranking","sellerRankingRoutes","./routes/sellerRankingRoutes.js","C:\Users\DIYA GOEL\Downloads\EBDESIGN\backend\src\routes\sellerRankingRoutes.js","True","1508"
"/api/seedvault","seedVaultRoutes","./routes/seedVaultRoutes.js","C:\Users\DIYA GOEL\Downloads\EBDESIGN\backend\src\routes\seedVaultRoutes.js","True","1509"
"/api/sapmodulearchitecture","sapModuleArchitectureRoutes","./routes/sapModuleArchitectureRoutes.js","C:\Users\DIYA GOEL\Downloads\EBDESIGN\backend\src\routes\sapModuleArchitectureRoutes.js","True","1510"
"/api/rolemanagement","roleManagementRoutes","./routes/roleManagementRoutes.js","C:\Users\DIYA GOEL\Downloads\EBDESIGN\backend\src\routes\roleManagementRoutes.js","True","1511"
"/api/riskpricing","riskPricingRoutes","./routes/riskPricingRoutes.js","C:\Users\DIYA GOEL\Downloads\EBDESIGN\backend\src\routes\riskPricingRoutes.js","True","1512"
"/api/riskassessment","riskAssessment","./routes/riskAssessment.js","C:\Users\DIYA GOEL\Downloads\EBDESIGN\backend\src\routes\riskAssessment.js","True","1513"
"/api/rfq","rfqRoutes","./routes/rfqRoutes.js","C:\Users\DIYA GOEL\Downloads\EBDESIGN\backend\src\routes\rfqRoutes.js","True","1514"
"/api/revenue","revenueRoutes","./routes/revenueRoutes.js","C:\Users\DIYA GOEL\Downloads\EBDESIGN\backend\src\routes\revenueRoutes.js","True","1515"
"/api/returnloadboard","returnLoadBoardRoutes","./routes/returnLoadBoardRoutes.js","C:\Users\DIYA GOEL\Downloads\EBDESIGN\backend\src\routes\returnLoadBoardRoutes.js","True","1516"
"/api/researchanddevelopment","researchAndDevelopmentRoutes","./routes/researchAndDevelopmentRoutes.js","C:\Users\DIYA GOEL\Downloads\EBDESIGN\backend\src\routes\researchAndDevelopmentRoutes.js","True","1517"
"/api/regionalvariety","regionalVarietyRoutes","./routes/regionalVarietyRoutes.js","C:\Users\DIYA GOEL\Downloads\EBDESIGN\backend\src\routes\regionalVarietyRoutes.js","True","1518"
"/api/v1/varieties","neVarietiesRoutes","./routes/neVarietiesRoutes.js","C:\Users\DIYA GOEL\Downloads\EBDESIGN\backend\src\routes\neVarietiesRoutes.js","True","1519"
"/api/recoveredfinance","recoveredFinanceRoutes","./routes/recoveredFinanceRoutes.js","C:\Users\DIYA GOEL\Downloads\EBDESIGN\backend\src\routes\recoveredFinanceRoutes.js","True","1520"
"/api/realtimemonitoring","realtimeMonitoringRoutes","./routes/realtimeMonitoringRoutes.js","C:\Users\DIYA GOEL\Downloads\EBDESIGN\backend\src\routes\realtimeMonitoringRoutes.js","True","1521"
"/api/qualityassurance","qualityAssurance","./routes/qualityAssurance.js","C:\Users\DIYA GOEL\Downloads\EBDESIGN\backend\src\routes\qualityAssurance.js","True","1522"
"/api/projectsystems","projectSystemsRoutes","./routes/projectSystemsRoutes.js","C:\Users\DIYA GOEL\Downloads\EBDESIGN\backend\src\routes\projectSystemsRoutes.js","True","1523"
"/api/product","productRoutes","./routes/productRoutes.js","C:\Users\DIYA GOEL\Downloads\EBDESIGN\backend\src\routes\productRoutes.js","True","1524"
"/api/productreview","productReviewRoutes","./routes/productReviewRoutes.js","C:\Users\DIYA GOEL\Downloads\EBDESIGN\backend\src\routes\productReviewRoutes.js","True","1525"
"/api/productmediaai","productMediaAIRoutes","./routes/productMediaAIRoutes.js","C:\Users\DIYA GOEL\Downloads\EBDESIGN\backend\src\routes\productMediaAIRoutes.js","True","1526"
"/api/ai/product-media-ai","productMediaAIRoutes","./routes/productMediaAIRoutes.js","C:\Users\DIYA GOEL\Downloads\EBDESIGN\backend\src\routes\productMediaAIRoutes.js","True","1527"
"/api/v1/ai/product-media-ai","productMediaAIRoutes","./routes/productMediaAIRoutes.js","C:\Users\DIYA GOEL\Downloads\EBDESIGN\backend\src\routes\productMediaAIRoutes.js","True","1528"
"/api/publicdata","publicDataRoutes","./routes/publicDataRoutes.js","C:\Users\DIYA GOEL\Downloads\EBDESIGN\backend\src\routes\publicDataRoutes.js","True","1529"
"/api/productcertifications","productCertifications","./routes/productCertifications.js","C:\Users\DIYA GOEL\Downloads\EBDESIGN\backend\src\routes\productCertifications.js","True","1530"
"/api/priceforecasting","priceForecasting","./routes/priceForecasting.js","C:\Users\DIYA GOEL\Downloads\EBDESIGN\backend\src\routes\priceForecasting.js","True","1531"
"/api/preventivemaintenance","preventiveMaintenanceRoutes","./routes/preventiveMaintenanceRoutes.js","C:\Users\DIYA GOEL\Downloads\EBDESIGN\backend\src\routes\preventiveMaintenanceRoutes.js","True","1532"
"/api/predictiveintelligence","predictiveIntelligenceRoutes","./routes/predictiveIntelligenceRoutes.js","C:\Users\DIYA GOEL\Downloads\EBDESIGN\backend\src\routes\predictiveIntelligenceRoutes.js","True","1533"
"/api/predictiveanalytics","predictiveAnalytics","./routes/predictiveAnalytics.js","C:\Users\DIYA GOEL\Downloads\EBDESIGN\backend\src\routes\predictiveAnalytics.js","True","1534"
"/api/poultry","poultryRoutes","./routes/poultryRoutes.js","C:\Users\DIYA GOEL\Downloads\EBDESIGN\backend\src\routes\poultryRoutes.js","True","1535"
"/api/platformtelemetry","platformTelemetryRoutes","./routes/platformTelemetryRoutes.js","C:\Users\DIYA GOEL\Downloads\EBDESIGN\backend\src\routes\platformTelemetryRoutes.js","True","1536"
"/api/platformcore","platformCoreRoutes","./routes/platformCoreRoutes.js","C:\Users\DIYA GOEL\Downloads\EBDESIGN\backend\src\routes\platformCoreRoutes.js","True","1537"
"/api/platformconfiguration","platformConfigurationRoutes","./routes/platformConfigurationRoutes.js","C:\Users\DIYA GOEL\Downloads\EBDESIGN\backend\src\routes\platformConfigurationRoutes.js","True","1538"
"/api/pig","pigRoutes","./routes/pigRoutes.js","C:\Users\DIYA GOEL\Downloads\EBDESIGN\backend\src\routes\pigRoutes.js","True","1539"
"/api/phase9","phase9","./routes/phase9.js","C:\Users\DIYA GOEL\Downloads\EBDESIGN\backend\src\routes\phase9.js","True","1540"
"/api/phase8","phase8","./routes/phase8.js","C:\Users\DIYA GOEL\Downloads\EBDESIGN\backend\src\routes\phase8.js","True","1541"
"/api/phase12","phase12","./routes/phase12.js","C:\Users\DIYA GOEL\Downloads\EBDESIGN\backend\src\routes\phase12.js","True","1542"
"/api/phase11","phase11","./routes/phase11.js","C:\Users\DIYA GOEL\Downloads\EBDESIGN\backend\src\routes\phase11.js","True","1543"
"/api/phase10","phase10","./routes/phase10.js","C:\Users\DIYA GOEL\Downloads\EBDESIGN\backend\src\routes\phase10.js","True","1544"
"/api/payment","paymentRoutes","./routes/paymentRoutes.js","C:\Users\DIYA GOEL\Downloads\EBDESIGN\backend\src\routes\paymentRoutes.js","True","1545"
"/api/paymentgateway","paymentGatewayRoutes","./routes/paymentGatewayRoutes.js","C:\Users\DIYA GOEL\Downloads\EBDESIGN\backend\src\routes\paymentGatewayRoutes.js","True","1546"
"/api/orphaned_services_mount","ORPHANED_SERVICES_MOUNT","./routes/ORPHANED_SERVICES_MOUNT.js","C:\Users\DIYA GOEL\Downloads\EBDESIGN\backend\src\routes\ORPHANED_SERVICES_MOUNT.js","True","1547"
"/api/organizationmanagement","organizationManagementRoutes","./routes/organizationManagementRoutes.js","C:\Users\DIYA GOEL\Downloads\EBDESIGN\backend\src\routes\organizationManagementRoutes.js","True","1582"
"/api/order","orderRoutes","./routes/orderRoutes.js","C:\Users\DIYA GOEL\Downloads\EBDESIGN\backend\src\routes\orderRoutes.js","True","1583"
"/api/operationsroutesupport","operationsRouteSupport","./routes/operationsRouteSupport.js","C:\Users\DIYA GOEL\Downloads\EBDESIGN\backend\src\routes\operationsRouteSupport.js","True","1586"
"/api/operationsmanagement","operationsManagementRoutes","./routes/operationsManagementRoutes.js","C:\Users\DIYA GOEL\Downloads\EBDESIGN\backend\src\routes\operationsManagementRoutes.js","True","1587"
"/api/nutritionintelligence","nutritionIntelligenceRoutes","./routes/nutritionIntelligenceRoutes.js","C:\Users\DIYA GOEL\Downloads\EBDESIGN\backend\src\routes\nutritionIntelligenceRoutes.js","True","1588"
"/api/nutrition-intelligence","nutritionIntelligenceRoutes","./routes/nutritionIntelligenceRoutes.js","C:\Users\DIYA GOEL\Downloads\EBDESIGN\backend\src\routes\nutritionIntelligenceRoutes.js","True","1589"
"/api/v1/nutrition-intelligence","nutritionIntelligenceRoutes","./routes/nutritionIntelligenceRoutes.js","C:\Users\DIYA GOEL\Downloads\EBDESIGN\backend\src\routes\nutritionIntelligenceRoutes.js","True","1590"
"/api/nutrientvaluesales","nutrientValueSalesRoutes","./routes/nutrientValueSalesRoutes.js","C:\Users\DIYA GOEL\Downloads\EBDESIGN\backend\src\routes\nutrientValueSalesRoutes.js","True","1591"
"/api/nlp","nlp","./routes/nlp.js","C:\Users\DIYA GOEL\Downloads\EBDESIGN\backend\src\routes\nlp.js","True","1592"
"/api/nervoussystem","nervousSystemRoutes","./routes/nervousSystemRoutes.js","C:\Users\DIYA GOEL\Downloads\EBDESIGN\backend\src\routes\nervousSystemRoutes.js","True","1593"
"/api/mloptimization","mlOptimization","./routes/mlOptimization.js","C:\Users\DIYA GOEL\Downloads\EBDESIGN\backend\src\routes\mlOptimization.js","True","1594"
"/api/v1/optimization","optimizationRoutes","./routes/optimizationRoutes.js","C:\Users\DIYA GOEL\Downloads\EBDESIGN\backend\src\routes\optimizationRoutes.js","True","1595"
"/api/v1/shared-capacity","sharedCapacityRoutes","./routes/sharedCapacityRoutes.js","C:\Users\DIYA GOEL\Downloads\EBDESIGN\backend\src\routes\sharedCapacityRoutes.js","True","1596"
"/api/v1/india-coverage","indiaCoverageRoutes","./routes/indiaCoverageRoutes.js","C:\Users\DIYA GOEL\Downloads\EBDESIGN\backend\src\routes\indiaCoverageRoutes.js","True","1597"
"/api/marketplaceenhancements","marketplaceEnhancements","./routes/marketplaceEnhancements.js","C:\Users\DIYA GOEL\Downloads\EBDESIGN\backend\src\routes\marketplaceEnhancements.js","True","1598"
"/api/marketdata","marketDataRoutes","./routes/marketDataRoutes.js","C:\Users\DIYA GOEL\Downloads\EBDESIGN\backend\src\routes\marketDataRoutes.js","True","1599"
"/api/marketanalytics","marketAnalytics","./routes/marketAnalytics.js","C:\Users\DIYA GOEL\Downloads\EBDESIGN\backend\src\routes\marketAnalytics.js","True","1600"
"/api/m400aibackbone","m400AiBackboneRoutes","./routes/m400AiBackboneRoutes.js","C:\Users\DIYA GOEL\Downloads\EBDESIGN\backend\src\routes\m400AiBackboneRoutes.js","True","1601"
"/api/logisticsenhancements","logisticsEnhancements","./routes/logisticsEnhancements.js","C:\Users\DIYA GOEL\Downloads\EBDESIGN\backend\src\routes\logisticsEnhancements.js","True","1602"
"/api/logisticsenhancement","logisticsEnhancementRoutes","./routes/logisticsEnhancementRoutes.js","C:\Users\DIYA GOEL\Downloads\EBDESIGN\backend\src\routes\logisticsEnhancementRoutes.js","True","1603"
"/api/loanmanagement","loanManagement","./routes/loanManagement.js","C:\Users\DIYA GOEL\Downloads\EBDESIGN\backend\src\routes\loanManagement.js","True","1604"
"/api/livestockroutesupport","livestockRouteSupport","./routes/livestockRouteSupport.js","C:\Users\DIYA GOEL\Downloads\EBDESIGN\backend\src\routes\livestockRouteSupport.js","True","1605"
"/api/livestockmanagement","livestockManagementRoutes","./routes/livestockManagementRoutes.js","C:\Users\DIYA GOEL\Downloads\EBDESIGN\backend\src\routes\livestockManagementRoutes.js","True","1606"
"/api/livestock","livestock","./routes/livestock.js","C:\Users\DIYA GOEL\Downloads\EBDESIGN\backend\src\routes\livestock.js","True","1607"
"/api/library","libraryRoutes","./routes/libraryRoutes.js","C:\Users\DIYA GOEL\Downloads\EBDESIGN\backend\src\routes\libraryRoutes.js","True","1608"
"/api/library-knowledge","libraryRoutes","./routes/libraryRoutes.js","C:\Users\DIYA GOEL\Downloads\EBDESIGN\backend\src\routes\libraryRoutes.js","True","1609"
"/api/v1/library","libraryRoutes","./routes/libraryRoutes.js","C:\Users\DIYA GOEL\Downloads\EBDESIGN\backend\src\routes\libraryRoutes.js","True","1610"
"/api/library-ai-workspace","libraryAIWorkspaceRoutes","./routes/libraryAIWorkspaceRoutes.js","C:\Users\DIYA GOEL\Downloads\EBDESIGN\backend\src\routes\libraryAIWorkspaceRoutes.js","True","1611"
"/api/ai/library-workspace","libraryAIWorkspaceRoutes","./routes/libraryAIWorkspaceRoutes.js","C:\Users\DIYA GOEL\Downloads\EBDESIGN\backend\src\routes\libraryAIWorkspaceRoutes.js","True","1612"
"/api/v1/ai/library-workspace","libraryAIWorkspaceRoutes","./routes/libraryAIWorkspaceRoutes.js","C:\Users\DIYA GOEL\Downloads\EBDESIGN\backend\src\routes\libraryAIWorkspaceRoutes.js","True","1613"
"/api/landrecords","landRecordsRoutes","./routes/landRecordsRoutes.js","C:\Users\DIYA GOEL\Downloads\EBDESIGN\backend\src\routes\landRecordsRoutes.js","True","1614"
"/api/landmanagement","landManagementRoutes","./routes/landManagementRoutes.js","C:\Users\DIYA GOEL\Downloads\EBDESIGN\backend\src\routes\landManagementRoutes.js","True","1615"
"/api/knowledge","knowledgeRoutes","./routes/knowledgeRoutes.js","C:\Users\DIYA GOEL\Downloads\EBDESIGN\backend\src\routes\knowledgeRoutes.js","True","1616"
"/api/irrigationmanagement","irrigationManagementRoutes","./routes/irrigationManagementRoutes.js","C:\Users\DIYA GOEL\Downloads\EBDESIGN\backend\src\routes\irrigationManagementRoutes.js","True","1617"
"/api/iotsensors","iotSensors","./routes/iotSensors.js","C:\Users\DIYA GOEL\Downloads\EBDESIGN\backend\src\routes\iotSensors.js","True","1618"
"/api/iotintegration","iotIntegrationRoutes","./routes/iotIntegrationRoutes.js","C:\Users\DIYA GOEL\Downloads\EBDESIGN\backend\src\routes\iotIntegrationRoutes.js","True","1619"
"/api/insuranceenhancements","insuranceEnhancements","./routes/insuranceEnhancements.js","C:\Users\DIYA GOEL\Downloads\EBDESIGN\backend\src\routes\insuranceEnhancements.js","True","1620"
"/api/inputsupplymanagement","inputSupplyManagementRoutes","./routes/inputSupplyManagementRoutes.js","C:\Users\DIYA GOEL\Downloads\EBDESIGN\backend\src\routes\inputSupplyManagementRoutes.js","True","1621"
"/api/informationsharing","informationSharingRoutes","./routes/informationSharingRoutes.js","C:\Users\DIYA GOEL\Downloads\EBDESIGN\backend\src\routes\informationSharingRoutes.js","True","1622"
"/api/identitymanagement","identityManagementRoutes","./routes/identityManagementRoutes.js","C:\Users\DIYA GOEL\Downloads\EBDESIGN\backend\src\routes\identityManagementRoutes.js","True","1623"
"/api/hr","hrRoutes","./routes/hrRoutes.js","C:\Users\DIYA GOEL\Downloads\EBDESIGN\backend\src\routes\hrRoutes.js","True","1624"
"/api/horticulturemanagement","horticultureManagementRoutes","./routes/horticultureManagementRoutes.js","C:\Users\DIYA GOEL\Downloads\EBDESIGN\backend\src\routes\horticultureManagementRoutes.js","True","1625"
"/api/horticulture","horticulture","./routes/horticulture.js","C:\Users\DIYA GOEL\Downloads\EBDESIGN\backend\src\routes\horticulture.js","True","1626"
"/api/gst","gstRoutes","./routes/finance/gstRoutes.js","C:\Users\DIYA GOEL\Downloads\EBDESIGN\backend\src\routes\finance\gstRoutes.js","True","1627"
"/api/greenhouse","greenhouse","./routes/greenhouse.js","C:\Users\DIYA GOEL\Downloads\EBDESIGN\backend\src\routes\greenhouse.js","True","1628"
"/api/governancemodule","governanceModule","./routes/governanceModule.js","C:\Users\DIYA GOEL\Downloads\EBDESIGN\backend\src\routes\governanceModule.js","True","1629"
"/api/goat","goatRoutes","./routes/goatRoutes.js","C:\Users\DIYA GOEL\Downloads\EBDESIGN\backend\src\routes\goatRoutes.js","True","1630"
"/api/glutwarning","glutWarningRoutes","./routes/glutWarningRoutes.js","C:\Users\DIYA GOEL\Downloads\EBDESIGN\backend\src\routes\glutWarningRoutes.js","True","1631"
"/api/geofencing","geofencingRoutes","./routes/geofencingRoutes.js","C:\Users\DIYA GOEL\Downloads\EBDESIGN\backend\src\routes\geofencingRoutes.js","True","1632"
"/api/freightpooling","freightPoolingRoutes","./routes/freightPoolingRoutes.js","C:\Users\DIYA GOEL\Downloads\EBDESIGN\backend\src\routes\freightPoolingRoutes.js","True","1633"
"/api/freightpooling","freightPooling","./routes/freightPooling.js","C:\Users\DIYA GOEL\Downloads\EBDESIGN\backend\src\routes\freightPooling.js","True","1634"
"/api/food","foodRoutes","./routes/foodRoutes.js","C:\Users\DIYA GOEL\Downloads\EBDESIGN\backend\src\routes\foodRoutes.js","True","1635"
"/api/folu","foluRoutes","./routes/foluRoutes.js","C:\Users\DIYA GOEL\Downloads\EBDESIGN\backend\src\routes\foluRoutes.js","True","1636"
"/api/folubenchmark","foluBenchmarkRoutes","./routes/foluBenchmarkRoutes.js","C:\Users\DIYA GOEL\Downloads\EBDESIGN\backend\src\routes\foluBenchmarkRoutes.js","True","1637"
"/api/fisheriesmanagement","fisheriesManagementRoutes","./routes/fisheriesManagementRoutes.js","C:\Users\DIYA GOEL\Downloads\EBDESIGN\backend\src\routes\fisheriesManagementRoutes.js","True","1638"
"/api/financialanalytics","financialAnalytics","./routes/financialAnalytics.js","C:\Users\DIYA GOEL\Downloads\EBDESIGN\backend\src\routes\financialAnalytics.js","True","1639"
"/api/fertilizer","fertilizerRoutes","./routes/fertilizerRoutes.js","C:\Users\DIYA GOEL\Downloads\EBDESIGN\backend\src\routes\fertilizerRoutes.js","True","1640"
"/api/farmervalue","farmerValueRoutes","./routes/farmerValueRoutes.js","C:\Users\DIYA GOEL\Downloads\EBDESIGN\backend\src\routes\farmerValueRoutes.js","True","1641"
"/api/farmertraining","farmerTrainingRoutes","./routes/farmerTrainingRoutes.js","C:\Users\DIYA GOEL\Downloads\EBDESIGN\backend\src\routes\farmerTrainingRoutes.js","True","1642"
"/api/farmer","farmerRoutes","./routes/farmerRoutes.js","C:\Users\DIYA GOEL\Downloads\EBDESIGN\backend\src\routes\farmerRoutes.js","True","1643"
"/api/farmerportalenhancements","farmerPortalEnhancements","./routes/farmerPortalEnhancements.js","C:\Users\DIYA GOEL\Downloads\EBDESIGN\backend\src\routes\farmerPortalEnhancements.js","True","1644"
"/api/farmerhealth","farmerHealthRoutes","./routes/agriculture/farmerHealthRoutes.js","C:\Users\DIYA GOEL\Downloads\EBDESIGN\backend\src\routes\agriculture\farmerHealthRoutes.js","True","1645"
"/api/farmerfamily","farmerFamilyRoutes","./routes/farmerFamilyRoutes.js","C:\Users\DIYA GOEL\Downloads\EBDESIGN\backend\src\routes\farmerFamilyRoutes.js","True","1646"
"/api/farmcosting","farmCosting","./routes/farmCosting.js","C:\Users\DIYA GOEL\Downloads\EBDESIGN\backend\src\routes\farmCosting.js","True","1647"
"/api/farm-costing","farmCosting","./routes/farmCosting.js","C:\Users\DIYA GOEL\Downloads\EBDESIGN\backend\src\routes\farmCosting.js","True","1648"
"/api/v1/farm-costing","farmCosting","./routes/farmCosting.js","C:\Users\DIYA GOEL\Downloads\EBDESIGN\backend\src\routes\farmCosting.js","True","1649"
"/api/farmanalytics","farmAnalytics","./routes/farmAnalytics.js","C:\Users\DIYA GOEL\Downloads\EBDESIGN\backend\src\routes\farmAnalytics.js","True","1650"
"/api/experience","experienceRoutes","./routes/experienceRoutes.js","C:\Users\DIYA GOEL\Downloads\EBDESIGN\backend\src\routes\experienceRoutes.js","True","1651"
"/api/escrow","escrowRoutes","./routes/escrowRoutes.js","C:\Users\DIYA GOEL\Downloads\EBDESIGN\backend\src\routes\escrowRoutes.js","True","1652"
"/api/equipmentexchange","equipmentExchangeRoutes","./routes/commerce/equipmentExchangeRoutes.js","C:\Users\DIYA GOEL\Downloads\EBDESIGN\backend\src\routes\commerce\equipmentExchangeRoutes.js","True","1653"
"/api/enterpriseroutesupport","enterpriseRouteSupport","./routes/enterpriseRouteSupport.js","C:\Users\DIYA GOEL\Downloads\EBDESIGN\backend\src\routes\enterpriseRouteSupport.js","True","1654"
"/api/enterpriseintegration","enterpriseIntegrationRoutes","./routes/enterpriseIntegrationRoutes.js","C:\Users\DIYA GOEL\Downloads\EBDESIGN\backend\src\routes\enterpriseIntegrationRoutes.js","True","1655"
"/api/enterpriseai","enterpriseAIRoutes","./routes/ai/enterpriseAIRoutes.js","C:\Users\DIYA GOEL\Downloads\EBDESIGN\backend\src\routes\ai\enterpriseAIRoutes.js","True","1656"
"/api/engineeringproject","engineeringProjectRoutes","./routes/engineeringProjectRoutes.js","C:\Users\DIYA GOEL\Downloads\EBDESIGN\backend\src\routes\engineeringProjectRoutes.js","True","1657"
"/api/energy","energyRoutes","./routes/energyRoutes.js","C:\Users\DIYA GOEL\Downloads\EBDESIGN\backend\src\routes\energyRoutes.js","True","1658"
"/api/ecommerce","ecommerceRoutes","./routes/ecommerceRoutes.js","C:\Users\DIYA GOEL\Downloads\EBDESIGN\backend\src\routes\ecommerceRoutes.js","True","1659"
"/api/ecommercemarketing","ecommerceMarketingRoutes","./routes/ecommerceMarketingRoutes.js","C:\Users\DIYA GOEL\Downloads\EBDESIGN\backend\src\routes\ecommerceMarketingRoutes.js","True","1660"
"/api/ecommerceintegration","ecommerceIntegrationRoutes","./routes/ecommerceIntegrationRoutes.js","C:\Users\DIYA GOEL\Downloads\EBDESIGN\backend\src\routes\ecommerceIntegrationRoutes.js","True","1661"
"/api/ecommerceerp","ecommerceERPRoutes","./routes/ecommerceERPRoutes.js","C:\Users\DIYA GOEL\Downloads\EBDESIGN\backend\src\routes\ecommerceERPRoutes.js","True","1662"
"/api/ecommercebusinesssales","ecommerceBusinessSalesRoutes","./routes/ecommerceBusinessSalesRoutes.js","C:\Users\DIYA GOEL\Downloads\EBDESIGN\backend\src\routes\ecommerceBusinessSalesRoutes.js","True","1663"
"/api/ecommerceai","ecommerceAIRoutes","./routes/ecommerceAIRoutes.js","C:\Users\DIYA GOEL\Downloads\EBDESIGN\backend\src\routes\ecommerceAIRoutes.js","True","1664"
"/api/dprgeneration","dprGenerationRoutes","./routes/dprGenerationRoutes.js","C:\Users\DIYA GOEL\Downloads\EBDESIGN\backend\src\routes\dprGenerationRoutes.js","True","1665"
"/api/digitaltwin","digitalTwinRoutes","./routes/digitalTwinRoutes.js","C:\Users\DIYA GOEL\Downloads\EBDESIGN\backend\src\routes\digitalTwinRoutes.js","True","1666"
"/api/diettherapy","dietTherapyRoutes","./routes/dietTherapyRoutes.js","C:\Users\DIYA GOEL\Downloads\EBDESIGN\backend\src\routes\dietTherapyRoutes.js","True","1667"
"/api/demand","demandRoutes","./routes/demandRoutes.js","C:\Users\DIYA GOEL\Downloads\EBDESIGN\backend\src\routes\demandRoutes.js","True","1668"
"/api/defensefitnessprep","defenseFitnessPrepRoutes","./routes/defenseFitnessPrepRoutes.js","C:\Users\DIYA GOEL\Downloads\EBDESIGN\backend\src\routes\defenseFitnessPrepRoutes.js","True","1669"
"/api/decisionsupport","decisionSupportRoutes","./routes/decisionSupportRoutes.js","C:\Users\DIYA GOEL\Downloads\EBDESIGN\backend\src\routes\decisionSupportRoutes.js","True","1670"
"/api/datavisualization","dataVisualization","./routes/dataVisualization.js","C:\Users\DIYA GOEL\Downloads\EBDESIGN\backend\src\routes\dataVisualization.js","True","1671"
"/api/dashboard","dashboardRoutes","./routes/dashboardRoutes.js","C:\Users\DIYA GOEL\Downloads\EBDESIGN\backend\src\routes\dashboardRoutes.js","True","1672"
"/api/dairy","dairyRoutes","./routes/dairyRoutes.js","C:\Users\DIYA GOEL\Downloads\EBDESIGN\backend\src\routes\dairyRoutes.js","True","1673"
"/api/cropvalueresearch","cropValueResearchRoutes","./routes/cropValueResearchRoutes.js","C:\Users\DIYA GOEL\Downloads\EBDESIGN\backend\src\routes\cropValueResearchRoutes.js","True","1674"
"/api/croprecommendations","cropRecommendations","./routes/cropRecommendations.js","C:\Users\DIYA GOEL\Downloads\EBDESIGN\backend\src\routes\cropRecommendations.js","True","1675"
"/api/cropplanning","cropPlanningRoutes","./routes/cropPlanningRoutes.js","C:\Users\DIYA GOEL\Downloads\EBDESIGN\backend\src\routes\cropPlanningRoutes.js","True","1676"
"/api/cropmanagement","cropManagementRoutes","./routes/cropManagementRoutes.js","C:\Users\DIYA GOEL\Downloads\EBDESIGN\backend\src\routes\cropManagementRoutes.js","True","1677"
"/api/v1","cropDomainRoutes","./routes/cropDomainRoutes.js","C:\Users\DIYA GOEL\Downloads\EBDESIGN\backend\src\routes\cropDomainRoutes.js","True","1678"
"/api/v1/seed-vault","seedVaultRoutesMerged","./routes/seedVaultRoutes.js","C:\Users\DIYA GOEL\Downloads\EBDESIGN\backend\src\routes\seedVaultRoutes.js","True","1679"
"/api/v1/financial-ai","financialAIRoutes","./routes/claude/financialAIRoutes.js","C:\Users\DIYA GOEL\Downloads\EBDESIGN\backend\src\routes\claude\financialAIRoutes.js","True","1680"
"/api/v1/insurance-ai","insuranceAIRoutes","./routes/claude/insuranceAIRoutes.js","C:\Users\DIYA GOEL\Downloads\EBDESIGN\backend\src\routes\claude\insuranceAIRoutes.js","True","1681"
"/api/v1/logistics-ai","logisticsAIRoutes","./routes/claude/logisticsAIRoutes.js","C:\Users\DIYA GOEL\Downloads\EBDESIGN\backend\src\routes\claude\logisticsAIRoutes.js","True","1682"
"/api/v1/order-ai","orderAIRoutes","./routes/claude/orderAIRoutes.js","C:\Users\DIYA GOEL\Downloads\EBDESIGN\backend\src\routes\claude\orderAIRoutes.js","True","1683"
"/api/v1/product-ai","productAIRoutes","./routes/claude/productAIRoutes.js","C:\Users\DIYA GOEL\Downloads\EBDESIGN\backend\src\routes\claude\productAIRoutes.js","True","1684"
"/api/v1/ai-coordination","aiCoordinationRoutes","./routes/claude/aiCoordinationRoutes.js","C:\Users\DIYA GOEL\Downloads\EBDESIGN\backend\src\routes\claude\aiCoordinationRoutes.js","True","1685"
"/api/v1/ai-copilot","aiCopilotRoutes","./routes/claude/aiCopilotRoutes.js","C:\Users\DIYA GOEL\Downloads\EBDESIGN\backend\src\routes\claude\aiCopilotRoutes.js","True","1686"
"/api/v1/ai-decision","aiDecisionRoutes","./routes/claude/aiDecisionRoutes.js","C:\Users\DIYA GOEL\Downloads\EBDESIGN\backend\src\routes\claude\aiDecisionRoutes.js","True","1687"
"/api/v1/ai-provider","aiProviderRoutes","./routes/claude/aiProviderRoutes.js","C:\Users\DIYA GOEL\Downloads\EBDESIGN\backend\src\routes\claude\aiProviderRoutes.js","True","1688"
"/api/v1/ai-strategy","aiStrategyRoutes","./routes/claude/aiStrategyRoutes.js","C:\Users\DIYA GOEL\Downloads\EBDESIGN\backend\src\routes\claude\aiStrategyRoutes.js","True","1689"
"/api/v1","livestockDomainRoutes","./routes/livestockDomainRoutes.js","C:\Users\DIYA GOEL\Downloads\EBDESIGN\backend\src\routes\livestockDomainRoutes.js","True","1690"
"/api/v1","soilDomainRoutes","./routes/soilDomainRoutes.js","C:\Users\DIYA GOEL\Downloads\EBDESIGN\backend\src\routes\soilDomainRoutes.js","True","1691"
"/api/v1","dairyDomainRoutes","./routes/dairyDomainRoutes.js","C:\Users\DIYA GOEL\Downloads\EBDESIGN\backend\src\routes\dairyDomainRoutes.js","True","1692"
"/api/v1","fertilizerDomainRoutes","./routes/fertilizerDomainRoutes.js","C:\Users\DIYA GOEL\Downloads\EBDESIGN\backend\src\routes\fertilizerDomainRoutes.js","True","1693"
"/api/v1","organizationDomainRoutes","./routes/organizationDomainRoutes.js","C:\Users\DIYA GOEL\Downloads\EBDESIGN\backend\src\routes\organizationDomainRoutes.js","True","1696"
"/api/v1","fisheriesDomainRoutes","./routes/fisheriesDomainRoutes.js","C:\Users\DIYA GOEL\Downloads\EBDESIGN\backend\src\routes\fisheriesDomainRoutes.js","True","1697"
"/api/v1","comprehensiveERPDomainRoutes","./routes/comprehensiveERPDomainRoutes.js","C:\Users\DIYA GOEL\Downloads\EBDESIGN\backend\src\routes\comprehensiveERPDomainRoutes.js","True","1698"
"/api/v1","researchAndDevelopmentDomainRoutes","./routes/researchAndDevelopmentDomainRoutes.js","C:\Users\DIYA GOEL\Downloads\EBDESIGN\backend\src\routes\researchAndDevelopmentDomainRoutes.js","True","1699"
"/api/v1/artificial-scientist","artificialScientistRoutes","./routes/artificialScientistRoutes.js","C:\Users\DIYA GOEL\Downloads\EBDESIGN\backend\src\routes\artificialScientistRoutes.js","True","1700"
"/api/v1","sapModuleArchitectureDomainRoutes","./routes/sapModuleArchitectureDomainRoutes.js","C:\Users\DIYA GOEL\Downloads\EBDESIGN\backend\src\routes\sapModuleArchitectureDomainRoutes.js","True","1701"
"/api/v1","animalHealthDomainRoutes","./routes/animalHealthDomainRoutes.js","C:\Users\DIYA GOEL\Downloads\EBDESIGN\backend\src\routes\animalHealthDomainRoutes.js","True","1702"
"/api/v1","completeAIIntegrationDomainRoutes","./routes/completeAIIntegrationDomainRoutes.js","C:\Users\DIYA GOEL\Downloads\EBDESIGN\backend\src\routes\completeAIIntegrationDomainRoutes.js","True","1703"
"/api/v1","completeERPIntegrationDomainRoutes","./routes/completeERPIntegrationDomainRoutes.js","C:\Users\DIYA GOEL\Downloads\EBDESIGN\backend\src\routes\completeERPIntegrationDomainRoutes.js","True","1704"
"/api/v1","aiOperationIntelligenceDomainRoutes","./routes/aiOperationIntelligenceDomainRoutes.js","C:\Users\DIYA GOEL\Downloads\EBDESIGN\backend\src\routes\aiOperationIntelligenceDomainRoutes.js","True","1705"
"/api/v1","aiSelfHealingDomainRoutes","./routes/aiSelfHealingDomainRoutes.js","C:\Users\DIYA GOEL\Downloads\EBDESIGN\backend\src\routes\aiSelfHealingDomainRoutes.js","True","1706"
"/api/v1","coldStorageDomainRoutes","./routes/coldStorageDomainRoutes.js","C:\Users\DIYA GOEL\Downloads\EBDESIGN\backend\src\routes\coldStorageDomainRoutes.js","True","1707"
"/api/v1","costControlDomainRoutes","./routes/costControlDomainRoutes.js","C:\Users\DIYA GOEL\Downloads\EBDESIGN\backend\src\routes\costControlDomainRoutes.js","True","1708"
"/api/v1","sheepDomainRoutes","./routes/sheepDomainRoutes.js","C:\Users\DIYA GOEL\Downloads\EBDESIGN\backend\src\routes\sheepDomainRoutes.js","True","1709"
"/api/v1","aiAgentDomainRoutes","./routes/aiAgentDomainRoutes.js","C:\Users\DIYA GOEL\Downloads\EBDESIGN\backend\src\routes\aiAgentDomainRoutes.js","True","1710"
"/api/v1","aiBrainDomainRoutes","./routes/aiBrainDomainRoutes.js","C:\Users\DIYA GOEL\Downloads\EBDESIGN\backend\src\routes\aiBrainDomainRoutes.js","True","1711"
"/api/v1","ecommerceAIDomainRoutes","./routes/ecommerceAIDomainRoutes.js","C:\Users\DIYA GOEL\Downloads\EBDESIGN\backend\src\routes\ecommerceAIDomainRoutes.js","True","1712"
"/api/v1","agriculturalIntelligenceDomainRoutes","./routes/agriculturalIntelligenceDomainRoutes.js","C:\Users\DIYA GOEL\Downloads\EBDESIGN\backend\src\routes\agriculturalIntelligenceDomainRoutes.js","True","1713"
"/api/v1","ecommerceIntegrationDomainRoutes","./routes/ecommerceIntegrationDomainRoutes.js","C:\Users\DIYA GOEL\Downloads\EBDESIGN\backend\src\routes\ecommerceIntegrationDomainRoutes.js","True","1714"
"/api/v1","poultryDomainRoutes","./routes/poultryDomainRoutes.js","C:\Users\DIYA GOEL\Downloads\EBDESIGN\backend\src\routes\poultryDomainRoutes.js","True","1715"
"/api/v1","assetAccountingDomainRoutes","./routes/assetAccountingDomainRoutes.js","C:\Users\DIYA GOEL\Downloads\EBDESIGN\backend\src\routes\assetAccountingDomainRoutes.js","True","1716"
"/api/v1","decisionSupportDomainRoutes","./routes/decisionSupportDomainRoutes.js","C:\Users\DIYA GOEL\Downloads\EBDESIGN\backend\src\routes\decisionSupportDomainRoutes.js","True","1717"
"/api/v1","ecommerceMarketplaceDomainRoutes","./routes/ecommerceMarketplaceDomainRoutes.js","C:\Users\DIYA GOEL\Downloads\EBDESIGN\backend\src\routes\ecommerceMarketplaceDomainRoutes.js","True","1718"
"/api/v1","ordersDomainRoutes","./routes/ordersDomainRoutes.js","C:\Users\DIYA GOEL\Downloads\EBDESIGN\backend\src\routes\ordersDomainRoutes.js","True","1719"
"/api/v1","weatherDomainRoutes","./routes/weatherDomainRoutes.js","C:\Users\DIYA GOEL\Downloads\EBDESIGN\backend\src\routes\weatherDomainRoutes.js","True","1720"
"/api/v1","cooperativeShareDomainRoutes","./routes/cooperativeShareDomainRoutes.js","C:\Users\DIYA GOEL\Downloads\EBDESIGN\backend\src\routes\cooperativeShareDomainRoutes.js","True","1721"
"/api/v1","walletDomainRoutes","./routes/walletDomainRoutes.js","C:\Users\DIYA GOEL\Downloads\EBDESIGN\backend\src\routes\walletDomainRoutes.js","True","1722"
"/api/v1","equipmentExchangeDomainRoutes","./routes/equipmentExchangeDomainRoutes.js","C:\Users\DIYA GOEL\Downloads\EBDESIGN\backend\src\routes\equipmentExchangeDomainRoutes.js","True","1723"
"/api/v1","multilingualDomainRoutes","./routes/multilingualDomainRoutes.js","C:\Users\DIYA GOEL\Downloads\EBDESIGN\backend\src\routes\multilingualDomainRoutes.js","True","1724"
"/api/v1","ecommerceBusinessSalesDomainRoutes","./routes/ecommerceBusinessSalesDomainRoutes.js","C:\Users\DIYA GOEL\Downloads\EBDESIGN\backend\src\routes\ecommerceBusinessSalesDomainRoutes.js","True","1725"
"/api/v1","bulkOrderDomainRoutes","./routes/bulkOrderDomainRoutes.js","C:\Users\DIYA GOEL\Downloads\EBDESIGN\backend\src\routes\bulkOrderDomainRoutes.js","True","1726"
"/api/v1","civilDisruptionDomainRoutes","./routes/civilDisruptionDomainRoutes.js","C:\Users\DIYA GOEL\Downloads\EBDESIGN\backend\src\routes\civilDisruptionDomainRoutes.js","True","1727"
"/api/v1","engineeringProjectDomainRoutes","./routes/engineeringProjectDomainRoutes.js","C:\Users\DIYA GOEL\Downloads\EBDESIGN\backend\src\routes\engineeringProjectDomainRoutes.js","True","1728"
"/api/v1","ecommerceERPDomainRoutes","./routes/ecommerceERPDomainRoutes.js","C:\Users\DIYA GOEL\Downloads\EBDESIGN\backend\src\routes\ecommerceERPDomainRoutes.js","True","1729"
"/api/v1","experienceLayerDomainRoutes","./routes/experienceLayerDomainRoutes.js","C:\Users\DIYA GOEL\Downloads\EBDESIGN\backend\src\routes\experienceLayerDomainRoutes.js","True","1730"
"/api/v1","insuranceDomainRoutes","./routes/insuranceDomainRoutes.js","C:\Users\DIYA GOEL\Downloads\EBDESIGN\backend\src\routes\insuranceDomainRoutes.js","True","1731"
"/api/v1","authorizationDomainRoutes","./routes/authorizationDomainRoutes.js","C:\Users\DIYA GOEL\Downloads\EBDESIGN\backend\src\routes\authorizationDomainRoutes.js","True","1732"
"/api/v1","climateMonitoringDomainRoutes","./routes/climateMonitoringDomainRoutes.js","C:\Users\DIYA GOEL\Downloads\EBDESIGN\backend\src\routes\climateMonitoringDomainRoutes.js","True","1733"
"/api/v1","communityManagementDomainRoutes","./routes/communityManagementDomainRoutes.js","C:\Users\DIYA GOEL\Downloads\EBDESIGN\backend\src\routes\communityManagementDomainRoutes.js","True","1734"
"/api/v1","rfqDomainRoutes","./routes/rfqDomainRoutes.js","C:\Users\DIYA GOEL\Downloads\EBDESIGN\backend\src\routes\rfqDomainRoutes.js","True","1735"
"/api/v1","farmerHealthDomainRoutes","./routes/farmerHealthDomainRoutes.js","C:\Users\DIYA GOEL\Downloads\EBDESIGN\backend\src\routes\farmerHealthDomainRoutes.js","True","1736"
"/api/v1","farmerKycDomainRoutes","./routes/farmerKycDomainRoutes.js","C:\Users\DIYA GOEL\Downloads\EBDESIGN\backend\src\routes\farmerKycDomainRoutes.js","True","1737"
"/api/v1","farmerVerificationDomainRoutes","./routes/farmerVerificationDomainRoutes.js","C:\Users\DIYA GOEL\Downloads\EBDESIGN\backend\src\routes\farmerVerificationDomainRoutes.js","True","1738"
"/api/v1","horticultureManagementDomainRoutes","./routes/horticultureManagementDomainRoutes.js","C:\Users\DIYA GOEL\Downloads\EBDESIGN\backend\src\routes\horticultureManagementDomainRoutes.js","True","1739"
"/api/v1","landRecordsDomainRoutes","./routes/landRecordsDomainRoutes.js","C:\Users\DIYA GOEL\Downloads\EBDESIGN\backend\src\routes\landRecordsDomainRoutes.js","True","1740"
"/api/v1","returnLoadBoardDomainRoutes","./routes/returnLoadBoardDomainRoutes.js","C:\Users\DIYA GOEL\Downloads\EBDESIGN\backend\src\routes\returnLoadBoardDomainRoutes.js","True","1741"
"/api/v1","realtimeMonitoringDomainRoutes","./routes/realtimeMonitoringDomainRoutes.js","C:\Users\DIYA GOEL\Downloads\EBDESIGN\backend\src\routes\realtimeMonitoringDomainRoutes.js","True","1742"
"/api/v1","conversationalAIDomainRoutes","./routes/conversationalAIDomainRoutes.js","C:\Users\DIYA GOEL\Downloads\EBDESIGN\backend\src\routes\conversationalAIDomainRoutes.js","True","1743"
"/api/v1","voiceAIDomainRoutes","./routes/voiceAIDomainRoutes.js","C:\Users\DIYA GOEL\Downloads\EBDESIGN\backend\src\routes\voiceAIDomainRoutes.js","True","1744"
"/api/v1","aiBackboneDomainRoutes","./routes/aiBackboneDomainRoutes.js","C:\Users\DIYA GOEL\Downloads\EBDESIGN\backend\src\routes\aiBackboneDomainRoutes.js","True","1745"
"/api/v1","companyDomainRoutes","./routes/companyDomainRoutes.js","C:\Users\DIYA GOEL\Downloads\EBDESIGN\backend\src\routes\companyDomainRoutes.js","True","1746"
"/api/v1","financeDomainRoutes","./routes/financeDomainRoutes.js","C:\Users\DIYA GOEL\Downloads\EBDESIGN\backend\src\routes\financeDomainRoutes.js","True","1747"
"/api/v1","complianceDomainRoutes","./routes/complianceDomainRoutes.js","C:\Users\DIYA GOEL\Downloads\EBDESIGN\backend\src\routes\complianceDomainRoutes.js","True","1748"
"/api/v1","defenseFitnessPrepDomainRoutes","./routes/defenseFitnessPrepDomainRoutes.js","C:\Users\DIYA GOEL\Downloads\EBDESIGN\backend\src\routes\defenseFitnessPrepDomainRoutes.js","True","1749"
"/api/v1","enterpriseIntegrationDomainRoutes","./routes/enterpriseIntegrationDomainRoutes.js","C:\Users\DIYA GOEL\Downloads\EBDESIGN\backend\src\routes\enterpriseIntegrationDomainRoutes.js","True","1750"
"/api/v1","escrowDomainRoutes","./routes/escrowDomainRoutes.js","C:\Users\DIYA GOEL\Downloads\EBDESIGN\backend\src\routes\escrowDomainRoutes.js","True","1751"
"/api/v1","financialAIDomainRoutes","./routes/financialAIDomainRoutes.js","C:\Users\DIYA GOEL\Downloads\EBDESIGN\backend\src\routes\financialAIDomainRoutes.js","True","1752"
"/api/v1","systemAdministrationDomainRoutes","./routes/systemAdministrationDomainRoutes.js","C:\Users\DIYA GOEL\Downloads\EBDESIGN\backend\src\routes\systemAdministrationDomainRoutes.js","True","1753"
"/api/v1","logisticsAIDomainRoutes","./routes/logisticsAIDomainRoutes.js","C:\Users\DIYA GOEL\Downloads\EBDESIGN\backend\src\routes\logisticsAIDomainRoutes.js","True","1754"
"/api/v1","blockchainVerificationDomainRoutes","./routes/blockchainVerificationDomainRoutes.js","C:\Users\DIYA GOEL\Downloads\EBDESIGN\backend\src\routes\blockchainVerificationDomainRoutes.js","True","1755"
"/api/v1","knowledgeGraphDomainRoutes","./routes/knowledgeGraphDomainRoutes.js","C:\Users\DIYA GOEL\Downloads\EBDESIGN\backend\src\routes\knowledgeGraphDomainRoutes.js","True","1756"
"/api/v1","aiDomainAdapterRoutes","./routes/aiDomainAdapterRoutes.js","C:\Users\DIYA GOEL\Downloads\EBDESIGN\backend\src\routes\aiDomainAdapterRoutes.js","True","1757"
"/api/v1","cropValueResearchDomainRoutes","./routes/cropValueResearchDomainRoutes.js","C:\Users\DIYA GOEL\Downloads\EBDESIGN\backend\src\routes\cropValueResearchDomainRoutes.js","True","1758"
"/api/v1","tenantManagementDomainRoutes","./routes/tenantManagementDomainRoutes.js","C:\Users\DIYA GOEL\Downloads\EBDESIGN\backend\src\routes\tenantManagementDomainRoutes.js","True","1759"
"/api/v1","platformCoreDomainRoutes","./routes/platformCoreDomainRoutes.js","C:\Users\DIYA GOEL\Downloads\EBDESIGN\backend\src\routes\platformCoreDomainRoutes.js","True","1760"
"/api/v1","mfaDomainRoutes","./routes/mfaDomainRoutes.js","C:\Users\DIYA GOEL\Downloads\EBDESIGN\backend\src\routes\mfaDomainRoutes.js","True","1761"
"/api/v1","organicTraceabilityDomainRoutes","./routes/organicTraceabilityDomainRoutes.js","C:\Users\DIYA GOEL\Downloads\EBDESIGN\backend\src\routes\organicTraceabilityDomainRoutes.js","True","1762"
"/api/v1","ecommerceMarketingDomainRoutes","./routes/ecommerceMarketingDomainRoutes.js","C:\Users\DIYA GOEL\Downloads\EBDESIGN\backend\src\routes\ecommerceMarketingDomainRoutes.js","True","1763"
"/api/v1","sellerRankingDomainRoutes","./routes/sellerRankingDomainRoutes.js","C:\Users\DIYA GOEL\Downloads\EBDESIGN\backend\src\routes\sellerRankingDomainRoutes.js","True","1764"
"/api/v1","farmerValueDomainRoutes","./routes/farmerValueDomainRoutes.js","C:\Users\DIYA GOEL\Downloads\EBDESIGN\backend\src\routes\farmerValueDomainRoutes.js","True","1765"
"/api/v1","transactionDomainRoutes","./routes/transactionDomainRoutes.js","C:\Users\DIYA GOEL\Downloads\EBDESIGN\backend\src\routes\transactionDomainRoutes.js","True","1766"
"/api/v1","notificationDomainRoutes","./routes/notificationDomainRoutes.js","C:\Users\DIYA GOEL\Downloads\EBDESIGN\backend\src\routes\notificationDomainRoutes.js","True","1767"
"/api/v1","privacyDomainRoutes","./routes/privacyDomainRoutes.js","C:\Users\DIYA GOEL\Downloads\EBDESIGN\backend\src\routes\privacyDomainRoutes.js","True","1768"
"/api/v1","pestForecastingDomainRoutes","./routes/pestForecastingDomainRoutes.js","C:\Users\DIYA GOEL\Downloads\EBDESIGN\backend\src\routes\pestForecastingDomainRoutes.js","True","1769"
"/api/v1","adminAuditDomainRoutes","./routes/adminAuditDomainRoutes.js","C:\Users\DIYA GOEL\Downloads\EBDESIGN\backend\src\routes\adminAuditDomainRoutes.js","True","1770"
"/api/v1/apiculture","apicultureRoutes","./routes/apicultureRoutes.js","C:\Users\DIYA GOEL\Downloads\EBDESIGN\backend\src\routes\apicultureRoutes.js","True","1771"
"/api/v1/strategic/contract-farming","contractFarmingRoutes","./routes/contractFarmingRoutes.js","C:\Users\DIYA GOEL\Downloads\EBDESIGN\backend\src\routes\contractFarmingRoutes.js","True","1772"
"/api/v1/forestry","forestryRoutes","./routes/forestryRoutes.js","C:\Users\DIYA GOEL\Downloads\EBDESIGN\backend\src\routes\forestryRoutes.js","True","1773"
"/api/v1/vermicompost","vermicompostRoutes","./routes/vermicompostRoutes.js","C:\Users\DIYA GOEL\Downloads\EBDESIGN\backend\src\routes\vermicompostRoutes.js","True","1774"
"/api/v1/sericulture","sericultureRoutes","./routes/sericultureRoutes.js","C:\Users\DIYA GOEL\Downloads\EBDESIGN\backend\src\routes\sericultureRoutes.js","True","1775"
"/api/v1/fisheries","fisheriesRoutes","./routes/fisheriesRoutes.js","C:\Users\DIYA GOEL\Downloads\EBDESIGN\backend\src\routes\fisheriesRoutes.js","True","1776"
"/api/v1/strategic/household","householdProcurementRoutes","./routes/householdProcurementRoutes.js","C:\Users\DIYA GOEL\Downloads\EBDESIGN\backend\src\routes\householdProcurementRoutes.js","True","1777"
"/api/v1/farmer-procurement","farmerProcurementQuoteRoutes","./routes/farmerProcurementQuoteRoutes.js","C:\Users\DIYA GOEL\Downloads\EBDESIGN\backend\src\routes\farmerProcurementQuoteRoutes.js","True","1778"
"/api/v1/module-registry","moduleRegistryRoutes","./routes/moduleRegistryRoutes.js","C:\Users\DIYA GOEL\Downloads\EBDESIGN\backend\src\routes\moduleRegistryRoutes.js","True","1779"
"/api/v1/strategic/pre-season","preSeasonPurchaseRoutes","./routes/preSeasonPurchaseRoutes.js","C:\Users\DIYA GOEL\Downloads\EBDESIGN\backend\src\routes\preSeasonPurchaseRoutes.js","True","1780"
"/api/v1/privacy","gdprRoutes","./routes/gdprRoutes.js","C:\Users\DIYA GOEL\Downloads\EBDESIGN\backend\src\routes\gdprRoutes.js","True","1781"
"/api/v1/mfa","mfaRoutes","./routes/dual-use/mfaRoutes.js","C:\Users\DIYA GOEL\Downloads\EBDESIGN\backend\src\routes\dual-use\mfaRoutes.js","True","1782"
"/api/v1/strategic/government","governmentSubsidyRoutes","./routes/governmentSubsidyRoutes.js","C:\Users\DIYA GOEL\Downloads\EBDESIGN\backend\src\routes\governmentSubsidyRoutes.js","True","1783"
"/api/v1/mushroom","mushroomRoutes","./routes/mushroomRoutes.js","C:\Users\DIYA GOEL\Downloads\EBDESIGN\backend\src\routes\mushroomRoutes.js","True","1784"
"/api/database-management","databaseManagementRoutes","./routes/databaseManagementRoutes.js","C:\Users\DIYA GOEL\Downloads\EBDESIGN\backend\src\routes\databaseManagementRoutes.js","True","1785"
"/api/v1/library-ai","libraryAIWorkspaceRoutes","./routes/libraryAIWorkspaceRoutes.js","C:\Users\DIYA GOEL\Downloads\EBDESIGN\backend\src\routes\libraryAIWorkspaceRoutes.js","True","1786"
"/api/v1/governance","governanceModuleMerged","./routes/governanceModule.js","C:\Users\DIYA GOEL\Downloads\EBDESIGN\backend\src\routes\governanceModule.js","True","1787"
"/api/v1/cost-management","costRoutesMerged","./routes/costRoutes.js","C:\Users\DIYA GOEL\Downloads\EBDESIGN\backend\src\routes\costRoutes.js","True","1788"
"/api/cost","costRoutes","./routes/costRoutes.js","C:\Users\DIYA GOEL\Downloads\EBDESIGN\backend\src\routes\costRoutes.js","True","1789"
"/api/costcontrol","costControlRoutes","./routes/costControlRoutes.js","C:\Users\DIYA GOEL\Downloads\EBDESIGN\backend\src\routes\costControlRoutes.js","True","1790"
"/api/cooperativeshare","cooperativeShareRoutes","./routes/cooperativeShareRoutes.js","C:\Users\DIYA GOEL\Downloads\EBDESIGN\backend\src\routes\cooperativeShareRoutes.js","True","1791"
"/api/comprehensiveerp","comprehensiveERPRoutes","./routes/comprehensiveERPRoutes.js","C:\Users\DIYA GOEL\Downloads\EBDESIGN\backend\src\routes\comprehensiveERPRoutes.js","True","1792"
"/api/compliancetracking","complianceTracking","./routes/complianceTracking.js","C:\Users\DIYA GOEL\Downloads\EBDESIGN\backend\src\routes\complianceTracking.js","True","1793"
"/api/compliance","complianceRoutes","./routes/complianceRoutes.js","C:\Users\DIYA GOEL\Downloads\EBDESIGN\backend\src\routes\complianceRoutes.js","True","1794"
"/api/completeerpintegration","completeERPIntegrationRoutes","./routes/completeERPIntegrationRoutes.js","C:\Users\DIYA GOEL\Downloads\EBDESIGN\backend\src\routes\completeERPIntegrationRoutes.js","True","1795"
"/api/completeaiintegration","completeAIIntegrationRoutes","./routes/completeAIIntegrationRoutes.js","C:\Users\DIYA GOEL\Downloads\EBDESIGN\backend\src\routes\completeAIIntegrationRoutes.js","True","1796"
"/api/company","companyRoutes","./routes/companyRoutes.js","C:\Users\DIYA GOEL\Downloads\EBDESIGN\backend\src\routes\companyRoutes.js","True","1797"
"/api/communitymanagement","communityManagementRoutes","./routes/communityManagementRoutes.js","C:\Users\DIYA GOEL\Downloads\EBDESIGN\backend\src\routes\communityManagementRoutes.js","True","1798"
"/api/coldstorage","coldStorageRoutes","./routes/coldStorageRoutes.js","C:\Users\DIYA GOEL\Downloads\EBDESIGN\backend\src\routes\coldStorageRoutes.js","True","1799"
"/api/coldchainmonitoring","coldChainMonitoring","./routes/coldChainMonitoring.js","C:\Users\DIYA GOEL\Downloads\EBDESIGN\backend\src\routes\coldChainMonitoring.js","True","1800"
"/api/climateroutesupport","climateRouteSupport","./routes/climateRouteSupport.js","C:\Users\DIYA GOEL\Downloads\EBDESIGN\backend\src\routes\climateRouteSupport.js","True","1801"
"/api/climatemonitoring","climateMonitoringRoutes","./routes/climateMonitoringRoutes.js","C:\Users\DIYA GOEL\Downloads\EBDESIGN\backend\src\routes\climateMonitoringRoutes.js","True","1802"
"/api/climateadvisory","climateAdvisoryRoutes","./routes/climateAdvisoryRoutes.js","C:\Users\DIYA GOEL\Downloads\EBDESIGN\backend\src\routes\climateAdvisoryRoutes.js","True","1803"
"/api/climateadvisory","climateAdvisory","./routes/climateAdvisory.js","C:\Users\DIYA GOEL\Downloads\EBDESIGN\backend\src\routes\climateAdvisory.js","True","1804"
"/api/civildisruption","civilDisruptionRoutes","./routes/civilDisruptionRoutes.js","C:\Users\DIYA GOEL\Downloads\EBDESIGN\backend\src\routes\civilDisruptionRoutes.js","True","1805"
"/api/certificationmanagement","certificationManagement","./routes/certificationManagement.js","C:\Users\DIYA GOEL\Downloads\EBDESIGN\backend\src\routes\certificationManagement.js","True","1806"
"/api/buyertrust","buyerTrust","./routes/buyerTrust.js","C:\Users\DIYA GOEL\Downloads\EBDESIGN\backend\src\routes\buyerTrust.js","True","1807"
"/api/bulkorders","bulkOrders","./routes/bulkOrders.js","C:\Users\DIYA GOEL\Downloads\EBDESIGN\backend\src\routes\bulkOrders.js","True","1808"
"/api/bulkorder","bulkOrderRoutes","./routes/bulkOrderRoutes.js","C:\Users\DIYA GOEL\Downloads\EBDESIGN\backend\src\routes\bulkOrderRoutes.js","True","1809"
"/api/blockchainverification","blockchainVerificationRoutes","./routes/blockchainVerificationRoutes.js","C:\Users\DIYA GOEL\Downloads\EBDESIGN\backend\src\routes\blockchainVerificationRoutes.js","True","1810"
"/api/blockchaintrace","blockchainTrace","./routes/blockchainTrace.js","C:\Users\DIYA GOEL\Downloads\EBDESIGN\backend\src\routes\blockchainTrace.js","True","1811"
"/api/biometric","biometric","./routes/biometric.js","C:\Users\DIYA GOEL\Downloads\EBDESIGN\backend\src\routes\biometric.js","True","1812"
"/api/automation","automation","./routes/automation.js","C:\Users\DIYA GOEL\Downloads\EBDESIGN\backend\src\routes\automation.js","True","1813"
"/api/auth","authRoutes","./routes/authRoutes.js","C:\Users\DIYA GOEL\Downloads\EBDESIGN\backend\src\routes\authRoutes.js","True","1814"
"/api/audittrail","auditTrail","./routes/auditTrail.js","C:\Users\DIYA GOEL\Downloads\EBDESIGN\backend\src\routes\auditTrail.js","True","1815"
"/api/audit","auditRoutes","./routes/auditRoutes.js","C:\Users\DIYA GOEL\Downloads\EBDESIGN\backend\src\routes\auditRoutes.js","True","1816"
"/api/assetaccounting","assetAccountingRoutes","./routes/assetAccountingRoutes.js","C:\Users\DIYA GOEL\Downloads\EBDESIGN\backend\src\routes\assetAccountingRoutes.js","True","1817"
"/api/ar","ar","./routes/ar.js","C:\Users\DIYA GOEL\Downloads\EBDESIGN\backend\src\routes\ar.js","True","1818"
"/api/apicompatibility","apiCompatibilityRoutes","./routes/apiCompatibilityRoutes.js","C:\Users\DIYA GOEL\Downloads\EBDESIGN\backend\src\routes\apiCompatibilityRoutes.js","True","1819"
"/api/animalhealth","animalHealthRoutes","./routes/animalHealthRoutes.js","C:\Users\DIYA GOEL\Downloads\EBDESIGN\backend\src\routes\animalHealthRoutes.js","True","1820"
"/api/analyticsreport","analyticsReportRoutes","./routes/analyticsReportRoutes.js","C:\Users\DIYA GOEL\Downloads\EBDESIGN\backend\src\routes\analyticsReportRoutes.js","True","1821"
"/api/aiselfhealing","aiSelfHealingRoutes","./routes/aiSelfHealingRoutes.js","C:\Users\DIYA GOEL\Downloads\EBDESIGN\backend\src\routes\aiSelfHealingRoutes.js","True","1822"
"/api/aioperationintelligence","aiOperationIntelligenceRoutes","./routes/aiOperationIntelligenceRoutes.js","C:\Users\DIYA GOEL\Downloads\EBDESIGN\backend\src\routes\aiOperationIntelligenceRoutes.js","True","1823"
"/api/aigateway","aiGatewayRoutes","./routes/aiGatewayRoutes.js","C:\Users\DIYA GOEL\Downloads\EBDESIGN\backend\src\routes\aiGatewayRoutes.js","True","1824"
"/api/v1/ai-gateway","aiGatewayRoutes","./routes/aiGatewayRoutes.js","C:\Users\DIYA GOEL\Downloads\EBDESIGN\backend\src\routes\aiGatewayRoutes.js","True","1825"
"/api/v1/robotics","roboticsRoutes","./routes/roboticsRoutes.js","C:\Users\DIYA GOEL\Downloads\EBDESIGN\backend\src\routes\roboticsRoutes.js","True","1826"
"/api/aicollaboration","aiCollaborationRoutes","./routes/aiCollaborationRoutes.js","C:\Users\DIYA GOEL\Downloads\EBDESIGN\backend\src\routes\aiCollaborationRoutes.js","True","1827"
"/api/devin","devinRoutes","./routes/devinRoutes","C:\Users\DIYA GOEL\Downloads\EBDESIGN\backend\src\routes\devinRoutes.js","True","1828"
"/api/aibrain","aiBrainRoutes","./routes/aiBrainRoutes.js","C:\Users\DIYA GOEL\Downloads\EBDESIGN\backend\src\routes\aiBrainRoutes.js","True","1829"
"/api/aibackbone","aiBackboneRoutes","./routes/aiBackboneRoutes.js","C:\Users\DIYA GOEL\Downloads\EBDESIGN\backend\src\routes\aiBackboneRoutes.js","True","1830"
"/api/aiapproval","aiApprovalRoutes","./routes/aiApprovalRoutes.js","C:\Users\DIYA GOEL\Downloads\EBDESIGN\backend\src\routes\aiApprovalRoutes.js","True","1831"
"/api/aiagent","aiAgentRoutes","./routes/aiAgentRoutes.js","C:\Users\DIYA GOEL\Downloads\EBDESIGN\backend\src\routes\aiAgentRoutes.js","True","1832"
"/api/agriculturalintelligence","agriculturalIntelligenceRoutes","./routes/agriculturalIntelligenceRoutes.js","C:\Users\DIYA GOEL\Downloads\EBDESIGN\backend\src\routes\agriculturalIntelligenceRoutes.js","True","1833"
"/api/advancedsearch","advancedSearchRoutes","./routes/advancedSearchRoutes.js","C:\Users\DIYA GOEL\Downloads\EBDESIGN\backend\src\routes\advancedSearchRoutes.js","True","1834"
"/api/advancedfeatures","advancedFeatures","./routes/advancedFeatures.js","C:\Users\DIYA GOEL\Downloads\EBDESIGN\backend\src\routes\advancedFeatures.js","True","1835"
"/api/advancedanalytics","advancedAnalyticsRoutes","./routes/advancedAnalyticsRoutes.js","C:\Users\DIYA GOEL\Downloads\EBDESIGN\backend\src\routes\advancedAnalyticsRoutes.js","True","1836"
"/api/v1/warnings","apiWarningRoutes","./routes/apiWarningRoutes.js","C:\Users\DIYA GOEL\Downloads\EBDESIGN\backend\src\routes\apiWarningRoutes.js","True","1837"
"/api/index","index","./routes/index.js","C:\Users\DIYA GOEL\Downloads\EBDESIGN\backend\src\routes\index.js","True","1840"
"/health","healthRoutes","./routes/healthRoutes","C:\Users\DIYA GOEL\Downloads\EBDESIGN\backend\src\routes\healthRoutes.js","True","1842"
"/api/auto-generation","productImageAutoGenerationRoutes","./routes/productImageAutoGenerationRoutes","C:\Users\DIYA GOEL\Downloads\EBDESIGN\backend\src\routes\productImageAutoGenerationRoutes.js","True","1846"
"/api/ai/images","aiImageGenerationEnhancedRoutes","./routes/aiImageGenerationEnhancedRoutes","C:\Users\DIYA GOEL\Downloads\EBDESIGN\backend\src\routes\aiImageGenerationEnhancedRoutes.js","True","1847"
"/api/commerce/images","ecommerceImageIntegrationRoutes","./routes/ecommerceImageIntegrationRoutes","C:\Users\DIYA GOEL\Downloads\EBDESIGN\backend\src\routes\ecommerceImageIntegrationRoutes.js","True","1848"
"/api/farmer/images","farmerImagePortalRoutes","./routes/farmerImagePortalRoutes","C:\Users\DIYA GOEL\Downloads\EBDESIGN\backend\src\routes\farmerImagePortalRoutes.js","True","1849"
"/api/status","integrationStatusRoutes","./routes/integrationStatusRoutes","C:\Users\DIYA GOEL\Downloads\EBDESIGN\backend\src\routes\integrationStatusRoutes.js","True","1853"
"/api/debug","endpointMismatchFixer","./routes/ENDPOINT_MISMATCH_FIXER","C:\Users\DIYA GOEL\Downloads\EBDESIGN\backend\src\routes\ENDPOINT_MISMATCH_FIXER.js","True","1858"
"/api","stripeWebhookRoutes","./routes/stripeWebhookRoutes","C:\Users\DIYA GOEL\Downloads\EBDESIGN\backend\src\routes\stripeWebhookRoutes.js","True","1862"
