"PhysicalPath","FileName","Extension","SizeBytes","SHA256","PhysicalItemID","IdentitySource","Confidence","AuthorityOriginalPath","AuthorityCurrentLocation","AuthorityOriginalFileName","LogicalIdentity","ImplementationIdentity","VariantIdentity","LibraryPathMatch","LibraryHashMatch","SubhEvidenceMatch","Status","Reason","TriageBucket","TriageReason"
".dockerignore",".dockerignore",".dockerignore","886","0A5022025841D12F6A9C89A0D079663D237B50AF3CCE57E3319AE22F6FE572B0","","","0","","","","","","","False","False","False","UNKNOWN","No authoritative path/SHA256 identity or library duplicate established.","NEW_UNREGISTERED_SAFE_TO_CREATE_IDENTITY","No Authority path or hash match, but global CONFLICT and DUPLICATE counts for this run were both 0 — nothing in the library contradicts this file. Eligible for a fresh PhysicalItemID using the project's existing ID-minting sequence (do not invent a new ID scheme)."
"backend\src\database\migrations\__missing_fk_indexes.json","__missing_fk_indexes.json",".json","2693","269D54AF2AFF10B74AA1FD235F9B0CC0B4F7CC67C9B41425408BB20C298174EB","","","0","","","","","","","False","False","False","UNKNOWN","No authoritative path/SHA256 identity or library duplicate established.","NEW_UNREGISTERED_SAFE_TO_CREATE_IDENTITY","No Authority path or hash match, but global CONFLICT and DUPLICATE counts for this run were both 0 — nothing in the library contradicts this file. Eligible for a fresh PhysicalItemID using the project's existing ID-minting sequence (do not invent a new ID scheme)."
"backend\src\middleware\ownership.js","ownership.js",".js","4501","2B8FEB8EAF5C369275CB9692948D5CF13033AFE91A99D5FE3FE22D1B1D51E8CC","","","0","","","","","","","False","False","False","UNKNOWN","No authoritative path/SHA256 identity or library duplicate established.","NEW_UNREGISTERED_SAFE_TO_CREATE_IDENTITY","No Authority path or hash match, but global CONFLICT and DUPLICATE counts for this run were both 0 — nothing in the library contradicts this file. Eligible for a fresh PhysicalItemID using the project's existing ID-minting sequence (do not invent a new ID scheme)."
"backend\src\middleware\roleGroups.js","roleGroups.js",".js","1752","15F07A7D8EC8E3CE1772B2BB65A1ED7BF7FB354435670F30ABD5374E37BD8F1D","","","0","","","","","","","False","False","False","UNKNOWN","No authoritative path/SHA256 identity or library duplicate established.","NEW_UNREGISTERED_SAFE_TO_CREATE_IDENTITY","No Authority path or hash match, but global CONFLICT and DUPLICATE counts for this run were both 0 — nothing in the library contradicts this file. Eligible for a fresh PhysicalItemID using the project's existing ID-minting sequence (do not invent a new ID scheme)."
"backend\src\routes\engineeringProjectRoutes.js","engineeringProjectRoutes.js",".js","2682","95BE5EB91A36DE2A6FAB4CDE9EA5DC8416C8C25305861BDD81CB803102F35D25","","","0","","","","","","","False","False","False","UNKNOWN","No authoritative path/SHA256 identity or library duplicate established.","NEW_UNREGISTERED_SAFE_TO_CREATE_IDENTITY","No Authority path or hash match, but global CONFLICT and DUPLICATE counts for this run were both 0 — nothing in the library contradicts this file. Eligible for a fresh PhysicalItemID using the project's existing ID-minting sequence (do not invent a new ID scheme)."
"backend\src\services\engineeringProjectService.js","engineeringProjectService.js",".js","11454","FAFBCF1F47069D6FDD724B809888B16AB7CBF6BB57960A4D5261FDECD4EB200C","","","0","","","","","","","False","False","False","UNKNOWN","No authoritative path/SHA256 identity or library duplicate established.","NEW_UNREGISTERED_SAFE_TO_CREATE_IDENTITY","No Authority path or hash match, but global CONFLICT and DUPLICATE counts for this run were both 0 — nothing in the library contradicts this file. Eligible for a fresh PhysicalItemID using the project's existing ID-minting sequence (do not invent a new ID scheme)."
"backend\src\utils\testFallbackStore.js","testFallbackStore.js",".js","1671","DB39A38B80F6D4D3849834657CD5C80E260B382C9860AFCC4B4CB8924D9C5A4E","","","0","","","","","","","False","False","False","UNKNOWN","No authoritative path/SHA256 identity or library duplicate established.","NEW_UNREGISTERED_SAFE_TO_CREATE_IDENTITY","No Authority path or hash match, but global CONFLICT and DUPLICATE counts for this run were both 0 — nothing in the library contradicts this file. Eligible for a fresh PhysicalItemID using the project's existing ID-minting sequence (do not invent a new ID scheme)."
"forensic-identity-audit-v2\identity_audit_report.txt","identity_audit_report.txt",".txt","3343","511B67CC5E6BD76B6EE247215ED8031DEA28F7C99C74F44841E439271377FEC5","","","0","","","","","","","False","False","False","UNKNOWN","No authoritative path/SHA256 identity or library duplicate established.","NEW_UNREGISTERED_SAFE_TO_CREATE_IDENTITY","No Authority path or hash match, but global CONFLICT and DUPLICATE counts for this run were both 0 — nothing in the library contradicts this file. Eligible for a fresh PhysicalItemID using the project's existing ID-minting sequence (do not invent a new ID scheme)."
"forensic-identity-audit-v2\identity_summary.json","identity_summary.json",".json","1851","8D8C4EEF8074F80EDAE8602B44A12E823A2108BCA13B7E64E2F5CDACE570BEED","","","0","","","","","","","False","False","False","UNKNOWN","No authoritative path/SHA256 identity or library duplicate established.","NEW_UNREGISTERED_SAFE_TO_CREATE_IDENTITY","No Authority path or hash match, but global CONFLICT and DUPLICATE counts for this run were both 0 — nothing in the library contradicts this file. Eligible for a fresh PhysicalItemID using the project's existing ID-minting sequence (do not invent a new ID scheme)."
"frontend\public\robots.txt","robots.txt",".txt","973","81161EAC1711D0F3B60E2944F8A44A59209A20FDFF916EFB73F63F66C98A1C0A","","","0","","","","","","","False","False","False","UNKNOWN","No authoritative path/SHA256 identity or library duplicate established.","NEW_UNREGISTERED_SAFE_TO_CREATE_IDENTITY","No Authority path or hash match, but global CONFLICT and DUPLICATE counts for this run were both 0 — nothing in the library contradicts this file. Eligible for a fresh PhysicalItemID using the project's existing ID-minting sequence (do not invent a new ID scheme)."
"frontend\public\sitemap.xml","sitemap.xml",".xml","2777","AA98A5DAAC14BBE71271C40A85F23510B04DCC73274982F41BBDD1365379E1BF","","","0","","","","","","","False","False","False","UNKNOWN","No authoritative path/SHA256 identity or library duplicate established.","NEW_UNREGISTERED_SAFE_TO_CREATE_IDENTITY","No Authority path or hash match, but global CONFLICT and DUPLICATE counts for this run were both 0 — nothing in the library contradicts this file. Eligible for a fresh PhysicalItemID using the project's existing ID-minting sequence (do not invent a new ID scheme)."
"tools\route-audit.js","route-audit.js",".js","4555","CCB69E99E97122B55CAC39E9B2F6864CA4D06FF4EB3E71DA78308E86AD44B601","","","0","","","","","","","False","False","False","UNKNOWN","No authoritative path/SHA256 identity or library duplicate established.","NEW_UNREGISTERED_SAFE_TO_CREATE_IDENTITY","No Authority path or hash match, but global CONFLICT and DUPLICATE counts for this run were both 0 — nothing in the library contradicts this file. Eligible for a fresh PhysicalItemID using the project's existing ID-minting sequence (do not invent a new ID scheme)."
"_JUNK_QUARANTINE\AI_FORENSIC_REPAIR\aiService.js.20260815_154338.bak","aiService.js.20260815_154338.bak",".bak","22876","1DE169D976CE9991ED5BE7692F0E47A29423C51B7BD39FE384C1A4EF02F3320C","","","0","","","","","","","False","False","False","UNKNOWN","No authoritative path/SHA256 identity or library duplicate established.","NEW_UNREGISTERED_SAFE_TO_CREATE_IDENTITY","No Authority path or hash match, but global CONFLICT and DUPLICATE counts for this run were both 0 — nothing in the library contradicts this file. Eligible for a fresh PhysicalItemID using the project's existing ID-minting sequence (do not invent a new ID scheme)."
"_JUNK_QUARANTINE\DEEP_FORENSIC_REPAIR\20260815_154721\BACKUP\advancedServiceGenerator.js.4ddb7a9ffc1644a99ac107c85237a934.bak","advancedServiceGenerator.js.4ddb7a9ffc1644a99ac107c85237a934.bak",".bak","19032","1B32A19E40D3C38BAB723D3CEBDC07FE9061F709C6288C54C15295BE0D7E4456","","","0","","","","","","","False","False","False","UNKNOWN","No authoritative path/SHA256 identity or library duplicate established.","NEW_UNREGISTERED_SAFE_TO_CREATE_IDENTITY","No Authority path or hash match, but global CONFLICT and DUPLICATE counts for this run were both 0 — nothing in the library contradicts this file. Eligible for a fresh PhysicalItemID using the project's existing ID-minting sequence (do not invent a new ID scheme)."
"_JUNK_QUARANTINE\DEEP_FORENSIC_REPAIR\20260815_154721\BACKUP\advancedServiceGenerator.js.ad3553caef4e4b969a9e60efb99bff24.bak","advancedServiceGenerator.js.ad3553caef4e4b969a9e60efb99bff24.bak",".bak","18989","A1A131C89C2D8B7F366A2163F6410A467C725D024D7616B763793FA1B2F5FD7A","","","0","","","","","","","False","False","False","UNKNOWN","No authoritative path/SHA256 identity or library duplicate established.","NEW_UNREGISTERED_SAFE_TO_CREATE_IDENTITY","No Authority path or hash match, but global CONFLICT and DUPLICATE counts for this run were both 0 — nothing in the library contradicts this file. Eligible for a fresh PhysicalItemID using the project's existing ID-minting sequence (do not invent a new ID scheme)."
"_JUNK_QUARANTINE\DEEP_FORENSIC_REPAIR\20260815_154721\BACKUP\aiService.encoding.bak","aiService.encoding.bak",".bak","22876","1DE169D976CE9991ED5BE7692F0E47A29423C51B7BD39FE384C1A4EF02F3320C","","","0","","","","","","","False","False","False","UNKNOWN","No authoritative path/SHA256 identity or library duplicate established.","NEW_UNREGISTERED_SAFE_TO_CREATE_IDENTITY","No Authority path or hash match, but global CONFLICT and DUPLICATE counts for this run were both 0 — nothing in the library contradicts this file. Eligible for a fresh PhysicalItemID using the project's existing ID-minting sequence (do not invent a new ID scheme)."
"_JUNK_QUARANTINE\DEEP_FORENSIC_REPAIR\20260815_154721\BACKUP\backupService.test.js.d6e1f0e9ea9b4fde8e31d892d2d1067a.bak","backupService.test.js.d6e1f0e9ea9b4fde8e31d892d2d1067a.bak",".bak","2396","EE4FC75700B76E1108DFA2A7839B354E842EC27F491F4CEC3E08E2468CDDC943","","","0","","","","","","","False","False","False","UNKNOWN","No authoritative path/SHA256 identity or library duplicate established.","NEW_UNREGISTERED_SAFE_TO_CREATE_IDENTITY","No Authority path or hash match, but global CONFLICT and DUPLICATE counts for this run were both 0 — nothing in the library contradicts this file. Eligible for a fresh PhysicalItemID using the project's existing ID-minting sequence (do not invent a new ID scheme)."
"_JUNK_QUARANTINE\DEEP_FORENSIC_REPAIR\20260815_154721\BACKUP\index.js.0249342e09dc431c8bdc4ae6d1232f53.bak","index.js.0249342e09dc431c8bdc4ae6d1232f53.bak",".bak","47794","77951F61BC5D3AE6D777BDE9CD3BDEB1C1283680F6D17B2645950153E2081C65","","","0","","","","","","","False","False","False","UNKNOWN","No authoritative path/SHA256 identity or library duplicate established.","NEW_UNREGISTERED_SAFE_TO_CREATE_IDENTITY","No Authority path or hash match, but global CONFLICT and DUPLICATE counts for this run were both 0 — nothing in the library contradicts this file. Eligible for a fresh PhysicalItemID using the project's existing ID-minting sequence (do not invent a new ID scheme)."
"_JUNK_QUARANTINE\DEEP_FORENSIC_REPAIR\20260815_154721\BACKUP\index.js.0298ec4713254a75be2664e1245d66b6.bak","index.js.0298ec4713254a75be2664e1245d66b6.bak",".bak","48202","48615CD3BD9116545798A41A63B59E8373AA60238703FB5FE179F5B1856D97D2","","","0","","","","","","","False","False","False","UNKNOWN","No authoritative path/SHA256 identity or library duplicate established.","NEW_UNREGISTERED_SAFE_TO_CREATE_IDENTITY","No Authority path or hash match, but global CONFLICT and DUPLICATE counts for this run were both 0 — nothing in the library contradicts this file. Eligible for a fresh PhysicalItemID using the project's existing ID-minting sequence (do not invent a new ID scheme)."
"_JUNK_QUARANTINE\DEEP_FORENSIC_REPAIR\20260815_154721\BACKUP\index.js.029c4a68e6ab47ad8c66ab7e58d846dd.bak","index.js.029c4a68e6ab47ad8c66ab7e58d846dd.bak",".bak","48233","442849CAA41B7E11BF47DFBBA39D84025C0D005EBDA91E63D73003AA3D83D601","","","0","","","","","","","False","False","False","UNKNOWN","No authoritative path/SHA256 identity or library duplicate established.","NEW_UNREGISTERED_SAFE_TO_CREATE_IDENTITY","No Authority path or hash match, but global CONFLICT and DUPLICATE counts for this run were both 0 — nothing in the library contradicts this file. Eligible for a fresh PhysicalItemID using the project's existing ID-minting sequence (do not invent a new ID scheme)."
"_JUNK_QUARANTINE\DEEP_FORENSIC_REPAIR\20260815_154721\BACKUP\index.js.03b03298b50a4b368f2e9e6115eb9c34.bak","index.js.03b03298b50a4b368f2e9e6115eb9c34.bak",".bak","45691","FE992C96C01706E7F6FEB298BBF65D2B4AE8EE7EAC7DB80763D1F7B2AB22B239","","","0","","","","","","","False","False","False","UNKNOWN","No authoritative path/SHA256 identity or library duplicate established.","NEW_UNREGISTERED_SAFE_TO_CREATE_IDENTITY","No Authority path or hash match, but global CONFLICT and DUPLICATE counts for this run were both 0 — nothing in the library contradicts this file. Eligible for a fresh PhysicalItemID using the project's existing ID-minting sequence (do not invent a new ID scheme)."
"_JUNK_QUARANTINE\DEEP_FORENSIC_REPAIR\20260815_154721\BACKUP\index.js.04c0d9d2fc4648b495088ba2d23603a6.bak","index.js.04c0d9d2fc4648b495088ba2d23603a6.bak",".bak","47706","481F18EE050334A92677D17F2021193623DEE7260B674775524CE723D37DB905","","","0","","","","","","","False","False","False","UNKNOWN","No authoritative path/SHA256 identity or library duplicate established.","NEW_UNREGISTERED_SAFE_TO_CREATE_IDENTITY","No Authority path or hash match, but global CONFLICT and DUPLICATE counts for this run were both 0 — nothing in the library contradicts this file. Eligible for a fresh PhysicalItemID using the project's existing ID-minting sequence (do not invent a new ID scheme)."
"_JUNK_QUARANTINE\DEEP_FORENSIC_REPAIR\20260815_154721\BACKUP\index.js.064152bf4e98406998dc220e3249733f.bak","index.js.064152bf4e98406998dc220e3249733f.bak",".bak","47177","13BDAE29A594B6AE5A65C5654A6BFF0A9A68E4CEED184C73789F0A13F9EC40DA","","","0","","","","","","","False","False","False","UNKNOWN","No authoritative path/SHA256 identity or library duplicate established.","NEW_UNREGISTERED_SAFE_TO_CREATE_IDENTITY","No Authority path or hash match, but global CONFLICT and DUPLICATE counts for this run were both 0 — nothing in the library contradicts this file. Eligible for a fresh PhysicalItemID using the project's existing ID-minting sequence (do not invent a new ID scheme)."
"_JUNK_QUARANTINE\DEEP_FORENSIC_REPAIR\20260815_154721\BACKUP\index.js.079e4bb3e04f4536b183fe18035a9faf.bak","index.js.079e4bb3e04f4536b183fe18035a9faf.bak",".bak","47243","B83B422E479EF0649DE099D067E9F6B00EB2DD90A4C82515488A6506555D0A5C","","","0","","","","","","","False","False","False","UNKNOWN","No authoritative path/SHA256 identity or library duplicate established.","NEW_UNREGISTERED_SAFE_TO_CREATE_IDENTITY","No Authority path or hash match, but global CONFLICT and DUPLICATE counts for this run were both 0 — nothing in the library contradicts this file. Eligible for a fresh PhysicalItemID using the project's existing ID-minting sequence (do not invent a new ID scheme)."
"_JUNK_QUARANTINE\DEEP_FORENSIC_REPAIR\20260815_154721\BACKUP\index.js.0883c81a4c6b4974907c79635444d7cb.bak","index.js.0883c81a4c6b4974907c79635444d7cb.bak",".bak","45428","F12A16562AA07F45D43C5C463740CCCD4E0A4F45D3E2FA53DB32719535E69719","","","0","","","","","","","False","False","False","UNKNOWN","No authoritative path/SHA256 identity or library duplicate established.","NEW_UNREGISTERED_SAFE_TO_CREATE_IDENTITY","No Authority path or hash match, but global CONFLICT and DUPLICATE counts for this run were both 0 — nothing in the library contradicts this file. Eligible for a fresh PhysicalItemID using the project's existing ID-minting sequence (do not invent a new ID scheme)."
"_JUNK_QUARANTINE\DEEP_FORENSIC_REPAIR\20260815_154721\BACKUP\index.js.08c5c956fd89489690abed9db676f40b.bak","index.js.08c5c956fd89489690abed9db676f40b.bak",".bak","47476","9F1E02EFF956DA4847478329E5BCA0D96D3944099E431B4D4AF419867EA57B93","","","0","","","","","","","False","False","False","UNKNOWN","No authoritative path/SHA256 identity or library duplicate established.","NEW_UNREGISTERED_SAFE_TO_CREATE_IDENTITY","No Authority path or hash match, but global CONFLICT and DUPLICATE counts for this run were both 0 — nothing in the library contradicts this file. Eligible for a fresh PhysicalItemID using the project's existing ID-minting sequence (do not invent a new ID scheme)."
"_JUNK_QUARANTINE\DEEP_FORENSIC_REPAIR\20260815_154721\BACKUP\index.js.08e75a119fab431aba63062cb05736bf.bak","index.js.08e75a119fab431aba63062cb05736bf.bak",".bak","46830","C5DF15D6573CAD2B364C4313279F62B9E8804EA6375D514FD5C0FC201B32BA67","","","0","","","","","","","False","False","False","UNKNOWN","No authoritative path/SHA256 identity or library duplicate established.","NEW_UNREGISTERED_SAFE_TO_CREATE_IDENTITY","No Authority path or hash match, but global CONFLICT and DUPLICATE counts for this run were both 0 — nothing in the library contradicts this file. Eligible for a fresh PhysicalItemID using the project's existing ID-minting sequence (do not invent a new ID scheme)."
"_JUNK_QUARANTINE\DEEP_FORENSIC_REPAIR\20260815_154721\BACKUP\index.js.0912071710964b6aac21be4bf81c2210.bak","index.js.0912071710964b6aac21be4bf81c2210.bak",".bak","48017","05016D68E877847319554C5AF154535440F9EC5A3994F3B64598700D7F97B500","","","0","","","","","","","False","False","False","UNKNOWN","No authoritative path/SHA256 identity or library duplicate established.","NEW_UNREGISTERED_SAFE_TO_CREATE_IDENTITY","No Authority path or hash match, but global CONFLICT and DUPLICATE counts for this run were both 0 — nothing in the library contradicts this file. Eligible for a fresh PhysicalItemID using the project's existing ID-minting sequence (do not invent a new ID scheme)."
"_JUNK_QUARANTINE\DEEP_FORENSIC_REPAIR\20260815_154721\BACKUP\index.js.0945ee8b07fa43179fc4df44326b0fff.bak","index.js.0945ee8b07fa43179fc4df44326b0fff.bak",".bak","47301","FD06F19C0C61DB14DF82A9173EC8AAE484D70B8FE2B06C3EFDE278A01F88615C","","","0","","","","","","","False","False","False","UNKNOWN","No authoritative path/SHA256 identity or library duplicate established.","NEW_UNREGISTERED_SAFE_TO_CREATE_IDENTITY","No Authority path or hash match, but global CONFLICT and DUPLICATE counts for this run were both 0 — nothing in the library contradicts this file. Eligible for a fresh PhysicalItemID using the project's existing ID-minting sequence (do not invent a new ID scheme)."
"_JUNK_QUARANTINE\DEEP_FORENSIC_REPAIR\20260815_154721\BACKUP\index.js.0afc3397d31e4ee4b34944fa159012b8.bak","index.js.0afc3397d31e4ee4b34944fa159012b8.bak",".bak","45819","97E93CFE60FC0EFEFEA1B6C87AE8FD2482F7158795A48D8C536A8C087208AA7C","","","0","","","","","","","False","False","False","UNKNOWN","No authoritative path/SHA256 identity or library duplicate established.","NEW_UNREGISTERED_SAFE_TO_CREATE_IDENTITY","No Authority path or hash match, but global CONFLICT and DUPLICATE counts for this run were both 0 — nothing in the library contradicts this file. Eligible for a fresh PhysicalItemID using the project's existing ID-minting sequence (do not invent a new ID scheme)."
"_JUNK_QUARANTINE\DEEP_FORENSIC_REPAIR\20260815_154721\BACKUP\index.js.0d1967bd21a54558a68350952a34378e.bak","index.js.0d1967bd21a54558a68350952a34378e.bak",".bak","46783","81A8ACB50E94382222CA018AC892985056F4C897D5DA9D4D482CFF5837281B05","","","0","","","","","","","False","False","False","UNKNOWN","No authoritative path/SHA256 identity or library duplicate established.","NEW_UNREGISTERED_SAFE_TO_CREATE_IDENTITY","No Authority path or hash match, but global CONFLICT and DUPLICATE counts for this run were both 0 — nothing in the library contradicts this file. Eligible for a fresh PhysicalItemID using the project's existing ID-minting sequence (do not invent a new ID scheme)."
"_JUNK_QUARANTINE\DEEP_FORENSIC_REPAIR\20260815_154721\BACKUP\index.js.0d43e69ccfa445af92bf7cc9b4f65c31.bak","index.js.0d43e69ccfa445af92bf7cc9b4f65c31.bak",".bak","47612","89B257F158DA04C1BA07BCDDF18A2BC9198C7EF787BF32EB1B24731B696B357E","","","0","","","","","","","False","False","False","UNKNOWN","No authoritative path/SHA256 identity or library duplicate established.","NEW_UNREGISTERED_SAFE_TO_CREATE_IDENTITY","No Authority path or hash match, but global CONFLICT and DUPLICATE counts for this run were both 0 — nothing in the library contradicts this file. Eligible for a fresh PhysicalItemID using the project's existing ID-minting sequence (do not invent a new ID scheme)."
"_JUNK_QUARANTINE\DEEP_FORENSIC_REPAIR\20260815_154721\BACKUP\index.js.0d9a3a4763fe43688c93a9152de3c57c.bak","index.js.0d9a3a4763fe43688c93a9152de3c57c.bak",".bak","47150","E3B290A52EAD5642645BB6F5A0E2DE055B6F4937DF5B84EDAC8A1BADE8E04CC0","","","0","","","","","","","False","False","False","UNKNOWN","No authoritative path/SHA256 identity or library duplicate established.","NEW_UNREGISTERED_SAFE_TO_CREATE_IDENTITY","No Authority path or hash match, but global CONFLICT and DUPLICATE counts for this run were both 0 — nothing in the library contradicts this file. Eligible for a fresh PhysicalItemID using the project's existing ID-minting sequence (do not invent a new ID scheme)."
"_JUNK_QUARANTINE\DEEP_FORENSIC_REPAIR\20260815_154721\BACKUP\index.js.0da031a8beed477a8fa69702a58a02a1.bak","index.js.0da031a8beed477a8fa69702a58a02a1.bak",".bak","46326","6B49548F2B75E0BA073D8B266A6C22D24817ED7B74CD0D691E1B7C8C4CE4A9E9","","","0","","","","","","","False","False","False","UNKNOWN","No authoritative path/SHA256 identity or library duplicate established.","NEW_UNREGISTERED_SAFE_TO_CREATE_IDENTITY","No Authority path or hash match, but global CONFLICT and DUPLICATE counts for this run were both 0 — nothing in the library contradicts this file. Eligible for a fresh PhysicalItemID using the project's existing ID-minting sequence (do not invent a new ID scheme)."
"_JUNK_QUARANTINE\DEEP_FORENSIC_REPAIR\20260815_154721\BACKUP\index.js.0deee582687d4be6b7e88ed4d28dea3a.bak","index.js.0deee582687d4be6b7e88ed4d28dea3a.bak",".bak","45935","1CCBE99FFD9DD8965101D8476EB149EB185719C95017D8819171959178C53930","","","0","","","","","","","False","False","False","UNKNOWN","No authoritative path/SHA256 identity or library duplicate established.","NEW_UNREGISTERED_SAFE_TO_CREATE_IDENTITY","No Authority path or hash match, but global CONFLICT and DUPLICATE counts for this run were both 0 — nothing in the library contradicts this file. Eligible for a fresh PhysicalItemID using the project's existing ID-minting sequence (do not invent a new ID scheme)."
"_JUNK_QUARANTINE\DEEP_FORENSIC_REPAIR\20260815_154721\BACKUP\index.js.0e85792546514fbd91657b7ec14d16f3.bak","index.js.0e85792546514fbd91657b7ec14d16f3.bak",".bak","46243","48948D55874F5801C794C05B1CF7FBE682ADB24AD463710135F5699C508D1C03","","","0","","","","","","","False","False","False","UNKNOWN","No authoritative path/SHA256 identity or library duplicate established.","NEW_UNREGISTERED_SAFE_TO_CREATE_IDENTITY","No Authority path or hash match, but global CONFLICT and DUPLICATE counts for this run were both 0 — nothing in the library contradicts this file. Eligible for a fresh PhysicalItemID using the project's existing ID-minting sequence (do not invent a new ID scheme)."
"_JUNK_QUARANTINE\DEEP_FORENSIC_REPAIR\20260815_154721\BACKUP\index.js.0f58f56d9dd74dbab215055af9b31e03.bak","index.js.0f58f56d9dd74dbab215055af9b31e03.bak",".bak","46654","077D78944A880F0E726E5F506689C58F33544750BD16E2F5E6B5F6F6E8B8470E","","","0","","","","","","","False","False","False","UNKNOWN","No authoritative path/SHA256 identity or library duplicate established.","NEW_UNREGISTERED_SAFE_TO_CREATE_IDENTITY","No Authority path or hash match, but global CONFLICT and DUPLICATE counts for this run were both 0 — nothing in the library contradicts this file. Eligible for a fresh PhysicalItemID using the project's existing ID-minting sequence (do not invent a new ID scheme)."
"_JUNK_QUARANTINE\DEEP_FORENSIC_REPAIR\20260815_154721\BACKUP\index.js.0fa461fc23bb4beb8039315ea73e96b2.bak","index.js.0fa461fc23bb4beb8039315ea73e96b2.bak",".bak","47452","47A8E98E9D4AD328328F9CE92293C9C81C38CB2F7614C31596B4571FD74042F2","","","0","","","","","","","False","False","False","UNKNOWN","No authoritative path/SHA256 identity or library duplicate established.","NEW_UNREGISTERED_SAFE_TO_CREATE_IDENTITY","No Authority path or hash match, but global CONFLICT and DUPLICATE counts for this run were both 0 — nothing in the library contradicts this file. Eligible for a fresh PhysicalItemID using the project's existing ID-minting sequence (do not invent a new ID scheme)."
"_JUNK_QUARANTINE\DEEP_FORENSIC_REPAIR\20260815_154721\BACKUP\index.js.115e1238f1f347d3829f10392676a199.bak","index.js.115e1238f1f347d3829f10392676a199.bak",".bak","46357","6EC9F6BFD4381911890F14F28A70A7FA08A0F576E26A5C1A774761998D9E5600","","","0","","","","","","","False","False","False","UNKNOWN","No authoritative path/SHA256 identity or library duplicate established.","NEW_UNREGISTERED_SAFE_TO_CREATE_IDENTITY","No Authority path or hash match, but global CONFLICT and DUPLICATE counts for this run were both 0 — nothing in the library contradicts this file. Eligible for a fresh PhysicalItemID using the project's existing ID-minting sequence (do not invent a new ID scheme)."
"_JUNK_QUARANTINE\DEEP_FORENSIC_REPAIR\20260815_154721\BACKUP\index.js.128b437036494f7cbbdb5d42dd1c7bee.bak","index.js.128b437036494f7cbbdb5d42dd1c7bee.bak",".bak","46484","8BF59053C2EA98D2F92DCA921486AF2471C38ADD1952E9089D064A39B50C1D17","","","0","","","","","","","False","False","False","UNKNOWN","No authoritative path/SHA256 identity or library duplicate established.","NEW_UNREGISTERED_SAFE_TO_CREATE_IDENTITY","No Authority path or hash match, but global CONFLICT and DUPLICATE counts for this run were both 0 — nothing in the library contradicts this file. Eligible for a fresh PhysicalItemID using the project's existing ID-minting sequence (do not invent a new ID scheme)."
"_JUNK_QUARANTINE\DEEP_FORENSIC_REPAIR\20260815_154721\BACKUP\index.js.12d15204b3fa4e7eb14eb5d8ac668744.bak","index.js.12d15204b3fa4e7eb14eb5d8ac668744.bak",".bak","45937","D33484E6B75FD548F8FF8DA1CC179D457EDBDCCC8806C3CDBB4248BE694F4CA5","","","0","","","","","","","False","False","False","UNKNOWN","No authoritative path/SHA256 identity or library duplicate established.","NEW_UNREGISTERED_SAFE_TO_CREATE_IDENTITY","No Authority path or hash match, but global CONFLICT and DUPLICATE counts for this run were both 0 — nothing in the library contradicts this file. Eligible for a fresh PhysicalItemID using the project's existing ID-minting sequence (do not invent a new ID scheme)."
"_JUNK_QUARANTINE\DEEP_FORENSIC_REPAIR\20260815_154721\BACKUP\index.js.1352481451e7470d9a69005727f7e2e7.bak","index.js.1352481451e7470d9a69005727f7e2e7.bak",".bak","45799","2E55986D1D4595FA49B00B9EDA8E3D77D33926EE8FCE78785ECD51BAECE8A331","","","0","","","","","","","False","False","False","UNKNOWN","No authoritative path/SHA256 identity or library duplicate established.","NEW_UNREGISTERED_SAFE_TO_CREATE_IDENTITY","No Authority path or hash match, but global CONFLICT and DUPLICATE counts for this run were both 0 — nothing in the library contradicts this file. Eligible for a fresh PhysicalItemID using the project's existing ID-minting sequence (do not invent a new ID scheme)."
"_JUNK_QUARANTINE\DEEP_FORENSIC_REPAIR\20260815_154721\BACKUP\index.js.157b6cdbe7d1458b927c599e522c5070.bak","index.js.157b6cdbe7d1458b927c599e522c5070.bak",".bak","45996","DA6D605A47571445B089C6AE5A6B210FEDDAD4DBBD7819D98484CB15D30AF92F","","","0","","","","","","","False","False","False","UNKNOWN","No authoritative path/SHA256 identity or library duplicate established.","NEW_UNREGISTERED_SAFE_TO_CREATE_IDENTITY","No Authority path or hash match, but global CONFLICT and DUPLICATE counts for this run were both 0 — nothing in the library contradicts this file. Eligible for a fresh PhysicalItemID using the project's existing ID-minting sequence (do not invent a new ID scheme)."
"_JUNK_QUARANTINE\DEEP_FORENSIC_REPAIR\20260815_154721\BACKUP\index.js.15e058edaf034e6eb1993d080ea507b7.bak","index.js.15e058edaf034e6eb1993d080ea507b7.bak",".bak","46936","D3D3D332A7DE4297BBFE78A394345F927FF8340978F490B0EE49B5732728513C","","","0","","","","","","","False","False","False","UNKNOWN","No authoritative path/SHA256 identity or library duplicate established.","NEW_UNREGISTERED_SAFE_TO_CREATE_IDENTITY","No Authority path or hash match, but global CONFLICT and DUPLICATE counts for this run were both 0 — nothing in the library contradicts this file. Eligible for a fresh PhysicalItemID using the project's existing ID-minting sequence (do not invent a new ID scheme)."
"_JUNK_QUARANTINE\DEEP_FORENSIC_REPAIR\20260815_154721\BACKUP\index.js.16ebdda47849423cb36fe38c8ee93be7.bak","index.js.16ebdda47849423cb36fe38c8ee93be7.bak",".bak","45897","95B05B5B1A2EA5B10E8149602E7157A5398AC276739E566E1B49E0ECD5111258","","","0","","","","","","","False","False","False","UNKNOWN","No authoritative path/SHA256 identity or library duplicate established.","NEW_UNREGISTERED_SAFE_TO_CREATE_IDENTITY","No Authority path or hash match, but global CONFLICT and DUPLICATE counts for this run were both 0 — nothing in the library contradicts this file. Eligible for a fresh PhysicalItemID using the project's existing ID-minting sequence (do not invent a new ID scheme)."
"_JUNK_QUARANTINE\DEEP_FORENSIC_REPAIR\20260815_154721\BACKUP\index.js.179abe41b6b846c09d46ba6d35c44da5.bak","index.js.179abe41b6b846c09d46ba6d35c44da5.bak",".bak","48032","9EDF18FA699D3A363C95700A984B227A78D1FF469F22F357CDBAE1A4D3F10DCD","","","0","","","","","","","False","False","False","UNKNOWN","No authoritative path/SHA256 identity or library duplicate established.","NEW_UNREGISTERED_SAFE_TO_CREATE_IDENTITY","No Authority path or hash match, but global CONFLICT and DUPLICATE counts for this run were both 0 — nothing in the library contradicts this file. Eligible for a fresh PhysicalItemID using the project's existing ID-minting sequence (do not invent a new ID scheme)."
"_JUNK_QUARANTINE\DEEP_FORENSIC_REPAIR\20260815_154721\BACKUP\index.js.1898067ad44b4c7f9c9d7bbe01cfe957.bak","index.js.1898067ad44b4c7f9c9d7bbe01cfe957.bak",".bak","46808","0D1546ABB5C90416E7E6722BBB27067A1B01C25B4A2C6FFEA5A5046C9D5DB1B6","","","0","","","","","","","False","False","False","UNKNOWN","No authoritative path/SHA256 identity or library duplicate established.","NEW_UNREGISTERED_SAFE_TO_CREATE_IDENTITY","No Authority path or hash match, but global CONFLICT and DUPLICATE counts for this run were both 0 — nothing in the library contradicts this file. Eligible for a fresh PhysicalItemID using the project's existing ID-minting sequence (do not invent a new ID scheme)."
"_JUNK_QUARANTINE\DEEP_FORENSIC_REPAIR\20260815_154721\BACKUP\index.js.1925c3c701e145d294ca62248c8bfcc4.bak","index.js.1925c3c701e145d294ca62248c8bfcc4.bak",".bak","47021","FB5FC306E5FBC4E18FD68C825A36E130B4399DBE654590BCCAED307555B77C97","","","0","","","","","","","False","False","False","UNKNOWN","No authoritative path/SHA256 identity or library duplicate established.","NEW_UNREGISTERED_SAFE_TO_CREATE_IDENTITY","No Authority path or hash match, but global CONFLICT and DUPLICATE counts for this run were both 0 — nothing in the library contradicts this file. Eligible for a fresh PhysicalItemID using the project's existing ID-minting sequence (do not invent a new ID scheme)."
"_JUNK_QUARANTINE\DEEP_FORENSIC_REPAIR\20260815_154721\BACKUP\index.js.19471249107245e8a566fa019e3e2f36.bak","index.js.19471249107245e8a566fa019e3e2f36.bak",".bak","46710","367A88A7A498E4CFDEA1A8701EBCD414CCB9BBB14A659074950AE35F97EED8C2","","","0","","","","","","","False","False","False","UNKNOWN","No authoritative path/SHA256 identity or library duplicate established.","NEW_UNREGISTERED_SAFE_TO_CREATE_IDENTITY","No Authority path or hash match, but global CONFLICT and DUPLICATE counts for this run were both 0 — nothing in the library contradicts this file. Eligible for a fresh PhysicalItemID using the project's existing ID-minting sequence (do not invent a new ID scheme)."
"_JUNK_QUARANTINE\DEEP_FORENSIC_REPAIR\20260815_154721\BACKUP\index.js.19cd5fd228934f3aa5345e3750139ad7.bak","index.js.19cd5fd228934f3aa5345e3750139ad7.bak",".bak","46348","A25C0A6E8D83083B637F9ABF4196F43B51B4AA2F09E86EB4247CE9B2F4E99C69","","","0","","","","","","","False","False","False","UNKNOWN","No authoritative path/SHA256 identity or library duplicate established.","NEW_UNREGISTERED_SAFE_TO_CREATE_IDENTITY","No Authority path or hash match, but global CONFLICT and DUPLICATE counts for this run were both 0 — nothing in the library contradicts this file. Eligible for a fresh PhysicalItemID using the project's existing ID-minting sequence (do not invent a new ID scheme)."
"_JUNK_QUARANTINE\DEEP_FORENSIC_REPAIR\20260815_154721\BACKUP\index.js.1b84a5772dee4fb9ab12c5c3e3694fbf.bak","index.js.1b84a5772dee4fb9ab12c5c3e3694fbf.bak",".bak","47847","21AF3DF05BF21B93FCA017DD08C04371BA774A0127C97FA5BCD0869012D525D0","","","0","","","","","","","False","False","False","UNKNOWN","No authoritative path/SHA256 identity or library duplicate established.","NEW_UNREGISTERED_SAFE_TO_CREATE_IDENTITY","No Authority path or hash match, but global CONFLICT and DUPLICATE counts for this run were both 0 — nothing in the library contradicts this file. Eligible for a fresh PhysicalItemID using the project's existing ID-minting sequence (do not invent a new ID scheme)."
"_JUNK_QUARANTINE\DEEP_FORENSIC_REPAIR\20260815_154721\BACKUP\index.js.1b8e0735c31a4bde85b1023b87f97f03.bak","index.js.1b8e0735c31a4bde85b1023b87f97f03.bak",".bak","46841","E0FF70BA8D3D6C48BFC2FD546B68ED9E9B624631E2001CAB4043F50A6638061F","","","0","","","","","","","False","False","False","UNKNOWN","No authoritative path/SHA256 identity or library duplicate established.","NEW_UNREGISTERED_SAFE_TO_CREATE_IDENTITY","No Authority path or hash match, but global CONFLICT and DUPLICATE counts for this run were both 0 — nothing in the library contradicts this file. Eligible for a fresh PhysicalItemID using the project's existing ID-minting sequence (do not invent a new ID scheme)."
"_JUNK_QUARANTINE\DEEP_FORENSIC_REPAIR\20260815_154721\BACKUP\index.js.1bf2e4e2c6d94e0cb762f9e03519671d.bak","index.js.1bf2e4e2c6d94e0cb762f9e03519671d.bak",".bak","47534","9C0DD41016F2FC3FB12D5C23955F988E0D29030C0DA2C78F262DB460513C58F6","","","0","","","","","","","False","False","False","UNKNOWN","No authoritative path/SHA256 identity or library duplicate established.","NEW_UNREGISTERED_SAFE_TO_CREATE_IDENTITY","No Authority path or hash match, but global CONFLICT and DUPLICATE counts for this run were both 0 — nothing in the library contradicts this file. Eligible for a fresh PhysicalItemID using the project's existing ID-minting sequence (do not invent a new ID scheme)."
"_JUNK_QUARANTINE\DEEP_FORENSIC_REPAIR\20260815_154721\BACKUP\index.js.1c88925cf9bb4ba2a06e79639e02d332.bak","index.js.1c88925cf9bb4ba2a06e79639e02d332.bak",".bak","46515","232137AB5ED83CD1A6C683710003C2E3D8B27C34DC16C077B3B72CAFB7528DB4","","","0","","","","","","","False","False","False","UNKNOWN","No authoritative path/SHA256 identity or library duplicate established.","NEW_UNREGISTERED_SAFE_TO_CREATE_IDENTITY","No Authority path or hash match, but global CONFLICT and DUPLICATE counts for this run were both 0 — nothing in the library contradicts this file. Eligible for a fresh PhysicalItemID using the project's existing ID-minting sequence (do not invent a new ID scheme)."
"_JUNK_QUARANTINE\DEEP_FORENSIC_REPAIR\20260815_154721\BACKUP\index.js.1e3ba8e925224ea7833f8595fdd78001.bak","index.js.1e3ba8e925224ea7833f8595fdd78001.bak",".bak","47450","B84F5FCBED54DB380C424393081253FFB0624BF18C75FD70BB54B282CB90EA75","","","0","","","","","","","False","False","False","UNKNOWN","No authoritative path/SHA256 identity or library duplicate established.","NEW_UNREGISTERED_SAFE_TO_CREATE_IDENTITY","No Authority path or hash match, but global CONFLICT and DUPLICATE counts for this run were both 0 — nothing in the library contradicts this file. Eligible for a fresh PhysicalItemID using the project's existing ID-minting sequence (do not invent a new ID scheme)."
"_JUNK_QUARANTINE\DEEP_FORENSIC_REPAIR\20260815_154721\BACKUP\index.js.1e48edc4c2534dc8a0d56b524b02c741.bak","index.js.1e48edc4c2534dc8a0d56b524b02c741.bak",".bak","47249","7B79FE99A6001AAF4B2B7F887938224A5B8E21A3DE4AA17C7C2324E4EE7B9035","","","0","","","","","","","False","False","False","UNKNOWN","No authoritative path/SHA256 identity or library duplicate established.","NEW_UNREGISTERED_SAFE_TO_CREATE_IDENTITY","No Authority path or hash match, but global CONFLICT and DUPLICATE counts for this run were both 0 — nothing in the library contradicts this file. Eligible for a fresh PhysicalItemID using the project's existing ID-minting sequence (do not invent a new ID scheme)."
"_JUNK_QUARANTINE\DEEP_FORENSIC_REPAIR\20260815_154721\BACKUP\index.js.1ec8c9c0f3df4473ad63a79e8b5bc978.bak","index.js.1ec8c9c0f3df4473ad63a79e8b5bc978.bak",".bak","46934","5663C2E4D6EEE3BE35D5BD6BB1D550A15B9E10D93FC0802C957A26210771234E","","","0","","","","","","","False","False","False","UNKNOWN","No authoritative path/SHA256 identity or library duplicate established.","NEW_UNREGISTERED_SAFE_TO_CREATE_IDENTITY","No Authority path or hash match, but global CONFLICT and DUPLICATE counts for this run were both 0 — nothing in the library contradicts this file. Eligible for a fresh PhysicalItemID using the project's existing ID-minting sequence (do not invent a new ID scheme)."
"_JUNK_QUARANTINE\DEEP_FORENSIC_REPAIR\20260815_154721\BACKUP\index.js.1f19a378520b4ceb9064d59b71afcc1f.bak","index.js.1f19a378520b4ceb9064d59b71afcc1f.bak",".bak","46106","BC625FFC5A033EA11A14DC45B2C1C80847A24ED92F971521F0E8005F258AE5C9","","","0","","","","","","","False","False","False","UNKNOWN","No authoritative path/SHA256 identity or library duplicate established.","NEW_UNREGISTERED_SAFE_TO_CREATE_IDENTITY","No Authority path or hash match, but global CONFLICT and DUPLICATE counts for this run were both 0 — nothing in the library contradicts this file. Eligible for a fresh PhysicalItemID using the project's existing ID-minting sequence (do not invent a new ID scheme)."
"_JUNK_QUARANTINE\DEEP_FORENSIC_REPAIR\20260815_154721\BACKUP\index.js.1f926db85c8b44f891c7652990616ed6.bak","index.js.1f926db85c8b44f891c7652990616ed6.bak",".bak","45964","59806280ED05F60838D3E40723AF83B54649B8A37AF993ACC30B5D21DB268C00","","","0","","","","","","","False","False","False","UNKNOWN","No authoritative path/SHA256 identity or library duplicate established.","NEW_UNREGISTERED_SAFE_TO_CREATE_IDENTITY","No Authority path or hash match, but global CONFLICT and DUPLICATE counts for this run were both 0 — nothing in the library contradicts this file. Eligible for a fresh PhysicalItemID using the project's existing ID-minting sequence (do not invent a new ID scheme)."
"_JUNK_QUARANTINE\DEEP_FORENSIC_REPAIR\20260815_154721\BACKUP\index.js.1fefb94bff6342f9b3bf34c76b330649.bak","index.js.1fefb94bff6342f9b3bf34c76b330649.bak",".bak","47551","0A7918BD4E16E2F734743093BA7424088DB83E30BD5F07779D08DFEDBD97EFFE","","","0","","","","","","","False","False","False","UNKNOWN","No authoritative path/SHA256 identity or library duplicate established.","NEW_UNREGISTERED_SAFE_TO_CREATE_IDENTITY","No Authority path or hash match, but global CONFLICT and DUPLICATE counts for this run were both 0 — nothing in the library contradicts this file. Eligible for a fresh PhysicalItemID using the project's existing ID-minting sequence (do not invent a new ID scheme)."
"_JUNK_QUARANTINE\DEEP_FORENSIC_REPAIR\20260815_154721\BACKUP\index.js.20091dcbebd94423b472d4af13af17f2.bak","index.js.20091dcbebd94423b472d4af13af17f2.bak",".bak","46433","B8A78FA1C5C034022284F62E1D24D600BFCDA53ABDCBAD4C7E3D5AE72B91BF04","","","0","","","","","","","False","False","False","UNKNOWN","No authoritative path/SHA256 identity or library duplicate established.","NEW_UNREGISTERED_SAFE_TO_CREATE_IDENTITY","No Authority path or hash match, but global CONFLICT and DUPLICATE counts for this run were both 0 — nothing in the library contradicts this file. Eligible for a fresh PhysicalItemID using the project's existing ID-minting sequence (do not invent a new ID scheme)."
"_JUNK_QUARANTINE\DEEP_FORENSIC_REPAIR\20260815_154721\BACKUP\index.js.2282e8591dd548b7910590365ba5a555.bak","index.js.2282e8591dd548b7910590365ba5a555.bak",".bak","46206","9918D4B10F916A79E920179B5031A406059394B14AE32799E904DB4E8A24A801","","","0","","","","","","","False","False","False","UNKNOWN","No authoritative path/SHA256 identity or library duplicate established.","NEW_UNREGISTERED_SAFE_TO_CREATE_IDENTITY","No Authority path or hash match, but global CONFLICT and DUPLICATE counts for this run were both 0 — nothing in the library contradicts this file. Eligible for a fresh PhysicalItemID using the project's existing ID-minting sequence (do not invent a new ID scheme)."
"_JUNK_QUARANTINE\DEEP_FORENSIC_REPAIR\20260815_154721\BACKUP\index.js.247f508faafa4261bc490fec3fc1a83b.bak","index.js.247f508faafa4261bc490fec3fc1a83b.bak",".bak","47130","0EE395AC08050755ADC2373BF28320002F33BD78D106C9E29324BD0D1355C7C9","","","0","","","","","","","False","False","False","UNKNOWN","No authoritative path/SHA256 identity or library duplicate established.","NEW_UNREGISTERED_SAFE_TO_CREATE_IDENTITY","No Authority path or hash match, but global CONFLICT and DUPLICATE counts for this run were both 0 — nothing in the library contradicts this file. Eligible for a fresh PhysicalItemID using the project's existing ID-minting sequence (do not invent a new ID scheme)."
"_JUNK_QUARANTINE\DEEP_FORENSIC_REPAIR\20260815_154721\BACKUP\index.js.2699f18712954d72a1bbbdb7890eb353.bak","index.js.2699f18712954d72a1bbbdb7890eb353.bak",".bak","47106","F5404A0AA7FC2C8FAC3CA66496B89BE45DEE4F1DD18C25D9FD105B223E1CB434","","","0","","","","","","","False","False","False","UNKNOWN","No authoritative path/SHA256 identity or library duplicate established.","NEW_UNREGISTERED_SAFE_TO_CREATE_IDENTITY","No Authority path or hash match, but global CONFLICT and DUPLICATE counts for this run were both 0 — nothing in the library contradicts this file. Eligible for a fresh PhysicalItemID using the project's existing ID-minting sequence (do not invent a new ID scheme)."
"_JUNK_QUARANTINE\DEEP_FORENSIC_REPAIR\20260815_154721\BACKUP\index.js.26adf545565049169e4f069d579f43f4.bak","index.js.26adf545565049169e4f069d579f43f4.bak",".bak","45666","4BB114901B95EE7CB567F3EDB1E8266AFC24348BFB242C7A9A52751BFC412318","","","0","","","","","","","False","False","False","UNKNOWN","No authoritative path/SHA256 identity or library duplicate established.","NEW_UNREGISTERED_SAFE_TO_CREATE_IDENTITY","No Authority path or hash match, but global CONFLICT and DUPLICATE counts for this run were both 0 — nothing in the library contradicts this file. Eligible for a fresh PhysicalItemID using the project's existing ID-minting sequence (do not invent a new ID scheme)."
"_JUNK_QUARANTINE\DEEP_FORENSIC_REPAIR\20260815_154721\BACKUP\index.js.2734f726c8a8457c829e28fd497ab195.bak","index.js.2734f726c8a8457c829e28fd497ab195.bak",".bak","46415","30B9349DD8CCFF10B7477D9AED60676207DEE3105BC4589CC1415FCF20D4922B","","","0","","","","","","","False","False","False","UNKNOWN","No authoritative path/SHA256 identity or library duplicate established.","NEW_UNREGISTERED_SAFE_TO_CREATE_IDENTITY","No Authority path or hash match, but global CONFLICT and DUPLICATE counts for this run were both 0 — nothing in the library contradicts this file. Eligible for a fresh PhysicalItemID using the project's existing ID-minting sequence (do not invent a new ID scheme)."
"_JUNK_QUARANTINE\DEEP_FORENSIC_REPAIR\20260815_154721\BACKUP\index.js.274a084f2ba04e4ca3559a9d445ea33b.bak","index.js.274a084f2ba04e4ca3559a9d445ea33b.bak",".bak","46313","1645336182B3E8A44F2B79C3A43DFB6032163D07000E95FC2DAAB34231E20D27","","","0","","","","","","","False","False","False","UNKNOWN","No authoritative path/SHA256 identity or library duplicate established.","NEW_UNREGISTERED_SAFE_TO_CREATE_IDENTITY","No Authority path or hash match, but global CONFLICT and DUPLICATE counts for this run were both 0 — nothing in the library contradicts this file. Eligible for a fresh PhysicalItemID using the project's existing ID-minting sequence (do not invent a new ID scheme)."
"_JUNK_QUARANTINE\DEEP_FORENSIC_REPAIR\20260815_154721\BACKUP\index.js.284856392e2f4db0b9fb07cc5b7ceba5.bak","index.js.284856392e2f4db0b9fb07cc5b7ceba5.bak",".bak","45453","FBB4A10E95482360E14A844A5D8AE2D8B8A5C13C807A4794BB28F2AEB1E6F257","","","0","","","","","","","False","False","False","UNKNOWN","No authoritative path/SHA256 identity or library duplicate established.","NEW_UNREGISTERED_SAFE_TO_CREATE_IDENTITY","No Authority path or hash match, but global CONFLICT and DUPLICATE counts for this run were both 0 — nothing in the library contradicts this file. Eligible for a fresh PhysicalItemID using the project's existing ID-minting sequence (do not invent a new ID scheme)."
"_JUNK_QUARANTINE\DEEP_FORENSIC_REPAIR\20260815_154721\BACKUP\index.js.28aed2030a994eb085faf45010fb1382.bak","index.js.28aed2030a994eb085faf45010fb1382.bak",".bak","48278","FA088A13CB6D57BA0F55B61B41617AF560B9572B65540B5201EC0F95F6B6E316","","","0","","","","","","","False","False","False","UNKNOWN","No authoritative path/SHA256 identity or library duplicate established.","NEW_UNREGISTERED_SAFE_TO_CREATE_IDENTITY","No Authority path or hash match, but global CONFLICT and DUPLICATE counts for this run were both 0 — nothing in the library contradicts this file. Eligible for a fresh PhysicalItemID using the project's existing ID-minting sequence (do not invent a new ID scheme)."
"_JUNK_QUARANTINE\DEEP_FORENSIC_REPAIR\20260815_154721\BACKUP\index.js.29cd1a82dc794df1b4dafdc2a7cf032d.bak","index.js.29cd1a82dc794df1b4dafdc2a7cf032d.bak",".bak","47444","99796F176255BA25B92DEF700122F8BADF6EA11DD77E8307471B0EC8B54CD406","","","0","","","","","","","False","False","False","UNKNOWN","No authoritative path/SHA256 identity or library duplicate established.","NEW_UNREGISTERED_SAFE_TO_CREATE_IDENTITY","No Authority path or hash match, but global CONFLICT and DUPLICATE counts for this run were both 0 — nothing in the library contradicts this file. Eligible for a fresh PhysicalItemID using the project's existing ID-minting sequence (do not invent a new ID scheme)."
"_JUNK_QUARANTINE\DEEP_FORENSIC_REPAIR\20260815_154721\BACKUP\index.js.29eb1795d4da40fd981e838f0407d7bc.bak","index.js.29eb1795d4da40fd981e838f0407d7bc.bak",".bak","46921","34AE24890707FC024A1FCDD55C886AB1B0A5F06EE4B63C03B51C939FB3589927","","","0","","","","","","","False","False","False","UNKNOWN","No authoritative path/SHA256 identity or library duplicate established.","NEW_UNREGISTERED_SAFE_TO_CREATE_IDENTITY","No Authority path or hash match, but global CONFLICT and DUPLICATE counts for this run were both 0 — nothing in the library contradicts this file. Eligible for a fresh PhysicalItemID using the project's existing ID-minting sequence (do not invent a new ID scheme)."
"_JUNK_QUARANTINE\DEEP_FORENSIC_REPAIR\20260815_154721\BACKUP\index.js.2b63524678fd40e1b6e8311d9b164a4e.bak","index.js.2b63524678fd40e1b6e8311d9b164a4e.bak",".bak","45440","4B05995DC414350064EC79A8E614BB97EA93BA9CAB81A3A081F3DF50B293331B","","","0","","","","","","","False","False","False","UNKNOWN","No authoritative path/SHA256 identity or library duplicate established.","NEW_UNREGISTERED_SAFE_TO_CREATE_IDENTITY","No Authority path or hash match, but global CONFLICT and DUPLICATE counts for this run were both 0 — nothing in the library contradicts this file. Eligible for a fresh PhysicalItemID using the project's existing ID-minting sequence (do not invent a new ID scheme)."
"_JUNK_QUARANTINE\DEEP_FORENSIC_REPAIR\20260815_154721\BACKUP\index.js.2b8e8a86b7ad4eb2933161a370a8ee8a.bak","index.js.2b8e8a86b7ad4eb2933161a370a8ee8a.bak",".bak","47159","484E2071E44EC03C2CEB33D49DC56F2BF6EE1259E69415AF300A78B62AAD214C","","","0","","","","","","","False","False","False","UNKNOWN","No authoritative path/SHA256 identity or library duplicate established.","NEW_UNREGISTERED_SAFE_TO_CREATE_IDENTITY","No Authority path or hash match, but global CONFLICT and DUPLICATE counts for this run were both 0 — nothing in the library contradicts this file. Eligible for a fresh PhysicalItemID using the project's existing ID-minting sequence (do not invent a new ID scheme)."
"_JUNK_QUARANTINE\DEEP_FORENSIC_REPAIR\20260815_154721\BACKUP\index.js.2bdd7530f763431aa4c790c84e11f4ae.bak","index.js.2bdd7530f763431aa4c790c84e11f4ae.bak",".bak","47598","1860DC9D0B3A79AC6F1FCA8063916E3DC292744996C61317091983BD05EE68C1","","","0","","","","","","","False","False","False","UNKNOWN","No authoritative path/SHA256 identity or library duplicate established.","NEW_UNREGISTERED_SAFE_TO_CREATE_IDENTITY","No Authority path or hash match, but global CONFLICT and DUPLICATE counts for this run were both 0 — nothing in the library contradicts this file. Eligible for a fresh PhysicalItemID using the project's existing ID-minting sequence (do not invent a new ID scheme)."
"_JUNK_QUARANTINE\DEEP_FORENSIC_REPAIR\20260815_154721\BACKUP\index.js.2c21aec7257d4c58bbf5844ce9ff71a3.bak","index.js.2c21aec7257d4c58bbf5844ce9ff71a3.bak",".bak","46809","1F727565F3FDCBB15C8AD3B6650136E03C1A5EA6F0619968D27E081237935C13","","","0","","","","","","","False","False","False","UNKNOWN","No authoritative path/SHA256 identity or library duplicate established.","NEW_UNREGISTERED_SAFE_TO_CREATE_IDENTITY","No Authority path or hash match, but global CONFLICT and DUPLICATE counts for this run were both 0 — nothing in the library contradicts this file. Eligible for a fresh PhysicalItemID using the project's existing ID-minting sequence (do not invent a new ID scheme)."
"_JUNK_QUARANTINE\DEEP_FORENSIC_REPAIR\20260815_154721\BACKUP\index.js.2c4dfbe76f6f4e9cbde32b77b3d6d150.bak","index.js.2c4dfbe76f6f4e9cbde32b77b3d6d150.bak",".bak","48140","6ACD242DA8A58C3AD285368B02BF09C5C6E2463A535BBCFA0D94E6C92D0C8CB4","","","0","","","","","","","False","False","False","UNKNOWN","No authoritative path/SHA256 identity or library duplicate established.","NEW_UNREGISTERED_SAFE_TO_CREATE_IDENTITY","No Authority path or hash match, but global CONFLICT and DUPLICATE counts for this run were both 0 — nothing in the library contradicts this file. Eligible for a fresh PhysicalItemID using the project's existing ID-minting sequence (do not invent a new ID scheme)."
"_JUNK_QUARANTINE\DEEP_FORENSIC_REPAIR\20260815_154721\BACKUP\index.js.2cffdfd2248947b49264789b77119674.bak","index.js.2cffdfd2248947b49264789b77119674.bak",".bak","48087","0AEAC8E54B7C405B70334C9B18C0AA02226207CF5FC78E6AB08E81AB27FF47F1","","","0","","","","","","","False","False","False","UNKNOWN","No authoritative path/SHA256 identity or library duplicate established.","NEW_UNREGISTERED_SAFE_TO_CREATE_IDENTITY","No Authority path or hash match, but global CONFLICT and DUPLICATE counts for this run were both 0 — nothing in the library contradicts this file. Eligible for a fresh PhysicalItemID using the project's existing ID-minting sequence (do not invent a new ID scheme)."
"_JUNK_QUARANTINE\DEEP_FORENSIC_REPAIR\20260815_154721\BACKUP\index.js.2d9c893ca2334cd491de62fea28f1b41.bak","index.js.2d9c893ca2334cd491de62fea28f1b41.bak",".bak","46323","C0F04DC23B8A256094D7376A7323FB214CC66EEBC5305177303DA326BB4958DD","","","0","","","","","","","False","False","False","UNKNOWN","No authoritative path/SHA256 identity or library duplicate established.","NEW_UNREGISTERED_SAFE_TO_CREATE_IDENTITY","No Authority path or hash match, but global CONFLICT and DUPLICATE counts for this run were both 0 — nothing in the library contradicts this file. Eligible for a fresh PhysicalItemID using the project's existing ID-minting sequence (do not invent a new ID scheme)."
"_JUNK_QUARANTINE\DEEP_FORENSIC_REPAIR\20260815_154721\BACKUP\index.js.2da65106561848f9805cf35e959df310.bak","index.js.2da65106561848f9805cf35e959df310.bak",".bak","48233","442849CAA41B7E11BF47DFBBA39D84025C0D005EBDA91E63D73003AA3D83D601","","","0","","","","","","","False","False","False","UNKNOWN","No authoritative path/SHA256 identity or library duplicate established.","NEW_UNREGISTERED_SAFE_TO_CREATE_IDENTITY","No Authority path or hash match, but global CONFLICT and DUPLICATE counts for this run were both 0 — nothing in the library contradicts this file. Eligible for a fresh PhysicalItemID using the project's existing ID-minting sequence (do not invent a new ID scheme)."
"_JUNK_QUARANTINE\DEEP_FORENSIC_REPAIR\20260815_154721\BACKUP\index.js.2f82659bd8484d16b7ec291929a3d153.bak","index.js.2f82659bd8484d16b7ec291929a3d153.bak",".bak","48345","8FBD763DD867C44EBD57E207AE25B454E0856405E7EA23C513730584B61044D7","","","0","","","","","","","False","False","False","UNKNOWN","No authoritative path/SHA256 identity or library duplicate established.","NEW_UNREGISTERED_SAFE_TO_CREATE_IDENTITY","No Authority path or hash match, but global CONFLICT and DUPLICATE counts for this run were both 0 — nothing in the library contradicts this file. Eligible for a fresh PhysicalItemID using the project's existing ID-minting sequence (do not invent a new ID scheme)."
"_JUNK_QUARANTINE\DEEP_FORENSIC_REPAIR\20260815_154721\BACKUP\index.js.2f916d7dea4a46acbbf89e490c1e5252.bak","index.js.2f916d7dea4a46acbbf89e490c1e5252.bak",".bak","46351","B3632793FF607FC2CCB8D7D5BCD147F96837E77B73CAA485E2A67C6B1FBDB2A5","","","0","","","","","","","False","False","False","UNKNOWN","No authoritative path/SHA256 identity or library duplicate established.","NEW_UNREGISTERED_SAFE_TO_CREATE_IDENTITY","No Authority path or hash match, but global CONFLICT and DUPLICATE counts for this run were both 0 — nothing in the library contradicts this file. Eligible for a fresh PhysicalItemID using the project's existing ID-minting sequence (do not invent a new ID scheme)."
"_JUNK_QUARANTINE\DEEP_FORENSIC_REPAIR\20260815_154721\BACKUP\index.js.2f9d4a64746647d48885fe236317c795.bak","index.js.2f9d4a64746647d48885fe236317c795.bak",".bak","46431","D37FA6D9974410C29F4E3E61126F2A70ADD1CE0F4945F8DE3D11C4D5727BD815","","","0","","","","","","","False","False","False","UNKNOWN","No authoritative path/SHA256 identity or library duplicate established.","NEW_UNREGISTERED_SAFE_TO_CREATE_IDENTITY","No Authority path or hash match, but global CONFLICT and DUPLICATE counts for this run were both 0 — nothing in the library contradicts this file. Eligible for a fresh PhysicalItemID using the project's existing ID-minting sequence (do not invent a new ID scheme)."
"_JUNK_QUARANTINE\DEEP_FORENSIC_REPAIR\20260815_154721\BACKUP\index.js.2fae120621534081a7dcc29a5adc0acb.bak","index.js.2fae120621534081a7dcc29a5adc0acb.bak",".bak","45904","99CBB183DED0B6F61CD4375F5A76CF2B9EBBE44915A906F97A3EB19B379D4FF0","","","0","","","","","","","False","False","False","UNKNOWN","No authoritative path/SHA256 identity or library duplicate established.","NEW_UNREGISTERED_SAFE_TO_CREATE_IDENTITY","No Authority path or hash match, but global CONFLICT and DUPLICATE counts for this run were both 0 — nothing in the library contradicts this file. Eligible for a fresh PhysicalItemID using the project's existing ID-minting sequence (do not invent a new ID scheme)."
"_JUNK_QUARANTINE\DEEP_FORENSIC_REPAIR\20260815_154721\BACKUP\index.js.2fb5ce23a764460f8f11c9464f631e1e.bak","index.js.2fb5ce23a764460f8f11c9464f631e1e.bak",".bak","46833","46A2358A2B28A74632D828BC47446428F56F3EB8160DE6DECD60A935DBA5A1A4","","","0","","","","","","","False","False","False","UNKNOWN","No authoritative path/SHA256 identity or library duplicate established.","NEW_UNREGISTERED_SAFE_TO_CREATE_IDENTITY","No Authority path or hash match, but global CONFLICT and DUPLICATE counts for this run were both 0 — nothing in the library contradicts this file. Eligible for a fresh PhysicalItemID using the project's existing ID-minting sequence (do not invent a new ID scheme)."
"_JUNK_QUARANTINE\DEEP_FORENSIC_REPAIR\20260815_154721\BACKUP\index.js.302b9773dae74db1a223f26440b05b4a.bak","index.js.302b9773dae74db1a223f26440b05b4a.bak",".bak","46561","80E60A4DD79A5C768C7C1B76C9B275D7759EB00464A0356198ACE41DB4B675D0","","","0","","","","","","","False","False","False","UNKNOWN","No authoritative path/SHA256 identity or library duplicate established.","NEW_UNREGISTERED_SAFE_TO_CREATE_IDENTITY","No Authority path or hash match, but global CONFLICT and DUPLICATE counts for this run were both 0 — nothing in the library contradicts this file. Eligible for a fresh PhysicalItemID using the project's existing ID-minting sequence (do not invent a new ID scheme)."
"_JUNK_QUARANTINE\DEEP_FORENSIC_REPAIR\20260815_154721\BACKUP\index.js.315e944d2e2d4039946c93a2d6f51d9c.bak","index.js.315e944d2e2d4039946c93a2d6f51d9c.bak",".bak","45558","418F03FC87F56F6FF5A74DF260DD98FB853F357EF743F7650454EE572C38F93E","","","0","","","","","","","False","False","False","UNKNOWN","No authoritative path/SHA256 identity or library duplicate established.","NEW_UNREGISTERED_SAFE_TO_CREATE_IDENTITY","No Authority path or hash match, but global CONFLICT and DUPLICATE counts for this run were both 0 — nothing in the library contradicts this file. Eligible for a fresh PhysicalItemID using the project's existing ID-minting sequence (do not invent a new ID scheme)."
"_JUNK_QUARANTINE\DEEP_FORENSIC_REPAIR\20260815_154721\BACKUP\index.js.31e2985ef34d40628961c9dba0e2409d.bak","index.js.31e2985ef34d40628961c9dba0e2409d.bak",".bak","48071","9CFEB0D3F6BC3A2D78F1E591AC41589EA76E662B0D313931E550B0BC88A2E041","","","0","","","","","","","False","False","False","UNKNOWN","No authoritative path/SHA256 identity or library duplicate established.","NEW_UNREGISTERED_SAFE_TO_CREATE_IDENTITY","No Authority path or hash match, but global CONFLICT and DUPLICATE counts for this run were both 0 — nothing in the library contradicts this file. Eligible for a fresh PhysicalItemID using the project's existing ID-minting sequence (do not invent a new ID scheme)."
"_JUNK_QUARANTINE\DEEP_FORENSIC_REPAIR\20260815_154721\BACKUP\index.js.31e8c781d6404f6a9b781d0d601de264.bak","index.js.31e8c781d6404f6a9b781d0d601de264.bak",".bak","47598","C96E8EE6E29CB19BFD0C538E63D941BB955602DDBBFF7C54D51DAFFB4083CDC1","","","0","","","","","","","False","False","False","UNKNOWN","No authoritative path/SHA256 identity or library duplicate established.","NEW_UNREGISTERED_SAFE_TO_CREATE_IDENTITY","No Authority path or hash match, but global CONFLICT and DUPLICATE counts for this run were both 0 — nothing in the library contradicts this file. Eligible for a fresh PhysicalItemID using the project's existing ID-minting sequence (do not invent a new ID scheme)."
"_JUNK_QUARANTINE\DEEP_FORENSIC_REPAIR\20260815_154721\BACKUP\index.js.31f3bd4de7674825ab0086b5133c8067.bak","index.js.31f3bd4de7674825ab0086b5133c8067.bak",".bak","47011","E7EC04F8C3E2E935D4CFB371D9EDE32DFE72C92BABA7972708C58C1800BC420E","","","0","","","","","","","False","False","False","UNKNOWN","No authoritative path/SHA256 identity or library duplicate established.","NEW_UNREGISTERED_SAFE_TO_CREATE_IDENTITY","No Authority path or hash match, but global CONFLICT and DUPLICATE counts for this run were both 0 — nothing in the library contradicts this file. Eligible for a fresh PhysicalItemID using the project's existing ID-minting sequence (do not invent a new ID scheme)."
"_JUNK_QUARANTINE\DEEP_FORENSIC_REPAIR\20260815_154721\BACKUP\index.js.32f14c74421146d092995e6a3bb8c0cb.bak","index.js.32f14c74421146d092995e6a3bb8c0cb.bak",".bak","46634","84F9D2736F7B56F598CBA4189494B2D3D37528A54E43BDB76EC3303473473EDC","","","0","","","","","","","False","False","False","UNKNOWN","No authoritative path/SHA256 identity or library duplicate established.","NEW_UNREGISTERED_SAFE_TO_CREATE_IDENTITY","No Authority path or hash match, but global CONFLICT and DUPLICATE counts for this run were both 0 — nothing in the library contradicts this file. Eligible for a fresh PhysicalItemID using the project's existing ID-minting sequence (do not invent a new ID scheme)."
"_JUNK_QUARANTINE\DEEP_FORENSIC_REPAIR\20260815_154721\BACKUP\index.js.339195014c1244f3ac9bc1e3b6e44a4e.bak","index.js.339195014c1244f3ac9bc1e3b6e44a4e.bak",".bak","48323","4D1DF0D5605AA8EC24FE7307A1E0CF28B5676A3A58DBE21C81573248CC81DBB3","","","0","","","","","","","False","False","False","UNKNOWN","No authoritative path/SHA256 identity or library duplicate established.","NEW_UNREGISTERED_SAFE_TO_CREATE_IDENTITY","No Authority path or hash match, but global CONFLICT and DUPLICATE counts for this run were both 0 — nothing in the library contradicts this file. Eligible for a fresh PhysicalItemID using the project's existing ID-minting sequence (do not invent a new ID scheme)."
"_JUNK_QUARANTINE\DEEP_FORENSIC_REPAIR\20260815_154721\BACKUP\index.js.33ba3707fc7b4b55aada5f33b6b5035e.bak","index.js.33ba3707fc7b4b55aada5f33b6b5035e.bak",".bak","46299","227B4A9D31136B7B5BA1966D99BDF65874AFFE2AACEF9C9187F522E8FB77C88C","","","0","","","","","","","False","False","False","UNKNOWN","No authoritative path/SHA256 identity or library duplicate established.","NEW_UNREGISTERED_SAFE_TO_CREATE_IDENTITY","No Authority path or hash match, but global CONFLICT and DUPLICATE counts for this run were both 0 — nothing in the library contradicts this file. Eligible for a fresh PhysicalItemID using the project's existing ID-minting sequence (do not invent a new ID scheme)."
"_JUNK_QUARANTINE\DEEP_FORENSIC_REPAIR\20260815_154721\BACKUP\index.js.360544b461744961b85c360c05b986a2.bak","index.js.360544b461744961b85c360c05b986a2.bak",".bak","46177","2960FE44523346F859F0FF9F26EA5D70EC55B60DDF863F2F500A074994E513EC","","","0","","","","","","","False","False","False","UNKNOWN","No authoritative path/SHA256 identity or library duplicate established.","NEW_UNREGISTERED_SAFE_TO_CREATE_IDENTITY","No Authority path or hash match, but global CONFLICT and DUPLICATE counts for this run were both 0 — nothing in the library contradicts this file. Eligible for a fresh PhysicalItemID using the project's existing ID-minting sequence (do not invent a new ID scheme)."
"_JUNK_QUARANTINE\DEEP_FORENSIC_REPAIR\20260815_154721\BACKUP\index.js.39316c69f5af49aeb1e2cd4677efba2f.bak","index.js.39316c69f5af49aeb1e2cd4677efba2f.bak",".bak","45726","F88C7919F05FE30357C940C746D7175E963DA6E785A1AD865A3BC5F591CC8362","","","0","","","","","","","False","False","False","UNKNOWN","No authoritative path/SHA256 identity or library duplicate established.","NEW_UNREGISTERED_SAFE_TO_CREATE_IDENTITY","No Authority path or hash match, but global CONFLICT and DUPLICATE counts for this run were both 0 — nothing in the library contradicts this file. Eligible for a fresh PhysicalItemID using the project's existing ID-minting sequence (do not invent a new ID scheme)."
"_JUNK_QUARANTINE\DEEP_FORENSIC_REPAIR\20260815_154721\BACKUP\index.js.398edb5dc2384517a8e87647c7a67111.bak","index.js.398edb5dc2384517a8e87647c7a67111.bak",".bak","47296","6A66AD0BDCC620D8718CE5C5C678A63096A6713789232F6C7B9CD09DF7922637","","","0","","","","","","","False","False","False","UNKNOWN","No authoritative path/SHA256 identity or library duplicate established.","NEW_UNREGISTERED_SAFE_TO_CREATE_IDENTITY","No Authority path or hash match, but global CONFLICT and DUPLICATE counts for this run were both 0 — nothing in the library contradicts this file. Eligible for a fresh PhysicalItemID using the project's existing ID-minting sequence (do not invent a new ID scheme)."
"_JUNK_QUARANTINE\DEEP_FORENSIC_REPAIR\20260815_154721\BACKUP\index.js.39d7d25f274b4cf39fd04f5f311a4ef2.bak","index.js.39d7d25f274b4cf39fd04f5f311a4ef2.bak",".bak","48050","66E30354FB666FFA56222ADA3355F25666985C5A7D63065DC5678216426D4747","","","0","","","","","","","False","False","False","UNKNOWN","No authoritative path/SHA256 identity or library duplicate established.","NEW_UNREGISTERED_SAFE_TO_CREATE_IDENTITY","No Authority path or hash match, but global CONFLICT and DUPLICATE counts for this run were both 0 — nothing in the library contradicts this file. Eligible for a fresh PhysicalItemID using the project's existing ID-minting sequence (do not invent a new ID scheme)."
"_JUNK_QUARANTINE\DEEP_FORENSIC_REPAIR\20260815_154721\BACKUP\index.js.3c7de990dfdb461b89fd9f5c11a24c45.bak","index.js.3c7de990dfdb461b89fd9f5c11a24c45.bak",".bak","46586","35E748B8BCB796FBEE438327C190056F99524A5DF8DFB90303D05DB50D1A928A","","","0","","","","","","","False","False","False","UNKNOWN","No authoritative path/SHA256 identity or library duplicate established.","NEW_UNREGISTERED_SAFE_TO_CREATE_IDENTITY","No Authority path or hash match, but global CONFLICT and DUPLICATE counts for this run were both 0 — nothing in the library contradicts this file. Eligible for a fresh PhysicalItemID using the project's existing ID-minting sequence (do not invent a new ID scheme)."
"_JUNK_QUARANTINE\DEEP_FORENSIC_REPAIR\20260815_154721\BACKUP\index.js.3c8a7172ea9b4088ad49f27ea2972f01.bak","index.js.3c8a7172ea9b4088ad49f27ea2972f01.bak",".bak","48169","87F386C9431D6B983782A12AC2D49D81948E0894260814607D09B634DBCE3CF7","","","0","","","","","","","False","False","False","UNKNOWN","No authoritative path/SHA256 identity or library duplicate established.","NEW_UNREGISTERED_SAFE_TO_CREATE_IDENTITY","No Authority path or hash match, but global CONFLICT and DUPLICATE counts for this run were both 0 — nothing in the library contradicts this file. Eligible for a fresh PhysicalItemID using the project's existing ID-minting sequence (do not invent a new ID scheme)."
"_JUNK_QUARANTINE\DEEP_FORENSIC_REPAIR\20260815_154721\BACKUP\index.js.3fe3d6bbb2044792abb3ade3b00ca3a0.bak","index.js.3fe3d6bbb2044792abb3ade3b00ca3a0.bak",".bak","46272","E2DC39F569FFC996BABB6452ED2118AADF2E9FB773AE3EEB74C93AF1DE6B30C6","","","0","","","","","","","False","False","False","UNKNOWN","No authoritative path/SHA256 identity or library duplicate established.","NEW_UNREGISTERED_SAFE_TO_CREATE_IDENTITY","No Authority path or hash match, but global CONFLICT and DUPLICATE counts for this run were both 0 — nothing in the library contradicts this file. Eligible for a fresh PhysicalItemID using the project's existing ID-minting sequence (do not invent a new ID scheme)."
"_JUNK_QUARANTINE\DEEP_FORENSIC_REPAIR\20260815_154721\BACKUP\index.js.413915bb89cc4df786feed7975fa529b.bak","index.js.413915bb89cc4df786feed7975fa529b.bak",".bak","47794","77951F61BC5D3AE6D777BDE9CD3BDEB1C1283680F6D17B2645950153E2081C65","","","0","","","","","","","False","False","False","UNKNOWN","No authoritative path/SHA256 identity or library duplicate established.","NEW_UNREGISTERED_SAFE_TO_CREATE_IDENTITY","No Authority path or hash match, but global CONFLICT and DUPLICATE counts for this run were both 0 — nothing in the library contradicts this file. Eligible for a fresh PhysicalItemID using the project's existing ID-minting sequence (do not invent a new ID scheme)."
"_JUNK_QUARANTINE\DEEP_FORENSIC_REPAIR\20260815_154721\BACKUP\index.js.41c5fd50e08246e7abe00addc250317b.bak","index.js.41c5fd50e08246e7abe00addc250317b.bak",".bak","48278","FA088A13CB6D57BA0F55B61B41617AF560B9572B65540B5201EC0F95F6B6E316","","","0","","","","","","","False","False","False","UNKNOWN","No authoritative path/SHA256 identity or library duplicate established.","NEW_UNREGISTERED_SAFE_TO_CREATE_IDENTITY","No Authority path or hash match, but global CONFLICT and DUPLICATE counts for this run were both 0 — nothing in the library contradicts this file. Eligible for a fresh PhysicalItemID using the project's existing ID-minting sequence (do not invent a new ID scheme)."
"_JUNK_QUARANTINE\DEEP_FORENSIC_REPAIR\20260815_154721\BACKUP\index.js.41d258f4c51b458baeba8655c10a374c.bak","index.js.41d258f4c51b458baeba8655c10a374c.bak",".bak","47598","1860DC9D0B3A79AC6F1FCA8063916E3DC292744996C61317091983BD05EE68C1","","","0","","","","","","","False","False","False","UNKNOWN","No authoritative path/SHA256 identity or library duplicate established.","NEW_UNREGISTERED_SAFE_TO_CREATE_IDENTITY","No Authority path or hash match, but global CONFLICT and DUPLICATE counts for this run were both 0 — nothing in the library contradicts this file. Eligible for a fresh PhysicalItemID using the project's existing ID-minting sequence (do not invent a new ID scheme)."
"_JUNK_QUARANTINE\DEEP_FORENSIC_REPAIR\20260815_154721\BACKUP\index.js.427c12a61aa9423fa07094ff6d12ba0c.bak","index.js.427c12a61aa9423fa07094ff6d12ba0c.bak",".bak","46907","8BAE3A3869823E4A9938AA2BCAB3D0E25B54087CE3D6D404F6DA227BBDE79B4B","","","0","","","","","","","False","False","False","UNKNOWN","No authoritative path/SHA256 identity or library duplicate established.","NEW_UNREGISTERED_SAFE_TO_CREATE_IDENTITY","No Authority path or hash match, but global CONFLICT and DUPLICATE counts for this run were both 0 — nothing in the library contradicts this file. Eligible for a fresh PhysicalItemID using the project's existing ID-minting sequence (do not invent a new ID scheme)."
"_JUNK_QUARANTINE\DEEP_FORENSIC_REPAIR\20260815_154721\BACKUP\index.js.434f2b3956854ee298dbdd6b08bc1326.bak","index.js.434f2b3956854ee298dbdd6b08bc1326.bak",".bak","47382","32A61554452609D1201546BD4FC5291D4AED7DA769617DC3F60C03A25E6175AD","","","0","","","","","","","False","False","False","UNKNOWN","No authoritative path/SHA256 identity or library duplicate established.","NEW_UNREGISTERED_SAFE_TO_CREATE_IDENTITY","No Authority path or hash match, but global CONFLICT and DUPLICATE counts for this run were both 0 — nothing in the library contradicts this file. Eligible for a fresh PhysicalItemID using the project's existing ID-minting sequence (do not invent a new ID scheme)."
"_JUNK_QUARANTINE\DEEP_FORENSIC_REPAIR\20260815_154721\BACKUP\index.js.44448db7a427430fb855e035196146a1.bak","index.js.44448db7a427430fb855e035196146a1.bak",".bak","47884","D2B25083ADC9715ED75BDA8699AE37AF5C3A90CB17E84351CA653CC8AC498FBD","","","0","","","","","","","False","False","False","UNKNOWN","No authoritative path/SHA256 identity or library duplicate established.","NEW_UNREGISTERED_SAFE_TO_CREATE_IDENTITY","No Authority path or hash match, but global CONFLICT and DUPLICATE counts for this run were both 0 — nothing in the library contradicts this file. Eligible for a fresh PhysicalItemID using the project's existing ID-minting sequence (do not invent a new ID scheme)."
"_JUNK_QUARANTINE\DEEP_FORENSIC_REPAIR\20260815_154721\BACKUP\index.js.44963b9ba4c1457b9cea167340d6c21f.bak","index.js.44963b9ba4c1457b9cea167340d6c21f.bak",".bak","47196","CAC6FB136477B23EF466C0BBB80F316328EEBDFDE20C38B8628E86FFF8EB8C4A","","","0","","","","","","","False","False","False","UNKNOWN","No authoritative path/SHA256 identity or library duplicate established.","NEW_UNREGISTERED_SAFE_TO_CREATE_IDENTITY","No Authority path or hash match, but global CONFLICT and DUPLICATE counts for this run were both 0 — nothing in the library contradicts this file. Eligible for a fresh PhysicalItemID using the project's existing ID-minting sequence (do not invent a new ID scheme)."
"_JUNK_QUARANTINE\DEEP_FORENSIC_REPAIR\20260815_154721\BACKUP\index.js.4533f9ff72164e1da9ebc565ae851968.bak","index.js.4533f9ff72164e1da9ebc565ae851968.bak",".bak","46301","6817C45FA470C34FD78D20EC9FCAC9E6828C37F0355DBE98443DC04A294E9A6C","","","0","","","","","","","False","False","False","UNKNOWN","No authoritative path/SHA256 identity or library duplicate established.","NEW_UNREGISTERED_SAFE_TO_CREATE_IDENTITY","No Authority path or hash match, but global CONFLICT and DUPLICATE counts for this run were both 0 — nothing in the library contradicts this file. Eligible for a fresh PhysicalItemID using the project's existing ID-minting sequence (do not invent a new ID scheme)."
"_JUNK_QUARANTINE\DEEP_FORENSIC_REPAIR\20260815_154721\BACKUP\index.js.456ee37cb5154dbbaeffa285fcc03f37.bak","index.js.456ee37cb5154dbbaeffa285fcc03f37.bak",".bak","47486","94CAAEB827BA2B1C47F418E0C1370F2E94127E9B31CE550B46B4148C3519891D","","","0","","","","","","","False","False","False","UNKNOWN","No authoritative path/SHA256 identity or library duplicate established.","NEW_UNREGISTERED_SAFE_TO_CREATE_IDENTITY","No Authority path or hash match, but global CONFLICT and DUPLICATE counts for this run were both 0 — nothing in the library contradicts this file. Eligible for a fresh PhysicalItemID using the project's existing ID-minting sequence (do not invent a new ID scheme)."
"_JUNK_QUARANTINE\DEEP_FORENSIC_REPAIR\20260815_154721\BACKUP\index.js.464b068d4d6d404aacc79c04e912306a.bak","index.js.464b068d4d6d404aacc79c04e912306a.bak",".bak","47063","DA208F3ACDF7477DE52DE73BF7DC2D58832D8F037CAAAC0D8E10024BF2151832","","","0","","","","","","","False","False","False","UNKNOWN","No authoritative path/SHA256 identity or library duplicate established.","NEW_UNREGISTERED_SAFE_TO_CREATE_IDENTITY","No Authority path or hash match, but global CONFLICT and DUPLICATE counts for this run were both 0 — nothing in the library contradicts this file. Eligible for a fresh PhysicalItemID using the project's existing ID-minting sequence (do not invent a new ID scheme)."
"_JUNK_QUARANTINE\DEEP_FORENSIC_REPAIR\20260815_154721\BACKUP\index.js.46ae34af34634187b7aff7c9ac6b7578.bak","index.js.46ae34af34634187b7aff7c9ac6b7578.bak",".bak","47198","2D8CC47385E75C0CFB97DB46D8BE6E4D541286D7F83AB064C661FEDD0AADB85B","","","0","","","","","","","False","False","False","UNKNOWN","No authoritative path/SHA256 identity or library duplicate established.","NEW_UNREGISTERED_SAFE_TO_CREATE_IDENTITY","No Authority path or hash match, but global CONFLICT and DUPLICATE counts for this run were both 0 — nothing in the library contradicts this file. Eligible for a fresh PhysicalItemID using the project's existing ID-minting sequence (do not invent a new ID scheme)."
"_JUNK_QUARANTINE\DEEP_FORENSIC_REPAIR\20260815_154721\BACKUP\index.js.46b59d50c0354977aa97e6cb6d8acb15.bak","index.js.46b59d50c0354977aa97e6cb6d8acb15.bak",".bak","48345","8FBD763DD867C44EBD57E207AE25B454E0856405E7EA23C513730584B61044D7","","","0","","","","","","","False","False","False","UNKNOWN","No authoritative path/SHA256 identity or library duplicate established.","NEW_UNREGISTERED_SAFE_TO_CREATE_IDENTITY","No Authority path or hash match, but global CONFLICT and DUPLICATE counts for this run were both 0 — nothing in the library contradicts this file. Eligible for a fresh PhysicalItemID using the project's existing ID-minting sequence (do not invent a new ID scheme)."
"_JUNK_QUARANTINE\DEEP_FORENSIC_REPAIR\20260815_154721\BACKUP\index.js.473174a34f364c9c827b2e04e7d89d25.bak","index.js.473174a34f364c9c827b2e04e7d89d25.bak",".bak","46313","1645336182B3E8A44F2B79C3A43DFB6032163D07000E95FC2DAAB34231E20D27","","","0","","","","","","","False","False","False","UNKNOWN","No authoritative path/SHA256 identity or library duplicate established.","NEW_UNREGISTERED_SAFE_TO_CREATE_IDENTITY","No Authority path or hash match, but global CONFLICT and DUPLICATE counts for this run were both 0 — nothing in the library contradicts this file. Eligible for a fresh PhysicalItemID using the project's existing ID-minting sequence (do not invent a new ID scheme)."
"_JUNK_QUARANTINE\DEEP_FORENSIC_REPAIR\20260815_154721\BACKUP\index.js.482cc54f9ad44b389697df133ef65c70.bak","index.js.482cc54f9ad44b389697df133ef65c70.bak",".bak","47196","CAC6FB136477B23EF466C0BBB80F316328EEBDFDE20C38B8628E86FFF8EB8C4A","","","0","","","","","","","False","False","False","UNKNOWN","No authoritative path/SHA256 identity or library duplicate established.","NEW_UNREGISTERED_SAFE_TO_CREATE_IDENTITY","No Authority path or hash match, but global CONFLICT and DUPLICATE counts for this run were both 0 — nothing in the library contradicts this file. Eligible for a fresh PhysicalItemID using the project's existing ID-minting sequence (do not invent a new ID scheme)."
"_JUNK_QUARANTINE\DEEP_FORENSIC_REPAIR\20260815_154721\BACKUP\index.js.49b187c19e4f42bead6bd0d7c97f6ba9.bak","index.js.49b187c19e4f42bead6bd0d7c97f6ba9.bak",".bak","46878","657086E85BAA1244D32CF1443245F2F81370DEC2982E504B3F793BA510DA55D8","","","0","","","","","","","False","False","False","UNKNOWN","No authoritative path/SHA256 identity or library duplicate established.","NEW_UNREGISTERED_SAFE_TO_CREATE_IDENTITY","No Authority path or hash match, but global CONFLICT and DUPLICATE counts for this run were both 0 — nothing in the library contradicts this file. Eligible for a fresh PhysicalItemID using the project's existing ID-minting sequence (do not invent a new ID scheme)."
"_JUNK_QUARANTINE\DEEP_FORENSIC_REPAIR\20260815_154721\BACKUP\index.js.4a79a13ed7314bdaaae00d8745cc14dd.bak","index.js.4a79a13ed7314bdaaae00d8745cc14dd.bak",".bak","47269","A3E4792AB8F6010D0900EB216677CB145D5D85C896268F56936B91A4DCFE5249","","","0","","","","","","","False","False","False","UNKNOWN","No authoritative path/SHA256 identity or library duplicate established.","NEW_UNREGISTERED_SAFE_TO_CREATE_IDENTITY","No Authority path or hash match, but global CONFLICT and DUPLICATE counts for this run were both 0 — nothing in the library contradicts this file. Eligible for a fresh PhysicalItemID using the project's existing ID-minting sequence (do not invent a new ID scheme)."
"_JUNK_QUARANTINE\DEEP_FORENSIC_REPAIR\20260815_154721\BACKUP\index.js.4ae81a07038c4f24bf656eeb706edaa6.bak","index.js.4ae81a07038c4f24bf656eeb706edaa6.bak",".bak","46173","FDF85D05BFE2799C6EDF4FD5D586A4B6FC59F156C83D5A56BCB33BED9085413A","","","0","","","","","","","False","False","False","UNKNOWN","No authoritative path/SHA256 identity or library duplicate established.","NEW_UNREGISTERED_SAFE_TO_CREATE_IDENTITY","No Authority path or hash match, but global CONFLICT and DUPLICATE counts for this run were both 0 — nothing in the library contradicts this file. Eligible for a fresh PhysicalItemID using the project's existing ID-minting sequence (do not invent a new ID scheme)."
"_JUNK_QUARANTINE\DEEP_FORENSIC_REPAIR\20260815_154721\BACKUP\index.js.4bb1a20d842f40c0b8524d18a07561e0.bak","index.js.4bb1a20d842f40c0b8524d18a07561e0.bak",".bak","46399","040EE203D61290F70D1AEE6A7C8F7D04F7394216EE1D45034F7EA6710281BF65","","","0","","","","","","","False","False","False","UNKNOWN","No authoritative path/SHA256 identity or library duplicate established.","NEW_UNREGISTERED_SAFE_TO_CREATE_IDENTITY","No Authority path or hash match, but global CONFLICT and DUPLICATE counts for this run were both 0 — nothing in the library contradicts this file. Eligible for a fresh PhysicalItemID using the project's existing ID-minting sequence (do not invent a new ID scheme)."
"_JUNK_QUARANTINE\DEEP_FORENSIC_REPAIR\20260815_154721\BACKUP\index.js.4c5af6c3369840f0b87914d15e2a5da5.bak","index.js.4c5af6c3369840f0b87914d15e2a5da5.bak",".bak","47212","9D915FB296FC6B063D1C39090E9A00CD4FF505C43AAC2A365F259FC8329B740F","","","0","","","","","","","False","False","False","UNKNOWN","No authoritative path/SHA256 identity or library duplicate established.","NEW_UNREGISTERED_SAFE_TO_CREATE_IDENTITY","No Authority path or hash match, but global CONFLICT and DUPLICATE counts for this run were both 0 — nothing in the library contradicts this file. Eligible for a fresh PhysicalItemID using the project's existing ID-minting sequence (do not invent a new ID scheme)."
"_JUNK_QUARANTINE\DEEP_FORENSIC_REPAIR\20260815_154721\BACKUP\index.js.4ce22fcc06c7429ea36a833d4d899dde.bak","index.js.4ce22fcc06c7429ea36a833d4d899dde.bak",".bak","47571","40FE19BE2BA90D833D3E9E5C9A42AD245581CC908C8D2EA4702639A629C7DEA3","","","0","","","","","","","False","False","False","UNKNOWN","No authoritative path/SHA256 identity or library duplicate established.","NEW_UNREGISTERED_SAFE_TO_CREATE_IDENTITY","No Authority path or hash match, but global CONFLICT and DUPLICATE counts for this run were both 0 — nothing in the library contradicts this file. Eligible for a fresh PhysicalItemID using the project's existing ID-minting sequence (do not invent a new ID scheme)."
"_JUNK_QUARANTINE\DEEP_FORENSIC_REPAIR\20260815_154721\BACKUP\index.js.4e2739dcddb04956b2da0ae190c7b965.bak","index.js.4e2739dcddb04956b2da0ae190c7b965.bak",".bak","47316","F4166301886BBD3D9071F4C6646BBBD3890D40C1F484A5E2E38E4B4A8A067330","","","0","","","","","","","False","False","False","UNKNOWN","No authoritative path/SHA256 identity or library duplicate established.","NEW_UNREGISTERED_SAFE_TO_CREATE_IDENTITY","No Authority path or hash match, but global CONFLICT and DUPLICATE counts for this run were both 0 — nothing in the library contradicts this file. Eligible for a fresh PhysicalItemID using the project's existing ID-minting sequence (do not invent a new ID scheme)."
"_JUNK_QUARANTINE\DEEP_FORENSIC_REPAIR\20260815_154721\BACKUP\index.js.4f6db14a92a744b99832d8ee0d4d79af.bak","index.js.4f6db14a92a744b99832d8ee0d4d79af.bak",".bak","48001","0273041CD48F5BADAEC931BDDEA4593E6078675027A6CA2B78CB88B1BF134BEC","","","0","","","","","","","False","False","False","UNKNOWN","No authoritative path/SHA256 identity or library duplicate established.","NEW_UNREGISTERED_SAFE_TO_CREATE_IDENTITY","No Authority path or hash match, but global CONFLICT and DUPLICATE counts for this run were both 0 — nothing in the library contradicts this file. Eligible for a fresh PhysicalItemID using the project's existing ID-minting sequence (do not invent a new ID scheme)."
"_JUNK_QUARANTINE\DEEP_FORENSIC_REPAIR\20260815_154721\BACKUP\index.js.50d20438d577494c97b19c23da38ac0c.bak","index.js.50d20438d577494c97b19c23da38ac0c.bak",".bak","47735","FCA7B5B25AF8271B320AFF7601AF5FC2A333E67EDD787852A9B595DB2E8EB222","","","0","","","","","","","False","False","False","UNKNOWN","No authoritative path/SHA256 identity or library duplicate established.","NEW_UNREGISTERED_SAFE_TO_CREATE_IDENTITY","No Authority path or hash match, but global CONFLICT and DUPLICATE counts for this run were both 0 — nothing in the library contradicts this file. Eligible for a fresh PhysicalItemID using the project's existing ID-minting sequence (do not invent a new ID scheme)."
"_JUNK_QUARANTINE\DEEP_FORENSIC_REPAIR\20260815_154721\BACKUP\index.js.50dcd46f1b964dc39986acd3b9aa059c.bak","index.js.50dcd46f1b964dc39986acd3b9aa059c.bak",".bak","47316","F4166301886BBD3D9071F4C6646BBBD3890D40C1F484A5E2E38E4B4A8A067330","","","0","","","","","","","False","False","False","UNKNOWN","No authoritative path/SHA256 identity or library duplicate established.","NEW_UNREGISTERED_SAFE_TO_CREATE_IDENTITY","No Authority path or hash match, but global CONFLICT and DUPLICATE counts for this run were both 0 — nothing in the library contradicts this file. Eligible for a fresh PhysicalItemID using the project's existing ID-minting sequence (do not invent a new ID scheme)."
"_JUNK_QUARANTINE\DEEP_FORENSIC_REPAIR\20260815_154721\BACKUP\index.js.532d71285af2437c87c28fecf6f016b1.bak","index.js.532d71285af2437c87c28fecf6f016b1.bak",".bak","47551","0A7918BD4E16E2F734743093BA7424088DB83E30BD5F07779D08DFEDBD97EFFE","","","0","","","","","","","False","False","False","UNKNOWN","No authoritative path/SHA256 identity or library duplicate established.","NEW_UNREGISTERED_SAFE_TO_CREATE_IDENTITY","No Authority path or hash match, but global CONFLICT and DUPLICATE counts for this run were both 0 — nothing in the library contradicts this file. Eligible for a fresh PhysicalItemID using the project's existing ID-minting sequence (do not invent a new ID scheme)."
"_JUNK_QUARANTINE\DEEP_FORENSIC_REPAIR\20260815_154721\BACKUP\index.js.53b19cbde5444b88bb108022e2df106d.bak","index.js.53b19cbde5444b88bb108022e2df106d.bak",".bak","47360","E2983D446F4DA13FC0AC3355705EE684F1E3EBB9CD3F1B09028750074D924B80","","","0","","","","","","","False","False","False","UNKNOWN","No authoritative path/SHA256 identity or library duplicate established.","NEW_UNREGISTERED_SAFE_TO_CREATE_IDENTITY","No Authority path or hash match, but global CONFLICT and DUPLICATE counts for this run were both 0 — nothing in the library contradicts this file. Eligible for a fresh PhysicalItemID using the project's existing ID-minting sequence (do not invent a new ID scheme)."
"_JUNK_QUARANTINE\DEEP_FORENSIC_REPAIR\20260815_154721\BACKUP\index.js.549ff055358b4d7cb8d3193a748e6aed.bak","index.js.549ff055358b4d7cb8d3193a748e6aed.bak",".bak","46034","A8C514C911D88FF73A919409F75FA70A407581957FCA7F8D29065832038267A9","","","0","","","","","","","False","False","False","UNKNOWN","No authoritative path/SHA256 identity or library duplicate established.","NEW_UNREGISTERED_SAFE_TO_CREATE_IDENTITY","No Authority path or hash match, but global CONFLICT and DUPLICATE counts for this run were both 0 — nothing in the library contradicts this file. Eligible for a fresh PhysicalItemID using the project's existing ID-minting sequence (do not invent a new ID scheme)."
"_JUNK_QUARANTINE\DEEP_FORENSIC_REPAIR\20260815_154721\BACKUP\index.js.55289454eb664999b29e5d06f1ac837b.bak","index.js.55289454eb664999b29e5d06f1ac837b.bak",".bak","47144","9DB4412FE6D6A441208DAC7C0EC51DB5BB4CF0B2FB66D0D7189475243B48035F","","","0","","","","","","","False","False","False","UNKNOWN","No authoritative path/SHA256 identity or library duplicate established.","NEW_UNREGISTERED_SAFE_TO_CREATE_IDENTITY","No Authority path or hash match, but global CONFLICT and DUPLICATE counts for this run were both 0 — nothing in the library contradicts this file. Eligible for a fresh PhysicalItemID using the project's existing ID-minting sequence (do not invent a new ID scheme)."
"_JUNK_QUARANTINE\DEEP_FORENSIC_REPAIR\20260815_154721\BACKUP\index.js.5574de2c76db45e88dcd61843a26efd4.bak","index.js.5574de2c76db45e88dcd61843a26efd4.bak",".bak","46599","06D63DE8DF3632549E074E0DAFEC93D7E09673B93DA35369D410626F20C00F01","","","0","","","","","","","False","False","False","UNKNOWN","No authoritative path/SHA256 identity or library duplicate established.","NEW_UNREGISTERED_SAFE_TO_CREATE_IDENTITY","No Authority path or hash match, but global CONFLICT and DUPLICATE counts for this run were both 0 — nothing in the library contradicts this file. Eligible for a fresh PhysicalItemID using the project's existing ID-minting sequence (do not invent a new ID scheme)."
"_JUNK_QUARANTINE\DEEP_FORENSIC_REPAIR\20260815_154721\BACKUP\index.js.56a18eeca4854c6a86d472d990908d06.bak","index.js.56a18eeca4854c6a86d472d990908d06.bak",".bak","46057","D87E6F79118ECCA8DA6668E235D1995174823E7C126A850139C495DCB7ACBE2F","","","0","","","","","","","False","False","False","UNKNOWN","No authoritative path/SHA256 identity or library duplicate established.","NEW_UNREGISTERED_SAFE_TO_CREATE_IDENTITY","No Authority path or hash match, but global CONFLICT and DUPLICATE counts for this run were both 0 — nothing in the library contradicts this file. Eligible for a fresh PhysicalItemID using the project's existing ID-minting sequence (do not invent a new ID scheme)."
"_JUNK_QUARANTINE\DEEP_FORENSIC_REPAIR\20260815_154721\BACKUP\index.js.56b8bb547b1d4234a7bd239baee88f05.bak","index.js.56b8bb547b1d4234a7bd239baee88f05.bak",".bak","47174","06CD8C722BA0CB2B115E553EFB7A0ED71B369253DC13466004C92F37845ECB56","","","0","","","","","","","False","False","False","UNKNOWN","No authoritative path/SHA256 identity or library duplicate established.","NEW_UNREGISTERED_SAFE_TO_CREATE_IDENTITY","No Authority path or hash match, but global CONFLICT and DUPLICATE counts for this run were both 0 — nothing in the library contradicts this file. Eligible for a fresh PhysicalItemID using the project's existing ID-minting sequence (do not invent a new ID scheme)."
"_JUNK_QUARANTINE\DEEP_FORENSIC_REPAIR\20260815_154721\BACKUP\index.js.57479c9466c749eea89c797a1daa1711.bak","index.js.57479c9466c749eea89c797a1daa1711.bak",".bak","46862","25870EA691542851B3FA231CDC28AB9455E5B7FFEC2B123D6C6A0D239E40A340","","","0","","","","","","","False","False","False","UNKNOWN","No authoritative path/SHA256 identity or library duplicate established.","NEW_UNREGISTERED_SAFE_TO_CREATE_IDENTITY","No Authority path or hash match, but global CONFLICT and DUPLICATE counts for this run were both 0 — nothing in the library contradicts this file. Eligible for a fresh PhysicalItemID using the project's existing ID-minting sequence (do not invent a new ID scheme)."
"_JUNK_QUARANTINE\DEEP_FORENSIC_REPAIR\20260815_154721\BACKUP\index.js.580b04ff197440a596c3768cdc8ca617.bak","index.js.580b04ff197440a596c3768cdc8ca617.bak",".bak","46974","08041DC50B063CB34DC586FAA1ED6D2E37C135ED5DE6EE2A6455132C3B4D2DBE","","","0","","","","","","","False","False","False","UNKNOWN","No authoritative path/SHA256 identity or library duplicate established.","NEW_UNREGISTERED_SAFE_TO_CREATE_IDENTITY","No Authority path or hash match, but global CONFLICT and DUPLICATE counts for this run were both 0 — nothing in the library contradicts this file. Eligible for a fresh PhysicalItemID using the project's existing ID-minting sequence (do not invent a new ID scheme)."
"_JUNK_QUARANTINE\DEEP_FORENSIC_REPAIR\20260815_154721\BACKUP\index.js.5a7a5c35632041b7acf0b38561ec1642.bak","index.js.5a7a5c35632041b7acf0b38561ec1642.bak",".bak","47415","BC5F4EDDE6411E6C4D13F1E97511DB413537234A7025E4D56116F9359F986788","","","0","","","","","","","False","False","False","UNKNOWN","No authoritative path/SHA256 identity or library duplicate established.","NEW_UNREGISTERED_SAFE_TO_CREATE_IDENTITY","No Authority path or hash match, but global CONFLICT and DUPLICATE counts for this run were both 0 — nothing in the library contradicts this file. Eligible for a fresh PhysicalItemID using the project's existing ID-minting sequence (do not invent a new ID scheme)."
"_JUNK_QUARANTINE\DEEP_FORENSIC_REPAIR\20260815_154721\BACKUP\index.js.5a97a616e79b4adb9f04625ca9876e39.bak","index.js.5a97a616e79b4adb9f04625ca9876e39.bak",".bak","46488","A4421040B9EEABC48F253F06B465C2CA8AAD0389A4B4906F8646F5C07C016DBF","","","0","","","","","","","False","False","False","UNKNOWN","No authoritative path/SHA256 identity or library duplicate established.","NEW_UNREGISTERED_SAFE_TO_CREATE_IDENTITY","No Authority path or hash match, but global CONFLICT and DUPLICATE counts for this run were both 0 — nothing in the library contradicts this file. Eligible for a fresh PhysicalItemID using the project's existing ID-minting sequence (do not invent a new ID scheme)."
"_JUNK_QUARANTINE\DEEP_FORENSIC_REPAIR\20260815_154721\BACKUP\index.js.5b317d35c7a242b7b1f1442eea964b0b.bak","index.js.5b317d35c7a242b7b1f1442eea964b0b.bak",".bak","47269","A3E4792AB8F6010D0900EB216677CB145D5D85C896268F56936B91A4DCFE5249","","","0","","","","","","","False","False","False","UNKNOWN","No authoritative path/SHA256 identity or library duplicate established.","NEW_UNREGISTERED_SAFE_TO_CREATE_IDENTITY","No Authority path or hash match, but global CONFLICT and DUPLICATE counts for this run were both 0 — nothing in the library contradicts this file. Eligible for a fresh PhysicalItemID using the project's existing ID-minting sequence (do not invent a new ID scheme)."
"_JUNK_QUARANTINE\DEEP_FORENSIC_REPAIR\20260815_154721\BACKUP\index.js.5b7862c5683a4fada231ed5416a63b52.bak","index.js.5b7862c5683a4fada231ed5416a63b52.bak",".bak","47267","738BE98FB073E2304FF1DC43788EF7241C2F91142FD4397D85E000AF350B417D","","","0","","","","","","","False","False","False","UNKNOWN","No authoritative path/SHA256 identity or library duplicate established.","NEW_UNREGISTERED_SAFE_TO_CREATE_IDENTITY","No Authority path or hash match, but global CONFLICT and DUPLICATE counts for this run were both 0 — nothing in the library contradicts this file. Eligible for a fresh PhysicalItemID using the project's existing ID-minting sequence (do not invent a new ID scheme)."
"_JUNK_QUARANTINE\DEEP_FORENSIC_REPAIR\20260815_154721\BACKUP\index.js.5b87114ce354423abffd449919711f4f.bak","index.js.5b87114ce354423abffd449919711f4f.bak",".bak","46698","A2EA5A7C87F8FBF91C9A255E06401506C74A44C4D891694BBC5F6543C1D5DC24","","","0","","","","","","","False","False","False","UNKNOWN","No authoritative path/SHA256 identity or library duplicate established.","NEW_UNREGISTERED_SAFE_TO_CREATE_IDENTITY","No Authority path or hash match, but global CONFLICT and DUPLICATE counts for this run were both 0 — nothing in the library contradicts this file. Eligible for a fresh PhysicalItemID using the project's existing ID-minting sequence (do not invent a new ID scheme)."
"_JUNK_QUARANTINE\DEEP_FORENSIC_REPAIR\20260815_154721\BACKUP\index.js.5bb610d39fae494fa944803a63266bdb.bak","index.js.5bb610d39fae494fa944803a63266bdb.bak",".bak","47518","8A124003C1B013C476F669D2466C765D2D6F48E704650502304EB2B0F66E8BBA","","","0","","","","","","","False","False","False","UNKNOWN","No authoritative path/SHA256 identity or library duplicate established.","NEW_UNREGISTERED_SAFE_TO_CREATE_IDENTITY","No Authority path or hash match, but global CONFLICT and DUPLICATE counts for this run were both 0 — nothing in the library contradicts this file. Eligible for a fresh PhysicalItemID using the project's existing ID-minting sequence (do not invent a new ID scheme)."
"_JUNK_QUARANTINE\DEEP_FORENSIC_REPAIR\20260815_154721\BACKUP\index.js.5bbfba93cf174273a36736e17a743693.bak","index.js.5bbfba93cf174273a36736e17a743693.bak",".bak","47425","E3CA0D35B21843896079F673088520B7E57A8B2FD9E5C3DB3B20F37369EA8451","","","0","","","","","","","False","False","False","UNKNOWN","No authoritative path/SHA256 identity or library duplicate established.","NEW_UNREGISTERED_SAFE_TO_CREATE_IDENTITY","No Authority path or hash match, but global CONFLICT and DUPLICATE counts for this run were both 0 — nothing in the library contradicts this file. Eligible for a fresh PhysicalItemID using the project's existing ID-minting sequence (do not invent a new ID scheme)."
"_JUNK_QUARANTINE\DEEP_FORENSIC_REPAIR\20260815_154721\BACKUP\index.js.5c0ca5af87b549368b4833f3977aaa57.bak","index.js.5c0ca5af87b549368b4833f3977aaa57.bak",".bak","47765","FA709EB4D2208D49D835193289A65A43085D7FF1C05F0364DADF1E14435C1AC3","","","0","","","","","","","False","False","False","UNKNOWN","No authoritative path/SHA256 identity or library duplicate established.","NEW_UNREGISTERED_SAFE_TO_CREATE_IDENTITY","No Authority path or hash match, but global CONFLICT and DUPLICATE counts for this run were both 0 — nothing in the library contradicts this file. Eligible for a fresh PhysicalItemID using the project's existing ID-minting sequence (do not invent a new ID scheme)."
"_JUNK_QUARANTINE\DEEP_FORENSIC_REPAIR\20260815_154721\BACKUP\index.js.5c31ce4d4c1b49a088420a7bc23a6e2d.bak","index.js.5c31ce4d4c1b49a088420a7bc23a6e2d.bak",".bak","48169","87F386C9431D6B983782A12AC2D49D81948E0894260814607D09B634DBCE3CF7","","","0","","","","","","","False","False","False","UNKNOWN","No authoritative path/SHA256 identity or library duplicate established.","NEW_UNREGISTERED_SAFE_TO_CREATE_IDENTITY","No Authority path or hash match, but global CONFLICT and DUPLICATE counts for this run were both 0 — nothing in the library contradicts this file. Eligible for a fresh PhysicalItemID using the project's existing ID-minting sequence (do not invent a new ID scheme)."
"_JUNK_QUARANTINE\DEEP_FORENSIC_REPAIR\20260815_154721\BACKUP\index.js.5c5568cbffc34a7cb1f7b613279e364f.bak","index.js.5c5568cbffc34a7cb1f7b613279e364f.bak",".bak","46037","371EA006F9C3405616DFA75E1F04CCBC9730FA2198A99587D42EC66F7B54371C","","","0","","","","","","","False","False","False","UNKNOWN","No authoritative path/SHA256 identity or library duplicate established.","NEW_UNREGISTERED_SAFE_TO_CREATE_IDENTITY","No Authority path or hash match, but global CONFLICT and DUPLICATE counts for this run were both 0 — nothing in the library contradicts this file. Eligible for a fresh PhysicalItemID using the project's existing ID-minting sequence (do not invent a new ID scheme)."
"_JUNK_QUARANTINE\DEEP_FORENSIC_REPAIR\20260815_154721\BACKUP\index.js.5c5beda6965143acad02d2c99c579c03.bak","index.js.5c5beda6965143acad02d2c99c579c03.bak",".bak","47123","2959C00A14276127A42641284EB7591AEA810E5E0F8F1B25E2C00C4DA217C67F","","","0","","","","","","","False","False","False","UNKNOWN","No authoritative path/SHA256 identity or library duplicate established.","NEW_UNREGISTERED_SAFE_TO_CREATE_IDENTITY","No Authority path or hash match, but global CONFLICT and DUPLICATE counts for this run were both 0 — nothing in the library contradicts this file. Eligible for a fresh PhysicalItemID using the project's existing ID-minting sequence (do not invent a new ID scheme)."
"_JUNK_QUARANTINE\DEEP_FORENSIC_REPAIR\20260815_154721\BACKUP\index.js.5d23a6c74d814762ab8083f0b4427daf.bak","index.js.5d23a6c74d814762ab8083f0b4427daf.bak",".bak","47380","463FC49CFC96B0D9C1A383AFA37AFAF598F4A7DF2EF3739BF682BF0D0285BC20","","","0","","","","","","","False","False","False","UNKNOWN","No authoritative path/SHA256 identity or library duplicate established.","NEW_UNREGISTERED_SAFE_TO_CREATE_IDENTITY","No Authority path or hash match, but global CONFLICT and DUPLICATE counts for this run were both 0 — nothing in the library contradicts this file. Eligible for a fresh PhysicalItemID using the project's existing ID-minting sequence (do not invent a new ID scheme)."
"_JUNK_QUARANTINE\DEEP_FORENSIC_REPAIR\20260815_154721\BACKUP\index.js.5ef5fc410ed640da83e9d7c846bd2b93.bak","index.js.5ef5fc410ed640da83e9d7c846bd2b93.bak",".bak","46678","0B5B04BE5D98D4065A2B01A076A7235F1F1F8D5CBCBBEF60379D2CD6385A366F","","","0","","","","","","","False","False","False","UNKNOWN","No authoritative path/SHA256 identity or library duplicate established.","NEW_UNREGISTERED_SAFE_TO_CREATE_IDENTITY","No Authority path or hash match, but global CONFLICT and DUPLICATE counts for this run were both 0 — nothing in the library contradicts this file. Eligible for a fresh PhysicalItemID using the project's existing ID-minting sequence (do not invent a new ID scheme)."
"_JUNK_QUARANTINE\DEEP_FORENSIC_REPAIR\20260815_154721\BACKUP\index.js.5f73b37e0db9431fb6f2f5e79ca4b1b0.bak","index.js.5f73b37e0db9431fb6f2f5e79ca4b1b0.bak",".bak","47039","BC7D674F05CBC047FF1036E32ADED98423279F3A8219C8E1ED5A29F0EC61F5E9","","","0","","","","","","","False","False","False","UNKNOWN","No authoritative path/SHA256 identity or library duplicate established.","NEW_UNREGISTERED_SAFE_TO_CREATE_IDENTITY","No Authority path or hash match, but global CONFLICT and DUPLICATE counts for this run were both 0 — nothing in the library contradicts this file. Eligible for a fresh PhysicalItemID using the project's existing ID-minting sequence (do not invent a new ID scheme)."
"_JUNK_QUARANTINE\DEEP_FORENSIC_REPAIR\20260815_154721\BACKUP\index.js.600232504fc04e56b4887dfa1f667cad.bak","index.js.600232504fc04e56b4887dfa1f667cad.bak",".bak","46539","95A8467A0879800FC98AC57E70814F6F06BAF577CAEE0F72736B6F8B4BCB3871","","","0","","","","","","","False","False","False","UNKNOWN","No authoritative path/SHA256 identity or library duplicate established.","NEW_UNREGISTERED_SAFE_TO_CREATE_IDENTITY","No Authority path or hash match, but global CONFLICT and DUPLICATE counts for this run were both 0 — nothing in the library contradicts this file. Eligible for a fresh PhysicalItemID using the project's existing ID-minting sequence (do not invent a new ID scheme)."
"_JUNK_QUARANTINE\DEEP_FORENSIC_REPAIR\20260815_154721\BACKUP\index.js.614f773e011d49a6a730db15d673de17.bak","index.js.614f773e011d49a6a730db15d673de17.bak",".bak","46608","5CD970736D63BAB2E844F2A411595C8A56B395FD1F1386ECDFC1B7D6B9C1786A","","","0","","","","","","","False","False","False","UNKNOWN","No authoritative path/SHA256 identity or library duplicate established.","NEW_UNREGISTERED_SAFE_TO_CREATE_IDENTITY","No Authority path or hash match, but global CONFLICT and DUPLICATE counts for this run were both 0 — nothing in the library contradicts this file. Eligible for a fresh PhysicalItemID using the project's existing ID-minting sequence (do not invent a new ID scheme)."
"_JUNK_QUARANTINE\DEEP_FORENSIC_REPAIR\20260815_154721\BACKUP\index.js.656582ec18a44951a41536e71643067a.bak","index.js.656582ec18a44951a41536e71643067a.bak",".bak","47663","3B09B77A38397B9DED04BD72A61CDFFA1A28F8E4FAB235883FE392A2C62AE471","","","0","","","","","","","False","False","False","UNKNOWN","No authoritative path/SHA256 identity or library duplicate established.","NEW_UNREGISTERED_SAFE_TO_CREATE_IDENTITY","No Authority path or hash match, but global CONFLICT and DUPLICATE counts for this run were both 0 — nothing in the library contradicts this file. Eligible for a fresh PhysicalItemID using the project's existing ID-minting sequence (do not invent a new ID scheme)."
"_JUNK_QUARANTINE\DEEP_FORENSIC_REPAIR\20260815_154721\BACKUP\index.js.656bfe0d7efc49509e7822bcd60bea3e.bak","index.js.656bfe0d7efc49509e7822bcd60bea3e.bak",".bak","45499","C874B66978A762F5D0F6386465636758B72A016DE876E77F93446BD20C2B01BE","","","0","","","","","","","False","False","False","UNKNOWN","No authoritative path/SHA256 identity or library duplicate established.","NEW_UNREGISTERED_SAFE_TO_CREATE_IDENTITY","No Authority path or hash match, but global CONFLICT and DUPLICATE counts for this run were both 0 — nothing in the library contradicts this file. Eligible for a fresh PhysicalItemID using the project's existing ID-minting sequence (do not invent a new ID scheme)."
"_JUNK_QUARANTINE\DEEP_FORENSIC_REPAIR\20260815_154721\BACKUP\index.js.6650daf2e8c84ee190305ecdf68b2389.bak","index.js.6650daf2e8c84ee190305ecdf68b2389.bak",".bak","46213","51D9169AFADBC75027ABF668F1875F70A931ED16215E6C2529FB5827071B3C3C","","","0","","","","","","","False","False","False","UNKNOWN","No authoritative path/SHA256 identity or library duplicate established.","NEW_UNREGISTERED_SAFE_TO_CREATE_IDENTITY","No Authority path or hash match, but global CONFLICT and DUPLICATE counts for this run were both 0 — nothing in the library contradicts this file. Eligible for a fresh PhysicalItemID using the project's existing ID-minting sequence (do not invent a new ID scheme)."
"_JUNK_QUARANTINE\DEEP_FORENSIC_REPAIR\20260815_154721\BACKUP\index.js.67e6c6c09d1542fea2648dea2ce0eee9.bak","index.js.67e6c6c09d1542fea2648dea2ce0eee9.bak",".bak","47964","24D00109FEB1E177F13B1D7C94A80B4461B5A7FDE5D217936AF1826FD4831662","","","0","","","","","","","False","False","False","UNKNOWN","No authoritative path/SHA256 identity or library duplicate established.","NEW_UNREGISTERED_SAFE_TO_CREATE_IDENTITY","No Authority path or hash match, but global CONFLICT and DUPLICATE counts for this run were both 0 — nothing in the library contradicts this file. Eligible for a fresh PhysicalItemID using the project's existing ID-minting sequence (do not invent a new ID scheme)."
"_JUNK_QUARANTINE\DEEP_FORENSIC_REPAIR\20260815_154721\BACKUP\index.js.6978d4e3450147f886d3e6d35f421cb4.bak","index.js.6978d4e3450147f886d3e6d35f421cb4.bak",".bak","48225","60AEE3A47E3D506D417CC90AB6196AD4A6FA11E8BBE6C7C800F73D4F2679A3D3","","","0","","","","","","","False","False","False","UNKNOWN","No authoritative path/SHA256 identity or library duplicate established.","NEW_UNREGISTERED_SAFE_TO_CREATE_IDENTITY","No Authority path or hash match, but global CONFLICT and DUPLICATE counts for this run were both 0 — nothing in the library contradicts this file. Eligible for a fresh PhysicalItemID using the project's existing ID-minting sequence (do not invent a new ID scheme)."
"_JUNK_QUARANTINE\DEEP_FORENSIC_REPAIR\20260815_154721\BACKUP\index.js.6a1efa2f07fc4aaabb1380c85534d49c.bak","index.js.6a1efa2f07fc4aaabb1380c85534d49c.bak",".bak","46992","F1A64AF27CE1EB2EA49174D66EDD96E256E7ED867754BAA0F979167AE5200DC0","","","0","","","","","","","False","False","False","UNKNOWN","No authoritative path/SHA256 identity or library duplicate established.","NEW_UNREGISTERED_SAFE_TO_CREATE_IDENTITY","No Authority path or hash match, but global CONFLICT and DUPLICATE counts for this run were both 0 — nothing in the library contradicts this file. Eligible for a fresh PhysicalItemID using the project's existing ID-minting sequence (do not invent a new ID scheme)."
"_JUNK_QUARANTINE\DEEP_FORENSIC_REPAIR\20260815_154721\BACKUP\index.js.6ab1415836e24144bdf5fa4cf82f0fdb.bak","index.js.6ab1415836e24144bdf5fa4cf82f0fdb.bak",".bak","47656","16766470A4BC881DFBF423C36B933D384DA6068D18471FBF55FFA3D90FE44ADC","","","0","","","","","","","False","False","False","UNKNOWN","No authoritative path/SHA256 identity or library duplicate established.","NEW_UNREGISTERED_SAFE_TO_CREATE_IDENTITY","No Authority path or hash match, but global CONFLICT and DUPLICATE counts for this run were both 0 — nothing in the library contradicts this file. Eligible for a fresh PhysicalItemID using the project's existing ID-minting sequence (do not invent a new ID scheme)."
"_JUNK_QUARANTINE\DEEP_FORENSIC_REPAIR\20260815_154721\BACKUP\index.js.6ad83bfaac1747059f415c0efd06a3b1.bak","index.js.6ad83bfaac1747059f415c0efd06a3b1.bak",".bak","47436","C362992EA9E325030218168C9F20EFE280911D4DEC3E39FC181E9C025C268460","","","0","","","","","","","False","False","False","UNKNOWN","No authoritative path/SHA256 identity or library duplicate established.","NEW_UNREGISTERED_SAFE_TO_CREATE_IDENTITY","No Authority path or hash match, but global CONFLICT and DUPLICATE counts for this run were both 0 — nothing in the library contradicts this file. Eligible for a fresh PhysicalItemID using the project's existing ID-minting sequence (do not invent a new ID scheme)."
"_JUNK_QUARANTINE\DEEP_FORENSIC_REPAIR\20260815_154721\BACKUP\index.js.6b0096019751443b99af9266b590c4a4.bak","index.js.6b0096019751443b99af9266b590c4a4.bak",".bak","46472","1642CB977A6E5DB31022A062C92B76DB7039E9F69C9BF05BF43F674660C7B992","","","0","","","","","","","False","False","False","UNKNOWN","No authoritative path/SHA256 identity or library duplicate established.","NEW_UNREGISTERED_SAFE_TO_CREATE_IDENTITY","No Authority path or hash match, but global CONFLICT and DUPLICATE counts for this run were both 0 — nothing in the library contradicts this file. Eligible for a fresh PhysicalItemID using the project's existing ID-minting sequence (do not invent a new ID scheme)."
"_JUNK_QUARANTINE\DEEP_FORENSIC_REPAIR\20260815_154721\BACKUP\index.js.6b9719cbd4ac409490f5cecc6e3fd894.bak","index.js.6b9719cbd4ac409490f5cecc6e3fd894.bak",".bak","47505","30A8FA29E1B1C68A4A2CEBE358E30B6054780A22545AD66E872DC522A8F49B36","","","0","","","","","","","False","False","False","UNKNOWN","No authoritative path/SHA256 identity or library duplicate established.","NEW_UNREGISTERED_SAFE_TO_CREATE_IDENTITY","No Authority path or hash match, but global CONFLICT and DUPLICATE counts for this run were both 0 — nothing in the library contradicts this file. Eligible for a fresh PhysicalItemID using the project's existing ID-minting sequence (do not invent a new ID scheme)."
"_JUNK_QUARANTINE\DEEP_FORENSIC_REPAIR\20260815_154721\BACKUP\index.js.6be5e4fbd89f44a4b443cd1d5ca1b24e.bak","index.js.6be5e4fbd89f44a4b443cd1d5ca1b24e.bak",".bak","47150","E3B290A52EAD5642645BB6F5A0E2DE055B6F4937DF5B84EDAC8A1BADE8E04CC0","","","0","","","","","","","False","False","False","UNKNOWN","No authoritative path/SHA256 identity or library duplicate established.","NEW_UNREGISTERED_SAFE_TO_CREATE_IDENTITY","No Authority path or hash match, but global CONFLICT and DUPLICATE counts for this run were both 0 — nothing in the library contradicts this file. Eligible for a fresh PhysicalItemID using the project's existing ID-minting sequence (do not invent a new ID scheme)."
"_JUNK_QUARANTINE\DEEP_FORENSIC_REPAIR\20260815_154721\BACKUP\index.js.6d155cdfd65a4f2f9584b86f8ffcab24.bak","index.js.6d155cdfd65a4f2f9584b86f8ffcab24.bak",".bak","46391","AB70802D7E712F21D782D16236BB0F27E964A661C72AE795E9C88B6E5F274EE5","","","0","","","","","","","False","False","False","UNKNOWN","No authoritative path/SHA256 identity or library duplicate established.","NEW_UNREGISTERED_SAFE_TO_CREATE_IDENTITY","No Authority path or hash match, but global CONFLICT and DUPLICATE counts for this run were both 0 — nothing in the library contradicts this file. Eligible for a fresh PhysicalItemID using the project's existing ID-minting sequence (do not invent a new ID scheme)."
"_JUNK_QUARANTINE\DEEP_FORENSIC_REPAIR\20260815_154721\BACKUP\index.js.6d73ea4ce7de462dbe20b0d222826c64.bak","index.js.6d73ea4ce7de462dbe20b0d222826c64.bak",".bak","47159","500F779C97AF797EC4E4AB4C431433B695FB7C0456A9926520BCF67F5814BEF2","","","0","","","","","","","False","False","False","UNKNOWN","No authoritative path/SHA256 identity or library duplicate established.","NEW_UNREGISTERED_SAFE_TO_CREATE_IDENTITY","No Authority path or hash match, but global CONFLICT and DUPLICATE counts for this run were both 0 — nothing in the library contradicts this file. Eligible for a fresh PhysicalItemID using the project's existing ID-minting sequence (do not invent a new ID scheme)."
"_JUNK_QUARANTINE\DEEP_FORENSIC_REPAIR\20260815_154721\BACKUP\index.js.6dc299fc54044a679d3c9fe98d0f0afb.bak","index.js.6dc299fc54044a679d3c9fe98d0f0afb.bak",".bak","47847","21AF3DF05BF21B93FCA017DD08C04371BA774A0127C97FA5BCD0869012D525D0","","","0","","","","","","","False","False","False","UNKNOWN","No authoritative path/SHA256 identity or library duplicate established.","NEW_UNREGISTERED_SAFE_TO_CREATE_IDENTITY","No Authority path or hash match, but global CONFLICT and DUPLICATE counts for this run were both 0 — nothing in the library contradicts this file. Eligible for a fresh PhysicalItemID using the project's existing ID-minting sequence (do not invent a new ID scheme)."
"_JUNK_QUARANTINE\DEEP_FORENSIC_REPAIR\20260815_154721\BACKUP\index.js.6e15677d5487497fa23e0e915884b88f.bak","index.js.6e15677d5487497fa23e0e915884b88f.bak",".bak","46892","04163A02CB208A714896003EB4D45B90B6A5B66C90E77CAB7FA5A6BF7E65933A","","","0","","","","","","","False","False","False","UNKNOWN","No authoritative path/SHA256 identity or library duplicate established.","NEW_UNREGISTERED_SAFE_TO_CREATE_IDENTITY","No Authority path or hash match, but global CONFLICT and DUPLICATE counts for this run were both 0 — nothing in the library contradicts this file. Eligible for a fresh PhysicalItemID using the project's existing ID-minting sequence (do not invent a new ID scheme)."
"_JUNK_QUARANTINE\DEEP_FORENSIC_REPAIR\20260815_154721\BACKUP\index.js.6f0f88b97e514e93a4d0cfdf76c28b1d.bak","index.js.6f0f88b97e514e93a4d0cfdf76c28b1d.bak",".bak","46135","86EADEAD824C829E7CEFBD72C1FE38071E5033277D8011C72A989252909594E3","","","0","","","","","","","False","False","False","UNKNOWN","No authoritative path/SHA256 identity or library duplicate established.","NEW_UNREGISTERED_SAFE_TO_CREATE_IDENTITY","No Authority path or hash match, but global CONFLICT and DUPLICATE counts for this run were both 0 — nothing in the library contradicts this file. Eligible for a fresh PhysicalItemID using the project's existing ID-minting sequence (do not invent a new ID scheme)."
"_JUNK_QUARANTINE\DEEP_FORENSIC_REPAIR\20260815_154721\BACKUP\index.js.6f5c54f427214ad89451906398dfa796.bak","index.js.6f5c54f427214ad89451906398dfa796.bak",".bak","48050","66E30354FB666FFA56222ADA3355F25666985C5A7D63065DC5678216426D4747","","","0","","","","","","","False","False","False","UNKNOWN","No authoritative path/SHA256 identity or library duplicate established.","NEW_UNREGISTERED_SAFE_TO_CREATE_IDENTITY","No Authority path or hash match, but global CONFLICT and DUPLICATE counts for this run were both 0 — nothing in the library contradicts this file. Eligible for a fresh PhysicalItemID using the project's existing ID-minting sequence (do not invent a new ID scheme)."
"_JUNK_QUARANTINE\DEEP_FORENSIC_REPAIR\20260815_154721\BACKUP\index.js.6f86198830984fafbd240a16a8e4c691.bak","index.js.6f86198830984fafbd240a16a8e4c691.bak",".bak","47045","C12AD2FDECD891E36434691F1EE77665455A6B25CC7F3D99B52EA3BDBD5DB946","","","0","","","","","","","False","False","False","UNKNOWN","No authoritative path/SHA256 identity or library duplicate established.","NEW_UNREGISTERED_SAFE_TO_CREATE_IDENTITY","No Authority path or hash match, but global CONFLICT and DUPLICATE counts for this run were both 0 — nothing in the library contradicts this file. Eligible for a fresh PhysicalItemID using the project's existing ID-minting sequence (do not invent a new ID scheme)."
"_JUNK_QUARANTINE\DEEP_FORENSIC_REPAIR\20260815_154721\BACKUP\index.js.6f969312b65e430184059157ce55e0a3.bak","index.js.6f969312b65e430184059157ce55e0a3.bak",".bak","47128","59B93216C1A35299A79CC376919D07C82A2AB63E849F43D741D1809662E640C3","","","0","","","","","","","False","False","False","UNKNOWN","No authoritative path/SHA256 identity or library duplicate established.","NEW_UNREGISTERED_SAFE_TO_CREATE_IDENTITY","No Authority path or hash match, but global CONFLICT and DUPLICATE counts for this run were both 0 — nothing in the library contradicts this file. Eligible for a fresh PhysicalItemID using the project's existing ID-minting sequence (do not invent a new ID scheme)."
"_JUNK_QUARANTINE\DEEP_FORENSIC_REPAIR\20260815_154721\BACKUP\index.js.702cffd5518c483bb3955a3d603f6661.bak","index.js.702cffd5518c483bb3955a3d603f6661.bak",".bak","47366","94FCACA49FDDC5C315D2CB5A768C098A3267BBC9B1DA503196C2D2C26A16E5FE","","","0","","","","","","","False","False","False","UNKNOWN","No authoritative path/SHA256 identity or library duplicate established.","NEW_UNREGISTERED_SAFE_TO_CREATE_IDENTITY","No Authority path or hash match, but global CONFLICT and DUPLICATE counts for this run were both 0 — nothing in the library contradicts this file. Eligible for a fresh PhysicalItemID using the project's existing ID-minting sequence (do not invent a new ID scheme)."
"_JUNK_QUARANTINE\DEEP_FORENSIC_REPAIR\20260815_154721\BACKUP\index.js.70ade11f32d34c20a0cf048fa9aeb690.bak","index.js.70ade11f32d34c20a0cf048fa9aeb690.bak",".bak","45666","5C49846943DFEA585C70A02C004F9CB4266F4D50334D07BC58AFBABA3B7261C9","","","0","","","","","","","False","False","False","UNKNOWN","No authoritative path/SHA256 identity or library duplicate established.","NEW_UNREGISTERED_SAFE_TO_CREATE_IDENTITY","No Authority path or hash match, but global CONFLICT and DUPLICATE counts for this run were both 0 — nothing in the library contradicts this file. Eligible for a fresh PhysicalItemID using the project's existing ID-minting sequence (do not invent a new ID scheme)."
"_JUNK_QUARANTINE\DEEP_FORENSIC_REPAIR\20260815_154721\BACKUP\index.js.70e4fc96667f45d1b6fcd5ccd82d14fb.bak","index.js.70e4fc96667f45d1b6fcd5ccd82d14fb.bak",".bak","46963","27775B6999240C3519D5D367C91E3ADA648ED1CC2168ACCA8DF0B40E60E83B82","","","0","","","","","","","False","False","False","UNKNOWN","No authoritative path/SHA256 identity or library duplicate established.","NEW_UNREGISTERED_SAFE_TO_CREATE_IDENTITY","No Authority path or hash match, but global CONFLICT and DUPLICATE counts for this run were both 0 — nothing in the library contradicts this file. Eligible for a fresh PhysicalItemID using the project's existing ID-minting sequence (do not invent a new ID scheme)."
"_JUNK_QUARANTINE\DEEP_FORENSIC_REPAIR\20260815_154721\BACKUP\index.js.71ad9c9a677948e0abe151b20a30134b.bak","index.js.71ad9c9a677948e0abe151b20a30134b.bak",".bak","46571","67B2B8A5DFC21C1FED342D12D66C564929D473F2FA7316240E0C5D0F56F2ED3E","","","0","","","","","","","False","False","False","UNKNOWN","No authoritative path/SHA256 identity or library duplicate established.","NEW_UNREGISTERED_SAFE_TO_CREATE_IDENTITY","No Authority path or hash match, but global CONFLICT and DUPLICATE counts for this run were both 0 — nothing in the library contradicts this file. Eligible for a fresh PhysicalItemID using the project's existing ID-minting sequence (do not invent a new ID scheme)."
"_JUNK_QUARANTINE\DEEP_FORENSIC_REPAIR\20260815_154721\BACKUP\index.js.739521c812794405977c8655376c590f.bak","index.js.739521c812794405977c8655376c590f.bak",".bak","45781","F78910F9C7A7C9573E2D9485B923D71144B29FC067C612989BD1776B12F5C777","","","0","","","","","","","False","False","False","UNKNOWN","No authoritative path/SHA256 identity or library duplicate established.","NEW_UNREGISTERED_SAFE_TO_CREATE_IDENTITY","No Authority path or hash match, but global CONFLICT and DUPLICATE counts for this run were both 0 — nothing in the library contradicts this file. Eligible for a fresh PhysicalItemID using the project's existing ID-minting sequence (do not invent a new ID scheme)."
"_JUNK_QUARANTINE\DEEP_FORENSIC_REPAIR\20260815_154721\BACKUP\index.js.73de8e54c05b4262b8b9d09da9397d93.bak","index.js.73de8e54c05b4262b8b9d09da9397d93.bak",".bak","46995","5886F00FC0C47A0528FA523C1E56E12E99C5F00BA3C47E3BFECB850482029FA8","","","0","","","","","","","False","False","False","UNKNOWN","No authoritative path/SHA256 identity or library duplicate established.","NEW_UNREGISTERED_SAFE_TO_CREATE_IDENTITY","No Authority path or hash match, but global CONFLICT and DUPLICATE counts for this run were both 0 — nothing in the library contradicts this file. Eligible for a fresh PhysicalItemID using the project's existing ID-minting sequence (do not invent a new ID scheme)."
"_JUNK_QUARANTINE\DEEP_FORENSIC_REPAIR\20260815_154721\BACKUP\index.js.75fef9a6365e42df8eb5dfee6a3ec5b4.bak","index.js.75fef9a6365e42df8eb5dfee6a3ec5b4.bak",".bak","47936","26B736EC5AEB4D3DC9EA5676CC9EFC2A88E97BA86C3ECA6DA06A16CC1C003A1D","","","0","","","","","","","False","False","False","UNKNOWN","No authoritative path/SHA256 identity or library duplicate established.","NEW_UNREGISTERED_SAFE_TO_CREATE_IDENTITY","No Authority path or hash match, but global CONFLICT and DUPLICATE counts for this run were both 0 — nothing in the library contradicts this file. Eligible for a fresh PhysicalItemID using the project's existing ID-minting sequence (do not invent a new ID scheme)."
"_JUNK_QUARANTINE\DEEP_FORENSIC_REPAIR\20260815_154721\BACKUP\index.js.768a6a114d0a444395253a6e42e2e38a.bak","index.js.768a6a114d0a444395253a6e42e2e38a.bak",".bak","47706","481F18EE050334A92677D17F2021193623DEE7260B674775524CE723D37DB905","","","0","","","","","","","False","False","False","UNKNOWN","No authoritative path/SHA256 identity or library duplicate established.","NEW_UNREGISTERED_SAFE_TO_CREATE_IDENTITY","No Authority path or hash match, but global CONFLICT and DUPLICATE counts for this run were both 0 — nothing in the library contradicts this file. Eligible for a fresh PhysicalItemID using the project's existing ID-minting sequence (do not invent a new ID scheme)."
"_JUNK_QUARANTINE\DEEP_FORENSIC_REPAIR\20260815_154721\BACKUP\index.js.76c3603a6a6545e6ad330335e33a643b.bak","index.js.76c3603a6a6545e6ad330335e33a643b.bak",".bak","47518","8A124003C1B013C476F669D2466C765D2D6F48E704650502304EB2B0F66E8BBA","","","0","","","","","","","False","False","False","UNKNOWN","No authoritative path/SHA256 identity or library duplicate established.","NEW_UNREGISTERED_SAFE_TO_CREATE_IDENTITY","No Authority path or hash match, but global CONFLICT and DUPLICATE counts for this run were both 0 — nothing in the library contradicts this file. Eligible for a fresh PhysicalItemID using the project's existing ID-minting sequence (do not invent a new ID scheme)."
"_JUNK_QUARANTINE\DEEP_FORENSIC_REPAIR\20260815_154721\BACKUP\index.js.7754f40d2e644d298503daee68baf277.bak","index.js.7754f40d2e644d298503daee68baf277.bak",".bak","46841","E0FF70BA8D3D6C48BFC2FD546B68ED9E9B624631E2001CAB4043F50A6638061F","","","0","","","","","","","False","False","False","UNKNOWN","No authoritative path/SHA256 identity or library duplicate established.","NEW_UNREGISTERED_SAFE_TO_CREATE_IDENTITY","No Authority path or hash match, but global CONFLICT and DUPLICATE counts for this run were both 0 — nothing in the library contradicts this file. Eligible for a fresh PhysicalItemID using the project's existing ID-minting sequence (do not invent a new ID scheme)."
"_JUNK_QUARANTINE\DEEP_FORENSIC_REPAIR\20260815_154721\BACKUP\index.js.78c8ddb4089d413d9f3ec5d9f8657507.bak","index.js.78c8ddb4089d413d9f3ec5d9f8657507.bak",".bak","46741","D0E5BEC855DA40293E6BD3D772C83EDAD1C7B57B44F698255AF97C9E9AA0FF66","","","0","","","","","","","False","False","False","UNKNOWN","No authoritative path/SHA256 identity or library duplicate established.","NEW_UNREGISTERED_SAFE_TO_CREATE_IDENTITY","No Authority path or hash match, but global CONFLICT and DUPLICATE counts for this run were both 0 — nothing in the library contradicts this file. Eligible for a fresh PhysicalItemID using the project's existing ID-minting sequence (do not invent a new ID scheme)."
"_JUNK_QUARANTINE\DEEP_FORENSIC_REPAIR\20260815_154721\BACKUP\index.js.7a261d3869e44f70beebf36560adcf90.bak","index.js.7a261d3869e44f70beebf36560adcf90.bak",".bak","46153","BA0C7FF3D684F15CF801A2DF3D6FDCFC90DC78D62BDA5A92EF71EC35A44B244F","","","0","","","","","","","False","False","False","UNKNOWN","No authoritative path/SHA256 identity or library duplicate established.","NEW_UNREGISTERED_SAFE_TO_CREATE_IDENTITY","No Authority path or hash match, but global CONFLICT and DUPLICATE counts for this run were both 0 — nothing in the library contradicts this file. Eligible for a fresh PhysicalItemID using the project's existing ID-minting sequence (do not invent a new ID scheme)."
"_JUNK_QUARANTINE\DEEP_FORENSIC_REPAIR\20260815_154721\BACKUP\index.js.7c484aadb96348c599a51ad5473e1207.bak","index.js.7c484aadb96348c599a51ad5473e1207.bak",".bak","46950","4367232B985D9E1DE5279E82E33FD11A3942F6D5495ACC9B064AFA22DF0721FE","","","0","","","","","","","False","False","False","UNKNOWN","No authoritative path/SHA256 identity or library duplicate established.","NEW_UNREGISTERED_SAFE_TO_CREATE_IDENTITY","No Authority path or hash match, but global CONFLICT and DUPLICATE counts for this run were both 0 — nothing in the library contradicts this file. Eligible for a fresh PhysicalItemID using the project's existing ID-minting sequence (do not invent a new ID scheme)."
"_JUNK_QUARANTINE\DEEP_FORENSIC_REPAIR\20260815_154721\BACKUP\index.js.7c5d12c6737e41d08a8478f0eedbda9f.bak","index.js.7c5d12c6737e41d08a8478f0eedbda9f.bak",".bak","46508","8DD05FE31FEE8CF3FC73FA1342BB697C9B4C8E004F5AA3C31761892D049638CF","","","0","","","","","","","False","False","False","UNKNOWN","No authoritative path/SHA256 identity or library duplicate established.","NEW_UNREGISTERED_SAFE_TO_CREATE_IDENTITY","No Authority path or hash match, but global CONFLICT and DUPLICATE counts for this run were both 0 — nothing in the library contradicts this file. Eligible for a fresh PhysicalItemID using the project's existing ID-minting sequence (do not invent a new ID scheme)."
"_JUNK_QUARANTINE\DEEP_FORENSIC_REPAIR\20260815_154721\BACKUP\index.js.7c6e321dc1714eb5913e963afb814c83.bak","index.js.7c6e321dc1714eb5913e963afb814c83.bak",".bak","46233","5C18A24DA18A0CD9235D2DBED46EA70D1E6F464DA003967B95C5FEB0A2492D61","","","0","","","","","","","False","False","False","UNKNOWN","No authoritative path/SHA256 identity or library duplicate established.","NEW_UNREGISTERED_SAFE_TO_CREATE_IDENTITY","No Authority path or hash match, but global CONFLICT and DUPLICATE counts for this run were both 0 — nothing in the library contradicts this file. Eligible for a fresh PhysicalItemID using the project's existing ID-minting sequence (do not invent a new ID scheme)."
"_JUNK_QUARANTINE\DEEP_FORENSIC_REPAIR\20260815_154721\BACKUP\index.js.7d328794b3604372944c25b2712c3385.bak","index.js.7d328794b3604372944c25b2712c3385.bak",".bak","47086","D06A27397563A5770368F58B0664A15E7E52FFFEF1E2895E64C1D4BD0EA5F942","","","0","","","","","","","False","False","False","UNKNOWN","No authoritative path/SHA256 identity or library duplicate established.","NEW_UNREGISTERED_SAFE_TO_CREATE_IDENTITY","No Authority path or hash match, but global CONFLICT and DUPLICATE counts for this run were both 0 — nothing in the library contradicts this file. Eligible for a fresh PhysicalItemID using the project's existing ID-minting sequence (do not invent a new ID scheme)."
"_JUNK_QUARANTINE\DEEP_FORENSIC_REPAIR\20260815_154721\BACKUP\index.js.7daea700eed748fa8fbb80f37540fc85.bak","index.js.7daea700eed748fa8fbb80f37540fc85.bak",".bak","48087","0AEAC8E54B7C405B70334C9B18C0AA02226207CF5FC78E6AB08E81AB27FF47F1","","","0","","","","","","","False","False","False","UNKNOWN","No authoritative path/SHA256 identity or library duplicate established.","NEW_UNREGISTERED_SAFE_TO_CREATE_IDENTITY","No Authority path or hash match, but global CONFLICT and DUPLICATE counts for this run were both 0 — nothing in the library contradicts this file. Eligible for a fresh PhysicalItemID using the project's existing ID-minting sequence (do not invent a new ID scheme)."
"_JUNK_QUARANTINE\DEEP_FORENSIC_REPAIR\20260815_154721\BACKUP\index.js.7eded403441848dcb71206d3b6c95091.bak","index.js.7eded403441848dcb71206d3b6c95091.bak",".bak","46757","7534A69026DF51AF8214D41719EE5FE52FD89F5FD47D7FCEB1B6A14609A7E5AB","","","0","","","","","","","False","False","False","UNKNOWN","No authoritative path/SHA256 identity or library duplicate established.","NEW_UNREGISTERED_SAFE_TO_CREATE_IDENTITY","No Authority path or hash match, but global CONFLICT and DUPLICATE counts for this run were both 0 — nothing in the library contradicts this file. Eligible for a fresh PhysicalItemID using the project's existing ID-minting sequence (do not invent a new ID scheme)."
"_JUNK_QUARANTINE\DEEP_FORENSIC_REPAIR\20260815_154721\BACKUP\index.js.7f00f5e487d34e4aa55001e9e4cd7296.bak","index.js.7f00f5e487d34e4aa55001e9e4cd7296.bak",".bak","47050","154668770D080C4A8E9E2589835035CA8BE644748387DD0E0CDC0345A9438FF7","","","0","","","","","","","False","False","False","UNKNOWN","No authoritative path/SHA256 identity or library duplicate established.","NEW_UNREGISTERED_SAFE_TO_CREATE_IDENTITY","No Authority path or hash match, but global CONFLICT and DUPLICATE counts for this run were both 0 — nothing in the library contradicts this file. Eligible for a fresh PhysicalItemID using the project's existing ID-minting sequence (do not invent a new ID scheme)."
"_JUNK_QUARANTINE\DEEP_FORENSIC_REPAIR\20260815_154721\BACKUP\index.js.7f030a9b4563452da0630eff3e9c332f.bak","index.js.7f030a9b4563452da0630eff3e9c332f.bak",".bak","46301","6817C45FA470C34FD78D20EC9FCAC9E6828C37F0355DBE98443DC04A294E9A6C","","","0","","","","","","","False","False","False","UNKNOWN","No authoritative path/SHA256 identity or library duplicate established.","NEW_UNREGISTERED_SAFE_TO_CREATE_IDENTITY","No Authority path or hash match, but global CONFLICT and DUPLICATE counts for this run were both 0 — nothing in the library contradicts this file. Eligible for a fresh PhysicalItemID using the project's existing ID-minting sequence (do not invent a new ID scheme)."
"_JUNK_QUARANTINE\DEEP_FORENSIC_REPAIR\20260815_154721\BACKUP\index.js.7f2b445ab7bf4379a3c0fb22eacbb736.bak","index.js.7f2b445ab7bf4379a3c0fb22eacbb736.bak",".bak","47050","154668770D080C4A8E9E2589835035CA8BE644748387DD0E0CDC0345A9438FF7","","","0","","","","","","","False","False","False","UNKNOWN","No authoritative path/SHA256 identity or library duplicate established.","NEW_UNREGISTERED_SAFE_TO_CREATE_IDENTITY","No Authority path or hash match, but global CONFLICT and DUPLICATE counts for this run were both 0 — nothing in the library contradicts this file. Eligible for a fresh PhysicalItemID using the project's existing ID-minting sequence (do not invent a new ID scheme)."
"_JUNK_QUARANTINE\DEEP_FORENSIC_REPAIR\20260815_154721\BACKUP\index.js.7f951c5844384e1eb687c6cfaf66b3d6.bak","index.js.7f951c5844384e1eb687c6cfaf66b3d6.bak",".bak","45611","57704DD0EDEA69F6BCB7D0520F9BE4536C339058B54169C1A496B12583935827","","","0","","","","","","","False","False","False","UNKNOWN","No authoritative path/SHA256 identity or library duplicate established.","NEW_UNREGISTERED_SAFE_TO_CREATE_IDENTITY","No Authority path or hash match, but global CONFLICT and DUPLICATE counts for this run were both 0 — nothing in the library contradicts this file. Eligible for a fresh PhysicalItemID using the project's existing ID-minting sequence (do not invent a new ID scheme)."
"_JUNK_QUARANTINE\DEEP_FORENSIC_REPAIR\20260815_154721\BACKUP\index.js.80b3f4dc7f9047e2a3aba92ce84f1aae.bak","index.js.80b3f4dc7f9047e2a3aba92ce84f1aae.bak",".bak","47643","CE18752CAC15ED0DA9CFFFD4F334E036230CA1D5B044F1971AFEF724AD60A72D","","","0","","","","","","","False","False","False","UNKNOWN","No authoritative path/SHA256 identity or library duplicate established.","NEW_UNREGISTERED_SAFE_TO_CREATE_IDENTITY","No Authority path or hash match, but global CONFLICT and DUPLICATE counts for this run were both 0 — nothing in the library contradicts this file. Eligible for a fresh PhysicalItemID using the project's existing ID-minting sequence (do not invent a new ID scheme)."
"_JUNK_QUARANTINE\DEEP_FORENSIC_REPAIR\20260815_154721\BACKUP\index.js.81f9d05b29bb4f8ca2bad2d461897acb.bak","index.js.81f9d05b29bb4f8ca2bad2d461897acb.bak",".bak","47123","2959C00A14276127A42641284EB7591AEA810E5E0F8F1B25E2C00C4DA217C67F","","","0","","","","","","","False","False","False","UNKNOWN","No authoritative path/SHA256 identity or library duplicate established.","NEW_UNREGISTERED_SAFE_TO_CREATE_IDENTITY","No Authority path or hash match, but global CONFLICT and DUPLICATE counts for this run were both 0 — nothing in the library contradicts this file. Eligible for a fresh PhysicalItemID using the project's existing ID-minting sequence (do not invent a new ID scheme)."
"_JUNK_QUARANTINE\DEEP_FORENSIC_REPAIR\20260815_154721\BACKUP\index.js.8262b335f0bb4d238a2160559a95eb4d.bak","index.js.8262b335f0bb4d238a2160559a95eb4d.bak",".bak","45716","95F7CD6A2D150F2F2CB8C6ACA3E7026C2A86FF5FBB75DEFC9F1EAA5B4AE92ED3","","","0","","","","","","","False","False","False","UNKNOWN","No authoritative path/SHA256 identity or library duplicate established.","NEW_UNREGISTERED_SAFE_TO_CREATE_IDENTITY","No Authority path or hash match, but global CONFLICT and DUPLICATE counts for this run were both 0 — nothing in the library contradicts this file. Eligible for a fresh PhysicalItemID using the project's existing ID-minting sequence (do not invent a new ID scheme)."
"_JUNK_QUARANTINE\DEEP_FORENSIC_REPAIR\20260815_154721\BACKUP\index.js.8274192a938d40499ee671847106de53.bak","index.js.8274192a938d40499ee671847106de53.bak",".bak","46992","F1A64AF27CE1EB2EA49174D66EDD96E256E7ED867754BAA0F979167AE5200DC0","","","0","","","","","","","False","False","False","UNKNOWN","No authoritative path/SHA256 identity or library duplicate established.","NEW_UNREGISTERED_SAFE_TO_CREATE_IDENTITY","No Authority path or hash match, but global CONFLICT and DUPLICATE counts for this run were both 0 — nothing in the library contradicts this file. Eligible for a fresh PhysicalItemID using the project's existing ID-minting sequence (do not invent a new ID scheme)."
"_JUNK_QUARANTINE\DEEP_FORENSIC_REPAIR\20260815_154721\BACKUP\index.js.83208dec03854a6491c851245cc97e1d.bak","index.js.83208dec03854a6491c851245cc97e1d.bak",".bak","47710","0D13640B363C99FE641603A918C8C40BB52ECBFF439EE5D6D9E55A93BCA64AFB","","","0","","","","","","","False","False","False","UNKNOWN","No authoritative path/SHA256 identity or library duplicate established.","NEW_UNREGISTERED_SAFE_TO_CREATE_IDENTITY","No Authority path or hash match, but global CONFLICT and DUPLICATE counts for this run were both 0 — nothing in the library contradicts this file. Eligible for a fresh PhysicalItemID using the project's existing ID-minting sequence (do not invent a new ID scheme)."
"_JUNK_QUARANTINE\DEEP_FORENSIC_REPAIR\20260815_154721\BACKUP\index.js.835203267b884be1aacc63354877e9d1.bak","index.js.835203267b884be1aacc63354877e9d1.bak",".bak","46770","77E03D1E54D61858CFA74581773A3F8735C353B42CF60DDE2E25BC077389B10C","","","0","","","","","","","False","False","False","UNKNOWN","No authoritative path/SHA256 identity or library duplicate established.","NEW_UNREGISTERED_SAFE_TO_CREATE_IDENTITY","No Authority path or hash match, but global CONFLICT and DUPLICATE counts for this run were both 0 — nothing in the library contradicts this file. Eligible for a fresh PhysicalItemID using the project's existing ID-minting sequence (do not invent a new ID scheme)."
"_JUNK_QUARANTINE\DEEP_FORENSIC_REPAIR\20260815_154721\BACKUP\index.js.8397c7037e7a4600a7183f1877800a9f.bak","index.js.8397c7037e7a4600a7183f1877800a9f.bak",".bak","47026","FB65A8C5B3772F6D1FD9D095A7B38DE158FD8589DAFB57ABA7DFD0858631DE49","","","0","","","","","","","False","False","False","UNKNOWN","No authoritative path/SHA256 identity or library duplicate established.","NEW_UNREGISTERED_SAFE_TO_CREATE_IDENTITY","No Authority path or hash match, but global CONFLICT and DUPLICATE counts for this run were both 0 — nothing in the library contradicts this file. Eligible for a fresh PhysicalItemID using the project's existing ID-minting sequence (do not invent a new ID scheme)."
"_JUNK_QUARANTINE\DEEP_FORENSIC_REPAIR\20260815_154721\BACKUP\index.js.84e67f9a816a45bbaa6f3370fdcb5693.bak","index.js.84e67f9a816a45bbaa6f3370fdcb5693.bak",".bak","47114","2CFE7D8439A637EA8E0F2CFAA45B1802BAA05F15AF326AE8799067948ABE048A","","","0","","","","","","","False","False","False","UNKNOWN","No authoritative path/SHA256 identity or library duplicate established.","NEW_UNREGISTERED_SAFE_TO_CREATE_IDENTITY","No Authority path or hash match, but global CONFLICT and DUPLICATE counts for this run were both 0 — nothing in the library contradicts this file. Eligible for a fresh PhysicalItemID using the project's existing ID-minting sequence (do not invent a new ID scheme)."
"_JUNK_QUARANTINE\DEEP_FORENSIC_REPAIR\20260815_154721\BACKUP\index.js.853acb92904f44b5b82a56b7789b0655.bak","index.js.853acb92904f44b5b82a56b7789b0655.bak",".bak","46599","06D63DE8DF3632549E074E0DAFEC93D7E09673B93DA35369D410626F20C00F01","","","0","","","","","","","False","False","False","UNKNOWN","No authoritative path/SHA256 identity or library duplicate established.","NEW_UNREGISTERED_SAFE_TO_CREATE_IDENTITY","No Authority path or hash match, but global CONFLICT and DUPLICATE counts for this run were both 0 — nothing in the library contradicts this file. Eligible for a fresh PhysicalItemID using the project's existing ID-minting sequence (do not invent a new ID scheme)."
"_JUNK_QUARANTINE\DEEP_FORENSIC_REPAIR\20260815_154721\BACKUP\index.js.8540387466254e0aab7c6c39e93c260a.bak","index.js.8540387466254e0aab7c6c39e93c260a.bak",".bak","47345","0D2FB16E59017C603EFB5DA6AFAAB5B6CB8FD4D9C43652B5844C1EC77D53DF5D","","","0","","","","","","","False","False","False","UNKNOWN","No authoritative path/SHA256 identity or library duplicate established.","NEW_UNREGISTERED_SAFE_TO_CREATE_IDENTITY","No Authority path or hash match, but global CONFLICT and DUPLICATE counts for this run were both 0 — nothing in the library contradicts this file. Eligible for a fresh PhysicalItemID using the project's existing ID-minting sequence (do not invent a new ID scheme)."
"_JUNK_QUARANTINE\DEEP_FORENSIC_REPAIR\20260815_154721\BACKUP\index.js.8560fbacf95146fab9091994ff718357.bak","index.js.8560fbacf95146fab9091994ff718357.bak",".bak","47091","0903A6753046CC78F7216AE6ACFA62EB8F97D7B916F054BA3CDFEE06BDFA20D4","","","0","","","","","","","False","False","False","UNKNOWN","No authoritative path/SHA256 identity or library duplicate established.","NEW_UNREGISTERED_SAFE_TO_CREATE_IDENTITY","No Authority path or hash match, but global CONFLICT and DUPLICATE counts for this run were both 0 — nothing in the library contradicts this file. Eligible for a fresh PhysicalItemID using the project's existing ID-minting sequence (do not invent a new ID scheme)."
"_JUNK_QUARANTINE\DEEP_FORENSIC_REPAIR\20260815_154721\BACKUP\index.js.857f30321f3d48c99c9253c6480df94d.bak","index.js.857f30321f3d48c99c9253c6480df94d.bak",".bak","46443","CA74CAB0C02A4173249D3191FB1BDAC7FF5EC959C7DFB1F66F9A2521386EE063","","","0","","","","","","","False","False","False","UNKNOWN","No authoritative path/SHA256 identity or library duplicate established.","NEW_UNREGISTERED_SAFE_TO_CREATE_IDENTITY","No Authority path or hash match, but global CONFLICT and DUPLICATE counts for this run were both 0 — nothing in the library contradicts this file. Eligible for a fresh PhysicalItemID using the project's existing ID-minting sequence (do not invent a new ID scheme)."
"_JUNK_QUARANTINE\DEEP_FORENSIC_REPAIR\20260815_154721\BACKUP\index.js.85a0014276d941408d13e14f88f1495e.bak","index.js.85a0014276d941408d13e14f88f1495e.bak",".bak","47405","C723B1233C641E32EA4FE4267C13974867B352538C56BC7D1585646ABCBDC1C6","","","0","","","","","","","False","False","False","UNKNOWN","No authoritative path/SHA256 identity or library duplicate established.","NEW_UNREGISTERED_SAFE_TO_CREATE_IDENTITY","No Authority path or hash match, but global CONFLICT and DUPLICATE counts for this run were both 0 — nothing in the library contradicts this file. Eligible for a fresh PhysicalItemID using the project's existing ID-minting sequence (do not invent a new ID scheme)."
"_JUNK_QUARANTINE\DEEP_FORENSIC_REPAIR\20260815_154721\BACKUP\index.js.85f116225e6a49a3bdbf7b5a0f7f5e25.bak","index.js.85f116225e6a49a3bdbf7b5a0f7f5e25.bak",".bak","46326","6B49548F2B75E0BA073D8B266A6C22D24817ED7B74CD0D691E1B7C8C4CE4A9E9","","","0","","","","","","","False","False","False","UNKNOWN","No authoritative path/SHA256 identity or library duplicate established.","NEW_UNREGISTERED_SAFE_TO_CREATE_IDENTITY","No Authority path or hash match, but global CONFLICT and DUPLICATE counts for this run were both 0 — nothing in the library contradicts this file. Eligible for a fresh PhysicalItemID using the project's existing ID-minting sequence (do not invent a new ID scheme)."
"_JUNK_QUARANTINE\DEEP_FORENSIC_REPAIR\20260815_154721\BACKUP\index.js.870411880aec4fa6b0d7925ff0a08815.bak","index.js.870411880aec4fa6b0d7925ff0a08815.bak",".bak","47374","8EC3868C059CFBD637E75544C8CCAFD4DCBA9A210EF0333EF8BC595A4AD1A597","","","0","","","","","","","False","False","False","UNKNOWN","No authoritative path/SHA256 identity or library duplicate established.","NEW_UNREGISTERED_SAFE_TO_CREATE_IDENTITY","No Authority path or hash match, but global CONFLICT and DUPLICATE counts for this run were both 0 — nothing in the library contradicts this file. Eligible for a fresh PhysicalItemID using the project's existing ID-minting sequence (do not invent a new ID scheme)."
"_JUNK_QUARANTINE\DEEP_FORENSIC_REPAIR\20260815_154721\BACKUP\index.js.87fd129de4c14ba5ae152f2fe1061b04.bak","index.js.87fd129de4c14ba5ae152f2fe1061b04.bak",".bak","46572","6992862D9C5EDE341763DBA5982BBD1429A65A97387D39842F9106EC7058D8B9","","","0","","","","","","","False","False","False","UNKNOWN","No authoritative path/SHA256 identity or library duplicate established.","NEW_UNREGISTERED_SAFE_TO_CREATE_IDENTITY","No Authority path or hash match, but global CONFLICT and DUPLICATE counts for this run were both 0 — nothing in the library contradicts this file. Eligible for a fresh PhysicalItemID using the project's existing ID-minting sequence (do not invent a new ID scheme)."
"_JUNK_QUARANTINE\DEEP_FORENSIC_REPAIR\20260815_154721\BACKUP\index.js.890bb82d78b448d69e7962aca45a34ba.bak","index.js.890bb82d78b448d69e7962aca45a34ba.bak",".bak","47465","8A2D5005488042CC4D51EFDAAD46DF7BC25D55663D7F2C7D17C09D021D0659F4","","","0","","","","","","","False","False","False","UNKNOWN","No authoritative path/SHA256 identity or library duplicate established.","NEW_UNREGISTERED_SAFE_TO_CREATE_IDENTITY","No Authority path or hash match, but global CONFLICT and DUPLICATE counts for this run were both 0 — nothing in the library contradicts this file. Eligible for a fresh PhysicalItemID using the project's existing ID-minting sequence (do not invent a new ID scheme)."
"_JUNK_QUARANTINE\DEEP_FORENSIC_REPAIR\20260815_154721\BACKUP\index.js.899bdc5be1d94ed7ba1a6312eb87c2d3.bak","index.js.899bdc5be1d94ed7ba1a6312eb87c2d3.bak",".bak","45635","92C85B60F4D079963FD91165A7C2363B227E7D74B25AB15A7C4716F62D0F8444","","","0","","","","","","","False","False","False","UNKNOWN","No authoritative path/SHA256 identity or library duplicate established.","NEW_UNREGISTERED_SAFE_TO_CREATE_IDENTITY","No Authority path or hash match, but global CONFLICT and DUPLICATE counts for this run were both 0 — nothing in the library contradicts this file. Eligible for a fresh PhysicalItemID using the project's existing ID-minting sequence (do not invent a new ID scheme)."
"_JUNK_QUARANTINE\DEEP_FORENSIC_REPAIR\20260815_154721\BACKUP\index.js.8a185614b6cd4177be87b6246699305b.bak","index.js.8a185614b6cd4177be87b6246699305b.bak",".bak","48202","48615CD3BD9116545798A41A63B59E8373AA60238703FB5FE179F5B1856D97D2","","","0","","","","","","","False","False","False","UNKNOWN","No authoritative path/SHA256 identity or library duplicate established.","NEW_UNREGISTERED_SAFE_TO_CREATE_IDENTITY","No Authority path or hash match, but global CONFLICT and DUPLICATE counts for this run were both 0 — nothing in the library contradicts this file. Eligible for a fresh PhysicalItemID using the project's existing ID-minting sequence (do not invent a new ID scheme)."
"_JUNK_QUARANTINE\DEEP_FORENSIC_REPAIR\20260815_154721\BACKUP\index.js.8b3c506b7849454c84f5bd496eabffe8.bak","index.js.8b3c506b7849454c84f5bd496eabffe8.bak",".bak","47987","B26F879E750E03CDB8C4F1C0ACA827436293E6F0CB0D53AC3ABC11F9B6938A05","","","0","","","","","","","False","False","False","UNKNOWN","No authoritative path/SHA256 identity or library duplicate established.","NEW_UNREGISTERED_SAFE_TO_CREATE_IDENTITY","No Authority path or hash match, but global CONFLICT and DUPLICATE counts for this run were both 0 — nothing in the library contradicts this file. Eligible for a fresh PhysicalItemID using the project's existing ID-minting sequence (do not invent a new ID scheme)."
"_JUNK_QUARANTINE\DEEP_FORENSIC_REPAIR\20260815_154721\BACKUP\index.js.8bd3326e0d384c61965bbe15538f825f.bak","index.js.8bd3326e0d384c61965bbe15538f825f.bak",".bak","47823","6B24682957E420CA86F6BE0D02F4321AE633E35B2D41B4D9BBB386581D5D965A","","","0","","","","","","","False","False","False","UNKNOWN","No authoritative path/SHA256 identity or library duplicate established.","NEW_UNREGISTERED_SAFE_TO_CREATE_IDENTITY","No Authority path or hash match, but global CONFLICT and DUPLICATE counts for this run were both 0 — nothing in the library contradicts this file. Eligible for a fresh PhysicalItemID using the project's existing ID-minting sequence (do not invent a new ID scheme)."
"_JUNK_QUARANTINE\DEEP_FORENSIC_REPAIR\20260815_154721\BACKUP\index.js.8ca3d2e034e5445c8396d608bfbafc47.bak","index.js.8ca3d2e034e5445c8396d608bfbafc47.bak",".bak","47680","FEC95462635F758A7D8286CB4B0241F72410C20F37B8F33B83B0833A3577F584","","","0","","","","","","","False","False","False","UNKNOWN","No authoritative path/SHA256 identity or library duplicate established.","NEW_UNREGISTERED_SAFE_TO_CREATE_IDENTITY","No Authority path or hash match, but global CONFLICT and DUPLICATE counts for this run were both 0 — nothing in the library contradicts this file. Eligible for a fresh PhysicalItemID using the project's existing ID-minting sequence (do not invent a new ID scheme)."
"_JUNK_QUARANTINE\DEEP_FORENSIC_REPAIR\20260815_154721\BACKUP\index.js.8de3a4e61295479ba1627897cf42f30d.bak","index.js.8de3a4e61295479ba1627897cf42f30d.bak",".bak","46351","B3632793FF607FC2CCB8D7D5BCD147F96837E77B73CAA485E2A67C6B1FBDB2A5","","","0","","","","","","","False","False","False","UNKNOWN","No authoritative path/SHA256 identity or library duplicate established.","NEW_UNREGISTERED_SAFE_TO_CREATE_IDENTITY","No Authority path or hash match, but global CONFLICT and DUPLICATE counts for this run were both 0 — nothing in the library contradicts this file. Eligible for a fresh PhysicalItemID using the project's existing ID-minting sequence (do not invent a new ID scheme)."
"_JUNK_QUARANTINE\DEEP_FORENSIC_REPAIR\20260815_154721\BACKUP\index.js.8f23977723f3411fbdb77e83b098b134.bak","index.js.8f23977723f3411fbdb77e83b098b134.bak",".bak","46654","077D78944A880F0E726E5F506689C58F33544750BD16E2F5E6B5F6F6E8B8470E","","","0","","","","","","","False","False","False","UNKNOWN","No authoritative path/SHA256 identity or library duplicate established.","NEW_UNREGISTERED_SAFE_TO_CREATE_IDENTITY","No Authority path or hash match, but global CONFLICT and DUPLICATE counts for this run were both 0 — nothing in the library contradicts this file. Eligible for a fresh PhysicalItemID using the project's existing ID-minting sequence (do not invent a new ID scheme)."
"_JUNK_QUARANTINE\DEEP_FORENSIC_REPAIR\20260815_154721\BACKUP\index.js.8fe0704ebfcf4add9349ccade2562252.bak","index.js.8fe0704ebfcf4add9349ccade2562252.bak",".bak","48298","59FC1259AFB8B6A2B62BDD5A2BD6FC1AB3207037FAD763551E197F5C35B1DBB2","","","0","","","","","","","False","False","False","UNKNOWN","No authoritative path/SHA256 identity or library duplicate established.","NEW_UNREGISTERED_SAFE_TO_CREATE_IDENTITY","No Authority path or hash match, but global CONFLICT and DUPLICATE counts for this run were both 0 — nothing in the library contradicts this file. Eligible for a fresh PhysicalItemID using the project's existing ID-minting sequence (do not invent a new ID scheme)."
"_JUNK_QUARANTINE\DEEP_FORENSIC_REPAIR\20260815_154721\BACKUP\index.js.8ff04cca8f8747f4935fd33334209724.bak","index.js.8ff04cca8f8747f4935fd33334209724.bak",".bak","47329","765B7033C946A93ABF5985476FC2260F763549C9C59298839F7ACE670759A357","","","0","","","","","","","False","False","False","UNKNOWN","No authoritative path/SHA256 identity or library duplicate established.","NEW_UNREGISTERED_SAFE_TO_CREATE_IDENTITY","No Authority path or hash match, but global CONFLICT and DUPLICATE counts for this run were both 0 — nothing in the library contradicts this file. Eligible for a fresh PhysicalItemID using the project's existing ID-minting sequence (do not invent a new ID scheme)."
"_JUNK_QUARANTINE\DEEP_FORENSIC_REPAIR\20260815_154721\BACKUP\index.js.901cd02bb55b4c84ac31208eba1f7e5c.bak","index.js.901cd02bb55b4c84ac31208eba1f7e5c.bak",".bak","45839","5C30E7F027C069A8F5E8D2862E35BCB9BD5F02203C8F2509935CC5E7B845A16D","","","0","","","","","","","False","False","False","UNKNOWN","No authoritative path/SHA256 identity or library duplicate established.","NEW_UNREGISTERED_SAFE_TO_CREATE_IDENTITY","No Authority path or hash match, but global CONFLICT and DUPLICATE counts for this run were both 0 — nothing in the library contradicts this file. Eligible for a fresh PhysicalItemID using the project's existing ID-minting sequence (do not invent a new ID scheme)."
"_JUNK_QUARANTINE\DEEP_FORENSIC_REPAIR\20260815_154721\BACKUP\index.js.9077d298f4904be38f682b266b33c3db.bak","index.js.9077d298f4904be38f682b266b33c3db.bak",".bak","47571","40FE19BE2BA90D833D3E9E5C9A42AD245581CC908C8D2EA4702639A629C7DEA3","","","0","","","","","","","False","False","False","UNKNOWN","No authoritative path/SHA256 identity or library duplicate established.","NEW_UNREGISTERED_SAFE_TO_CREATE_IDENTITY","No Authority path or hash match, but global CONFLICT and DUPLICATE counts for this run were both 0 — nothing in the library contradicts this file. Eligible for a fresh PhysicalItemID using the project's existing ID-minting sequence (do not invent a new ID scheme)."
"_JUNK_QUARANTINE\DEEP_FORENSIC_REPAIR\20260815_154721\BACKUP\index.js.91841af32f5f41d9a2af6b8374de4b56.bak","index.js.91841af32f5f41d9a2af6b8374de4b56.bak",".bak","47352","443B1337103EC8AA3D0537B8E90761C8B82465855559597AE7EB02D09274AB7C","","","0","","","","","","","False","False","False","UNKNOWN","No authoritative path/SHA256 identity or library duplicate established.","NEW_UNREGISTERED_SAFE_TO_CREATE_IDENTITY","No Authority path or hash match, but global CONFLICT and DUPLICATE counts for this run were both 0 — nothing in the library contradicts this file. Eligible for a fresh PhysicalItemID using the project's existing ID-minting sequence (do not invent a new ID scheme)."
"_JUNK_QUARANTINE\DEEP_FORENSIC_REPAIR\20260815_154721\BACKUP\index.js.9197c4a505f6437dab355a3a093504f6.bak","index.js.9197c4a505f6437dab355a3a093504f6.bak",".bak","47277","0EB38AB71299564BBDEF70629EE2E98EDD2EDAB2ABF9D46ED49AC8272DE14BE7","","","0","","","","","","","False","False","False","UNKNOWN","No authoritative path/SHA256 identity or library duplicate established.","NEW_UNREGISTERED_SAFE_TO_CREATE_IDENTITY","No Authority path or hash match, but global CONFLICT and DUPLICATE counts for this run were both 0 — nothing in the library contradicts this file. Eligible for a fresh PhysicalItemID using the project's existing ID-minting sequence (do not invent a new ID scheme)."
"_JUNK_QUARANTINE\DEEP_FORENSIC_REPAIR\20260815_154721\BACKUP\index.js.923dbcf9dc1f4c08b201b8a599e87d45.bak","index.js.923dbcf9dc1f4c08b201b8a599e87d45.bak",".bak","46325","0062A59E59EEA25EA24CB396EDE00CC6FE9A9B7058220704DCBF699D3B04E1B5","","","0","","","","","","","False","False","False","UNKNOWN","No authoritative path/SHA256 identity or library duplicate established.","NEW_UNREGISTERED_SAFE_TO_CREATE_IDENTITY","No Authority path or hash match, but global CONFLICT and DUPLICATE counts for this run were both 0 — nothing in the library contradicts this file. Eligible for a fresh PhysicalItemID using the project's existing ID-minting sequence (do not invent a new ID scheme)."
"_JUNK_QUARANTINE\DEEP_FORENSIC_REPAIR\20260815_154721\BACKUP\index.js.9368b366120c424295b27eb783c97668.bak","index.js.9368b366120c424295b27eb783c97668.bak",".bak","47472","3845FE5728E4F0D2B48C6886C7B866AA56CFF7AE44C0B71EDC5CC307719FAEA9","","","0","","","","","","","False","False","False","UNKNOWN","No authoritative path/SHA256 identity or library duplicate established.","NEW_UNREGISTERED_SAFE_TO_CREATE_IDENTITY","No Authority path or hash match, but global CONFLICT and DUPLICATE counts for this run were both 0 — nothing in the library contradicts this file. Eligible for a fresh PhysicalItemID using the project's existing ID-minting sequence (do not invent a new ID scheme)."
"_JUNK_QUARANTINE\DEEP_FORENSIC_REPAIR\20260815_154721\BACKUP\index.js.936f0bf7765741cdbb6e0fd792df4f16.bak","index.js.936f0bf7765741cdbb6e0fd792df4f16.bak",".bak","47221","CBE33F4C5601218B3CC5FB461442C5DD6F90F51DA3E8EE00A71F1E8891D67949","","","0","","","","","","","False","False","False","UNKNOWN","No authoritative path/SHA256 identity or library duplicate established.","NEW_UNREGISTERED_SAFE_TO_CREATE_IDENTITY","No Authority path or hash match, but global CONFLICT and DUPLICATE counts for this run were both 0 — nothing in the library contradicts this file. Eligible for a fresh PhysicalItemID using the project's existing ID-minting sequence (do not invent a new ID scheme)."
"_JUNK_QUARANTINE\DEEP_FORENSIC_REPAIR\20260815_154721\BACKUP\index.js.94f4439b17ab45c2b54f56b69acde7cd.bak","index.js.94f4439b17ab45c2b54f56b69acde7cd.bak",".bak","47238","76A51F1830B01156663E7D75D0844C7E1C4FBCD9D6FCA1FCDEBD41AE951AF722","","","0","","","","","","","False","False","False","UNKNOWN","No authoritative path/SHA256 identity or library duplicate established.","NEW_UNREGISTERED_SAFE_TO_CREATE_IDENTITY","No Authority path or hash match, but global CONFLICT and DUPLICATE counts for this run were both 0 — nothing in the library contradicts this file. Eligible for a fresh PhysicalItemID using the project's existing ID-minting sequence (do not invent a new ID scheme)."
"_JUNK_QUARANTINE\DEEP_FORENSIC_REPAIR\20260815_154721\BACKUP\index.js.95111a201d4e4f20aba08a9ead7159ad.bak","index.js.95111a201d4e4f20aba08a9ead7159ad.bak",".bak","46087","829E61ADBBA63BC2106F12417CD79CE2763128E7F0F98EB6D355027EED919C10","","","0","","","","","","","False","False","False","UNKNOWN","No authoritative path/SHA256 identity or library duplicate established.","NEW_UNREGISTERED_SAFE_TO_CREATE_IDENTITY","No Authority path or hash match, but global CONFLICT and DUPLICATE counts for this run were both 0 — nothing in the library contradicts this file. Eligible for a fresh PhysicalItemID using the project's existing ID-minting sequence (do not invent a new ID scheme)."
"_JUNK_QUARANTINE\DEEP_FORENSIC_REPAIR\20260815_154721\BACKUP\index.js.9631943bb9f84a18a6b932511b14a614.bak","index.js.9631943bb9f84a18a6b932511b14a614.bak",".bak","48017","05016D68E877847319554C5AF154535440F9EC5A3994F3B64598700D7F97B500","","","0","","","","","","","False","False","False","UNKNOWN","No authoritative path/SHA256 identity or library duplicate established.","NEW_UNREGISTERED_SAFE_TO_CREATE_IDENTITY","No Authority path or hash match, but global CONFLICT and DUPLICATE counts for this run were both 0 — nothing in the library contradicts this file. Eligible for a fresh PhysicalItemID using the project's existing ID-minting sequence (do not invent a new ID scheme)."
"_JUNK_QUARANTINE\DEEP_FORENSIC_REPAIR\20260815_154721\BACKUP\index.js.965445cca31f4ac0af6ba10768331261.bak","index.js.965445cca31f4ac0af6ba10768331261.bak",".bak","47174","06CD8C722BA0CB2B115E553EFB7A0ED71B369253DC13466004C92F37845ECB56","","","0","","","","","","","False","False","False","UNKNOWN","No authoritative path/SHA256 identity or library duplicate established.","NEW_UNREGISTERED_SAFE_TO_CREATE_IDENTITY","No Authority path or hash match, but global CONFLICT and DUPLICATE counts for this run were both 0 — nothing in the library contradicts this file. Eligible for a fresh PhysicalItemID using the project's existing ID-minting sequence (do not invent a new ID scheme)."
"_JUNK_QUARANTINE\DEEP_FORENSIC_REPAIR\20260815_154721\BACKUP\index.js.968bee5de3974b239d11a74c0d34e901.bak","index.js.968bee5de3974b239d11a74c0d34e901.bak",".bak","45873","4F65A33F5E2BF82FDD35AD96E07007364EAD2216399505DFE951B27B27F55754","","","0","","","","","","","False","False","False","UNKNOWN","No authoritative path/SHA256 identity or library duplicate established.","NEW_UNREGISTERED_SAFE_TO_CREATE_IDENTITY","No Authority path or hash match, but global CONFLICT and DUPLICATE counts for this run were both 0 — nothing in the library contradicts this file. Eligible for a fresh PhysicalItemID using the project's existing ID-minting sequence (do not invent a new ID scheme)."
"_JUNK_QUARANTINE\DEEP_FORENSIC_REPAIR\20260815_154721\BACKUP\index.js.96ba90b773d645d4abfc1258f0ea9e86.bak","index.js.96ba90b773d645d4abfc1258f0ea9e86.bak",".bak","45764","581A4D7C1B85F0C55ACC3216F2781C66F9DF9F1C26407B3EE39A3245A8DF3897","","","0","","","","","","","False","False","False","UNKNOWN","No authoritative path/SHA256 identity or library duplicate established.","NEW_UNREGISTERED_SAFE_TO_CREATE_IDENTITY","No Authority path or hash match, but global CONFLICT and DUPLICATE counts for this run were both 0 — nothing in the library contradicts this file. Eligible for a fresh PhysicalItemID using the project's existing ID-minting sequence (do not invent a new ID scheme)."
"_JUNK_QUARANTINE\DEEP_FORENSIC_REPAIR\20260815_154721\BACKUP\index.js.96bee188c4e6473b8a97d2fbd9c8f502.bak","index.js.96bee188c4e6473b8a97d2fbd9c8f502.bak",".bak","48032","9EDF18FA699D3A363C95700A984B227A78D1FF469F22F357CDBAE1A4D3F10DCD","","","0","","","","","","","False","False","False","UNKNOWN","No authoritative path/SHA256 identity or library duplicate established.","NEW_UNREGISTERED_SAFE_TO_CREATE_IDENTITY","No Authority path or hash match, but global CONFLICT and DUPLICATE counts for this run were both 0 — nothing in the library contradicts this file. Eligible for a fresh PhysicalItemID using the project's existing ID-minting sequence (do not invent a new ID scheme)."
"_JUNK_QUARANTINE\DEEP_FORENSIC_REPAIR\20260815_154721\BACKUP\index.js.96e87848688c4652838dc41b13152059.bak","index.js.96e87848688c4652838dc41b13152059.bak",".bak","47214","EB11C6FF3763B77D497F0A1FC6F9354E603B53AAEFF5218C572614E459D679B3","","","0","","","","","","","False","False","False","UNKNOWN","No authoritative path/SHA256 identity or library duplicate established.","NEW_UNREGISTERED_SAFE_TO_CREATE_IDENTITY","No Authority path or hash match, but global CONFLICT and DUPLICATE counts for this run were both 0 — nothing in the library contradicts this file. Eligible for a fresh PhysicalItemID using the project's existing ID-minting sequence (do not invent a new ID scheme)."
"_JUNK_QUARANTINE\DEEP_FORENSIC_REPAIR\20260815_154721\BACKUP\index.js.97ea7f1646284767bc6e549d969adaf1.bak","index.js.97ea7f1646284767bc6e549d969adaf1.bak",".bak","46277","A47E9C8D21EF690B6847ADA3698276C164DA8D4DFCB16DBFF82AAA8CE3D39312","","","0","","","","","","","False","False","False","UNKNOWN","No authoritative path/SHA256 identity or library duplicate established.","NEW_UNREGISTERED_SAFE_TO_CREATE_IDENTITY","No Authority path or hash match, but global CONFLICT and DUPLICATE counts for this run were both 0 — nothing in the library contradicts this file. Eligible for a fresh PhysicalItemID using the project's existing ID-minting sequence (do not invent a new ID scheme)."
"_JUNK_QUARANTINE\DEEP_FORENSIC_REPAIR\20260815_154721\BACKUP\index.js.97f75994227f493ba72e382701aea78c.bak","index.js.97f75994227f493ba72e382701aea78c.bak",".bak","45526","E2BB80C3992A446C4728EB0AC13B814A0873ED7875AAFB31F10FCCE4FC6FDCDE","","","0","","","","","","","False","False","False","UNKNOWN","No authoritative path/SHA256 identity or library duplicate established.","NEW_UNREGISTERED_SAFE_TO_CREATE_IDENTITY","No Authority path or hash match, but global CONFLICT and DUPLICATE counts for this run were both 0 — nothing in the library contradicts this file. Eligible for a fresh PhysicalItemID using the project's existing ID-minting sequence (do not invent a new ID scheme)."
"_JUNK_QUARANTINE\DEEP_FORENSIC_REPAIR\20260815_154721\BACKUP\index.js.98158b9467fd42b09443d9d9483eec57.bak","index.js.98158b9467fd42b09443d9d9483eec57.bak",".bak","46019","6A4896649B5D35B2DD9652440B33624680D5C7C21936692DEFACD94E19787950","","","0","","","","","","","False","False","False","UNKNOWN","No authoritative path/SHA256 identity or library duplicate established.","NEW_UNREGISTERED_SAFE_TO_CREATE_IDENTITY","No Authority path or hash match, but global CONFLICT and DUPLICATE counts for this run were both 0 — nothing in the library contradicts this file. Eligible for a fresh PhysicalItemID using the project's existing ID-minting sequence (do not invent a new ID scheme)."
"_JUNK_QUARANTINE\DEEP_FORENSIC_REPAIR\20260815_154721\BACKUP\index.js.983bd0628cb4411c8f65fd64023d4b4d.bak","index.js.983bd0628cb4411c8f65fd64023d4b4d.bak",".bak","46934","5663C2E4D6EEE3BE35D5BD6BB1D550A15B9E10D93FC0802C957A26210771234E","","","0","","","","","","","False","False","False","UNKNOWN","No authoritative path/SHA256 identity or library duplicate established.","NEW_UNREGISTERED_SAFE_TO_CREATE_IDENTITY","No Authority path or hash match, but global CONFLICT and DUPLICATE counts for this run were both 0 — nothing in the library contradicts this file. Eligible for a fresh PhysicalItemID using the project's existing ID-minting sequence (do not invent a new ID scheme)."
"_JUNK_QUARANTINE\DEEP_FORENSIC_REPAIR\20260815_154721\BACKUP\index.js.9844ff0451b84cdf824167c442df89f6.bak","index.js.9844ff0451b84cdf824167c442df89f6.bak",".bak","47100","A9F9E255DACB7DBF622AB505CC20B76223965D8600B8A31C9176CF41BC9F9E89","","","0","","","","","","","False","False","False","UNKNOWN","No authoritative path/SHA256 identity or library duplicate established.","NEW_UNREGISTERED_SAFE_TO_CREATE_IDENTITY","No Authority path or hash match, but global CONFLICT and DUPLICATE counts for this run were both 0 — nothing in the library contradicts this file. Eligible for a fresh PhysicalItemID using the project's existing ID-minting sequence (do not invent a new ID scheme)."
"_JUNK_QUARANTINE\DEEP_FORENSIC_REPAIR\20260815_154721\BACKUP\index.js.9989a1054c7d48ca90d28091fc0847c2.bak","index.js.9989a1054c7d48ca90d28091fc0847c2.bak",".bak","48247","187FE12BE16FF25CA96467AFEF05D77A42D9B47E5C91270D51F25ABC102CB2E8","","","0","","","","","","","False","False","False","UNKNOWN","No authoritative path/SHA256 identity or library duplicate established.","NEW_UNREGISTERED_SAFE_TO_CREATE_IDENTITY","No Authority path or hash match, but global CONFLICT and DUPLICATE counts for this run were both 0 — nothing in the library contradicts this file. Eligible for a fresh PhysicalItemID using the project's existing ID-minting sequence (do not invent a new ID scheme)."
"_JUNK_QUARANTINE\DEEP_FORENSIC_REPAIR\20260815_154721\BACKUP\index.js.9beb8c5a6ba4435db6a417aac403e128.bak","index.js.9beb8c5a6ba4435db6a417aac403e128.bak",".bak","47106","F5404A0AA7FC2C8FAC3CA66496B89BE45DEE4F1DD18C25D9FD105B223E1CB434","","","0","","","","","","","False","False","False","UNKNOWN","No authoritative path/SHA256 identity or library duplicate established.","NEW_UNREGISTERED_SAFE_TO_CREATE_IDENTITY","No Authority path or hash match, but global CONFLICT and DUPLICATE counts for this run were both 0 — nothing in the library contradicts this file. Eligible for a fresh PhysicalItemID using the project's existing ID-minting sequence (do not invent a new ID scheme)."
"_JUNK_QUARANTINE\DEEP_FORENSIC_REPAIR\20260815_154721\BACKUP\index.js.9c177fb89d7047bf83f8ec72b08483c6.bak","index.js.9c177fb89d7047bf83f8ec72b08483c6.bak",".bak","48323","4D1DF0D5605AA8EC24FE7307A1E0CF28B5676A3A58DBE21C81573248CC81DBB3","","","0","","","","","","","False","False","False","UNKNOWN","No authoritative path/SHA256 identity or library duplicate established.","NEW_UNREGISTERED_SAFE_TO_CREATE_IDENTITY","No Authority path or hash match, but global CONFLICT and DUPLICATE counts for this run were both 0 — nothing in the library contradicts this file. Eligible for a fresh PhysicalItemID using the project's existing ID-minting sequence (do not invent a new ID scheme)."
"_JUNK_QUARANTINE\DEEP_FORENSIC_REPAIR\20260815_154721\BACKUP\index.js.9cd37b07233c428dae5814e0ae550175.bak","index.js.9cd37b07233c428dae5814e0ae550175.bak",".bak","45699","E81C43FF8305DA3A57396F1551FC40448A1DCE378961A4127EF446CDCA520F72","","","0","","","","","","","False","False","False","UNKNOWN","No authoritative path/SHA256 identity or library duplicate established.","NEW_UNREGISTERED_SAFE_TO_CREATE_IDENTITY","No Authority path or hash match, but global CONFLICT and DUPLICATE counts for this run were both 0 — nothing in the library contradicts this file. Eligible for a fresh PhysicalItemID using the project's existing ID-minting sequence (do not invent a new ID scheme)."
"_JUNK_QUARANTINE\DEEP_FORENSIC_REPAIR\20260815_154721\BACKUP\index.js.9eaf832c0b734ad4b1bf4524c0b9a9f0.bak","index.js.9eaf832c0b734ad4b1bf4524c0b9a9f0.bak",".bak","46370","B0824558CFD4D64CD0A4F8071031C2DB4D112A61277202C885AF90903C2A605B","","","0","","","","","","","False","False","False","UNKNOWN","No authoritative path/SHA256 identity or library duplicate established.","NEW_UNREGISTERED_SAFE_TO_CREATE_IDENTITY","No Authority path or hash match, but global CONFLICT and DUPLICATE counts for this run were both 0 — nothing in the library contradicts this file. Eligible for a fresh PhysicalItemID using the project's existing ID-minting sequence (do not invent a new ID scheme)."
"_JUNK_QUARANTINE\DEEP_FORENSIC_REPAIR\20260815_154721\BACKUP\index.js.a0e96e3a93024bfe941c4fb809dfb4a7.bak","index.js.a0e96e3a93024bfe941c4fb809dfb4a7.bak",".bak","47630","33DFFBBA7C523A977E05E7D6C1B6079E7E92ECD1CD873F60FE718C2CA275EE14","","","0","","","","","","","False","False","False","UNKNOWN","No authoritative path/SHA256 identity or library duplicate established.","NEW_UNREGISTERED_SAFE_TO_CREATE_IDENTITY","No Authority path or hash match, but global CONFLICT and DUPLICATE counts for this run were both 0 — nothing in the library contradicts this file. Eligible for a fresh PhysicalItemID using the project's existing ID-minting sequence (do not invent a new ID scheme)."
"_JUNK_QUARANTINE\DEEP_FORENSIC_REPAIR\20260815_154721\BACKUP\index.js.a21ad87795104f37b4ef3c1d7b46c63e.bak","index.js.a21ad87795104f37b4ef3c1d7b46c63e.bak",".bak","46631","0800E4D7D343F305CCC7D2DE9079382EC5C660FC2F8B415BD88CA77E100B9905","","","0","","","","","","","False","False","False","UNKNOWN","No authoritative path/SHA256 identity or library duplicate established.","NEW_UNREGISTERED_SAFE_TO_CREATE_IDENTITY","No Authority path or hash match, but global CONFLICT and DUPLICATE counts for this run were both 0 — nothing in the library contradicts this file. Eligible for a fresh PhysicalItemID using the project's existing ID-minting sequence (do not invent a new ID scheme)."
"_JUNK_QUARANTINE\DEEP_FORENSIC_REPAIR\20260815_154721\BACKUP\index.js.a332bfbd051441598769d8b4a26105a7.bak","index.js.a332bfbd051441598769d8b4a26105a7.bak",".bak","47567","788D89695FF4D690D85449E9E3E71EFDA7548BFBD065927D93C1DDB624EF7599","","","0","","","","","","","False","False","False","UNKNOWN","No authoritative path/SHA256 identity or library duplicate established.","NEW_UNREGISTERED_SAFE_TO_CREATE_IDENTITY","No Authority path or hash match, but global CONFLICT and DUPLICATE counts for this run were both 0 — nothing in the library contradicts this file. Eligible for a fresh PhysicalItemID using the project's existing ID-minting sequence (do not invent a new ID scheme)."
"_JUNK_QUARANTINE\DEEP_FORENSIC_REPAIR\20260815_154721\BACKUP\index.js.a3845d0ecffc45d68ede8383d663916c.bak","index.js.a3845d0ecffc45d68ede8383d663916c.bak",".bak","48233","442849CAA41B7E11BF47DFBBA39D84025C0D005EBDA91E63D73003AA3D83D601","","","0","","","","","","","False","False","False","UNKNOWN","No authoritative path/SHA256 identity or library duplicate established.","NEW_UNREGISTERED_SAFE_TO_CREATE_IDENTITY","No Authority path or hash match, but global CONFLICT and DUPLICATE counts for this run were both 0 — nothing in the library contradicts this file. Eligible for a fresh PhysicalItemID using the project's existing ID-minting sequence (do not invent a new ID scheme)."
"_JUNK_QUARANTINE\DEEP_FORENSIC_REPAIR\20260815_154721\BACKUP\index.js.a39c9bd3dc8a4b9da43261676eb83aad.bak","index.js.a39c9bd3dc8a4b9da43261676eb83aad.bak",".bak","46061","F48F8688C5A52FB36914804B289D2D151E9F99250E9AF64CBFB4F790B01ED25E","","","0","","","","","","","False","False","False","UNKNOWN","No authoritative path/SHA256 identity or library duplicate established.","NEW_UNREGISTERED_SAFE_TO_CREATE_IDENTITY","No Authority path or hash match, but global CONFLICT and DUPLICATE counts for this run were both 0 — nothing in the library contradicts this file. Eligible for a fresh PhysicalItemID using the project's existing ID-minting sequence (do not invent a new ID scheme)."
"_JUNK_QUARANTINE\DEEP_FORENSIC_REPAIR\20260815_154721\BACKUP\index.js.a4143d338e384593aa14e9a3d7fd1113.bak","index.js.a4143d338e384593aa14e9a3d7fd1113.bak",".bak","46396","3C981CEC8719E712AF760A310F34140CB52FC143D2B87280C8CD15B3F9F075CB","","","0","","","","","","","False","False","False","UNKNOWN","No authoritative path/SHA256 identity or library duplicate established.","NEW_UNREGISTERED_SAFE_TO_CREATE_IDENTITY","No Authority path or hash match, but global CONFLICT and DUPLICATE counts for this run were both 0 — nothing in the library contradicts this file. Eligible for a fresh PhysicalItemID using the project's existing ID-minting sequence (do not invent a new ID scheme)."
"_JUNK_QUARANTINE\DEEP_FORENSIC_REPAIR\20260815_154721\BACKUP\index.js.a5ff06f7e7a645579c0bab01528e0a8b.bak","index.js.a5ff06f7e7a645579c0bab01528e0a8b.bak",".bak","47345","0D2FB16E59017C603EFB5DA6AFAAB5B6CB8FD4D9C43652B5844C1EC77D53DF5D","","","0","","","","","","","False","False","False","UNKNOWN","No authoritative path/SHA256 identity or library duplicate established.","NEW_UNREGISTERED_SAFE_TO_CREATE_IDENTITY","No Authority path or hash match, but global CONFLICT and DUPLICATE counts for this run were both 0 — nothing in the library contradicts this file. Eligible for a fresh PhysicalItemID using the project's existing ID-minting sequence (do not invent a new ID scheme)."
"_JUNK_QUARANTINE\DEEP_FORENSIC_REPAIR\20260815_154721\BACKUP\index.js.a7f64dbae97940dd837654eaaaf7292a.bak","index.js.a7f64dbae97940dd837654eaaaf7292a.bak",".bak","46672","18C4B9CE65F6952AD3F8E96CF0788CE877AD6CE8D984972EFEBFC9605397AE05","","","0","","","","","","","False","False","False","UNKNOWN","No authoritative path/SHA256 identity or library duplicate established.","NEW_UNREGISTERED_SAFE_TO_CREATE_IDENTITY","No Authority path or hash match, but global CONFLICT and DUPLICATE counts for this run were both 0 — nothing in the library contradicts this file. Eligible for a fresh PhysicalItemID using the project's existing ID-minting sequence (do not invent a new ID scheme)."
"_JUNK_QUARANTINE\DEEP_FORENSIC_REPAIR\20260815_154721\BACKUP\index.js.a89a06ccad6f462d80f7ab33fb9ca9ef.bak","index.js.a89a06ccad6f462d80f7ab33fb9ca9ef.bak",".bak","46960","C11160DF7282805277FF6A063BCEDC7A1E97DBCD70E5BD740D1972A25A63B66E","","","0","","","","","","","False","False","False","UNKNOWN","No authoritative path/SHA256 identity or library duplicate established.","NEW_UNREGISTERED_SAFE_TO_CREATE_IDENTITY","No Authority path or hash match, but global CONFLICT and DUPLICATE counts for this run were both 0 — nothing in the library contradicts this file. Eligible for a fresh PhysicalItemID using the project's existing ID-minting sequence (do not invent a new ID scheme)."
"_JUNK_QUARANTINE\DEEP_FORENSIC_REPAIR\20260815_154721\BACKUP\index.js.a8cea0ee814d40659f9289675b851f2a.bak","index.js.a8cea0ee814d40659f9289675b851f2a.bak",".bak","47352","A5997EFCBCEB49296A1BB8BA8E4B89DD04A3742716EDC03865698CE591058FF2","","","0","","","","","","","False","False","False","UNKNOWN","No authoritative path/SHA256 identity or library duplicate established.","NEW_UNREGISTERED_SAFE_TO_CREATE_IDENTITY","No Authority path or hash match, but global CONFLICT and DUPLICATE counts for this run were both 0 — nothing in the library contradicts this file. Eligible for a fresh PhysicalItemID using the project's existing ID-minting sequence (do not invent a new ID scheme)."
"_JUNK_QUARANTINE\DEEP_FORENSIC_REPAIR\20260815_154721\BACKUP\index.js.a97012782ad24311b7563d375e2c6b35.bak","index.js.a97012782ad24311b7563d375e2c6b35.bak",".bak","46592","9F151664AC61D7A94E39AB0B3D8CA6ECED8CD47F64BBC5FF7710A2EDD9D6475F","","","0","","","","","","","False","False","False","UNKNOWN","No authoritative path/SHA256 identity or library duplicate established.","NEW_UNREGISTERED_SAFE_TO_CREATE_IDENTITY","No Authority path or hash match, but global CONFLICT and DUPLICATE counts for this run were both 0 — nothing in the library contradicts this file. Eligible for a fresh PhysicalItemID using the project's existing ID-minting sequence (do not invent a new ID scheme)."
"_JUNK_QUARANTINE\DEEP_FORENSIC_REPAIR\20260815_154721\BACKUP\index.js.a9b0373cdcc74d6c8cb788c68a7166d3.bak","index.js.a9b0373cdcc74d6c8cb788c68a7166d3.bak",".bak","46484","8BF59053C2EA98D2F92DCA921486AF2471C38ADD1952E9089D064A39B50C1D17","","","0","","","","","","","False","False","False","UNKNOWN","No authoritative path/SHA256 identity or library duplicate established.","NEW_UNREGISTERED_SAFE_TO_CREATE_IDENTITY","No Authority path or hash match, but global CONFLICT and DUPLICATE counts for this run were both 0 — nothing in the library contradicts this file. Eligible for a fresh PhysicalItemID using the project's existing ID-minting sequence (do not invent a new ID scheme)."
"_JUNK_QUARANTINE\DEEP_FORENSIC_REPAIR\20260815_154721\BACKUP\index.js.a9c6e16dd10d4aa0ae75923f755684a2.bak","index.js.a9c6e16dd10d4aa0ae75923f755684a2.bak",".bak","45591","99ADD764B8B2976BAB86E0D486FBB60076D530A1E93ABEC16F5BFFBEE2DA7977","","","0","","","","","","","False","False","False","UNKNOWN","No authoritative path/SHA256 identity or library duplicate established.","NEW_UNREGISTERED_SAFE_TO_CREATE_IDENTITY","No Authority path or hash match, but global CONFLICT and DUPLICATE counts for this run were both 0 — nothing in the library contradicts this file. Eligible for a fresh PhysicalItemID using the project's existing ID-minting sequence (do not invent a new ID scheme)."
"_JUNK_QUARANTINE\DEEP_FORENSIC_REPAIR\20260815_154721\BACKUP\index.js.aa7536db2c7d4abdbc993c63ba152d81.bak","index.js.aa7536db2c7d4abdbc993c63ba152d81.bak",".bak","48247","187FE12BE16FF25CA96467AFEF05D77A42D9B47E5C91270D51F25ABC102CB2E8","","","0","","","","","","","False","False","False","UNKNOWN","No authoritative path/SHA256 identity or library duplicate established.","NEW_UNREGISTERED_SAFE_TO_CREATE_IDENTITY","No Authority path or hash match, but global CONFLICT and DUPLICATE counts for this run were both 0 — nothing in the library contradicts this file. Eligible for a fresh PhysicalItemID using the project's existing ID-minting sequence (do not invent a new ID scheme)."
"_JUNK_QUARANTINE\DEEP_FORENSIC_REPAIR\20260815_154721\BACKUP\index.js.ac459cf3636f48be9274b081920da69b.bak","index.js.ac459cf3636f48be9274b081920da69b.bak",".bak","46539","B3269FE751F5C593DA45D378AA1B44C7397C61C4AA326FC28E434E9C42A37AC8","","","0","","","","","","","False","False","False","UNKNOWN","No authoritative path/SHA256 identity or library duplicate established.","NEW_UNREGISTERED_SAFE_TO_CREATE_IDENTITY","No Authority path or hash match, but global CONFLICT and DUPLICATE counts for this run were both 0 — nothing in the library contradicts this file. Eligible for a fresh PhysicalItemID using the project's existing ID-minting sequence (do not invent a new ID scheme)."
"_JUNK_QUARANTINE\DEEP_FORENSIC_REPAIR\20260815_154721\BACKUP\index.js.acb7084df3084327838f03693dfbfbe6.bak","index.js.acb7084df3084327838f03693dfbfbe6.bak",".bak","46631","0800E4D7D343F305CCC7D2DE9079382EC5C660FC2F8B415BD88CA77E100B9905","","","0","","","","","","","False","False","False","UNKNOWN","No authoritative path/SHA256 identity or library duplicate established.","NEW_UNREGISTERED_SAFE_TO_CREATE_IDENTITY","No Authority path or hash match, but global CONFLICT and DUPLICATE counts for this run were both 0 — nothing in the library contradicts this file. Eligible for a fresh PhysicalItemID using the project's existing ID-minting sequence (do not invent a new ID scheme)."
"_JUNK_QUARANTINE\DEEP_FORENSIC_REPAIR\20260815_154721\BACKUP\index.js.acbc8b6748b84d3ba5da93a1874b62cd.bak","index.js.acbc8b6748b84d3ba5da93a1874b62cd.bak",".bak","46681","4430FFBB94ED04DB289CB8199412B4F237D5F90193749C44E6F6B8E574826BE9","","","0","","","","","","","False","False","False","UNKNOWN","No authoritative path/SHA256 identity or library duplicate established.","NEW_UNREGISTERED_SAFE_TO_CREATE_IDENTITY","No Authority path or hash match, but global CONFLICT and DUPLICATE counts for this run were both 0 — nothing in the library contradicts this file. Eligible for a fresh PhysicalItemID using the project's existing ID-minting sequence (do not invent a new ID scheme)."
"_JUNK_QUARANTINE\DEEP_FORENSIC_REPAIR\20260815_154721\BACKUP\index.js.ad380b79a2934a199e94acffc2499da0.bak","index.js.ad380b79a2934a199e94acffc2499da0.bak",".bak","45829","3EA08C0B37E2FC212030D6505EDB9D35F2A248BA4F1066CA420F177C7CD03130","","","0","","","","","","","False","False","False","UNKNOWN","No authoritative path/SHA256 identity or library duplicate established.","NEW_UNREGISTERED_SAFE_TO_CREATE_IDENTITY","No Authority path or hash match, but global CONFLICT and DUPLICATE counts for this run were both 0 — nothing in the library contradicts this file. Eligible for a fresh PhysicalItemID using the project's existing ID-minting sequence (do not invent a new ID scheme)."
"_JUNK_QUARANTINE\DEEP_FORENSIC_REPAIR\20260815_154721\BACKUP\index.js.aff2575680ea421b92ff6b926ae2f54f.bak","index.js.aff2575680ea421b92ff6b926ae2f54f.bak",".bak","46507","0B38664D4F978D41A732DD7D680F27E458D2425622C43822935547A319E987DA","","","0","","","","","","","False","False","False","UNKNOWN","No authoritative path/SHA256 identity or library duplicate established.","NEW_UNREGISTERED_SAFE_TO_CREATE_IDENTITY","No Authority path or hash match, but global CONFLICT and DUPLICATE counts for this run were both 0 — nothing in the library contradicts this file. Eligible for a fresh PhysicalItemID using the project's existing ID-minting sequence (do not invent a new ID scheme)."
"_JUNK_QUARANTINE\DEEP_FORENSIC_REPAIR\20260815_154721\BACKUP\index.js.b39c4abab837436aacef8a25f57d9361.bak","index.js.b39c4abab837436aacef8a25f57d9361.bak",".bak","46645","19A13BC86E2B1C8F931BF82FC8FB1FB026F7E9EFEFF29D530C555C465E43CC70","","","0","","","","","","","False","False","False","UNKNOWN","No authoritative path/SHA256 identity or library duplicate established.","NEW_UNREGISTERED_SAFE_TO_CREATE_IDENTITY","No Authority path or hash match, but global CONFLICT and DUPLICATE counts for this run were both 0 — nothing in the library contradicts this file. Eligible for a fresh PhysicalItemID using the project's existing ID-minting sequence (do not invent a new ID scheme)."
"_JUNK_QUARANTINE\DEEP_FORENSIC_REPAIR\20260815_154721\BACKUP\index.js.b3f7540d76f54b35ab311317cfb7586a.bak","index.js.b3f7540d76f54b35ab311317cfb7586a.bak",".bak","46712","7110381E209FF1D0D4A3AF41BFEAB875335BE9D7B34803D5E610078CC5F5813B","","","0","","","","","","","False","False","False","UNKNOWN","No authoritative path/SHA256 identity or library duplicate established.","NEW_UNREGISTERED_SAFE_TO_CREATE_IDENTITY","No Authority path or hash match, but global CONFLICT and DUPLICATE counts for this run were both 0 — nothing in the library contradicts this file. Eligible for a fresh PhysicalItemID using the project's existing ID-minting sequence (do not invent a new ID scheme)."
"_JUNK_QUARANTINE\DEEP_FORENSIC_REPAIR\20260815_154721\BACKUP\index.js.b50d088ad4054f9f8f08e9a584e80d0d.bak","index.js.b50d088ad4054f9f8f08e9a584e80d0d.bak",".bak","45796","A321E3F8FB49E9638B66D7C0DF7E359D5EFFC903080831BAF87E8939F66463DA","","","0","","","","","","","False","False","False","UNKNOWN","No authoritative path/SHA256 identity or library duplicate established.","NEW_UNREGISTERED_SAFE_TO_CREATE_IDENTITY","No Authority path or hash match, but global CONFLICT and DUPLICATE counts for this run were both 0 — nothing in the library contradicts this file. Eligible for a fresh PhysicalItemID using the project's existing ID-minting sequence (do not invent a new ID scheme)."
"_JUNK_QUARANTINE\DEEP_FORENSIC_REPAIR\20260815_154721\BACKUP\index.js.b53f867274604df5bf8ab7caf2d933e6.bak","index.js.b53f867274604df5bf8ab7caf2d933e6.bak",".bak","46655","F6FAB0EAC07CA318A4C9FB6A51C63D39D8CC4C3200139A654CBE2579520C1DC8","","","0","","","","","","","False","False","False","UNKNOWN","No authoritative path/SHA256 identity or library duplicate established.","NEW_UNREGISTERED_SAFE_TO_CREATE_IDENTITY","No Authority path or hash match, but global CONFLICT and DUPLICATE counts for this run were both 0 — nothing in the library contradicts this file. Eligible for a fresh PhysicalItemID using the project's existing ID-minting sequence (do not invent a new ID scheme)."
"_JUNK_QUARANTINE\DEEP_FORENSIC_REPAIR\20260815_154721\BACKUP\index.js.b56397d8ea374280a4c15b1d48e6a172.bak","index.js.b56397d8ea374280a4c15b1d48e6a172.bak",".bak","46883","5A6D6D71C536BEBBB7B2BCB9513087B42BAE636F220C693990C9791504D4ABB4","","","0","","","","","","","False","False","False","UNKNOWN","No authoritative path/SHA256 identity or library duplicate established.","NEW_UNREGISTERED_SAFE_TO_CREATE_IDENTITY","No Authority path or hash match, but global CONFLICT and DUPLICATE counts for this run were both 0 — nothing in the library contradicts this file. Eligible for a fresh PhysicalItemID using the project's existing ID-minting sequence (do not invent a new ID scheme)."
"_JUNK_QUARANTINE\DEEP_FORENSIC_REPAIR\20260815_154721\BACKUP\index.js.b64f0143a3474d21ad0e39d64d0e2688.bak","index.js.b64f0143a3474d21ad0e39d64d0e2688.bak",".bak","46431","D37FA6D9974410C29F4E3E61126F2A70ADD1CE0F4945F8DE3D11C4D5727BD815","","","0","","","","","","","False","False","False","UNKNOWN","No authoritative path/SHA256 identity or library duplicate established.","NEW_UNREGISTERED_SAFE_TO_CREATE_IDENTITY","No Authority path or hash match, but global CONFLICT and DUPLICATE counts for this run were both 0 — nothing in the library contradicts this file. Eligible for a fresh PhysicalItemID using the project's existing ID-minting sequence (do not invent a new ID scheme)."
"_JUNK_QUARANTINE\DEEP_FORENSIC_REPAIR\20260815_154721\BACKUP\index.js.b7774f1c93604c969458483a3b7f9e84.bak","index.js.b7774f1c93604c969458483a3b7f9e84.bak",".bak","46807","D454ACED376406B89436BD44BD5B75528BA0775579430A099A80554430ABE76A","","","0","","","","","","","False","False","False","UNKNOWN","No authoritative path/SHA256 identity or library duplicate established.","NEW_UNREGISTERED_SAFE_TO_CREATE_IDENTITY","No Authority path or hash match, but global CONFLICT and DUPLICATE counts for this run were both 0 — nothing in the library contradicts this file. Eligible for a fresh PhysicalItemID using the project's existing ID-minting sequence (do not invent a new ID scheme)."
"_JUNK_QUARANTINE\DEEP_FORENSIC_REPAIR\20260815_154721\BACKUP\index.js.b789a286ebf643ac82b652762373dd13.bak","index.js.b789a286ebf643ac82b652762373dd13.bak",".bak","45737","E29C750150DAA0A83B7B327E390E7CCA7800EC49CAE38C65DE7BFBFC44FAD5B4","","","0","","","","","","","False","False","False","UNKNOWN","No authoritative path/SHA256 identity or library duplicate established.","NEW_UNREGISTERED_SAFE_TO_CREATE_IDENTITY","No Authority path or hash match, but global CONFLICT and DUPLICATE counts for this run were both 0 — nothing in the library contradicts this file. Eligible for a fresh PhysicalItemID using the project's existing ID-minting sequence (do not invent a new ID scheme)."
"_JUNK_QUARANTINE\DEEP_FORENSIC_REPAIR\20260815_154721\BACKUP\index.js.b798c3433d184681892b9b604efec31b.bak","index.js.b798c3433d184681892b9b604efec31b.bak",".bak","47188","6CB99102E924959C27697ECCE7F5770833F2A23A09147855F8A0EE920B1E9346","","","0","","","","","","","False","False","False","UNKNOWN","No authoritative path/SHA256 identity or library duplicate established.","NEW_UNREGISTERED_SAFE_TO_CREATE_IDENTITY","No Authority path or hash match, but global CONFLICT and DUPLICATE counts for this run were both 0 — nothing in the library contradicts this file. Eligible for a fresh PhysicalItemID using the project's existing ID-minting sequence (do not invent a new ID scheme)."
"_JUNK_QUARANTINE\DEEP_FORENSIC_REPAIR\20260815_154721\BACKUP\index.js.b8457492ee004c2fa7e5a80b2f35ca28.bak","index.js.b8457492ee004c2fa7e5a80b2f35ca28.bak",".bak","47329","B988DD15299528512BAB333CCA093970B8B7C25A792FF52E262712CE0D2DEF4B","","","0","","","","","","","False","False","False","UNKNOWN","No authoritative path/SHA256 identity or library duplicate established.","NEW_UNREGISTERED_SAFE_TO_CREATE_IDENTITY","No Authority path or hash match, but global CONFLICT and DUPLICATE counts for this run were both 0 — nothing in the library contradicts this file. Eligible for a fresh PhysicalItemID using the project's existing ID-minting sequence (do not invent a new ID scheme)."
"_JUNK_QUARANTINE\DEEP_FORENSIC_REPAIR\20260815_154721\BACKUP\index.js.b8f90b145ae2489b8e95e95520659ab5.bak","index.js.b8f90b145ae2489b8e95e95520659ab5.bak",".bak","48071","9CFEB0D3F6BC3A2D78F1E591AC41589EA76E662B0D313931E550B0BC88A2E041","","","0","","","","","","","False","False","False","UNKNOWN","No authoritative path/SHA256 identity or library duplicate established.","NEW_UNREGISTERED_SAFE_TO_CREATE_IDENTITY","No Authority path or hash match, but global CONFLICT and DUPLICATE counts for this run were both 0 — nothing in the library contradicts this file. Eligible for a fresh PhysicalItemID using the project's existing ID-minting sequence (do not invent a new ID scheme)."
"_JUNK_QUARANTINE\DEEP_FORENSIC_REPAIR\20260815_154721\BACKUP\index.js.ba5fe91571444a72b03bbbd49b529ba0.bak","index.js.ba5fe91571444a72b03bbbd49b529ba0.bak",".bak","46808","0D1546ABB5C90416E7E6722BBB27067A1B01C25B4A2C6FFEA5A5046C9D5DB1B6","","","0","","","","","","","False","False","False","UNKNOWN","No authoritative path/SHA256 identity or library duplicate established.","NEW_UNREGISTERED_SAFE_TO_CREATE_IDENTITY","No Authority path or hash match, but global CONFLICT and DUPLICATE counts for this run were both 0 — nothing in the library contradicts this file. Eligible for a fresh PhysicalItemID using the project's existing ID-minting sequence (do not invent a new ID scheme)."
"_JUNK_QUARANTINE\DEEP_FORENSIC_REPAIR\20260815_154721\BACKUP\index.js.bbdaf4f8787a4cf5bc567142cc50f48c.bak","index.js.bbdaf4f8787a4cf5bc567142cc50f48c.bak",".bak","46782","788B1ABA95023228069539848A1633C60C8192B929795EEEC129C0F265425EB2","","","0","","","","","","","False","False","False","UNKNOWN","No authoritative path/SHA256 identity or library duplicate established.","NEW_UNREGISTERED_SAFE_TO_CREATE_IDENTITY","No Authority path or hash match, but global CONFLICT and DUPLICATE counts for this run were both 0 — nothing in the library contradicts this file. Eligible for a fresh PhysicalItemID using the project's existing ID-minting sequence (do not invent a new ID scheme)."
"_JUNK_QUARANTINE\DEEP_FORENSIC_REPAIR\20260815_154721\BACKUP\index.js.bc2d9f8902644f1da9ece5bbcc8275d8.bak","index.js.bc2d9f8902644f1da9ece5bbcc8275d8.bak",".bak","48140","6ACD242DA8A58C3AD285368B02BF09C5C6E2463A535BBCFA0D94E6C92D0C8CB4","","","0","","","","","","","False","False","False","UNKNOWN","No authoritative path/SHA256 identity or library duplicate established.","NEW_UNREGISTERED_SAFE_TO_CREATE_IDENTITY","No Authority path or hash match, but global CONFLICT and DUPLICATE counts for this run were both 0 — nothing in the library contradicts this file. Eligible for a fresh PhysicalItemID using the project's existing ID-minting sequence (do not invent a new ID scheme)."
"_JUNK_QUARANTINE\DEEP_FORENSIC_REPAIR\20260815_154721\BACKUP\index.js.bfee3ee9075a48818e2af67a025d3fd0.bak","index.js.bfee3ee9075a48818e2af67a025d3fd0.bak",".bak","46417","97A74C3BE016EA30CBF4A14FEBE4C21840F67227528258786B68955584999DF8","","","0","","","","","","","False","False","False","UNKNOWN","No authoritative path/SHA256 identity or library duplicate established.","NEW_UNREGISTERED_SAFE_TO_CREATE_IDENTITY","No Authority path or hash match, but global CONFLICT and DUPLICATE counts for this run were both 0 — nothing in the library contradicts this file. Eligible for a fresh PhysicalItemID using the project's existing ID-minting sequence (do not invent a new ID scheme)."
"_JUNK_QUARANTINE\DEEP_FORENSIC_REPAIR\20260815_154721\BACKUP\index.js.bfffaa409bd14024beddb5f9f0514956.bak","index.js.bfffaa409bd14024beddb5f9f0514956.bak",".bak","47630","33DFFBBA7C523A977E05E7D6C1B6079E7E92ECD1CD873F60FE718C2CA275EE14","","","0","","","","","","","False","False","False","UNKNOWN","No authoritative path/SHA256 identity or library duplicate established.","NEW_UNREGISTERED_SAFE_TO_CREATE_IDENTITY","No Authority path or hash match, but global CONFLICT and DUPLICATE counts for this run were both 0 — nothing in the library contradicts this file. Eligible for a fresh PhysicalItemID using the project's existing ID-minting sequence (do not invent a new ID scheme)."
"_JUNK_QUARANTINE\DEEP_FORENSIC_REPAIR\20260815_154721\BACKUP\index.js.c04bb45034ff4eccb0ec6f9d7cb604c5.bak","index.js.c04bb45034ff4eccb0ec6f9d7cb604c5.bak",".bak","46960","C11160DF7282805277FF6A063BCEDC7A1E97DBCD70E5BD740D1972A25A63B66E","","","0","","","","","","","False","False","False","UNKNOWN","No authoritative path/SHA256 identity or library duplicate established.","NEW_UNREGISTERED_SAFE_TO_CREATE_IDENTITY","No Authority path or hash match, but global CONFLICT and DUPLICATE counts for this run were both 0 — nothing in the library contradicts this file. Eligible for a fresh PhysicalItemID using the project's existing ID-minting sequence (do not invent a new ID scheme)."
"_JUNK_QUARANTINE\DEEP_FORENSIC_REPAIR\20260815_154721\BACKUP\index.js.c135db39e7764408a3e4131bc42257aa.bak","index.js.c135db39e7764408a3e4131bc42257aa.bak",".bak","47987","B26F879E750E03CDB8C4F1C0ACA827436293E6F0CB0D53AC3ABC11F9B6938A05","","","0","","","","","","","False","False","False","UNKNOWN","No authoritative path/SHA256 identity or library duplicate established.","NEW_UNREGISTERED_SAFE_TO_CREATE_IDENTITY","No Authority path or hash match, but global CONFLICT and DUPLICATE counts for this run were both 0 — nothing in the library contradicts this file. Eligible for a fresh PhysicalItemID using the project's existing ID-minting sequence (do not invent a new ID scheme)."
"_JUNK_QUARANTINE\DEEP_FORENSIC_REPAIR\20260815_154721\BACKUP\index.js.c198ef3f644742b2b817d67dc399127e.bak","index.js.c198ef3f644742b2b817d67dc399127e.bak",".bak","47486","94CAAEB827BA2B1C47F418E0C1370F2E94127E9B31CE550B46B4148C3519891D","","","0","","","","","","","False","False","False","UNKNOWN","No authoritative path/SHA256 identity or library duplicate established.","NEW_UNREGISTERED_SAFE_TO_CREATE_IDENTITY","No Authority path or hash match, but global CONFLICT and DUPLICATE counts for this run were both 0 — nothing in the library contradicts this file. Eligible for a fresh PhysicalItemID using the project's existing ID-minting sequence (do not invent a new ID scheme)."
"_JUNK_QUARANTINE\DEEP_FORENSIC_REPAIR\20260815_154721\BACKUP\index.js.c26e93fe099941a08b324dd7f618df42.bak","index.js.c26e93fe099941a08b324dd7f618df42.bak",".bak","47656","16766470A4BC881DFBF423C36B933D384DA6068D18471FBF55FFA3D90FE44ADC","","","0","","","","","","","False","False","False","UNKNOWN","No authoritative path/SHA256 identity or library duplicate established.","NEW_UNREGISTERED_SAFE_TO_CREATE_IDENTITY","No Authority path or hash match, but global CONFLICT and DUPLICATE counts for this run were both 0 — nothing in the library contradicts this file. Eligible for a fresh PhysicalItemID using the project's existing ID-minting sequence (do not invent a new ID scheme)."
"_JUNK_QUARANTINE\DEEP_FORENSIC_REPAIR\20260815_154721\BACKUP\index.js.c3522acb43c7486f933903a9173a292c.bak","index.js.c3522acb43c7486f933903a9173a292c.bak",".bak","46508","8DD05FE31FEE8CF3FC73FA1342BB697C9B4C8E004F5AA3C31761892D049638CF","","","0","","","","","","","False","False","False","UNKNOWN","No authoritative path/SHA256 identity or library duplicate established.","NEW_UNREGISTERED_SAFE_TO_CREATE_IDENTITY","No Authority path or hash match, but global CONFLICT and DUPLICATE counts for this run were both 0 — nothing in the library contradicts this file. Eligible for a fresh PhysicalItemID using the project's existing ID-minting sequence (do not invent a new ID scheme)."
"_JUNK_QUARANTINE\DEEP_FORENSIC_REPAIR\20260815_154721\BACKUP\index.js.c5c5769f68764796b77c0be9fdf2f097.bak","index.js.c5c5769f68764796b77c0be9fdf2f097.bak",".bak","47397","1E5ECF977F68BD99CF5C43E27120162A9772E8D9B28722AAAF21F2E00725CD26","","","0","","","","","","","False","False","False","UNKNOWN","No authoritative path/SHA256 identity or library duplicate established.","NEW_UNREGISTERED_SAFE_TO_CREATE_IDENTITY","No Authority path or hash match, but global CONFLICT and DUPLICATE counts for this run were both 0 — nothing in the library contradicts this file. Eligible for a fresh PhysicalItemID using the project's existing ID-minting sequence (do not invent a new ID scheme)."
"_JUNK_QUARANTINE\DEEP_FORENSIC_REPAIR\20260815_154721\BACKUP\index.js.c68611eb610541518919d9f0f91a9498.bak","index.js.c68611eb610541518919d9f0f91a9498.bak",".bak","45678","0EE1299D3BB6EA4B42A47A3F4868C7004165A3934CDC7806FF485EC6D900C2B6","","","0","","","","","","","False","False","False","UNKNOWN","No authoritative path/SHA256 identity or library duplicate established.","NEW_UNREGISTERED_SAFE_TO_CREATE_IDENTITY","No Authority path or hash match, but global CONFLICT and DUPLICATE counts for this run were both 0 — nothing in the library contradicts this file. Eligible for a fresh PhysicalItemID using the project's existing ID-minting sequence (do not invent a new ID scheme)."
"_JUNK_QUARANTINE\DEEP_FORENSIC_REPAIR\20260815_154721\BACKUP\index.js.c8e6d12d210f48e4bf68dbe7f33c69cb.bak","index.js.c8e6d12d210f48e4bf68dbe7f33c69cb.bak",".bak","47936","26B736EC5AEB4D3DC9EA5676CC9EFC2A88E97BA86C3ECA6DA06A16CC1C003A1D","","","0","","","","","","","False","False","False","UNKNOWN","No authoritative path/SHA256 identity or library duplicate established.","NEW_UNREGISTERED_SAFE_TO_CREATE_IDENTITY","No Authority path or hash match, but global CONFLICT and DUPLICATE counts for this run were both 0 — nothing in the library contradicts this file. Eligible for a fresh PhysicalItemID using the project's existing ID-minting sequence (do not invent a new ID scheme)."
"_JUNK_QUARANTINE\DEEP_FORENSIC_REPAIR\20260815_154721\BACKUP\index.js.c9dcfb7c69c74c9098b385f32fb23490.bak","index.js.c9dcfb7c69c74c9098b385f32fb23490.bak",".bak","47688","75A0C1C600DF4639E3762B595BAF4093D125E5C01C91829E89FC2B6E9D2D8E7D","","","0","","","","","","","False","False","False","UNKNOWN","No authoritative path/SHA256 identity or library duplicate established.","NEW_UNREGISTERED_SAFE_TO_CREATE_IDENTITY","No Authority path or hash match, but global CONFLICT and DUPLICATE counts for this run were both 0 — nothing in the library contradicts this file. Eligible for a fresh PhysicalItemID using the project's existing ID-minting sequence (do not invent a new ID scheme)."
"_JUNK_QUARANTINE\DEEP_FORENSIC_REPAIR\20260815_154721\BACKUP\index.js.ccdcb93a33de4f308c54b7a9a60f40c2.bak","index.js.ccdcb93a33de4f308c54b7a9a60f40c2.bak",".bak","47243","B83B422E479EF0649DE099D067E9F6B00EB2DD90A4C82515488A6506555D0A5C","","","0","","","","","","","False","False","False","UNKNOWN","No authoritative path/SHA256 identity or library duplicate established.","NEW_UNREGISTERED_SAFE_TO_CREATE_IDENTITY","No Authority path or hash match, but global CONFLICT and DUPLICATE counts for this run were both 0 — nothing in the library contradicts this file. Eligible for a fresh PhysicalItemID using the project's existing ID-minting sequence (do not invent a new ID scheme)."
"_JUNK_QUARANTINE\DEEP_FORENSIC_REPAIR\20260815_154721\BACKUP\index.js.cd003b261db0449b89edc32ccce868a1.bak","index.js.cd003b261db0449b89edc32ccce868a1.bak",".bak","46916","9C8634CB9B4CED2FBEA7A1E26E5ADA1CFD6D8098E99C9562BF1A3B99B6BD70F1","","","0","","","","","","","False","False","False","UNKNOWN","No authoritative path/SHA256 identity or library duplicate established.","NEW_UNREGISTERED_SAFE_TO_CREATE_IDENTITY","No Authority path or hash match, but global CONFLICT and DUPLICATE counts for this run were both 0 — nothing in the library contradicts this file. Eligible for a fresh PhysicalItemID using the project's existing ID-minting sequence (do not invent a new ID scheme)."
"_JUNK_QUARANTINE\DEEP_FORENSIC_REPAIR\20260815_154721\BACKUP\index.js.cd1e1c1f40cb497f850801f812ce0a12.bak","index.js.cd1e1c1f40cb497f850801f812ce0a12.bak",".bak","47735","FCA7B5B25AF8271B320AFF7601AF5FC2A333E67EDD787852A9B595DB2E8EB222","","","0","","","","","","","False","False","False","UNKNOWN","No authoritative path/SHA256 identity or library duplicate established.","NEW_UNREGISTERED_SAFE_TO_CREATE_IDENTITY","No Authority path or hash match, but global CONFLICT and DUPLICATE counts for this run were both 0 — nothing in the library contradicts this file. Eligible for a fresh PhysicalItemID using the project's existing ID-minting sequence (do not invent a new ID scheme)."
"_JUNK_QUARANTINE\DEEP_FORENSIC_REPAIR\20260815_154721\BACKUP\index.js.cd775ead59a14582bc4e89307ecc1def.bak","index.js.cd775ead59a14582bc4e89307ecc1def.bak",".bak","46399","040EE203D61290F70D1AEE6A7C8F7D04F7394216EE1D45034F7EA6710281BF65","","","0","","","","","","","False","False","False","UNKNOWN","No authoritative path/SHA256 identity or library duplicate established.","NEW_UNREGISTERED_SAFE_TO_CREATE_IDENTITY","No Authority path or hash match, but global CONFLICT and DUPLICATE counts for this run were both 0 — nothing in the library contradicts this file. Eligible for a fresh PhysicalItemID using the project's existing ID-minting sequence (do not invent a new ID scheme)."
"_JUNK_QUARANTINE\DEEP_FORENSIC_REPAIR\20260815_154721\BACKUP\index.js.ceda24d54f734f5d8b1238ffdb646f6d.bak","index.js.ceda24d54f734f5d8b1238ffdb646f6d.bak",".bak","47417","966138AC0C6F6A7ED9929CA20BB71D43B1C67DE268A5ED7B85AF676126A6EEA8","","","0","","","","","","","False","False","False","UNKNOWN","No authoritative path/SHA256 identity or library duplicate established.","NEW_UNREGISTERED_SAFE_TO_CREATE_IDENTITY","No Authority path or hash match, but global CONFLICT and DUPLICATE counts for this run were both 0 — nothing in the library contradicts this file. Eligible for a fresh PhysicalItemID using the project's existing ID-minting sequence (do not invent a new ID scheme)."
"_JUNK_QUARANTINE\DEEP_FORENSIC_REPAIR\20260815_154721\BACKUP\index.js.ceeec46fccfb4adbb1a525fb9a3098c8.bak","index.js.ceeec46fccfb4adbb1a525fb9a3098c8.bak",".bak","45968","7C283492325B9997356BB761A2785BDC9663C0BF9A1E9CECEAE702EFF4BD987F","","","0","","","","","","","False","False","False","UNKNOWN","No authoritative path/SHA256 identity or library duplicate established.","NEW_UNREGISTERED_SAFE_TO_CREATE_IDENTITY","No Authority path or hash match, but global CONFLICT and DUPLICATE counts for this run were both 0 — nothing in the library contradicts this file. Eligible for a fresh PhysicalItemID using the project's existing ID-minting sequence (do not invent a new ID scheme)."
"_JUNK_QUARANTINE\DEEP_FORENSIC_REPAIR\20260815_154721\BACKUP\index.js.d05c3dc10cca47eda1df5a9b77863a00.bak","index.js.d05c3dc10cca47eda1df5a9b77863a00.bak",".bak","47590","672B7267F8E2B5A42A56260D2E257577899DA3891C2B0EE9A6ECD581C4EA1661","","","0","","","","","","","False","False","False","UNKNOWN","No authoritative path/SHA256 identity or library duplicate established.","NEW_UNREGISTERED_SAFE_TO_CREATE_IDENTITY","No Authority path or hash match, but global CONFLICT and DUPLICATE counts for this run were both 0 — nothing in the library contradicts this file. Eligible for a fresh PhysicalItemID using the project's existing ID-minting sequence (do not invent a new ID scheme)."
"_JUNK_QUARANTINE\DEEP_FORENSIC_REPAIR\20260815_154721\BACKUP\index.js.d09e64817b394fcc8d93cced9accd286.bak","index.js.d09e64817b394fcc8d93cced9accd286.bak",".bak","48298","59FC1259AFB8B6A2B62BDD5A2BD6FC1AB3207037FAD763551E197F5C35B1DBB2","","","0","","","","","","","False","False","False","UNKNOWN","No authoritative path/SHA256 identity or library duplicate established.","NEW_UNREGISTERED_SAFE_TO_CREATE_IDENTITY","No Authority path or hash match, but global CONFLICT and DUPLICATE counts for this run were both 0 — nothing in the library contradicts this file. Eligible for a fresh PhysicalItemID using the project's existing ID-minting sequence (do not invent a new ID scheme)."
"_JUNK_QUARANTINE\DEEP_FORENSIC_REPAIR\20260815_154721\BACKUP\index.js.d1b0b88f812749dcb5f75de15ae5b5fe.bak","index.js.d1b0b88f812749dcb5f75de15ae5b5fe.bak",".bak","47680","FEC95462635F758A7D8286CB4B0241F72410C20F37B8F33B83B0833A3577F584","","","0","","","","","","","False","False","False","UNKNOWN","No authoritative path/SHA256 identity or library duplicate established.","NEW_UNREGISTERED_SAFE_TO_CREATE_IDENTITY","No Authority path or hash match, but global CONFLICT and DUPLICATE counts for this run were both 0 — nothing in the library contradicts this file. Eligible for a fresh PhysicalItemID using the project's existing ID-minting sequence (do not invent a new ID scheme)."
"_JUNK_QUARANTINE\DEEP_FORENSIC_REPAIR\20260815_154721\BACKUP\index.js.d1dd8d44d9e94dc58153374085f6ad1e.bak","index.js.d1dd8d44d9e94dc58153374085f6ad1e.bak",".bak","46539","B3269FE751F5C593DA45D378AA1B44C7397C61C4AA326FC28E434E9C42A37AC8","","","0","","","","","","","False","False","False","UNKNOWN","No authoritative path/SHA256 identity or library duplicate established.","NEW_UNREGISTERED_SAFE_TO_CREATE_IDENTITY","No Authority path or hash match, but global CONFLICT and DUPLICATE counts for this run were both 0 — nothing in the library contradicts this file. Eligible for a fresh PhysicalItemID using the project's existing ID-minting sequence (do not invent a new ID scheme)."
"_JUNK_QUARANTINE\DEEP_FORENSIC_REPAIR\20260815_154721\BACKUP\index.js.d21a5678017f40a0985ef1af0123a143.bak","index.js.d21a5678017f40a0985ef1af0123a143.bak",".bak","46712","7110381E209FF1D0D4A3AF41BFEAB875335BE9D7B34803D5E610078CC5F5813B","","","0","","","","","","","False","False","False","UNKNOWN","No authoritative path/SHA256 identity or library duplicate established.","NEW_UNREGISTERED_SAFE_TO_CREATE_IDENTITY","No Authority path or hash match, but global CONFLICT and DUPLICATE counts for this run were both 0 — nothing in the library contradicts this file. Eligible for a fresh PhysicalItemID using the project's existing ID-minting sequence (do not invent a new ID scheme)."
"_JUNK_QUARANTINE\DEEP_FORENSIC_REPAIR\20260815_154721\BACKUP\index.js.d53909c533fd415ba45fcb2dfd1c80ac.bak","index.js.d53909c533fd415ba45fcb2dfd1c80ac.bak",".bak","45868","7E0F725FCF6770F16C9F0168523502E815C46D680FB08DC2A60F2B8E491D4D0E","","","0","","","","","","","False","False","False","UNKNOWN","No authoritative path/SHA256 identity or library duplicate established.","NEW_UNREGISTERED_SAFE_TO_CREATE_IDENTITY","No Authority path or hash match, but global CONFLICT and DUPLICATE counts for this run were both 0 — nothing in the library contradicts this file. Eligible for a fresh PhysicalItemID using the project's existing ID-minting sequence (do not invent a new ID scheme)."
"_JUNK_QUARANTINE\DEEP_FORENSIC_REPAIR\20260815_154721\BACKUP\index.js.d56cfb3b99c4414da8096f32695bc3c8.bak","index.js.d56cfb3b99c4414da8096f32695bc3c8.bak",".bak","46464","4EC9C91F63CC7AD359E15C0EC14D4819D116687E824BD4DF6CC323BCE8AD5B55","","","0","","","","","","","False","False","False","UNKNOWN","No authoritative path/SHA256 identity or library duplicate established.","NEW_UNREGISTERED_SAFE_TO_CREATE_IDENTITY","No Authority path or hash match, but global CONFLICT and DUPLICATE counts for this run were both 0 — nothing in the library contradicts this file. Eligible for a fresh PhysicalItemID using the project's existing ID-minting sequence (do not invent a new ID scheme)."
"_JUNK_QUARANTINE\DEEP_FORENSIC_REPAIR\20260815_154721\BACKUP\index.js.d59565f5c8af4d8799bc4dc9aa3d346b.bak","index.js.d59565f5c8af4d8799bc4dc9aa3d346b.bak",".bak","45849","DDAE23DF22B4E55AF90E7D263FB052ED43C1F2903F2FAF4CA251F219522A213F","","","0","","","","","","","False","False","False","UNKNOWN","No authoritative path/SHA256 identity or library duplicate established.","NEW_UNREGISTERED_SAFE_TO_CREATE_IDENTITY","No Authority path or hash match, but global CONFLICT and DUPLICATE counts for this run were both 0 — nothing in the library contradicts this file. Eligible for a fresh PhysicalItemID using the project's existing ID-minting sequence (do not invent a new ID scheme)."
"_JUNK_QUARANTINE\DEEP_FORENSIC_REPAIR\20260815_154721\BACKUP\index.js.d6f15378b43843a28097cde9ea199c62.bak","index.js.d6f15378b43843a28097cde9ea199c62.bak",".bak","48001","0273041CD48F5BADAEC931BDDEA4593E6078675027A6CA2B78CB88B1BF134BEC","","","0","","","","","","","False","False","False","UNKNOWN","No authoritative path/SHA256 identity or library duplicate established.","NEW_UNREGISTERED_SAFE_TO_CREATE_IDENTITY","No Authority path or hash match, but global CONFLICT and DUPLICATE counts for this run were both 0 — nothing in the library contradicts this file. Eligible for a fresh PhysicalItemID using the project's existing ID-minting sequence (do not invent a new ID scheme)."
"_JUNK_QUARANTINE\DEEP_FORENSIC_REPAIR\20260815_154721\BACKUP\index.js.d737a56b5d904011abf7b9ecba2964e1.bak","index.js.d737a56b5d904011abf7b9ecba2964e1.bak",".bak","47765","FA709EB4D2208D49D835193289A65A43085D7FF1C05F0364DADF1E14435C1AC3","","","0","","","","","","","False","False","False","UNKNOWN","No authoritative path/SHA256 identity or library duplicate established.","NEW_UNREGISTERED_SAFE_TO_CREATE_IDENTITY","No Authority path or hash match, but global CONFLICT and DUPLICATE counts for this run were both 0 — nothing in the library contradicts this file. Eligible for a fresh PhysicalItemID using the project's existing ID-minting sequence (do not invent a new ID scheme)."
"_JUNK_QUARANTINE\DEEP_FORENSIC_REPAIR\20260815_154721\BACKUP\index.js.d7c59a0f5749429d82f73e85b745d6a9.bak","index.js.d7c59a0f5749429d82f73e85b745d6a9.bak",".bak","46725","B56CEADF237A966096A44A6D472ED71FE38914B65E74A66FC22D3A413895EF21","","","0","","","","","","","False","False","False","UNKNOWN","No authoritative path/SHA256 identity or library duplicate established.","NEW_UNREGISTERED_SAFE_TO_CREATE_IDENTITY","No Authority path or hash match, but global CONFLICT and DUPLICATE counts for this run were both 0 — nothing in the library contradicts this file. Eligible for a fresh PhysicalItemID using the project's existing ID-minting sequence (do not invent a new ID scheme)."
"_JUNK_QUARANTINE\DEEP_FORENSIC_REPAIR\20260815_154721\BACKUP\index.js.d8671b64b2bb4065a09ab7f861a78d2a.bak","index.js.d8671b64b2bb4065a09ab7f861a78d2a.bak",".bak","46745","D811F9374D2A52E92B687E019AE97AFEDABA4991FE5A426FDCE119D46AC0CD68","","","0","","","","","","","False","False","False","UNKNOWN","No authoritative path/SHA256 identity or library duplicate established.","NEW_UNREGISTERED_SAFE_TO_CREATE_IDENTITY","No Authority path or hash match, but global CONFLICT and DUPLICATE counts for this run were both 0 — nothing in the library contradicts this file. Eligible for a fresh PhysicalItemID using the project's existing ID-minting sequence (do not invent a new ID scheme)."
"_JUNK_QUARANTINE\DEEP_FORENSIC_REPAIR\20260815_154721\BACKUP\index.js.d99b1d1ad7b144389007ccdef035ad4b.bak","index.js.d99b1d1ad7b144389007ccdef035ad4b.bak",".bak","46250","8E4766AE5FDB3039F123794521464B605E76AA4E7155A55121E616482D3ECC5C","","","0","","","","","","","False","False","False","UNKNOWN","No authoritative path/SHA256 identity or library duplicate established.","NEW_UNREGISTERED_SAFE_TO_CREATE_IDENTITY","No Authority path or hash match, but global CONFLICT and DUPLICATE counts for this run were both 0 — nothing in the library contradicts this file. Eligible for a fresh PhysicalItemID using the project's existing ID-minting sequence (do not invent a new ID scheme)."
"_JUNK_QUARANTINE\DEEP_FORENSIC_REPAIR\20260815_154721\BACKUP\index.js.d99bb338ec094b1fbc2c872cad98f54b.bak","index.js.d99bb338ec094b1fbc2c872cad98f54b.bak",".bak","46770","77E03D1E54D61858CFA74581773A3F8735C353B42CF60DDE2E25BC077389B10C","","","0","","","","","","","False","False","False","UNKNOWN","No authoritative path/SHA256 identity or library duplicate established.","NEW_UNREGISTERED_SAFE_TO_CREATE_IDENTITY","No Authority path or hash match, but global CONFLICT and DUPLICATE counts for this run were both 0 — nothing in the library contradicts this file. Eligible for a fresh PhysicalItemID using the project's existing ID-minting sequence (do not invent a new ID scheme)."
"_JUNK_QUARANTINE\DEEP_FORENSIC_REPAIR\20260815_154721\BACKUP\index.js.da143277a0344bec94bd40747778fb02.bak","index.js.da143277a0344bec94bd40747778fb02.bak",".bak","46741","D0E5BEC855DA40293E6BD3D772C83EDAD1C7B57B44F698255AF97C9E9AA0FF66","","","0","","","","","","","False","False","False","UNKNOWN","No authoritative path/SHA256 identity or library duplicate established.","NEW_UNREGISTERED_SAFE_TO_CREATE_IDENTITY","No Authority path or hash match, but global CONFLICT and DUPLICATE counts for this run were both 0 — nothing in the library contradicts this file. Eligible for a fresh PhysicalItemID using the project's existing ID-minting sequence (do not invent a new ID scheme)."
"_JUNK_QUARANTINE\DEEP_FORENSIC_REPAIR\20260815_154721\BACKUP\index.js.da46ec3b13f74ad196255d800dfac5fb.bak","index.js.da46ec3b13f74ad196255d800dfac5fb.bak",".bak","47221","CBE33F4C5601218B3CC5FB461442C5DD6F90F51DA3E8EE00A71F1E8891D67949","","","0","","","","","","","False","False","False","UNKNOWN","No authoritative path/SHA256 identity or library duplicate established.","NEW_UNREGISTERED_SAFE_TO_CREATE_IDENTITY","No Authority path or hash match, but global CONFLICT and DUPLICATE counts for this run were both 0 — nothing in the library contradicts this file. Eligible for a fresh PhysicalItemID using the project's existing ID-minting sequence (do not invent a new ID scheme)."
"_JUNK_QUARANTINE\DEEP_FORENSIC_REPAIR\20260815_154721\BACKUP\index.js.dad9e813e6e24caaa1dc805436180ba0.bak","index.js.dad9e813e6e24caaa1dc805436180ba0.bak",".bak","46195","919A025922C838FC75E29958A73097C896378ECC04D03B4595F07B86AE35BD21","","","0","","","","","","","False","False","False","UNKNOWN","No authoritative path/SHA256 identity or library duplicate established.","NEW_UNREGISTERED_SAFE_TO_CREATE_IDENTITY","No Authority path or hash match, but global CONFLICT and DUPLICATE counts for this run were both 0 — nothing in the library contradicts this file. Eligible for a fresh PhysicalItemID using the project's existing ID-minting sequence (do not invent a new ID scheme)."
"_JUNK_QUARANTINE\DEEP_FORENSIC_REPAIR\20260815_154721\BACKUP\index.js.db5447468e0b46d6822abc57d57f80c1.bak","index.js.db5447468e0b46d6822abc57d57f80c1.bak",".bak","46851","254D010F2308355AE5897DB25789B2E19C8D54756444582E4337D14D69CF9248","","","0","","","","","","","False","False","False","UNKNOWN","No authoritative path/SHA256 identity or library duplicate established.","NEW_UNREGISTERED_SAFE_TO_CREATE_IDENTITY","No Authority path or hash match, but global CONFLICT and DUPLICATE counts for this run were both 0 — nothing in the library contradicts this file. Eligible for a fresh PhysicalItemID using the project's existing ID-minting sequence (do not invent a new ID scheme)."
"_JUNK_QUARANTINE\DEEP_FORENSIC_REPAIR\20260815_154721\BACKUP\index.js.dc6c4d41379848a889b92beecfa7a5ac.bak","index.js.dc6c4d41379848a889b92beecfa7a5ac.bak",".bak","46544","1871B7F33158F2D6731BD84DF4873102F7A7BFC8A4B117E2F236003715863CDC","","","0","","","","","","","False","False","False","UNKNOWN","No authoritative path/SHA256 identity or library duplicate established.","NEW_UNREGISTERED_SAFE_TO_CREATE_IDENTITY","No Authority path or hash match, but global CONFLICT and DUPLICATE counts for this run were both 0 — nothing in the library contradicts this file. Eligible for a fresh PhysicalItemID using the project's existing ID-minting sequence (do not invent a new ID scheme)."
"_JUNK_QUARANTINE\DEEP_FORENSIC_REPAIR\20260815_154721\BACKUP\index.js.dda14080d03a45fda962e9946859ff98.bak","index.js.dda14080d03a45fda962e9946859ff98.bak",".bak","46301","8BFF3D97004A2883D8118230CCF42E65C8D856523B5E21AD62688EAD23A0738B","","","0","","","","","","","False","False","False","UNKNOWN","No authoritative path/SHA256 identity or library duplicate established.","NEW_UNREGISTERED_SAFE_TO_CREATE_IDENTITY","No Authority path or hash match, but global CONFLICT and DUPLICATE counts for this run were both 0 — nothing in the library contradicts this file. Eligible for a fresh PhysicalItemID using the project's existing ID-minting sequence (do not invent a new ID scheme)."
"_JUNK_QUARANTINE\DEEP_FORENSIC_REPAIR\20260815_154721\BACKUP\index.js.de6b0489de464f7e9bec61582e28baa4.bak","index.js.de6b0489de464f7e9bec61582e28baa4.bak",".bak","46451","925435FB3F27679B8AD86B9DE3EEB135DA75F3B739EF3C7B321678265BBB737F","","","0","","","","","","","False","False","False","UNKNOWN","No authoritative path/SHA256 identity or library duplicate established.","NEW_UNREGISTERED_SAFE_TO_CREATE_IDENTITY","No Authority path or hash match, but global CONFLICT and DUPLICATE counts for this run were both 0 — nothing in the library contradicts this file. Eligible for a fresh PhysicalItemID using the project's existing ID-minting sequence (do not invent a new ID scheme)."
"_JUNK_QUARANTINE\DEEP_FORENSIC_REPAIR\20260815_154721\BACKUP\index.js.decc8f51b9f54d97827c47fe0200140c.bak","index.js.decc8f51b9f54d97827c47fe0200140c.bak",".bak","46372","125D78CEEBEA1B9EB7C55C8AA6917F2A8FDBDB24BE6DB05CF628D3032CAE80F5","","","0","","","","","","","False","False","False","UNKNOWN","No authoritative path/SHA256 identity or library duplicate established.","NEW_UNREGISTERED_SAFE_TO_CREATE_IDENTITY","No Authority path or hash match, but global CONFLICT and DUPLICATE counts for this run were both 0 — nothing in the library contradicts this file. Eligible for a fresh PhysicalItemID using the project's existing ID-minting sequence (do not invent a new ID scheme)."
"_JUNK_QUARANTINE\DEEP_FORENSIC_REPAIR\20260815_154721\BACKUP\index.js.dfb785614f8a42d88e4f3fe59f30d304.bak","index.js.dfb785614f8a42d88e4f3fe59f30d304.bak",".bak","46572","6992862D9C5EDE341763DBA5982BBD1429A65A97387D39842F9106EC7058D8B9","","","0","","","","","","","False","False","False","UNKNOWN","No authoritative path/SHA256 identity or library duplicate established.","NEW_UNREGISTERED_SAFE_TO_CREATE_IDENTITY","No Authority path or hash match, but global CONFLICT and DUPLICATE counts for this run were both 0 — nothing in the library contradicts this file. Eligible for a fresh PhysicalItemID using the project's existing ID-minting sequence (do not invent a new ID scheme)."
"_JUNK_QUARANTINE\DEEP_FORENSIC_REPAIR\20260815_154721\BACKUP\index.js.e09229c2f8374bae8338ea9c4a80eb30.bak","index.js.e09229c2f8374bae8338ea9c4a80eb30.bak",".bak","46672","18C4B9CE65F6952AD3F8E96CF0788CE877AD6CE8D984972EFEBFC9605397AE05","","","0","","","","","","","False","False","False","UNKNOWN","No authoritative path/SHA256 identity or library duplicate established.","NEW_UNREGISTERED_SAFE_TO_CREATE_IDENTITY","No Authority path or hash match, but global CONFLICT and DUPLICATE counts for this run were both 0 — nothing in the library contradicts this file. Eligible for a fresh PhysicalItemID using the project's existing ID-minting sequence (do not invent a new ID scheme)."
"_JUNK_QUARANTINE\DEEP_FORENSIC_REPAIR\20260815_154721\BACKUP\index.js.e15fce1966aa4eadbb4600e27975df0b.bak","index.js.e15fce1966aa4eadbb4600e27975df0b.bak",".bak","47380","463FC49CFC96B0D9C1A383AFA37AFAF598F4A7DF2EF3739BF682BF0D0285BC20","","","0","","","","","","","False","False","False","UNKNOWN","No authoritative path/SHA256 identity or library duplicate established.","NEW_UNREGISTERED_SAFE_TO_CREATE_IDENTITY","No Authority path or hash match, but global CONFLICT and DUPLICATE counts for this run were both 0 — nothing in the library contradicts this file. Eligible for a fresh PhysicalItemID using the project's existing ID-minting sequence (do not invent a new ID scheme)."
"_JUNK_QUARANTINE\DEEP_FORENSIC_REPAIR\20260815_154721\BACKUP\index.js.e1d128afb60a4e3d893a5a9d7863b2df.bak","index.js.e1d128afb60a4e3d893a5a9d7863b2df.bak",".bak","47465","8A2D5005488042CC4D51EFDAAD46DF7BC25D55663D7F2C7D17C09D021D0659F4","","","0","","","","","","","False","False","False","UNKNOWN","No authoritative path/SHA256 identity or library duplicate established.","NEW_UNREGISTERED_SAFE_TO_CREATE_IDENTITY","No Authority path or hash match, but global CONFLICT and DUPLICATE counts for this run were both 0 — nothing in the library contradicts this file. Eligible for a fresh PhysicalItemID using the project's existing ID-minting sequence (do not invent a new ID scheme)."
"_JUNK_QUARANTINE\DEEP_FORENSIC_REPAIR\20260815_154721\BACKUP\index.js.e1fab5d142824fd1bc15901d41993415.bak","index.js.e1fab5d142824fd1bc15901d41993415.bak",".bak","47068","3BA162EBC15E32A6D1AB1FBC59A74938C3B256271E14F1E038413C0BFB427BA4","","","0","","","","","","","False","False","False","UNKNOWN","No authoritative path/SHA256 identity or library duplicate established.","NEW_UNREGISTERED_SAFE_TO_CREATE_IDENTITY","No Authority path or hash match, but global CONFLICT and DUPLICATE counts for this run were both 0 — nothing in the library contradicts this file. Eligible for a fresh PhysicalItemID using the project's existing ID-minting sequence (do not invent a new ID scheme)."
"_JUNK_QUARANTINE\DEEP_FORENSIC_REPAIR\20260815_154721\BACKUP\index.js.e3007f0714ff4f99bfa69ccb69a30dc3.bak","index.js.e3007f0714ff4f99bfa69ccb69a30dc3.bak",".bak","46471","CC3DA11527AB32884EAD0713EE2F51C1FF47BBB469908C77C825F3C100DF1498","","","0","","","","","","","False","False","False","UNKNOWN","No authoritative path/SHA256 identity or library duplicate established.","NEW_UNREGISTERED_SAFE_TO_CREATE_IDENTITY","No Authority path or hash match, but global CONFLICT and DUPLICATE counts for this run were both 0 — nothing in the library contradicts this file. Eligible for a fresh PhysicalItemID using the project's existing ID-minting sequence (do not invent a new ID scheme)."
"_JUNK_QUARANTINE\DEEP_FORENSIC_REPAIR\20260815_154721\BACKUP\index.js.e311513fe98f46d29b1cd2414b44297a.bak","index.js.e311513fe98f46d29b1cd2414b44297a.bak",".bak","45758","A77459F0FDC64939B22C4106F77914351666C24020C4A4F55881E93E97C53E4A","","","0","","","","","","","False","False","False","UNKNOWN","No authoritative path/SHA256 identity or library duplicate established.","NEW_UNREGISTERED_SAFE_TO_CREATE_IDENTITY","No Authority path or hash match, but global CONFLICT and DUPLICATE counts for this run were both 0 — nothing in the library contradicts this file. Eligible for a fresh PhysicalItemID using the project's existing ID-minting sequence (do not invent a new ID scheme)."
"_JUNK_QUARANTINE\DEEP_FORENSIC_REPAIR\20260815_154721\BACKUP\index.js.e37f73e0fd364adf9e523062677d1631.bak","index.js.e37f73e0fd364adf9e523062677d1631.bak",".bak","47290","7F26A2480033196BCB2FA308908B2EFDE876807910A3E0484FC8B3A8D73F0A95","","","0","","","","","","","False","False","False","UNKNOWN","No authoritative path/SHA256 identity or library duplicate established.","NEW_UNREGISTERED_SAFE_TO_CREATE_IDENTITY","No Authority path or hash match, but global CONFLICT and DUPLICATE counts for this run were both 0 — nothing in the library contradicts this file. Eligible for a fresh PhysicalItemID using the project's existing ID-minting sequence (do not invent a new ID scheme)."
"_JUNK_QUARANTINE\DEEP_FORENSIC_REPAIR\20260815_154721\BACKUP\index.js.e4efea66a8474d2e96799d7dd66a2cdc.bak","index.js.e4efea66a8474d2e96799d7dd66a2cdc.bak",".bak","46907","8BAE3A3869823E4A9938AA2BCAB3D0E25B54087CE3D6D404F6DA227BBDE79B4B","","","0","","","","","","","False","False","False","UNKNOWN","No authoritative path/SHA256 identity or library duplicate established.","NEW_UNREGISTERED_SAFE_TO_CREATE_IDENTITY","No Authority path or hash match, but global CONFLICT and DUPLICATE counts for this run were both 0 — nothing in the library contradicts this file. Eligible for a fresh PhysicalItemID using the project's existing ID-minting sequence (do not invent a new ID scheme)."
"_JUNK_QUARANTINE\DEEP_FORENSIC_REPAIR\20260815_154721\BACKUP\index.js.e645a57721b048bdaf142a5214acbdd3.bak","index.js.e645a57721b048bdaf142a5214acbdd3.bak",".bak","47964","24D00109FEB1E177F13B1D7C94A80B4461B5A7FDE5D217936AF1826FD4831662","","","0","","","","","","","False","False","False","UNKNOWN","No authoritative path/SHA256 identity or library duplicate established.","NEW_UNREGISTERED_SAFE_TO_CREATE_IDENTITY","No Authority path or hash match, but global CONFLICT and DUPLICATE counts for this run were both 0 — nothing in the library contradicts this file. Eligible for a fresh PhysicalItemID using the project's existing ID-minting sequence (do not invent a new ID scheme)."
"_JUNK_QUARANTINE\DEEP_FORENSIC_REPAIR\20260815_154721\BACKUP\index.js.e65ad4e15ee5425b97bb4da428e66555.bak","index.js.e65ad4e15ee5425b97bb4da428e66555.bak",".bak","47071","E810DC79AE5A64BA5798468190F49F5BFE8FDC80AA26670C45FE24B852BB16E6","","","0","","","","","","","False","False","False","UNKNOWN","No authoritative path/SHA256 identity or library duplicate established.","NEW_UNREGISTERED_SAFE_TO_CREATE_IDENTITY","No Authority path or hash match, but global CONFLICT and DUPLICATE counts for this run were both 0 — nothing in the library contradicts this file. Eligible for a fresh PhysicalItemID using the project's existing ID-minting sequence (do not invent a new ID scheme)."
"_JUNK_QUARANTINE\DEEP_FORENSIC_REPAIR\20260815_154721\BACKUP\index.js.e6fa4f6d0acc4197a99647a0a2ce436d.bak","index.js.e6fa4f6d0acc4197a99647a0a2ce436d.bak",".bak","46692","C71834165F199E0C34A3339D312C8871B822D2E356D061F1A722591BAFBA4E7C","","","0","","","","","","","False","False","False","UNKNOWN","No authoritative path/SHA256 identity or library duplicate established.","NEW_UNREGISTERED_SAFE_TO_CREATE_IDENTITY","No Authority path or hash match, but global CONFLICT and DUPLICATE counts for this run were both 0 — nothing in the library contradicts this file. Eligible for a fresh PhysicalItemID using the project's existing ID-minting sequence (do not invent a new ID scheme)."
"_JUNK_QUARANTINE\DEEP_FORENSIC_REPAIR\20260815_154721\BACKUP\index.js.e72ff077541442e3afb62c4ea9361487.bak","index.js.e72ff077541442e3afb62c4ea9361487.bak",".bak","47444","99796F176255BA25B92DEF700122F8BADF6EA11DD77E8307471B0EC8B54CD406","","","0","","","","","","","False","False","False","UNKNOWN","No authoritative path/SHA256 identity or library duplicate established.","NEW_UNREGISTERED_SAFE_TO_CREATE_IDENTITY","No Authority path or hash match, but global CONFLICT and DUPLICATE counts for this run were both 0 — nothing in the library contradicts this file. Eligible for a fresh PhysicalItemID using the project's existing ID-minting sequence (do not invent a new ID scheme)."
"_JUNK_QUARANTINE\DEEP_FORENSIC_REPAIR\20260815_154721\BACKUP\index.js.e89836cfadba4c00a8c42c33c96f852a.bak","index.js.e89836cfadba4c00a8c42c33c96f852a.bak",".bak","48111","E4A760B5C3B82B00CBAD0B11A557853BA9A5BB4DC1F00BCA80F0FB06BBB77ED8","","","0","","","","","","","False","False","False","UNKNOWN","No authoritative path/SHA256 identity or library duplicate established.","NEW_UNREGISTERED_SAFE_TO_CREATE_IDENTITY","No Authority path or hash match, but global CONFLICT and DUPLICATE counts for this run were both 0 — nothing in the library contradicts this file. Eligible for a fresh PhysicalItemID using the project's existing ID-minting sequence (do not invent a new ID scheme)."
"_JUNK_QUARANTINE\DEEP_FORENSIC_REPAIR\20260815_154721\BACKUP\index.js.ebd34beaf0e846e0817141ea180ce667.bak","index.js.ebd34beaf0e846e0817141ea180ce667.bak",".bak","47823","6B24682957E420CA86F6BE0D02F4321AE633E35B2D41B4D9BBB386581D5D965A","","","0","","","","","","","False","False","False","UNKNOWN","No authoritative path/SHA256 identity or library duplicate established.","NEW_UNREGISTERED_SAFE_TO_CREATE_IDENTITY","No Authority path or hash match, but global CONFLICT and DUPLICATE counts for this run were both 0 — nothing in the library contradicts this file. Eligible for a fresh PhysicalItemID using the project's existing ID-minting sequence (do not invent a new ID scheme)."
"_JUNK_QUARANTINE\DEEP_FORENSIC_REPAIR\20260815_154721\BACKUP\index.js.ece5317d8dd44dd6ae2dd8df4c26afd2.bak","index.js.ece5317d8dd44dd6ae2dd8df4c26afd2.bak",".bak","47086","D06A27397563A5770368F58B0664A15E7E52FFFEF1E2895E64C1D4BD0EA5F942","","","0","","","","","","","False","False","False","UNKNOWN","No authoritative path/SHA256 identity or library duplicate established.","NEW_UNREGISTERED_SAFE_TO_CREATE_IDENTITY","No Authority path or hash match, but global CONFLICT and DUPLICATE counts for this run were both 0 — nothing in the library contradicts this file. Eligible for a fresh PhysicalItemID using the project's existing ID-minting sequence (do not invent a new ID scheme)."
"_JUNK_QUARANTINE\DEEP_FORENSIC_REPAIR\20260815_154721\BACKUP\index.js.ecf101974d564356a69c269864571f79.bak","index.js.ecf101974d564356a69c269864571f79.bak",".bak","46464","4EC9C91F63CC7AD359E15C0EC14D4819D116687E824BD4DF6CC323BCE8AD5B55","","","0","","","","","","","False","False","False","UNKNOWN","No authoritative path/SHA256 identity or library duplicate established.","NEW_UNREGISTERED_SAFE_TO_CREATE_IDENTITY","No Authority path or hash match, but global CONFLICT and DUPLICATE counts for this run were both 0 — nothing in the library contradicts this file. Eligible for a fresh PhysicalItemID using the project's existing ID-minting sequence (do not invent a new ID scheme)."
"_JUNK_QUARANTINE\DEEP_FORENSIC_REPAIR\20260815_154721\BACKUP\index.js.edf3ad583679434fa83acb374ddedadc.bak","index.js.edf3ad583679434fa83acb374ddedadc.bak",".bak","46119","03C7EAD85D6F6DB6E1B086569675E4FDA1CFCA47E7202834AB2AA3BCCA8247C2","","","0","","","","","","","False","False","False","UNKNOWN","No authoritative path/SHA256 identity or library duplicate established.","NEW_UNREGISTERED_SAFE_TO_CREATE_IDENTITY","No Authority path or hash match, but global CONFLICT and DUPLICATE counts for this run were both 0 — nothing in the library contradicts this file. Eligible for a fresh PhysicalItemID using the project's existing ID-minting sequence (do not invent a new ID scheme)."
"_JUNK_QUARANTINE\DEEP_FORENSIC_REPAIR\20260815_154721\BACKUP\index.js.ee63a597fc2244579dfb1cb1fdd8bfd4.bak","index.js.ee63a597fc2244579dfb1cb1fdd8bfd4.bak",".bak","47290","7F26A2480033196BCB2FA308908B2EFDE876807910A3E0484FC8B3A8D73F0A95","","","0","","","","","","","False","False","False","UNKNOWN","No authoritative path/SHA256 identity or library duplicate established.","NEW_UNREGISTERED_SAFE_TO_CREATE_IDENTITY","No Authority path or hash match, but global CONFLICT and DUPLICATE counts for this run were both 0 — nothing in the library contradicts this file. Eligible for a fresh PhysicalItemID using the project's existing ID-minting sequence (do not invent a new ID scheme)."
"_JUNK_QUARANTINE\DEEP_FORENSIC_REPAIR\20260815_154721\BACKUP\index.js.f012566643d241aaa2500c2eb330f02d.bak","index.js.f012566643d241aaa2500c2eb330f02d.bak",".bak","47884","D2B25083ADC9715ED75BDA8699AE37AF5C3A90CB17E84351CA653CC8AC498FBD","","","0","","","","","","","False","False","False","UNKNOWN","No authoritative path/SHA256 identity or library duplicate established.","NEW_UNREGISTERED_SAFE_TO_CREATE_IDENTITY","No Authority path or hash match, but global CONFLICT and DUPLICATE counts for this run were both 0 — nothing in the library contradicts this file. Eligible for a fresh PhysicalItemID using the project's existing ID-minting sequence (do not invent a new ID scheme)."
"_JUNK_QUARANTINE\DEEP_FORENSIC_REPAIR\20260815_154721\BACKUP\index.js.f0a39c1d12324ca39e7475602965e5a6.bak","index.js.f0a39c1d12324ca39e7475602965e5a6.bak",".bak","46878","657086E85BAA1244D32CF1443245F2F81370DEC2982E504B3F793BA510DA55D8","","","0","","","","","","","False","False","False","UNKNOWN","No authoritative path/SHA256 identity or library duplicate established.","NEW_UNREGISTERED_SAFE_TO_CREATE_IDENTITY","No Authority path or hash match, but global CONFLICT and DUPLICATE counts for this run were both 0 — nothing in the library contradicts this file. Eligible for a fresh PhysicalItemID using the project's existing ID-minting sequence (do not invent a new ID scheme)."
"_JUNK_QUARANTINE\DEEP_FORENSIC_REPAIR\20260815_154721\BACKUP\index.js.f34071afeac4479e9b3b31b9e4c36cf8.bak","index.js.f34071afeac4479e9b3b31b9e4c36cf8.bak",".bak","48225","60AEE3A47E3D506D417CC90AB6196AD4A6FA11E8BBE6C7C800F73D4F2679A3D3","","","0","","","","","","","False","False","False","UNKNOWN","No authoritative path/SHA256 identity or library duplicate established.","NEW_UNREGISTERED_SAFE_TO_CREATE_IDENTITY","No Authority path or hash match, but global CONFLICT and DUPLICATE counts for this run were both 0 — nothing in the library contradicts this file. Eligible for a fresh PhysicalItemID using the project's existing ID-minting sequence (do not invent a new ID scheme)."
"_JUNK_QUARANTINE\DEEP_FORENSIC_REPAIR\20260815_154721\BACKUP\index.js.f41275ac91144fd89ff8f8bbe7549391.bak","index.js.f41275ac91144fd89ff8f8bbe7549391.bak",".bak","47417","966138AC0C6F6A7ED9929CA20BB71D43B1C67DE268A5ED7B85AF676126A6EEA8","","","0","","","","","","","False","False","False","UNKNOWN","No authoritative path/SHA256 identity or library duplicate established.","NEW_UNREGISTERED_SAFE_TO_CREATE_IDENTITY","No Authority path or hash match, but global CONFLICT and DUPLICATE counts for this run were both 0 — nothing in the library contradicts this file. Eligible for a fresh PhysicalItemID using the project's existing ID-minting sequence (do not invent a new ID scheme)."
"_JUNK_QUARANTINE\DEEP_FORENSIC_REPAIR\20260815_154721\BACKUP\index.js.f57113a91cc348388d67c2b3ca01f819.bak","index.js.f57113a91cc348388d67c2b3ca01f819.bak",".bak","45478","9779BB224A55347005BBDB9660BD8DB614A827B592F3618A85EC9F67EA12FEE5","","","0","","","","","","","False","False","False","UNKNOWN","No authoritative path/SHA256 identity or library duplicate established.","NEW_UNREGISTERED_SAFE_TO_CREATE_IDENTITY","No Authority path or hash match, but global CONFLICT and DUPLICATE counts for this run were both 0 — nothing in the library contradicts this file. Eligible for a fresh PhysicalItemID using the project's existing ID-minting sequence (do not invent a new ID scheme)."
"_JUNK_QUARANTINE\DEEP_FORENSIC_REPAIR\20260815_154721\BACKUP\index.js.f6a57e54a0a34262846eb8db1eaa6b38.bak","index.js.f6a57e54a0a34262846eb8db1eaa6b38.bak",".bak","47068","3BA162EBC15E32A6D1AB1FBC59A74938C3B256271E14F1E038413C0BFB427BA4","","","0","","","","","","","False","False","False","UNKNOWN","No authoritative path/SHA256 identity or library duplicate established.","NEW_UNREGISTERED_SAFE_TO_CREATE_IDENTITY","No Authority path or hash match, but global CONFLICT and DUPLICATE counts for this run were both 0 — nothing in the library contradicts this file. Eligible for a fresh PhysicalItemID using the project's existing ID-minting sequence (do not invent a new ID scheme)."
"_JUNK_QUARANTINE\DEEP_FORENSIC_REPAIR\20260815_154721\BACKUP\index.js.f7f112a127d3493da397425711f4132a.bak","index.js.f7f112a127d3493da397425711f4132a.bak",".bak","48111","E4A760B5C3B82B00CBAD0B11A557853BA9A5BB4DC1F00BCA80F0FB06BBB77ED8","","","0","","","","","","","False","False","False","UNKNOWN","No authoritative path/SHA256 identity or library duplicate established.","NEW_UNREGISTERED_SAFE_TO_CREATE_IDENTITY","No Authority path or hash match, but global CONFLICT and DUPLICATE counts for this run were both 0 — nothing in the library contradicts this file. Eligible for a fresh PhysicalItemID using the project's existing ID-minting sequence (do not invent a new ID scheme)."
"_JUNK_QUARANTINE\DEEP_FORENSIC_REPAIR\20260815_154721\BACKUP\index.js.f8e0adc533b44ce38f1a69fc2f1ae659.bak","index.js.f8e0adc533b44ce38f1a69fc2f1ae659.bak",".bak","47026","FB65A8C5B3772F6D1FD9D095A7B38DE158FD8589DAFB57ABA7DFD0858631DE49","","","0","","","","","","","False","False","False","UNKNOWN","No authoritative path/SHA256 identity or library duplicate established.","NEW_UNREGISTERED_SAFE_TO_CREATE_IDENTITY","No Authority path or hash match, but global CONFLICT and DUPLICATE counts for this run were both 0 — nothing in the library contradicts this file. Eligible for a fresh PhysicalItemID using the project's existing ID-minting sequence (do not invent a new ID scheme)."
"_JUNK_QUARANTINE\DEEP_FORENSIC_REPAIR\20260815_154721\BACKUP\index.js.f962ff15262b4c0ea5956ecea5ade940.bak","index.js.f962ff15262b4c0ea5956ecea5ade940.bak",".bak","46077","E50CFE66AAF5772C6A09EDC247D5A6BE8443E23B129F58E160DA8D0424438138","","","0","","","","","","","False","False","False","UNKNOWN","No authoritative path/SHA256 identity or library duplicate established.","NEW_UNREGISTERED_SAFE_TO_CREATE_IDENTITY","No Authority path or hash match, but global CONFLICT and DUPLICATE counts for this run were both 0 — nothing in the library contradicts this file. Eligible for a fresh PhysicalItemID using the project's existing ID-minting sequence (do not invent a new ID scheme)."
"_JUNK_QUARANTINE\DEEP_FORENSIC_REPAIR\20260815_154721\BACKUP\index.js.fa2f01a2179f44b2ba88d289f6b63b3c.bak","index.js.fa2f01a2179f44b2ba88d289f6b63b3c.bak",".bak","46692","C71834165F199E0C34A3339D312C8871B822D2E356D061F1A722591BAFBA4E7C","","","0","","","","","","","False","False","False","UNKNOWN","No authoritative path/SHA256 identity or library duplicate established.","NEW_UNREGISTERED_SAFE_TO_CREATE_IDENTITY","No Authority path or hash match, but global CONFLICT and DUPLICATE counts for this run were both 0 — nothing in the library contradicts this file. Eligible for a fresh PhysicalItemID using the project's existing ID-minting sequence (do not invent a new ID scheme)."
"_JUNK_QUARANTINE\DEEP_FORENSIC_REPAIR\20260815_154721\BACKUP\index.js.fb3a895bf6ce4c7caa2116d997666e54.bak","index.js.fb3a895bf6ce4c7caa2116d997666e54.bak",".bak","47912","E964A3106374324E0FAAC8C61AFB28E28FB94FF2AB868895E7EEF647C6952197","","","0","","","","","","","False","False","False","UNKNOWN","No authoritative path/SHA256 identity or library duplicate established.","NEW_UNREGISTERED_SAFE_TO_CREATE_IDENTITY","No Authority path or hash match, but global CONFLICT and DUPLICATE counts for this run were both 0 — nothing in the library contradicts this file. Eligible for a fresh PhysicalItemID using the project's existing ID-minting sequence (do not invent a new ID scheme)."
"_JUNK_QUARANTINE\DEEP_FORENSIC_REPAIR\20260815_154721\BACKUP\index.js.fb63e1ecf561437490160eaf821a4027.bak","index.js.fb63e1ecf561437490160eaf821a4027.bak",".bak","46372","125D78CEEBEA1B9EB7C55C8AA6917F2A8FDBDB24BE6DB05CF628D3032CAE80F5","","","0","","","","","","","False","False","False","UNKNOWN","No authoritative path/SHA256 identity or library duplicate established.","NEW_UNREGISTERED_SAFE_TO_CREATE_IDENTITY","No Authority path or hash match, but global CONFLICT and DUPLICATE counts for this run were both 0 — nothing in the library contradicts this file. Eligible for a fresh PhysicalItemID using the project's existing ID-minting sequence (do not invent a new ID scheme)."
"_JUNK_QUARANTINE\DEEP_FORENSIC_REPAIR\20260815_154721\BACKUP\index.js.fcb616448f0746a3b45aa9ecfd007793.bak","index.js.fcb616448f0746a3b45aa9ecfd007793.bak",".bak","46005","E997B5046E40BC6F8938E56AC8D8960D514245D00975C5FFA7CB1A1B7D9547D7","","","0","","","","","","","False","False","False","UNKNOWN","No authoritative path/SHA256 identity or library duplicate established.","NEW_UNREGISTERED_SAFE_TO_CREATE_IDENTITY","No Authority path or hash match, but global CONFLICT and DUPLICATE counts for this run were both 0 — nothing in the library contradicts this file. Eligible for a fresh PhysicalItemID using the project's existing ID-minting sequence (do not invent a new ID scheme)."
"_JUNK_QUARANTINE\DEEP_FORENSIC_REPAIR\20260815_154721\BACKUP\index.js.fd8dd8ab05bd4d5eaeae8f781d73f14a.bak","index.js.fd8dd8ab05bd4d5eaeae8f781d73f14a.bak",".bak","46613","D0968EB303B727EA1642F17D9428B4D83FA7CDED7AAB8822B7E243B10B9B86DD","","","0","","","","","","","False","False","False","UNKNOWN","No authoritative path/SHA256 identity or library duplicate established.","NEW_UNREGISTERED_SAFE_TO_CREATE_IDENTITY","No Authority path or hash match, but global CONFLICT and DUPLICATE counts for this run were both 0 — nothing in the library contradicts this file. Eligible for a fresh PhysicalItemID using the project's existing ID-minting sequence (do not invent a new ID scheme)."
"_JUNK_QUARANTINE\DEEP_FORENSIC_REPAIR\20260815_154721\BACKUP\index.js.ff5e89109e314a4fbf9b017f15ed6516.bak","index.js.ff5e89109e314a4fbf9b017f15ed6516.bak",".bak","47912","E964A3106374324E0FAAC8C61AFB28E28FB94FF2AB868895E7EEF647C6952197","","","0","","","","","","","False","False","False","UNKNOWN","No authoritative path/SHA256 identity or library duplicate established.","NEW_UNREGISTERED_SAFE_TO_CREATE_IDENTITY","No Authority path or hash match, but global CONFLICT and DUPLICATE counts for this run were both 0 — nothing in the library contradicts this file. Eligible for a fresh PhysicalItemID using the project's existing ID-minting sequence (do not invent a new ID scheme)."
"_JUNK_QUARANTINE\DEEP_FORENSIC_REPAIR\20260815_154721\BACKUP\inputValidation.test.js.462749409cac47c7a56d2757136844c4.bak","inputValidation.test.js.462749409cac47c7a56d2757136844c4.bak",".bak","4773","2BBB56EF2D7248EE319E14113F3A37D1180B468AE72311FA917018F9D892488D","","","0","","","","","","","False","False","False","UNKNOWN","No authoritative path/SHA256 identity or library duplicate established.","NEW_UNREGISTERED_SAFE_TO_CREATE_IDENTITY","No Authority path or hash match, but global CONFLICT and DUPLICATE counts for this run were both 0 — nothing in the library contradicts this file. Eligible for a fresh PhysicalItemID using the project's existing ID-minting sequence (do not invent a new ID scheme)."
"_JUNK_QUARANTINE\DEEP_FORENSIC_REPAIR\20260815_154721\BACKUP\Order.js.0c422a583445407fa6849d5f5a55e99f.bak","Order.js.0c422a583445407fa6849d5f5a55e99f.bak",".bak","3027","38D1F3B22651CF6C42363E6EF15A44CF3A430E6F1AAE00B185099A1065397836","","","0","","","","","","","False","False","False","UNKNOWN","No authoritative path/SHA256 identity or library duplicate established.","NEW_UNREGISTERED_SAFE_TO_CREATE_IDENTITY","No Authority path or hash match, but global CONFLICT and DUPLICATE counts for this run were both 0 — nothing in the library contradicts this file. Eligible for a fresh PhysicalItemID using the project's existing ID-minting sequence (do not invent a new ID scheme)."
"_JUNK_QUARANTINE\DEEP_FORENSIC_REPAIR\20260815_154721\BACKUP\Order.js.b8eba28211fc4517a7969f9ac58fe808.bak","Order.js.b8eba28211fc4517a7969f9ac58fe808.bak",".bak","3027","38D1F3B22651CF6C42363E6EF15A44CF3A430E6F1AAE00B185099A1065397836","","","0","","","","","","","False","False","False","UNKNOWN","No authoritative path/SHA256 identity or library duplicate established.","NEW_UNREGISTERED_SAFE_TO_CREATE_IDENTITY","No Authority path or hash match, but global CONFLICT and DUPLICATE counts for this run were both 0 — nothing in the library contradicts this file. Eligible for a fresh PhysicalItemID using the project's existing ID-minting sequence (do not invent a new ID scheme)."
"_JUNK_QUARANTINE\DEEP_FORENSIC_REPAIR\20260815_154721\BACKUP\Order.js.bc140419a621489885c6ee774b9a3c2e.bak","Order.js.bc140419a621489885c6ee774b9a3c2e.bak",".bak","3027","38D1F3B22651CF6C42363E6EF15A44CF3A430E6F1AAE00B185099A1065397836","","","0","","","","","","","False","False","False","UNKNOWN","No authoritative path/SHA256 identity or library duplicate established.","NEW_UNREGISTERED_SAFE_TO_CREATE_IDENTITY","No Authority path or hash match, but global CONFLICT and DUPLICATE counts for this run were both 0 — nothing in the library contradicts this file. Eligible for a fresh PhysicalItemID using the project's existing ID-minting sequence (do not invent a new ID scheme)."
"_JUNK_QUARANTINE\DEEP_FORENSIC_REPAIR\20260815_154721\BACKUP\Order.js.fc3148e640124f2fb4bf63ed32109d0e.bak","Order.js.fc3148e640124f2fb4bf63ed32109d0e.bak",".bak","3027","38D1F3B22651CF6C42363E6EF15A44CF3A430E6F1AAE00B185099A1065397836","","","0","","","","","","","False","False","False","UNKNOWN","No authoritative path/SHA256 identity or library duplicate established.","NEW_UNREGISTERED_SAFE_TO_CREATE_IDENTITY","No Authority path or hash match, but global CONFLICT and DUPLICATE counts for this run were both 0 — nothing in the library contradicts this file. Eligible for a fresh PhysicalItemID using the project's existing ID-minting sequence (do not invent a new ID scheme)."
"_JUNK_QUARANTINE\DEEP_FORENSIC_REPAIR\20260815_154721\BACKUP\Product.js.658ab8ff130046078542875b5c352260.bak","Product.js.658ab8ff130046078542875b5c352260.bak",".bak","3401","7E7AC47B0CDAC9EC2E0127A5544EA1F3E78E07310B9DC9053F7342D21D00D2B4","","","0","","","","","","","False","False","False","UNKNOWN","No authoritative path/SHA256 identity or library duplicate established.","NEW_UNREGISTERED_SAFE_TO_CREATE_IDENTITY","No Authority path or hash match, but global CONFLICT and DUPLICATE counts for this run were both 0 — nothing in the library contradicts this file. Eligible for a fresh PhysicalItemID using the project's existing ID-minting sequence (do not invent a new ID scheme)."
"_JUNK_QUARANTINE\DEEP_FORENSIC_REPAIR\20260815_154721\BACKUP\Product.js.8ac3b2482c60446caa3e4ee63eca14ce.bak","Product.js.8ac3b2482c60446caa3e4ee63eca14ce.bak",".bak","3401","7E7AC47B0CDAC9EC2E0127A5544EA1F3E78E07310B9DC9053F7342D21D00D2B4","","","0","","","","","","","False","False","False","UNKNOWN","No authoritative path/SHA256 identity or library duplicate established.","NEW_UNREGISTERED_SAFE_TO_CREATE_IDENTITY","No Authority path or hash match, but global CONFLICT and DUPLICATE counts for this run were both 0 — nothing in the library contradicts this file. Eligible for a fresh PhysicalItemID using the project's existing ID-minting sequence (do not invent a new ID scheme)."
"_JUNK_QUARANTINE\DEEP_FORENSIC_REPAIR\20260815_154721\BACKUP\Product.js.94aea25ca5f0412ca72d042a8692f17d.bak","Product.js.94aea25ca5f0412ca72d042a8692f17d.bak",".bak","3401","7E7AC47B0CDAC9EC2E0127A5544EA1F3E78E07310B9DC9053F7342D21D00D2B4","","","0","","","","","","","False","False","False","UNKNOWN","No authoritative path/SHA256 identity or library duplicate established.","NEW_UNREGISTERED_SAFE_TO_CREATE_IDENTITY","No Authority path or hash match, but global CONFLICT and DUPLICATE counts for this run were both 0 — nothing in the library contradicts this file. Eligible for a fresh PhysicalItemID using the project's existing ID-minting sequence (do not invent a new ID scheme)."
"_JUNK_QUARANTINE\DEEP_FORENSIC_REPAIR\20260815_154721\BACKUP\Product.js.cac113216e4f48f887c1af67b37d8d81.bak","Product.js.cac113216e4f48f887c1af67b37d8d81.bak",".bak","3401","7E7AC47B0CDAC9EC2E0127A5544EA1F3E78E07310B9DC9053F7342D21D00D2B4","","","0","","","","","","","False","False","False","UNKNOWN","No authoritative path/SHA256 identity or library duplicate established.","NEW_UNREGISTERED_SAFE_TO_CREATE_IDENTITY","No Authority path or hash match, but global CONFLICT and DUPLICATE counts for this run were both 0 — nothing in the library contradicts this file. Eligible for a fresh PhysicalItemID using the project's existing ID-minting sequence (do not invent a new ID scheme)."
"_JUNK_QUARANTINE\DEEP_FORENSIC_REPAIR\20260815_154721\BACKUP\regionalVarietyService.js.376ccf2d7e044880a342487809e0dab3.bak","regionalVarietyService.js.376ccf2d7e044880a342487809e0dab3.bak",".bak","4884","952F4266DDB65D804CC70477166BCB83A99FDFF2385913C837E7772A207B9B48","","","0","","","","","","","False","False","False","UNKNOWN","No authoritative path/SHA256 identity or library duplicate established.","NEW_UNREGISTERED_SAFE_TO_CREATE_IDENTITY","No Authority path or hash match, but global CONFLICT and DUPLICATE counts for this run were both 0 — nothing in the library contradicts this file. Eligible for a fresh PhysicalItemID using the project's existing ID-minting sequence (do not invent a new ID scheme)."
"_JUNK_QUARANTINE\DEEP_FORENSIC_REPAIR\20260815_154721\BACKUP\regionalVarietyService.js.400223f0e8c5456e9c953b151cd077d2.bak","regionalVarietyService.js.400223f0e8c5456e9c953b151cd077d2.bak",".bak","4884","952F4266DDB65D804CC70477166BCB83A99FDFF2385913C837E7772A207B9B48","","","0","","","","","","","False","False","False","UNKNOWN","No authoritative path/SHA256 identity or library duplicate established.","NEW_UNREGISTERED_SAFE_TO_CREATE_IDENTITY","No Authority path or hash match, but global CONFLICT and DUPLICATE counts for this run were both 0 — nothing in the library contradicts this file. Eligible for a fresh PhysicalItemID using the project's existing ID-minting sequence (do not invent a new ID scheme)."
"_JUNK_QUARANTINE\DEEP_FORENSIC_REPAIR\20260815_154721\BACKUP\regionalVarietyService.js.8f1a857a5fbd46edbab8329baafc626a.bak","regionalVarietyService.js.8f1a857a5fbd46edbab8329baafc626a.bak",".bak","4884","952F4266DDB65D804CC70477166BCB83A99FDFF2385913C837E7772A207B9B48","","","0","","","","","","","False","False","False","UNKNOWN","No authoritative path/SHA256 identity or library duplicate established.","NEW_UNREGISTERED_SAFE_TO_CREATE_IDENTITY","No Authority path or hash match, but global CONFLICT and DUPLICATE counts for this run were both 0 — nothing in the library contradicts this file. Eligible for a fresh PhysicalItemID using the project's existing ID-minting sequence (do not invent a new ID scheme)."
"_JUNK_QUARANTINE\DEEP_FORENSIC_REPAIR\20260815_154721\BACKUP\regionalVarietyService.js.ba4c9e87bd734d6d8d6499aa58f3f511.bak","regionalVarietyService.js.ba4c9e87bd734d6d8d6499aa58f3f511.bak",".bak","4884","952F4266DDB65D804CC70477166BCB83A99FDFF2385913C837E7772A207B9B48","","","0","","","","","","","False","False","False","UNKNOWN","No authoritative path/SHA256 identity or library duplicate established.","NEW_UNREGISTERED_SAFE_TO_CREATE_IDENTITY","No Authority path or hash match, but global CONFLICT and DUPLICATE counts for this run were both 0 — nothing in the library contradicts this file. Eligible for a fresh PhysicalItemID using the project's existing ID-minting sequence (do not invent a new ID scheme)."
"_JUNK_QUARANTINE\DEEP_FORENSIC_REPAIR\20260815_154721\BACKUP\User.js.0af0207da0214c909c603491b92aca59.bak","User.js.0af0207da0214c909c603491b92aca59.bak",".bak","2239","0EE4CB1B40DC47E484AF0AB54587944393F613EBF6C800AA074142ED42D9BFFB","","","0","","","","","","","False","False","False","UNKNOWN","No authoritative path/SHA256 identity or library duplicate established.","NEW_UNREGISTERED_SAFE_TO_CREATE_IDENTITY","No Authority path or hash match, but global CONFLICT and DUPLICATE counts for this run were both 0 — nothing in the library contradicts this file. Eligible for a fresh PhysicalItemID using the project's existing ID-minting sequence (do not invent a new ID scheme)."
"_JUNK_QUARANTINE\DEEP_FORENSIC_REPAIR\20260815_154721\BACKUP\User.js.1824d42b02334218b8d3089cce1dec23.bak","User.js.1824d42b02334218b8d3089cce1dec23.bak",".bak","2239","0EE4CB1B40DC47E484AF0AB54587944393F613EBF6C800AA074142ED42D9BFFB","","","0","","","","","","","False","False","False","UNKNOWN","No authoritative path/SHA256 identity or library duplicate established.","NEW_UNREGISTERED_SAFE_TO_CREATE_IDENTITY","No Authority path or hash match, but global CONFLICT and DUPLICATE counts for this run were both 0 — nothing in the library contradicts this file. Eligible for a fresh PhysicalItemID using the project's existing ID-minting sequence (do not invent a new ID scheme)."
"_JUNK_QUARANTINE\DEEP_FORENSIC_REPAIR\20260815_154721\BACKUP\User.js.c4f864dba7b744cd9d799fa186cfdff0.bak","User.js.c4f864dba7b744cd9d799fa186cfdff0.bak",".bak","2239","0EE4CB1B40DC47E484AF0AB54587944393F613EBF6C800AA074142ED42D9BFFB","","","0","","","","","","","False","False","False","UNKNOWN","No authoritative path/SHA256 identity or library duplicate established.","NEW_UNREGISTERED_SAFE_TO_CREATE_IDENTITY","No Authority path or hash match, but global CONFLICT and DUPLICATE counts for this run were both 0 — nothing in the library contradicts this file. Eligible for a fresh PhysicalItemID using the project's existing ID-minting sequence (do not invent a new ID scheme)."
"_JUNK_QUARANTINE\DEEP_FORENSIC_REPAIR\20260815_154721\BACKUP\User.js.e0e6776cc3b742d198271b79f4b247d5.bak","User.js.e0e6776cc3b742d198271b79f4b247d5.bak",".bak","2239","0EE4CB1B40DC47E484AF0AB54587944393F613EBF6C800AA074142ED42D9BFFB","","","0","","","","","","","False","False","False","UNKNOWN","No authoritative path/SHA256 identity or library duplicate established.","NEW_UNREGISTERED_SAFE_TO_CREATE_IDENTITY","No Authority path or hash match, but global CONFLICT and DUPLICATE counts for this run were both 0 — nothing in the library contradicts this file. Eligible for a fresh PhysicalItemID using the project's existing ID-minting sequence (do not invent a new ID scheme)."
"_JUNK_QUARANTINE\_MANIFEST\MOVED_20260820_102235.csv","MOVED_20260820_102235.csv",".csv","154009","34405E4385453953C136390277F717D3B1C63D66059B6D736F698001E1DC9E39","","","0","","","","","","","False","False","False","UNKNOWN","No authoritative path/SHA256 identity or library duplicate established.","NEW_UNREGISTERED_SAFE_TO_CREATE_IDENTITY","No Authority path or hash match, but global CONFLICT and DUPLICATE counts for this run were both 0 — nothing in the library contradicts this file. Eligible for a fresh PhysicalItemID using the project's existing ID-minting sequence (do not invent a new ID scheme)."
"_JUNK_QUARANTINE\_MANIFEST\PRE_MOVE_20260820_102235.csv","PRE_MOVE_20260820_102235.csv",".csv","158688","21939929FD976123F2CE569E85EDC6429FE646E6A48270987EEF2A56C30D35E7","","","0","","","","","","","False","False","False","UNKNOWN","No authoritative path/SHA256 identity or library duplicate established.","NEW_UNREGISTERED_SAFE_TO_CREATE_IDENTITY","No Authority path or hash match, but global CONFLICT and DUPLICATE counts for this run were both 0 — nothing in the library contradicts this file. Eligible for a fresh PhysicalItemID using the project's existing ID-minting sequence (do not invent a new ID scheme)."
"_JUNK_QUARANTINE\_MANIFEST\REVIEW_20260820_102235.txt","REVIEW_20260820_102235.txt",".txt","509","A00D4C370EE1509EA6C5B543C4280CC3D8F09F673711F5BD543C78FC2E86A630","","","0","","","","","","","False","False","False","UNKNOWN","No authoritative path/SHA256 identity or library duplicate established.","NEW_UNREGISTERED_SAFE_TO_CREATE_IDENTITY","No Authority path or hash match, but global CONFLICT and DUPLICATE counts for this run were both 0 — nothing in the library contradicts this file. Eligible for a fresh PhysicalItemID using the project's existing ID-minting sequence (do not invent a new ID scheme)."
"_JUNK_QUARANTINE\_MANIFEST\VERIFICATION_20260820_102235.csv","VERIFICATION_20260820_102235.csv",".csv","113926","34BB58B376CCEB7FE2959FDF4BC6E52D00085C4BC26925C3401D5AF889E9CC1C","","","0","","","","","","","False","False","False","UNKNOWN","No authoritative path/SHA256 identity or library duplicate established.","NEW_UNREGISTERED_SAFE_TO_CREATE_IDENTITY","No Authority path or hash match, but global CONFLICT and DUPLICATE counts for this run were both 0 — nothing in the library contradicts this file. Eligible for a fresh PhysicalItemID using the project's existing ID-minting sequence (do not invent a new ID scheme)."
"_JUNK_QUARANTINE\_POWERSHELL_FORENSIC_DEBUGGER\10_LOGS\DEBUGGER_RUN.log","DEBUGGER_RUN.log",".log","100","D18BA5689BC8005063933EE942013EDFDD2B61B6F5D5C2BDAE282FB99901C8AC","","","0","","","","","","","False","False","False","UNKNOWN","No authoritative path/SHA256 identity or library duplicate established.","NEW_UNREGISTERED_SAFE_TO_CREATE_IDENTITY","No Authority path or hash match, but global CONFLICT and DUPLICATE counts for this run were both 0 — nothing in the library contradicts this file. Eligible for a fresh PhysicalItemID using the project's existing ID-minting sequence (do not invent a new ID scheme)."
