"System","Path","Extension","SizeBytes","LastWriteTimeUtc"
"frontend",".env.example",".example","2397","04-09-2026 12:46:32"
"frontend",".eslintrc.json",".json","3362","04-09-2026 13:15:59"
"frontend","babel-jest-vite-env.cjs",".cjs","374","03-09-2026 03:10:08"
"frontend","babel.config.cjs",".cjs","240","03-09-2026 03:10:08"
"frontend","capacitor.config.json",".json","87","30-08-2026 02:47:51"
"frontend","Dockerfile","","1167","05-09-2026 03:08:18"
"frontend","frontend-fixes-report.json",".json","107","30-08-2026 02:47:51"
"frontend","frontend-link-audit-report.json",".json","130698","04-09-2026 06:28:03"
"frontend","frontend_startup.log",".log","41","03-09-2026 12:45:43"
"frontend","index.html",".html","3912","30-08-2026 02:47:51"
"frontend","jest.config.js",".js","692","30-08-2026 02:47:51"
"frontend","jest.setup.js",".js","1515","04-09-2026 07:03:28"
"frontend","nginx.conf",".conf","1099","03-09-2026 12:57:53"
"frontend","package-lock.json",".json","778449","04-09-2026 13:03:17"
"frontend","package.json",".json","3192","04-09-2026 13:03:01"
"frontend","postcss.config.cjs",".cjs","99","04-09-2026 07:13:44"
"frontend","tailwind.config.js",".js","5260","30-08-2026 02:47:54"
"frontend","vercel.json",".json","230","30-08-2026 02:47:54"
"frontend","vite.config.js",".js","6417","04-09-2026 07:08:45"
"frontend","android\.gitignore",".gitignore","1925","30-08-2026 02:47:51"
"frontend","android\build.gradle",".gradle","666","30-08-2026 02:47:51"
"frontend","android\capacitor.settings.gradle",".gradle","210","30-08-2026 02:47:51"
"frontend","android\gradle.properties",".properties","1009","30-08-2026 02:47:51"
"frontend","android\gradlew","","8984","30-08-2026 02:47:51"
"frontend","android\gradlew.bat",".bat","2937","30-08-2026 02:47:51"
"frontend","android\settings.gradle",".gradle","212","30-08-2026 02:47:51"
"frontend","android\variables.gradle",".gradle","513","30-08-2026 02:47:51"
"frontend","android\app\.gitignore",".gitignore","28","30-08-2026 02:47:51"
"frontend","android\app\build.gradle",".gradle","2194","30-08-2026 02:47:51"
"frontend","android\app\capacitor.build.gradle",".gradle","389","30-08-2026 02:47:51"
"frontend","android\app\proguard-rules.pro",".pro","772","30-08-2026 02:47:51"
"frontend","android\app\src\androidTest\java\com\getcapacitor\myapp\ExampleInstrumentedTest.java",".java","800","30-08-2026 02:47:51"
"frontend","android\app\src\main\AndroidManifest.xml",".xml","1578","30-08-2026 02:47:51"
"frontend","android\app\src\main\java\com\ethnoverde\afrera\MainActivity.java",".java","130","30-08-2026 02:47:51"
"frontend","android\app\src\main\res\drawable\ic_launcher_background.xml",".xml","5776","30-08-2026 02:47:51"
"frontend","android\app\src\main\res\drawable\splash.png",".png","4040","30-08-2026 02:47:51"
"frontend","android\app\src\main\res\drawable-land-hdpi\splash.png",".png","7705","30-08-2026 02:47:51"
"frontend","android\app\src\main\res\drawable-land-mdpi\splash.png",".png","4040","30-08-2026 02:47:51"
"frontend","android\app\src\main\res\drawable-land-xhdpi\splash.png",".png","9251","30-08-2026 02:47:51"
"frontend","android\app\src\main\res\drawable-land-xxhdpi\splash.png",".png","13984","30-08-2026 02:47:51"
"frontend","android\app\src\main\res\drawable-land-xxxhdpi\splash.png",".png","17683","30-08-2026 02:47:51"
"frontend","android\app\src\main\res\drawable-port-hdpi\splash.png",".png","7934","30-08-2026 02:47:51"
"frontend","android\app\src\main\res\drawable-port-mdpi\splash.png",".png","4096","30-08-2026 02:47:51"
"frontend","android\app\src\main\res\drawable-port-xhdpi\splash.png",".png","9875","30-08-2026 02:47:51"
"frontend","android\app\src\main\res\drawable-port-xxhdpi\splash.png",".png","13346","30-08-2026 02:47:51"
"frontend","android\app\src\main\res\drawable-port-xxxhdpi\splash.png",".png","17489","30-08-2026 02:47:51"
"frontend","android\app\src\main\res\drawable-v24\ic_launcher_foreground.xml",".xml","1914","30-08-2026 02:47:51"
"frontend","android\app\src\main\res\layout\activity_main.xml",".xml","547","30-08-2026 02:47:51"
"frontend","android\app\src\main\res\mipmap-anydpi-v26\ic_launcher.xml",".xml","269","30-08-2026 02:47:51"
"frontend","android\app\src\main\res\mipmap-anydpi-v26\ic_launcher_round.xml",".xml","269","30-08-2026 02:47:51"
"frontend","android\app\src\main\res\mipmap-hdpi\ic_launcher.png",".png","2786","30-08-2026 02:47:51"
"frontend","android\app\src\main\res\mipmap-hdpi\ic_launcher_foreground.png",".png","3450","30-08-2026 02:47:51"
"frontend","android\app\src\main\res\mipmap-hdpi\ic_launcher_round.png",".png","4341","30-08-2026 02:47:51"
"frontend","android\app\src\main\res\mipmap-mdpi\ic_launcher.png",".png","1869","30-08-2026 02:47:51"
"frontend","android\app\src\main\res\mipmap-mdpi\ic_launcher_foreground.png",".png","2110","30-08-2026 02:47:51"
"frontend","android\app\src\main\res\mipmap-mdpi\ic_launcher_round.png",".png","2725","30-08-2026 02:47:51"
"frontend","android\app\src\main\res\mipmap-xhdpi\ic_launcher.png",".png","3981","30-08-2026 02:47:51"
"frontend","android\app\src\main\res\mipmap-xhdpi\ic_launcher_foreground.png",".png","5036","30-08-2026 02:47:51"
"frontend","android\app\src\main\res\mipmap-xhdpi\ic_launcher_round.png",".png","6593","30-08-2026 02:47:51"
"frontend","android\app\src\main\res\mipmap-xxhdpi\ic_launcher.png",".png","6644","30-08-2026 02:47:51"
"frontend","android\app\src\main\res\mipmap-xxhdpi\ic_launcher_foreground.png",".png","9793","30-08-2026 02:47:51"
"frontend","android\app\src\main\res\mipmap-xxhdpi\ic_launcher_round.png",".png","10455","30-08-2026 02:47:51"
"frontend","android\app\src\main\res\mipmap-xxxhdpi\ic_launcher.png",".png","9441","30-08-2026 02:47:51"
"frontend","android\app\src\main\res\mipmap-xxxhdpi\ic_launcher_foreground.png",".png","15529","30-08-2026 02:47:51"
"frontend","android\app\src\main\res\mipmap-xxxhdpi\ic_launcher_round.png",".png","15916","30-08-2026 02:47:51"
"frontend","android\app\src\main\res\values\ic_launcher_background.xml",".xml","123","30-08-2026 02:47:51"
"frontend","android\app\src\main\res\values\strings.xml",".xml","301","30-08-2026 02:47:51"
"frontend","android\app\src\main\res\values\styles.xml",".xml","844","30-08-2026 02:47:51"
"frontend","android\app\src\main\res\xml\file_paths.xml",".xml","217","30-08-2026 02:47:51"
"frontend","android\app\src\test\java\com\getcapacitor\myapp\ExampleUnitTest.java",".java","420","30-08-2026 02:47:51"
"frontend","android\gradle\wrapper\gradle-wrapper.jar",".jar","43764","30-08-2026 02:47:51"
"frontend","android\gradle\wrapper\gradle-wrapper.properties",".properties","260","30-08-2026 02:47:51"
"frontend","public\manifest.webmanifest",".webmanifest","1257","04-08-2026 01:45:16"
"frontend","public\robots.txt",".txt","1018","30-08-2026 02:47:51"
"frontend","public\sitemap.xml",".xml","2890","30-08-2026 02:47:51"
"frontend","public\sw.js",".js","6049","04-08-2026 08:55:33"
"frontend","public\icons\icon-192.png",".png","769","04-08-2026 01:47:05"
"frontend","public\icons\icon-512.png",".png","2396","04-08-2026 01:47:05"
"frontend","public\icons\icon-maskable-512.png",".png","2194","04-08-2026 01:47:05"
"frontend","scripts\cleanup-console.js",".js","2794","30-08-2026 02:47:51"
"frontend","scripts\fix-frontend-issues.js",".js","5730","30-08-2026 02:47:51"
"frontend","scripts\link-audit.js",".js","6160","04-09-2026 06:30:47"
"frontend","src\App.jsx",".jsx","9208","04-09-2026 08:35:40"
"frontend","src\index.css",".css","11124","04-09-2026 07:08:45"
"frontend","src\main.jsx",".jsx","1011","04-09-2026 08:35:40"
"frontend","src\components\AdvancedPageShell.jsx",".jsx","10982","04-09-2026 08:35:40"
"frontend","src\components\AIImageGenerator.jsx",".jsx","6132","04-09-2026 19:35:54"
"frontend","src\components\AIImageGenerator.module.css",".css","3844","04-09-2026 19:30:14"
"frontend","src\components\BottomNav.jsx",".jsx","1648","04-09-2026 08:35:40"
"frontend","src\components\ErrorBoundary.jsx",".jsx","3426","04-09-2026 08:35:40"
"frontend","src\components\Footer.jsx",".jsx","5525","04-09-2026 08:35:40"
"frontend","src\components\Header.jsx",".jsx","41911","04-09-2026 13:18:15"
"frontend","src\components\Layout.jsx",".jsx","3552","04-09-2026 08:35:40"
"frontend","src\components\MobileOptimizedLayout.jsx",".jsx","2512","04-09-2026 08:35:40"
"frontend","src\components\NotificationBell.jsx",".jsx","5779","04-09-2026 08:35:40"
"frontend","src\components\PlaceholderPage.jsx",".jsx","265","04-09-2026 08:35:40"
"frontend","src\components\ProtectedRoute.jsx",".jsx","447","04-09-2026 08:35:40"
"frontend","src\components\RouteAnalytics.jsx",".jsx","9464","04-09-2026 08:35:40"
"frontend","src\components\RouteErrorBoundary.jsx",".jsx","11178","04-09-2026 08:35:40"
"frontend","src\components\RouteGuard.jsx",".jsx","6581","04-09-2026 08:35:40"
"frontend","src\components\RouteLoading.jsx",".jsx","5220","04-09-2026 08:35:40"
"frontend","src\components\RouteTransition.jsx",".jsx","2791","04-09-2026 08:35:40"
"frontend","src\components\Sidebar.jsx",".jsx","11887","04-09-2026 08:35:40"
"frontend","src\components\Accessibility\AccessibilityEnhancements.jsx",".jsx","14971","04-09-2026 08:35:40"
"frontend","src\components\Accessibility\AccessibilityProvider.jsx",".jsx","4781","04-09-2026 08:35:40"
"frontend","src\components\AdvancedUIPatterns\AdvancedUIPatterns.jsx",".jsx","21261","04-09-2026 08:35:40"
"frontend","src\components\AI\AIChat.jsx",".jsx","15064","04-09-2026 08:35:40"
"frontend","src\components\AI\AICollaborationDashboard.jsx",".jsx","14787","04-09-2026 08:35:40"
"frontend","src\components\AI\CopilotChat.jsx",".jsx","13105","04-09-2026 08:35:40"
"frontend","src\components\ArVr\ExperienceViewer.jsx",".jsx","8431","04-09-2026 08:35:40"
"frontend","src\components\Atomic\Avatar.jsx",".jsx","134","03-09-2026 03:42:38"
"frontend","src\components\Atomic\Badge.jsx",".jsx","132","03-09-2026 03:42:38"
"frontend","src\components\Atomic\Button.jsx",".jsx","134","03-09-2026 03:42:38"
"frontend","src\components\Atomic\ButtonGroup.jsx",".jsx","144","03-09-2026 03:42:38"
"frontend","src\components\Atomic\Checkbox.jsx",".jsx","138","03-09-2026 03:42:38"
"frontend","src\components\Atomic\Chip.jsx",".jsx","130","03-09-2026 03:42:38"
"frontend","src\components\Atomic\ColorPicker.jsx",".jsx","144","03-09-2026 03:42:38"
"frontend","src\components\Atomic\DatePicker.jsx",".jsx","142","03-09-2026 03:42:38"
"frontend","src\components\Atomic\Divider.jsx",".jsx","136","03-09-2026 03:42:38"
"frontend","src\components\Atomic\EmailInput.jsx",".jsx","142","03-09-2026 03:42:38"
"frontend","src\components\Atomic\FileUpload.jsx",".jsx","142","03-09-2026 03:42:38"
"frontend","src\components\Atomic\Icon.jsx",".jsx","130","03-09-2026 03:42:38"
"frontend","src\components\Atomic\IconButton.jsx",".jsx","142","03-09-2026 03:42:38"
"frontend","src\components\Atomic\Label.jsx",".jsx","132","03-09-2026 03:42:38"
"frontend","src\components\Atomic\Link.jsx",".jsx","130","03-09-2026 03:42:38"
"frontend","src\components\Atomic\MultiSelect.jsx",".jsx","144","03-09-2026 03:42:38"
"frontend","src\components\Atomic\NumberInput.jsx",".jsx","144","03-09-2026 03:42:38"
"frontend","src\components\Atomic\PasswordInput.jsx",".jsx","148","03-09-2026 03:42:38"
"frontend","src\components\Atomic\ProgressBar.jsx",".jsx","144","03-09-2026 03:42:38"
"frontend","src\components\Atomic\Radio.jsx",".jsx","132","03-09-2026 03:42:38"
"frontend","src\components\Atomic\RangeSlider.jsx",".jsx","144","03-09-2026 03:42:38"
"frontend","src\components\Atomic\Select.jsx",".jsx","134","03-09-2026 03:42:38"
"frontend","src\components\Atomic\Skeleton.jsx",".jsx","138","03-09-2026 03:42:38"
"frontend","src\components\Atomic\Spacer.jsx",".jsx","134","03-09-2026 03:42:38"
"frontend","src\components\Atomic\Spinner.jsx",".jsx","136","03-09-2026 03:42:38"
"frontend","src\components\Atomic\StatusIndicator.jsx",".jsx","152","03-09-2026 03:42:38"
"frontend","src\components\Atomic\Tag.jsx",".jsx","128","03-09-2026 03:42:38"
"frontend","src\components\Atomic\Textarea.jsx",".jsx","138","03-09-2026 03:42:38"
"frontend","src\components\Atomic\TextInput.jsx",".jsx","140","03-09-2026 03:42:38"
"frontend","src\components\Atomic\TimePicker.jsx",".jsx","142","03-09-2026 03:42:38"
"frontend","src\components\Atomic\Toggle.jsx",".jsx","134","03-09-2026 03:42:38"
"frontend","src\components\BlockchainTraceability\TraceabilityViewer.jsx",".jsx","8507","04-09-2026 08:35:40"
"frontend","src\components\common\ActionCard.jsx",".jsx","3733","04-09-2026 08:35:40"
"frontend","src\components\common\DataPrimitives.jsx",".jsx","13913","04-09-2026 08:35:40"
"frontend","src\components\common\JourneyStepper.jsx",".jsx","1934","04-09-2026 08:35:40"
"frontend","src\components\common\Modal.jsx",".jsx","2369","04-09-2026 08:35:40"
"frontend","src\components\common\ModuleOperationPanel.jsx",".jsx","4473","04-09-2026 08:35:40"
"frontend","src\components\common\ResourceManager.jsx",".jsx","12751","04-09-2026 08:35:40"
"frontend","src\components\ConsumerHealth\HealthDashboard.jsx",".jsx","7044","04-09-2026 08:35:40"
"frontend","src\components\ConversationalAI\ChatInterface.jsx",".jsx","8266","04-09-2026 08:35:40"
"frontend","src\components\Display\Component0.jsx",".jsx","126","03-09-2026 03:42:38"
"frontend","src\components\Display\Component1.jsx",".jsx","126","03-09-2026 03:42:38"
"frontend","src\components\Display\Component10.jsx",".jsx","127","03-09-2026 03:42:38"
"frontend","src\components\Display\Component11.jsx",".jsx","127","03-09-2026 03:42:38"
"frontend","src\components\Display\Component12.jsx",".jsx","127","03-09-2026 03:42:38"
"frontend","src\components\Display\Component13.jsx",".jsx","127","03-09-2026 03:42:38"
"frontend","src\components\Display\Component14.jsx",".jsx","127","03-09-2026 03:42:38"
"frontend","src\components\Display\Component15.jsx",".jsx","127","03-09-2026 03:42:38"
"frontend","src\components\Display\Component16.jsx",".jsx","127","03-09-2026 03:42:38"
"frontend","src\components\Display\Component17.jsx",".jsx","127","03-09-2026 03:42:38"
"frontend","src\components\Display\Component18.jsx",".jsx","127","03-09-2026 03:42:38"
"frontend","src\components\Display\Component19.jsx",".jsx","127","03-09-2026 03:42:38"
"frontend","src\components\Display\Component2.jsx",".jsx","126","03-09-2026 03:42:38"
"frontend","src\components\Display\Component20.jsx",".jsx","127","03-09-2026 03:42:38"
"frontend","src\components\Display\Component21.jsx",".jsx","127","03-09-2026 03:42:38"
"frontend","src\components\Display\Component22.jsx",".jsx","127","03-09-2026 03:42:38"
"frontend","src\components\Display\Component23.jsx",".jsx","127","03-09-2026 03:42:38"
"frontend","src\components\Display\Component24.jsx",".jsx","127","03-09-2026 03:42:38"
"frontend","src\components\Display\Component25.jsx",".jsx","127","03-09-2026 03:42:38"
"frontend","src\components\Display\Component26.jsx",".jsx","127","03-09-2026 03:42:38"
"frontend","src\components\Display\Component27.jsx",".jsx","127","03-09-2026 03:42:38"
"frontend","src\components\Display\Component28.jsx",".jsx","127","03-09-2026 03:42:38"
"frontend","src\components\Display\Component29.jsx",".jsx","127","03-09-2026 03:42:38"
"frontend","src\components\Display\Component3.jsx",".jsx","126","03-09-2026 03:42:38"
"frontend","src\components\Display\Component30.jsx",".jsx","127","03-09-2026 03:42:38"
"frontend","src\components\Display\Component31.jsx",".jsx","127","03-09-2026 03:42:38"
"frontend","src\components\Display\Component32.jsx",".jsx","127","03-09-2026 03:42:38"
"frontend","src\components\Display\Component33.jsx",".jsx","127","03-09-2026 03:42:38"
"frontend","src\components\Display\Component34.jsx",".jsx","127","03-09-2026 03:42:38"
"frontend","src\components\Display\Component35.jsx",".jsx","127","03-09-2026 03:42:38"
"frontend","src\components\Display\Component36.jsx",".jsx","127","03-09-2026 03:42:38"
"frontend","src\components\Display\Component37.jsx",".jsx","127","03-09-2026 03:42:38"
"frontend","src\components\Display\Component38.jsx",".jsx","127","03-09-2026 03:42:38"
"frontend","src\components\Display\Component39.jsx",".jsx","127","03-09-2026 03:42:38"
"frontend","src\components\Display\Component4.jsx",".jsx","126","03-09-2026 03:42:38"
"frontend","src\components\Display\Component40.jsx",".jsx","127","03-09-2026 03:42:38"
"frontend","src\components\Display\Component41.jsx",".jsx","127","03-09-2026 03:42:38"
"frontend","src\components\Display\Component42.jsx",".jsx","127","03-09-2026 03:42:38"
"frontend","src\components\Display\Component43.jsx",".jsx","127","03-09-2026 03:42:38"
"frontend","src\components\Display\Component44.jsx",".jsx","127","03-09-2026 03:42:38"
"frontend","src\components\Display\Component45.jsx",".jsx","127","03-09-2026 03:42:38"
"frontend","src\components\Display\Component46.jsx",".jsx","127","03-09-2026 03:42:38"
"frontend","src\components\Display\Component47.jsx",".jsx","127","03-09-2026 03:42:38"
"frontend","src\components\Display\Component48.jsx",".jsx","127","03-09-2026 03:42:38"
"frontend","src\components\Display\Component49.jsx",".jsx","127","03-09-2026 03:42:38"
"frontend","src\components\Display\Component5.jsx",".jsx","126","03-09-2026 03:42:38"
"frontend","src\components\Display\Component50.jsx",".jsx","127","03-09-2026 03:42:38"
"frontend","src\components\Display\Component51.jsx",".jsx","127","03-09-2026 03:42:38"
"frontend","src\components\Display\Component52.jsx",".jsx","127","03-09-2026 03:42:38"
"frontend","src\components\Display\Component53.jsx",".jsx","127","03-09-2026 03:42:38"
"frontend","src\components\Display\Component54.jsx",".jsx","127","03-09-2026 03:42:38"
"frontend","src\components\Display\Component55.jsx",".jsx","127","03-09-2026 03:42:38"
"frontend","src\components\Display\Component56.jsx",".jsx","127","03-09-2026 03:42:38"
"frontend","src\components\Display\Component57.jsx",".jsx","127","03-09-2026 03:42:38"
"frontend","src\components\Display\Component58.jsx",".jsx","127","03-09-2026 03:42:38"
"frontend","src\components\Display\Component59.jsx",".jsx","127","03-09-2026 03:42:38"
"frontend","src\components\Display\Component6.jsx",".jsx","126","03-09-2026 03:42:38"
"frontend","src\components\Display\Component60.jsx",".jsx","127","03-09-2026 03:42:38"
"frontend","src\components\Display\Component61.jsx",".jsx","127","03-09-2026 03:42:38"
"frontend","src\components\Display\Component62.jsx",".jsx","127","03-09-2026 03:42:38"
"frontend","src\components\Display\Component63.jsx",".jsx","127","03-09-2026 03:42:38"
"frontend","src\components\Display\Component64.jsx",".jsx","127","03-09-2026 03:42:38"
"frontend","src\components\Display\Component65.jsx",".jsx","127","03-09-2026 03:42:38"
"frontend","src\components\Display\Component66.jsx",".jsx","127","03-09-2026 03:42:38"
"frontend","src\components\Display\Component67.jsx",".jsx","127","03-09-2026 03:42:38"
"frontend","src\components\Display\Component68.jsx",".jsx","127","03-09-2026 03:42:38"
"frontend","src\components\Display\Component69.jsx",".jsx","127","03-09-2026 03:42:38"
"frontend","src\components\Display\Component7.jsx",".jsx","126","03-09-2026 03:42:38"
"frontend","src\components\Display\Component70.jsx",".jsx","127","03-09-2026 03:42:38"
"frontend","src\components\Display\Component71.jsx",".jsx","127","03-09-2026 03:42:38"
"frontend","src\components\Display\Component72.jsx",".jsx","127","03-09-2026 03:42:38"
"frontend","src\components\Display\Component73.jsx",".jsx","127","03-09-2026 03:42:38"
"frontend","src\components\Display\Component74.jsx",".jsx","127","03-09-2026 03:42:38"
"frontend","src\components\Display\Component75.jsx",".jsx","127","03-09-2026 03:42:38"
"frontend","src\components\Display\Component76.jsx",".jsx","127","03-09-2026 03:42:38"
"frontend","src\components\Display\Component77.jsx",".jsx","127","03-09-2026 03:42:38"
"frontend","src\components\Display\Component78.jsx",".jsx","127","03-09-2026 03:42:38"
"frontend","src\components\Display\Component79.jsx",".jsx","127","03-09-2026 03:42:38"
"frontend","src\components\Display\Component8.jsx",".jsx","126","03-09-2026 03:42:38"
"frontend","src\components\Display\Component80.jsx",".jsx","127","03-09-2026 03:42:38"
"frontend","src\components\Display\Component81.jsx",".jsx","127","03-09-2026 03:42:38"
"frontend","src\components\Display\Component82.jsx",".jsx","127","03-09-2026 03:42:38"
"frontend","src\components\Display\Component83.jsx",".jsx","127","03-09-2026 03:42:38"
"frontend","src\components\Display\Component84.jsx",".jsx","127","03-09-2026 03:42:38"
"frontend","src\components\Display\Component85.jsx",".jsx","127","03-09-2026 03:42:38"
"frontend","src\components\Display\Component86.jsx",".jsx","127","03-09-2026 03:42:38"
"frontend","src\components\Display\Component87.jsx",".jsx","127","03-09-2026 03:42:38"
"frontend","src\components\Display\Component88.jsx",".jsx","127","03-09-2026 03:42:38"
"frontend","src\components\Display\Component89.jsx",".jsx","127","03-09-2026 03:42:38"
"frontend","src\components\Display\Component9.jsx",".jsx","126","03-09-2026 03:42:38"
"frontend","src\components\Display\Component90.jsx",".jsx","127","03-09-2026 03:42:38"
"frontend","src\components\Display\Component91.jsx",".jsx","127","03-09-2026 03:42:38"
"frontend","src\components\Display\Component92.jsx",".jsx","127","03-09-2026 03:42:38"
"frontend","src\components\Display\Component93.jsx",".jsx","127","03-09-2026 03:42:38"
"frontend","src\components\Display\Component94.jsx",".jsx","127","03-09-2026 03:42:38"
"frontend","src\components\Display\Component95.jsx",".jsx","127","03-09-2026 03:42:38"
"frontend","src\components\Display\Component96.jsx",".jsx","127","03-09-2026 03:42:38"
"frontend","src\components\Display\Component97.jsx",".jsx","127","03-09-2026 03:42:38"
"frontend","src\components\Display\Component98.jsx",".jsx","127","03-09-2026 03:42:38"
"frontend","src\components\Display\Component99.jsx",".jsx","127","03-09-2026 03:42:38"
"frontend","src\components\Display\OrderCard.jsx",".jsx","1566","03-09-2026 10:13:34"
"frontend","src\components\Display\ProductCard.jsx",".jsx","1209","03-09-2026 03:49:37"
"frontend","src\components\Display\StatCard.jsx",".jsx","660","03-09-2026 03:47:01"
"frontend","src\components\Display\StatCard.test.jsx",".jsx","2008","04-09-2026 08:35:40"
"frontend","src\components\Display\WalletCard.jsx",".jsx","1902","04-09-2026 07:02:01"
"frontend","src\components\Display\WalletCard.test.jsx",".jsx","3431","04-09-2026 07:02:01"
"frontend","src\components\ErrorBoundary\EnhancedErrorBoundary.jsx",".jsx","15482","04-09-2026 08:35:40"
"frontend","src\components\FarmerPortal\LandRecords.jsx",".jsx","11510","04-09-2026 08:35:40"
"frontend","src\components\FoodIntelligence\FoodSafetyDashboard.jsx",".jsx","4552","04-09-2026 08:35:40"
"frontend","src\components\forms\ClaimForm.jsx",".jsx","174","03-09-2026 03:42:38"
"frontend","src\components\forms\ClaimForm15.jsx",".jsx","176","03-09-2026 03:42:38"
"frontend","src\components\forms\ClaimForm25.jsx",".jsx","176","03-09-2026 03:42:38"
"frontend","src\components\forms\ClaimForm35.jsx",".jsx","176","03-09-2026 03:42:38"
"frontend","src\components\forms\ClaimForm45.jsx",".jsx","176","03-09-2026 03:42:38"
"frontend","src\components\forms\ClaimForm55.jsx",".jsx","176","03-09-2026 03:42:38"
"frontend","src\components\forms\ClaimForm65.jsx",".jsx","176","03-09-2026 03:42:38"
"frontend","src\components\forms\ClaimForm75.jsx",".jsx","176","03-09-2026 03:42:38"
"frontend","src\components\forms\EnhancedFormValidator.jsx",".jsx","13859","04-09-2026 08:35:40"
"frontend","src\components\forms\FilterForm.jsx",".jsx","175","03-09-2026 03:42:38"
"frontend","src\components\forms\FilterForm18.jsx",".jsx","177","03-09-2026 03:42:38"
"frontend","src\components\forms\FilterForm28.jsx",".jsx","177","03-09-2026 03:42:38"
"frontend","src\components\forms\FilterForm38.jsx",".jsx","177","03-09-2026 03:42:38"
"frontend","src\components\forms\FilterForm48.jsx",".jsx","177","03-09-2026 03:42:38"
"frontend","src\components\forms\FilterForm58.jsx",".jsx","177","03-09-2026 03:42:38"
"frontend","src\components\forms\FilterForm68.jsx",".jsx","177","03-09-2026 03:42:38"
"frontend","src\components\forms\FilterForm78.jsx",".jsx","177","03-09-2026 03:42:38"
"frontend","src\components\forms\FormBuilderPanel.jsx",".jsx","8872","04-09-2026 08:35:40"
"frontend","src\components\forms\FormPreviewPanel.jsx",".jsx","3426","04-09-2026 08:35:40"
"frontend","src\components\forms\LoanForm.jsx",".jsx","173","03-09-2026 03:42:38"
"frontend","src\components\forms\LoanForm14.jsx",".jsx","175","03-09-2026 03:42:38"
"frontend","src\components\forms\LoanForm24.jsx",".jsx","175","03-09-2026 03:42:38"
"frontend","src\components\forms\LoanForm34.jsx",".jsx","175","03-09-2026 03:42:38"
"frontend","src\components\forms\LoanForm44.jsx",".jsx","175","03-09-2026 03:42:38"
"frontend","src\components\forms\LoanForm54.jsx",".jsx","175","03-09-2026 03:42:38"
"frontend","src\components\forms\LoanForm64.jsx",".jsx","175","03-09-2026 03:42:38"
"frontend","src\components\forms\LoanForm74.jsx",".jsx","175","03-09-2026 03:42:38"
"frontend","src\components\forms\LoginForm.jsx",".jsx","2158","03-09-2026 09:52:14"
"frontend","src\components\forms\LoginForm10.jsx",".jsx","176","03-09-2026 03:42:38"
"frontend","src\components\forms\LoginForm20.jsx",".jsx","176","03-09-2026 03:42:38"
"frontend","src\components\forms\LoginForm30.jsx",".jsx","176","03-09-2026 03:42:38"
"frontend","src\components\forms\LoginForm40.jsx",".jsx","176","03-09-2026 03:42:38"
"frontend","src\components\forms\LoginForm50.jsx",".jsx","176","03-09-2026 03:42:38"
"frontend","src\components\forms\LoginForm60.jsx",".jsx","176","03-09-2026 03:42:38"
"frontend","src\components\forms\LoginForm70.jsx",".jsx","176","03-09-2026 03:42:38"
"frontend","src\components\forms\OrderForm.jsx",".jsx","174","03-09-2026 03:42:38"
"frontend","src\components\forms\OrderForm13.jsx",".jsx","176","03-09-2026 03:42:38"
"frontend","src\components\forms\OrderForm23.jsx",".jsx","176","03-09-2026 03:42:38"
"frontend","src\components\forms\OrderForm33.jsx",".jsx","176","03-09-2026 03:42:38"
"frontend","src\components\forms\OrderForm43.jsx",".jsx","176","03-09-2026 03:42:38"
"frontend","src\components\forms\OrderForm53.jsx",".jsx","176","03-09-2026 03:42:38"
"frontend","src\components\forms\OrderForm63.jsx",".jsx","176","03-09-2026 03:42:38"
"frontend","src\components\forms\OrderForm73.jsx",".jsx","176","03-09-2026 03:42:38"
"frontend","src\components\forms\PaymentForm.jsx",".jsx","176","03-09-2026 03:42:38"
"frontend","src\components\forms\PaymentForm16.jsx",".jsx","178","03-09-2026 03:42:38"
"frontend","src\components\forms\PaymentForm26.jsx",".jsx","178","03-09-2026 03:42:38"
"frontend","src\components\forms\PaymentForm36.jsx",".jsx","178","03-09-2026 03:42:38"
"frontend","src\components\forms\PaymentForm46.jsx",".jsx","178","03-09-2026 03:42:38"
"frontend","src\components\forms\PaymentForm56.jsx",".jsx","178","03-09-2026 03:42:38"
"frontend","src\components\forms\PaymentForm66.jsx",".jsx","178","03-09-2026 03:42:38"
"frontend","src\components\forms\PaymentForm76.jsx",".jsx","178","03-09-2026 03:42:38"
"frontend","src\components\forms\ProductForm.jsx",".jsx","176","03-09-2026 03:42:38"
"frontend","src\components\forms\ProductForm12.jsx",".jsx","178","03-09-2026 03:42:38"
"frontend","src\components\forms\ProductForm22.jsx",".jsx","178","03-09-2026 03:42:38"
"frontend","src\components\forms\ProductForm32.jsx",".jsx","178","03-09-2026 03:42:38"
"frontend","src\components\forms\ProductForm42.jsx",".jsx","178","03-09-2026 03:42:38"
"frontend","src\components\forms\ProductForm52.jsx",".jsx","178","03-09-2026 03:42:38"
"frontend","src\components\forms\ProductForm62.jsx",".jsx","178","03-09-2026 03:42:38"
"frontend","src\components\forms\ProductForm72.jsx",".jsx","178","03-09-2026 03:42:38"
"frontend","src\components\forms\ProfileForm.jsx",".jsx","176","03-09-2026 03:42:38"
"frontend","src\components\forms\ProfileForm19.jsx",".jsx","178","03-09-2026 03:42:38"
"frontend","src\components\forms\ProfileForm29.jsx",".jsx","178","03-09-2026 03:42:38"
"frontend","src\components\forms\ProfileForm39.jsx",".jsx","178","03-09-2026 03:42:38"
"frontend","src\components\forms\ProfileForm49.jsx",".jsx","178","03-09-2026 03:42:38"
"frontend","src\components\forms\ProfileForm59.jsx",".jsx","178","03-09-2026 03:42:38"
"frontend","src\components\forms\ProfileForm69.jsx",".jsx","178","03-09-2026 03:42:38"
"frontend","src\components\forms\ProfileForm79.jsx",".jsx","178","03-09-2026 03:42:38"
"frontend","src\components\forms\RegisterForm.jsx",".jsx","3437","04-09-2026 08:35:40"
"frontend","src\components\forms\RegisterForm11.jsx",".jsx","179","03-09-2026 03:42:38"
"frontend","src\components\forms\RegisterForm21.jsx",".jsx","179","03-09-2026 03:42:38"
"frontend","src\components\forms\RegisterForm31.jsx",".jsx","179","03-09-2026 03:42:38"
"frontend","src\components\forms\RegisterForm41.jsx",".jsx","179","03-09-2026 03:42:38"
"frontend","src\components\forms\RegisterForm51.jsx",".jsx","179","03-09-2026 03:42:38"
"frontend","src\components\forms\RegisterForm61.jsx",".jsx","179","03-09-2026 03:42:38"
"frontend","src\components\forms\RegisterForm71.jsx",".jsx","179","03-09-2026 03:42:38"
"frontend","src\components\forms\SearchForm.jsx",".jsx","175","03-09-2026 03:42:38"
"frontend","src\components\forms\SearchForm17.jsx",".jsx","177","03-09-2026 03:42:38"
"frontend","src\components\forms\SearchForm27.jsx",".jsx","177","03-09-2026 03:42:38"
"frontend","src\components\forms\SearchForm37.jsx",".jsx","177","03-09-2026 03:42:38"
"frontend","src\components\forms\SearchForm47.jsx",".jsx","177","03-09-2026 03:42:38"
"frontend","src\components\forms\SearchForm57.jsx",".jsx","177","03-09-2026 03:42:38"
"frontend","src\components\forms\SearchForm67.jsx",".jsx","177","03-09-2026 03:42:38"
"frontend","src\components\forms\SearchForm77.jsx",".jsx","177","03-09-2026 03:42:38"
"frontend","src\components\GDPR\GDPRConsent.jsx",".jsx","3986","04-09-2026 08:35:40"
"frontend","src\components\GIIntelligence\GIProductCard.jsx",".jsx","6623","04-09-2026 08:35:40"
"frontend","src\components\Insurance\InsurancePremiumCalculator.jsx",".jsx","13963","04-09-2026 08:35:40"
"frontend","src\components\IoTIntegration\DeviceMonitor.jsx",".jsx","10572","04-09-2026 08:35:40"
"frontend","src\components\KnowledgeGraph\KnowledgeExplorer.jsx",".jsx","7033","04-09-2026 08:35:40"
"frontend","src\components\LaboratoryERP\SampleRegistration.jsx",".jsx","12640","04-09-2026 08:35:40"
"frontend","src\components\Library\LibraryBrowser.jsx",".jsx","17540","04-09-2026 08:35:40"
"frontend","src\components\Logistics\CustodyChainViewer.jsx",".jsx","4995","04-09-2026 08:35:40"
"frontend","src\components\Logistics\RealTimeTracking.jsx",".jsx","7560","04-09-2026 08:35:40"
"frontend","src\components\Marketplace\GSTCalculator.jsx",".jsx","6780","04-09-2026 08:35:40"
"frontend","src\components\Marketplace\ProductReview.jsx",".jsx","8289","04-09-2026 08:35:40"
"frontend","src\components\MFA\MFASetup.jsx",".jsx","5248","04-09-2026 08:35:40"
"frontend","src\components\Mobile\MobileOptimization.jsx",".jsx","3574","04-09-2026 08:35:40"
"frontend","src\components\Modals\AlertModal.jsx",".jsx","747","03-09-2026 08:29:17"
"frontend","src\components\Modals\ConfirmationModal.jsx",".jsx","1862","04-09-2026 08:35:40"
"frontend","src\components\Modals\DateModal.jsx",".jsx","744","03-09-2026 08:29:17"
"frontend","src\components\Modals\ErrorModal.jsx",".jsx","1941","04-09-2026 08:35:40"
"frontend","src\components\Modals\ExportModal.jsx",".jsx","750","03-09-2026 08:29:17"
"frontend","src\components\Modals\FeedbackModal.jsx",".jsx","756","03-09-2026 08:29:17"
"frontend","src\components\Modals\FileUploadModal.jsx",".jsx","762","03-09-2026 08:29:17"
"frontend","src\components\Modals\FilterModal.jsx",".jsx","750","03-09-2026 08:29:17"
"frontend","src\components\Modals\FormModal.jsx",".jsx","744","03-09-2026 08:29:17"
"frontend","src\components\Modals\HelpModal.jsx",".jsx","744","03-09-2026 08:29:17"
"frontend","src\components\Modals\ImageModal.jsx",".jsx","747","03-09-2026 08:29:17"
"frontend","src\components\Modals\ImportModal.jsx",".jsx","750","03-09-2026 08:29:17"
"frontend","src\components\Modals\InfoModal.jsx",".jsx","744","03-09-2026 08:29:17"
"frontend","src\components\Modals\InputModal.jsx",".jsx","1807","04-09-2026 08:35:40"
"frontend","src\components\Modals\LoadingModal.jsx",".jsx","1341","04-09-2026 08:35:40"
"frontend","src\components\Modals\MultiSelectModal.jsx",".jsx","765","03-09-2026 08:29:17"
"frontend","src\components\Modals\PrintModal.jsx",".jsx","747","03-09-2026 08:29:17"
"frontend","src\components\Modals\SearchModal.jsx",".jsx","750","03-09-2026 08:29:17"
"frontend","src\components\Modals\SelectModal.jsx",".jsx","750","03-09-2026 08:29:17"
"frontend","src\components\Modals\SettingsModal.jsx",".jsx","756","03-09-2026 08:29:17"
"frontend","src\components\Modals\ShareModal.jsx",".jsx","747","03-09-2026 08:29:17"
"frontend","src\components\Modals\SortModal.jsx",".jsx","744","03-09-2026 08:29:17"
"frontend","src\components\Modals\SuccessModal.jsx",".jsx","1421","04-09-2026 08:35:40"
"frontend","src\components\Modals\TimeModal.jsx",".jsx","744","03-09-2026 08:29:17"
"frontend","src\components\Modals\WarningModal.jsx",".jsx","753","03-09-2026 08:29:17"
"frontend","src\components\Multilingual\AutoTranslate.jsx",".jsx","4652","04-09-2026 08:35:40"
"frontend","src\components\Multilingual\LanguageSelector.jsx",".jsx","4818","04-09-2026 08:35:40"
"frontend","src\components\Multilingual\MultilingualProvider.jsx",".jsx","4467","04-09-2026 08:35:40"
"frontend","src\components\NutritionIntelligence\NutritionLabel.jsx",".jsx","10285","04-09-2026 08:35:40"
"frontend","src\components\OrganicTraceability\OrganicFarmRegistration.jsx",".jsx","8231","04-09-2026 08:35:40"
"frontend","src\components\OrganicTraceability\QRCodeScanner.jsx",".jsx","7962","04-09-2026 08:35:40"
"frontend","src\components\PredictiveAnalytics\DemandForecast.jsx",".jsx","7192","04-09-2026 08:35:40"
"frontend","src\components\testing\ResponsiveTestWrapper.jsx",".jsx","10664","04-09-2026 08:35:40"
"frontend","src\components\ui\AIInsightsPanel.jsx",".jsx","7918","04-09-2026 08:35:40"
"frontend","src\components\ui\badge.jsx",".jsx","815","04-09-2026 08:35:40"
"frontend","src\components\ui\button.jsx",".jsx","1671","04-09-2026 08:35:40"
"frontend","src\components\ui\card.jsx",".jsx","1388","04-09-2026 08:35:40"
"frontend","src\components\ui\common.jsx",".jsx","12460","04-09-2026 08:35:40"
"frontend","src\components\ui\Dashboard.jsx",".jsx","11992","04-09-2026 08:35:40"
"frontend","src\components\ui\dialog.jsx",".jsx","2689","04-09-2026 08:35:40"
"frontend","src\components\ui\enhancedComponents.jsx",".jsx","16217","04-09-2026 08:35:40"
"frontend","src\components\ui\input.jsx",".jsx","681","04-09-2026 08:35:40"
"frontend","src\components\ui\label.jsx",".jsx","454","04-09-2026 08:35:40"
"frontend","src\components\ui\select.jsx",".jsx","4001","04-09-2026 08:35:40"
"frontend","src\components\ui\Skeleton.jsx",".jsx","7201","04-09-2026 08:35:40"
"frontend","src\components\ui\table.jsx",".jsx","2026","04-09-2026 08:35:40"
"frontend","src\components\ui\tabs.jsx",".jsx","1582","04-09-2026 08:35:40"
"frontend","src\components\ui\textarea.jsx",".jsx","606","04-09-2026 08:35:40"
"frontend","src\components\ui\Toast.jsx",".jsx","7227","04-09-2026 08:35:40"
"frontend","src\components\ValueCommerce\ValueBadge.jsx",".jsx","1585","04-09-2026 08:35:40"
"frontend","src\components\VoiceAI\VoiceAssistant.jsx",".jsx","8696","04-09-2026 08:35:40"
"frontend","src\config\env.js",".js","7606","04-09-2026 08:35:40"
"frontend","src\config\routes.js",".js","76082","04-09-2026 19:37:26"
"frontend","src\hooks\useGeolocation.js",".js","4143","04-09-2026 08:35:40"
"frontend","src\hooks\useJourneyStepper.js",".js","2948","04-09-2026 08:35:40"
"frontend","src\hooks\useJourneyStepper.test.js",".js","2413","04-09-2026 08:35:40"
"frontend","src\hooks\useResponsive.js",".js","8284","03-09-2026 17:13:30"
"frontend","src\hooks\useResponsiveDesign.jsx",".jsx","11378","04-09-2026 08:35:40"
"frontend","src\lib\utils.js",".js","609","04-09-2026 08:35:40"
"frontend","src\modules\ContractlessModulePage.jsx",".jsx","582","04-09-2026 08:35:40"
"frontend","src\modules\criticalModules.test.jsx",".jsx","1792","04-09-2026 08:35:40"
"frontend","src\modules\M001\index.jsx",".jsx","76","04-09-2026 08:35:40"
"frontend","src\modules\M001\M001Component.jsx",".jsx","146","04-09-2026 08:35:40"
"frontend","src\modules\M001\M001Page.jsx",".jsx","1987","04-09-2026 08:35:40"
"frontend","src\modules\M001\README.md",".md","445","07-08-2026 06:50:40"
"frontend","src\modules\M001\styles.css",".css","1139","03-09-2026 03:10:08"
"frontend","src\modules\M001\.vibecheck\registry-cache.json",".json","2","30-08-2026 02:47:51"
"frontend","src\modules\M002\index.jsx",".jsx","76","04-09-2026 08:35:40"
"frontend","src\modules\M002\M002Component.jsx",".jsx","155","04-09-2026 08:35:40"
"frontend","src\modules\M002\M002Page.jsx",".jsx","709","04-09-2026 08:35:40"
"frontend","src\modules\M002\README.md",".md","443","07-08-2026 06:51:54"
"frontend","src\modules\M002\styles.css",".css","82","06-08-2026 10:54:25"
"frontend","src\modules\M003\index.jsx",".jsx","76","04-09-2026 08:35:40"
"frontend","src\modules\M003\M003Component.jsx",".jsx","150","04-09-2026 08:35:40"
"frontend","src\modules\M003\M003Page.jsx",".jsx","253","04-09-2026 08:35:40"
"frontend","src\modules\M003\README.md",".md","174","16-08-2026 04:00:45"
"frontend","src\modules\M003\styles.css",".css","77","06-08-2026 10:54:25"
"frontend","src\modules\M004\index.jsx",".jsx","76","04-09-2026 08:35:40"
"frontend","src\modules\M004\M004Component.jsx",".jsx","156","04-09-2026 08:35:40"
"frontend","src\modules\M004\M004Page.jsx",".jsx","259","04-09-2026 08:35:40"
"frontend","src\modules\M004\README.md",".md","180","16-08-2026 04:00:45"
"frontend","src\modules\M004\styles.css",".css","83","06-08-2026 10:54:25"
"frontend","src\modules\M005\index.jsx",".jsx","76","04-09-2026 08:35:40"
"frontend","src\modules\M005\M005Component.jsx",".jsx","155","04-09-2026 08:35:40"
"frontend","src\modules\M005\M005Page.jsx",".jsx","258","04-09-2026 08:35:40"
"frontend","src\modules\M005\README.md",".md","179","16-08-2026 04:00:45"
"frontend","src\modules\M005\styles.css",".css","82","06-08-2026 10:54:25"
"frontend","src\modules\M006\index.jsx",".jsx","76","04-09-2026 08:35:40"
"frontend","src\modules\M006\M006Component.jsx",".jsx","154","04-09-2026 08:35:40"
"frontend","src\modules\M006\M006Page.jsx",".jsx","2149","04-09-2026 08:35:40"
"frontend","src\modules\M006\README.md",".md","179","16-08-2026 04:00:45"
"frontend","src\modules\M006\styles.css",".css","81","06-08-2026 10:54:25"
"frontend","src\modules\M007\index.jsx",".jsx","76","04-09-2026 08:35:40"
"frontend","src\modules\M007\M007Component.jsx",".jsx","156","04-09-2026 08:35:40"
"frontend","src\modules\M007\M007Page.jsx",".jsx","260","04-09-2026 08:35:40"
"frontend","src\modules\M007\README.md",".md","181","16-08-2026 04:00:45"
"frontend","src\modules\M007\styles.css",".css","83","06-08-2026 10:54:25"
"frontend","src\modules\M008\index.jsx",".jsx","76","04-09-2026 08:35:40"
"frontend","src\modules\M008\M008Component.jsx",".jsx","156","04-09-2026 08:35:40"
"frontend","src\modules\M008\M008Page.jsx",".jsx","1083","04-09-2026 08:35:40"
"frontend","src\modules\M008\README.md",".md","666","07-08-2026 06:52:04"
"frontend","src\modules\M008\styles.css",".css","83","06-08-2026 10:54:25"
"frontend","src\modules\M009\index.jsx",".jsx","76","04-09-2026 08:35:40"
"frontend","src\modules\M009\M009Component.jsx",".jsx","153","04-09-2026 08:35:40"
"frontend","src\modules\M009\M009Page.jsx",".jsx","257","04-09-2026 08:35:40"
"frontend","src\modules\M009\README.md",".md","178","16-08-2026 04:00:45"
"frontend","src\modules\M009\styles.css",".css","80","06-08-2026 10:54:25"
"frontend","src\modules\M010\index.jsx",".jsx","76","04-09-2026 08:35:40"
"frontend","src\modules\M010\M010Component.jsx",".jsx","153","04-09-2026 08:35:40"
"frontend","src\modules\M010\M010Page.jsx",".jsx","257","04-09-2026 08:35:40"
"frontend","src\modules\M010\README.md",".md","178","16-08-2026 04:00:45"
"frontend","src\modules\M010\styles.css",".css","80","06-08-2026 10:54:25"
"frontend","src\modules\M011\index.jsx",".jsx","76","04-09-2026 08:35:40"
"frontend","src\modules\M011\M011Component.jsx",".jsx","148","04-09-2026 08:35:40"
"frontend","src\modules\M011\M011Page.jsx",".jsx","2655","04-09-2026 08:35:40"
"frontend","src\modules\M011\README.md",".md","162","16-08-2026 04:00:45"
"frontend","src\modules\M011\styles.css",".css","75","06-08-2026 10:54:25"
"frontend","src\modules\M012\index.jsx",".jsx","53","04-09-2026 08:35:40"
"frontend","src\modules\M012\M012Component.jsx",".jsx","108","04-09-2026 08:35:40"
"frontend","src\modules\M012\M012Page.jsx",".jsx","183","04-09-2026 08:35:40"
"frontend","src\modules\M012\README.md",".md","476","30-08-2026 02:47:51"
"frontend","src\modules\M012\styles.css",".css","59","30-08-2026 02:47:51"
"frontend","src\modules\M013\index.jsx",".jsx","53","04-09-2026 08:35:40"
"frontend","src\modules\M013\M013Component.jsx",".jsx","108","04-09-2026 08:35:40"
"frontend","src\modules\M013\M013Page.jsx",".jsx","771","04-09-2026 08:35:40"
"frontend","src\modules\M013\README.md",".md","364","30-08-2026 02:47:51"
"frontend","src\modules\M013\styles.css",".css","59","30-08-2026 02:47:51"
"frontend","src\modules\M014\index.jsx",".jsx","76","04-09-2026 08:35:40"
"frontend","src\modules\M014\M014Component.jsx",".jsx","148","04-09-2026 08:35:40"
"frontend","src\modules\M014\M014Page.jsx",".jsx","241","04-09-2026 08:35:40"
"frontend","src\modules\M014\README.md",".md","162","16-08-2026 04:00:45"
"frontend","src\modules\M014\styles.css",".css","75","06-08-2026 10:54:25"
"frontend","src\modules\M015\index.jsx",".jsx","53","04-09-2026 08:35:40"
"frontend","src\modules\M015\M015Component.jsx",".jsx","108","04-09-2026 08:35:40"
"frontend","src\modules\M015\M015Page.jsx",".jsx","183","04-09-2026 08:35:40"
"frontend","src\modules\M015\README.md",".md","380","30-08-2026 02:47:51"
"frontend","src\modules\M015\styles.css",".css","59","30-08-2026 02:47:51"
"frontend","src\modules\M016\index.jsx",".jsx","76","04-09-2026 08:35:40"
"frontend","src\modules\M016\M016Component.jsx",".jsx","147","04-09-2026 08:35:40"
"frontend","src\modules\M016\M016Page.jsx",".jsx","2009","04-09-2026 08:35:40"
"frontend","src\modules\M016\README.md",".md","160","16-08-2026 04:00:45"
"frontend","src\modules\M016\styles.css",".css","1181","03-09-2026 03:10:08"
"frontend","src\modules\M017\index.jsx",".jsx","53","04-09-2026 08:35:40"
"frontend","src\modules\M017\M017Component.jsx",".jsx","108","04-09-2026 08:35:40"
"frontend","src\modules\M017\M017Page.jsx",".jsx","183","04-09-2026 08:35:40"
"frontend","src\modules\M017\README.md",".md","386","30-08-2026 02:47:51"
"frontend","src\modules\M017\styles.css",".css","59","30-08-2026 02:47:51"
"frontend","src\modules\M018\index.jsx",".jsx","76","04-09-2026 08:35:40"
"frontend","src\modules\M018\M018Component.jsx",".jsx","149","04-09-2026 08:35:40"
"frontend","src\modules\M018\M018Page.jsx",".jsx","242","04-09-2026 08:35:40"
"frontend","src\modules\M018\README.md",".md","163","16-08-2026 04:00:45"
"frontend","src\modules\M018\styles.css",".css","76","06-08-2026 10:54:26"
"frontend","src\modules\M019\index.jsx",".jsx","76","04-09-2026 08:35:40"
"frontend","src\modules\M019\M019Component.jsx",".jsx","151","04-09-2026 08:35:40"
"frontend","src\modules\M019\M019Page.jsx",".jsx","243","04-09-2026 08:35:40"
"frontend","src\modules\M019\README.md",".md","164","16-08-2026 04:00:45"
"frontend","src\modules\M019\styles.css",".css","78","06-08-2026 10:54:26"
"frontend","src\modules\M020\index.jsx",".jsx","76","04-09-2026 08:35:40"
"frontend","src\modules\M020\M020Component.jsx",".jsx","151","04-09-2026 08:35:40"
"frontend","src\modules\M020\M020Page.jsx",".jsx","244","04-09-2026 08:35:40"
"frontend","src\modules\M020\README.md",".md","165","16-08-2026 04:00:45"
"frontend","src\modules\M020\styles.css",".css","78","06-08-2026 10:54:26"
"frontend","src\modules\M021\index.jsx",".jsx","53","04-09-2026 08:35:40"
"frontend","src\modules\M021\M021Component.jsx",".jsx","108","04-09-2026 08:35:40"
"frontend","src\modules\M021\M021Page.jsx",".jsx","675","04-09-2026 08:35:40"
"frontend","src\modules\M021\README.md",".md","458","07-08-2026 06:52:13"
"frontend","src\modules\M021\styles.css",".css","59","30-08-2026 02:47:51"
"frontend","src\modules\M022\index.jsx",".jsx","53","04-09-2026 08:35:40"
"frontend","src\modules\M022\M022Component.jsx",".jsx","108","04-09-2026 08:35:40"
"frontend","src\modules\M022\M022Page.jsx",".jsx","183","04-09-2026 08:35:40"
"frontend","src\modules\M022\README.md",".md","345","30-08-2026 02:47:51"
"frontend","src\modules\M022\styles.css",".css","59","30-08-2026 02:47:51"
"frontend","src\modules\M023\index.jsx",".jsx","53","04-09-2026 08:35:40"
"frontend","src\modules\M023\M023Component.jsx",".jsx","108","04-09-2026 08:35:40"
"frontend","src\modules\M023\M023Page.jsx",".jsx","183","04-09-2026 08:35:40"
"frontend","src\modules\M023\README.md",".md","340","30-08-2026 02:47:52"
"frontend","src\modules\M023\styles.css",".css","59","30-08-2026 02:47:52"
"frontend","src\modules\M024\index.jsx",".jsx","53","04-09-2026 08:35:40"
"frontend","src\modules\M024\M024Component.jsx",".jsx","108","04-09-2026 08:35:40"
"frontend","src\modules\M024\M024Page.jsx",".jsx","183","04-09-2026 08:35:40"
"frontend","src\modules\M024\README.md",".md","373","30-08-2026 02:47:52"
"frontend","src\modules\M024\styles.css",".css","59","30-08-2026 02:47:52"
"frontend","src\modules\M025\index.jsx",".jsx","53","04-09-2026 08:35:40"
"frontend","src\modules\M025\M025Component.jsx",".jsx","108","04-09-2026 08:35:40"
"frontend","src\modules\M025\M025Page.jsx",".jsx","183","04-09-2026 08:35:40"
"frontend","src\modules\M025\README.md",".md","370","30-08-2026 02:47:52"
"frontend","src\modules\M025\styles.css",".css","59","30-08-2026 02:47:52"
"frontend","src\modules\M026\index.jsx",".jsx","53","04-09-2026 08:35:40"
"frontend","src\modules\M026\M026Component.jsx",".jsx","108","04-09-2026 08:35:40"
"frontend","src\modules\M026\M026Page.jsx",".jsx","771","04-09-2026 08:35:40"
"frontend","src\modules\M026\README.md",".md","358","30-08-2026 02:47:52"
"frontend","src\modules\M026\styles.css",".css","59","30-08-2026 02:47:52"
"frontend","src\modules\M027\index.jsx",".jsx","53","04-09-2026 08:35:40"
"frontend","src\modules\M027\M027Component.jsx",".jsx","108","04-09-2026 08:35:40"
"frontend","src\modules\M027\M027Page.jsx",".jsx","1020","04-09-2026 08:35:40"
"frontend","src\modules\M027\README.md",".md","626","07-08-2026 06:52:28"
"frontend","src\modules\M027\styles.css",".css","59","30-08-2026 02:47:52"
"frontend","src\modules\M028\index.jsx",".jsx","53","04-09-2026 08:35:40"
"frontend","src\modules\M028\M028Component.jsx",".jsx","108","04-09-2026 08:35:40"
"frontend","src\modules\M028\M028Page.jsx",".jsx","771","04-09-2026 08:35:40"
"frontend","src\modules\M028\README.md",".md","342","30-08-2026 02:47:52"
"frontend","src\modules\M028\styles.css",".css","59","30-08-2026 02:47:52"
"frontend","src\modules\M029\index.jsx",".jsx","53","04-09-2026 08:35:40"
"frontend","src\modules\M029\M029Component.jsx",".jsx","108","04-09-2026 08:35:40"
"frontend","src\modules\M029\M029Page.jsx",".jsx","771","04-09-2026 08:35:40"
"frontend","src\modules\M029\README.md",".md","3735","30-08-2026 02:47:52"
"frontend","src\modules\M029\styles.css",".css","59","30-08-2026 02:47:52"
"frontend","src\modules\M029\.vibecheck\registry-cache.json",".json","2","30-08-2026 02:47:52"
"frontend","src\modules\M030\index.jsx",".jsx","53","04-09-2026 08:35:40"
"frontend","src\modules\M030\M030Component.jsx",".jsx","108","04-09-2026 08:35:40"
"frontend","src\modules\M030\M030Page.jsx",".jsx","183","04-09-2026 08:35:40"
"frontend","src\modules\M030\README.md",".md","494","30-08-2026 02:47:53"
"frontend","src\modules\M030\styles.css",".css","59","30-08-2026 02:47:53"
"frontend","src\modules\M031\index.jsx",".jsx","53","04-09-2026 08:35:40"
"frontend","src\modules\M031\M031Component.jsx",".jsx","108","04-09-2026 08:35:40"
"frontend","src\modules\M031\M031Page.jsx",".jsx","183","04-09-2026 08:35:40"
"frontend","src\modules\M031\README.md",".md","374","30-08-2026 02:47:53"
"frontend","src\modules\M031\styles.css",".css","59","30-08-2026 02:47:53"
"frontend","src\modules\M032\index.jsx",".jsx","53","04-09-2026 08:35:40"
"frontend","src\modules\M032\M032Component.jsx",".jsx","108","04-09-2026 08:35:40"
"frontend","src\modules\M032\M032Page.jsx",".jsx","183","04-09-2026 08:35:40"
"frontend","src\modules\M032\README.md",".md","443","30-08-2026 02:47:53"
"frontend","src\modules\M032\styles.css",".css","59","30-08-2026 02:47:53"
"frontend","src\modules\M033\index.jsx",".jsx","53","04-09-2026 08:35:40"
"frontend","src\modules\M033\M033Component.jsx",".jsx","108","04-09-2026 08:35:40"
"frontend","src\modules\M033\M033Page.jsx",".jsx","183","04-09-2026 08:35:40"
"frontend","src\modules\M033\README.md",".md","390","30-08-2026 02:47:53"
"frontend","src\modules\M033\styles.css",".css","59","30-08-2026 02:47:53"
"frontend","src\modules\M034\index.jsx",".jsx","76","04-09-2026 08:35:40"
"frontend","src\modules\M034\M034Component.jsx",".jsx","147","04-09-2026 08:35:40"
"frontend","src\modules\M034\M034Page.jsx",".jsx","640","04-09-2026 08:35:40"
"frontend","src\modules\M034\README.md",".md","354","07-08-2026 06:52:37"
"frontend","src\modules\M034\styles.css",".css","74","06-08-2026 10:54:26"
"frontend","src\modules\M035\index.jsx",".jsx","76","04-09-2026 08:35:40"
"frontend","src\modules\M035\M035Component.jsx",".jsx","149","04-09-2026 08:35:40"
"frontend","src\modules\M035\M035Page.jsx",".jsx","237","04-09-2026 08:35:40"
"frontend","src\modules\M035\README.md",".md","158","16-08-2026 04:00:45"
"frontend","src\modules\M035\styles.css",".css","76","06-08-2026 10:54:27"
"frontend","src\modules\M036\index.jsx",".jsx","53","04-09-2026 08:35:40"
"frontend","src\modules\M036\M036Component.jsx",".jsx","108","04-09-2026 08:35:40"
"frontend","src\modules\M036\M036Page.jsx",".jsx","183","04-09-2026 08:35:40"
"frontend","src\modules\M036\README.md",".md","368","30-08-2026 02:47:53"
"frontend","src\modules\M036\styles.css",".css","59","30-08-2026 02:47:53"
"frontend","src\modules\M037\index.jsx",".jsx","76","04-09-2026 08:35:40"
"frontend","src\modules\M037\M037Component.jsx",".jsx","155","04-09-2026 08:35:40"
"frontend","src\modules\M037\M037Page.jsx",".jsx","243","04-09-2026 08:35:40"
"frontend","src\modules\M037\README.md",".md","164","16-08-2026 04:00:45"
"frontend","src\modules\M037\styles.css",".css","82","06-08-2026 10:54:27"
"frontend","src\modules\M038\index.jsx",".jsx","76","04-09-2026 08:35:40"
"frontend","src\modules\M038\M038Component.jsx",".jsx","156","04-09-2026 08:35:40"
"frontend","src\modules\M038\M038Page.jsx",".jsx","245","04-09-2026 08:35:40"
"frontend","src\modules\M038\README.md",".md","166","16-08-2026 04:00:45"
"frontend","src\modules\M038\styles.css",".css","83","06-08-2026 10:54:27"
"frontend","src\modules\M039\index.jsx",".jsx","76","04-09-2026 08:35:40"
"frontend","src\modules\M039\M039Component.jsx",".jsx","150","04-09-2026 08:35:40"
"frontend","src\modules\M039\M039Page.jsx",".jsx","239","04-09-2026 08:35:40"
"frontend","src\modules\M039\README.md",".md","160","16-08-2026 04:00:45"
"frontend","src\modules\M039\styles.css",".css","77","06-08-2026 10:54:27"
"frontend","src\modules\M040\index.jsx",".jsx","53","04-09-2026 08:35:40"
"frontend","src\modules\M040\M040Component.jsx",".jsx","108","04-09-2026 08:35:40"
"frontend","src\modules\M040\M040Page.jsx",".jsx","183","04-09-2026 08:35:40"
"frontend","src\modules\M040\README.md",".md","469","30-08-2026 02:47:53"
"frontend","src\modules\M040\styles.css",".css","59","30-08-2026 02:47:53"
"frontend","src\modules\M041\index.jsx",".jsx","76","04-09-2026 08:35:40"
"frontend","src\modules\M041\M041Component.jsx",".jsx","149","04-09-2026 08:35:40"
"frontend","src\modules\M041\M041Page.jsx",".jsx","243","04-09-2026 08:35:40"
"frontend","src\modules\M041\README.md",".md","164","16-08-2026 04:00:45"
"frontend","src\modules\M041\styles.css",".css","76","06-08-2026 10:54:27"
"frontend","src\modules\M042\index.jsx",".jsx","53","04-09-2026 08:35:40"
"frontend","src\modules\M042\M042Component.jsx",".jsx","108","04-09-2026 08:35:40"
"frontend","src\modules\M042\M042Page.jsx",".jsx","183","04-09-2026 08:35:40"
"frontend","src\modules\M042\README.md",".md","398","30-08-2026 02:47:53"
"frontend","src\modules\M042\styles.css",".css","59","30-08-2026 02:47:53"
"frontend","src\modules\M043\index.jsx",".jsx","53","04-09-2026 08:35:40"
"frontend","src\modules\M043\M043Component.jsx",".jsx","108","04-09-2026 08:35:40"
"frontend","src\modules\M043\M043Page.jsx",".jsx","183","04-09-2026 08:35:40"
"frontend","src\modules\M043\README.md",".md","390","30-08-2026 02:47:53"
"frontend","src\modules\M043\styles.css",".css","59","30-08-2026 02:47:53"
"frontend","src\modules\M044\index.jsx",".jsx","53","04-09-2026 08:35:40"
"frontend","src\modules\M044\M044Component.jsx",".jsx","108","04-09-2026 08:35:40"
"frontend","src\modules\M044\M044Page.jsx",".jsx","183","04-09-2026 08:35:40"
"frontend","src\modules\M044\README.md",".md","396","30-08-2026 02:47:53"
"frontend","src\modules\M044\styles.css",".css","59","30-08-2026 02:47:53"
"frontend","src\modules\M045\index.jsx",".jsx","53","04-09-2026 08:35:40"
"frontend","src\modules\M045\M045Component.jsx",".jsx","108","04-09-2026 08:35:40"
"frontend","src\modules\M045\M045Page.jsx",".jsx","183","04-09-2026 08:35:40"
"frontend","src\modules\M045\README.md",".md","390","30-08-2026 02:47:53"
"frontend","src\modules\M045\styles.css",".css","59","30-08-2026 02:47:53"
"frontend","src\modules\M046\index.jsx",".jsx","76","04-09-2026 08:35:40"
"frontend","src\modules\M046\M046Component.jsx",".jsx","147","04-09-2026 08:35:40"
"frontend","src\modules\M046\M046Page.jsx",".jsx","240","04-09-2026 08:35:40"
"frontend","src\modules\M046\README.md",".md","161","16-08-2026 04:00:45"
"frontend","src\modules\M046\styles.css",".css","74","06-08-2026 10:54:27"
"frontend","src\modules\M047\index.jsx",".jsx","53","04-09-2026 08:35:40"
"frontend","src\modules\M047\M047Component.jsx",".jsx","108","04-09-2026 08:35:40"
"frontend","src\modules\M047\M047Page.jsx",".jsx","183","04-09-2026 08:35:40"
"frontend","src\modules\M047\README.md",".md","402","30-08-2026 02:47:53"
"frontend","src\modules\M047\styles.css",".css","59","30-08-2026 02:47:53"
"frontend","src\modules\M048\index.jsx",".jsx","53","04-09-2026 08:35:40"
"frontend","src\modules\M048\M048Component.jsx",".jsx","108","04-09-2026 08:35:40"
"frontend","src\modules\M048\M048Page.jsx",".jsx","183","04-09-2026 08:35:40"
"frontend","src\modules\M048\README.md",".md","408","30-08-2026 02:47:53"
"frontend","src\modules\M048\styles.css",".css","59","30-08-2026 02:47:53"
"frontend","src\modules\M049\index.jsx",".jsx","76","04-09-2026 08:35:40"
"frontend","src\modules\M049\M049Component.jsx",".jsx","159","04-09-2026 08:35:40"
"frontend","src\modules\M049\M049Page.jsx",".jsx","252","04-09-2026 08:35:40"
"frontend","src\modules\M049\README.md",".md","173","16-08-2026 04:00:45"
"frontend","src\modules\M049\styles.css",".css","86","06-08-2026 10:54:28"
"frontend","src\modules\M050\index.jsx",".jsx","53","04-09-2026 08:35:40"
"frontend","src\modules\M050\M050Component.jsx",".jsx","108","04-09-2026 08:35:40"
"frontend","src\modules\M050\M050Page.jsx",".jsx","183","04-09-2026 08:35:40"
"frontend","src\modules\M050\README.md",".md","414","30-08-2026 02:47:53"
"frontend","src\modules\M050\styles.css",".css","59","30-08-2026 02:47:53"
"frontend","src\modules\M050\.vibecheck\registry-cache.json",".json","2","30-08-2026 02:47:53"
"frontend","src\modules\M051\index.jsx",".jsx","76","04-09-2026 08:35:40"
"frontend","src\modules\M051\M051Component.jsx",".jsx","149","04-09-2026 08:35:40"
"frontend","src\modules\M051\M051Page.jsx",".jsx","237","04-09-2026 08:35:40"
"frontend","src\modules\M051\README.md",".md","158","16-08-2026 04:00:45"
"frontend","src\modules\M051\styles.css",".css","76","06-08-2026 10:54:28"
"frontend","src\modules\M052\index.jsx",".jsx","53","04-09-2026 08:35:40"
"frontend","src\modules\M052\M052Component.jsx",".jsx","108","04-09-2026 08:35:40"
"frontend","src\modules\M052\M052Page.jsx",".jsx","183","04-09-2026 08:35:40"
"frontend","src\modules\M052\README.md",".md","363","30-08-2026 02:47:53"
"frontend","src\modules\M052\styles.css",".css","59","30-08-2026 02:47:53"
"frontend","src\modules\M053\index.jsx",".jsx","53","04-09-2026 08:35:40"
"frontend","src\modules\M053\M053Component.jsx",".jsx","108","04-09-2026 08:35:40"
"frontend","src\modules\M053\M053Page.jsx",".jsx","652","04-09-2026 08:35:40"
"frontend","src\modules\M053\README.md",".md","382","07-08-2026 06:52:45"
"frontend","src\modules\M053\styles.css",".css","59","30-08-2026 02:47:53"
"frontend","src\modules\M054\index.jsx",".jsx","53","04-09-2026 08:35:40"
"frontend","src\modules\M054\M054Component.jsx",".jsx","108","04-09-2026 08:35:40"
"frontend","src\modules\M054\M054Page.jsx",".jsx","649","04-09-2026 08:35:40"
"frontend","src\modules\M054\README.md",".md","376","07-08-2026 06:52:52"
"frontend","src\modules\M054\styles.css",".css","59","30-08-2026 02:47:53"
"frontend","src\modules\M055\index.jsx",".jsx","53","04-09-2026 08:35:40"
"frontend","src\modules\M055\M055Component.jsx",".jsx","108","04-09-2026 08:35:40"
"frontend","src\modules\M055\M055Page.jsx",".jsx","771","04-09-2026 08:35:40"
"frontend","src\modules\M055\README.md",".md","366","30-08-2026 02:47:53"
"frontend","src\modules\M055\styles.css",".css","59","30-08-2026 02:47:53"
"frontend","src\modules\M056\index.jsx",".jsx","53","04-09-2026 08:35:40"
"frontend","src\modules\M056\M056Component.jsx",".jsx","108","04-09-2026 08:35:40"
"frontend","src\modules\M056\M056Page.jsx",".jsx","655","04-09-2026 08:35:40"
"frontend","src\modules\M056\README.md",".md","384","07-08-2026 06:53:00"
"frontend","src\modules\M056\styles.css",".css","59","30-08-2026 02:47:53"
"frontend","src\modules\M057\index.jsx",".jsx","53","04-09-2026 08:35:40"
"frontend","src\modules\M057\M057Component.jsx",".jsx","108","04-09-2026 08:35:40"
"frontend","src\modules\M057\M057Page.jsx",".jsx","183","04-09-2026 08:35:40"
"frontend","src\modules\M057\README.md",".md","360","30-08-2026 02:47:53"
"frontend","src\modules\M057\styles.css",".css","59","30-08-2026 02:47:53"
"frontend","src\modules\M058\index.jsx",".jsx","53","04-09-2026 08:35:40"
"frontend","src\modules\M058\M058Component.jsx",".jsx","108","04-09-2026 08:35:40"
"frontend","src\modules\M058\M058Page.jsx",".jsx","667","04-09-2026 08:35:40"
"frontend","src\modules\M058\README.md",".md","401","07-08-2026 06:53:08"
"frontend","src\modules\M058\styles.css",".css","59","30-08-2026 02:47:53"
"frontend","src\modules\M059\index.jsx",".jsx","76","04-09-2026 08:35:40"
"frontend","src\modules\M059\M059Component.jsx",".jsx","147","04-09-2026 08:35:40"
"frontend","src\modules\M059\M059Page.jsx",".jsx","235","04-09-2026 08:35:40"
"frontend","src\modules\M059\README.md",".md","156","16-08-2026 04:00:45"
"frontend","src\modules\M059\styles.css",".css","74","06-08-2026 10:54:28"
"frontend","src\modules\M060\index.jsx",".jsx","53","04-09-2026 08:35:40"
"frontend","src\modules\M060\M060Component.jsx",".jsx","108","04-09-2026 08:35:40"
"frontend","src\modules\M060\M060Page.jsx",".jsx","665","04-09-2026 08:35:40"
"frontend","src\modules\M060\README.md",".md","383","07-08-2026 06:53:16"
"frontend","src\modules\M060\styles.css",".css","59","30-08-2026 02:47:53"
"frontend","src\modules\M061\index.jsx",".jsx","76","04-09-2026 08:35:40"
"frontend","src\modules\M061\M061Component.jsx",".jsx","146","04-09-2026 08:35:40"
"frontend","src\modules\M061\M061Page.jsx",".jsx","600","04-09-2026 08:35:40"
"frontend","src\modules\M061\README.md",".md","323","07-08-2026 06:53:24"
"frontend","src\modules\M061\styles.css",".css","73","06-08-2026 10:54:28"
"frontend","src\modules\M062\index.jsx",".jsx","76","04-09-2026 08:35:40"
"frontend","src\modules\M062\M062Component.jsx",".jsx","146","04-09-2026 08:35:40"
"frontend","src\modules\M062\M062Page.jsx",".jsx","235","04-09-2026 08:35:40"
"frontend","src\modules\M062\README.md",".md","156","16-08-2026 04:00:45"
"frontend","src\modules\M062\styles.css",".css","73","06-08-2026 10:54:28"
"frontend","src\modules\M063\index.jsx",".jsx","76","04-09-2026 08:35:40"
"frontend","src\modules\M063\M063Component.jsx",".jsx","150","04-09-2026 08:35:40"
"frontend","src\modules\M063\M063Page.jsx",".jsx","239","04-09-2026 08:35:40"
"frontend","src\modules\M063\README.md",".md","160","16-08-2026 04:00:45"
"frontend","src\modules\M063\styles.css",".css","77","06-08-2026 10:54:28"
"frontend","src\modules\M064\index.jsx",".jsx","76","04-09-2026 08:35:40"
"frontend","src\modules\M064\M064Component.jsx",".jsx","156","04-09-2026 08:35:40"
"frontend","src\modules\M064\M064Page.jsx",".jsx","245","04-09-2026 08:35:40"
"frontend","src\modules\M064\README.md",".md","166","16-08-2026 04:00:45"
"frontend","src\modules\M064\styles.css",".css","83","06-08-2026 10:54:29"
"frontend","src\modules\M065\index.jsx",".jsx","76","04-09-2026 08:35:40"
"frontend","src\modules\M065\M065Component.jsx",".jsx","146","04-09-2026 08:35:40"
"frontend","src\modules\M065\M065Page.jsx",".jsx","235","04-09-2026 08:35:40"
"frontend","src\modules\M065\README.md",".md","156","16-08-2026 04:00:45"
"frontend","src\modules\M065\styles.css",".css","73","06-08-2026 10:54:29"
"frontend","src\modules\M066\index.jsx",".jsx","76","04-09-2026 08:35:40"
"frontend","src\modules\M066\M066Component.jsx",".jsx","151","04-09-2026 08:35:40"
"frontend","src\modules\M066\M066Page.jsx",".jsx","239","04-09-2026 08:35:40"
"frontend","src\modules\M066\README.md",".md","160","16-08-2026 04:00:45"
"frontend","src\modules\M066\styles.css",".css","78","06-08-2026 10:54:29"
"frontend","src\modules\M067\index.jsx",".jsx","76","04-09-2026 08:35:40"
"frontend","src\modules\M067\M067Component.jsx",".jsx","150","04-09-2026 08:35:40"
"frontend","src\modules\M067\M067Page.jsx",".jsx","238","04-09-2026 08:35:40"
"frontend","src\modules\M067\README.md",".md","159","16-08-2026 04:00:45"
"frontend","src\modules\M067\styles.css",".css","77","06-08-2026 10:54:29"
"frontend","src\modules\M068\index.jsx",".jsx","76","04-09-2026 08:35:40"
"frontend","src\modules\M068\M068Component.jsx",".jsx","148","04-09-2026 08:35:40"
"frontend","src\modules\M068\M068Page.jsx",".jsx","237","04-09-2026 08:35:40"
"frontend","src\modules\M068\README.md",".md","158","16-08-2026 04:00:45"
"frontend","src\modules\M068\styles.css",".css","75","06-08-2026 10:54:29"
"frontend","src\modules\M069\index.jsx",".jsx","76","04-09-2026 08:35:40"
"frontend","src\modules\M069\M069Component.jsx",".jsx","149","04-09-2026 08:35:40"
"frontend","src\modules\M069\M069Page.jsx",".jsx","238","04-09-2026 08:35:40"
"frontend","src\modules\M069\README.md",".md","159","16-08-2026 04:00:45"
"frontend","src\modules\M069\styles.css",".css","76","06-08-2026 10:54:29"
"frontend","src\modules\M070\index.jsx",".jsx","76","04-09-2026 08:35:40"
"frontend","src\modules\M070\M070Component.jsx",".jsx","148","04-09-2026 08:35:40"
"frontend","src\modules\M070\M070Page.jsx",".jsx","615","04-09-2026 08:35:40"
"frontend","src\modules\M070\README.md",".md","339","07-08-2026 06:53:32"
"frontend","src\modules\M070\styles.css",".css","75","06-08-2026 10:54:30"
"frontend","src\modules\M071\index.jsx",".jsx","53","04-09-2026 08:35:40"
"frontend","src\modules\M071\M071Component.jsx",".jsx","108","04-09-2026 08:35:40"
"frontend","src\modules\M071\M071Page.jsx",".jsx","183","04-09-2026 08:35:40"
"frontend","src\modules\M071\README.md",".md","382","30-08-2026 02:47:53"
"frontend","src\modules\M071\styles.css",".css","59","30-08-2026 02:47:53"
"frontend","src\modules\M072\index.jsx",".jsx","53","04-09-2026 08:35:40"
"frontend","src\modules\M072\M072Component.jsx",".jsx","108","04-09-2026 08:35:40"
"frontend","src\modules\M072\M072Page.jsx",".jsx","1001","04-09-2026 08:35:40"
"frontend","src\modules\M072\README.md",".md","585","07-08-2026 06:53:42"
"frontend","src\modules\M072\styles.css",".css","59","30-08-2026 02:47:53"
"frontend","src\modules\M073\index.jsx",".jsx","53","04-09-2026 08:35:40"
"frontend","src\modules\M073\M073Component.jsx",".jsx","108","04-09-2026 08:35:40"
"frontend","src\modules\M073\M073Page.jsx",".jsx","183","04-09-2026 08:35:40"
"frontend","src\modules\M073\README.md",".md","387","30-08-2026 02:47:53"
"frontend","src\modules\M073\styles.css",".css","59","30-08-2026 02:47:53"
"frontend","src\modules\M074\index.jsx",".jsx","76","04-09-2026 08:35:40"
"frontend","src\modules\M074\M074Component.jsx",".jsx","153","04-09-2026 08:35:40"
"frontend","src\modules\M074\M074Page.jsx",".jsx","241","04-09-2026 08:35:40"
"frontend","src\modules\M074\README.md",".md","162","16-08-2026 04:00:45"
"frontend","src\modules\M074\styles.css",".css","80","06-08-2026 10:54:30"
"frontend","src\modules\M075\index.jsx",".jsx","76","04-09-2026 08:35:40"
"frontend","src\modules\M075\M075Component.jsx",".jsx","154","04-09-2026 08:35:40"
"frontend","src\modules\M075\M075Page.jsx",".jsx","243","04-09-2026 08:35:40"
"frontend","src\modules\M075\README.md",".md","164","16-08-2026 04:00:45"
"frontend","src\modules\M075\styles.css",".css","81","06-08-2026 10:54:30"
"frontend","src\modules\M076\index.jsx",".jsx","76","04-09-2026 08:35:40"
"frontend","src\modules\M076\M076Component.jsx",".jsx","148","04-09-2026 08:35:40"
"frontend","src\modules\M076\M076Page.jsx",".jsx","237","04-09-2026 08:35:40"
"frontend","src\modules\M076\README.md",".md","158","16-08-2026 04:00:45"
"frontend","src\modules\M076\styles.css",".css","75","06-08-2026 10:54:30"
"frontend","src\modules\M077\index.jsx",".jsx","76","04-09-2026 08:35:40"
"frontend","src\modules\M077\M077Component.jsx",".jsx","157","04-09-2026 08:35:40"
"frontend","src\modules\M077\M077Page.jsx",".jsx","246","04-09-2026 08:35:40"
"frontend","src\modules\M077\README.md",".md","167","16-08-2026 04:00:45"
"frontend","src\modules\M077\styles.css",".css","84","06-08-2026 10:54:30"
"frontend","src\modules\M078\index.jsx",".jsx","76","04-09-2026 08:35:40"
"frontend","src\modules\M078\M078Component.jsx",".jsx","153","04-09-2026 08:35:40"
"frontend","src\modules\M078\M078Page.jsx",".jsx","242","04-09-2026 08:35:40"
"frontend","src\modules\M078\README.md",".md","163","16-08-2026 04:00:45"
"frontend","src\modules\M078\styles.css",".css","80","06-08-2026 10:54:30"
"frontend","src\modules\M079\index.jsx",".jsx","76","04-09-2026 08:35:40"
"frontend","src\modules\M079\M079Component.jsx",".jsx","153","04-09-2026 08:35:40"
"frontend","src\modules\M079\M079Page.jsx",".jsx","242","04-09-2026 08:35:40"
"frontend","src\modules\M079\README.md",".md","163","16-08-2026 04:00:45"
"frontend","src\modules\M079\styles.css",".css","80","06-08-2026 10:54:30"
"frontend","src\modules\M080\index.jsx",".jsx","76","04-09-2026 08:35:40"
"frontend","src\modules\M080\M080Component.jsx",".jsx","148","04-09-2026 08:35:40"
"frontend","src\modules\M080\M080Page.jsx",".jsx","237","04-09-2026 08:35:40"
"frontend","src\modules\M080\README.md",".md","158","16-08-2026 04:00:45"
"frontend","src\modules\M080\styles.css",".css","75","06-08-2026 10:54:31"
"frontend","src\modules\M081\index.jsx",".jsx","53","04-09-2026 08:35:40"
"frontend","src\modules\M081\M081Component.jsx",".jsx","108","04-09-2026 08:35:40"
"frontend","src\modules\M081\M081Page.jsx",".jsx","183","04-09-2026 08:35:40"
"frontend","src\modules\M081\README.md",".md","508","30-08-2026 02:47:53"
"frontend","src\modules\M081\styles.css",".css","59","30-08-2026 02:47:53"
"frontend","src\modules\M082\index.jsx",".jsx","53","04-09-2026 08:35:40"
"frontend","src\modules\M082\M082Component.jsx",".jsx","108","04-09-2026 08:35:40"
"frontend","src\modules\M082\M082Page.jsx",".jsx","183","04-09-2026 08:35:40"
"frontend","src\modules\M082\README.md",".md","503","30-08-2026 02:47:53"
"frontend","src\modules\M082\styles.css",".css","59","30-08-2026 02:47:53"
"frontend","src\modules\M083\index.jsx",".jsx","76","04-09-2026 08:35:40"
"frontend","src\modules\M083\M083Component.jsx",".jsx","149","04-09-2026 08:35:40"
"frontend","src\modules\M083\M083Page.jsx",".jsx","241","04-09-2026 08:35:40"
"frontend","src\modules\M083\README.md",".md","162","16-08-2026 04:00:45"
"frontend","src\modules\M083\styles.css",".css","76","06-08-2026 10:54:31"
"frontend","src\modules\M084\index.jsx",".jsx","53","04-09-2026 08:35:40"
"frontend","src\modules\M084\M084Component.jsx",".jsx","108","04-09-2026 08:35:40"
"frontend","src\modules\M084\M084Page.jsx",".jsx","2875","04-09-2026 08:35:40"
"frontend","src\modules\M084\README.md",".md","493","30-08-2026 02:47:53"
"frontend","src\modules\M084\styles.css",".css","1372","03-09-2026 03:10:08"
"frontend","src\modules\M085\index.jsx",".jsx","53","04-09-2026 08:35:40"
"frontend","src\modules\M085\M085Component.jsx",".jsx","108","04-09-2026 08:35:40"
"frontend","src\modules\M085\M085Page.jsx",".jsx","183","04-09-2026 08:35:40"
"frontend","src\modules\M085\README.md",".md","373","30-08-2026 02:47:53"
"frontend","src\modules\M085\styles.css",".css","59","30-08-2026 02:47:53"
"frontend","src\modules\M086\index.jsx",".jsx","53","04-09-2026 08:35:40"
"frontend","src\modules\M086\M086Component.jsx",".jsx","108","04-09-2026 08:35:40"
"frontend","src\modules\M086\M086Page.jsx",".jsx","183","04-09-2026 08:35:40"
"frontend","src\modules\M086\README.md",".md","371","30-08-2026 02:47:53"
"frontend","src\modules\M086\styles.css",".css","59","30-08-2026 02:47:53"
"frontend","src\modules\M087\index.jsx",".jsx","76","04-09-2026 08:35:40"
"frontend","src\modules\M087\M087Component.jsx",".jsx","149","04-09-2026 08:35:40"
"frontend","src\modules\M087\M087Page.jsx",".jsx","241","04-09-2026 08:35:40"
"frontend","src\modules\M087\README.md",".md","162","16-08-2026 04:00:45"
"frontend","src\modules\M087\styles.css",".css","76","06-08-2026 10:54:31"
"frontend","src\modules\M088\index.jsx",".jsx","76","04-09-2026 08:35:40"
"frontend","src\modules\M088\M088Component.jsx",".jsx","152","04-09-2026 08:35:40"
"frontend","src\modules\M088\M088Page.jsx",".jsx","244","04-09-2026 08:35:40"
"frontend","src\modules\M088\README.md",".md","165","16-08-2026 04:00:45"
"frontend","src\modules\M088\styles.css",".css","79","06-08-2026 10:54:31"
"frontend","src\modules\M089\index.jsx",".jsx","76","04-09-2026 08:35:40"
"frontend","src\modules\M089\M089Component.jsx",".jsx","156","04-09-2026 08:35:40"
"frontend","src\modules\M089\M089Page.jsx",".jsx","248","04-09-2026 08:35:40"
"frontend","src\modules\M089\README.md",".md","169","16-08-2026 04:00:45"
"frontend","src\modules\M089\styles.css",".css","83","06-08-2026 10:54:31"
"frontend","src\modules\M090\index.jsx",".jsx","53","04-09-2026 08:35:40"
"frontend","src\modules\M090\M090Component.jsx",".jsx","108","04-09-2026 08:35:40"
"frontend","src\modules\M090\M090Page.jsx",".jsx","183","04-09-2026 08:35:40"
"frontend","src\modules\M090\README.md",".md","371","30-08-2026 02:47:53"
"frontend","src\modules\M090\styles.css",".css","59","30-08-2026 02:47:53"
"frontend","src\modules\M091\index.jsx",".jsx","53","04-09-2026 08:35:40"
"frontend","src\modules\M091\M091Component.jsx",".jsx","108","04-09-2026 08:35:40"
"frontend","src\modules\M091\M091Page.jsx",".jsx","183","04-09-2026 08:35:40"
"frontend","src\modules\M091\README.md",".md","391","30-08-2026 02:47:53"
"frontend","src\modules\M091\styles.css",".css","59","30-08-2026 02:47:53"
"frontend","src\modules\M092\index.jsx",".jsx","53","04-09-2026 08:35:40"
"frontend","src\modules\M092\M092Component.jsx",".jsx","108","04-09-2026 08:35:40"
"frontend","src\modules\M092\M092Page.jsx",".jsx","183","04-09-2026 08:35:40"
"frontend","src\modules\M092\README.md",".md","387","30-08-2026 02:47:53"
"frontend","src\modules\M092\styles.css",".css","59","30-08-2026 02:47:53"
"frontend","src\modules\M093\index.jsx",".jsx","53","04-09-2026 08:35:40"
"frontend","src\modules\M093\M093Component.jsx",".jsx","108","04-09-2026 08:35:40"
"frontend","src\modules\M093\M093Page.jsx",".jsx","183","04-09-2026 08:35:40"
"frontend","src\modules\M093\README.md",".md","389","30-08-2026 02:47:53"
"frontend","src\modules\M093\styles.css",".css","59","30-08-2026 02:47:53"
"frontend","src\modules\M094\index.jsx",".jsx","53","04-09-2026 08:35:40"
"frontend","src\modules\M094\M094Component.jsx",".jsx","108","04-09-2026 08:35:40"
"frontend","src\modules\M094\M094Page.jsx",".jsx","183","04-09-2026 08:35:40"
"frontend","src\modules\M094\README.md",".md","388","30-08-2026 02:47:53"
"frontend","src\modules\M094\styles.css",".css","59","30-08-2026 02:47:53"
"frontend","src\modules\M095\index.jsx",".jsx","76","04-09-2026 08:35:40"
"frontend","src\modules\M095\M095Component.jsx",".jsx","153","04-09-2026 08:35:40"
"frontend","src\modules\M095\M095Page.jsx",".jsx","248","04-09-2026 08:35:40"
"frontend","src\modules\M095\README.md",".md","169","16-08-2026 04:00:45"
"frontend","src\modules\M095\styles.css",".css","80","06-08-2026 10:54:32"
"frontend","src\modules\M096\index.jsx",".jsx","76","04-09-2026 08:35:40"
"frontend","src\modules\M096\M096Component.jsx",".jsx","153","04-09-2026 08:35:40"
"frontend","src\modules\M096\M096Page.jsx",".jsx","248","04-09-2026 08:35:40"
"frontend","src\modules\M096\README.md",".md","169","16-08-2026 04:00:45"
"frontend","src\modules\M096\styles.css",".css","80","06-08-2026 10:54:32"
"frontend","src\modules\M097\index.jsx",".jsx","76","04-09-2026 08:35:40"
"frontend","src\modules\M097\M097Component.jsx",".jsx","150","04-09-2026 08:35:40"
"frontend","src\modules\M097\M097Page.jsx",".jsx","245","04-09-2026 08:35:40"
"frontend","src\modules\M097\README.md",".md","166","16-08-2026 04:00:45"
"frontend","src\modules\M097\styles.css",".css","77","06-08-2026 10:54:32"
"frontend","src\modules\M098\index.jsx",".jsx","53","04-09-2026 08:35:40"
"frontend","src\modules\M098\M098Component.jsx",".jsx","108","04-09-2026 08:35:40"
"frontend","src\modules\M098\M098Page.jsx",".jsx","183","04-09-2026 08:35:40"
"frontend","src\modules\M098\README.md",".md","373","30-08-2026 02:47:53"
"frontend","src\modules\M098\styles.css",".css","59","30-08-2026 02:47:53"
"frontend","src\modules\M099\index.jsx",".jsx","53","04-09-2026 08:35:40"
"frontend","src\modules\M099\M099Component.jsx",".jsx","108","04-09-2026 08:35:40"
"frontend","src\modules\M099\M099Page.jsx",".jsx","183","04-09-2026 08:35:40"
"frontend","src\modules\M099\README.md",".md","384","30-08-2026 02:47:53"
"frontend","src\modules\M099\styles.css",".css","59","30-08-2026 02:47:53"
"frontend","src\modules\M100\index.jsx",".jsx","53","04-09-2026 08:35:40"
"frontend","src\modules\M100\M100Component.jsx",".jsx","108","04-09-2026 08:35:40"
"frontend","src\modules\M100\M100Page.jsx",".jsx","183","04-09-2026 08:35:40"
"frontend","src\modules\M100\README.md",".md","392","30-08-2026 02:47:53"
"frontend","src\modules\M100\styles.css",".css","59","30-08-2026 02:47:53"
"frontend","src\modules\M101\index.jsx",".jsx","76","04-09-2026 08:35:40"
"frontend","src\modules\M101\M101Component.jsx",".jsx","151","04-09-2026 08:35:40"
"frontend","src\modules\M101\M101Page.jsx",".jsx","244","04-09-2026 08:35:40"
"frontend","src\modules\M101\README.md",".md","165","16-08-2026 04:00:45"
"frontend","src\modules\M101\styles.css",".css","78","06-08-2026 10:54:32"
"frontend","src\modules\M102\index.jsx",".jsx","76","04-09-2026 08:35:40"
"frontend","src\modules\M102\M102Component.jsx",".jsx","153","04-09-2026 08:35:40"
"frontend","src\modules\M102\M102Page.jsx",".jsx","246","04-09-2026 08:35:40"
"frontend","src\modules\M102\README.md",".md","167","16-08-2026 04:00:45"
"frontend","src\modules\M102\styles.css",".css","80","06-08-2026 10:54:32"
"frontend","src\modules\M103\index.jsx",".jsx","76","04-09-2026 08:35:40"
"frontend","src\modules\M103\M103Component.jsx",".jsx","152","04-09-2026 08:35:40"
"frontend","src\modules\M103\M103Page.jsx",".jsx","246","04-09-2026 08:35:40"
"frontend","src\modules\M103\README.md",".md","167","16-08-2026 04:00:45"
"frontend","src\modules\M103\styles.css",".css","79","06-08-2026 10:54:32"
"frontend","src\modules\M104\index.jsx",".jsx","76","04-09-2026 08:35:40"
"frontend","src\modules\M104\M104Component.jsx",".jsx","149","04-09-2026 08:35:40"
"frontend","src\modules\M104\M104Page.jsx",".jsx","243","04-09-2026 08:35:40"
"frontend","src\modules\M104\README.md",".md","164","16-08-2026 04:00:45"
"frontend","src\modules\M104\styles.css",".css","76","06-08-2026 10:54:32"
"frontend","src\modules\M105\index.jsx",".jsx","76","04-09-2026 08:35:40"
"frontend","src\modules\M105\M105Component.jsx",".jsx","149","04-09-2026 08:35:40"
"frontend","src\modules\M105\M105Page.jsx",".jsx","243","04-09-2026 08:35:40"
"frontend","src\modules\M105\README.md",".md","164","16-08-2026 04:00:45"
"frontend","src\modules\M105\styles.css",".css","76","06-08-2026 10:54:33"
"frontend","src\modules\M106\index.jsx",".jsx","53","04-09-2026 08:35:40"
"frontend","src\modules\M106\M106Component.jsx",".jsx","108","04-09-2026 08:35:40"
"frontend","src\modules\M106\M106Page.jsx",".jsx","183","04-09-2026 08:35:40"
"frontend","src\modules\M106\README.md",".md","385","30-08-2026 02:47:53"
"frontend","src\modules\M106\styles.css",".css","59","30-08-2026 02:47:53"
"frontend","src\modules\M107\index.jsx",".jsx","76","04-09-2026 08:35:40"
"frontend","src\modules\M107\M107Component.jsx",".jsx","154","04-09-2026 08:35:40"
"frontend","src\modules\M107\M107Page.jsx",".jsx","247","04-09-2026 08:35:40"
"frontend","src\modules\M107\README.md",".md","168","16-08-2026 04:00:45"
"frontend","src\modules\M107\styles.css",".css","81","06-08-2026 10:54:33"
"frontend","src\modules\M108\index.jsx",".jsx","76","04-09-2026 08:35:40"
"frontend","src\modules\M108\M108Component.jsx",".jsx","148","04-09-2026 08:35:40"
"frontend","src\modules\M108\M108Page.jsx",".jsx","241","04-09-2026 08:35:40"
"frontend","src\modules\M108\README.md",".md","162","16-08-2026 04:00:45"
"frontend","src\modules\M108\styles.css",".css","75","06-08-2026 10:54:33"
"frontend","src\modules\M109\index.jsx",".jsx","76","04-09-2026 08:35:40"
"frontend","src\modules\M109\M109Component.jsx",".jsx","155","04-09-2026 08:35:40"
"frontend","src\modules\M109\M109Page.jsx",".jsx","248","04-09-2026 08:35:40"
"frontend","src\modules\M109\README.md",".md","169","16-08-2026 04:00:45"
"frontend","src\modules\M109\styles.css",".css","82","06-08-2026 10:54:33"
"frontend","src\modules\M110\index.jsx",".jsx","76","04-09-2026 08:35:40"
"frontend","src\modules\M110\M110Component.jsx",".jsx","159","04-09-2026 08:35:40"
"frontend","src\modules\M110\M110Page.jsx",".jsx","253","04-09-2026 08:35:40"
"frontend","src\modules\M110\README.md",".md","174","16-08-2026 04:00:45"
"frontend","src\modules\M110\styles.css",".css","86","06-08-2026 10:54:33"
"frontend","src\modules\M111\index.jsx",".jsx","53","04-09-2026 08:35:40"
"frontend","src\modules\M111\M111Component.jsx",".jsx","108","04-09-2026 08:35:40"
"frontend","src\modules\M111\M111Page.jsx",".jsx","183","04-09-2026 08:35:40"
"frontend","src\modules\M111\README.md",".md","416","30-08-2026 02:47:53"
"frontend","src\modules\M111\styles.css",".css","59","30-08-2026 02:47:53"
"frontend","src\modules\M112\index.jsx",".jsx","76","04-09-2026 08:35:40"
"frontend","src\modules\M112\M112Component.jsx",".jsx","153","04-09-2026 08:35:40"
"frontend","src\modules\M112\M112Page.jsx",".jsx","249","04-09-2026 08:35:40"
"frontend","src\modules\M112\README.md",".md","170","16-08-2026 04:00:45"
"frontend","src\modules\M112\styles.css",".css","80","06-08-2026 10:54:34"
"frontend","src\modules\M113\index.jsx",".jsx","76","04-09-2026 08:35:40"
"frontend","src\modules\M113\M113Component.jsx",".jsx","157","04-09-2026 08:35:40"
"frontend","src\modules\M113\M113Page.jsx",".jsx","253","04-09-2026 08:35:40"
"frontend","src\modules\M113\README.md",".md","174","16-08-2026 04:00:45"
"frontend","src\modules\M113\styles.css",".css","84","06-08-2026 10:54:34"
"frontend","src\modules\M114\index.jsx",".jsx","53","04-09-2026 08:35:40"
"frontend","src\modules\M114\M114Component.jsx",".jsx","108","04-09-2026 08:35:40"
"frontend","src\modules\M114\M114Page.jsx",".jsx","183","04-09-2026 08:35:40"
"frontend","src\modules\M114\README.md",".md","417","30-08-2026 02:47:53"
"frontend","src\modules\M114\styles.css",".css","59","30-08-2026 02:47:53"
"frontend","src\modules\M115\index.jsx",".jsx","53","04-09-2026 08:35:40"
"frontend","src\modules\M115\M115Component.jsx",".jsx","108","04-09-2026 08:35:40"
"frontend","src\modules\M115\M115Page.jsx",".jsx","183","04-09-2026 08:35:40"
"frontend","src\modules\M115\README.md",".md","417","30-08-2026 02:47:53"
"frontend","src\modules\M115\styles.css",".css","59","30-08-2026 02:47:53"
"frontend","src\modules\M116\index.jsx",".jsx","76","04-09-2026 08:35:40"
"frontend","src\modules\M116\M116Component.jsx",".jsx","157","04-09-2026 08:35:40"
"frontend","src\modules\M116\M116Page.jsx",".jsx","253","04-09-2026 08:35:40"
"frontend","src\modules\M116\README.md",".md","174","16-08-2026 04:00:45"
"frontend","src\modules\M116\styles.css",".css","84","06-08-2026 10:54:34"
"frontend","src\modules\M117\index.jsx",".jsx","53","04-09-2026 08:35:40"
"frontend","src\modules\M117\M117Component.jsx",".jsx","108","04-09-2026 08:35:40"
"frontend","src\modules\M117\M117Page.jsx",".jsx","183","04-09-2026 08:35:40"
"frontend","src\modules\M117\README.md",".md","417","30-08-2026 02:47:53"
"frontend","src\modules\M117\styles.css",".css","59","30-08-2026 02:47:53"
"frontend","src\modules\M118\index.jsx",".jsx","53","04-09-2026 08:35:40"
"frontend","src\modules\M118\M118Component.jsx",".jsx","108","04-09-2026 08:35:40"
"frontend","src\modules\M118\M118Page.jsx",".jsx","183","04-09-2026 08:35:40"
"frontend","src\modules\M118\README.md",".md","407","30-08-2026 02:47:53"
"frontend","src\modules\M118\styles.css",".css","59","30-08-2026 02:47:53"
"frontend","src\modules\M119\index.jsx",".jsx","53","04-09-2026 08:35:40"
"frontend","src\modules\M119\M119Component.jsx",".jsx","108","04-09-2026 08:35:40"
"frontend","src\modules\M119\M119Page.jsx",".jsx","183","04-09-2026 08:35:40"
"frontend","src\modules\M119\README.md",".md","409","30-08-2026 02:47:53"
"frontend","src\modules\M119\styles.css",".css","59","30-08-2026 02:47:53"
"frontend","src\modules\M120\index.jsx",".jsx","53","04-09-2026 08:35:40"
"frontend","src\modules\M120\M120Component.jsx",".jsx","108","04-09-2026 08:35:40"
"frontend","src\modules\M120\M120Page.jsx",".jsx","183","04-09-2026 08:35:40"
"frontend","src\modules\M120\README.md",".md","409","30-08-2026 02:47:53"
"frontend","src\modules\M120\styles.css",".css","59","30-08-2026 02:47:53"
"frontend","src\modules\M121\index.jsx",".jsx","76","04-09-2026 08:35:40"
"frontend","src\modules\M121\M121Component.jsx",".jsx","149","04-09-2026 08:35:40"
"frontend","src\modules\M121\M121Page.jsx",".jsx","242","04-09-2026 08:35:40"
"frontend","src\modules\M121\README.md",".md","163","16-08-2026 04:00:45"
"frontend","src\modules\M121\styles.css",".css","76","06-08-2026 10:54:34"
"frontend","src\modules\M122\index.jsx",".jsx","76","04-09-2026 08:35:40"
"frontend","src\modules\M122\M122Component.jsx",".jsx","148","04-09-2026 08:35:40"
"frontend","src\modules\M122\M122Page.jsx",".jsx","241","04-09-2026 08:35:40"
"frontend","src\modules\M122\README.md",".md","162","16-08-2026 04:00:45"
"frontend","src\modules\M122\styles.css",".css","75","06-08-2026 10:54:37"
"frontend","src\modules\M123\index.jsx",".jsx","76","04-09-2026 08:35:40"
"frontend","src\modules\M123\M123Component.jsx",".jsx","151","04-09-2026 08:35:40"
"frontend","src\modules\M123\M123Page.jsx",".jsx","244","04-09-2026 08:35:40"
"frontend","src\modules\M123\README.md",".md","165","16-08-2026 04:00:45"
"frontend","src\modules\M123\styles.css",".css","78","06-08-2026 10:54:37"
"frontend","src\modules\M124\index.jsx",".jsx","53","04-09-2026 08:35:40"
"frontend","src\modules\M124\M124Component.jsx",".jsx","108","04-09-2026 08:35:40"
"frontend","src\modules\M124\M124Page.jsx",".jsx","183","04-09-2026 08:35:40"
"frontend","src\modules\M124\README.md",".md","404","30-08-2026 02:47:53"
"frontend","src\modules\M124\styles.css",".css","59","30-08-2026 02:47:53"
"frontend","src\modules\M125\index.jsx",".jsx","53","04-09-2026 08:35:40"
"frontend","src\modules\M125\M125Component.jsx",".jsx","108","04-09-2026 08:35:40"
"frontend","src\modules\M125\M125Page.jsx",".jsx","183","04-09-2026 08:35:40"
"frontend","src\modules\M125\README.md",".md","406","30-08-2026 02:47:53"
"frontend","src\modules\M125\styles.css",".css","59","30-08-2026 02:47:53"
"frontend","src\modules\M126\index.jsx",".jsx","53","04-09-2026 08:35:40"
"frontend","src\modules\M126\M126Component.jsx",".jsx","108","04-09-2026 08:35:40"
"frontend","src\modules\M126\M126Page.jsx",".jsx","183","04-09-2026 08:35:40"
"frontend","src\modules\M126\README.md",".md","402","30-08-2026 02:47:53"
"frontend","src\modules\M126\styles.css",".css","59","30-08-2026 02:47:53"
"frontend","src\modules\M127\index.jsx",".jsx","76","04-09-2026 08:35:40"
"frontend","src\modules\M127\M127Component.jsx",".jsx","157","04-09-2026 08:35:40"
"frontend","src\modules\M127\M127Page.jsx",".jsx","250","04-09-2026 08:35:40"
"frontend","src\modules\M127\README.md",".md","171","16-08-2026 04:00:45"
"frontend","src\modules\M127\styles.css",".css","84","06-08-2026 10:54:37"
"frontend","src\modules\M128\index.jsx",".jsx","53","04-09-2026 08:35:40"
"frontend","src\modules\M128\M128Component.jsx",".jsx","108","04-09-2026 08:35:40"
"frontend","src\modules\M128\M128Page.jsx",".jsx","183","04-09-2026 08:35:40"
"frontend","src\modules\M128\README.md",".md","399","30-08-2026 02:47:53"
"frontend","src\modules\M128\styles.css",".css","59","30-08-2026 02:47:53"
"frontend","src\modules\M129\index.jsx",".jsx","76","04-09-2026 08:35:40"
"frontend","src\modules\M129\M129Component.jsx",".jsx","152","04-09-2026 08:35:40"
"frontend","src\modules\M129\M129Page.jsx",".jsx","245","04-09-2026 08:35:40"
"frontend","src\modules\M129\README.md",".md","166","16-08-2026 04:00:45"
"frontend","src\modules\M129\styles.css",".css","79","06-08-2026 10:54:37"
"frontend","src\modules\M130\index.jsx",".jsx","76","04-09-2026 08:35:40"
"frontend","src\modules\M130\M130Component.jsx",".jsx","152","04-09-2026 08:35:40"
"frontend","src\modules\M130\M130Page.jsx",".jsx","245","04-09-2026 08:35:40"
"frontend","src\modules\M130\README.md",".md","166","16-08-2026 04:00:45"
"frontend","src\modules\M130\styles.css",".css","79","06-08-2026 10:54:37"
"frontend","src\modules\M131\index.jsx",".jsx","76","04-09-2026 08:35:40"
"frontend","src\modules\M131\M131Component.jsx",".jsx","156","04-09-2026 08:35:40"
"frontend","src\modules\M131\M131Page.jsx",".jsx","249","04-09-2026 08:35:40"
"frontend","src\modules\M131\README.md",".md","170","16-08-2026 04:00:45"
"frontend","src\modules\M131\styles.css",".css","83","06-08-2026 10:54:38"
"frontend","src\modules\M132\index.jsx",".jsx","76","04-09-2026 08:35:40"
"frontend","src\modules\M132\M132Component.jsx",".jsx","148","04-09-2026 08:35:40"
"frontend","src\modules\M132\M132Page.jsx",".jsx","241","04-09-2026 08:35:40"
"frontend","src\modules\M132\README.md",".md","162","16-08-2026 04:00:45"
"frontend","src\modules\M132\styles.css",".css","75","06-08-2026 10:54:38"
"frontend","src\modules\M133\index.jsx",".jsx","76","04-09-2026 08:35:40"
"frontend","src\modules\M133\M133Component.jsx",".jsx","152","04-09-2026 08:35:40"
"frontend","src\modules\M133\M133Page.jsx",".jsx","245","04-09-2026 08:35:40"
"frontend","src\modules\M133\README.md",".md","166","16-08-2026 04:00:45"
"frontend","src\modules\M133\styles.css",".css","79","06-08-2026 10:54:38"
"frontend","src\modules\M134\index.jsx",".jsx","76","04-09-2026 08:35:40"
"frontend","src\modules\M134\M134Component.jsx",".jsx","153","04-09-2026 08:35:40"
"frontend","src\modules\M134\M134Page.jsx",".jsx","246","04-09-2026 08:35:40"
"frontend","src\modules\M134\README.md",".md","167","16-08-2026 04:00:45"
"frontend","src\modules\M134\styles.css",".css","80","06-08-2026 10:54:38"
"frontend","src\modules\M135\index.jsx",".jsx","76","04-09-2026 08:35:40"
"frontend","src\modules\M135\M135Component.jsx",".jsx","154","04-09-2026 08:35:40"
"frontend","src\modules\M135\M135Page.jsx",".jsx","247","04-09-2026 08:35:40"
"frontend","src\modules\M135\README.md",".md","168","16-08-2026 04:00:45"
"frontend","src\modules\M135\styles.css",".css","81","06-08-2026 10:54:38"
"frontend","src\modules\M136\index.jsx",".jsx","76","04-09-2026 08:35:40"
"frontend","src\modules\M136\M136Component.jsx",".jsx","155","04-09-2026 08:35:40"
"frontend","src\modules\M136\M136Page.jsx",".jsx","248","04-09-2026 08:35:40"
"frontend","src\modules\M136\README.md",".md","169","16-08-2026 04:00:45"
"frontend","src\modules\M136\styles.css",".css","82","06-08-2026 10:54:38"
"frontend","src\modules\M137\index.jsx",".jsx","53","04-09-2026 08:35:40"
"frontend","src\modules\M137\M137Component.jsx",".jsx","108","04-09-2026 08:35:40"
"frontend","src\modules\M137\M137Page.jsx",".jsx","183","04-09-2026 08:35:40"
"frontend","src\modules\M137\README.md",".md","393","30-08-2026 02:47:53"
"frontend","src\modules\M137\styles.css",".css","59","30-08-2026 02:47:53"
"frontend","src\modules\M138\index.jsx",".jsx","76","04-09-2026 08:35:40"
"frontend","src\modules\M138\M138Component.jsx",".jsx","159","04-09-2026 08:35:40"
"frontend","src\modules\M138\M138Page.jsx",".jsx","252","04-09-2026 08:35:40"
"frontend","src\modules\M138\README.md",".md","173","16-08-2026 04:00:45"
"frontend","src\modules\M138\styles.css",".css","86","06-08-2026 10:54:38"
"frontend","src\modules\M139\index.jsx",".jsx","53","04-09-2026 08:35:40"
"frontend","src\modules\M139\M139Component.jsx",".jsx","108","04-09-2026 08:35:40"
"frontend","src\modules\M139\M139Page.jsx",".jsx","183","04-09-2026 08:35:40"
"frontend","src\modules\M139\README.md",".md","378","30-08-2026 02:47:53"
"frontend","src\modules\M139\styles.css",".css","59","30-08-2026 02:47:53"
"frontend","src\modules\M140\index.jsx",".jsx","76","04-09-2026 08:35:40"
"frontend","src\modules\M140\M140Component.jsx",".jsx","154","04-09-2026 08:35:40"
"frontend","src\modules\M140\M140Page.jsx",".jsx","247","04-09-2026 08:35:40"
"frontend","src\modules\M140\README.md",".md","168","16-08-2026 04:00:46"
"frontend","src\modules\M140\styles.css",".css","81","06-08-2026 10:54:38"
"frontend","src\modules\M141\index.jsx",".jsx","76","04-09-2026 08:35:40"
"frontend","src\modules\M141\M141Component.jsx",".jsx","151","04-09-2026 08:35:40"
"frontend","src\modules\M141\M141Page.jsx",".jsx","247","04-09-2026 08:35:40"
"frontend","src\modules\M141\README.md",".md","168","16-08-2026 04:00:46"
"frontend","src\modules\M141\styles.css",".css","78","06-08-2026 10:54:39"
"frontend","src\modules\M142\index.jsx",".jsx","76","04-09-2026 08:35:40"
"frontend","src\modules\M142\M142Component.jsx",".jsx","153","04-09-2026 08:35:40"
"frontend","src\modules\M142\M142Page.jsx",".jsx","249","04-09-2026 08:35:40"
"frontend","src\modules\M142\README.md",".md","170","16-08-2026 04:00:46"
"frontend","src\modules\M142\styles.css",".css","80","06-08-2026 10:54:39"
"frontend","src\modules\M143\index.jsx",".jsx","76","04-09-2026 08:35:40"
"frontend","src\modules\M143\M143Component.jsx",".jsx","156","04-09-2026 08:35:40"
"frontend","src\modules\M143\M143Page.jsx",".jsx","252","04-09-2026 08:35:40"
"frontend","src\modules\M143\README.md",".md","173","16-08-2026 04:00:46"
"frontend","src\modules\M143\styles.css",".css","83","06-08-2026 10:54:39"
"frontend","src\modules\M144\index.jsx",".jsx","53","04-09-2026 08:35:40"
"frontend","src\modules\M144\M144Component.jsx",".jsx","108","04-09-2026 08:35:40"
"frontend","src\modules\M144\M144Page.jsx",".jsx","771","04-09-2026 08:35:40"
"frontend","src\modules\M144\README.md",".md","396","30-08-2026 02:47:53"
"frontend","src\modules\M144\styles.css",".css","59","30-08-2026 02:47:53"
"frontend","src\modules\M145\index.jsx",".jsx","76","04-09-2026 08:35:40"
"frontend","src\modules\M145\M145Component.jsx",".jsx","153","04-09-2026 08:35:40"
"frontend","src\modules\M145\M145Page.jsx",".jsx","249","04-09-2026 08:35:40"
"frontend","src\modules\M145\README.md",".md","170","16-08-2026 04:00:46"
"frontend","src\modules\M145\styles.css",".css","80","06-08-2026 10:54:39"
"frontend","src\modules\M146\index.jsx",".jsx","76","04-09-2026 08:35:40"
"frontend","src\modules\M146\M146Component.jsx",".jsx","155","04-09-2026 08:35:40"
"frontend","src\modules\M146\M146Page.jsx",".jsx","251","04-09-2026 08:35:40"
"frontend","src\modules\M146\README.md",".md","172","16-08-2026 04:00:46"
"frontend","src\modules\M146\styles.css",".css","82","06-08-2026 10:54:39"
"frontend","src\modules\M147\index.jsx",".jsx","76","04-09-2026 08:35:40"
"frontend","src\modules\M147\M147Component.jsx",".jsx","154","04-09-2026 08:35:40"
"frontend","src\modules\M147\M147Page.jsx",".jsx","250","04-09-2026 08:35:40"
"frontend","src\modules\M147\README.md",".md","171","16-08-2026 04:00:46"
"frontend","src\modules\M147\styles.css",".css","81","06-08-2026 10:54:39"
"frontend","src\modules\M148\index.jsx",".jsx","53","04-09-2026 08:35:40"
"frontend","src\modules\M148\M148Component.jsx",".jsx","108","04-09-2026 08:35:40"
"frontend","src\modules\M148\M148Page.jsx",".jsx","183","04-09-2026 08:35:40"
"frontend","src\modules\M148\README.md",".md","397","30-08-2026 02:47:53"
"frontend","src\modules\M148\styles.css",".css","59","30-08-2026 02:47:53"
"frontend","src\modules\M149\index.jsx",".jsx","53","04-09-2026 08:35:40"
"frontend","src\modules\M149\M149Component.jsx",".jsx","108","04-09-2026 08:35:40"
"frontend","src\modules\M149\M149Page.jsx",".jsx","183","04-09-2026 08:35:40"
"frontend","src\modules\M149\README.md",".md","396","30-08-2026 02:47:53"
"frontend","src\modules\M149\styles.css",".css","59","30-08-2026 02:47:53"
"frontend","src\modules\M150\index.jsx",".jsx","76","04-09-2026 08:35:40"
"frontend","src\modules\M150\M150Component.jsx",".jsx","155","04-09-2026 08:35:40"
"frontend","src\modules\M150\M150Page.jsx",".jsx","251","04-09-2026 08:35:40"
"frontend","src\modules\M150\README.md",".md","172","16-08-2026 04:00:46"
"frontend","src\modules\M150\styles.css",".css","82","06-08-2026 10:54:39"
"frontend","src\pages\AboutPage.jsx",".jsx","3873","04-09-2026 08:35:40"
"frontend","src\pages\AdminDashboardPage.jsx",".jsx","20322","04-09-2026 08:35:40"
"frontend","src\pages\AdvancedAnalyticsDashboard.jsx",".jsx","7049","04-09-2026 08:35:40"
"frontend","src\pages\AdvancedSearchPage.jsx",".jsx","4202","04-09-2026 08:35:40"
"frontend","src\pages\AgriculturalIntelligencePage.jsx",".jsx","4050","04-09-2026 08:35:40"
"frontend","src\pages\AIAgentPage.jsx",".jsx","10642","04-09-2026 08:35:40"
"frontend","src\pages\AIBackbonePage.jsx",".jsx","11912","04-09-2026 08:35:40"
"frontend","src\pages\AIBrainPage.jsx",".jsx","12809","04-09-2026 08:35:40"
"frontend","src\pages\AIChatPage.jsx",".jsx","184","04-09-2026 08:35:40"
"frontend","src\pages\AICollaborationPage.jsx",".jsx","247","04-09-2026 08:35:40"
"frontend","src\pages\AIDashboard.jsx",".jsx","36765","04-09-2026 08:35:40"
"frontend","src\pages\AIOperationIntelligencePage.jsx",".jsx","12712","04-09-2026 08:35:40"
"frontend","src\pages\AIProductStudioPage.jsx",".jsx","7927","04-09-2026 08:35:40"
"frontend","src\pages\AISelfHealingPage.jsx",".jsx","12019","04-09-2026 08:35:40"
"frontend","src\pages\AnalyticsPage.jsx",".jsx","6311","04-09-2026 08:35:40"
"frontend","src\pages\AnimalHealthPage.jsx",".jsx","21079","04-09-2026 08:35:40"
"frontend","src\pages\AssetAccountingPage.jsx",".jsx","17312","04-09-2026 08:35:40"
"frontend","src\pages\AssetLifecycleManagementPage.jsx",".jsx","569","04-09-2026 08:35:40"
"frontend","src\pages\AuditReportPage.jsx",".jsx","4848","04-09-2026 08:35:40"
"frontend","src\pages\AuthorizationPage.jsx",".jsx","10382","04-09-2026 08:35:40"
"frontend","src\pages\B2BMarketplace.jsx",".jsx","21452","30-08-2026 07:36:18"
"frontend","src\pages\BankerDashboardPage.jsx",".jsx","24288","04-09-2026 08:35:40"
"frontend","src\pages\BankPassportPage.jsx",".jsx","6686","04-09-2026 08:35:40"
"frontend","src\pages\BlockchainVerificationPage.jsx",".jsx","7949","04-09-2026 08:35:40"
"frontend","src\pages\BreakdownMaintenancePage.jsx",".jsx","552","04-09-2026 08:35:40"
"frontend","src\pages\BulkOrderPage.jsx",".jsx","17504","04-09-2026 08:35:40"
"frontend","src\pages\BulkPurchasePage.jsx",".jsx","5364","04-09-2026 08:35:40"
"frontend","src\pages\CADashboardPage.jsx",".jsx","18257","04-09-2026 08:35:40"
"frontend","src\pages\CartPage.jsx",".jsx","8656","04-09-2026 08:35:40"
"frontend","src\pages\CattleRegistryPage.jsx",".jsx","524","04-09-2026 08:35:40"
"frontend","src\pages\CheckoutPage.jsx",".jsx","13017","04-09-2026 08:35:40"
"frontend","src\pages\ClimateAdvisoryPage.jsx",".jsx","9363","04-09-2026 08:35:40"
"frontend","src\pages\ClimateMonitoringPage.jsx",".jsx","13516","04-09-2026 08:35:40"
"frontend","src\pages\ClimateWeatherPage.jsx",".jsx","6771","04-09-2026 08:35:40"
"frontend","src\pages\ColdStoragePage.jsx",".jsx","3750","04-09-2026 08:35:40"
"frontend","src\pages\CommunityForumPage.jsx",".jsx","3873","04-09-2026 08:35:40"
"frontend","src\pages\CommunityManagementPage.jsx",".jsx","16864","04-09-2026 08:35:40"
"frontend","src\pages\ComparePage.jsx",".jsx","9543","04-09-2026 08:35:40"
"frontend","src\pages\CompetitivePositionPage.jsx",".jsx","11215","04-09-2026 08:35:40"
"frontend","src\pages\CompleteAIIntegrationPage.jsx",".jsx","6357","04-09-2026 08:35:40"
"frontend","src\pages\CompleteERPIntegrationPage.jsx",".jsx","6836","04-09-2026 08:35:40"
"frontend","src\pages\ComplianceDashboardPage.jsx",".jsx","2863","04-09-2026 08:35:40"
"frontend","src\pages\CompliancePage.jsx",".jsx","4821","04-09-2026 08:35:40"
"frontend","src\pages\ComprehensiveERPPage.jsx",".jsx","14273","04-09-2026 08:35:40"
"frontend","src\pages\ContractFarmingPage.jsx",".jsx","16304","04-09-2026 08:35:40"
"frontend","src\pages\ContractListingPage.jsx",".jsx","2696","04-09-2026 08:35:40"
"frontend","src\pages\CooperativeSharePage.jsx",".jsx","3272","04-09-2026 08:35:40"
"frontend","src\pages\CopilotHubPage.jsx",".jsx","1944","04-09-2026 08:35:40"
"frontend","src\pages\CorporateBuyerPage.jsx",".jsx","16593","04-09-2026 08:35:40"
"frontend","src\pages\CorridorEconomicsPage.jsx",".jsx","5004","04-09-2026 08:35:40"
"frontend","src\pages\CostControlPage.jsx",".jsx","21096","04-09-2026 08:35:40"
"frontend","src\pages\CreditScorePage.jsx",".jsx","4099","04-09-2026 08:35:40"
"frontend","src\pages\CropCalendarPage.jsx",".jsx","2646","04-09-2026 08:35:40"
"frontend","src\pages\CropMonitoringPage.jsx",".jsx","3180","04-09-2026 08:35:40"
"frontend","src\pages\CropRegistrationPage.jsx",".jsx","2589","04-09-2026 08:35:40"
"frontend","src\pages\CropValueReviewPage.jsx",".jsx","3969","04-09-2026 08:35:40"
"frontend","src\pages\CropVarietyPage.jsx",".jsx","2654","04-09-2026 08:35:40"
"frontend","src\pages\DairyManagementPage.jsx",".jsx","19514","04-09-2026 08:35:40"
"frontend","src\pages\DashboardPage.jsx",".jsx","9742","04-09-2026 08:35:40"
"frontend","src\pages\DecisionSupportPage.jsx",".jsx","4024","04-09-2026 08:35:40"
"frontend","src\pages\DefenseFitnessPrepPage.jsx",".jsx","7304","04-09-2026 08:35:40"
"frontend","src\pages\DietRecipesPage.jsx",".jsx","6357","04-09-2026 08:35:40"
"frontend","src\pages\DigitalTwinPage.jsx",".jsx","9947","04-09-2026 08:35:40"
"frontend","src\pages\DiscoverPage.jsx",".jsx","8613","04-09-2026 08:35:40"
"frontend","src\pages\DisruptionPage.jsx",".jsx","10269","04-09-2026 08:35:40"
"frontend","src\pages\DynamicPricingPage.jsx",".jsx","9399","04-09-2026 08:35:40"
"frontend","src\pages\EcommerceIntegrationPage.jsx",".jsx","4088","04-09-2026 08:35:40"
"frontend","src\pages\EcommerceMarketplacePage.jsx",".jsx","23165","04-09-2026 08:35:40"
"frontend","src\pages\EMICalculatorPage.jsx",".jsx","4540","04-09-2026 08:35:40"
"frontend","src\pages\EngineeringProjectPage.jsx",".jsx","2923","04-09-2026 08:35:40"
"frontend","src\pages\EnterpriseAIPage.jsx",".jsx","3688","04-09-2026 08:35:40"
"frontend","src\pages\EnterpriseControlPage.jsx",".jsx","39811","04-09-2026 08:35:40"
"frontend","src\pages\EnterpriseIntegrationPage.jsx",".jsx","13832","04-09-2026 08:35:40"
"frontend","src\pages\EnvironmentManagementPage.jsx",".jsx","556","04-09-2026 08:35:40"
"frontend","src\pages\EquipmentInventoryPage.jsx",".jsx","542","04-09-2026 08:35:40"
"frontend","src\pages\EquipmentRentalPage.jsx",".jsx","528","04-09-2026 08:35:40"
"frontend","src\pages\ERPDashboard.jsx",".jsx","19135","04-09-2026 08:35:40"
"frontend","src\pages\EscrowPage.jsx",".jsx","10974","04-09-2026 08:35:40"
"frontend","src\pages\ExperienceLayerPage.jsx",".jsx","9702","04-09-2026 08:35:40"
"frontend","src\pages\ExportDocumentationPage.jsx",".jsx","2954","04-09-2026 08:35:40"
"frontend","src\pages\FarmAdvisorPage.jsx",".jsx","11799","04-09-2026 08:35:40"
"frontend","src\pages\FarmCostingPage.jsx",".jsx","12760","04-09-2026 08:35:40"
"frontend","src\pages\FarmerEntranceHubPage.jsx",".jsx","4170","04-09-2026 08:35:40"
"frontend","src\pages\FarmerFamilyPage.jsx",".jsx","2583","04-09-2026 08:35:40"
"frontend","src\pages\FarmerFieldDoorPage.jsx",".jsx","4210","04-09-2026 08:35:40"
"frontend","src\pages\FarmerFieldPage.jsx",".jsx","14949","04-09-2026 08:35:40"
"frontend","src\pages\FarmerHealthWelfarePage.jsx",".jsx","7416","04-09-2026 08:35:40"
"frontend","src\pages\FarmerHomePage.jsx",".jsx","9653","04-09-2026 08:35:40"
"frontend","src\pages\FarmerHouseholdDoorPage.jsx",".jsx","4020","04-09-2026 08:35:40"
"frontend","src\pages\FarmerKycPage.jsx",".jsx","13061","04-09-2026 08:35:40"
"frontend","src\pages\FarmerPortalPage.jsx",".jsx","5450","04-09-2026 08:35:40"
"frontend","src\pages\FarmerProfilePage.jsx",".jsx","2975","04-09-2026 08:35:40"
"frontend","src\pages\FarmerReportPage.jsx",".jsx","6181","04-09-2026 08:35:40"
"frontend","src\pages\FarmerRevenueLedgerPage.jsx",".jsx","13428","04-09-2026 08:35:40"
"frontend","src\pages\FarmerSellDoorPage.jsx",".jsx","4043","04-09-2026 08:35:40"
"frontend","src\pages\FarmerSellPage.jsx",".jsx","11540","04-09-2026 08:35:40"
"frontend","src\pages\FarmerSharedDoorPage.jsx",".jsx","4253","04-09-2026 08:35:40"
"frontend","src\pages\FarmerSkillPage.jsx",".jsx","2778","04-09-2026 08:35:40"
"frontend","src\pages\FarmerVerificationPage.jsx",".jsx","4473","04-09-2026 08:35:40"
"frontend","src\pages\FertilizerInventoryPage.jsx",".jsx","16143","04-09-2026 08:35:40"
"frontend","src\pages\FinancialReportPage.jsx",".jsx","8404","04-09-2026 08:35:40"
"frontend","src\pages\FinancialServicesDashboard.jsx",".jsx","10015","04-09-2026 08:35:40"
"frontend","src\pages\FisheriesManagementPage.jsx",".jsx","20074","04-09-2026 08:35:40"
"frontend","src\pages\FitbitCallbackPage.jsx",".jsx","1691","04-09-2026 08:35:40"
"frontend","src\pages\FormManagementPage.jsx",".jsx","10937","04-09-2026 08:35:40"
"frontend","src\pages\ForwardPricingPage.jsx",".jsx","11934","04-09-2026 08:35:40"
"frontend","src\pages\FPODashboardPage.jsx",".jsx","16162","04-09-2026 08:35:40"
"frontend","src\pages\FPORegistrationPage.jsx",".jsx","544","04-09-2026 08:35:40"
"frontend","src\pages\FuelManagementPage.jsx",".jsx","524","04-09-2026 08:35:40"
"frontend","src\pages\GDPRConsentPage.jsx",".jsx","206","04-09-2026 08:35:40"
"frontend","src\pages\GoatFarmingPage.jsx",".jsx","19209","04-09-2026 08:35:40"
"frontend","src\pages\GovernmentDashboardPage.jsx",".jsx","27593","04-09-2026 08:35:40"
"frontend","src\pages\GovernmentSubsidyPage.jsx",".jsx","11448","04-09-2026 08:35:40"
"frontend","src\pages\GroupBuyingPage.jsx",".jsx","3072","04-09-2026 08:35:40"
"frontend","src\pages\HarvestPlanPage.jsx",".jsx","12316","04-09-2026 08:35:40"
"frontend","src\pages\HarvestScorePage.jsx",".jsx","9393","04-09-2026 08:35:40"
"frontend","src\pages\HomePage.jsx",".jsx","14072","04-09-2026 13:16:42"
"frontend","src\pages\HorticultureManagementPage.jsx",".jsx","20488","04-09-2026 08:35:40"
"frontend","src\pages\HouseholdProcurementPage.jsx",".jsx","10190","04-09-2026 08:35:40"
"frontend","src\pages\IdentityManagementPage.jsx",".jsx","15850","04-09-2026 08:35:40"
"frontend","src\pages\ImplementManagementPage.jsx",".jsx","548","04-09-2026 08:35:40"
"frontend","src\pages\InformationSharingPage.jsx",".jsx","8321","04-09-2026 08:35:40"
"frontend","src\pages\InputSupplyManagementPage.jsx",".jsx","20344","04-09-2026 08:35:40"
"frontend","src\pages\InsuranceManagementPage.jsx",".jsx","14870","04-09-2026 13:18:54"
"frontend","src\pages\InsurancePage.jsx",".jsx","148","04-09-2026 08:35:40"
"frontend","src\pages\InventoryReportPage.jsx",".jsx","7860","04-09-2026 08:35:40"
"frontend","src\pages\IoTMonitoringDashboard.jsx",".jsx","9132","04-09-2026 08:35:40"
"frontend","src\pages\IrrigationManagementPage.jsx",".jsx","14351","04-09-2026 08:35:40"
"frontend","src\pages\KnowledgeBasePage.jsx",".jsx","3499","04-09-2026 08:35:40"
"frontend","src\pages\KnowledgeReferencePage.jsx",".jsx","2962","04-09-2026 08:35:40"
"frontend","src\pages\LabourManagementPage.jsx",".jsx","15919","04-09-2026 08:35:40"
"frontend","src\pages\LandManagementPage.jsx",".jsx","15849","04-09-2026 08:35:40"
"frontend","src\pages\LandRegistryPage.jsx",".jsx","15574","04-09-2026 08:35:40"
"frontend","src\pages\LandUseCarbonPage.jsx",".jsx","8253","04-09-2026 08:35:40"
"frontend","src\pages\LedgerPage.jsx",".jsx","4380","04-09-2026 08:35:40"
"frontend","src\pages\LibraryBrowserPage.jsx",".jsx","221","04-09-2026 08:35:40"
"frontend","src\pages\LivestockManagementPage.jsx",".jsx","25212","04-09-2026 08:35:40"
"frontend","src\pages\LoanManagementPage.jsx",".jsx","8162","04-09-2026 08:35:40"
"frontend","src\pages\LoginPage.jsx",".jsx","7513","04-09-2026 08:35:40"
"frontend","src\pages\LogisticsEnhancementPage.jsx",".jsx","8106","04-09-2026 08:35:40"
"frontend","src\pages\LogisticsMatchingPage.jsx",".jsx","7754","04-09-2026 08:35:40"
"frontend","src\pages\LogisticsPage.jsx",".jsx","6887","04-09-2026 08:35:40"
"frontend","src\pages\LogisticsProviderPage.jsx",".jsx","21714","04-09-2026 08:35:40"
"frontend","src\pages\MachineryManagementPage.jsx",".jsx","28277","04-09-2026 08:35:40"
"frontend","src\pages\MarketingCenter.jsx",".jsx","26285","04-09-2026 08:35:40"
"frontend","src\pages\MarketIntelligencePage.jsx",".jsx","3004","04-09-2026 08:35:40"
"frontend","src\pages\MarketplacePage.jsx",".jsx","14365","04-09-2026 13:17:04"
"frontend","src\pages\MarketSignalsPage.jsx",".jsx","5335","04-09-2026 08:35:40"
"frontend","src\pages\MFASetupPage.jsx",".jsx","193","04-09-2026 08:35:40"
"frontend","src\pages\ModuleHubPage.jsx",".jsx","10315","04-09-2026 08:35:40"
"frontend","src\pages\NaturalTherapist.module.css",".css","4834","04-09-2026 19:37:16"
"frontend","src\pages\NaturalTherapistPage.jsx",".jsx","8319","04-09-2026 19:36:57"
"frontend","src\pages\NervousSystemPage.jsx",".jsx","7563","04-09-2026 08:35:40"
"frontend","src\pages\NurseryManagementPage.jsx",".jsx","2696","04-09-2026 08:35:40"
"frontend","src\pages\NutrientValueMarketplace.jsx",".jsx","20826","04-09-2026 08:35:40"
"frontend","src\pages\NutritionCalculator.module.css",".css","4338","04-09-2026 19:36:35"
"frontend","src\pages\NutritionCalculatorPage.jsx",".jsx","8670","04-09-2026 19:36:18"
"frontend","src\pages\OperationalDashboard.jsx",".jsx","6423","04-09-2026 08:35:40"
"frontend","src\pages\OperationsManagementPage.jsx",".jsx","19315","04-09-2026 08:35:40"
"frontend","src\pages\OperationsReportPage.jsx",".jsx","6429","04-09-2026 08:35:40"
"frontend","src\pages\OrchardManagementPage.jsx",".jsx","16997","04-09-2026 08:35:40"
"frontend","src\pages\OrderDetailPage.jsx",".jsx","5683","04-09-2026 08:35:40"
"frontend","src\pages\PaymentProcessingPage.jsx",".jsx","13053","04-09-2026 08:35:40"
"frontend","src\pages\PigFarmingPage.jsx",".jsx","19497","04-09-2026 08:35:40"
"frontend","src\pages\PlatformFoundationPage.jsx",".jsx","8656","04-09-2026 08:35:40"
"frontend","src\pages\PlatformManagementPage.jsx",".jsx","13255","04-09-2026 08:35:40"
"frontend","src\pages\PondManagementPage.jsx",".jsx","12220","04-09-2026 08:35:40"
"frontend","src\pages\PoultryManagementPage.jsx",".jsx","17031","04-09-2026 08:35:40"
"frontend","src\pages\PredictiveIntelligencePage.jsx",".jsx","11303","04-09-2026 08:35:40"
"frontend","src\pages\PremiumMarketplace.module.css",".css","5973","04-09-2026 19:29:46"
"frontend","src\pages\PremiumMarketplacePage.jsx",".jsx","10131","04-09-2026 19:35:43"
"frontend","src\pages\PreOrderPage.jsx",".jsx","18878","04-09-2026 13:17:21"
"frontend","src\pages\PreSeasonPurchasePage.jsx",".jsx","7816","04-09-2026 08:35:40"
"frontend","src\pages\PriceBuildPage.jsx",".jsx","12030","04-09-2026 08:35:40"
"frontend","src\pages\PriceCheckPage.jsx",".jsx","9522","04-09-2026 08:35:40"
"frontend","src\pages\ProductDetailPage.jsx",".jsx","12019","04-09-2026 08:35:40"
"frontend","src\pages\ProjectSystemsPage.jsx",".jsx","23860","04-09-2026 08:35:40"
"frontend","src\pages\QualityControlPage.jsx",".jsx","2194","04-09-2026 08:35:40"
"frontend","src\pages\RealtimeMonitoringPage.jsx",".jsx","2181","04-09-2026 08:35:40"
"frontend","src\pages\RegisterPage.jsx",".jsx","8309","04-09-2026 08:35:40"
"frontend","src\pages\REOSDashboardPage.jsx",".jsx","15931","04-09-2026 08:35:40"
"frontend","src\pages\ReportsDashboardPage.jsx",".jsx","7143","04-09-2026 08:35:40"
"frontend","src\pages\ResearchAndDevelopmentPage.jsx",".jsx","8851","04-09-2026 08:35:40"
"frontend","src\pages\ResearchDashboardPage.jsx",".jsx","22716","04-09-2026 08:35:40"
"frontend","src\pages\RfqPage.jsx",".jsx","8100","04-09-2026 08:35:40"
"frontend","src\pages\RiskManagementPage.jsx",".jsx","2130","04-09-2026 08:35:40"
"frontend","src\pages\RolePermissionPage.jsx",".jsx","6073","04-09-2026 08:35:40"
"frontend","src\pages\SalesReportPage.jsx",".jsx","6251","04-09-2026 08:35:40"
"frontend","src\pages\SAPModuleArchitecturePage.jsx",".jsx","6824","04-09-2026 08:35:40"
"frontend","src\pages\SeedPlanningPage.jsx",".jsx","2905","04-09-2026 08:35:40"
"frontend","src\pages\SeedVaultPage.jsx",".jsx","20811","04-09-2026 08:35:40"
"frontend","src\pages\SellerProductFormPage.jsx",".jsx","12263","04-09-2026 08:35:40"
"frontend","src\pages\SellTimingPage.jsx",".jsx","9736","04-09-2026 08:35:40"
"frontend","src\pages\SharedInfraPage.jsx",".jsx","10446","04-09-2026 08:35:40"
"frontend","src\pages\SheepFarmingPage.jsx",".jsx","19971","04-09-2026 08:35:40"
"frontend","src\pages\ShgManagementPage.jsx",".jsx","14013","04-09-2026 08:35:40"
"frontend","src\pages\SoilManagementPage.jsx",".jsx","14151","04-09-2026 08:35:40"
"frontend","src\pages\SowingManagementPage.jsx",".jsx","16003","04-09-2026 08:35:40"
"frontend","src\pages\SparePartsManagementPage.jsx",".jsx","551","04-09-2026 08:35:40"
"frontend","src\pages\SubsidyManagementPage.jsx",".jsx","7749","04-09-2026 13:18:33"
"frontend","src\pages\SupplyChainAnalyticsPage.jsx",".jsx","7295","04-09-2026 08:35:40"
"frontend","src\pages\SupportCenterPage.jsx",".jsx","3438","04-09-2026 08:35:40"
"frontend","src\pages\SustainabilityDashboardPage.jsx",".jsx","3590","04-09-2026 08:35:40"
"frontend","src\pages\SystemAdministrationPage.jsx",".jsx","14044","04-09-2026 08:35:40"
"frontend","src\pages\TraceabilityPage.jsx",".jsx","6208","04-09-2026 08:35:40"
"frontend","src\pages\TractorManagementPage.jsx",".jsx","20138","04-09-2026 08:35:40"
"frontend","src\pages\TrainingAcademyPage.jsx",".jsx","5284","04-09-2026 08:35:40"
"frontend","src\pages\UnifiedLedgerPage.jsx",".jsx","2176","04-09-2026 08:35:40"
"frontend","src\pages\VarietyDirectoryPage.jsx",".jsx","8118","04-09-2026 08:35:40"
"frontend","src\pages\VillageRegistryPage.jsx",".jsx","2357","04-09-2026 08:35:40"
"frontend","src\pages\WalletPage.jsx",".jsx","8298","04-09-2026 08:35:40"
"frontend","src\pages\WaterManagementPage.jsx",".jsx","13969","04-09-2026 08:35:40"
"frontend","src\pages\WaterRecordsPage.jsx",".jsx","8007","04-09-2026 08:35:40"
"frontend","src\pages\WearablesPage.jsx",".jsx","6330","04-09-2026 08:35:40"
"frontend","src\pages\WeatherAnalyticsPage.jsx",".jsx","4211","04-09-2026 08:35:40"
"frontend","src\pages\WhatGrowPage.jsx",".jsx","13883","04-09-2026 08:35:40"
"frontend","src\pages\YieldManagementPage.jsx",".jsx","9947","04-09-2026 08:35:40"
"frontend","src\pages\admin\APIManagement.jsx",".jsx","639","03-09-2026 08:29:17"
"frontend","src\pages\admin\AuditLogs.jsx",".jsx","621","03-09-2026 08:29:17"
"frontend","src\pages\admin\BackupRecovery.jsx",".jsx","641","03-09-2026 08:29:17"
"frontend","src\pages\admin\CacheManagement.jsx",".jsx","645","03-09-2026 08:29:17"
"frontend","src\pages\admin\ComplianceDashboard.jsx",".jsx","2994","03-09-2026 08:28:43"
"frontend","src\pages\admin\DatabaseManagement.jsx",".jsx","657","03-09-2026 08:29:17"
"frontend","src\pages\admin\ErrorHandling.jsx",".jsx","637","03-09-2026 08:29:17"
"frontend","src\pages\admin\IntegrationSettings.jsx",".jsx","661","03-09-2026 08:29:17"
"frontend","src\pages\admin\LogViewer.jsx",".jsx","621","03-09-2026 08:29:17"
"frontend","src\pages\admin\NotificationPreferences.jsx",".jsx","677","03-09-2026 08:29:17"
"frontend","src\pages\admin\PerformanceTuning.jsx",".jsx","653","03-09-2026 08:29:17"
"frontend","src\pages\admin\ResourceMonitoring.jsx",".jsx","657","03-09-2026 08:29:17"
"frontend","src\pages\admin\RolePermissions.jsx",".jsx","645","03-09-2026 08:29:17"
"frontend","src\pages\admin\SecuritySettings.jsx",".jsx","649","03-09-2026 08:29:17"
"frontend","src\pages\admin\SystemConfiguration.jsx",".jsx","661","03-09-2026 08:29:17"
"frontend","src\pages\admin\UserManagement.jsx",".jsx","641","03-09-2026 08:29:17"
"frontend","src\pages\analytics\AdvancedAnalyticsDashboard.jsx",".jsx","3204","03-09-2026 08:28:36"
"frontend","src\pages\analytics\AnomalyDetection.jsx",".jsx","649","03-09-2026 08:29:17"
"frontend","src\pages\analytics\CropYieldPrediction.jsx",".jsx","662","03-09-2026 08:29:17"
"frontend","src\pages\analytics\CustomReportBuilder.jsx",".jsx","662","03-09-2026 08:29:17"
"frontend","src\pages\analytics\DataQualityReport.jsx",".jsx","654","03-09-2026 08:29:17"
"frontend","src\pages\analytics\ErrorRateAnalysis.jsx",".jsx","654","03-09-2026 08:29:17"
"frontend","src\pages\analytics\FarmerBehaviorAnalytics.jsx",".jsx","678","03-09-2026 08:29:17"
"frontend","src\pages\analytics\ForecastingDashboard.jsx",".jsx","665","03-09-2026 08:29:17"
"frontend","src\pages\analytics\HistoricalDataView.jsx",".jsx","658","03-09-2026 08:29:17"
"frontend","src\pages\analytics\IntelligenceReports.jsx",".jsx","661","03-09-2026 08:29:17"
"frontend","src\pages\analytics\MarketTrendAnalysis.jsx",".jsx","662","03-09-2026 08:29:17"
"frontend","src\pages\analytics\OpportunitiesIdentifier.jsx",".jsx","677","03-09-2026 08:29:17"
"frontend","src\pages\analytics\PerformanceMetrics.jsx",".jsx","657","03-09-2026 08:29:17"
"frontend","src\pages\analytics\PriceVolatilityChart.jsx",".jsx","666","03-09-2026 08:29:17"
"frontend","src\pages\analytics\RegionalComparison.jsx",".jsx","657","03-09-2026 08:29:17"
"frontend","src\pages\analytics\ResponseTimeMetrics.jsx",".jsx","662","03-09-2026 08:29:17"
"frontend","src\pages\analytics\RiskAssessment.jsx",".jsx","641","03-09-2026 08:29:17"
"frontend","src\pages\analytics\SubsidyDistributionMap.jsx",".jsx","674","03-09-2026 08:29:17"
"frontend","src\pages\analytics\SystemHealthMonitor.jsx",".jsx","662","03-09-2026 08:29:17"
"frontend","src\pages\analytics\UserEngagementStats.jsx",".jsx","662","03-09-2026 08:29:17"
"frontend","src\pages\analytics\WeatherImpactAssessment.jsx",".jsx","678","03-09-2026 08:29:17"
"frontend","src\pages\economic\EconomicDashboard.jsx",".jsx","10731","04-09-2026 08:35:40"
"frontend","src\pages\economic\index.js",".js","68","04-09-2026 08:35:40"
"frontend","src\pages\Generated\Page0.jsx",".jsx","3752","04-09-2026 12:42:31"
"frontend","src\pages\Generated\Page1.jsx",".jsx","2424","03-09-2026 10:13:34"
"frontend","src\pages\Generated\Page10.jsx",".jsx","127","03-09-2026 03:42:38"
"frontend","src\pages\Generated\Page11.jsx",".jsx","127","03-09-2026 03:42:38"
"frontend","src\pages\Generated\Page12.jsx",".jsx","127","03-09-2026 03:42:38"
"frontend","src\pages\Generated\Page13.jsx",".jsx","127","03-09-2026 03:42:38"
"frontend","src\pages\Generated\Page14.jsx",".jsx","127","03-09-2026 03:42:38"
"frontend","src\pages\Generated\Page15.jsx",".jsx","127","03-09-2026 03:42:38"
"frontend","src\pages\Generated\Page16.jsx",".jsx","127","03-09-2026 03:42:38"
"frontend","src\pages\Generated\Page17.jsx",".jsx","127","03-09-2026 03:42:38"
"frontend","src\pages\Generated\Page18.jsx",".jsx","127","03-09-2026 03:42:38"
"frontend","src\pages\Generated\Page19.jsx",".jsx","127","03-09-2026 03:42:38"
"frontend","src\pages\Generated\Page2.jsx",".jsx","2790","04-09-2026 08:35:40"
"frontend","src\pages\Generated\Page20.jsx",".jsx","127","03-09-2026 03:42:38"
"frontend","src\pages\Generated\Page21.jsx",".jsx","127","03-09-2026 03:42:38"
"frontend","src\pages\Generated\Page22.jsx",".jsx","127","03-09-2026 03:42:38"
"frontend","src\pages\Generated\Page23.jsx",".jsx","127","03-09-2026 03:42:38"
"frontend","src\pages\Generated\Page24.jsx",".jsx","127","03-09-2026 03:42:38"
"frontend","src\pages\Generated\Page25.jsx",".jsx","127","03-09-2026 03:42:38"
"frontend","src\pages\Generated\Page26.jsx",".jsx","127","03-09-2026 03:42:38"
"frontend","src\pages\Generated\Page27.jsx",".jsx","127","03-09-2026 03:42:38"
"frontend","src\pages\Generated\Page28.jsx",".jsx","127","03-09-2026 03:42:38"
"frontend","src\pages\Generated\Page29.jsx",".jsx","127","03-09-2026 03:42:38"
"frontend","src\pages\Generated\Page3.jsx",".jsx","5289","04-09-2026 08:35:40"
"frontend","src\pages\Generated\Page30.jsx",".jsx","127","03-09-2026 03:42:38"
"frontend","src\pages\Generated\Page31.jsx",".jsx","127","03-09-2026 03:42:38"
"frontend","src\pages\Generated\Page32.jsx",".jsx","127","03-09-2026 03:42:38"
"frontend","src\pages\Generated\Page33.jsx",".jsx","127","03-09-2026 03:42:38"
"frontend","src\pages\Generated\Page34.jsx",".jsx","127","03-09-2026 03:42:38"
"frontend","src\pages\Generated\Page35.jsx",".jsx","127","03-09-2026 03:42:38"
"frontend","src\pages\Generated\Page36.jsx",".jsx","127","03-09-2026 03:42:38"
"frontend","src\pages\Generated\Page37.jsx",".jsx","127","03-09-2026 03:42:38"
"frontend","src\pages\Generated\Page38.jsx",".jsx","127","03-09-2026 03:42:38"
"frontend","src\pages\Generated\Page39.jsx",".jsx","127","03-09-2026 03:42:38"
"frontend","src\pages\Generated\Page4.jsx",".jsx","126","03-09-2026 03:42:38"
"frontend","src\pages\Generated\Page40.jsx",".jsx","127","03-09-2026 03:42:38"
"frontend","src\pages\Generated\Page41.jsx",".jsx","127","03-09-2026 03:42:38"
"frontend","src\pages\Generated\Page42.jsx",".jsx","127","03-09-2026 03:42:38"
"frontend","src\pages\Generated\Page43.jsx",".jsx","127","03-09-2026 03:42:38"
"frontend","src\pages\Generated\Page44.jsx",".jsx","127","03-09-2026 03:42:38"
"frontend","src\pages\Generated\Page45.jsx",".jsx","127","03-09-2026 03:42:38"
"frontend","src\pages\Generated\Page46.jsx",".jsx","127","03-09-2026 03:42:38"
"frontend","src\pages\Generated\Page47.jsx",".jsx","127","03-09-2026 03:42:38"
"frontend","src\pages\Generated\Page48.jsx",".jsx","127","03-09-2026 03:42:38"
"frontend","src\pages\Generated\Page49.jsx",".jsx","127","03-09-2026 03:42:38"
"frontend","src\pages\Generated\Page5.jsx",".jsx","126","03-09-2026 03:42:38"
"frontend","src\pages\Generated\Page50.jsx",".jsx","127","03-09-2026 03:42:38"
"frontend","src\pages\Generated\Page51.jsx",".jsx","127","03-09-2026 03:42:38"
"frontend","src\pages\Generated\Page52.jsx",".jsx","127","03-09-2026 03:42:38"
"frontend","src\pages\Generated\Page53.jsx",".jsx","127","03-09-2026 03:42:38"
"frontend","src\pages\Generated\Page54.jsx",".jsx","127","03-09-2026 03:42:38"
"frontend","src\pages\Generated\Page55.jsx",".jsx","127","03-09-2026 03:42:38"
"frontend","src\pages\Generated\Page56.jsx",".jsx","127","03-09-2026 03:42:38"
"frontend","src\pages\Generated\Page57.jsx",".jsx","127","03-09-2026 03:42:38"
"frontend","src\pages\Generated\Page58.jsx",".jsx","127","03-09-2026 03:42:38"
"frontend","src\pages\Generated\Page59.jsx",".jsx","127","03-09-2026 03:42:38"
"frontend","src\pages\Generated\Page6.jsx",".jsx","126","03-09-2026 03:42:38"
"frontend","src\pages\Generated\Page60.jsx",".jsx","127","03-09-2026 03:42:38"
"frontend","src\pages\Generated\Page61.jsx",".jsx","127","03-09-2026 03:42:38"
"frontend","src\pages\Generated\Page62.jsx",".jsx","127","03-09-2026 03:42:38"
"frontend","src\pages\Generated\Page63.jsx",".jsx","127","03-09-2026 03:42:38"
"frontend","src\pages\Generated\Page64.jsx",".jsx","127","03-09-2026 03:42:38"
"frontend","src\pages\Generated\Page65.jsx",".jsx","127","03-09-2026 03:42:38"
"frontend","src\pages\Generated\Page66.jsx",".jsx","127","03-09-2026 03:42:38"
"frontend","src\pages\Generated\Page67.jsx",".jsx","127","03-09-2026 03:42:38"
"frontend","src\pages\Generated\Page68.jsx",".jsx","127","03-09-2026 03:42:38"
"frontend","src\pages\Generated\Page69.jsx",".jsx","127","03-09-2026 03:42:38"
"frontend","src\pages\Generated\Page7.jsx",".jsx","126","03-09-2026 03:42:38"
"frontend","src\pages\Generated\Page70.jsx",".jsx","127","03-09-2026 03:42:38"
"frontend","src\pages\Generated\Page71.jsx",".jsx","127","03-09-2026 03:42:38"
"frontend","src\pages\Generated\Page72.jsx",".jsx","127","03-09-2026 03:42:38"
"frontend","src\pages\Generated\Page73.jsx",".jsx","127","03-09-2026 03:42:38"
"frontend","src\pages\Generated\Page74.jsx",".jsx","127","03-09-2026 03:42:38"
"frontend","src\pages\Generated\Page75.jsx",".jsx","127","03-09-2026 03:42:38"
"frontend","src\pages\Generated\Page76.jsx",".jsx","127","03-09-2026 03:42:38"
"frontend","src\pages\Generated\Page77.jsx",".jsx","127","03-09-2026 03:42:38"
"frontend","src\pages\Generated\Page78.jsx",".jsx","127","03-09-2026 03:42:38"
"frontend","src\pages\Generated\Page79.jsx",".jsx","127","03-09-2026 03:42:38"
"frontend","src\pages\Generated\Page8.jsx",".jsx","126","03-09-2026 03:42:38"
"frontend","src\pages\Generated\Page80.jsx",".jsx","127","03-09-2026 03:42:38"
"frontend","src\pages\Generated\Page81.jsx",".jsx","127","03-09-2026 03:42:38"
"frontend","src\pages\Generated\Page82.jsx",".jsx","127","03-09-2026 03:42:38"
"frontend","src\pages\Generated\Page83.jsx",".jsx","127","03-09-2026 03:42:38"
"frontend","src\pages\Generated\Page84.jsx",".jsx","127","03-09-2026 03:42:38"
"frontend","src\pages\Generated\Page85.jsx",".jsx","127","03-09-2026 03:42:38"
"frontend","src\pages\Generated\Page86.jsx",".jsx","127","03-09-2026 03:42:38"
"frontend","src\pages\Generated\Page87.jsx",".jsx","127","03-09-2026 03:42:38"
"frontend","src\pages\Generated\Page88.jsx",".jsx","127","03-09-2026 03:42:38"
"frontend","src\pages\Generated\Page9.jsx",".jsx","126","03-09-2026 03:42:38"
"frontend","src\pages\government\AnnouncementBoard.jsx",".jsx","653","03-09-2026 08:29:17"
"frontend","src\pages\government\ApplicationStatusTracker.jsx",".jsx","682","03-09-2026 08:29:17"
"frontend","src\pages\government\ApprovalWorkflow.jsx",".jsx","649","03-09-2026 08:29:17"
"frontend","src\pages\government\AuditLogPage.jsx",".jsx","634","03-09-2026 08:29:17"
"frontend","src\pages\government\BeneficiaryManagement.jsx",".jsx","669","03-09-2026 08:29:17"
"frontend","src\pages\government\BiometricAuthentication.jsx",".jsx","677","03-09-2026 08:29:17"
"frontend","src\pages\government\CancellationManagement.jsx",".jsx","673","03-09-2026 08:29:17"
"frontend","src\pages\government\ComplianceValidator.jsx",".jsx","661","03-09-2026 08:29:17"
"frontend","src\pages\government\DeadlineTracker.jsx",".jsx","645","03-09-2026 08:29:17"
"frontend","src\pages\government\DisputeResolutionPage.jsx",".jsx","670","03-09-2026 08:29:17"
"frontend","src\pages\government\DocumentUploadPage.jsx",".jsx","658","03-09-2026 08:29:17"
"frontend","src\pages\government\GovernmentNotificationCenter.jsx",".jsx","698","03-09-2026 08:29:17"
"frontend","src\pages\government\GovernmentSchemeDashboard.jsx",".jsx","3001","03-09-2026 08:28:28"
"frontend","src\pages\government\MobileVerification.jsx",".jsx","657","03-09-2026 08:29:17"
"frontend","src\pages\government\PaymentGateway.jsx",".jsx","641","03-09-2026 08:29:17"
"frontend","src\pages\government\SchemeBeneficiaryList.jsx",".jsx","670","03-09-2026 08:29:17"
"frontend","src\pages\government\SchemeEligibilityChecker.jsx",".jsx","682","03-09-2026 08:29:17"
"frontend","src\pages\government\SchemeReportGenerator.jsx",".jsx","670","03-09-2026 08:29:17"
"frontend","src\pages\government\SchemeUpdate Notifier.jsx",".jsx","668","03-09-2026 10:41:11"
"frontend","src\pages\government\SchemeVerificationPage.jsx",".jsx","674","03-09-2026 08:29:17"
"frontend","src\pages\government\SubsidyApplicationPage.jsx",".jsx","674","03-09-2026 08:29:17"
"frontend","src\pages\mobile\MobileChat.jsx",".jsx","625","03-09-2026 08:29:17"
"frontend","src\pages\mobile\MobileHelp.jsx",".jsx","625","03-09-2026 08:29:17"
"frontend","src\pages\mobile\MobileHomepage.jsx",".jsx","641","03-09-2026 08:29:17"
"frontend","src\pages\mobile\MobileMarketplace.jsx",".jsx","653","03-09-2026 08:29:17"
"frontend","src\pages\mobile\MobileNotifications.jsx",".jsx","661","03-09-2026 08:29:17"
"frontend","src\pages\mobile\MobileOffers.jsx",".jsx","633","03-09-2026 08:29:17"
"frontend","src\pages\mobile\MobilePayments.jsx",".jsx","641","03-09-2026 08:29:17"
"frontend","src\pages\mobile\MobileProfile.jsx",".jsx","637","03-09-2026 08:29:17"
"frontend","src\pages\mobile\MobileSettings.jsx",".jsx","641","03-09-2026 08:29:17"
"frontend","src\pages\mobile\MobileWallet.jsx",".jsx","633","03-09-2026 08:29:17"
"frontend","src\services\aiDecisionService.js",".js","2259","04-09-2026 08:35:40"
"frontend","src\services\aiDecisionService.test.js",".js","1066","04-09-2026 08:35:40"
"frontend","src\services\api.js",".js","211408","04-09-2026 19:07:37"
"frontend","src\services\apiClient.js",".js","2326","04-09-2026 18:58:09"
"frontend","src\services\commerceApi.js",".js","3160","04-09-2026 19:05:03"
"frontend","src\services\componentApi.js",".js","127","04-09-2026 08:35:40"
"frontend","src\services\coreApi.js",".js","1910","04-09-2026 19:00:44"
"frontend","src\services\offlineQueue.js",".js","3362","04-09-2026 08:35:40"
"frontend","src\services\operationsApi.js",".js","3151","04-09-2026 19:05:44"
"frontend","src\services\realTimeService.jsx",".jsx","13732","04-09-2026 08:35:40"
"frontend","src\store\authStore.js",".js","3675","04-09-2026 08:35:40"
"frontend","src\styles\responsiveDesign.css",".css","9679","30-08-2026 10:27:02"
"frontend","src\test\e2eHelpers.js",".js","8805","04-09-2026 08:35:40"
"frontend","src\test\setup.js",".js","135","04-09-2026 08:35:40"
"frontend","src\test\components\ErrorBoundary.test.jsx",".jsx","1327","04-09-2026 08:35:40"
"frontend","src\test\utils\errorMonitoring.test.js",".js","2509","04-09-2026 08:35:40"
"frontend","src\test\utils\pushNotifications.test.js",".js","2305","04-09-2026 08:35:40"
"frontend","src\utils\accessibility.js",".js","12183","04-09-2026 08:35:40"
"frontend","src\utils\aiStudio.js",".js","1435","04-09-2026 08:35:40"
"frontend","src\utils\aiStudio.test.js",".js","908","04-09-2026 08:35:40"
"frontend","src\utils\analytics.js",".js","9312","04-09-2026 08:35:40"
"frontend","src\utils\cache.js",".js","12900","04-09-2026 08:35:40"
"frontend","src\utils\deviceDetection.js",".js","8428","04-09-2026 12:44:08"
"frontend","src\utils\errorMonitoring.js",".js","4203","04-09-2026 08:35:40"
"frontend","src\utils\i18n.js",".js","12860","04-09-2026 08:35:40"
"frontend","src\utils\monitoring.js",".js","9900","04-09-2026 08:35:40"
"frontend","src\utils\performanceOptimizations.jsx",".jsx","16463","04-09-2026 08:35:40"
"frontend","src\utils\pushNotifications.js",".js","5852","04-09-2026 08:35:40"
"frontend","src\utils\routePreloader.js",".js","8326","04-09-2026 08:35:40"
"frontend","src\utils\security.js",".js","8449","04-09-2026 08:35:40"
"frontend","src\utils\validation.js",".js","12514","04-09-2026 08:35:40"
"frontend","src\__tests__\BottomNav.test.jsx",".jsx","862","04-09-2026 08:35:40"
"frontend","src\__tests__\FinalPlaceholderPages.test.jsx",".jsx","3952","04-09-2026 08:35:40"
"frontend","src\__tests__\MarketplacePage.test.jsx",".jsx","991","04-09-2026 08:35:40"
"frontend","src\__tests__\OperationalPlaceholderPages.test.jsx",".jsx","3753","04-09-2026 08:35:40"
"frontend","src\__tests__\SearchKnowledgePages.test.jsx",".jsx","1822","04-09-2026 08:35:40"
"frontend","src\__tests__\TrainingTraceabilityPages.test.jsx",".jsx","2392","04-09-2026 08:35:40"
"frontend","src-tauri\build.rs",".rs","42","30-08-2026 02:47:51"
"frontend","src-tauri\Cargo.toml",".toml","2986","30-08-2026 02:47:51"
"frontend","src-tauri\tauri.conf.json",".json","2770","30-08-2026 02:47:51"
"frontend","src-tauri\icons\README.md",".md","2148","30-08-2026 02:47:51"
"frontend","src-tauri\src\main.rs",".rs","2496","30-08-2026 02:47:51"
