"FrontendFile","Client","Method","RawPath","DynamicClass","CandidatePath"
"C:\Users\DIYA GOEL\Downloads\EBDESIGN\frontend\src\services\api.js","api","GET","/asset-accounting/company/${companyId}/register-summary","TEMPLATE_ID_PARAMETER","/asset-accounting/company/:param/register-summary"
"C:\Users\DIYA GOEL\Downloads\EBDESIGN\frontend\src\services\api.js","api","PUT","/animal-health/treatment/${id}","TEMPLATE_ID_PARAMETER","/animal-health/treatment/:param"
"C:\Users\DIYA GOEL\Downloads\EBDESIGN\frontend\src\pages\modules\M212\M212.jsx","fetch","DELETE","/api/v1/backend-modules/M212/${id}","TEMPLATE_ID_PARAMETER","/api/v1/backend-modules/M212/:param"
"C:\Users\DIYA GOEL\Downloads\EBDESIGN\frontend\src\modules\M070\M070Page.jsx","fetch","GET","/api/m070/search?q=${encodeURIComponent(searchQuery)}","TEMPLATE_INTERPOLATION","/api/m070/search"
"C:\Users\DIYA GOEL\Downloads\EBDESIGN\frontend\src\pages\modules\M190\M190.jsx","fetch","DELETE","/api/v1/backend-modules/M190/${id}","TEMPLATE_ID_PARAMETER","/api/v1/backend-modules/M190/:param"
"C:\Users\DIYA GOEL\Downloads\EBDESIGN\frontend\src\modules\M188\M188Page.jsx","fetch","GET","/api/m188/search?q=${encodeURIComponent(searchQuery)}","TEMPLATE_INTERPOLATION","/api/m188/search"
"C:\Users\DIYA GOEL\Downloads\EBDESIGN\frontend\src\services\vendorProcurementService.js","api","GET","/vendor-procurement/procurement-requests/${requestId}","TEMPLATE_ID_PARAMETER","/vendor-procurement/procurement-requests/:param"
"C:\Users\DIYA GOEL\Downloads\EBDESIGN\frontend\src\services\api.js","api","PUT","/admin/users/${id}","TEMPLATE_ID_PARAMETER","/admin/users/:param"
"C:\Users\DIYA GOEL\Downloads\EBDESIGN\frontend\src\services\api.js","api","POST","/ecommerce-erp/sync-customer-crm/${userId}","TEMPLATE_ID_PARAMETER","/ecommerce-erp/sync-customer-crm/:param"
"C:\Users\DIYA GOEL\Downloads\EBDESIGN\frontend\src\services\api.js","api","GET","/robotics/devices/${id}/telemetry","TEMPLATE_ID_PARAMETER","/robotics/devices/:param/telemetry"
"C:\Users\DIYA GOEL\Downloads\EBDESIGN\frontend\src\modules\M190\M190Page.jsx","fetch","GET","/api/m190?${params}","TEMPLATE_INTERPOLATION","/api/m190"
"C:\Users\DIYA GOEL\Downloads\EBDESIGN\frontend\src\modules\M200\M200Page.jsx","fetch","DELETE","/api/m200/${id}","TEMPLATE_ID_PARAMETER","/api/m200/:param"
"C:\Users\DIYA GOEL\Downloads\EBDESIGN\frontend\src\modules\M098\M098Page.jsx","fetch","GET","/api/m098?${params}","TEMPLATE_INTERPOLATION","/api/m098"
"C:\Users\DIYA GOEL\Downloads\EBDESIGN\frontend\src\services\api.js","api","POST","/comprehensive-erp/release-production-order/${id}","TEMPLATE_ID_PARAMETER","/comprehensive-erp/release-production-order/:param"
"C:\Users\DIYA GOEL\Downloads\EBDESIGN\frontend\src\modules\M265\M265Page.jsx","fetch","GET","/api/m265?${params}","TEMPLATE_INTERPOLATION","/api/m265"
"C:\Users\DIYA GOEL\Downloads\EBDESIGN\frontend\src\services\artificialScientistAPI.js","api","POST","${base}/ai-assistance","TEMPLATE_INTERPOLATION","/:param/ai-assistance"
"C:\Users\DIYA GOEL\Downloads\EBDESIGN\frontend\src\modules\M170\M170Page.jsx","fetch","DELETE","/api/m170/${id}","TEMPLATE_ID_PARAMETER","/api/m170/:param"
"C:\Users\DIYA GOEL\Downloads\EBDESIGN\frontend\src\pages\modules\M39\M39.jsx","fetch","DELETE","/api/v1/backend-modules/M039/${id}","TEMPLATE_ID_PARAMETER","/api/v1/backend-modules/M039/:param"
"C:\Users\DIYA GOEL\Downloads\EBDESIGN\frontend\src\services\operationsApi.js","api","GET","/financial/loans/${id}/emi","TEMPLATE_ID_PARAMETER","/financial/loans/:param/emi"
"C:\Users\DIYA GOEL\Downloads\EBDESIGN\frontend\src\modules\M312\M312Page.jsx","fetch","DELETE","/api/m312/${id}","TEMPLATE_ID_PARAMETER","/api/m312/:param"
"C:\Users\DIYA GOEL\Downloads\EBDESIGN\frontend\src\modules\M265\M265Page.jsx","fetch","DELETE","/api/m265/${id}","TEMPLATE_ID_PARAMETER","/api/m265/:param"
"C:\Users\DIYA GOEL\Downloads\EBDESIGN\frontend\src\modules\M316\M316Page.jsx","fetch","GET","/api/m316?${params}","TEMPLATE_INTERPOLATION","/api/m316"
"C:\Users\DIYA GOEL\Downloads\EBDESIGN\frontend\src\services\api.js","api","GET","/cold-storage/temperature/${facilityId}","TEMPLATE_ID_PARAMETER","/cold-storage/temperature/:param"
"C:\Users\DIYA GOEL\Downloads\EBDESIGN\frontend\src\modules\M040\M040Page.jsx","fetch","GET","/api/m040?${params}","TEMPLATE_INTERPOLATION","/api/m040"
"C:\Users\DIYA GOEL\Downloads\EBDESIGN\frontend\src\modules\M113\M113Page.jsx","fetch","GET","/api/m113?${params}","TEMPLATE_INTERPOLATION","/api/m113"
"C:\Users\DIYA GOEL\Downloads\EBDESIGN\frontend\src\services\api.js","api","GET","/company/${companyId}/fiscal-years","TEMPLATE_ID_PARAMETER","/company/:param/fiscal-years"
"C:\Users\DIYA GOEL\Downloads\EBDESIGN\frontend\src\modules\M143\M143Page.jsx","fetch","DELETE","/api/m143/${id}","TEMPLATE_ID_PARAMETER","/api/m143/:param"
"C:\Users\DIYA GOEL\Downloads\EBDESIGN\frontend\src\modules\M034\M034Page.jsx","fetch","GET","/api/m034?${params}","TEMPLATE_INTERPOLATION","/api/m034"
"C:\Users\DIYA GOEL\Downloads\EBDESIGN\frontend\src\services\api.js","api","GET","/layouts/${id}","TEMPLATE_ID_PARAMETER","/layouts/:param"
"C:\Users\DIYA GOEL\Downloads\EBDESIGN\frontend\src\modules\M231\M231Page.jsx","fetch","DELETE","/api/m231/${id}","TEMPLATE_ID_PARAMETER","/api/m231/:param"
"C:\Users\DIYA GOEL\Downloads\EBDESIGN\frontend\src\services\api.js","api","PUT","/information-sharing/document/${id}","TEMPLATE_ID_PARAMETER","/information-sharing/document/:param"
"C:\Users\DIYA GOEL\Downloads\EBDESIGN\frontend\src\modules\M243\M243Page.jsx","fetch","GET","/api/m243?${params}","TEMPLATE_INTERPOLATION","/api/m243"
"C:\Users\DIYA GOEL\Downloads\EBDESIGN\frontend\src\services\api.js","api","DELETE","/animal-health/examination/${id}","TEMPLATE_ID_PARAMETER","/animal-health/examination/:param"
"C:\Users\DIYA GOEL\Downloads\EBDESIGN\frontend\src\services\api.js","api","DELETE","/farmers/${farmerId}/fields/${fieldId}","TEMPLATE_ID_PARAMETER","/farmers/:param/fields/:param"
"C:\Users\DIYA GOEL\Downloads\EBDESIGN\frontend\src\services\api.js","api","POST","/complete-ai-integration/recommend-livestock-breeding/${livestockId}","TEMPLATE_ID_PARAMETER","/complete-ai-integration/recommend-livestock-breeding/:param"
"C:\Users\DIYA GOEL\Downloads\EBDESIGN\frontend\src\services\api.js","api","DELETE","/community-asset/${id}","TEMPLATE_ID_PARAMETER","/community-asset/:param"
"C:\Users\DIYA GOEL\Downloads\EBDESIGN\frontend\src\services\api.js","api","POST","/data-subjects/${id}","TEMPLATE_ID_PARAMETER","/data-subjects/:param"
"C:\Users\DIYA GOEL\Downloads\EBDESIGN\frontend\src\pages\modules\M80\M80.jsx","fetch","DELETE","/api/v1/backend-modules/M080/${id}","TEMPLATE_ID_PARAMETER","/api/v1/backend-modules/M080/:param"
"C:\Users\DIYA GOEL\Downloads\EBDESIGN\frontend\src\services\api.js","api","GET","/jurisdictions/${id}","TEMPLATE_ID_PARAMETER","/jurisdictions/:param"
"C:\Users\DIYA GOEL\Downloads\EBDESIGN\frontend\src\services\api.js","api","GET","/trending-products/${id}","TEMPLATE_ID_PARAMETER","/trending-products/:param"
"C:\Users\DIYA GOEL\Downloads\EBDESIGN\frontend\src\services\api.js","api","PUT","/environment-config/${id}","TEMPLATE_ID_PARAMETER","/environment-config/:param"
"C:\Users\DIYA GOEL\Downloads\EBDESIGN\frontend\src\modules\M090\M090Page.jsx","fetch","GET","/api/m090?${params}","TEMPLATE_INTERPOLATION","/api/m090"
"C:\Users\DIYA GOEL\Downloads\EBDESIGN\frontend\src\services\api.js","api","PUT","/fertility-management/record/${id}","TEMPLATE_ID_PARAMETER","/fertility-management/record/:param"
"C:\Users\DIYA GOEL\Downloads\EBDESIGN\frontend\src\services\api.js","api","DELETE","/disease-forecasting/forecasts/forecast/${id}","TEMPLATE_ID_PARAMETER","/disease-forecasting/forecasts/forecast/:param"
"C:\Users\DIYA GOEL\Downloads\EBDESIGN\frontend\src\modules\M246\M246Page.jsx","fetch","GET","/api/m246?${params}","TEMPLATE_INTERPOLATION","/api/m246"
"C:\Users\DIYA GOEL\Downloads\EBDESIGN\frontend\src\modules\M307\M307Page.jsx","fetch","GET","/api/m307/search?q=${encodeURIComponent(searchQuery)}","TEMPLATE_INTERPOLATION","/api/m307/search"
"C:\Users\DIYA GOEL\Downloads\EBDESIGN\frontend\src\pages\modules\M110\M110.jsx","fetch","DELETE","/api/v1/backend-modules/M110/${id}","TEMPLATE_ID_PARAMETER","/api/v1/backend-modules/M110/:param"
"C:\Users\DIYA GOEL\Downloads\EBDESIGN\frontend\src\services\api.js","api","GET","/best-sellers/${id}","TEMPLATE_ID_PARAMETER","/best-sellers/:param"
"C:\Users\DIYA GOEL\Downloads\EBDESIGN\frontend\src\modules\M046\M046Page.jsx","fetch","GET","/api/m046/search?q=${encodeURIComponent(searchQuery)}","TEMPLATE_INTERPOLATION","/api/m046/search"
"C:\Users\DIYA GOEL\Downloads\EBDESIGN\frontend\src\services\api.js","api","PUT","/dairy/animal/${id}","TEMPLATE_ID_PARAMETER","/dairy/animal/:param"
"C:\Users\DIYA GOEL\Downloads\EBDESIGN\frontend\src\pages\modules\M188\M188.jsx","fetch","DELETE","/api/v1/backend-modules/M188/${id}","TEMPLATE_ID_PARAMETER","/api/v1/backend-modules/M188/:param"
"C:\Users\DIYA GOEL\Downloads\EBDESIGN\frontend\src\modules\M276\M276Page.jsx","fetch","GET","/api/m276?${params}","TEMPLATE_INTERPOLATION","/api/m276"
"C:\Users\DIYA GOEL\Downloads\EBDESIGN\frontend\src\modules\M258\M258Page.jsx","fetch","GET","/api/m258/search?q=${encodeURIComponent(searchQuery)}","TEMPLATE_INTERPOLATION","/api/m258/search"
"C:\Users\DIYA GOEL\Downloads\EBDESIGN\frontend\src\services\commerceApi.js","api","PUT","/orders/${id}/status","TEMPLATE_ID_PARAMETER","/orders/:param/status"
"C:\Users\DIYA GOEL\Downloads\EBDESIGN\frontend\src\modules\M274\M274Page.jsx","fetch","DELETE","/api/m274/${id}","TEMPLATE_ID_PARAMETER","/api/m274/:param"
"C:\Users\DIYA GOEL\Downloads\EBDESIGN\frontend\src\modules\M226\M226Page.jsx","fetch","DELETE","/api/m226/${id}","TEMPLATE_ID_PARAMETER","/api/m226/:param"
"C:\Users\DIYA GOEL\Downloads\EBDESIGN\frontend\src\modules\M200\M200Page.jsx","fetch","GET","/api/m200/search?q=${encodeURIComponent(searchQuery)}","TEMPLATE_INTERPOLATION","/api/m200/search"
"C:\Users\DIYA GOEL\Downloads\EBDESIGN\frontend\src\services\api.js","api","PUT","/logistics-enhancement/tracking/${id}","TEMPLATE_ID_PARAMETER","/logistics-enhancement/tracking/:param"
"C:\Users\DIYA GOEL\Downloads\EBDESIGN\frontend\src\modules\M042\M042Page.jsx","fetch","GET","/api/m042?${params}","TEMPLATE_INTERPOLATION","/api/m042"
"C:\Users\DIYA GOEL\Downloads\EBDESIGN\frontend\src\modules\M193\M193Page.jsx","fetch","GET","/api/m193/search?q=${encodeURIComponent(searchQuery)}","TEMPLATE_INTERPOLATION","/api/m193/search"
"C:\Users\DIYA GOEL\Downloads\EBDESIGN\frontend\src\modules\M133\M133Page.jsx","fetch","GET","/api/m133/search?q=${encodeURIComponent(searchQuery)}","TEMPLATE_INTERPOLATION","/api/m133/search"
"C:\Users\DIYA GOEL\Downloads\EBDESIGN\frontend\src\services\api.js","api","PUT","/fish-processing/batch/${id}","TEMPLATE_ID_PARAMETER","/fish-processing/batch/:param"
"C:\Users\DIYA GOEL\Downloads\EBDESIGN\frontend\src\modules\M141\M141Page.jsx","fetch","DELETE","/api/m141/${id}","TEMPLATE_ID_PARAMETER","/api/m141/:param"
"C:\Users\DIYA GOEL\Downloads\EBDESIGN\frontend\src\modules\M063\M063Page.jsx","fetch","DELETE","/api/m063/${id}","TEMPLATE_ID_PARAMETER","/api/m063/:param"
"C:\Users\DIYA GOEL\Downloads\EBDESIGN\frontend\src\modules\M069\M069Page.jsx","fetch","DELETE","/api/m069/${id}","TEMPLATE_ID_PARAMETER","/api/m069/:param"
"C:\Users\DIYA GOEL\Downloads\EBDESIGN\frontend\src\services\api.js","api","DELETE","/role-management/role/${id}","TEMPLATE_ID_PARAMETER","/role-management/role/:param"
"C:\Users\DIYA GOEL\Downloads\EBDESIGN\frontend\src\modules\M310\M310Page.jsx","fetch","GET","/api/m310?${params}","TEMPLATE_INTERPOLATION","/api/m310"
"C:\Users\DIYA GOEL\Downloads\EBDESIGN\frontend\src\services\artificialScientistAPI.js","api","POST","${base}/${entityType}/${id}/reviews","TEMPLATE_ID_PARAMETER","/:param/:param/:param/reviews"
"C:\Users\DIYA GOEL\Downloads\EBDESIGN\frontend\src\modules\M059\M059Page.jsx","fetch","GET","/api/m059?${params}","TEMPLATE_INTERPOLATION","/api/m059"
"C:\Users\DIYA GOEL\Downloads\EBDESIGN\frontend\src\modules\M161\M161Page.jsx","fetch","GET","/api/m161?${params}","TEMPLATE_INTERPOLATION","/api/m161"
"C:\Users\DIYA GOEL\Downloads\EBDESIGN\frontend\src\pages\AdvancedMedicalCodingPage.jsx","api","GET","/advanced-medical-coding/natural-therapist-knowledge/${condition}","TEMPLATE_INTERPOLATION","/advanced-medical-coding/natural-therapist-knowledge/:param"
"C:\Users\DIYA GOEL\Downloads\EBDESIGN\frontend\src\services\api.js","api","DELETE","/sessions/${id}","TEMPLATE_ID_PARAMETER","/sessions/:param"
"C:\Users\DIYA GOEL\Downloads\EBDESIGN\frontend\src\modules\M077\M077Page.jsx","fetch","GET","/api/m077?${params}","TEMPLATE_INTERPOLATION","/api/m077"
"C:\Users\DIYA GOEL\Downloads\EBDESIGN\frontend\src\services\api.js","api","DELETE","/farm-activity/activity/${id}","TEMPLATE_ID_PARAMETER","/farm-activity/activity/:param"
"C:\Users\DIYA GOEL\Downloads\EBDESIGN\frontend\src\modules\M075\M075Page.jsx","fetch","DELETE","/api/m075/${id}","TEMPLATE_ID_PARAMETER","/api/m075/:param"
"C:\Users\DIYA GOEL\Downloads\EBDESIGN\frontend\src\modules\M255\M255Page.jsx","fetch","DELETE","/api/m255/${id}","TEMPLATE_ID_PARAMETER","/api/m255/:param"
"C:\Users\DIYA GOEL\Downloads\EBDESIGN\frontend\src\services\api.js","api","PUT","/irrigation-system/${id}","TEMPLATE_ID_PARAMETER","/irrigation-system/:param"
"C:\Users\DIYA GOEL\Downloads\EBDESIGN\frontend\src\services\api.js","api","PUT","/research-development/rd-project/${projectId}","TEMPLATE_ID_PARAMETER","/research-development/rd-project/:param"
"C:\Users\DIYA GOEL\Downloads\EBDESIGN\frontend\src\modules\M209\M209Page.jsx","fetch","GET","/api/m209?${params}","TEMPLATE_INTERPOLATION","/api/m209"
"C:\Users\DIYA GOEL\Downloads\EBDESIGN\frontend\src\modules\M257\M257Page.jsx","fetch","DELETE","/api/m257/${id}","TEMPLATE_ID_PARAMETER","/api/m257/:param"
"C:\Users\DIYA GOEL\Downloads\EBDESIGN\frontend\src\services\componentApi.js","api","GET","/modules/${moduleId}/operations","TEMPLATE_ID_PARAMETER","/modules/:param/operations"
"C:\Users\DIYA GOEL\Downloads\EBDESIGN\frontend\src\pages\modules\M229\M229.jsx","fetch","DELETE","/api/v1/backend-modules/M229/${id}","TEMPLATE_ID_PARAMETER","/api/v1/backend-modules/M229/:param"
"C:\Users\DIYA GOEL\Downloads\EBDESIGN\frontend\src\pages\modules\M120\M120.jsx","fetch","DELETE","/api/v1/backend-modules/M120/${id}","TEMPLATE_ID_PARAMETER","/api/v1/backend-modules/M120/:param"
"C:\Users\DIYA GOEL\Downloads\EBDESIGN\frontend\src\modules\M274\M274Page.jsx","fetch","GET","/api/m274/search?q=${encodeURIComponent(searchQuery)}","TEMPLATE_INTERPOLATION","/api/m274/search"
"C:\Users\DIYA GOEL\Downloads\EBDESIGN\frontend\src\services\api.js","api","GET","/groups/${id}","TEMPLATE_ID_PARAMETER","/groups/:param"
"C:\Users\DIYA GOEL\Downloads\EBDESIGN\frontend\src\modules\M190\M190Page.jsx","fetch","DELETE","/api/m190/${id}","TEMPLATE_ID_PARAMETER","/api/m190/:param"
"C:\Users\DIYA GOEL\Downloads\EBDESIGN\frontend\src\pages\modules\M265\M265.jsx","fetch","DELETE","/api/v1/backend-modules/M265/${id}","TEMPLATE_ID_PARAMETER","/api/v1/backend-modules/M265/:param"
"C:\Users\DIYA GOEL\Downloads\EBDESIGN\frontend\src\services\api.js","api","PUT","/istio-configs/${id}","TEMPLATE_ID_PARAMETER","/istio-configs/:param"
"C:\Users\DIYA GOEL\Downloads\EBDESIGN\frontend\src\modules\M166\M166Page.jsx","fetch","DELETE","/api/m166/${id}","TEMPLATE_ID_PARAMETER","/api/m166/:param"
"C:\Users\DIYA GOEL\Downloads\EBDESIGN\frontend\src\pages\modules\M288\M288.jsx","fetch","DELETE","/api/v1/backend-modules/M288/${id}","TEMPLATE_ID_PARAMETER","/api/v1/backend-modules/M288/:param"
"C:\Users\DIYA GOEL\Downloads\EBDESIGN\frontend\src\services\api.js","api","PUT","/rural-development-project/${id}","TEMPLATE_ID_PARAMETER","/rural-development-project/:param"
"C:\Users\DIYA GOEL\Downloads\EBDESIGN\frontend\src\pages\modules\M336\M336.jsx","fetch","DELETE","/api/v1/backend-modules/M336/${id}","TEMPLATE_ID_PARAMETER","/api/v1/backend-modules/M336/:param"
"C:\Users\DIYA GOEL\Downloads\EBDESIGN\frontend\src\services\api.js","api","GET","/videos/${id}","TEMPLATE_ID_PARAMETER","/videos/:param"
"C:\Users\DIYA GOEL\Downloads\EBDESIGN\frontend\src\services\operationsApi.js","api","GET","/logistics/shipments/${shipmentId}/live-tracking","TEMPLATE_ID_PARAMETER","/logistics/shipments/:param/live-tracking"
"C:\Users\DIYA GOEL\Downloads\EBDESIGN\frontend\src\modules\M229\M229Page.jsx","fetch","GET","/api/m229?${params}","TEMPLATE_INTERPOLATION","/api/m229"
"C:\Users\DIYA GOEL\Downloads\EBDESIGN\frontend\src\services\api.js","api","PUT","/research-development/rd-project/${projectId}/milestone/${milestoneId}","TEMPLATE_ID_PARAMETER","/research-development/rd-project/:param/milestone/:param"
"C:\Users\DIYA GOEL\Downloads\EBDESIGN\frontend\src\pages\modules\M214\M214.jsx","fetch","DELETE","/api/v1/backend-modules/M214/${id}","TEMPLATE_ID_PARAMETER","/api/v1/backend-modules/M214/:param"
"C:\Users\DIYA GOEL\Downloads\EBDESIGN\frontend\src\pages\modules\M116\M116.jsx","fetch","DELETE","/api/v1/backend-modules/M116/${id}","TEMPLATE_ID_PARAMETER","/api/v1/backend-modules/M116/:param"
"C:\Users\DIYA GOEL\Downloads\EBDESIGN\frontend\src\modules\M163\M163Page.jsx","fetch","GET","/api/m163/search?q=${encodeURIComponent(searchQuery)}","TEMPLATE_INTERPOLATION","/api/m163/search"
"C:\Users\DIYA GOEL\Downloads\EBDESIGN\frontend\src\pages\modules\M297\M297.jsx","fetch","DELETE","/api/v1/backend-modules/M297/${id}","TEMPLATE_ID_PARAMETER","/api/v1/backend-modules/M297/:param"
"C:\Users\DIYA GOEL\Downloads\EBDESIGN\frontend\src\modules\M250\M250Page.jsx","fetch","GET","/api/m250/search?q=${encodeURIComponent(searchQuery)}","TEMPLATE_INTERPOLATION","/api/m250/search"
"C:\Users\DIYA GOEL\Downloads\EBDESIGN\frontend\src\modules\M194\M194Page.jsx","fetch","GET","/api/m194/search?q=${encodeURIComponent(searchQuery)}","TEMPLATE_INTERPOLATION","/api/m194/search"
"C:\Users\DIYA GOEL\Downloads\EBDESIGN\frontend\src\modules\M079\M079Page.jsx","fetch","DELETE","/api/m079/${id}","TEMPLATE_ID_PARAMETER","/api/m079/:param"
"C:\Users\DIYA GOEL\Downloads\EBDESIGN\frontend\src\pages\modules\M46\M46.jsx","fetch","DELETE","/api/v1/backend-modules/M046/${id}","TEMPLATE_ID_PARAMETER","/api/v1/backend-modules/M046/:param"
"C:\Users\DIYA GOEL\Downloads\EBDESIGN\frontend\src\modules\M155\M155Page.jsx","fetch","GET","/api/m155?${params}","TEMPLATE_INTERPOLATION","/api/m155"
"C:\Users\DIYA GOEL\Downloads\EBDESIGN\frontend\src\services\api.js","api","POST","/robotics/missions/${id}/pause","TEMPLATE_ID_PARAMETER","/robotics/missions/:param/pause"
"C:\Users\DIYA GOEL\Downloads\EBDESIGN\frontend\src\services\api.js","api","POST","/ai-agent/agent/${data.agent_name}/execute-task","TEMPLATE_INTERPOLATION","/ai-agent/agent/:param/execute-task"
"C:\Users\DIYA GOEL\Downloads\EBDESIGN\frontend\src\services\api.js","api","GET","/versions/${id}","TEMPLATE_ID_PARAMETER","/versions/:param"
"C:\Users\DIYA GOEL\Downloads\EBDESIGN\frontend\src\modules\M095\M095Page.jsx","fetch","GET","/api/m095?${params}","TEMPLATE_INTERPOLATION","/api/m095"
"C:\Users\DIYA GOEL\Downloads\EBDESIGN\frontend\src\services\api.js","api","GET","/company/${companyId}/chart-of-accounts","TEMPLATE_ID_PARAMETER","/company/:param/chart-of-accounts"
"C:\Users\DIYA GOEL\Downloads\EBDESIGN\frontend\src\modules\M081\M081Page.jsx","fetch","DELETE","/api/m081/${id}","TEMPLATE_ID_PARAMETER","/api/m081/:param"
"C:\Users\DIYA GOEL\Downloads\EBDESIGN\frontend\src\modules\M112\M112Page.jsx","fetch","GET","/api/m112?${params}","TEMPLATE_INTERPOLATION","/api/m112"
"C:\Users\DIYA GOEL\Downloads\EBDESIGN\frontend\src\modules\M106\M106Page.jsx","fetch","DELETE","/api/m106/${id}","TEMPLATE_ID_PARAMETER","/api/m106/:param"
"C:\Users\DIYA GOEL\Downloads\EBDESIGN\frontend\src\pages\modules\M170\M170.jsx","fetch","DELETE","/api/v1/backend-modules/M170/${id}","TEMPLATE_ID_PARAMETER","/api/v1/backend-modules/M170/:param"
"C:\Users\DIYA GOEL\Downloads\EBDESIGN\frontend\src\pages\modules\M338\M338.jsx","fetch","DELETE","/api/v1/backend-modules/M338/${id}","TEMPLATE_ID_PARAMETER","/api/v1/backend-modules/M338/:param"
"C:\Users\DIYA GOEL\Downloads\EBDESIGN\frontend\src\pages\modules\M238\M238.jsx","fetch","DELETE","/api/v1/backend-modules/M238/${id}","TEMPLATE_ID_PARAMETER","/api/v1/backend-modules/M238/:param"
"C:\Users\DIYA GOEL\Downloads\EBDESIGN\frontend\src\pages\modules\M194\M194.jsx","fetch","DELETE","/api/v1/backend-modules/M194/${id}","TEMPLATE_ID_PARAMETER","/api/v1/backend-modules/M194/:param"
"C:\Users\DIYA GOEL\Downloads\EBDESIGN\frontend\src\services\api.js","api","PUT","/sap-module-architecture/module/${id}","TEMPLATE_ID_PARAMETER","/sap-module-architecture/module/:param"
"C:\Users\DIYA GOEL\Downloads\EBDESIGN\frontend\src\modules\M128\M128Page.jsx","fetch","GET","/api/m128?${params}","TEMPLATE_INTERPOLATION","/api/m128"
"C:\Users\DIYA GOEL\Downloads\EBDESIGN\frontend\src\modules\M215\M215Page.jsx","fetch","GET","/api/m215/search?q=${encodeURIComponent(searchQuery)}","TEMPLATE_INTERPOLATION","/api/m215/search"
"C:\Users\DIYA GOEL\Downloads\EBDESIGN\frontend\src\modules\M116\M116Page.jsx","fetch","GET","/api/m116?${params}","TEMPLATE_INTERPOLATION","/api/m116"
"C:\Users\DIYA GOEL\Downloads\EBDESIGN\frontend\src\modules\M201\M201Page.jsx","fetch","GET","/api/m201/search?q=${encodeURIComponent(searchQuery)}","TEMPLATE_INTERPOLATION","/api/m201/search"
"C:\Users\DIYA GOEL\Downloads\EBDESIGN\frontend\src\modules\M123\M123Page.jsx","fetch","GET","/api/m123/search?q=${encodeURIComponent(searchQuery)}","TEMPLATE_INTERPOLATION","/api/m123/search"
"C:\Users\DIYA GOEL\Downloads\EBDESIGN\frontend\src\modules\M333\M333Page.jsx","fetch","GET","/api/m333?${params}","TEMPLATE_INTERPOLATION","/api/m333"
"C:\Users\DIYA GOEL\Downloads\EBDESIGN\frontend\src\modules\M187\M187Page.jsx","fetch","GET","/api/m187?${params}","TEMPLATE_INTERPOLATION","/api/m187"
"C:\Users\DIYA GOEL\Downloads\EBDESIGN\frontend\src\services\api.js","api","POST","/feature-toggle/${id}/toggle","TEMPLATE_ID_PARAMETER","/feature-toggle/:param/toggle"
"C:\Users\DIYA GOEL\Downloads\EBDESIGN\frontend\src\services\api.js","api","PUT","/soil-health/card/${id}","TEMPLATE_ID_PARAMETER","/soil-health/card/:param"
"C:\Users\DIYA GOEL\Downloads\EBDESIGN\frontend\src\pages\modules\M192\M192.jsx","fetch","DELETE","/api/v1/backend-modules/M192/${id}","TEMPLATE_ID_PARAMETER","/api/v1/backend-modules/M192/:param"
"C:\Users\DIYA GOEL\Downloads\EBDESIGN\frontend\src\modules\M236\M236Page.jsx","fetch","DELETE","/api/m236/${id}","TEMPLATE_ID_PARAMETER","/api/m236/:param"
"C:\Users\DIYA GOEL\Downloads\EBDESIGN\frontend\src\services\api.js","api","GET","/products/${id}","TEMPLATE_ID_PARAMETER","/products/:param"
"C:\Users\DIYA GOEL\Downloads\EBDESIGN\frontend\src\modules\M166\M166Page.jsx","fetch","GET","/api/m166/search?q=${encodeURIComponent(searchQuery)}","TEMPLATE_INTERPOLATION","/api/m166/search"
"C:\Users\DIYA GOEL\Downloads\EBDESIGN\frontend\src\modules\M214\M214Page.jsx","fetch","GET","/api/m214?${params}","TEMPLATE_INTERPOLATION","/api/m214"
"C:\Users\DIYA GOEL\Downloads\EBDESIGN\frontend\src\modules\M259\M259Page.jsx","fetch","GET","/api/m259/search?q=${encodeURIComponent(searchQuery)}","TEMPLATE_INTERPOLATION","/api/m259/search"
"C:\Users\DIYA GOEL\Downloads\EBDESIGN\frontend\src\services\api.js","api","POST","/dairy-ai/recommend-breeding/${animalId}","TEMPLATE_ID_PARAMETER","/dairy-ai/recommend-breeding/:param"
"C:\Users\DIYA GOEL\Downloads\EBDESIGN\frontend\src\modules\M171\M171Page.jsx","fetch","DELETE","/api/m171/${id}","TEMPLATE_ID_PARAMETER","/api/m171/:param"
"C:\Users\DIYA GOEL\Downloads\EBDESIGN\frontend\src\pages\modules\M53\M53.jsx","fetch","DELETE","/api/v1/backend-modules/M053/${id}","TEMPLATE_ID_PARAMETER","/api/v1/backend-modules/M053/:param"
"C:\Users\DIYA GOEL\Downloads\EBDESIGN\frontend\src\pages\modules\M146\M146.jsx","fetch","DELETE","/api/v1/backend-modules/M146/${id}","TEMPLATE_ID_PARAMETER","/api/v1/backend-modules/M146/:param"
"C:\Users\DIYA GOEL\Downloads\EBDESIGN\frontend\src\services\api.js","api","POST","/conversational-ai/session/${sessionId}/end","TEMPLATE_ID_PARAMETER","/conversational-ai/session/:param/end"
"C:\Users\DIYA GOEL\Downloads\EBDESIGN\frontend\src\modules\M296\M296Page.jsx","fetch","GET","/api/m296/search?q=${encodeURIComponent(searchQuery)}","TEMPLATE_INTERPOLATION","/api/m296/search"
"C:\Users\DIYA GOEL\Downloads\EBDESIGN\frontend\src\modules\M041\M041Page.jsx","fetch","GET","/api/m041/search?q=${encodeURIComponent(searchQuery)}","TEMPLATE_INTERPOLATION","/api/m041/search"
"C:\Users\DIYA GOEL\Downloads\EBDESIGN\frontend\src\services\api.js","api","DELETE","/files/${id}","TEMPLATE_ID_PARAMETER","/files/:param"
"C:\Users\DIYA GOEL\Downloads\EBDESIGN\frontend\src\modules\M237\M237Page.jsx","fetch","GET","/api/m237?${params}","TEMPLATE_INTERPOLATION","/api/m237"
"C:\Users\DIYA GOEL\Downloads\EBDESIGN\frontend\src\services\api.js","api","GET","/ecommerce-integration/nutrition-score/${productId}","TEMPLATE_ID_PARAMETER","/ecommerce-integration/nutrition-score/:param"
"C:\Users\DIYA GOEL\Downloads\EBDESIGN\frontend\src\services\api.js","api","POST","/complete-erp-integration/sync-farmer-harvest/${farmerId}","TEMPLATE_ID_PARAMETER","/complete-erp-integration/sync-farmer-harvest/:param"
"C:\Users\DIYA GOEL\Downloads\EBDESIGN\frontend\src\services\api.js","api","DELETE","/feed-management/record/${id}","TEMPLATE_ID_PARAMETER","/feed-management/record/:param"
"C:\Users\DIYA GOEL\Downloads\EBDESIGN\frontend\src\modules\M260\M260Page.jsx","fetch","GET","/api/m260/search?q=${encodeURIComponent(searchQuery)}","TEMPLATE_INTERPOLATION","/api/m260/search"
"C:\Users\DIYA GOEL\Downloads\EBDESIGN\frontend\src\services\api.js","api","DELETE","/soil-mapping/zone/${id}","TEMPLATE_ID_PARAMETER","/soil-mapping/zone/:param"
"C:\Users\DIYA GOEL\Downloads\EBDESIGN\frontend\src\modules\M248\M248Page.jsx","fetch","GET","/api/m248/search?q=${encodeURIComponent(searchQuery)}","TEMPLATE_INTERPOLATION","/api/m248/search"
"C:\Users\DIYA GOEL\Downloads\EBDESIGN\frontend\src\modules\M086\M086Page.jsx","fetch","GET","/api/m086?${params}","TEMPLATE_INTERPOLATION","/api/m086"
"C:\Users\DIYA GOEL\Downloads\EBDESIGN\frontend\src\modules\M212\M212Page.jsx","fetch","DELETE","/api/m212/${id}","TEMPLATE_ID_PARAMETER","/api/m212/:param"
"C:\Users\DIYA GOEL\Downloads\EBDESIGN\frontend\src\modules\M252\M252Page.jsx","fetch","GET","/api/m252?${params}","TEMPLATE_INTERPOLATION","/api/m252"
"C:\Users\DIYA GOEL\Downloads\EBDESIGN\frontend\src\services\api.js","api","POST","/disposal/${entity}/${id}","TEMPLATE_ID_PARAMETER","/disposal/:param/:param"
"C:\Users\DIYA GOEL\Downloads\EBDESIGN\frontend\src\services\api.js","api","POST","/processes/${id}/start","TEMPLATE_ID_PARAMETER","/processes/:param/start"
"C:\Users\DIYA GOEL\Downloads\EBDESIGN\frontend\src\services\api.js","api","GET","/sort/${entity}","TEMPLATE_INTERPOLATION","/sort/:param"
"C:\Users\DIYA GOEL\Downloads\EBDESIGN\frontend\src\modules\M328\M328Page.jsx","fetch","DELETE","/api/m328/${id}","TEMPLATE_ID_PARAMETER","/api/m328/:param"
"C:\Users\DIYA GOEL\Downloads\EBDESIGN\frontend\src\pages\modules\M322\M322.jsx","fetch","DELETE","/api/v1/backend-modules/M322/${id}","TEMPLATE_ID_PARAMETER","/api/v1/backend-modules/M322/:param"
"C:\Users\DIYA GOEL\Downloads\EBDESIGN\frontend\src\modules\M033\M033Page.jsx","fetch","DELETE","/api/m033/${id}","TEMPLATE_ID_PARAMETER","/api/m033/:param"
"C:\Users\DIYA GOEL\Downloads\EBDESIGN\frontend\src\services\commerceApi.js","api","PUT","/orders/cart/${id}","TEMPLATE_ID_PARAMETER","/orders/cart/:param"
"C:\Users\DIYA GOEL\Downloads\EBDESIGN\frontend\src\services\api.js","api","POST","/cleanup-tasks/${id}/run","TEMPLATE_ID_PARAMETER","/cleanup-tasks/:param/run"
"C:\Users\DIYA GOEL\Downloads\EBDESIGN\frontend\src\modules\M341\M341Page.jsx","fetch","DELETE","/api/m341/${id}","TEMPLATE_ID_PARAMETER","/api/m341/:param"
"C:\Users\DIYA GOEL\Downloads\EBDESIGN\frontend\src\modules\M202\M202Page.jsx","fetch","GET","/api/m202?${params}","TEMPLATE_INTERPOLATION","/api/m202"
"C:\Users\DIYA GOEL\Downloads\EBDESIGN\frontend\src\services\api.js","api","PUT","/logistics-enhancement/vehicle/${id}","TEMPLATE_ID_PARAMETER","/logistics-enhancement/vehicle/:param"
"C:\Users\DIYA GOEL\Downloads\EBDESIGN\frontend\src\modules\M117\M117Page.jsx","fetch","GET","/api/m117?${params}","TEMPLATE_INTERPOLATION","/api/m117"
"C:\Users\DIYA GOEL\Downloads\EBDESIGN\frontend\src\pages\modules\M246\M246.jsx","fetch","DELETE","/api/v1/backend-modules/M246/${id}","TEMPLATE_ID_PARAMETER","/api/v1/backend-modules/M246/:param"
"C:\Users\DIYA GOEL\Downloads\EBDESIGN\frontend\src\modules\M087\M087Page.jsx","fetch","GET","/api/m087?${params}","TEMPLATE_INTERPOLATION","/api/m087"
"C:\Users\DIYA GOEL\Downloads\EBDESIGN\frontend\src\services\api.js","api","PUT","/animal-health/outbreak/${id}","TEMPLATE_ID_PARAMETER","/animal-health/outbreak/:param"
"C:\Users\DIYA GOEL\Downloads\EBDESIGN\frontend\src\pages\modules\M258\M258.jsx","fetch","DELETE","/api/v1/backend-modules/M258/${id}","TEMPLATE_ID_PARAMETER","/api/v1/backend-modules/M258/:param"
"C:\Users\DIYA GOEL\Downloads\EBDESIGN\frontend\src\modules\M148\M148Page.jsx","fetch","GET","/api/m148?${params}","TEMPLATE_INTERPOLATION","/api/m148"
"C:\Users\DIYA GOEL\Downloads\EBDESIGN\frontend\src\modules\M185\M185Page.jsx","fetch","GET","/api/m185/search?q=${encodeURIComponent(searchQuery)}","TEMPLATE_INTERPOLATION","/api/m185/search"
"C:\Users\DIYA GOEL\Downloads\EBDESIGN\frontend\src\services\api.js","api","PUT","/climate-risk/assessments/assessment/${id}","TEMPLATE_ID_PARAMETER","/climate-risk/assessments/assessment/:param"
"C:\Users\DIYA GOEL\Downloads\EBDESIGN\frontend\src\services\api.js","api","POST","/upgrades/${id}/perform","TEMPLATE_ID_PARAMETER","/upgrades/:param/perform"
"C:\Users\DIYA GOEL\Downloads\EBDESIGN\frontend\src\modules\M137\M137Page.jsx","fetch","GET","/api/m137/search?q=${encodeURIComponent(searchQuery)}","TEMPLATE_INTERPOLATION","/api/m137/search"
"C:\Users\DIYA GOEL\Downloads\EBDESIGN\frontend\src\services\commerceApi.js","api","POST","/product-reviews/products/${productId}","TEMPLATE_ID_PARAMETER","/product-reviews/products/:param"
"C:\Users\DIYA GOEL\Downloads\EBDESIGN\frontend\src\services\api.js","api","GET","/panchayats/${id}","TEMPLATE_ID_PARAMETER","/panchayats/:param"
"C:\Users\DIYA GOEL\Downloads\EBDESIGN\frontend\src\modules\M191\M191Page.jsx","fetch","GET","/api/m191?${params}","TEMPLATE_INTERPOLATION","/api/m191"
"C:\Users\DIYA GOEL\Downloads\EBDESIGN\frontend\src\services\api.js","api","POST","/resilience/tests/${id}/run","TEMPLATE_ID_PARAMETER","/resilience/tests/:param/run"
"C:\Users\DIYA GOEL\Downloads\EBDESIGN\frontend\src\services\api.js","api","DELETE","/permission-management/permission/${id}","TEMPLATE_ID_PARAMETER","/permission-management/permission/:param"
"C:\Users\DIYA GOEL\Downloads\EBDESIGN\frontend\src\modules\M241\M241Page.jsx","fetch","DELETE","/api/m241/${id}","TEMPLATE_ID_PARAMETER","/api/m241/:param"
"C:\Users\DIYA GOEL\Downloads\EBDESIGN\frontend\src\modules\M053\M053Page.jsx","fetch","DELETE","/api/m053/${id}","TEMPLATE_ID_PARAMETER","/api/m053/:param"
"C:\Users\DIYA GOEL\Downloads\EBDESIGN\frontend\src\services\api.js","api","POST","/escrow/${escrowId}/refund","TEMPLATE_ID_PARAMETER","/escrow/:param/refund"
"C:\Users\DIYA GOEL\Downloads\EBDESIGN\frontend\src\pages\modules\M104\M104.jsx","fetch","DELETE","/api/v1/backend-modules/M104/${id}","TEMPLATE_ID_PARAMETER","/api/v1/backend-modules/M104/:param"
"C:\Users\DIYA GOEL\Downloads\EBDESIGN\frontend\src\modules\M060\M060Page.jsx","fetch","GET","/api/m060/search?q=${encodeURIComponent(searchQuery)}","TEMPLATE_INTERPOLATION","/api/m060/search"
"C:\Users\DIYA GOEL\Downloads\EBDESIGN\frontend\src\modules\M220\M220Page.jsx","fetch","GET","/api/m220?${params}","TEMPLATE_INTERPOLATION","/api/m220"
"C:\Users\DIYA GOEL\Downloads\EBDESIGN\frontend\src\pages\modules\M304\M304.jsx","fetch","DELETE","/api/v1/backend-modules/M304/${id}","TEMPLATE_ID_PARAMETER","/api/v1/backend-modules/M304/:param"
"C:\Users\DIYA GOEL\Downloads\EBDESIGN\frontend\src\pages\modules\M52\M52.jsx","fetch","DELETE","/api/v1/backend-modules/M052/${id}","TEMPLATE_ID_PARAMETER","/api/v1/backend-modules/M052/:param"
"C:\Users\DIYA GOEL\Downloads\EBDESIGN\frontend\src\services\api.js","api","PUT","/widgets/${id}","TEMPLATE_ID_PARAMETER","/widgets/:param"
"C:\Users\DIYA GOEL\Downloads\EBDESIGN\frontend\src\modules\M152\M152Page.jsx","fetch","DELETE","/api/m152/${id}","TEMPLATE_ID_PARAMETER","/api/m152/:param"
"C:\Users\DIYA GOEL\Downloads\EBDESIGN\frontend\src\services\api.js","api","PUT","/orders/cart/item/${id}","TEMPLATE_ID_PARAMETER","/orders/cart/item/:param"
"C:\Users\DIYA GOEL\Downloads\EBDESIGN\frontend\src\services\api.js","api","POST","/workflows/${id}/execute","TEMPLATE_ID_PARAMETER","/workflows/:param/execute"
"C:\Users\DIYA GOEL\Downloads\EBDESIGN\frontend\src\pages\modules\M149\M149.jsx","fetch","DELETE","/api/v1/backend-modules/M149/${id}","TEMPLATE_ID_PARAMETER","/api/v1/backend-modules/M149/:param"
"C:\Users\DIYA GOEL\Downloads\EBDESIGN\frontend\src\modules\M118\M118Page.jsx","fetch","DELETE","/api/m118/${id}","TEMPLATE_ID_PARAMETER","/api/m118/:param"
"C:\Users\DIYA GOEL\Downloads\EBDESIGN\frontend\src\modules\M123\M123Page.jsx","fetch","DELETE","/api/m123/${id}","TEMPLATE_ID_PARAMETER","/api/m123/:param"
"C:\Users\DIYA GOEL\Downloads\EBDESIGN\frontend\src\modules\M139\M139Page.jsx","fetch","GET","/api/m139/search?q=${encodeURIComponent(searchQuery)}","TEMPLATE_INTERPOLATION","/api/m139/search"
"C:\Users\DIYA GOEL\Downloads\EBDESIGN\frontend\src\pages\modules\M179\M179.jsx","fetch","DELETE","/api/v1/backend-modules/M179/${id}","TEMPLATE_ID_PARAMETER","/api/v1/backend-modules/M179/:param"
"C:\Users\DIYA GOEL\Downloads\EBDESIGN\frontend\src\modules\M298\M298Page.jsx","fetch","GET","/api/m298?${params}","TEMPLATE_INTERPOLATION","/api/m298"
"C:\Users\DIYA GOEL\Downloads\EBDESIGN\frontend\src\pages\modules\M244\M244.jsx","fetch","DELETE","/api/v1/backend-modules/M244/${id}","TEMPLATE_ID_PARAMETER","/api/v1/backend-modules/M244/:param"
"C:\Users\DIYA GOEL\Downloads\EBDESIGN\frontend\src\modules\M233\M233Page.jsx","fetch","GET","/api/m233?${params}","TEMPLATE_INTERPOLATION","/api/m233"
"C:\Users\DIYA GOEL\Downloads\EBDESIGN\frontend\src\services\api.js","api","POST","/load-tests/${id}/run","TEMPLATE_ID_PARAMETER","/load-tests/:param/run"
"C:\Users\DIYA GOEL\Downloads\EBDESIGN\frontend\src\services\api.js","api","PUT","/farm-activity/activity/${id}","TEMPLATE_ID_PARAMETER","/farm-activity/activity/:param"
"C:\Users\DIYA GOEL\Downloads\EBDESIGN\frontend\src\services\api.js","api","POST","/complete-ai-integration/optimize-farmer-resources/${farmerId}","TEMPLATE_ID_PARAMETER","/complete-ai-integration/optimize-farmer-resources/:param"
"C:\Users\DIYA GOEL\Downloads\EBDESIGN\frontend\src\services\api.js","api","PUT","/engineering-project/project/${id}/phase","TEMPLATE_ID_PARAMETER","/engineering-project/project/:param/phase"
"C:\Users\DIYA GOEL\Downloads\EBDESIGN\frontend\src\pages\modules\M166\M166.jsx","fetch","DELETE","/api/v1/backend-modules/M166/${id}","TEMPLATE_ID_PARAMETER","/api/v1/backend-modules/M166/:param"
"C:\Users\DIYA GOEL\Downloads\EBDESIGN\frontend\src\modules\M327\M327Page.jsx","fetch","GET","/api/m327?${params}","TEMPLATE_INTERPOLATION","/api/m327"
"C:\Users\DIYA GOEL\Downloads\EBDESIGN\frontend\src\modules\M257\M257Page.jsx","fetch","GET","/api/m257/search?q=${encodeURIComponent(searchQuery)}","TEMPLATE_INTERPOLATION","/api/m257/search"
"C:\Users\DIYA GOEL\Downloads\EBDESIGN\frontend\src\modules\M237\M237Page.jsx","fetch","DELETE","/api/m237/${id}","TEMPLATE_ID_PARAMETER","/api/m237/:param"
"C:\Users\DIYA GOEL\Downloads\EBDESIGN\frontend\src\modules\M262\M262Page.jsx","fetch","GET","/api/m262?${params}","TEMPLATE_INTERPOLATION","/api/m262"
"C:\Users\DIYA GOEL\Downloads\EBDESIGN\frontend\src\services\api.js","api","PUT","/poultry/${id}","TEMPLATE_ID_PARAMETER","/poultry/:param"
"C:\Users\DIYA GOEL\Downloads\EBDESIGN\frontend\src\services\vendorProcurementService.js","api","POST","/vendor-procurement/vendors/${vendorId}/performance","TEMPLATE_ID_PARAMETER","/vendor-procurement/vendors/:param/performance"
"C:\Users\DIYA GOEL\Downloads\EBDESIGN\frontend\src\pages\modules\M222\M222.jsx","fetch","DELETE","/api/v1/backend-modules/M222/${id}","TEMPLATE_ID_PARAMETER","/api/v1/backend-modules/M222/:param"
"C:\Users\DIYA GOEL\Downloads\EBDESIGN\frontend\src\modules\M134\M134Page.jsx","fetch","DELETE","/api/m134/${id}","TEMPLATE_ID_PARAMETER","/api/m134/:param"
"C:\Users\DIYA GOEL\Downloads\EBDESIGN\frontend\src\modules\M235\M235Page.jsx","fetch","DELETE","/api/m235/${id}","TEMPLATE_ID_PARAMETER","/api/m235/:param"
"C:\Users\DIYA GOEL\Downloads\EBDESIGN\frontend\src\modules\M313\M313Page.jsx","fetch","GET","/api/m313?${params}","TEMPLATE_INTERPOLATION","/api/m313"
"C:\Users\DIYA GOEL\Downloads\EBDESIGN\frontend\src\modules\M124\M124Page.jsx","fetch","DELETE","/api/m124/${id}","TEMPLATE_ID_PARAMETER","/api/m124/:param"
"C:\Users\DIYA GOEL\Downloads\EBDESIGN\frontend\src\services\api.js","api","POST","/timeline/${entity}/${id}","TEMPLATE_ID_PARAMETER","/timeline/:param/:param"
"C:\Users\DIYA GOEL\Downloads\EBDESIGN\frontend\src\pages\modules\M74\M74.jsx","fetch","DELETE","/api/v1/backend-modules/M074/${id}","TEMPLATE_ID_PARAMETER","/api/v1/backend-modules/M074/:param"
"C:\Users\DIYA GOEL\Downloads\EBDESIGN\frontend\src\services\api.js","api","POST","/cold-storage/facility/${facilityId}/book","TEMPLATE_ID_PARAMETER","/cold-storage/facility/:param/book"
"C:\Users\DIYA GOEL\Downloads\EBDESIGN\frontend\src\services\api.js","api","PUT","/fish-health/record/${id}","TEMPLATE_ID_PARAMETER","/fish-health/record/:param"
"C:\Users\DIYA GOEL\Downloads\EBDESIGN\frontend\src\services\operationsApi.js","api","GET","/financial/advances/farmer/${farmerId}","TEMPLATE_ID_PARAMETER","/financial/advances/farmer/:param"
"C:\Users\DIYA GOEL\Downloads\EBDESIGN\frontend\src\modules\M210\M210Page.jsx","fetch","GET","/api/m210/search?q=${encodeURIComponent(searchQuery)}","TEMPLATE_INTERPOLATION","/api/m210/search"
"C:\Users\DIYA GOEL\Downloads\EBDESIGN\frontend\src\services\api.js","api","PUT","/oxygen-generator/${id}","TEMPLATE_ID_PARAMETER","/oxygen-generator/:param"
"C:\Users\DIYA GOEL\Downloads\EBDESIGN\frontend\src\services\api.js","api","GET","/cooperatives/${id}","TEMPLATE_ID_PARAMETER","/cooperatives/:param"
"C:\Users\DIYA GOEL\Downloads\EBDESIGN\frontend\src\modules\M111\M111Page.jsx","fetch","GET","/api/m111?${params}","TEMPLATE_INTERPOLATION","/api/m111"
"C:\Users\DIYA GOEL\Downloads\EBDESIGN\frontend\src\modules\M337\M337Page.jsx","fetch","DELETE","/api/m337/${id}","TEMPLATE_ID_PARAMETER","/api/m337/:param"
"C:\Users\DIYA GOEL\Downloads\EBDESIGN\frontend\src\services\api.js","api","GET","/consortiums/${id}","TEMPLATE_ID_PARAMETER","/consortiums/:param"
"C:\Users\DIYA GOEL\Downloads\EBDESIGN\frontend\src\modules\M143\M143Page.jsx","fetch","GET","/api/m143/search?q=${encodeURIComponent(searchQuery)}","TEMPLATE_INTERPOLATION","/api/m143/search"
"C:\Users\DIYA GOEL\Downloads\EBDESIGN\frontend\src\pages\modules\M77\M77.jsx","fetch","DELETE","/api/v1/backend-modules/M077/${id}","TEMPLATE_ID_PARAMETER","/api/v1/backend-modules/M077/:param"
"C:\Users\DIYA GOEL\Downloads\EBDESIGN\frontend\src\pages\modules\M130\M130.jsx","fetch","DELETE","/api/v1/backend-modules/M130/${id}","TEMPLATE_ID_PARAMETER","/api/v1/backend-modules/M130/:param"
"C:\Users\DIYA GOEL\Downloads\EBDESIGN\frontend\src\pages\modules\M122\M122.jsx","fetch","DELETE","/api/v1/backend-modules/M122/${id}","TEMPLATE_ID_PARAMETER","/api/v1/backend-modules/M122/:param"
"C:\Users\DIYA GOEL\Downloads\EBDESIGN\frontend\src\modules\M075\M075Page.jsx","fetch","GET","/api/m075/search?q=${encodeURIComponent(searchQuery)}","TEMPLATE_INTERPOLATION","/api/m075/search"
"C:\Users\DIYA GOEL\Downloads\EBDESIGN\frontend\src\modules\M336\M336Page.jsx","fetch","GET","/api/m336?${params}","TEMPLATE_INTERPOLATION","/api/m336"
"C:\Users\DIYA GOEL\Downloads\EBDESIGN\frontend\src\services\api.js","api","PUT","/linkerd-configs/${id}","TEMPLATE_ID_PARAMETER","/linkerd-configs/:param"
"C:\Users\DIYA GOEL\Downloads\EBDESIGN\frontend\src\services\commerceApi.js","api","PUT","/products/${id}","TEMPLATE_ID_PARAMETER","/products/:param"
"C:\Users\DIYA GOEL\Downloads\EBDESIGN\frontend\src\pages\modules\M171\M171.jsx","fetch","DELETE","/api/v1/backend-modules/M171/${id}","TEMPLATE_ID_PARAMETER","/api/v1/backend-modules/M171/:param"
"C:\Users\DIYA GOEL\Downloads\EBDESIGN\frontend\src\services\api.js","api","POST","/escalations/${id}","TEMPLATE_ID_PARAMETER","/escalations/:param"
"C:\Users\DIYA GOEL\Downloads\EBDESIGN\frontend\src\modules\M179\M179Page.jsx","fetch","DELETE","/api/m179/${id}","TEMPLATE_ID_PARAMETER","/api/m179/:param"
"C:\Users\DIYA GOEL\Downloads\EBDESIGN\frontend\src\modules\M341\M341Page.jsx","fetch","GET","/api/m341?${params}","TEMPLATE_INTERPOLATION","/api/m341"
"C:\Users\DIYA GOEL\Downloads\EBDESIGN\frontend\src\pages\modules\M48\M48.jsx","fetch","DELETE","/api/v1/backend-modules/M048/${id}","TEMPLATE_ID_PARAMETER","/api/v1/backend-modules/M048/:param"
"C:\Users\DIYA GOEL\Downloads\EBDESIGN\frontend\src\modules\M066\M066Page.jsx","fetch","DELETE","/api/m066/${id}","TEMPLATE_ID_PARAMETER","/api/m066/:param"
"C:\Users\DIYA GOEL\Downloads\EBDESIGN\frontend\src\pages\modules\M342\M342.jsx","fetch","DELETE","/api/v1/backend-modules/M342/${id}","TEMPLATE_ID_PARAMETER","/api/v1/backend-modules/M342/:param"
"C:\Users\DIYA GOEL\Downloads\EBDESIGN\frontend\src\pages\modules\M145\M145.jsx","fetch","DELETE","/api/v1/backend-modules/M145/${id}","TEMPLATE_ID_PARAMETER","/api/v1/backend-modules/M145/:param"
"C:\Users\DIYA GOEL\Downloads\EBDESIGN\frontend\src\modules\M155\M155Page.jsx","fetch","DELETE","/api/m155/${id}","TEMPLATE_ID_PARAMETER","/api/m155/:param"
"C:\Users\DIYA GOEL\Downloads\EBDESIGN\frontend\src\modules\M073\M073Page.jsx","fetch","GET","/api/m073?${params}","TEMPLATE_INTERPOLATION","/api/m073"
"C:\Users\DIYA GOEL\Downloads\EBDESIGN\frontend\src\modules\M254\M254Page.jsx","fetch","GET","/api/m254?${params}","TEMPLATE_INTERPOLATION","/api/m254"
"C:\Users\DIYA GOEL\Downloads\EBDESIGN\frontend\src\services\api.js","api","GET","/cooperative-share/distributions/${fpoId}","TEMPLATE_ID_PARAMETER","/cooperative-share/distributions/:param"
"C:\Users\DIYA GOEL\Downloads\EBDESIGN\frontend\src\services\api.js","api","POST","/ai/product-media-ai/products/${productId}/image","TEMPLATE_ID_PARAMETER","/ai/product-media-ai/products/:param/image"
"C:\Users\DIYA GOEL\Downloads\EBDESIGN\frontend\src\modules\M156\M156Page.jsx","fetch","GET","/api/m156/search?q=${encodeURIComponent(searchQuery)}","TEMPLATE_INTERPOLATION","/api/m156/search"
"C:\Users\DIYA GOEL\Downloads\EBDESIGN\frontend\src\pages\modules\M172\M172.jsx","fetch","DELETE","/api/v1/backend-modules/M172/${id}","TEMPLATE_ID_PARAMETER","/api/v1/backend-modules/M172/:param"
"C:\Users\DIYA GOEL\Downloads\EBDESIGN\frontend\src\modules\M148\M148Page.jsx","fetch","GET","/api/m148/search?q=${encodeURIComponent(searchQuery)}","TEMPLATE_INTERPOLATION","/api/m148/search"
"C:\Users\DIYA GOEL\Downloads\EBDESIGN\frontend\src\modules\M084\M084Page.jsx","fetch","GET","/api/m084/search?q=${encodeURIComponent(searchQuery)}","TEMPLATE_INTERPOLATION","/api/m084/search"
"C:\Users\DIYA GOEL\Downloads\EBDESIGN\frontend\src\modules\M254\M254Page.jsx","fetch","DELETE","/api/m254/${id}","TEMPLATE_ID_PARAMETER","/api/m254/:param"
"C:\Users\DIYA GOEL\Downloads\EBDESIGN\frontend\src\pages\modules\M94\M94.jsx","fetch","DELETE","/api/v1/backend-modules/M094/${id}","TEMPLATE_ID_PARAMETER","/api/v1/backend-modules/M094/:param"
"C:\Users\DIYA GOEL\Downloads\EBDESIGN\frontend\src\pages\modules\M316\M316.jsx","fetch","DELETE","/api/v1/backend-modules/M316/${id}","TEMPLATE_ID_PARAMETER","/api/v1/backend-modules/M316/:param"
"C:\Users\DIYA GOEL\Downloads\EBDESIGN\frontend\src\modules\M219\M219Page.jsx","fetch","GET","/api/m219/search?q=${encodeURIComponent(searchQuery)}","TEMPLATE_INTERPOLATION","/api/m219/search"
"C:\Users\DIYA GOEL\Downloads\EBDESIGN\frontend\src\services\api.js","api","DELETE","/images/${id}","TEMPLATE_ID_PARAMETER","/images/:param"
"C:\Users\DIYA GOEL\Downloads\EBDESIGN\frontend\src\modules\M183\M183Page.jsx","fetch","GET","/api/m183/search?q=${encodeURIComponent(searchQuery)}","TEMPLATE_INTERPOLATION","/api/m183/search"
"C:\Users\DIYA GOEL\Downloads\EBDESIGN\frontend\src\modules\M035\M035Page.jsx","fetch","GET","/api/m035/search?q=${encodeURIComponent(searchQuery)}","TEMPLATE_INTERPOLATION","/api/m035/search"
"C:\Users\DIYA GOEL\Downloads\EBDESIGN\frontend\src\pages\modules\M275\M275.jsx","fetch","DELETE","/api/v1/backend-modules/M275/${id}","TEMPLATE_ID_PARAMETER","/api/v1/backend-modules/M275/:param"
"C:\Users\DIYA GOEL\Downloads\EBDESIGN\frontend\src\modules\M313\M313Page.jsx","fetch","DELETE","/api/m313/${id}","TEMPLATE_ID_PARAMETER","/api/m313/:param"
"C:\Users\DIYA GOEL\Downloads\EBDESIGN\frontend\src\modules\M271\M271Page.jsx","fetch","GET","/api/m271?${params}","TEMPLATE_INTERPOLATION","/api/m271"
"C:\Users\DIYA GOEL\Downloads\EBDESIGN\frontend\src\modules\M069\M069Page.jsx","fetch","GET","/api/m069/search?q=${encodeURIComponent(searchQuery)}","TEMPLATE_INTERPOLATION","/api/m069/search"
"C:\Users\DIYA GOEL\Downloads\EBDESIGN\frontend\src\services\api.js","api","POST","/peers/${id}/connect","TEMPLATE_ID_PARAMETER","/peers/:param/connect"
"C:\Users\DIYA GOEL\Downloads\EBDESIGN\frontend\src\pages\modules\M187\M187.jsx","fetch","DELETE","/api/v1/backend-modules/M187/${id}","TEMPLATE_ID_PARAMETER","/api/v1/backend-modules/M187/:param"
"C:\Users\DIYA GOEL\Downloads\EBDESIGN\frontend\src\pages\modules\M251\M251.jsx","fetch","DELETE","/api/v1/backend-modules/M251/${id}","TEMPLATE_ID_PARAMETER","/api/v1/backend-modules/M251/:param"
"C:\Users\DIYA GOEL\Downloads\EBDESIGN\frontend\src\modules\M197\M197Page.jsx","fetch","GET","/api/m197/search?q=${encodeURIComponent(searchQuery)}","TEMPLATE_INTERPOLATION","/api/m197/search"
"C:\Users\DIYA GOEL\Downloads\EBDESIGN\frontend\src\services\api.js","api","GET","/cost-control/budgets/${companyId}","TEMPLATE_ID_PARAMETER","/cost-control/budgets/:param"
"C:\Users\DIYA GOEL\Downloads\EBDESIGN\frontend\src\modules\M092\M092Page.jsx","fetch","GET","/api/m092/search?q=${encodeURIComponent(searchQuery)}","TEMPLATE_INTERPOLATION","/api/m092/search"
"C:\Users\DIYA GOEL\Downloads\EBDESIGN\frontend\src\modules\M304\M304Page.jsx","fetch","DELETE","/api/m304/${id}","TEMPLATE_ID_PARAMETER","/api/m304/:param"
"C:\Users\DIYA GOEL\Downloads\EBDESIGN\frontend\src\modules\M270\M270Page.jsx","fetch","DELETE","/api/m270/${id}","TEMPLATE_ID_PARAMETER","/api/m270/:param"
"C:\Users\DIYA GOEL\Downloads\EBDESIGN\frontend\src\services\api.js","api","PUT","/layout-manager/${id}","TEMPLATE_ID_PARAMETER","/layout-manager/:param"
"C:\Users\DIYA GOEL\Downloads\EBDESIGN\frontend\src\modules\M048\M048Page.jsx","fetch","DELETE","/api/m048/${id}","TEMPLATE_ID_PARAMETER","/api/m048/:param"
"C:\Users\DIYA GOEL\Downloads\EBDESIGN\frontend\src\services\api.js","api","GET","/history/${entity}/${id}/${version}","TEMPLATE_ID_PARAMETER","/history/:param/:param/:param"
"C:\Users\DIYA GOEL\Downloads\EBDESIGN\frontend\src\modules\M069\M069Page.jsx","fetch","GET","/api/m069?${params}","TEMPLATE_INTERPOLATION","/api/m069"
"C:\Users\DIYA GOEL\Downloads\EBDESIGN\frontend\src\pages\modules\M140\M140.jsx","fetch","DELETE","/api/v1/backend-modules/M140/${id}","TEMPLATE_ID_PARAMETER","/api/v1/backend-modules/M140/:param"
"C:\Users\DIYA GOEL\Downloads\EBDESIGN\frontend\src\pages\modules\M73\M73.jsx","fetch","DELETE","/api/v1/backend-modules/M073/${id}","TEMPLATE_ID_PARAMETER","/api/v1/backend-modules/M073/:param"
"C:\Users\DIYA GOEL\Downloads\EBDESIGN\frontend\src\modules\M324\M324Page.jsx","fetch","GET","/api/m324/search?q=${encodeURIComponent(searchQuery)}","TEMPLATE_INTERPOLATION","/api/m324/search"
"C:\Users\DIYA GOEL\Downloads\EBDESIGN\frontend\src\services\api.js","api","GET","/clusters/${id}","TEMPLATE_ID_PARAMETER","/clusters/:param"
"C:\Users\DIYA GOEL\Downloads\EBDESIGN\frontend\src\modules\M088\M088Page.jsx","fetch","GET","/api/m088/search?q=${encodeURIComponent(searchQuery)}","TEMPLATE_INTERPOLATION","/api/m088/search"
"C:\Users\DIYA GOEL\Downloads\EBDESIGN\frontend\src\pages\modules\M221\M221.jsx","fetch","DELETE","/api/v1/backend-modules/M221/${id}","TEMPLATE_ID_PARAMETER","/api/v1/backend-modules/M221/:param"
"C:\Users\DIYA GOEL\Downloads\EBDESIGN\frontend\src\pages\modules\M60\M60.jsx","fetch","DELETE","/api/v1/backend-modules/M060/${id}","TEMPLATE_ID_PARAMETER","/api/v1/backend-modules/M060/:param"
"C:\Users\DIYA GOEL\Downloads\EBDESIGN\frontend\src\modules\M325\M325Page.jsx","fetch","GET","/api/m325/search?q=${encodeURIComponent(searchQuery)}","TEMPLATE_INTERPOLATION","/api/m325/search"
"C:\Users\DIYA GOEL\Downloads\EBDESIGN\frontend\src\services\api.js","api","DELETE","/farm-costing/records/${id}","TEMPLATE_ID_PARAMETER","/farm-costing/records/:param"
"C:\Users\DIYA GOEL\Downloads\EBDESIGN\frontend\src\modules\M337\M337Page.jsx","fetch","GET","/api/m337?${params}","TEMPLATE_INTERPOLATION","/api/m337"
"C:\Users\DIYA GOEL\Downloads\EBDESIGN\frontend\src\pages\modules\M300\M300.jsx","fetch","DELETE","/api/v1/backend-modules/M300/${id}","TEMPLATE_ID_PARAMETER","/api/v1/backend-modules/M300/:param"
"C:\Users\DIYA GOEL\Downloads\EBDESIGN\frontend\src\modules\M157\M157Page.jsx","fetch","GET","/api/m157?${params}","TEMPLATE_INTERPOLATION","/api/m157"
"C:\Users\DIYA GOEL\Downloads\EBDESIGN\frontend\src\modules\M139\M139Page.jsx","fetch","DELETE","/api/m139/${id}","TEMPLATE_ID_PARAMETER","/api/m139/:param"
"C:\Users\DIYA GOEL\Downloads\EBDESIGN\frontend\src\modules\M332\M332Page.jsx","fetch","GET","/api/m332?${params}","TEMPLATE_INTERPOLATION","/api/m332"
"C:\Users\DIYA GOEL\Downloads\EBDESIGN\frontend\src\components\AI\AIDashboard.jsx","fetch","GET","/api/ai/stats/${farmerId}","TEMPLATE_ID_PARAMETER","/api/ai/stats/:param"
"C:\Users\DIYA GOEL\Downloads\EBDESIGN\frontend\src\services\api.js","api","PUT","/sap-module-architecture/${id}","TEMPLATE_ID_PARAMETER","/sap-module-architecture/:param"
"C:\Users\DIYA GOEL\Downloads\EBDESIGN\frontend\src\services\api.js","api","POST","/sap-module-architecture/module/${id}/transition","TEMPLATE_ID_PARAMETER","/sap-module-architecture/module/:param/transition"
"C:\Users\DIYA GOEL\Downloads\EBDESIGN\frontend\src\services\api.js","api","GET","/sap-module-architecture/modules/by-type/${type}","TEMPLATE_INTERPOLATION","/sap-module-architecture/modules/by-type/:param"
"C:\Users\DIYA GOEL\Downloads\EBDESIGN\frontend\src\modules\M297\M297Page.jsx","fetch","GET","/api/m297?${params}","TEMPLATE_INTERPOLATION","/api/m297"
"C:\Users\DIYA GOEL\Downloads\EBDESIGN\frontend\src\services\api.js","api","GET","/ecommerce-ai/forecast-demand/${productId}","TEMPLATE_ID_PARAMETER","/ecommerce-ai/forecast-demand/:param"
"C:\Users\DIYA GOEL\Downloads\EBDESIGN\frontend\src\services\api.js","api","POST","/consents/${id}","TEMPLATE_ID_PARAMETER","/consents/:param"
"C:\Users\DIYA GOEL\Downloads\EBDESIGN\frontend\src\services\commerceApi.js","api","GET","/product-reviews/products/${productId}","TEMPLATE_ID_PARAMETER","/product-reviews/products/:param"
"C:\Users\DIYA GOEL\Downloads\EBDESIGN\frontend\src\pages\modules\M33\M33.jsx","fetch","DELETE","/api/v1/backend-modules/M033/${id}","TEMPLATE_ID_PARAMETER","/api/v1/backend-modules/M033/:param"
"C:\Users\DIYA GOEL\Downloads\EBDESIGN\frontend\src\services\api.js","api","POST","/signoffs/${id}","TEMPLATE_ID_PARAMETER","/signoffs/:param"
"C:\Users\DIYA GOEL\Downloads\EBDESIGN\frontend\src\services\api.js","api","PUT","/contractor-management/contractor/${id}","TEMPLATE_ID_PARAMETER","/contractor-management/contractor/:param"
"C:\Users\DIYA GOEL\Downloads\EBDESIGN\frontend\src\services\api.js","api","POST","/enterprise-control/emergency/incidents/${incidentCode}/acknowledge","TEMPLATE_ID_PARAMETER","/enterprise-control/emergency/incidents/:param/acknowledge"
"C:\Users\DIYA GOEL\Downloads\EBDESIGN\frontend\src\modules\M131\M131Page.jsx","fetch","GET","/api/m131?${params}","TEMPLATE_INTERPOLATION","/api/m131"
"C:\Users\DIYA GOEL\Downloads\EBDESIGN\frontend\src\services\api.js","api","GET","/affiliates/${id}","TEMPLATE_ID_PARAMETER","/affiliates/:param"
"C:\Users\DIYA GOEL\Downloads\EBDESIGN\frontend\src\modules\M150\M150Page.jsx","fetch","DELETE","/api/m150/${id}","TEMPLATE_ID_PARAMETER","/api/m150/:param"
"C:\Users\DIYA GOEL\Downloads\EBDESIGN\frontend\src\modules\M132\M132Page.jsx","fetch","GET","/api/m132/search?q=${encodeURIComponent(searchQuery)}","TEMPLATE_INTERPOLATION","/api/m132/search"
"C:\Users\DIYA GOEL\Downloads\EBDESIGN\frontend\src\services\api.js","api","DELETE","/organic-input/item/${id}","TEMPLATE_ID_PARAMETER","/organic-input/item/:param"
"C:\Users\DIYA GOEL\Downloads\EBDESIGN\frontend\src\modules\M189\M189Page.jsx","fetch","GET","/api/m189/search?q=${encodeURIComponent(searchQuery)}","TEMPLATE_INTERPOLATION","/api/m189/search"
"C:\Users\DIYA GOEL\Downloads\EBDESIGN\frontend\src\modules\M263\M263Page.jsx","fetch","GET","/api/m263/search?q=${encodeURIComponent(searchQuery)}","TEMPLATE_INTERPOLATION","/api/m263/search"
"C:\Users\DIYA GOEL\Downloads\EBDESIGN\frontend\src\services\api.js","api","DELETE","/crop-varieties/${id}","TEMPLATE_ID_PARAMETER","/crop-varieties/:param"
"C:\Users\DIYA GOEL\Downloads\EBDESIGN\frontend\src\pages\modules\M199\M199.jsx","fetch","DELETE","/api/v1/backend-modules/M199/${id}","TEMPLATE_ID_PARAMETER","/api/v1/backend-modules/M199/:param"
"C:\Users\DIYA GOEL\Downloads\EBDESIGN\frontend\src\modules\M117\M117Page.jsx","fetch","DELETE","/api/m117/${id}","TEMPLATE_ID_PARAMETER","/api/m117/:param"
"C:\Users\DIYA GOEL\Downloads\EBDESIGN\frontend\src\pages\modules\M278\M278.jsx","fetch","DELETE","/api/v1/backend-modules/M278/${id}","TEMPLATE_ID_PARAMETER","/api/v1/backend-modules/M278/:param"
"C:\Users\DIYA GOEL\Downloads\EBDESIGN\frontend\src\services\api.js","api","POST","/comprehensive-erp/make-usage-decision/${id}","TEMPLATE_ID_PARAMETER","/comprehensive-erp/make-usage-decision/:param"
"C:\Users\DIYA GOEL\Downloads\EBDESIGN\frontend\src\modules\M054\M054Page.jsx","fetch","GET","/api/m054?${params}","TEMPLATE_INTERPOLATION","/api/m054"
"C:\Users\DIYA GOEL\Downloads\EBDESIGN\frontend\src\modules\M056\M056Page.jsx","fetch","GET","/api/m056/search?q=${encodeURIComponent(searchQuery)}","TEMPLATE_INTERPOLATION","/api/m056/search"
"C:\Users\DIYA GOEL\Downloads\EBDESIGN\frontend\src\pages\modules\M85\M85.jsx","fetch","DELETE","/api/v1/backend-modules/M085/${id}","TEMPLATE_ID_PARAMETER","/api/v1/backend-modules/M085/:param"
"C:\Users\DIYA GOEL\Downloads\EBDESIGN\frontend\src\services\api.js","api","DELETE","/seed-vault/${seedId}","TEMPLATE_ID_PARAMETER","/seed-vault/:param"
"C:\Users\DIYA GOEL\Downloads\EBDESIGN\frontend\src\services\api.js","api","GET","/cold-storage/compliance-status/${facilityId}","TEMPLATE_ID_PARAMETER","/cold-storage/compliance-status/:param"
"C:\Users\DIYA GOEL\Downloads\EBDESIGN\frontend\src\modules\M151\M151Page.jsx","fetch","DELETE","/api/m151/${id}","TEMPLATE_ID_PARAMETER","/api/m151/:param"
"C:\Users\DIYA GOEL\Downloads\EBDESIGN\frontend\src\services\api.js","api","GET","/event-calendar/${id}","TEMPLATE_ID_PARAMETER","/event-calendar/:param"
"C:\Users\DIYA GOEL\Downloads\EBDESIGN\frontend\src\modules\M153\M153Page.jsx","fetch","GET","/api/m153/search?q=${encodeURIComponent(searchQuery)}","TEMPLATE_INTERPOLATION","/api/m153/search"
"C:\Users\DIYA GOEL\Downloads\EBDESIGN\frontend\src\services\api.js","api","DELETE","/fish-health/record/${id}","TEMPLATE_ID_PARAMETER","/fish-health/record/:param"
"C:\Users\DIYA GOEL\Downloads\EBDESIGN\frontend\src\services\api.js","api","GET","/faqs/${id}","TEMPLATE_ID_PARAMETER","/faqs/:param"
"C:\Users\DIYA GOEL\Downloads\EBDESIGN\frontend\src\services\api.js","api","GET","/farmers/${farmerId}/harvest-plans","TEMPLATE_ID_PARAMETER","/farmers/:param/harvest-plans"
"C:\Users\DIYA GOEL\Downloads\EBDESIGN\frontend\src\pages\modules\M123\M123.jsx","fetch","DELETE","/api/v1/backend-modules/M123/${id}","TEMPLATE_ID_PARAMETER","/api/v1/backend-modules/M123/:param"
"C:\Users\DIYA GOEL\Downloads\EBDESIGN\frontend\src\services\artificialScientistAPI.js","api","POST","${base}/experiments","TEMPLATE_INTERPOLATION","/:param/experiments"
"C:\Users\DIYA GOEL\Downloads\EBDESIGN\frontend\src\services\api.js","api","DELETE","/goat-farming/animal/${id}","TEMPLATE_ID_PARAMETER","/goat-farming/animal/:param"
"C:\Users\DIYA GOEL\Downloads\EBDESIGN\frontend\src\services\api.js","api","GET","/components/${id}","TEMPLATE_ID_PARAMETER","/components/:param"
"C:\Users\DIYA GOEL\Downloads\EBDESIGN\frontend\src\pages\modules\M107\M107.jsx","fetch","DELETE","/api/v1/backend-modules/M107/${id}","TEMPLATE_ID_PARAMETER","/api/v1/backend-modules/M107/:param"
"C:\Users\DIYA GOEL\Downloads\EBDESIGN\frontend\src\services\api.js","api","DELETE","/animal-health/quarantine/${id}","TEMPLATE_ID_PARAMETER","/animal-health/quarantine/:param"
"C:\Users\DIYA GOEL\Downloads\EBDESIGN\frontend\src\services\api.js","api","GET","/farmers/${id}/dashboard","TEMPLATE_ID_PARAMETER","/farmers/:param/dashboard"
"C:\Users\DIYA GOEL\Downloads\EBDESIGN\frontend\src\modules\M083\M083Page.jsx","fetch","GET","/api/m083?${params}","TEMPLATE_INTERPOLATION","/api/m083"
"C:\Users\DIYA GOEL\Downloads\EBDESIGN\frontend\src\modules\M235\M235Page.jsx","fetch","GET","/api/m235/search?q=${encodeURIComponent(searchQuery)}","TEMPLATE_INTERPOLATION","/api/m235/search"
"C:\Users\DIYA GOEL\Downloads\EBDESIGN\frontend\src\modules\M311\M311Page.jsx","fetch","GET","/api/m311?${params}","TEMPLATE_INTERPOLATION","/api/m311"
"C:\Users\DIYA GOEL\Downloads\EBDESIGN\frontend\src\modules\M122\M122Page.jsx","fetch","GET","/api/m122/search?q=${encodeURIComponent(searchQuery)}","TEMPLATE_INTERPOLATION","/api/m122/search"
"C:\Users\DIYA GOEL\Downloads\EBDESIGN\frontend\src\services\api.js","api","POST","/government-schemes/${id}/apply","TEMPLATE_ID_PARAMETER","/government-schemes/:param/apply"
"C:\Users\DIYA GOEL\Downloads\EBDESIGN\frontend\src\modules\M220\M220Page.jsx","fetch","DELETE","/api/m220/${id}","TEMPLATE_ID_PARAMETER","/api/m220/:param"
"C:\Users\DIYA GOEL\Downloads\EBDESIGN\frontend\src\pages\modules\M328\M328.jsx","fetch","DELETE","/api/v1/backend-modules/M328/${id}","TEMPLATE_ID_PARAMETER","/api/v1/backend-modules/M328/:param"
"C:\Users\DIYA GOEL\Downloads\EBDESIGN\frontend\src\modules\M214\M214Page.jsx","fetch","GET","/api/m214/search?q=${encodeURIComponent(searchQuery)}","TEMPLATE_INTERPOLATION","/api/m214/search"
"C:\Users\DIYA GOEL\Downloads\EBDESIGN\frontend\src\services\api.js","api","GET","/company/${id}","TEMPLATE_ID_PARAMETER","/company/:param"
"C:\Users\DIYA GOEL\Downloads\EBDESIGN\frontend\src\modules\M160\M160Page.jsx","fetch","GET","/api/m160/search?q=${encodeURIComponent(searchQuery)}","TEMPLATE_INTERPOLATION","/api/m160/search"
"C:\Users\DIYA GOEL\Downloads\EBDESIGN\frontend\src\modules\M217\M217Page.jsx","fetch","DELETE","/api/m217/${id}","TEMPLATE_ID_PARAMETER","/api/m217/:param"
"C:\Users\DIYA GOEL\Downloads\EBDESIGN\frontend\src\modules\M049\M049Page.jsx","fetch","GET","/api/m049?${params}","TEMPLATE_INTERPOLATION","/api/m049"
"C:\Users\DIYA GOEL\Downloads\EBDESIGN\frontend\src\services\api.js","api","PUT","/rate-limits/${id}","TEMPLATE_ID_PARAMETER","/rate-limits/:param"
"C:\Users\DIYA GOEL\Downloads\EBDESIGN\frontend\src\modules\M067\M067Page.jsx","fetch","GET","/api/m067?${params}","TEMPLATE_INTERPOLATION","/api/m067"
"C:\Users\DIYA GOEL\Downloads\EBDESIGN\frontend\src\modules\M211\M211Page.jsx","fetch","GET","/api/m211?${params}","TEMPLATE_INTERPOLATION","/api/m211"
"C:\Users\DIYA GOEL\Downloads\EBDESIGN\frontend\src\services\api.js","api","GET","/warehouses/${id}/stock","TEMPLATE_ID_PARAMETER","/warehouses/:param/stock"
"C:\Users\DIYA GOEL\Downloads\EBDESIGN\frontend\src\services\marketplaceService.js","api","GET","/marketplace/listings/${listingId}","TEMPLATE_ID_PARAMETER","/marketplace/listings/:param"
"C:\Users\DIYA GOEL\Downloads\EBDESIGN\frontend\src\services\api.js","api","GET","/farmer/${id}","TEMPLATE_ID_PARAMETER","/farmer/:param"
"C:\Users\DIYA GOEL\Downloads\EBDESIGN\frontend\src\pages\modules\M178\M178.jsx","fetch","DELETE","/api/v1/backend-modules/M178/${id}","TEMPLATE_ID_PARAMETER","/api/v1/backend-modules/M178/:param"
"C:\Users\DIYA GOEL\Downloads\EBDESIGN\frontend\src\services\api.js","api","DELETE","/equipment-scheduling/schedule/${id}","TEMPLATE_ID_PARAMETER","/equipment-scheduling/schedule/:param"
"C:\Users\DIYA GOEL\Downloads\EBDESIGN\frontend\src\modules\M016\M016Page.jsx","api","GET","/modules/m016/identities/${userId}","TEMPLATE_ID_PARAMETER","/modules/m016/identities/:param"
"C:\Users\DIYA GOEL\Downloads\EBDESIGN\frontend\src\modules\M215\M215Page.jsx","fetch","GET","/api/m215?${params}","TEMPLATE_INTERPOLATION","/api/m215"
"C:\Users\DIYA GOEL\Downloads\EBDESIGN\frontend\src\services\api.js","api","GET","/enterprise-control/clients/${id}/health","TEMPLATE_ID_PARAMETER","/enterprise-control/clients/:param/health"
"C:\Users\DIYA GOEL\Downloads\EBDESIGN\frontend\src\pages\modules\M224\M224.jsx","fetch","DELETE","/api/v1/backend-modules/M224/${id}","TEMPLATE_ID_PARAMETER","/api/v1/backend-modules/M224/:param"
"C:\Users\DIYA GOEL\Downloads\EBDESIGN\frontend\src\services\artificialScientistAPI.js","api","POST","${base}/experiments/${id}/runs","TEMPLATE_ID_PARAMETER","/:param/experiments/:param/runs"
"C:\Users\DIYA GOEL\Downloads\EBDESIGN\frontend\src\services\api.js","api","POST","/compliance-checks/${id}/run","TEMPLATE_ID_PARAMETER","/compliance-checks/:param/run"
"C:\Users\DIYA GOEL\Downloads\EBDESIGN\frontend\src\pages\modules\M79\M79.jsx","fetch","DELETE","/api/v1/backend-modules/M079/${id}","TEMPLATE_ID_PARAMETER","/api/v1/backend-modules/M079/:param"
"C:\Users\DIYA GOEL\Downloads\EBDESIGN\frontend\src\services\api.js","api","GET","/federations/${id}","TEMPLATE_ID_PARAMETER","/federations/:param"
"C:\Users\DIYA GOEL\Downloads\EBDESIGN\frontend\src\pages\modules\M99\M99.jsx","fetch","DELETE","/api/v1/backend-modules/M099/${id}","TEMPLATE_ID_PARAMETER","/api/v1/backend-modules/M099/:param"
"C:\Users\DIYA GOEL\Downloads\EBDESIGN\frontend\src\pages\modules\M255\M255.jsx","fetch","DELETE","/api/v1/backend-modules/M255/${id}","TEMPLATE_ID_PARAMETER","/api/v1/backend-modules/M255/:param"
"C:\Users\DIYA GOEL\Downloads\EBDESIGN\frontend\src\modules\M233\M233Page.jsx","fetch","DELETE","/api/m233/${id}","TEMPLATE_ID_PARAMETER","/api/m233/:param"
"C:\Users\DIYA GOEL\Downloads\EBDESIGN\frontend\src\services\api.js","api","GET","/users/${id}","TEMPLATE_ID_PARAMETER","/users/:param"
"C:\Users\DIYA GOEL\Downloads\EBDESIGN\frontend\src\modules\M106\M106Page.jsx","fetch","GET","/api/m106/search?q=${encodeURIComponent(searchQuery)}","TEMPLATE_INTERPOLATION","/api/m106/search"
"C:\Users\DIYA GOEL\Downloads\EBDESIGN\frontend\src\modules\M340\M340Page.jsx","fetch","DELETE","/api/m340/${id}","TEMPLATE_ID_PARAMETER","/api/m340/:param"
"C:\Users\DIYA GOEL\Downloads\EBDESIGN\frontend\src\services\api.js","api","GET","/sap-module-architecture/module/${id}/configuration","TEMPLATE_ID_PARAMETER","/sap-module-architecture/module/:param/configuration"
"C:\Users\DIYA GOEL\Downloads\EBDESIGN\frontend\src\services\api.js","api","GET","/cost-control/cost-centers/${companyId}","TEMPLATE_ID_PARAMETER","/cost-control/cost-centers/:param"
"C:\Users\DIYA GOEL\Downloads\EBDESIGN\frontend\src\modules\M307\M307Page.jsx","fetch","DELETE","/api/m307/${id}","TEMPLATE_ID_PARAMETER","/api/m307/:param"
"C:\Users\DIYA GOEL\Downloads\EBDESIGN\frontend\src\pages\modules\M137\M137.jsx","fetch","DELETE","/api/v1/backend-modules/M137/${id}","TEMPLATE_ID_PARAMETER","/api/v1/backend-modules/M137/:param"
"C:\Users\DIYA GOEL\Downloads\EBDESIGN\frontend\src\modules\M220\M220Page.jsx","fetch","GET","/api/m220/search?q=${encodeURIComponent(searchQuery)}","TEMPLATE_INTERPOLATION","/api/m220/search"
"C:\Users\DIYA GOEL\Downloads\EBDESIGN\frontend\src\pages\modules\M183\M183.jsx","fetch","DELETE","/api/v1/backend-modules/M183/${id}","TEMPLATE_ID_PARAMETER","/api/v1/backend-modules/M183/:param"
"C:\Users\DIYA GOEL\Downloads\EBDESIGN\frontend\src\pages\modules\M195\M195.jsx","fetch","DELETE","/api/v1/backend-modules/M195/${id}","TEMPLATE_ID_PARAMETER","/api/v1/backend-modules/M195/:param"
"C:\Users\DIYA GOEL\Downloads\EBDESIGN\frontend\src\modules\M040\M040Page.jsx","fetch","GET","/api/m040/search?q=${encodeURIComponent(searchQuery)}","TEMPLATE_INTERPOLATION","/api/m040/search"
"C:\Users\DIYA GOEL\Downloads\EBDESIGN\frontend\src\modules\M085\M085Page.jsx","fetch","GET","/api/m085?${params}","TEMPLATE_INTERPOLATION","/api/m085"
"C:\Users\DIYA GOEL\Downloads\EBDESIGN\frontend\src\services\api.js","api","PUT","/sheep/${id}","TEMPLATE_ID_PARAMETER","/sheep/:param"
"C:\Users\DIYA GOEL\Downloads\EBDESIGN\frontend\src\modules\M248\M248Page.jsx","fetch","GET","/api/m248?${params}","TEMPLATE_INTERPOLATION","/api/m248"
"C:\Users\DIYA GOEL\Downloads\EBDESIGN\frontend\src\modules\M230\M230Page.jsx","fetch","GET","/api/m230?${params}","TEMPLATE_INTERPOLATION","/api/m230"
"C:\Users\DIYA GOEL\Downloads\EBDESIGN\frontend\src\modules\M169\M169Page.jsx","fetch","GET","/api/m169?${params}","TEMPLATE_INTERPOLATION","/api/m169"
"C:\Users\DIYA GOEL\Downloads\EBDESIGN\frontend\src\modules\M240\M240Page.jsx","fetch","GET","/api/m240?${params}","TEMPLATE_INTERPOLATION","/api/m240"
"C:\Users\DIYA GOEL\Downloads\EBDESIGN\frontend\src\services\api.js","api","GET","/subscription-boxes/${id}","TEMPLATE_ID_PARAMETER","/subscription-boxes/:param"
"C:\Users\DIYA GOEL\Downloads\EBDESIGN\frontend\src\services\api.js","api","GET","/farmers/${id}","TEMPLATE_ID_PARAMETER","/farmers/:param"
"C:\Users\DIYA GOEL\Downloads\EBDESIGN\frontend\src\modules\M303\M303Page.jsx","fetch","GET","/api/m303/search?q=${encodeURIComponent(searchQuery)}","TEMPLATE_INTERPOLATION","/api/m303/search"
"C:\Users\DIYA GOEL\Downloads\EBDESIGN\frontend\src\modules\M162\M162Page.jsx","fetch","GET","/api/m162/search?q=${encodeURIComponent(searchQuery)}","TEMPLATE_INTERPOLATION","/api/m162/search"
"C:\Users\DIYA GOEL\Downloads\EBDESIGN\frontend\src\services\api.js","api","POST","/nlp-models/${id}/process","TEMPLATE_ID_PARAMETER","/nlp-models/:param/process"
"C:\Users\DIYA GOEL\Downloads\EBDESIGN\frontend\src\pages\modules\M329\M329.jsx","fetch","DELETE","/api/v1/backend-modules/M329/${id}","TEMPLATE_ID_PARAMETER","/api/v1/backend-modules/M329/:param"
"C:\Users\DIYA GOEL\Downloads\EBDESIGN\frontend\src\services\api.js","api","DELETE","/farm-productivity/metric/${id}","TEMPLATE_ID_PARAMETER","/farm-productivity/metric/:param"
"C:\Users\DIYA GOEL\Downloads\EBDESIGN\frontend\src\services\api.js","api","GET","/compliance-logs/${id}","TEMPLATE_ID_PARAMETER","/compliance-logs/:param"
"C:\Users\DIYA GOEL\Downloads\EBDESIGN\frontend\src\modules\M275\M275Page.jsx","fetch","GET","/api/m275?${params}","TEMPLATE_INTERPOLATION","/api/m275"
"C:\Users\DIYA GOEL\Downloads\EBDESIGN\frontend\src\services\api.js","api","PUT","/project-systems/project-status/${id}","TEMPLATE_ID_PARAMETER","/project-systems/project-status/:param"
"C:\Users\DIYA GOEL\Downloads\EBDESIGN\frontend\src\pages\modules\M133\M133.jsx","fetch","DELETE","/api/v1/backend-modules/M133/${id}","TEMPLATE_ID_PARAMETER","/api/v1/backend-modules/M133/:param"
"C:\Users\DIYA GOEL\Downloads\EBDESIGN\frontend\src\modules\M314\M314Page.jsx","fetch","GET","/api/m314/search?q=${encodeURIComponent(searchQuery)}","TEMPLATE_INTERPOLATION","/api/m314/search"
"C:\Users\DIYA GOEL\Downloads\EBDESIGN\frontend\src\modules\M173\M173Page.jsx","fetch","GET","/api/m173?${params}","TEMPLATE_INTERPOLATION","/api/m173"
"C:\Users\DIYA GOEL\Downloads\EBDESIGN\frontend\src\modules\M165\M165Page.jsx","fetch","GET","/api/m165/search?q=${encodeURIComponent(searchQuery)}","TEMPLATE_INTERPOLATION","/api/m165/search"
"C:\Users\DIYA GOEL\Downloads\EBDESIGN\frontend\src\modules\M247\M247Page.jsx","fetch","GET","/api/m247?${params}","TEMPLATE_INTERPOLATION","/api/m247"
"C:\Users\DIYA GOEL\Downloads\EBDESIGN\frontend\src\services\api.js","api","PUT","/precision-horticulture/reading/${id}","TEMPLATE_ID_PARAMETER","/precision-horticulture/reading/:param"
"C:\Users\DIYA GOEL\Downloads\EBDESIGN\frontend\src\services\api.js","api","DELETE","/biofertilizer/item/${id}","TEMPLATE_ID_PARAMETER","/biofertilizer/item/:param"
"C:\Users\DIYA GOEL\Downloads\EBDESIGN\frontend\src\modules\M328\M328Page.jsx","fetch","GET","/api/m328/search?q=${encodeURIComponent(searchQuery)}","TEMPLATE_INTERPOLATION","/api/m328/search"
"C:\Users\DIYA GOEL\Downloads\EBDESIGN\frontend\src\modules\M186\M186Page.jsx","fetch","DELETE","/api/m186/${id}","TEMPLATE_ID_PARAMETER","/api/m186/:param"
"C:\Users\DIYA GOEL\Downloads\EBDESIGN\frontend\src\modules\M280\M280Page.jsx","fetch","GET","/api/m280/search?q=${encodeURIComponent(searchQuery)}","TEMPLATE_INTERPOLATION","/api/m280/search"
"C:\Users\DIYA GOEL\Downloads\EBDESIGN\frontend\src\modules\M134\M134Page.jsx","fetch","GET","/api/m134?${params}","TEMPLATE_INTERPOLATION","/api/m134"
"C:\Users\DIYA GOEL\Downloads\EBDESIGN\frontend\src\modules\M234\M234Page.jsx","fetch","GET","/api/m234/search?q=${encodeURIComponent(searchQuery)}","TEMPLATE_INTERPOLATION","/api/m234/search"
"C:\Users\DIYA GOEL\Downloads\EBDESIGN\frontend\src\modules\M329\M329Page.jsx","fetch","GET","/api/m329/search?q=${encodeURIComponent(searchQuery)}","TEMPLATE_INTERPOLATION","/api/m329/search"
"C:\Users\DIYA GOEL\Downloads\EBDESIGN\frontend\src\pages\modules\M173\M173.jsx","fetch","DELETE","/api/v1/backend-modules/M173/${id}","TEMPLATE_ID_PARAMETER","/api/v1/backend-modules/M173/:param"
"C:\Users\DIYA GOEL\Downloads\EBDESIGN\frontend\src\modules\M230\M230Page.jsx","fetch","GET","/api/m230/search?q=${encodeURIComponent(searchQuery)}","TEMPLATE_INTERPOLATION","/api/m230/search"
"C:\Users\DIYA GOEL\Downloads\EBDESIGN\frontend\src\services\api.js","api","PUT","/fallbacks/${id}","TEMPLATE_ID_PARAMETER","/fallbacks/:param"
"C:\Users\DIYA GOEL\Downloads\EBDESIGN\frontend\src\services\api.js","api","POST","/complete-ai-integration/monitor-poultry-health/${poultryId}","TEMPLATE_ID_PARAMETER","/complete-ai-integration/monitor-poultry-health/:param"
"C:\Users\DIYA GOEL\Downloads\EBDESIGN\frontend\src\modules\M270\M270Page.jsx","fetch","GET","/api/m270/search?q=${encodeURIComponent(searchQuery)}","TEMPLATE_INTERPOLATION","/api/m270/search"
"C:\Users\DIYA GOEL\Downloads\EBDESIGN\frontend\src\pages\modules\M227\M227.jsx","fetch","DELETE","/api/v1/backend-modules/M227/${id}","TEMPLATE_ID_PARAMETER","/api/v1/backend-modules/M227/:param"
"C:\Users\DIYA GOEL\Downloads\EBDESIGN\frontend\src\services\api.js","api","PUT","/survey-management/survey/${id}","TEMPLATE_ID_PARAMETER","/survey-management/survey/:param"
"C:\Users\DIYA GOEL\Downloads\EBDESIGN\frontend\src\services\api.js","api","PUT","/land/parcel/${id}","TEMPLATE_ID_PARAMETER","/land/parcel/:param"
"C:\Users\DIYA GOEL\Downloads\EBDESIGN\frontend\src\services\api.js","api","POST","/enterprise-control/risk/${riskCode}/assess","TEMPLATE_INTERPOLATION","/enterprise-control/risk/:param/assess"
"C:\Users\DIYA GOEL\Downloads\EBDESIGN\frontend\src\services\api.js","api","GET","/colonies/${id}","TEMPLATE_ID_PARAMETER","/colonies/:param"
"C:\Users\DIYA GOEL\Downloads\EBDESIGN\frontend\src\modules\M107\M107Page.jsx","fetch","GET","/api/m107?${params}","TEMPLATE_INTERPOLATION","/api/m107"
"C:\Users\DIYA GOEL\Downloads\EBDESIGN\frontend\src\modules\M033\M033Page.jsx","fetch","GET","/api/m033?${params}","TEMPLATE_INTERPOLATION","/api/m033"
"C:\Users\DIYA GOEL\Downloads\EBDESIGN\frontend\src\services\api.js","api","GET","/tenants/${id}","TEMPLATE_ID_PARAMETER","/tenants/:param"
"C:\Users\DIYA GOEL\Downloads\EBDESIGN\frontend\src\modules\M328\M328Page.jsx","fetch","GET","/api/m328?${params}","TEMPLATE_INTERPOLATION","/api/m328"
"C:\Users\DIYA GOEL\Downloads\EBDESIGN\frontend\src\modules\M141\M141Page.jsx","fetch","GET","/api/m141?${params}","TEMPLATE_INTERPOLATION","/api/m141"
"C:\Users\DIYA GOEL\Downloads\EBDESIGN\frontend\src\modules\M053\M053Page.jsx","fetch","GET","/api/m053/search?q=${encodeURIComponent(searchQuery)}","TEMPLATE_INTERPOLATION","/api/m053/search"
"C:\Users\DIYA GOEL\Downloads\EBDESIGN\frontend\src\services\api.js","api","GET","/charts/config/${type}","TEMPLATE_INTERPOLATION","/charts/config/:param"
"C:\Users\DIYA GOEL\Downloads\EBDESIGN\frontend\src\modules\M293\M293Page.jsx","fetch","GET","/api/m293/search?q=${encodeURIComponent(searchQuery)}","TEMPLATE_INTERPOLATION","/api/m293/search"
"C:\Users\DIYA GOEL\Downloads\EBDESIGN\frontend\src\modules\M330\M330Page.jsx","fetch","GET","/api/m330?${params}","TEMPLATE_INTERPOLATION","/api/m330"
"C:\Users\DIYA GOEL\Downloads\EBDESIGN\frontend\src\modules\M322\M322Page.jsx","fetch","DELETE","/api/m322/${id}","TEMPLATE_ID_PARAMETER","/api/m322/:param"
"C:\Users\DIYA GOEL\Downloads\EBDESIGN\frontend\src\modules\M175\M175Page.jsx","fetch","DELETE","/api/m175/${id}","TEMPLATE_ID_PARAMETER","/api/m175/:param"
"C:\Users\DIYA GOEL\Downloads\EBDESIGN\frontend\src\services\api.js","api","GET","/hamlets/${id}","TEMPLATE_ID_PARAMETER","/hamlets/:param"
"C:\Users\DIYA GOEL\Downloads\EBDESIGN\frontend\src\services\api.js","api","GET","/dashboard/${id}","TEMPLATE_ID_PARAMETER","/dashboard/:param"
"C:\Users\DIYA GOEL\Downloads\EBDESIGN\frontend\src\pages\modules\M292\M292.jsx","fetch","DELETE","/api/v1/backend-modules/M292/${id}","TEMPLATE_ID_PARAMETER","/api/v1/backend-modules/M292/:param"
"C:\Users\DIYA GOEL\Downloads\EBDESIGN\frontend\src\modules\M279\M279Page.jsx","fetch","GET","/api/m279/search?q=${encodeURIComponent(searchQuery)}","TEMPLATE_INTERPOLATION","/api/m279/search"
"C:\Users\DIYA GOEL\Downloads\EBDESIGN\frontend\src\services\api.js","api","DELETE","/digital-identity/identity/${id}","TEMPLATE_ID_PARAMETER","/digital-identity/identity/:param"
"C:\Users\DIYA GOEL\Downloads\EBDESIGN\frontend\src\modules\M314\M314Page.jsx","fetch","GET","/api/m314?${params}","TEMPLATE_INTERPOLATION","/api/m314"
"C:\Users\DIYA GOEL\Downloads\EBDESIGN\frontend\src\modules\M100\M100Page.jsx","fetch","GET","/api/m100/search?q=${encodeURIComponent(searchQuery)}","TEMPLATE_INTERPOLATION","/api/m100/search"
"C:\Users\DIYA GOEL\Downloads\EBDESIGN\frontend\src\pages\modules\M287\M287.jsx","fetch","DELETE","/api/v1/backend-modules/M287/${id}","TEMPLATE_ID_PARAMETER","/api/v1/backend-modules/M287/:param"
"C:\Users\DIYA GOEL\Downloads\EBDESIGN\frontend\src\services\api.js","api","POST","/complete-erp-integration/sync-sheep-production/${sheepId}","TEMPLATE_ID_PARAMETER","/complete-erp-integration/sync-sheep-production/:param"
"C:\Users\DIYA GOEL\Downloads\EBDESIGN\frontend\src\modules\M068\M068Page.jsx","fetch","DELETE","/api/m068/${id}","TEMPLATE_ID_PARAMETER","/api/m068/:param"
"C:\Users\DIYA GOEL\Downloads\EBDESIGN\frontend\src\modules\M051\M051Page.jsx","fetch","GET","/api/m051/search?q=${encodeURIComponent(searchQuery)}","TEMPLATE_INTERPOLATION","/api/m051/search"
"C:\Users\DIYA GOEL\Downloads\EBDESIGN\frontend\src\modules\M238\M238Page.jsx","fetch","GET","/api/m238?${params}","TEMPLATE_INTERPOLATION","/api/m238"
"C:\Users\DIYA GOEL\Downloads\EBDESIGN\frontend\src\modules\M183\M183Page.jsx","fetch","GET","/api/m183?${params}","TEMPLATE_INTERPOLATION","/api/m183"
"C:\Users\DIYA GOEL\Downloads\EBDESIGN\frontend\src\modules\M142\M142Page.jsx","fetch","GET","/api/m142?${params}","TEMPLATE_INTERPOLATION","/api/m142"
"C:\Users\DIYA GOEL\Downloads\EBDESIGN\frontend\src\pages\modules\M236\M236.jsx","fetch","DELETE","/api/v1/backend-modules/M236/${id}","TEMPLATE_ID_PARAMETER","/api/v1/backend-modules/M236/:param"
"C:\Users\DIYA GOEL\Downloads\EBDESIGN\frontend\src\pages\modules\M128\M128.jsx","fetch","DELETE","/api/v1/backend-modules/M128/${id}","TEMPLATE_ID_PARAMETER","/api/v1/backend-modules/M128/:param"
"C:\Users\DIYA GOEL\Downloads\EBDESIGN\frontend\src\modules\M047\M047Page.jsx","fetch","DELETE","/api/m047/${id}","TEMPLATE_ID_PARAMETER","/api/m047/:param"
"C:\Users\DIYA GOEL\Downloads\EBDESIGN\frontend\src\services\api.js","api","GET","/blockchain-verification/product/${productId}/verify","TEMPLATE_ID_PARAMETER","/blockchain-verification/product/:param/verify"
"C:\Users\DIYA GOEL\Downloads\EBDESIGN\frontend\src\services\api.js","api","POST","/ai/copilot/session/${sessionId}/message","TEMPLATE_ID_PARAMETER","/ai/copilot/session/:param/message"
"C:\Users\DIYA GOEL\Downloads\EBDESIGN\frontend\src\services\api.js","api","GET","/bulk-order/${orderId}/quotations","TEMPLATE_ID_PARAMETER","/bulk-order/:param/quotations"
"C:\Users\DIYA GOEL\Downloads\EBDESIGN\frontend\src\pages\AdvancedMedicalCodingPage.jsx","api","GET","/advanced-medical-coding/search-codes/${searchCondition}","TEMPLATE_INTERPOLATION","/advanced-medical-coding/search-codes/:param"
"C:\Users\DIYA GOEL\Downloads\EBDESIGN\frontend\src\modules\M338\M338Page.jsx","fetch","GET","/api/m338/search?q=${encodeURIComponent(searchQuery)}","TEMPLATE_INTERPOLATION","/api/m338/search"
"C:\Users\DIYA GOEL\Downloads\EBDESIGN\frontend\src\pages\modules\M162\M162.jsx","fetch","DELETE","/api/v1/backend-modules/M162/${id}","TEMPLATE_ID_PARAMETER","/api/v1/backend-modules/M162/:param"
"C:\Users\DIYA GOEL\Downloads\EBDESIGN\frontend\src\modules\M199\M199Page.jsx","fetch","GET","/api/m199?${params}","TEMPLATE_INTERPOLATION","/api/m199"
"C:\Users\DIYA GOEL\Downloads\EBDESIGN\frontend\src\modules\M045\M045Page.jsx","fetch","DELETE","/api/m045/${id}","TEMPLATE_ID_PARAMETER","/api/m045/:param"
"C:\Users\DIYA GOEL\Downloads\EBDESIGN\frontend\src\services\api.js","api","POST","/complete-erp-integration/sync-pig-production/${pigId}","TEMPLATE_ID_PARAMETER","/complete-erp-integration/sync-pig-production/:param"
"C:\Users\DIYA GOEL\Downloads\EBDESIGN\frontend\src\modules\M135\M135Page.jsx","fetch","GET","/api/m135?${params}","TEMPLATE_INTERPOLATION","/api/m135"
"C:\Users\DIYA GOEL\Downloads\EBDESIGN\frontend\src\services\artificialScientistAPI.js","api","GET","${base}/hypotheses/${id}","TEMPLATE_ID_PARAMETER","/:param/hypotheses/:param"
"C:\Users\DIYA GOEL\Downloads\EBDESIGN\frontend\src\modules\M274\M274Page.jsx","fetch","GET","/api/m274?${params}","TEMPLATE_INTERPOLATION","/api/m274"
"C:\Users\DIYA GOEL\Downloads\EBDESIGN\frontend\src\modules\M253\M253Page.jsx","fetch","GET","/api/m253?${params}","TEMPLATE_INTERPOLATION","/api/m253"
"C:\Users\DIYA GOEL\Downloads\EBDESIGN\frontend\src\services\api.js","api","PUT","/ai/providers/${id}","TEMPLATE_ID_PARAMETER","/ai/providers/:param"
"C:\Users\DIYA GOEL\Downloads\EBDESIGN\frontend\src\services\api.js","api","POST","/voice-ai/session/${sessionId}/end","TEMPLATE_ID_PARAMETER","/voice-ai/session/:param/end"
"C:\Users\DIYA GOEL\Downloads\EBDESIGN\frontend\src\pages\modules\M141\M141.jsx","fetch","DELETE","/api/v1/backend-modules/M141/${id}","TEMPLATE_ID_PARAMETER","/api/v1/backend-modules/M141/:param"
"C:\Users\DIYA GOEL\Downloads\EBDESIGN\frontend\src\modules\M119\M119Page.jsx","fetch","DELETE","/api/m119/${id}","TEMPLATE_ID_PARAMETER","/api/m119/:param"
"C:\Users\DIYA GOEL\Downloads\EBDESIGN\frontend\src\pages\modules\M71\M71.jsx","fetch","DELETE","/api/v1/backend-modules/M071/${id}","TEMPLATE_ID_PARAMETER","/api/v1/backend-modules/M071/:param"
"C:\Users\DIYA GOEL\Downloads\EBDESIGN\frontend\src\modules\M239\M239Page.jsx","fetch","GET","/api/m239/search?q=${encodeURIComponent(searchQuery)}","TEMPLATE_INTERPOLATION","/api/m239/search"
"C:\Users\DIYA GOEL\Downloads\EBDESIGN\frontend\src\services\api.js","api","DELETE","/water-resource-mapping/resource/${id}","TEMPLATE_ID_PARAMETER","/water-resource-mapping/resource/:param"
"C:\Users\DIYA GOEL\Downloads\EBDESIGN\frontend\src\services\api.js","api","GET","/cost-control/budget/${budgetId}/vs-actual","TEMPLATE_ID_PARAMETER","/cost-control/budget/:param/vs-actual"
"C:\Users\DIYA GOEL\Downloads\EBDESIGN\frontend\src\services\api.js","api","POST","/seeds/${id}/run","TEMPLATE_ID_PARAMETER","/seeds/:param/run"
"C:\Users\DIYA GOEL\Downloads\EBDESIGN\frontend\src\pages\modules\M233\M233.jsx","fetch","DELETE","/api/v1/backend-modules/M233/${id}","TEMPLATE_ID_PARAMETER","/api/v1/backend-modules/M233/:param"
"C:\Users\DIYA GOEL\Downloads\EBDESIGN\frontend\src\modules\M160\M160Page.jsx","fetch","DELETE","/api/m160/${id}","TEMPLATE_ID_PARAMETER","/api/m160/:param"
"C:\Users\DIYA GOEL\Downloads\EBDESIGN\frontend\src\services\api.js","api","PUT","/input-procurement/order/${id}","TEMPLATE_ID_PARAMETER","/input-procurement/order/:param"
"C:\Users\DIYA GOEL\Downloads\EBDESIGN\frontend\src\modules\M317\M317Page.jsx","fetch","DELETE","/api/m317/${id}","TEMPLATE_ID_PARAMETER","/api/m317/:param"
"C:\Users\DIYA GOEL\Downloads\EBDESIGN\frontend\src\pages\modules\M323\M323.jsx","fetch","DELETE","/api/v1/backend-modules/M323/${id}","TEMPLATE_ID_PARAMETER","/api/v1/backend-modules/M323/:param"
"C:\Users\DIYA GOEL\Downloads\EBDESIGN\frontend\src\services\api.js","api","POST","/scaling/policies/${id}/apply","TEMPLATE_ID_PARAMETER","/scaling/policies/:param/apply"
"C:\Users\DIYA GOEL\Downloads\EBDESIGN\frontend\src\modules\M218\M218Page.jsx","fetch","GET","/api/m218/search?q=${encodeURIComponent(searchQuery)}","TEMPLATE_INTERPOLATION","/api/m218/search"
"C:\Users\DIYA GOEL\Downloads\EBDESIGN\frontend\src\services\commerceApi.js","api","DELETE","/orders/${id}","TEMPLATE_ID_PARAMETER","/orders/:param"
"C:\Users\DIYA GOEL\Downloads\EBDESIGN\frontend\src\modules\M089\M089Page.jsx","fetch","DELETE","/api/m089/${id}","TEMPLATE_ID_PARAMETER","/api/m089/:param"
"C:\Users\DIYA GOEL\Downloads\EBDESIGN\frontend\src\pages\modules\M308\M308.jsx","fetch","DELETE","/api/v1/backend-modules/M308/${id}","TEMPLATE_ID_PARAMETER","/api/v1/backend-modules/M308/:param"
"C:\Users\DIYA GOEL\Downloads\EBDESIGN\frontend\src\services\api.js","api","GET","/roles/${id}/permissions","TEMPLATE_ID_PARAMETER","/roles/:param/permissions"
"C:\Users\DIYA GOEL\Downloads\EBDESIGN\frontend\src\modules\M260\M260Page.jsx","fetch","DELETE","/api/m260/${id}","TEMPLATE_ID_PARAMETER","/api/m260/:param"
"C:\Users\DIYA GOEL\Downloads\EBDESIGN\frontend\src\pages\modules\M285\M285.jsx","fetch","DELETE","/api/v1/backend-modules/M285/${id}","TEMPLATE_ID_PARAMETER","/api/v1/backend-modules/M285/:param"
"C:\Users\DIYA GOEL\Downloads\EBDESIGN\frontend\src\services\api.js","api","GET","/scheme-benefits/${schemeId}/eligibility","TEMPLATE_ID_PARAMETER","/scheme-benefits/:param/eligibility"
"C:\Users\DIYA GOEL\Downloads\EBDESIGN\frontend\src\modules\M047\M047Page.jsx","fetch","GET","/api/m047/search?q=${encodeURIComponent(searchQuery)}","TEMPLATE_INTERPOLATION","/api/m047/search"
"C:\Users\DIYA GOEL\Downloads\EBDESIGN\frontend\src\modules\M134\M134Page.jsx","fetch","GET","/api/m134/search?q=${encodeURIComponent(searchQuery)}","TEMPLATE_INTERPOLATION","/api/m134/search"
"C:\Users\DIYA GOEL\Downloads\EBDESIGN\frontend\src\modules\M119\M119Page.jsx","fetch","GET","/api/m119?${params}","TEMPLATE_INTERPOLATION","/api/m119"
"C:\Users\DIYA GOEL\Downloads\EBDESIGN\frontend\src\modules\M289\M289Page.jsx","fetch","DELETE","/api/m289/${id}","TEMPLATE_ID_PARAMETER","/api/m289/:param"
"C:\Users\DIYA GOEL\Downloads\EBDESIGN\frontend\src\services\api.js","api","GET","/engineering-project/project/${id}/cost-estimates","TEMPLATE_ID_PARAMETER","/engineering-project/project/:param/cost-estimates"
"C:\Users\DIYA GOEL\Downloads\EBDESIGN\frontend\src\pages\modules\M259\M259.jsx","fetch","DELETE","/api/v1/backend-modules/M259/${id}","TEMPLATE_ID_PARAMETER","/api/v1/backend-modules/M259/:param"
"C:\Users\DIYA GOEL\Downloads\EBDESIGN\frontend\src\modules\M315\M315Page.jsx","fetch","GET","/api/m315?${params}","TEMPLATE_INTERPOLATION","/api/m315"
"C:\Users\DIYA GOEL\Downloads\EBDESIGN\frontend\src\modules\M316\M316Page.jsx","fetch","DELETE","/api/m316/${id}","TEMPLATE_ID_PARAMETER","/api/m316/:param"
"C:\Users\DIYA GOEL\Downloads\EBDESIGN\frontend\src\modules\M082\M082Page.jsx","fetch","DELETE","/api/m082/${id}","TEMPLATE_ID_PARAMETER","/api/m082/:param"
"C:\Users\DIYA GOEL\Downloads\EBDESIGN\frontend\src\modules\M078\M078Page.jsx","fetch","GET","/api/m078/search?q=${encodeURIComponent(searchQuery)}","TEMPLATE_INTERPOLATION","/api/m078/search"
"C:\Users\DIYA GOEL\Downloads\EBDESIGN\frontend\src\modules\M057\M057Page.jsx","fetch","DELETE","/api/m057/${id}","TEMPLATE_ID_PARAMETER","/api/m057/:param"
"C:\Users\DIYA GOEL\Downloads\EBDESIGN\frontend\src\services\api.js","api","POST","/research-development/rd-project/${projectId}/milestone","TEMPLATE_ID_PARAMETER","/research-development/rd-project/:param/milestone"
"C:\Users\DIYA GOEL\Downloads\EBDESIGN\frontend\src\services\api.js","api","PUT","/aquaculture-analytics/metric/${id}","TEMPLATE_ID_PARAMETER","/aquaculture-analytics/metric/:param"
"C:\Users\DIYA GOEL\Downloads\EBDESIGN\frontend\src\services\api.js","api","POST","/migrations/${id}/run","TEMPLATE_ID_PARAMETER","/migrations/:param/run"
"C:\Users\DIYA GOEL\Downloads\EBDESIGN\frontend\src\modules\M140\M140Page.jsx","fetch","GET","/api/m140?${params}","TEMPLATE_INTERPOLATION","/api/m140"
"C:\Users\DIYA GOEL\Downloads\EBDESIGN\frontend\src\modules\M073\M073Page.jsx","fetch","GET","/api/m073/search?q=${encodeURIComponent(searchQuery)}","TEMPLATE_INTERPOLATION","/api/m073/search"
"C:\Users\DIYA GOEL\Downloads\EBDESIGN\frontend\src\services\api.js","api","GET","/confederations/${id}","TEMPLATE_ID_PARAMETER","/confederations/:param"
"C:\Users\DIYA GOEL\Downloads\EBDESIGN\frontend\src\modules\M333\M333Page.jsx","fetch","GET","/api/m333/search?q=${encodeURIComponent(searchQuery)}","TEMPLATE_INTERPOLATION","/api/m333/search"
"C:\Users\DIYA GOEL\Downloads\EBDESIGN\frontend\src\services\api.js","api","GET","/sap-module-architecture/module/${id}/mta-descriptor","TEMPLATE_ID_PARAMETER","/sap-module-architecture/module/:param/mta-descriptor"
"C:\Users\DIYA GOEL\Downloads\EBDESIGN\frontend\src\modules\M160\M160Page.jsx","fetch","GET","/api/m160?${params}","TEMPLATE_INTERPOLATION","/api/m160"
"C:\Users\DIYA GOEL\Downloads\EBDESIGN\frontend\src\services\api.js","api","DELETE","/goat/animal/${id}","TEMPLATE_ID_PARAMETER","/goat/animal/:param"
"C:\Users\DIYA GOEL\Downloads\EBDESIGN\frontend\src\services\api.js","api","GET","/sap-module-architecture/module/${id}/dependencies","TEMPLATE_ID_PARAMETER","/sap-module-architecture/module/:param/dependencies"
"C:\Users\DIYA GOEL\Downloads\EBDESIGN\frontend\src\modules\M076\M076Page.jsx","fetch","GET","/api/m076/search?q=${encodeURIComponent(searchQuery)}","TEMPLATE_INTERPOLATION","/api/m076/search"
"C:\Users\DIYA GOEL\Downloads\EBDESIGN\frontend\src\services\api.js","api","GET","/research-development/rd-project/${projectId}","TEMPLATE_ID_PARAMETER","/research-development/rd-project/:param"
"C:\Users\DIYA GOEL\Downloads\EBDESIGN\frontend\src\modules\M158\M158Page.jsx","fetch","GET","/api/m158/search?q=${encodeURIComponent(searchQuery)}","TEMPLATE_INTERPOLATION","/api/m158/search"
"C:\Users\DIYA GOEL\Downloads\EBDESIGN\frontend\src\services\api.js","api","GET","/ecommerce-integration/nutrition-price-premium/${productId}","TEMPLATE_ID_PARAMETER","/ecommerce-integration/nutrition-price-premium/:param"
"C:\Users\DIYA GOEL\Downloads\EBDESIGN\frontend\src\modules\M085\M085Page.jsx","fetch","DELETE","/api/m085/${id}","TEMPLATE_ID_PARAMETER","/api/m085/:param"
"C:\Users\DIYA GOEL\Downloads\EBDESIGN\frontend\src\modules\M212\M212Page.jsx","fetch","GET","/api/m212?${params}","TEMPLATE_INTERPOLATION","/api/m212"
"C:\Users\DIYA GOEL\Downloads\EBDESIGN\frontend\src\services\api.js","api","PUT","/horticulture-analytics/metric/${id}","TEMPLATE_ID_PARAMETER","/horticulture-analytics/metric/:param"
"C:\Users\DIYA GOEL\Downloads\EBDESIGN\frontend\src\services\api.js","api","PUT","/fisheries-water-quality/reading/${id}","TEMPLATE_ID_PARAMETER","/fisheries-water-quality/reading/:param"
"C:\Users\DIYA GOEL\Downloads\EBDESIGN\frontend\src\pages\modules\M139\M139.jsx","fetch","DELETE","/api/v1/backend-modules/M139/${id}","TEMPLATE_ID_PARAMETER","/api/v1/backend-modules/M139/:param"
"C:\Users\DIYA GOEL\Downloads\EBDESIGN\frontend\src\services\api.js","api","GET","/vr/scenes/${id}","TEMPLATE_ID_PARAMETER","/vr/scenes/:param"
"C:\Users\DIYA GOEL\Downloads\EBDESIGN\frontend\src\services\api.js","api","DELETE","/poultry/flock/${id}","TEMPLATE_ID_PARAMETER","/poultry/flock/:param"
"C:\Users\DIYA GOEL\Downloads\EBDESIGN\frontend\src\pages\modules\M254\M254.jsx","fetch","DELETE","/api/v1/backend-modules/M254/${id}","TEMPLATE_ID_PARAMETER","/api/v1/backend-modules/M254/:param"
"C:\Users\DIYA GOEL\Downloads\EBDESIGN\frontend\src\modules\M203\M203Page.jsx","fetch","GET","/api/m203?${params}","TEMPLATE_INTERPOLATION","/api/m203"
"C:\Users\DIYA GOEL\Downloads\EBDESIGN\frontend\src\pages\modules\M290\M290.jsx","fetch","DELETE","/api/v1/backend-modules/M290/${id}","TEMPLATE_ID_PARAMETER","/api/v1/backend-modules/M290/:param"
"C:\Users\DIYA GOEL\Downloads\EBDESIGN\frontend\src\services\api.js","api","GET","/ai/copilot/session/${sessionId}/history","TEMPLATE_ID_PARAMETER","/ai/copilot/session/:param/history"
"C:\Users\DIYA GOEL\Downloads\EBDESIGN\frontend\src\services\api.js","api","GET","/livestock/${id}/health","TEMPLATE_ID_PARAMETER","/livestock/:param/health"
"C:\Users\DIYA GOEL\Downloads\EBDESIGN\frontend\src\modules\M187\M187Page.jsx","fetch","DELETE","/api/m187/${id}","TEMPLATE_ID_PARAMETER","/api/m187/:param"
"C:\Users\DIYA GOEL\Downloads\EBDESIGN\frontend\src\services\api.js","api","GET","/configurations/${id}","TEMPLATE_ID_PARAMETER","/configurations/:param"
"C:\Users\DIYA GOEL\Downloads\EBDESIGN\frontend\src\modules\M164\M164Page.jsx","fetch","DELETE","/api/m164/${id}","TEMPLATE_ID_PARAMETER","/api/m164/:param"
"C:\Users\DIYA GOEL\Downloads\EBDESIGN\frontend\src\modules\M171\M171Page.jsx","fetch","GET","/api/m171?${params}","TEMPLATE_INTERPOLATION","/api/m171"
"C:\Users\DIYA GOEL\Downloads\EBDESIGN\frontend\src\modules\M192\M192Page.jsx","fetch","GET","/api/m192?${params}","TEMPLATE_INTERPOLATION","/api/m192"
"C:\Users\DIYA GOEL\Downloads\EBDESIGN\frontend\src\pages\modules\M331\M331.jsx","fetch","DELETE","/api/v1/backend-modules/M331/${id}","TEMPLATE_ID_PARAMETER","/api/v1/backend-modules/M331/:param"
"C:\Users\DIYA GOEL\Downloads\EBDESIGN\frontend\src\modules\M228\M228Page.jsx","fetch","DELETE","/api/m228/${id}","TEMPLATE_ID_PARAMETER","/api/m228/:param"
"C:\Users\DIYA GOEL\Downloads\EBDESIGN\frontend\src\modules\M303\M303Page.jsx","fetch","GET","/api/m303?${params}","TEMPLATE_INTERPOLATION","/api/m303"
"C:\Users\DIYA GOEL\Downloads\EBDESIGN\frontend\src\services\api.js","api","DELETE","/mfa-management/device/${id}","TEMPLATE_ID_PARAMETER","/mfa-management/device/:param"
"C:\Users\DIYA GOEL\Downloads\EBDESIGN\frontend\src\services\api.js","api","DELETE","/session-management/session/${id}","TEMPLATE_ID_PARAMETER","/session-management/session/:param"
"C:\Users\DIYA GOEL\Downloads\EBDESIGN\frontend\src\modules\M318\M318Page.jsx","fetch","GET","/api/m318/search?q=${encodeURIComponent(searchQuery)}","TEMPLATE_INTERPOLATION","/api/m318/search"
"C:\Users\DIYA GOEL\Downloads\EBDESIGN\frontend\src\pages\modules\M230\M230.jsx","fetch","DELETE","/api/v1/backend-modules/M230/${id}","TEMPLATE_ID_PARAMETER","/api/v1/backend-modules/M230/:param"
"C:\Users\DIYA GOEL\Downloads\EBDESIGN\frontend\src\pages\modules\M36\M36.jsx","fetch","DELETE","/api/v1/backend-modules/M036/${id}","TEMPLATE_ID_PARAMETER","/api/v1/backend-modules/M036/:param"
"C:\Users\DIYA GOEL\Downloads\EBDESIGN\frontend\src\services\api.js","api","POST","/complete-ai-integration/detect-crop-disease/${cropId}","TEMPLATE_ID_PARAMETER","/complete-ai-integration/detect-crop-disease/:param"
"C:\Users\DIYA GOEL\Downloads\EBDESIGN\frontend\src\modules\M057\M057Page.jsx","fetch","GET","/api/m057?${params}","TEMPLATE_INTERPOLATION","/api/m057"
"C:\Users\DIYA GOEL\Downloads\EBDESIGN\frontend\src\pages\modules\M106\M106.jsx","fetch","DELETE","/api/v1/backend-modules/M106/${id}","TEMPLATE_ID_PARAMETER","/api/v1/backend-modules/M106/:param"
"C:\Users\DIYA GOEL\Downloads\EBDESIGN\frontend\src\services\api.js","api","DELETE","/survey-management/survey/${id}","TEMPLATE_ID_PARAMETER","/survey-management/survey/:param"
"C:\Users\DIYA GOEL\Downloads\EBDESIGN\frontend\src\modules\M262\M262Page.jsx","fetch","DELETE","/api/m262/${id}","TEMPLATE_ID_PARAMETER","/api/m262/:param"
"C:\Users\DIYA GOEL\Downloads\EBDESIGN\frontend\src\services\artificialScientistAPI.js","api","POST","${base}/experiments/${id}/transition","TEMPLATE_ID_PARAMETER","/:param/experiments/:param/transition"
"C:\Users\DIYA GOEL\Downloads\EBDESIGN\frontend\src\modules\M161\M161Page.jsx","fetch","DELETE","/api/m161/${id}","TEMPLATE_ID_PARAMETER","/api/m161/:param"
"C:\Users\DIYA GOEL\Downloads\EBDESIGN\frontend\src\services\api.js","api","GET","/enterprises/${id}","TEMPLATE_ID_PARAMETER","/enterprises/:param"
"C:\Users\DIYA GOEL\Downloads\EBDESIGN\frontend\src\pages\modules\M175\M175.jsx","fetch","DELETE","/api/v1/backend-modules/M175/${id}","TEMPLATE_ID_PARAMETER","/api/v1/backend-modules/M175/:param"
"C:\Users\DIYA GOEL\Downloads\EBDESIGN\frontend\src\services\api.js","api","PUT","/retry-policies/${id}","TEMPLATE_ID_PARAMETER","/retry-policies/:param"
"C:\Users\DIYA GOEL\Downloads\EBDESIGN\frontend\src\modules\M325\M325Page.jsx","fetch","DELETE","/api/m325/${id}","TEMPLATE_ID_PARAMETER","/api/m325/:param"
"C:\Users\DIYA GOEL\Downloads\EBDESIGN\frontend\src\modules\M331\M331Page.jsx","fetch","GET","/api/m331?${params}","TEMPLATE_INTERPOLATION","/api/m331"
"C:\Users\DIYA GOEL\Downloads\EBDESIGN\frontend\src\modules\M189\M189Page.jsx","fetch","GET","/api/m189?${params}","TEMPLATE_INTERPOLATION","/api/m189"
"C:\Users\DIYA GOEL\Downloads\EBDESIGN\frontend\src\services\api.js","api","POST","/rollbacks/${id}/execute","TEMPLATE_ID_PARAMETER","/rollbacks/:param/execute"
"C:\Users\DIYA GOEL\Downloads\EBDESIGN\frontend\src\modules\M238\M238Page.jsx","fetch","GET","/api/m238/search?q=${encodeURIComponent(searchQuery)}","TEMPLATE_INTERPOLATION","/api/m238/search"
"C:\Users\DIYA GOEL\Downloads\EBDESIGN\frontend\src\modules\M050\M050Page.jsx","fetch","DELETE","/api/m050/${id}","TEMPLATE_ID_PARAMETER","/api/m050/:param"
"C:\Users\DIYA GOEL\Downloads\EBDESIGN\frontend\src\modules\M172\M172Page.jsx","fetch","GET","/api/m172/search?q=${encodeURIComponent(searchQuery)}","TEMPLATE_INTERPOLATION","/api/m172/search"
"C:\Users\DIYA GOEL\Downloads\EBDESIGN\frontend\src\services\api.js","api","POST","/ai/product-media-ai/products/${productId}/cartoon","TEMPLATE_ID_PARAMETER","/ai/product-media-ai/products/:param/cartoon"
"C:\Users\DIYA GOEL\Downloads\EBDESIGN\frontend\src\modules\M048\M048Page.jsx","fetch","GET","/api/m048?${params}","TEMPLATE_INTERPOLATION","/api/m048"
"C:\Users\DIYA GOEL\Downloads\EBDESIGN\frontend\src\pages\modules\M100\M100.jsx","fetch","DELETE","/api/v1/backend-modules/M100/${id}","TEMPLATE_ID_PARAMETER","/api/v1/backend-modules/M100/:param"
"C:\Users\DIYA GOEL\Downloads\EBDESIGN\frontend\src\services\api.js","api","GET","/sectors/${id}","TEMPLATE_ID_PARAMETER","/sectors/:param"
"C:\Users\DIYA GOEL\Downloads\EBDESIGN\frontend\src\pages\modules\M91\M91.jsx","fetch","DELETE","/api/v1/backend-modules/M091/${id}","TEMPLATE_ID_PARAMETER","/api/v1/backend-modules/M091/:param"
"C:\Users\DIYA GOEL\Downloads\EBDESIGN\frontend\src\services\api.js","api","DELETE","/sheep/animal/${id}","TEMPLATE_ID_PARAMETER","/sheep/animal/:param"
"C:\Users\DIYA GOEL\Downloads\EBDESIGN\frontend\src\services\api.js","api","PUT","/ai/copilot/session/${sessionId}/close","TEMPLATE_ID_PARAMETER","/ai/copilot/session/:param/close"
"C:\Users\DIYA GOEL\Downloads\EBDESIGN\frontend\src\services\api.js","api","DELETE","/pig-farming/animal/${id}","TEMPLATE_ID_PARAMETER","/pig-farming/animal/:param"
"C:\Users\DIYA GOEL\Downloads\EBDESIGN\frontend\src\services\api.js","api","PUT","/sap-module-architecture/module/${id}/configuration","TEMPLATE_ID_PARAMETER","/sap-module-architecture/module/:param/configuration"
"C:\Users\DIYA GOEL\Downloads\EBDESIGN\frontend\src\modules\M278\M278Page.jsx","fetch","DELETE","/api/m278/${id}","TEMPLATE_ID_PARAMETER","/api/m278/:param"
"C:\Users\DIYA GOEL\Downloads\EBDESIGN\frontend\src\pages\modules\M156\M156.jsx","fetch","DELETE","/api/v1/backend-modules/M156/${id}","TEMPLATE_ID_PARAMETER","/api/v1/backend-modules/M156/:param"
"C:\Users\DIYA GOEL\Downloads\EBDESIGN\frontend\src\modules\M321\M321Page.jsx","fetch","GET","/api/m321/search?q=${encodeURIComponent(searchQuery)}","TEMPLATE_INTERPOLATION","/api/m321/search"
"C:\Users\DIYA GOEL\Downloads\EBDESIGN\frontend\src\modules\M082\M082Page.jsx","fetch","GET","/api/m082/search?q=${encodeURIComponent(searchQuery)}","TEMPLATE_INTERPOLATION","/api/m082/search"
"C:\Users\DIYA GOEL\Downloads\EBDESIGN\frontend\src\pages\modules\M219\M219.jsx","fetch","DELETE","/api/v1/backend-modules/M219/${id}","TEMPLATE_ID_PARAMETER","/api/v1/backend-modules/M219/:param"
"C:\Users\DIYA GOEL\Downloads\EBDESIGN\frontend\src\services\api.js","api","DELETE","/horticulture-analytics/metric/${id}","TEMPLATE_ID_PARAMETER","/horticulture-analytics/metric/:param"
"C:\Users\DIYA GOEL\Downloads\EBDESIGN\frontend\src\services\api.js","api","DELETE","/rainwater-structures/${id}","TEMPLATE_ID_PARAMETER","/rainwater-structures/:param"
"C:\Users\DIYA GOEL\Downloads\EBDESIGN\frontend\src\modules\M343\M343Page.jsx","fetch","GET","/api/m343/search?q=${encodeURIComponent(searchQuery)}","TEMPLATE_INTERPOLATION","/api/m343/search"
"C:\Users\DIYA GOEL\Downloads\EBDESIGN\frontend\src\services\api.js","api","GET","/teams/${id}/members","TEMPLATE_ID_PARAMETER","/teams/:param/members"
"C:\Users\DIYA GOEL\Downloads\EBDESIGN\frontend\src\modules\M149\M149Page.jsx","fetch","GET","/api/m149/search?q=${encodeURIComponent(searchQuery)}","TEMPLATE_INTERPOLATION","/api/m149/search"
"C:\Users\DIYA GOEL\Downloads\EBDESIGN\frontend\src\services\api.js","api","POST","/updates/${id}/apply","TEMPLATE_ID_PARAMETER","/updates/:param/apply"
"C:\Users\DIYA GOEL\Downloads\EBDESIGN\frontend\src\services\api.js","api","GET","/ai/library-workspace/files/${encodeURIComponent(libraryId)}/content","TEMPLATE_ID_PARAMETER","/ai/library-workspace/files/:param/content"
"C:\Users\DIYA GOEL\Downloads\EBDESIGN\frontend\src\modules\M175\M175Page.jsx","fetch","GET","/api/m175?${params}","TEMPLATE_INTERPOLATION","/api/m175"
"C:\Users\DIYA GOEL\Downloads\EBDESIGN\frontend\src\services\commerceApi.js","api","POST","/ai/product-media-ai/products/${productId}/image","TEMPLATE_ID_PARAMETER","/ai/product-media-ai/products/:param/image"
"C:\Users\DIYA GOEL\Downloads\EBDESIGN\frontend\src\services\api.js","api","DELETE","/research-development/rd-project/${projectId}","TEMPLATE_ID_PARAMETER","/research-development/rd-project/:param"
"C:\Users\DIYA GOEL\Downloads\EBDESIGN\frontend\src\modules\M225\M225Page.jsx","fetch","GET","/api/m225/search?q=${encodeURIComponent(searchQuery)}","TEMPLATE_INTERPOLATION","/api/m225/search"
"C:\Users\DIYA GOEL\Downloads\EBDESIGN\frontend\src\modules\M040\M040Page.jsx","fetch","DELETE","/api/m040/${id}","TEMPLATE_ID_PARAMETER","/api/m040/:param"
"C:\Users\DIYA GOEL\Downloads\EBDESIGN\frontend\src\services\api.js","api","DELETE","/flood-monitoring/records/record/${id}","TEMPLATE_ID_PARAMETER","/flood-monitoring/records/record/:param"
"C:\Users\DIYA GOEL\Downloads\EBDESIGN\frontend\src\services\api.js","api","PUT","/fleet-management/vehicle/${id}","TEMPLATE_ID_PARAMETER","/fleet-management/vehicle/:param"
"C:\Users\DIYA GOEL\Downloads\EBDESIGN\frontend\src\modules\M227\M227Page.jsx","fetch","GET","/api/m227/search?q=${encodeURIComponent(searchQuery)}","TEMPLATE_INTERPOLATION","/api/m227/search"
"C:\Users\DIYA GOEL\Downloads\EBDESIGN\frontend\src\pages\modules\M153\M153.jsx","fetch","DELETE","/api/v1/backend-modules/M153/${id}","TEMPLATE_ID_PARAMETER","/api/v1/backend-modules/M153/:param"
"C:\Users\DIYA GOEL\Downloads\EBDESIGN\frontend\src\services\api.js","api","POST","/addons/${id}/install","TEMPLATE_ID_PARAMETER","/addons/:param/install"
"C:\Users\DIYA GOEL\Downloads\EBDESIGN\frontend\src\modules\M301\M301Page.jsx","fetch","DELETE","/api/m301/${id}","TEMPLATE_ID_PARAMETER","/api/m301/:param"
"C:\Users\DIYA GOEL\Downloads\EBDESIGN\frontend\src\modules\M125\M125Page.jsx","fetch","GET","/api/m125?${params}","TEMPLATE_INTERPOLATION","/api/m125"
"C:\Users\DIYA GOEL\Downloads\EBDESIGN\frontend\src\services\api.js","api","DELETE","/water-budget-records/${id}","TEMPLATE_ID_PARAMETER","/water-budget-records/:param"
"C:\Users\DIYA GOEL\Downloads\EBDESIGN\frontend\src\modules\M082\M082Page.jsx","fetch","GET","/api/m082?${params}","TEMPLATE_INTERPOLATION","/api/m082"
"C:\Users\DIYA GOEL\Downloads\EBDESIGN\frontend\src\services\api.js","api","DELETE","/contractor-management/contractor/${id}","TEMPLATE_ID_PARAMETER","/contractor-management/contractor/:param"
"C:\Users\DIYA GOEL\Downloads\EBDESIGN\frontend\src\services\api.js","api","POST","/speech-models/${id}/process","TEMPLATE_ID_PARAMETER","/speech-models/:param/process"
"C:\Users\DIYA GOEL\Downloads\EBDESIGN\frontend\src\services\api.js","api","GET","/farmers/${farmerId}/harvest-score","TEMPLATE_ID_PARAMETER","/farmers/:param/harvest-score"
"C:\Users\DIYA GOEL\Downloads\EBDESIGN\frontend\src\services\api.js","api","GET","/pre-orders/${id}","TEMPLATE_ID_PARAMETER","/pre-orders/:param"
"C:\Users\DIYA GOEL\Downloads\EBDESIGN\frontend\src\modules\M145\M145Page.jsx","fetch","GET","/api/m145?${params}","TEMPLATE_INTERPOLATION","/api/m145"
"C:\Users\DIYA GOEL\Downloads\EBDESIGN\frontend\src\modules\M196\M196Page.jsx","fetch","GET","/api/m196?${params}","TEMPLATE_INTERPOLATION","/api/m196"
"C:\Users\DIYA GOEL\Downloads\EBDESIGN\frontend\src\modules\M087\M087Page.jsx","fetch","DELETE","/api/m087/${id}","TEMPLATE_ID_PARAMETER","/api/m087/:param"
"C:\Users\DIYA GOEL\Downloads\EBDESIGN\frontend\src\services\api.js","api","POST","/versions/${entity}/${id}/${version}/restore","TEMPLATE_ID_PARAMETER","/versions/:param/:param/:param/restore"
"C:\Users\DIYA GOEL\Downloads\EBDESIGN\frontend\src\modules\M327\M327Page.jsx","fetch","GET","/api/m327/search?q=${encodeURIComponent(searchQuery)}","TEMPLATE_INTERPOLATION","/api/m327/search"
"C:\Users\DIYA GOEL\Downloads\EBDESIGN\frontend\src\modules\M114\M114Page.jsx","fetch","GET","/api/m114?${params}","TEMPLATE_INTERPOLATION","/api/m114"
"C:\Users\DIYA GOEL\Downloads\EBDESIGN\frontend\src\modules\M084\M084Page.jsx","fetch","GET","/api/m084?${params}","TEMPLATE_INTERPOLATION","/api/m084"
"C:\Users\DIYA GOEL\Downloads\EBDESIGN\frontend\src\modules\M068\M068Page.jsx","fetch","GET","/api/m068?${params}","TEMPLATE_INTERPOLATION","/api/m068"
"C:\Users\DIYA GOEL\Downloads\EBDESIGN\frontend\src\services\api.js","api","GET","/categories/${id}","TEMPLATE_ID_PARAMETER","/categories/:param"
"C:\Users\DIYA GOEL\Downloads\EBDESIGN\frontend\src\pages\modules\M200\M200.jsx","fetch","DELETE","/api/v1/backend-modules/M200/${id}","TEMPLATE_ID_PARAMETER","/api/v1/backend-modules/M200/:param"
"C:\Users\DIYA GOEL\Downloads\EBDESIGN\frontend\src\modules\M302\M302Page.jsx","fetch","GET","/api/m302?${params}","TEMPLATE_INTERPOLATION","/api/m302"
"C:\Users\DIYA GOEL\Downloads\EBDESIGN\frontend\src\modules\M045\M045Page.jsx","fetch","GET","/api/m045/search?q=${encodeURIComponent(searchQuery)}","TEMPLATE_INTERPOLATION","/api/m045/search"
"C:\Users\DIYA GOEL\Downloads\EBDESIGN\frontend\src\services\api.js","api","DELETE","/videos/${id}","TEMPLATE_ID_PARAMETER","/videos/:param"
"C:\Users\DIYA GOEL\Downloads\EBDESIGN\frontend\src\modules\M068\M068Page.jsx","fetch","GET","/api/m068/search?q=${encodeURIComponent(searchQuery)}","TEMPLATE_INTERPOLATION","/api/m068/search"
"C:\Users\DIYA GOEL\Downloads\EBDESIGN\frontend\src\modules\M121\M121Page.jsx","fetch","GET","/api/m121/search?q=${encodeURIComponent(searchQuery)}","TEMPLATE_INTERPOLATION","/api/m121/search"
"C:\Users\DIYA GOEL\Downloads\EBDESIGN\frontend\src\modules\M334\M334Page.jsx","fetch","GET","/api/m334/search?q=${encodeURIComponent(searchQuery)}","TEMPLATE_INTERPOLATION","/api/m334/search"
"C:\Users\DIYA GOEL\Downloads\EBDESIGN\frontend\src\services\api.js","api","GET","/library/modules/${encodeURIComponent(moduleId)}","TEMPLATE_ID_PARAMETER","/library/modules/:param"
"C:\Users\DIYA GOEL\Downloads\EBDESIGN\frontend\src\services\api.js","api","DELETE","/admin/users/${id}","TEMPLATE_ID_PARAMETER","/admin/users/:param"
"C:\Users\DIYA GOEL\Downloads\EBDESIGN\frontend\src\services\commerceApi.js","api","POST","/orders/${id}/payment","TEMPLATE_ID_PARAMETER","/orders/:param/payment"
"C:\Users\DIYA GOEL\Downloads\EBDESIGN\frontend\src\services\operationsApi.js","api","POST","/financial/loans/${id}/approve","TEMPLATE_ID_PARAMETER","/financial/loans/:param/approve"
"C:\Users\DIYA GOEL\Downloads\EBDESIGN\frontend\src\services\api.js","api","GET","/group-buys/${id}","TEMPLATE_ID_PARAMETER","/group-buys/:param"
"C:\Users\DIYA GOEL\Downloads\EBDESIGN\frontend\src\services\api.js","api","PUT","/state/${id}","TEMPLATE_ID_PARAMETER","/state/:param"
"C:\Users\DIYA GOEL\Downloads\EBDESIGN\frontend\src\services\api.js","api","POST","/normalizers/${id}","TEMPLATE_ID_PARAMETER","/normalizers/:param"
"C:\Users\DIYA GOEL\Downloads\EBDESIGN\frontend\src\services\api.js","api","DELETE","/poultry-management/batch/${id}","TEMPLATE_ID_PARAMETER","/poultry-management/batch/:param"
"C:\Users\DIYA GOEL\Downloads\EBDESIGN\frontend\src\modules\M176\M176Page.jsx","fetch","DELETE","/api/m176/${id}","TEMPLATE_ID_PARAMETER","/api/m176/:param"
"C:\Users\DIYA GOEL\Downloads\EBDESIGN\frontend\src\pages\modules\M235\M235.jsx","fetch","DELETE","/api/v1/backend-modules/M235/${id}","TEMPLATE_ID_PARAMETER","/api/v1/backend-modules/M235/:param"
"C:\Users\DIYA GOEL\Downloads\EBDESIGN\frontend\src\services\api.js","api","PUT","/gis-land-mapping/mapping/${id}","TEMPLATE_ID_PARAMETER","/gis-land-mapping/mapping/:param"
"C:\Users\DIYA GOEL\Downloads\EBDESIGN\frontend\src\modules\M293\M293Page.jsx","fetch","GET","/api/m293?${params}","TEMPLATE_INTERPOLATION","/api/m293"
"C:\Users\DIYA GOEL\Downloads\EBDESIGN\frontend\src\modules\M311\M311Page.jsx","fetch","DELETE","/api/m311/${id}","TEMPLATE_ID_PARAMETER","/api/m311/:param"
"C:\Users\DIYA GOEL\Downloads\EBDESIGN\frontend\src\pages\modules\M168\M168.jsx","fetch","DELETE","/api/v1/backend-modules/M168/${id}","TEMPLATE_ID_PARAMETER","/api/v1/backend-modules/M168/:param"
"C:\Users\DIYA GOEL\Downloads\EBDESIGN\frontend\src\modules\M138\M138Page.jsx","fetch","GET","/api/m138/search?q=${encodeURIComponent(searchQuery)}","TEMPLATE_INTERPOLATION","/api/m138/search"
"C:\Users\DIYA GOEL\Downloads\EBDESIGN\frontend\src\services\api.js","api","POST","/return-load-board/posting/${postingId}/book","TEMPLATE_ID_PARAMETER","/return-load-board/posting/:param/book"
"C:\Users\DIYA GOEL\Downloads\EBDESIGN\frontend\src\services\api.js","api","DELETE","/animal-health/outbreak/${id}","TEMPLATE_ID_PARAMETER","/animal-health/outbreak/:param"
"C:\Users\DIYA GOEL\Downloads\EBDESIGN\frontend\src\pages\AdvancedMedicalCodingPage.jsx","api","GET","/advanced-medical-coding/dietitian-knowledge/${condition}","TEMPLATE_INTERPOLATION","/advanced-medical-coding/dietitian-knowledge/:param"
"C:\Users\DIYA GOEL\Downloads\EBDESIGN\frontend\src\modules\M281\M281Page.jsx","fetch","GET","/api/m281?${params}","TEMPLATE_INTERPOLATION","/api/m281"
"C:\Users\DIYA GOEL\Downloads\EBDESIGN\frontend\src\services\api.js","api","POST","/robotics/missions/${id}/start","TEMPLATE_ID_PARAMETER","/robotics/missions/:param/start"
"C:\Users\DIYA GOEL\Downloads\EBDESIGN\frontend\src\services\api.js","api","POST","/purge/${entity}/${id}","TEMPLATE_ID_PARAMETER","/purge/:param/:param"
"C:\Users\DIYA GOEL\Downloads\EBDESIGN\frontend\src\services\api.js","api","GET","/ecommerce-integration/recipe-suggestions/${productId}","TEMPLATE_ID_PARAMETER","/ecommerce-integration/recipe-suggestions/:param"
"C:\Users\DIYA GOEL\Downloads\EBDESIGN\frontend\src\pages\modules\M112\M112.jsx","fetch","DELETE","/api/v1/backend-modules/M112/${id}","TEMPLATE_ID_PARAMETER","/api/v1/backend-modules/M112/:param"
"C:\Users\DIYA GOEL\Downloads\EBDESIGN\frontend\src\modules\M170\M170Page.jsx","fetch","GET","/api/m170?${params}","TEMPLATE_INTERPOLATION","/api/m170"
"C:\Users\DIYA GOEL\Downloads\EBDESIGN\frontend\src\services\api.js","api","GET","/deals/${id}","TEMPLATE_ID_PARAMETER","/deals/:param"
"C:\Users\DIYA GOEL\Downloads\EBDESIGN\frontend\src\services\api.js","api","PUT","/ecommerce-marketplace/listing/${id}","TEMPLATE_ID_PARAMETER","/ecommerce-marketplace/listing/:param"
"C:\Users\DIYA GOEL\Downloads\EBDESIGN\frontend\src\modules\M166\M166Page.jsx","fetch","GET","/api/m166?${params}","TEMPLATE_INTERPOLATION","/api/m166"
"C:\Users\DIYA GOEL\Downloads\EBDESIGN\frontend\src\services\api.js","api","PUT","/limits/${id}","TEMPLATE_ID_PARAMETER","/limits/:param"
"C:\Users\DIYA GOEL\Downloads\EBDESIGN\frontend\src\modules\M054\M054Page.jsx","fetch","DELETE","/api/m054/${id}","TEMPLATE_ID_PARAMETER","/api/m054/:param"
"C:\Users\DIYA GOEL\Downloads\EBDESIGN\frontend\src\modules\M161\M161Page.jsx","fetch","GET","/api/m161/search?q=${encodeURIComponent(searchQuery)}","TEMPLATE_INTERPOLATION","/api/m161/search"
"C:\Users\DIYA GOEL\Downloads\EBDESIGN\frontend\src\modules\M268\M268Page.jsx","fetch","DELETE","/api/m268/${id}","TEMPLATE_ID_PARAMETER","/api/m268/:param"
"C:\Users\DIYA GOEL\Downloads\EBDESIGN\frontend\src\services\api.js","api","GET","/auctions/${id}","TEMPLATE_ID_PARAMETER","/auctions/:param"
"C:\Users\DIYA GOEL\Downloads\EBDESIGN\frontend\src\services\api.js","api","DELETE","/geo-boundary/boundary/${id}","TEMPLATE_ID_PARAMETER","/geo-boundary/boundary/:param"
"C:\Users\DIYA GOEL\Downloads\EBDESIGN\frontend\src\services\api.js","api","POST","/crop-value-research/${id}/review","TEMPLATE_ID_PARAMETER","/crop-value-research/:param/review"
"C:\Users\DIYA GOEL\Downloads\EBDESIGN\frontend\src\modules\M125\M125Page.jsx","fetch","DELETE","/api/m125/${id}","TEMPLATE_ID_PARAMETER","/api/m125/:param"
"C:\Users\DIYA GOEL\Downloads\EBDESIGN\frontend\src\pages\modules\M134\M134.jsx","fetch","DELETE","/api/v1/backend-modules/M134/${id}","TEMPLATE_ID_PARAMETER","/api/v1/backend-modules/M134/:param"
"C:\Users\DIYA GOEL\Downloads\EBDESIGN\frontend\src\services\api.js","api","POST","/comprehensive-erp/calculate-depreciation/${id}","TEMPLATE_ID_PARAMETER","/comprehensive-erp/calculate-depreciation/:param"
"C:\Users\DIYA GOEL\Downloads\EBDESIGN\frontend\src\modules\M097\M097Page.jsx","fetch","DELETE","/api/m097/${id}","TEMPLATE_ID_PARAMETER","/api/m097/:param"
"C:\Users\DIYA GOEL\Downloads\EBDESIGN\frontend\src\services\api.js","api","POST","/realtime-monitoring/monitor/${id}/stop","TEMPLATE_ID_PARAMETER","/realtime-monitoring/monitor/:param/stop"
"C:\Users\DIYA GOEL\Downloads\EBDESIGN\frontend\src\services\api.js","api","GET","/trade-associations/${id}","TEMPLATE_ID_PARAMETER","/trade-associations/:param"
"C:\Users\DIYA GOEL\Downloads\EBDESIGN\frontend\src\components\AI\AIDashboard.jsx","fetch","GET","/api/ai/predictions/${farmerId}","TEMPLATE_ID_PARAMETER","/api/ai/predictions/:param"
"C:\Users\DIYA GOEL\Downloads\EBDESIGN\frontend\src\pages\modules\M90\M90.jsx","fetch","DELETE","/api/v1/backend-modules/M090/${id}","TEMPLATE_ID_PARAMETER","/api/v1/backend-modules/M090/:param"
"C:\Users\DIYA GOEL\Downloads\EBDESIGN\frontend\src\services\villageAPI.js","villageClient","GET","/backend-modules/M041/districtSummary/${encodeURIComponent(district)}","TEMPLATE_INTERPOLATION","/backend-modules/M041/districtSummary/:param"
"C:\Users\DIYA GOEL\Downloads\EBDESIGN\frontend\src\modules\M066\M066Page.jsx","fetch","GET","/api/m066?${params}","TEMPLATE_INTERPOLATION","/api/m066"
"C:\Users\DIYA GOEL\Downloads\EBDESIGN\frontend\src\services\api.js","api","GET","/history/${entity}/${id}","TEMPLATE_ID_PARAMETER","/history/:param/:param"
"C:\Users\DIYA GOEL\Downloads\EBDESIGN\frontend\src\pages\modules\M312\M312.jsx","fetch","DELETE","/api/v1/backend-modules/M312/${id}","TEMPLATE_ID_PARAMETER","/api/v1/backend-modules/M312/:param"
"C:\Users\DIYA GOEL\Downloads\EBDESIGN\frontend\src\modules\M061\M061Page.jsx","fetch","GET","/api/m061/search?q=${encodeURIComponent(searchQuery)}","TEMPLATE_INTERPOLATION","/api/m061/search"
"C:\Users\DIYA GOEL\Downloads\EBDESIGN\frontend\src\services\api.js","api","POST","/robotics/missions/${id}/abort","TEMPLATE_ID_PARAMETER","/robotics/missions/:param/abort"
"C:\Users\DIYA GOEL\Downloads\EBDESIGN\frontend\src\modules\M098\M098Page.jsx","fetch","DELETE","/api/m098/${id}","TEMPLATE_ID_PARAMETER","/api/m098/:param"
"C:\Users\DIYA GOEL\Downloads\EBDESIGN\frontend\src\modules\M282\M282Page.jsx","fetch","GET","/api/m282?${params}","TEMPLATE_INTERPOLATION","/api/m282"
"C:\Users\DIYA GOEL\Downloads\EBDESIGN\frontend\src\modules\M230\M230Page.jsx","fetch","DELETE","/api/m230/${id}","TEMPLATE_ID_PARAMETER","/api/m230/:param"
"C:\Users\DIYA GOEL\Downloads\EBDESIGN\frontend\src\pages\modules\M274\M274.jsx","fetch","DELETE","/api/v1/backend-modules/M274/${id}","TEMPLATE_ID_PARAMETER","/api/v1/backend-modules/M274/:param"
"C:\Users\DIYA GOEL\Downloads\EBDESIGN\frontend\src\services\api.js","api","DELETE","/audio/${id}","TEMPLATE_ID_PARAMETER","/audio/:param"
"C:\Users\DIYA GOEL\Downloads\EBDESIGN\frontend\src\modules\M214\M214Page.jsx","fetch","DELETE","/api/m214/${id}","TEMPLATE_ID_PARAMETER","/api/m214/:param"
"C:\Users\DIYA GOEL\Downloads\EBDESIGN\frontend\src\modules\M102\M102Page.jsx","fetch","DELETE","/api/m102/${id}","TEMPLATE_ID_PARAMETER","/api/m102/:param"
"C:\Users\DIYA GOEL\Downloads\EBDESIGN\frontend\src\services\api.js","api","GET","/error-logs/${id}","TEMPLATE_ID_PARAMETER","/error-logs/:param"
"C:\Users\DIYA GOEL\Downloads\EBDESIGN\frontend\src\modules\M149\M149Page.jsx","fetch","GET","/api/m149?${params}","TEMPLATE_INTERPOLATION","/api/m149"
"C:\Users\DIYA GOEL\Downloads\EBDESIGN\frontend\src\modules\M180\M180Page.jsx","fetch","GET","/api/m180/search?q=${encodeURIComponent(searchQuery)}","TEMPLATE_INTERPOLATION","/api/m180/search"
"C:\Users\DIYA GOEL\Downloads\EBDESIGN\frontend\src\modules\M341\M341Page.jsx","fetch","GET","/api/m341/search?q=${encodeURIComponent(searchQuery)}","TEMPLATE_INTERPOLATION","/api/m341/search"
"C:\Users\DIYA GOEL\Downloads\EBDESIGN\frontend\src\modules\M216\M216Page.jsx","fetch","DELETE","/api/m216/${id}","TEMPLATE_ID_PARAMETER","/api/m216/:param"
"C:\Users\DIYA GOEL\Downloads\EBDESIGN\frontend\src\modules\M291\M291Page.jsx","fetch","DELETE","/api/m291/${id}","TEMPLATE_ID_PARAMETER","/api/m291/:param"
"C:\Users\DIYA GOEL\Downloads\EBDESIGN\frontend\src\services\api.js","api","DELETE","/land/parcel/${id}","TEMPLATE_ID_PARAMETER","/land/parcel/:param"
"C:\Users\DIYA GOEL\Downloads\EBDESIGN\frontend\src\modules\M189\M189Page.jsx","fetch","DELETE","/api/m189/${id}","TEMPLATE_ID_PARAMETER","/api/m189/:param"
"C:\Users\DIYA GOEL\Downloads\EBDESIGN\frontend\src\services\api.js","api","PUT","/disease-forecasting/forecasts/forecast/${id}","TEMPLATE_ID_PARAMETER","/disease-forecasting/forecasts/forecast/:param"
"C:\Users\DIYA GOEL\Downloads\EBDESIGN\frontend\src\services\api.js","api","GET","/asset-accounting/assets/${companyId}","TEMPLATE_ID_PARAMETER","/asset-accounting/assets/:param"
"C:\Users\DIYA GOEL\Downloads\EBDESIGN\frontend\src\services\api.js","api","POST","/orders/${orderId}/payment","TEMPLATE_ID_PARAMETER","/orders/:param/payment"
"C:\Users\DIYA GOEL\Downloads\EBDESIGN\frontend\src\modules\M135\M135Page.jsx","fetch","GET","/api/m135/search?q=${encodeURIComponent(searchQuery)}","TEMPLATE_INTERPOLATION","/api/m135/search"
"C:\Users\DIYA GOEL\Downloads\EBDESIGN\frontend\src\modules\M172\M172Page.jsx","fetch","DELETE","/api/m172/${id}","TEMPLATE_ID_PARAMETER","/api/m172/:param"
"C:\Users\DIYA GOEL\Downloads\EBDESIGN\frontend\src\services\artificialScientistAPI.js","api","POST","${base}/hypotheses/${id}/review","TEMPLATE_ID_PARAMETER","/:param/hypotheses/:param/review"
"C:\Users\DIYA GOEL\Downloads\EBDESIGN\frontend\src\services\api.js","api","GET","/featured-products/${id}","TEMPLATE_ID_PARAMETER","/featured-products/:param"
"C:\Users\DIYA GOEL\Downloads\EBDESIGN\frontend\src\services\api.js","api","POST","/filters/${entity}","TEMPLATE_INTERPOLATION","/filters/:param"
"C:\Users\DIYA GOEL\Downloads\EBDESIGN\frontend\src\pages\modules\M197\M197.jsx","fetch","DELETE","/api/v1/backend-modules/M197/${id}","TEMPLATE_ID_PARAMETER","/api/v1/backend-modules/M197/:param"
"C:\Users\DIYA GOEL\Downloads\EBDESIGN\frontend\src\modules\M340\M340Page.jsx","fetch","GET","/api/m340?${params}","TEMPLATE_INTERPOLATION","/api/m340"
"C:\Users\DIYA GOEL\Downloads\EBDESIGN\frontend\src\services\api.js","api","POST","/robotics/devices/${id}/emergency-stop/clear","TEMPLATE_ID_PARAMETER","/robotics/devices/:param/emergency-stop/clear"
"C:\Users\DIYA GOEL\Downloads\EBDESIGN\frontend\src\modules\M302\M302Page.jsx","fetch","DELETE","/api/m302/${id}","TEMPLATE_ID_PARAMETER","/api/m302/:param"
"C:\Users\DIYA GOEL\Downloads\EBDESIGN\frontend\src\modules\M207\M207Page.jsx","fetch","GET","/api/m207?${params}","TEMPLATE_INTERPOLATION","/api/m207"
"C:\Users\DIYA GOEL\Downloads\EBDESIGN\frontend\src\services\api.js","api","POST","/approvals/${id}/approve","TEMPLATE_ID_PARAMETER","/approvals/:param/approve"
"C:\Users\DIYA GOEL\Downloads\EBDESIGN\frontend\src\modules\M216\M216Page.jsx","fetch","GET","/api/m216?${params}","TEMPLATE_INTERPOLATION","/api/m216"
"C:\Users\DIYA GOEL\Downloads\EBDESIGN\frontend\src\modules\M287\M287Page.jsx","fetch","DELETE","/api/m287/${id}","TEMPLATE_ID_PARAMETER","/api/m287/:param"
"C:\Users\DIYA GOEL\Downloads\EBDESIGN\frontend\src\services\api.js","api","GET","/images/${id}","TEMPLATE_ID_PARAMETER","/images/:param"
"C:\Users\DIYA GOEL\Downloads\EBDESIGN\frontend\src\pages\modules\M326\M326.jsx","fetch","DELETE","/api/v1/backend-modules/M326/${id}","TEMPLATE_ID_PARAMETER","/api/v1/backend-modules/M326/:param"
"C:\Users\DIYA GOEL\Downloads\EBDESIGN\frontend\src\modules\M075\M075Page.jsx","fetch","GET","/api/m075?${params}","TEMPLATE_INTERPOLATION","/api/m075"
"C:\Users\DIYA GOEL\Downloads\EBDESIGN\frontend\src\modules\M096\M096Page.jsx","fetch","GET","/api/m096/search?q=${encodeURIComponent(searchQuery)}","TEMPLATE_INTERPOLATION","/api/m096/search"
"C:\Users\DIYA GOEL\Downloads\EBDESIGN\frontend\src\modules\M090\M090Page.jsx","fetch","DELETE","/api/m090/${id}","TEMPLATE_ID_PARAMETER","/api/m090/:param"
"C:\Users\DIYA GOEL\Downloads\EBDESIGN\frontend\src\services\api.js","api","PUT","/pesticide-inventory/item/${id}","TEMPLATE_ID_PARAMETER","/pesticide-inventory/item/:param"
"C:\Users\DIYA GOEL\Downloads\EBDESIGN\frontend\src\services\api.js","api","POST","/robotics/devices/${id}/emergency-stop","TEMPLATE_ID_PARAMETER","/robotics/devices/:param/emergency-stop"
"C:\Users\DIYA GOEL\Downloads\EBDESIGN\frontend\src\services\api.js","api","GET","/livestock-tracking/${id}","TEMPLATE_ID_PARAMETER","/livestock-tracking/:param"
"C:\Users\DIYA GOEL\Downloads\EBDESIGN\frontend\src\modules\M253\M253Page.jsx","fetch","GET","/api/m253/search?q=${encodeURIComponent(searchQuery)}","TEMPLATE_INTERPOLATION","/api/m253/search"
"C:\Users\DIYA GOEL\Downloads\EBDESIGN\frontend\src\components\Admin\AutoGenerationDashboard.jsx","fetch","GET","${API_BASE}/status","TEMPLATE_INTERPOLATION","/:param/status"
"C:\Users\DIYA GOEL\Downloads\EBDESIGN\frontend\src\services\api.js","api","PUT","/inventory/${id}","TEMPLATE_ID_PARAMETER","/inventory/:param"
"C:\Users\DIYA GOEL\Downloads\EBDESIGN\frontend\src\services\api.js","api","GET","/gift-cards/${id}","TEMPLATE_ID_PARAMETER","/gift-cards/:param"
"C:\Users\DIYA GOEL\Downloads\EBDESIGN\frontend\src\services\api.js","api","PUT","/fisheries-harvest/harvest/${id}","TEMPLATE_ID_PARAMETER","/fisheries-harvest/harvest/:param"
"C:\Users\DIYA GOEL\Downloads\EBDESIGN\frontend\src\pages\modules\M174\M174.jsx","fetch","DELETE","/api/v1/backend-modules/M174/${id}","TEMPLATE_ID_PARAMETER","/api/v1/backend-modules/M174/:param"
"C:\Users\DIYA GOEL\Downloads\EBDESIGN\frontend\src\pages\modules\M61\M61.jsx","fetch","DELETE","/api/v1/backend-modules/M061/${id}","TEMPLATE_ID_PARAMETER","/api/v1/backend-modules/M061/:param"
"C:\Users\DIYA GOEL\Downloads\EBDESIGN\frontend\src\pages\modules\M78\M78.jsx","fetch","DELETE","/api/v1/backend-modules/M078/${id}","TEMPLATE_ID_PARAMETER","/api/v1/backend-modules/M078/:param"
"C:\Users\DIYA GOEL\Downloads\EBDESIGN\frontend\src\services\api.js","api","GET","/defense-fitness-prep/readiness/${category}","TEMPLATE_INTERPOLATION","/defense-fitness-prep/readiness/:param"
"C:\Users\DIYA GOEL\Downloads\EBDESIGN\frontend\src\pages\modules\M203\M203.jsx","fetch","DELETE","/api/v1/backend-modules/M203/${id}","TEMPLATE_ID_PARAMETER","/api/v1/backend-modules/M203/:param"
"C:\Users\DIYA GOEL\Downloads\EBDESIGN\frontend\src\modules\M206\M206Page.jsx","fetch","GET","/api/m206?${params}","TEMPLATE_INTERPOLATION","/api/m206"
"C:\Users\DIYA GOEL\Downloads\EBDESIGN\frontend\src\pages\modules\M298\M298.jsx","fetch","DELETE","/api/v1/backend-modules/M298/${id}","TEMPLATE_ID_PARAMETER","/api/v1/backend-modules/M298/:param"
"C:\Users\DIYA GOEL\Downloads\EBDESIGN\frontend\src\modules\M320\M320Page.jsx","fetch","DELETE","/api/m320/${id}","TEMPLATE_ID_PARAMETER","/api/m320/:param"
"C:\Users\DIYA GOEL\Downloads\EBDESIGN\frontend\src\pages\modules\M81\M81.jsx","fetch","DELETE","/api/v1/backend-modules/M081/${id}","TEMPLATE_ID_PARAMETER","/api/v1/backend-modules/M081/:param"
"C:\Users\DIYA GOEL\Downloads\EBDESIGN\frontend\src\pages\modules\M98\M98.jsx","fetch","DELETE","/api/v1/backend-modules/M098/${id}","TEMPLATE_ID_PARAMETER","/api/v1/backend-modules/M098/:param"
"C:\Users\DIYA GOEL\Downloads\EBDESIGN\frontend\src\modules\M284\M284Page.jsx","fetch","GET","/api/m284?${params}","TEMPLATE_INTERPOLATION","/api/m284"
"C:\Users\DIYA GOEL\Downloads\EBDESIGN\frontend\src\pages\modules\M232\M232.jsx","fetch","DELETE","/api/v1/backend-modules/M232/${id}","TEMPLATE_ID_PARAMETER","/api/v1/backend-modules/M232/:param"
"C:\Users\DIYA GOEL\Downloads\EBDESIGN\frontend\src\modules\M036\M036Page.jsx","fetch","GET","/api/m036/search?q=${encodeURIComponent(searchQuery)}","TEMPLATE_INTERPOLATION","/api/m036/search"
"C:\Users\DIYA GOEL\Downloads\EBDESIGN\frontend\src\modules\M151\M151Page.jsx","fetch","GET","/api/m151/search?q=${encodeURIComponent(searchQuery)}","TEMPLATE_INTERPOLATION","/api/m151/search"
"C:\Users\DIYA GOEL\Downloads\EBDESIGN\frontend\src\modules\M053\M053Page.jsx","fetch","GET","/api/m053?${params}","TEMPLATE_INTERPOLATION","/api/m053"
"C:\Users\DIYA GOEL\Downloads\EBDESIGN\frontend\src\services\api.js","api","GET","/filters/${entity}","TEMPLATE_INTERPOLATION","/filters/:param"
"C:\Users\DIYA GOEL\Downloads\EBDESIGN\frontend\src\pages\modules\M315\M315.jsx","fetch","DELETE","/api/v1/backend-modules/M315/${id}","TEMPLATE_ID_PARAMETER","/api/v1/backend-modules/M315/:param"
"C:\Users\DIYA GOEL\Downloads\EBDESIGN\frontend\src\modules\M089\M089Page.jsx","fetch","GET","/api/m089?${params}","TEMPLATE_INTERPOLATION","/api/m089"
"C:\Users\DIYA GOEL\Downloads\EBDESIGN\frontend\src\modules\M070\M070Page.jsx","fetch","DELETE","/api/m070/${id}","TEMPLATE_ID_PARAMETER","/api/m070/:param"
"C:\Users\DIYA GOEL\Downloads\EBDESIGN\frontend\src\modules\M229\M229Page.jsx","fetch","GET","/api/m229/search?q=${encodeURIComponent(searchQuery)}","TEMPLATE_INTERPOLATION","/api/m229/search"
"C:\Users\DIYA GOEL\Downloads\EBDESIGN\frontend\src\modules\M198\M198Page.jsx","fetch","DELETE","/api/m198/${id}","TEMPLATE_ID_PARAMETER","/api/m198/:param"
"C:\Users\DIYA GOEL\Downloads\EBDESIGN\frontend\src\modules\M096\M096Page.jsx","fetch","GET","/api/m096?${params}","TEMPLATE_INTERPOLATION","/api/m096"
"C:\Users\DIYA GOEL\Downloads\EBDESIGN\frontend\src\modules\M313\M313Page.jsx","fetch","GET","/api/m313/search?q=${encodeURIComponent(searchQuery)}","TEMPLATE_INTERPOLATION","/api/m313/search"
"C:\Users\DIYA GOEL\Downloads\EBDESIGN\frontend\src\modules\M178\M178Page.jsx","fetch","GET","/api/m178/search?q=${encodeURIComponent(searchQuery)}","TEMPLATE_INTERPOLATION","/api/m178/search"
"C:\Users\DIYA GOEL\Downloads\EBDESIGN\frontend\src\pages\modules\M57\M57.jsx","fetch","DELETE","/api/v1/backend-modules/M057/${id}","TEMPLATE_ID_PARAMETER","/api/v1/backend-modules/M057/:param"
"C:\Users\DIYA GOEL\Downloads\EBDESIGN\frontend\src\modules\M261\M261Page.jsx","fetch","GET","/api/m261?${params}","TEMPLATE_INTERPOLATION","/api/m261"
"C:\Users\DIYA GOEL\Downloads\EBDESIGN\frontend\src\services\api.js","api","POST","/syncs/${id}/run","TEMPLATE_ID_PARAMETER","/syncs/:param/run"
"C:\Users\DIYA GOEL\Downloads\EBDESIGN\frontend\src\services\api.js","api","PUT","/animal-health/examination/${id}","TEMPLATE_ID_PARAMETER","/animal-health/examination/:param"
"C:\Users\DIYA GOEL\Downloads\EBDESIGN\frontend\src\pages\modules\M299\M299.jsx","fetch","DELETE","/api/v1/backend-modules/M299/${id}","TEMPLATE_ID_PARAMETER","/api/v1/backend-modules/M299/:param"
"C:\Users\DIYA GOEL\Downloads\EBDESIGN\frontend\src\services\api.js","api","GET","/ai/library-workspace/files/${encodeURIComponent(libraryId)}","TEMPLATE_ID_PARAMETER","/ai/library-workspace/files/:param"
"C:\Users\DIYA GOEL\Downloads\EBDESIGN\frontend\src\services\api.js","api","PUT","/polyhouse/record/${id}","TEMPLATE_ID_PARAMETER","/polyhouse/record/:param"
"C:\Users\DIYA GOEL\Downloads\EBDESIGN\frontend\src\services\api.js","api","PUT","/kiosk/${id}","TEMPLATE_ID_PARAMETER","/kiosk/:param"
"C:\Users\DIYA GOEL\Downloads\EBDESIGN\frontend\src\services\api.js","api","GET","/brands/${id}","TEMPLATE_ID_PARAMETER","/brands/:param"
"C:\Users\DIYA GOEL\Downloads\EBDESIGN\frontend\src\modules\M182\M182Page.jsx","fetch","DELETE","/api/m182/${id}","TEMPLATE_ID_PARAMETER","/api/m182/:param"
"C:\Users\DIYA GOEL\Downloads\EBDESIGN\frontend\src\modules\M264\M264Page.jsx","fetch","GET","/api/m264/search?q=${encodeURIComponent(searchQuery)}","TEMPLATE_INTERPOLATION","/api/m264/search"
"C:\Users\DIYA GOEL\Downloads\EBDESIGN\frontend\src\services\api.js","api","POST","/ecommerce-business-sales/quotation/${quotationId}/accept","TEMPLATE_ID_PARAMETER","/ecommerce-business-sales/quotation/:param/accept"
"C:\Users\DIYA GOEL\Downloads\EBDESIGN\frontend\src\services\api.js","api","PUT","/community-asset/${id}","TEMPLATE_ID_PARAMETER","/community-asset/:param"
"C:\Users\DIYA GOEL\Downloads\EBDESIGN\frontend\src\services\api.js","api","DELETE","/pig/animal/${id}","TEMPLATE_ID_PARAMETER","/pig/animal/:param"
"C:\Users\DIYA GOEL\Downloads\EBDESIGN\frontend\src\modules\M062\M062Page.jsx","fetch","GET","/api/m062/search?q=${encodeURIComponent(searchQuery)}","TEMPLATE_INTERPOLATION","/api/m062/search"
"C:\Users\DIYA GOEL\Downloads\EBDESIGN\frontend\src\modules\M191\M191Page.jsx","fetch","GET","/api/m191/search?q=${encodeURIComponent(searchQuery)}","TEMPLATE_INTERPOLATION","/api/m191/search"
"C:\Users\DIYA GOEL\Downloads\EBDESIGN\frontend\src\services\commerceApi.js","api","GET","/product-reviews/products/${productId}/stats","TEMPLATE_ID_PARAMETER","/product-reviews/products/:param/stats"
"C:\Users\DIYA GOEL\Downloads\EBDESIGN\frontend\src\services\api.js","api","DELETE","/orders/cart/item/${id}","TEMPLATE_ID_PARAMETER","/orders/cart/item/:param"
"C:\Users\DIYA GOEL\Downloads\EBDESIGN\frontend\src\modules\M215\M215Page.jsx","fetch","DELETE","/api/m215/${id}","TEMPLATE_ID_PARAMETER","/api/m215/:param"
"C:\Users\DIYA GOEL\Downloads\EBDESIGN\frontend\src\modules\M264\M264Page.jsx","fetch","GET","/api/m264?${params}","TEMPLATE_INTERPOLATION","/api/m264"
"C:\Users\DIYA GOEL\Downloads\EBDESIGN\frontend\src\services\api.js","api","PUT","/digital-identity/identity/${id}","TEMPLATE_ID_PARAMETER","/digital-identity/identity/:param"
"C:\Users\DIYA GOEL\Downloads\EBDESIGN\frontend\src\pages\modules\M318\M318.jsx","fetch","DELETE","/api/v1/backend-modules/M318/${id}","TEMPLATE_ID_PARAMETER","/api/v1/backend-modules/M318/:param"
"C:\Users\DIYA GOEL\Downloads\EBDESIGN\frontend\src\pages\modules\M158\M158.jsx","fetch","DELETE","/api/v1/backend-modules/M158/${id}","TEMPLATE_ID_PARAMETER","/api/v1/backend-modules/M158/:param"
"C:\Users\DIYA GOEL\Downloads\EBDESIGN\frontend\src\modules\M174\M174Page.jsx","fetch","GET","/api/m174?${params}","TEMPLATE_INTERPOLATION","/api/m174"
"C:\Users\DIYA GOEL\Downloads\EBDESIGN\frontend\src\modules\M041\M041Page.jsx","fetch","GET","/api/m041?${params}","TEMPLATE_INTERPOLATION","/api/m041"
"C:\Users\DIYA GOEL\Downloads\EBDESIGN\frontend\src\modules\M108\M108Page.jsx","fetch","GET","/api/m108/search?q=${encodeURIComponent(searchQuery)}","TEMPLATE_INTERPOLATION","/api/m108/search"
"C:\Users\DIYA GOEL\Downloads\EBDESIGN\frontend\src\services\coreApi.js","api","GET","/library/modules/${encodeURIComponent(moduleId)}","TEMPLATE_ID_PARAMETER","/library/modules/:param"
"C:\Users\DIYA GOEL\Downloads\EBDESIGN\frontend\src\services\api.js","api","POST","/asset-accounting/company/${companyId}/run-depreciation","TEMPLATE_ID_PARAMETER","/asset-accounting/company/:param/run-depreciation"
"C:\Users\DIYA GOEL\Downloads\EBDESIGN\frontend\src\services\api.js","api","POST","/cost-control/budget/${budgetId}/line","TEMPLATE_ID_PARAMETER","/cost-control/budget/:param/line"
"C:\Users\DIYA GOEL\Downloads\EBDESIGN\frontend\src\services\api.js","api","DELETE","/farmer-health/record/${id}","TEMPLATE_ID_PARAMETER","/farmer-health/record/:param"
"C:\Users\DIYA GOEL\Downloads\EBDESIGN\frontend\src\services\api.js","api","GET","/${entity}?page=${page}&size=${size}","TEMPLATE_INTERPOLATION","/:param"
"C:\Users\DIYA GOEL\Downloads\EBDESIGN\frontend\src\modules\M294\M294Page.jsx","fetch","GET","/api/m294?${params}","TEMPLATE_INTERPOLATION","/api/m294"
"C:\Users\DIYA GOEL\Downloads\EBDESIGN\frontend\src\modules\M184\M184Page.jsx","fetch","DELETE","/api/m184/${id}","TEMPLATE_ID_PARAMETER","/api/m184/:param"
"C:\Users\DIYA GOEL\Downloads\EBDESIGN\frontend\src\modules\M286\M286Page.jsx","fetch","GET","/api/m286?${params}","TEMPLATE_INTERPOLATION","/api/m286"
"C:\Users\DIYA GOEL\Downloads\EBDESIGN\frontend\src\pages\modules\M82\M82.jsx","fetch","DELETE","/api/v1/backend-modules/M082/${id}","TEMPLATE_ID_PARAMETER","/api/v1/backend-modules/M082/:param"
"C:\Users\DIYA GOEL\Downloads\EBDESIGN\frontend\src\modules\M279\M279Page.jsx","fetch","DELETE","/api/m279/${id}","TEMPLATE_ID_PARAMETER","/api/m279/:param"
"C:\Users\DIYA GOEL\Downloads\EBDESIGN\frontend\src\modules\M315\M315Page.jsx","fetch","DELETE","/api/m315/${id}","TEMPLATE_ID_PARAMETER","/api/m315/:param"
"C:\Users\DIYA GOEL\Downloads\EBDESIGN\frontend\src\modules\M312\M312Page.jsx","fetch","GET","/api/m312?${params}","TEMPLATE_INTERPOLATION","/api/m312"
"C:\Users\DIYA GOEL\Downloads\EBDESIGN\frontend\src\modules\M142\M142Page.jsx","fetch","GET","/api/m142/search?q=${encodeURIComponent(searchQuery)}","TEMPLATE_INTERPOLATION","/api/m142/search"
"C:\Users\DIYA GOEL\Downloads\EBDESIGN\frontend\src\modules\M032\M032Page.jsx","fetch","DELETE","/api/m032/${id}","TEMPLATE_ID_PARAMETER","/api/m032/:param"
"C:\Users\DIYA GOEL\Downloads\EBDESIGN\frontend\src\modules\M272\M272Page.jsx","fetch","GET","/api/m272/search?q=${encodeURIComponent(searchQuery)}","TEMPLATE_INTERPOLATION","/api/m272/search"
"C:\Users\DIYA GOEL\Downloads\EBDESIGN\frontend\src\modules\M080\M080Page.jsx","fetch","GET","/api/m080/search?q=${encodeURIComponent(searchQuery)}","TEMPLATE_INTERPOLATION","/api/m080/search"
"C:\Users\DIYA GOEL\Downloads\EBDESIGN\frontend\src\pages\modules\M69\M69.jsx","fetch","DELETE","/api/v1/backend-modules/M069/${id}","TEMPLATE_ID_PARAMETER","/api/v1/backend-modules/M069/:param"
"C:\Users\DIYA GOEL\Downloads\EBDESIGN\frontend\src\modules\M306\M306Page.jsx","fetch","GET","/api/m306?${params}","TEMPLATE_INTERPOLATION","/api/m306"
"C:\Users\DIYA GOEL\Downloads\EBDESIGN\frontend\src\modules\M277\M277Page.jsx","fetch","GET","/api/m277?${params}","TEMPLATE_INTERPOLATION","/api/m277"
"C:\Users\DIYA GOEL\Downloads\EBDESIGN\frontend\src\modules\M043\M043Page.jsx","fetch","GET","/api/m043/search?q=${encodeURIComponent(searchQuery)}","TEMPLATE_INTERPOLATION","/api/m043/search"
"C:\Users\DIYA GOEL\Downloads\EBDESIGN\frontend\src\pages\modules\M89\M89.jsx","fetch","DELETE","/api/v1/backend-modules/M089/${id}","TEMPLATE_ID_PARAMETER","/api/v1/backend-modules/M089/:param"
"C:\Users\DIYA GOEL\Downloads\EBDESIGN\frontend\src\pages\modules\M215\M215.jsx","fetch","DELETE","/api/v1/backend-modules/M215/${id}","TEMPLATE_ID_PARAMETER","/api/v1/backend-modules/M215/:param"
"C:\Users\DIYA GOEL\Downloads\EBDESIGN\frontend\src\modules\M094\M094Page.jsx","fetch","DELETE","/api/m094/${id}","TEMPLATE_ID_PARAMETER","/api/m094/:param"
"C:\Users\DIYA GOEL\Downloads\EBDESIGN\frontend\src\services\api.js","api","POST","/robotics/devices/${id}/certification","TEMPLATE_ID_PARAMETER","/robotics/devices/:param/certification"
"C:\Users\DIYA GOEL\Downloads\EBDESIGN\frontend\src\modules\M060\M060Page.jsx","fetch","DELETE","/api/m060/${id}","TEMPLATE_ID_PARAMETER","/api/m060/:param"
"C:\Users\DIYA GOEL\Downloads\EBDESIGN\frontend\src\modules\M319\M319Page.jsx","fetch","GET","/api/m319?${params}","TEMPLATE_INTERPOLATION","/api/m319"
"C:\Users\DIYA GOEL\Downloads\EBDESIGN\frontend\src\modules\M229\M229Page.jsx","fetch","DELETE","/api/m229/${id}","TEMPLATE_ID_PARAMETER","/api/m229/:param"
"C:\Users\DIYA GOEL\Downloads\EBDESIGN\frontend\src\services\api.js","api","GET","/hr/employees/${id}","TEMPLATE_ID_PARAMETER","/hr/employees/:param"
"C:\Users\DIYA GOEL\Downloads\EBDESIGN\frontend\src\services\api.js","api","PUT","/livestock-analytics/record/${id}","TEMPLATE_ID_PARAMETER","/livestock-analytics/record/:param"
"C:\Users\DIYA GOEL\Downloads\EBDESIGN\frontend\src\pages\modules\M161\M161.jsx","fetch","DELETE","/api/v1/backend-modules/M161/${id}","TEMPLATE_ID_PARAMETER","/api/v1/backend-modules/M161/:param"
"C:\Users\DIYA GOEL\Downloads\EBDESIGN\frontend\src\services\api.js","api","DELETE","/sso/provider/${id}","TEMPLATE_ID_PARAMETER","/sso/provider/:param"
"C:\Users\DIYA GOEL\Downloads\EBDESIGN\frontend\src\pages\modules\M40\M40.jsx","fetch","DELETE","/api/v1/backend-modules/M040/${id}","TEMPLATE_ID_PARAMETER","/api/v1/backend-modules/M040/:param"
"C:\Users\DIYA GOEL\Downloads\EBDESIGN\frontend\src\services\api.js","api","GET","/dashboard/widgets/${widget}","TEMPLATE_ID_PARAMETER","/dashboard/widgets/:param"
"C:\Users\DIYA GOEL\Downloads\EBDESIGN\frontend\src\modules\M269\M269Page.jsx","fetch","GET","/api/m269?${params}","TEMPLATE_INTERPOLATION","/api/m269"
"C:\Users\DIYA GOEL\Downloads\EBDESIGN\frontend\src\pages\modules\M37\M37.jsx","fetch","DELETE","/api/v1/backend-modules/M037/${id}","TEMPLATE_ID_PARAMETER","/api/v1/backend-modules/M037/:param"
"C:\Users\DIYA GOEL\Downloads\EBDESIGN\frontend\src\pages\modules\M314\M314.jsx","fetch","DELETE","/api/v1/backend-modules/M314/${id}","TEMPLATE_ID_PARAMETER","/api/v1/backend-modules/M314/:param"
"C:\Users\DIYA GOEL\Downloads\EBDESIGN\frontend\src\modules\M181\M181Page.jsx","fetch","GET","/api/m181/search?q=${encodeURIComponent(searchQuery)}","TEMPLATE_INTERPOLATION","/api/m181/search"
"C:\Users\DIYA GOEL\Downloads\EBDESIGN\frontend\src\pages\modules\M208\M208.jsx","fetch","DELETE","/api/v1/backend-modules/M208/${id}","TEMPLATE_ID_PARAMETER","/api/v1/backend-modules/M208/:param"
"C:\Users\DIYA GOEL\Downloads\EBDESIGN\frontend\src\modules\M191\M191Page.jsx","fetch","DELETE","/api/m191/${id}","TEMPLATE_ID_PARAMETER","/api/m191/:param"
"C:\Users\DIYA GOEL\Downloads\EBDESIGN\frontend\src\modules\M035\M035Page.jsx","fetch","GET","/api/m035?${params}","TEMPLATE_INTERPOLATION","/api/m035"
"C:\Users\DIYA GOEL\Downloads\EBDESIGN\frontend\src\services\api.js","api","POST","/complete-ai-integration/optimize-goat-production/${goatId}","TEMPLATE_ID_PARAMETER","/complete-ai-integration/optimize-goat-production/:param"
"C:\Users\DIYA GOEL\Downloads\EBDESIGN\frontend\src\modules\M339\M339Page.jsx","fetch","DELETE","/api/m339/${id}","TEMPLATE_ID_PARAMETER","/api/m339/:param"
"C:\Users\DIYA GOEL\Downloads\EBDESIGN\frontend\src\pages\modules\M291\M291.jsx","fetch","DELETE","/api/v1/backend-modules/M291/${id}","TEMPLATE_ID_PARAMETER","/api/v1/backend-modules/M291/:param"
"C:\Users\DIYA GOEL\Downloads\EBDESIGN\frontend\src\modules\M099\M099Page.jsx","fetch","DELETE","/api/m099/${id}","TEMPLATE_ID_PARAMETER","/api/m099/:param"
"C:\Users\DIYA GOEL\Downloads\EBDESIGN\frontend\src\services\api.js","api","POST","/complete-erp-integration/sync-crop-yield/${cropId}","TEMPLATE_ID_PARAMETER","/complete-erp-integration/sync-crop-yield/:param"
"C:\Users\DIYA GOEL\Downloads\EBDESIGN\frontend\src\services\api.js","api","POST","/process-manager/${id}/start","TEMPLATE_ID_PARAMETER","/process-manager/:param/start"
"C:\Users\DIYA GOEL\Downloads\EBDESIGN\frontend\src\services\api.js","api","POST","/connectors/${id}/connect","TEMPLATE_ID_PARAMETER","/connectors/:param/connect"
"C:\Users\DIYA GOEL\Downloads\EBDESIGN\frontend\src\modules\M340\M340Page.jsx","fetch","GET","/api/m340/search?q=${encodeURIComponent(searchQuery)}","TEMPLATE_INTERPOLATION","/api/m340/search"
"C:\Users\DIYA GOEL\Downloads\EBDESIGN\frontend\src\services\api.js","api","DELETE","/vegetable-production/record/${id}","TEMPLATE_ID_PARAMETER","/vegetable-production/record/:param"
"C:\Users\DIYA GOEL\Downloads\EBDESIGN\frontend\src\modules\M111\M111Page.jsx","fetch","DELETE","/api/m111/${id}","TEMPLATE_ID_PARAMETER","/api/m111/:param"
"C:\Users\DIYA GOEL\Downloads\EBDESIGN\frontend\src\services\api.js","api","GET","/machinery/${id}/maintenance","TEMPLATE_ID_PARAMETER","/machinery/:param/maintenance"
"C:\Users\DIYA GOEL\Downloads\EBDESIGN\frontend\src\modules\M168\M168Page.jsx","fetch","GET","/api/m168/search?q=${encodeURIComponent(searchQuery)}","TEMPLATE_INTERPOLATION","/api/m168/search"
"C:\Users\DIYA GOEL\Downloads\EBDESIGN\frontend\src\pages\modules\M184\M184.jsx","fetch","DELETE","/api/v1/backend-modules/M184/${id}","TEMPLATE_ID_PARAMETER","/api/v1/backend-modules/M184/:param"
"C:\Users\DIYA GOEL\Downloads\EBDESIGN\frontend\src\modules\M338\M338Page.jsx","fetch","DELETE","/api/m338/${id}","TEMPLATE_ID_PARAMETER","/api/m338/:param"
"C:\Users\DIYA GOEL\Downloads\EBDESIGN\frontend\src\services\api.js","api","DELETE","/district/${id}","TEMPLATE_ID_PARAMETER","/district/:param"
"C:\Users\DIYA GOEL\Downloads\EBDESIGN\frontend\src\modules\M339\M339Page.jsx","fetch","GET","/api/m339?${params}","TEMPLATE_INTERPOLATION","/api/m339"
"C:\Users\DIYA GOEL\Downloads\EBDESIGN\frontend\src\services\api.js","api","DELETE","/agro-meteorology/records/record/${id}","TEMPLATE_ID_PARAMETER","/agro-meteorology/records/record/:param"
"C:\Users\DIYA GOEL\Downloads\EBDESIGN\frontend\src\services\api.js","api","PUT","/permission-management/permission/${id}","TEMPLATE_ID_PARAMETER","/permission-management/permission/:param"
"C:\Users\DIYA GOEL\Downloads\EBDESIGN\frontend\src\pages\IoTMonitoringDashboard.jsx","api","GET","/iot/devices/${selectedDevice}/status","TEMPLATE_INTERPOLATION","/iot/devices/:param/status"
"C:\Users\DIYA GOEL\Downloads\EBDESIGN\frontend\src\modules\M205\M205Page.jsx","fetch","GET","/api/m205/search?q=${encodeURIComponent(searchQuery)}","TEMPLATE_INTERPOLATION","/api/m205/search"
"C:\Users\DIYA GOEL\Downloads\EBDESIGN\frontend\src\modules\M061\M061Page.jsx","fetch","GET","/api/m061?${params}","TEMPLATE_INTERPOLATION","/api/m061"
"C:\Users\DIYA GOEL\Downloads\EBDESIGN\frontend\src\services\api.js","api","PUT","/cold-storage/booking/${bookingId}/status","TEMPLATE_ID_PARAMETER","/cold-storage/booking/:param/status"
"C:\Users\DIYA GOEL\Downloads\EBDESIGN\frontend\src\services\api.js","api","POST","/civil-disruption/${id}/resolve","TEMPLATE_ID_PARAMETER","/civil-disruption/:param/resolve"
"C:\Users\DIYA GOEL\Downloads\EBDESIGN\frontend\src\modules\M106\M106Page.jsx","fetch","GET","/api/m106?${params}","TEMPLATE_INTERPOLATION","/api/m106"
"C:\Users\DIYA GOEL\Downloads\EBDESIGN\frontend\src\pages\modules\M163\M163.jsx","fetch","DELETE","/api/v1/backend-modules/M163/${id}","TEMPLATE_ID_PARAMETER","/api/v1/backend-modules/M163/:param"
"C:\Users\DIYA GOEL\Downloads\EBDESIGN\frontend\src\modules\M037\M037Page.jsx","fetch","GET","/api/m037/search?q=${encodeURIComponent(searchQuery)}","TEMPLATE_INTERPOLATION","/api/m037/search"
"C:\Users\DIYA GOEL\Downloads\EBDESIGN\frontend\src\modules\M222\M222Page.jsx","fetch","DELETE","/api/m222/${id}","TEMPLATE_ID_PARAMETER","/api/m222/:param"
"C:\Users\DIYA GOEL\Downloads\EBDESIGN\frontend\src\modules\M127\M127Page.jsx","fetch","DELETE","/api/m127/${id}","TEMPLATE_ID_PARAMETER","/api/m127/:param"
"C:\Users\DIYA GOEL\Downloads\EBDESIGN\frontend\src\services\api.js","api","PUT","/consul-configs/${id}","TEMPLATE_ID_PARAMETER","/consul-configs/:param"
"C:\Users\DIYA GOEL\Downloads\EBDESIGN\frontend\src\services\vendorProcurementService.js","api","POST","/vendor-procurement/vendors/${vendorId}/certifications","TEMPLATE_ID_PARAMETER","/vendor-procurement/vendors/:param/certifications"
"C:\Users\DIYA GOEL\Downloads\EBDESIGN\frontend\src\services\api.js","api","GET","/video-tutorials/${id}","TEMPLATE_ID_PARAMETER","/video-tutorials/:param"
"C:\Users\DIYA GOEL\Downloads\EBDESIGN\frontend\src\services\api.js","api","POST","/reviews/${id}","TEMPLATE_ID_PARAMETER","/reviews/:param"
"C:\Users\DIYA GOEL\Downloads\EBDESIGN\frontend\src\pages\modules\M121\M121.jsx","fetch","DELETE","/api/v1/backend-modules/M121/${id}","TEMPLATE_ID_PARAMETER","/api/v1/backend-modules/M121/:param"
"C:\Users\DIYA GOEL\Downloads\EBDESIGN\frontend\src\modules\M209\M209Page.jsx","fetch","DELETE","/api/m209/${id}","TEMPLATE_ID_PARAMETER","/api/m209/:param"
"C:\Users\DIYA GOEL\Downloads\EBDESIGN\frontend\src\pages\modules\M196\M196.jsx","fetch","DELETE","/api/v1/backend-modules/M196/${id}","TEMPLATE_ID_PARAMETER","/api/v1/backend-modules/M196/:param"
"C:\Users\DIYA GOEL\Downloads\EBDESIGN\frontend\src\services\commerceApi.js","api","GET","/farmers/${id}","TEMPLATE_ID_PARAMETER","/farmers/:param"
"C:\Users\DIYA GOEL\Downloads\EBDESIGN\frontend\src\services\api.js","api","GET","/farmers/${farmerId}/harvest-score/history","TEMPLATE_ID_PARAMETER","/farmers/:param/harvest-score/history"
"C:\Users\DIYA GOEL\Downloads\EBDESIGN\frontend\src\pages\modules\M286\M286.jsx","fetch","DELETE","/api/v1/backend-modules/M286/${id}","TEMPLATE_ID_PARAMETER","/api/v1/backend-modules/M286/:param"
"C:\Users\DIYA GOEL\Downloads\EBDESIGN\frontend\src\modules\M235\M235Page.jsx","fetch","GET","/api/m235?${params}","TEMPLATE_INTERPOLATION","/api/m235"
"C:\Users\DIYA GOEL\Downloads\EBDESIGN\frontend\src\modules\M325\M325Page.jsx","fetch","GET","/api/m325?${params}","TEMPLATE_INTERPOLATION","/api/m325"
"C:\Users\DIYA GOEL\Downloads\EBDESIGN\frontend\src\modules\M038\M038Page.jsx","fetch","DELETE","/api/m038/${id}","TEMPLATE_ID_PARAMETER","/api/m038/:param"
"C:\Users\DIYA GOEL\Downloads\EBDESIGN\frontend\src\pages\modules\M266\M266.jsx","fetch","DELETE","/api/v1/backend-modules/M266/${id}","TEMPLATE_ID_PARAMETER","/api/v1/backend-modules/M266/:param"
"C:\Users\DIYA GOEL\Downloads\EBDESIGN\frontend\src\modules\M135\M135Page.jsx","fetch","DELETE","/api/m135/${id}","TEMPLATE_ID_PARAMETER","/api/m135/:param"
"C:\Users\DIYA GOEL\Downloads\EBDESIGN\frontend\src\modules\M146\M146Page.jsx","fetch","GET","/api/m146/search?q=${encodeURIComponent(searchQuery)}","TEMPLATE_INTERPOLATION","/api/m146/search"
"C:\Users\DIYA GOEL\Downloads\EBDESIGN\frontend\src\services\warningAPI.js","axios","GET","${API_BASE_URL}/api/v1/warnings/stats","TEMPLATE_INTERPOLATION","/:param/api/v1/warnings/stats"
"C:\Users\DIYA GOEL\Downloads\EBDESIGN\frontend\src\modules\M260\M260Page.jsx","fetch","GET","/api/m260?${params}","TEMPLATE_INTERPOLATION","/api/m260"
"C:\Users\DIYA GOEL\Downloads\EBDESIGN\frontend\src\services\api.js","api","PUT","/webhook-config/${id}","TEMPLATE_ID_PARAMETER","/webhook-config/:param"
"C:\Users\DIYA GOEL\Downloads\EBDESIGN\frontend\src\services\api.js","api","GET","/files/${id}","TEMPLATE_ID_PARAMETER","/files/:param"
"C:\Users\DIYA GOEL\Downloads\EBDESIGN\frontend\src\services\api.js","api","PUT","/nutrient-management/plan/${id}","TEMPLATE_ID_PARAMETER","/nutrient-management/plan/:param"
"C:\Users\DIYA GOEL\Downloads\EBDESIGN\frontend\src\modules\M196\M196Page.jsx","fetch","DELETE","/api/m196/${id}","TEMPLATE_ID_PARAMETER","/api/m196/:param"
"C:\Users\DIYA GOEL\Downloads\EBDESIGN\frontend\src\pages\modules\M225\M225.jsx","fetch","DELETE","/api/v1/backend-modules/M225/${id}","TEMPLATE_ID_PARAMETER","/api/v1/backend-modules/M225/:param"
"C:\Users\DIYA GOEL\Downloads\EBDESIGN\frontend\src\services\api.js","api","GET","/versions/${entity}/${id}","TEMPLATE_ID_PARAMETER","/versions/:param/:param"
"C:\Users\DIYA GOEL\Downloads\EBDESIGN\frontend\src\pages\modules\M132\M132.jsx","fetch","DELETE","/api/v1/backend-modules/M132/${id}","TEMPLATE_ID_PARAMETER","/api/v1/backend-modules/M132/:param"
"C:\Users\DIYA GOEL\Downloads\EBDESIGN\frontend\src\modules\M167\M167Page.jsx","fetch","DELETE","/api/m167/${id}","TEMPLATE_ID_PARAMETER","/api/m167/:param"
"C:\Users\DIYA GOEL\Downloads\EBDESIGN\frontend\src\services\warningAPI.js","axios","GET","${API_BASE_URL}/api/v1/warnings/health","TEMPLATE_INTERPOLATION","/:param/api/v1/warnings/health"
"C:\Users\DIYA GOEL\Downloads\EBDESIGN\frontend\src\modules\M112\M112Page.jsx","fetch","GET","/api/m112/search?q=${encodeURIComponent(searchQuery)}","TEMPLATE_INTERPOLATION","/api/m112/search"
"C:\Users\DIYA GOEL\Downloads\EBDESIGN\frontend\src\services\api.js","api","PUT","/role-management/role/${id}","TEMPLATE_ID_PARAMETER","/role-management/role/:param"
"C:\Users\DIYA GOEL\Downloads\EBDESIGN\frontend\src\pages\modules\M247\M247.jsx","fetch","DELETE","/api/v1/backend-modules/M247/${id}","TEMPLATE_ID_PARAMETER","/api/v1/backend-modules/M247/:param"
"C:\Users\DIYA GOEL\Downloads\EBDESIGN\frontend\src\services\api.js","api","GET","/security-logs/${id}","TEMPLATE_ID_PARAMETER","/security-logs/:param"
"C:\Users\DIYA GOEL\Downloads\EBDESIGN\frontend\src\services\api.js","api","PUT","/orchard-management/${id}","TEMPLATE_ID_PARAMETER","/orchard-management/:param"
"C:\Users\DIYA GOEL\Downloads\EBDESIGN\frontend\src\services\api.js","api","PUT","/sso/provider/${id}","TEMPLATE_ID_PARAMETER","/sso/provider/:param"
"C:\Users\DIYA GOEL\Downloads\EBDESIGN\frontend\src\modules\M103\M103Page.jsx","fetch","GET","/api/m103/search?q=${encodeURIComponent(searchQuery)}","TEMPLATE_INTERPOLATION","/api/m103/search"
"C:\Users\DIYA GOEL\Downloads\EBDESIGN\frontend\src\pages\modules\M284\M284.jsx","fetch","DELETE","/api/v1/backend-modules/M284/${id}","TEMPLATE_ID_PARAMETER","/api/v1/backend-modules/M284/:param"
"C:\Users\DIYA GOEL\Downloads\EBDESIGN\frontend\src\modules\M193\M193Page.jsx","fetch","GET","/api/m193?${params}","TEMPLATE_INTERPOLATION","/api/m193"
"C:\Users\DIYA GOEL\Downloads\EBDESIGN\frontend\src\modules\M101\M101Page.jsx","fetch","GET","/api/m101/search?q=${encodeURIComponent(searchQuery)}","TEMPLATE_INTERPOLATION","/api/m101/search"
"C:\Users\DIYA GOEL\Downloads\EBDESIGN\frontend\src\services\api.js","api","DELETE","/producer-group/${id}","TEMPLATE_ID_PARAMETER","/producer-group/:param"
"C:\Users\DIYA GOEL\Downloads\EBDESIGN\frontend\src\modules\M299\M299Page.jsx","fetch","GET","/api/m299?${params}","TEMPLATE_INTERPOLATION","/api/m299"
"C:\Users\DIYA GOEL\Downloads\EBDESIGN\frontend\src\modules\M132\M132Page.jsx","fetch","GET","/api/m132?${params}","TEMPLATE_INTERPOLATION","/api/m132"
"C:\Users\DIYA GOEL\Downloads\EBDESIGN\frontend\src\modules\M204\M204Page.jsx","fetch","GET","/api/m204/search?q=${encodeURIComponent(searchQuery)}","TEMPLATE_INTERPOLATION","/api/m204/search"
"C:\Users\DIYA GOEL\Downloads\EBDESIGN\frontend\src\modules\M105\M105Page.jsx","fetch","GET","/api/m105/search?q=${encodeURIComponent(searchQuery)}","TEMPLATE_INTERPOLATION","/api/m105/search"
"C:\Users\DIYA GOEL\Downloads\EBDESIGN\frontend\src\modules\M052\M052Page.jsx","fetch","GET","/api/m052?${params}","TEMPLATE_INTERPOLATION","/api/m052"
"C:\Users\DIYA GOEL\Downloads\EBDESIGN\frontend\src\services\api.js","api","GET","/ecommerce-integration/recipe-products/${recipeId}","TEMPLATE_ID_PARAMETER","/ecommerce-integration/recipe-products/:param"
"C:\Users\DIYA GOEL\Downloads\EBDESIGN\frontend\src\modules\M285\M285Page.jsx","fetch","GET","/api/m285?${params}","TEMPLATE_INTERPOLATION","/api/m285"
"C:\Users\DIYA GOEL\Downloads\EBDESIGN\frontend\src\services\api.js","api","DELETE","/crop-monitoring/observations/${id}","TEMPLATE_ID_PARAMETER","/crop-monitoring/observations/:param"
"C:\Users\DIYA GOEL\Downloads\EBDESIGN\frontend\src\modules\M224\M224Page.jsx","fetch","GET","/api/m224/search?q=${encodeURIComponent(searchQuery)}","TEMPLATE_INTERPOLATION","/api/m224/search"
"C:\Users\DIYA GOEL\Downloads\EBDESIGN\frontend\src\pages\modules\M313\M313.jsx","fetch","DELETE","/api/v1/backend-modules/M313/${id}","TEMPLATE_ID_PARAMETER","/api/v1/backend-modules/M313/:param"
"C:\Users\DIYA GOEL\Downloads\EBDESIGN\frontend\src\services\warningAPI.js","axios","POST","${API_BASE_URL}/api/v1/warnings/cleanup","TEMPLATE_INTERPOLATION","/:param/api/v1/warnings/cleanup"
"C:\Users\DIYA GOEL\Downloads\EBDESIGN\frontend\src\modules\M078\M078Page.jsx","fetch","GET","/api/m078?${params}","TEMPLATE_INTERPOLATION","/api/m078"
"C:\Users\DIYA GOEL\Downloads\EBDESIGN\frontend\src\modules\M344\M344Page.jsx","fetch","DELETE","/api/m344/${id}","TEMPLATE_ID_PARAMETER","/api/m344/:param"
"C:\Users\DIYA GOEL\Downloads\EBDESIGN\frontend\src\modules\M100\M100Page.jsx","fetch","GET","/api/m100?${params}","TEMPLATE_INTERPOLATION","/api/m100"
"C:\Users\DIYA GOEL\Downloads\EBDESIGN\frontend\src\modules\M131\M131Page.jsx","fetch","GET","/api/m131/search?q=${encodeURIComponent(searchQuery)}","TEMPLATE_INTERPOLATION","/api/m131/search"
"C:\Users\DIYA GOEL\Downloads\EBDESIGN\frontend\src\pages\modules\M241\M241.jsx","fetch","DELETE","/api/v1/backend-modules/M241/${id}","TEMPLATE_ID_PARAMETER","/api/v1/backend-modules/M241/:param"
"C:\Users\DIYA GOEL\Downloads\EBDESIGN\frontend\src\pages\platform\ModuleWorkspace.jsx","fetch","GET","${API_BASE}/modules/${encodeURIComponent(moduleKey)}/workspace","TEMPLATE_INTERPOLATION","/:param/modules/:param/workspace"
"C:\Users\DIYA GOEL\Downloads\EBDESIGN\frontend\src\services\api.js","api","DELETE","/sap-module-architecture/module/${id}","TEMPLATE_ID_PARAMETER","/sap-module-architecture/module/:param"
"C:\Users\DIYA GOEL\Downloads\EBDESIGN\frontend\src\modules\M099\M099Page.jsx","fetch","GET","/api/m099?${params}","TEMPLATE_INTERPOLATION","/api/m099"
"C:\Users\DIYA GOEL\Downloads\EBDESIGN\frontend\src\services\api.js","api","POST","/return-load-board/posting/${postingId}/cancel","TEMPLATE_ID_PARAMETER","/return-load-board/posting/:param/cancel"
"C:\Users\DIYA GOEL\Downloads\EBDESIGN\frontend\src\modules\M247\M247Page.jsx","fetch","DELETE","/api/m247/${id}","TEMPLATE_ID_PARAMETER","/api/m247/:param"
"C:\Users\DIYA GOEL\Downloads\EBDESIGN\frontend\src\services\api.js","api","GET","/sap-module-architecture/module/${id}/version","TEMPLATE_ID_PARAMETER","/sap-module-architecture/module/:param/version"
"C:\Users\DIYA GOEL\Downloads\EBDESIGN\frontend\src\pages\modules\M70\M70.jsx","fetch","DELETE","/api/v1/backend-modules/M070/${id}","TEMPLATE_ID_PARAMETER","/api/v1/backend-modules/M070/:param"
"C:\Users\DIYA GOEL\Downloads\EBDESIGN\frontend\src\services\api.js","api","DELETE","/nursery/nursery/${id}","TEMPLATE_ID_PARAMETER","/nursery/nursery/:param"
"C:\Users\DIYA GOEL\Downloads\EBDESIGN\frontend\src\services\operationsApi.js","api","GET","/logistics/shipments/${id}","TEMPLATE_ID_PARAMETER","/logistics/shipments/:param"
"C:\Users\DIYA GOEL\Downloads\EBDESIGN\frontend\src\services\api.js","api","GET","/professional-associations/${id}","TEMPLATE_ID_PARAMETER","/professional-associations/:param"
"C:\Users\DIYA GOEL\Downloads\EBDESIGN\frontend\src\services\api.js","api","PUT","/fish-feed/log/${id}","TEMPLATE_ID_PARAMETER","/fish-feed/log/:param"
"C:\Users\DIYA GOEL\Downloads\EBDESIGN\frontend\src\services\api.js","api","POST","/complete-erp-integration/sync-livestock/${livestockId}","TEMPLATE_ID_PARAMETER","/complete-erp-integration/sync-livestock/:param"
"C:\Users\DIYA GOEL\Downloads\EBDESIGN\frontend\src\modules\M318\M318Page.jsx","fetch","DELETE","/api/m318/${id}","TEMPLATE_ID_PARAMETER","/api/m318/:param"
"C:\Users\DIYA GOEL\Downloads\EBDESIGN\frontend\src\services\api.js","api","GET","/cost-control/budget/${budgetId}","TEMPLATE_ID_PARAMETER","/cost-control/budget/:param"
"C:\Users\DIYA GOEL\Downloads\EBDESIGN\frontend\src\services\commerceApi.js","api","POST","/farmers/${id}/fdi","TEMPLATE_ID_PARAMETER","/farmers/:param/fdi"
"C:\Users\DIYA GOEL\Downloads\EBDESIGN\frontend\src\modules\M213\M213Page.jsx","fetch","DELETE","/api/m213/${id}","TEMPLATE_ID_PARAMETER","/api/m213/:param"
"C:\Users\DIYA GOEL\Downloads\EBDESIGN\frontend\src\services\api.js","api","GET","/sap-module-architecture/module/${id}/compatibility","TEMPLATE_ID_PARAMETER","/sap-module-architecture/module/:param/compatibility"
"C:\Users\DIYA GOEL\Downloads\EBDESIGN\frontend\src\modules\M300\M300Page.jsx","fetch","GET","/api/m300/search?q=${encodeURIComponent(searchQuery)}","TEMPLATE_INTERPOLATION","/api/m300/search"
"C:\Users\DIYA GOEL\Downloads\EBDESIGN\frontend\src\pages\modules\M86\M86.jsx","fetch","DELETE","/api/v1/backend-modules/M086/${id}","TEMPLATE_ID_PARAMETER","/api/v1/backend-modules/M086/:param"
"C:\Users\DIYA GOEL\Downloads\EBDESIGN\frontend\src\services\api.js","api","DELETE","/hatchery-management/batch/${id}","TEMPLATE_ID_PARAMETER","/hatchery-management/batch/:param"
"C:\Users\DIYA GOEL\Downloads\EBDESIGN\frontend\src\modules\M146\M146Page.jsx","fetch","GET","/api/m146?${params}","TEMPLATE_INTERPOLATION","/api/m146"
"C:\Users\DIYA GOEL\Downloads\EBDESIGN\frontend\src\pages\modules\M321\M321.jsx","fetch","DELETE","/api/v1/backend-modules/M321/${id}","TEMPLATE_ID_PARAMETER","/api/v1/backend-modules/M321/:param"
"C:\Users\DIYA GOEL\Downloads\EBDESIGN\frontend\src\modules\M323\M323Page.jsx","fetch","GET","/api/m323?${params}","TEMPLATE_INTERPOLATION","/api/m323"
"C:\Users\DIYA GOEL\Downloads\EBDESIGN\frontend\src\modules\M223\M223Page.jsx","fetch","DELETE","/api/m223/${id}","TEMPLATE_ID_PARAMETER","/api/m223/:param"
"C:\Users\DIYA GOEL\Downloads\EBDESIGN\frontend\src\services\api.js","api","PUT","/biofertilizer/item/${id}","TEMPLATE_ID_PARAMETER","/biofertilizer/item/:param"
"C:\Users\DIYA GOEL\Downloads\EBDESIGN\frontend\src\modules\M283\M283Page.jsx","fetch","GET","/api/m283/search?q=${encodeURIComponent(searchQuery)}","TEMPLATE_INTERPOLATION","/api/m283/search"
"C:\Users\DIYA GOEL\Downloads\EBDESIGN\frontend\src\modules\M095\M095Page.jsx","fetch","DELETE","/api/m095/${id}","TEMPLATE_ID_PARAMETER","/api/m095/:param"
"C:\Users\DIYA GOEL\Downloads\EBDESIGN\frontend\src\modules\M146\M146Page.jsx","fetch","DELETE","/api/m146/${id}","TEMPLATE_ID_PARAMETER","/api/m146/:param"
"C:\Users\DIYA GOEL\Downloads\EBDESIGN\frontend\src\modules\M247\M247Page.jsx","fetch","GET","/api/m247/search?q=${encodeURIComponent(searchQuery)}","TEMPLATE_INTERPOLATION","/api/m247/search"
"C:\Users\DIYA GOEL\Downloads\EBDESIGN\frontend\src\modules\M255\M255Page.jsx","fetch","GET","/api/m255?${params}","TEMPLATE_INTERPOLATION","/api/m255"
"C:\Users\DIYA GOEL\Downloads\EBDESIGN\frontend\src\pages\modules\M142\M142.jsx","fetch","DELETE","/api/v1/backend-modules/M142/${id}","TEMPLATE_ID_PARAMETER","/api/v1/backend-modules/M142/:param"
"C:\Users\DIYA GOEL\Downloads\EBDESIGN\frontend\src\pages\modules\M129\M129.jsx","fetch","DELETE","/api/v1/backend-modules/M129/${id}","TEMPLATE_ID_PARAMETER","/api/v1/backend-modules/M129/:param"
"C:\Users\DIYA GOEL\Downloads\EBDESIGN\frontend\src\modules\M256\M256Page.jsx","fetch","DELETE","/api/m256/${id}","TEMPLATE_ID_PARAMETER","/api/m256/:param"
"C:\Users\DIYA GOEL\Downloads\EBDESIGN\frontend\src\modules\M077\M077Page.jsx","fetch","DELETE","/api/m077/${id}","TEMPLATE_ID_PARAMETER","/api/m077/:param"
"C:\Users\DIYA GOEL\Downloads\EBDESIGN\frontend\src\modules\M334\M334Page.jsx","fetch","GET","/api/m334?${params}","TEMPLATE_INTERPOLATION","/api/m334"
"C:\Users\DIYA GOEL\Downloads\EBDESIGN\frontend\src\modules\M213\M213Page.jsx","fetch","GET","/api/m213/search?q=${encodeURIComponent(searchQuery)}","TEMPLATE_INTERPOLATION","/api/m213/search"
"C:\Users\DIYA GOEL\Downloads\EBDESIGN\frontend\src\modules\M120\M120Page.jsx","fetch","GET","/api/m120?${params}","TEMPLATE_INTERPOLATION","/api/m120"
"C:\Users\DIYA GOEL\Downloads\EBDESIGN\frontend\src\modules\M071\M071Page.jsx","fetch","GET","/api/m071?${params}","TEMPLATE_INTERPOLATION","/api/m071"
"C:\Users\DIYA GOEL\Downloads\EBDESIGN\frontend\src\modules\M302\M302Page.jsx","fetch","GET","/api/m302/search?q=${encodeURIComponent(searchQuery)}","TEMPLATE_INTERPOLATION","/api/m302/search"
"C:\Users\DIYA GOEL\Downloads\EBDESIGN\frontend\src\pages\FarmerProcurementPage.jsx","api","POST","/farmer-procurement/offers/${encodeURIComponent(approvalId.trim())}/approve","TEMPLATE_ID_PARAMETER","/farmer-procurement/offers/:param/approve"
"C:\Users\DIYA GOEL\Downloads\EBDESIGN\frontend\src\services\api.js","api","GET","/cost-control/budget/${budgetId}/lines","TEMPLATE_ID_PARAMETER","/cost-control/budget/:param/lines"
"C:\Users\DIYA GOEL\Downloads\EBDESIGN\frontend\src\services\api.js","api","GET","/farmers/${farmerId}/fields","TEMPLATE_ID_PARAMETER","/farmers/:param/fields"
"C:\Users\DIYA GOEL\Downloads\EBDESIGN\frontend\src\services\api.js","api","POST","/backup-restore/restore/${id}","TEMPLATE_ID_PARAMETER","/backup-restore/restore/:param"
"C:\Users\DIYA GOEL\Downloads\EBDESIGN\frontend\src\modules\M137\M137Page.jsx","fetch","GET","/api/m137?${params}","TEMPLATE_INTERPOLATION","/api/m137"
"C:\Users\DIYA GOEL\Downloads\EBDESIGN\frontend\src\services\api.js","api","PUT","/watershed-records/${id}","TEMPLATE_ID_PARAMETER","/watershed-records/:param"
"C:\Users\DIYA GOEL\Downloads\EBDESIGN\frontend\src\pages\modules\M268\M268.jsx","fetch","DELETE","/api/v1/backend-modules/M268/${id}","TEMPLATE_ID_PARAMETER","/api/v1/backend-modules/M268/:param"
"C:\Users\DIYA GOEL\Downloads\EBDESIGN\frontend\src\modules\M203\M203Page.jsx","fetch","GET","/api/m203/search?q=${encodeURIComponent(searchQuery)}","TEMPLATE_INTERPOLATION","/api/m203/search"
"C:\Users\DIYA GOEL\Downloads\EBDESIGN\frontend\src\services\api.js","api","GET","/testing/results/${id}","TEMPLATE_ID_PARAMETER","/testing/results/:param"
"C:\Users\DIYA GOEL\Downloads\EBDESIGN\frontend\src\services\api.js","api","PUT","/cold-fish-chain/shipment/${id}","TEMPLATE_ID_PARAMETER","/cold-fish-chain/shipment/:param"
"C:\Users\DIYA GOEL\Downloads\EBDESIGN\frontend\src\pages\modules\M180\M180.jsx","fetch","DELETE","/api/v1/backend-modules/M180/${id}","TEMPLATE_ID_PARAMETER","/api/v1/backend-modules/M180/:param"
"C:\Users\DIYA GOEL\Downloads\EBDESIGN\frontend\src\modules\M150\M150Page.jsx","fetch","GET","/api/m150?${params}","TEMPLATE_INTERPOLATION","/api/m150"
"C:\Users\DIYA GOEL\Downloads\EBDESIGN\frontend\src\modules\M158\M158Page.jsx","fetch","GET","/api/m158?${params}","TEMPLATE_INTERPOLATION","/api/m158"
"C:\Users\DIYA GOEL\Downloads\EBDESIGN\frontend\src\modules\M262\M262Page.jsx","fetch","GET","/api/m262/search?q=${encodeURIComponent(searchQuery)}","TEMPLATE_INTERPOLATION","/api/m262/search"
"C:\Users\DIYA GOEL\Downloads\EBDESIGN\frontend\src\modules\M124\M124Page.jsx","fetch","GET","/api/m124/search?q=${encodeURIComponent(searchQuery)}","TEMPLATE_INTERPOLATION","/api/m124/search"
"C:\Users\DIYA GOEL\Downloads\EBDESIGN\frontend\src\services\api.js","api","GET","/bulk-order/${orderId}","TEMPLATE_ID_PARAMETER","/bulk-order/:param"
"C:\Users\DIYA GOEL\Downloads\EBDESIGN\frontend\src\modules\M154\M154Page.jsx","fetch","GET","/api/m154?${params}","TEMPLATE_INTERPOLATION","/api/m154"
"C:\Users\DIYA GOEL\Downloads\EBDESIGN\frontend\src\services\api.js","api","POST","/automations/${id}/run","TEMPLATE_ID_PARAMETER","/automations/:param/run"
"C:\Users\DIYA GOEL\Downloads\EBDESIGN\frontend\src\pages\modules\M334\M334.jsx","fetch","DELETE","/api/v1/backend-modules/M334/${id}","TEMPLATE_ID_PARAMETER","/api/v1/backend-modules/M334/:param"
"C:\Users\DIYA GOEL\Downloads\EBDESIGN\frontend\src\services\api.js","api","PUT","/sowing/record/${id}","TEMPLATE_ID_PARAMETER","/sowing/record/:param"
"C:\Users\DIYA GOEL\Downloads\EBDESIGN\frontend\src\modules\M288\M288Page.jsx","fetch","DELETE","/api/m288/${id}","TEMPLATE_ID_PARAMETER","/api/m288/:param"
"C:\Users\DIYA GOEL\Downloads\EBDESIGN\frontend\src\services\api.js","api","GET","/areas/${id}","TEMPLATE_ID_PARAMETER","/areas/:param"
"C:\Users\DIYA GOEL\Downloads\EBDESIGN\frontend\src\modules\M250\M250Page.jsx","fetch","DELETE","/api/m250/${id}","TEMPLATE_ID_PARAMETER","/api/m250/:param"
"C:\Users\DIYA GOEL\Downloads\EBDESIGN\frontend\src\services\api.js","api","POST","/adaptive-strategies/${id}/apply","TEMPLATE_ID_PARAMETER","/adaptive-strategies/:param/apply"
"C:\Users\DIYA GOEL\Downloads\EBDESIGN\frontend\src\services\api.js","api","GET","/settlements/${id}","TEMPLATE_ID_PARAMETER","/settlements/:param"
"C:\Users\DIYA GOEL\Downloads\EBDESIGN\frontend\src\services\api.js","api","PUT","/farm-productivity/metric/${id}","TEMPLATE_ID_PARAMETER","/farm-productivity/metric/:param"
"C:\Users\DIYA GOEL\Downloads\EBDESIGN\frontend\src\services\api.js","api","PUT","/flood-monitoring/records/record/${id}","TEMPLATE_ID_PARAMETER","/flood-monitoring/records/record/:param"
"C:\Users\DIYA GOEL\Downloads\EBDESIGN\frontend\src\modules\M080\M080Page.jsx","fetch","GET","/api/m080?${params}","TEMPLATE_INTERPOLATION","/api/m080"
"C:\Users\DIYA GOEL\Downloads\EBDESIGN\frontend\src\pages\modules\M317\M317.jsx","fetch","DELETE","/api/v1/backend-modules/M317/${id}","TEMPLATE_ID_PARAMETER","/api/v1/backend-modules/M317/:param"
"C:\Users\DIYA GOEL\Downloads\EBDESIGN\frontend\src\modules\M168\M168Page.jsx","fetch","DELETE","/api/m168/${id}","TEMPLATE_ID_PARAMETER","/api/m168/:param"
"C:\Users\DIYA GOEL\Downloads\EBDESIGN\frontend\src\modules\M034\M034Page.jsx","fetch","DELETE","/api/m034/${id}","TEMPLATE_ID_PARAMETER","/api/m034/:param"
"C:\Users\DIYA GOEL\Downloads\EBDESIGN\frontend\src\modules\M117\M117Page.jsx","fetch","GET","/api/m117/search?q=${encodeURIComponent(searchQuery)}","TEMPLATE_INTERPOLATION","/api/m117/search"
"C:\Users\DIYA GOEL\Downloads\EBDESIGN\frontend\src\modules\M213\M213Page.jsx","fetch","GET","/api/m213?${params}","TEMPLATE_INTERPOLATION","/api/m213"
"C:\Users\DIYA GOEL\Downloads\EBDESIGN\frontend\src\modules\M144\M144Page.jsx","fetch","DELETE","/api/m144/${id}","TEMPLATE_ID_PARAMETER","/api/m144/:param"
"C:\Users\DIYA GOEL\Downloads\EBDESIGN\frontend\src\modules\M292\M292Page.jsx","fetch","GET","/api/m292/search?q=${encodeURIComponent(searchQuery)}","TEMPLATE_INTERPOLATION","/api/m292/search"
"C:\Users\DIYA GOEL\Downloads\EBDESIGN\frontend\src\pages\modules\M164\M164.jsx","fetch","DELETE","/api/v1/backend-modules/M164/${id}","TEMPLATE_ID_PARAMETER","/api/v1/backend-modules/M164/:param"
"C:\Users\DIYA GOEL\Downloads\EBDESIGN\frontend\src\modules\M309\M309Page.jsx","fetch","GET","/api/m309/search?q=${encodeURIComponent(searchQuery)}","TEMPLATE_INTERPOLATION","/api/m309/search"
"C:\Users\DIYA GOEL\Downloads\EBDESIGN\frontend\src\modules\M194\M194Page.jsx","fetch","GET","/api/m194?${params}","TEMPLATE_INTERPOLATION","/api/m194"
"C:\Users\DIYA GOEL\Downloads\EBDESIGN\frontend\src\services\api.js","api","GET","/asset-accounting/asset/${assetId}/depreciation-schedule","TEMPLATE_ID_PARAMETER","/asset-accounting/asset/:param/depreciation-schedule"
"C:\Users\DIYA GOEL\Downloads\EBDESIGN\frontend\src\modules\M245\M245Page.jsx","fetch","GET","/api/m245/search?q=${encodeURIComponent(searchQuery)}","TEMPLATE_INTERPOLATION","/api/m245/search"
"C:\Users\DIYA GOEL\Downloads\EBDESIGN\frontend\src\modules\M052\M052Page.jsx","fetch","DELETE","/api/m052/${id}","TEMPLATE_ID_PARAMETER","/api/m052/:param"
"C:\Users\DIYA GOEL\Downloads\EBDESIGN\frontend\src\services\api.js","api","DELETE","/fish-processing/batch/${id}","TEMPLATE_ID_PARAMETER","/fish-processing/batch/:param"
"C:\Users\DIYA GOEL\Downloads\EBDESIGN\frontend\src\modules\M175\M175Page.jsx","fetch","GET","/api/m175/search?q=${encodeURIComponent(searchQuery)}","TEMPLATE_INTERPOLATION","/api/m175/search"
"C:\Users\DIYA GOEL\Downloads\EBDESIGN\frontend\src\modules\M086\M086Page.jsx","fetch","DELETE","/api/m086/${id}","TEMPLATE_ID_PARAMETER","/api/m086/:param"
"C:\Users\DIYA GOEL\Downloads\EBDESIGN\frontend\src\modules\M058\M058Page.jsx","fetch","GET","/api/m058/search?q=${encodeURIComponent(searchQuery)}","TEMPLATE_INTERPOLATION","/api/m058/search"
"C:\Users\DIYA GOEL\Downloads\EBDESIGN\frontend\src\services\api.js","api","DELETE","/tenant-management/tenant/${id}","TEMPLATE_ID_PARAMETER","/tenant-management/tenant/:param"
"C:\Users\DIYA GOEL\Downloads\EBDESIGN\frontend\src\modules\M085\M085Page.jsx","fetch","GET","/api/m085/search?q=${encodeURIComponent(searchQuery)}","TEMPLATE_INTERPOLATION","/api/m085/search"
"C:\Users\DIYA GOEL\Downloads\EBDESIGN\frontend\src\pages\modules\M35\M35.jsx","fetch","DELETE","/api/v1/backend-modules/M035/${id}","TEMPLATE_ID_PARAMETER","/api/v1/backend-modules/M035/:param"
"C:\Users\DIYA GOEL\Downloads\EBDESIGN\frontend\src\services\api.js","api","POST","/complete-erp-integration/sync-livestock-production/${livestockId}","TEMPLATE_ID_PARAMETER","/complete-erp-integration/sync-livestock-production/:param"
"C:\Users\DIYA GOEL\Downloads\EBDESIGN\frontend\src\modules\M047\M047Page.jsx","fetch","GET","/api/m047?${params}","TEMPLATE_INTERPOLATION","/api/m047"
"C:\Users\DIYA GOEL\Downloads\EBDESIGN\frontend\src\services\api.js","api","DELETE","/farm-operations-dashboard/kpi/${id}","TEMPLATE_ID_PARAMETER","/farm-operations-dashboard/kpi/:param"
"C:\Users\DIYA GOEL\Downloads\EBDESIGN\frontend\src\services\warningAPI.js","axios","POST","${API_BASE_URL}/api/v1/warnings/generate","TEMPLATE_INTERPOLATION","/:param/api/v1/warnings/generate"
"C:\Users\DIYA GOEL\Downloads\EBDESIGN\frontend\src\modules\M065\M065Page.jsx","fetch","DELETE","/api/m065/${id}","TEMPLATE_ID_PARAMETER","/api/m065/:param"
"C:\Users\DIYA GOEL\Downloads\EBDESIGN\frontend\src\services\api.js","api","POST","/dairy-ai/optimize-feed-composition/${animalId}","TEMPLATE_ID_PARAMETER","/dairy-ai/optimize-feed-composition/:param"
"C:\Users\DIYA GOEL\Downloads\EBDESIGN\frontend\src\services\api.js","api","POST","/sort/${entity}","TEMPLATE_INTERPOLATION","/sort/:param"
"C:\Users\DIYA GOEL\Downloads\EBDESIGN\frontend\src\modules\M171\M171Page.jsx","fetch","GET","/api/m171/search?q=${encodeURIComponent(searchQuery)}","TEMPLATE_INTERPOLATION","/api/m171/search"
"C:\Users\DIYA GOEL\Downloads\EBDESIGN\frontend\src\pages\modules\M271\M271.jsx","fetch","DELETE","/api/v1/backend-modules/M271/${id}","TEMPLATE_ID_PARAMETER","/api/v1/backend-modules/M271/:param"
"C:\Users\DIYA GOEL\Downloads\EBDESIGN\frontend\src\modules\M056\M056Page.jsx","fetch","DELETE","/api/m056/${id}","TEMPLATE_ID_PARAMETER","/api/m056/:param"
"C:\Users\DIYA GOEL\Downloads\EBDESIGN\frontend\src\services\api.js","api","GET","/tracing/traces/${id}","TEMPLATE_ID_PARAMETER","/tracing/traces/:param"
"C:\Users\DIYA GOEL\Downloads\EBDESIGN\frontend\src\modules\M155\M155Page.jsx","fetch","GET","/api/m155/search?q=${encodeURIComponent(searchQuery)}","TEMPLATE_INTERPOLATION","/api/m155/search"
"C:\Users\DIYA GOEL\Downloads\EBDESIGN\frontend\src\modules\M131\M131Page.jsx","fetch","DELETE","/api/m131/${id}","TEMPLATE_ID_PARAMETER","/api/m131/:param"
"C:\Users\DIYA GOEL\Downloads\EBDESIGN\frontend\src\pages\modules\M250\M250.jsx","fetch","DELETE","/api/v1/backend-modules/M250/${id}","TEMPLATE_ID_PARAMETER","/api/v1/backend-modules/M250/:param"
"C:\Users\DIYA GOEL\Downloads\EBDESIGN\frontend\src\modules\M323\M323Page.jsx","fetch","DELETE","/api/m323/${id}","TEMPLATE_ID_PARAMETER","/api/m323/:param"
"C:\Users\DIYA GOEL\Downloads\EBDESIGN\frontend\src\services\api.js","api","PUT","/organic-input/item/${id}","TEMPLATE_ID_PARAMETER","/organic-input/item/:param"
"C:\Users\DIYA GOEL\Downloads\EBDESIGN\frontend\src\modules\M273\M273Page.jsx","fetch","DELETE","/api/m273/${id}","TEMPLATE_ID_PARAMETER","/api/m273/:param"
"C:\Users\DIYA GOEL\Downloads\EBDESIGN\frontend\src\services\api.js","api","GET","/enterprise-integration/health/${integrationId}","TEMPLATE_ID_PARAMETER","/enterprise-integration/health/:param"
"C:\Users\DIYA GOEL\Downloads\EBDESIGN\frontend\src\modules\M276\M276Page.jsx","fetch","GET","/api/m276/search?q=${encodeURIComponent(searchQuery)}","TEMPLATE_INTERPOLATION","/api/m276/search"
"C:\Users\DIYA GOEL\Downloads\EBDESIGN\frontend\src\modules\M071\M071Page.jsx","fetch","DELETE","/api/m071/${id}","TEMPLATE_ID_PARAMETER","/api/m071/:param"
"C:\Users\DIYA GOEL\Downloads\EBDESIGN\frontend\src\services\api.js","api","DELETE","/micronutrient/item/${id}","TEMPLATE_ID_PARAMETER","/micronutrient/item/:param"
"C:\Users\DIYA GOEL\Downloads\EBDESIGN\frontend\src\pages\modules\M109\M109.jsx","fetch","DELETE","/api/v1/backend-modules/M109/${id}","TEMPLATE_ID_PARAMETER","/api/v1/backend-modules/M109/:param"
"C:\Users\DIYA GOEL\Downloads\EBDESIGN\frontend\src\modules\M089\M089Page.jsx","fetch","GET","/api/m089/search?q=${encodeURIComponent(searchQuery)}","TEMPLATE_INTERPOLATION","/api/m089/search"
"C:\Users\DIYA GOEL\Downloads\EBDESIGN\frontend\src\services\api.js","api","GET","/villages/${id}","TEMPLATE_ID_PARAMETER","/villages/:param"
"C:\Users\DIYA GOEL\Downloads\EBDESIGN\frontend\src\modules\M271\M271Page.jsx","fetch","DELETE","/api/m271/${id}","TEMPLATE_ID_PARAMETER","/api/m271/:param"
"C:\Users\DIYA GOEL\Downloads\EBDESIGN\frontend\src\pages\modules\M54\M54.jsx","fetch","DELETE","/api/v1/backend-modules/M054/${id}","TEMPLATE_ID_PARAMETER","/api/v1/backend-modules/M054/:param"
"C:\Users\DIYA GOEL\Downloads\EBDESIGN\frontend\src\modules\M254\M254Page.jsx","fetch","GET","/api/m254/search?q=${encodeURIComponent(searchQuery)}","TEMPLATE_INTERPOLATION","/api/m254/search"
"C:\Users\DIYA GOEL\Downloads\EBDESIGN\frontend\src\services\api.js","api","DELETE","/preventive-maintenance/record/${id}","TEMPLATE_ID_PARAMETER","/preventive-maintenance/record/:param"
"C:\Users\DIYA GOEL\Downloads\EBDESIGN\frontend\src\pages\modules\M165\M165.jsx","fetch","DELETE","/api/v1/backend-modules/M165/${id}","TEMPLATE_ID_PARAMETER","/api/v1/backend-modules/M165/:param"
"C:\Users\DIYA GOEL\Downloads\EBDESIGN\frontend\src\services\api.js","api","GET","/cold-storage/facility/${facilityId}","TEMPLATE_ID_PARAMETER","/cold-storage/facility/:param"
"C:\Users\DIYA GOEL\Downloads\EBDESIGN\frontend\src\services\api.js","api","GET","/vendors/${id}","TEMPLATE_ID_PARAMETER","/vendors/:param"
"C:\Users\DIYA GOEL\Downloads\EBDESIGN\frontend\src\modules\M062\M062Page.jsx","fetch","DELETE","/api/m062/${id}","TEMPLATE_ID_PARAMETER","/api/m062/:param"
"C:\Users\DIYA GOEL\Downloads\EBDESIGN\frontend\src\services\api.js","api","DELETE","/fisheries-water-quality/reading/${id}","TEMPLATE_ID_PARAMETER","/fisheries-water-quality/reading/:param"
"C:\Users\DIYA GOEL\Downloads\EBDESIGN\frontend\src\modules\M130\M130Page.jsx","fetch","GET","/api/m130/search?q=${encodeURIComponent(searchQuery)}","TEMPLATE_INTERPOLATION","/api/m130/search"
"C:\Users\DIYA GOEL\Downloads\EBDESIGN\frontend\src\modules\M316\M316Page.jsx","fetch","GET","/api/m316/search?q=${encodeURIComponent(searchQuery)}","TEMPLATE_INTERPOLATION","/api/m316/search"
"C:\Users\DIYA GOEL\Downloads\EBDESIGN\frontend\src\modules\M228\M228Page.jsx","fetch","GET","/api/m228/search?q=${encodeURIComponent(searchQuery)}","TEMPLATE_INTERPOLATION","/api/m228/search"
"C:\Users\DIYA GOEL\Downloads\EBDESIGN\frontend\src\pages\modules\M339\M339.jsx","fetch","DELETE","/api/v1/backend-modules/M339/${id}","TEMPLATE_ID_PARAMETER","/api/v1/backend-modules/M339/:param"
"C:\Users\DIYA GOEL\Downloads\EBDESIGN\frontend\src\modules\M034\M034Page.jsx","fetch","GET","/api/m034/search?q=${encodeURIComponent(searchQuery)}","TEMPLATE_INTERPOLATION","/api/m034/search"
"C:\Users\DIYA GOEL\Downloads\EBDESIGN\frontend\src\modules\M280\M280Page.jsx","fetch","DELETE","/api/m280/${id}","TEMPLATE_ID_PARAMETER","/api/m280/:param"
"C:\Users\DIYA GOEL\Downloads\EBDESIGN\frontend\src\modules\M277\M277Page.jsx","fetch","GET","/api/m277/search?q=${encodeURIComponent(searchQuery)}","TEMPLATE_INTERPOLATION","/api/m277/search"
"C:\Users\DIYA GOEL\Downloads\EBDESIGN\frontend\src\services\api.js","api","PUT","/hatchery-management/batch/${id}","TEMPLATE_ID_PARAMETER","/hatchery-management/batch/:param"
"C:\Users\DIYA GOEL\Downloads\EBDESIGN\frontend\src\services\api.js","api","PUT","/enterprise-memory/cases/${id}","TEMPLATE_ID_PARAMETER","/enterprise-memory/cases/:param"
"C:\Users\DIYA GOEL\Downloads\EBDESIGN\frontend\src\services\api.js","api","POST","/schemes/${id}/apply","TEMPLATE_ID_PARAMETER","/schemes/:param/apply"
"C:\Users\DIYA GOEL\Downloads\EBDESIGN\frontend\src\services\api.js","api","GET","/sap-module-architecture/module/${id}/resolve-dependencies","TEMPLATE_ID_PARAMETER","/sap-module-architecture/module/:param/resolve-dependencies"
"C:\Users\DIYA GOEL\Downloads\EBDESIGN\frontend\src\services\api.js","api","PUT","/farm-task/task/${id}","TEMPLATE_ID_PARAMETER","/farm-task/task/:param"
"C:\Users\DIYA GOEL\Downloads\EBDESIGN\frontend\src\modules\M258\M258Page.jsx","fetch","GET","/api/m258?${params}","TEMPLATE_INTERPOLATION","/api/m258"
"C:\Users\DIYA GOEL\Downloads\EBDESIGN\frontend\src\services\api.js","api","DELETE","/input-consumption/record/${id}","TEMPLATE_ID_PARAMETER","/input-consumption/record/:param"
"C:\Users\DIYA GOEL\Downloads\EBDESIGN\frontend\src\modules\M148\M148Page.jsx","fetch","DELETE","/api/m148/${id}","TEMPLATE_ID_PARAMETER","/api/m148/:param"
"C:\Users\DIYA GOEL\Downloads\EBDESIGN\frontend\src\modules\M218\M218Page.jsx","fetch","GET","/api/m218?${params}","TEMPLATE_INTERPOLATION","/api/m218"
"C:\Users\DIYA GOEL\Downloads\EBDESIGN\frontend\src\modules\M210\M210Page.jsx","fetch","GET","/api/m210?${params}","TEMPLATE_INTERPOLATION","/api/m210"
"C:\Users\DIYA GOEL\Downloads\EBDESIGN\frontend\src\services\api.js","api","PUT","/micronutrient/item/${id}","TEMPLATE_ID_PARAMETER","/micronutrient/item/:param"
"C:\Users\DIYA GOEL\Downloads\EBDESIGN\frontend\src\services\api.js","api","GET","/ecommerce-ai/recommendations/${userId}","TEMPLATE_ID_PARAMETER","/ecommerce-ai/recommendations/:param"
"C:\Users\DIYA GOEL\Downloads\EBDESIGN\frontend\src\modules\M126\M126Page.jsx","fetch","GET","/api/m126/search?q=${encodeURIComponent(searchQuery)}","TEMPLATE_INTERPOLATION","/api/m126/search"
"C:\Users\DIYA GOEL\Downloads\EBDESIGN\frontend\src\services\api.js","api","POST","/audit-checks/${id}/run","TEMPLATE_ID_PARAMETER","/audit-checks/:param/run"
"C:\Users\DIYA GOEL\Downloads\EBDESIGN\frontend\src\services\commerceApi.js","api","GET","/farmers/${id}/certifications","TEMPLATE_ID_PARAMETER","/farmers/:param/certifications"
"C:\Users\DIYA GOEL\Downloads\EBDESIGN\frontend\src\pages\modules\M340\M340.jsx","fetch","DELETE","/api/v1/backend-modules/M340/${id}","TEMPLATE_ID_PARAMETER","/api/v1/backend-modules/M340/:param"
"C:\Users\DIYA GOEL\Downloads\EBDESIGN\frontend\src\pages\modules\M62\M62.jsx","fetch","DELETE","/api/v1/backend-modules/M062/${id}","TEMPLATE_ID_PARAMETER","/api/v1/backend-modules/M062/:param"
"C:\Users\DIYA GOEL\Downloads\EBDESIGN\frontend\src\modules\M317\M317Page.jsx","fetch","GET","/api/m317?${params}","TEMPLATE_INTERPOLATION","/api/m317"
"C:\Users\DIYA GOEL\Downloads\EBDESIGN\frontend\src\pages\modules\M267\M267.jsx","fetch","DELETE","/api/v1/backend-modules/M267/${id}","TEMPLATE_ID_PARAMETER","/api/v1/backend-modules/M267/:param"
"C:\Users\DIYA GOEL\Downloads\EBDESIGN\frontend\src\pages\modules\M245\M245.jsx","fetch","DELETE","/api/v1/backend-modules/M245/${id}","TEMPLATE_ID_PARAMETER","/api/v1/backend-modules/M245/:param"
"C:\Users\DIYA GOEL\Downloads\EBDESIGN\frontend\src\modules\M285\M285Page.jsx","fetch","DELETE","/api/m285/${id}","TEMPLATE_ID_PARAMETER","/api/m285/:param"
"C:\Users\DIYA GOEL\Downloads\EBDESIGN\frontend\src\modules\M038\M038Page.jsx","fetch","GET","/api/m038/search?q=${encodeURIComponent(searchQuery)}","TEMPLATE_INTERPOLATION","/api/m038/search"
"C:\Users\DIYA GOEL\Downloads\EBDESIGN\frontend\src\pages\modules\M160\M160.jsx","fetch","DELETE","/api/v1/backend-modules/M160/${id}","TEMPLATE_ID_PARAMETER","/api/v1/backend-modules/M160/:param"
"C:\Users\DIYA GOEL\Downloads\EBDESIGN\frontend\src\services\warningAPI.js","axios","POST","${API_BASE_URL}/api/v1/warnings/metrics/reset","TEMPLATE_INTERPOLATION","/:param/api/v1/warnings/metrics/reset"
"C:\Users\DIYA GOEL\Downloads\EBDESIGN\frontend\src\services\api.js","api","POST","/complete-ai-integration/optimize-pig-production/${pigId}","TEMPLATE_ID_PARAMETER","/complete-ai-integration/optimize-pig-production/:param"
"C:\Users\DIYA GOEL\Downloads\EBDESIGN\frontend\src\modules\M063\M063Page.jsx","fetch","GET","/api/m063/search?q=${encodeURIComponent(searchQuery)}","TEMPLATE_INTERPOLATION","/api/m063/search"
"C:\Users\DIYA GOEL\Downloads\EBDESIGN\frontend\src\pages\modules\M83\M83.jsx","fetch","DELETE","/api/v1/backend-modules/M083/${id}","TEMPLATE_ID_PARAMETER","/api/v1/backend-modules/M083/:param"
"C:\Users\DIYA GOEL\Downloads\EBDESIGN\frontend\src\pages\modules\M84\M84.jsx","fetch","DELETE","/api/v1/backend-modules/M084/${id}","TEMPLATE_ID_PARAMETER","/api/v1/backend-modules/M084/:param"
"C:\Users\DIYA GOEL\Downloads\EBDESIGN\frontend\src\modules\M205\M205Page.jsx","fetch","GET","/api/m205?${params}","TEMPLATE_INTERPOLATION","/api/m205"
"C:\Users\DIYA GOEL\Downloads\EBDESIGN\frontend\src\modules\M291\M291Page.jsx","fetch","GET","/api/m291?${params}","TEMPLATE_INTERPOLATION","/api/m291"
"C:\Users\DIYA GOEL\Downloads\EBDESIGN\frontend\src\modules\M261\M261Page.jsx","fetch","DELETE","/api/m261/${id}","TEMPLATE_ID_PARAMETER","/api/m261/:param"
"C:\Users\DIYA GOEL\Downloads\EBDESIGN\frontend\src\services\api.js","api","DELETE","/input-traceability/record/${id}","TEMPLATE_ID_PARAMETER","/input-traceability/record/:param"
"C:\Users\DIYA GOEL\Downloads\EBDESIGN\frontend\src\modules\M147\M147Page.jsx","fetch","DELETE","/api/m147/${id}","TEMPLATE_ID_PARAMETER","/api/m147/:param"
"C:\Users\DIYA GOEL\Downloads\EBDESIGN\frontend\src\modules\M052\M052Page.jsx","fetch","GET","/api/m052/search?q=${encodeURIComponent(searchQuery)}","TEMPLATE_INTERPOLATION","/api/m052/search"
"C:\Users\DIYA GOEL\Downloads\EBDESIGN\frontend\src\modules\M250\M250Page.jsx","fetch","GET","/api/m250?${params}","TEMPLATE_INTERPOLATION","/api/m250"
"C:\Users\DIYA GOEL\Downloads\EBDESIGN\frontend\src\services\api.js","api","GET","/ecommerce-ai/optimize-inventory/${productId}","TEMPLATE_ID_PARAMETER","/ecommerce-ai/optimize-inventory/:param"
"C:\Users\DIYA GOEL\Downloads\EBDESIGN\frontend\src\services\api.js","api","PUT","/cold-storage/facility/${facilityId}","TEMPLATE_ID_PARAMETER","/cold-storage/facility/:param"
"C:\Users\DIYA GOEL\Downloads\EBDESIGN\frontend\src\modules\M249\M249Page.jsx","fetch","DELETE","/api/m249/${id}","TEMPLATE_ID_PARAMETER","/api/m249/:param"
"C:\Users\DIYA GOEL\Downloads\EBDESIGN\frontend\src\modules\M307\M307Page.jsx","fetch","GET","/api/m307?${params}","TEMPLATE_INTERPOLATION","/api/m307"
"C:\Users\DIYA GOEL\Downloads\EBDESIGN\frontend\src\modules\M299\M299Page.jsx","fetch","DELETE","/api/m299/${id}","TEMPLATE_ID_PARAMETER","/api/m299/:param"
"C:\Users\DIYA GOEL\Downloads\EBDESIGN\frontend\src\modules\M055\M055Page.jsx","fetch","DELETE","/api/m055/${id}","TEMPLATE_ID_PARAMETER","/api/m055/:param"
"C:\Users\DIYA GOEL\Downloads\EBDESIGN\frontend\src\modules\M156\M156Page.jsx","fetch","DELETE","/api/m156/${id}","TEMPLATE_ID_PARAMETER","/api/m156/:param"
"C:\Users\DIYA GOEL\Downloads\EBDESIGN\frontend\src\modules\M048\M048Page.jsx","fetch","GET","/api/m048/search?q=${encodeURIComponent(searchQuery)}","TEMPLATE_INTERPOLATION","/api/m048/search"
"C:\Users\DIYA GOEL\Downloads\EBDESIGN\frontend\src\pages\modules\M223\M223.jsx","fetch","DELETE","/api/v1/backend-modules/M223/${id}","TEMPLATE_ID_PARAMETER","/api/v1/backend-modules/M223/:param"
"C:\Users\DIYA GOEL\Downloads\EBDESIGN\frontend\src\pages\modules\M45\M45.jsx","fetch","DELETE","/api/v1/backend-modules/M045/${id}","TEMPLATE_ID_PARAMETER","/api/v1/backend-modules/M045/:param"
"C:\Users\DIYA GOEL\Downloads\EBDESIGN\frontend\src\modules\M102\M102Page.jsx","fetch","GET","/api/m102?${params}","TEMPLATE_INTERPOLATION","/api/m102"
"C:\Users\DIYA GOEL\Downloads\EBDESIGN\frontend\src\modules\M147\M147Page.jsx","fetch","GET","/api/m147?${params}","TEMPLATE_INTERPOLATION","/api/m147"
"C:\Users\DIYA GOEL\Downloads\EBDESIGN\frontend\src\services\api.js","api","PUT","/poultry-management/batch/${id}","TEMPLATE_ID_PARAMETER","/poultry-management/batch/:param"
"C:\Users\DIYA GOEL\Downloads\EBDESIGN\frontend\src\modules\M169\M169Page.jsx","fetch","DELETE","/api/m169/${id}","TEMPLATE_ID_PARAMETER","/api/m169/:param"
"C:\Users\DIYA GOEL\Downloads\EBDESIGN\frontend\src\services\api.js","api","GET","/equipment-exchange/listing/${listingId}","TEMPLATE_ID_PARAMETER","/equipment-exchange/listing/:param"
"C:\Users\DIYA GOEL\Downloads\EBDESIGN\frontend\src\services\api.js","api","GET","/ai-agent/agent/${agentName}","TEMPLATE_INTERPOLATION","/ai-agent/agent/:param"
"C:\Users\DIYA GOEL\Downloads\EBDESIGN\frontend\src\services\api.js","api","PUT","/geo-boundary/boundary/${id}","TEMPLATE_ID_PARAMETER","/geo-boundary/boundary/:param"
"C:\Users\DIYA GOEL\Downloads\EBDESIGN\frontend\src\modules\M147\M147Page.jsx","fetch","GET","/api/m147/search?q=${encodeURIComponent(searchQuery)}","TEMPLATE_INTERPOLATION","/api/m147/search"
"C:\Users\DIYA GOEL\Downloads\EBDESIGN\frontend\src\modules\M136\M136Page.jsx","fetch","GET","/api/m136/search?q=${encodeURIComponent(searchQuery)}","TEMPLATE_INTERPOLATION","/api/m136/search"
"C:\Users\DIYA GOEL\Downloads\EBDESIGN\frontend\src\pages\modules\M272\M272.jsx","fetch","DELETE","/api/v1/backend-modules/M272/${id}","TEMPLATE_ID_PARAMETER","/api/v1/backend-modules/M272/:param"
"C:\Users\DIYA GOEL\Downloads\EBDESIGN\frontend\src\services\api.js","api","PUT","/input-traceability/record/${id}","TEMPLATE_ID_PARAMETER","/input-traceability/record/:param"
"C:\Users\DIYA GOEL\Downloads\EBDESIGN\frontend\src\modules\M152\M152Page.jsx","fetch","GET","/api/m152/search?q=${encodeURIComponent(searchQuery)}","TEMPLATE_INTERPOLATION","/api/m152/search"
"C:\Users\DIYA GOEL\Downloads\EBDESIGN\frontend\src\services\commerceApi.js","api","POST","/seed-vault/${id}/record-usage","TEMPLATE_ID_PARAMETER","/seed-vault/:param/record-usage"
"C:\Users\DIYA GOEL\Downloads\EBDESIGN\frontend\src\modules\M224\M224Page.jsx","fetch","DELETE","/api/m224/${id}","TEMPLATE_ID_PARAMETER","/api/m224/:param"
"C:\Users\DIYA GOEL\Downloads\EBDESIGN\frontend\src\modules\M326\M326Page.jsx","fetch","GET","/api/m326?${params}","TEMPLATE_INTERPOLATION","/api/m326"
"C:\Users\DIYA GOEL\Downloads\EBDESIGN\frontend\src\modules\M222\M222Page.jsx","fetch","GET","/api/m222?${params}","TEMPLATE_INTERPOLATION","/api/m222"
"C:\Users\DIYA GOEL\Downloads\EBDESIGN\frontend\src\services\api.js","api","POST","/enterprise-control/workflow/${instanceCode}/act","TEMPLATE_INTERPOLATION","/enterprise-control/workflow/:param/act"
"C:\Users\DIYA GOEL\Downloads\EBDESIGN\frontend\src\modules\M121\M121Page.jsx","fetch","GET","/api/m121?${params}","TEMPLATE_INTERPOLATION","/api/m121"
"C:\Users\DIYA GOEL\Downloads\EBDESIGN\frontend\src\services\api.js","api","POST","/advanced-features/${id}/enable","TEMPLATE_ID_PARAMETER","/advanced-features/:param/enable"
"C:\Users\DIYA GOEL\Downloads\EBDESIGN\frontend\src\services\api.js","api","PUT","/load-balancers/${id}","TEMPLATE_ID_PARAMETER","/load-balancers/:param"
"C:\Users\DIYA GOEL\Downloads\EBDESIGN\frontend\src\services\api.js","api","DELETE","/drought-monitoring/records/record/${id}","TEMPLATE_ID_PARAMETER","/drought-monitoring/records/record/:param"
"C:\Users\DIYA GOEL\Downloads\EBDESIGN\frontend\src\modules\M064\M064Page.jsx","fetch","DELETE","/api/m064/${id}","TEMPLATE_ID_PARAMETER","/api/m064/:param"
"C:\Users\DIYA GOEL\Downloads\EBDESIGN\frontend\src\pages\modules\M118\M118.jsx","fetch","DELETE","/api/v1/backend-modules/M118/${id}","TEMPLATE_ID_PARAMETER","/api/v1/backend-modules/M118/:param"
"C:\Users\DIYA GOEL\Downloads\EBDESIGN\frontend\src\modules\M202\M202Page.jsx","fetch","GET","/api/m202/search?q=${encodeURIComponent(searchQuery)}","TEMPLATE_INTERPOLATION","/api/m202/search"
"C:\Users\DIYA GOEL\Downloads\EBDESIGN\frontend\src\modules\M224\M224Page.jsx","fetch","GET","/api/m224?${params}","TEMPLATE_INTERPOLATION","/api/m224"
"C:\Users\DIYA GOEL\Downloads\EBDESIGN\frontend\src\modules\M304\M304Page.jsx","fetch","GET","/api/m304/search?q=${encodeURIComponent(searchQuery)}","TEMPLATE_INTERPOLATION","/api/m304/search"
"C:\Users\DIYA GOEL\Downloads\EBDESIGN\frontend\src\services\api.js","api","DELETE","/climate-risk/assessments/assessment/${id}","TEMPLATE_ID_PARAMETER","/climate-risk/assessments/assessment/:param"
"C:\Users\DIYA GOEL\Downloads\EBDESIGN\frontend\src\pages\modules\M283\M283.jsx","fetch","DELETE","/api/v1/backend-modules/M283/${id}","TEMPLATE_ID_PARAMETER","/api/v1/backend-modules/M283/:param"
"C:\Users\DIYA GOEL\Downloads\EBDESIGN\frontend\src\modules\M110\M110Page.jsx","fetch","DELETE","/api/m110/${id}","TEMPLATE_ID_PARAMETER","/api/m110/:param"
"C:\Users\DIYA GOEL\Downloads\EBDESIGN\frontend\src\pages\modules\M240\M240.jsx","fetch","DELETE","/api/v1/backend-modules/M240/${id}","TEMPLATE_ID_PARAMETER","/api/v1/backend-modules/M240/:param"
"C:\Users\DIYA GOEL\Downloads\EBDESIGN\frontend\src\services\api.js","api","POST","/patches/${id}/apply","TEMPLATE_ID_PARAMETER","/patches/:param/apply"
"C:\Users\DIYA GOEL\Downloads\EBDESIGN\frontend\src\modules\M255\M255Page.jsx","fetch","GET","/api/m255/search?q=${encodeURIComponent(searchQuery)}","TEMPLATE_INTERPOLATION","/api/m255/search"
"C:\Users\DIYA GOEL\Downloads\EBDESIGN\frontend\src\modules\M156\M156Page.jsx","fetch","GET","/api/m156?${params}","TEMPLATE_INTERPOLATION","/api/m156"
"C:\Users\DIYA GOEL\Downloads\EBDESIGN\frontend\src\modules\M267\M267Page.jsx","fetch","DELETE","/api/m267/${id}","TEMPLATE_ID_PARAMETER","/api/m267/:param"
"C:\Users\DIYA GOEL\Downloads\EBDESIGN\frontend\src\services\api.js","api","PUT","/greenhouse-management/${id}","TEMPLATE_ID_PARAMETER","/greenhouse-management/:param"
"C:\Users\DIYA GOEL\Downloads\EBDESIGN\frontend\src\modules\M267\M267Page.jsx","fetch","GET","/api/m267/search?q=${encodeURIComponent(searchQuery)}","TEMPLATE_INTERPOLATION","/api/m267/search"
"C:\Users\DIYA GOEL\Downloads\EBDESIGN\frontend\src\services\api.js","api","GET","/boundaries/${id}","TEMPLATE_ID_PARAMETER","/boundaries/:param"
"C:\Users\DIYA GOEL\Downloads\EBDESIGN\frontend\src\services\api.js","api","POST","/archives/${entity}/${id}","TEMPLATE_ID_PARAMETER","/archives/:param/:param"
"C:\Users\DIYA GOEL\Downloads\EBDESIGN\frontend\src\services\api.js","api","POST","/penetration-tests/${id}/run","TEMPLATE_ID_PARAMETER","/penetration-tests/:param/run"
"C:\Users\DIYA GOEL\Downloads\EBDESIGN\frontend\src\pages\modules\M127\M127.jsx","fetch","DELETE","/api/v1/backend-modules/M127/${id}","TEMPLATE_ID_PARAMETER","/api/v1/backend-modules/M127/:param"
"C:\Users\DIYA GOEL\Downloads\EBDESIGN\frontend\src\modules\M192\M192Page.jsx","fetch","GET","/api/m192/search?q=${encodeURIComponent(searchQuery)}","TEMPLATE_INTERPOLATION","/api/m192/search"
"C:\Users\DIYA GOEL\Downloads\EBDESIGN\frontend\src\pages\modules\M310\M310.jsx","fetch","DELETE","/api/v1/backend-modules/M310/${id}","TEMPLATE_ID_PARAMETER","/api/v1/backend-modules/M310/:param"
"C:\Users\DIYA GOEL\Downloads\EBDESIGN\frontend\src\services\api.js","api","DELETE","/animal-health/treatment/${id}","TEMPLATE_ID_PARAMETER","/animal-health/treatment/:param"
"C:\Users\DIYA GOEL\Downloads\EBDESIGN\frontend\src\pages\modules\M228\M228.jsx","fetch","DELETE","/api/v1/backend-modules/M228/${id}","TEMPLATE_ID_PARAMETER","/api/v1/backend-modules/M228/:param"
"C:\Users\DIYA GOEL\Downloads\EBDESIGN\frontend\src\modules\M151\M151Page.jsx","fetch","GET","/api/m151?${params}","TEMPLATE_INTERPOLATION","/api/m151"
"C:\Users\DIYA GOEL\Downloads\EBDESIGN\frontend\src\modules\M081\M081Page.jsx","fetch","GET","/api/m081/search?q=${encodeURIComponent(searchQuery)}","TEMPLATE_INTERPOLATION","/api/m081/search"
"C:\Users\DIYA GOEL\Downloads\EBDESIGN\frontend\src\modules\M178\M178Page.jsx","fetch","DELETE","/api/m178/${id}","TEMPLATE_ID_PARAMETER","/api/m178/:param"
"C:\Users\DIYA GOEL\Downloads\EBDESIGN\frontend\src\modules\M065\M065Page.jsx","fetch","GET","/api/m065/search?q=${encodeURIComponent(searchQuery)}","TEMPLATE_INTERPOLATION","/api/m065/search"
"C:\Users\DIYA GOEL\Downloads\EBDESIGN\frontend\src\services\artificialScientistAPI.js","api","POST","${base}/protocols/${id}/review","TEMPLATE_ID_PARAMETER","/:param/protocols/:param/review"
"C:\Users\DIYA GOEL\Downloads\EBDESIGN\frontend\src\modules\M055\M055Page.jsx","fetch","GET","/api/m055/search?q=${encodeURIComponent(searchQuery)}","TEMPLATE_INTERPOLATION","/api/m055/search"
"C:\Users\DIYA GOEL\Downloads\EBDESIGN\frontend\src\pages\modules\M193\M193.jsx","fetch","DELETE","/api/v1/backend-modules/M193/${id}","TEMPLATE_ID_PARAMETER","/api/v1/backend-modules/M193/:param"
"C:\Users\DIYA GOEL\Downloads\EBDESIGN\frontend\src\modules\M279\M279Page.jsx","fetch","GET","/api/m279?${params}","TEMPLATE_INTERPOLATION","/api/m279"
"C:\Users\DIYA GOEL\Downloads\EBDESIGN\frontend\src\services\api.js","api","GET","/audio/${id}","TEMPLATE_ID_PARAMETER","/audio/:param"
"C:\Users\DIYA GOEL\Downloads\EBDESIGN\frontend\src\modules\M164\M164Page.jsx","fetch","GET","/api/m164?${params}","TEMPLATE_INTERPOLATION","/api/m164"
"C:\Users\DIYA GOEL\Downloads\EBDESIGN\frontend\src\modules\M244\M244Page.jsx","fetch","GET","/api/m244/search?q=${encodeURIComponent(searchQuery)}","TEMPLATE_INTERPOLATION","/api/m244/search"
"C:\Users\DIYA GOEL\Downloads\EBDESIGN\frontend\src\pages\modules\M324\M324.jsx","fetch","DELETE","/api/v1/backend-modules/M324/${id}","TEMPLATE_ID_PARAMETER","/api/v1/backend-modules/M324/:param"
"C:\Users\DIYA GOEL\Downloads\EBDESIGN\frontend\src\modules\M032\M032Page.jsx","fetch","GET","/api/m032/search?q=${encodeURIComponent(searchQuery)}","TEMPLATE_INTERPOLATION","/api/m032/search"
"C:\Users\DIYA GOEL\Downloads\EBDESIGN\frontend\src\modules\M176\M176Page.jsx","fetch","GET","/api/m176/search?q=${encodeURIComponent(searchQuery)}","TEMPLATE_INTERPOLATION","/api/m176/search"
"C:\Users\DIYA GOEL\Downloads\EBDESIGN\frontend\src\services\api.js","api","POST","/features/${id}/enable","TEMPLATE_ID_PARAMETER","/features/:param/enable"
"C:\Users\DIYA GOEL\Downloads\EBDESIGN\frontend\src\services\api.js","api","POST","/ai/strategies/${id}/execute","TEMPLATE_ID_PARAMETER","/ai/strategies/:param/execute"
"C:\Users\DIYA GOEL\Downloads\EBDESIGN\frontend\src\pages\modules\M108\M108.jsx","fetch","DELETE","/api/v1/backend-modules/M108/${id}","TEMPLATE_ID_PARAMETER","/api/v1/backend-modules/M108/:param"
"C:\Users\DIYA GOEL\Downloads\EBDESIGN\frontend\src\pages\modules\M204\M204.jsx","fetch","DELETE","/api/v1/backend-modules/M204/${id}","TEMPLATE_ID_PARAMETER","/api/v1/backend-modules/M204/:param"
"C:\Users\DIYA GOEL\Downloads\EBDESIGN\frontend\src\modules\M180\M180Page.jsx","fetch","DELETE","/api/m180/${id}","TEMPLATE_ID_PARAMETER","/api/m180/:param"
"C:\Users\DIYA GOEL\Downloads\EBDESIGN\frontend\src\services\api.js","api","GET","/promotional-banners/${id}","TEMPLATE_ID_PARAMETER","/promotional-banners/:param"
"C:\Users\DIYA GOEL\Downloads\EBDESIGN\frontend\src\modules\M050\M050Page.jsx","fetch","GET","/api/m050?${params}","TEMPLATE_INTERPOLATION","/api/m050"
"C:\Users\DIYA GOEL\Downloads\EBDESIGN\frontend\src\modules\M065\M065Page.jsx","fetch","GET","/api/m065?${params}","TEMPLATE_INTERPOLATION","/api/m065"
"C:\Users\DIYA GOEL\Downloads\EBDESIGN\frontend\src\modules\M088\M088Page.jsx","fetch","DELETE","/api/m088/${id}","TEMPLATE_ID_PARAMETER","/api/m088/:param"
"C:\Users\DIYA GOEL\Downloads\EBDESIGN\frontend\src\modules\M270\M270Page.jsx","fetch","GET","/api/m270?${params}","TEMPLATE_INTERPOLATION","/api/m270"
"C:\Users\DIYA GOEL\Downloads\EBDESIGN\frontend\src\modules\M096\M096Page.jsx","fetch","DELETE","/api/m096/${id}","TEMPLATE_ID_PARAMETER","/api/m096/:param"
"C:\Users\DIYA GOEL\Downloads\EBDESIGN\frontend\src\modules\M177\M177Page.jsx","fetch","DELETE","/api/m177/${id}","TEMPLATE_ID_PARAMETER","/api/m177/:param"
"C:\Users\DIYA GOEL\Downloads\EBDESIGN\frontend\src\modules\M103\M103Page.jsx","fetch","GET","/api/m103?${params}","TEMPLATE_INTERPOLATION","/api/m103"
"C:\Users\DIYA GOEL\Downloads\EBDESIGN\frontend\src\services\api.js","api","POST","/asset-accounting/asset/${assetId}/post-depreciation","TEMPLATE_ID_PARAMETER","/asset-accounting/asset/:param/post-depreciation"
"C:\Users\DIYA GOEL\Downloads\EBDESIGN\frontend\src\services\api.js","api","DELETE","/sheep-farming/animal/${id}","TEMPLATE_ID_PARAMETER","/sheep-farming/animal/:param"
"C:\Users\DIYA GOEL\Downloads\EBDESIGN\frontend\src\services\api.js","api","GET","/sap-module-architecture/module/${id}/lifecycle","TEMPLATE_ID_PARAMETER","/sap-module-architecture/module/:param/lifecycle"
"C:\Users\DIYA GOEL\Downloads\EBDESIGN\frontend\src\services\api.js","api","GET","/knowledge-base/${id}","TEMPLATE_ID_PARAMETER","/knowledge-base/:param"
"C:\Users\DIYA GOEL\Downloads\EBDESIGN\frontend\src\services\api.js","api","PUT","/timeouts/${id}","TEMPLATE_ID_PARAMETER","/timeouts/:param"
"C:\Users\DIYA GOEL\Downloads\EBDESIGN\frontend\src\services\api.js","api","POST","/containment-strategies/${id}/contain","TEMPLATE_ID_PARAMETER","/containment-strategies/:param/contain"
"C:\Users\DIYA GOEL\Downloads\EBDESIGN\frontend\src\services\api.js","api","POST","/comprehensive-erp/analyze-project-a-i/${id}","TEMPLATE_ID_PARAMETER","/comprehensive-erp/analyze-project-a-i/:param"
"C:\Users\DIYA GOEL\Downloads\EBDESIGN\frontend\src\modules\M304\M304Page.jsx","fetch","GET","/api/m304?${params}","TEMPLATE_INTERPOLATION","/api/m304"
"C:\Users\DIYA GOEL\Downloads\EBDESIGN\frontend\src\modules\M188\M188Page.jsx","fetch","GET","/api/m188?${params}","TEMPLATE_INTERPOLATION","/api/m188"
"C:\Users\DIYA GOEL\Downloads\EBDESIGN\frontend\src\services\api.js","api","PUT","/cattle-registry/animal/${id}","TEMPLATE_ID_PARAMETER","/cattle-registry/animal/:param"
"C:\Users\DIYA GOEL\Downloads\EBDESIGN\frontend\src\modules\M162\M162Page.jsx","fetch","DELETE","/api/m162/${id}","TEMPLATE_ID_PARAMETER","/api/m162/:param"
"C:\Users\DIYA GOEL\Downloads\EBDESIGN\frontend\src\modules\M292\M292Page.jsx","fetch","DELETE","/api/m292/${id}","TEMPLATE_ID_PARAMETER","/api/m292/:param"
"C:\Users\DIYA GOEL\Downloads\EBDESIGN\frontend\src\modules\M176\M176Page.jsx","fetch","GET","/api/m176?${params}","TEMPLATE_INTERPOLATION","/api/m176"
"C:\Users\DIYA GOEL\Downloads\EBDESIGN\frontend\src\pages\modules\M66\M66.jsx","fetch","DELETE","/api/v1/backend-modules/M066/${id}","TEMPLATE_ID_PARAMETER","/api/v1/backend-modules/M066/:param"
"C:\Users\DIYA GOEL\Downloads\EBDESIGN\frontend\src\pages\modules\M59\M59.jsx","fetch","DELETE","/api/v1/backend-modules/M059/${id}","TEMPLATE_ID_PARAMETER","/api/v1/backend-modules/M059/:param"
"C:\Users\DIYA GOEL\Downloads\EBDESIGN\frontend\src\services\api.js","api","POST","/research-development/funding-opportunity/${fundingId}/apply","TEMPLATE_ID_PARAMETER","/research-development/funding-opportunity/:param/apply"
"C:\Users\DIYA GOEL\Downloads\EBDESIGN\frontend\src\pages\modules\M327\M327.jsx","fetch","DELETE","/api/v1/backend-modules/M327/${id}","TEMPLATE_ID_PARAMETER","/api/v1/backend-modules/M327/:param"
"C:\Users\DIYA GOEL\Downloads\EBDESIGN\frontend\src\pages\modules\M209\M209.jsx","fetch","DELETE","/api/v1/backend-modules/M209/${id}","TEMPLATE_ID_PARAMETER","/api/v1/backend-modules/M209/:param"
"C:\Users\DIYA GOEL\Downloads\EBDESIGN\frontend\src\services\api.js","api","GET","/business-councils/${id}","TEMPLATE_ID_PARAMETER","/business-councils/:param"
"C:\Users\DIYA GOEL\Downloads\EBDESIGN\frontend\src\modules\M285\M285Page.jsx","fetch","GET","/api/m285/search?q=${encodeURIComponent(searchQuery)}","TEMPLATE_INTERPOLATION","/api/m285/search"
"C:\Users\DIYA GOEL\Downloads\EBDESIGN\frontend\src\pages\modules\M276\M276.jsx","fetch","DELETE","/api/v1/backend-modules/M276/${id}","TEMPLATE_ID_PARAMETER","/api/v1/backend-modules/M276/:param"
"C:\Users\DIYA GOEL\Downloads\EBDESIGN\frontend\src\services\api.js","api","POST","/collaborations/${id}","TEMPLATE_ID_PARAMETER","/collaborations/:param"
"C:\Users\DIYA GOEL\Downloads\EBDESIGN\frontend\src\pages\modules\M182\M182.jsx","fetch","DELETE","/api/v1/backend-modules/M182/${id}","TEMPLATE_ID_PARAMETER","/api/v1/backend-modules/M182/:param"
"C:\Users\DIYA GOEL\Downloads\EBDESIGN\frontend\src\services\warningAPI.js","axios","POST","${API_BASE_URL}/api/v1/warnings/${warningId}/acknowledge","TEMPLATE_ID_PARAMETER","/:param/api/v1/warnings/:param/acknowledge"
"C:\Users\DIYA GOEL\Downloads\EBDESIGN\frontend\src\modules\M076\M076Page.jsx","fetch","GET","/api/m076?${params}","TEMPLATE_INTERPOLATION","/api/m076"
"C:\Users\DIYA GOEL\Downloads\EBDESIGN\frontend\src\modules\M051\M051Page.jsx","fetch","GET","/api/m051?${params}","TEMPLATE_INTERPOLATION","/api/m051"
"C:\Users\DIYA GOEL\Downloads\EBDESIGN\frontend\src\services\api.js","api","PUT","/throttling-rules/${id}","TEMPLATE_ID_PARAMETER","/throttling-rules/:param"
"C:\Users\DIYA GOEL\Downloads\EBDESIGN\frontend\src\services\api.js","api","POST","/robotics/missions/${id}/approval","TEMPLATE_ID_PARAMETER","/robotics/missions/:param/approval"
"C:\Users\DIYA GOEL\Downloads\EBDESIGN\frontend\src\modules\M246\M246Page.jsx","fetch","GET","/api/m246/search?q=${encodeURIComponent(searchQuery)}","TEMPLATE_INTERPOLATION","/api/m246/search"
"C:\Users\DIYA GOEL\Downloads\EBDESIGN\frontend\src\pages\modules\M303\M303.jsx","fetch","DELETE","/api/v1/backend-modules/M303/${id}","TEMPLATE_ID_PARAMETER","/api/v1/backend-modules/M303/:param"
"C:\Users\DIYA GOEL\Downloads\EBDESIGN\frontend\src\modules\M263\M263Page.jsx","fetch","GET","/api/m263?${params}","TEMPLATE_INTERPOLATION","/api/m263"
"C:\Users\DIYA GOEL\Downloads\EBDESIGN\frontend\src\pages\modules\M325\M325.jsx","fetch","DELETE","/api/v1/backend-modules/M325/${id}","TEMPLATE_ID_PARAMETER","/api/v1/backend-modules/M325/:param"
"C:\Users\DIYA GOEL\Downloads\EBDESIGN\frontend\src\services\api.js","api","GET","/robotics/missions/${id}","TEMPLATE_ID_PARAMETER","/robotics/missions/:param"
"C:\Users\DIYA GOEL\Downloads\EBDESIGN\frontend\src\services\commerceApi.js","api","GET","/products/${id}","TEMPLATE_ID_PARAMETER","/products/:param"
"C:\Users\DIYA GOEL\Downloads\EBDESIGN\frontend\src\services\api.js","api","POST","/backup/restore/${id}","TEMPLATE_ID_PARAMETER","/backup/restore/:param"
"C:\Users\DIYA GOEL\Downloads\EBDESIGN\frontend\src\modules\M310\M310Page.jsx","fetch","GET","/api/m310/search?q=${encodeURIComponent(searchQuery)}","TEMPLATE_INTERPOLATION","/api/m310/search"
"C:\Users\DIYA GOEL\Downloads\EBDESIGN\frontend\src\services\api.js","api","GET","/recommended-products/${id}","TEMPLATE_ID_PARAMETER","/recommended-products/:param"
"C:\Users\DIYA GOEL\Downloads\EBDESIGN\frontend\src\pages\modules\M207\M207.jsx","fetch","DELETE","/api/v1/backend-modules/M207/${id}","TEMPLATE_ID_PARAMETER","/api/v1/backend-modules/M207/:param"
"C:\Users\DIYA GOEL\Downloads\EBDESIGN\frontend\src\modules\M317\M317Page.jsx","fetch","GET","/api/m317/search?q=${encodeURIComponent(searchQuery)}","TEMPLATE_INTERPOLATION","/api/m317/search"
"C:\Users\DIYA GOEL\Downloads\EBDESIGN\frontend\src\services\api.js","api","POST","/verifications/${id}/verify","TEMPLATE_ID_PARAMETER","/verifications/:param/verify"
"C:\Users\DIYA GOEL\Downloads\EBDESIGN\frontend\src\modules\M205\M205Page.jsx","fetch","DELETE","/api/m205/${id}","TEMPLATE_ID_PARAMETER","/api/m205/:param"
"C:\Users\DIYA GOEL\Downloads\EBDESIGN\frontend\src\components\Farmer\FarmerImagePortal.jsx","fetch","POST","/api/farmer/portfolio/products/${productId}/generate-images","TEMPLATE_ID_PARAMETER","/api/farmer/portfolio/products/:param/generate-images"
"C:\Users\DIYA GOEL\Downloads\EBDESIGN\frontend\src\services\api.js","api","PUT","/adapters/${id}","TEMPLATE_ID_PARAMETER","/adapters/:param"
"C:\Users\DIYA GOEL\Downloads\EBDESIGN\frontend\src\services\api.js","api","DELETE","/livestock-analytics/record/${id}","TEMPLATE_ID_PARAMETER","/livestock-analytics/record/:param"
"C:\Users\DIYA GOEL\Downloads\EBDESIGN\frontend\src\modules\M242\M242Page.jsx","fetch","DELETE","/api/m242/${id}","TEMPLATE_ID_PARAMETER","/api/m242/:param"
"C:\Users\DIYA GOEL\Downloads\EBDESIGN\frontend\src\modules\M278\M278Page.jsx","fetch","GET","/api/m278/search?q=${encodeURIComponent(searchQuery)}","TEMPLATE_INTERPOLATION","/api/m278/search"
"C:\Users\DIYA GOEL\Downloads\EBDESIGN\frontend\src\services\api.js","api","PUT","/routes/${id}","TEMPLATE_ID_PARAMETER","/routes/:param"
"C:\Users\DIYA GOEL\Downloads\EBDESIGN\frontend\src\pages\modules\M206\M206.jsx","fetch","DELETE","/api/v1/backend-modules/M206/${id}","TEMPLATE_ID_PARAMETER","/api/v1/backend-modules/M206/:param"
"C:\Users\DIYA GOEL\Downloads\EBDESIGN\frontend\src\modules\M193\M193Page.jsx","fetch","DELETE","/api/m193/${id}","TEMPLATE_ID_PARAMETER","/api/m193/:param"
"C:\Users\DIYA GOEL\Downloads\EBDESIGN\frontend\src\modules\M150\M150Page.jsx","fetch","GET","/api/m150/search?q=${encodeURIComponent(searchQuery)}","TEMPLATE_INTERPOLATION","/api/m150/search"
"C:\Users\DIYA GOEL\Downloads\EBDESIGN\frontend\src\modules\M243\M243Page.jsx","fetch","GET","/api/m243/search?q=${encodeURIComponent(searchQuery)}","TEMPLATE_INTERPOLATION","/api/m243/search"
"C:\Users\DIYA GOEL\Downloads\EBDESIGN\frontend\src\services\api.js","api","GET","/resources/${id}","TEMPLATE_ID_PARAMETER","/resources/:param"
"C:\Users\DIYA GOEL\Downloads\EBDESIGN\frontend\src\services\api.js","api","POST","/equipment-exchange/listing/${listingId}/withdraw","TEMPLATE_ID_PARAMETER","/equipment-exchange/listing/:param/withdraw"
"C:\Users\DIYA GOEL\Downloads\EBDESIGN\frontend\src\modules\M137\M137Page.jsx","fetch","DELETE","/api/m137/${id}","TEMPLATE_ID_PARAMETER","/api/m137/:param"
"C:\Users\DIYA GOEL\Downloads\EBDESIGN\frontend\src\modules\M238\M238Page.jsx","fetch","DELETE","/api/m238/${id}","TEMPLATE_ID_PARAMETER","/api/m238/:param"
"C:\Users\DIYA GOEL\Downloads\EBDESIGN\frontend\src\modules\M272\M272Page.jsx","fetch","DELETE","/api/m272/${id}","TEMPLATE_ID_PARAMETER","/api/m272/:param"
"C:\Users\DIYA GOEL\Downloads\EBDESIGN\frontend\src\services\api.js","api","DELETE","/consent-management/record/${id}","TEMPLATE_ID_PARAMETER","/consent-management/record/:param"
"C:\Users\DIYA GOEL\Downloads\EBDESIGN\frontend\src\modules\M144\M144Page.jsx","fetch","GET","/api/m144?${params}","TEMPLATE_INTERPOLATION","/api/m144"
"C:\Users\DIYA GOEL\Downloads\EBDESIGN\frontend\src\modules\M121\M121Page.jsx","fetch","DELETE","/api/m121/${id}","TEMPLATE_ID_PARAMETER","/api/m121/:param"
"C:\Users\DIYA GOEL\Downloads\EBDESIGN\frontend\src\services\api.js","api","POST","/complete-erp-integration/sync-farmer-crop-planning/${farmerId}","TEMPLATE_ID_PARAMETER","/complete-erp-integration/sync-farmer-crop-planning/:param"
"C:\Users\DIYA GOEL\Downloads\EBDESIGN\frontend\src\pages\modules\M96\M96.jsx","fetch","DELETE","/api/v1/backend-modules/M096/${id}","TEMPLATE_ID_PARAMETER","/api/v1/backend-modules/M096/:param"
"C:\Users\DIYA GOEL\Downloads\EBDESIGN\frontend\src\services\api.js","api","DELETE","/fertilizer-inventory/item/${id}","TEMPLATE_ID_PARAMETER","/fertilizer-inventory/item/:param"
"C:\Users\DIYA GOEL\Downloads\EBDESIGN\frontend\src\modules\M211\M211Page.jsx","fetch","DELETE","/api/m211/${id}","TEMPLATE_ID_PARAMETER","/api/m211/:param"
"C:\Users\DIYA GOEL\Downloads\EBDESIGN\frontend\src\pages\modules\M262\M262.jsx","fetch","DELETE","/api/v1/backend-modules/M262/${id}","TEMPLATE_ID_PARAMETER","/api/v1/backend-modules/M262/:param"
"C:\Users\DIYA GOEL\Downloads\EBDESIGN\frontend\src\pages\modules\M343\M343.jsx","fetch","DELETE","/api/v1/backend-modules/M343/${id}","TEMPLATE_ID_PARAMETER","/api/v1/backend-modules/M343/:param"
"C:\Users\DIYA GOEL\Downloads\EBDESIGN\frontend\src\pages\modules\M210\M210.jsx","fetch","DELETE","/api/v1/backend-modules/M210/${id}","TEMPLATE_ID_PARAMETER","/api/v1/backend-modules/M210/:param"
"C:\Users\DIYA GOEL\Downloads\EBDESIGN\frontend\src\modules\M225\M225Page.jsx","fetch","DELETE","/api/m225/${id}","TEMPLATE_ID_PARAMETER","/api/m225/:param"
"C:\Users\DIYA GOEL\Downloads\EBDESIGN\frontend\src\modules\M183\M183Page.jsx","fetch","DELETE","/api/m183/${id}","TEMPLATE_ID_PARAMETER","/api/m183/:param"
"C:\Users\DIYA GOEL\Downloads\EBDESIGN\frontend\src\modules\M111\M111Page.jsx","fetch","GET","/api/m111/search?q=${encodeURIComponent(searchQuery)}","TEMPLATE_INTERPOLATION","/api/m111/search"
"C:\Users\DIYA GOEL\Downloads\EBDESIGN\frontend\src\modules\M095\M095Page.jsx","fetch","GET","/api/m095/search?q=${encodeURIComponent(searchQuery)}","TEMPLATE_INTERPOLATION","/api/m095/search"
"C:\Users\DIYA GOEL\Downloads\EBDESIGN\frontend\src\services\api.js","api","POST","/forms/${form}","TEMPLATE_INTERPOLATION","/forms/:param"
"C:\Users\DIYA GOEL\Downloads\EBDESIGN\frontend\src\services\api.js","api","GET","/i18n/${lang}","TEMPLATE_INTERPOLATION","/i18n/:param"
"C:\Users\DIYA GOEL\Downloads\EBDESIGN\frontend\src\modules\M045\M045Page.jsx","fetch","GET","/api/m045?${params}","TEMPLATE_INTERPOLATION","/api/m045"
"C:\Users\DIYA GOEL\Downloads\EBDESIGN\frontend\src\modules\M051\M051Page.jsx","fetch","DELETE","/api/m051/${id}","TEMPLATE_ID_PARAMETER","/api/m051/:param"
"C:\Users\DIYA GOEL\Downloads\EBDESIGN\frontend\src\pages\modules\M185\M185.jsx","fetch","DELETE","/api/v1/backend-modules/M185/${id}","TEMPLATE_ID_PARAMETER","/api/v1/backend-modules/M185/:param"
"C:\Users\DIYA GOEL\Downloads\EBDESIGN\frontend\src\services\coreApi.js","api","GET","/privacy/consent/${userId}","TEMPLATE_ID_PARAMETER","/privacy/consent/:param"
"C:\Users\DIYA GOEL\Downloads\EBDESIGN\frontend\src\pages\modules\M257\M257.jsx","fetch","DELETE","/api/v1/backend-modules/M257/${id}","TEMPLATE_ID_PARAMETER","/api/v1/backend-modules/M257/:param"
"C:\Users\DIYA GOEL\Downloads\EBDESIGN\frontend\src\modules\M312\M312Page.jsx","fetch","GET","/api/m312/search?q=${encodeURIComponent(searchQuery)}","TEMPLATE_INTERPOLATION","/api/m312/search"
"C:\Users\DIYA GOEL\Downloads\EBDESIGN\frontend\src\modules\M043\M043Page.jsx","fetch","GET","/api/m043?${params}","TEMPLATE_INTERPOLATION","/api/m043"
"C:\Users\DIYA GOEL\Downloads\EBDESIGN\frontend\src\services\api.js","api","POST","/learning-models/${id}/train","TEMPLATE_ID_PARAMETER","/learning-models/:param/train"
"C:\Users\DIYA GOEL\Downloads\EBDESIGN\frontend\src\modules\M232\M232Page.jsx","fetch","GET","/api/m232/search?q=${encodeURIComponent(searchQuery)}","TEMPLATE_INTERPOLATION","/api/m232/search"
"C:\Users\DIYA GOEL\Downloads\EBDESIGN\frontend\src\components\AI\AIDashboard.jsx","fetch","GET","/api/ai/analyses/${farmerId}","TEMPLATE_ID_PARAMETER","/api/ai/analyses/:param"
"C:\Users\DIYA GOEL\Downloads\EBDESIGN\frontend\src\modules\M173\M173Page.jsx","fetch","DELETE","/api/m173/${id}","TEMPLATE_ID_PARAMETER","/api/m173/:param"
"C:\Users\DIYA GOEL\Downloads\EBDESIGN\frontend\src\services\api.js","api","POST","/complete-ai-integration/optimize-sheep-production/${sheepId}","TEMPLATE_ID_PARAMETER","/complete-ai-integration/optimize-sheep-production/:param"
"C:\Users\DIYA GOEL\Downloads\EBDESIGN\frontend\src\services\api.js","api","POST","/cv-models/${id}/process","TEMPLATE_ID_PARAMETER","/cv-models/:param/process"
"C:\Users\DIYA GOEL\Downloads\EBDESIGN\frontend\src\modules\M162\M162Page.jsx","fetch","GET","/api/m162?${params}","TEMPLATE_INTERPOLATION","/api/m162"
"C:\Users\DIYA GOEL\Downloads\EBDESIGN\frontend\src\pages\modules\M332\M332.jsx","fetch","DELETE","/api/v1/backend-modules/M332/${id}","TEMPLATE_ID_PARAMETER","/api/v1/backend-modules/M332/:param"
"C:\Users\DIYA GOEL\Downloads\EBDESIGN\frontend\src\modules\M055\M055Page.jsx","fetch","GET","/api/m055?${params}","TEMPLATE_INTERPOLATION","/api/m055"
"C:\Users\DIYA GOEL\Downloads\EBDESIGN\frontend\src\modules\M031\M031Page.jsx","fetch","GET","/api/m031?${params}","TEMPLATE_INTERPOLATION","/api/m031"
"C:\Users\DIYA GOEL\Downloads\EBDESIGN\frontend\src\modules\M144\M144Page.jsx","fetch","GET","/api/m144/search?q=${encodeURIComponent(searchQuery)}","TEMPLATE_INTERPOLATION","/api/m144/search"
"C:\Users\DIYA GOEL\Downloads\EBDESIGN\frontend\src\pages\modules\M113\M113.jsx","fetch","DELETE","/api/v1/backend-modules/M113/${id}","TEMPLATE_ID_PARAMETER","/api/v1/backend-modules/M113/:param"
"C:\Users\DIYA GOEL\Downloads\EBDESIGN\frontend\src\modules\M043\M043Page.jsx","fetch","DELETE","/api/m043/${id}","TEMPLATE_ID_PARAMETER","/api/m043/:param"
"C:\Users\DIYA GOEL\Downloads\EBDESIGN\frontend\src\pages\modules\M124\M124.jsx","fetch","DELETE","/api/v1/backend-modules/M124/${id}","TEMPLATE_ID_PARAMETER","/api/v1/backend-modules/M124/:param"
"C:\Users\DIYA GOEL\Downloads\EBDESIGN\frontend\src\services\vendorProcurementService.js","api","PUT","/vendor-procurement/vendors/${vendorId}","TEMPLATE_ID_PARAMETER","/vendor-procurement/vendors/:param"
"C:\Users\DIYA GOEL\Downloads\EBDESIGN\frontend\src\services\api.js","api","POST","/orders/${id}/cancel","TEMPLATE_ID_PARAMETER","/orders/:param/cancel"
"C:\Users\DIYA GOEL\Downloads\EBDESIGN\frontend\src\modules\M041\M041Page.jsx","fetch","DELETE","/api/m041/${id}","TEMPLATE_ID_PARAMETER","/api/m041/:param"
"C:\Users\DIYA GOEL\Downloads\EBDESIGN\frontend\src\modules\M099\M099Page.jsx","fetch","GET","/api/m099/search?q=${encodeURIComponent(searchQuery)}","TEMPLATE_INTERPOLATION","/api/m099/search"
"C:\Users\DIYA GOEL\Downloads\EBDESIGN\frontend\src\modules\M233\M233Page.jsx","fetch","GET","/api/m233/search?q=${encodeURIComponent(searchQuery)}","TEMPLATE_INTERPOLATION","/api/m233/search"
"C:\Users\DIYA GOEL\Downloads\EBDESIGN\frontend\src\services\api.js","api","PUT","/water-analytics-records/${id}","TEMPLATE_ID_PARAMETER","/water-analytics-records/:param"
"C:\Users\DIYA GOEL\Downloads\EBDESIGN\frontend\src\services\api.js","api","DELETE","/sowing/record/${id}","TEMPLATE_ID_PARAMETER","/sowing/record/:param"
"C:\Users\DIYA GOEL\Downloads\EBDESIGN\frontend\src\modules\M273\M273Page.jsx","fetch","GET","/api/m273/search?q=${encodeURIComponent(searchQuery)}","TEMPLATE_INTERPOLATION","/api/m273/search"
"C:\Users\DIYA GOEL\Downloads\EBDESIGN\frontend\src\modules\M252\M252Page.jsx","fetch","GET","/api/m252/search?q=${encodeURIComponent(searchQuery)}","TEMPLATE_INTERPOLATION","/api/m252/search"
"C:\Users\DIYA GOEL\Downloads\EBDESIGN\frontend\src\modules\M344\M344Page.jsx","fetch","GET","/api/m344?${params}","TEMPLATE_INTERPOLATION","/api/m344"
"C:\Users\DIYA GOEL\Downloads\EBDESIGN\frontend\src\pages\modules\M249\M249.jsx","fetch","DELETE","/api/v1/backend-modules/M249/${id}","TEMPLATE_ID_PARAMETER","/api/v1/backend-modules/M249/:param"
"C:\Users\DIYA GOEL\Downloads\EBDESIGN\frontend\src\services\api.js","api","DELETE","/fish-feed/log/${id}","TEMPLATE_ID_PARAMETER","/fish-feed/log/:param"
"C:\Users\DIYA GOEL\Downloads\EBDESIGN\frontend\src\modules\M204\M204Page.jsx","fetch","GET","/api/m204?${params}","TEMPLATE_INTERPOLATION","/api/m204"
"C:\Users\DIYA GOEL\Downloads\EBDESIGN\frontend\src\pages\modules\M226\M226.jsx","fetch","DELETE","/api/v1/backend-modules/M226/${id}","TEMPLATE_ID_PARAMETER","/api/v1/backend-modules/M226/:param"
"C:\Users\DIYA GOEL\Downloads\EBDESIGN\frontend\src\services\api.js","api","GET","/environments/${id}","TEMPLATE_ID_PARAMETER","/environments/:param"
"C:\Users\DIYA GOEL\Downloads\EBDESIGN\frontend\src\modules\M199\M199Page.jsx","fetch","DELETE","/api/m199/${id}","TEMPLATE_ID_PARAMETER","/api/m199/:param"
"C:\Users\DIYA GOEL\Downloads\EBDESIGN\frontend\src\modules\M240\M240Page.jsx","fetch","DELETE","/api/m240/${id}","TEMPLATE_ID_PARAMETER","/api/m240/:param"
"C:\Users\DIYA GOEL\Downloads\EBDESIGN\frontend\src\modules\M120\M120Page.jsx","fetch","GET","/api/m120/search?q=${encodeURIComponent(searchQuery)}","TEMPLATE_INTERPOLATION","/api/m120/search"
"C:\Users\DIYA GOEL\Downloads\EBDESIGN\frontend\src\services\api.js","api","DELETE","/fertility-management/record/${id}","TEMPLATE_ID_PARAMETER","/fertility-management/record/:param"
"C:\Users\DIYA GOEL\Downloads\EBDESIGN\frontend\src\modules\M342\M342Page.jsx","fetch","GET","/api/m342/search?q=${encodeURIComponent(searchQuery)}","TEMPLATE_INTERPOLATION","/api/m342/search"
"C:\Users\DIYA GOEL\Downloads\EBDESIGN\frontend\src\modules\M283\M283Page.jsx","fetch","GET","/api/m283?${params}","TEMPLATE_INTERPOLATION","/api/m283"
"C:\Users\DIYA GOEL\Downloads\EBDESIGN\frontend\src\modules\M163\M163Page.jsx","fetch","DELETE","/api/m163/${id}","TEMPLATE_ID_PARAMETER","/api/m163/:param"
"C:\Users\DIYA GOEL\Downloads\EBDESIGN\frontend\src\modules\M149\M149Page.jsx","fetch","DELETE","/api/m149/${id}","TEMPLATE_ID_PARAMETER","/api/m149/:param"
"C:\Users\DIYA GOEL\Downloads\EBDESIGN\frontend\src\modules\M298\M298Page.jsx","fetch","DELETE","/api/m298/${id}","TEMPLATE_ID_PARAMETER","/api/m298/:param"
"C:\Users\DIYA GOEL\Downloads\EBDESIGN\frontend\src\services\api.js","api","PUT","/input-consumption/record/${id}","TEMPLATE_ID_PARAMETER","/input-consumption/record/:param"
"C:\Users\DIYA GOEL\Downloads\EBDESIGN\frontend\src\modules\M275\M275Page.jsx","fetch","DELETE","/api/m275/${id}","TEMPLATE_ID_PARAMETER","/api/m275/:param"
"C:\Users\DIYA GOEL\Downloads\EBDESIGN\frontend\src\modules\M278\M278Page.jsx","fetch","GET","/api/m278?${params}","TEMPLATE_INTERPOLATION","/api/m278"
"C:\Users\DIYA GOEL\Downloads\EBDESIGN\frontend\src\services\api.js","api","POST","/complete-ai-integration/optimize-dairy-production/${dairyId}","TEMPLATE_ID_PARAMETER","/complete-ai-integration/optimize-dairy-production/:param"
"C:\Users\DIYA GOEL\Downloads\EBDESIGN\frontend\src\modules\M225\M225Page.jsx","fetch","GET","/api/m225?${params}","TEMPLATE_INTERPOLATION","/api/m225"
"C:\Users\DIYA GOEL\Downloads\EBDESIGN\frontend\src\pages\modules\M103\M103.jsx","fetch","DELETE","/api/v1/backend-modules/M103/${id}","TEMPLATE_ID_PARAMETER","/api/v1/backend-modules/M103/:param"
"C:\Users\DIYA GOEL\Downloads\EBDESIGN\frontend\src\pages\modules\M51\M51.jsx","fetch","DELETE","/api/v1/backend-modules/M051/${id}","TEMPLATE_ID_PARAMETER","/api/v1/backend-modules/M051/:param"
"C:\Users\DIYA GOEL\Downloads\EBDESIGN\frontend\src\modules\M084\M084Page.jsx","fetch","DELETE","/api/m084/${id}","TEMPLATE_ID_PARAMETER","/api/m084/:param"
"C:\Users\DIYA GOEL\Downloads\EBDESIGN\frontend\src\services\api.js","api","PUT","/quotas/${id}","TEMPLATE_ID_PARAMETER","/quotas/:param"
"C:\Users\DIYA GOEL\Downloads\EBDESIGN\frontend\src\pages\modules\M87\M87.jsx","fetch","DELETE","/api/v1/backend-modules/M087/${id}","TEMPLATE_ID_PARAMETER","/api/v1/backend-modules/M087/:param"
"C:\Users\DIYA GOEL\Downloads\EBDESIGN\frontend\src\modules\M046\M046Page.jsx","fetch","GET","/api/m046?${params}","TEMPLATE_INTERPOLATION","/api/m046"
"C:\Users\DIYA GOEL\Downloads\EBDESIGN\frontend\src\modules\M062\M062Page.jsx","fetch","GET","/api/m062?${params}","TEMPLATE_INTERPOLATION","/api/m062"
"C:\Users\DIYA GOEL\Downloads\EBDESIGN\frontend\src\modules\M122\M122Page.jsx","fetch","DELETE","/api/m122/${id}","TEMPLATE_ID_PARAMETER","/api/m122/:param"
"C:\Users\DIYA GOEL\Downloads\EBDESIGN\frontend\src\modules\M219\M219Page.jsx","fetch","GET","/api/m219?${params}","TEMPLATE_INTERPOLATION","/api/m219"
"C:\Users\DIYA GOEL\Downloads\EBDESIGN\frontend\src\services\api.js","api","GET","/forms/${form}","TEMPLATE_INTERPOLATION","/forms/:param"
"C:\Users\DIYA GOEL\Downloads\EBDESIGN\frontend\src\modules\M094\M094Page.jsx","fetch","GET","/api/m094?${params}","TEMPLATE_INTERPOLATION","/api/m094"
"C:\Users\DIYA GOEL\Downloads\EBDESIGN\frontend\src\services\api.js","api","GET","/news-feed/${id}","TEMPLATE_ID_PARAMETER","/news-feed/:param"
"C:\Users\DIYA GOEL\Downloads\EBDESIGN\frontend\src\services\api.js","api","GET","/guilds/${id}","TEMPLATE_ID_PARAMETER","/guilds/:param"
"C:\Users\DIYA GOEL\Downloads\EBDESIGN\frontend\src\modules\M320\M320Page.jsx","fetch","GET","/api/m320?${params}","TEMPLATE_INTERPOLATION","/api/m320"
"C:\Users\DIYA GOEL\Downloads\EBDESIGN\frontend\src\services\api.js","api","GET","/ecommerce-marketplace/price-trends/${categoryId}","TEMPLATE_ID_PARAMETER","/ecommerce-marketplace/price-trends/:param"
"C:\Users\DIYA GOEL\Downloads\EBDESIGN\frontend\src\services\api.js","api","PUT","/alerts/${id}/acknowledge","TEMPLATE_ID_PARAMETER","/alerts/:param/acknowledge"
"C:\Users\DIYA GOEL\Downloads\EBDESIGN\frontend\src\modules\M187\M187Page.jsx","fetch","GET","/api/m187/search?q=${encodeURIComponent(searchQuery)}","TEMPLATE_INTERPOLATION","/api/m187/search"
"C:\Users\DIYA GOEL\Downloads\EBDESIGN\frontend\src\modules\M327\M327Page.jsx","fetch","DELETE","/api/m327/${id}","TEMPLATE_ID_PARAMETER","/api/m327/:param"
"C:\Users\DIYA GOEL\Downloads\EBDESIGN\frontend\src\modules\M338\M338Page.jsx","fetch","GET","/api/m338?${params}","TEMPLATE_INTERPOLATION","/api/m338"
"C:\Users\DIYA GOEL\Downloads\EBDESIGN\frontend\src\modules\M194\M194Page.jsx","fetch","DELETE","/api/m194/${id}","TEMPLATE_ID_PARAMETER","/api/m194/:param"
"C:\Users\DIYA GOEL\Downloads\EBDESIGN\frontend\src\services\api.js","api","DELETE","/water-analytics-records/${id}","TEMPLATE_ID_PARAMETER","/water-analytics-records/:param"
"C:\Users\DIYA GOEL\Downloads\EBDESIGN\frontend\src\modules\M129\M129Page.jsx","fetch","DELETE","/api/m129/${id}","TEMPLATE_ID_PARAMETER","/api/m129/:param"
"C:\Users\DIYA GOEL\Downloads\EBDESIGN\frontend\src\pages\modules\M264\M264.jsx","fetch","DELETE","/api/v1/backend-modules/M264/${id}","TEMPLATE_ID_PARAMETER","/api/v1/backend-modules/M264/:param"
"C:\Users\DIYA GOEL\Downloads\EBDESIGN\frontend\src\modules\M125\M125Page.jsx","fetch","GET","/api/m125/search?q=${encodeURIComponent(searchQuery)}","TEMPLATE_INTERPOLATION","/api/m125/search"
"C:\Users\DIYA GOEL\Downloads\EBDESIGN\frontend\src\modules\M133\M133Page.jsx","fetch","GET","/api/m133?${params}","TEMPLATE_INTERPOLATION","/api/m133"
"C:\Users\DIYA GOEL\Downloads\EBDESIGN\frontend\src\services\api.js","api","GET","/realtime-monitoring/monitor/${id}/status","TEMPLATE_ID_PARAMETER","/realtime-monitoring/monitor/:param/status"
"C:\Users\DIYA GOEL\Downloads\EBDESIGN\frontend\src\modules\M201\M201Page.jsx","fetch","GET","/api/m201?${params}","TEMPLATE_INTERPOLATION","/api/m201"
"C:\Users\DIYA GOEL\Downloads\EBDESIGN\frontend\src\services\commerceApi.js","api","GET","/orders/${id}","TEMPLATE_ID_PARAMETER","/orders/:param"
"C:\Users\DIYA GOEL\Downloads\EBDESIGN\frontend\src\services\api.js","api","POST","/complete-erp-integration/sync-goat-production/${goatId}","TEMPLATE_ID_PARAMETER","/complete-erp-integration/sync-goat-production/:param"
"C:\Users\DIYA GOEL\Downloads\EBDESIGN\frontend\src\modules\M126\M126Page.jsx","fetch","DELETE","/api/m126/${id}","TEMPLATE_ID_PARAMETER","/api/m126/:param"
"C:\Users\DIYA GOEL\Downloads\EBDESIGN\frontend\src\modules\M257\M257Page.jsx","fetch","GET","/api/m257?${params}","TEMPLATE_INTERPOLATION","/api/m257"
"C:\Users\DIYA GOEL\Downloads\EBDESIGN\frontend\src\modules\M320\M320Page.jsx","fetch","GET","/api/m320/search?q=${encodeURIComponent(searchQuery)}","TEMPLATE_INTERPOLATION","/api/m320/search"
"C:\Users\DIYA GOEL\Downloads\EBDESIGN\frontend\src\modules\M103\M103Page.jsx","fetch","DELETE","/api/m103/${id}","TEMPLATE_ID_PARAMETER","/api/m103/:param"
"C:\Users\DIYA GOEL\Downloads\EBDESIGN\frontend\src\modules\M289\M289Page.jsx","fetch","GET","/api/m289/search?q=${encodeURIComponent(searchQuery)}","TEMPLATE_INTERPOLATION","/api/m289/search"
"C:\Users\DIYA GOEL\Downloads\EBDESIGN\frontend\src\services\api.js","api","PUT","/mfa-management/device/${id}","TEMPLATE_ID_PARAMETER","/mfa-management/device/:param"
"C:\Users\DIYA GOEL\Downloads\EBDESIGN\frontend\src\services\api.js","api","POST","/complete-ai-integration/predict-crop-yield/${cropId}","TEMPLATE_ID_PARAMETER","/complete-ai-integration/predict-crop-yield/:param"
"C:\Users\DIYA GOEL\Downloads\EBDESIGN\frontend\src\services\commerceApi.js","api","POST","/farmers/${id}/certifications","TEMPLATE_ID_PARAMETER","/farmers/:param/certifications"
"C:\Users\DIYA GOEL\Downloads\EBDESIGN\frontend\src\services\api.js","api","GET","/engineering-project/project/${id}","TEMPLATE_ID_PARAMETER","/engineering-project/project/:param"
"C:\Users\DIYA GOEL\Downloads\EBDESIGN\frontend\src\services\api.js","api","DELETE","/input-procurement/order/${id}","TEMPLATE_ID_PARAMETER","/input-procurement/order/:param"
"C:\Users\DIYA GOEL\Downloads\EBDESIGN\frontend\src\modules\M158\M158Page.jsx","fetch","DELETE","/api/m158/${id}","TEMPLATE_ID_PARAMETER","/api/m158/:param"
"C:\Users\DIYA GOEL\Downloads\EBDESIGN\frontend\src\modules\M173\M173Page.jsx","fetch","GET","/api/m173/search?q=${encodeURIComponent(searchQuery)}","TEMPLATE_INTERPOLATION","/api/m173/search"
"C:\Users\DIYA GOEL\Downloads\EBDESIGN\frontend\src\modules\M264\M264Page.jsx","fetch","DELETE","/api/m264/${id}","TEMPLATE_ID_PARAMETER","/api/m264/:param"
"C:\Users\DIYA GOEL\Downloads\EBDESIGN\frontend\src\pages\modules\M211\M211.jsx","fetch","DELETE","/api/v1/backend-modules/M211/${id}","TEMPLATE_ID_PARAMETER","/api/v1/backend-modules/M211/:param"
"C:\Users\DIYA GOEL\Downloads\EBDESIGN\frontend\src\modules\M177\M177Page.jsx","fetch","GET","/api/m177/search?q=${encodeURIComponent(searchQuery)}","TEMPLATE_INTERPOLATION","/api/m177/search"
"C:\Users\DIYA GOEL\Downloads\EBDESIGN\frontend\src\services\api.js","api","POST","/farmer-kyc/application/${id}/verify","TEMPLATE_ID_PARAMETER","/farmer-kyc/application/:param/verify"
"C:\Users\DIYA GOEL\Downloads\EBDESIGN\frontend\src\pages\modules\M243\M243.jsx","fetch","DELETE","/api/v1/backend-modules/M243/${id}","TEMPLATE_ID_PARAMETER","/api/v1/backend-modules/M243/:param"
"C:\Users\DIYA GOEL\Downloads\EBDESIGN\frontend\src\modules\M301\M301Page.jsx","fetch","GET","/api/m301/search?q=${encodeURIComponent(searchQuery)}","TEMPLATE_INTERPOLATION","/api/m301/search"
"C:\Users\DIYA GOEL\Downloads\EBDESIGN\frontend\src\modules\M049\M049Page.jsx","fetch","DELETE","/api/m049/${id}","TEMPLATE_ID_PARAMETER","/api/m049/:param"
"C:\Users\DIYA GOEL\Downloads\EBDESIGN\frontend\src\services\api.js","api","GET","/access-logs/${id}","TEMPLATE_ID_PARAMETER","/access-logs/:param"
"C:\Users\DIYA GOEL\Downloads\EBDESIGN\frontend\src\modules\M086\M086Page.jsx","fetch","GET","/api/m086/search?q=${encodeURIComponent(searchQuery)}","TEMPLATE_INTERPOLATION","/api/m086/search"
"C:\Users\DIYA GOEL\Downloads\EBDESIGN\frontend\src\modules\M033\M033Page.jsx","fetch","GET","/api/m033/search?q=${encodeURIComponent(searchQuery)}","TEMPLATE_INTERPOLATION","/api/m033/search"
"C:\Users\DIYA GOEL\Downloads\EBDESIGN\frontend\src\services\api.js","api","POST","/workflow-manager/${id}/execute","TEMPLATE_ID_PARAMETER","/workflow-manager/:param/execute"
"C:\Users\DIYA GOEL\Downloads\EBDESIGN\frontend\src\services\farmerService.js","api","PUT","/farmers/${farmerId}","TEMPLATE_ID_PARAMETER","/farmers/:param"
"C:\Users\DIYA GOEL\Downloads\EBDESIGN\frontend\src\services\api.js","api","PUT","/sheep/animal/${id}","TEMPLATE_ID_PARAMETER","/sheep/animal/:param"
"C:\Users\DIYA GOEL\Downloads\EBDESIGN\frontend\src\modules\M211\M211Page.jsx","fetch","GET","/api/m211/search?q=${encodeURIComponent(searchQuery)}","TEMPLATE_INTERPOLATION","/api/m211/search"
"C:\Users\DIYA GOEL\Downloads\EBDESIGN\frontend\src\modules\M223\M223Page.jsx","fetch","GET","/api/m223/search?q=${encodeURIComponent(searchQuery)}","TEMPLATE_INTERPOLATION","/api/m223/search"
"C:\Users\DIYA GOEL\Downloads\EBDESIGN\frontend\src\services\componentApi.js","api","POST","/modules/${moduleId}/execute","TEMPLATE_ID_PARAMETER","/modules/:param/execute"
"C:\Users\DIYA GOEL\Downloads\EBDESIGN\frontend\src\services\vendorProcurementService.js","api","GET","/vendor-procurement/vendors/${vendorId}","TEMPLATE_ID_PARAMETER","/vendor-procurement/vendors/:param"
"C:\Users\DIYA GOEL\Downloads\EBDESIGN\frontend\src\services\api.js","api","POST","/chaos/experiments/${id}/run","TEMPLATE_ID_PARAMETER","/chaos/experiments/:param/run"
"C:\Users\DIYA GOEL\Downloads\EBDESIGN\frontend\src\pages\modules\M119\M119.jsx","fetch","DELETE","/api/v1/backend-modules/M119/${id}","TEMPLATE_ID_PARAMETER","/api/v1/backend-modules/M119/:param"
"C:\Users\DIYA GOEL\Downloads\EBDESIGN\frontend\src\modules\M138\M138Page.jsx","fetch","GET","/api/m138?${params}","TEMPLATE_INTERPOLATION","/api/m138"
"C:\Users\DIYA GOEL\Downloads\EBDESIGN\frontend\src\services\api.js","api","GET","/provenance-data/${id}/track","TEMPLATE_ID_PARAMETER","/provenance-data/:param/track"
"C:\Users\DIYA GOEL\Downloads\EBDESIGN\frontend\src\modules\M108\M108Page.jsx","fetch","DELETE","/api/m108/${id}","TEMPLATE_ID_PARAMETER","/api/m108/:param"
"C:\Users\DIYA GOEL\Downloads\EBDESIGN\frontend\src\pages\modules\M333\M333.jsx","fetch","DELETE","/api/v1/backend-modules/M333/${id}","TEMPLATE_ID_PARAMETER","/api/v1/backend-modules/M333/:param"
"C:\Users\DIYA GOEL\Downloads\EBDESIGN\frontend\src\pages\modules\M260\M260.jsx","fetch","DELETE","/api/v1/backend-modules/M260/${id}","TEMPLATE_ID_PARAMETER","/api/v1/backend-modules/M260/:param"
"C:\Users\DIYA GOEL\Downloads\EBDESIGN\frontend\src\modules\M293\M293Page.jsx","fetch","DELETE","/api/m293/${id}","TEMPLATE_ID_PARAMETER","/api/m293/:param"
"C:\Users\DIYA GOEL\Downloads\EBDESIGN\frontend\src\modules\M232\M232Page.jsx","fetch","DELETE","/api/m232/${id}","TEMPLATE_ID_PARAMETER","/api/m232/:param"
"C:\Users\DIYA GOEL\Downloads\EBDESIGN\frontend\src\modules\M342\M342Page.jsx","fetch","GET","/api/m342?${params}","TEMPLATE_INTERPOLATION","/api/m342"
"C:\Users\DIYA GOEL\Downloads\EBDESIGN\frontend\src\services\api.js","api","GET","/nutrition-intelligence/product-nutrition/${productId}","TEMPLATE_ID_PARAMETER","/nutrition-intelligence/product-nutrition/:param"
"C:\Users\DIYA GOEL\Downloads\EBDESIGN\frontend\src\services\artificialScientistAPI.js","api","GET","${base}/runs/${id}","TEMPLATE_ID_PARAMETER","/:param/runs/:param"
"C:\Users\DIYA GOEL\Downloads\EBDESIGN\frontend\src\services\api.js","api","DELETE","/aeroponics/system/${id}","TEMPLATE_ID_PARAMETER","/aeroponics/system/:param"
"C:\Users\DIYA GOEL\Downloads\EBDESIGN\frontend\src\modules\M309\M309Page.jsx","fetch","DELETE","/api/m309/${id}","TEMPLATE_ID_PARAMETER","/api/m309/:param"
"C:\Users\DIYA GOEL\Downloads\EBDESIGN\frontend\src\modules\M083\M083Page.jsx","fetch","DELETE","/api/m083/${id}","TEMPLATE_ID_PARAMETER","/api/m083/:param"
"C:\Users\DIYA GOEL\Downloads\EBDESIGN\frontend\src\modules\M332\M332Page.jsx","fetch","DELETE","/api/m332/${id}","TEMPLATE_ID_PARAMETER","/api/m332/:param"
"C:\Users\DIYA GOEL\Downloads\EBDESIGN\frontend\src\modules\M217\M217Page.jsx","fetch","GET","/api/m217/search?q=${encodeURIComponent(searchQuery)}","TEMPLATE_INTERPOLATION","/api/m217/search"
"C:\Users\DIYA GOEL\Downloads\EBDESIGN\frontend\src\services\operationsApi.js","api","GET","/logistics/shipments/${shipmentId}/temperature","TEMPLATE_ID_PARAMETER","/logistics/shipments/:param/temperature"
"C:\Users\DIYA GOEL\Downloads\EBDESIGN\frontend\src\services\farmerService.js","api","GET","/farmers/${farmerId}/income","TEMPLATE_ID_PARAMETER","/farmers/:param/income"
"C:\Users\DIYA GOEL\Downloads\EBDESIGN\frontend\src\modules\M140\M140Page.jsx","fetch","DELETE","/api/m140/${id}","TEMPLATE_ID_PARAMETER","/api/m140/:param"
"C:\Users\DIYA GOEL\Downloads\EBDESIGN\frontend\src\services\api.js","api","POST","/complete-ai-integration/predict-harvest-timing/${farmerId}","TEMPLATE_ID_PARAMETER","/complete-ai-integration/predict-harvest-timing/:param"
"C:\Users\DIYA GOEL\Downloads\EBDESIGN\frontend\src\modules\M226\M226Page.jsx","fetch","GET","/api/m226?${params}","TEMPLATE_INTERPOLATION","/api/m226"
"C:\Users\DIYA GOEL\Downloads\EBDESIGN\frontend\src\services\api.js","api","DELETE","/watershed-records/${id}","TEMPLATE_ID_PARAMETER","/watershed-records/:param"
"C:\Users\DIYA GOEL\Downloads\EBDESIGN\frontend\src\modules\M223\M223Page.jsx","fetch","GET","/api/m223?${params}","TEMPLATE_INTERPOLATION","/api/m223"
"C:\Users\DIYA GOEL\Downloads\EBDESIGN\frontend\src\pages\modules\M253\M253.jsx","fetch","DELETE","/api/v1/backend-modules/M253/${id}","TEMPLATE_ID_PARAMETER","/api/v1/backend-modules/M253/:param"
"C:\Users\DIYA GOEL\Downloads\EBDESIGN\frontend\src\services\operationsApi.js","api","GET","/logistics/shipments/${shipmentId}/temperature-alerts","TEMPLATE_ID_PARAMETER","/logistics/shipments/:param/temperature-alerts"
"C:\Users\DIYA GOEL\Downloads\EBDESIGN\frontend\src\modules\M318\M318Page.jsx","fetch","GET","/api/m318?${params}","TEMPLATE_INTERPOLATION","/api/m318"
"C:\Users\DIYA GOEL\Downloads\EBDESIGN\frontend\src\services\api.js","api","GET","/alliances/${id}","TEMPLATE_ID_PARAMETER","/alliances/:param"
"C:\Users\DIYA GOEL\Downloads\EBDESIGN\frontend\src\services\api.js","api","PUT","/water-budget-records/${id}","TEMPLATE_ID_PARAMETER","/water-budget-records/:param"
"C:\Users\DIYA GOEL\Downloads\EBDESIGN\frontend\src\pages\modules\M105\M105.jsx","fetch","DELETE","/api/v1/backend-modules/M105/${id}","TEMPLATE_ID_PARAMETER","/api/v1/backend-modules/M105/:param"
"C:\Users\DIYA GOEL\Downloads\EBDESIGN\frontend\src\modules\M067\M067Page.jsx","fetch","DELETE","/api/m067/${id}","TEMPLATE_ID_PARAMETER","/api/m067/:param"
"C:\Users\DIYA GOEL\Downloads\EBDESIGN\frontend\src\modules\M331\M331Page.jsx","fetch","GET","/api/m331/search?q=${encodeURIComponent(searchQuery)}","TEMPLATE_INTERPOLATION","/api/m331/search"
"C:\Users\DIYA GOEL\Downloads\EBDESIGN\frontend\src\modules\M242\M242Page.jsx","fetch","GET","/api/m242/search?q=${encodeURIComponent(searchQuery)}","TEMPLATE_INTERPOLATION","/api/m242/search"
"C:\Users\DIYA GOEL\Downloads\EBDESIGN\frontend\src\modules\M154\M154Page.jsx","fetch","GET","/api/m154/search?q=${encodeURIComponent(searchQuery)}","TEMPLATE_INTERPOLATION","/api/m154/search"
"C:\Users\DIYA GOEL\Downloads\EBDESIGN\frontend\src\pages\modules\M252\M252.jsx","fetch","DELETE","/api/v1/backend-modules/M252/${id}","TEMPLATE_ID_PARAMETER","/api/v1/backend-modules/M252/:param"
"C:\Users\DIYA GOEL\Downloads\EBDESIGN\frontend\src\modules\M074\M074Page.jsx","fetch","GET","/api/m074/search?q=${encodeURIComponent(searchQuery)}","TEMPLATE_INTERPOLATION","/api/m074/search"
"C:\Users\DIYA GOEL\Downloads\EBDESIGN\frontend\src\pages\modules\M34\M34.jsx","fetch","DELETE","/api/v1/backend-modules/M034/${id}","TEMPLATE_ID_PARAMETER","/api/v1/backend-modules/M034/:param"
"C:\Users\DIYA GOEL\Downloads\EBDESIGN\frontend\src\pages\modules\M337\M337.jsx","fetch","DELETE","/api/v1/backend-modules/M337/${id}","TEMPLATE_ID_PARAMETER","/api/v1/backend-modules/M337/:param"
"C:\Users\DIYA GOEL\Downloads\EBDESIGN\frontend\src\services\api.js","api","POST","/sidecars/${id}","TEMPLATE_ID_PARAMETER","/sidecars/:param"
"C:\Users\DIYA GOEL\Downloads\EBDESIGN\frontend\src\services\api.js","api","PUT","/forms/form/${id}","TEMPLATE_ID_PARAMETER","/forms/form/:param"
"C:\Users\DIYA GOEL\Downloads\EBDESIGN\frontend\src\services\farmerService.js","api","GET","/farmers/${farmerId}/farms","TEMPLATE_ID_PARAMETER","/farmers/:param/farms"
"C:\Users\DIYA GOEL\Downloads\EBDESIGN\frontend\src\services\api.js","api","POST","/complete-erp-integration/sync-poultry-production/${poultryId}","TEMPLATE_ID_PARAMETER","/complete-erp-integration/sync-poultry-production/:param"
"C:\Users\DIYA GOEL\Downloads\EBDESIGN\frontend\src\services\api.js","api","PUT","/ai-agent/agent/${agentName}","TEMPLATE_INTERPOLATION","/ai-agent/agent/:param"
"C:\Users\DIYA GOEL\Downloads\EBDESIGN\frontend\src\modules\M181\M181Page.jsx","fetch","GET","/api/m181?${params}","TEMPLATE_INTERPOLATION","/api/m181"
"C:\Users\DIYA GOEL\Downloads\EBDESIGN\frontend\src\pages\modules\M117\M117.jsx","fetch","DELETE","/api/v1/backend-modules/M117/${id}","TEMPLATE_ID_PARAMETER","/api/v1/backend-modules/M117/:param"
"C:\Users\DIYA GOEL\Downloads\EBDESIGN\frontend\src\modules\M336\M336Page.jsx","fetch","DELETE","/api/m336/${id}","TEMPLATE_ID_PARAMETER","/api/m336/:param"
"C:\Users\DIYA GOEL\Downloads\EBDESIGN\frontend\src\modules\M104\M104Page.jsx","fetch","GET","/api/m104?${params}","TEMPLATE_INTERPOLATION","/api/m104"
"C:\Users\DIYA GOEL\Downloads\EBDESIGN\frontend\src\services\api.js","api","GET","/industry-associations/${id}","TEMPLATE_ID_PARAMETER","/industry-associations/:param"
"C:\Users\DIYA GOEL\Downloads\EBDESIGN\frontend\src\modules\M179\M179Page.jsx","fetch","GET","/api/m179?${params}","TEMPLATE_INTERPOLATION","/api/m179"
"C:\Users\DIYA GOEL\Downloads\EBDESIGN\frontend\src\modules\M326\M326Page.jsx","fetch","DELETE","/api/m326/${id}","TEMPLATE_ID_PARAMETER","/api/m326/:param"
"C:\Users\DIYA GOEL\Downloads\EBDESIGN\frontend\src\modules\M334\M334Page.jsx","fetch","DELETE","/api/m334/${id}","TEMPLATE_ID_PARAMETER","/api/m334/:param"
"C:\Users\DIYA GOEL\Downloads\EBDESIGN\frontend\src\modules\M139\M139Page.jsx","fetch","GET","/api/m139?${params}","TEMPLATE_INTERPOLATION","/api/m139"
"C:\Users\DIYA GOEL\Downloads\EBDESIGN\frontend\src\modules\M266\M266Page.jsx","fetch","GET","/api/m266?${params}","TEMPLATE_INTERPOLATION","/api/m266"
"C:\Users\DIYA GOEL\Downloads\EBDESIGN\frontend\src\modules\M165\M165Page.jsx","fetch","GET","/api/m165?${params}","TEMPLATE_INTERPOLATION","/api/m165"
"C:\Users\DIYA GOEL\Downloads\EBDESIGN\frontend\src\modules\M281\M281Page.jsx","fetch","DELETE","/api/m281/${id}","TEMPLATE_ID_PARAMETER","/api/m281/:param"
"C:\Users\DIYA GOEL\Downloads\EBDESIGN\frontend\src\services\api.js","api","DELETE","/protected-cultivation/structure/${id}","TEMPLATE_ID_PARAMETER","/protected-cultivation/structure/:param"
"C:\Users\DIYA GOEL\Downloads\EBDESIGN\frontend\src\modules\M123\M123Page.jsx","fetch","GET","/api/m123?${params}","TEMPLATE_INTERPOLATION","/api/m123"
"C:\Users\DIYA GOEL\Downloads\EBDESIGN\frontend\src\modules\M107\M107Page.jsx","fetch","DELETE","/api/m107/${id}","TEMPLATE_ID_PARAMETER","/api/m107/:param"
"C:\Users\DIYA GOEL\Downloads\EBDESIGN\frontend\src\services\api.js","api","GET","/blocks/${id}","TEMPLATE_ID_PARAMETER","/blocks/:param"
"C:\Users\DIYA GOEL\Downloads\EBDESIGN\frontend\src\modules\M283\M283Page.jsx","fetch","DELETE","/api/m283/${id}","TEMPLATE_ID_PARAMETER","/api/m283/:param"
"C:\Users\DIYA GOEL\Downloads\EBDESIGN\frontend\src\services\operationsApi.js","api","POST","/insurance/calculate/${type}","TEMPLATE_INTERPOLATION","/insurance/calculate/:param"
"C:\Users\DIYA GOEL\Downloads\EBDESIGN\frontend\src\modules\M282\M282Page.jsx","fetch","GET","/api/m282/search?q=${encodeURIComponent(searchQuery)}","TEMPLATE_INTERPOLATION","/api/m282/search"
"C:\Users\DIYA GOEL\Downloads\EBDESIGN\frontend\src\services\api.js","api","DELETE","/pesticide-inventory/item/${id}","TEMPLATE_ID_PARAMETER","/pesticide-inventory/item/:param"
"C:\Users\DIYA GOEL\Downloads\EBDESIGN\frontend\src\services\api.js","api","PUT","/ambassadors/${id}","TEMPLATE_ID_PARAMETER","/ambassadors/:param"
"C:\Users\DIYA GOEL\Downloads\EBDESIGN\frontend\src\modules\M292\M292Page.jsx","fetch","GET","/api/m292?${params}","TEMPLATE_INTERPOLATION","/api/m292"
"C:\Users\DIYA GOEL\Downloads\EBDESIGN\frontend\src\services\api.js","api","PUT","/preventive-maintenance/record/${id}","TEMPLATE_ID_PARAMETER","/preventive-maintenance/record/:param"
"C:\Users\DIYA GOEL\Downloads\EBDESIGN\frontend\src\services\api.js","api","POST","/plugins/${id}/install","TEMPLATE_ID_PARAMETER","/plugins/:param/install"
"C:\Users\DIYA GOEL\Downloads\EBDESIGN\frontend\src\services\api.js","api","DELETE","/crop-registrations/${id}","TEMPLATE_ID_PARAMETER","/crop-registrations/:param"
"C:\Users\DIYA GOEL\Downloads\EBDESIGN\frontend\src\services\warningAPI.js","axios","GET","${API_BASE_URL}/api/v1/warnings/metrics","TEMPLATE_INTERPOLATION","/:param/api/v1/warnings/metrics"
"C:\Users\DIYA GOEL\Downloads\EBDESIGN\frontend\src\services\commerceApi.js","api","DELETE","/products/${id}","TEMPLATE_ID_PARAMETER","/products/:param"
"C:\Users\DIYA GOEL\Downloads\EBDESIGN\frontend\src\modules\M088\M088Page.jsx","fetch","GET","/api/m088?${params}","TEMPLATE_INTERPOLATION","/api/m088"
"C:\Users\DIYA GOEL\Downloads\EBDESIGN\frontend\src\services\api.js","api","PUT","/land-lease/lease/${id}","TEMPLATE_ID_PARAMETER","/land-lease/lease/:param"
"C:\Users\DIYA GOEL\Downloads\EBDESIGN\frontend\src\pages\modules\M218\M218.jsx","fetch","DELETE","/api/v1/backend-modules/M218/${id}","TEMPLATE_ID_PARAMETER","/api/v1/backend-modules/M218/:param"
"C:\Users\DIYA GOEL\Downloads\EBDESIGN\frontend\src\services\apiClient.js","axios","POST","${API_BASE_URL}/auth/refresh","TEMPLATE_INTERPOLATION","/:param/auth/refresh"
"C:\Users\DIYA GOEL\Downloads\EBDESIGN\frontend\src\modules\M197\M197Page.jsx","fetch","GET","/api/m197?${params}","TEMPLATE_INTERPOLATION","/api/m197"
"C:\Users\DIYA GOEL\Downloads\EBDESIGN\frontend\src\pages\modules\M169\M169.jsx","fetch","DELETE","/api/v1/backend-modules/M169/${id}","TEMPLATE_ID_PARAMETER","/api/v1/backend-modules/M169/:param"
"C:\Users\DIYA GOEL\Downloads\EBDESIGN\frontend\src\services\api.js","api","DELETE","/orchard/orchard/${id}","TEMPLATE_ID_PARAMETER","/orchard/orchard/:param"
"C:\Users\DIYA GOEL\Downloads\EBDESIGN\frontend\src\pages\modules\M198\M198.jsx","fetch","DELETE","/api/v1/backend-modules/M198/${id}","TEMPLATE_ID_PARAMETER","/api/v1/backend-modules/M198/:param"
"C:\Users\DIYA GOEL\Downloads\EBDESIGN\frontend\src\services\api.js","api","GET","/track-dart/${id}","TEMPLATE_ID_PARAMETER","/track-dart/:param"
"C:\Users\DIYA GOEL\Downloads\EBDESIGN\frontend\src\modules\M182\M182Page.jsx","fetch","GET","/api/m182/search?q=${encodeURIComponent(searchQuery)}","TEMPLATE_INTERPOLATION","/api/m182/search"
"C:\Users\DIYA GOEL\Downloads\EBDESIGN\frontend\src\services\api.js","api","GET","/rfq/centre-pnl/${fpoId}","TEMPLATE_ID_PARAMETER","/rfq/centre-pnl/:param"
"C:\Users\DIYA GOEL\Downloads\EBDESIGN\frontend\src\services\api.js","api","PUT","/sheep-farming/animal/${id}","TEMPLATE_ID_PARAMETER","/sheep-farming/animal/:param"
"C:\Users\DIYA GOEL\Downloads\EBDESIGN\frontend\src\pages\modules\M50\M50.jsx","fetch","DELETE","/api/v1/backend-modules/M050/${id}","TEMPLATE_ID_PARAMETER","/api/v1/backend-modules/M050/:param"
"C:\Users\DIYA GOEL\Downloads\EBDESIGN\frontend\src\modules\M315\M315Page.jsx","fetch","GET","/api/m315/search?q=${encodeURIComponent(searchQuery)}","TEMPLATE_INTERPOLATION","/api/m315/search"
"C:\Users\DIYA GOEL\Downloads\EBDESIGN\frontend\src\modules\M206\M206Page.jsx","fetch","GET","/api/m206/search?q=${encodeURIComponent(searchQuery)}","TEMPLATE_INTERPOLATION","/api/m206/search"
"C:\Users\DIYA GOEL\Downloads\EBDESIGN\frontend\src\pages\modules\M126\M126.jsx","fetch","DELETE","/api/v1/backend-modules/M126/${id}","TEMPLATE_ID_PARAMETER","/api/v1/backend-modules/M126/:param"
"C:\Users\DIYA GOEL\Downloads\EBDESIGN\frontend\src\modules\M310\M310Page.jsx","fetch","DELETE","/api/m310/${id}","TEMPLATE_ID_PARAMETER","/api/m310/:param"
"C:\Users\DIYA GOEL\Downloads\EBDESIGN\frontend\src\modules\M290\M290Page.jsx","fetch","GET","/api/m290?${params}","TEMPLATE_INTERPOLATION","/api/m290"
"C:\Users\DIYA GOEL\Downloads\EBDESIGN\frontend\src\services\farmerService.js","api","GET","/farmers/${farmerId}/transactions","TEMPLATE_ID_PARAMETER","/farmers/:param/transactions"
"C:\Users\DIYA GOEL\Downloads\EBDESIGN\frontend\src\modules\M072\M072Page.jsx","fetch","GET","/api/m072/search?q=${encodeURIComponent(searchQuery)}","TEMPLATE_INTERPOLATION","/api/m072/search"
"C:\Users\DIYA GOEL\Downloads\EBDESIGN\frontend\src\services\api.js","api","PUT","/bioflocc-farm/tank/${id}","TEMPLATE_ID_PARAMETER","/bioflocc-farm/tank/:param"
"C:\Users\DIYA GOEL\Downloads\EBDESIGN\frontend\src\modules\M275\M275Page.jsx","fetch","GET","/api/m275/search?q=${encodeURIComponent(searchQuery)}","TEMPLATE_INTERPOLATION","/api/m275/search"
"C:\Users\DIYA GOEL\Downloads\EBDESIGN\frontend\src\services\api.js","api","POST","/comprehensive-erp/update-project-status/${id}","TEMPLATE_ID_PARAMETER","/comprehensive-erp/update-project-status/:param"
"C:\Users\DIYA GOEL\Downloads\EBDESIGN\frontend\src\modules\M044\M044Page.jsx","fetch","DELETE","/api/m044/${id}","TEMPLATE_ID_PARAMETER","/api/m044/:param"
"C:\Users\DIYA GOEL\Downloads\EBDESIGN\frontend\src\modules\M185\M185Page.jsx","fetch","GET","/api/m185?${params}","TEMPLATE_INTERPOLATION","/api/m185"
"C:\Users\DIYA GOEL\Downloads\EBDESIGN\frontend\src\pages\modules\M111\M111.jsx","fetch","DELETE","/api/v1/backend-modules/M111/${id}","TEMPLATE_ID_PARAMETER","/api/v1/backend-modules/M111/:param"
"C:\Users\DIYA GOEL\Downloads\EBDESIGN\frontend\src\modules\M344\M344Page.jsx","fetch","GET","/api/m344/search?q=${encodeURIComponent(searchQuery)}","TEMPLATE_INTERPOLATION","/api/m344/search"
"C:\Users\DIYA GOEL\Downloads\EBDESIGN\frontend\src\services\operationsApi.js","api","GET","/insurance/policies/${id}","TEMPLATE_ID_PARAMETER","/insurance/policies/:param"
"C:\Users\DIYA GOEL\Downloads\EBDESIGN\frontend\src\services\api.js","api","GET","/activity-logs/${id}","TEMPLATE_ID_PARAMETER","/activity-logs/:param"
"C:\Users\DIYA GOEL\Downloads\EBDESIGN\frontend\src\services\api.js","api","GET","/cooperative-share/paid-up-capital/${fpoId}","TEMPLATE_ID_PARAMETER","/cooperative-share/paid-up-capital/:param"
"C:\Users\DIYA GOEL\Downloads\EBDESIGN\frontend\src\pages\modules\M93\M93.jsx","fetch","DELETE","/api/v1/backend-modules/M093/${id}","TEMPLATE_ID_PARAMETER","/api/v1/backend-modules/M093/:param"
"C:\Users\DIYA GOEL\Downloads\EBDESIGN\frontend\src\services\api.js","api","GET","/ecommerce-erp/sync-inventory/${productId}","TEMPLATE_ID_PARAMETER","/ecommerce-erp/sync-inventory/:param"
"C:\Users\DIYA GOEL\Downloads\EBDESIGN\frontend\src\pages\modules\M237\M237.jsx","fetch","DELETE","/api/v1/backend-modules/M237/${id}","TEMPLATE_ID_PARAMETER","/api/v1/backend-modules/M237/:param"
"C:\Users\DIYA GOEL\Downloads\EBDESIGN\frontend\src\services\api.js","api","DELETE","/bioflocc-farm/tank/${id}","TEMPLATE_ID_PARAMETER","/bioflocc-farm/tank/:param"
"C:\Users\DIYA GOEL\Downloads\EBDESIGN\frontend\src\modules\M129\M129Page.jsx","fetch","GET","/api/m129/search?q=${encodeURIComponent(searchQuery)}","TEMPLATE_INTERPOLATION","/api/m129/search"
"C:\Users\DIYA GOEL\Downloads\EBDESIGN\frontend\src\modules\M093\M093Page.jsx","fetch","DELETE","/api/m093/${id}","TEMPLATE_ID_PARAMETER","/api/m093/:param"
"C:\Users\DIYA GOEL\Downloads\EBDESIGN\frontend\src\modules\M306\M306Page.jsx","fetch","GET","/api/m306/search?q=${encodeURIComponent(searchQuery)}","TEMPLATE_INTERPOLATION","/api/m306/search"
"C:\Users\DIYA GOEL\Downloads\EBDESIGN\frontend\src\modules\M101\M101Page.jsx","fetch","GET","/api/m101?${params}","TEMPLATE_INTERPOLATION","/api/m101"
"C:\Users\DIYA GOEL\Downloads\EBDESIGN\frontend\src\services\api.js","api","GET","/zones/${id}","TEMPLATE_ID_PARAMETER","/zones/:param"
"C:\Users\DIYA GOEL\Downloads\EBDESIGN\frontend\src\modules\M092\M092Page.jsx","fetch","GET","/api/m092?${params}","TEMPLATE_INTERPOLATION","/api/m092"
"C:\Users\DIYA GOEL\Downloads\EBDESIGN\frontend\src\modules\M113\M113Page.jsx","fetch","DELETE","/api/m113/${id}","TEMPLATE_ID_PARAMETER","/api/m113/:param"
"C:\Users\DIYA GOEL\Downloads\EBDESIGN\frontend\src\modules\M138\M138Page.jsx","fetch","DELETE","/api/m138/${id}","TEMPLATE_ID_PARAMETER","/api/m138/:param"
"C:\Users\DIYA GOEL\Downloads\EBDESIGN\frontend\src\services\api.js","api","PUT","/consent-management/record/${id}","TEMPLATE_ID_PARAMETER","/consent-management/record/:param"
"C:\Users\DIYA GOEL\Downloads\EBDESIGN\frontend\src\modules\M239\M239Page.jsx","fetch","DELETE","/api/m239/${id}","TEMPLATE_ID_PARAMETER","/api/m239/:param"
"C:\Users\DIYA GOEL\Downloads\EBDESIGN\frontend\src\modules\M331\M331Page.jsx","fetch","DELETE","/api/m331/${id}","TEMPLATE_ID_PARAMETER","/api/m331/:param"
"C:\Users\DIYA GOEL\Downloads\EBDESIGN\frontend\src\modules\M036\M036Page.jsx","fetch","GET","/api/m036?${params}","TEMPLATE_INTERPOLATION","/api/m036"
"C:\Users\DIYA GOEL\Downloads\EBDESIGN\frontend\src\modules\M172\M172Page.jsx","fetch","GET","/api/m172?${params}","TEMPLATE_INTERPOLATION","/api/m172"
"C:\Users\DIYA GOEL\Downloads\EBDESIGN\frontend\src\pages\modules\M281\M281.jsx","fetch","DELETE","/api/v1/backend-modules/M281/${id}","TEMPLATE_ID_PARAMETER","/api/v1/backend-modules/M281/:param"
"C:\Users\DIYA GOEL\Downloads\EBDESIGN\frontend\src\modules\M300\M300Page.jsx","fetch","DELETE","/api/m300/${id}","TEMPLATE_ID_PARAMETER","/api/m300/:param"
"C:\Users\DIYA GOEL\Downloads\EBDESIGN\frontend\src\modules\M207\M207Page.jsx","fetch","GET","/api/m207/search?q=${encodeURIComponent(searchQuery)}","TEMPLATE_INTERPOLATION","/api/m207/search"
"C:\Users\DIYA GOEL\Downloads\EBDESIGN\frontend\src\services\api.js","api","POST","/complete-ai-integration/monitor-livestock-health/${livestockId}","TEMPLATE_ID_PARAMETER","/complete-ai-integration/monitor-livestock-health/:param"
"C:\Users\DIYA GOEL\Downloads\EBDESIGN\frontend\src\services\api.js","api","DELETE","/polyhouse/record/${id}","TEMPLATE_ID_PARAMETER","/polyhouse/record/:param"
"C:\Users\DIYA GOEL\Downloads\EBDESIGN\frontend\src\services\api.js","api","GET","/subsectors/${id}","TEMPLATE_ID_PARAMETER","/subsectors/:param"
"C:\Users\DIYA GOEL\Downloads\EBDESIGN\frontend\src\modules\M212\M212Page.jsx","fetch","GET","/api/m212/search?q=${encodeURIComponent(searchQuery)}","TEMPLATE_INTERPOLATION","/api/m212/search"
"C:\Users\DIYA GOEL\Downloads\EBDESIGN\frontend\src\pages\modules\M189\M189.jsx","fetch","DELETE","/api/v1/backend-modules/M189/${id}","TEMPLATE_ID_PARAMETER","/api/v1/backend-modules/M189/:param"
"C:\Users\DIYA GOEL\Downloads\EBDESIGN\frontend\src\pages\modules\M159\M159.jsx","fetch","DELETE","/api/v1/backend-modules/M159/${id}","TEMPLATE_ID_PARAMETER","/api/v1/backend-modules/M159/:param"
"C:\Users\DIYA GOEL\Downloads\EBDESIGN\frontend\src\components\Admin\AutoGenerationDashboard.jsx","fetch","POST","${API_BASE}/process-now","TEMPLATE_INTERPOLATION","/:param/process-now"
"C:\Users\DIYA GOEL\Downloads\EBDESIGN\frontend\src\modules\M079\M079Page.jsx","fetch","GET","/api/m079/search?q=${encodeURIComponent(searchQuery)}","TEMPLATE_INTERPOLATION","/api/m079/search"
"C:\Users\DIYA GOEL\Downloads\EBDESIGN\frontend\src\services\api.js","api","GET","/localities/${id}","TEMPLATE_ID_PARAMETER","/localities/:param"
"C:\Users\DIYA GOEL\Downloads\EBDESIGN\frontend\src\services\api.js","api","POST","/dairy-ai/optimize-milk-production/${animalId}","TEMPLATE_ID_PARAMETER","/dairy-ai/optimize-milk-production/:param"
"C:\Users\DIYA GOEL\Downloads\EBDESIGN\frontend\src\services\api.js","api","POST","/policies/${id}/enforce","TEMPLATE_ID_PARAMETER","/policies/:param/enforce"
"C:\Users\DIYA GOEL\Downloads\EBDESIGN\frontend\src\modules\M296\M296Page.jsx","fetch","DELETE","/api/m296/${id}","TEMPLATE_ID_PARAMETER","/api/m296/:param"
"C:\Users\DIYA GOEL\Downloads\EBDESIGN\frontend\src\services\api.js","api","GET","/civil-disruption/shipment/${shipmentId}/risk","TEMPLATE_ID_PARAMETER","/civil-disruption/shipment/:param/risk"
"C:\Users\DIYA GOEL\Downloads\EBDESIGN\frontend\src\services\api.js","api","GET","/cost-control/budget/${budgetId}/cost-reduction-recommendations","TEMPLATE_ID_PARAMETER","/cost-control/budget/:param/cost-reduction-recommendations"
"C:\Users\DIYA GOEL\Downloads\EBDESIGN\frontend\src\services\api.js","api","POST","/complete-erp-integration/sync-dairy-production/${dairyId}","TEMPLATE_ID_PARAMETER","/complete-erp-integration/sync-dairy-production/:param"
"C:\Users\DIYA GOEL\Downloads\EBDESIGN\frontend\src\pages\modules\M302\M302.jsx","fetch","DELETE","/api/v1/backend-modules/M302/${id}","TEMPLATE_ID_PARAMETER","/api/v1/backend-modules/M302/:param"
"C:\Users\DIYA GOEL\Downloads\EBDESIGN\frontend\src\services\api.js","api","POST","/ai/product-media-ai/products/${productId}/video-script","TEMPLATE_ID_PARAMETER","/ai/product-media-ai/products/:param/video-script"
"C:\Users\DIYA GOEL\Downloads\EBDESIGN\frontend\src\modules\M324\M324Page.jsx","fetch","GET","/api/m324?${params}","TEMPLATE_INTERPOLATION","/api/m324"
"C:\Users\DIYA GOEL\Downloads\EBDESIGN\frontend\src\services\api.js","api","PUT","/seed-planning/plan/${id}","TEMPLATE_ID_PARAMETER","/seed-planning/plan/:param"
"C:\Users\DIYA GOEL\Downloads\EBDESIGN\frontend\src\modules\M057\M057Page.jsx","fetch","GET","/api/m057/search?q=${encodeURIComponent(searchQuery)}","TEMPLATE_INTERPOLATION","/api/m057/search"
"C:\Users\DIYA GOEL\Downloads\EBDESIGN\frontend\src\pages\modules\M92\M92.jsx","fetch","DELETE","/api/v1/backend-modules/M092/${id}","TEMPLATE_ID_PARAMETER","/api/v1/backend-modules/M092/:param"
"C:\Users\DIYA GOEL\Downloads\EBDESIGN\frontend\src\modules\M272\M272Page.jsx","fetch","GET","/api/m272?${params}","TEMPLATE_INTERPOLATION","/api/m272"
"C:\Users\DIYA GOEL\Downloads\EBDESIGN\frontend\src\modules\M271\M271Page.jsx","fetch","GET","/api/m271/search?q=${encodeURIComponent(searchQuery)}","TEMPLATE_INTERPOLATION","/api/m271/search"
"C:\Users\DIYA GOEL\Downloads\EBDESIGN\frontend\src\pages\modules\M76\M76.jsx","fetch","DELETE","/api/v1/backend-modules/M076/${id}","TEMPLATE_ID_PARAMETER","/api/v1/backend-modules/M076/:param"
"C:\Users\DIYA GOEL\Downloads\EBDESIGN\frontend\src\pages\modules\M72\M72.jsx","fetch","DELETE","/api/v1/backend-modules/M072/${id}","TEMPLATE_ID_PARAMETER","/api/v1/backend-modules/M072/:param"
"C:\Users\DIYA GOEL\Downloads\EBDESIGN\frontend\src\modules\M291\M291Page.jsx","fetch","GET","/api/m291/search?q=${encodeURIComponent(searchQuery)}","TEMPLATE_INTERPOLATION","/api/m291/search"
"C:\Users\DIYA GOEL\Downloads\EBDESIGN\frontend\src\services\api.js","api","GET","/supply-chain/track/${id}","TEMPLATE_ID_PARAMETER","/supply-chain/track/:param"
"C:\Users\DIYA GOEL\Downloads\EBDESIGN\frontend\src\services\api.js","api","POST","/asset-accounting/asset/${assetId}/depreciation-schedule","TEMPLATE_ID_PARAMETER","/asset-accounting/asset/:param/depreciation-schedule"
"C:\Users\DIYA GOEL\Downloads\EBDESIGN\frontend\src\modules\M109\M109Page.jsx","fetch","DELETE","/api/m109/${id}","TEMPLATE_ID_PARAMETER","/api/m109/:param"
"C:\Users\DIYA GOEL\Downloads\EBDESIGN\frontend\src\modules\M241\M241Page.jsx","fetch","GET","/api/m241?${params}","TEMPLATE_INTERPOLATION","/api/m241"
"C:\Users\DIYA GOEL\Downloads\EBDESIGN\frontend\src\modules\M164\M164Page.jsx","fetch","GET","/api/m164/search?q=${encodeURIComponent(searchQuery)}","TEMPLATE_INTERPOLATION","/api/m164/search"
"C:\Users\DIYA GOEL\Downloads\EBDESIGN\frontend\src\services\api.js","api","PUT","/circuit-breakers/${id}","TEMPLATE_ID_PARAMETER","/circuit-breakers/:param"
"C:\Users\DIYA GOEL\Downloads\EBDESIGN\frontend\src\modules\M301\M301Page.jsx","fetch","GET","/api/m301?${params}","TEMPLATE_INTERPOLATION","/api/m301"
"C:\Users\DIYA GOEL\Downloads\EBDESIGN\frontend\src\services\api.js","api","DELETE","/seed-planning/plan/${id}","TEMPLATE_ID_PARAMETER","/seed-planning/plan/:param"
"C:\Users\DIYA GOEL\Downloads\EBDESIGN\frontend\src\modules\M064\M064Page.jsx","fetch","GET","/api/m064/search?q=${encodeURIComponent(searchQuery)}","TEMPLATE_INTERPOLATION","/api/m064/search"
"C:\Users\DIYA GOEL\Downloads\EBDESIGN\frontend\src\services\api.js","api","POST","/complete-erp-integration/sync-livestock-health/${livestockId}","TEMPLATE_ID_PARAMETER","/complete-erp-integration/sync-livestock-health/:param"
"C:\Users\DIYA GOEL\Downloads\EBDESIGN\frontend\src\services\api.js","api","DELETE","/machinery-operations/operation/${id}","TEMPLATE_ID_PARAMETER","/machinery-operations/operation/:param"
"C:\Users\DIYA GOEL\Downloads\EBDESIGN\frontend\src\pages\modules\M157\M157.jsx","fetch","DELETE","/api/v1/backend-modules/M157/${id}","TEMPLATE_ID_PARAMETER","/api/v1/backend-modules/M157/:param"
"C:\Users\DIYA GOEL\Downloads\EBDESIGN\frontend\src\services\api.js","api","PUT","/water-quality-records/${id}","TEMPLATE_ID_PARAMETER","/water-quality-records/:param"
"C:\Users\DIYA GOEL\Downloads\EBDESIGN\frontend\src\modules\M335\M335Page.jsx","fetch","GET","/api/m335/search?q=${encodeURIComponent(searchQuery)}","TEMPLATE_INTERPOLATION","/api/m335/search"
"C:\Users\DIYA GOEL\Downloads\EBDESIGN\frontend\src\pages\modules\M277\M277.jsx","fetch","DELETE","/api/v1/backend-modules/M277/${id}","TEMPLATE_ID_PARAMETER","/api/v1/backend-modules/M277/:param"
"C:\Users\DIYA GOEL\Downloads\EBDESIGN\frontend\src\pages\modules\M294\M294.jsx","fetch","DELETE","/api/v1/backend-modules/M294/${id}","TEMPLATE_ID_PARAMETER","/api/v1/backend-modules/M294/:param"
"C:\Users\DIYA GOEL\Downloads\EBDESIGN\frontend\src\modules\M249\M249Page.jsx","fetch","GET","/api/m249?${params}","TEMPLATE_INTERPOLATION","/api/m249"
"C:\Users\DIYA GOEL\Downloads\EBDESIGN\frontend\src\services\api.js","api","DELETE","/gis-land-mapping/mapping/${id}","TEMPLATE_ID_PARAMETER","/gis-land-mapping/mapping/:param"
"C:\Users\DIYA GOEL\Downloads\EBDESIGN\frontend\src\modules\M221\M221Page.jsx","fetch","GET","/api/m221?${params}","TEMPLATE_INTERPOLATION","/api/m221"
"C:\Users\DIYA GOEL\Downloads\EBDESIGN\frontend\src\pages\modules\M167\M167.jsx","fetch","DELETE","/api/v1/backend-modules/M167/${id}","TEMPLATE_ID_PARAMETER","/api/v1/backend-modules/M167/:param"
"C:\Users\DIYA GOEL\Downloads\EBDESIGN\frontend\src\pages\modules\M155\M155.jsx","fetch","DELETE","/api/v1/backend-modules/M155/${id}","TEMPLATE_ID_PARAMETER","/api/v1/backend-modules/M155/:param"
"C:\Users\DIYA GOEL\Downloads\EBDESIGN\frontend\src\services\api.js","api","POST","/erp/sync/conflicts/${id}/resolve","TEMPLATE_ID_PARAMETER","/erp/sync/conflicts/:param/resolve"
"C:\Users\DIYA GOEL\Downloads\EBDESIGN\frontend\src\modules\M145\M145Page.jsx","fetch","GET","/api/m145/search?q=${encodeURIComponent(searchQuery)}","TEMPLATE_INTERPOLATION","/api/m145/search"
"C:\Users\DIYA GOEL\Downloads\EBDESIGN\frontend\src\modules\M266\M266Page.jsx","fetch","DELETE","/api/m266/${id}","TEMPLATE_ID_PARAMETER","/api/m266/:param"
"C:\Users\DIYA GOEL\Downloads\EBDESIGN\frontend\src\services\api.js","api","DELETE","/nutrient-management/plan/${id}","TEMPLATE_ID_PARAMETER","/nutrient-management/plan/:param"
"C:\Users\DIYA GOEL\Downloads\EBDESIGN\frontend\src\pages\modules\M220\M220.jsx","fetch","DELETE","/api/v1/backend-modules/M220/${id}","TEMPLATE_ID_PARAMETER","/api/v1/backend-modules/M220/:param"
"C:\Users\DIYA GOEL\Downloads\EBDESIGN\frontend\src\modules\M240\M240Page.jsx","fetch","GET","/api/m240/search?q=${encodeURIComponent(searchQuery)}","TEMPLATE_INTERPOLATION","/api/m240/search"
"C:\Users\DIYA GOEL\Downloads\EBDESIGN\frontend\src\pages\modules\M41\M41.jsx","fetch","DELETE","/api/v1/backend-modules/M041/${id}","TEMPLATE_ID_PARAMETER","/api/v1/backend-modules/M041/:param"
"C:\Users\DIYA GOEL\Downloads\EBDESIGN\frontend\src\pages\modules\M58\M58.jsx","fetch","DELETE","/api/v1/backend-modules/M058/${id}","TEMPLATE_ID_PARAMETER","/api/v1/backend-modules/M058/:param"
"C:\Users\DIYA GOEL\Downloads\EBDESIGN\frontend\src\services\api.js","api","POST","/communications/${id}","TEMPLATE_ID_PARAMETER","/communications/:param"
"C:\Users\DIYA GOEL\Downloads\EBDESIGN\frontend\src\modules\M169\M169Page.jsx","fetch","GET","/api/m169/search?q=${encodeURIComponent(searchQuery)}","TEMPLATE_INTERPOLATION","/api/m169/search"
"C:\Users\DIYA GOEL\Downloads\EBDESIGN\frontend\src\services\api.js","api","PUT","/modules/${module}/${id}","TEMPLATE_ID_PARAMETER","/modules/:param/:param"
"C:\Users\DIYA GOEL\Downloads\EBDESIGN\frontend\src\modules\M322\M322Page.jsx","fetch","GET","/api/m322?${params}","TEMPLATE_INTERPOLATION","/api/m322"
"C:\Users\DIYA GOEL\Downloads\EBDESIGN\frontend\src\modules\M129\M129Page.jsx","fetch","GET","/api/m129?${params}","TEMPLATE_INTERPOLATION","/api/m129"
"C:\Users\DIYA GOEL\Downloads\EBDESIGN\frontend\src\services\api.js","api","PUT","/soil-mapping/zone/${id}","TEMPLATE_ID_PARAMETER","/soil-mapping/zone/:param"
"C:\Users\DIYA GOEL\Downloads\EBDESIGN\frontend\src\modules\M322\M322Page.jsx","fetch","GET","/api/m322/search?q=${encodeURIComponent(searchQuery)}","TEMPLATE_INTERPOLATION","/api/m322/search"
"C:\Users\DIYA GOEL\Downloads\EBDESIGN\frontend\src\pages\modules\M205\M205.jsx","fetch","DELETE","/api/v1/backend-modules/M205/${id}","TEMPLATE_ID_PARAMETER","/api/v1/backend-modules/M205/:param"
"C:\Users\DIYA GOEL\Downloads\EBDESIGN\frontend\src\modules\M107\M107Page.jsx","fetch","GET","/api/m107/search?q=${encodeURIComponent(searchQuery)}","TEMPLATE_INTERPOLATION","/api/m107/search"
"C:\Users\DIYA GOEL\Downloads\EBDESIGN\frontend\src\modules\M159\M159Page.jsx","fetch","GET","/api/m159/search?q=${encodeURIComponent(searchQuery)}","TEMPLATE_INTERPOLATION","/api/m159/search"
"C:\Users\DIYA GOEL\Downloads\EBDESIGN\frontend\src\pages\modules\M295\M295.jsx","fetch","DELETE","/api/v1/backend-modules/M295/${id}","TEMPLATE_ID_PARAMETER","/api/v1/backend-modules/M295/:param"
"C:\Users\DIYA GOEL\Downloads\EBDESIGN\frontend\src\modules\M114\M114Page.jsx","fetch","DELETE","/api/m114/${id}","TEMPLATE_ID_PARAMETER","/api/m114/:param"
"C:\Users\DIYA GOEL\Downloads\EBDESIGN\frontend\src\modules\M108\M108Page.jsx","fetch","GET","/api/m108?${params}","TEMPLATE_INTERPOLATION","/api/m108"
"C:\Users\DIYA GOEL\Downloads\EBDESIGN\frontend\src\services\api.js","api","DELETE","/rural-development-project/${id}","TEMPLATE_ID_PARAMETER","/rural-development-project/:param"
"C:\Users\DIYA GOEL\Downloads\EBDESIGN\frontend\src\services\api.js","api","GET","/coalitions/${id}","TEMPLATE_ID_PARAMETER","/coalitions/:param"
"C:\Users\DIYA GOEL\Downloads\EBDESIGN\frontend\src\pages\modules\M154\M154.jsx","fetch","DELETE","/api/v1/backend-modules/M154/${id}","TEMPLATE_ID_PARAMETER","/api/v1/backend-modules/M154/:param"
"C:\Users\DIYA GOEL\Downloads\EBDESIGN\frontend\src\modules\M118\M118Page.jsx","fetch","GET","/api/m118?${params}","TEMPLATE_INTERPOLATION","/api/m118"
"C:\Users\DIYA GOEL\Downloads\EBDESIGN\frontend\src\modules\M072\M072Page.jsx","fetch","DELETE","/api/m072/${id}","TEMPLATE_ID_PARAMETER","/api/m072/:param"
"C:\Users\DIYA GOEL\Downloads\EBDESIGN\frontend\src\services\api.js","api","PUT","/governance/policies/${id}","TEMPLATE_ID_PARAMETER","/governance/policies/:param"
"C:\Users\DIYA GOEL\Downloads\EBDESIGN\frontend\src\modules\M332\M332Page.jsx","fetch","GET","/api/m332/search?q=${encodeURIComponent(searchQuery)}","TEMPLATE_INTERPOLATION","/api/m332/search"
"C:\Users\DIYA GOEL\Downloads\EBDESIGN\frontend\src\modules\M031\M031Page.jsx","fetch","GET","/api/m031/search?q=${encodeURIComponent(searchQuery)}","TEMPLATE_INTERPOLATION","/api/m031/search"
"C:\Users\DIYA GOEL\Downloads\EBDESIGN\frontend\src\pages\modules\M88\M88.jsx","fetch","DELETE","/api/v1/backend-modules/M088/${id}","TEMPLATE_ID_PARAMETER","/api/v1/backend-modules/M088/:param"
"C:\Users\DIYA GOEL\Downloads\EBDESIGN\frontend\src\services\api.js","api","GET","/farmers/${farmerId}/pre-orders","TEMPLATE_ID_PARAMETER","/farmers/:param/pre-orders"
"C:\Users\DIYA GOEL\Downloads\EBDESIGN\frontend\src\services\api.js","api","GET","/ai-gateway/models/${encodeURIComponent(provider)}","TEMPLATE_ID_PARAMETER","/ai-gateway/models/:param"
"C:\Users\DIYA GOEL\Downloads\EBDESIGN\frontend\src\modules\M256\M256Page.jsx","fetch","GET","/api/m256/search?q=${encodeURIComponent(searchQuery)}","TEMPLATE_INTERPOLATION","/api/m256/search"
"C:\Users\DIYA GOEL\Downloads\EBDESIGN\frontend\src\modules\M104\M104Page.jsx","fetch","DELETE","/api/m104/${id}","TEMPLATE_ID_PARAMETER","/api/m104/:param"
"C:\Users\DIYA GOEL\Downloads\EBDESIGN\frontend\src\modules\M185\M185Page.jsx","fetch","DELETE","/api/m185/${id}","TEMPLATE_ID_PARAMETER","/api/m185/:param"
"C:\Users\DIYA GOEL\Downloads\EBDESIGN\frontend\src\pages\modules\M67\M67.jsx","fetch","DELETE","/api/v1/backend-modules/M067/${id}","TEMPLATE_ID_PARAMETER","/api/v1/backend-modules/M067/:param"
"C:\Users\DIYA GOEL\Downloads\EBDESIGN\frontend\src\services\marketplaceService.js","api","DELETE","/marketplace/listings/${listingId}","TEMPLATE_ID_PARAMETER","/marketplace/listings/:param"
"C:\Users\DIYA GOEL\Downloads\EBDESIGN\frontend\src\services\api.js","api","DELETE","/block/${id}","TEMPLATE_ID_PARAMETER","/block/:param"
"C:\Users\DIYA GOEL\Downloads\EBDESIGN\frontend\src\pages\modules\M32\M32.jsx","fetch","DELETE","/api/v1/backend-modules/M032/${id}","TEMPLATE_ID_PARAMETER","/api/v1/backend-modules/M032/:param"
"C:\Users\DIYA GOEL\Downloads\EBDESIGN\frontend\src\services\componentApi.js","api","PUT","/i18n/${lang}","TEMPLATE_INTERPOLATION","/i18n/:param"
"C:\Users\DIYA GOEL\Downloads\EBDESIGN\frontend\src\services\api.js","api","POST","/extensions/${id}/enable","TEMPLATE_ID_PARAMETER","/extensions/:param/enable"
"C:\Users\DIYA GOEL\Downloads\EBDESIGN\frontend\src\modules\M076\M076Page.jsx","fetch","DELETE","/api/m076/${id}","TEMPLATE_ID_PARAMETER","/api/m076/:param"
"C:\Users\DIYA GOEL\Downloads\EBDESIGN\frontend\src\modules\M198\M198Page.jsx","fetch","GET","/api/m198/search?q=${encodeURIComponent(searchQuery)}","TEMPLATE_INTERPOLATION","/api/m198/search"
"C:\Users\DIYA GOEL\Downloads\EBDESIGN\frontend\src\components\Admin\AutoGenerationDashboard.jsx","fetch","DELETE","${API_BASE}/queue","TEMPLATE_INTERPOLATION","/:param/queue"
"C:\Users\DIYA GOEL\Downloads\EBDESIGN\frontend\src\services\api.js","api","PUT","/crop-varieties/${id}","TEMPLATE_ID_PARAMETER","/crop-varieties/:param"
"C:\Users\DIYA GOEL\Downloads\EBDESIGN\frontend\src\modules\M268\M268Page.jsx","fetch","GET","/api/m268?${params}","TEMPLATE_INTERPOLATION","/api/m268"
"C:\Users\DIYA GOEL\Downloads\EBDESIGN\frontend\src\services\api.js","api","GET","/nutrition-intelligence/product-nutrition/${productId}/score","TEMPLATE_ID_PARAMETER","/nutrition-intelligence/product-nutrition/:param/score"
"C:\Users\DIYA GOEL\Downloads\EBDESIGN\frontend\src\services\api.js","api","GET","/library/cards/${encodeURIComponent(id)}","TEMPLATE_ID_PARAMETER","/library/cards/:param"
"C:\Users\DIYA GOEL\Downloads\EBDESIGN\frontend\src\services\artificialScientistAPI.js","api","POST","${base}/runs/${id}/transition","TEMPLATE_ID_PARAMETER","/:param/runs/:param/transition"
"C:\Users\DIYA GOEL\Downloads\EBDESIGN\frontend\src\modules\M178\M178Page.jsx","fetch","GET","/api/m178?${params}","TEMPLATE_INTERPOLATION","/api/m178"
"C:\Users\DIYA GOEL\Downloads\EBDESIGN\frontend\src\modules\M251\M251Page.jsx","fetch","GET","/api/m251/search?q=${encodeURIComponent(searchQuery)}","TEMPLATE_INTERPOLATION","/api/m251/search"
"C:\Users\DIYA GOEL\Downloads\EBDESIGN\frontend\src\services\api.js","api","GET","/chambers-of-commerce/${id}","TEMPLATE_ID_PARAMETER","/chambers-of-commerce/:param"
"C:\Users\DIYA GOEL\Downloads\EBDESIGN\frontend\src\modules\M248\M248Page.jsx","fetch","DELETE","/api/m248/${id}","TEMPLATE_ID_PARAMETER","/api/m248/:param"
"C:\Users\DIYA GOEL\Downloads\EBDESIGN\frontend\src\pages\modules\M263\M263.jsx","fetch","DELETE","/api/v1/backend-modules/M263/${id}","TEMPLATE_ID_PARAMETER","/api/v1/backend-modules/M263/:param"
"C:\Users\DIYA GOEL\Downloads\EBDESIGN\frontend\src\modules\M186\M186Page.jsx","fetch","GET","/api/m186/search?q=${encodeURIComponent(searchQuery)}","TEMPLATE_INTERPOLATION","/api/m186/search"
"C:\Users\DIYA GOEL\Downloads\EBDESIGN\frontend\src\pages\IoTMonitoringDashboard.jsx","api","GET","/iot/farmers/${user.id}/devices","TEMPLATE_ID_PARAMETER","/iot/farmers/:param/devices"
"C:\Users\DIYA GOEL\Downloads\EBDESIGN\frontend\src\modules\M319\M319Page.jsx","fetch","GET","/api/m319/search?q=${encodeURIComponent(searchQuery)}","TEMPLATE_INTERPOLATION","/api/m319/search"
"C:\Users\DIYA GOEL\Downloads\EBDESIGN\frontend\src\modules\M056\M056Page.jsx","fetch","GET","/api/m056?${params}","TEMPLATE_INTERPOLATION","/api/m056"
"C:\Users\DIYA GOEL\Downloads\EBDESIGN\frontend\src\modules\M251\M251Page.jsx","fetch","DELETE","/api/m251/${id}","TEMPLATE_ID_PARAMETER","/api/m251/:param"
"C:\Users\DIYA GOEL\Downloads\EBDESIGN\frontend\src\services\api.js","api","POST","/equipment-exchange/listing/${listingId}/complete","TEMPLATE_ID_PARAMETER","/equipment-exchange/listing/:param/complete"
"C:\Users\DIYA GOEL\Downloads\EBDESIGN\frontend\src\modules\M234\M234Page.jsx","fetch","DELETE","/api/m234/${id}","TEMPLATE_ID_PARAMETER","/api/m234/:param"
"C:\Users\DIYA GOEL\Downloads\EBDESIGN\frontend\src\services\api.js","api","PUT","/session-management/session/${id}","TEMPLATE_ID_PARAMETER","/session-management/session/:param"
"C:\Users\DIYA GOEL\Downloads\EBDESIGN\frontend\src\pages\modules\M42\M42.jsx","fetch","DELETE","/api/v1/backend-modules/M042/${id}","TEMPLATE_ID_PARAMETER","/api/v1/backend-modules/M042/:param"
"C:\Users\DIYA GOEL\Downloads\EBDESIGN\frontend\src\modules\M181\M181Page.jsx","fetch","DELETE","/api/m181/${id}","TEMPLATE_ID_PARAMETER","/api/m181/:param"
"C:\Users\DIYA GOEL\Downloads\EBDESIGN\frontend\src\services\api.js","api","POST","/cost-control/budget/${budgetId}/submit","TEMPLATE_ID_PARAMETER","/cost-control/budget/:param/submit"
"C:\Users\DIYA GOEL\Downloads\EBDESIGN\frontend\src\services\api.js","api","PUT","/integrations/${id}","TEMPLATE_ID_PARAMETER","/integrations/:param"
"C:\Users\DIYA GOEL\Downloads\EBDESIGN\frontend\src\modules\M093\M093Page.jsx","fetch","GET","/api/m093?${params}","TEMPLATE_INTERPOLATION","/api/m093"
"C:\Users\DIYA GOEL\Downloads\EBDESIGN\frontend\src\components\Farmer\FarmerImagePortal.jsx","fetch","POST","/api/farmer/portfolio/products/${productId}/publish","TEMPLATE_ID_PARAMETER","/api/farmer/portfolio/products/:param/publish"
"C:\Users\DIYA GOEL\Downloads\EBDESIGN\frontend\src\services\api.js","api","POST","/daos/${id}/participate","TEMPLATE_ID_PARAMETER","/daos/:param/participate"
"C:\Users\DIYA GOEL\Downloads\EBDESIGN\frontend\src\modules\M046\M046Page.jsx","fetch","DELETE","/api/m046/${id}","TEMPLATE_ID_PARAMETER","/api/m046/:param"
"C:\Users\DIYA GOEL\Downloads\EBDESIGN\frontend\src\services\marketplaceService.js","api","PUT","/marketplace/listings/${listingId}","TEMPLATE_ID_PARAMETER","/marketplace/listings/:param"
"C:\Users\DIYA GOEL\Downloads\EBDESIGN\frontend\src\modules\M245\M245Page.jsx","fetch","DELETE","/api/m245/${id}","TEMPLATE_ID_PARAMETER","/api/m245/:param"
"C:\Users\DIYA GOEL\Downloads\EBDESIGN\frontend\src\services\api.js","api","POST","/ai-agent/agent/${agentName}/clear-memory","TEMPLATE_INTERPOLATION","/ai-agent/agent/:param/clear-memory"
"C:\Users\DIYA GOEL\Downloads\EBDESIGN\frontend\src\services\api.js","api","GET","/cost-control/cost-center/${costCenterId}","TEMPLATE_ID_PARAMETER","/cost-control/cost-center/:param"
"C:\Users\DIYA GOEL\Downloads\EBDESIGN\frontend\src\pages\modules\M49\M49.jsx","fetch","DELETE","/api/v1/backend-modules/M049/${id}","TEMPLATE_ID_PARAMETER","/api/v1/backend-modules/M049/:param"
"C:\Users\DIYA GOEL\Downloads\EBDESIGN\frontend\src\modules\M222\M222Page.jsx","fetch","GET","/api/m222/search?q=${encodeURIComponent(searchQuery)}","TEMPLATE_INTERPOLATION","/api/m222/search"
"C:\Users\DIYA GOEL\Downloads\EBDESIGN\frontend\src\services\api.js","api","GET","/templates/${id}","TEMPLATE_ID_PARAMETER","/templates/:param"
"C:\Users\DIYA GOEL\Downloads\EBDESIGN\frontend\src\services\api.js","api","DELETE","/aquaculture-analytics/metric/${id}","TEMPLATE_ID_PARAMETER","/aquaculture-analytics/metric/:param"
"C:\Users\DIYA GOEL\Downloads\EBDESIGN\frontend\src\services\operationsApi.js","api","PUT","/logistics/shipments/${id}/status","TEMPLATE_ID_PARAMETER","/logistics/shipments/:param/status"
"C:\Users\DIYA GOEL\Downloads\EBDESIGN\frontend\src\pages\modules\M242\M242.jsx","fetch","DELETE","/api/v1/backend-modules/M242/${id}","TEMPLATE_ID_PARAMETER","/api/v1/backend-modules/M242/:param"
"C:\Users\DIYA GOEL\Downloads\EBDESIGN\frontend\src\modules\M165\M165Page.jsx","fetch","DELETE","/api/m165/${id}","TEMPLATE_ID_PARAMETER","/api/m165/:param"
"C:\Users\DIYA GOEL\Downloads\EBDESIGN\frontend\src\services\api.js","api","PUT","/i18n/${lang}","TEMPLATE_INTERPOLATION","/i18n/:param"
"C:\Users\DIYA GOEL\Downloads\EBDESIGN\frontend\src\pages\modules\M217\M217.jsx","fetch","DELETE","/api/v1/backend-modules/M217/${id}","TEMPLATE_ID_PARAMETER","/api/v1/backend-modules/M217/:param"
"C:\Users\DIYA GOEL\Downloads\EBDESIGN\frontend\src\modules\M343\M343Page.jsx","fetch","DELETE","/api/m343/${id}","TEMPLATE_ID_PARAMETER","/api/m343/:param"
"C:\Users\DIYA GOEL\Downloads\EBDESIGN\frontend\src\services\api.js","api","POST","/conversational-ai/session/${sessionId}/respond","TEMPLATE_ID_PARAMETER","/conversational-ai/session/:param/respond"
"C:\Users\DIYA GOEL\Downloads\EBDESIGN\frontend\src\services\api.js","api","GET","/organizations/${id}","TEMPLATE_ID_PARAMETER","/organizations/:param"
"C:\Users\DIYA GOEL\Downloads\EBDESIGN\frontend\src\pages\modules\M176\M176.jsx","fetch","DELETE","/api/v1/backend-modules/M176/${id}","TEMPLATE_ID_PARAMETER","/api/v1/backend-modules/M176/:param"
"C:\Users\DIYA GOEL\Downloads\EBDESIGN\frontend\src\modules\M284\M284Page.jsx","fetch","DELETE","/api/m284/${id}","TEMPLATE_ID_PARAMETER","/api/m284/:param"
"C:\Users\DIYA GOEL\Downloads\EBDESIGN\frontend\src\modules\M039\M039Page.jsx","fetch","GET","/api/m039?${params}","TEMPLATE_INTERPOLATION","/api/m039"
"C:\Users\DIYA GOEL\Downloads\EBDESIGN\frontend\src\modules\M070\M070Page.jsx","fetch","GET","/api/m070?${params}","TEMPLATE_INTERPOLATION","/api/m070"
"C:\Users\DIYA GOEL\Downloads\EBDESIGN\frontend\src\services\api.js","api","PUT","/envoys/${id}","TEMPLATE_ID_PARAMETER","/envoys/:param"
"C:\Users\DIYA GOEL\Downloads\EBDESIGN\frontend\src\services\api.js","api","DELETE","/modules/${module}/${id}","TEMPLATE_ID_PARAMETER","/modules/:param/:param"
"C:\Users\DIYA GOEL\Downloads\EBDESIGN\frontend\src\services\api.js","api","PUT","/poultry/flock/${id}","TEMPLATE_ID_PARAMETER","/poultry/flock/:param"
"C:\Users\DIYA GOEL\Downloads\EBDESIGN\frontend\src\modules\M269\M269Page.jsx","fetch","DELETE","/api/m269/${id}","TEMPLATE_ID_PARAMETER","/api/m269/:param"
"C:\Users\DIYA GOEL\Downloads\EBDESIGN\frontend\src\modules\M081\M081Page.jsx","fetch","GET","/api/m081?${params}","TEMPLATE_INTERPOLATION","/api/m081"
"C:\Users\DIYA GOEL\Downloads\EBDESIGN\frontend\src\services\api.js","api","GET","/library/cards/${id}","TEMPLATE_ID_PARAMETER","/library/cards/:param"
"C:\Users\DIYA GOEL\Downloads\EBDESIGN\frontend\src\modules\M330\M330Page.jsx","fetch","DELETE","/api/m330/${id}","TEMPLATE_ID_PARAMETER","/api/m330/:param"
"C:\Users\DIYA GOEL\Downloads\EBDESIGN\frontend\src\modules\M330\M330Page.jsx","fetch","GET","/api/m330/search?q=${encodeURIComponent(searchQuery)}","TEMPLATE_INTERPOLATION","/api/m330/search"
"C:\Users\DIYA GOEL\Downloads\EBDESIGN\frontend\src\services\api.js","api","POST","/complete-erp-integration/sync-crop-lifecycle/${cropId}","TEMPLATE_ID_PARAMETER","/complete-erp-integration/sync-crop-lifecycle/:param"
"C:\Users\DIYA GOEL\Downloads\EBDESIGN\frontend\src\modules\M050\M050Page.jsx","fetch","GET","/api/m050/search?q=${encodeURIComponent(searchQuery)}","TEMPLATE_INTERPOLATION","/api/m050/search"
"C:\Users\DIYA GOEL\Downloads\EBDESIGN\frontend\src\modules\M159\M159Page.jsx","fetch","GET","/api/m159?${params}","TEMPLATE_INTERPOLATION","/api/m159"
"C:\Users\DIYA GOEL\Downloads\EBDESIGN\frontend\src\pages\modules\M55\M55.jsx","fetch","DELETE","/api/v1/backend-modules/M055/${id}","TEMPLATE_ID_PARAMETER","/api/v1/backend-modules/M055/:param"
"C:\Users\DIYA GOEL\Downloads\EBDESIGN\frontend\src\modules\M203\M203Page.jsx","fetch","DELETE","/api/m203/${id}","TEMPLATE_ID_PARAMETER","/api/m203/:param"
"C:\Users\DIYA GOEL\Downloads\EBDESIGN\frontend\src\pages\modules\M293\M293.jsx","fetch","DELETE","/api/v1/backend-modules/M293/${id}","TEMPLATE_ID_PARAMETER","/api/v1/backend-modules/M293/:param"
"C:\Users\DIYA GOEL\Downloads\EBDESIGN\frontend\src\modules\M226\M226Page.jsx","fetch","GET","/api/m226/search?q=${encodeURIComponent(searchQuery)}","TEMPLATE_INTERPOLATION","/api/m226/search"
"C:\Users\DIYA GOEL\Downloads\EBDESIGN\frontend\src\modules\M078\M078Page.jsx","fetch","DELETE","/api/m078/${id}","TEMPLATE_ID_PARAMETER","/api/m078/:param"
"C:\Users\DIYA GOEL\Downloads\EBDESIGN\frontend\src\services\api.js","api","PUT","/sheep/lambing-outcome/${id}","TEMPLATE_ID_PARAMETER","/sheep/lambing-outcome/:param"
"C:\Users\DIYA GOEL\Downloads\EBDESIGN\frontend\src\services\api.js","api","PUT","/drought-monitoring/records/record/${id}","TEMPLATE_ID_PARAMETER","/drought-monitoring/records/record/:param"
"C:\Users\DIYA GOEL\Downloads\EBDESIGN\frontend\src\services\operationsApi.js","api","GET","/insurance/claims/${id}","TEMPLATE_ID_PARAMETER","/insurance/claims/:param"
"C:\Users\DIYA GOEL\Downloads\EBDESIGN\frontend\src\services\api.js","api","PUT","/bio-pesticide/item/${id}","TEMPLATE_ID_PARAMETER","/bio-pesticide/item/:param"
"C:\Users\DIYA GOEL\Downloads\EBDESIGN\frontend\src\services\api.js","api","POST","/degradation-strategies/${id}/activate","TEMPLATE_ID_PARAMETER","/degradation-strategies/:param/activate"
"C:\Users\DIYA GOEL\Downloads\EBDESIGN\frontend\src\modules\M234\M234Page.jsx","fetch","GET","/api/m234?${params}","TEMPLATE_INTERPOLATION","/api/m234"
"C:\Users\DIYA GOEL\Downloads\EBDESIGN\frontend\src\modules\M343\M343Page.jsx","fetch","GET","/api/m343?${params}","TEMPLATE_INTERPOLATION","/api/m343"
"C:\Users\DIYA GOEL\Downloads\EBDESIGN\frontend\src\pages\modules\M270\M270.jsx","fetch","DELETE","/api/v1/backend-modules/M270/${id}","TEMPLATE_ID_PARAMETER","/api/v1/backend-modules/M270/:param"
"C:\Users\DIYA GOEL\Downloads\EBDESIGN\frontend\src\modules\M277\M277Page.jsx","fetch","DELETE","/api/m277/${id}","TEMPLATE_ID_PARAMETER","/api/m277/:param"
"C:\Users\DIYA GOEL\Downloads\EBDESIGN\frontend\src\modules\M305\M305Page.jsx","fetch","GET","/api/m305?${params}","TEMPLATE_INTERPOLATION","/api/m305"
"C:\Users\DIYA GOEL\Downloads\EBDESIGN\frontend\src\modules\M290\M290Page.jsx","fetch","GET","/api/m290/search?q=${encodeURIComponent(searchQuery)}","TEMPLATE_INTERPOLATION","/api/m290/search"
"C:\Users\DIYA GOEL\Downloads\EBDESIGN\frontend\src\pages\modules\M231\M231.jsx","fetch","DELETE","/api/v1/backend-modules/M231/${id}","TEMPLATE_ID_PARAMETER","/api/v1/backend-modules/M231/:param"
"C:\Users\DIYA GOEL\Downloads\EBDESIGN\frontend\src\modules\M142\M142Page.jsx","fetch","DELETE","/api/m142/${id}","TEMPLATE_ID_PARAMETER","/api/m142/:param"
"C:\Users\DIYA GOEL\Downloads\EBDESIGN\frontend\src\modules\M256\M256Page.jsx","fetch","GET","/api/m256?${params}","TEMPLATE_INTERPOLATION","/api/m256"
"C:\Users\DIYA GOEL\Downloads\EBDESIGN\frontend\src\pages\modules\M256\M256.jsx","fetch","DELETE","/api/v1/backend-modules/M256/${id}","TEMPLATE_ID_PARAMETER","/api/v1/backend-modules/M256/:param"
"C:\Users\DIYA GOEL\Downloads\EBDESIGN\frontend\src\modules\M174\M174Page.jsx","fetch","DELETE","/api/m174/${id}","TEMPLATE_ID_PARAMETER","/api/m174/:param"
"C:\Users\DIYA GOEL\Downloads\EBDESIGN\frontend\src\modules\M287\M287Page.jsx","fetch","GET","/api/m287/search?q=${encodeURIComponent(searchQuery)}","TEMPLATE_INTERPOLATION","/api/m287/search"
"C:\Users\DIYA GOEL\Downloads\EBDESIGN\frontend\src\modules\M339\M339Page.jsx","fetch","GET","/api/m339/search?q=${encodeURIComponent(searchQuery)}","TEMPLATE_INTERPOLATION","/api/m339/search"
"C:\Users\DIYA GOEL\Downloads\EBDESIGN\frontend\src\modules\M195\M195Page.jsx","fetch","GET","/api/m195?${params}","TEMPLATE_INTERPOLATION","/api/m195"
"C:\Users\DIYA GOEL\Downloads\EBDESIGN\frontend\src\modules\M042\M042Page.jsx","fetch","DELETE","/api/m042/${id}","TEMPLATE_ID_PARAMETER","/api/m042/:param"
"C:\Users\DIYA GOEL\Downloads\EBDESIGN\frontend\src\services\api.js","api","GET","/ecommerce-erp/gst-invoice/${orderId}","TEMPLATE_ID_PARAMETER","/ecommerce-erp/gst-invoice/:param"
"C:\Users\DIYA GOEL\Downloads\EBDESIGN\frontend\src\modules\M231\M231Page.jsx","fetch","GET","/api/m231/search?q=${encodeURIComponent(searchQuery)}","TEMPLATE_INTERPOLATION","/api/m231/search"
"C:\Users\DIYA GOEL\Downloads\EBDESIGN\frontend\src\modules\M064\M064Page.jsx","fetch","GET","/api/m064?${params}","TEMPLATE_INTERPOLATION","/api/m064"
"C:\Users\DIYA GOEL\Downloads\EBDESIGN\frontend\src\services\api.js","api","GET","/timeline/${entity}/${id}","TEMPLATE_ID_PARAMETER","/timeline/:param/:param"
"C:\Users\DIYA GOEL\Downloads\EBDESIGN\frontend\src\modules\M288\M288Page.jsx","fetch","GET","/api/m288?${params}","TEMPLATE_INTERPOLATION","/api/m288"
"C:\Users\DIYA GOEL\Downloads\EBDESIGN\frontend\src\services\api.js","api","PUT","/gateways/${id}","TEMPLATE_ID_PARAMETER","/gateways/:param"
"C:\Users\DIYA GOEL\Downloads\EBDESIGN\frontend\src\services\api.js","api","POST","/recovery-points/${id}/restore","TEMPLATE_ID_PARAMETER","/recovery-points/:param/restore"
"C:\Users\DIYA GOEL\Downloads\EBDESIGN\frontend\src\pages\modules\M144\M144.jsx","fetch","DELETE","/api/v1/backend-modules/M144/${id}","TEMPLATE_ID_PARAMETER","/api/v1/backend-modules/M144/:param"
"C:\Users\DIYA GOEL\Downloads\EBDESIGN\frontend\src\pages\modules\M181\M181.jsx","fetch","DELETE","/api/v1/backend-modules/M181/${id}","TEMPLATE_ID_PARAMETER","/api/v1/backend-modules/M181/:param"
"C:\Users\DIYA GOEL\Downloads\EBDESIGN\frontend\src\modules\M267\M267Page.jsx","fetch","GET","/api/m267?${params}","TEMPLATE_INTERPOLATION","/api/m267"
"C:\Users\DIYA GOEL\Downloads\EBDESIGN\frontend\src\modules\M136\M136Page.jsx","fetch","DELETE","/api/m136/${id}","TEMPLATE_ID_PARAMETER","/api/m136/:param"
"C:\Users\DIYA GOEL\Downloads\EBDESIGN\frontend\src\services\api.js","api","PUT","/orchard/orchard/${id}","TEMPLATE_ID_PARAMETER","/orchard/orchard/:param"
"C:\Users\DIYA GOEL\Downloads\EBDESIGN\frontend\src\services\api.js","api","PUT","/producer-group/${id}","TEMPLATE_ID_PARAMETER","/producer-group/:param"
"C:\Users\DIYA GOEL\Downloads\EBDESIGN\frontend\src\modules\M297\M297Page.jsx","fetch","DELETE","/api/m297/${id}","TEMPLATE_ID_PARAMETER","/api/m297/:param"
"C:\Users\DIYA GOEL\Downloads\EBDESIGN\frontend\src\modules\M157\M157Page.jsx","fetch","GET","/api/m157/search?q=${encodeURIComponent(searchQuery)}","TEMPLATE_INTERPOLATION","/api/m157/search"
"C:\Users\DIYA GOEL\Downloads\EBDESIGN\frontend\src\modules\M141\M141Page.jsx","fetch","GET","/api/m141/search?q=${encodeURIComponent(searchQuery)}","TEMPLATE_INTERPOLATION","/api/m141/search"
"C:\Users\DIYA GOEL\Downloads\EBDESIGN\frontend\src\modules\M032\M032Page.jsx","fetch","GET","/api/m032?${params}","TEMPLATE_INTERPOLATION","/api/m032"
"C:\Users\DIYA GOEL\Downloads\EBDESIGN\frontend\src\modules\M066\M066Page.jsx","fetch","GET","/api/m066/search?q=${encodeURIComponent(searchQuery)}","TEMPLATE_INTERPOLATION","/api/m066/search"
"C:\Users\DIYA GOEL\Downloads\EBDESIGN\frontend\src\modules\M196\M196Page.jsx","fetch","GET","/api/m196/search?q=${encodeURIComponent(searchQuery)}","TEMPLATE_INTERPOLATION","/api/m196/search"
"C:\Users\DIYA GOEL\Downloads\EBDESIGN\frontend\src\modules\M335\M335Page.jsx","fetch","DELETE","/api/m335/${id}","TEMPLATE_ID_PARAMETER","/api/m335/:param"
"C:\Users\DIYA GOEL\Downloads\EBDESIGN\frontend\src\modules\M321\M321Page.jsx","fetch","GET","/api/m321?${params}","TEMPLATE_INTERPOLATION","/api/m321"
"C:\Users\DIYA GOEL\Downloads\EBDESIGN\frontend\src\modules\M115\M115Page.jsx","fetch","GET","/api/m115?${params}","TEMPLATE_INTERPOLATION","/api/m115"
"C:\Users\DIYA GOEL\Downloads\EBDESIGN\frontend\src\services\api.js","api","POST","/regulations/${id}/compliance","TEMPLATE_ID_PARAMETER","/regulations/:param/compliance"
"C:\Users\DIYA GOEL\Downloads\EBDESIGN\frontend\src\services\api.js","api","GET","/profiling/profiles/${id}","TEMPLATE_ID_PARAMETER","/profiling/profiles/:param"
"C:\Users\DIYA GOEL\Downloads\EBDESIGN\frontend\src\modules\M073\M073Page.jsx","fetch","DELETE","/api/m073/${id}","TEMPLATE_ID_PARAMETER","/api/m073/:param"
"C:\Users\DIYA GOEL\Downloads\EBDESIGN\frontend\src\modules\M259\M259Page.jsx","fetch","DELETE","/api/m259/${id}","TEMPLATE_ID_PARAMETER","/api/m259/:param"
"C:\Users\DIYA GOEL\Downloads\EBDESIGN\frontend\src\services\api.js","api","POST","/comprehensive-erp/confirm-production-order/${id}","TEMPLATE_ID_PARAMETER","/comprehensive-erp/confirm-production-order/:param"
"C:\Users\DIYA GOEL\Downloads\EBDESIGN\frontend\src\services\api.js","api","GET","/cooperative-share/members/${fpoId}","TEMPLATE_ID_PARAMETER","/cooperative-share/members/:param"
"C:\Users\DIYA GOEL\Downloads\EBDESIGN\frontend\src\services\api.js","api","GET","/unions/${id}","TEMPLATE_ID_PARAMETER","/unions/:param"
"C:\Users\DIYA GOEL\Downloads\EBDESIGN\frontend\src\modules\M167\M167Page.jsx","fetch","GET","/api/m167?${params}","TEMPLATE_INTERPOLATION","/api/m167"
"C:\Users\DIYA GOEL\Downloads\EBDESIGN\frontend\src\modules\M115\M115Page.jsx","fetch","GET","/api/m115/search?q=${encodeURIComponent(searchQuery)}","TEMPLATE_INTERPOLATION","/api/m115/search"
"C:\Users\DIYA GOEL\Downloads\EBDESIGN\frontend\src\services\api.js","api","POST","/rights/${id}","TEMPLATE_ID_PARAMETER","/rights/:param"
"C:\Users\DIYA GOEL\Downloads\EBDESIGN\frontend\src\services\api.js","api","PUT","/protected-cultivation/structure/${id}","TEMPLATE_ID_PARAMETER","/protected-cultivation/structure/:param"
"C:\Users\DIYA GOEL\Downloads\EBDESIGN\frontend\src\modules\M184\M184Page.jsx","fetch","GET","/api/m184?${params}","TEMPLATE_INTERPOLATION","/api/m184"
"C:\Users\DIYA GOEL\Downloads\EBDESIGN\frontend\src\services\api.js","api","PUT","/unified-ai-routes/${id}","TEMPLATE_ID_PARAMETER","/unified-ai-routes/:param"
"C:\Users\DIYA GOEL\Downloads\EBDESIGN\frontend\src\pages\modules\M152\M152.jsx","fetch","DELETE","/api/v1/backend-modules/M152/${id}","TEMPLATE_ID_PARAMETER","/api/v1/backend-modules/M152/:param"
"C:\Users\DIYA GOEL\Downloads\EBDESIGN\frontend\src\modules\M152\M152Page.jsx","fetch","GET","/api/m152?${params}","TEMPLATE_INTERPOLATION","/api/m152"
"C:\Users\DIYA GOEL\Downloads\EBDESIGN\frontend\src\pages\modules\M147\M147.jsx","fetch","DELETE","/api/v1/backend-modules/M147/${id}","TEMPLATE_ID_PARAMETER","/api/v1/backend-modules/M147/:param"
"C:\Users\DIYA GOEL\Downloads\EBDESIGN\frontend\src\services\api.js","api","POST","/dairy-ai/predict-health-risks/${animalId}","TEMPLATE_ID_PARAMETER","/dairy-ai/predict-health-risks/:param"
"C:\Users\DIYA GOEL\Downloads\EBDESIGN\frontend\src\services\api.js","api","PUT","/aeroponics/system/${id}","TEMPLATE_ID_PARAMETER","/aeroponics/system/:param"
"C:\Users\DIYA GOEL\Downloads\EBDESIGN\frontend\src\services\api.js","api","GET","/cost-control/cost-center/${costCenterId}/actuals","TEMPLATE_ID_PARAMETER","/cost-control/cost-center/:param/actuals"
"C:\Users\DIYA GOEL\Downloads\EBDESIGN\frontend\src\pages\modules\M341\M341.jsx","fetch","DELETE","/api/v1/backend-modules/M341/${id}","TEMPLATE_ID_PARAMETER","/api/v1/backend-modules/M341/:param"
"C:\Users\DIYA GOEL\Downloads\EBDESIGN\frontend\src\modules\M042\M042Page.jsx","fetch","GET","/api/m042/search?q=${encodeURIComponent(searchQuery)}","TEMPLATE_INTERPOLATION","/api/m042/search"
"C:\Users\DIYA GOEL\Downloads\EBDESIGN\frontend\src\services\api.js","api","DELETE","/input-distribution/record/${id}","TEMPLATE_ID_PARAMETER","/input-distribution/record/:param"
"C:\Users\DIYA GOEL\Downloads\EBDESIGN\frontend\src\services\api.js","api","PUT","/goat/animal/${id}","TEMPLATE_ID_PARAMETER","/goat/animal/:param"
"C:\Users\DIYA GOEL\Downloads\EBDESIGN\frontend\src\modules\M038\M038Page.jsx","fetch","GET","/api/m038?${params}","TEMPLATE_INTERPOLATION","/api/m038"
"C:\Users\DIYA GOEL\Downloads\EBDESIGN\frontend\src\modules\M244\M244Page.jsx","fetch","GET","/api/m244?${params}","TEMPLATE_INTERPOLATION","/api/m244"
"C:\Users\DIYA GOEL\Downloads\EBDESIGN\frontend\src\modules\M105\M105Page.jsx","fetch","GET","/api/m105?${params}","TEMPLATE_INTERPOLATION","/api/m105"
"C:\Users\DIYA GOEL\Downloads\EBDESIGN\frontend\src\services\operationsApi.js","api","PUT","/insurance/claims/${id}/process","TEMPLATE_ID_PARAMETER","/insurance/claims/:param/process"
"C:\Users\DIYA GOEL\Downloads\EBDESIGN\frontend\src\modules\M037\M037Page.jsx","fetch","DELETE","/api/m037/${id}","TEMPLATE_ID_PARAMETER","/api/m037/:param"
"C:\Users\DIYA GOEL\Downloads\EBDESIGN\frontend\src\services\api.js","api","PUT","/notifications/${id}/read","TEMPLATE_ID_PARAMETER","/notifications/:param/read"
"C:\Users\DIYA GOEL\Downloads\EBDESIGN\frontend\src\modules\M192\M192Page.jsx","fetch","DELETE","/api/m192/${id}","TEMPLATE_ID_PARAMETER","/api/m192/:param"
"C:\Users\DIYA GOEL\Downloads\EBDESIGN\frontend\src\services\api.js","api","POST","/realtime-monitoring/resource/${resourceId}/start","TEMPLATE_ID_PARAMETER","/realtime-monitoring/resource/:param/start"
"C:\Users\DIYA GOEL\Downloads\EBDESIGN\frontend\src\modules\M153\M153Page.jsx","fetch","DELETE","/api/m153/${id}","TEMPLATE_ID_PARAMETER","/api/m153/:param"
"C:\Users\DIYA GOEL\Downloads\EBDESIGN\frontend\src\services\commerceApi.js","api","DELETE","/seed-vault/${id}","TEMPLATE_ID_PARAMETER","/seed-vault/:param"
"C:\Users\DIYA GOEL\Downloads\EBDESIGN\frontend\src\modules\M306\M306Page.jsx","fetch","DELETE","/api/m306/${id}","TEMPLATE_ID_PARAMETER","/api/m306/:param"
"C:\Users\DIYA GOEL\Downloads\EBDESIGN\frontend\src\pages\modules\M186\M186.jsx","fetch","DELETE","/api/v1/backend-modules/M186/${id}","TEMPLATE_ID_PARAMETER","/api/v1/backend-modules/M186/:param"
"C:\Users\DIYA GOEL\Downloads\EBDESIGN\frontend\src\services\api.js","api","POST","/disaster-recovery/plans/${id}/execute","TEMPLATE_ID_PARAMETER","/disaster-recovery/plans/:param/execute"
"C:\Users\DIYA GOEL\Downloads\EBDESIGN\frontend\src\services\api.js","api","GET","/partnerships/${id}","TEMPLATE_ID_PARAMETER","/partnerships/:param"
"C:\Users\DIYA GOEL\Downloads\EBDESIGN\frontend\src\services\farmerService.js","api","GET","/farmers/${farmerId}","TEMPLATE_ID_PARAMETER","/farmers/:param"
"C:\Users\DIYA GOEL\Downloads\EBDESIGN\frontend\src\modules\M208\M208Page.jsx","fetch","GET","/api/m208/search?q=${encodeURIComponent(searchQuery)}","TEMPLATE_INTERPOLATION","/api/m208/search"
"C:\Users\DIYA GOEL\Downloads\EBDESIGN\frontend\src\pages\modules\M95\M95.jsx","fetch","DELETE","/api/v1/backend-modules/M095/${id}","TEMPLATE_ID_PARAMETER","/api/v1/backend-modules/M095/:param"
"C:\Users\DIYA GOEL\Downloads\EBDESIGN\frontend\src\modules\M182\M182Page.jsx","fetch","GET","/api/m182?${params}","TEMPLATE_INTERPOLATION","/api/m182"
"C:\Users\DIYA GOEL\Downloads\EBDESIGN\frontend\src\components\Admin\AutoGenerationDashboard.jsx","fetch","GET","${API_BASE}/stats","TEMPLATE_INTERPOLATION","/:param/stats"
"C:\Users\DIYA GOEL\Downloads\EBDESIGN\frontend\src\modules\M273\M273Page.jsx","fetch","GET","/api/m273?${params}","TEMPLATE_INTERPOLATION","/api/m273"
"C:\Users\DIYA GOEL\Downloads\EBDESIGN\frontend\src\services\api.js","api","PUT","/equipment-scheduling/schedule/${id}","TEMPLATE_ID_PARAMETER","/equipment-scheduling/schedule/:param"
"C:\Users\DIYA GOEL\Downloads\EBDESIGN\frontend\src\services\api.js","api","PUT","/proxies/${id}","TEMPLATE_ID_PARAMETER","/proxies/:param"
"C:\Users\DIYA GOEL\Downloads\EBDESIGN\frontend\src\modules\M195\M195Page.jsx","fetch","GET","/api/m195/search?q=${encodeURIComponent(searchQuery)}","TEMPLATE_INTERPOLATION","/api/m195/search"
"C:\Users\DIYA GOEL\Downloads\EBDESIGN\frontend\src\modules\M067\M067Page.jsx","fetch","GET","/api/m067/search?q=${encodeURIComponent(searchQuery)}","TEMPLATE_INTERPOLATION","/api/m067/search"
"C:\Users\DIYA GOEL\Downloads\EBDESIGN\frontend\src\services\api.js","api","PUT","/farm-operations-dashboard/kpi/${id}","TEMPLATE_ID_PARAMETER","/farm-operations-dashboard/kpi/:param"
"C:\Users\DIYA GOEL\Downloads\EBDESIGN\frontend\src\services\warningAPI.js","axios","GET","${API_BASE_URL}/api/v1/warnings/system","TEMPLATE_INTERPOLATION","/:param/api/v1/warnings/system"
"C:\Users\DIYA GOEL\Downloads\EBDESIGN\frontend\src\pages\modules\M309\M309.jsx","fetch","DELETE","/api/v1/backend-modules/M309/${id}","TEMPLATE_ID_PARAMETER","/api/v1/backend-modules/M309/:param"
"C:\Users\DIYA GOEL\Downloads\EBDESIGN\frontend\src\modules\M093\M093Page.jsx","fetch","GET","/api/m093/search?q=${encodeURIComponent(searchQuery)}","TEMPLATE_INTERPOLATION","/api/m093/search"
"C:\Users\DIYA GOEL\Downloads\EBDESIGN\frontend\src\modules\M227\M227Page.jsx","fetch","GET","/api/m227?${params}","TEMPLATE_INTERPOLATION","/api/m227"
"C:\Users\DIYA GOEL\Downloads\EBDESIGN\frontend\src\modules\M091\M091Page.jsx","fetch","DELETE","/api/m091/${id}","TEMPLATE_ID_PARAMETER","/api/m091/:param"
"C:\Users\DIYA GOEL\Downloads\EBDESIGN\frontend\src\pages\modules\M125\M125.jsx","fetch","DELETE","/api/v1/backend-modules/M125/${id}","TEMPLATE_ID_PARAMETER","/api/v1/backend-modules/M125/:param"
"C:\Users\DIYA GOEL\Downloads\EBDESIGN\frontend\src\modules\M071\M071Page.jsx","fetch","GET","/api/m071/search?q=${encodeURIComponent(searchQuery)}","TEMPLATE_INTERPOLATION","/api/m071/search"
"C:\Users\DIYA GOEL\Downloads\EBDESIGN\frontend\src\modules\M297\M297Page.jsx","fetch","GET","/api/m297/search?q=${encodeURIComponent(searchQuery)}","TEMPLATE_INTERPOLATION","/api/m297/search"
"C:\Users\DIYA GOEL\Downloads\EBDESIGN\frontend\src\modules\M294\M294Page.jsx","fetch","GET","/api/m294/search?q=${encodeURIComponent(searchQuery)}","TEMPLATE_INTERPOLATION","/api/m294/search"
"C:\Users\DIYA GOEL\Downloads\EBDESIGN\frontend\src\services\api.js","api","PUT","/input-distribution/record/${id}","TEMPLATE_ID_PARAMETER","/input-distribution/record/:param"
"C:\Users\DIYA GOEL\Downloads\EBDESIGN\frontend\src\modules\M153\M153Page.jsx","fetch","GET","/api/m153?${params}","TEMPLATE_INTERPOLATION","/api/m153"
"C:\Users\DIYA GOEL\Downloads\EBDESIGN\frontend\src\modules\M058\M058Page.jsx","fetch","GET","/api/m058?${params}","TEMPLATE_INTERPOLATION","/api/m058"
"C:\Users\DIYA GOEL\Downloads\EBDESIGN\frontend\src\services\api.js","api","GET","/cooperative-share/distribution/${id}","TEMPLATE_ID_PARAMETER","/cooperative-share/distribution/:param"
"C:\Users\DIYA GOEL\Downloads\EBDESIGN\frontend\src\modules\M259\M259Page.jsx","fetch","GET","/api/m259?${params}","TEMPLATE_INTERPOLATION","/api/m259"
"C:\Users\DIYA GOEL\Downloads\EBDESIGN\frontend\src\modules\M263\M263Page.jsx","fetch","DELETE","/api/m263/${id}","TEMPLATE_ID_PARAMETER","/api/m263/:param"
"C:\Users\DIYA GOEL\Downloads\EBDESIGN\frontend\src\modules\M044\M044Page.jsx","fetch","GET","/api/m044?${params}","TEMPLATE_INTERPOLATION","/api/m044"
"C:\Users\DIYA GOEL\Downloads\EBDESIGN\frontend\src\modules\M091\M091Page.jsx","fetch","GET","/api/m091/search?q=${encodeURIComponent(searchQuery)}","TEMPLATE_INTERPOLATION","/api/m091/search"
"C:\Users\DIYA GOEL\Downloads\EBDESIGN\frontend\src\pages\modules\M31\M31.jsx","fetch","DELETE","/api/v1/backend-modules/M031/${id}","TEMPLATE_ID_PARAMETER","/api/v1/backend-modules/M031/:param"
"C:\Users\DIYA GOEL\Downloads\EBDESIGN\frontend\src\services\api.js","api","POST","/stress-tests/${id}/run","TEMPLATE_ID_PARAMETER","/stress-tests/:param/run"
"C:\Users\DIYA GOEL\Downloads\EBDESIGN\frontend\src\services\componentApi.js","api","GET","/i18n/${lang}","TEMPLATE_INTERPOLATION","/i18n/:param"
"C:\Users\DIYA GOEL\Downloads\EBDESIGN\frontend\src\modules\M163\M163Page.jsx","fetch","GET","/api/m163?${params}","TEMPLATE_INTERPOLATION","/api/m163"
"C:\Users\DIYA GOEL\Downloads\EBDESIGN\frontend\src\modules\M115\M115Page.jsx","fetch","DELETE","/api/m115/${id}","TEMPLATE_ID_PARAMETER","/api/m115/:param"
"C:\Users\DIYA GOEL\Downloads\EBDESIGN\frontend\src\services\api.js","api","GET","/states/${id}","TEMPLATE_ID_PARAMETER","/states/:param"
"C:\Users\DIYA GOEL\Downloads\EBDESIGN\frontend\src\modules\M201\M201Page.jsx","fetch","DELETE","/api/m201/${id}","TEMPLATE_ID_PARAMETER","/api/m201/:param"
"C:\Users\DIYA GOEL\Downloads\EBDESIGN\frontend\src\modules\M204\M204Page.jsx","fetch","DELETE","/api/m204/${id}","TEMPLATE_ID_PARAMETER","/api/m204/:param"
"C:\Users\DIYA GOEL\Downloads\EBDESIGN\frontend\src\services\api.js","api","DELETE","/precision-horticulture/reading/${id}","TEMPLATE_ID_PARAMETER","/precision-horticulture/reading/:param"
"C:\Users\DIYA GOEL\Downloads\EBDESIGN\frontend\src\services\api.js","api","POST","/escrow/${escrowId}/release","TEMPLATE_ID_PARAMETER","/escrow/:param/release"
"C:\Users\DIYA GOEL\Downloads\EBDESIGN\frontend\src\services\api.js","api","PUT","/fertilizer-inventory/item/${id}","TEMPLATE_ID_PARAMETER","/fertilizer-inventory/item/:param"
"C:\Users\DIYA GOEL\Downloads\EBDESIGN\frontend\src\services\api.js","api","PUT","/pond/pond/${id}","TEMPLATE_ID_PARAMETER","/pond/pond/:param"
"C:\Users\DIYA GOEL\Downloads\EBDESIGN\frontend\src\pages\modules\M202\M202.jsx","fetch","DELETE","/api/v1/backend-modules/M202/${id}","TEMPLATE_ID_PARAMETER","/api/v1/backend-modules/M202/:param"
"C:\Users\DIYA GOEL\Downloads\EBDESIGN\frontend\src\modules\M252\M252Page.jsx","fetch","DELETE","/api/m252/${id}","TEMPLATE_ID_PARAMETER","/api/m252/:param"
"C:\Users\DIYA GOEL\Downloads\EBDESIGN\frontend\src\services\api.js","api","POST","/cost-control/budget/${budgetId}/approve","TEMPLATE_ID_PARAMETER","/cost-control/budget/:param/approve"
"C:\Users\DIYA GOEL\Downloads\EBDESIGN\frontend\src\modules\M087\M087Page.jsx","fetch","GET","/api/m087/search?q=${encodeURIComponent(searchQuery)}","TEMPLATE_INTERPOLATION","/api/m087/search"
"C:\Users\DIYA GOEL\Downloads\EBDESIGN\frontend\src\modules\M133\M133Page.jsx","fetch","DELETE","/api/m133/${id}","TEMPLATE_ID_PARAMETER","/api/m133/:param"
"C:\Users\DIYA GOEL\Downloads\EBDESIGN\frontend\src\services\api.js","api","DELETE","/bio-pesticide/item/${id}","TEMPLATE_ID_PARAMETER","/bio-pesticide/item/:param"
"C:\Users\DIYA GOEL\Downloads\EBDESIGN\frontend\src\modules\M145\M145Page.jsx","fetch","DELETE","/api/m145/${id}","TEMPLATE_ID_PARAMETER","/api/m145/:param"
"C:\Users\DIYA GOEL\Downloads\EBDESIGN\frontend\src\modules\M102\M102Page.jsx","fetch","GET","/api/m102/search?q=${encodeURIComponent(searchQuery)}","TEMPLATE_INTERPOLATION","/api/m102/search"
"C:\Users\DIYA GOEL\Downloads\EBDESIGN\frontend\src\modules\M122\M122Page.jsx","fetch","GET","/api/m122?${params}","TEMPLATE_INTERPOLATION","/api/m122"
"C:\Users\DIYA GOEL\Downloads\EBDESIGN\frontend\src\modules\M221\M221Page.jsx","fetch","GET","/api/m221/search?q=${encodeURIComponent(searchQuery)}","TEMPLATE_INTERPOLATION","/api/m221/search"
"C:\Users\DIYA GOEL\Downloads\EBDESIGN\frontend\src\modules\M035\M035Page.jsx","fetch","DELETE","/api/m035/${id}","TEMPLATE_ID_PARAMETER","/api/m035/:param"
"C:\Users\DIYA GOEL\Downloads\EBDESIGN\frontend\src\modules\M077\M077Page.jsx","fetch","GET","/api/m077/search?q=${encodeURIComponent(searchQuery)}","TEMPLATE_INTERPOLATION","/api/m077/search"
"C:\Users\DIYA GOEL\Downloads\EBDESIGN\frontend\src\components\AI\AIDashboard.jsx","fetch","GET","/api/ai/optimizations/${farmerId}","TEMPLATE_ID_PARAMETER","/api/ai/optimizations/:param"
"C:\Users\DIYA GOEL\Downloads\EBDESIGN\frontend\src\services\api.js","api","DELETE","/cattle-registry/animal/${id}","TEMPLATE_ID_PARAMETER","/cattle-registry/animal/:param"
"C:\Users\DIYA GOEL\Downloads\EBDESIGN\frontend\src\modules\M132\M132Page.jsx","fetch","DELETE","/api/m132/${id}","TEMPLATE_ID_PARAMETER","/api/m132/:param"
"C:\Users\DIYA GOEL\Downloads\EBDESIGN\frontend\src\modules\M116\M116Page.jsx","fetch","DELETE","/api/m116/${id}","TEMPLATE_ID_PARAMETER","/api/m116/:param"
"C:\Users\DIYA GOEL\Downloads\EBDESIGN\frontend\src\services\api.js","api","PUT","/personalizations/${id}","TEMPLATE_ID_PARAMETER","/personalizations/:param"
"C:\Users\DIYA GOEL\Downloads\EBDESIGN\frontend\src\services\api.js","api","GET","/neighborhoods/${id}","TEMPLATE_ID_PARAMETER","/neighborhoods/:param"
"C:\Users\DIYA GOEL\Downloads\EBDESIGN\frontend\src\services\api.js","api","DELETE","/floriculture/record/${id}","TEMPLATE_ID_PARAMETER","/floriculture/record/:param"
"C:\Users\DIYA GOEL\Downloads\EBDESIGN\frontend\src\modules\M140\M140Page.jsx","fetch","GET","/api/m140/search?q=${encodeURIComponent(searchQuery)}","TEMPLATE_INTERPOLATION","/api/m140/search"
"C:\Users\DIYA GOEL\Downloads\EBDESIGN\frontend\src\pages\modules\M305\M305.jsx","fetch","DELETE","/api/v1/backend-modules/M305/${id}","TEMPLATE_ID_PARAMETER","/api/v1/backend-modules/M305/:param"
"C:\Users\DIYA GOEL\Downloads\EBDESIGN\frontend\src\modules\M239\M239Page.jsx","fetch","GET","/api/m239?${params}","TEMPLATE_INTERPOLATION","/api/m239"
"C:\Users\DIYA GOEL\Downloads\EBDESIGN\frontend\src\services\api.js","api","GET","/benchmarking/results/${id}","TEMPLATE_ID_PARAMETER","/benchmarking/results/:param"
"C:\Users\DIYA GOEL\Downloads\EBDESIGN\frontend\src\modules\M208\M208Page.jsx","fetch","DELETE","/api/m208/${id}","TEMPLATE_ID_PARAMETER","/api/m208/:param"
"C:\Users\DIYA GOEL\Downloads\EBDESIGN\frontend\src\modules\M329\M329Page.jsx","fetch","GET","/api/m329?${params}","TEMPLATE_INTERPOLATION","/api/m329"
"C:\Users\DIYA GOEL\Downloads\EBDESIGN\frontend\src\services\api.js","api","DELETE","/organization-management/organization/${id}","TEMPLATE_ID_PARAMETER","/organization-management/organization/:param"
"C:\Users\DIYA GOEL\Downloads\EBDESIGN\frontend\src\services\api.js","api","DELETE","/cold-fish-chain/shipment/${id}","TEMPLATE_ID_PARAMETER","/cold-fish-chain/shipment/:param"
"C:\Users\DIYA GOEL\Downloads\EBDESIGN\frontend\src\modules\M074\M074Page.jsx","fetch","GET","/api/m074?${params}","TEMPLATE_INTERPOLATION","/api/m074"
"C:\Users\DIYA GOEL\Downloads\EBDESIGN\frontend\src\modules\M128\M128Page.jsx","fetch","DELETE","/api/m128/${id}","TEMPLATE_ID_PARAMETER","/api/m128/:param"
"C:\Users\DIYA GOEL\Downloads\EBDESIGN\frontend\src\modules\M197\M197Page.jsx","fetch","DELETE","/api/m197/${id}","TEMPLATE_ID_PARAMETER","/api/m197/:param"
"C:\Users\DIYA GOEL\Downloads\EBDESIGN\frontend\src\services\api.js","api","POST","/robotics/missions/${id}/complete","TEMPLATE_ID_PARAMETER","/robotics/missions/:param/complete"
"C:\Users\DIYA GOEL\Downloads\EBDESIGN\frontend\src\services\api.js","api","POST","/theme-manager/${id}/activate","TEMPLATE_ID_PARAMETER","/theme-manager/:param/activate"
"C:\Users\DIYA GOEL\Downloads\EBDESIGN\frontend\src\services\api.js","api","PUT","/farmer-health/record/${id}","TEMPLATE_ID_PARAMETER","/farmer-health/record/:param"
"C:\Users\DIYA GOEL\Downloads\EBDESIGN\frontend\src\modules\M101\M101Page.jsx","fetch","DELETE","/api/m101/${id}","TEMPLATE_ID_PARAMETER","/api/m101/:param"
"C:\Users\DIYA GOEL\Downloads\EBDESIGN\frontend\src\modules\M061\M061Page.jsx","fetch","DELETE","/api/m061/${id}","TEMPLATE_ID_PARAMETER","/api/m061/:param"
"C:\Users\DIYA GOEL\Downloads\EBDESIGN\frontend\src\services\api.js","api","PUT","/hydroponics/system/${id}","TEMPLATE_ID_PARAMETER","/hydroponics/system/:param"
"C:\Users\DIYA GOEL\Downloads\EBDESIGN\frontend\src\services\api.js","api","PUT","/feed-management/record/${id}","TEMPLATE_ID_PARAMETER","/feed-management/record/:param"
"C:\Users\DIYA GOEL\Downloads\EBDESIGN\frontend\src\modules\M329\M329Page.jsx","fetch","DELETE","/api/m329/${id}","TEMPLATE_ID_PARAMETER","/api/m329/:param"
"C:\Users\DIYA GOEL\Downloads\EBDESIGN\frontend\src\modules\M311\M311Page.jsx","fetch","GET","/api/m311/search?q=${encodeURIComponent(searchQuery)}","TEMPLATE_INTERPOLATION","/api/m311/search"
"C:\Users\DIYA GOEL\Downloads\EBDESIGN\frontend\src\modules\M337\M337Page.jsx","fetch","GET","/api/m337/search?q=${encodeURIComponent(searchQuery)}","TEMPLATE_INTERPOLATION","/api/m337/search"
"C:\Users\DIYA GOEL\Downloads\EBDESIGN\frontend\src\services\api.js","api","PUT","/vegetable-production/record/${id}","TEMPLATE_ID_PARAMETER","/vegetable-production/record/:param"
"C:\Users\DIYA GOEL\Downloads\EBDESIGN\frontend\src\modules\M342\M342Page.jsx","fetch","DELETE","/api/m342/${id}","TEMPLATE_ID_PARAMETER","/api/m342/:param"
"C:\Users\DIYA GOEL\Downloads\EBDESIGN\frontend\src\pages\modules\M191\M191.jsx","fetch","DELETE","/api/v1/backend-modules/M191/${id}","TEMPLATE_ID_PARAMETER","/api/v1/backend-modules/M191/:param"
"C:\Users\DIYA GOEL\Downloads\EBDESIGN\frontend\src\services\api.js","api","PUT","/machinery-operations/operation/${id}","TEMPLATE_ID_PARAMETER","/machinery-operations/operation/:param"
"C:\Users\DIYA GOEL\Downloads\EBDESIGN\frontend\src\pages\modules\M289\M289.jsx","fetch","DELETE","/api/v1/backend-modules/M289/${id}","TEMPLATE_ID_PARAMETER","/api/v1/backend-modules/M289/:param"
"C:\Users\DIYA GOEL\Downloads\EBDESIGN\frontend\src\modules\M058\M058Page.jsx","fetch","DELETE","/api/m058/${id}","TEMPLATE_ID_PARAMETER","/api/m058/:param"
"C:\Users\DIYA GOEL\Downloads\EBDESIGN\frontend\src\services\api.js","api","GET","/orders/${id}","TEMPLATE_ID_PARAMETER","/orders/:param"
"C:\Users\DIYA GOEL\Downloads\EBDESIGN\frontend\src\services\api.js","api","GET","/projects/${id}","TEMPLATE_ID_PARAMETER","/projects/:param"
"C:\Users\DIYA GOEL\Downloads\EBDESIGN\frontend\src\services\api.js","api","PUT","/irrigation/schedule/${id}","TEMPLATE_ID_PARAMETER","/irrigation/schedule/:param"
"C:\Users\DIYA GOEL\Downloads\EBDESIGN\frontend\src\pages\modules\M280\M280.jsx","fetch","DELETE","/api/v1/backend-modules/M280/${id}","TEMPLATE_ID_PARAMETER","/api/v1/backend-modules/M280/:param"
"C:\Users\DIYA GOEL\Downloads\EBDESIGN\frontend\src\modules\M039\M039Page.jsx","fetch","DELETE","/api/m039/${id}","TEMPLATE_ID_PARAMETER","/api/m039/:param"
"C:\Users\DIYA GOEL\Downloads\EBDESIGN\frontend\src\components\Admin\AutoGenerationDashboard.jsx","fetch","POST","${API_BASE}/pause","TEMPLATE_INTERPOLATION","/:param/pause"
"C:\Users\DIYA GOEL\Downloads\EBDESIGN\frontend\src\pages\modules\M234\M234.jsx","fetch","DELETE","/api/v1/backend-modules/M234/${id}","TEMPLATE_ID_PARAMETER","/api/v1/backend-modules/M234/:param"
"C:\Users\DIYA GOEL\Downloads\EBDESIGN\frontend\src\services\api.js","api","PUT","/goat-farming/animal/${id}","TEMPLATE_ID_PARAMETER","/goat-farming/animal/:param"
"C:\Users\DIYA GOEL\Downloads\EBDESIGN\frontend\src\services\api.js","api","DELETE","/soil-health/card/${id}","TEMPLATE_ID_PARAMETER","/soil-health/card/:param"
"C:\Users\DIYA GOEL\Downloads\EBDESIGN\frontend\src\modules\M179\M179Page.jsx","fetch","GET","/api/m179/search?q=${encodeURIComponent(searchQuery)}","TEMPLATE_INTERPOLATION","/api/m179/search"
"C:\Users\DIYA GOEL\Downloads\EBDESIGN\frontend\src\pages\modules\M47\M47.jsx","fetch","DELETE","/api/v1/backend-modules/M047/${id}","TEMPLATE_ID_PARAMETER","/api/v1/backend-modules/M047/:param"
"C:\Users\DIYA GOEL\Downloads\EBDESIGN\frontend\src\modules\M242\M242Page.jsx","fetch","GET","/api/m242?${params}","TEMPLATE_INTERPOLATION","/api/m242"
"C:\Users\DIYA GOEL\Downloads\EBDESIGN\frontend\src\modules\M276\M276Page.jsx","fetch","DELETE","/api/m276/${id}","TEMPLATE_ID_PARAMETER","/api/m276/:param"
"C:\Users\DIYA GOEL\Downloads\EBDESIGN\frontend\src\services\api.js","api","PUT","/caps/${id}","TEMPLATE_ID_PARAMETER","/caps/:param"
"C:\Users\DIYA GOEL\Downloads\EBDESIGN\frontend\src\modules\M130\M130Page.jsx","fetch","DELETE","/api/m130/${id}","TEMPLATE_ID_PARAMETER","/api/m130/:param"
"C:\Users\DIYA GOEL\Downloads\EBDESIGN\frontend\src\modules\M333\M333Page.jsx","fetch","DELETE","/api/m333/${id}","TEMPLATE_ID_PARAMETER","/api/m333/:param"
"C:\Users\DIYA GOEL\Downloads\EBDESIGN\frontend\src\services\api.js","api","GET","/releases/${id}","TEMPLATE_ID_PARAMETER","/releases/:param"
"C:\Users\DIYA GOEL\Downloads\EBDESIGN\frontend\src\services\api.js","api","GET","/cost-control/profit-centers/${companyId}","TEMPLATE_ID_PARAMETER","/cost-control/profit-centers/:param"
"C:\Users\DIYA GOEL\Downloads\EBDESIGN\frontend\src\modules\M097\M097Page.jsx","fetch","GET","/api/m097?${params}","TEMPLATE_INTERPOLATION","/api/m097"
"C:\Users\DIYA GOEL\Downloads\EBDESIGN\frontend\src\modules\M154\M154Page.jsx","fetch","DELETE","/api/m154/${id}","TEMPLATE_ID_PARAMETER","/api/m154/:param"
"C:\Users\DIYA GOEL\Downloads\EBDESIGN\frontend\src\services\api.js","api","DELETE","/water-quality-records/${id}","TEMPLATE_ID_PARAMETER","/water-quality-records/:param"
"C:\Users\DIYA GOEL\Downloads\EBDESIGN\frontend\src\modules\M119\M119Page.jsx","fetch","GET","/api/m119/search?q=${encodeURIComponent(searchQuery)}","TEMPLATE_INTERPOLATION","/api/m119/search"
"C:\Users\DIYA GOEL\Downloads\EBDESIGN\frontend\src\services\api.js","api","DELETE","/cart/${id}","TEMPLATE_ID_PARAMETER","/cart/:param"
"C:\Users\DIYA GOEL\Downloads\EBDESIGN\frontend\src\services\commerceApi.js","api","GET","/blockchain/products/${productId}/verify","TEMPLATE_ID_PARAMETER","/blockchain/products/:param/verify"
"C:\Users\DIYA GOEL\Downloads\EBDESIGN\frontend\src\pages\modules\M273\M273.jsx","fetch","DELETE","/api/v1/backend-modules/M273/${id}","TEMPLATE_ID_PARAMETER","/api/v1/backend-modules/M273/:param"
"C:\Users\DIYA GOEL\Downloads\EBDESIGN\frontend\src\services\api.js","api","GET","/farmers/${farmerId}/advisory-context","TEMPLATE_ID_PARAMETER","/farmers/:param/advisory-context"
"C:\Users\DIYA GOEL\Downloads\EBDESIGN\frontend\src\services\api.js","api","POST","/comprehensive-erp/confirm-maintenance-order/${id}","TEMPLATE_ID_PARAMETER","/comprehensive-erp/confirm-maintenance-order/:param"
"C:\Users\DIYA GOEL\Downloads\EBDESIGN\frontend\src\modules\M289\M289Page.jsx","fetch","GET","/api/m289?${params}","TEMPLATE_INTERPOLATION","/api/m289"
"C:\Users\DIYA GOEL\Downloads\EBDESIGN\frontend\src\modules\M295\M295Page.jsx","fetch","GET","/api/m295/search?q=${encodeURIComponent(searchQuery)}","TEMPLATE_INTERPOLATION","/api/m295/search"
"C:\Users\DIYA GOEL\Downloads\EBDESIGN\frontend\src\pages\modules\M307\M307.jsx","fetch","DELETE","/api/v1/backend-modules/M307/${id}","TEMPLATE_ID_PARAMETER","/api/v1/backend-modules/M307/:param"
"C:\Users\DIYA GOEL\Downloads\EBDESIGN\frontend\src\services\api.js","api","GET","/clusters/${id}/status","TEMPLATE_ID_PARAMETER","/clusters/:param/status"
"C:\Users\DIYA GOEL\Downloads\EBDESIGN\frontend\src\pages\modules\M335\M335.jsx","fetch","DELETE","/api/v1/backend-modules/M335/${id}","TEMPLATE_ID_PARAMETER","/api/v1/backend-modules/M335/:param"
"C:\Users\DIYA GOEL\Downloads\EBDESIGN\frontend\src\services\api.js","api","GET","/ecommerce-integration/compatibility/${productId}","TEMPLATE_ID_PARAMETER","/ecommerce-integration/compatibility/:param"
"C:\Users\DIYA GOEL\Downloads\EBDESIGN\frontend\src\modules\M195\M195Page.jsx","fetch","DELETE","/api/m195/${id}","TEMPLATE_ID_PARAMETER","/api/m195/:param"
"C:\Users\DIYA GOEL\Downloads\EBDESIGN\frontend\src\modules\M266\M266Page.jsx","fetch","GET","/api/m266/search?q=${encodeURIComponent(searchQuery)}","TEMPLATE_INTERPOLATION","/api/m266/search"
"C:\Users\DIYA GOEL\Downloads\EBDESIGN\frontend\src\pages\modules\M68\M68.jsx","fetch","DELETE","/api/v1/backend-modules/M068/${id}","TEMPLATE_ID_PARAMETER","/api/v1/backend-modules/M068/:param"
"C:\Users\DIYA GOEL\Downloads\EBDESIGN\frontend\src\modules\M324\M324Page.jsx","fetch","DELETE","/api/m324/${id}","TEMPLATE_ID_PARAMETER","/api/m324/:param"
"C:\Users\DIYA GOEL\Downloads\EBDESIGN\frontend\src\modules\M286\M286Page.jsx","fetch","DELETE","/api/m286/${id}","TEMPLATE_ID_PARAMETER","/api/m286/:param"
"C:\Users\DIYA GOEL\Downloads\EBDESIGN\frontend\src\modules\M294\M294Page.jsx","fetch","DELETE","/api/m294/${id}","TEMPLATE_ID_PARAMETER","/api/m294/:param"
"C:\Users\DIYA GOEL\Downloads\EBDESIGN\frontend\src\services\api.js","api","PUT","/deployment-config/${id}","TEMPLATE_ID_PARAMETER","/deployment-config/:param"
"C:\Users\DIYA GOEL\Downloads\EBDESIGN\frontend\src\pages\modules\M282\M282.jsx","fetch","DELETE","/api/v1/backend-modules/M282/${id}","TEMPLATE_ID_PARAMETER","/api/v1/backend-modules/M282/:param"
"C:\Users\DIYA GOEL\Downloads\EBDESIGN\frontend\src\modules\M049\M049Page.jsx","fetch","GET","/api/m049/search?q=${encodeURIComponent(searchQuery)}","TEMPLATE_INTERPOLATION","/api/m049/search"
"C:\Users\DIYA GOEL\Downloads\EBDESIGN\frontend\src\services\commerceApi.js","api","GET","/enterprise/integrations/${integrationId}/health","TEMPLATE_ID_PARAMETER","/enterprise/integrations/:param/health"
"C:\Users\DIYA GOEL\Downloads\EBDESIGN\frontend\src\modules\M170\M170Page.jsx","fetch","GET","/api/m170/search?q=${encodeURIComponent(searchQuery)}","TEMPLATE_INTERPOLATION","/api/m170/search"
"C:\Users\DIYA GOEL\Downloads\EBDESIGN\frontend\src\services\api.js","api","PUT","/pig/animal/${id}","TEMPLATE_ID_PARAMETER","/pig/animal/:param"
"C:\Users\DIYA GOEL\Downloads\EBDESIGN\frontend\src\modules\M114\M114Page.jsx","fetch","GET","/api/m114/search?q=${encodeURIComponent(searchQuery)}","TEMPLATE_INTERPOLATION","/api/m114/search"
"C:\Users\DIYA GOEL\Downloads\EBDESIGN\frontend\src\modules\M284\M284Page.jsx","fetch","GET","/api/m284/search?q=${encodeURIComponent(searchQuery)}","TEMPLATE_INTERPOLATION","/api/m284/search"
"C:\Users\DIYA GOEL\Downloads\EBDESIGN\frontend\src\pages\modules\M296\M296.jsx","fetch","DELETE","/api/v1/backend-modules/M296/${id}","TEMPLATE_ID_PARAMETER","/api/v1/backend-modules/M296/:param"
"C:\Users\DIYA GOEL\Downloads\EBDESIGN\frontend\src\pages\modules\M38\M38.jsx","fetch","DELETE","/api/v1/backend-modules/M038/${id}","TEMPLATE_ID_PARAMETER","/api/v1/backend-modules/M038/:param"
"C:\Users\DIYA GOEL\Downloads\EBDESIGN\frontend\src\services\api.js","api","PUT","/animal-health/quarantine/${id}","TEMPLATE_ID_PARAMETER","/animal-health/quarantine/:param"
"C:\Users\DIYA GOEL\Downloads\EBDESIGN\frontend\src\modules\M159\M159Page.jsx","fetch","DELETE","/api/m159/${id}","TEMPLATE_ID_PARAMETER","/api/m159/:param"
"C:\Users\DIYA GOEL\Downloads\EBDESIGN\frontend\src\pages\modules\M44\M44.jsx","fetch","DELETE","/api/v1/backend-modules/M044/${id}","TEMPLATE_ID_PARAMETER","/api/v1/backend-modules/M044/:param"
"C:\Users\DIYA GOEL\Downloads\EBDESIGN\frontend\src\modules\M232\M232Page.jsx","fetch","GET","/api/m232?${params}","TEMPLATE_INTERPOLATION","/api/m232"
"C:\Users\DIYA GOEL\Downloads\EBDESIGN\frontend\src\services\api.js","api","POST","/seller-verifications/${id}/verify","TEMPLATE_ID_PARAMETER","/seller-verifications/:param/verify"
"C:\Users\DIYA GOEL\Downloads\EBDESIGN\frontend\src\modules\M074\M074Page.jsx","fetch","DELETE","/api/m074/${id}","TEMPLATE_ID_PARAMETER","/api/m074/:param"
"C:\Users\DIYA GOEL\Downloads\EBDESIGN\frontend\src\modules\M199\M199Page.jsx","fetch","GET","/api/m199/search?q=${encodeURIComponent(searchQuery)}","TEMPLATE_INTERPOLATION","/api/m199/search"
"C:\Users\DIYA GOEL\Downloads\EBDESIGN\frontend\src\modules\M044\M044Page.jsx","fetch","GET","/api/m044/search?q=${encodeURIComponent(searchQuery)}","TEMPLATE_INTERPOLATION","/api/m044/search"
"C:\Users\DIYA GOEL\Downloads\EBDESIGN\frontend\src\modules\M231\M231Page.jsx","fetch","GET","/api/m231?${params}","TEMPLATE_INTERPOLATION","/api/m231"
"C:\Users\DIYA GOEL\Downloads\EBDESIGN\frontend\src\modules\M258\M258Page.jsx","fetch","DELETE","/api/m258/${id}","TEMPLATE_ID_PARAMETER","/api/m258/:param"
"C:\Users\DIYA GOEL\Downloads\EBDESIGN\frontend\src\modules\M282\M282Page.jsx","fetch","DELETE","/api/m282/${id}","TEMPLATE_ID_PARAMETER","/api/m282/:param"
"C:\Users\DIYA GOEL\Downloads\EBDESIGN\frontend\src\modules\M097\M097Page.jsx","fetch","GET","/api/m097/search?q=${encodeURIComponent(searchQuery)}","TEMPLATE_INTERPOLATION","/api/m097/search"
"C:\Users\DIYA GOEL\Downloads\EBDESIGN\frontend\src\modules\M305\M305Page.jsx","fetch","DELETE","/api/m305/${id}","TEMPLATE_ID_PARAMETER","/api/m305/:param"
"C:\Users\DIYA GOEL\Downloads\EBDESIGN\frontend\src\services\api.js","api","POST","/ml-models/${id}/train","TEMPLATE_ID_PARAMETER","/ml-models/:param/train"
"C:\Users\DIYA GOEL\Downloads\EBDESIGN\frontend\src\modules\M268\M268Page.jsx","fetch","GET","/api/m268/search?q=${encodeURIComponent(searchQuery)}","TEMPLATE_INTERPOLATION","/api/m268/search"
"C:\Users\DIYA GOEL\Downloads\EBDESIGN\frontend\src\services\api.js","api","DELETE","/pond/pond/${id}","TEMPLATE_ID_PARAMETER","/pond/pond/:param"
"C:\Users\DIYA GOEL\Downloads\EBDESIGN\frontend\src\services\api.js","api","GET","/sap-module-architecture/module/${id}","TEMPLATE_ID_PARAMETER","/sap-module-architecture/module/:param"
"C:\Users\DIYA GOEL\Downloads\EBDESIGN\frontend\src\services\warningAPI.js","axios","GET","${API_BASE_URL}/api/v1/warnings/user","TEMPLATE_INTERPOLATION","/:param/api/v1/warnings/user"
"C:\Users\DIYA GOEL\Downloads\EBDESIGN\frontend\src\services\api.js","api","DELETE","/ecommerce-marketplace/listing/${id}","TEMPLATE_ID_PARAMETER","/ecommerce-marketplace/listing/:param"
"C:\Users\DIYA GOEL\Downloads\EBDESIGN\frontend\src\pages\modules\M320\M320.jsx","fetch","DELETE","/api/v1/backend-modules/M320/${id}","TEMPLATE_ID_PARAMETER","/api/v1/backend-modules/M320/:param"
"C:\Users\DIYA GOEL\Downloads\EBDESIGN\frontend\src\modules\M298\M298Page.jsx","fetch","GET","/api/m298/search?q=${encodeURIComponent(searchQuery)}","TEMPLATE_INTERPOLATION","/api/m298/search"
"C:\Users\DIYA GOEL\Downloads\EBDESIGN\frontend\src\services\api.js","api","POST","/ai/agents/${id}/execute","TEMPLATE_ID_PARAMETER","/ai/agents/:param/execute"
"C:\Users\DIYA GOEL\Downloads\EBDESIGN\frontend\src\modules\M245\M245Page.jsx","fetch","GET","/api/m245?${params}","TEMPLATE_INTERPOLATION","/api/m245"
"C:\Users\DIYA GOEL\Downloads\EBDESIGN\frontend\src\pages\modules\M216\M216.jsx","fetch","DELETE","/api/v1/backend-modules/M216/${id}","TEMPLATE_ID_PARAMETER","/api/v1/backend-modules/M216/:param"
"C:\Users\DIYA GOEL\Downloads\EBDESIGN\frontend\src\services\api.js","api","POST","/farmer-verification/request/${id}/reject","TEMPLATE_ID_PARAMETER","/farmer-verification/request/:param/reject"
"C:\Users\DIYA GOEL\Downloads\EBDESIGN\frontend\src\modules\M120\M120Page.jsx","fetch","DELETE","/api/m120/${id}","TEMPLATE_ID_PARAMETER","/api/m120/:param"
"C:\Users\DIYA GOEL\Downloads\EBDESIGN\frontend\src\modules\M054\M054Page.jsx","fetch","GET","/api/m054/search?q=${encodeURIComponent(searchQuery)}","TEMPLATE_INTERPOLATION","/api/m054/search"
"C:\Users\DIYA GOEL\Downloads\EBDESIGN\frontend\src\services\api.js","api","POST","/complete-erp-integration/sync-farmer-field/${farmerId}","TEMPLATE_ID_PARAMETER","/complete-erp-integration/sync-farmer-field/:param"
"C:\Users\DIYA GOEL\Downloads\EBDESIGN\frontend\src\modules\M308\M308Page.jsx","fetch","DELETE","/api/m308/${id}","TEMPLATE_ID_PARAMETER","/api/m308/:param"
"C:\Users\DIYA GOEL\Downloads\EBDESIGN\frontend\src\services\api.js","api","DELETE","/hydroponics/system/${id}","TEMPLATE_ID_PARAMETER","/hydroponics/system/:param"
"C:\Users\DIYA GOEL\Downloads\EBDESIGN\frontend\src\pages\modules\M177\M177.jsx","fetch","DELETE","/api/v1/backend-modules/M177/${id}","TEMPLATE_ID_PARAMETER","/api/v1/backend-modules/M177/:param"
"C:\Users\DIYA GOEL\Downloads\EBDESIGN\frontend\src\pages\modules\M43\M43.jsx","fetch","DELETE","/api/v1/backend-modules/M043/${id}","TEMPLATE_ID_PARAMETER","/api/v1/backend-modules/M043/:param"
"C:\Users\DIYA GOEL\Downloads\EBDESIGN\frontend\src\services\api.js","api","POST","/civil-disruption/${id}/verify","TEMPLATE_ID_PARAMETER","/civil-disruption/:param/verify"
"C:\Users\DIYA GOEL\Downloads\EBDESIGN\frontend\src\modules\M227\M227Page.jsx","fetch","DELETE","/api/m227/${id}","TEMPLATE_ID_PARAMETER","/api/m227/:param"
"C:\Users\DIYA GOEL\Downloads\EBDESIGN\frontend\src\pages\modules\M344\M344.jsx","fetch","DELETE","/api/v1/backend-modules/M344/${id}","TEMPLATE_ID_PARAMETER","/api/v1/backend-modules/M344/:param"
"C:\Users\DIYA GOEL\Downloads\EBDESIGN\frontend\src\services\api.js","api","GET","/new-products/${id}","TEMPLATE_ID_PARAMETER","/new-products/:param"
"C:\Users\DIYA GOEL\Downloads\EBDESIGN\frontend\src\modules\M060\M060Page.jsx","fetch","GET","/api/m060?${params}","TEMPLATE_INTERPOLATION","/api/m060"
"C:\Users\DIYA GOEL\Downloads\EBDESIGN\frontend\src\services\api.js","api","GET","/ecommerce-ai/customer-lifetime-value/${userId}","TEMPLATE_ID_PARAMETER","/ecommerce-ai/customer-lifetime-value/:param"
"C:\Users\DIYA GOEL\Downloads\EBDESIGN\frontend\src\modules\M202\M202Page.jsx","fetch","DELETE","/api/m202/${id}","TEMPLATE_ID_PARAMETER","/api/m202/:param"
"C:\Users\DIYA GOEL\Downloads\EBDESIGN\frontend\src\services\api.js","api","POST","/bulk-order/quotation/${quotationId}/accept","TEMPLATE_ID_PARAMETER","/bulk-order/quotation/:param/accept"
"C:\Users\DIYA GOEL\Downloads\EBDESIGN\frontend\src\modules\M177\M177Page.jsx","fetch","GET","/api/m177?${params}","TEMPLATE_INTERPOLATION","/api/m177"
"C:\Users\DIYA GOEL\Downloads\EBDESIGN\frontend\src\services\api.js","api","GET","/fpos/${id}","TEMPLATE_ID_PARAMETER","/fpos/:param"
"C:\Users\DIYA GOEL\Downloads\EBDESIGN\frontend\src\services\api.js","api","GET","/invoices/${id}","TEMPLATE_ID_PARAMETER","/invoices/:param"
"C:\Users\DIYA GOEL\Downloads\EBDESIGN\frontend\src\modules\M286\M286Page.jsx","fetch","GET","/api/m286/search?q=${encodeURIComponent(searchQuery)}","TEMPLATE_INTERPOLATION","/api/m286/search"
"C:\Users\DIYA GOEL\Downloads\EBDESIGN\frontend\src\pages\modules\M148\M148.jsx","fetch","DELETE","/api/v1/backend-modules/M148/${id}","TEMPLATE_ID_PARAMETER","/api/v1/backend-modules/M148/:param"
"C:\Users\DIYA GOEL\Downloads\EBDESIGN\frontend\src\services\api.js","api","POST","/isolation-policies/${id}/isolate","TEMPLATE_ID_PARAMETER","/isolation-policies/:param/isolate"
"C:\Users\DIYA GOEL\Downloads\EBDESIGN\frontend\src\pages\modules\M311\M311.jsx","fetch","DELETE","/api/v1/backend-modules/M311/${id}","TEMPLATE_ID_PARAMETER","/api/v1/backend-modules/M311/:param"
"C:\Users\DIYA GOEL\Downloads\EBDESIGN\frontend\src\modules\M309\M309Page.jsx","fetch","GET","/api/m309?${params}","TEMPLATE_INTERPOLATION","/api/m309"
"C:\Users\DIYA GOEL\Downloads\EBDESIGN\frontend\src\services\api.js","api","POST","/aggregators/${id}","TEMPLATE_ID_PARAMETER","/aggregators/:param"
"C:\Users\DIYA GOEL\Downloads\EBDESIGN\frontend\src\services\api.js","api","DELETE","/fisheries-harvest/harvest/${id}","TEMPLATE_ID_PARAMETER","/fisheries-harvest/harvest/:param"
"C:\Users\DIYA GOEL\Downloads\EBDESIGN\frontend\src\pages\modules\M306\M306.jsx","fetch","DELETE","/api/v1/backend-modules/M306/${id}","TEMPLATE_ID_PARAMETER","/api/v1/backend-modules/M306/:param"
"C:\Users\DIYA GOEL\Downloads\EBDESIGN\frontend\src\services\commerceApi.js","api","DELETE","/orders/cart/${id}","TEMPLATE_ID_PARAMETER","/orders/cart/:param"
"C:\Users\DIYA GOEL\Downloads\EBDESIGN\frontend\src\pages\modules\M131\M131.jsx","fetch","DELETE","/api/v1/backend-modules/M131/${id}","TEMPLATE_ID_PARAMETER","/api/v1/backend-modules/M131/:param"
"C:\Users\DIYA GOEL\Downloads\EBDESIGN\frontend\src\modules\M127\M127Page.jsx","fetch","GET","/api/m127?${params}","TEMPLATE_INTERPOLATION","/api/m127"
"C:\Users\DIYA GOEL\Downloads\EBDESIGN\frontend\src\services\api.js","api","GET","/flash-sales/${id}","TEMPLATE_ID_PARAMETER","/flash-sales/:param"
"C:\Users\DIYA GOEL\Downloads\EBDESIGN\frontend\src\pages\modules\M56\M56.jsx","fetch","DELETE","/api/v1/backend-modules/M056/${id}","TEMPLATE_ID_PARAMETER","/api/v1/backend-modules/M056/:param"
"C:\Users\DIYA GOEL\Downloads\EBDESIGN\frontend\src\services\api.js","api","DELETE","/land-lease/lease/${id}","TEMPLATE_ID_PARAMETER","/land-lease/lease/:param"
"C:\Users\DIYA GOEL\Downloads\EBDESIGN\frontend\src\modules\M336\M336Page.jsx","fetch","GET","/api/m336/search?q=${encodeURIComponent(searchQuery)}","TEMPLATE_INTERPOLATION","/api/m336/search"
"C:\Users\DIYA GOEL\Downloads\EBDESIGN\frontend\src\modules\M218\M218Page.jsx","fetch","DELETE","/api/m218/${id}","TEMPLATE_ID_PARAMETER","/api/m218/:param"
"C:\Users\DIYA GOEL\Downloads\EBDESIGN\frontend\src\modules\M116\M116Page.jsx","fetch","GET","/api/m116/search?q=${encodeURIComponent(searchQuery)}","TEMPLATE_INTERPOLATION","/api/m116/search"
"C:\Users\DIYA GOEL\Downloads\EBDESIGN\frontend\src\modules\M326\M326Page.jsx","fetch","GET","/api/m326/search?q=${encodeURIComponent(searchQuery)}","TEMPLATE_INTERPOLATION","/api/m326/search"
"C:\Users\DIYA GOEL\Downloads\EBDESIGN\frontend\src\services\api.js","api","PUT","/decision-engine/rules/${id}","TEMPLATE_ID_PARAMETER","/decision-engine/rules/:param"
"C:\Users\DIYA GOEL\Downloads\EBDESIGN\frontend\src\services\api.js","api","GET","/user-guides/${id}","TEMPLATE_ID_PARAMETER","/user-guides/:param"
"C:\Users\DIYA GOEL\Downloads\EBDESIGN\frontend\src\services\artificialScientistAPI.js","api","POST","${base}/experiments/${id}/protocols","TEMPLATE_ID_PARAMETER","/:param/experiments/:param/protocols"
"C:\Users\DIYA GOEL\Downloads\EBDESIGN\frontend\src\services\artificialScientistAPI.js","api","GET","${base}/experiments/${id}","TEMPLATE_ID_PARAMETER","/:param/experiments/:param"
"C:\Users\DIYA GOEL\Downloads\EBDESIGN\frontend\src\modules\M241\M241Page.jsx","fetch","GET","/api/m241/search?q=${encodeURIComponent(searchQuery)}","TEMPLATE_INTERPOLATION","/api/m241/search"
"C:\Users\DIYA GOEL\Downloads\EBDESIGN\frontend\src\pages\modules\M114\M114.jsx","fetch","DELETE","/api/v1/backend-modules/M114/${id}","TEMPLATE_ID_PARAMETER","/api/v1/backend-modules/M114/:param"
"C:\Users\DIYA GOEL\Downloads\EBDESIGN\frontend\src\modules\M110\M110Page.jsx","fetch","GET","/api/m110/search?q=${encodeURIComponent(searchQuery)}","TEMPLATE_INTERPOLATION","/api/m110/search"
"C:\Users\DIYA GOEL\Downloads\EBDESIGN\frontend\src\modules\M190\M190Page.jsx","fetch","GET","/api/m190/search?q=${encodeURIComponent(searchQuery)}","TEMPLATE_INTERPOLATION","/api/m190/search"
"C:\Users\DIYA GOEL\Downloads\EBDESIGN\frontend\src\services\operationsApi.js","api","POST","/logistics/shipments/${id}/tracking","TEMPLATE_ID_PARAMETER","/logistics/shipments/:param/tracking"
"C:\Users\DIYA GOEL\Downloads\EBDESIGN\frontend\src\modules\M207\M207Page.jsx","fetch","DELETE","/api/m207/${id}","TEMPLATE_ID_PARAMETER","/api/m207/:param"
"C:\Users\DIYA GOEL\Downloads\EBDESIGN\frontend\src\services\api.js","api","PUT","/district/${id}","TEMPLATE_ID_PARAMETER","/district/:param"
"C:\Users\DIYA GOEL\Downloads\EBDESIGN\frontend\src\modules\M039\M039Page.jsx","fetch","GET","/api/m039/search?q=${encodeURIComponent(searchQuery)}","TEMPLATE_INTERPOLATION","/api/m039/search"
"C:\Users\DIYA GOEL\Downloads\EBDESIGN\frontend\src\modules\M303\M303Page.jsx","fetch","DELETE","/api/m303/${id}","TEMPLATE_ID_PARAMETER","/api/m303/:param"
"C:\Users\DIYA GOEL\Downloads\EBDESIGN\frontend\src\modules\M237\M237Page.jsx","fetch","GET","/api/m237/search?q=${encodeURIComponent(searchQuery)}","TEMPLATE_INTERPOLATION","/api/m237/search"
"C:\Users\DIYA GOEL\Downloads\EBDESIGN\frontend\src\modules\M249\M249Page.jsx","fetch","GET","/api/m249/search?q=${encodeURIComponent(searchQuery)}","TEMPLATE_INTERPOLATION","/api/m249/search"
"C:\Users\DIYA GOEL\Downloads\EBDESIGN\frontend\src\services\api.js","api","PUT","/rainwater-structures/${id}","TEMPLATE_ID_PARAMETER","/rainwater-structures/:param"
"C:\Users\DIYA GOEL\Downloads\EBDESIGN\frontend\src\modules\M198\M198Page.jsx","fetch","GET","/api/m198?${params}","TEMPLATE_INTERPOLATION","/api/m198"
"C:\Users\DIYA GOEL\Downloads\EBDESIGN\frontend\src\modules\M216\M216Page.jsx","fetch","GET","/api/m216/search?q=${encodeURIComponent(searchQuery)}","TEMPLATE_INTERPOLATION","/api/m216/search"
"C:\Users\DIYA GOEL\Downloads\EBDESIGN\frontend\src\modules\M128\M128Page.jsx","fetch","GET","/api/m128/search?q=${encodeURIComponent(searchQuery)}","TEMPLATE_INTERPOLATION","/api/m128/search"
"C:\Users\DIYA GOEL\Downloads\EBDESIGN\frontend\src\modules\M127\M127Page.jsx","fetch","GET","/api/m127/search?q=${encodeURIComponent(searchQuery)}","TEMPLATE_INTERPOLATION","/api/m127/search"
"C:\Users\DIYA GOEL\Downloads\EBDESIGN\frontend\src\services\api.js","api","POST","/enterprise-control/crm/leads/${leadCode}/convert","TEMPLATE_INTERPOLATION","/enterprise-control/crm/leads/:param/convert"
"C:\Users\DIYA GOEL\Downloads\EBDESIGN\frontend\src\services\api.js","api","POST","/bulk-order/${orderId}/cancel","TEMPLATE_ID_PARAMETER","/bulk-order/:param/cancel"
"C:\Users\DIYA GOEL\Downloads\EBDESIGN\frontend\src\services\artificialScientistAPI.js","api","POST","${base}/artifacts","TEMPLATE_INTERPOLATION","/:param/artifacts"
"C:\Users\DIYA GOEL\Downloads\EBDESIGN\frontend\src\services\api.js","api","GET","/syndicates/${id}","TEMPLATE_ID_PARAMETER","/syndicates/:param"
"C:\Users\DIYA GOEL\Downloads\EBDESIGN\frontend\src\modules\M079\M079Page.jsx","fetch","GET","/api/m079?${params}","TEMPLATE_INTERPOLATION","/api/m079"
"C:\Users\DIYA GOEL\Downloads\EBDESIGN\frontend\src\modules\M124\M124Page.jsx","fetch","GET","/api/m124?${params}","TEMPLATE_INTERPOLATION","/api/m124"
"C:\Users\DIYA GOEL\Downloads\EBDESIGN\frontend\src\modules\M251\M251Page.jsx","fetch","GET","/api/m251?${params}","TEMPLATE_INTERPOLATION","/api/m251"
"C:\Users\DIYA GOEL\Downloads\EBDESIGN\frontend\src\services\api.js","api","DELETE","/irrigation/schedule/${id}","TEMPLATE_ID_PARAMETER","/irrigation/schedule/:param"
"C:\Users\DIYA GOEL\Downloads\EBDESIGN\frontend\src\pages\modules\M330\M330.jsx","fetch","DELETE","/api/v1/backend-modules/M330/${id}","TEMPLATE_ID_PARAMETER","/api/v1/backend-modules/M330/:param"
"C:\Users\DIYA GOEL\Downloads\EBDESIGN\frontend\src\modules\M104\M104Page.jsx","fetch","GET","/api/m104/search?q=${encodeURIComponent(searchQuery)}","TEMPLATE_INTERPOLATION","/api/m104/search"
"C:\Users\DIYA GOEL\Downloads\EBDESIGN\frontend\src\modules\M314\M314Page.jsx","fetch","DELETE","/api/m314/${id}","TEMPLATE_ID_PARAMETER","/api/m314/:param"
"C:\Users\DIYA GOEL\Downloads\EBDESIGN\frontend\src\modules\M036\M036Page.jsx","fetch","DELETE","/api/m036/${id}","TEMPLATE_ID_PARAMETER","/api/m036/:param"
"C:\Users\DIYA GOEL\Downloads\EBDESIGN\frontend\src\modules\M167\M167Page.jsx","fetch","GET","/api/m167/search?q=${encodeURIComponent(searchQuery)}","TEMPLATE_INTERPOLATION","/api/m167/search"
"C:\Users\DIYA GOEL\Downloads\EBDESIGN\frontend\src\modules\M281\M281Page.jsx","fetch","GET","/api/m281/search?q=${encodeURIComponent(searchQuery)}","TEMPLATE_INTERPOLATION","/api/m281/search"
"C:\Users\DIYA GOEL\Downloads\EBDESIGN\frontend\src\pages\modules\M135\M135.jsx","fetch","DELETE","/api/v1/backend-modules/M135/${id}","TEMPLATE_ID_PARAMETER","/api/v1/backend-modules/M135/:param"
"C:\Users\DIYA GOEL\Downloads\EBDESIGN\frontend\src\modules\M308\M308Page.jsx","fetch","GET","/api/m308/search?q=${encodeURIComponent(searchQuery)}","TEMPLATE_INTERPOLATION","/api/m308/search"
"C:\Users\DIYA GOEL\Downloads\EBDESIGN\frontend\src\services\api.js","api","POST","/orchestrations/${id}/run","TEMPLATE_ID_PARAMETER","/orchestrations/:param/run"
"C:\Users\DIYA GOEL\Downloads\EBDESIGN\frontend\src\modules\M112\M112Page.jsx","fetch","DELETE","/api/m112/${id}","TEMPLATE_ID_PARAMETER","/api/m112/:param"
"C:\Users\DIYA GOEL\Downloads\EBDESIGN\frontend\src\modules\M253\M253Page.jsx","fetch","DELETE","/api/m253/${id}","TEMPLATE_ID_PARAMETER","/api/m253/:param"
"C:\Users\DIYA GOEL\Downloads\EBDESIGN\frontend\src\modules\M109\M109Page.jsx","fetch","GET","/api/m109?${params}","TEMPLATE_INTERPOLATION","/api/m109"
"C:\Users\DIYA GOEL\Downloads\EBDESIGN\frontend\src\pages\modules\M239\M239.jsx","fetch","DELETE","/api/v1/backend-modules/M239/${id}","TEMPLATE_ID_PARAMETER","/api/v1/backend-modules/M239/:param"
"C:\Users\DIYA GOEL\Downloads\EBDESIGN\frontend\src\modules\M184\M184Page.jsx","fetch","GET","/api/m184/search?q=${encodeURIComponent(searchQuery)}","TEMPLATE_INTERPOLATION","/api/m184/search"
"C:\Users\DIYA GOEL\Downloads\EBDESIGN\frontend\src\modules\M209\M209Page.jsx","fetch","GET","/api/m209/search?q=${encodeURIComponent(searchQuery)}","TEMPLATE_INTERPOLATION","/api/m209/search"
"C:\Users\DIYA GOEL\Downloads\EBDESIGN\frontend\src\services\api.js","api","PUT","/crop-monitoring/observations/${id}","TEMPLATE_ID_PARAMETER","/crop-monitoring/observations/:param"
"C:\Users\DIYA GOEL\Downloads\EBDESIGN\frontend\src\services\api.js","api","PUT","/pig-farming/animal/${id}","TEMPLATE_ID_PARAMETER","/pig-farming/animal/:param"
"C:\Users\DIYA GOEL\Downloads\EBDESIGN\frontend\src\modules\M059\M059Page.jsx","fetch","DELETE","/api/m059/${id}","TEMPLATE_ID_PARAMETER","/api/m059/:param"
"C:\Users\DIYA GOEL\Downloads\EBDESIGN\frontend\src\modules\M269\M269Page.jsx","fetch","GET","/api/m269/search?q=${encodeURIComponent(searchQuery)}","TEMPLATE_INTERPOLATION","/api/m269/search"
"C:\Users\DIYA GOEL\Downloads\EBDESIGN\frontend\src\pages\modules\M248\M248.jsx","fetch","DELETE","/api/v1/backend-modules/M248/${id}","TEMPLATE_ID_PARAMETER","/api/v1/backend-modules/M248/:param"
"C:\Users\DIYA GOEL\Downloads\EBDESIGN\frontend\src\services\api.js","api","PUT","/edge-locations/${id}","TEMPLATE_ID_PARAMETER","/edge-locations/:param"
"C:\Users\DIYA GOEL\Downloads\EBDESIGN\frontend\src\modules\M295\M295Page.jsx","fetch","DELETE","/api/m295/${id}","TEMPLATE_ID_PARAMETER","/api/m295/:param"
"C:\Users\DIYA GOEL\Downloads\EBDESIGN\frontend\src\modules\M092\M092Page.jsx","fetch","DELETE","/api/m092/${id}","TEMPLATE_ID_PARAMETER","/api/m092/:param"
"C:\Users\DIYA GOEL\Downloads\EBDESIGN\frontend\src\modules\M094\M094Page.jsx","fetch","GET","/api/m094/search?q=${encodeURIComponent(searchQuery)}","TEMPLATE_INTERPOLATION","/api/m094/search"
"C:\Users\DIYA GOEL\Downloads\EBDESIGN\frontend\src\services\api.js","api","GET","/associations/${id}","TEMPLATE_ID_PARAMETER","/associations/:param"
"C:\Users\DIYA GOEL\Downloads\EBDESIGN\frontend\src\modules\M031\M031Page.jsx","fetch","DELETE","/api/m031/${id}","TEMPLATE_ID_PARAMETER","/api/m031/:param"
"C:\Users\DIYA GOEL\Downloads\EBDESIGN\frontend\src\services\api.js","api","POST","/optimizations/${id}/apply","TEMPLATE_ID_PARAMETER","/optimizations/:param/apply"
"C:\Users\DIYA GOEL\Downloads\EBDESIGN\frontend\src\pages\modules\M138\M138.jsx","fetch","DELETE","/api/v1/backend-modules/M138/${id}","TEMPLATE_ID_PARAMETER","/api/v1/backend-modules/M138/:param"
"C:\Users\DIYA GOEL\Downloads\EBDESIGN\frontend\src\services\api.js","api","POST","/complete-ai-integration/recommend-crop-planning/${farmerId}","TEMPLATE_ID_PARAMETER","/complete-ai-integration/recommend-crop-planning/:param"
"C:\Users\DIYA GOEL\Downloads\EBDESIGN\frontend\src\modules\M300\M300Page.jsx","fetch","GET","/api/m300?${params}","TEMPLATE_INTERPOLATION","/api/m300"
"C:\Users\DIYA GOEL\Downloads\EBDESIGN\frontend\src\services\api.js","api","PUT","/water-resource-mapping/resource/${id}","TEMPLATE_ID_PARAMETER","/water-resource-mapping/resource/:param"
"C:\Users\DIYA GOEL\Downloads\EBDESIGN\frontend\src\services\api.js","api","GET","/supply-chain-tracking/${id}","TEMPLATE_ID_PARAMETER","/supply-chain-tracking/:param"
"C:\Users\DIYA GOEL\Downloads\EBDESIGN\frontend\src\modules\M299\M299Page.jsx","fetch","GET","/api/m299/search?q=${encodeURIComponent(searchQuery)}","TEMPLATE_INTERPOLATION","/api/m299/search"
"C:\Users\DIYA GOEL\Downloads\EBDESIGN\frontend\src\services\api.js","api","PUT","/crop-registrations/${id}","TEMPLATE_ID_PARAMETER","/crop-registrations/:param"
"C:\Users\DIYA GOEL\Downloads\EBDESIGN\frontend\src\services\api.js","api","DELETE","/dairy/animal/${id}","TEMPLATE_ID_PARAMETER","/dairy/animal/:param"
"C:\Users\DIYA GOEL\Downloads\EBDESIGN\frontend\src\services\api.js","api","POST","/farmer-verification/request/${id}/verify","TEMPLATE_ID_PARAMETER","/farmer-verification/request/:param/verify"
"C:\Users\DIYA GOEL\Downloads\EBDESIGN\frontend\src\modules\M308\M308Page.jsx","fetch","GET","/api/m308?${params}","TEMPLATE_INTERPOLATION","/api/m308"
"C:\Users\DIYA GOEL\Downloads\EBDESIGN\frontend\src\services\api.js","api","POST","/equipment-exchange/listing/${listingId}/reserve","TEMPLATE_ID_PARAMETER","/equipment-exchange/listing/:param/reserve"
"C:\Users\DIYA GOEL\Downloads\EBDESIGN\frontend\src\services\operationsApi.js","api","POST","/financial/emi/${id}/pay","TEMPLATE_ID_PARAMETER","/financial/emi/:param/pay"
"C:\Users\DIYA GOEL\Downloads\EBDESIGN\frontend\src\pages\modules\M136\M136.jsx","fetch","DELETE","/api/v1/backend-modules/M136/${id}","TEMPLATE_ID_PARAMETER","/api/v1/backend-modules/M136/:param"
"C:\Users\DIYA GOEL\Downloads\EBDESIGN\frontend\src\pages\modules\M75\M75.jsx","fetch","DELETE","/api/v1/backend-modules/M075/${id}","TEMPLATE_ID_PARAMETER","/api/v1/backend-modules/M075/:param"
"C:\Users\DIYA GOEL\Downloads\EBDESIGN\frontend\src\modules\M305\M305Page.jsx","fetch","GET","/api/m305/search?q=${encodeURIComponent(searchQuery)}","TEMPLATE_INTERPOLATION","/api/m305/search"
"C:\Users\DIYA GOEL\Downloads\EBDESIGN\frontend\src\services\api.js","api","GET","/nutrition-intelligence/product-nutrition/${productId}/value-per-nutrient","TEMPLATE_ID_PARAMETER","/nutrition-intelligence/product-nutrition/:param/value-per-nutrient"
"C:\Users\DIYA GOEL\Downloads\EBDESIGN\frontend\src\services\api.js","api","POST","/farmer-kyc/application/${id}/reject","TEMPLATE_ID_PARAMETER","/farmer-kyc/application/:param/reject"
"C:\Users\DIYA GOEL\Downloads\EBDESIGN\frontend\src\modules\M290\M290Page.jsx","fetch","DELETE","/api/m290/${id}","TEMPLATE_ID_PARAMETER","/api/m290/:param"
"C:\Users\DIYA GOEL\Downloads\EBDESIGN\frontend\src\modules\M280\M280Page.jsx","fetch","GET","/api/m280?${params}","TEMPLATE_INTERPOLATION","/api/m280"
"C:\Users\DIYA GOEL\Downloads\EBDESIGN\frontend\src\services\api.js","api","PUT","/floriculture/record/${id}","TEMPLATE_ID_PARAMETER","/floriculture/record/:param"
"C:\Users\DIYA GOEL\Downloads\EBDESIGN\frontend\src\services\api.js","api","POST","/robotics/devices/${id}/telemetry","TEMPLATE_ID_PARAMETER","/robotics/devices/:param/telemetry"
"C:\Users\DIYA GOEL\Downloads\EBDESIGN\frontend\src\modules\M180\M180Page.jsx","fetch","GET","/api/m180?${params}","TEMPLATE_INTERPOLATION","/api/m180"
"C:\Users\DIYA GOEL\Downloads\EBDESIGN\frontend\src\modules\M118\M118Page.jsx","fetch","GET","/api/m118/search?q=${encodeURIComponent(searchQuery)}","TEMPLATE_INTERPOLATION","/api/m118/search"
"C:\Users\DIYA GOEL\Downloads\EBDESIGN\frontend\src\services\api.js","api","POST","/validation/${entity}/${field}","TEMPLATE_INTERPOLATION","/validation/:param/:param"
"C:\Users\DIYA GOEL\Downloads\EBDESIGN\frontend\src\modules\M288\M288Page.jsx","fetch","GET","/api/m288/search?q=${encodeURIComponent(searchQuery)}","TEMPLATE_INTERPOLATION","/api/m288/search"
"C:\Users\DIYA GOEL\Downloads\EBDESIGN\frontend\src\modules\M130\M130Page.jsx","fetch","GET","/api/m130?${params}","TEMPLATE_INTERPOLATION","/api/m130"
"C:\Users\DIYA GOEL\Downloads\EBDESIGN\frontend\src\modules\M105\M105Page.jsx","fetch","DELETE","/api/m105/${id}","TEMPLATE_ID_PARAMETER","/api/m105/:param"
"C:\Users\DIYA GOEL\Downloads\EBDESIGN\frontend\src\modules\M098\M098Page.jsx","fetch","GET","/api/m098/search?q=${encodeURIComponent(searchQuery)}","TEMPLATE_INTERPOLATION","/api/m098/search"
"C:\Users\DIYA GOEL\Downloads\EBDESIGN\frontend\src\modules\M136\M136Page.jsx","fetch","GET","/api/m136?${params}","TEMPLATE_INTERPOLATION","/api/m136"
"C:\Users\DIYA GOEL\Downloads\EBDESIGN\frontend\src\modules\M219\M219Page.jsx","fetch","DELETE","/api/m219/${id}","TEMPLATE_ID_PARAMETER","/api/m219/:param"
"C:\Users\DIYA GOEL\Downloads\EBDESIGN\frontend\src\services\api.js","api","POST","/disseminators/${id}","TEMPLATE_ID_PARAMETER","/disseminators/:param"
"C:\Users\DIYA GOEL\Downloads\EBDESIGN\frontend\src\services\api.js","api","GET","/modules/${module}","TEMPLATE_INTERPOLATION","/modules/:param"
"C:\Users\DIYA GOEL\Downloads\EBDESIGN\frontend\src\services\operationsApi.js","api","GET","/financial/loans/farmer/${farmerId}","TEMPLATE_ID_PARAMETER","/financial/loans/farmer/:param"
"C:\Users\DIYA GOEL\Downloads\EBDESIGN\frontend\src\modules\M287\M287Page.jsx","fetch","GET","/api/m287?${params}","TEMPLATE_INTERPOLATION","/api/m287"
"C:\Users\DIYA GOEL\Downloads\EBDESIGN\frontend\src\services\api.js","api","PUT","/block/${id}","TEMPLATE_ID_PARAMETER","/block/:param"
"C:\Users\DIYA GOEL\Downloads\EBDESIGN\frontend\src\services\api.js","api","POST","/coordinations/${id}","TEMPLATE_ID_PARAMETER","/coordinations/:param"
"C:\Users\DIYA GOEL\Downloads\EBDESIGN\frontend\src\modules\M243\M243Page.jsx","fetch","DELETE","/api/m243/${id}","TEMPLATE_ID_PARAMETER","/api/m243/:param"
"C:\Users\DIYA GOEL\Downloads\EBDESIGN\frontend\src\modules\M072\M072Page.jsx","fetch","GET","/api/m072?${params}","TEMPLATE_INTERPOLATION","/api/m072"
"C:\Users\DIYA GOEL\Downloads\EBDESIGN\frontend\src\modules\M236\M236Page.jsx","fetch","GET","/api/m236/search?q=${encodeURIComponent(searchQuery)}","TEMPLATE_INTERPOLATION","/api/m236/search"
"C:\Users\DIYA GOEL\Downloads\EBDESIGN\frontend\src\modules\M221\M221Page.jsx","fetch","DELETE","/api/m221/${id}","TEMPLATE_ID_PARAMETER","/api/m221/:param"
"C:\Users\DIYA GOEL\Downloads\EBDESIGN\frontend\src\modules\M090\M090Page.jsx","fetch","GET","/api/m090/search?q=${encodeURIComponent(searchQuery)}","TEMPLATE_INTERPOLATION","/api/m090/search"
"C:\Users\DIYA GOEL\Downloads\EBDESIGN\frontend\src\pages\modules\M213\M213.jsx","fetch","DELETE","/api/v1/backend-modules/M213/${id}","TEMPLATE_ID_PARAMETER","/api/v1/backend-modules/M213/:param"
"C:\Users\DIYA GOEL\Downloads\EBDESIGN\frontend\src\services\api.js","api","GET","/search/${id}","TEMPLATE_ID_PARAMETER","/search/:param"
"C:\Users\DIYA GOEL\Downloads\EBDESIGN\frontend\src\services\api.js","api","PUT","/nursery/nursery/${id}","TEMPLATE_ID_PARAMETER","/nursery/nursery/:param"
"C:\Users\DIYA GOEL\Downloads\EBDESIGN\frontend\src\modules\M188\M188Page.jsx","fetch","DELETE","/api/m188/${id}","TEMPLATE_ID_PARAMETER","/api/m188/:param"
"C:\Users\DIYA GOEL\Downloads\EBDESIGN\frontend\src\services\api.js","api","POST","/validation/${entity}","TEMPLATE_INTERPOLATION","/validation/:param"
"C:\Users\DIYA GOEL\Downloads\EBDESIGN\frontend\src\modules\M157\M157Page.jsx","fetch","DELETE","/api/m157/${id}","TEMPLATE_ID_PARAMETER","/api/m157/:param"
"C:\Users\DIYA GOEL\Downloads\EBDESIGN\frontend\src\modules\M335\M335Page.jsx","fetch","GET","/api/m335?${params}","TEMPLATE_INTERPOLATION","/api/m335"
"C:\Users\DIYA GOEL\Downloads\EBDESIGN\frontend\src\services\api.js","api","POST","/asset-accounting/asset/${assetId}/dispose","TEMPLATE_ID_PARAMETER","/asset-accounting/asset/:param/dispose"
"C:\Users\DIYA GOEL\Downloads\EBDESIGN\frontend\src\services\api.js","api","POST","/modules/${module}","TEMPLATE_INTERPOLATION","/modules/:param"
"C:\Users\DIYA GOEL\Downloads\EBDESIGN\frontend\src\pages\modules\M269\M269.jsx","fetch","DELETE","/api/v1/backend-modules/M269/${id}","TEMPLATE_ID_PARAMETER","/api/v1/backend-modules/M269/:param"
"C:\Users\DIYA GOEL\Downloads\EBDESIGN\frontend\src\services\api.js","api","POST","/validators/${id}","TEMPLATE_ID_PARAMETER","/validators/:param"
"C:\Users\DIYA GOEL\Downloads\EBDESIGN\frontend\src\modules\M113\M113Page.jsx","fetch","GET","/api/m113/search?q=${encodeURIComponent(searchQuery)}","TEMPLATE_INTERPOLATION","/api/m113/search"
"C:\Users\DIYA GOEL\Downloads\EBDESIGN\frontend\src\modules\M319\M319Page.jsx","fetch","DELETE","/api/m319/${id}","TEMPLATE_ID_PARAMETER","/api/m319/:param"
"C:\Users\DIYA GOEL\Downloads\EBDESIGN\frontend\src\modules\M100\M100Page.jsx","fetch","DELETE","/api/m100/${id}","TEMPLATE_ID_PARAMETER","/api/m100/:param"
"C:\Users\DIYA GOEL\Downloads\EBDESIGN\frontend\src\services\api.js","api","DELETE","/farm-task/task/${id}","TEMPLATE_ID_PARAMETER","/farm-task/task/:param"
"C:\Users\DIYA GOEL\Downloads\EBDESIGN\frontend\src\pages\modules\M279\M279.jsx","fetch","DELETE","/api/v1/backend-modules/M279/${id}","TEMPLATE_ID_PARAMETER","/api/v1/backend-modules/M279/:param"
"C:\Users\DIYA GOEL\Downloads\EBDESIGN\frontend\src\modules\M109\M109Page.jsx","fetch","GET","/api/m109/search?q=${encodeURIComponent(searchQuery)}","TEMPLATE_INTERPOLATION","/api/m109/search"
"C:\Users\DIYA GOEL\Downloads\EBDESIGN\frontend\src\modules\M080\M080Page.jsx","fetch","DELETE","/api/m080/${id}","TEMPLATE_ID_PARAMETER","/api/m080/:param"
"C:\Users\DIYA GOEL\Downloads\EBDESIGN\frontend\src\pages\modules\M261\M261.jsx","fetch","DELETE","/api/v1/backend-modules/M261/${id}","TEMPLATE_ID_PARAMETER","/api/v1/backend-modules/M261/:param"
"C:\Users\DIYA GOEL\Downloads\EBDESIGN\frontend\src\services\api.js","api","POST","/evolution-strategies/${id}/evolve","TEMPLATE_ID_PARAMETER","/evolution-strategies/:param/evolve"
"C:\Users\DIYA GOEL\Downloads\EBDESIGN\frontend\src\modules\M210\M210Page.jsx","fetch","DELETE","/api/m210/${id}","TEMPLATE_ID_PARAMETER","/api/m210/:param"
"C:\Users\DIYA GOEL\Downloads\EBDESIGN\frontend\src\modules\M143\M143Page.jsx","fetch","GET","/api/m143?${params}","TEMPLATE_INTERPOLATION","/api/m143"
"C:\Users\DIYA GOEL\Downloads\EBDESIGN\frontend\src\modules\M321\M321Page.jsx","fetch","DELETE","/api/m321/${id}","TEMPLATE_ID_PARAMETER","/api/m321/:param"
"C:\Users\DIYA GOEL\Downloads\EBDESIGN\frontend\src\modules\M236\M236Page.jsx","fetch","GET","/api/m236?${params}","TEMPLATE_INTERPOLATION","/api/m236"
"C:\Users\DIYA GOEL\Downloads\EBDESIGN\frontend\src\services\commerceApi.js","api","PUT","/seed-vault/${id}","TEMPLATE_ID_PARAMETER","/seed-vault/:param"
"C:\Users\DIYA GOEL\Downloads\EBDESIGN\frontend\src\services\api.js","api","DELETE","/state/${id}","TEMPLATE_ID_PARAMETER","/state/:param"
"C:\Users\DIYA GOEL\Downloads\EBDESIGN\frontend\src\modules\M217\M217Page.jsx","fetch","GET","/api/m217?${params}","TEMPLATE_INTERPOLATION","/api/m217"
"C:\Users\DIYA GOEL\Downloads\EBDESIGN\frontend\src\services\api.js","api","POST","/retention-policies/${id}/apply","TEMPLATE_ID_PARAMETER","/retention-policies/:param/apply"
"C:\Users\DIYA GOEL\Downloads\EBDESIGN\frontend\src\services\api.js","api","PUT","/sap-module-architecture/module/${id}/version","TEMPLATE_ID_PARAMETER","/sap-module-architecture/module/:param/version"
"C:\Users\DIYA GOEL\Downloads\EBDESIGN\frontend\src\modules\M206\M206Page.jsx","fetch","DELETE","/api/m206/${id}","TEMPLATE_ID_PARAMETER","/api/m206/:param"
"C:\Users\DIYA GOEL\Downloads\EBDESIGN\frontend\src\modules\M174\M174Page.jsx","fetch","GET","/api/m174/search?q=${encodeURIComponent(searchQuery)}","TEMPLATE_INTERPOLATION","/api/m174/search"
"C:\Users\DIYA GOEL\Downloads\EBDESIGN\frontend\src\services\api.js","api","PUT","/led/${id}","TEMPLATE_ID_PARAMETER","/led/:param"
"C:\Users\DIYA GOEL\Downloads\EBDESIGN\frontend\src\services\artificialScientistAPI.js","api","POST","${base}/hypotheses","TEMPLATE_INTERPOLATION","/:param/hypotheses"
"C:\Users\DIYA GOEL\Downloads\EBDESIGN\frontend\src\modules\M323\M323Page.jsx","fetch","GET","/api/m323/search?q=${encodeURIComponent(searchQuery)}","TEMPLATE_INTERPOLATION","/api/m323/search"
"C:\Users\DIYA GOEL\Downloads\EBDESIGN\frontend\src\modules\M296\M296Page.jsx","fetch","GET","/api/m296?${params}","TEMPLATE_INTERPOLATION","/api/m296"
"C:\Users\DIYA GOEL\Downloads\EBDESIGN\frontend\src\services\api.js","api","POST","/ai/product-media-ai/products/${productId}/video","TEMPLATE_ID_PARAMETER","/ai/product-media-ai/products/:param/video"
"C:\Users\DIYA GOEL\Downloads\EBDESIGN\frontend\src\modules\M091\M091Page.jsx","fetch","GET","/api/m091?${params}","TEMPLATE_INTERPOLATION","/api/m091"
"C:\Users\DIYA GOEL\Downloads\EBDESIGN\frontend\src\modules\M200\M200Page.jsx","fetch","GET","/api/m200?${params}","TEMPLATE_INTERPOLATION","/api/m200"
"C:\Users\DIYA GOEL\Downloads\EBDESIGN\frontend\src\services\api.js","api","POST","/ai-models/${id}/invoke","TEMPLATE_ID_PARAMETER","/ai-models/:param/invoke"
"C:\Users\DIYA GOEL\Downloads\EBDESIGN\frontend\src\modules\M261\M261Page.jsx","fetch","GET","/api/m261/search?q=${encodeURIComponent(searchQuery)}","TEMPLATE_INTERPOLATION","/api/m261/search"
"C:\Users\DIYA GOEL\Downloads\EBDESIGN\frontend\src\services\api.js","api","PUT","/integration-hub/${id}","TEMPLATE_ID_PARAMETER","/integration-hub/:param"
"C:\Users\DIYA GOEL\Downloads\EBDESIGN\frontend\src\services\api.js","api","DELETE","/information-sharing/document/${id}","TEMPLATE_ID_PARAMETER","/information-sharing/document/:param"
"C:\Users\DIYA GOEL\Downloads\EBDESIGN\frontend\src\modules\M037\M037Page.jsx","fetch","GET","/api/m037?${params}","TEMPLATE_INTERPOLATION","/api/m037"
"C:\Users\DIYA GOEL\Downloads\EBDESIGN\frontend\src\services\api.js","api","PUT","/project-systems/wbs-status/${id}","TEMPLATE_ID_PARAMETER","/project-systems/wbs-status/:param"
"C:\Users\DIYA GOEL\Downloads\EBDESIGN\frontend\src\pages\modules\M319\M319.jsx","fetch","DELETE","/api/v1/backend-modules/M319/${id}","TEMPLATE_ID_PARAMETER","/api/v1/backend-modules/M319/:param"
"C:\Users\DIYA GOEL\Downloads\EBDESIGN\frontend\src\services\api.js","api","POST","/engineering-project/project/${id}/cost-estimate","TEMPLATE_ID_PARAMETER","/engineering-project/project/:param/cost-estimate"
"C:\Users\DIYA GOEL\Downloads\EBDESIGN\frontend\src\services\operationsApi.js","api","GET","/financial/credit-score/${farmerId}","TEMPLATE_ID_PARAMETER","/financial/credit-score/:param"
"C:\Users\DIYA GOEL\Downloads\EBDESIGN\frontend\src\modules\M228\M228Page.jsx","fetch","GET","/api/m228?${params}","TEMPLATE_INTERPOLATION","/api/m228"
"C:\Users\DIYA GOEL\Downloads\EBDESIGN\frontend\src\services\api.js","api","GET","/farmers/${farmerId}/notifications","TEMPLATE_ID_PARAMETER","/farmers/:param/notifications"
"C:\Users\DIYA GOEL\Downloads\EBDESIGN\frontend\src\pages\modules\M143\M143.jsx","fetch","DELETE","/api/v1/backend-modules/M143/${id}","TEMPLATE_ID_PARAMETER","/api/v1/backend-modules/M143/:param"
"C:\Users\DIYA GOEL\Downloads\EBDESIGN\frontend\src\services\operationsApi.js","api","GET","/logistics/shipments/${id}/tracking","TEMPLATE_ID_PARAMETER","/logistics/shipments/:param/tracking"
"C:\Users\DIYA GOEL\Downloads\EBDESIGN\frontend\src\pages\modules\M115\M115.jsx","fetch","DELETE","/api/v1/backend-modules/M115/${id}","TEMPLATE_ID_PARAMETER","/api/v1/backend-modules/M115/:param"
"C:\Users\DIYA GOEL\Downloads\EBDESIGN\frontend\src\modules\M265\M265Page.jsx","fetch","GET","/api/m265/search?q=${encodeURIComponent(searchQuery)}","TEMPLATE_INTERPOLATION","/api/m265/search"
"C:\Users\DIYA GOEL\Downloads\EBDESIGN\frontend\src\services\api.js","api","GET","/districts/${id}","TEMPLATE_ID_PARAMETER","/districts/:param"
"C:\Users\DIYA GOEL\Downloads\EBDESIGN\frontend\src\services\api.js","api","POST","/transformers/${id}","TEMPLATE_ID_PARAMETER","/transformers/:param"
"C:\Users\DIYA GOEL\Downloads\EBDESIGN\frontend\src\pages\modules\M150\M150.jsx","fetch","DELETE","/api/v1/backend-modules/M150/${id}","TEMPLATE_ID_PARAMETER","/api/v1/backend-modules/M150/:param"
"C:\Users\DIYA GOEL\Downloads\EBDESIGN\frontend\src\services\api.js","api","PUT","/service-meshes/${id}","TEMPLATE_ID_PARAMETER","/service-meshes/:param"
"C:\Users\DIYA GOEL\Downloads\EBDESIGN\frontend\src\modules\M246\M246Page.jsx","fetch","DELETE","/api/m246/${id}","TEMPLATE_ID_PARAMETER","/api/m246/:param"
"C:\Users\DIYA GOEL\Downloads\EBDESIGN\frontend\src\modules\M110\M110Page.jsx","fetch","GET","/api/m110?${params}","TEMPLATE_INTERPOLATION","/api/m110"
"C:\Users\DIYA GOEL\Downloads\EBDESIGN\frontend\src\modules\M186\M186Page.jsx","fetch","GET","/api/m186?${params}","TEMPLATE_INTERPOLATION","/api/m186"
"C:\Users\DIYA GOEL\Downloads\EBDESIGN\frontend\src\modules\M168\M168Page.jsx","fetch","GET","/api/m168?${params}","TEMPLATE_INTERPOLATION","/api/m168"
"C:\Users\DIYA GOEL\Downloads\EBDESIGN\frontend\src\modules\M244\M244Page.jsx","fetch","DELETE","/api/m244/${id}","TEMPLATE_ID_PARAMETER","/api/m244/:param"
"C:\Users\DIYA GOEL\Downloads\EBDESIGN\frontend\src\modules\M208\M208Page.jsx","fetch","GET","/api/m208?${params}","TEMPLATE_INTERPOLATION","/api/m208"
"C:\Users\DIYA GOEL\Downloads\EBDESIGN\frontend\src\services\api.js","api","PUT","/agro-meteorology/records/record/${id}","TEMPLATE_ID_PARAMETER","/agro-meteorology/records/record/:param"
"C:\Users\DIYA GOEL\Downloads\EBDESIGN\frontend\src\modules\M059\M059Page.jsx","fetch","GET","/api/m059/search?q=${encodeURIComponent(searchQuery)}","TEMPLATE_INTERPOLATION","/api/m059/search"
"C:\Users\DIYA GOEL\Downloads\EBDESIGN\frontend\src\modules\M295\M295Page.jsx","fetch","GET","/api/m295?${params}","TEMPLATE_INTERPOLATION","/api/m295"
"C:\Users\DIYA GOEL\Downloads\EBDESIGN\frontend\src\pages\modules\M97\M97.jsx","fetch","DELETE","/api/v1/backend-modules/M097/${id}","TEMPLATE_ID_PARAMETER","/api/v1/backend-modules/M097/:param"
"C:\Users\DIYA GOEL\Downloads\EBDESIGN\frontend\src\services\api.js","api","GET","/change-logs/${id}","TEMPLATE_ID_PARAMETER","/change-logs/:param"
"C:\Users\DIYA GOEL\Downloads\EBDESIGN\frontend\src\modules\M126\M126Page.jsx","fetch","GET","/api/m126?${params}","TEMPLATE_INTERPOLATION","/api/m126"
"C:\Users\DIYA GOEL\Downloads\EBDESIGN\frontend\src\modules\M063\M063Page.jsx","fetch","GET","/api/m063?${params}","TEMPLATE_INTERPOLATION","/api/m063"
"C:\Users\DIYA GOEL\Downloads\EBDESIGN\frontend\src\services\api.js","api","DELETE","/decision-engine/rules/${id}","TEMPLATE_ID_PARAMETER","/decision-engine/rules/:param"
"C:\Users\DIYA GOEL\Downloads\EBDESIGN\frontend\src\services\api.js","api","POST","/fertilizer-inventory/item/${id}/issue","TEMPLATE_ID_PARAMETER","/fertilizer-inventory/item/:param/issue"
"C:\Users\DIYA GOEL\Downloads\EBDESIGN\frontend\src\modules\M083\M083Page.jsx","fetch","GET","/api/m083/search?q=${encodeURIComponent(searchQuery)}","TEMPLATE_INTERPOLATION","/api/m083/search"
"C:\Users\DIYA GOEL\Downloads\EBDESIGN\frontend\src\services\api.js","api","GET","/asset-accounting/asset/${assetId}","TEMPLATE_ID_PARAMETER","/asset-accounting/asset/:param"
