"FrontendFile","Method","RawPath","Status"
"C:\Users\DIYA GOEL\Downloads\EBDESIGN\frontend\src\services\api.js","GET","/water-optimization","NO_STATIC_BACKEND_MATCH"
"C:\Users\DIYA GOEL\Downloads\EBDESIGN\frontend\src\services\api.js","GET","/digital-campaign","NO_STATIC_BACKEND_MATCH"
"C:\Users\DIYA GOEL\Downloads\EBDESIGN\frontend\src\pages\modules\M244\M244.jsx","GET","/api/v1/backend-modules/M244/","EXACT_METHOD_PATH"
"C:\Users\DIYA GOEL\Downloads\EBDESIGN\frontend\src\services\api.js","POST","/farmer-health-records","NO_STATIC_BACKEND_MATCH"
"C:\Users\DIYA GOEL\Downloads\EBDESIGN\frontend\src\services\api.js","POST","/mfa/setup","NO_STATIC_BACKEND_MATCH"
"C:\Users\DIYA GOEL\Downloads\EBDESIGN\frontend\src\services\api.js","GET","/skill-development","NO_STATIC_BACKEND_MATCH"
"C:\Users\DIYA GOEL\Downloads\EBDESIGN\frontend\src\services\api.js","PUT","/farmer-profile","NO_STATIC_BACKEND_MATCH"
"C:\Users\DIYA GOEL\Downloads\EBDESIGN\frontend\src\services\api.js","GET","/farmers/geo/states","NO_STATIC_BACKEND_MATCH"
"C:\Users\DIYA GOEL\Downloads\EBDESIGN\frontend\src\services\api.js","GET","/human-development","NO_STATIC_BACKEND_MATCH"
"C:\Users\DIYA GOEL\Downloads\EBDESIGN\frontend\src\services\api.js","POST","/vision/manage","NO_STATIC_BACKEND_MATCH"
"C:\Users\DIYA GOEL\Downloads\EBDESIGN\frontend\src\services\api.js","GET","/inspection-resilience-farming","NO_STATIC_BACKEND_MATCH"
"C:\Users\DIYA GOEL\Downloads\EBDESIGN\frontend\src\services\api.js","GET","/alert-manager","NO_STATIC_BACKEND_MATCH"
"C:\Users\DIYA GOEL\Downloads\EBDESIGN\frontend\src\services\api.js","GET","/library/enterprise-index/activity/ledger/summary","NO_STATIC_BACKEND_MATCH"
"C:\Users\DIYA GOEL\Downloads\EBDESIGN\frontend\src\services\api.js","GET","/finance","NO_STATIC_BACKEND_MATCH"
"C:\Users\DIYA GOEL\Downloads\EBDESIGN\frontend\src\services\api.js","POST","/metering/manage","NO_STATIC_BACKEND_MATCH"
"C:\Users\DIYA GOEL\Downloads\EBDESIGN\frontend\src\pages\modules\M344\M344.jsx","GET","/api/v1/backend-modules/M344/","EXACT_METHOD_PATH"
"C:\Users\DIYA GOEL\Downloads\EBDESIGN\frontend\src\services\api.js","GET","/elasticsearch-data","NO_STATIC_BACKEND_MATCH"
"C:\Users\DIYA GOEL\Downloads\EBDESIGN\frontend\src\services\api.js","GET","/lab/tests","NO_STATIC_BACKEND_MATCH"
"C:\Users\DIYA GOEL\Downloads\EBDESIGN\frontend\src\services\api.js","GET","/technology-transfer","NO_STATIC_BACKEND_MATCH"
"C:\Users\DIYA GOEL\Downloads\EBDESIGN\frontend\src\services\api.js","GET","/surveillance","NO_STATIC_BACKEND_MATCH"
"C:\Users\DIYA GOEL\Downloads\EBDESIGN\frontend\src\services\api.js","POST","/photos/upload","NO_STATIC_BACKEND_MATCH"
"C:\Users\DIYA GOEL\Downloads\EBDESIGN\frontend\src\services\api.js","POST","/floriculture/record","NO_STATIC_BACKEND_MATCH"
"C:\Users\DIYA GOEL\Downloads\EBDESIGN\frontend\src\services\api.js","POST","/cassandra-data/query","NO_STATIC_BACKEND_MATCH"
"C:\Users\DIYA GOEL\Downloads\EBDESIGN\frontend\src\services\api.js","GET","/subsidy-ops/track","NO_STATIC_BACKEND_MATCH"
"C:\Users\DIYA GOEL\Downloads\EBDESIGN\frontend\src\services\api.js","POST","/shipping/manage","NO_STATIC_BACKEND_MATCH"
"C:\Users\DIYA GOEL\Downloads\EBDESIGN\frontend\src\pages\modules\M96\M96.jsx","GET","/api/v1/backend-modules/M096/","EXACT_METHOD_PATH"
"C:\Users\DIYA GOEL\Downloads\EBDESIGN\frontend\src\services\api.js","GET","/processes","NO_STATIC_BACKEND_MATCH"
"C:\Users\DIYA GOEL\Downloads\EBDESIGN\frontend\src\services\api.js","POST","/crop-recommendations/get","NO_STATIC_BACKEND_MATCH"
"C:\Users\DIYA GOEL\Downloads\EBDESIGN\frontend\src\services\api.js","GET","/ecosystem-services-farming","NO_STATIC_BACKEND_MATCH"
"C:\Users\DIYA GOEL\Downloads\EBDESIGN\frontend\src\services\api.js","POST","/organic-input/item","NO_STATIC_BACKEND_MATCH"
"C:\Users\DIYA GOEL\Downloads\EBDESIGN\frontend\src\pages\modules\M343\M343.jsx","GET","/api/v1/backend-modules/M343/","EXACT_METHOD_PATH"
"C:\Users\DIYA GOEL\Downloads\EBDESIGN\frontend\src\services\api.js","GET","/plantations","NO_STATIC_BACKEND_MATCH"
"C:\Users\DIYA GOEL\Downloads\EBDESIGN\frontend\src\services\api.js","POST","/equipment-exchange/exchange","NO_STATIC_BACKEND_MATCH"
"C:\Users\DIYA GOEL\Downloads\EBDESIGN\frontend\src\pages\modules\M31\M31.jsx","GET","/api/v1/backend-modules/M031/","EXACT_METHOD_PATH"
"C:\Users\DIYA GOEL\Downloads\EBDESIGN\frontend\src\services\api.js","GET","/digital-identity/identities","NO_STATIC_BACKEND_MATCH"
"C:\Users\DIYA GOEL\Downloads\EBDESIGN\frontend\src\services\api.js","POST","/ai-agent/coordinate","NO_STATIC_BACKEND_MATCH"
"C:\Users\DIYA GOEL\Downloads\EBDESIGN\frontend\src\services\api.js","GET","/logistics-enhancement/temperature-alerts","NO_STATIC_BACKEND_MATCH"
"C:\Users\DIYA GOEL\Downloads\EBDESIGN\frontend\src\services\api.js","GET","/coupons","NO_STATIC_BACKEND_MATCH"
"C:\Users\DIYA GOEL\Downloads\EBDESIGN\frontend\src\services\api.js","POST","/deep-learning-farming/implement","NO_STATIC_BACKEND_MATCH"
"C:\Users\DIYA GOEL\Downloads\EBDESIGN\frontend\src\services\api.js","POST","/harvest-management/manage","NO_STATIC_BACKEND_MATCH"
"C:\Users\DIYA GOEL\Downloads\EBDESIGN\frontend\src\services\operationsApi.js","POST","/insurance/claims","NO_STATIC_BACKEND_MATCH"
"C:\Users\DIYA GOEL\Downloads\EBDESIGN\frontend\src\pages\modules\M94\M94.jsx","GET","/api/v1/backend-modules/M094/","EXACT_METHOD_PATH"
"C:\Users\DIYA GOEL\Downloads\EBDESIGN\frontend\src\pages\modules\M173\M173.jsx","GET","/api/v1/backend-modules/M173/","EXACT_METHOD_PATH"
"C:\Users\DIYA GOEL\Downloads\EBDESIGN\frontend\src\services\api.js","POST","/dairy-ai/analyze","NO_STATIC_BACKEND_MATCH"
"C:\Users\DIYA GOEL\Downloads\EBDESIGN\frontend\src\services\api.js","GET","/repositories","NO_STATIC_BACKEND_MATCH"
"C:\Users\DIYA GOEL\Downloads\EBDESIGN\frontend\src\services\api.js","POST","/operations-resilience-farming/build","NO_STATIC_BACKEND_MATCH"
"C:\Users\DIYA GOEL\Downloads\EBDESIGN\frontend\src\services\api.js","GET","/financial","NO_STATIC_BACKEND_MATCH"
"C:\Users\DIYA GOEL\Downloads\EBDESIGN\frontend\src\services\api.js","POST","/comprehensive-erp/post-journal-entry","NO_STATIC_BACKEND_MATCH"
"C:\Users\DIYA GOEL\Downloads\EBDESIGN\frontend\src\services\api.js","GET","/wikipedia/summary-by-title","NO_STATIC_BACKEND_MATCH"
"C:\Users\DIYA GOEL\Downloads\EBDESIGN\frontend\src\services\api.js","POST","/trade/execute","NO_STATIC_BACKEND_MATCH"
"C:\Users\DIYA GOEL\Downloads\EBDESIGN\frontend\src\services\api.js","GET","/crop-value-research/pending","NO_STATIC_BACKEND_MATCH"
"C:\Users\DIYA GOEL\Downloads\EBDESIGN\frontend\src\services\api.js","POST","/goat-farming/animal","NO_STATIC_BACKEND_MATCH"
"C:\Users\DIYA GOEL\Downloads\EBDESIGN\frontend\src\pages\modules\M78\M78.jsx","GET","/api/v1/backend-modules/M078/","EXACT_METHOD_PATH"
"C:\Users\DIYA GOEL\Downloads\EBDESIGN\frontend\src\services\api.js","GET","/goat-ai/optimize-goat-milk-production","NO_STATIC_BACKEND_MATCH"
"C:\Users\DIYA GOEL\Downloads\EBDESIGN\frontend\src\services\api.js","POST","/freight-pooling/pool-window","NO_STATIC_BACKEND_MATCH"
"C:\Users\DIYA GOEL\Downloads\EBDESIGN\frontend\src\services\api.js","POST","/tickets","NO_STATIC_BACKEND_MATCH"
"C:\Users\DIYA GOEL\Downloads\EBDESIGN\frontend\src\services\api.js","POST","/rural-development-project","NO_STATIC_BACKEND_MATCH"
"C:\Users\DIYA GOEL\Downloads\EBDESIGN\frontend\src\services\api.js","GET","/training","NO_STATIC_BACKEND_MATCH"
"C:\Users\DIYA GOEL\Downloads\EBDESIGN\frontend\src\services\api.js","GET","/monitoring/logs","NO_STATIC_BACKEND_MATCH"
"C:\Users\DIYA GOEL\Downloads\EBDESIGN\frontend\src\services\api.js","GET","/ai/operation-intelligence","NO_STATIC_BACKEND_MATCH"
"C:\Users\DIYA GOEL\Downloads\EBDESIGN\frontend\src\services\api.js","GET","/labour/payments","NO_STATIC_BACKEND_MATCH"
"C:\Users\DIYA GOEL\Downloads\EBDESIGN\frontend\src\services\api.js","GET","/tenants","NO_STATIC_BACKEND_MATCH"
"C:\Users\DIYA GOEL\Downloads\EBDESIGN\frontend\src\services\api.js","GET","/information-sharing/check-permission","NO_STATIC_BACKEND_MATCH"
"C:\Users\DIYA GOEL\Downloads\EBDESIGN\frontend\src\services\api.js","GET","/sustainability","NO_STATIC_BACKEND_MATCH"
"C:\Users\DIYA GOEL\Downloads\EBDESIGN\frontend\src\services\api.js","GET","/integration-hub","NO_STATIC_BACKEND_MATCH"
"C:\Users\DIYA GOEL\Downloads\EBDESIGN\frontend\src\services\api.js","POST","/farmers/fdi/calculate","NO_STATIC_BACKEND_MATCH"
"C:\Users\DIYA GOEL\Downloads\EBDESIGN\frontend\src\services\api.js","GET","/value-chain","NO_STATIC_BACKEND_MATCH"
"C:\Users\DIYA GOEL\Downloads\EBDESIGN\frontend\src\services\api.js","POST","/inventory-management/manage","NO_STATIC_BACKEND_MATCH"
"C:\Users\DIYA GOEL\Downloads\EBDESIGN\frontend\src\services\api.js","POST","/farmer-verification/request","NO_STATIC_BACKEND_MATCH"
"C:\Users\DIYA GOEL\Downloads\EBDESIGN\frontend\src\components\AI\AIChat.jsx","GET","/ai/chat/history","NO_STATIC_BACKEND_MATCH"
"C:\Users\DIYA GOEL\Downloads\EBDESIGN\frontend\src\services\api.js","GET","/operations/overview","NO_STATIC_BACKEND_MATCH"
"C:\Users\DIYA GOEL\Downloads\EBDESIGN\frontend\src\services\api.js","POST","/risk-assessment/assess","NO_STATIC_BACKEND_MATCH"
"C:\Users\DIYA GOEL\Downloads\EBDESIGN\frontend\src\services\api.js","GET","/wallet/transactions","NO_STATIC_BACKEND_MATCH"
"C:\Users\DIYA GOEL\Downloads\EBDESIGN\frontend\src\services\api.js","POST","/decision-engine/rules","NO_STATIC_BACKEND_MATCH"
"C:\Users\DIYA GOEL\Downloads\EBDESIGN\frontend\src\services\api.js","GET","/comprehensive-erp/get-profit-center-report","NO_STATIC_BACKEND_MATCH"
"C:\Users\DIYA GOEL\Downloads\EBDESIGN\frontend\src\services\api.js","GET","/crop-rotation","NO_STATIC_BACKEND_MATCH"
"C:\Users\DIYA GOEL\Downloads\EBDESIGN\frontend\src\services\api.js","POST","/ecommerce/manage","NO_STATIC_BACKEND_MATCH"
"C:\Users\DIYA GOEL\Downloads\EBDESIGN\frontend\src\services\api.js","GET","/fleet-management/fleet","NO_STATIC_BACKEND_MATCH"
"C:\Users\DIYA GOEL\Downloads\EBDESIGN\frontend\src\services\api.js","POST","/ai-operation-intelligence/execute-optimizations","NO_STATIC_BACKEND_MATCH"
"C:\Users\DIYA GOEL\Downloads\EBDESIGN\frontend\src\services\api.js","POST","/fisheries-harvest/manage","NO_STATIC_BACKEND_MATCH"
"C:\Users\DIYA GOEL\Downloads\EBDESIGN\frontend\src\services\api.js","POST","/comprehensive-erp/create-customer-master","NO_STATIC_BACKEND_MATCH"
"C:\Users\DIYA GOEL\Downloads\EBDESIGN\frontend\src\services\api.js","GET","/plugins","NO_STATIC_BACKEND_MATCH"
"C:\Users\DIYA GOEL\Downloads\EBDESIGN\frontend\src\services\api.js","POST","/grains/manage","NO_STATIC_BACKEND_MATCH"
"C:\Users\DIYA GOEL\Downloads\EBDESIGN\frontend\src\services\api.js","GET","/fleets","NO_STATIC_BACKEND_MATCH"
"C:\Users\DIYA GOEL\Downloads\EBDESIGN\frontend\src\services\api.js","GET","/water","NO_STATIC_BACKEND_MATCH"
"C:\Users\DIYA GOEL\Downloads\EBDESIGN\frontend\src\services\api.js","GET","/variety-directory","NO_STATIC_BACKEND_MATCH"
"C:\Users\DIYA GOEL\Downloads\EBDESIGN\frontend\src\services\api.js","GET","/collective-warfare","NO_STATIC_BACKEND_MATCH"
"C:\Users\DIYA GOEL\Downloads\EBDESIGN\frontend\src\services\api.js","GET","/labor","NO_STATIC_BACKEND_MATCH"
"C:\Users\DIYA GOEL\Downloads\EBDESIGN\frontend\src\services\api.js","GET","/nervous-system/neural-pathways","NO_STATIC_BACKEND_MATCH"
"C:\Users\DIYA GOEL\Downloads\EBDESIGN\frontend\src\services\api.js","GET","/ai/product-media-ai/status","NO_STATIC_BACKEND_MATCH"
"C:\Users\DIYA GOEL\Downloads\EBDESIGN\frontend\src\services\api.js","GET","/nutrition-intelligence/dietary-profiles","NO_STATIC_BACKEND_MATCH"
"C:\Users\DIYA GOEL\Downloads\EBDESIGN\frontend\src\pages\modules\M338\M338.jsx","GET","/api/v1/backend-modules/M338/","EXACT_METHOD_PATH"
"C:\Users\DIYA GOEL\Downloads\EBDESIGN\frontend\src\services\api.js","GET","/dairy","NO_STATIC_BACKEND_MATCH"
"C:\Users\DIYA GOEL\Downloads\EBDESIGN\frontend\src\services\api.js","POST","/logger/log","NO_STATIC_BACKEND_MATCH"
"C:\Users\DIYA GOEL\Downloads\EBDESIGN\frontend\src\services\coreApi.js","GET","/users/addresses","NO_STATIC_BACKEND_MATCH"
"C:\Users\DIYA GOEL\Downloads\EBDESIGN\frontend\src\services\api.js","GET","/sourcing","NO_STATIC_BACKEND_MATCH"
"C:\Users\DIYA GOEL\Downloads\EBDESIGN\frontend\src\services\api.js","POST","/cross-border-engagements/engage","NO_STATIC_BACKEND_MATCH"
"C:\Users\DIYA GOEL\Downloads\EBDESIGN\frontend\src\services\authService.js","POST","/auth/register","NO_STATIC_BACKEND_MATCH"
"C:\Users\DIYA GOEL\Downloads\EBDESIGN\frontend\src\services\api.js","POST","/deployments","NO_STATIC_BACKEND_MATCH"
"C:\Users\DIYA GOEL\Downloads\EBDESIGN\frontend\src\services\api.js","POST","/backup-restore/backup","NO_STATIC_BACKEND_MATCH"
"C:\Users\DIYA GOEL\Downloads\EBDESIGN\frontend\src\services\api.js","POST","/trend-analyses/run","NO_STATIC_BACKEND_MATCH"
"C:\Users\DIYA GOEL\Downloads\EBDESIGN\frontend\src\services\api.js","POST","/cooperative-share/distribution/preview","NO_STATIC_BACKEND_MATCH"
"C:\Users\DIYA GOEL\Downloads\EBDESIGN\frontend\src\services\api.js","POST","/logistics/ai/optimize","NO_STATIC_BACKEND_MATCH"
"C:\Users\DIYA GOEL\Downloads\EBDESIGN\frontend\src\services\api.js","GET","/hr/employees","NO_STATIC_BACKEND_MATCH"
"C:\Users\DIYA GOEL\Downloads\EBDESIGN\frontend\src\services\api.js","GET","/marketplace","NO_STATIC_BACKEND_MATCH"
"C:\Users\DIYA GOEL\Downloads\EBDESIGN\frontend\src\services\api.js","POST","/autonomous-farming/implement","NO_STATIC_BACKEND_MATCH"
"C:\Users\DIYA GOEL\Downloads\EBDESIGN\frontend\src\pages\modules\M216\M216.jsx","GET","/api/v1/backend-modules/M216/","EXACT_METHOD_PATH"
"C:\Users\DIYA GOEL\Downloads\EBDESIGN\frontend\src\services\api.js","POST","/robotics/missions","NO_STATIC_BACKEND_MATCH"
"C:\Users\DIYA GOEL\Downloads\EBDESIGN\frontend\src\services\api.js","POST","/strategy/implement","NO_STATIC_BACKEND_MATCH"
"C:\Users\DIYA GOEL\Downloads\EBDESIGN\frontend\src\services\api.js","POST","/hydroponics/system","NO_STATIC_BACKEND_MATCH"
"C:\Users\DIYA GOEL\Downloads\EBDESIGN\frontend\src\services\api.js","POST","/community-management/manage","NO_STATIC_BACKEND_MATCH"
"C:\Users\DIYA GOEL\Downloads\EBDESIGN\frontend\src\services\api.js","POST","/water-conservation-farming/implement","NO_STATIC_BACKEND_MATCH"
"C:\Users\DIYA GOEL\Downloads\EBDESIGN\frontend\src\services\api.js","POST","/asset-accounting/asset","NO_STATIC_BACKEND_MATCH"
"C:\Users\DIYA GOEL\Downloads\EBDESIGN\frontend\src\services\api.js","GET","/nutrition","NO_STATIC_BACKEND_MATCH"
"C:\Users\DIYA GOEL\Downloads\EBDESIGN\frontend\src\services\api.js","POST","/clan-warfare/wage","NO_STATIC_BACKEND_MATCH"
"C:\Users\DIYA GOEL\Downloads\EBDESIGN\frontend\src\pages\modules\M130\M130.jsx","GET","/api/v1/backend-modules/M130/","EXACT_METHOD_PATH"
"C:\Users\DIYA GOEL\Downloads\EBDESIGN\frontend\src\services\api.js","POST","/market/analyze","NO_STATIC_BACKEND_MATCH"
"C:\Users\DIYA GOEL\Downloads\EBDESIGN\frontend\src\services\api.js","GET","/online-advocacy","NO_STATIC_BACKEND_MATCH"
"C:\Users\DIYA GOEL\Downloads\EBDESIGN\frontend\src\services\api.js","POST","/permissions/check","NO_STATIC_BACKEND_MATCH"
"C:\Users\DIYA GOEL\Downloads\EBDESIGN\frontend\src\services\api.js","POST","/ai/brain/train","NO_STATIC_BACKEND_MATCH"
"C:\Users\DIYA GOEL\Downloads\EBDESIGN\frontend\src\services\api.js","GET","/demand","NO_STATIC_BACKEND_MATCH"
"C:\Users\DIYA GOEL\Downloads\EBDESIGN\frontend\src\services\machineryVillageOpsService.js","POST","/machinery-village-ops/machinery-assets","NO_STATIC_BACKEND_MATCH"
"C:\Users\DIYA GOEL\Downloads\EBDESIGN\frontend\src\services\api.js","POST","/responsibility-resilience-farming/build","NO_STATIC_BACKEND_MATCH"
"C:\Users\DIYA GOEL\Downloads\EBDESIGN\frontend\src\services\api.js","POST","/speech-recognition-farming/implement","NO_STATIC_BACKEND_MATCH"
"C:\Users\DIYA GOEL\Downloads\EBDESIGN\frontend\src\services\api.js","GET","/animal-health/examinations","NO_STATIC_BACKEND_MATCH"
"C:\Users\DIYA GOEL\Downloads\EBDESIGN\frontend\src\services\api.js","POST","/erp/manage","NO_STATIC_BACKEND_MATCH"
"C:\Users\DIYA GOEL\Downloads\EBDESIGN\frontend\src\pages\modules\M194\M194.jsx","GET","/api/v1/backend-modules/M194/","EXACT_METHOD_PATH"
"C:\Users\DIYA GOEL\Downloads\EBDESIGN\frontend\src\services\api.js","GET","/zookeeper-data","NO_STATIC_BACKEND_MATCH"
"C:\Users\DIYA GOEL\Downloads\EBDESIGN\frontend\src\services\api.js","POST","/ai/collaboration/start","NO_STATIC_BACKEND_MATCH"
"C:\Users\DIYA GOEL\Downloads\EBDESIGN\frontend\src\services\api.js","GET","/zoo","NO_STATIC_BACKEND_MATCH"
"C:\Users\DIYA GOEL\Downloads\EBDESIGN\frontend\src\services\api.js","GET","/rfq/active-holds","NO_STATIC_BACKEND_MATCH"
"C:\Users\DIYA GOEL\Downloads\EBDESIGN\frontend\src\services\api.js","POST","/tomatoes/manage","NO_STATIC_BACKEND_MATCH"
"C:\Users\DIYA GOEL\Downloads\EBDESIGN\frontend\src\services\api.js","GET","/locations","NO_STATIC_BACKEND_MATCH"
"C:\Users\DIYA GOEL\Downloads\EBDESIGN\frontend\src\services\api.js","GET","/ai-farming","NO_STATIC_BACKEND_MATCH"
"C:\Users\DIYA GOEL\Downloads\EBDESIGN\frontend\src\services\api.js","POST","/rural-development/plan","NO_STATIC_BACKEND_MATCH"
"C:\Users\DIYA GOEL\Downloads\EBDESIGN\frontend\src\services\api.js","GET","/climate","NO_STATIC_BACKEND_MATCH"
"C:\Users\DIYA GOEL\Downloads\EBDESIGN\frontend\src\services\api.js","POST","/demand-forecast/forecast","NO_STATIC_BACKEND_MATCH"
"C:\Users\DIYA GOEL\Downloads\EBDESIGN\frontend\src\services\api.js","GET","/users","NO_STATIC_BACKEND_MATCH"
"C:\Users\DIYA GOEL\Downloads\EBDESIGN\frontend\src\services\api.js","POST","/upstream/manage","NO_STATIC_BACKEND_MATCH"
"C:\Users\DIYA GOEL\Downloads\EBDESIGN\frontend\src\services\api.js","GET","/research-resilience-farming","NO_STATIC_BACKEND_MATCH"
"C:\Users\DIYA GOEL\Downloads\EBDESIGN\frontend\src\services\api.js","POST","/plugin-manager/install","NO_STATIC_BACKEND_MATCH"
"C:\Users\DIYA GOEL\Downloads\EBDESIGN\frontend\src\services\waterIrrigationService.js","GET","/water-irrigation/irrigation-schedules","NO_STATIC_BACKEND_MATCH"
"C:\Users\DIYA GOEL\Downloads\EBDESIGN\frontend\src\services\soilNutrientLandService.js","GET","/soil-nutrient-land/soil-samples","NO_STATIC_BACKEND_MATCH"
"C:\Users\DIYA GOEL\Downloads\EBDESIGN\frontend\src\services\api.js","GET","/boundaries","NO_STATIC_BACKEND_MATCH"
"C:\Users\DIYA GOEL\Downloads\EBDESIGN\frontend\src\services\api.js","GET","/forms/forms","NO_STATIC_BACKEND_MATCH"
"C:\Users\DIYA GOEL\Downloads\EBDESIGN\frontend\src\services\api.js","GET","/input-distribution/records","NO_STATIC_BACKEND_MATCH"
"C:\Users\DIYA GOEL\Downloads\EBDESIGN\frontend\src\services\api.js","POST","/inventory/manage","NO_STATIC_BACKEND_MATCH"
"C:\Users\DIYA GOEL\Downloads\EBDESIGN\frontend\src\services\api.js","GET","/cold-chain-monitoring","NO_STATIC_BACKEND_MATCH"
"C:\Users\DIYA GOEL\Downloads\EBDESIGN\frontend\src\pages\modules\M147\M147.jsx","GET","/api/v1/backend-modules/M147/","EXACT_METHOD_PATH"
"C:\Users\DIYA GOEL\Downloads\EBDESIGN\frontend\src\services\api.js","GET","/mfa-management/devices","NO_STATIC_BACKEND_MATCH"
"C:\Users\DIYA GOEL\Downloads\EBDESIGN\frontend\src\services\api.js","GET","/defi-data","NO_STATIC_BACKEND_MATCH"
"C:\Users\DIYA GOEL\Downloads\EBDESIGN\frontend\src\services\api.js","GET","/sheep/vaccination-records","NO_STATIC_BACKEND_MATCH"
"C:\Users\DIYA GOEL\Downloads\EBDESIGN\frontend\src\services\api.js","POST","/information-sharing/collaboration-session","NO_STATIC_BACKEND_MATCH"
"C:\Users\DIYA GOEL\Downloads\EBDESIGN\frontend\src\services\api.js","GET","/tea","NO_STATIC_BACKEND_MATCH"
"C:\Users\DIYA GOEL\Downloads\EBDESIGN\frontend\src\pages\modules\M198\M198.jsx","GET","/api/v1/backend-modules/M198/","EXACT_METHOD_PATH"
"C:\Users\DIYA GOEL\Downloads\EBDESIGN\frontend\src\services\api.js","POST","/land/parcel","NO_STATIC_BACKEND_MATCH"
"C:\Users\DIYA GOEL\Downloads\EBDESIGN\frontend\src\pages\modules\M89\M89.jsx","GET","/api/v1/backend-modules/M089/","EXACT_METHOD_PATH"
"C:\Users\DIYA GOEL\Downloads\EBDESIGN\frontend\src\pages\modules\M297\M297.jsx","GET","/api/v1/backend-modules/M297/","EXACT_METHOD_PATH"
"C:\Users\DIYA GOEL\Downloads\EBDESIGN\frontend\src\services\api.js","GET","/online-mobilization","NO_STATIC_BACKEND_MATCH"
"C:\Users\DIYA GOEL\Downloads\EBDESIGN\frontend\src\services\api.js","GET","/digital-blockade","NO_STATIC_BACKEND_MATCH"
"C:\Users\DIYA GOEL\Downloads\EBDESIGN\frontend\src\pages\modules\M86\M86.jsx","GET","/api/v1/backend-modules/M086/","EXACT_METHOD_PATH"
"C:\Users\DIYA GOEL\Downloads\EBDESIGN\frontend\src\services\api.js","POST","/distribution-resilience-farming/build","NO_STATIC_BACKEND_MATCH"
"C:\Users\DIYA GOEL\Downloads\EBDESIGN\frontend\src\services\api.js","GET","/audit-trail","NO_STATIC_BACKEND_MATCH"
"C:\Users\DIYA GOEL\Downloads\EBDESIGN\frontend\src\services\api.js","GET","/crop-growth-modeling","NO_STATIC_BACKEND_MATCH"
"C:\Users\DIYA GOEL\Downloads\EBDESIGN\frontend\src\services\api.js","POST","/verification-resilience-farming/build","NO_STATIC_BACKEND_MATCH"
"C:\Users\DIYA GOEL\Downloads\EBDESIGN\frontend\src\services\api.js","GET","/proxies","NO_STATIC_BACKEND_MATCH"
"C:\Users\DIYA GOEL\Downloads\EBDESIGN\frontend\src\services\api.js","GET","/quality","NO_STATIC_BACKEND_MATCH"
"C:\Users\DIYA GOEL\Downloads\EBDESIGN\frontend\src\services\api.js","GET","/irrigation","NO_STATIC_BACKEND_MATCH"
"C:\Users\DIYA GOEL\Downloads\EBDESIGN\frontend\src\services\api.js","GET","/satellite-farming","NO_STATIC_BACKEND_MATCH"
"C:\Users\DIYA GOEL\Downloads\EBDESIGN\frontend\src\services\api.js","GET","/identities","NO_STATIC_BACKEND_MATCH"
"C:\Users\DIYA GOEL\Downloads\EBDESIGN\frontend\src\services\api.js","GET","/environments","NO_STATIC_BACKEND_MATCH"
"C:\Users\DIYA GOEL\Downloads\EBDESIGN\frontend\src\services\api.js","POST","/sensors/manage","NO_STATIC_BACKEND_MATCH"
"C:\Users\DIYA GOEL\Downloads\EBDESIGN\frontend\src\services\api.js","GET","/penetration-tests","NO_STATIC_BACKEND_MATCH"
"C:\Users\DIYA GOEL\Downloads\EBDESIGN\frontend\src\pages\modules\M265\M265.jsx","GET","/api/v1/backend-modules/M265/","EXACT_METHOD_PATH"
"C:\Users\DIYA GOEL\Downloads\EBDESIGN\frontend\src\services\api.js","POST","/fish-processing/batch","NO_STATIC_BACKEND_MATCH"
"C:\Users\DIYA GOEL\Downloads\EBDESIGN\frontend\src\services\api.js","GET","/schools","NO_STATIC_BACKEND_MATCH"
"C:\Users\DIYA GOEL\Downloads\EBDESIGN\frontend\src\services\api.js","GET","/records","NO_STATIC_BACKEND_MATCH"
"C:\Users\DIYA GOEL\Downloads\EBDESIGN\frontend\src\services\api.js","GET","/information-sharing/analytics","NO_STATIC_BACKEND_MATCH"
"C:\Users\DIYA GOEL\Downloads\EBDESIGN\frontend\src\services\api.js","POST","/voice-ai/session","NO_STATIC_BACKEND_MATCH"
"C:\Users\DIYA GOEL\Downloads\EBDESIGN\frontend\src\pages\modules\M84\M84.jsx","GET","/api/v1/backend-modules/M084/","EXACT_METHOD_PATH"
"C:\Users\DIYA GOEL\Downloads\EBDESIGN\frontend\src\services\api.js","GET","/information-sharing/access-sharing-link","NO_STATIC_BACKEND_MATCH"
"C:\Users\DIYA GOEL\Downloads\EBDESIGN\frontend\src\services\api.js","POST","/impact-assessments/assess","NO_STATIC_BACKEND_MATCH"
"C:\Users\DIYA GOEL\Downloads\EBDESIGN\frontend\src\services\api.js","POST","/authorization/check","NO_STATIC_BACKEND_MATCH"
"C:\Users\DIYA GOEL\Downloads\EBDESIGN\frontend\src\services\api.js","POST","/nlp-farming/implement","NO_STATIC_BACKEND_MATCH"
"C:\Users\DIYA GOEL\Downloads\EBDESIGN\frontend\src\services\api.js","GET","/seeds","NO_STATIC_BACKEND_MATCH"
"C:\Users\DIYA GOEL\Downloads\EBDESIGN\frontend\src\services\api.js","GET","/featured-products","NO_STATIC_BACKEND_MATCH"
"C:\Users\DIYA GOEL\Downloads\EBDESIGN\frontend\src\services\api.js","POST","/contractor-management/contractor","NO_STATIC_BACKEND_MATCH"
"C:\Users\DIYA GOEL\Downloads\EBDESIGN\frontend\src\services\api.js","POST","/underground/manage","NO_STATIC_BACKEND_MATCH"
"C:\Users\DIYA GOEL\Downloads\EBDESIGN\frontend\src\services\api.js","GET","/finance/my-enwr-receipts","NO_STATIC_BACKEND_MATCH"
"C:\Users\DIYA GOEL\Downloads\EBDESIGN\frontend\src\services\api.js","POST","/fisheries-pcr-management/manage","NO_STATIC_BACKEND_MATCH"
"C:\Users\DIYA GOEL\Downloads\EBDESIGN\frontend\src\services\api.js","POST","/ai-operation-intelligence/run-optimization-cycle","NO_STATIC_BACKEND_MATCH"
"C:\Users\DIYA GOEL\Downloads\EBDESIGN\frontend\src\services\api.js","GET","/impact-assessments","NO_STATIC_BACKEND_MATCH"
"C:\Users\DIYA GOEL\Downloads\EBDESIGN\frontend\src\pages\modules\M212\M212.jsx","GET","/api/v1/backend-modules/M212/","EXACT_METHOD_PATH"
"C:\Users\DIYA GOEL\Downloads\EBDESIGN\frontend\src\services\api.js","POST","/ai-operation-intelligence/strategy","NO_STATIC_BACKEND_MATCH"
"C:\Users\DIYA GOEL\Downloads\EBDESIGN\frontend\src\services\api.js","GET","/ai/strategies","NO_STATIC_BACKEND_MATCH"
"C:\Users\DIYA GOEL\Downloads\EBDESIGN\frontend\src\services\api.js","GET","/labour/workers","NO_STATIC_BACKEND_MATCH"
"C:\Users\DIYA GOEL\Downloads\EBDESIGN\frontend\src\services\api.js","POST","/education-resilience-farming/build","NO_STATIC_BACKEND_MATCH"
"C:\Users\DIYA GOEL\Downloads\EBDESIGN\frontend\src\services\soilNutrientLandService.js","POST","/soil-nutrient-land/soil-analysis","NO_STATIC_BACKEND_MATCH"
"C:\Users\DIYA GOEL\Downloads\EBDESIGN\frontend\src\services\api.js","GET","/blockchain-data","NO_STATIC_BACKEND_MATCH"
"C:\Users\DIYA GOEL\Downloads\EBDESIGN\frontend\src\services\api.js","GET","/security-logs","NO_STATIC_BACKEND_MATCH"
"C:\Users\DIYA GOEL\Downloads\EBDESIGN\frontend\src\services\api.js","GET","/digital-resistance","NO_STATIC_BACKEND_MATCH"
"C:\Users\DIYA GOEL\Downloads\EBDESIGN\frontend\src\services\api.js","GET","/experience-layer/accessibility","NO_STATIC_BACKEND_MATCH"
"C:\Users\DIYA GOEL\Downloads\EBDESIGN\frontend\src\services\api.js","GET","/sheep/flock","NO_STATIC_BACKEND_MATCH"
"C:\Users\DIYA GOEL\Downloads\EBDESIGN\frontend\src\services\api.js","GET","/federations","NO_STATIC_BACKEND_MATCH"
"C:\Users\DIYA GOEL\Downloads\EBDESIGN\frontend\src\services\api.js","POST","/sustainability/manage","NO_STATIC_BACKEND_MATCH"
"C:\Users\DIYA GOEL\Downloads\EBDESIGN\frontend\src\services\operationsApi.js","GET","/logistics/shipments","NO_STATIC_BACKEND_MATCH"
"C:\Users\DIYA GOEL\Downloads\EBDESIGN\frontend\src\services\api.js","GET","/trend-analyses","NO_STATIC_BACKEND_MATCH"
"C:\Users\DIYA GOEL\Downloads\EBDESIGN\frontend\src\services\api.js","POST","/investment-portfolio/manage","NO_STATIC_BACKEND_MATCH"
"C:\Users\DIYA GOEL\Downloads\EBDESIGN\frontend\src\services\api.js","GET","/youth","NO_STATIC_BACKEND_MATCH"
"C:\Users\DIYA GOEL\Downloads\EBDESIGN\frontend\src\services\api.js","POST","/buyer-trust/build","NO_STATIC_BACKEND_MATCH"
"C:\Users\DIYA GOEL\Downloads\EBDESIGN\frontend\src\services\api.js","GET","/rice","NO_STATIC_BACKEND_MATCH"
"C:\Users\DIYA GOEL\Downloads\EBDESIGN\frontend\src\services\api.js","GET","/smart-contracts","NO_STATIC_BACKEND_MATCH"
"C:\Users\DIYA GOEL\Downloads\EBDESIGN\frontend\src\services\api.js","GET","/drought-monitoring/records","NO_STATIC_BACKEND_MATCH"
"C:\Users\DIYA GOEL\Downloads\EBDESIGN\frontend\src\pages\modules\M166\M166.jsx","GET","/api/v1/backend-modules/M166/","EXACT_METHOD_PATH"
"C:\Users\DIYA GOEL\Downloads\EBDESIGN\frontend\src\services\api.js","GET","/glut-warning/scan-all-categories","NO_STATIC_BACKEND_MATCH"
"C:\Users\DIYA GOEL\Downloads\EBDESIGN\frontend\src\services\api.js","GET","/wildlife","NO_STATIC_BACKEND_MATCH"
"C:\Users\DIYA GOEL\Downloads\EBDESIGN\frontend\src\services\api.js","POST","/cold-storage/facility","NO_STATIC_BACKEND_MATCH"
"C:\Users\DIYA GOEL\Downloads\EBDESIGN\frontend\src\services\api.js","GET","/loans","NO_STATIC_BACKEND_MATCH"
"C:\Users\DIYA GOEL\Downloads\EBDESIGN\frontend\src\services\api.js","GET","/partnerships","NO_STATIC_BACKEND_MATCH"
"C:\Users\DIYA GOEL\Downloads\EBDESIGN\frontend\src\services\api.js","GET","/inputs","NO_STATIC_BACKEND_MATCH"
"C:\Users\DIYA GOEL\Downloads\EBDESIGN\frontend\src\pages\modules\M56\M56.jsx","GET","/api/v1/backend-modules/M056/","EXACT_METHOD_PATH"
"C:\Users\DIYA GOEL\Downloads\EBDESIGN\frontend\src\services\api.js","POST","/breaches","NO_STATIC_BACKEND_MATCH"
"C:\Users\DIYA GOEL\Downloads\EBDESIGN\frontend\src\services\api.js","POST","/water-budget-records","NO_STATIC_BACKEND_MATCH"
"C:\Users\DIYA GOEL\Downloads\EBDESIGN\frontend\src\services\api.js","PUT","/preferences","NO_STATIC_BACKEND_MATCH"
"C:\Users\DIYA GOEL\Downloads\EBDESIGN\frontend\src\services\api.js","GET","/versions","NO_STATIC_BACKEND_MATCH"
"C:\Users\DIYA GOEL\Downloads\EBDESIGN\frontend\src\services\api.js","GET","/ecommerce-business-sales/b2b-conversion-metrics","NO_STATIC_BACKEND_MATCH"
"C:\Users\DIYA GOEL\Downloads\EBDESIGN\frontend\src\services\api.js","POST","/export","NO_STATIC_BACKEND_MATCH"
"C:\Users\DIYA GOEL\Downloads\EBDESIGN\frontend\src\services\api.js","POST","/languages","NO_STATIC_BACKEND_MATCH"
"C:\Users\DIYA GOEL\Downloads\EBDESIGN\frontend\src\services\api.js","POST","/warnings/generate","NO_STATIC_BACKEND_MATCH"
"C:\Users\DIYA GOEL\Downloads\EBDESIGN\frontend\src\services\api.js","GET","/inventory-optimization","NO_STATIC_BACKEND_MATCH"
"C:\Users\DIYA GOEL\Downloads\EBDESIGN\frontend\src\services\api.js","POST","/tasks","NO_STATIC_BACKEND_MATCH"
"C:\Users\DIYA GOEL\Downloads\EBDESIGN\frontend\src\services\api.js","POST","/psychological-warfare/wage","NO_STATIC_BACKEND_MATCH"
"C:\Users\DIYA GOEL\Downloads\EBDESIGN\frontend\src\services\api.js","GET","/competitors-resilience-farming","NO_STATIC_BACKEND_MATCH"
"C:\Users\DIYA GOEL\Downloads\EBDESIGN\frontend\src\services\api.js","GET","/warnings/user","NO_STATIC_BACKEND_MATCH"
"C:\Users\DIYA GOEL\Downloads\EBDESIGN\frontend\src\services\api.js","PUT","/ai/backbone/config","NO_STATIC_BACKEND_MATCH"
"C:\Users\DIYA GOEL\Downloads\EBDESIGN\frontend\src\services\api.js","POST","/video-analytics/analyze","NO_STATIC_BACKEND_MATCH"
"C:\Users\DIYA GOEL\Downloads\EBDESIGN\frontend\src\services\api.js","GET","/shared-infra/book-asset","NO_STATIC_BACKEND_MATCH"
"C:\Users\DIYA GOEL\Downloads\EBDESIGN\frontend\src\services\api.js","POST","/gdpr/request","NO_STATIC_BACKEND_MATCH"
"C:\Users\DIYA GOEL\Downloads\EBDESIGN\frontend\src\services\api.js","POST","/decision-support/corp-credit-eligible","NO_STATIC_BACKEND_MATCH"
"C:\Users\DIYA GOEL\Downloads\EBDESIGN\frontend\src\services\api.js","GET","/subsidy-ops/check-project-subsidy","NO_STATIC_BACKEND_MATCH"
"C:\Users\DIYA GOEL\Downloads\EBDESIGN\frontend\src\pages\modules\M36\M36.jsx","GET","/api/v1/backend-modules/M036/","EXACT_METHOD_PATH"
"C:\Users\DIYA GOEL\Downloads\EBDESIGN\frontend\src\services\api.js","GET","/yield-prediction","NO_STATIC_BACKEND_MATCH"
"C:\Users\DIYA GOEL\Downloads\EBDESIGN\frontend\src\services\api.js","GET","/climate-monitoring/status","NO_STATIC_BACKEND_MATCH"
"C:\Users\DIYA GOEL\Downloads\EBDESIGN\frontend\src\services\api.js","GET","/innovation-transfer","NO_STATIC_BACKEND_MATCH"
"C:\Users\DIYA GOEL\Downloads\EBDESIGN\frontend\src\services\api.js","POST","/climate-risk/assess","NO_STATIC_BACKEND_MATCH"
"C:\Users\DIYA GOEL\Downloads\EBDESIGN\frontend\src\services\api.js","GET","/professional-associations","NO_STATIC_BACKEND_MATCH"
"C:\Users\DIYA GOEL\Downloads\EBDESIGN\frontend\src\services\api.js","GET","/cosmosdb-data","NO_STATIC_BACKEND_MATCH"
"C:\Users\DIYA GOEL\Downloads\EBDESIGN\frontend\src\services\api.js","POST","/knowledge-transfer/transfer","NO_STATIC_BACKEND_MATCH"
"C:\Users\DIYA GOEL\Downloads\EBDESIGN\frontend\src\services\api.js","GET","/speech-models","NO_STATIC_BACKEND_MATCH"
"C:\Users\DIYA GOEL\Downloads\EBDESIGN\frontend\src\services\api.js","POST","/finance-leasing/manage","NO_STATIC_BACKEND_MATCH"
"C:\Users\DIYA GOEL\Downloads\EBDESIGN\frontend\src\services\api.js","GET","/project-systems/projects","NO_STATIC_BACKEND_MATCH"
"C:\Users\DIYA GOEL\Downloads\EBDESIGN\frontend\src\pages\modules\M191\M191.jsx","GET","/api/v1/backend-modules/M191/","EXACT_METHOD_PATH"
"C:\Users\DIYA GOEL\Downloads\EBDESIGN\frontend\src\services\api.js","GET","/unified-ai-routes","NO_STATIC_BACKEND_MATCH"
"C:\Users\DIYA GOEL\Downloads\EBDESIGN\frontend\src\services\api.js","POST","/yield-management/optimize","NO_STATIC_BACKEND_MATCH"
"C:\Users\DIYA GOEL\Downloads\EBDESIGN\frontend\src\services\api.js","POST","/anomaly-detection-farming/implement","NO_STATIC_BACKEND_MATCH"
"C:\Users\DIYA GOEL\Downloads\EBDESIGN\frontend\src\services\api.js","GET","/information-sharing/folder-tree","NO_STATIC_BACKEND_MATCH"
"C:\Users\DIYA GOEL\Downloads\EBDESIGN\frontend\src\services\api.js","POST","/research-development/collaboration","NO_STATIC_BACKEND_MATCH"
"C:\Users\DIYA GOEL\Downloads\EBDESIGN\frontend\src\services\api.js","GET","/poultry/feed-consumption","NO_STATIC_BACKEND_MATCH"
"C:\Users\DIYA GOEL\Downloads\EBDESIGN\frontend\src\services\api.js","POST","/technology/manage","NO_STATIC_BACKEND_MATCH"
"C:\Users\DIYA GOEL\Downloads\EBDESIGN\frontend\src\services\api.js","POST","/validation-resilience-farming/build","NO_STATIC_BACKEND_MATCH"
"C:\Users\DIYA GOEL\Downloads\EBDESIGN\frontend\src\services\api.js","GET","/pallets","NO_STATIC_BACKEND_MATCH"
"C:\Users\DIYA GOEL\Downloads\EBDESIGN\frontend\src\services\api.js","POST","/fish-feed/log","NO_STATIC_BACKEND_MATCH"
"C:\Users\DIYA GOEL\Downloads\EBDESIGN\frontend\src\services\api.js","GET","/breaches","NO_STATIC_BACKEND_MATCH"
"C:\Users\DIYA GOEL\Downloads\EBDESIGN\frontend\src\services\api.js","POST","/greenhouses/manage","NO_STATIC_BACKEND_MATCH"
"C:\Users\DIYA GOEL\Downloads\EBDESIGN\frontend\src\services\api.js","POST","/comprehensive-erp/create-goods-receipt","NO_STATIC_BACKEND_MATCH"
"C:\Users\DIYA GOEL\Downloads\EBDESIGN\frontend\src\services\api.js","POST","/digital-activism/activate","NO_STATIC_BACKEND_MATCH"
"C:\Users\DIYA GOEL\Downloads\EBDESIGN\frontend\src\services\api.js","GET","/maintenance","NO_STATIC_BACKEND_MATCH"
"C:\Users\DIYA GOEL\Downloads\EBDESIGN\frontend\src\services\api.js","GET","/ai-self-healing/health","NO_STATIC_BACKEND_MATCH"
"C:\Users\DIYA GOEL\Downloads\EBDESIGN\frontend\src\services\api.js","GET","/pig-ai/optimize-meat-production","NO_STATIC_BACKEND_MATCH"
"C:\Users\DIYA GOEL\Downloads\EBDESIGN\frontend\src\services\api.js","POST","/civic-engagements/engage","NO_STATIC_BACKEND_MATCH"
"C:\Users\DIYA GOEL\Downloads\EBDESIGN\frontend\src\services\api.js","GET","/precision","NO_STATIC_BACKEND_MATCH"
"C:\Users\DIYA GOEL\Downloads\EBDESIGN\frontend\src\pages\modules\M33\M33.jsx","GET","/api/v1/backend-modules/M033/","EXACT_METHOD_PATH"
"C:\Users\DIYA GOEL\Downloads\EBDESIGN\frontend\src\services\api.js","POST","/indigenous/manage","NO_STATIC_BACKEND_MATCH"
"C:\Users\DIYA GOEL\Downloads\EBDESIGN\frontend\src\services\api.js","GET","/nutrition-intelligence/food-profiles/search","NO_STATIC_BACKEND_MATCH"
"C:\Users\DIYA GOEL\Downloads\EBDESIGN\frontend\src\services\api.js","GET","/protected-cultivation/structures","NO_STATIC_BACKEND_MATCH"
"C:\Users\DIYA GOEL\Downloads\EBDESIGN\frontend\src\services\waterIrrigationService.js","POST","/water-irrigation/rainwater-harvesting","NO_STATIC_BACKEND_MATCH"
"C:\Users\DIYA GOEL\Downloads\EBDESIGN\frontend\src\services\api.js","POST","/irrigation/schedule","NO_STATIC_BACKEND_MATCH"
"C:\Users\DIYA GOEL\Downloads\EBDESIGN\frontend\src\pages\HouseholdProcurementPage.jsx","GET","/strategic/household/subscriptions","NO_STATIC_BACKEND_MATCH"
"C:\Users\DIYA GOEL\Downloads\EBDESIGN\frontend\src\services\api.js","POST","/soil-health/improve","NO_STATIC_BACKEND_MATCH"
"C:\Users\DIYA GOEL\Downloads\EBDESIGN\frontend\src\services\api.js","GET","/predictive-analytics/pricing-prediction","NO_STATIC_BACKEND_MATCH"
"C:\Users\DIYA GOEL\Downloads\EBDESIGN\frontend\src\services\api.js","GET","/offer-management","NO_STATIC_BACKEND_MATCH"
"C:\Users\DIYA GOEL\Downloads\EBDESIGN\frontend\src\services\api.js","GET","/scenarios","NO_STATIC_BACKEND_MATCH"
"C:\Users\DIYA GOEL\Downloads\EBDESIGN\frontend\src\services\api.js","POST","/monitoring/errors","NO_STATIC_BACKEND_MATCH"
"C:\Users\DIYA GOEL\Downloads\EBDESIGN\frontend\src\services\api.js","POST","/crop-monitoring/monitor","NO_STATIC_BACKEND_MATCH"
"C:\Users\DIYA GOEL\Downloads\EBDESIGN\frontend\src\services\api.js","POST","/profit/analyze","NO_STATIC_BACKEND_MATCH"
"C:\Users\DIYA GOEL\Downloads\EBDESIGN\frontend\src\services\api.js","GET","/compliance/tds-summary","NO_STATIC_BACKEND_MATCH"
"C:\Users\DIYA GOEL\Downloads\EBDESIGN\frontend\src\services\api.js","GET","/wheat","NO_STATIC_BACKEND_MATCH"
"C:\Users\DIYA GOEL\Downloads\EBDESIGN\frontend\src\services\api.js","POST","/partnership-building/build","NO_STATIC_BACKEND_MATCH"
"C:\Users\DIYA GOEL\Downloads\EBDESIGN\frontend\src\services\api.js","POST","/fresh-produce/manage","NO_STATIC_BACKEND_MATCH"
"C:\Users\DIYA GOEL\Downloads\EBDESIGN\frontend\src\services\api.js","POST","/job-manager/create","NO_STATIC_BACKEND_MATCH"
"C:\Users\DIYA GOEL\Downloads\EBDESIGN\frontend\src\pages\modules\M145\M145.jsx","GET","/api/v1/backend-modules/M145/","EXACT_METHOD_PATH"
"C:\Users\DIYA GOEL\Downloads\EBDESIGN\frontend\src\pages\modules\M246\M246.jsx","GET","/api/v1/backend-modules/M246/","EXACT_METHOD_PATH"
"C:\Users\DIYA GOEL\Downloads\EBDESIGN\frontend\src\services\api.js","GET","/ai-gateway/health","NO_STATIC_BACKEND_MATCH"
"C:\Users\DIYA GOEL\Downloads\EBDESIGN\frontend\src\services\api.js","GET","/research-development/innovations","NO_STATIC_BACKEND_MATCH"
"C:\Users\DIYA GOEL\Downloads\EBDESIGN\frontend\src\pages\modules\M304\M304.jsx","GET","/api/v1/backend-modules/M304/","EXACT_METHOD_PATH"
"C:\Users\DIYA GOEL\Downloads\EBDESIGN\frontend\src\services\api.js","POST","/alert-manager/create","NO_STATIC_BACKEND_MATCH"
"C:\Users\DIYA GOEL\Downloads\EBDESIGN\frontend\src\services\api.js","GET","/realtime-monitoring/health","NO_STATIC_BACKEND_MATCH"
"C:\Users\DIYA GOEL\Downloads\EBDESIGN\frontend\src\services\api.js","POST","/robotics/devices","NO_STATIC_BACKEND_MATCH"
"C:\Users\DIYA GOEL\Downloads\EBDESIGN\frontend\src\services\api.js","POST","/research-development/innovation","NO_STATIC_BACKEND_MATCH"
"C:\Users\DIYA GOEL\Downloads\EBDESIGN\frontend\src\services\api.js","GET","/signoffs","NO_STATIC_BACKEND_MATCH"
"C:\Users\DIYA GOEL\Downloads\EBDESIGN\frontend\src\pages\modules\M181\M181.jsx","GET","/api/v1/backend-modules/M181/","EXACT_METHOD_PATH"
"C:\Users\DIYA GOEL\Downloads\EBDESIGN\frontend\src\pages\modules\M325\M325.jsx","GET","/api/v1/backend-modules/M325/","EXACT_METHOD_PATH"
"C:\Users\DIYA GOEL\Downloads\EBDESIGN\frontend\src\services\api.js","POST","/mass-warfare/wage","NO_STATIC_BACKEND_MATCH"
"C:\Users\DIYA GOEL\Downloads\EBDESIGN\frontend\src\services\api.js","GET","/movement-building","NO_STATIC_BACKEND_MATCH"
"C:\Users\DIYA GOEL\Downloads\EBDESIGN\frontend\src\services\api.js","POST","/ca/manage","NO_STATIC_BACKEND_MATCH"
"C:\Users\DIYA GOEL\Downloads\EBDESIGN\frontend\src\services\api.js","POST","/members/manage","NO_STATIC_BACKEND_MATCH"
"C:\Users\DIYA GOEL\Downloads\EBDESIGN\frontend\src\components\AI\AIChat.jsx","POST","/ai/decision/execute","NO_STATIC_BACKEND_MATCH"
"C:\Users\DIYA GOEL\Downloads\EBDESIGN\frontend\src\services\api.js","GET","/alliance-building","NO_STATIC_BACKEND_MATCH"
"C:\Users\DIYA GOEL\Downloads\EBDESIGN\frontend\src\pages\modules\M219\M219.jsx","GET","/api/v1/backend-modules/M219/","EXACT_METHOD_PATH"
"C:\Users\DIYA GOEL\Downloads\EBDESIGN\frontend\src\services\api.js","GET","/campaign-building","NO_STATIC_BACKEND_MATCH"
"C:\Users\DIYA GOEL\Downloads\EBDESIGN\frontend\src\services\api.js","GET","/permission-management/permissions","NO_STATIC_BACKEND_MATCH"
"C:\Users\DIYA GOEL\Downloads\EBDESIGN\frontend\src\services\api.js","GET","/logistics-enhancement/warehouses","NO_STATIC_BACKEND_MATCH"
"C:\Users\DIYA GOEL\Downloads\EBDESIGN\frontend\src\services\api.js","POST","/audit-compliance/run","NO_STATIC_BACKEND_MATCH"
"C:\Users\DIYA GOEL\Downloads\EBDESIGN\frontend\src\services\api.js","GET","/role-permission/permissions","NO_STATIC_BACKEND_MATCH"
"C:\Users\DIYA GOEL\Downloads\EBDESIGN\frontend\src\services\api.js","POST","/market-trend/analyze","NO_STATIC_BACKEND_MATCH"
"C:\Users\DIYA GOEL\Downloads\EBDESIGN\frontend\src\services\api.js","POST","/sheep-farming/animal","NO_STATIC_BACKEND_MATCH"
"C:\Users\DIYA GOEL\Downloads\EBDESIGN\frontend\src\services\api.js","POST","/role-manager/manage","NO_STATIC_BACKEND_MATCH"
"C:\Users\DIYA GOEL\Downloads\EBDESIGN\frontend\src\pages\modules\M310\M310.jsx","GET","/api/v1/backend-modules/M310/","EXACT_METHOD_PATH"
"C:\Users\DIYA GOEL\Downloads\EBDESIGN\frontend\src\services\api.js","GET","/farmers/pricing/signals","NO_STATIC_BACKEND_MATCH"
"C:\Users\DIYA GOEL\Downloads\EBDESIGN\frontend\src\services\api.js","GET","/guilds","NO_STATIC_BACKEND_MATCH"
"C:\Users\DIYA GOEL\Downloads\EBDESIGN\frontend\src\services\api.js","POST","/fish-health/record","NO_STATIC_BACKEND_MATCH"
"C:\Users\DIYA GOEL\Downloads\EBDESIGN\frontend\src\services\api.js","GET","/predictive-analytics-farming","NO_STATIC_BACKEND_MATCH"
"C:\Users\DIYA GOEL\Downloads\EBDESIGN\frontend\src\services\api.js","POST","/certification-resilience-farming/build","NO_STATIC_BACKEND_MATCH"
"C:\Users\DIYA GOEL\Downloads\EBDESIGN\frontend\src\services\coreApi.js","GET","/library/verify","NO_STATIC_BACKEND_MATCH"
"C:\Users\DIYA GOEL\Downloads\EBDESIGN\frontend\src\pages\modules\M99\M99.jsx","GET","/api/v1/backend-modules/M099/","EXACT_METHOD_PATH"
"C:\Users\DIYA GOEL\Downloads\EBDESIGN\frontend\src\pages\modules\M313\M313.jsx","GET","/api/v1/backend-modules/M313/","EXACT_METHOD_PATH"
"C:\Users\DIYA GOEL\Downloads\EBDESIGN\frontend\src\services\api.js","GET","/water-quality/monitor-quality","NO_STATIC_BACKEND_MATCH"
"C:\Users\DIYA GOEL\Downloads\EBDESIGN\frontend\src\services\api.js","GET","/subsidy-ops/apply","NO_STATIC_BACKEND_MATCH"
"C:\Users\DIYA GOEL\Downloads\EBDESIGN\frontend\src\services\api.js","GET","/weather/advisory-triggers","NO_STATIC_BACKEND_MATCH"
"C:\Users\DIYA GOEL\Downloads\EBDESIGN\frontend\src\services\api.js","GET","/disease-forecasting","NO_STATIC_BACKEND_MATCH"
"C:\Users\DIYA GOEL\Downloads\EBDESIGN\frontend\src\services\api.js","GET","/ecommerce-marketplace/seller-analytics","NO_STATIC_BACKEND_MATCH"
"C:\Users\DIYA GOEL\Downloads\EBDESIGN\frontend\src\services\api.js","GET","/disease-forecasting/forecasts","NO_STATIC_BACKEND_MATCH"
"C:\Users\DIYA GOEL\Downloads\EBDESIGN\frontend\src\pages\modules\M329\M329.jsx","GET","/api/v1/backend-modules/M329/","EXACT_METHOD_PATH"
"C:\Users\DIYA GOEL\Downloads\EBDESIGN\frontend\src\services\api.js","GET","/sap-module-architecture/modules","NO_STATIC_BACKEND_MATCH"
"C:\Users\DIYA GOEL\Downloads\EBDESIGN\frontend\src\services\api.js","GET","/verification-resilience-farming","NO_STATIC_BACKEND_MATCH"
"C:\Users\DIYA GOEL\Downloads\EBDESIGN\frontend\src\pages\modules\M75\M75.jsx","GET","/api/v1/backend-modules/M075/","EXACT_METHOD_PATH"
"C:\Users\DIYA GOEL\Downloads\EBDESIGN\frontend\src\services\api.js","POST","/international-engagements/engage","NO_STATIC_BACKEND_MATCH"
"C:\Users\DIYA GOEL\Downloads\EBDESIGN\frontend\src\services\api.js","POST","/tables/data","NO_STATIC_BACKEND_MATCH"
"C:\Users\DIYA GOEL\Downloads\EBDESIGN\frontend\src\services\api.js","POST","/cost-control/control","NO_STATIC_BACKEND_MATCH"
"C:\Users\DIYA GOEL\Downloads\EBDESIGN\frontend\src\services\api.js","POST","/refunds/request","NO_STATIC_BACKEND_MATCH"
"C:\Users\DIYA GOEL\Downloads\EBDESIGN\frontend\src\services\api.js","POST","/inventory-optimization/optimize","NO_STATIC_BACKEND_MATCH"
"C:\Users\DIYA GOEL\Downloads\EBDESIGN\frontend\src\services\api.js","GET","/warehouse-management","NO_STATIC_BACKEND_MATCH"
"C:\Users\DIYA GOEL\Downloads\EBDESIGN\frontend\src\services\api.js","POST","/rainwater-harvesting/budget","NO_STATIC_BACKEND_MATCH"
"C:\Users\DIYA GOEL\Downloads\EBDESIGN\frontend\src\services\api.js","POST","/flights/book","NO_STATIC_BACKEND_MATCH"
"C:\Users\DIYA GOEL\Downloads\EBDESIGN\frontend\src\services\api.js","POST","/ecommerce-business-sales/contract-farming","NO_STATIC_BACKEND_MATCH"
"C:\Users\DIYA GOEL\Downloads\EBDESIGN\frontend\src\services\api.js","GET","/anomalies","NO_STATIC_BACKEND_MATCH"
"C:\Users\DIYA GOEL\Downloads\EBDESIGN\frontend\src\services\api.js","GET","/soil-testing-ops/health-card","NO_STATIC_BACKEND_MATCH"
"C:\Users\DIYA GOEL\Downloads\EBDESIGN\frontend\src\services\api.js","GET","/hamlets","NO_STATIC_BACKEND_MATCH"
"C:\Users\DIYA GOEL\Downloads\EBDESIGN\frontend\src\services\api.js","POST","/testing/run","NO_STATIC_BACKEND_MATCH"
"C:\Users\DIYA GOEL\Downloads\EBDESIGN\frontend\src\services\api.js","GET","/component-manager","NO_STATIC_BACKEND_MATCH"
"C:\Users\DIYA GOEL\Downloads\EBDESIGN\frontend\src\pages\modules\M235\M235.jsx","GET","/api/v1/backend-modules/M235/","EXACT_METHOD_PATH"
"C:\Users\DIYA GOEL\Downloads\EBDESIGN\frontend\src\services\api.js","GET","/medical-coding/medical-condition-codes","NO_STATIC_BACKEND_MATCH"
"C:\Users\DIYA GOEL\Downloads\EBDESIGN\frontend\src\services\api.js","POST","/mobile/manage","NO_STATIC_BACKEND_MATCH"
"C:\Users\DIYA GOEL\Downloads\EBDESIGN\frontend\src\services\api.js","POST","/dynamodb-data/query","NO_STATIC_BACKEND_MATCH"
"C:\Users\DIYA GOEL\Downloads\EBDESIGN\frontend\src\services\api.js","POST","/return-load-board","NO_STATIC_BACKEND_MATCH"
"C:\Users\DIYA GOEL\Downloads\EBDESIGN\frontend\src\services\api.js","POST","/pest-management/control","NO_STATIC_BACKEND_MATCH"
"C:\Users\DIYA GOEL\Downloads\EBDESIGN\frontend\src\services\api.js","POST","/sea/manage","NO_STATIC_BACKEND_MATCH"
"C:\Users\DIYA GOEL\Downloads\EBDESIGN\frontend\src\pages\modules\M127\M127.jsx","GET","/api/v1/backend-modules/M127/","EXACT_METHOD_PATH"
"C:\Users\DIYA GOEL\Downloads\EBDESIGN\frontend\src\pages\modules\M65\M65.jsx","GET","/api/v1/backend-modules/M65/","EXACT_METHOD_PATH"
"C:\Users\DIYA GOEL\Downloads\EBDESIGN\frontend\src\services\api.js","GET","/triangular-cooperations","NO_STATIC_BACKEND_MATCH"
"C:\Users\DIYA GOEL\Downloads\EBDESIGN\frontend\src\services\commerceApi.js","GET","/products/states/list","NO_STATIC_BACKEND_MATCH"
"C:\Users\DIYA GOEL\Downloads\EBDESIGN\frontend\src\services\api.js","POST","/checkout/process","NO_STATIC_BACKEND_MATCH"
"C:\Users\DIYA GOEL\Downloads\EBDESIGN\frontend\src\services\api.js","GET","/strategic","NO_STATIC_BACKEND_MATCH"
"C:\Users\DIYA GOEL\Downloads\EBDESIGN\frontend\src\services\api.js","POST","/poultry/vaccination-records","NO_STATIC_BACKEND_MATCH"
"C:\Users\DIYA GOEL\Downloads\EBDESIGN\frontend\src\services\api.js","GET","/standard-resilience-farming","NO_STATIC_BACKEND_MATCH"
"C:\Users\DIYA GOEL\Downloads\EBDESIGN\frontend\src\services\api.js","POST","/society-resilience-farming/build","NO_STATIC_BACKEND_MATCH"
"C:\Users\DIYA GOEL\Downloads\EBDESIGN\frontend\src\services\api.js","POST","/videos/upload","NO_STATIC_BACKEND_MATCH"
"C:\Users\DIYA GOEL\Downloads\EBDESIGN\frontend\src\services\api.js","POST","/ecommerce/ai/recommendations","NO_STATIC_BACKEND_MATCH"
"C:\Users\DIYA GOEL\Downloads\EBDESIGN\frontend\src\services\api.js","POST","/ai-operation-intelligence/analyze-performance","NO_STATIC_BACKEND_MATCH"
"C:\Users\DIYA GOEL\Downloads\EBDESIGN\frontend\src\services\api.js","GET","/information-sharing/activity-logs","NO_STATIC_BACKEND_MATCH"
"C:\Users\DIYA GOEL\Downloads\EBDESIGN\frontend\src\services\api.js","GET","/goat/breeding-alerts","NO_STATIC_BACKEND_MATCH"
"C:\Users\DIYA GOEL\Downloads\EBDESIGN\frontend\src\services\api.js","GET","/plugin-manager","NO_STATIC_BACKEND_MATCH"
"C:\Users\DIYA GOEL\Downloads\EBDESIGN\frontend\src\services\api.js","GET","/knowledge-transfer","NO_STATIC_BACKEND_MATCH"
"C:\Users\DIYA GOEL\Downloads\EBDESIGN\frontend\src\services\api.js","GET","/logging/logs","NO_STATIC_BACKEND_MATCH"
"C:\Users\DIYA GOEL\Downloads\EBDESIGN\frontend\src\services\api.js","GET","/components","NO_STATIC_BACKEND_MATCH"
"C:\Users\DIYA GOEL\Downloads\EBDESIGN\frontend\src\services\api.js","GET","/layout-manager","NO_STATIC_BACKEND_MATCH"
"C:\Users\DIYA GOEL\Downloads\EBDESIGN\frontend\src\services\api.js","POST","/lessons-learned/share","NO_STATIC_BACKEND_MATCH"
"C:\Users\DIYA GOEL\Downloads\EBDESIGN\frontend\src\services\api.js","GET","/franchises","NO_STATIC_BACKEND_MATCH"
"C:\Users\DIYA GOEL\Downloads\EBDESIGN\frontend\src\services\api.js","POST","/ecommerce-business-sales/bulk-order","NO_STATIC_BACKEND_MATCH"
"C:\Users\DIYA GOEL\Downloads\EBDESIGN\frontend\src\services\api.js","GET","/orders/ai/insights","NO_STATIC_BACKEND_MATCH"
"C:\Users\DIYA GOEL\Downloads\EBDESIGN\frontend\src\services\api.js","GET","/degradation-strategies","NO_STATIC_BACKEND_MATCH"
"C:\Users\DIYA GOEL\Downloads\EBDESIGN\frontend\src\services\api.js","GET","/health","NO_STATIC_BACKEND_MATCH"
"C:\Users\DIYA GOEL\Downloads\EBDESIGN\frontend\src\services\api.js","GET","/ideological-warfare","NO_STATIC_BACKEND_MATCH"
"C:\Users\DIYA GOEL\Downloads\EBDESIGN\frontend\src\services\api.js","POST","/case-studies","NO_STATIC_BACKEND_MATCH"
"C:\Users\DIYA GOEL\Downloads\EBDESIGN\frontend\src\services\api.js","GET","/jurisdictions","NO_STATIC_BACKEND_MATCH"
"C:\Users\DIYA GOEL\Downloads\EBDESIGN\frontend\src\services\api.js","POST","/role-management/role","NO_STATIC_BACKEND_MATCH"
"C:\Users\DIYA GOEL\Downloads\EBDESIGN\frontend\src\services\api.js","POST","/vulnerabilities/scan","NO_STATIC_BACKEND_MATCH"
"C:\Users\DIYA GOEL\Downloads\EBDESIGN\frontend\src\services\api.js","POST","/cooperative-share/buy","NO_STATIC_BACKEND_MATCH"
"C:\Users\DIYA GOEL\Downloads\EBDESIGN\frontend\src\services\api.js","GET","/ai-advisory/statistics","NO_STATIC_BACKEND_MATCH"
"C:\Users\DIYA GOEL\Downloads\EBDESIGN\frontend\src\services\api.js","POST","/ai-farming/implement","NO_STATIC_BACKEND_MATCH"
"C:\Users\DIYA GOEL\Downloads\EBDESIGN\frontend\src\services\api.js","GET","/affiliates","NO_STATIC_BACKEND_MATCH"
"C:\Users\DIYA GOEL\Downloads\EBDESIGN\frontend\src\services\api.js","GET","/flash-sales","NO_STATIC_BACKEND_MATCH"
"C:\Users\DIYA GOEL\Downloads\EBDESIGN\frontend\src\services\api.js","GET","/ai/decisions","NO_STATIC_BACKEND_MATCH"
"C:\Users\DIYA GOEL\Downloads\EBDESIGN\frontend\src\services\api.js","GET","/shared-infra/renewable-support","NO_STATIC_BACKEND_MATCH"
"C:\Users\DIYA GOEL\Downloads\EBDESIGN\frontend\src\services\api.js","POST","/metrics/collect","NO_STATIC_BACKEND_MATCH"
"C:\Users\DIYA GOEL\Downloads\EBDESIGN\frontend\src\services\api.js","GET","/communications","NO_STATIC_BACKEND_MATCH"
"C:\Users\DIYA GOEL\Downloads\EBDESIGN\frontend\src\services\api.js","POST","/temperature/measure","NO_STATIC_BACKEND_MATCH"
"C:\Users\DIYA GOEL\Downloads\EBDESIGN\frontend\src\services\api.js","GET","/farmer/profile","NO_STATIC_BACKEND_MATCH"
"C:\Users\DIYA GOEL\Downloads\EBDESIGN\frontend\src\services\api.js","POST","/block","NO_STATIC_BACKEND_MATCH"
"C:\Users\DIYA GOEL\Downloads\EBDESIGN\frontend\src\services\api.js","GET","/validators","NO_STATIC_BACKEND_MATCH"
"C:\Users\DIYA GOEL\Downloads\EBDESIGN\frontend\src\services\api.js","GET","/comprehensive-erp/analyze-financials-a-i","NO_STATIC_BACKEND_MATCH"
"C:\Users\DIYA GOEL\Downloads\EBDESIGN\frontend\src\services\api.js","POST","/simulation/run","NO_STATIC_BACKEND_MATCH"
"C:\Users\DIYA GOEL\Downloads\EBDESIGN\frontend\src\services\api.js","GET","/invoices","NO_STATIC_BACKEND_MATCH"
"C:\Users\DIYA GOEL\Downloads\EBDESIGN\frontend\src\pages\modules\M165\M165.jsx","GET","/api/v1/backend-modules/M165/","EXACT_METHOD_PATH"
"C:\Users\DIYA GOEL\Downloads\EBDESIGN\frontend\src\services\api.js","GET","/knowledge-base","NO_STATIC_BACKEND_MATCH"
"C:\Users\DIYA GOEL\Downloads\EBDESIGN\frontend\src\pages\modules\M108\M108.jsx","GET","/api/v1/backend-modules/M108/","EXACT_METHOD_PATH"
"C:\Users\DIYA GOEL\Downloads\EBDESIGN\frontend\src\services\machineryVillageOpsService.js","GET","/machinery-village-ops/machinery-assets","NO_STATIC_BACKEND_MATCH"
"C:\Users\DIYA GOEL\Downloads\EBDESIGN\frontend\src\services\api.js","POST","/flood-monitoring/records/record","NO_STATIC_BACKEND_MATCH"
"C:\Users\DIYA GOEL\Downloads\EBDESIGN\frontend\src\services\api.js","GET","/complete-erp-integration","NO_STATIC_BACKEND_MATCH"
"C:\Users\DIYA GOEL\Downloads\EBDESIGN\frontend\src\services\api.js","GET","/kiosk","NO_STATIC_BACKEND_MATCH"
"C:\Users\DIYA GOEL\Downloads\EBDESIGN\frontend\src\services\api.js","GET","/disseminators","NO_STATIC_BACKEND_MATCH"
"C:\Users\DIYA GOEL\Downloads\EBDESIGN\frontend\src\services\api.js","PUT","/ecommerce-erp/configure","NO_STATIC_BACKEND_MATCH"
"C:\Users\DIYA GOEL\Downloads\EBDESIGN\frontend\src\services\api.js","GET","/contracts","NO_STATIC_BACKEND_MATCH"
"C:\Users\DIYA GOEL\Downloads\EBDESIGN\frontend\src\services\api.js","POST","/pig-farming/animal","NO_STATIC_BACKEND_MATCH"
"C:\Users\DIYA GOEL\Downloads\EBDESIGN\frontend\src\services\api.js","GET","/sap-module-architecture/dependency-graph","NO_STATIC_BACKEND_MATCH"
"C:\Users\DIYA GOEL\Downloads\EBDESIGN\frontend\src\services\api.js","GET","/compliance-tracking","NO_STATIC_BACKEND_MATCH"
"C:\Users\DIYA GOEL\Downloads\EBDESIGN\frontend\src\services\api.js","POST","/movement-building/build","NO_STATIC_BACKEND_MATCH"
"C:\Users\DIYA GOEL\Downloads\EBDESIGN\frontend\src\services\api.js","POST","/youth/manage","NO_STATIC_BACKEND_MATCH"
"C:\Users\DIYA GOEL\Downloads\EBDESIGN\frontend\src\pages\modules\M156\M156.jsx","GET","/api/v1/backend-modules/M156/","EXACT_METHOD_PATH"
"C:\Users\DIYA GOEL\Downloads\EBDESIGN\frontend\src\services\api.js","PUT","/firebase-realtime-data","NO_STATIC_BACKEND_MATCH"
"C:\Users\DIYA GOEL\Downloads\EBDESIGN\frontend\src\services\api.js","POST","/ratings/submit","NO_STATIC_BACKEND_MATCH"
"C:\Users\DIYA GOEL\Downloads\EBDESIGN\frontend\src\pages\modules\M176\M176.jsx","GET","/api/v1/backend-modules/M176/","EXACT_METHOD_PATH"
"C:\Users\DIYA GOEL\Downloads\EBDESIGN\frontend\src\services\api.js","GET","/financial-resilience-farming","NO_STATIC_BACKEND_MATCH"
"C:\Users\DIYA GOEL\Downloads\EBDESIGN\frontend\src\services\api.js","GET","/information-sharing/collaboration-sessions","NO_STATIC_BACKEND_MATCH"
"C:\Users\DIYA GOEL\Downloads\EBDESIGN\frontend\src\services\api.js","GET","/erp/sync/status","NO_STATIC_BACKEND_MATCH"
"C:\Users\DIYA GOEL\Downloads\EBDESIGN\frontend\src\services\api.js","POST","/narrative-warfare/wage","NO_STATIC_BACKEND_MATCH"
"C:\Users\DIYA GOEL\Downloads\EBDESIGN\frontend\src\services\api.js","POST","/ui/manage","NO_STATIC_BACKEND_MATCH"
"C:\Users\DIYA GOEL\Downloads\EBDESIGN\frontend\src\services\api.js","POST","/suppliers-resilience-farming/build","NO_STATIC_BACKEND_MATCH"
"C:\Users\DIYA GOEL\Downloads\EBDESIGN\frontend\src\services\api.js","POST","/cold-fish-chain/shipment","NO_STATIC_BACKEND_MATCH"
"C:\Users\DIYA GOEL\Downloads\EBDESIGN\frontend\src\pages\modules\M305\M305.jsx","GET","/api/v1/backend-modules/M305/","EXACT_METHOD_PATH"
"C:\Users\DIYA GOEL\Downloads\EBDESIGN\frontend\src\services\api.js","POST","/information-sharing/sharing-link","NO_STATIC_BACKEND_MATCH"
"C:\Users\DIYA GOEL\Downloads\EBDESIGN\frontend\src\services\api.js","GET","/system-monitor/metrics","NO_STATIC_BACKEND_MATCH"
"C:\Users\DIYA GOEL\Downloads\EBDESIGN\frontend\src\pages\modules\M104\M104.jsx","GET","/api/v1/backend-modules/M104/","EXACT_METHOD_PATH"
"C:\Users\DIYA GOEL\Downloads\EBDESIGN\frontend\src\services\api.js","GET","/goat-ai/monitor-goat-health","NO_STATIC_BACKEND_MATCH"
"C:\Users\DIYA GOEL\Downloads\EBDESIGN\frontend\src\pages\modules\M221\M221.jsx","GET","/api/v1/backend-modules/M221/","EXACT_METHOD_PATH"
"C:\Users\DIYA GOEL\Downloads\EBDESIGN\frontend\src\services\api.js","GET","/dashboard","NO_STATIC_BACKEND_MATCH"
"C:\Users\DIYA GOEL\Downloads\EBDESIGN\frontend\src\services\api.js","POST","/dairy/milk-record","NO_STATIC_BACKEND_MATCH"
"C:\Users\DIYA GOEL\Downloads\EBDESIGN\frontend\src\services\api.js","POST","/water-management/control","NO_STATIC_BACKEND_MATCH"
"C:\Users\DIYA GOEL\Downloads\EBDESIGN\frontend\src\services\api.js","POST","/farmer-welfare/enroll","NO_STATIC_BACKEND_MATCH"
"C:\Users\DIYA GOEL\Downloads\EBDESIGN\frontend\src\services\api.js","GET","/taxonomy","NO_STATIC_BACKEND_MATCH"
"C:\Users\DIYA GOEL\Downloads\EBDESIGN\frontend\src\services\coreApi.js","POST","/privacy/consent","NO_STATIC_BACKEND_MATCH"
"C:\Users\DIYA GOEL\Downloads\EBDESIGN\frontend\src\services\coreApi.js","GET","/library/modules","NO_STATIC_BACKEND_MATCH"
"C:\Users\DIYA GOEL\Downloads\EBDESIGN\frontend\src\services\api.js","GET","/veterinary","NO_STATIC_BACKEND_MATCH"
"C:\Users\DIYA GOEL\Downloads\EBDESIGN\frontend\src\services\api.js","GET","/traceability-farming","NO_STATIC_BACKEND_MATCH"
"C:\Users\DIYA GOEL\Downloads\EBDESIGN\frontend\src\pages\modules\M103\M103.jsx","GET","/api/v1/backend-modules/M103/","EXACT_METHOD_PATH"
"C:\Users\DIYA GOEL\Downloads\EBDESIGN\frontend\src\services\api.js","GET","/aggregators","NO_STATIC_BACKEND_MATCH"
"C:\Users\DIYA GOEL\Downloads\EBDESIGN\frontend\src\services\commerceApi.js","GET","/enterprise/organizations/current/integrations","NO_STATIC_BACKEND_MATCH"
"C:\Users\DIYA GOEL\Downloads\EBDESIGN\frontend\src\services\api.js","GET","/ai/recovery/status","NO_STATIC_BACKEND_MATCH"
"C:\Users\DIYA GOEL\Downloads\EBDESIGN\frontend\src\services\api.js","POST","/variety-directory/listing","NO_STATIC_BACKEND_MATCH"
"C:\Users\DIYA GOEL\Downloads\EBDESIGN\frontend\src\services\api.js","PUT","/ai/cluster/config","NO_STATIC_BACKEND_MATCH"
"C:\Users\DIYA GOEL\Downloads\EBDESIGN\frontend\src\services\api.js","GET","/trending-products","NO_STATIC_BACKEND_MATCH"
"C:\Users\DIYA GOEL\Downloads\EBDESIGN\frontend\src\pages\modules\M255\M255.jsx","GET","/api/v1/backend-modules/M255/","EXACT_METHOD_PATH"
"C:\Users\DIYA GOEL\Downloads\EBDESIGN\frontend\src\services\api.js","GET","/admin/settings","NO_STATIC_BACKEND_MATCH"
"C:\Users\DIYA GOEL\Downloads\EBDESIGN\frontend\src\services\api.js","GET","/nutritional-optimization","NO_STATIC_BACKEND_MATCH"
"C:\Users\DIYA GOEL\Downloads\EBDESIGN\frontend\src\services\api.js","GET","/shg/record-saving","NO_STATIC_BACKEND_MATCH"
"C:\Users\DIYA GOEL\Downloads\EBDESIGN\frontend\src\services\api.js","POST","/fertilizer-inventory/item","NO_STATIC_BACKEND_MATCH"
"C:\Users\DIYA GOEL\Downloads\EBDESIGN\frontend\src\services\api.js","POST","/agricultural-intelligence/analyze-soil","NO_STATIC_BACKEND_MATCH"
"C:\Users\DIYA GOEL\Downloads\EBDESIGN\frontend\src\services\api.js","POST","/fertilizers/manage","NO_STATIC_BACKEND_MATCH"
"C:\Users\DIYA GOEL\Downloads\EBDESIGN\frontend\src\services\api.js","GET","/reporting-resilience-farming","NO_STATIC_BACKEND_MATCH"
"C:\Users\DIYA GOEL\Downloads\EBDESIGN\frontend\src\services\api.js","GET","/yield/lot-price","NO_STATIC_BACKEND_MATCH"
"C:\Users\DIYA GOEL\Downloads\EBDESIGN\frontend\src\services\api.js","POST","/gis-land-mapping/mapping","NO_STATIC_BACKEND_MATCH"
"C:\Users\DIYA GOEL\Downloads\EBDESIGN\frontend\src\services\api.js","POST","/wind/manage","NO_STATIC_BACKEND_MATCH"
"C:\Users\DIYA GOEL\Downloads\EBDESIGN\frontend\src\services\api.js","POST","/individual-resilience-farming/build","NO_STATIC_BACKEND_MATCH"
"C:\Users\DIYA GOEL\Downloads\EBDESIGN\frontend\src\services\api.js","GET","/finance/accounts","NO_STATIC_BACKEND_MATCH"
"C:\Users\DIYA GOEL\Downloads\EBDESIGN\frontend\src\services\api.js","GET","/research-development/patents","NO_STATIC_BACKEND_MATCH"
"C:\Users\DIYA GOEL\Downloads\EBDESIGN\frontend\src\services\api.js","POST","/audit-trail/search","NO_STATIC_BACKEND_MATCH"
"C:\Users\DIYA GOEL\Downloads\EBDESIGN\frontend\src\services\api.js","POST","/wallet/deposit","NO_STATIC_BACKEND_MATCH"
"C:\Users\DIYA GOEL\Downloads\EBDESIGN\frontend\src\services\api.js","POST","/digital-campaign/run","NO_STATIC_BACKEND_MATCH"
"C:\Users\DIYA GOEL\Downloads\EBDESIGN\frontend\src\services\api.js","GET","/ai-operation-intelligence/health","NO_STATIC_BACKEND_MATCH"
"C:\Users\DIYA GOEL\Downloads\EBDESIGN\frontend\src\services\api.js","GET","/cost-management/corridor-model","NO_STATIC_BACKEND_MATCH"
"C:\Users\DIYA GOEL\Downloads\EBDESIGN\frontend\src\services\api.js","GET","/fertilizer-management","NO_STATIC_BACKEND_MATCH"
"C:\Users\DIYA GOEL\Downloads\EBDESIGN\frontend\src\services\api.js","GET","/ethics-resilience-farming","NO_STATIC_BACKEND_MATCH"
"C:\Users\DIYA GOEL\Downloads\EBDESIGN\frontend\src\services\api.js","POST","/poultry/manage","NO_STATIC_BACKEND_MATCH"
"C:\Users\DIYA GOEL\Downloads\EBDESIGN\frontend\src\services\api.js","POST","/offer-management","NO_STATIC_BACKEND_MATCH"
"C:\Users\DIYA GOEL\Downloads\EBDESIGN\frontend\src\pages\modules\M252\M252.jsx","GET","/api/v1/backend-modules/M252/","EXACT_METHOD_PATH"
"C:\Users\DIYA GOEL\Downloads\EBDESIGN\frontend\src\pages\modules\M262\M262.jsx","GET","/api/v1/backend-modules/M262/","EXACT_METHOD_PATH"
"C:\Users\DIYA GOEL\Downloads\EBDESIGN\frontend\src\services\componentApi.js","POST","/i18n/detect","NO_STATIC_BACKEND_MATCH"
"C:\Users\DIYA GOEL\Downloads\EBDESIGN\frontend\src\services\api.js","GET","/knowledge-graph","NO_STATIC_BACKEND_MATCH"
"C:\Users\DIYA GOEL\Downloads\EBDESIGN\frontend\src\services\api.js","GET","/system/health","NO_STATIC_BACKEND_MATCH"
"C:\Users\DIYA GOEL\Downloads\EBDESIGN\frontend\src\services\api.js","GET","/farm-operations-dashboard/kpis","NO_STATIC_BACKEND_MATCH"
"C:\Users\DIYA GOEL\Downloads\EBDESIGN\frontend\src\services\api.js","GET","/scheme-registry","NO_STATIC_BACKEND_MATCH"
"C:\Users\DIYA GOEL\Downloads\EBDESIGN\frontend\src\services\operationsApi.js","POST","/insurance/quotes","NO_STATIC_BACKEND_MATCH"
"C:\Users\DIYA GOEL\Downloads\EBDESIGN\frontend\src\services\api.js","GET","/weather-advisory/forecast","NO_STATIC_BACKEND_MATCH"
"C:\Users\DIYA GOEL\Downloads\EBDESIGN\frontend\src\services\api.js","POST","/compliance/check","NO_STATIC_BACKEND_MATCH"
"C:\Users\DIYA GOEL\Downloads\EBDESIGN\frontend\src\services\api.js","GET","/weather/current","NO_STATIC_BACKEND_MATCH"
"C:\Users\DIYA GOEL\Downloads\EBDESIGN\frontend\src\services\api.js","GET","/government-scheme/announcements","NO_STATIC_BACKEND_MATCH"
"C:\Users\DIYA GOEL\Downloads\EBDESIGN\frontend\src\services\api.js","POST","/research-development/rd-project","NO_STATIC_BACKEND_MATCH"
"C:\Users\DIYA GOEL\Downloads\EBDESIGN\frontend\src\services\api.js","POST","/nervous-system/neural-pathway","NO_STATIC_BACKEND_MATCH"
"C:\Users\DIYA GOEL\Downloads\EBDESIGN\frontend\src\services\api.js","POST","/best-practice-transfer/transfer","NO_STATIC_BACKEND_MATCH"
"C:\Users\DIYA GOEL\Downloads\EBDESIGN\frontend\src\services\api.js","GET","/pest-resilience-farming","NO_STATIC_BACKEND_MATCH"
"C:\Users\DIYA GOEL\Downloads\EBDESIGN\frontend\src\services\api.js","GET","/alliances","NO_STATIC_BACKEND_MATCH"
"C:\Users\DIYA GOEL\Downloads\EBDESIGN\frontend\src\services\vendorProcurementService.js","GET","/vendor-procurement/dashboard","NO_STATIC_BACKEND_MATCH"
"C:\Users\DIYA GOEL\Downloads\EBDESIGN\frontend\src\services\api.js","GET","/information-sharing/join-collaboration-session","NO_STATIC_BACKEND_MATCH"
"C:\Users\DIYA GOEL\Downloads\EBDESIGN\frontend\src\services\api.js","GET","/permitting-resilience-farming","NO_STATIC_BACKEND_MATCH"
"C:\Users\DIYA GOEL\Downloads\EBDESIGN\frontend\src\services\api.js","GET","/pattern-recognition-farming","NO_STATIC_BACKEND_MATCH"
"C:\Users\DIYA GOEL\Downloads\EBDESIGN\frontend\src\services\api.js","POST","/decision-support/harvest-points","NO_STATIC_BACKEND_MATCH"
"C:\Users\DIYA GOEL\Downloads\EBDESIGN\frontend\src\services\api.js","GET","/ratings","NO_STATIC_BACKEND_MATCH"
"C:\Users\DIYA GOEL\Downloads\EBDESIGN\frontend\src\services\api.js","POST","/banker/manage","NO_STATIC_BACKEND_MATCH"
"C:\Users\DIYA GOEL\Downloads\EBDESIGN\frontend\src\services\api.js","POST","/accountability-resilience-farming/build","NO_STATIC_BACKEND_MATCH"
"C:\Users\DIYA GOEL\Downloads\EBDESIGN\frontend\src\services\api.js","GET","/market-intelligence/latest-intelligence","NO_STATIC_BACKEND_MATCH"
"C:\Users\DIYA GOEL\Downloads\EBDESIGN\frontend\src\services\api.js","POST","/capacity-building/build","NO_STATIC_BACKEND_MATCH"
"C:\Users\DIYA GOEL\Downloads\EBDESIGN\frontend\src\services\api.js","POST","/individual-warfare/wage","NO_STATIC_BACKEND_MATCH"
"C:\Users\DIYA GOEL\Downloads\EBDESIGN\frontend\src\services\api.js","GET","/nlp-farming","NO_STATIC_BACKEND_MATCH"
"C:\Users\DIYA GOEL\Downloads\EBDESIGN\frontend\src\services\api.js","POST","/supply-chain-decision","NO_STATIC_BACKEND_MATCH"
"C:\Users\DIYA GOEL\Downloads\EBDESIGN\frontend\src\services\api.js","GET","/rfq/loss-analysis","NO_STATIC_BACKEND_MATCH"
"C:\Users\DIYA GOEL\Downloads\EBDESIGN\frontend\src\services\api.js","GET","/digital-civil-disobedience","NO_STATIC_BACKEND_MATCH"
"C:\Users\DIYA GOEL\Downloads\EBDESIGN\frontend\src\services\api.js","POST","/farm-activity/activity","NO_STATIC_BACKEND_MATCH"
"C:\Users\DIYA GOEL\Downloads\EBDESIGN\frontend\src\services\api.js","POST","/search/perform","NO_STATIC_BACKEND_MATCH"
"C:\Users\DIYA GOEL\Downloads\EBDESIGN\frontend\src\services\api.js","GET","/value-creations","NO_STATIC_BACKEND_MATCH"
"C:\Users\DIYA GOEL\Downloads\EBDESIGN\frontend\src\pages\modules\M271\M271.jsx","GET","/api/v1/backend-modules/M271/","EXACT_METHOD_PATH"
"C:\Users\DIYA GOEL\Downloads\EBDESIGN\frontend\src\services\api.js","GET","/polyhouse/records","NO_STATIC_BACKEND_MATCH"
"C:\Users\DIYA GOEL\Downloads\EBDESIGN\frontend\src\services\api.js","POST","/sap-module-architecture/module","NO_STATIC_BACKEND_MATCH"
"C:\Users\DIYA GOEL\Downloads\EBDESIGN\frontend\src\services\api.js","POST","/comprehensive-erp/create-organizational-unit","NO_STATIC_BACKEND_MATCH"
"C:\Users\DIYA GOEL\Downloads\EBDESIGN\frontend\src\services\api.js","GET","/seller-verifications","NO_STATIC_BACKEND_MATCH"
"C:\Users\DIYA GOEL\Downloads\EBDESIGN\frontend\src\services\api.js","GET","/farmer-profile","NO_STATIC_BACKEND_MATCH"
"C:\Users\DIYA GOEL\Downloads\EBDESIGN\frontend\src\services\api.js","GET","/fuel-management/logs","NO_STATIC_BACKEND_MATCH"
"C:\Users\DIYA GOEL\Downloads\EBDESIGN\frontend\src\services\api.js","POST","/fertilizer-optimization/optimize","NO_STATIC_BACKEND_MATCH"
"C:\Users\DIYA GOEL\Downloads\EBDESIGN\frontend\src\services\api.js","GET","/public-participations","NO_STATIC_BACKEND_MATCH"
"C:\Users\DIYA GOEL\Downloads\EBDESIGN\frontend\src\services\api.js","POST","/transport/manage","NO_STATIC_BACKEND_MATCH"
"C:\Users\DIYA GOEL\Downloads\EBDESIGN\frontend\src\services\api.js","GET","/radiation","NO_STATIC_BACKEND_MATCH"
"C:\Users\DIYA GOEL\Downloads\EBDESIGN\frontend\src\services\api.js","GET","/sugar","NO_STATIC_BACKEND_MATCH"
"C:\Users\DIYA GOEL\Downloads\EBDESIGN\frontend\src\services\api.js","POST","/harvesting/schedule","NO_STATIC_BACKEND_MATCH"
"C:\Users\DIYA GOEL\Downloads\EBDESIGN\frontend\src\services\api.js","GET","/geo-spatial","NO_STATIC_BACKEND_MATCH"
"C:\Users\DIYA GOEL\Downloads\EBDESIGN\frontend\src\services\api.js","POST","/firestore-data/query","NO_STATIC_BACKEND_MATCH"
"C:\Users\DIYA GOEL\Downloads\EBDESIGN\frontend\src\pages\modules\M41\M41.jsx","GET","/api/v1/backend-modules/M041/","NO_STATIC_BACKEND_MATCH"
"C:\Users\DIYA GOEL\Downloads\EBDESIGN\frontend\src\services\api.js","GET","/women-engagements","NO_STATIC_BACKEND_MATCH"
"C:\Users\DIYA GOEL\Downloads\EBDESIGN\frontend\src\services\api.js","GET","/community-assets","NO_STATIC_BACKEND_MATCH"
"C:\Users\DIYA GOEL\Downloads\EBDESIGN\frontend\src\services\api.js","POST","/breakdown-maintenance/record","NO_STATIC_BACKEND_MATCH"
"C:\Users\DIYA GOEL\Downloads\EBDESIGN\frontend\src\pages\modules\M87\M87.jsx","GET","/api/v1/backend-modules/M087/","EXACT_METHOD_PATH"
"C:\Users\DIYA GOEL\Downloads\EBDESIGN\frontend\src\services\api.js","GET","/vendor-portal","NO_STATIC_BACKEND_MATCH"
"C:\Users\DIYA GOEL\Downloads\EBDESIGN\frontend\src\services\api.js","GET","/sheep/breeding-alerts","NO_STATIC_BACKEND_MATCH"
"C:\Users\DIYA GOEL\Downloads\EBDESIGN\frontend\src\services\api.js","POST","/digital-resistance/resist","NO_STATIC_BACKEND_MATCH"
"C:\Users\DIYA GOEL\Downloads\EBDESIGN\frontend\src\services\api.js","GET","/industry","NO_STATIC_BACKEND_MATCH"
"C:\Users\DIYA GOEL\Downloads\EBDESIGN\frontend\src\services\api.js","GET","/daos","NO_STATIC_BACKEND_MATCH"
"C:\Users\DIYA GOEL\Downloads\EBDESIGN\frontend\src\services\api.js","GET","/nervous-system/heart-beat-status","NO_STATIC_BACKEND_MATCH"
"C:\Users\DIYA GOEL\Downloads\EBDESIGN\frontend\src\services\api.js","POST","/hydroponics/manage","NO_STATIC_BACKEND_MATCH"
"C:\Users\DIYA GOEL\Downloads\EBDESIGN\frontend\src\services\api.js","POST","/irrigation-scheduler/schedule","NO_STATIC_BACKEND_MATCH"
"C:\Users\DIYA GOEL\Downloads\EBDESIGN\frontend\src\services\marketplaceService.js","GET","/marketplace/listings","NO_STATIC_BACKEND_MATCH"
"C:\Users\DIYA GOEL\Downloads\EBDESIGN\frontend\src\services\api.js","POST","/energy/manage","NO_STATIC_BACKEND_MATCH"
"C:\Users\DIYA GOEL\Downloads\EBDESIGN\frontend\src\services\api.js","GET","/pond/ponds","NO_STATIC_BACKEND_MATCH"
"C:\Users\DIYA GOEL\Downloads\EBDESIGN\frontend\src\services\api.js","GET","/quality-control","NO_STATIC_BACKEND_MATCH"
"C:\Users\DIYA GOEL\Downloads\EBDESIGN\frontend\src\services\api.js","GET","/data-visualization","NO_STATIC_BACKEND_MATCH"
"C:\Users\DIYA GOEL\Downloads\EBDESIGN\frontend\src\services\api.js","GET","/economy-resilience-farming","NO_STATIC_BACKEND_MATCH"
"C:\Users\DIYA GOEL\Downloads\EBDESIGN\frontend\src\services\api.js","GET","/consortiums","NO_STATIC_BACKEND_MATCH"
"C:\Users\DIYA GOEL\Downloads\EBDESIGN\frontend\src\services\api.js","POST","/alliance-building/build","NO_STATIC_BACKEND_MATCH"
"C:\Users\DIYA GOEL\Downloads\EBDESIGN\frontend\src\services\api.js","GET","/tools","NO_STATIC_BACKEND_MATCH"
"C:\Users\DIYA GOEL\Downloads\EBDESIGN\frontend\src\services\api.js","POST","/technology-resilience-farming/build","NO_STATIC_BACKEND_MATCH"
"C:\Users\DIYA GOEL\Downloads\EBDESIGN\frontend\src\services\api.js","POST","/transactions/execute","NO_STATIC_BACKEND_MATCH"
"C:\Users\DIYA GOEL\Downloads\EBDESIGN\frontend\src\services\api.js","GET","/comprehensive-erp/get-balance-sheet","NO_STATIC_BACKEND_MATCH"
"C:\Users\DIYA GOEL\Downloads\EBDESIGN\frontend\src\services\api.js","GET","/digital-twin","NO_STATIC_BACKEND_MATCH"
"C:\Users\DIYA GOEL\Downloads\EBDESIGN\frontend\src\services\api.js","POST","/remediation/perform","NO_STATIC_BACKEND_MATCH"
"C:\Users\DIYA GOEL\Downloads\EBDESIGN\frontend\src\pages\modules\M85\M85.jsx","GET","/api/v1/backend-modules/M085/","EXACT_METHOD_PATH"
"C:\Users\DIYA GOEL\Downloads\EBDESIGN\frontend\src\services\api.js","GET","/economic-development","NO_STATIC_BACKEND_MATCH"
"C:\Users\DIYA GOEL\Downloads\EBDESIGN\frontend\src\services\api.js","POST","/user-manager/manage","NO_STATIC_BACKEND_MATCH"
"C:\Users\DIYA GOEL\Downloads\EBDESIGN\frontend\src\services\api.js","GET","/predictive-analytics/demand-forecast","NO_STATIC_BACKEND_MATCH"
"C:\Users\DIYA GOEL\Downloads\EBDESIGN\frontend\src\services\api.js","GET","/wholesale","NO_STATIC_BACKEND_MATCH"
"C:\Users\DIYA GOEL\Downloads\EBDESIGN\frontend\src\services\api.js","GET","/cassandra-data","NO_STATIC_BACKEND_MATCH"
"C:\Users\DIYA GOEL\Downloads\EBDESIGN\frontend\src\services\api.js","POST","/grazing/manage","NO_STATIC_BACKEND_MATCH"
"C:\Users\DIYA GOEL\Downloads\EBDESIGN\frontend\src\services\api.js","GET","/decision-support","NO_STATIC_BACKEND_MATCH"
"C:\Users\DIYA GOEL\Downloads\EBDESIGN\frontend\src\pages\modules\M307\M307.jsx","GET","/api/v1/backend-modules/M307/","EXACT_METHOD_PATH"
"C:\Users\DIYA GOEL\Downloads\EBDESIGN\frontend\src\services\api.js","POST","/spices/manage","NO_STATIC_BACKEND_MATCH"
"C:\Users\DIYA GOEL\Downloads\EBDESIGN\frontend\src\services\api.js","POST","/water-optimization/optimize","NO_STATIC_BACKEND_MATCH"
"C:\Users\DIYA GOEL\Downloads\EBDESIGN\frontend\src\pages\modules\M93\M93.jsx","GET","/api/v1/backend-modules/M093/","EXACT_METHOD_PATH"
"C:\Users\DIYA GOEL\Downloads\EBDESIGN\frontend\src\services\api.js","GET","/clan-warfare","NO_STATIC_BACKEND_MATCH"
"C:\Users\DIYA GOEL\Downloads\EBDESIGN\frontend\src\services\api.js","GET","/ai/copilot/sessions","NO_STATIC_BACKEND_MATCH"
"C:\Users\DIYA GOEL\Downloads\EBDESIGN\frontend\src\services\api.js","GET","/firestore-data","NO_STATIC_BACKEND_MATCH"
"C:\Users\DIYA GOEL\Downloads\EBDESIGN\frontend\src\services\api.js","GET","/track-dart","NO_STATIC_BACKEND_MATCH"
"C:\Users\DIYA GOEL\Downloads\EBDESIGN\frontend\src\services\api.js","GET","/security","NO_STATIC_BACKEND_MATCH"
"C:\Users\DIYA GOEL\Downloads\EBDESIGN\frontend\src\services\api.js","POST","/online-protest/protest","NO_STATIC_BACKEND_MATCH"
"C:\Users\DIYA GOEL\Downloads\EBDESIGN\frontend\src\pages\modules\M240\M240.jsx","GET","/api/v1/backend-modules/M240/","EXACT_METHOD_PATH"
"C:\Users\DIYA GOEL\Downloads\EBDESIGN\frontend\src\services\api.js","GET","/gateways","NO_STATIC_BACKEND_MATCH"
"C:\Users\DIYA GOEL\Downloads\EBDESIGN\frontend\src\pages\modules\M77\M77.jsx","GET","/api/v1/backend-modules/M077/","EXACT_METHOD_PATH"
"C:\Users\DIYA GOEL\Downloads\EBDESIGN\frontend\src\services\api.js","GET","/realtime-monitoring/monitors","NO_STATIC_BACKEND_MATCH"
"C:\Users\DIYA GOEL\Downloads\EBDESIGN\frontend\src\services\api.js","GET","/market-trend","NO_STATIC_BACKEND_MATCH"
"C:\Users\DIYA GOEL\Downloads\EBDESIGN\frontend\src\services\api.js","GET","/transformers","NO_STATIC_BACKEND_MATCH"
"C:\Users\DIYA GOEL\Downloads\EBDESIGN\frontend\src\services\operationsApi.js","GET","/financial/overview","NO_STATIC_BACKEND_MATCH"
"C:\Users\DIYA GOEL\Downloads\EBDESIGN\frontend\src\services\api.js","POST","/water/manage","NO_STATIC_BACKEND_MATCH"
"C:\Users\DIYA GOEL\Downloads\EBDESIGN\frontend\src\services\api.js","POST","/resource-optimization/optimize","NO_STATIC_BACKEND_MATCH"
"C:\Users\DIYA GOEL\Downloads\EBDESIGN\frontend\src\services\api.js","GET","/innovation-resilience-farming","NO_STATIC_BACKEND_MATCH"
"C:\Users\DIYA GOEL\Downloads\EBDESIGN\frontend\src\services\api.js","POST","/agricultural-intelligence/predict-crop-yield","NO_STATIC_BACKEND_MATCH"
"C:\Users\DIYA GOEL\Downloads\EBDESIGN\frontend\src\services\api.js","POST","/documents/upload","NO_STATIC_BACKEND_MATCH"
"C:\Users\DIYA GOEL\Downloads\EBDESIGN\frontend\src\services\api.js","POST","/pattern-recognition-farming/implement","NO_STATIC_BACKEND_MATCH"
"C:\Users\DIYA GOEL\Downloads\EBDESIGN\frontend\src\pages\modules\M91\M91.jsx","GET","/api/v1/backend-modules/M091/","EXACT_METHOD_PATH"
"C:\Users\DIYA GOEL\Downloads\EBDESIGN\frontend\src\services\api.js","GET","/cost-control","NO_STATIC_BACKEND_MATCH"
"C:\Users\DIYA GOEL\Downloads\EBDESIGN\frontend\src\services\api.js","GET","/fisheries-harvest","NO_STATIC_BACKEND_MATCH"
"C:\Users\DIYA GOEL\Downloads\EBDESIGN\frontend\src\services\api.js","GET","/pesticides","NO_STATIC_BACKEND_MATCH"
"C:\Users\DIYA GOEL\Downloads\EBDESIGN\frontend\src\services\api.js","GET","/image-recognition-farming","NO_STATIC_BACKEND_MATCH"
"C:\Users\DIYA GOEL\Downloads\EBDESIGN\frontend\src\services\api.js","POST","/advanced-ai/run","NO_STATIC_BACKEND_MATCH"
"C:\Users\DIYA GOEL\Downloads\EBDESIGN\frontend\src\pages\modules\M294\M294.jsx","GET","/api/v1/backend-modules/M294/","EXACT_METHOD_PATH"
"C:\Users\DIYA GOEL\Downloads\EBDESIGN\frontend\src\services\api.js","POST","/research-development/ai-assistance","NO_STATIC_BACKEND_MATCH"
"C:\Users\DIYA GOEL\Downloads\EBDESIGN\frontend\src\services\api.js","GET","/services","NO_STATIC_BACKEND_MATCH"
"C:\Users\DIYA GOEL\Downloads\EBDESIGN\frontend\src\services\api.js","POST","/soil/manage","NO_STATIC_BACKEND_MATCH"
"C:\Users\DIYA GOEL\Downloads\EBDESIGN\frontend\src\services\api.js","POST","/nanotechnology/apply","NO_STATIC_BACKEND_MATCH"
"C:\Users\DIYA GOEL\Downloads\EBDESIGN\frontend\src\services\api.js","GET","/agricultural-intelligence","NO_STATIC_BACKEND_MATCH"
"C:\Users\DIYA GOEL\Downloads\EBDESIGN\frontend\src\services\api.js","GET","/provenance-data","NO_STATIC_BACKEND_MATCH"
"C:\Users\DIYA GOEL\Downloads\EBDESIGN\frontend\src\services\api.js","POST","/veterinary/manage","NO_STATIC_BACKEND_MATCH"
"C:\Users\DIYA GOEL\Downloads\EBDESIGN\frontend\src\pages\modules\M179\M179.jsx","GET","/api/v1/backend-modules/M179/","EXACT_METHOD_PATH"
"C:\Users\DIYA GOEL\Downloads\EBDESIGN\frontend\src\services\api.js","GET","/genetics","NO_STATIC_BACKEND_MATCH"
"C:\Users\DIYA GOEL\Downloads\EBDESIGN\frontend\src\services\api.js","POST","/bio-pesticide/item","NO_STATIC_BACKEND_MATCH"
"C:\Users\DIYA GOEL\Downloads\EBDESIGN\frontend\src\services\api.js","GET","/date-formats","NO_STATIC_BACKEND_MATCH"
"C:\Users\DIYA GOEL\Downloads\EBDESIGN\frontend\src\services\api.js","GET","/tribal-warfare","NO_STATIC_BACKEND_MATCH"
"C:\Users\DIYA GOEL\Downloads\EBDESIGN\frontend\src\services\api.js","POST","/resources/manage","NO_STATIC_BACKEND_MATCH"
"C:\Users\DIYA GOEL\Downloads\EBDESIGN\frontend\src\services\api.js","GET","/library/enterprise-index/activity/ledger/latest","NO_STATIC_BACKEND_MATCH"
"C:\Users\DIYA GOEL\Downloads\EBDESIGN\frontend\src\services\api.js","POST","/beekeeping/manage","NO_STATIC_BACKEND_MATCH"
"C:\Users\DIYA GOEL\Downloads\EBDESIGN\frontend\src\services\commerceApi.js","GET","/farmers","NO_STATIC_BACKEND_MATCH"
"C:\Users\DIYA GOEL\Downloads\EBDESIGN\frontend\src\services\api.js","POST","/trucks/manage","NO_STATIC_BACKEND_MATCH"
"C:\Users\DIYA GOEL\Downloads\EBDESIGN\frontend\src\services\api.js","GET","/research-development/collaborations","NO_STATIC_BACKEND_MATCH"
"C:\Users\DIYA GOEL\Downloads\EBDESIGN\frontend\src\services\api.js","GET","/folu/land-use-summary","NO_STATIC_BACKEND_MATCH"
"C:\Users\DIYA GOEL\Downloads\EBDESIGN\frontend\src\services\api.js","POST","/lab/tests","NO_STATIC_BACKEND_MATCH"
"C:\Users\DIYA GOEL\Downloads\EBDESIGN\frontend\src\services\api.js","POST","/partner-management","NO_STATIC_BACKEND_MATCH"
"C:\Users\DIYA GOEL\Downloads\EBDESIGN\frontend\src\services\api.js","GET","/seed-optimization","NO_STATIC_BACKEND_MATCH"
"C:\Users\DIYA GOEL\Downloads\EBDESIGN\frontend\src\services\api.js","POST","/schools/manage","NO_STATIC_BACKEND_MATCH"
"C:\Users\DIYA GOEL\Downloads\EBDESIGN\frontend\src\services\api.js","POST","/comprehensive-erp/create-profit-center","NO_STATIC_BACKEND_MATCH"
"C:\Users\DIYA GOEL\Downloads\EBDESIGN\frontend\src\services\componentApi.js","GET","/languages","NO_STATIC_BACKEND_MATCH"
"C:\Users\DIYA GOEL\Downloads\EBDESIGN\frontend\src\services\api.js","GET","/poultry-ai/predict-mortality-risk","NO_STATIC_BACKEND_MATCH"
"C:\Users\DIYA GOEL\Downloads\EBDESIGN\frontend\src\services\api.js","POST","/climate-smart-agriculture/implement","NO_STATIC_BACKEND_MATCH"
"C:\Users\DIYA GOEL\Downloads\EBDESIGN\frontend\src\services\api.js","GET","/contractor-management/contractors","NO_STATIC_BACKEND_MATCH"
"C:\Users\DIYA GOEL\Downloads\EBDESIGN\frontend\src\pages\modules\M298\M298.jsx","GET","/api/v1/backend-modules/M298/","EXACT_METHOD_PATH"
"C:\Users\DIYA GOEL\Downloads\EBDESIGN\frontend\src\services\api.js","POST","/habitats/manage","NO_STATIC_BACKEND_MATCH"
"C:\Users\DIYA GOEL\Downloads\EBDESIGN\frontend\src\services\api.js","POST","/industry-resilience-farming/build","NO_STATIC_BACKEND_MATCH"
"C:\Users\DIYA GOEL\Downloads\EBDESIGN\frontend\src\services\api.js","GET","/routes","NO_STATIC_BACKEND_MATCH"
"C:\Users\DIYA GOEL\Downloads\EBDESIGN\frontend\src\services\api.js","POST","/number-formats","NO_STATIC_BACKEND_MATCH"
"C:\Users\DIYA GOEL\Downloads\EBDESIGN\frontend\src\services\api.js","GET","/deployment-config","NO_STATIC_BACKEND_MATCH"
"C:\Users\DIYA GOEL\Downloads\EBDESIGN\frontend\src\services\api.js","GET","/animal-health/quarantines/active","NO_STATIC_BACKEND_MATCH"
"C:\Users\DIYA GOEL\Downloads\EBDESIGN\frontend\src\services\api.js","GET","/schedule-manager","NO_STATIC_BACKEND_MATCH"
"C:\Users\DIYA GOEL\Downloads\EBDESIGN\frontend\src\services\api.js","GET","/rainwater-harvesting/design-system","NO_STATIC_BACKEND_MATCH"
"C:\Users\DIYA GOEL\Downloads\EBDESIGN\frontend\src\services\commerceApi.js","GET","/products/categories/list","NO_STATIC_BACKEND_MATCH"
"C:\Users\DIYA GOEL\Downloads\EBDESIGN\frontend\src\services\coreApi.js","POST","/users/addresses","NO_STATIC_BACKEND_MATCH"
"C:\Users\DIYA GOEL\Downloads\EBDESIGN\frontend\src\services\api.js","POST","/disease-forecasting/forecast","NO_STATIC_BACKEND_MATCH"
"C:\Users\DIYA GOEL\Downloads\EBDESIGN\frontend\src\services\api.js","GET","/iot-farming","NO_STATIC_BACKEND_MATCH"
"C:\Users\DIYA GOEL\Downloads\EBDESIGN\frontend\src\services\operationsApi.js","POST","/logistics/vehicles","NO_STATIC_BACKEND_MATCH"
"C:\Users\DIYA GOEL\Downloads\EBDESIGN\frontend\src\services\api.js","GET","/farmers/market/demand-forecast","NO_STATIC_BACKEND_MATCH"
"C:\Users\DIYA GOEL\Downloads\EBDESIGN\frontend\src\services\api.js","GET","/role-manager","NO_STATIC_BACKEND_MATCH"
"C:\Users\DIYA GOEL\Downloads\EBDESIGN\frontend\src\services\api.js","GET","/sheep/feed-consumption","NO_STATIC_BACKEND_MATCH"
"C:\Users\DIYA GOEL\Downloads\EBDESIGN\frontend\src\services\api.js","GET","/vr","NO_STATIC_BACKEND_MATCH"
"C:\Users\DIYA GOEL\Downloads\EBDESIGN\frontend\src\services\api.js","GET","/scaling/policies","NO_STATIC_BACKEND_MATCH"
"C:\Users\DIYA GOEL\Downloads\EBDESIGN\frontend\src\services\api.js","POST","/diaspora-engagements/engage","NO_STATIC_BACKEND_MATCH"
"C:\Users\DIYA GOEL\Downloads\EBDESIGN\frontend\src\services\api.js","GET","/mushrooms","NO_STATIC_BACKEND_MATCH"
"C:\Users\DIYA GOEL\Downloads\EBDESIGN\frontend\src\services\api.js","POST","/wholesale/manage","NO_STATIC_BACKEND_MATCH"
"C:\Users\DIYA GOEL\Downloads\EBDESIGN\frontend\src\services\api.js","GET","/sunflowers","NO_STATIC_BACKEND_MATCH"
"C:\Users\DIYA GOEL\Downloads\EBDESIGN\frontend\src\services\api.js","POST","/farm-task/task","NO_STATIC_BACKEND_MATCH"
"C:\Users\DIYA GOEL\Downloads\EBDESIGN\frontend\src\services\api.js","GET","/sampling","NO_STATIC_BACKEND_MATCH"
"C:\Users\DIYA GOEL\Downloads\EBDESIGN\frontend\src\pages\modules\M300\M300.jsx","GET","/api/v1/backend-modules/M300/","EXACT_METHOD_PATH"
"C:\Users\DIYA GOEL\Downloads\EBDESIGN\frontend\src\pages\modules\M214\M214.jsx","GET","/api/v1/backend-modules/M214/","EXACT_METHOD_PATH"
"C:\Users\DIYA GOEL\Downloads\EBDESIGN\frontend\src\services\api.js","GET","/lessons-learned","NO_STATIC_BACKEND_MATCH"
"C:\Users\DIYA GOEL\Downloads\EBDESIGN\frontend\src\services\api.js","GET","/pasture","NO_STATIC_BACKEND_MATCH"
"C:\Users\DIYA GOEL\Downloads\EBDESIGN\frontend\src\services\api.js","POST","/project-systems/project","NO_STATIC_BACKEND_MATCH"
"C:\Users\DIYA GOEL\Downloads\EBDESIGN\frontend\src\services\api.js","POST","/search","NO_STATIC_BACKEND_MATCH"
"C:\Users\DIYA GOEL\Downloads\EBDESIGN\frontend\src\services\api.js","GET","/supply-chain-optimization","NO_STATIC_BACKEND_MATCH"
"C:\Users\DIYA GOEL\Downloads\EBDESIGN\frontend\src\services\api.js","POST","/library/initialize","NO_STATIC_BACKEND_MATCH"
"C:\Users\DIYA GOEL\Downloads\EBDESIGN\frontend\src\services\componentApi.js","PUT","/language/preferences","NO_STATIC_BACKEND_MATCH"
"C:\Users\DIYA GOEL\Downloads\EBDESIGN\frontend\src\services\api.js","POST","/compliance-audits/run","NO_STATIC_BACKEND_MATCH"
"C:\Users\DIYA GOEL\Downloads\EBDESIGN\frontend\src\services\api.js","GET","/security-audits","NO_STATIC_BACKEND_MATCH"
"C:\Users\DIYA GOEL\Downloads\EBDESIGN\frontend\src\services\api.js","POST","/permission-manager/manage","NO_STATIC_BACKEND_MATCH"
"C:\Users\DIYA GOEL\Downloads\EBDESIGN\frontend\src\services\api.js","GET","/inspections","NO_STATIC_BACKEND_MATCH"
"C:\Users\DIYA GOEL\Downloads\EBDESIGN\frontend\src\services\api.js","GET","/pyramid-health","NO_STATIC_BACKEND_MATCH"
"C:\Users\DIYA GOEL\Downloads\EBDESIGN\frontend\src\services\api.js","GET","/memetic-warfare","NO_STATIC_BACKEND_MATCH"
"C:\Users\DIYA GOEL\Downloads\EBDESIGN\frontend\src\services\api.js","POST","/storage/manage","NO_STATIC_BACKEND_MATCH"
"C:\Users\DIYA GOEL\Downloads\EBDESIGN\frontend\src\services\api.js","GET","/alerts","NO_STATIC_BACKEND_MATCH"
"C:\Users\DIYA GOEL\Downloads\EBDESIGN\frontend\src\pages\modules\M174\M174.jsx","GET","/api/v1/backend-modules/M174/","EXACT_METHOD_PATH"
"C:\Users\DIYA GOEL\Downloads\EBDESIGN\frontend\src\services\api.js","GET","/peers","NO_STATIC_BACKEND_MATCH"
"C:\Users\DIYA GOEL\Downloads\EBDESIGN\frontend\src\services\api.js","GET","/swine","NO_STATIC_BACKEND_MATCH"
"C:\Users\DIYA GOEL\Downloads\EBDESIGN\frontend\src\services\api.js","POST","/warnings/cleanup","NO_STATIC_BACKEND_MATCH"
"C:\Users\DIYA GOEL\Downloads\EBDESIGN\frontend\src\services\api.js","GET","/civic-engagements","NO_STATIC_BACKEND_MATCH"
"C:\Users\DIYA GOEL\Downloads\EBDESIGN\frontend\src\services\api.js","GET","/sensors","NO_STATIC_BACKEND_MATCH"
"C:\Users\DIYA GOEL\Downloads\EBDESIGN\frontend\src\services\api.js","GET","/rate-limits","NO_STATIC_BACKEND_MATCH"
"C:\Users\DIYA GOEL\Downloads\EBDESIGN\frontend\src\services\api.js","POST","/tankers/manage","NO_STATIC_BACKEND_MATCH"
"C:\Users\DIYA GOEL\Downloads\EBDESIGN\frontend\src\services\api.js","POST","/comprehensive-erp/create-w-b-s","NO_STATIC_BACKEND_MATCH"
"C:\Users\DIYA GOEL\Downloads\EBDESIGN\frontend\src\services\api.js","GET","/throttling-rules","NO_STATIC_BACKEND_MATCH"
"C:\Users\DIYA GOEL\Downloads\EBDESIGN\frontend\src\services\api.js","GET","/report-generator","NO_STATIC_BACKEND_MATCH"
"C:\Users\DIYA GOEL\Downloads\EBDESIGN\frontend\src\services\api.js","GET","/activities","NO_STATIC_BACKEND_MATCH"
"C:\Users\DIYA GOEL\Downloads\EBDESIGN\frontend\src\services\api.js","POST","/videos/manage","NO_STATIC_BACKEND_MATCH"
"C:\Users\DIYA GOEL\Downloads\EBDESIGN\frontend\src\pages\modules\M35\M35.jsx","GET","/api/v1/backend-modules/M035/","EXACT_METHOD_PATH"
"C:\Users\DIYA GOEL\Downloads\EBDESIGN\frontend\src\services\api.js","POST","/supply/manage","NO_STATIC_BACKEND_MATCH"
"C:\Users\DIYA GOEL\Downloads\EBDESIGN\frontend\src\services\api.js","GET","/adapters","NO_STATIC_BACKEND_MATCH"
"C:\Users\DIYA GOEL\Downloads\EBDESIGN\frontend\src\services\api.js","GET","/debugging/info","NO_STATIC_BACKEND_MATCH"
"C:\Users\DIYA GOEL\Downloads\EBDESIGN\frontend\src\services\api.js","GET","/farmers/pricing/categories","NO_STATIC_BACKEND_MATCH"
"C:\Users\DIYA GOEL\Downloads\EBDESIGN\frontend\src\services\api.js","GET","/livestock","NO_STATIC_BACKEND_MATCH"
"C:\Users\DIYA GOEL\Downloads\EBDESIGN\frontend\src\services\api.js","GET","/cultural-warfare","NO_STATIC_BACKEND_MATCH"
"C:\Users\DIYA GOEL\Downloads\EBDESIGN\frontend\src\services\api.js","GET","/enterprise-control","NO_STATIC_BACKEND_MATCH"
"C:\Users\DIYA GOEL\Downloads\EBDESIGN\frontend\src\pages\modules\M227\M227.jsx","GET","/api/v1/backend-modules/M227/","EXACT_METHOD_PATH"
"C:\Users\DIYA GOEL\Downloads\EBDESIGN\frontend\src\services\api.js","POST","/rows/manage","NO_STATIC_BACKEND_MATCH"
"C:\Users\DIYA GOEL\Downloads\EBDESIGN\frontend\src\services\api.js","GET","/vehicles","NO_STATIC_BACKEND_MATCH"
"C:\Users\DIYA GOEL\Downloads\EBDESIGN\frontend\src\services\api.js","POST","/requests","NO_STATIC_BACKEND_MATCH"
"C:\Users\DIYA GOEL\Downloads\EBDESIGN\frontend\src\services\api.js","POST","/schedule-manager/create","NO_STATIC_BACKEND_MATCH"
"C:\Users\DIYA GOEL\Downloads\EBDESIGN\frontend\src\services\api.js","GET","/decision-engine/decisions/active","NO_STATIC_BACKEND_MATCH"
"C:\Users\DIYA GOEL\Downloads\EBDESIGN\frontend\src\services\api.js","GET","/bioflocc-farm/tanks","NO_STATIC_BACKEND_MATCH"
"C:\Users\DIYA GOEL\Downloads\EBDESIGN\frontend\src\services\api.js","GET","/agro-meteorology/records","NO_STATIC_BACKEND_MATCH"
"C:\Users\DIYA GOEL\Downloads\EBDESIGN\frontend\src\services\api.js","GET","/ecommerce-business-sales/sales-analytics","NO_STATIC_BACKEND_MATCH"
"C:\Users\DIYA GOEL\Downloads\EBDESIGN\frontend\src\services\api.js","GET","/diagnostic-analytics-farming","NO_STATIC_BACKEND_MATCH"
"C:\Users\DIYA GOEL\Downloads\EBDESIGN\frontend\src\services\api.js","GET","/disclosure-resilience-farming","NO_STATIC_BACKEND_MATCH"
"C:\Users\DIYA GOEL\Downloads\EBDESIGN\frontend\src\services\api.js","POST","/pre-season/order","NO_STATIC_BACKEND_MATCH"
"C:\Users\DIYA GOEL\Downloads\EBDESIGN\frontend\src\services\api.js","GET","/authorization","NO_STATIC_BACKEND_MATCH"
"C:\Users\DIYA GOEL\Downloads\EBDESIGN\frontend\src\services\api.js","GET","/smart-farming","NO_STATIC_BACKEND_MATCH"
"C:\Users\DIYA GOEL\Downloads\EBDESIGN\frontend\src\services\api.js","GET","/cold-storage/status","NO_STATIC_BACKEND_MATCH"
"C:\Users\DIYA GOEL\Downloads\EBDESIGN\frontend\src\pages\modules\M97\M97.jsx","GET","/api/v1/backend-modules/M097/","EXACT_METHOD_PATH"
"C:\Users\DIYA GOEL\Downloads\EBDESIGN\frontend\src\services\api.js","POST","/future-markets/trade","NO_STATIC_BACKEND_MATCH"
"C:\Users\DIYA GOEL\Downloads\EBDESIGN\frontend\src\services\api.js","GET","/animal-health/quarantines","NO_STATIC_BACKEND_MATCH"
"C:\Users\DIYA GOEL\Downloads\EBDESIGN\frontend\src\services\api.js","POST","/hacktivism/action","NO_STATIC_BACKEND_MATCH"
"C:\Users\DIYA GOEL\Downloads\EBDESIGN\frontend\src\services\api.js","GET","/cattle-registry/animals","NO_STATIC_BACKEND_MATCH"
"C:\Users\DIYA GOEL\Downloads\EBDESIGN\frontend\src\services\api.js","POST","/home-automation/automate","NO_STATIC_BACKEND_MATCH"
"C:\Users\DIYA GOEL\Downloads\EBDESIGN\frontend\src\services\api.js","GET","/cv-models","NO_STATIC_BACKEND_MATCH"
"C:\Users\DIYA GOEL\Downloads\EBDESIGN\frontend\src\services\api.js","GET","/comprehensive-erp/get-cash-position","NO_STATIC_BACKEND_MATCH"
"C:\Users\DIYA GOEL\Downloads\EBDESIGN\frontend\src\services\api.js","GET","/shg/groups","NO_STATIC_BACKEND_MATCH"
"C:\Users\DIYA GOEL\Downloads\EBDESIGN\frontend\src\services\api.js","POST","/privacy-settings/consent","NO_STATIC_BACKEND_MATCH"
"C:\Users\DIYA GOEL\Downloads\EBDESIGN\frontend\src\services\api.js","GET","/supply","NO_STATIC_BACKEND_MATCH"
"C:\Users\DIYA GOEL\Downloads\EBDESIGN\frontend\src\services\api.js","GET","/ecommerce-erp","NO_STATIC_BACKEND_MATCH"
"C:\Users\DIYA GOEL\Downloads\EBDESIGN\frontend\src\services\api.js","GET","/watershed-management/monitor-health","NO_STATIC_BACKEND_MATCH"
"C:\Users\DIYA GOEL\Downloads\EBDESIGN\frontend\src\services\api.js","GET","/visualization","NO_STATIC_BACKEND_MATCH"
"C:\Users\DIYA GOEL\Downloads\EBDESIGN\frontend\src\services\api.js","GET","/narrative-warfare","NO_STATIC_BACKEND_MATCH"
"C:\Users\DIYA GOEL\Downloads\EBDESIGN\frontend\src\services\api.js","POST","/support/tickets","NO_STATIC_BACKEND_MATCH"
"C:\Users\DIYA GOEL\Downloads\EBDESIGN\frontend\src\pages\modules\M95\M95.jsx","GET","/api/v1/backend-modules/M095/","EXACT_METHOD_PATH"
"C:\Users\DIYA GOEL\Downloads\EBDESIGN\frontend\src\services\api.js","GET","/farmers/market/events","NO_STATIC_BACKEND_MATCH"
"C:\Users\DIYA GOEL\Downloads\EBDESIGN\frontend\src\pages\modules\M341\M341.jsx","GET","/api/v1/backend-modules/M341/","EXACT_METHOD_PATH"
"C:\Users\DIYA GOEL\Downloads\EBDESIGN\frontend\src\services\api.js","GET","/metric-analyses","NO_STATIC_BACKEND_MATCH"
"C:\Users\DIYA GOEL\Downloads\EBDESIGN\frontend\src\services\api.js","GET","/research-development/funding-opportunities","NO_STATIC_BACKEND_MATCH"
"C:\Users\DIYA GOEL\Downloads\EBDESIGN\frontend\src\pages\modules\M79\M79.jsx","GET","/api/v1/backend-modules/M079/","EXACT_METHOD_PATH"
"C:\Users\DIYA GOEL\Downloads\EBDESIGN\frontend\src\services\api.js","POST","/vendor-portal/manage","NO_STATIC_BACKEND_MATCH"
"C:\Users\DIYA GOEL\Downloads\EBDESIGN\frontend\src\services\api.js","POST","/management-resilience-farming/build","NO_STATIC_BACKEND_MATCH"
"C:\Users\DIYA GOEL\Downloads\EBDESIGN\frontend\src\services\api.js","GET","/experience-layer/components","NO_STATIC_BACKEND_MATCH"
"C:\Users\DIYA GOEL\Downloads\EBDESIGN\frontend\src\pages\modules\M335\M335.jsx","GET","/api/v1/backend-modules/M335/","EXACT_METHOD_PATH"
"C:\Users\DIYA GOEL\Downloads\EBDESIGN\frontend\src\services\api.js","POST","/crop-varieties","NO_STATIC_BACKEND_MATCH"
"C:\Users\DIYA GOEL\Downloads\EBDESIGN\frontend\src\services\api.js","GET","/trucks","NO_STATIC_BACKEND_MATCH"
"C:\Users\DIYA GOEL\Downloads\EBDESIGN\frontend\src\services\api.js","POST","/market-resilience-farming/build","NO_STATIC_BACKEND_MATCH"
"C:\Users\DIYA GOEL\Downloads\EBDESIGN\frontend\src\services\api.js","POST","/ai/voice/transcribe","NO_STATIC_BACKEND_MATCH"
"C:\Users\DIYA GOEL\Downloads\EBDESIGN\frontend\src\services\api.js","POST","/ai-self-healing/error-pattern","NO_STATIC_BACKEND_MATCH"
"C:\Users\DIYA GOEL\Downloads\EBDESIGN\frontend\src\services\api.js","POST","/ai-gateway/chat","NO_STATIC_BACKEND_MATCH"
"C:\Users\DIYA GOEL\Downloads\EBDESIGN\frontend\src\services\api.js","GET","/energy","NO_STATIC_BACKEND_MATCH"
"C:\Users\DIYA GOEL\Downloads\EBDESIGN\frontend\src\services\api.js","GET","/farmers/advisory/quick-questions","NO_STATIC_BACKEND_MATCH"
"C:\Users\DIYA GOEL\Downloads\EBDESIGN\frontend\src\services\api.js","PUT","/comprehensive-erp/configure","NO_STATIC_BACKEND_MATCH"
"C:\Users\DIYA GOEL\Downloads\EBDESIGN\frontend\src\services\api.js","POST","/digital-identity/identity","NO_STATIC_BACKEND_MATCH"
"C:\Users\DIYA GOEL\Downloads\EBDESIGN\frontend\src\services\api.js","GET","/remediation","NO_STATIC_BACKEND_MATCH"
"C:\Users\DIYA GOEL\Downloads\EBDESIGN\frontend\src\services\componentApi.js","POST","/farmer-portal/land-records/sync-government","NO_STATIC_BACKEND_MATCH"
"C:\Users\DIYA GOEL\Downloads\EBDESIGN\frontend\src\services\api.js","POST","/oats/manage","NO_STATIC_BACKEND_MATCH"
"C:\Users\DIYA GOEL\Downloads\EBDESIGN\frontend\src\pages\modules\M224\M224.jsx","GET","/api/v1/backend-modules/M224/","EXACT_METHOD_PATH"
"C:\Users\DIYA GOEL\Downloads\EBDESIGN\frontend\src\services\api.js","POST","/ai-brain/attention","NO_STATIC_BACKEND_MATCH"
"C:\Users\DIYA GOEL\Downloads\EBDESIGN\frontend\src\services\api.js","POST","/nutrient-management/plan","NO_STATIC_BACKEND_MATCH"
"C:\Users\DIYA GOEL\Downloads\EBDESIGN\frontend\src\services\api.js","POST","/tabulation/perform","NO_STATIC_BACKEND_MATCH"
"C:\Users\DIYA GOEL\Downloads\EBDESIGN\frontend\src\services\soilNutrientLandService.js","POST","/soil-nutrient-land/soil-health-cards","NO_STATIC_BACKEND_MATCH"
"C:\Users\DIYA GOEL\Downloads\EBDESIGN\frontend\src\services\api.js","GET","/pedigree","NO_STATIC_BACKEND_MATCH"
"C:\Users\DIYA GOEL\Downloads\EBDESIGN\frontend\src\services\api.js","POST","/machinery-optimization/optimize","NO_STATIC_BACKEND_MATCH"
"C:\Users\DIYA GOEL\Downloads\EBDESIGN\frontend\src\services\api.js","POST","/incidents","NO_STATIC_BACKEND_MATCH"
"C:\Users\DIYA GOEL\Downloads\EBDESIGN\frontend\src\pages\modules\M293\M293.jsx","GET","/api/v1/backend-modules/M293/","EXACT_METHOD_PATH"
"C:\Users\DIYA GOEL\Downloads\EBDESIGN\frontend\src\services\api.js","GET","/circuit-breakers","NO_STATIC_BACKEND_MATCH"
"C:\Users\DIYA GOEL\Downloads\EBDESIGN\frontend\src\pages\modules\M234\M234.jsx","GET","/api/v1/backend-modules/M234/","EXACT_METHOD_PATH"
"C:\Users\DIYA GOEL\Downloads\EBDESIGN\frontend\src\services\api.js","PUT","/privacy-settings","NO_STATIC_BACKEND_MATCH"
"C:\Users\DIYA GOEL\Downloads\EBDESIGN\frontend\src\pages\modules\M210\M210.jsx","GET","/api/v1/backend-modules/M210/","EXACT_METHOD_PATH"
"C:\Users\DIYA GOEL\Downloads\EBDESIGN\frontend\src\pages\modules\M102\M102.jsx","GET","/api/v1/backend-modules/M102/","EXACT_METHOD_PATH"
"C:\Users\DIYA GOEL\Downloads\EBDESIGN\frontend\src\pages\modules\M317\M317.jsx","GET","/api/v1/backend-modules/M317/","EXACT_METHOD_PATH"
"C:\Users\DIYA GOEL\Downloads\EBDESIGN\frontend\src\services\api.js","GET","/agricultural-intelligence/weather","NO_STATIC_BACKEND_MATCH"
"C:\Users\DIYA GOEL\Downloads\EBDESIGN\frontend\src\services\api.js","POST","/rainwater-structures","NO_STATIC_BACKEND_MATCH"
"C:\Users\DIYA GOEL\Downloads\EBDESIGN\frontend\src\services\api.js","GET","/consent-management/records","NO_STATIC_BACKEND_MATCH"
"C:\Users\DIYA GOEL\Downloads\EBDESIGN\frontend\src\services\api.js","GET","/performance-monitor","NO_STATIC_BACKEND_MATCH"
"C:\Users\DIYA GOEL\Downloads\EBDESIGN\frontend\src\services\api.js","GET","/ecommerce/ai/insights","NO_STATIC_BACKEND_MATCH"
"C:\Users\DIYA GOEL\Downloads\EBDESIGN\frontend\src\services\api.js","GET","/erp","NO_STATIC_BACKEND_MATCH"
"C:\Users\DIYA GOEL\Downloads\EBDESIGN\frontend\src\services\coreApi.js","PUT","/users/profile","NO_STATIC_BACKEND_MATCH"
"C:\Users\DIYA GOEL\Downloads\EBDESIGN\frontend\src\services\api.js","POST","/farmer-family/add","NO_STATIC_BACKEND_MATCH"
"C:\Users\DIYA GOEL\Downloads\EBDESIGN\frontend\src\services\api.js","GET","/banker","NO_STATIC_BACKEND_MATCH"
"C:\Users\DIYA GOEL\Downloads\EBDESIGN\frontend\src\services\api.js","GET","/payment-gateway/refund-payment","NO_STATIC_BACKEND_MATCH"
"C:\Users\DIYA GOEL\Downloads\EBDESIGN\frontend\src\services\api.js","POST","/bulk-orders","NO_STATIC_BACKEND_MATCH"
"C:\Users\DIYA GOEL\Downloads\EBDESIGN\frontend\src\services\api.js","GET","/digital-siege","NO_STATIC_BACKEND_MATCH"
"C:\Users\DIYA GOEL\Downloads\EBDESIGN\frontend\src\services\api.js","POST","/innovation-transfer/transfer","NO_STATIC_BACKEND_MATCH"
"C:\Users\DIYA GOEL\Downloads\EBDESIGN\frontend\src\pages\modules\M228\M228.jsx","GET","/api/v1/backend-modules/M228/","EXACT_METHOD_PATH"
"C:\Users\DIYA GOEL\Downloads\EBDESIGN\frontend\src\services\api.js","POST","/water-conservation/conserve","NO_STATIC_BACKEND_MATCH"
"C:\Users\DIYA GOEL\Downloads\EBDESIGN\frontend\src\services\api.js","GET","/nervous-system/brain-decision-history","NO_STATIC_BACKEND_MATCH"
"C:\Users\DIYA GOEL\Downloads\EBDESIGN\frontend\src\pages\modules\M190\M190.jsx","GET","/api/v1/backend-modules/M190/","EXACT_METHOD_PATH"
"C:\Users\DIYA GOEL\Downloads\EBDESIGN\frontend\src\services\api.js","GET","/precision-horticulture/readings","NO_STATIC_BACKEND_MATCH"
"C:\Users\DIYA GOEL\Downloads\EBDESIGN\frontend\src\services\api.js","POST","/social-media/manage","NO_STATIC_BACKEND_MATCH"
"C:\Users\DIYA GOEL\Downloads\EBDESIGN\frontend\src\services\api.js","GET","/information-sharing/document","NO_STATIC_BACKEND_MATCH"
"C:\Users\DIYA GOEL\Downloads\EBDESIGN\frontend\src\pages\modules\M287\M287.jsx","GET","/api/v1/backend-modules/M287/","EXACT_METHOD_PATH"
"C:\Users\DIYA GOEL\Downloads\EBDESIGN\frontend\src\services\api.js","GET","/climate-advisory/advisories","NO_STATIC_BACKEND_MATCH"
"C:\Users\DIYA GOEL\Downloads\EBDESIGN\frontend\src\services\api.js","POST","/compliance-tracking/track","NO_STATIC_BACKEND_MATCH"
"C:\Users\DIYA GOEL\Downloads\EBDESIGN\frontend\src\services\api.js","POST","/ai-brain/perception","NO_STATIC_BACKEND_MATCH"
"C:\Users\DIYA GOEL\Downloads\EBDESIGN\frontend\src\services\api.js","GET","/orchard/record-harvest","NO_STATIC_BACKEND_MATCH"
"C:\Users\DIYA GOEL\Downloads\EBDESIGN\frontend\src\pages\modules\M238\M238.jsx","GET","/api/v1/backend-modules/M238/","EXACT_METHOD_PATH"
"C:\Users\DIYA GOEL\Downloads\EBDESIGN\frontend\src\services\api.js","POST","/nutrition/analyze","NO_STATIC_BACKEND_MATCH"
"C:\Users\DIYA GOEL\Downloads\EBDESIGN\frontend\src\services\api.js","POST","/smart-contracts/deploy","NO_STATIC_BACKEND_MATCH"
"C:\Users\DIYA GOEL\Downloads\EBDESIGN\frontend\src\services\api.js","GET","/ai-agent/health","NO_STATIC_BACKEND_MATCH"
"C:\Users\DIYA GOEL\Downloads\EBDESIGN\frontend\src\services\api.js","GET","/information-warfare","NO_STATIC_BACKEND_MATCH"
"C:\Users\DIYA GOEL\Downloads\EBDESIGN\frontend\src\services\commerceApi.js","GET","/seed-vault/categories","NO_STATIC_BACKEND_MATCH"
"C:\Users\DIYA GOEL\Downloads\EBDESIGN\frontend\src\services\api.js","GET","/underground","NO_STATIC_BACKEND_MATCH"
"C:\Users\DIYA GOEL\Downloads\EBDESIGN\frontend\src\services\api.js","GET","/robotic-farming","NO_STATIC_BACKEND_MATCH"
"C:\Users\DIYA GOEL\Downloads\EBDESIGN\frontend\src\pages\modules\M137\M137.jsx","GET","/api/v1/backend-modules/M137/","EXACT_METHOD_PATH"
"C:\Users\DIYA GOEL\Downloads\EBDESIGN\frontend\src\services\api.js","GET","/floriculture/records","NO_STATIC_BACKEND_MATCH"
"C:\Users\DIYA GOEL\Downloads\EBDESIGN\frontend\src\services\api.js","POST","/capacity-sharing/share","NO_STATIC_BACKEND_MATCH"
"C:\Users\DIYA GOEL\Downloads\EBDESIGN\frontend\src\services\api.js","POST","/files/upload","NO_STATIC_BACKEND_MATCH"
"C:\Users\DIYA GOEL\Downloads\EBDESIGN\frontend\src\services\api.js","GET","/public-data/sources","NO_STATIC_BACKEND_MATCH"
"C:\Users\DIYA GOEL\Downloads\EBDESIGN\frontend\src\services\api.js","POST","/wood/manage","NO_STATIC_BACKEND_MATCH"
"C:\Users\DIYA GOEL\Downloads\EBDESIGN\frontend\src\pages\modules\M114\M114.jsx","GET","/api/v1/backend-modules/M114/","EXACT_METHOD_PATH"
"C:\Users\DIYA GOEL\Downloads\EBDESIGN\frontend\src\services\api.js","POST","/testing-resilience-farming/build","NO_STATIC_BACKEND_MATCH"
"C:\Users\DIYA GOEL\Downloads\EBDESIGN\frontend\src\services\api.js","GET","/checkout","NO_STATIC_BACKEND_MATCH"
"C:\Users\DIYA GOEL\Downloads\EBDESIGN\frontend\src\services\api.js","GET","/reporting","NO_STATIC_BACKEND_MATCH"
"C:\Users\DIYA GOEL\Downloads\EBDESIGN\frontend\src\services\api.js","GET","/insurance/policies","NO_STATIC_BACKEND_MATCH"
"C:\Users\DIYA GOEL\Downloads\EBDESIGN\frontend\src\services\api.js","POST","/weather/dispatch-check","NO_STATIC_BACKEND_MATCH"
"C:\Users\DIYA GOEL\Downloads\EBDESIGN\frontend\src\pages\modules\M64\M64.jsx","GET","/api/v1/backend-modules/M64/","EXACT_METHOD_PATH"
"C:\Users\DIYA GOEL\Downloads\EBDESIGN\frontend\src\services\api.js","GET","/rights","NO_STATIC_BACKEND_MATCH"
"C:\Users\DIYA GOEL\Downloads\EBDESIGN\frontend\src\services\api.js","POST","/oil-seeds/manage","NO_STATIC_BACKEND_MATCH"
"C:\Users\DIYA GOEL\Downloads\EBDESIGN\frontend\src\services\api.js","POST","/competitor/observe","NO_STATIC_BACKEND_MATCH"
"C:\Users\DIYA GOEL\Downloads\EBDESIGN\frontend\src\services\api.js","GET","/nervous-system/start-heart-beat","NO_STATIC_BACKEND_MATCH"
"C:\Users\DIYA GOEL\Downloads\EBDESIGN\frontend\src\services\coreApi.js","GET","/library/search","NO_STATIC_BACKEND_MATCH"
"C:\Users\DIYA GOEL\Downloads\EBDESIGN\frontend\src\services\api.js","POST","/outcome-measurements/measure","NO_STATIC_BACKEND_MATCH"
"C:\Users\DIYA GOEL\Downloads\EBDESIGN\frontend\src\pages\modules\M193\M193.jsx","GET","/api/v1/backend-modules/M193/","EXACT_METHOD_PATH"
"C:\Users\DIYA GOEL\Downloads\EBDESIGN\frontend\src\services\api.js","GET","/deals","NO_STATIC_BACKEND_MATCH"
"C:\Users\DIYA GOEL\Downloads\EBDESIGN\frontend\src\services\api.js","GET","/sap-module-architecture/overview","NO_STATIC_BACKEND_MATCH"
"C:\Users\DIYA GOEL\Downloads\EBDESIGN\frontend\src\services\api.js","GET","/payment-gateway/payment-status","NO_STATIC_BACKEND_MATCH"
"C:\Users\DIYA GOEL\Downloads\EBDESIGN\frontend\src\services\api.js","POST","/survey-management/survey","NO_STATIC_BACKEND_MATCH"
"C:\Users\DIYA GOEL\Downloads\EBDESIGN\frontend\src\services\api.js","GET","/audit-compliance","NO_STATIC_BACKEND_MATCH"
"C:\Users\DIYA GOEL\Downloads\EBDESIGN\frontend\src\services\api.js","GET","/land/parcels","NO_STATIC_BACKEND_MATCH"
"C:\Users\DIYA GOEL\Downloads\EBDESIGN\frontend\src\services\waterIrrigationService.js","POST","/water-irrigation/water-budgets","NO_STATIC_BACKEND_MATCH"
"C:\Users\DIYA GOEL\Downloads\EBDESIGN\frontend\src\services\api.js","GET","/ai/providers","NO_STATIC_BACKEND_MATCH"
"C:\Users\DIYA GOEL\Downloads\EBDESIGN\frontend\src\pages\modules\M118\M118.jsx","GET","/api/v1/backend-modules/M118/","EXACT_METHOD_PATH"
"C:\Users\DIYA GOEL\Downloads\EBDESIGN\frontend\src\pages\modules\M144\M144.jsx","GET","/api/v1/backend-modules/M144/","EXACT_METHOD_PATH"
"C:\Users\DIYA GOEL\Downloads\EBDESIGN\frontend\src\services\api.js","POST","/experience-sharing/share","NO_STATIC_BACKEND_MATCH"
"C:\Users\DIYA GOEL\Downloads\EBDESIGN\frontend\src\pages\modules\M217\M217.jsx","GET","/api/v1/backend-modules/M217/","EXACT_METHOD_PATH"
"C:\Users\DIYA GOEL\Downloads\EBDESIGN\frontend\src\services\api.js","POST","/cost-control/budget","NO_STATIC_BACKEND_MATCH"
"C:\Users\DIYA GOEL\Downloads\EBDESIGN\frontend\src\pages\modules\M187\M187.jsx","GET","/api/v1/backend-modules/M187/","EXACT_METHOD_PATH"
"C:\Users\DIYA GOEL\Downloads\EBDESIGN\frontend\src\services\api.js","POST","/supply-chains-resilience-farming/build","NO_STATIC_BACKEND_MATCH"
"C:\Users\DIYA GOEL\Downloads\EBDESIGN\frontend\src\pages\modules\M157\M157.jsx","GET","/api/v1/backend-modules/M157/","EXACT_METHOD_PATH"
"C:\Users\DIYA GOEL\Downloads\EBDESIGN\frontend\src\services\api.js","GET","/wind","NO_STATIC_BACKEND_MATCH"
"C:\Users\DIYA GOEL\Downloads\EBDESIGN\frontend\src\services\operationsApi.js","POST","/financial/advances","NO_STATIC_BACKEND_MATCH"
"C:\Users\DIYA GOEL\Downloads\EBDESIGN\frontend\src\services\api.js","GET","/digital-warfare","NO_STATIC_BACKEND_MATCH"
"C:\Users\DIYA GOEL\Downloads\EBDESIGN\frontend\src\services\api.js","POST","/yield/manage","NO_STATIC_BACKEND_MATCH"
"C:\Users\DIYA GOEL\Downloads\EBDESIGN\frontend\src\services\api.js","GET","/micro-finance","NO_STATIC_BACKEND_MATCH"
"C:\Users\DIYA GOEL\Downloads\EBDESIGN\frontend\src\services\api.js","GET","/mobility-rides/mobility-rides","NO_STATIC_BACKEND_MATCH"
"C:\Users\DIYA GOEL\Downloads\EBDESIGN\frontend\src\services\api.js","POST","/pipelines/manage","NO_STATIC_BACKEND_MATCH"
"C:\Users\DIYA GOEL\Downloads\EBDESIGN\frontend\src\services\api.js","GET","/sales","NO_STATIC_BACKEND_MATCH"
"C:\Users\DIYA GOEL\Downloads\EBDESIGN\frontend\src\services\api.js","GET","/products/categories","NO_STATIC_BACKEND_MATCH"
"C:\Users\DIYA GOEL\Downloads\EBDESIGN\frontend\src\services\api.js","PUT","/zookeeper-data","NO_STATIC_BACKEND_MATCH"
"C:\Users\DIYA GOEL\Downloads\EBDESIGN\frontend\src\services\api.js","POST","/crop-registrations","NO_STATIC_BACKEND_MATCH"
"C:\Users\DIYA GOEL\Downloads\EBDESIGN\frontend\src\services\api.js","GET","/crop-registrations","NO_STATIC_BACKEND_MATCH"
"C:\Users\DIYA GOEL\Downloads\EBDESIGN\frontend\src\services\api.js","GET","/analytics/reports","NO_STATIC_BACKEND_MATCH"
"C:\Users\DIYA GOEL\Downloads\EBDESIGN\frontend\src\services\api.js","GET","/new-products","NO_STATIC_BACKEND_MATCH"
"C:\Users\DIYA GOEL\Downloads\EBDESIGN\frontend\src\pages\modules\M59\M59.jsx","GET","/api/v1/backend-modules/M059/","EXACT_METHOD_PATH"
"C:\Users\DIYA GOEL\Downloads\EBDESIGN\frontend\src\services\api.js","POST","/sowing/record","NO_STATIC_BACKEND_MATCH"
"C:\Users\DIYA GOEL\Downloads\EBDESIGN\frontend\src\services\api.js","POST","/library/advanced-search","NO_STATIC_BACKEND_MATCH"
"C:\Users\DIYA GOEL\Downloads\EBDESIGN\frontend\src\services\api.js","POST","/experience-layer/motion","NO_STATIC_BACKEND_MATCH"
"C:\Users\DIYA GOEL\Downloads\EBDESIGN\frontend\src\services\api.js","GET","/animal-health/overview","NO_STATIC_BACKEND_MATCH"
"C:\Users\DIYA GOEL\Downloads\EBDESIGN\frontend\src\services\api.js","POST","/comprehensive-erp/create-material-master","NO_STATIC_BACKEND_MATCH"
"C:\Users\DIYA GOEL\Downloads\EBDESIGN\frontend\src\services\api.js","GET","/network-building","NO_STATIC_BACKEND_MATCH"
"C:\Users\DIYA GOEL\Downloads\EBDESIGN\frontend\src\services\api.js","GET","/rural-finance/rural-finance","NO_STATIC_BACKEND_MATCH"
"C:\Users\DIYA GOEL\Downloads\EBDESIGN\frontend\src\services\componentApi.js","POST","/ai/conversational/send","NO_STATIC_BACKEND_MATCH"
"C:\Users\DIYA GOEL\Downloads\EBDESIGN\frontend\src\services\api.js","GET","/soil-health-monitoring","NO_STATIC_BACKEND_MATCH"
"C:\Users\DIYA GOEL\Downloads\EBDESIGN\frontend\src\services\api.js","POST","/shg/member","NO_STATIC_BACKEND_MATCH"
"C:\Users\DIYA GOEL\Downloads\EBDESIGN\frontend\src\services\api.js","GET","/authorization/roles","NO_STATIC_BACKEND_MATCH"
"C:\Users\DIYA GOEL\Downloads\EBDESIGN\frontend\src\services\api.js","GET","/cold-fish-chain/shipments","NO_STATIC_BACKEND_MATCH"
"C:\Users\DIYA GOEL\Downloads\EBDESIGN\frontend\src\services\api.js","GET","/user-routes","NO_STATIC_BACKEND_MATCH"
"C:\Users\DIYA GOEL\Downloads\EBDESIGN\frontend\src\services\api.js","POST","/network/manage","NO_STATIC_BACKEND_MATCH"
"C:\Users\DIYA GOEL\Downloads\EBDESIGN\frontend\src\services\api.js","POST","/landscape/manage","NO_STATIC_BACKEND_MATCH"
"C:\Users\DIYA GOEL\Downloads\EBDESIGN\frontend\src\services\api.js","POST","/transparency-resilience-farming/build","NO_STATIC_BACKEND_MATCH"
"C:\Users\DIYA GOEL\Downloads\EBDESIGN\frontend\src\services\api.js","GET","/nervous-system/sensor-data","NO_STATIC_BACKEND_MATCH"
"C:\Users\DIYA GOEL\Downloads\EBDESIGN\frontend\src\services\api.js","GET","/logistics-enhancement/live-tracking","NO_STATIC_BACKEND_MATCH"
"C:\Users\DIYA GOEL\Downloads\EBDESIGN\frontend\src\services\api.js","POST","/funds","NO_STATIC_BACKEND_MATCH"
"C:\Users\DIYA GOEL\Downloads\EBDESIGN\frontend\src\services\api.js","POST","/security-scans/run","NO_STATIC_BACKEND_MATCH"
"C:\Users\DIYA GOEL\Downloads\EBDESIGN\frontend\src\services\api.js","GET","/farmer-health/records","NO_STATIC_BACKEND_MATCH"
"C:\Users\DIYA GOEL\Downloads\EBDESIGN\frontend\src\services\api.js","GET","/audit-checks","NO_STATIC_BACKEND_MATCH"
"C:\Users\DIYA GOEL\Downloads\EBDESIGN\frontend\src\services\api.js","POST","/blockchain-data/transactions","NO_STATIC_BACKEND_MATCH"
"C:\Users\DIYA GOEL\Downloads\EBDESIGN\frontend\src\services\api.js","GET","/insurance-claims","NO_STATIC_BACKEND_MATCH"
"C:\Users\DIYA GOEL\Downloads\EBDESIGN\frontend\src\services\api.js","POST","/energy/calculator","NO_STATIC_BACKEND_MATCH"
"C:\Users\DIYA GOEL\Downloads\EBDESIGN\frontend\src\services\api.js","GET","/cdn-data","NO_STATIC_BACKEND_MATCH"
"C:\Users\DIYA GOEL\Downloads\EBDESIGN\frontend\src\services\api.js","GET","/safety/incidents","NO_STATIC_BACKEND_MATCH"
"C:\Users\DIYA GOEL\Downloads\EBDESIGN\frontend\src\pages\modules\M281\M281.jsx","GET","/api/v1/backend-modules/M281/","EXACT_METHOD_PATH"
"C:\Users\DIYA GOEL\Downloads\EBDESIGN\frontend\src\services\api.js","GET","/infrastructure","NO_STATIC_BACKEND_MATCH"
"C:\Users\DIYA GOEL\Downloads\EBDESIGN\frontend\src\services\api.js","GET","/preventive-maintenance/records","NO_STATIC_BACKEND_MATCH"
"C:\Users\DIYA GOEL\Downloads\EBDESIGN\frontend\src\services\api.js","GET","/nervous-system/sensors-status","NO_STATIC_BACKEND_MATCH"
"C:\Users\DIYA GOEL\Downloads\EBDESIGN\frontend\src\modules\M001\M001Page.jsx","GET","/modules/m001/metrics","NO_STATIC_BACKEND_MATCH"
"C:\Users\DIYA GOEL\Downloads\EBDESIGN\frontend\src\services\api.js","GET","/comprehensive-erp/optimize-production-a-i","NO_STATIC_BACKEND_MATCH"
"C:\Users\DIYA GOEL\Downloads\EBDESIGN\frontend\src\services\api.js","POST","/farm-costing/calculate","NO_STATIC_BACKEND_MATCH"
"C:\Users\DIYA GOEL\Downloads\EBDESIGN\frontend\src\services\api.js","GET","/innovations","NO_STATIC_BACKEND_MATCH"
"C:\Users\DIYA GOEL\Downloads\EBDESIGN\frontend\src\services\api.js","POST","/water-analytics/prediction","NO_STATIC_BACKEND_MATCH"
"C:\Users\DIYA GOEL\Downloads\EBDESIGN\frontend\src\services\api.js","POST","/culture-resilience-farming/build","NO_STATIC_BACKEND_MATCH"
"C:\Users\DIYA GOEL\Downloads\EBDESIGN\frontend\src\services\api.js","POST","/roads/manage","NO_STATIC_BACKEND_MATCH"
"C:\Users\DIYA GOEL\Downloads\EBDESIGN\frontend\src\services\api.js","POST","/drought-monitoring/analyze","NO_STATIC_BACKEND_MATCH"
"C:\Users\DIYA GOEL\Downloads\EBDESIGN\frontend\src\services\api.js","POST","/public-opinion/shape","NO_STATIC_BACKEND_MATCH"
"C:\Users\DIYA GOEL\Downloads\EBDESIGN\frontend\src\services\api.js","GET","/family-resilience-farming","NO_STATIC_BACKEND_MATCH"
"C:\Users\DIYA GOEL\Downloads\EBDESIGN\frontend\src\services\api.js","POST","/digital-embargo/embargo","NO_STATIC_BACKEND_MATCH"
"C:\Users\DIYA GOEL\Downloads\EBDESIGN\frontend\src\services\api.js","GET","/organic-traceability/consumer-transparency","NO_STATIC_BACKEND_MATCH"
"C:\Users\DIYA GOEL\Downloads\EBDESIGN\frontend\src\pages\modules\M110\M110.jsx","GET","/api/v1/backend-modules/M110/","EXACT_METHOD_PATH"
"C:\Users\DIYA GOEL\Downloads\EBDESIGN\frontend\src\services\api.js","GET","/project-systems/wbs-cost-rollup","NO_STATIC_BACKEND_MATCH"
"C:\Users\DIYA GOEL\Downloads\EBDESIGN\frontend\src\services\coreApi.js","POST","/auth/2fa/setup","NO_STATIC_BACKEND_MATCH"
"C:\Users\DIYA GOEL\Downloads\EBDESIGN\frontend\src\services\api.js","GET","/villages","NO_STATIC_BACKEND_MATCH"
"C:\Users\DIYA GOEL\Downloads\EBDESIGN\frontend\src\pages\modules\M207\M207.jsx","GET","/api/v1/backend-modules/M207/","EXACT_METHOD_PATH"
"C:\Users\DIYA GOEL\Downloads\EBDESIGN\frontend\src\services\api.js","POST","/insurance/claim","NO_STATIC_BACKEND_MATCH"
"C:\Users\DIYA GOEL\Downloads\EBDESIGN\frontend\src\services\api.js","POST","/audio/upload","NO_STATIC_BACKEND_MATCH"
"C:\Users\DIYA GOEL\Downloads\EBDESIGN\frontend\src\services\componentApi.js","GET","/ai/conversational/history","NO_STATIC_BACKEND_MATCH"
"C:\Users\DIYA GOEL\Downloads\EBDESIGN\frontend\src\services\api.js","POST","/environmental-impact-farming/assess","NO_STATIC_BACKEND_MATCH"
"C:\Users\DIYA GOEL\Downloads\EBDESIGN\frontend\src\services\api.js","POST","/certifications","NO_STATIC_BACKEND_MATCH"
"C:\Users\DIYA GOEL\Downloads\EBDESIGN\frontend\src\services\api.js","GET","/cognitive-warfare","NO_STATIC_BACKEND_MATCH"
"C:\Users\DIYA GOEL\Downloads\EBDESIGN\frontend\src\services\api.js","POST","/financial/analyze","NO_STATIC_BACKEND_MATCH"
"C:\Users\DIYA GOEL\Downloads\EBDESIGN\frontend\src\services\api.js","GET","/notification-manager","NO_STATIC_BACKEND_MATCH"
"C:\Users\DIYA GOEL\Downloads\EBDESIGN\frontend\src\services\coreApi.js","POST","/privacy/rtbf","NO_STATIC_BACKEND_MATCH"
"C:\Users\DIYA GOEL\Downloads\EBDESIGN\frontend\src\services\api.js","GET","/rabbitmq-queues","NO_STATIC_BACKEND_MATCH"
"C:\Users\DIYA GOEL\Downloads\EBDESIGN\frontend\src\services\api.js","POST","/poultry/egg-production","NO_STATIC_BACKEND_MATCH"
"C:\Users\DIYA GOEL\Downloads\EBDESIGN\frontend\src\services\api.js","GET","/chambers-of-commerce","NO_STATIC_BACKEND_MATCH"
"C:\Users\DIYA GOEL\Downloads\EBDESIGN\frontend\src\services\api.js","GET","/enterprise-memory/knowledge-graph","NO_STATIC_BACKEND_MATCH"
"C:\Users\DIYA GOEL\Downloads\EBDESIGN\frontend\src\services\api.js","GET","/tracing/traces","NO_STATIC_BACKEND_MATCH"
"C:\Users\DIYA GOEL\Downloads\EBDESIGN\frontend\src\services\api.js","POST","/cost-control/cost-center","NO_STATIC_BACKEND_MATCH"
"C:\Users\DIYA GOEL\Downloads\EBDESIGN\frontend\src\pages\modules\M326\M326.jsx","GET","/api/v1/backend-modules/M326/","EXACT_METHOD_PATH"
"C:\Users\DIYA GOEL\Downloads\EBDESIGN\frontend\src\services\api.js","POST","/skills-resilience-farming/build","NO_STATIC_BACKEND_MATCH"
"C:\Users\DIYA GOEL\Downloads\EBDESIGN\frontend\src\services\api.js","POST","/operational-intelligence/analyze","NO_STATIC_BACKEND_MATCH"
"C:\Users\DIYA GOEL\Downloads\EBDESIGN\frontend\src\services\api.js","POST","/hatchery-management/manage","NO_STATIC_BACKEND_MATCH"
"C:\Users\DIYA GOEL\Downloads\EBDESIGN\frontend\src\services\api.js","GET","/virus","NO_STATIC_BACKEND_MATCH"
"C:\Users\DIYA GOEL\Downloads\EBDESIGN\frontend\src\services\api.js","GET","/ai-operation-intelligence/detect-anomalies","NO_STATIC_BACKEND_MATCH"
"C:\Users\DIYA GOEL\Downloads\EBDESIGN\frontend\src\pages\modules\M37\M37.jsx","GET","/api/v1/backend-modules/M037/","EXACT_METHOD_PATH"
"C:\Users\DIYA GOEL\Downloads\EBDESIGN\frontend\src\services\api.js","POST","/enterprise-control/control","NO_STATIC_BACKEND_MATCH"
"C:\Users\DIYA GOEL\Downloads\EBDESIGN\frontend\src\pages\modules\M320\M320.jsx","GET","/api/v1/backend-modules/M320/","EXACT_METHOD_PATH"
"C:\Users\DIYA GOEL\Downloads\EBDESIGN\frontend\src\services\api.js","POST","/vehicles/manage","NO_STATIC_BACKEND_MATCH"
"C:\Users\DIYA GOEL\Downloads\EBDESIGN\frontend\src\services\api.js","POST","/fisheries-water-quality/reading","NO_STATIC_BACKEND_MATCH"
"C:\Users\DIYA GOEL\Downloads\EBDESIGN\frontend\src\services\api.js","PUT","/unified-ai-gateway","NO_STATIC_BACKEND_MATCH"
"C:\Users\DIYA GOEL\Downloads\EBDESIGN\frontend\src\services\api.js","GET","/discounts","NO_STATIC_BACKEND_MATCH"
"C:\Users\DIYA GOEL\Downloads\EBDESIGN\frontend\src\pages\modules\M200\M200.jsx","GET","/api/v1/backend-modules/M200/","EXACT_METHOD_PATH"
"C:\Users\DIYA GOEL\Downloads\EBDESIGN\frontend\src\services\api.js","GET","/supply-chain-analytics","NO_STATIC_BACKEND_MATCH"
"C:\Users\DIYA GOEL\Downloads\EBDESIGN\frontend\src\services\api.js","GET","/infrastructure-resilience-farming","NO_STATIC_BACKEND_MATCH"
"C:\Users\DIYA GOEL\Downloads\EBDESIGN\frontend\src\services\api.js","GET","/conversational-ai/domains","NO_STATIC_BACKEND_MATCH"
"C:\Users\DIYA GOEL\Downloads\EBDESIGN\frontend\src\services\api.js","GET","/memcached-data","NO_STATIC_BACKEND_MATCH"
"C:\Users\DIYA GOEL\Downloads\EBDESIGN\frontend\src\services\api.js","POST","/digital-sanction/sanction","NO_STATIC_BACKEND_MATCH"
"C:\Users\DIYA GOEL\Downloads\EBDESIGN\frontend\src\services\api.js","GET","/profiler","NO_STATIC_BACKEND_MATCH"
"C:\Users\DIYA GOEL\Downloads\EBDESIGN\frontend\src\services\api.js","POST","/comprehensive-erp/create-chart-of-accounts","NO_STATIC_BACKEND_MATCH"
"C:\Users\DIYA GOEL\Downloads\EBDESIGN\frontend\src\services\api.js","GET","/pig/record-breeding","NO_STATIC_BACKEND_MATCH"
"C:\Users\DIYA GOEL\Downloads\EBDESIGN\frontend\src\services\api.js","GET","/breakdown-maintenance/records","NO_STATIC_BACKEND_MATCH"
"C:\Users\DIYA GOEL\Downloads\EBDESIGN\frontend\src\services\api.js","GET","/spare-parts/parts","NO_STATIC_BACKEND_MATCH"
"C:\Users\DIYA GOEL\Downloads\EBDESIGN\frontend\src\services\api.js","GET","/fallbacks","NO_STATIC_BACKEND_MATCH"
"C:\Users\DIYA GOEL\Downloads\EBDESIGN\frontend\src\services\api.js","POST","/micro-farms/manage","NO_STATIC_BACKEND_MATCH"
"C:\Users\DIYA GOEL\Downloads\EBDESIGN\frontend\src\services\api.js","POST","/timezones","NO_STATIC_BACKEND_MATCH"
"C:\Users\DIYA GOEL\Downloads\EBDESIGN\frontend\src\services\api.js","GET","/guardians","NO_STATIC_BACKEND_MATCH"
"C:\Users\DIYA GOEL\Downloads\EBDESIGN\frontend\src\services\api.js","POST","/crop-value-research/research","NO_STATIC_BACKEND_MATCH"
"C:\Users\DIYA GOEL\Downloads\EBDESIGN\frontend\src\services\api.js","POST","/information-warfare/wage","NO_STATIC_BACKEND_MATCH"
"C:\Users\DIYA GOEL\Downloads\EBDESIGN\frontend\src\pages\modules\M160\M160.jsx","GET","/api/v1/backend-modules/M160/","EXACT_METHOD_PATH"
"C:\Users\DIYA GOEL\Downloads\EBDESIGN\frontend\src\services\api.js","GET","/farmers/pricing/seasonality","NO_STATIC_BACKEND_MATCH"
"C:\Users\DIYA GOEL\Downloads\EBDESIGN\frontend\src\services\api.js","POST","/sessions","NO_STATIC_BACKEND_MATCH"
"C:\Users\DIYA GOEL\Downloads\EBDESIGN\frontend\src\services\api.js","GET","/advanced-ai","NO_STATIC_BACKEND_MATCH"
"C:\Users\DIYA GOEL\Downloads\EBDESIGN\frontend\src\services\api.js","GET","/yield/booking-curve","NO_STATIC_BACKEND_MATCH"
"C:\Users\DIYA GOEL\Downloads\EBDESIGN\frontend\src\services\api.js","GET","/hatchery-management/batches","NO_STATIC_BACKEND_MATCH"
"C:\Users\DIYA GOEL\Downloads\EBDESIGN\frontend\src\pages\modules\M276\M276.jsx","GET","/api/v1/backend-modules/M276/","EXACT_METHOD_PATH"
"C:\Users\DIYA GOEL\Downloads\EBDESIGN\frontend\src\services\api.js","GET","/ecommerce-integration/dietitian-recommendation","NO_STATIC_BACKEND_MATCH"
"C:\Users\DIYA GOEL\Downloads\EBDESIGN\frontend\src\services\api.js","POST","/notifications","NO_STATIC_BACKEND_MATCH"
"C:\Users\DIYA GOEL\Downloads\EBDESIGN\frontend\src\services\api.js","POST","/market-intelligence/intelligence","NO_STATIC_BACKEND_MATCH"
"C:\Users\DIYA GOEL\Downloads\EBDESIGN\frontend\src\services\api.js","GET","/logistics-enhancement/record-temperature","NO_STATIC_BACKEND_MATCH"
"C:\Users\DIYA GOEL\Downloads\EBDESIGN\frontend\src\services\api.js","POST","/cattle-registry/animal","NO_STATIC_BACKEND_MATCH"
"C:\Users\DIYA GOEL\Downloads\EBDESIGN\frontend\src\services\api.js","GET","/performance","NO_STATIC_BACKEND_MATCH"
"C:\Users\DIYA GOEL\Downloads\EBDESIGN\frontend\src\services\api.js","POST","/pest-forecasting/forecast","NO_STATIC_BACKEND_MATCH"
"C:\Users\DIYA GOEL\Downloads\EBDESIGN\frontend\src\services\api.js","GET","/logistics-enhancement/warehouse-inventory","NO_STATIC_BACKEND_MATCH"
"C:\Users\DIYA GOEL\Downloads\EBDESIGN\frontend\src\pages\modules\M124\M124.jsx","GET","/api/v1/backend-modules/M124/","EXACT_METHOD_PATH"
"C:\Users\DIYA GOEL\Downloads\EBDESIGN\frontend\src\services\api.js","GET","/peppers","NO_STATIC_BACKEND_MATCH"
"C:\Users\DIYA GOEL\Downloads\EBDESIGN\frontend\src\services\api.js","GET","/irrigation/water-sources","NO_STATIC_BACKEND_MATCH"
"C:\Users\DIYA GOEL\Downloads\EBDESIGN\frontend\src\services\api.js","POST","/digital-civil-disobedience/disobey","NO_STATIC_BACKEND_MATCH"
"C:\Users\DIYA GOEL\Downloads\EBDESIGN\frontend\src\services\commerceApi.js","POST","/seed-vault","NO_STATIC_BACKEND_MATCH"
"C:\Users\DIYA GOEL\Downloads\EBDESIGN\frontend\src\services\api.js","POST","/notification-manager/send","NO_STATIC_BACKEND_MATCH"
"C:\Users\DIYA GOEL\Downloads\EBDESIGN\frontend\src\services\api.js","POST","/diet-therapy/prescribe","NO_STATIC_BACKEND_MATCH"
"C:\Users\DIYA GOEL\Downloads\EBDESIGN\frontend\src\services\api.js","GET","/mongodb-data","NO_STATIC_BACKEND_MATCH"
"C:\Users\DIYA GOEL\Downloads\EBDESIGN\frontend\src\services\api.js","GET","/chaos/experiments","NO_STATIC_BACKEND_MATCH"
"C:\Users\DIYA GOEL\Downloads\EBDESIGN\frontend\src\services\api.js","GET","/watershed-management/implement-conservation","NO_STATIC_BACKEND_MATCH"
"C:\Users\DIYA GOEL\Downloads\EBDESIGN\frontend\src\services\api.js","GET","/debugger","NO_STATIC_BACKEND_MATCH"
"C:\Users\DIYA GOEL\Downloads\EBDESIGN\frontend\src\services\api.js","GET","/payments","NO_STATIC_BACKEND_MATCH"
"C:\Users\DIYA GOEL\Downloads\EBDESIGN\frontend\src\services\api.js","GET","/photos","NO_STATIC_BACKEND_MATCH"
"C:\Users\DIYA GOEL\Downloads\EBDESIGN\frontend\src\services\api.js","POST","/coupons/apply","NO_STATIC_BACKEND_MATCH"
"C:\Users\DIYA GOEL\Downloads\EBDESIGN\frontend\src\services\api.js","POST","/ml-farming/implement","NO_STATIC_BACKEND_MATCH"
"C:\Users\DIYA GOEL\Downloads\EBDESIGN\frontend\src\services\api.js","POST","/enterprise-memory/cases","NO_STATIC_BACKEND_MATCH"
"C:\Users\DIYA GOEL\Downloads\EBDESIGN\frontend\src\services\api.js","GET","/pre-season-order","NO_STATIC_BACKEND_MATCH"
"C:\Users\DIYA GOEL\Downloads\EBDESIGN\frontend\src\services\coreApi.js","GET","/auth/me","NO_STATIC_BACKEND_MATCH"
"C:\Users\DIYA GOEL\Downloads\EBDESIGN\frontend\src\services\api.js","POST","/spare-parts/part","NO_STATIC_BACKEND_MATCH"
"C:\Users\DIYA GOEL\Downloads\EBDESIGN\frontend\src\services\api.js","POST","/ecommerce-integration/integrate","NO_STATIC_BACKEND_MATCH"
"C:\Users\DIYA GOEL\Downloads\EBDESIGN\frontend\src\services\api.js","GET","/pre-season/dashboard","NO_STATIC_BACKEND_MATCH"
"C:\Users\DIYA GOEL\Downloads\EBDESIGN\frontend\src\pages\modules\M339\M339.jsx","GET","/api/v1/backend-modules/M339/","EXACT_METHOD_PATH"
"C:\Users\DIYA GOEL\Downloads\EBDESIGN\frontend\src\services\api.js","POST","/telecommunication/manage","NO_STATIC_BACKEND_MATCH"
"C:\Users\DIYA GOEL\Downloads\EBDESIGN\frontend\src\services\api.js","POST","/crop-management/manage","NO_STATIC_BACKEND_MATCH"
"C:\Users\DIYA GOEL\Downloads\EBDESIGN\frontend\src\services\api.js","GET","/system-config","NO_STATIC_BACKEND_MATCH"
"C:\Users\DIYA GOEL\Downloads\EBDESIGN\frontend\src\pages\modules\M128\M128.jsx","GET","/api/v1/backend-modules/M128/","EXACT_METHOD_PATH"
"C:\Users\DIYA GOEL\Downloads\EBDESIGN\frontend\src\components\AI\AIImageGeneratorDashboard.jsx","GET","/api/ai/images/analytics","NO_STATIC_BACKEND_MATCH"
"C:\Users\DIYA GOEL\Downloads\EBDESIGN\frontend\src\services\api.js","GET","/escalations","NO_STATIC_BACKEND_MATCH"
"C:\Users\DIYA GOEL\Downloads\EBDESIGN\frontend\src\pages\modules\M269\M269.jsx","GET","/api/v1/backend-modules/M269/","EXACT_METHOD_PATH"
"C:\Users\DIYA GOEL\Downloads\EBDESIGN\frontend\src\services\api.js","POST","/regulatory/manage","NO_STATIC_BACKEND_MATCH"
"C:\Users\DIYA GOEL\Downloads\EBDESIGN\frontend\src\services\api.js","POST","/discounts/apply","NO_STATIC_BACKEND_MATCH"
"C:\Users\DIYA GOEL\Downloads\EBDESIGN\frontend\src\services\api.js","POST","/climate-monitoring/report","NO_STATIC_BACKEND_MATCH"
"C:\Users\DIYA GOEL\Downloads\EBDESIGN\frontend\src\services\api.js","POST","/ai/insights","NO_STATIC_BACKEND_MATCH"
"C:\Users\DIYA GOEL\Downloads\EBDESIGN\frontend\src\services\api.js","GET","/library/enterprise-index/duplicates","NO_STATIC_BACKEND_MATCH"
"C:\Users\DIYA GOEL\Downloads\EBDESIGN\frontend\src\services\api.js","GET","/user-manager","NO_STATIC_BACKEND_MATCH"
"C:\Users\DIYA GOEL\Downloads\EBDESIGN\frontend\src\services\api.js","GET","/goat/record-breeding","NO_STATIC_BACKEND_MATCH"
"C:\Users\DIYA GOEL\Downloads\EBDESIGN\frontend\src\services\api.js","POST","/fleets/manage","NO_STATIC_BACKEND_MATCH"
"C:\Users\DIYA GOEL\Downloads\EBDESIGN\frontend\src\services\api.js","POST","/poultry-management/batch","NO_STATIC_BACKEND_MATCH"
"C:\Users\DIYA GOEL\Downloads\EBDESIGN\frontend\src\services\coreApi.js","POST","/auth/login","NO_STATIC_BACKEND_MATCH"
"C:\Users\DIYA GOEL\Downloads\EBDESIGN\frontend\src\services\api.js","POST","/production/manage","NO_STATIC_BACKEND_MATCH"
"C:\Users\DIYA GOEL\Downloads\EBDESIGN\frontend\src\services\api.js","POST","/virus/manage","NO_STATIC_BACKEND_MATCH"
"C:\Users\DIYA GOEL\Downloads\EBDESIGN\frontend\src\services\api.js","GET","/case-studies","NO_STATIC_BACKEND_MATCH"
"C:\Users\DIYA GOEL\Downloads\EBDESIGN\frontend\src\pages\modules\M342\M342.jsx","GET","/api/v1/backend-modules/M342/","EXACT_METHOD_PATH"
"C:\Users\DIYA GOEL\Downloads\EBDESIGN\frontend\src\services\api.js","GET","/caps","NO_STATIC_BACKEND_MATCH"
"C:\Users\DIYA GOEL\Downloads\EBDESIGN\frontend\src\pages\modules\M70\M70.jsx","GET","/api/v1/backend-modules/M070/","EXACT_METHOD_PATH"
"C:\Users\DIYA GOEL\Downloads\EBDESIGN\frontend\src\services\api.js","POST","/library/ai-context","NO_STATIC_BACKEND_MATCH"
"C:\Users\DIYA GOEL\Downloads\EBDESIGN\frontend\src\services\api.js","POST","/cyber-warfare/wage","NO_STATIC_BACKEND_MATCH"
"C:\Users\DIYA GOEL\Downloads\EBDESIGN\frontend\src\services\api.js","POST","/family-resilience-farming/build","NO_STATIC_BACKEND_MATCH"
"C:\Users\DIYA GOEL\Downloads\EBDESIGN\frontend\src\services\api.js","GET","/crop-management","NO_STATIC_BACKEND_MATCH"
"C:\Users\DIYA GOEL\Downloads\EBDESIGN\frontend\src\services\api.js","GET","/vineyards","NO_STATIC_BACKEND_MATCH"
"C:\Users\DIYA GOEL\Downloads\EBDESIGN\frontend\src\services\api.js","POST","/shared-infra/assets","NO_STATIC_BACKEND_MATCH"
"C:\Users\DIYA GOEL\Downloads\EBDESIGN\frontend\src\services\componentApi.js","POST","/i18n/translate","NO_STATIC_BACKEND_MATCH"
"C:\Users\DIYA GOEL\Downloads\EBDESIGN\frontend\src\services\api.js","POST","/human-development/plan","NO_STATIC_BACKEND_MATCH"
"C:\Users\DIYA GOEL\Downloads\EBDESIGN\frontend\src\services\api.js","GET","/escrow/list","NO_STATIC_BACKEND_MATCH"
"C:\Users\DIYA GOEL\Downloads\EBDESIGN\frontend\src\services\api.js","POST","/animal-health/treatment","NO_STATIC_BACKEND_MATCH"
"C:\Users\DIYA GOEL\Downloads\EBDESIGN\frontend\src\services\api.js","GET","/freight-pooling/pool-window","NO_STATIC_BACKEND_MATCH"
"C:\Users\DIYA GOEL\Downloads\EBDESIGN\frontend\src\services\api.js","POST","/product-reviews","NO_STATIC_BACKEND_MATCH"
"C:\Users\DIYA GOEL\Downloads\EBDESIGN\frontend\src\pages\modules\M303\M303.jsx","GET","/api/v1/backend-modules/M303/","EXACT_METHOD_PATH"
"C:\Users\DIYA GOEL\Downloads\EBDESIGN\frontend\src\services\api.js","GET","/sheep-ai/optimize-wool-production","NO_STATIC_BACKEND_MATCH"
"C:\Users\DIYA GOEL\Downloads\EBDESIGN\frontend\src\services\api.js","GET","/water-resource-mapping/resources","NO_STATIC_BACKEND_MATCH"
"C:\Users\DIYA GOEL\Downloads\EBDESIGN\frontend\src\services\api.js","GET","/return-load-board/search","NO_STATIC_BACKEND_MATCH"
"C:\Users\DIYA GOEL\Downloads\EBDESIGN\frontend\src\services\api.js","POST","/decision-support/compost-plan","NO_STATIC_BACKEND_MATCH"
"C:\Users\DIYA GOEL\Downloads\EBDESIGN\frontend\src\services\api.js","POST","/science/conduct","NO_STATIC_BACKEND_MATCH"
"C:\Users\DIYA GOEL\Downloads\EBDESIGN\frontend\src\services\api.js","GET","/nervous-system/register-enterprise-route","NO_STATIC_BACKEND_MATCH"
"C:\Users\DIYA GOEL\Downloads\EBDESIGN\frontend\src\services\api.js","POST","/permission-management/permission","NO_STATIC_BACKEND_MATCH"
"C:\Users\DIYA GOEL\Downloads\EBDESIGN\frontend\src\services\api.js","GET","/information-sharing/health-status","NO_STATIC_BACKEND_MATCH"
"C:\Users\DIYA GOEL\Downloads\EBDESIGN\frontend\src\services\api.js","GET","/people-resilience-farming","NO_STATIC_BACKEND_MATCH"
"C:\Users\DIYA GOEL\Downloads\EBDESIGN\frontend\src\services\api.js","GET","/game-meat","NO_STATIC_BACKEND_MATCH"
"C:\Users\DIYA GOEL\Downloads\EBDESIGN\frontend\src\services\api.js","POST","/customers-resilience-farming/build","NO_STATIC_BACKEND_MATCH"
"C:\Users\DIYA GOEL\Downloads\EBDESIGN\frontend\src\services\api.js","GET","/equipment-scheduling/schedules","NO_STATIC_BACKEND_MATCH"
"C:\Users\DIYA GOEL\Downloads\EBDESIGN\frontend\src\services\api.js","GET","/system","NO_STATIC_BACKEND_MATCH"
"C:\Users\DIYA GOEL\Downloads\EBDESIGN\frontend\src\services\api.js","GET","/renewable-energy/statistics","NO_STATIC_BACKEND_MATCH"
"C:\Users\DIYA GOEL\Downloads\EBDESIGN\frontend\src\services\api.js","GET","/computer-vision-farming","NO_STATIC_BACKEND_MATCH"
"C:\Users\DIYA GOEL\Downloads\EBDESIGN\frontend\src\services\api.js","POST","/technical/manage","NO_STATIC_BACKEND_MATCH"
"C:\Users\DIYA GOEL\Downloads\EBDESIGN\frontend\src\services\api.js","GET","/land","NO_STATIC_BACKEND_MATCH"
"C:\Users\DIYA GOEL\Downloads\EBDESIGN\frontend\src\services\api.js","POST","/logistics-optimization/optimize","NO_STATIC_BACKEND_MATCH"
"C:\Users\DIYA GOEL\Downloads\EBDESIGN\frontend\src\services\api.js","GET","/farm-costing/records","NO_STATIC_BACKEND_MATCH"
"C:\Users\DIYA GOEL\Downloads\EBDESIGN\frontend\src\services\componentApi.js","POST","/ai/voice/transcribe","NO_STATIC_BACKEND_MATCH"
"C:\Users\DIYA GOEL\Downloads\EBDESIGN\frontend\src\services\api.js","POST","/polyhouse/record","NO_STATIC_BACKEND_MATCH"
"C:\Users\DIYA GOEL\Downloads\EBDESIGN\frontend\src\pages\modules\M283\M283.jsx","GET","/api/v1/backend-modules/M283/","EXACT_METHOD_PATH"
"C:\Users\DIYA GOEL\Downloads\EBDESIGN\frontend\src\pages\modules\M202\M202.jsx","GET","/api/v1/backend-modules/M202/","EXACT_METHOD_PATH"
"C:\Users\DIYA GOEL\Downloads\EBDESIGN\frontend\src\services\api.js","POST","/library/sync-database","NO_STATIC_BACKEND_MATCH"
"C:\Users\DIYA GOEL\Downloads\EBDESIGN\frontend\src\services\api.js","GET","/weather/coverage","NO_STATIC_BACKEND_MATCH"
"C:\Users\DIYA GOEL\Downloads\EBDESIGN\frontend\src\services\api.js","POST","/plantations/manage","NO_STATIC_BACKEND_MATCH"
"C:\Users\DIYA GOEL\Downloads\EBDESIGN\frontend\src\services\api.js","GET","/risk-pricing","NO_STATIC_BACKEND_MATCH"
"C:\Users\DIYA GOEL\Downloads\EBDESIGN\frontend\src\services\api.js","POST","/disease-forecasting/forecasts/forecast","NO_STATIC_BACKEND_MATCH"
"C:\Users\DIYA GOEL\Downloads\EBDESIGN\frontend\src\services\api.js","GET","/grazing","NO_STATIC_BACKEND_MATCH"
"C:\Users\DIYA GOEL\Downloads\EBDESIGN\frontend\src\services\api.js","GET","/deployments","NO_STATIC_BACKEND_MATCH"
"C:\Users\DIYA GOEL\Downloads\EBDESIGN\frontend\src\services\api.js","GET","/gift-cards","NO_STATIC_BACKEND_MATCH"
"C:\Users\DIYA GOEL\Downloads\EBDESIGN\frontend\src\services\api.js","GET","/nutrient-management","NO_STATIC_BACKEND_MATCH"
"C:\Users\DIYA GOEL\Downloads\EBDESIGN\frontend\src\services\operationsApi.js","GET","/insurance/master-policies","NO_STATIC_BACKEND_MATCH"
"C:\Users\DIYA GOEL\Downloads\EBDESIGN\frontend\src\services\api.js","GET","/processes-resilience-farming","NO_STATIC_BACKEND_MATCH"
"C:\Users\DIYA GOEL\Downloads\EBDESIGN\frontend\src\services\api.js","POST","/industry/analyze","NO_STATIC_BACKEND_MATCH"
"C:\Users\DIYA GOEL\Downloads\EBDESIGN\frontend\src\services\operationsApi.js","POST","/logistics/shipments","NO_STATIC_BACKEND_MATCH"
"C:\Users\DIYA GOEL\Downloads\EBDESIGN\frontend\src\services\api.js","GET","/climate-risk/assessments","NO_STATIC_BACKEND_MATCH"
"C:\Users\DIYA GOEL\Downloads\EBDESIGN\frontend\src\services\api.js","POST","/products/manage","NO_STATIC_BACKEND_MATCH"
"C:\Users\DIYA GOEL\Downloads\EBDESIGN\frontend\src\services\api.js","GET","/storage-buckets","NO_STATIC_BACKEND_MATCH"
"C:\Users\DIYA GOEL\Downloads\EBDESIGN\frontend\src\services\api.js","POST","/certification-management/manage","NO_STATIC_BACKEND_MATCH"
"C:\Users\DIYA GOEL\Downloads\EBDESIGN\frontend\src\services\api.js","GET","/farm-analytics","NO_STATIC_BACKEND_MATCH"
"C:\Users\DIYA GOEL\Downloads\EBDESIGN\frontend\src\services\api.js","GET","/agroforestry","NO_STATIC_BACKEND_MATCH"
"C:\Users\DIYA GOEL\Downloads\EBDESIGN\frontend\src\services\api.js","GET","/micro-farms","NO_STATIC_BACKEND_MATCH"
"C:\Users\DIYA GOEL\Downloads\EBDESIGN\frontend\src\pages\modules\M302\M302.jsx","GET","/api/v1/backend-modules/M302/","EXACT_METHOD_PATH"
"C:\Users\DIYA GOEL\Downloads\EBDESIGN\frontend\src\services\api.js","POST","/soil-health/card","NO_STATIC_BACKEND_MATCH"
"C:\Users\DIYA GOEL\Downloads\EBDESIGN\frontend\src\services\api.js","GET","/investment","NO_STATIC_BACKEND_MATCH"
"C:\Users\DIYA GOEL\Downloads\EBDESIGN\frontend\src\services\api.js","GET","/industry-associations","NO_STATIC_BACKEND_MATCH"
"C:\Users\DIYA GOEL\Downloads\EBDESIGN\frontend\src\services\api.js","GET","/public-data/register-source","NO_STATIC_BACKEND_MATCH"
"C:\Users\DIYA GOEL\Downloads\EBDESIGN\frontend\src\services\api.js","POST","/security/manage","NO_STATIC_BACKEND_MATCH"
"C:\Users\DIYA GOEL\Downloads\EBDESIGN\frontend\src\services\api.js","GET","/horticulture","NO_STATIC_BACKEND_MATCH"
"C:\Users\DIYA GOEL\Downloads\EBDESIGN\frontend\src\services\api.js","GET","/technology-resilience-farming","NO_STATIC_BACKEND_MATCH"
"C:\Users\DIYA GOEL\Downloads\EBDESIGN\frontend\src\services\api.js","GET","/schedules","NO_STATIC_BACKEND_MATCH"
"C:\Users\DIYA GOEL\Downloads\EBDESIGN\frontend\src\pages\modules\M175\M175.jsx","GET","/api/v1/backend-modules/M175/","EXACT_METHOD_PATH"
"C:\Users\DIYA GOEL\Downloads\EBDESIGN\frontend\src\services\api.js","GET","/ai-gateway/statistics","NO_STATIC_BACKEND_MATCH"
"C:\Users\DIYA GOEL\Downloads\EBDESIGN\frontend\src\pages\modules\M229\M229.jsx","GET","/api/v1/backend-modules/M229/","EXACT_METHOD_PATH"
"C:\Users\DIYA GOEL\Downloads\EBDESIGN\frontend\src\services\api.js","POST","/animal-health/quarantine","NO_STATIC_BACKEND_MATCH"
"C:\Users\DIYA GOEL\Downloads\EBDESIGN\frontend\src\services\api.js","GET","/pig-ai/recommend-pig-breeding","NO_STATIC_BACKEND_MATCH"
"C:\Users\DIYA GOEL\Downloads\EBDESIGN\frontend\src\services\api.js","GET","/identity-management","NO_STATIC_BACKEND_MATCH"
"C:\Users\DIYA GOEL\Downloads\EBDESIGN\frontend\src\services\api.js","GET","/producer-groups","NO_STATIC_BACKEND_MATCH"
"C:\Users\DIYA GOEL\Downloads\EBDESIGN\frontend\src\services\api.js","POST","/research/conduct","NO_STATIC_BACKEND_MATCH"
"C:\Users\DIYA GOEL\Downloads\EBDESIGN\frontend\src\services\api.js","GET","/events","NO_STATIC_BACKEND_MATCH"
"C:\Users\DIYA GOEL\Downloads\EBDESIGN\frontend\src\services\api.js","POST","/sheep/feed-consumption","NO_STATIC_BACKEND_MATCH"
"C:\Users\DIYA GOEL\Downloads\EBDESIGN\frontend\src\services\api.js","GET","/soil-health/cards","NO_STATIC_BACKEND_MATCH"
"C:\Users\DIYA GOEL\Downloads\EBDESIGN\frontend\src\services\api.js","GET","/metrics","NO_STATIC_BACKEND_MATCH"
"C:\Users\DIYA GOEL\Downloads\EBDESIGN\frontend\src\services\api.js","GET","/pricing-optimization","NO_STATIC_BACKEND_MATCH"
"C:\Users\DIYA GOEL\Downloads\EBDESIGN\frontend\src\services\api.js","GET","/integrated-farming","NO_STATIC_BACKEND_MATCH"
"C:\Users\DIYA GOEL\Downloads\EBDESIGN\frontend\src\services\api.js","GET","/demand-forecast","NO_STATIC_BACKEND_MATCH"
"C:\Users\DIYA GOEL\Downloads\EBDESIGN\frontend\src\services\api.js","PUT","/notifications/read-all","NO_STATIC_BACKEND_MATCH"
"C:\Users\DIYA GOEL\Downloads\EBDESIGN\frontend\src\services\api.js","GET","/information-sharing/folders","NO_STATIC_BACKEND_MATCH"
"C:\Users\DIYA GOEL\Downloads\EBDESIGN\frontend\src\services\api.js","POST","/biodiversity-farming/assess","NO_STATIC_BACKEND_MATCH"
"C:\Users\DIYA GOEL\Downloads\EBDESIGN\frontend\src\services\api.js","GET","/quarantine","NO_STATIC_BACKEND_MATCH"
"C:\Users\DIYA GOEL\Downloads\EBDESIGN\frontend\src\services\api.js","POST","/tables/export","NO_STATIC_BACKEND_MATCH"
"C:\Users\DIYA GOEL\Downloads\EBDESIGN\frontend\src\services\api.js","GET","/property","NO_STATIC_BACKEND_MATCH"
"C:\Users\DIYA GOEL\Downloads\EBDESIGN\frontend\src\pages\modules\M182\M182.jsx","GET","/api/v1/backend-modules/M182/","EXACT_METHOD_PATH"
"C:\Users\DIYA GOEL\Downloads\EBDESIGN\frontend\src\services\api.js","GET","/nervous-system/process-event-through-brain","NO_STATIC_BACKEND_MATCH"
"C:\Users\DIYA GOEL\Downloads\EBDESIGN\frontend\src\services\api.js","POST","/ai/decisions/make","NO_STATIC_BACKEND_MATCH"
"C:\Users\DIYA GOEL\Downloads\EBDESIGN\frontend\src\services\api.js","GET","/government-scheme/csr-opportunities","NO_STATIC_BACKEND_MATCH"
"C:\Users\DIYA GOEL\Downloads\EBDESIGN\frontend\src\services\api.js","GET","/farm-productivity/metrics","NO_STATIC_BACKEND_MATCH"
"C:\Users\DIYA GOEL\Downloads\EBDESIGN\frontend\src\services\api.js","POST","/water-budgeting/budget","NO_STATIC_BACKEND_MATCH"
"C:\Users\DIYA GOEL\Downloads\EBDESIGN\frontend\src\services\api.js","GET","/animal-health","NO_STATIC_BACKEND_MATCH"
"C:\Users\DIYA GOEL\Downloads\EBDESIGN\frontend\src\services\api.js","GET","/transfers","NO_STATIC_BACKEND_MATCH"
"C:\Users\DIYA GOEL\Downloads\EBDESIGN\frontend\src\services\api.js","GET","/fertilizer-inventory/items","NO_STATIC_BACKEND_MATCH"
"C:\Users\DIYA GOEL\Downloads\EBDESIGN\frontend\src\services\api.js","GET","/wearable/handle-fitbit-callback","NO_STATIC_BACKEND_MATCH"
"C:\Users\DIYA GOEL\Downloads\EBDESIGN\frontend\src\services\api.js","POST","/partners-resilience-farming/build","NO_STATIC_BACKEND_MATCH"
"C:\Users\DIYA GOEL\Downloads\EBDESIGN\frontend\src\services\api.js","GET","/nervous-system/strengthen-neural-pathway","NO_STATIC_BACKEND_MATCH"
"C:\Users\DIYA GOEL\Downloads\EBDESIGN\frontend\src\services\api.js","GET","/insurance/ai/insights","NO_STATIC_BACKEND_MATCH"
"C:\Users\DIYA GOEL\Downloads\EBDESIGN\frontend\src\services\api.js","GET","/sectors","NO_STATIC_BACKEND_MATCH"
"C:\Users\DIYA GOEL\Downloads\EBDESIGN\frontend\src\services\api.js","POST","/admin/users","NO_STATIC_BACKEND_MATCH"
"C:\Users\DIYA GOEL\Downloads\EBDESIGN\frontend\src\services\api.js","POST","/sso/provider","NO_STATIC_BACKEND_MATCH"
"C:\Users\DIYA GOEL\Downloads\EBDESIGN\frontend\src\services\api.js","GET","/validation-resilience-farming","NO_STATIC_BACKEND_MATCH"
"C:\Users\DIYA GOEL\Downloads\EBDESIGN\frontend\src\services\api.js","GET","/risk-assessment","NO_STATIC_BACKEND_MATCH"
"C:\Users\DIYA GOEL\Downloads\EBDESIGN\frontend\src\modules\M001\M001Page.jsx","POST","/modules/m001/initialize","NO_STATIC_BACKEND_MATCH"
"C:\Users\DIYA GOEL\Downloads\EBDESIGN\frontend\src\services\api.js","GET","/animal-health/treatments","NO_STATIC_BACKEND_MATCH"
"C:\Users\DIYA GOEL\Downloads\EBDESIGN\frontend\src\pages\modules\M113\M113.jsx","GET","/api/v1/backend-modules/M113/","EXACT_METHOD_PATH"
"C:\Users\DIYA GOEL\Downloads\EBDESIGN\frontend\src\services\api.js","POST","/pedigree/manage","NO_STATIC_BACKEND_MATCH"
"C:\Users\DIYA GOEL\Downloads\EBDESIGN\frontend\src\services\api.js","GET","/enterprise-memory/cases","NO_STATIC_BACKEND_MATCH"
"C:\Users\DIYA GOEL\Downloads\EBDESIGN\frontend\src\services\api.js","POST","/decision-engine/trigger","NO_STATIC_BACKEND_MATCH"
"C:\Users\DIYA GOEL\Downloads\EBDESIGN\frontend\src\services\api.js","GET","/plant-health","NO_STATIC_BACKEND_MATCH"
"C:\Users\DIYA GOEL\Downloads\EBDESIGN\frontend\src\services\api.js","POST","/organic/manage","NO_STATIC_BACKEND_MATCH"
"C:\Users\DIYA GOEL\Downloads\EBDESIGN\frontend\src\services\api.js","GET","/competitor/position","NO_STATIC_BACKEND_MATCH"
"C:\Users\DIYA GOEL\Downloads\EBDESIGN\frontend\src\services\api.js","GET","/oxygen-generator","NO_STATIC_BACKEND_MATCH"
"C:\Users\DIYA GOEL\Downloads\EBDESIGN\frontend\src\services\api.js","POST","/sheep/wool-production","NO_STATIC_BACKEND_MATCH"
"C:\Users\DIYA GOEL\Downloads\EBDESIGN\frontend\src\services\api.js","POST","/fisheries-water-quality/monitor","NO_STATIC_BACKEND_MATCH"
"C:\Users\DIYA GOEL\Downloads\EBDESIGN\frontend\src\services\api.js","GET","/log-analyses","NO_STATIC_BACKEND_MATCH"
"C:\Users\DIYA GOEL\Downloads\EBDESIGN\frontend\src\services\api.js","GET","/water-conservation-farming","NO_STATIC_BACKEND_MATCH"
"C:\Users\DIYA GOEL\Downloads\EBDESIGN\frontend\src\services\api.js","POST","/performance/measure","NO_STATIC_BACKEND_MATCH"
"C:\Users\DIYA GOEL\Downloads\EBDESIGN\frontend\src\services\api.js","GET","/maintenance/schedules","NO_STATIC_BACKEND_MATCH"
"C:\Users\DIYA GOEL\Downloads\EBDESIGN\frontend\src\services\api.js","POST","/farmer-skills","NO_STATIC_BACKEND_MATCH"
"C:\Users\DIYA GOEL\Downloads\EBDESIGN\frontend\src\pages\modules\M231\M231.jsx","GET","/api/v1/backend-modules/M231/","EXACT_METHOD_PATH"
"C:\Users\DIYA GOEL\Downloads\EBDESIGN\frontend\src\pages\modules\M340\M340.jsx","GET","/api/v1/backend-modules/M340/","EXACT_METHOD_PATH"
"C:\Users\DIYA GOEL\Downloads\EBDESIGN\frontend\src\services\api.js","GET","/goat/vaccination-alerts","NO_STATIC_BACKEND_MATCH"
"C:\Users\DIYA GOEL\Downloads\EBDESIGN\frontend\src\services\api.js","GET","/transparency-resilience-farming","NO_STATIC_BACKEND_MATCH"
"C:\Users\DIYA GOEL\Downloads\EBDESIGN\frontend\src\pages\modules\M270\M270.jsx","GET","/api/v1/backend-modules/M270/","EXACT_METHOD_PATH"
"C:\Users\DIYA GOEL\Downloads\EBDESIGN\frontend\src\services\api.js","POST","/fisheries-compliance/check","NO_STATIC_BACKEND_MATCH"
"C:\Users\DIYA GOEL\Downloads\EBDESIGN\frontend\src\services\api.js","GET","/projects","NO_STATIC_BACKEND_MATCH"
"C:\Users\DIYA GOEL\Downloads\EBDESIGN\frontend\src\services\api.js","POST","/robotics/planning/advisory","NO_STATIC_BACKEND_MATCH"
"C:\Users\DIYA GOEL\Downloads\EBDESIGN\frontend\src\services\api.js","GET","/disabled-engagements","NO_STATIC_BACKEND_MATCH"
"C:\Users\DIYA GOEL\Downloads\EBDESIGN\frontend\src\services\api.js","POST","/competitors-resilience-farming/build","NO_STATIC_BACKEND_MATCH"
"C:\Users\DIYA GOEL\Downloads\EBDESIGN\frontend\src\services\api.js","GET","/machinery","NO_STATIC_BACKEND_MATCH"
"C:\Users\DIYA GOEL\Downloads\EBDESIGN\frontend\src\services\api.js","POST","/farm-analytics/analyze","NO_STATIC_BACKEND_MATCH"
"C:\Users\DIYA GOEL\Downloads\EBDESIGN\frontend\src\services\api.js","POST","/exchanges/request","NO_STATIC_BACKEND_MATCH"
"C:\Users\DIYA GOEL\Downloads\EBDESIGN\frontend\src\services\api.js","GET","/finance/verify-ledger","NO_STATIC_BACKEND_MATCH"
"C:\Users\DIYA GOEL\Downloads\EBDESIGN\frontend\src\services\api.js","GET","/load-tests","NO_STATIC_BACKEND_MATCH"
"C:\Users\DIYA GOEL\Downloads\EBDESIGN\frontend\src\services\api.js","GET","/videos","NO_STATIC_BACKEND_MATCH"
"C:\Users\DIYA GOEL\Downloads\EBDESIGN\frontend\src\services\api.js","GET","/water-conservation","NO_STATIC_BACKEND_MATCH"
"C:\Users\DIYA GOEL\Downloads\EBDESIGN\frontend\src\pages\modules\M315\M315.jsx","GET","/api/v1/backend-modules/M315/","EXACT_METHOD_PATH"
"C:\Users\DIYA GOEL\Downloads\EBDESIGN\frontend\src\services\api.js","GET","/market-access","NO_STATIC_BACKEND_MATCH"
"C:\Users\DIYA GOEL\Downloads\EBDESIGN\frontend\src\pages\modules\M278\M278.jsx","GET","/api/v1/backend-modules/M278/","EXACT_METHOD_PATH"
"C:\Users\DIYA GOEL\Downloads\EBDESIGN\frontend\src\services\api.js","GET","/defense-fitness-prep","NO_STATIC_BACKEND_MATCH"
"C:\Users\DIYA GOEL\Downloads\EBDESIGN\frontend\src\services\api.js","POST","/image-recognition-farming/implement","NO_STATIC_BACKEND_MATCH"
"C:\Users\DIYA GOEL\Downloads\EBDESIGN\frontend\src\services\api.js","GET","/agricultural-intelligence/analytics","NO_STATIC_BACKEND_MATCH"
"C:\Users\DIYA GOEL\Downloads\EBDESIGN\frontend\src\services\api.js","GET","/dairy-ai","NO_STATIC_BACKEND_MATCH"
"C:\Users\DIYA GOEL\Downloads\EBDESIGN\frontend\src\services\api.js","POST","/decision-support/eco-logistics-miles","NO_STATIC_BACKEND_MATCH"
"C:\Users\DIYA GOEL\Downloads\EBDESIGN\frontend\src\services\api.js","POST","/genetics/analyze","NO_STATIC_BACKEND_MATCH"
"C:\Users\DIYA GOEL\Downloads\EBDESIGN\frontend\src\pages\modules\M223\M223.jsx","GET","/api/v1/backend-modules/M223/","EXACT_METHOD_PATH"
"C:\Users\DIYA GOEL\Downloads\EBDESIGN\frontend\src\services\api.js","GET","/enterprise-control/legal/calendar","NO_STATIC_BACKEND_MATCH"
"C:\Users\DIYA GOEL\Downloads\EBDESIGN\frontend\src\services\api.js","GET","/market/prices","NO_STATIC_BACKEND_MATCH"
"C:\Users\DIYA GOEL\Downloads\EBDESIGN\frontend\src\services\api.js","GET","/food-grains","NO_STATIC_BACKEND_MATCH"
"C:\Users\DIYA GOEL\Downloads\EBDESIGN\frontend\src\services\api.js","POST","/aquatic-farming/manage","NO_STATIC_BACKEND_MATCH"
"C:\Users\DIYA GOEL\Downloads\EBDESIGN\frontend\src\services\api.js","GET","/biofertilizer/items","NO_STATIC_BACKEND_MATCH"
"C:\Users\DIYA GOEL\Downloads\EBDESIGN\frontend\src\services\api.js","GET","/states","NO_STATIC_BACKEND_MATCH"
"C:\Users\DIYA GOEL\Downloads\EBDESIGN\frontend\src\services\api.js","GET","/news-feed","NO_STATIC_BACKEND_MATCH"
"C:\Users\DIYA GOEL\Downloads\EBDESIGN\frontend\src\services\api.js","POST","/defense-fitness-prep/prepare","NO_STATIC_BACKEND_MATCH"
"C:\Users\DIYA GOEL\Downloads\EBDESIGN\frontend\src\services\operationsApi.js","POST","/insurance/policies","NO_STATIC_BACKEND_MATCH"
"C:\Users\DIYA GOEL\Downloads\EBDESIGN\frontend\src\services\vendorProcurementService.js","GET","/vendor-procurement/vendors","NO_STATIC_BACKEND_MATCH"
"C:\Users\DIYA GOEL\Downloads\EBDESIGN\frontend\src\services\api.js","GET","/information-sharing/permissions","NO_STATIC_BACKEND_MATCH"
"C:\Users\DIYA GOEL\Downloads\EBDESIGN\frontend\src\services\api.js","GET","/teams","NO_STATIC_BACKEND_MATCH"
"C:\Users\DIYA GOEL\Downloads\EBDESIGN\frontend\src\services\api.js","GET","/government-schemes","NO_STATIC_BACKEND_MATCH"
"C:\Users\DIYA GOEL\Downloads\EBDESIGN\frontend\src\services\api.js","GET","/climate-monitoring/drought","NO_STATIC_BACKEND_MATCH"
"C:\Users\DIYA GOEL\Downloads\EBDESIGN\frontend\src\services\api.js","GET","/digital-embargo","NO_STATIC_BACKEND_MATCH"
"C:\Users\DIYA GOEL\Downloads\EBDESIGN\frontend\src\services\soilNutrientLandService.js","POST","/soil-nutrient-land/land-mapping","NO_STATIC_BACKEND_MATCH"
"C:\Users\DIYA GOEL\Downloads\EBDESIGN\frontend\src\services\api.js","GET","/poultry-management/batches","NO_STATIC_BACKEND_MATCH"
"C:\Users\DIYA GOEL\Downloads\EBDESIGN\frontend\src\services\api.js","GET","/aquaculture-analytics/metrics","NO_STATIC_BACKEND_MATCH"
"C:\Users\DIYA GOEL\Downloads\EBDESIGN\frontend\src\services\api.js","POST","/sustainability-farming/implement","NO_STATIC_BACKEND_MATCH"
"C:\Users\DIYA GOEL\Downloads\EBDESIGN\frontend\src\services\api.js","GET","/research-development/rd-projects","NO_STATIC_BACKEND_MATCH"
"C:\Users\DIYA GOEL\Downloads\EBDESIGN\frontend\src\services\api.js","POST","/complete-erp-integration/integrate","NO_STATIC_BACKEND_MATCH"
"C:\Users\DIYA GOEL\Downloads\EBDESIGN\frontend\src\services\api.js","POST","/log-analyses/run","NO_STATIC_BACKEND_MATCH"
"C:\Users\DIYA GOEL\Downloads\EBDESIGN\frontend\src\services\vendorProcurementService.js","GET","/vendor-procurement/procurement-requests","NO_STATIC_BACKEND_MATCH"
"C:\Users\DIYA GOEL\Downloads\EBDESIGN\frontend\src\services\api.js","POST","/smart-farming/implement","NO_STATIC_BACKEND_MATCH"
"C:\Users\DIYA GOEL\Downloads\EBDESIGN\frontend\src\services\api.js","POST","/spatial/analyze","NO_STATIC_BACKEND_MATCH"
"C:\Users\DIYA GOEL\Downloads\EBDESIGN\frontend\src\services\api.js","POST","/poultry/flock","NO_STATIC_BACKEND_MATCH"
"C:\Users\DIYA GOEL\Downloads\EBDESIGN\frontend\src\services\api.js","POST","/policy-influence/influence","NO_STATIC_BACKEND_MATCH"
"C:\Users\DIYA GOEL\Downloads\EBDESIGN\frontend\src\services\api.js","PUT","/etcd-data","NO_STATIC_BACKEND_MATCH"
"C:\Users\DIYA GOEL\Downloads\EBDESIGN\frontend\src\services\api.js","POST","/ai/product-media/generate","NO_STATIC_BACKEND_MATCH"
"C:\Users\DIYA GOEL\Downloads\EBDESIGN\frontend\src\services\api.js","POST","/feedback","NO_STATIC_BACKEND_MATCH"
"C:\Users\DIYA GOEL\Downloads\EBDESIGN\frontend\src\services\api.js","POST","/farmer-value/calculate","NO_STATIC_BACKEND_MATCH"
"C:\Users\DIYA GOEL\Downloads\EBDESIGN\frontend\src\components\Farmer\FarmerImagePortal.jsx","GET","/api/farmer/dashboard","PARAMETERIZED_PATH"
"C:\Users\DIYA GOEL\Downloads\EBDESIGN\frontend\src\services\api.js","POST","/fleet-management/vehicle","NO_STATIC_BACKEND_MATCH"
"C:\Users\DIYA GOEL\Downloads\EBDESIGN\frontend\src\services\api.js","POST","/seed-optimization/optimize","NO_STATIC_BACKEND_MATCH"
"C:\Users\DIYA GOEL\Downloads\EBDESIGN\frontend\src\services\api.js","GET","/integrations","NO_STATIC_BACKEND_MATCH"
"C:\Users\DIYA GOEL\Downloads\EBDESIGN\frontend\src\services\api.js","POST","/total-warfare/wage","NO_STATIC_BACKEND_MATCH"
"C:\Users\DIYA GOEL\Downloads\EBDESIGN\frontend\src\pages\modules\M60\M60.jsx","GET","/api/v1/backend-modules/M060/","EXACT_METHOD_PATH"
"C:\Users\DIYA GOEL\Downloads\EBDESIGN\frontend\src\services\api.js","GET","/rural-development-projects","NO_STATIC_BACKEND_MATCH"
"C:\Users\DIYA GOEL\Downloads\EBDESIGN\frontend\src\services\api.js","POST","/civil-disruption/report","NO_STATIC_BACKEND_MATCH"
"C:\Users\DIYA GOEL\Downloads\EBDESIGN\frontend\src\services\api.js","GET","/security-access-control/ip-lists","NO_STATIC_BACKEND_MATCH"
"C:\Users\DIYA GOEL\Downloads\EBDESIGN\frontend\src\pages\modules\M226\M226.jsx","GET","/api/v1/backend-modules/M226/","EXACT_METHOD_PATH"
"C:\Users\DIYA GOEL\Downloads\EBDESIGN\frontend\src\services\api.js","GET","/migrations","NO_STATIC_BACKEND_MATCH"
"C:\Users\DIYA GOEL\Downloads\EBDESIGN\frontend\src\services\api.js","GET","/ecommerce-ai/market-basket","NO_STATIC_BACKEND_MATCH"
"C:\Users\DIYA GOEL\Downloads\EBDESIGN\frontend\src\services\api.js","GET","/security-access-control/security-events","NO_STATIC_BACKEND_MATCH"
"C:\Users\DIYA GOEL\Downloads\EBDESIGN\frontend\src\services\api.js","GET","/minority-engagements","NO_STATIC_BACKEND_MATCH"
"C:\Users\DIYA GOEL\Downloads\EBDESIGN\frontend\src\services\api.js","GET","/support-tickets","NO_STATIC_BACKEND_MATCH"
"C:\Users\DIYA GOEL\Downloads\EBDESIGN\frontend\src\services\api.js","POST","/shg/group","NO_STATIC_BACKEND_MATCH"
"C:\Users\DIYA GOEL\Downloads\EBDESIGN\frontend\src\services\api.js","POST","/ethnic-warfare/wage","NO_STATIC_BACKEND_MATCH"
"C:\Users\DIYA GOEL\Downloads\EBDESIGN\frontend\src\services\api.js","GET","/fleet-management/maintenance-due","NO_STATIC_BACKEND_MATCH"
"C:\Users\DIYA GOEL\Downloads\EBDESIGN\frontend\src\services\api.js","GET","/farmer-value/season-ledger","NO_STATIC_BACKEND_MATCH"
"C:\Users\DIYA GOEL\Downloads\EBDESIGN\frontend\src\pages\modules\M164\M164.jsx","GET","/api/v1/backend-modules/M164/","EXACT_METHOD_PATH"
"C:\Users\DIYA GOEL\Downloads\EBDESIGN\frontend\src\services\api.js","GET","/education-resilience-farming","NO_STATIC_BACKEND_MATCH"
"C:\Users\DIYA GOEL\Downloads\EBDESIGN\frontend\src\services\api.js","GET","/information-sharing/set-permission","NO_STATIC_BACKEND_MATCH"
"C:\Users\DIYA GOEL\Downloads\EBDESIGN\frontend\src\pages\modules\M273\M273.jsx","GET","/api/v1/backend-modules/M273/","EXACT_METHOD_PATH"
"C:\Users\DIYA GOEL\Downloads\EBDESIGN\frontend\src\services\api.js","POST","/recommendations/generate","NO_STATIC_BACKEND_MATCH"
"C:\Users\DIYA GOEL\Downloads\EBDESIGN\frontend\src\services\api.js","GET","/herds","NO_STATIC_BACKEND_MATCH"
"C:\Users\DIYA GOEL\Downloads\EBDESIGN\frontend\src\services\api.js","POST","/performance/analyze","NO_STATIC_BACKEND_MATCH"
"C:\Users\DIYA GOEL\Downloads\EBDESIGN\frontend\src\services\api.js","GET","/virtual","NO_STATIC_BACKEND_MATCH"
"C:\Users\DIYA GOEL\Downloads\EBDESIGN\frontend\src\services\api.js","GET","/monitoring","NO_STATIC_BACKEND_MATCH"
"C:\Users\DIYA GOEL\Downloads\EBDESIGN\frontend\src\services\api.js","GET","/social-media","NO_STATIC_BACKEND_MATCH"
"C:\Users\DIYA GOEL\Downloads\EBDESIGN\frontend\src\services\api.js","POST","/agricultural-intelligence/recommend-fertilizer","NO_STATIC_BACKEND_MATCH"
"C:\Users\DIYA GOEL\Downloads\EBDESIGN\frontend\src\services\api.js","GET","/ecommerce-marketplace/seller-listings","NO_STATIC_BACKEND_MATCH"
"C:\Users\DIYA GOEL\Downloads\EBDESIGN\frontend\src\services\api.js","GET","/wearable-integration","NO_STATIC_BACKEND_MATCH"
"C:\Users\DIYA GOEL\Downloads\EBDESIGN\frontend\src\services\api.js","GET","/edge-locations","NO_STATIC_BACKEND_MATCH"
"C:\Users\DIYA GOEL\Downloads\EBDESIGN\frontend\src\services\api.js","GET","/erp/status","NO_STATIC_BACKEND_MATCH"
"C:\Users\DIYA GOEL\Downloads\EBDESIGN\frontend\src\services\api.js","GET","/rows","NO_STATIC_BACKEND_MATCH"
"C:\Users\DIYA GOEL\Downloads\EBDESIGN\frontend\src\services\api.js","GET","/water-budget-records","NO_STATIC_BACKEND_MATCH"
"C:\Users\DIYA GOEL\Downloads\EBDESIGN\frontend\src\services\api.js","GET","/enterprise-memory/learning-insights","NO_STATIC_BACKEND_MATCH"
"C:\Users\DIYA GOEL\Downloads\EBDESIGN\frontend\src\services\waterIrrigationService.js","GET","/water-irrigation/dashboard","NO_STATIC_BACKEND_MATCH"
"C:\Users\DIYA GOEL\Downloads\EBDESIGN\frontend\src\services\api.js","POST","/regulatory-resilience-farming/build","NO_STATIC_BACKEND_MATCH"
"C:\Users\DIYA GOEL\Downloads\EBDESIGN\frontend\src\services\api.js","GET","/groups","NO_STATIC_BACKEND_MATCH"
"C:\Users\DIYA GOEL\Downloads\EBDESIGN\frontend\src\services\api.js","GET","/adaptive-strategies","NO_STATIC_BACKEND_MATCH"
"C:\Users\DIYA GOEL\Downloads\EBDESIGN\frontend\src\services\api.js","GET","/reservoirs","NO_STATIC_BACKEND_MATCH"
"C:\Users\DIYA GOEL\Downloads\EBDESIGN\frontend\src\services\api.js","GET","/live-chat","NO_STATIC_BACKEND_MATCH"
"C:\Users\DIYA GOEL\Downloads\EBDESIGN\frontend\src\services\api.js","POST","/role-permission/role","NO_STATIC_BACKEND_MATCH"
"C:\Users\DIYA GOEL\Downloads\EBDESIGN\frontend\src\services\operationsApi.js","GET","/insurance/products","NO_STATIC_BACKEND_MATCH"
"C:\Users\DIYA GOEL\Downloads\EBDESIGN\frontend\src\services\api.js","GET","/drone-farming","NO_STATIC_BACKEND_MATCH"
"C:\Users\DIYA GOEL\Downloads\EBDESIGN\frontend\src\services\api.js","GET","/service-meshes","NO_STATIC_BACKEND_MATCH"
"C:\Users\DIYA GOEL\Downloads\EBDESIGN\frontend\src\services\api.js","GET","/content-manager","NO_STATIC_BACKEND_MATCH"
"C:\Users\DIYA GOEL\Downloads\EBDESIGN\frontend\src\services\api.js","GET","/textile","NO_STATIC_BACKEND_MATCH"
"C:\Users\DIYA GOEL\Downloads\EBDESIGN\frontend\src\pages\modules\M263\M263.jsx","GET","/api/v1/backend-modules/M263/","EXACT_METHOD_PATH"
"C:\Users\DIYA GOEL\Downloads\EBDESIGN\frontend\src\pages\modules\M178\M178.jsx","GET","/api/v1/backend-modules/M178/","EXACT_METHOD_PATH"
"C:\Users\DIYA GOEL\Downloads\EBDESIGN\frontend\src\services\api.js","GET","/community-development","NO_STATIC_BACKEND_MATCH"
"C:\Users\DIYA GOEL\Downloads\EBDESIGN\frontend\src\services\api.js","POST","/bilateral-cooperations/cooperate","NO_STATIC_BACKEND_MATCH"
"C:\Users\DIYA GOEL\Downloads\EBDESIGN\frontend\src\services\api.js","GET","/yield-management","NO_STATIC_BACKEND_MATCH"
"C:\Users\DIYA GOEL\Downloads\EBDESIGN\frontend\src\services\api.js","GET","/consul-configs","NO_STATIC_BACKEND_MATCH"
"C:\Users\DIYA GOEL\Downloads\EBDESIGN\frontend\src\services\api.js","GET","/orders/cart","NO_STATIC_BACKEND_MATCH"
"C:\Users\DIYA GOEL\Downloads\EBDESIGN\frontend\src\services\api.js","POST","/knowledge-graph/build","NO_STATIC_BACKEND_MATCH"
"C:\Users\DIYA GOEL\Downloads\EBDESIGN\frontend\src\services\api.js","POST","/specifications","NO_STATIC_BACKEND_MATCH"
"C:\Users\DIYA GOEL\Downloads\EBDESIGN\frontend\src\services\api.js","GET","/blocks","NO_STATIC_BACKEND_MATCH"
"C:\Users\DIYA GOEL\Downloads\EBDESIGN\frontend\src\services\api.js","GET","/profit/margins","NO_STATIC_BACKEND_MATCH"
"C:\Users\DIYA GOEL\Downloads\EBDESIGN\frontend\src\services\api.js","GET","/member-benefits","NO_STATIC_BACKEND_MATCH"
"C:\Users\DIYA GOEL\Downloads\EBDESIGN\frontend\src\services\api.js","GET","/ai-operation-intelligence/operation-history","NO_STATIC_BACKEND_MATCH"
"C:\Users\DIYA GOEL\Downloads\EBDESIGN\frontend\src\services\api.js","POST","/fertilizer-management/manage","NO_STATIC_BACKEND_MATCH"
"C:\Users\DIYA GOEL\Downloads\EBDESIGN\frontend\src\services\api.js","POST","/open-field-farming/manage","NO_STATIC_BACKEND_MATCH"
"C:\Users\DIYA GOEL\Downloads\EBDESIGN\frontend\src\services\api.js","POST","/ai/library-workspace/improvement-workspace","NO_STATIC_BACKEND_MATCH"
"C:\Users\DIYA GOEL\Downloads\EBDESIGN\frontend\src\services\api.js","GET","/admin/users","NO_STATIC_BACKEND_MATCH"
"C:\Users\DIYA GOEL\Downloads\EBDESIGN\frontend\src\services\api.js","POST","/rfq/qc-hold/release","NO_STATIC_BACKEND_MATCH"
"C:\Users\DIYA GOEL\Downloads\EBDESIGN\frontend\src\services\api.js","POST","/pyramid-health/assess","NO_STATIC_BACKEND_MATCH"
"C:\Users\DIYA GOEL\Downloads\EBDESIGN\frontend\src\services\api.js","POST","/reporting-resilience-farming/build","NO_STATIC_BACKEND_MATCH"
"C:\Users\DIYA GOEL\Downloads\EBDESIGN\frontend\src\services\api.js","GET","/crop-recommendations","NO_STATIC_BACKEND_MATCH"
"C:\Users\DIYA GOEL\Downloads\EBDESIGN\frontend\src\services\api.js","GET","/aeroponics/systems","NO_STATIC_BACKEND_MATCH"
"C:\Users\DIYA GOEL\Downloads\EBDESIGN\frontend\src\services\api.js","POST","/surveillance/conduct","NO_STATIC_BACKEND_MATCH"
"C:\Users\DIYA GOEL\Downloads\EBDESIGN\frontend\src\services\api.js","POST","/transactions","NO_STATIC_BACKEND_MATCH"
"C:\Users\DIYA GOEL\Downloads\EBDESIGN\frontend\src\services\api.js","GET","/farmers/crop-suggestions","NO_STATIC_BACKEND_MATCH"
"C:\Users\DIYA GOEL\Downloads\EBDESIGN\frontend\src\services\api.js","GET","/accreditation-resilience-farming","NO_STATIC_BACKEND_MATCH"
"C:\Users\DIYA GOEL\Downloads\EBDESIGN\frontend\src\services\api.js","GET","/social-development","NO_STATIC_BACKEND_MATCH"
"C:\Users\DIYA GOEL\Downloads\EBDESIGN\frontend\src\services\api.js","GET","/panchayats","NO_STATIC_BACKEND_MATCH"
"C:\Users\DIYA GOEL\Downloads\EBDESIGN\frontend\src\services\api.js","GET","/sheep","NO_STATIC_BACKEND_MATCH"
"C:\Users\DIYA GOEL\Downloads\EBDESIGN\frontend\src\services\api.js","GET","/erp/reconciliation","NO_STATIC_BACKEND_MATCH"
"C:\Users\DIYA GOEL\Downloads\EBDESIGN\frontend\src\services\api.js","GET","/inventory-management","NO_STATIC_BACKEND_MATCH"
"C:\Users\DIYA GOEL\Downloads\EBDESIGN\frontend\src\services\api.js","POST","/youth-engagements/engage","NO_STATIC_BACKEND_MATCH"
"C:\Users\DIYA GOEL\Downloads\EBDESIGN\frontend\src\services\api.js","POST","/soybeans/manage","NO_STATIC_BACKEND_MATCH"
"C:\Users\DIYA GOEL\Downloads\EBDESIGN\frontend\src\services\api.js","GET","/best-practice-transfer","NO_STATIC_BACKEND_MATCH"
"C:\Users\DIYA GOEL\Downloads\EBDESIGN\frontend\src\pages\modules\M330\M330.jsx","GET","/api/v1/backend-modules/M330/","EXACT_METHOD_PATH"
"C:\Users\DIYA GOEL\Downloads\EBDESIGN\frontend\src\services\api.js","GET","/vulnerabilities","NO_STATIC_BACKEND_MATCH"
"C:\Users\DIYA GOEL\Downloads\EBDESIGN\frontend\src\services\api.js","GET","/future-markets","NO_STATIC_BACKEND_MATCH"
"C:\Users\DIYA GOEL\Downloads\EBDESIGN\frontend\src\services\api.js","GET","/subsidy-ops/schemes","NO_STATIC_BACKEND_MATCH"
"C:\Users\DIYA GOEL\Downloads\EBDESIGN\frontend\src\services\api.js","GET","/ai-backbone/provider-status","NO_STATIC_BACKEND_MATCH"
"C:\Users\DIYA GOEL\Downloads\EBDESIGN\frontend\src\services\api.js","POST","/library/search","NO_STATIC_BACKEND_MATCH"
"C:\Users\DIYA GOEL\Downloads\EBDESIGN\frontend\src\services\api.js","POST","/campaign-building/build","NO_STATIC_BACKEND_MATCH"
"C:\Users\DIYA GOEL\Downloads\EBDESIGN\frontend\src\services\api.js","GET","/error-logs","NO_STATIC_BACKEND_MATCH"
"C:\Users\DIYA GOEL\Downloads\EBDESIGN\frontend\src\services\api.js","GET","/ui","NO_STATIC_BACKEND_MATCH"
"C:\Users\DIYA GOEL\Downloads\EBDESIGN\frontend\src\services\api.js","POST","/animal-health/manage","NO_STATIC_BACKEND_MATCH"
"C:\Users\DIYA GOEL\Downloads\EBDESIGN\frontend\src\services\api.js","POST","/reservoirs/manage","NO_STATIC_BACKEND_MATCH"
"C:\Users\DIYA GOEL\Downloads\EBDESIGN\frontend\src\services\api.js","GET","/kafka-topics","NO_STATIC_BACKEND_MATCH"
"C:\Users\DIYA GOEL\Downloads\EBDESIGN\frontend\src\services\api.js","POST","/transparency-farming/implement","NO_STATIC_BACKEND_MATCH"
"C:\Users\DIYA GOEL\Downloads\EBDESIGN\frontend\src\pages\modules\M116\M116.jsx","GET","/api/v1/backend-modules/M116/","EXACT_METHOD_PATH"
"C:\Users\DIYA GOEL\Downloads\EBDESIGN\frontend\src\services\api.js","GET","/digital-divestment","NO_STATIC_BACKEND_MATCH"
"C:\Users\DIYA GOEL\Downloads\EBDESIGN\frontend\src\services\api.js","GET","/hydroponics/systems","NO_STATIC_BACKEND_MATCH"
"C:\Users\DIYA GOEL\Downloads\EBDESIGN\frontend\src\services\api.js","POST","/seed-vault","NO_STATIC_BACKEND_MATCH"
"C:\Users\DIYA GOEL\Downloads\EBDESIGN\frontend\src\pages\modules\M46\M46.jsx","GET","/api/v1/backend-modules/M046/","EXACT_METHOD_PATH"
"C:\Users\DIYA GOEL\Downloads\EBDESIGN\frontend\src\services\api.js","POST","/organic-farming/certify","NO_STATIC_BACKEND_MATCH"
"C:\Users\DIYA GOEL\Downloads\EBDESIGN\frontend\src\services\api.js","GET","/webhook-config","NO_STATIC_BACKEND_MATCH"
"C:\Users\DIYA GOEL\Downloads\EBDESIGN\frontend\src\services\api.js","GET","/grains","NO_STATIC_BACKEND_MATCH"
"C:\Users\DIYA GOEL\Downloads\EBDESIGN\frontend\src\services\api.js","GET","/profit","NO_STATIC_BACKEND_MATCH"
"C:\Users\DIYA GOEL\Downloads\EBDESIGN\frontend\src\services\api.js","POST","/cost-benefit-analysis/analyze","NO_STATIC_BACKEND_MATCH"
"C:\Users\DIYA GOEL\Downloads\EBDESIGN\frontend\src\services\api.js","GET","/business-councils","NO_STATIC_BACKEND_MATCH"
"C:\Users\DIYA GOEL\Downloads\EBDESIGN\frontend\src\services\api.js","POST","/enterprise-integration/integrate","NO_STATIC_BACKEND_MATCH"
"C:\Users\DIYA GOEL\Downloads\EBDESIGN\frontend\src\services\api.js","GET","/fertilizer-optimization","NO_STATIC_BACKEND_MATCH"
"C:\Users\DIYA GOEL\Downloads\EBDESIGN\frontend\src\services\soilNutrientLandService.js","GET","/soil-nutrient-land/dashboard","NO_STATIC_BACKEND_MATCH"
"C:\Users\DIYA GOEL\Downloads\EBDESIGN\frontend\src\services\api.js","GET","/soil-conservation-farming","NO_STATIC_BACKEND_MATCH"
"C:\Users\DIYA GOEL\Downloads\EBDESIGN\frontend\src\services\api.js","GET","/group-buys","NO_STATIC_BACKEND_MATCH"
"C:\Users\DIYA GOEL\Downloads\EBDESIGN\frontend\src\services\api.js","POST","/sampling/take","NO_STATIC_BACKEND_MATCH"
"C:\Users\DIYA GOEL\Downloads\EBDESIGN\frontend\src\services\api.js","GET","/approvals","NO_STATIC_BACKEND_MATCH"
"C:\Users\DIYA GOEL\Downloads\EBDESIGN\frontend\src\services\api.js","POST","/nursery/nursery","NO_STATIC_BACKEND_MATCH"
"C:\Users\DIYA GOEL\Downloads\EBDESIGN\frontend\src\pages\modules\M44\M44.jsx","GET","/api/v1/backend-modules/M044/","EXACT_METHOD_PATH"
"C:\Users\DIYA GOEL\Downloads\EBDESIGN\frontend\src\services\api.js","GET","/crop-monitoring/observations","NO_STATIC_BACKEND_MATCH"
"C:\Users\DIYA GOEL\Downloads\EBDESIGN\frontend\src\services\api.js","GET","/environment-config","NO_STATIC_BACKEND_MATCH"
"C:\Users\DIYA GOEL\Downloads\EBDESIGN\frontend\src\services\api.js","GET","/trade-associations","NO_STATIC_BACKEND_MATCH"
"C:\Users\DIYA GOEL\Downloads\EBDESIGN\frontend\src\services\api.js","GET","/outcome-measurements","NO_STATIC_BACKEND_MATCH"
"C:\Users\DIYA GOEL\Downloads\EBDESIGN\frontend\src\services\api.js","POST","/land-use/analyze","NO_STATIC_BACKEND_MATCH"
"C:\Users\DIYA GOEL\Downloads\EBDESIGN\frontend\src\services\api.js","POST","/fruit-crops/manage","NO_STATIC_BACKEND_MATCH"
"C:\Users\DIYA GOEL\Downloads\EBDESIGN\frontend\src\services\api.js","POST","/warnings/","NO_STATIC_BACKEND_MATCH"
"C:\Users\DIYA GOEL\Downloads\EBDESIGN\frontend\src\pages\modules\M215\M215.jsx","GET","/api/v1/backend-modules/M215/","EXACT_METHOD_PATH"
"C:\Users\DIYA GOEL\Downloads\EBDESIGN\frontend\src\services\api.js","POST","/labour/worker","NO_STATIC_BACKEND_MATCH"
"C:\Users\DIYA GOEL\Downloads\EBDESIGN\frontend\src\services\api.js","GET","/wikipedia/lookup","NO_STATIC_BACKEND_MATCH"
"C:\Users\DIYA GOEL\Downloads\EBDESIGN\frontend\src\services\api.js","POST","/safety/incidents","NO_STATIC_BACKEND_MATCH"
"C:\Users\DIYA GOEL\Downloads\EBDESIGN\frontend\src\services\api.js","GET","/south-south-cooperations","NO_STATIC_BACKEND_MATCH"
"C:\Users\DIYA GOEL\Downloads\EBDESIGN\frontend\src\services\api.js","GET","/sorghum","NO_STATIC_BACKEND_MATCH"
"C:\Users\DIYA GOEL\Downloads\EBDESIGN\frontend\src\services\api.js","GET","/buyer-trust","NO_STATIC_BACKEND_MATCH"
"C:\Users\DIYA GOEL\Downloads\EBDESIGN\frontend\src\services\api.js","GET","/freight-pooling/find-poolable-shipments","NO_STATIC_BACKEND_MATCH"
"C:\Users\DIYA GOEL\Downloads\EBDESIGN\frontend\src\services\api.js","POST","/blockchain-verification/verify","NO_STATIC_BACKEND_MATCH"
"C:\Users\DIYA GOEL\Downloads\EBDESIGN\frontend\src\pages\modules\M141\M141.jsx","GET","/api/v1/backend-modules/M141/","EXACT_METHOD_PATH"
"C:\Users\DIYA GOEL\Downloads\EBDESIGN\frontend\src\pages\modules\M242\M242.jsx","GET","/api/v1/backend-modules/M242/","EXACT_METHOD_PATH"
"C:\Users\DIYA GOEL\Downloads\EBDESIGN\frontend\src\services\api.js","POST","/orders/ai/optimize","NO_STATIC_BACKEND_MATCH"
"C:\Users\DIYA GOEL\Downloads\EBDESIGN\frontend\src\services\api.js","GET","/ai-self-healing/health-metrics","NO_STATIC_BACKEND_MATCH"
"C:\Users\DIYA GOEL\Downloads\EBDESIGN\frontend\src\services\api.js","GET","/religious-warfare","NO_STATIC_BACKEND_MATCH"
"C:\Users\DIYA GOEL\Downloads\EBDESIGN\frontend\src\pages\modules\M185\M185.jsx","GET","/api/v1/backend-modules/M185/","EXACT_METHOD_PATH"
"C:\Users\DIYA GOEL\Downloads\EBDESIGN\frontend\src\pages\modules\M286\M286.jsx","GET","/api/v1/backend-modules/M286/","EXACT_METHOD_PATH"
"C:\Users\DIYA GOEL\Downloads\EBDESIGN\frontend\src\services\api.js","GET","/erp/financial-reports","NO_STATIC_BACKEND_MATCH"
"C:\Users\DIYA GOEL\Downloads\EBDESIGN\frontend\src\services\api.js","POST","/nervous-system/reflex-arc","NO_STATIC_BACKEND_MATCH"
"C:\Users\DIYA GOEL\Downloads\EBDESIGN\frontend\src\services\authService.js","POST","/auth/refresh-token","NO_STATIC_BACKEND_MATCH"
"C:\Users\DIYA GOEL\Downloads\EBDESIGN\frontend\src\services\api.js","GET","/responsibility-resilience-farming","NO_STATIC_BACKEND_MATCH"
"C:\Users\DIYA GOEL\Downloads\EBDESIGN\frontend\src\pages\modules\M195\M195.jsx","GET","/api/v1/backend-modules/M195/","EXACT_METHOD_PATH"
"C:\Users\DIYA GOEL\Downloads\EBDESIGN\frontend\src\services\api.js","POST","/skills/manage","NO_STATIC_BACKEND_MATCH"
"C:\Users\DIYA GOEL\Downloads\EBDESIGN\frontend\src\services\api.js","GET","/goat/herd","NO_STATIC_BACKEND_MATCH"
"C:\Users\DIYA GOEL\Downloads\EBDESIGN\frontend\src\services\api.js","GET","/permission-manager","NO_STATIC_BACKEND_MATCH"
"C:\Users\DIYA GOEL\Downloads\EBDESIGN\frontend\src\services\api.js","GET","/water-quality/treatment-recommendations","NO_STATIC_BACKEND_MATCH"
"C:\Users\DIYA GOEL\Downloads\EBDESIGN\frontend\src\services\api.js","GET","/flood-resilience-farming","NO_STATIC_BACKEND_MATCH"
"C:\Users\DIYA GOEL\Downloads\EBDESIGN\frontend\src\services\api.js","POST","/food-intelligence/analyze","NO_STATIC_BACKEND_MATCH"
"C:\Users\DIYA GOEL\Downloads\EBDESIGN\frontend\src\services\api.js","GET","/management-resilience-farming","NO_STATIC_BACKEND_MATCH"
"C:\Users\DIYA GOEL\Downloads\EBDESIGN\frontend\src\pages\modules\M90\M90.jsx","GET","/api/v1/backend-modules/M090/","EXACT_METHOD_PATH"
"C:\Users\DIYA GOEL\Downloads\EBDESIGN\frontend\src\services\api.js","GET","/authorization/users","NO_STATIC_BACKEND_MATCH"
"C:\Users\DIYA GOEL\Downloads\EBDESIGN\frontend\src\services\api.js","GET","/ecommerce-ai/segment-customers/rfm","NO_STATIC_BACKEND_MATCH"
"C:\Users\DIYA GOEL\Downloads\EBDESIGN\frontend\src\services\api.js","GET","/permissions","NO_STATIC_BACKEND_MATCH"
"C:\Users\DIYA GOEL\Downloads\EBDESIGN\frontend\src\services\api.js","POST","/defi-data/transactions","NO_STATIC_BACKEND_MATCH"
"C:\Users\DIYA GOEL\Downloads\EBDESIGN\frontend\src\services\api.js","GET","/role-permission/role-hierarchy","NO_STATIC_BACKEND_MATCH"
"C:\Users\DIYA GOEL\Downloads\EBDESIGN\frontend\src\pages\modules\M233\M233.jsx","GET","/api/v1/backend-modules/M233/","EXACT_METHOD_PATH"
"C:\Users\DIYA GOEL\Downloads\EBDESIGN\frontend\src\services\operationsApi.js","POST","/financial/loans","NO_STATIC_BACKEND_MATCH"
"C:\Users\DIYA GOEL\Downloads\EBDESIGN\frontend\src\services\api.js","POST","/pig/animal","NO_STATIC_BACKEND_MATCH"
"C:\Users\DIYA GOEL\Downloads\EBDESIGN\frontend\src\services\api.js","GET","/rainwater-structures","NO_STATIC_BACKEND_MATCH"
"C:\Users\DIYA GOEL\Downloads\EBDESIGN\frontend\src\services\api.js","GET","/certifications","NO_STATIC_BACKEND_MATCH"
"C:\Users\DIYA GOEL\Downloads\EBDESIGN\frontend\src\services\api.js","POST","/identities","NO_STATIC_BACKEND_MATCH"
"C:\Users\DIYA GOEL\Downloads\EBDESIGN\frontend\src\services\api.js","PUT","/admin/settings","NO_STATIC_BACKEND_MATCH"
"C:\Users\DIYA GOEL\Downloads\EBDESIGN\frontend\src\pages\modules\M189\M189.jsx","GET","/api/v1/backend-modules/M189/","EXACT_METHOD_PATH"
"C:\Users\DIYA GOEL\Downloads\EBDESIGN\frontend\src\services\api.js","POST","/crop-planning/plan","NO_STATIC_BACKEND_MATCH"
"C:\Users\DIYA GOEL\Downloads\EBDESIGN\frontend\src\pages\modules\M322\M322.jsx","GET","/api/v1/backend-modules/M322/","EXACT_METHOD_PATH"
"C:\Users\DIYA GOEL\Downloads\EBDESIGN\frontend\src\modules\M016\M016Page.jsx","POST","/modules/m016/identities","NO_STATIC_BACKEND_MATCH"
"C:\Users\DIYA GOEL\Downloads\EBDESIGN\frontend\src\services\api.js","POST","/supply-chain-optimization/optimize","NO_STATIC_BACKEND_MATCH"
"C:\Users\DIYA GOEL\Downloads\EBDESIGN\frontend\src\services\api.js","POST","/compliance-resilience-farming/build","NO_STATIC_BACKEND_MATCH"
"C:\Users\DIYA GOEL\Downloads\EBDESIGN\frontend\src\services\api.js","POST","/recovered-finance/recover","NO_STATIC_BACKEND_MATCH"
"C:\Users\DIYA GOEL\Downloads\EBDESIGN\frontend\src\services\api.js","POST","/refugee-engagements/engage","NO_STATIC_BACKEND_MATCH"
"C:\Users\DIYA GOEL\Downloads\EBDESIGN\frontend\src\services\api.js","GET","/soil-testing-ops/track-sample","NO_STATIC_BACKEND_MATCH"
"C:\Users\DIYA GOEL\Downloads\EBDESIGN\frontend\src\services\vendorProcurementService.js","POST","/vendor-procurement/supply-chain/nodes","NO_STATIC_BACKEND_MATCH"
"C:\Users\DIYA GOEL\Downloads\EBDESIGN\frontend\src\pages\modules\M199\M199.jsx","GET","/api/v1/backend-modules/M199/","EXACT_METHOD_PATH"
"C:\Users\DIYA GOEL\Downloads\EBDESIGN\frontend\src\services\api.js","GET","/cart","NO_STATIC_BACKEND_MATCH"
"C:\Users\DIYA GOEL\Downloads\EBDESIGN\frontend\src\services\api.js","POST","/information-sharing/documents","NO_STATIC_BACKEND_MATCH"
"C:\Users\DIYA GOEL\Downloads\EBDESIGN\frontend\src\services\api.js","POST","/kyc/submit","NO_STATIC_BACKEND_MATCH"
"C:\Users\DIYA GOEL\Downloads\EBDESIGN\frontend\src\services\api.js","POST","/digital-blockade/blockade","NO_STATIC_BACKEND_MATCH"
"C:\Users\DIYA GOEL\Downloads\EBDESIGN\frontend\src\services\api.js","GET","/resource-optimization","NO_STATIC_BACKEND_MATCH"
"C:\Users\DIYA GOEL\Downloads\EBDESIGN\frontend\src\services\api.js","PUT","/farmer/profile","NO_STATIC_BACKEND_MATCH"
"C:\Users\DIYA GOEL\Downloads\EBDESIGN\frontend\src\services\api.js","GET","/sustainability-farming","NO_STATIC_BACKEND_MATCH"
"C:\Users\DIYA GOEL\Downloads\EBDESIGN\frontend\src\services\api.js","GET","/farmer-verification/requests","NO_STATIC_BACKEND_MATCH"
"C:\Users\DIYA GOEL\Downloads\EBDESIGN\frontend\src\services\api.js","GET","/training-resilience-farming","NO_STATIC_BACKEND_MATCH"
"C:\Users\DIYA GOEL\Downloads\EBDESIGN\frontend\src\services\api.js","GET","/survey-management/surveys","NO_STATIC_BACKEND_MATCH"
"C:\Users\DIYA GOEL\Downloads\EBDESIGN\frontend\src\services\api.js","GET","/logistics-enhancement/active-drivers","NO_STATIC_BACKEND_MATCH"
"C:\Users\DIYA GOEL\Downloads\EBDESIGN\frontend\src\services\api.js","GET","/soybeans","NO_STATIC_BACKEND_MATCH"
"C:\Users\DIYA GOEL\Downloads\EBDESIGN\frontend\src\services\api.js","GET","/farmer-training/programs","NO_STATIC_BACKEND_MATCH"
"C:\Users\DIYA GOEL\Downloads\EBDESIGN\frontend\src\services\api.js","POST","/marketplace/trade","NO_STATIC_BACKEND_MATCH"
"C:\Users\DIYA GOEL\Downloads\EBDESIGN\frontend\src\pages\modules\M42\M42.jsx","GET","/api/v1/backend-modules/M042/","EXACT_METHOD_PATH"
"C:\Users\DIYA GOEL\Downloads\EBDESIGN\frontend\src\services\api.js","GET","/farmer-health-records","NO_STATIC_BACKEND_MATCH"
"C:\Users\DIYA GOEL\Downloads\EBDESIGN\frontend\src\services\api.js","GET","/tasks","NO_STATIC_BACKEND_MATCH"
"C:\Users\DIYA GOEL\Downloads\EBDESIGN\frontend\src\services\api.js","GET","/irrigation/schedules","NO_STATIC_BACKEND_MATCH"
"C:\Users\DIYA GOEL\Downloads\EBDESIGN\frontend\src\services\api.js","GET","/companies","NO_STATIC_BACKEND_MATCH"
"C:\Users\DIYA GOEL\Downloads\EBDESIGN\frontend\src\services\api.js","GET","/community-management","NO_STATIC_BACKEND_MATCH"
"C:\Users\DIYA GOEL\Downloads\EBDESIGN\frontend\src\services\api.js","GET","/ai/self-healing/status","NO_STATIC_BACKEND_MATCH"
"C:\Users\DIYA GOEL\Downloads\EBDESIGN\frontend\src\services\api.js","GET","/containment-strategies","NO_STATIC_BACKEND_MATCH"
"C:\Users\DIYA GOEL\Downloads\EBDESIGN\frontend\src\services\api.js","POST","/geo-tagging","NO_STATIC_BACKEND_MATCH"
"C:\Users\DIYA GOEL\Downloads\EBDESIGN\frontend\src\services\api.js","POST","/performance-measurements/measure","NO_STATIC_BACKEND_MATCH"
"C:\Users\DIYA GOEL\Downloads\EBDESIGN\frontend\src\services\api.js","POST","/rabbitmq-queues/publish","NO_STATIC_BACKEND_MATCH"
"C:\Users\DIYA GOEL\Downloads\EBDESIGN\frontend\src\services\api.js","GET","/government/scheme-analytics","NO_STATIC_BACKEND_MATCH"
"C:\Users\DIYA GOEL\Downloads\EBDESIGN\frontend\src\services\api.js","GET","/harvest-prediction","NO_STATIC_BACKEND_MATCH"
"C:\Users\DIYA GOEL\Downloads\EBDESIGN\frontend\src\services\api.js","GET","/performance/kpis","NO_STATIC_BACKEND_MATCH"
"C:\Users\DIYA GOEL\Downloads\EBDESIGN\frontend\src\pages\modules\M81\M81.jsx","GET","/api/v1/backend-modules/M081/","EXACT_METHOD_PATH"
"C:\Users\DIYA GOEL\Downloads\EBDESIGN\frontend\src\services\api.js","GET","/pig/herd","NO_STATIC_BACKEND_MATCH"
"C:\Users\DIYA GOEL\Downloads\EBDESIGN\frontend\src\services\api.js","GET","/logistics-ai/shipments","NO_STATIC_BACKEND_MATCH"
"C:\Users\DIYA GOEL\Downloads\EBDESIGN\frontend\src\services\api.js","GET","/ai/agents","NO_STATIC_BACKEND_MATCH"
"C:\Users\DIYA GOEL\Downloads\EBDESIGN\frontend\src\services\commerceApi.js","POST","/orders","NO_STATIC_BACKEND_MATCH"
"C:\Users\DIYA GOEL\Downloads\EBDESIGN\frontend\src\services\api.js","GET","/farmers/market/conditions","NO_STATIC_BACKEND_MATCH"
"C:\Users\DIYA GOEL\Downloads\EBDESIGN\frontend\src\services\api.js","GET","/ai-models","NO_STATIC_BACKEND_MATCH"
"C:\Users\DIYA GOEL\Downloads\EBDESIGN\frontend\src\services\api.js","GET","/quotas","NO_STATIC_BACKEND_MATCH"
"C:\Users\DIYA GOEL\Downloads\EBDESIGN\frontend\src\services\api.js","GET","/climate/forecasts","NO_STATIC_BACKEND_MATCH"
"C:\Users\DIYA GOEL\Downloads\EBDESIGN\frontend\src\services\api.js","POST","/cache/clear","NO_STATIC_BACKEND_MATCH"
"C:\Users\DIYA GOEL\Downloads\EBDESIGN\frontend\src\services\api.js","POST","/robotic-farming/implement","NO_STATIC_BACKEND_MATCH"
"C:\Users\DIYA GOEL\Downloads\EBDESIGN\frontend\src\services\api.js","GET","/organic-farming","NO_STATIC_BACKEND_MATCH"
"C:\Users\DIYA GOEL\Downloads\EBDESIGN\frontend\src\services\api.js","POST","/processes-resilience-farming/build","NO_STATIC_BACKEND_MATCH"
"C:\Users\DIYA GOEL\Downloads\EBDESIGN\frontend\src\services\api.js","GET","/fisheries-compliance","NO_STATIC_BACKEND_MATCH"
"C:\Users\DIYA GOEL\Downloads\EBDESIGN\frontend\src\services\vendorProcurementService.js","POST","/vendor-procurement/vendors","NO_STATIC_BACKEND_MATCH"
"C:\Users\DIYA GOEL\Downloads\EBDESIGN\frontend\src\services\api.js","GET","/metering","NO_STATIC_BACKEND_MATCH"
"C:\Users\DIYA GOEL\Downloads\EBDESIGN\frontend\src\services\api.js","GET","/research","NO_STATIC_BACKEND_MATCH"
"C:\Users\DIYA GOEL\Downloads\EBDESIGN\frontend\src\services\api.js","GET","/mixed-farming","NO_STATIC_BACKEND_MATCH"
"C:\Users\DIYA GOEL\Downloads\EBDESIGN\frontend\src\services\api.js","POST","/advocacy-building/build","NO_STATIC_BACKEND_MATCH"
"C:\Users\DIYA GOEL\Downloads\EBDESIGN\frontend\src\services\api.js","GET","/ai-operation-intelligence/strategies","NO_STATIC_BACKEND_MATCH"
"C:\Users\DIYA GOEL\Downloads\EBDESIGN\frontend\src\pages\modules\M152\M152.jsx","GET","/api/v1/backend-modules/M152/","EXACT_METHOD_PATH"
"C:\Users\DIYA GOEL\Downloads\EBDESIGN\frontend\src\services\api.js","GET","/licensing-resilience-farming","NO_STATIC_BACKEND_MATCH"
"C:\Users\DIYA GOEL\Downloads\EBDESIGN\frontend\src\services\api.js","POST","/farmer-welfare/manage","NO_STATIC_BACKEND_MATCH"
"C:\Users\DIYA GOEL\Downloads\EBDESIGN\frontend\src\services\api.js","GET","/upstream","NO_STATIC_BACKEND_MATCH"
"C:\Users\DIYA GOEL\Downloads\EBDESIGN\frontend\src\services\api.js","GET","/ai/gateway/config","NO_STATIC_BACKEND_MATCH"
"C:\Users\DIYA GOEL\Downloads\EBDESIGN\frontend\src\services\api.js","POST","/sites/manage","NO_STATIC_BACKEND_MATCH"
"C:\Users\DIYA GOEL\Downloads\EBDESIGN\frontend\src\services\api.js","POST","/seed-planning/plan","NO_STATIC_BACKEND_MATCH"
"C:\Users\DIYA GOEL\Downloads\EBDESIGN\frontend\src\services\api.js","POST","/property/manage","NO_STATIC_BACKEND_MATCH"
"C:\Users\DIYA GOEL\Downloads\EBDESIGN\frontend\src\services\api.js","POST","/consent-management/record","NO_STATIC_BACKEND_MATCH"
"C:\Users\DIYA GOEL\Downloads\EBDESIGN\frontend\src\services\api.js","GET","/ecommerce-ai/predict-sales","NO_STATIC_BACKEND_MATCH"
"C:\Users\DIYA GOEL\Downloads\EBDESIGN\frontend\src\services\api.js","GET","/public-data/extract","NO_STATIC_BACKEND_MATCH"
"C:\Users\DIYA GOEL\Downloads\EBDESIGN\frontend\src\pages\modules\M248\M248.jsx","GET","/api/v1/backend-modules/M248/","EXACT_METHOD_PATH"
"C:\Users\DIYA GOEL\Downloads\EBDESIGN\frontend\src\services\api.js","POST","/ai/recommendations","NO_STATIC_BACKEND_MATCH"
"C:\Users\DIYA GOEL\Downloads\EBDESIGN\frontend\src\pages\modules\M249\M249.jsx","GET","/api/v1/backend-modules/M249/","EXACT_METHOD_PATH"
"C:\Users\DIYA GOEL\Downloads\EBDESIGN\frontend\src\services\api.js","GET","/research-and-development","NO_STATIC_BACKEND_MATCH"
"C:\Users\DIYA GOEL\Downloads\EBDESIGN\frontend\src\services\api.js","GET","/comprehensive-erp/optimize-supply-chain-a-i","NO_STATIC_BACKEND_MATCH"
"C:\Users\DIYA GOEL\Downloads\EBDESIGN\frontend\src\services\api.js","POST","/tea/manage","NO_STATIC_BACKEND_MATCH"
"C:\Users\DIYA GOEL\Downloads\EBDESIGN\frontend\src\services\api.js","GET","/descriptive-analytics-farming","NO_STATIC_BACKEND_MATCH"
"C:\Users\DIYA GOEL\Downloads\EBDESIGN\frontend\src\services\api.js","GET","/mutual-funds","NO_STATIC_BACKEND_MATCH"
"C:\Users\DIYA GOEL\Downloads\EBDESIGN\frontend\src\services\api.js","POST","/disease-resilience-farming/build","NO_STATIC_BACKEND_MATCH"
"C:\Users\DIYA GOEL\Downloads\EBDESIGN\frontend\src\services\api.js","GET","/api-config","NO_STATIC_BACKEND_MATCH"
"C:\Users\DIYA GOEL\Downloads\EBDESIGN\frontend\src\services\api.js","POST","/subscriptions","NO_STATIC_BACKEND_MATCH"
"C:\Users\DIYA GOEL\Downloads\EBDESIGN\frontend\src\pages\modules\M331\M331.jsx","GET","/api/v1/backend-modules/M331/","EXACT_METHOD_PATH"
"C:\Users\DIYA GOEL\Downloads\EBDESIGN\frontend\src\services\api.js","GET","/poultry/mortality","NO_STATIC_BACKEND_MATCH"
"C:\Users\DIYA GOEL\Downloads\EBDESIGN\frontend\src\services\api.js","GET","/pipelines","NO_STATIC_BACKEND_MATCH"
"C:\Users\DIYA GOEL\Downloads\EBDESIGN\frontend\src\services\api.js","POST","/cost/calculate","NO_STATIC_BACKEND_MATCH"
"C:\Users\DIYA GOEL\Downloads\EBDESIGN\frontend\src\pages\modules\M250\M250.jsx","GET","/api/v1/backend-modules/M250/","EXACT_METHOD_PATH"
"C:\Users\DIYA GOEL\Downloads\EBDESIGN\frontend\src\services\api.js","POST","/climate-resilience-farming/build","NO_STATIC_BACKEND_MATCH"
"C:\Users\DIYA GOEL\Downloads\EBDESIGN\frontend\src\services\api.js","GET","/comprehensive-erp/analyze-h-r-a-i","NO_STATIC_BACKEND_MATCH"
"C:\Users\DIYA GOEL\Downloads\EBDESIGN\frontend\src\services\api.js","POST","/digital-warfare/wage","NO_STATIC_BACKEND_MATCH"
"C:\Users\DIYA GOEL\Downloads\EBDESIGN\frontend\src\services\api.js","GET","/system-monitor","NO_STATIC_BACKEND_MATCH"
"C:\Users\DIYA GOEL\Downloads\EBDESIGN\frontend\src\services\api.js","GET","/warnings/system","NO_STATIC_BACKEND_MATCH"
"C:\Users\DIYA GOEL\Downloads\EBDESIGN\frontend\src\services\api.js","GET","/syncs","NO_STATIC_BACKEND_MATCH"
"C:\Users\DIYA GOEL\Downloads\EBDESIGN\frontend\src\services\api.js","GET","/input-procurement/orders","NO_STATIC_BACKEND_MATCH"
"C:\Users\DIYA GOEL\Downloads\EBDESIGN\frontend\src\pages\modules\M251\M251.jsx","GET","/api/v1/backend-modules/M251/","EXACT_METHOD_PATH"
"C:\Users\DIYA GOEL\Downloads\EBDESIGN\frontend\src\services\api.js","POST","/ai-backbone/call","NO_STATIC_BACKEND_MATCH"
"C:\Users\DIYA GOEL\Downloads\EBDESIGN\frontend\src\services\commerceApi.js","GET","/seed-vault","NO_STATIC_BACKEND_MATCH"
"C:\Users\DIYA GOEL\Downloads\EBDESIGN\frontend\src\services\api.js","GET","/multilateral-cooperations","NO_STATIC_BACKEND_MATCH"
"C:\Users\DIYA GOEL\Downloads\EBDESIGN\frontend\src\pages\modules\M196\M196.jsx","GET","/api/v1/backend-modules/M196/","EXACT_METHOD_PATH"
"C:\Users\DIYA GOEL\Downloads\EBDESIGN\frontend\src\pages\modules\M49\M49.jsx","GET","/api/v1/backend-modules/M049/","EXACT_METHOD_PATH"
"C:\Users\DIYA GOEL\Downloads\EBDESIGN\frontend\src\services\api.js","POST","/sales/manage","NO_STATIC_BACKEND_MATCH"
"C:\Users\DIYA GOEL\Downloads\EBDESIGN\frontend\src\services\api.js","POST","/crop-growth-modeling/model","NO_STATIC_BACKEND_MATCH"
"C:\Users\DIYA GOEL\Downloads\EBDESIGN\frontend\src\services\api.js","POST","/pricing-optimization/optimize","NO_STATIC_BACKEND_MATCH"
"C:\Users\DIYA GOEL\Downloads\EBDESIGN\frontend\src\services\api.js","GET","/library/search","NO_STATIC_BACKEND_MATCH"
"C:\Users\DIYA GOEL\Downloads\EBDESIGN\frontend\src\services\api.js","GET","/modules","NO_STATIC_BACKEND_MATCH"
"C:\Users\DIYA GOEL\Downloads\EBDESIGN\frontend\src\pages\modules\M170\M170.jsx","GET","/api/v1/backend-modules/M170/","EXACT_METHOD_PATH"
"C:\Users\DIYA GOEL\Downloads\EBDESIGN\frontend\src\services\api.js","GET","/buying-club/statistics","NO_STATIC_BACKEND_MATCH"
"C:\Users\DIYA GOEL\Downloads\EBDESIGN\frontend\src\services\api.js","GET","/enterprise-integration/current","NO_STATIC_BACKEND_MATCH"
"C:\Users\DIYA GOEL\Downloads\EBDESIGN\frontend\src\services\api.js","GET","/poultry/vaccination-records","NO_STATIC_BACKEND_MATCH"
"C:\Users\DIYA GOEL\Downloads\EBDESIGN\frontend\src\services\api.js","GET","/led","NO_STATIC_BACKEND_MATCH"
"C:\Users\DIYA GOEL\Downloads\EBDESIGN\frontend\src\services\api.js","GET","/widgets","NO_STATIC_BACKEND_MATCH"
"C:\Users\DIYA GOEL\Downloads\EBDESIGN\frontend\src\services\api.js","GET","/farmers/pricing/trends","NO_STATIC_BACKEND_MATCH"
"C:\Users\DIYA GOEL\Downloads\EBDESIGN\frontend\src\services\api.js","GET","/loyalty-points","NO_STATIC_BACKEND_MATCH"
"C:\Users\DIYA GOEL\Downloads\EBDESIGN\frontend\src\services\api.js","POST","/comprehensive-erp/create-fixed-asset","NO_STATIC_BACKEND_MATCH"
"C:\Users\DIYA GOEL\Downloads\EBDESIGN\frontend\src\services\api.js","GET","/marketing","NO_STATIC_BACKEND_MATCH"
"C:\Users\DIYA GOEL\Downloads\EBDESIGN\frontend\src\services\api.js","POST","/standard-resilience-farming/build","NO_STATIC_BACKEND_MATCH"
"C:\Users\DIYA GOEL\Downloads\EBDESIGN\frontend\src\services\api.js","GET","/finance-leasing","NO_STATIC_BACKEND_MATCH"
"C:\Users\DIYA GOEL\Downloads\EBDESIGN\frontend\src\services\api.js","GET","/biological-control","NO_STATIC_BACKEND_MATCH"
"C:\Users\DIYA GOEL\Downloads\EBDESIGN\frontend\src\services\api.js","POST","/comprehensive-erp/record-inspection-result","NO_STATIC_BACKEND_MATCH"
"C:\Users\DIYA GOEL\Downloads\EBDESIGN\frontend\src\services\api.js","GET","/logger","NO_STATIC_BACKEND_MATCH"
"C:\Users\DIYA GOEL\Downloads\EBDESIGN\frontend\src\services\api.js","GET","/library","NO_STATIC_BACKEND_MATCH"
"C:\Users\DIYA GOEL\Downloads\EBDESIGN\frontend\src\services\api.js","POST","/labor-optimization/optimize","NO_STATIC_BACKEND_MATCH"
"C:\Users\DIYA GOEL\Downloads\EBDESIGN\frontend\src\services\api.js","GET","/investment-portfolio","NO_STATIC_BACKEND_MATCH"
"C:\Users\DIYA GOEL\Downloads\EBDESIGN\frontend\src\services\api.js","GET","/insurance/claims","NO_STATIC_BACKEND_MATCH"
"C:\Users\DIYA GOEL\Downloads\EBDESIGN\frontend\src\pages\modules\M336\M336.jsx","GET","/api/v1/backend-modules/M336/","EXACT_METHOD_PATH"
"C:\Users\DIYA GOEL\Downloads\EBDESIGN\frontend\src\services\api.js","POST","/online-mobilization/mobilize","NO_STATIC_BACKEND_MATCH"
"C:\Users\DIYA GOEL\Downloads\EBDESIGN\frontend\src\services\api.js","GET","/rollbacks","NO_STATIC_BACKEND_MATCH"
"C:\Users\DIYA GOEL\Downloads\EBDESIGN\frontend\src\services\api.js","POST","/goat/animal","NO_STATIC_BACKEND_MATCH"
"C:\Users\DIYA GOEL\Downloads\EBDESIGN\frontend\src\pages\modules\M142\M142.jsx","GET","/api/v1/backend-modules/M142/","EXACT_METHOD_PATH"
"C:\Users\DIYA GOEL\Downloads\EBDESIGN\frontend\src\services\api.js","POST","/sorting/perform","NO_STATIC_BACKEND_MATCH"
"C:\Users\DIYA GOEL\Downloads\EBDESIGN\frontend\src\services\api.js","POST","/ranges/manage","NO_STATIC_BACKEND_MATCH"
"C:\Users\DIYA GOEL\Downloads\EBDESIGN\frontend\src\pages\modules\M295\M295.jsx","GET","/api/v1/backend-modules/M295/","EXACT_METHOD_PATH"
"C:\Users\DIYA GOEL\Downloads\EBDESIGN\frontend\src\services\api.js","POST","/ecommerce-marketplace/listing","NO_STATIC_BACKEND_MATCH"
"C:\Users\DIYA GOEL\Downloads\EBDESIGN\frontend\src\services\api.js","POST","/cold-storage/manage","NO_STATIC_BACKEND_MATCH"
"C:\Users\DIYA GOEL\Downloads\EBDESIGN\frontend\src\services\api.js","POST","/media-engagement/engage","NO_STATIC_BACKEND_MATCH"
"C:\Users\DIYA GOEL\Downloads\EBDESIGN\frontend\src\services\api.js","GET","/settings","NO_STATIC_BACKEND_MATCH"
"C:\Users\DIYA GOEL\Downloads\EBDESIGN\frontend\src\services\api.js","GET","/bulk-orders","NO_STATIC_BACKEND_MATCH"
"C:\Users\DIYA GOEL\Downloads\EBDESIGN\frontend\src\services\api.js","GET","/areas","NO_STATIC_BACKEND_MATCH"
"C:\Users\DIYA GOEL\Downloads\EBDESIGN\frontend\src\services\api.js","GET","/finman","NO_STATIC_BACKEND_MATCH"
"C:\Users\DIYA GOEL\Downloads\EBDESIGN\frontend\src\services\api.js","GET","/infrastructure/status","NO_STATIC_BACKEND_MATCH"
"C:\Users\DIYA GOEL\Downloads\EBDESIGN\frontend\src\services\api.js","GET","/ai/backbone/status","NO_STATIC_BACKEND_MATCH"
"C:\Users\DIYA GOEL\Downloads\EBDESIGN\frontend\src\services\api.js","POST","/precision-farming/apply","NO_STATIC_BACKEND_MATCH"
"C:\Users\DIYA GOEL\Downloads\EBDESIGN\frontend\src\services\api.js","GET","/market","NO_STATIC_BACKEND_MATCH"
"C:\Users\DIYA GOEL\Downloads\EBDESIGN\frontend\src\services\api.js","GET","/zones","NO_STATIC_BACKEND_MATCH"
"C:\Users\DIYA GOEL\Downloads\EBDESIGN\frontend\src\services\api.js","POST","/minority-engagements/engage","NO_STATIC_BACKEND_MATCH"
"C:\Users\DIYA GOEL\Downloads\EBDESIGN\frontend\src\services\api.js","POST","/ai-brain/planning","NO_STATIC_BACKEND_MATCH"
"C:\Users\DIYA GOEL\Downloads\EBDESIGN\frontend\src\services\api.js","GET","/public-opinion","NO_STATIC_BACKEND_MATCH"
"C:\Users\DIYA GOEL\Downloads\EBDESIGN\frontend\src\services\api.js","GET","/market/trends","NO_STATIC_BACKEND_MATCH"
"C:\Users\DIYA GOEL\Downloads\EBDESIGN\frontend\src\services\api.js","GET","/variety-directory/request-image","NO_STATIC_BACKEND_MATCH"
"C:\Users\DIYA GOEL\Downloads\EBDESIGN\frontend\src\services\api.js","GET","/ml-models","NO_STATIC_BACKEND_MATCH"
"C:\Users\DIYA GOEL\Downloads\EBDESIGN\frontend\src\services\api.js","GET","/shipping","NO_STATIC_BACKEND_MATCH"
"C:\Users\DIYA GOEL\Downloads\EBDESIGN\frontend\src\services\api.js","POST","/nervous-system/reflex","NO_STATIC_BACKEND_MATCH"
"C:\Users\DIYA GOEL\Downloads\EBDESIGN\frontend\src\services\api.js","GET","/equipment-rental/rentals","NO_STATIC_BACKEND_MATCH"
"C:\Users\DIYA GOEL\Downloads\EBDESIGN\frontend\src\services\api.js","GET","/documentation-resilience-farming","NO_STATIC_BACKEND_MATCH"
"C:\Users\DIYA GOEL\Downloads\EBDESIGN\frontend\src\services\api.js","POST","/leadership-resilience-farming/build","NO_STATIC_BACKEND_MATCH"
"C:\Users\DIYA GOEL\Downloads\EBDESIGN\frontend\src\services\api.js","GET","/water-budgeting/track-usage","NO_STATIC_BACKEND_MATCH"
"C:\Users\DIYA GOEL\Downloads\EBDESIGN\frontend\src\pages\modules\M299\M299.jsx","GET","/api/v1/backend-modules/M299/","EXACT_METHOD_PATH"
"C:\Users\DIYA GOEL\Downloads\EBDESIGN\frontend\src\services\api.js","GET","/ambassadors","NO_STATIC_BACKEND_MATCH"
"C:\Users\DIYA GOEL\Downloads\EBDESIGN\frontend\src\services\api.js","GET","/releases","NO_STATIC_BACKEND_MATCH"
"C:\Users\DIYA GOEL\Downloads\EBDESIGN\frontend\src\services\api.js","GET","/orchestrations","NO_STATIC_BACKEND_MATCH"
"C:\Users\DIYA GOEL\Downloads\EBDESIGN\frontend\src\services\api.js","POST","/accreditation-resilience-farming/build","NO_STATIC_BACKEND_MATCH"
"C:\Users\DIYA GOEL\Downloads\EBDESIGN\frontend\src\services\api.js","POST","/herds/manage","NO_STATIC_BACKEND_MATCH"
"C:\Users\DIYA GOEL\Downloads\EBDESIGN\frontend\src\services\api.js","GET","/risks","NO_STATIC_BACKEND_MATCH"
"C:\Users\DIYA GOEL\Downloads\EBDESIGN\frontend\src\services\api.js","POST","/incident-response/respond","NO_STATIC_BACKEND_MATCH"
"C:\Users\DIYA GOEL\Downloads\EBDESIGN\frontend\src\pages\modules\M168\M168.jsx","GET","/api/v1/backend-modules/M168/","EXACT_METHOD_PATH"
"C:\Users\DIYA GOEL\Downloads\EBDESIGN\frontend\src\pages\modules\M134\M134.jsx","GET","/api/v1/backend-modules/M134/","EXACT_METHOD_PATH"
"C:\Users\DIYA GOEL\Downloads\EBDESIGN\frontend\src\services\api.js","POST","/precision-horticulture/reading","NO_STATIC_BACKEND_MATCH"
"C:\Users\DIYA GOEL\Downloads\EBDESIGN\frontend\src\services\api.js","POST","/variety-selection/select","NO_STATIC_BACKEND_MATCH"
"C:\Users\DIYA GOEL\Downloads\EBDESIGN\frontend\src\services\api.js","GET","/kpi","NO_STATIC_BACKEND_MATCH"
"C:\Users\DIYA GOEL\Downloads\EBDESIGN\frontend\src\services\api.js","POST","/profiler/start","NO_STATIC_BACKEND_MATCH"
"C:\Users\DIYA GOEL\Downloads\EBDESIGN\frontend\src\services\api.js","GET","/ai/collaboration/sessions","NO_STATIC_BACKEND_MATCH"
"C:\Users\DIYA GOEL\Downloads\EBDESIGN\frontend\src\services\api.js","POST","/system/manage","NO_STATIC_BACKEND_MATCH"
"C:\Users\DIYA GOEL\Downloads\EBDESIGN\frontend\src\services\api.js","GET","/disease-resilience-farming","NO_STATIC_BACKEND_MATCH"
"C:\Users\DIYA GOEL\Downloads\EBDESIGN\frontend\src\services\api.js","POST","/returns/request","NO_STATIC_BACKEND_MATCH"
"C:\Users\DIYA GOEL\Downloads\EBDESIGN\frontend\src\services\api.js","GET","/hydroponics","NO_STATIC_BACKEND_MATCH"
"C:\Users\DIYA GOEL\Downloads\EBDESIGN\frontend\src\services\api.js","POST","/turf/manage","NO_STATIC_BACKEND_MATCH"
"C:\Users\DIYA GOEL\Downloads\EBDESIGN\frontend\src\services\api.js","GET","/user-guides","NO_STATIC_BACKEND_MATCH"
"C:\Users\DIYA GOEL\Downloads\EBDESIGN\frontend\src\pages\modules\M268\M268.jsx","GET","/api/v1/backend-modules/M268/","EXACT_METHOD_PATH"
"C:\Users\DIYA GOEL\Downloads\EBDESIGN\frontend\src\services\api.js","POST","/auth/register","NO_STATIC_BACKEND_MATCH"
"C:\Users\DIYA GOEL\Downloads\EBDESIGN\frontend\src\services\api.js","POST","/reviews/submit","NO_STATIC_BACKEND_MATCH"
"C:\Users\DIYA GOEL\Downloads\EBDESIGN\frontend\src\services\api.js","POST","/logistics-enhancement/inventory","NO_STATIC_BACKEND_MATCH"
"C:\Users\DIYA GOEL\Downloads\EBDESIGN\frontend\src\services\api.js","GET","/finance/ai/insights","NO_STATIC_BACKEND_MATCH"
"C:\Users\DIYA GOEL\Downloads\EBDESIGN\frontend\src\services\api.js","GET","/audit/logs","NO_STATIC_BACKEND_MATCH"
"C:\Users\DIYA GOEL\Downloads\EBDESIGN\frontend\src\services\api.js","POST","/wearable-integration/sync","NO_STATIC_BACKEND_MATCH"
"C:\Users\DIYA GOEL\Downloads\EBDESIGN\frontend\src\services\api.js","GET","/verifications","NO_STATIC_BACKEND_MATCH"
"C:\Users\DIYA GOEL\Downloads\EBDESIGN\frontend\src\pages\modules\M138\M138.jsx","GET","/api/v1/backend-modules/M138/","EXACT_METHOD_PATH"
"C:\Users\DIYA GOEL\Downloads\EBDESIGN\frontend\src\services\api.js","GET","/nanotechnology","NO_STATIC_BACKEND_MATCH"
"C:\Users\DIYA GOEL\Downloads\EBDESIGN\frontend\src\services\api.js","POST","/agricultural-intelligence/predict-pest-outbreak","NO_STATIC_BACKEND_MATCH"
"C:\Users\DIYA GOEL\Downloads\EBDESIGN\frontend\src\services\api.js","POST","/ai-self-healing/root-cause-analysis","NO_STATIC_BACKEND_MATCH"
"C:\Users\DIYA GOEL\Downloads\EBDESIGN\frontend\src\services\api.js","POST","/impacts/measure","NO_STATIC_BACKEND_MATCH"
"C:\Users\DIYA GOEL\Downloads\EBDESIGN\frontend\src\services\api.js","POST","/ai/coordinator/coordinate","NO_STATIC_BACKEND_MATCH"
"C:\Users\DIYA GOEL\Downloads\EBDESIGN\frontend\src\services\api.js","POST","/insurance-claims/file","NO_STATIC_BACKEND_MATCH"
"C:\Users\DIYA GOEL\Downloads\EBDESIGN\frontend\src\services\commerceApi.js","GET","/products","NO_STATIC_BACKEND_MATCH"
"C:\Users\DIYA GOEL\Downloads\EBDESIGN\frontend\src\services\api.js","GET","/goat-farming/animals","NO_STATIC_BACKEND_MATCH"
"C:\Users\DIYA GOEL\Downloads\EBDESIGN\frontend\src\services\api.js","GET","/agenda-setting","NO_STATIC_BACKEND_MATCH"
"C:\Users\DIYA GOEL\Downloads\EBDESIGN\frontend\src\services\api.js","GET","/harvesting","NO_STATIC_BACKEND_MATCH"
"C:\Users\DIYA GOEL\Downloads\EBDESIGN\frontend\src\pages\modules\M121\M121.jsx","GET","/api/v1/backend-modules/M121/","EXACT_METHOD_PATH"
"C:\Users\DIYA GOEL\Downloads\EBDESIGN\frontend\src\services\api.js","GET","/water-quality-records","NO_STATIC_BACKEND_MATCH"
"C:\Users\DIYA GOEL\Downloads\EBDESIGN\frontend\src\services\api.js","GET","/pig/weight-records","NO_STATIC_BACKEND_MATCH"
"C:\Users\DIYA GOEL\Downloads\EBDESIGN\frontend\src\services\api.js","GET","/brands","NO_STATIC_BACKEND_MATCH"
"C:\Users\DIYA GOEL\Downloads\EBDESIGN\frontend\src\services\api.js","POST","/innovation-resilience-farming/build","NO_STATIC_BACKEND_MATCH"
"C:\Users\DIYA GOEL\Downloads\EBDESIGN\frontend\src\services\api.js","GET","/land-use","NO_STATIC_BACKEND_MATCH"
"C:\Users\DIYA GOEL\Downloads\EBDESIGN\frontend\src\services\api.js","POST","/permitting-resilience-farming/build","NO_STATIC_BACKEND_MATCH"
"C:\Users\DIYA GOEL\Downloads\EBDESIGN\frontend\src\services\api.js","POST","/agro-meteorology/analyze","NO_STATIC_BACKEND_MATCH"
"C:\Users\DIYA GOEL\Downloads\EBDESIGN\frontend\src\services\api.js","GET","/privacy-settings","NO_STATIC_BACKEND_MATCH"
"C:\Users\DIYA GOEL\Downloads\EBDESIGN\frontend\src\services\api.js","GET","/water-management","NO_STATIC_BACKEND_MATCH"
"C:\Users\DIYA GOEL\Downloads\EBDESIGN\frontend\src\services\api.js","GET","/enterprise-integration","NO_STATIC_BACKEND_MATCH"
"C:\Users\DIYA GOEL\Downloads\EBDESIGN\frontend\src\pages\modules\M264\M264.jsx","GET","/api/v1/backend-modules/M264/","EXACT_METHOD_PATH"
"C:\Users\DIYA GOEL\Downloads\EBDESIGN\frontend\src\services\api.js","GET","/ai-operation-intelligence/continuous-improvement","NO_STATIC_BACKEND_MATCH"
"C:\Users\DIYA GOEL\Downloads\EBDESIGN\frontend\src\pages\modules\M292\M292.jsx","GET","/api/v1/backend-modules/M292/","EXACT_METHOD_PATH"
"C:\Users\DIYA GOEL\Downloads\EBDESIGN\frontend\src\services\api.js","POST","/decision-support/compliance-gaps","NO_STATIC_BACKEND_MATCH"
"C:\Users\DIYA GOEL\Downloads\EBDESIGN\frontend\src\services\api.js","POST","/debugging/mode","NO_STATIC_BACKEND_MATCH"
"C:\Users\DIYA GOEL\Downloads\EBDESIGN\frontend\src\services\api.js","GET","/deep-learning-farming","NO_STATIC_BACKEND_MATCH"
"C:\Users\DIYA GOEL\Downloads\EBDESIGN\frontend\src\services\api.js","GET","/yield","NO_STATIC_BACKEND_MATCH"
"C:\Users\DIYA GOEL\Downloads\EBDESIGN\frontend\src\pages\modules\M213\M213.jsx","GET","/api/v1/backend-modules/M213/","EXACT_METHOD_PATH"
"C:\Users\DIYA GOEL\Downloads\EBDESIGN\frontend\src\pages\modules\M80\M80.jsx","GET","/api/v1/backend-modules/M080/","EXACT_METHOD_PATH"
"C:\Users\DIYA GOEL\Downloads\EBDESIGN\frontend\src\services\api.js","GET","/pig/breeding-alerts","NO_STATIC_BACKEND_MATCH"
"C:\Users\DIYA GOEL\Downloads\EBDESIGN\frontend\src\pages\modules\M62\M62.jsx","GET","/api/v1/backend-modules/M062/","EXACT_METHOD_PATH"
"C:\Users\DIYA GOEL\Downloads\EBDESIGN\frontend\src\services\api.js","POST","/sunflowers/manage","NO_STATIC_BACKEND_MATCH"
"C:\Users\DIYA GOEL\Downloads\EBDESIGN\frontend\src\services\api.js","GET","/online-protest","NO_STATIC_BACKEND_MATCH"
"C:\Users\DIYA GOEL\Downloads\EBDESIGN\frontend\src\services\api.js","GET","/budgets","NO_STATIC_BACKEND_MATCH"
"C:\Users\DIYA GOEL\Downloads\EBDESIGN\frontend\src\services\api.js","GET","/science","NO_STATIC_BACKEND_MATCH"
"C:\Users\DIYA GOEL\Downloads\EBDESIGN\frontend\src\services\api.js","POST","/kpi/track","NO_STATIC_BACKEND_MATCH"
"C:\Users\DIYA GOEL\Downloads\EBDESIGN\frontend\src\services\api.js","GET","/logistics-enhancement/set-geofence","NO_STATIC_BACKEND_MATCH"
"C:\Users\DIYA GOEL\Downloads\EBDESIGN\frontend\src\services\api.js","POST","/farm-profitability/analyze","NO_STATIC_BACKEND_MATCH"
"C:\Users\DIYA GOEL\Downloads\EBDESIGN\frontend\src\services\api.js","GET","/simulation","NO_STATIC_BACKEND_MATCH"
"C:\Users\DIYA GOEL\Downloads\EBDESIGN\frontend\src\services\api.js","GET","/access-logs","NO_STATIC_BACKEND_MATCH"
"C:\Users\DIYA GOEL\Downloads\EBDESIGN\frontend\src\services\commerceApi.js","GET","/orders/cart","NO_STATIC_BACKEND_MATCH"
"C:\Users\DIYA GOEL\Downloads\EBDESIGN\frontend\src\services\api.js","POST","/shipments/manage","NO_STATIC_BACKEND_MATCH"
"C:\Users\DIYA GOEL\Downloads\EBDESIGN\frontend\src\components\Farmer\FarmerImagePortal.jsx","POST","/api/farmer/portfolio/products","NO_STATIC_BACKEND_MATCH"
"C:\Users\DIYA GOEL\Downloads\EBDESIGN\frontend\src\services\api.js","POST","/cyber-activism/activate","NO_STATIC_BACKEND_MATCH"
"C:\Users\DIYA GOEL\Downloads\EBDESIGN\frontend\src\services\api.js","POST","/taxonomy/manage","NO_STATIC_BACKEND_MATCH"
"C:\Users\DIYA GOEL\Downloads\EBDESIGN\frontend\src\services\api.js","GET","/mobile","NO_STATIC_BACKEND_MATCH"
"C:\Users\DIYA GOEL\Downloads\EBDESIGN\frontend\src\pages\modules\M106\M106.jsx","GET","/api/v1/backend-modules/M106/","EXACT_METHOD_PATH"
"C:\Users\DIYA GOEL\Downloads\EBDESIGN\frontend\src\services\api.js","POST","/vineyards/manage","NO_STATIC_BACKEND_MATCH"
"C:\Users\DIYA GOEL\Downloads\EBDESIGN\frontend\src\services\api.js","POST","/personal-warfare/wage","NO_STATIC_BACKEND_MATCH"
"C:\Users\DIYA GOEL\Downloads\EBDESIGN\frontend\src\services\api.js","POST","/supply-chain-analytics/analyze","NO_STATIC_BACKEND_MATCH"
"C:\Users\DIYA GOEL\Downloads\EBDESIGN\frontend\src\services\api.js","POST","/information-sharing/document","NO_STATIC_BACKEND_MATCH"
"C:\Users\DIYA GOEL\Downloads\EBDESIGN\frontend\src\pages\modules\M209\M209.jsx","GET","/api/v1/backend-modules/M209/","EXACT_METHOD_PATH"
"C:\Users\DIYA GOEL\Downloads\EBDESIGN\frontend\src\services\api.js","GET","/skills-resilience-farming","NO_STATIC_BACKEND_MATCH"
"C:\Users\DIYA GOEL\Downloads\EBDESIGN\frontend\src\services\api.js","GET","/enterprise-control/emergency/active","NO_STATIC_BACKEND_MATCH"
"C:\Users\DIYA GOEL\Downloads\EBDESIGN\frontend\src\services\api.js","GET","/ml-farming","NO_STATIC_BACKEND_MATCH"
"C:\Users\DIYA GOEL\Downloads\EBDESIGN\frontend\src\services\api.js","GET","/ai/cluster/status","NO_STATIC_BACKEND_MATCH"
"C:\Users\DIYA GOEL\Downloads\EBDESIGN\frontend\src\services\api.js","GET","/spices","NO_STATIC_BACKEND_MATCH"
"C:\Users\DIYA GOEL\Downloads\EBDESIGN\frontend\src\services\api.js","POST","/religious-warfare/wage","NO_STATIC_BACKEND_MATCH"
"C:\Users\DIYA GOEL\Downloads\EBDESIGN\frontend\src\services\api.js","GET","/decision-support/scheme-expiry-status","NO_STATIC_BACKEND_MATCH"
"C:\Users\DIYA GOEL\Downloads\EBDESIGN\frontend\src\services\api.js","GET","/shrimp","NO_STATIC_BACKEND_MATCH"
"C:\Users\DIYA GOEL\Downloads\EBDESIGN\frontend\src\services\api.js","POST","/moderations/moderate","NO_STATIC_BACKEND_MATCH"
"C:\Users\DIYA GOEL\Downloads\EBDESIGN\frontend\src\services\api.js","POST","/wallet/transfer","NO_STATIC_BACKEND_MATCH"
"C:\Users\DIYA GOEL\Downloads\EBDESIGN\frontend\src\services\api.js","GET","/civil-disruption","NO_STATIC_BACKEND_MATCH"
"C:\Users\DIYA GOEL\Downloads\EBDESIGN\frontend\src\pages\modules\M260\M260.jsx","GET","/api/v1/backend-modules/M260/","EXACT_METHOD_PATH"
"C:\Users\DIYA GOEL\Downloads\EBDESIGN\frontend\src\services\coreApi.js","POST","/mfa/disable","NO_STATIC_BACKEND_MATCH"
"C:\Users\DIYA GOEL\Downloads\EBDESIGN\frontend\src\services\api.js","PUT","/settings","NO_STATIC_BACKEND_MATCH"
"C:\Users\DIYA GOEL\Downloads\EBDESIGN\frontend\src\pages\modules\M155\M155.jsx","GET","/api/v1/backend-modules/M155/","EXACT_METHOD_PATH"
"C:\Users\DIYA GOEL\Downloads\EBDESIGN\frontend\src\services\api.js","GET","/random","NO_STATIC_BACKEND_MATCH"
"C:\Users\DIYA GOEL\Downloads\EBDESIGN\frontend\src\services\api.js","GET","/farmers/pricing/benchmarks","NO_STATIC_BACKEND_MATCH"
"C:\Users\DIYA GOEL\Downloads\EBDESIGN\frontend\src\pages\modules\M204\M204.jsx","GET","/api/v1/backend-modules/M204/","EXACT_METHOD_PATH"
"C:\Users\DIYA GOEL\Downloads\EBDESIGN\frontend\src\services\api.js","GET","/kiosks","NO_STATIC_BACKEND_MATCH"
"C:\Users\DIYA GOEL\Downloads\EBDESIGN\frontend\src\pages\modules\M153\M153.jsx","GET","/api/v1/backend-modules/M153/","EXACT_METHOD_PATH"
"C:\Users\DIYA GOEL\Downloads\EBDESIGN\frontend\src\services\api.js","GET","/seed-vault","NO_STATIC_BACKEND_MATCH"
"C:\Users\DIYA GOEL\Downloads\EBDESIGN\frontend\src\services\api.js","GET","/return-load-board","NO_STATIC_BACKEND_MATCH"
"C:\Users\DIYA GOEL\Downloads\EBDESIGN\frontend\src\services\api.js","GET","/beekeeping","NO_STATIC_BACKEND_MATCH"
"C:\Users\DIYA GOEL\Downloads\EBDESIGN\frontend\src\services\api.js","GET","/crop-value-research","NO_STATIC_BACKEND_MATCH"
"C:\Users\DIYA GOEL\Downloads\EBDESIGN\frontend\src\services\waterIrrigationService.js","POST","/water-irrigation/water-quality","NO_STATIC_BACKEND_MATCH"
"C:\Users\DIYA GOEL\Downloads\EBDESIGN\frontend\src\services\api.js","GET","/ai-brain/cognitive-state","NO_STATIC_BACKEND_MATCH"
"C:\Users\DIYA GOEL\Downloads\EBDESIGN\frontend\src\services\api.js","POST","/risk/assess","NO_STATIC_BACKEND_MATCH"
"C:\Users\DIYA GOEL\Downloads\EBDESIGN\frontend\src\services\api.js","GET","/packing","NO_STATIC_BACKEND_MATCH"
"C:\Users\DIYA GOEL\Downloads\EBDESIGN\frontend\src\pages\modules\M206\M206.jsx","GET","/api/v1/backend-modules/M206/","EXACT_METHOD_PATH"
"C:\Users\DIYA GOEL\Downloads\EBDESIGN\frontend\src\services\api.js","GET","/platform-configuration/recommendations","NO_STATIC_BACKEND_MATCH"
"C:\Users\DIYA GOEL\Downloads\EBDESIGN\frontend\src\services\api.js","POST","/community-asset","NO_STATIC_BACKEND_MATCH"
"C:\Users\DIYA GOEL\Downloads\EBDESIGN\frontend\src\services\api.js","POST","/agricultural-intelligence/optimize-irrigation","NO_STATIC_BACKEND_MATCH"
"C:\Users\DIYA GOEL\Downloads\EBDESIGN\frontend\src\pages\modules\M167\M167.jsx","GET","/api/v1/backend-modules/M167/","EXACT_METHOD_PATH"
"C:\Users\DIYA GOEL\Downloads\EBDESIGN\frontend\src\services\api.js","GET","/nfts","NO_STATIC_BACKEND_MATCH"
"C:\Users\DIYA GOEL\Downloads\EBDESIGN\frontend\src\services\api.js","POST","/agro-meteorology/records/record","NO_STATIC_BACKEND_MATCH"
"C:\Users\DIYA GOEL\Downloads\EBDESIGN\frontend\src\pages\modules\M205\M205.jsx","GET","/api/v1/backend-modules/M205/","EXACT_METHOD_PATH"
"C:\Users\DIYA GOEL\Downloads\EBDESIGN\frontend\src\services\api.js","POST","/potatoes/manage","NO_STATIC_BACKEND_MATCH"
"C:\Users\DIYA GOEL\Downloads\EBDESIGN\frontend\src\services\api.js","GET","/comprehensive-erp/get-executive-dashboard","NO_STATIC_BACKEND_MATCH"
"C:\Users\DIYA GOEL\Downloads\EBDESIGN\frontend\src\services\api.js","POST","/research-development/funding-opportunity","NO_STATIC_BACKEND_MATCH"
"C:\Users\DIYA GOEL\Downloads\EBDESIGN\frontend\src\services\api.js","GET","/logistics-optimization","NO_STATIC_BACKEND_MATCH"
"C:\Users\DIYA GOEL\Downloads\EBDESIGN\frontend\src\pages\modules\M177\M177.jsx","GET","/api/v1/backend-modules/M177/","EXACT_METHOD_PATH"
"C:\Users\DIYA GOEL\Downloads\EBDESIGN\frontend\src\services\api.js","GET","/liquid-fertilizer","NO_STATIC_BACKEND_MATCH"
"C:\Users\DIYA GOEL\Downloads\EBDESIGN\frontend\src\services\api.js","GET","/addons","NO_STATIC_BACKEND_MATCH"
"C:\Users\DIYA GOEL\Downloads\EBDESIGN\frontend\src\services\api.js","POST","/ai-agent/tool","NO_STATIC_BACKEND_MATCH"
"C:\Users\DIYA GOEL\Downloads\EBDESIGN\frontend\src\services\api.js","GET","/policies","NO_STATIC_BACKEND_MATCH"
"C:\Users\DIYA GOEL\Downloads\EBDESIGN\frontend\src\pages\modules\M321\M321.jsx","GET","/api/v1/backend-modules/M321/","EXACT_METHOD_PATH"
"C:\Users\DIYA GOEL\Downloads\EBDESIGN\frontend\src\services\api.js","GET","/limits","NO_STATIC_BACKEND_MATCH"
"C:\Users\DIYA GOEL\Downloads\EBDESIGN\frontend\src\services\api.js","GET","/decision-engine/decisions/history","NO_STATIC_BACKEND_MATCH"
"C:\Users\DIYA GOEL\Downloads\EBDESIGN\frontend\src\services\api.js","POST","/live-chat/start","NO_STATIC_BACKEND_MATCH"
"C:\Users\DIYA GOEL\Downloads\EBDESIGN\frontend\src\services\api.js","POST","/predictions/generate","NO_STATIC_BACKEND_MATCH"
"C:\Users\DIYA GOEL\Downloads\EBDESIGN\frontend\src\pages\modules\M83\M83.jsx","GET","/api/v1/backend-modules/M083/","EXACT_METHOD_PATH"
"C:\Users\DIYA GOEL\Downloads\EBDESIGN\frontend\src\services\api.js","POST","/equipment-exchange/listing","NO_STATIC_BACKEND_MATCH"
"C:\Users\DIYA GOEL\Downloads\EBDESIGN\frontend\src\services\api.js","POST","/messages","NO_STATIC_BACKEND_MATCH"
"C:\Users\DIYA GOEL\Downloads\EBDESIGN\frontend\src\services\operationsApi.js","POST","/logistics/drivers","NO_STATIC_BACKEND_MATCH"
"C:\Users\DIYA GOEL\Downloads\EBDESIGN\frontend\src\services\api.js","GET","/folu-benchmark/transitions","NO_STATIC_BACKEND_MATCH"
"C:\Users\DIYA GOEL\Downloads\EBDESIGN\frontend\src\services\operationsApi.js","POST","/insurance/calculate-premium","NO_STATIC_BACKEND_MATCH"
"C:\Users\DIYA GOEL\Downloads\EBDESIGN\frontend\src\services\api.js","GET","/market-resilience-farming","NO_STATIC_BACKEND_MATCH"
"C:\Users\DIYA GOEL\Downloads\EBDESIGN\frontend\src\services\api.js","GET","/pest-forecasting","NO_STATIC_BACKEND_MATCH"
"C:\Users\DIYA GOEL\Downloads\EBDESIGN\frontend\src\pages\modules\M266\M266.jsx","GET","/api/v1/backend-modules/M266/","EXACT_METHOD_PATH"
"C:\Users\DIYA GOEL\Downloads\EBDESIGN\frontend\src\services\api.js","GET","/compliance-checks","NO_STATIC_BACKEND_MATCH"
"C:\Users\DIYA GOEL\Downloads\EBDESIGN\frontend\src\services\api.js","POST","/experience-layer/contrast","NO_STATIC_BACKEND_MATCH"
"C:\Users\DIYA GOEL\Downloads\EBDESIGN\frontend\src\services\api.js","GET","/video-tutorials","NO_STATIC_BACKEND_MATCH"
"C:\Users\DIYA GOEL\Downloads\EBDESIGN\frontend\src\services\api.js","POST","/user-routes","NO_STATIC_BACKEND_MATCH"
"C:\Users\DIYA GOEL\Downloads\EBDESIGN\frontend\src\services\api.js","POST","/metric-analyses/run","NO_STATIC_BACKEND_MATCH"
"C:\Users\DIYA GOEL\Downloads\EBDESIGN\frontend\src\services\api.js","GET","/scheme-registry/expiring","NO_STATIC_BACKEND_MATCH"
"C:\Users\DIYA GOEL\Downloads\EBDESIGN\frontend\src\services\api.js","POST","/finance/ai/forecast","NO_STATIC_BACKEND_MATCH"
"C:\Users\DIYA GOEL\Downloads\EBDESIGN\frontend\src\services\api.js","POST","/rotation/manage","NO_STATIC_BACKEND_MATCH"
"C:\Users\DIYA GOEL\Downloads\EBDESIGN\frontend\src\services\api.js","GET","/testing-resilience-farming","NO_STATIC_BACKEND_MATCH"
"C:\Users\DIYA GOEL\Downloads\EBDESIGN\frontend\src\services\api.js","GET","/ai/brain/state","NO_STATIC_BACKEND_MATCH"
"C:\Users\DIYA GOEL\Downloads\EBDESIGN\frontend\src\services\api.js","POST","/infrastructure-resilience-farming/build","NO_STATIC_BACKEND_MATCH"
"C:\Users\DIYA GOEL\Downloads\EBDESIGN\frontend\src\services\api.js","GET","/session-management/sessions","NO_STATIC_BACKEND_MATCH"
"C:\Users\DIYA GOEL\Downloads\EBDESIGN\frontend\src\services\api.js","GET","/crop-calendar","NO_STATIC_BACKEND_MATCH"
"C:\Users\DIYA GOEL\Downloads\EBDESIGN\frontend\src\pages\modules\M158\M158.jsx","GET","/api/v1/backend-modules/M158/","EXACT_METHOD_PATH"
"C:\Users\DIYA GOEL\Downloads\EBDESIGN\frontend\src\pages\modules\M279\M279.jsx","GET","/api/v1/backend-modules/M279/","EXACT_METHOD_PATH"
"C:\Users\DIYA GOEL\Downloads\EBDESIGN\frontend\src\services\operationsApi.js","GET","/insurance/policies","NO_STATIC_BACKEND_MATCH"
"C:\Users\DIYA GOEL\Downloads\EBDESIGN\frontend\src\services\api.js","GET","/failure-analyses","NO_STATIC_BACKEND_MATCH"
"C:\Users\DIYA GOEL\Downloads\EBDESIGN\frontend\src\services\api.js","POST","/infrastructure/manage","NO_STATIC_BACKEND_MATCH"
"C:\Users\DIYA GOEL\Downloads\EBDESIGN\frontend\src\services\api.js","GET","/transparency-farming","NO_STATIC_BACKEND_MATCH"
"C:\Users\DIYA GOEL\Downloads\EBDESIGN\frontend\src\services\api.js","GET","/digital-organizing","NO_STATIC_BACKEND_MATCH"
"C:\Users\DIYA GOEL\Downloads\EBDESIGN\frontend\src\services\api.js","GET","/rural-enterprise/statistics","NO_STATIC_BACKEND_MATCH"
"C:\Users\DIYA GOEL\Downloads\EBDESIGN\frontend\src\services\api.js","POST","/ai/voice/speak","NO_STATIC_BACKEND_MATCH"
"C:\Users\DIYA GOEL\Downloads\EBDESIGN\frontend\src\services\api.js","GET","/landscape","NO_STATIC_BACKEND_MATCH"
"C:\Users\DIYA GOEL\Downloads\EBDESIGN\frontend\src\services\api.js","GET","/erp/gl-entries","NO_STATIC_BACKEND_MATCH"
"C:\Users\DIYA GOEL\Downloads\EBDESIGN\frontend\src\services\api.js","GET","/platform-core/scaling-recommendations","NO_STATIC_BACKEND_MATCH"
"C:\Users\DIYA GOEL\Downloads\EBDESIGN\frontend\src\services\api.js","POST","/results/manage","NO_STATIC_BACKEND_MATCH"
"C:\Users\DIYA GOEL\Downloads\EBDESIGN\frontend\src\services\api.js","GET","/soil-health","NO_STATIC_BACKEND_MATCH"
"C:\Users\DIYA GOEL\Downloads\EBDESIGN\frontend\src\pages\modules\M45\M45.jsx","GET","/api/v1/backend-modules/M045/","EXACT_METHOD_PATH"
"C:\Users\DIYA GOEL\Downloads\EBDESIGN\frontend\src\services\api.js","GET","/capacity-sharing","NO_STATIC_BACKEND_MATCH"
"C:\Users\DIYA GOEL\Downloads\EBDESIGN\frontend\src\services\api.js","GET","/yards","NO_STATIC_BACKEND_MATCH"
"C:\Users\DIYA GOEL\Downloads\EBDESIGN\frontend\src\pages\modules\M140\M140.jsx","GET","/api/v1/backend-modules/M140/","EXACT_METHOD_PATH"
"C:\Users\DIYA GOEL\Downloads\EBDESIGN\frontend\src\services\api.js","POST","/nutrition-intelligence/recipes","NO_STATIC_BACKEND_MATCH"
"C:\Users\DIYA GOEL\Downloads\EBDESIGN\frontend\src\services\api.js","GET","/fish-processing/batches","NO_STATIC_BACKEND_MATCH"
"C:\Users\DIYA GOEL\Downloads\EBDESIGN\frontend\src\services\api.js","GET","/fresh-produce","NO_STATIC_BACKEND_MATCH"
"C:\Users\DIYA GOEL\Downloads\EBDESIGN\frontend\src\services\api.js","POST","/individuals/manage","NO_STATIC_BACKEND_MATCH"
"C:\Users\DIYA GOEL\Downloads\EBDESIGN\frontend\src\services\api.js","POST","/cooperative-share/distribution","NO_STATIC_BACKEND_MATCH"
"C:\Users\DIYA GOEL\Downloads\EBDESIGN\frontend\src\services\api.js","POST","/cooperatives","NO_STATIC_BACKEND_MATCH"
"C:\Users\DIYA GOEL\Downloads\EBDESIGN\frontend\src\services\api.js","GET","/livestock-tracking","NO_STATIC_BACKEND_MATCH"
"C:\Users\DIYA GOEL\Downloads\EBDESIGN\frontend\src\services\api.js","GET","/solar","NO_STATIC_BACKEND_MATCH"
"C:\Users\DIYA GOEL\Downloads\EBDESIGN\frontend\src\pages\modules\M154\M154.jsx","GET","/api/v1/backend-modules/M154/","EXACT_METHOD_PATH"
"C:\Users\DIYA GOEL\Downloads\EBDESIGN\frontend\src\pages\modules\M275\M275.jsx","GET","/api/v1/backend-modules/M275/","EXACT_METHOD_PATH"
"C:\Users\DIYA GOEL\Downloads\EBDESIGN\frontend\src\services\api.js","GET","/sheep/shearing-alerts","NO_STATIC_BACKEND_MATCH"
"C:\Users\DIYA GOEL\Downloads\EBDESIGN\frontend\src\services\api.js","POST","/precision/apply","NO_STATIC_BACKEND_MATCH"
"C:\Users\DIYA GOEL\Downloads\EBDESIGN\frontend\src\services\api.js","GET","/asset-accounting","NO_STATIC_BACKEND_MATCH"
"C:\Users\DIYA GOEL\Downloads\EBDESIGN\frontend\src\pages\modules\M48\M48.jsx","GET","/api/v1/backend-modules/M048/","EXACT_METHOD_PATH"
"C:\Users\DIYA GOEL\Downloads\EBDESIGN\frontend\src\services\coreApi.js","POST","/auth/2fa/verify","NO_STATIC_BACKEND_MATCH"
"C:\Users\DIYA GOEL\Downloads\EBDESIGN\frontend\src\services\api.js","POST","/dpr-generation/generate","NO_STATIC_BACKEND_MATCH"
"C:\Users\DIYA GOEL\Downloads\EBDESIGN\frontend\src\services\api.js","GET","/energy-conservation-farming","NO_STATIC_BACKEND_MATCH"
"C:\Users\DIYA GOEL\Downloads\EBDESIGN\frontend\src\services\api.js","GET","/rotation","NO_STATIC_BACKEND_MATCH"
"C:\Users\DIYA GOEL\Downloads\EBDESIGN\frontend\src\pages\IoTMonitoringDashboard.jsx","GET","/iot/system/status","NO_STATIC_BACKEND_MATCH"
"C:\Users\DIYA GOEL\Downloads\EBDESIGN\frontend\src\services\api.js","GET","/energy-optimization","NO_STATIC_BACKEND_MATCH"
"C:\Users\DIYA GOEL\Downloads\EBDESIGN\frontend\src\services\api.js","GET","/hatchery-management","NO_STATIC_BACKEND_MATCH"
"C:\Users\DIYA GOEL\Downloads\EBDESIGN\frontend\src\services\api.js","POST","/environment-resilience-farming/build","NO_STATIC_BACKEND_MATCH"
"C:\Users\DIYA GOEL\Downloads\EBDESIGN\frontend\src\services\api.js","POST","/dairy/manage","NO_STATIC_BACKEND_MATCH"
"C:\Users\DIYA GOEL\Downloads\EBDESIGN\frontend\src\services\api.js","POST","/sheep/manage","NO_STATIC_BACKEND_MATCH"
"C:\Users\DIYA GOEL\Downloads\EBDESIGN\frontend\src\services\api.js","GET","/fertility-management/records","NO_STATIC_BACKEND_MATCH"
"C:\Users\DIYA GOEL\Downloads\EBDESIGN\frontend\src\services\api.js","GET","/vision","NO_STATIC_BACKEND_MATCH"
"C:\Users\DIYA GOEL\Downloads\EBDESIGN\frontend\src\services\api.js","GET","/products/states","NO_STATIC_BACKEND_MATCH"
"C:\Users\DIYA GOEL\Downloads\EBDESIGN\frontend\src\services\api.js","POST","/comprehensive-erp/create-maintenance-order","NO_STATIC_BACKEND_MATCH"
"C:\Users\DIYA GOEL\Downloads\EBDESIGN\frontend\src\services\api.js","GET","/neighborhoods","NO_STATIC_BACKEND_MATCH"
"C:\Users\DIYA GOEL\Downloads\EBDESIGN\frontend\src\services\api.js","GET","/admin-portal","NO_STATIC_BACKEND_MATCH"
"C:\Users\DIYA GOEL\Downloads\EBDESIGN\frontend\src\services\api.js","POST","/retail/manage","NO_STATIC_BACKEND_MATCH"
"C:\Users\DIYA GOEL\Downloads\EBDESIGN\frontend\src\services\api.js","GET","/research-development/publications","NO_STATIC_BACKEND_MATCH"
"C:\Users\DIYA GOEL\Downloads\EBDESIGN\frontend\src\services\api.js","GET","/enterprise-route-support","NO_STATIC_BACKEND_MATCH"
"C:\Users\DIYA GOEL\Downloads\EBDESIGN\frontend\src\services\api.js","PUT","/ai/gateway/config","NO_STATIC_BACKEND_MATCH"
"C:\Users\DIYA GOEL\Downloads\EBDESIGN\frontend\src\services\api.js","GET","/backup-restore","NO_STATIC_BACKEND_MATCH"
"C:\Users\DIYA GOEL\Downloads\EBDESIGN\frontend\src\services\api.js","GET","/roads","NO_STATIC_BACKEND_MATCH"
"C:\Users\DIYA GOEL\Downloads\EBDESIGN\frontend\src\services\api.js","GET","/organizations","NO_STATIC_BACKEND_MATCH"
"C:\Users\DIYA GOEL\Downloads\EBDESIGN\frontend\src\services\api.js","POST","/cdn-data/invalidate","NO_STATIC_BACKEND_MATCH"
"C:\Users\DIYA GOEL\Downloads\EBDESIGN\frontend\src\services\api.js","GET","/comparisons","NO_STATIC_BACKEND_MATCH"
"C:\Users\DIYA GOEL\Downloads\EBDESIGN\frontend\src\services\api.js","POST","/preventive-maintenance/record","NO_STATIC_BACKEND_MATCH"
"C:\Users\DIYA GOEL\Downloads\EBDESIGN\frontend\src\pages\modules\M107\M107.jsx","GET","/api/v1/backend-modules/M107/","EXACT_METHOD_PATH"
"C:\Users\DIYA GOEL\Downloads\EBDESIGN\frontend\src\services\api.js","POST","/contracts","NO_STATIC_BACKEND_MATCH"
"C:\Users\DIYA GOEL\Downloads\EBDESIGN\frontend\src\pages\modules\M267\M267.jsx","GET","/api/v1/backend-modules/M267/","EXACT_METHOD_PATH"
"C:\Users\DIYA GOEL\Downloads\EBDESIGN\frontend\src\services\api.js","GET","/flood-monitoring","NO_STATIC_BACKEND_MATCH"
"C:\Users\DIYA GOEL\Downloads\EBDESIGN\frontend\src\services\api.js","GET","/implement-management/implements","NO_STATIC_BACKEND_MATCH"
"C:\Users\DIYA GOEL\Downloads\EBDESIGN\frontend\src\pages\modules\M39\M39.jsx","GET","/api/v1/backend-modules/M039/","EXACT_METHOD_PATH"
"C:\Users\DIYA GOEL\Downloads\EBDESIGN\frontend\src\services\api.js","GET","/medical-coding/dietary-restrictions","NO_STATIC_BACKEND_MATCH"
"C:\Users\DIYA GOEL\Downloads\EBDESIGN\frontend\src\services\api.js","GET","/profile","NO_STATIC_BACKEND_MATCH"
"C:\Users\DIYA GOEL\Downloads\EBDESIGN\frontend\src\services\commerceApi.js","GET","/products/search","NO_STATIC_BACKEND_MATCH"
"C:\Users\DIYA GOEL\Downloads\EBDESIGN\frontend\src\services\api.js","POST","/ecommerce-erp/general-ledger","NO_STATIC_BACKEND_MATCH"
"C:\Users\DIYA GOEL\Downloads\EBDESIGN\frontend\src\services\api.js","GET","/enterprise-control/risk/heatmap","NO_STATIC_BACKEND_MATCH"
"C:\Users\DIYA GOEL\Downloads\EBDESIGN\frontend\src\services\api.js","GET","/reviews","NO_STATIC_BACKEND_MATCH"
"C:\Users\DIYA GOEL\Downloads\EBDESIGN\frontend\src\services\api.js","GET","/blockchain-farming","NO_STATIC_BACKEND_MATCH"
"C:\Users\DIYA GOEL\Downloads\EBDESIGN\frontend\src\services\componentApi.js","POST","/ai/voice/speak","NO_STATIC_BACKEND_MATCH"
"C:\Users\DIYA GOEL\Downloads\EBDESIGN\frontend\src\services\api.js","GET","/zero-waste-farming","NO_STATIC_BACKEND_MATCH"
"C:\Users\DIYA GOEL\Downloads\EBDESIGN\frontend\src\services\api.js","GET","/ai/library-workspace/status","NO_STATIC_BACKEND_MATCH"
"C:\Users\DIYA GOEL\Downloads\EBDESIGN\frontend\src\services\api.js","POST","/comprehensive-erp/create-production-order","NO_STATIC_BACKEND_MATCH"
"C:\Users\DIYA GOEL\Downloads\EBDESIGN\frontend\src\services\api.js","POST","/organization-management/organization","NO_STATIC_BACKEND_MATCH"
"C:\Users\DIYA GOEL\Downloads\EBDESIGN\frontend\src\services\api.js","POST","/innovations/manage","NO_STATIC_BACKEND_MATCH"
"C:\Users\DIYA GOEL\Downloads\EBDESIGN\frontend\src\pages\modules\M301\M301.jsx","GET","/api/v1/backend-modules/M301/","EXACT_METHOD_PATH"
"C:\Users\DIYA GOEL\Downloads\EBDESIGN\frontend\src\services\api.js","GET","/supply-chains-resilience-farming","NO_STATIC_BACKEND_MATCH"
"C:\Users\DIYA GOEL\Downloads\EBDESIGN\frontend\src\services\api.js","GET","/ecommerce-marketplace/gi-listings","NO_STATIC_BACKEND_MATCH"
"C:\Users\DIYA GOEL\Downloads\EBDESIGN\frontend\src\services\api.js","GET","/potatoes","NO_STATIC_BACKEND_MATCH"
"C:\Users\DIYA GOEL\Downloads\EBDESIGN\frontend\src\services\api.js","GET","/project-systems/complete-milestone","NO_STATIC_BACKEND_MATCH"
"C:\Users\DIYA GOEL\Downloads\EBDESIGN\frontend\src\pages\modules\M148\M148.jsx","GET","/api/v1/backend-modules/M148/","EXACT_METHOD_PATH"
"C:\Users\DIYA GOEL\Downloads\EBDESIGN\frontend\src\services\api.js","GET","/pesticide-optimization","NO_STATIC_BACKEND_MATCH"
"C:\Users\DIYA GOEL\Downloads\EBDESIGN\frontend\src\services\api.js","GET","/ai-operation-intelligence/predict-optimization","NO_STATIC_BACKEND_MATCH"
"C:\Users\DIYA GOEL\Downloads\EBDESIGN\frontend\src\pages\modules\M146\M146.jsx","GET","/api/v1/backend-modules/M146/","EXACT_METHOD_PATH"
"C:\Users\DIYA GOEL\Downloads\EBDESIGN\frontend\src\services\api.js","GET","/legal/documents","NO_STATIC_BACKEND_MATCH"
"C:\Users\DIYA GOEL\Downloads\EBDESIGN\frontend\src\services\api.js","GET","/optimizations","NO_STATIC_BACKEND_MATCH"
"C:\Users\DIYA GOEL\Downloads\EBDESIGN\frontend\src\services\api.js","POST","/regional-development/plan","NO_STATIC_BACKEND_MATCH"
"C:\Users\DIYA GOEL\Downloads\EBDESIGN\frontend\src\services\api.js","GET","/compliance","NO_STATIC_BACKEND_MATCH"
"C:\Users\DIYA GOEL\Downloads\EBDESIGN\frontend\src\pages\modules\M132\M132.jsx","GET","/api/v1/backend-modules/M132/","EXACT_METHOD_PATH"
"C:\Users\DIYA GOEL\Downloads\EBDESIGN\frontend\src\services\api.js","POST","/fisheries-health/monitor","NO_STATIC_BACKEND_MATCH"
"C:\Users\DIYA GOEL\Downloads\EBDESIGN\frontend\src\pages\modules\M151\M151.jsx","GET","/api/v1/backend-modules/M151/","EXACT_METHOD_PATH"
"C:\Users\DIYA GOEL\Downloads\EBDESIGN\frontend\src\services\api.js","POST","/poultry/feed-consumption","NO_STATIC_BACKEND_MATCH"
"C:\Users\DIYA GOEL\Downloads\EBDESIGN\frontend\src\services\api.js","POST","/inspections/conduct","NO_STATIC_BACKEND_MATCH"
"C:\Users\DIYA GOEL\Downloads\EBDESIGN\frontend\src\services\api.js","GET","/hybrid-farming","NO_STATIC_BACKEND_MATCH"
"C:\Users\DIYA GOEL\Downloads\EBDESIGN\frontend\src\services\api.js","GET","/agro-meteorology","NO_STATIC_BACKEND_MATCH"
"C:\Users\DIYA GOEL\Downloads\EBDESIGN\frontend\src\services\api.js","POST","/water-budgeting/report","NO_STATIC_BACKEND_MATCH"
"C:\Users\DIYA GOEL\Downloads\EBDESIGN\frontend\src\services\api.js","POST","/anomalies/detect","NO_STATIC_BACKEND_MATCH"
"C:\Users\DIYA GOEL\Downloads\EBDESIGN\frontend\src\services\api.js","GET","/tax","NO_STATIC_BACKEND_MATCH"
"C:\Users\DIYA GOEL\Downloads\EBDESIGN\frontend\src\services\api.js","GET","/themes","NO_STATIC_BACKEND_MATCH"
"C:\Users\DIYA GOEL\Downloads\EBDESIGN\frontend\src\services\api.js","POST","/service-registry/register","NO_STATIC_BACKEND_MATCH"
"C:\Users\DIYA GOEL\Downloads\EBDESIGN\frontend\src\services\api.js","POST","/textile/manage","NO_STATIC_BACKEND_MATCH"
"C:\Users\DIYA GOEL\Downloads\EBDESIGN\frontend\src\services\api.js","GET","/rainwater-harvesting/monitor-collection","NO_STATIC_BACKEND_MATCH"
"C:\Users\DIYA GOEL\Downloads\EBDESIGN\frontend\src\services\api.js","POST","/soil-management/analyze","NO_STATIC_BACKEND_MATCH"
"C:\Users\DIYA GOEL\Downloads\EBDESIGN\frontend\src\services\api.js","GET","/best-sellers","NO_STATIC_BACKEND_MATCH"
"C:\Users\DIYA GOEL\Downloads\EBDESIGN\frontend\src\services\api.js","GET","/sheep-ai/recommend-sheep-breeding","NO_STATIC_BACKEND_MATCH"
"C:\Users\DIYA GOEL\Downloads\EBDESIGN\frontend\src\pages\modules\M66\M66.jsx","GET","/api/v1/backend-modules/M066/","EXACT_METHOD_PATH"
"C:\Users\DIYA GOEL\Downloads\EBDESIGN\frontend\src\services\api.js","POST","/weather/manage","NO_STATIC_BACKEND_MATCH"
"C:\Users\DIYA GOEL\Downloads\EBDESIGN\frontend\src\services\api.js","POST","/precision-agriculture/implement","NO_STATIC_BACKEND_MATCH"
"C:\Users\DIYA GOEL\Downloads\EBDESIGN\frontend\src\services\api.js","GET","/system-administration/health-dashboard","NO_STATIC_BACKEND_MATCH"
"C:\Users\DIYA GOEL\Downloads\EBDESIGN\frontend\src\services\api.js","GET","/organization-management/all-organizations","NO_STATIC_BACKEND_MATCH"
"C:\Users\DIYA GOEL\Downloads\EBDESIGN\frontend\src\services\api.js","GET","/information-sharing/end-collaboration-session","NO_STATIC_BACKEND_MATCH"
"C:\Users\DIYA GOEL\Downloads\EBDESIGN\frontend\src\services\api.js","GET","/stress-tests","NO_STATIC_BACKEND_MATCH"
"C:\Users\DIYA GOEL\Downloads\EBDESIGN\frontend\src\services\api.js","GET","/process-manager","NO_STATIC_BACKEND_MATCH"
"C:\Users\DIYA GOEL\Downloads\EBDESIGN\frontend\src\services\api.js","GET","/ai-operation-intelligence/metrics","NO_STATIC_BACKEND_MATCH"
"C:\Users\DIYA GOEL\Downloads\EBDESIGN\frontend\src\services\api.js","GET","/impacts","NO_STATIC_BACKEND_MATCH"
"C:\Users\DIYA GOEL\Downloads\EBDESIGN\frontend\src\services\api.js","GET","/organic-input/items","NO_STATIC_BACKEND_MATCH"
"C:\Users\DIYA GOEL\Downloads\EBDESIGN\frontend\src\services\api.js","GET","/subsidy-ops/check-equipment-subsidy","NO_STATIC_BACKEND_MATCH"
"C:\Users\DIYA GOEL\Downloads\EBDESIGN\frontend\src\services\api.js","POST","/livestock-analytics/record","NO_STATIC_BACKEND_MATCH"
"C:\Users\DIYA GOEL\Downloads\EBDESIGN\frontend\src\services\api.js","POST","/agricultural-intelligence/analyze","NO_STATIC_BACKEND_MATCH"
"C:\Users\DIYA GOEL\Downloads\EBDESIGN\frontend\src\services\api.js","GET","/pricing/forward","NO_STATIC_BACKEND_MATCH"
"C:\Users\DIYA GOEL\Downloads\EBDESIGN\frontend\src\services\api.js","GET","/nervous-system/execute-motor-function","NO_STATIC_BACKEND_MATCH"
"C:\Users\DIYA GOEL\Downloads\EBDESIGN\frontend\src\services\api.js","GET","/promotional-banners","NO_STATIC_BACKEND_MATCH"
"C:\Users\DIYA GOEL\Downloads\EBDESIGN\frontend\src\pages\modules\M239\M239.jsx","GET","/api/v1/backend-modules/M239/","EXACT_METHOD_PATH"
"C:\Users\DIYA GOEL\Downloads\EBDESIGN\frontend\src\services\api.js","GET","/config","NO_STATIC_BACKEND_MATCH"
"C:\Users\DIYA GOEL\Downloads\EBDESIGN\frontend\src\services\api.js","POST","/pre-season-order","NO_STATIC_BACKEND_MATCH"
"C:\Users\DIYA GOEL\Downloads\EBDESIGN\frontend\src\pages\modules\M52\M52.jsx","GET","/api/v1/backend-modules/M052/","EXACT_METHOD_PATH"
"C:\Users\DIYA GOEL\Downloads\EBDESIGN\frontend\src\services\api.js","GET","/configurations","NO_STATIC_BACKEND_MATCH"
"C:\Users\DIYA GOEL\Downloads\EBDESIGN\frontend\src\services\api.js","GET","/compliance/rcm-outstanding","NO_STATIC_BACKEND_MATCH"
"C:\Users\DIYA GOEL\Downloads\EBDESIGN\frontend\src\services\api.js","GET","/monitoring/metrics","NO_STATIC_BACKEND_MATCH"
"C:\Users\DIYA GOEL\Downloads\EBDESIGN\frontend\src\services\api.js","GET","/milking","NO_STATIC_BACKEND_MATCH"
"C:\Users\DIYA GOEL\Downloads\EBDESIGN\frontend\src\services\api.js","POST","/logistics-enhancement/warehouse","NO_STATIC_BACKEND_MATCH"
"C:\Users\DIYA GOEL\Downloads\EBDESIGN\frontend\src\services\api.js","GET","/ecommerce-marketplace/listings","NO_STATIC_BACKEND_MATCH"
"C:\Users\DIYA GOEL\Downloads\EBDESIGN\frontend\src\services\api.js","POST","/automation-farming/implement","NO_STATIC_BACKEND_MATCH"
"C:\Users\DIYA GOEL\Downloads\EBDESIGN\frontend\src\services\api.js","GET","/customers-resilience-farming","NO_STATIC_BACKEND_MATCH"
"C:\Users\DIYA GOEL\Downloads\EBDESIGN\frontend\src\services\api.js","PUT","/profile","NO_STATIC_BACKEND_MATCH"
"C:\Users\DIYA GOEL\Downloads\EBDESIGN\frontend\src\services\api.js","POST","/auth/login","NO_STATIC_BACKEND_MATCH"
"C:\Users\DIYA GOEL\Downloads\EBDESIGN\frontend\src\services\api.js","POST","/rain/measure","NO_STATIC_BACKEND_MATCH"
"C:\Users\DIYA GOEL\Downloads\EBDESIGN\frontend\src\services\operationsApi.js","GET","/insurance/claims","NO_STATIC_BACKEND_MATCH"
"C:\Users\DIYA GOEL\Downloads\EBDESIGN\frontend\src\services\api.js","POST","/energy-optimization/optimize","NO_STATIC_BACKEND_MATCH"
"C:\Users\DIYA GOEL\Downloads\EBDESIGN\frontend\src\services\api.js","POST","/orders","NO_STATIC_BACKEND_MATCH"
"C:\Users\DIYA GOEL\Downloads\EBDESIGN\frontend\src\services\api.js","GET","/fish-feed/logs","NO_STATIC_BACKEND_MATCH"
"C:\Users\DIYA GOEL\Downloads\EBDESIGN\frontend\src\services\api.js","POST","/import","NO_STATIC_BACKEND_MATCH"
"C:\Users\DIYA GOEL\Downloads\EBDESIGN\frontend\src\services\api.js","GET","/performance-measurements","NO_STATIC_BACKEND_MATCH"
"C:\Users\DIYA GOEL\Downloads\EBDESIGN\frontend\src\services\api.js","POST","/ai/copilot/session","NO_STATIC_BACKEND_MATCH"
"C:\Users\DIYA GOEL\Downloads\EBDESIGN\frontend\src\services\api.js","GET","/farmers/market/comparison","NO_STATIC_BACKEND_MATCH"
"C:\Users\DIYA GOEL\Downloads\EBDESIGN\frontend\src\services\api.js","POST","/indigenous-engagements/engage","NO_STATIC_BACKEND_MATCH"
"C:\Users\DIYA GOEL\Downloads\EBDESIGN\frontend\src\services\api.js","GET","/audit-logs","NO_STATIC_BACKEND_MATCH"
"C:\Users\DIYA GOEL\Downloads\EBDESIGN\frontend\src\services\api.js","GET","/soil-moisture","NO_STATIC_BACKEND_MATCH"
"C:\Users\DIYA GOEL\Downloads\EBDESIGN\frontend\src\services\api.js","GET","/subscriptions","NO_STATIC_BACKEND_MATCH"
"C:\Users\DIYA GOEL\Downloads\EBDESIGN\frontend\src\services\api.js","POST","/compliance/reports","NO_STATIC_BACKEND_MATCH"
"C:\Users\DIYA GOEL\Downloads\EBDESIGN\frontend\src\services\api.js","GET","/finance/trial-balance","NO_STATIC_BACKEND_MATCH"
"C:\Users\DIYA GOEL\Downloads\EBDESIGN\frontend\src\services\api.js","GET","/drought-resilience-farming","NO_STATIC_BACKEND_MATCH"
"C:\Users\DIYA GOEL\Downloads\EBDESIGN\frontend\src\services\api.js","POST","/soil-moisture/monitor","NO_STATIC_BACKEND_MATCH"
"C:\Users\DIYA GOEL\Downloads\EBDESIGN\frontend\src\pages\AdvancedMedicalCodingPage.jsx","GET","/advanced-medical-coding/code-systems","NO_STATIC_BACKEND_MATCH"
"C:\Users\DIYA GOEL\Downloads\EBDESIGN\frontend\src\pages\modules\M57\M57.jsx","GET","/api/v1/backend-modules/M057/","EXACT_METHOD_PATH"
"C:\Users\DIYA GOEL\Downloads\EBDESIGN\frontend\src\services\api.js","POST","/agenda-setting/set","NO_STATIC_BACKEND_MATCH"
"C:\Users\DIYA GOEL\Downloads\EBDESIGN\frontend\src\services\api.js","GET","/industry-resilience-farming","NO_STATIC_BACKEND_MATCH"
"C:\Users\DIYA GOEL\Downloads\EBDESIGN\frontend\src\services\api.js","POST","/ai/conversational/send","NO_STATIC_BACKEND_MATCH"
"C:\Users\DIYA GOEL\Downloads\EBDESIGN\frontend\src\services\api.js","GET","/digital-farming","NO_STATIC_BACKEND_MATCH"
"C:\Users\DIYA GOEL\Downloads\EBDESIGN\frontend\src\services\api.js","POST","/liquid-fertilizer/apply","NO_STATIC_BACKEND_MATCH"
"C:\Users\DIYA GOEL\Downloads\EBDESIGN\frontend\src\services\api.js","GET","/water-quality/compliance-report","NO_STATIC_BACKEND_MATCH"
"C:\Users\DIYA GOEL\Downloads\EBDESIGN\frontend\src\services\api.js","GET","/recovered-finance","NO_STATIC_BACKEND_MATCH"
"C:\Users\DIYA GOEL\Downloads\EBDESIGN\frontend\src\services\waterIrrigationService.js","POST","/water-irrigation/irrigation-schedules","NO_STATIC_BACKEND_MATCH"
"C:\Users\DIYA GOEL\Downloads\EBDESIGN\frontend\src\services\api.js","POST","/ai/product-media/analyze","NO_STATIC_BACKEND_MATCH"
"C:\Users\DIYA GOEL\Downloads\EBDESIGN\frontend\src\services\api.js","PUT","/redis-data","NO_STATIC_BACKEND_MATCH"
"C:\Users\DIYA GOEL\Downloads\EBDESIGN\frontend\src\services\api.js","POST","/warehouse/manage","NO_STATIC_BACKEND_MATCH"
"C:\Users\DIYA GOEL\Downloads\EBDESIGN\frontend\src\pages\modules\M272\M272.jsx","GET","/api/v1/backend-modules/M272/","EXACT_METHOD_PATH"
"C:\Users\DIYA GOEL\Downloads\EBDESIGN\frontend\src\pages\modules\M109\M109.jsx","GET","/api/v1/backend-modules/M109/","EXACT_METHOD_PATH"
"C:\Users\DIYA GOEL\Downloads\EBDESIGN\frontend\src\services\api.js","GET","/job-manager","NO_STATIC_BACKEND_MATCH"
"C:\Users\DIYA GOEL\Downloads\EBDESIGN\frontend\src\services\api.js","GET","/farmer-training/register","NO_STATIC_BACKEND_MATCH"
"C:\Users\DIYA GOEL\Downloads\EBDESIGN\frontend\src\services\api.js","GET","/pest-management","NO_STATIC_BACKEND_MATCH"
"C:\Users\DIYA GOEL\Downloads\EBDESIGN\frontend\src\services\api.js","POST","/random/generate","NO_STATIC_BACKEND_MATCH"
"C:\Users\DIYA GOEL\Downloads\EBDESIGN\frontend\src\services\api.js","GET","/freight-pooling/close-and-dispatch","NO_STATIC_BACKEND_MATCH"
"C:\Users\DIYA GOEL\Downloads\EBDESIGN\frontend\src\services\api.js","POST","/strategic/plan","NO_STATIC_BACKEND_MATCH"
"C:\Users\DIYA GOEL\Downloads\EBDESIGN\frontend\src\services\api.js","GET","/financial/loans","NO_STATIC_BACKEND_MATCH"
"C:\Users\DIYA GOEL\Downloads\EBDESIGN\frontend\src\pages\modules\M55\M55.jsx","GET","/api/v1/backend-modules/M055/","EXACT_METHOD_PATH"
"C:\Users\DIYA GOEL\Downloads\EBDESIGN\frontend\src\services\api.js","PUT","/api-config","NO_STATIC_BACKEND_MATCH"
"C:\Users\DIYA GOEL\Downloads\EBDESIGN\frontend\src\services\api.js","GET","/asset-lifecycle/assets","NO_STATIC_BACKEND_MATCH"
"C:\Users\DIYA GOEL\Downloads\EBDESIGN\frontend\src\services\authService.js","POST","/auth/login","NO_STATIC_BACKEND_MATCH"
"C:\Users\DIYA GOEL\Downloads\EBDESIGN\frontend\src\services\api.js","GET","/recommended-products","NO_STATIC_BACKEND_MATCH"
"C:\Users\DIYA GOEL\Downloads\EBDESIGN\frontend\src\services\api.js","POST","/erp/sync/trigger","NO_STATIC_BACKEND_MATCH"
"C:\Users\DIYA GOEL\Downloads\EBDESIGN\frontend\src\services\api.js","POST","/equipment-scheduling/schedule","NO_STATIC_BACKEND_MATCH"
"C:\Users\DIYA GOEL\Downloads\EBDESIGN\frontend\src\services\api.js","GET","/buyer-portal","NO_STATIC_BACKEND_MATCH"
"C:\Users\DIYA GOEL\Downloads\EBDESIGN\frontend\src\services\api.js","GET","/sessions","NO_STATIC_BACKEND_MATCH"
"C:\Users\DIYA GOEL\Downloads\EBDESIGN\frontend\src\services\api.js","GET","/payment-gateway/supported-gateways","NO_STATIC_BACKEND_MATCH"
"C:\Users\DIYA GOEL\Downloads\EBDESIGN\frontend\src\services\api.js","GET","/ecommerce-integration","NO_STATIC_BACKEND_MATCH"
"C:\Users\DIYA GOEL\Downloads\EBDESIGN\frontend\src\services\api.js","POST","/urban-development/plan","NO_STATIC_BACKEND_MATCH"
"C:\Users\DIYA GOEL\Downloads\EBDESIGN\frontend\src\services\api.js","POST","/legal/manage","NO_STATIC_BACKEND_MATCH"
"C:\Users\DIYA GOEL\Downloads\EBDESIGN\frontend\src\services\api.js","GET","/workflows","NO_STATIC_BACKEND_MATCH"
"C:\Users\DIYA GOEL\Downloads\EBDESIGN\frontend\src\services\api.js","GET","/comprehensive-erp/get-trial-balance","NO_STATIC_BACKEND_MATCH"
"C:\Users\DIYA GOEL\Downloads\EBDESIGN\frontend\src\pages\modules\M183\M183.jsx","GET","/api/v1/backend-modules/M183/","EXACT_METHOD_PATH"
"C:\Users\DIYA GOEL\Downloads\EBDESIGN\frontend\src\services\api.js","POST","/services/manage","NO_STATIC_BACKEND_MATCH"
"C:\Users\DIYA GOEL\Downloads\EBDESIGN\frontend\src\pages\modules\M171\M171.jsx","GET","/api/v1/backend-modules/M171/","EXACT_METHOD_PATH"
"C:\Users\DIYA GOEL\Downloads\EBDESIGN\frontend\src\services\api.js","POST","/storage-buckets/upload","NO_STATIC_BACKEND_MATCH"
"C:\Users\DIYA GOEL\Downloads\EBDESIGN\frontend\src\pages\modules\M105\M105.jsx","GET","/api/v1/backend-modules/M105/","EXACT_METHOD_PATH"
"C:\Users\DIYA GOEL\Downloads\EBDESIGN\frontend\src\services\api.js","GET","/village-profiles/villages/search","NO_STATIC_BACKEND_MATCH"
"C:\Users\DIYA GOEL\Downloads\EBDESIGN\frontend\src\services\api.js","GET","/goat-ai/recommend-goat-breeding","NO_STATIC_BACKEND_MATCH"
"C:\Users\DIYA GOEL\Downloads\EBDESIGN\frontend\src\services\api.js","POST","/admin-portal/manage","NO_STATIC_BACKEND_MATCH"
"C:\Users\DIYA GOEL\Downloads\EBDESIGN\frontend\src\services\api.js","POST","/wallet/withdraw","NO_STATIC_BACKEND_MATCH"
"C:\Users\DIYA GOEL\Downloads\EBDESIGN\frontend\src\services\api.js","GET","/watershed-records","NO_STATIC_BACKEND_MATCH"
"C:\Users\DIYA GOEL\Downloads\EBDESIGN\frontend\src\pages\modules\M197\M197.jsx","GET","/api/v1/backend-modules/M197/","EXACT_METHOD_PATH"
"C:\Users\DIYA GOEL\Downloads\EBDESIGN\frontend\src\services\api.js","GET","/marginalized-engagements","NO_STATIC_BACKEND_MATCH"
"C:\Users\DIYA GOEL\Downloads\EBDESIGN\frontend\src\services\api.js","GET","/envoys","NO_STATIC_BACKEND_MATCH"
"C:\Users\DIYA GOEL\Downloads\EBDESIGN\frontend\src\services\api.js","GET","/moderations","NO_STATIC_BACKEND_MATCH"
"C:\Users\DIYA GOEL\Downloads\EBDESIGN\frontend\src\services\api.js","POST","/ne-varieties","NO_STATIC_BACKEND_MATCH"
"C:\Users\DIYA GOEL\Downloads\EBDESIGN\frontend\src\services\api.js","POST","/loyalty-points/redeem","NO_STATIC_BACKEND_MATCH"
"C:\Users\DIYA GOEL\Downloads\EBDESIGN\frontend\src\services\api.js","GET","/performance/metrics","NO_STATIC_BACKEND_MATCH"
"C:\Users\DIYA GOEL\Downloads\EBDESIGN\frontend\src\services\api.js","GET","/farmer-verifications","NO_STATIC_BACKEND_MATCH"
"C:\Users\DIYA GOEL\Downloads\EBDESIGN\frontend\src\services\api.js","POST","/economic-development/plan","NO_STATIC_BACKEND_MATCH"
"C:\Users\DIYA GOEL\Downloads\EBDESIGN\frontend\src\services\api.js","POST","/wallet/payment","NO_STATIC_BACKEND_MATCH"
"C:\Users\DIYA GOEL\Downloads\EBDESIGN\frontend\src\services\api.js","GET","/wood","NO_STATIC_BACKEND_MATCH"
"C:\Users\DIYA GOEL\Downloads\EBDESIGN\frontend\src\services\operationsApi.js","GET","/logistics/vehicles","NO_STATIC_BACKEND_MATCH"
"C:\Users\DIYA GOEL\Downloads\EBDESIGN\frontend\src\components\AI\AICollaborationDashboard.jsx","GET","/ai/decisions/pending","NO_STATIC_BACKEND_MATCH"
"C:\Users\DIYA GOEL\Downloads\EBDESIGN\frontend\src\services\api.js","POST","/flags","NO_STATIC_BACKEND_MATCH"
"C:\Users\DIYA GOEL\Downloads\EBDESIGN\frontend\src\services\api.js","POST","/comprehensive-erp/record-cash-flow","NO_STATIC_BACKEND_MATCH"
"C:\Users\DIYA GOEL\Downloads\EBDESIGN\frontend\src\services\api.js","GET","/data-subjects","NO_STATIC_BACKEND_MATCH"
"C:\Users\DIYA GOEL\Downloads\EBDESIGN\frontend\src\services\api.js","GET","/comprehensive-erp","NO_STATIC_BACKEND_MATCH"
"C:\Users\DIYA GOEL\Downloads\EBDESIGN\frontend\src\services\api.js","GET","/institutional-resilience-farming","NO_STATIC_BACKEND_MATCH"
"C:\Users\DIYA GOEL\Downloads\EBDESIGN\frontend\src\services\api.js","GET","/equipment-exchange","NO_STATIC_BACKEND_MATCH"
"C:\Users\DIYA GOEL\Downloads\EBDESIGN\frontend\src\services\api.js","GET","/synchronization","NO_STATIC_BACKEND_MATCH"
"C:\Users\DIYA GOEL\Downloads\EBDESIGN\frontend\src\services\api.js","POST","/crop-monitoring/observations","NO_STATIC_BACKEND_MATCH"
"C:\Users\DIYA GOEL\Downloads\EBDESIGN\frontend\src\services\api.js","GET","/shared-infra/register-asset","NO_STATIC_BACKEND_MATCH"
"C:\Users\DIYA GOEL\Downloads\EBDESIGN\frontend\src\services\api.js","GET","/experience","NO_STATIC_BACKEND_MATCH"
"C:\Users\DIYA GOEL\Downloads\EBDESIGN\frontend\src\services\api.js","POST","/admin/manage","NO_STATIC_BACKEND_MATCH"
"C:\Users\DIYA GOEL\Downloads\EBDESIGN\frontend\src\services\api.js","GET","/ecommerce-marketing","NO_STATIC_BACKEND_MATCH"
"C:\Users\DIYA GOEL\Downloads\EBDESIGN\frontend\src\services\api.js","POST","/ecommerce-marketing/campaign","NO_STATIC_BACKEND_MATCH"
"C:\Users\DIYA GOEL\Downloads\EBDESIGN\frontend\src\services\api.js","GET","/nursery/nurseries","NO_STATIC_BACKEND_MATCH"
"C:\Users\DIYA GOEL\Downloads\EBDESIGN\frontend\src\services\commerceApi.js","GET","/orders","NO_STATIC_BACKEND_MATCH"
"C:\Users\DIYA GOEL\Downloads\EBDESIGN\frontend\src\services\api.js","POST","/water-resource-mapping/resource","NO_STATIC_BACKEND_MATCH"
"C:\Users\DIYA GOEL\Downloads\EBDESIGN\frontend\src\services\api.js","GET","/messages","NO_STATIC_BACKEND_MATCH"
"C:\Users\DIYA GOEL\Downloads\EBDESIGN\frontend\src\services\api.js","GET","/project-systems/project-budget-vs-actual","NO_STATIC_BACKEND_MATCH"
"C:\Users\DIYA GOEL\Downloads\EBDESIGN\frontend\src\services\api.js","GET","/community-engagements","NO_STATIC_BACKEND_MATCH"
"C:\Users\DIYA GOEL\Downloads\EBDESIGN\frontend\src\services\api.js","GET","/wishlist","NO_STATIC_BACKEND_MATCH"
"C:\Users\DIYA GOEL\Downloads\EBDESIGN\frontend\src\services\api.js","GET","/social-resilience-farming","NO_STATIC_BACKEND_MATCH"
"C:\Users\DIYA GOEL\Downloads\EBDESIGN\frontend\src\services\api.js","POST","/report-generator/generate","NO_STATIC_BACKEND_MATCH"
"C:\Users\DIYA GOEL\Downloads\EBDESIGN\frontend\src\services\api.js","GET","/drought-monitoring","NO_STATIC_BACKEND_MATCH"
"C:\Users\DIYA GOEL\Downloads\EBDESIGN\frontend\src\services\api.js","GET","/recovery-points","NO_STATIC_BACKEND_MATCH"
"C:\Users\DIYA GOEL\Downloads\EBDESIGN\frontend\src\services\api.js","GET","/nervous-system/register-sensor","NO_STATIC_BACKEND_MATCH"
"C:\Users\DIYA GOEL\Downloads\EBDESIGN\frontend\src\services\authService.js","PUT","/users/profile","NO_STATIC_BACKEND_MATCH"
"C:\Users\DIYA GOEL\Downloads\EBDESIGN\frontend\src\pages\modules\M111\M111.jsx","GET","/api/v1/backend-modules/M111/","EXACT_METHOD_PATH"
"C:\Users\DIYA GOEL\Downloads\EBDESIGN\frontend\src\services\api.js","GET","/ai-gateway/providers","NO_STATIC_BACKEND_MATCH"
"C:\Users\DIYA GOEL\Downloads\EBDESIGN\frontend\src\services\api.js","GET","/housing","NO_STATIC_BACKEND_MATCH"
"C:\Users\DIYA GOEL\Downloads\EBDESIGN\frontend\src\services\machineryVillageOpsService.js","POST","/machinery-village-ops/machinery-maintenance","NO_STATIC_BACKEND_MATCH"
"C:\Users\DIYA GOEL\Downloads\EBDESIGN\frontend\src\services\api.js","GET","/farmer-training/carbon-footprint","NO_STATIC_BACKEND_MATCH"
"C:\Users\DIYA GOEL\Downloads\EBDESIGN\frontend\src\services\api.js","GET","/enterprise-ai","NO_STATIC_BACKEND_MATCH"
"C:\Users\DIYA GOEL\Downloads\EBDESIGN\frontend\src\services\api.js","POST","/logistics-enhancement/vehicle","NO_STATIC_BACKEND_MATCH"
"C:\Users\DIYA GOEL\Downloads\EBDESIGN\frontend\src\services\api.js","POST","/tenant-management/tenant","NO_STATIC_BACKEND_MATCH"
"C:\Users\DIYA GOEL\Downloads\EBDESIGN\frontend\src\services\api.js","GET","/folu/scheme-status","NO_STATIC_BACKEND_MATCH"
"C:\Users\DIYA GOEL\Downloads\EBDESIGN\frontend\src\services\api.js","POST","/insurance/ai/assess","NO_STATIC_BACKEND_MATCH"
"C:\Users\DIYA GOEL\Downloads\EBDESIGN\frontend\src\services\api.js","GET","/user-management/detect-anomalies","NO_STATIC_BACKEND_MATCH"
"C:\Users\DIYA GOEL\Downloads\EBDESIGN\frontend\src\services\api.js","POST","/audit/logs","NO_STATIC_BACKEND_MATCH"
"C:\Users\DIYA GOEL\Downloads\EBDESIGN\frontend\src\services\api.js","GET","/mentorships","NO_STATIC_BACKEND_MATCH"
"C:\Users\DIYA GOEL\Downloads\EBDESIGN\frontend\src\services\api.js","GET","/freight-pooling/open-windows","NO_STATIC_BACKEND_MATCH"
"C:\Users\DIYA GOEL\Downloads\EBDESIGN\frontend\src\services\api.js","POST","/ecosystem-services-farming/assess","NO_STATIC_BACKEND_MATCH"
"C:\Users\DIYA GOEL\Downloads\EBDESIGN\frontend\src\services\api.js","POST","/shrimp/manage","NO_STATIC_BACKEND_MATCH"
"C:\Users\DIYA GOEL\Downloads\EBDESIGN\frontend\src\services\api.js","GET","/ai-operation-intelligence/resource-allocation","NO_STATIC_BACKEND_MATCH"
"C:\Users\DIYA GOEL\Downloads\EBDESIGN\frontend\src\services\api.js","GET","/platform-core/health","NO_STATIC_BACKEND_MATCH"
"C:\Users\DIYA GOEL\Downloads\EBDESIGN\frontend\src\pages\modules\M123\M123.jsx","GET","/api/v1/backend-modules/M123/","EXACT_METHOD_PATH"
"C:\Users\DIYA GOEL\Downloads\EBDESIGN\frontend\src\services\api.js","POST","/forecast/generate","NO_STATIC_BACKEND_MATCH"
"C:\Users\DIYA GOEL\Downloads\EBDESIGN\frontend\src\services\api.js","GET","/orchard/orchards","NO_STATIC_BACKEND_MATCH"
"C:\Users\DIYA GOEL\Downloads\EBDESIGN\frontend\src\pages\modules\M68\M68.jsx","GET","/api/v1/backend-modules/M068/","EXACT_METHOD_PATH"
"C:\Users\DIYA GOEL\Downloads\EBDESIGN\frontend\src\services\api.js","POST","/farm-costing/records","NO_STATIC_BACKEND_MATCH"
"C:\Users\DIYA GOEL\Downloads\EBDESIGN\frontend\src\services\api.js","GET","/enterprise-memory/cases/search","NO_STATIC_BACKEND_MATCH"
"C:\Users\DIYA GOEL\Downloads\EBDESIGN\frontend\src\services\api.js","GET","/partners-resilience-farming","NO_STATIC_BACKEND_MATCH"
"C:\Users\DIYA GOEL\Downloads\EBDESIGN\frontend\src\services\api.js","POST","/elderly-engagements/engage","NO_STATIC_BACKEND_MATCH"
"C:\Users\DIYA GOEL\Downloads\EBDESIGN\frontend\src\services\api.js","POST","/blockchain-farming/implement","NO_STATIC_BACKEND_MATCH"
"C:\Users\DIYA GOEL\Downloads\EBDESIGN\frontend\src\components\AI\AICollaborationDashboard.jsx","POST","/ai/decision/execute","NO_STATIC_BACKEND_MATCH"
"C:\Users\DIYA GOEL\Downloads\EBDESIGN\frontend\src\services\api.js","GET","/seed-planning/plans","NO_STATIC_BACKEND_MATCH"
"C:\Users\DIYA GOEL\Downloads\EBDESIGN\frontend\src\pages\modules\M133\M133.jsx","GET","/api/v1/backend-modules/M133/","EXACT_METHOD_PATH"
"C:\Users\DIYA GOEL\Downloads\EBDESIGN\frontend\src\services\api.js","POST","/sheep/vaccination-records","NO_STATIC_BACKEND_MATCH"
"C:\Users\DIYA GOEL\Downloads\EBDESIGN\frontend\src\services\api.js","POST","/debugger/mode","NO_STATIC_BACKEND_MATCH"
"C:\Users\DIYA GOEL\Downloads\EBDESIGN\frontend\src\services\api.js","GET","/climate-risk","NO_STATIC_BACKEND_MATCH"
"C:\Users\DIYA GOEL\Downloads\EBDESIGN\frontend\src\services\api.js","POST","/formulations","NO_STATIC_BACKEND_MATCH"
"C:\Users\DIYA GOEL\Downloads\EBDESIGN\frontend\src\services\api.js","GET","/search","NO_STATIC_BACKEND_MATCH"
"C:\Users\DIYA GOEL\Downloads\EBDESIGN\frontend\src\pages\modules\M277\M277.jsx","GET","/api/v1/backend-modules/M277/","EXACT_METHOD_PATH"
"C:\Users\DIYA GOEL\Downloads\EBDESIGN\frontend\src\services\api.js","POST","/data-export/export","NO_STATIC_BACKEND_MATCH"
"C:\Users\DIYA GOEL\Downloads\EBDESIGN\frontend\src\services\api.js","GET","/ai-brain/memory-state","NO_STATIC_BACKEND_MATCH"
"C:\Users\DIYA GOEL\Downloads\EBDESIGN\frontend\src\services\api.js","GET","/pig/vaccination-alerts","NO_STATIC_BACKEND_MATCH"
"C:\Users\DIYA GOEL\Downloads\EBDESIGN\frontend\src\services\api.js","POST","/processing/manage","NO_STATIC_BACKEND_MATCH"
"C:\Users\DIYA GOEL\Downloads\EBDESIGN\frontend\src\services\api.js","POST","/guardians/assign","NO_STATIC_BACKEND_MATCH"
"C:\Users\DIYA GOEL\Downloads\EBDESIGN\frontend\src\services\api.js","GET","/weather","NO_STATIC_BACKEND_MATCH"
"C:\Users\DIYA GOEL\Downloads\EBDESIGN\frontend\src\services\api.js","POST","/input-distribution/record","NO_STATIC_BACKEND_MATCH"
"C:\Users\DIYA GOEL\Downloads\EBDESIGN\frontend\src\services\api.js","POST","/attestations","NO_STATIC_BACKEND_MATCH"
"C:\Users\DIYA GOEL\Downloads\EBDESIGN\frontend\src\services\api.js","GET","/defense-fitness-prep/categories","NO_STATIC_BACKEND_MATCH"
"C:\Users\DIYA GOEL\Downloads\EBDESIGN\frontend\src\services\api.js","GET","/formulations","NO_STATIC_BACKEND_MATCH"
"C:\Users\DIYA GOEL\Downloads\EBDESIGN\frontend\src\services\api.js","GET","/individual-warfare","NO_STATIC_BACKEND_MATCH"
"C:\Users\DIYA GOEL\Downloads\EBDESIGN\frontend\src\services\api.js","POST","/ai/copilot/suggestions","NO_STATIC_BACKEND_MATCH"
"C:\Users\DIYA GOEL\Downloads\EBDESIGN\frontend\src\services\api.js","GET","/retry-policies","NO_STATIC_BACKEND_MATCH"
"C:\Users\DIYA GOEL\Downloads\EBDESIGN\frontend\src\services\api.js","POST","/enterprise-route-support/support","NO_STATIC_BACKEND_MATCH"
"C:\Users\DIYA GOEL\Downloads\EBDESIGN\frontend\src\services\api.js","GET","/farmers/product-categories","NO_STATIC_BACKEND_MATCH"
"C:\Users\DIYA GOEL\Downloads\EBDESIGN\frontend\src\pages\modules\M58\M58.jsx","GET","/api/v1/backend-modules/M058/","EXACT_METHOD_PATH"
"C:\Users\DIYA GOEL\Downloads\EBDESIGN\frontend\src\services\api.js","POST","/packing/manage","NO_STATIC_BACKEND_MATCH"
"C:\Users\DIYA GOEL\Downloads\EBDESIGN\frontend\src\services\api.js","GET","/precision-farming","NO_STATIC_BACKEND_MATCH"
"C:\Users\DIYA GOEL\Downloads\EBDESIGN\frontend\src\services\api.js","GET","/pig/record-feed-consumption","NO_STATIC_BACKEND_MATCH"
"C:\Users\DIYA GOEL\Downloads\EBDESIGN\frontend\src\pages\modules\M222\M222.jsx","GET","/api/v1/backend-modules/M222/","EXACT_METHOD_PATH"
"C:\Users\DIYA GOEL\Downloads\EBDESIGN\frontend\src\pages\modules\M323\M323.jsx","GET","/api/v1/backend-modules/M323/","EXACT_METHOD_PATH"
"C:\Users\DIYA GOEL\Downloads\EBDESIGN\frontend\src\services\api.js","GET","/skills","NO_STATIC_BACKEND_MATCH"
"C:\Users\DIYA GOEL\Downloads\EBDESIGN\frontend\src\services\api.js","POST","/subsidy-ops/gst","NO_STATIC_BACKEND_MATCH"
"C:\Users\DIYA GOEL\Downloads\EBDESIGN\frontend\src\services\api.js","POST","/equipment-inventory/equipment","NO_STATIC_BACKEND_MATCH"
"C:\Users\DIYA GOEL\Downloads\EBDESIGN\frontend\src\services\api.js","POST","/fuel-management/log","NO_STATIC_BACKEND_MATCH"
"C:\Users\DIYA GOEL\Downloads\EBDESIGN\frontend\src\services\api.js","POST","/ai-brain/learning","NO_STATIC_BACKEND_MATCH"
"C:\Users\DIYA GOEL\Downloads\EBDESIGN\frontend\src\services\api.js","POST","/replications","NO_STATIC_BACKEND_MATCH"
"C:\Users\DIYA GOEL\Downloads\EBDESIGN\frontend\src\services\api.js","GET","/wearable/recent-activity","NO_STATIC_BACKEND_MATCH"
"C:\Users\DIYA GOEL\Downloads\EBDESIGN\frontend\src\services\api.js","POST","/value-chain/manage","NO_STATIC_BACKEND_MATCH"
"C:\Users\DIYA GOEL\Downloads\EBDESIGN\frontend\src\services\api.js","GET","/satellite","NO_STATIC_BACKEND_MATCH"
"C:\Users\DIYA GOEL\Downloads\EBDESIGN\frontend\src\services\api.js","POST","/enterprise-control/workflow/start","NO_STATIC_BACKEND_MATCH"
"C:\Users\DIYA GOEL\Downloads\EBDESIGN\frontend\src\services\api.js","POST","/multilateral-cooperations/cooperate","NO_STATIC_BACKEND_MATCH"
"C:\Users\DIYA GOEL\Downloads\EBDESIGN\frontend\src\services\coreApi.js","POST","/library/ai-context","NO_STATIC_BACKEND_MATCH"
"C:\Users\DIYA GOEL\Downloads\EBDESIGN\frontend\src\services\api.js","GET","/firebase-realtime-data","NO_STATIC_BACKEND_MATCH"
"C:\Users\DIYA GOEL\Downloads\EBDESIGN\frontend\src\services\api.js","GET","/realtime-monitoring","NO_STATIC_BACKEND_MATCH"
"C:\Users\DIYA GOEL\Downloads\EBDESIGN\frontend\src\pages\IndiaCoveragePage.jsx","GET","/india-coverage","NO_STATIC_BACKEND_MATCH"
"C:\Users\DIYA GOEL\Downloads\EBDESIGN\frontend\src\services\api.js","GET","/precision-agriculture","NO_STATIC_BACKEND_MATCH"
"C:\Users\DIYA GOEL\Downloads\EBDESIGN\frontend\src\services\api.js","POST","/water-analytics/usage-analytics","NO_STATIC_BACKEND_MATCH"
"C:\Users\DIYA GOEL\Downloads\EBDESIGN\frontend\src\pages\modules\M245\M245.jsx","GET","/api/v1/backend-modules/M245/","EXACT_METHOD_PATH"
"C:\Users\DIYA GOEL\Downloads\EBDESIGN\frontend\src\services\api.js","POST","/triangular-cooperations/cooperate","NO_STATIC_BACKEND_MATCH"
"C:\Users\DIYA GOEL\Downloads\EBDESIGN\frontend\src\services\api.js","GET","/dpr-generation","NO_STATIC_BACKEND_MATCH"
"C:\Users\DIYA GOEL\Downloads\EBDESIGN\frontend\src\services\api.js","GET","/regional-variety","NO_STATIC_BACKEND_MATCH"
"C:\Users\DIYA GOEL\Downloads\EBDESIGN\frontend\src\services\api.js","GET","/sensor-farming","NO_STATIC_BACKEND_MATCH"
"C:\Users\DIYA GOEL\Downloads\EBDESIGN\frontend\src\services\api.js","POST","/feedback-surveys/submit","NO_STATIC_BACKEND_MATCH"
"C:\Users\DIYA GOEL\Downloads\EBDESIGN\frontend\src\services\api.js","POST","/animal-health/examination","NO_STATIC_BACKEND_MATCH"
"C:\Users\DIYA GOEL\Downloads\EBDESIGN\frontend\src\services\api.js","POST","/disclosure-resilience-farming/build","NO_STATIC_BACKEND_MATCH"
"C:\Users\DIYA GOEL\Downloads\EBDESIGN\frontend\src\services\api.js","POST","/ai/agents","NO_STATIC_BACKEND_MATCH"
"C:\Users\DIYA GOEL\Downloads\EBDESIGN\frontend\src\services\api.js","GET","/archives","NO_STATIC_BACKEND_MATCH"
"C:\Users\DIYA GOEL\Downloads\EBDESIGN\frontend\src\services\api.js","GET","/wearable/fitbit-auth-url","NO_STATIC_BACKEND_MATCH"
"C:\Users\DIYA GOEL\Downloads\EBDESIGN\frontend\src\services\api.js","GET","/citizen-engagements","NO_STATIC_BACKEND_MATCH"
"C:\Users\DIYA GOEL\Downloads\EBDESIGN\frontend\src\services\api.js","GET","/environment-resilience-farming","NO_STATIC_BACKEND_MATCH"
"C:\Users\DIYA GOEL\Downloads\EBDESIGN\frontend\src\pages\modules\M63\M63.jsx","GET","/api/v1/backend-modules/M63/","EXACT_METHOD_PATH"
"C:\Users\DIYA GOEL\Downloads\EBDESIGN\frontend\src\services\api.js","GET","/tickets","NO_STATIC_BACKEND_MATCH"
"C:\Users\DIYA GOEL\Downloads\EBDESIGN\frontend\src\services\api.js","GET","/procurement","NO_STATIC_BACKEND_MATCH"
"C:\Users\DIYA GOEL\Downloads\EBDESIGN\frontend\src\services\api.js","GET","/animal-health/outbreaks","NO_STATIC_BACKEND_MATCH"
"C:\Users\DIYA GOEL\Downloads\EBDESIGN\frontend\src\services\api.js","GET","/etcd-data","NO_STATIC_BACKEND_MATCH"
"C:\Users\DIYA GOEL\Downloads\EBDESIGN\frontend\src\services\api.js","POST","/diagnostic-analytics-farming/implement","NO_STATIC_BACKEND_MATCH"
"C:\Users\DIYA GOEL\Downloads\EBDESIGN\frontend\src\services\api.js","POST","/vegetable-production/record","NO_STATIC_BACKEND_MATCH"
"C:\Users\DIYA GOEL\Downloads\EBDESIGN\frontend\src\services\api.js","POST","/farmers/pricing/models","NO_STATIC_BACKEND_MATCH"
"C:\Users\DIYA GOEL\Downloads\EBDESIGN\frontend\src\services\api.js","POST","/products/product","NO_STATIC_BACKEND_MATCH"
"C:\Users\DIYA GOEL\Downloads\EBDESIGN\frontend\src\services\api.js","POST","/weather/pest-forecast","NO_STATIC_BACKEND_MATCH"
"C:\Users\DIYA GOEL\Downloads\EBDESIGN\frontend\src\services\coreApi.js","POST","/auth/logout","NO_STATIC_BACKEND_MATCH"
"C:\Users\DIYA GOEL\Downloads\EBDESIGN\frontend\src\services\api.js","POST","/decision-support/alloc-score","NO_STATIC_BACKEND_MATCH"
"C:\Users\DIYA GOEL\Downloads\EBDESIGN\frontend\src\services\api.js","POST","/research-development/knowledge","NO_STATIC_BACKEND_MATCH"
"C:\Users\DIYA GOEL\Downloads\EBDESIGN\frontend\src\services\api.js","GET","/features","NO_STATIC_BACKEND_MATCH"
"C:\Users\DIYA GOEL\Downloads\EBDESIGN\frontend\src\services\api.js","GET","/automation-farming","NO_STATIC_BACKEND_MATCH"
"C:\Users\DIYA GOEL\Downloads\EBDESIGN\frontend\src\services\api.js","GET","/logistics-enhancement/temperature-data","NO_STATIC_BACKEND_MATCH"
"C:\Users\DIYA GOEL\Downloads\EBDESIGN\frontend\src\services\api.js","POST","/comprehensive-erp/create-cost-center","NO_STATIC_BACKEND_MATCH"
"C:\Users\DIYA GOEL\Downloads\EBDESIGN\frontend\src\services\api.js","GET","/reports","NO_STATIC_BACKEND_MATCH"
"C:\Users\DIYA GOEL\Downloads\EBDESIGN\frontend\src\services\api.js","POST","/digital-boycott/boycott","NO_STATIC_BACKEND_MATCH"
"C:\Users\DIYA GOEL\Downloads\EBDESIGN\frontend\src\services\api.js","GET","/harvest-management","NO_STATIC_BACKEND_MATCH"
"C:\Users\DIYA GOEL\Downloads\EBDESIGN\frontend\src\services\api.js","GET","/logistics-enhancement/tracking","NO_STATIC_BACKEND_MATCH"
"C:\Users\DIYA GOEL\Downloads\EBDESIGN\frontend\src\services\api.js","GET","/glut-warning/check-glut-risk","NO_STATIC_BACKEND_MATCH"
"C:\Users\DIYA GOEL\Downloads\EBDESIGN\frontend\src\pages\modules\M122\M122.jsx","GET","/api/v1/backend-modules/M122/","EXACT_METHOD_PATH"
"C:\Users\DIYA GOEL\Downloads\EBDESIGN\frontend\src\services\api.js","GET","/scheme-benefits","NO_STATIC_BACKEND_MATCH"
"C:\Users\DIYA GOEL\Downloads\EBDESIGN\frontend\src\services\api.js","GET","/members","NO_STATIC_BACKEND_MATCH"
"C:\Users\DIYA GOEL\Downloads\EBDESIGN\frontend\src\services\api.js","GET","/poultry/egg-production","NO_STATIC_BACKEND_MATCH"
"C:\Users\DIYA GOEL\Downloads\EBDESIGN\frontend\src\services\api.js","POST","/water-footprint-farming/calculate","NO_STATIC_BACKEND_MATCH"
"C:\Users\DIYA GOEL\Downloads\EBDESIGN\frontend\src\services\api.js","GET","/results","NO_STATIC_BACKEND_MATCH"
"C:\Users\DIYA GOEL\Downloads\EBDESIGN\frontend\src\services\api.js","POST","/protected-cultivation/structure","NO_STATIC_BACKEND_MATCH"
"C:\Users\DIYA GOEL\Downloads\EBDESIGN\frontend\src\services\api.js","GET","/data-import","NO_STATIC_BACKEND_MATCH"
"C:\Users\DIYA GOEL\Downloads\EBDESIGN\frontend\src\modules\M001\M001Page.jsx","GET","/modules/m001/health","NO_STATIC_BACKEND_MATCH"
"C:\Users\DIYA GOEL\Downloads\EBDESIGN\frontend\src\services\api.js","GET","/pig/record-weight","NO_STATIC_BACKEND_MATCH"
"C:\Users\DIYA GOEL\Downloads\EBDESIGN\frontend\src\services\api.js","POST","/farm-costing/optimize","NO_STATIC_BACKEND_MATCH"
"C:\Users\DIYA GOEL\Downloads\EBDESIGN\frontend\src\services\api.js","GET","/tankers","NO_STATIC_BACKEND_MATCH"
"C:\Users\DIYA GOEL\Downloads\EBDESIGN\frontend\src\services\api.js","GET","/notifications","NO_STATIC_BACKEND_MATCH"
"C:\Users\DIYA GOEL\Downloads\EBDESIGN\frontend\src\services\api.js","GET","/cold-storage/facilities","NO_STATIC_BACKEND_MATCH"
"C:\Users\DIYA GOEL\Downloads\EBDESIGN\frontend\src\services\api.js","GET","/circular-economy-farming","NO_STATIC_BACKEND_MATCH"
"C:\Users\DIYA GOEL\Downloads\EBDESIGN\frontend\src\services\api.js","GET","/individuals","NO_STATIC_BACKEND_MATCH"
"C:\Users\DIYA GOEL\Downloads\EBDESIGN\frontend\src\services\api.js","POST","/state","NO_STATIC_BACKEND_MATCH"
"C:\Users\DIYA GOEL\Downloads\EBDESIGN\frontend\src\pages\modules\M143\M143.jsx","GET","/api/v1/backend-modules/M143/","EXACT_METHOD_PATH"
"C:\Users\DIYA GOEL\Downloads\EBDESIGN\frontend\src\services\api.js","POST","/safety/manage","NO_STATIC_BACKEND_MATCH"
"C:\Users\DIYA GOEL\Downloads\EBDESIGN\frontend\src\services\api.js","POST","/ai/library-workspace/context","NO_STATIC_BACKEND_MATCH"
"C:\Users\DIYA GOEL\Downloads\EBDESIGN\frontend\src\services\api.js","POST","/expertise-sharing/share","NO_STATIC_BACKEND_MATCH"
"C:\Users\DIYA GOEL\Downloads\EBDESIGN\frontend\src\services\api.js","GET","/ecommerce-marketplace/seller-origins","NO_STATIC_BACKEND_MATCH"
"C:\Users\DIYA GOEL\Downloads\EBDESIGN\frontend\src\services\operationsApi.js","GET","/logistics/drivers","NO_STATIC_BACKEND_MATCH"
"C:\Users\DIYA GOEL\Downloads\EBDESIGN\frontend\src\services\api.js","POST","/decision-influence/influence","NO_STATIC_BACKEND_MATCH"
"C:\Users\DIYA GOEL\Downloads\EBDESIGN\frontend\src\services\api.js","POST","/regenerative-agriculture/implement","NO_STATIC_BACKEND_MATCH"
"C:\Users\DIYA GOEL\Downloads\EBDESIGN\frontend\src\services\api.js","GET","/credentials","NO_STATIC_BACKEND_MATCH"
"C:\Users\DIYA GOEL\Downloads\EBDESIGN\frontend\src\services\api.js","POST","/ideological-warfare/wage","NO_STATIC_BACKEND_MATCH"
"C:\Users\DIYA GOEL\Downloads\EBDESIGN\frontend\src\services\api.js","GET","/faqs","NO_STATIC_BACKEND_MATCH"
"C:\Users\DIYA GOEL\Downloads\EBDESIGN\frontend\src\services\api.js","POST","/community-development/plan","NO_STATIC_BACKEND_MATCH"
"C:\Users\DIYA GOEL\Downloads\EBDESIGN\frontend\src\services\api.js","GET","/lobbying-building","NO_STATIC_BACKEND_MATCH"
"C:\Users\DIYA GOEL\Downloads\EBDESIGN\frontend\src\services\api.js","POST","/nutrition-intelligence/nutrient-profile","NO_STATIC_BACKEND_MATCH"
"C:\Users\DIYA GOEL\Downloads\EBDESIGN\frontend\src\services\api.js","POST","/producer-groups","NO_STATIC_BACKEND_MATCH"
"C:\Users\DIYA GOEL\Downloads\EBDESIGN\frontend\src\services\api.js","GET","/governance/policies","NO_STATIC_BACKEND_MATCH"
"C:\Users\DIYA GOEL\Downloads\EBDESIGN\frontend\src\services\api.js","POST","/animal-health/outbreak","NO_STATIC_BACKEND_MATCH"
"C:\Users\DIYA GOEL\Downloads\EBDESIGN\frontend\src\services\api.js","GET","/ecommerce-integration/dietitian-collections","NO_STATIC_BACKEND_MATCH"
"C:\Users\DIYA GOEL\Downloads\EBDESIGN\frontend\src\services\api.js","POST","/women-engagements/engage","NO_STATIC_BACKEND_MATCH"
"C:\Users\DIYA GOEL\Downloads\EBDESIGN\frontend\src\services\api.js","POST","/comprehensive-erp/post-cost-allocation","NO_STATIC_BACKEND_MATCH"
"C:\Users\DIYA GOEL\Downloads\EBDESIGN\frontend\src\services\api.js","POST","/mushrooms/manage","NO_STATIC_BACKEND_MATCH"
"C:\Users\DIYA GOEL\Downloads\EBDESIGN\frontend\src\services\api.js","GET","/comprehensive-erp/get-profit-loss","NO_STATIC_BACKEND_MATCH"
"C:\Users\DIYA GOEL\Downloads\EBDESIGN\frontend\src\pages\modules\M280\M280.jsx","GET","/api/v1/backend-modules/M280/","EXACT_METHOD_PATH"
"C:\Users\DIYA GOEL\Downloads\EBDESIGN\frontend\src\services\api.js","POST","/joint-ventures","NO_STATIC_BACKEND_MATCH"
"C:\Users\DIYA GOEL\Downloads\EBDESIGN\frontend\src\pages\modules\M218\M218.jsx","GET","/api/v1/backend-modules/M218/","EXACT_METHOD_PATH"
"C:\Users\DIYA GOEL\Downloads\EBDESIGN\frontend\src\services\authService.js","GET","/users/profile","NO_STATIC_BACKEND_MATCH"
"C:\Users\DIYA GOEL\Downloads\EBDESIGN\frontend\src\services\api.js","GET","/folu-benchmark/benchmark-report","NO_STATIC_BACKEND_MATCH"
"C:\Users\DIYA GOEL\Downloads\EBDESIGN\frontend\src\services\api.js","GET","/load-balancers","NO_STATIC_BACKEND_MATCH"
"C:\Users\DIYA GOEL\Downloads\EBDESIGN\frontend\src\services\api.js","GET","/comprehensive-erp/get-profitability-analysis","NO_STATIC_BACKEND_MATCH"
"C:\Users\DIYA GOEL\Downloads\EBDESIGN\frontend\src\services\api.js","POST","/organic-farming/implement","NO_STATIC_BACKEND_MATCH"
"C:\Users\DIYA GOEL\Downloads\EBDESIGN\frontend\src\services\api.js","GET","/compliance-logs","NO_STATIC_BACKEND_MATCH"
"C:\Users\DIYA GOEL\Downloads\EBDESIGN\frontend\src\services\api.js","GET","/cache/stats","NO_STATIC_BACKEND_MATCH"
"C:\Users\DIYA GOEL\Downloads\EBDESIGN\frontend\src\services\api.js","POST","/geo-spatial/analyze","NO_STATIC_BACKEND_MATCH"
"C:\Users\DIYA GOEL\Downloads\EBDESIGN\frontend\src\pages\modules\M61\M61.jsx","GET","/api/v1/backend-modules/M061/","EXACT_METHOD_PATH"
"C:\Users\DIYA GOEL\Downloads\EBDESIGN\frontend\src\services\api.js","POST","/plants/manage","NO_STATIC_BACKEND_MATCH"
"C:\Users\DIYA GOEL\Downloads\EBDESIGN\frontend\src\services\api.js","POST","/licensing-resilience-farming/build","NO_STATIC_BACKEND_MATCH"
"C:\Users\DIYA GOEL\Downloads\EBDESIGN\frontend\src\pages\modules\M334\M334.jsx","GET","/api/v1/backend-modules/M334/","EXACT_METHOD_PATH"
"C:\Users\DIYA GOEL\Downloads\EBDESIGN\frontend\src\services\api.js","POST","/comprehensive-erp/create-g-l-account","NO_STATIC_BACKEND_MATCH"
"C:\Users\DIYA GOEL\Downloads\EBDESIGN\frontend\src\pages\modules\M256\M256.jsx","GET","/api/v1/backend-modules/M256/","EXACT_METHOD_PATH"
"C:\Users\DIYA GOEL\Downloads\EBDESIGN\frontend\src\services\api.js","GET","/system-administration","NO_STATIC_BACKEND_MATCH"
"C:\Users\DIYA GOEL\Downloads\EBDESIGN\frontend\src\services\api.js","POST","/flood-monitoring/analyze","NO_STATIC_BACKEND_MATCH"
"C:\Users\DIYA GOEL\Downloads\EBDESIGN\frontend\src\services\api.js","GET","/ai-self-healing/system-state","NO_STATIC_BACKEND_MATCH"
"C:\Users\DIYA GOEL\Downloads\EBDESIGN\frontend\src\services\api.js","GET","/ecommerce-ai/segment-customers/behavioral","NO_STATIC_BACKEND_MATCH"
"C:\Users\DIYA GOEL\Downloads\EBDESIGN\frontend\src\services\api.js","GET","/weeds","NO_STATIC_BACKEND_MATCH"
"C:\Users\DIYA GOEL\Downloads\EBDESIGN\frontend\src\services\api.js","POST","/machinery-operations/operation","NO_STATIC_BACKEND_MATCH"
"C:\Users\DIYA GOEL\Downloads\EBDESIGN\frontend\src\services\api.js","GET","/layouts","NO_STATIC_BACKEND_MATCH"
"C:\Users\DIYA GOEL\Downloads\EBDESIGN\frontend\src\services\api.js","GET","/tracer","NO_STATIC_BACKEND_MATCH"
"C:\Users\DIYA GOEL\Downloads\EBDESIGN\frontend\src\services\api.js","GET","/nlp-models","NO_STATIC_BACKEND_MATCH"
"C:\Users\DIYA GOEL\Downloads\EBDESIGN\frontend\src\services\api.js","GET","/feed-management/records","NO_STATIC_BACKEND_MATCH"
"C:\Users\DIYA GOEL\Downloads\EBDESIGN\frontend\src\services\api.js","GET","/warnings/metrics","NO_STATIC_BACKEND_MATCH"
"C:\Users\DIYA GOEL\Downloads\EBDESIGN\frontend\src\services\api.js","POST","/drought-monitoring/records/record","NO_STATIC_BACKEND_MATCH"
"C:\Users\DIYA GOEL\Downloads\EBDESIGN\frontend\src\services\api.js","GET","/expertise-sharing","NO_STATIC_BACKEND_MATCH"
"C:\Users\DIYA GOEL\Downloads\EBDESIGN\frontend\src\services\api.js","GET","/retention-policies","NO_STATIC_BACKEND_MATCH"
"C:\Users\DIYA GOEL\Downloads\EBDESIGN\frontend\src\services\api.js","GET","/complete-ai-integration","NO_STATIC_BACKEND_MATCH"
"C:\Users\DIYA GOEL\Downloads\EBDESIGN\frontend\src\services\api.js","POST","/kafka-topics/produce","NO_STATIC_BACKEND_MATCH"
"C:\Users\DIYA GOEL\Downloads\EBDESIGN\frontend\src\services\api.js","POST","/bioflocc-farm/tank","NO_STATIC_BACKEND_MATCH"
"C:\Users\DIYA GOEL\Downloads\EBDESIGN\frontend\src\services\api.js","GET","/payment-methods","NO_STATIC_BACKEND_MATCH"
"C:\Users\DIYA GOEL\Downloads\EBDESIGN\frontend\src\services\api.js","POST","/buyer-portal/manage","NO_STATIC_BACKEND_MATCH"
"C:\Users\DIYA GOEL\Downloads\EBDESIGN\frontend\src\services\machineryVillageOpsService.js","GET","/machinery-village-ops/dashboard","NO_STATIC_BACKEND_MATCH"
"C:\Users\DIYA GOEL\Downloads\EBDESIGN\frontend\src\pages\modules\M316\M316.jsx","GET","/api/v1/backend-modules/M316/","EXACT_METHOD_PATH"
"C:\Users\DIYA GOEL\Downloads\EBDESIGN\frontend\src\services\api.js","POST","/voice-ai/command","NO_STATIC_BACKEND_MATCH"
"C:\Users\DIYA GOEL\Downloads\EBDESIGN\frontend\src\services\api.js","GET","/flood-monitoring/records","NO_STATIC_BACKEND_MATCH"
"C:\Users\DIYA GOEL\Downloads\EBDESIGN\frontend\src\services\api.js","POST","/housing/manage","NO_STATIC_BACKEND_MATCH"
"C:\Users\DIYA GOEL\Downloads\EBDESIGN\frontend\src\services\api.js","POST","/risk-pricing/calculate","NO_STATIC_BACKEND_MATCH"
"C:\Users\DIYA GOEL\Downloads\EBDESIGN\frontend\src\services\coreApi.js","POST","/mfa/verify","NO_STATIC_BACKEND_MATCH"
"C:\Users\DIYA GOEL\Downloads\EBDESIGN\frontend\src\services\api.js","POST","/franchises","NO_STATIC_BACKEND_MATCH"
"C:\Users\DIYA GOEL\Downloads\EBDESIGN\frontend\src\services\api.js","POST","/input-consumption/record","NO_STATIC_BACKEND_MATCH"
"C:\Users\DIYA GOEL\Downloads\EBDESIGN\frontend\src\services\api.js","POST","/insurance/policies","NO_STATIC_BACKEND_MATCH"
"C:\Users\DIYA GOEL\Downloads\EBDESIGN\frontend\src\services\api.js","POST","/horticulture-analytics/metric","NO_STATIC_BACKEND_MATCH"
"C:\Users\DIYA GOEL\Downloads\EBDESIGN\frontend\src\services\api.js","GET","/associations","NO_STATIC_BACKEND_MATCH"
"C:\Users\DIYA GOEL\Downloads\EBDESIGN\frontend\src\services\api.js","GET","/policy-influence","NO_STATIC_BACKEND_MATCH"
"C:\Users\DIYA GOEL\Downloads\EBDESIGN\frontend\src\services\api.js","GET","/recommendations","NO_STATIC_BACKEND_MATCH"
"C:\Users\DIYA GOEL\Downloads\EBDESIGN\frontend\src\services\api.js","GET","/rainwater-harvesting/manage-storage","NO_STATIC_BACKEND_MATCH"
"C:\Users\DIYA GOEL\Downloads\EBDESIGN\frontend\src\services\api.js","GET","/ethnic-warfare","NO_STATIC_BACKEND_MATCH"
"C:\Users\DIYA GOEL\Downloads\EBDESIGN\frontend\src\services\api.js","GET","/ai/library-workspace/files/search","NO_STATIC_BACKEND_MATCH"
"C:\Users\DIYA GOEL\Downloads\EBDESIGN\frontend\src\services\api.js","POST","/intercropping/plan","NO_STATIC_BACKEND_MATCH"
"C:\Users\DIYA GOEL\Downloads\EBDESIGN\frontend\src\services\api.js","POST","/mongodb-data/query","NO_STATIC_BACKEND_MATCH"
"C:\Users\DIYA GOEL\Downloads\EBDESIGN\frontend\src\services\api.js","GET","/horticulture-analytics/metrics","NO_STATIC_BACKEND_MATCH"
"C:\Users\DIYA GOEL\Downloads\EBDESIGN\frontend\src\services\api.js","GET","/operational-intelligence","NO_STATIC_BACKEND_MATCH"
"C:\Users\DIYA GOEL\Downloads\EBDESIGN\frontend\src\services\api.js","GET","/pricing/advise","NO_STATIC_BACKEND_MATCH"
"C:\Users\DIYA GOEL\Downloads\EBDESIGN\frontend\src\services\api.js","POST","/agricultural-intelligence/recommend-crops","NO_STATIC_BACKEND_MATCH"
"C:\Users\DIYA GOEL\Downloads\EBDESIGN\frontend\src\services\api.js","POST","/iot-farming/implement","NO_STATIC_BACKEND_MATCH"
"C:\Users\DIYA GOEL\Downloads\EBDESIGN\frontend\src\services\api.js","GET","/climate-advisory","NO_STATIC_BACKEND_MATCH"
"C:\Users\DIYA GOEL\Downloads\EBDESIGN\frontend\src\services\api.js","POST","/equipment-rental/rental","NO_STATIC_BACKEND_MATCH"
"C:\Users\DIYA GOEL\Downloads\EBDESIGN\frontend\src\pages\modules\M136\M136.jsx","GET","/api/v1/backend-modules/M136/","EXACT_METHOD_PATH"
"C:\Users\DIYA GOEL\Downloads\EBDESIGN\frontend\src\services\api.js","GET","/quality-assurance","NO_STATIC_BACKEND_MATCH"
"C:\Users\DIYA GOEL\Downloads\EBDESIGN\frontend\src\services\api.js","POST","/marketing/campaign","NO_STATIC_BACKEND_MATCH"
"C:\Users\DIYA GOEL\Downloads\EBDESIGN\frontend\src\services\api.js","POST","/pasture/manage","NO_STATIC_BACKEND_MATCH"
"C:\Users\DIYA GOEL\Downloads\EBDESIGN\frontend\src\services\api.js","POST","/enterprise-control/emergency/incidents","NO_STATIC_BACKEND_MATCH"
"C:\Users\DIYA GOEL\Downloads\EBDESIGN\frontend\src\services\api.js","GET","/advocacy-building","NO_STATIC_BACKEND_MATCH"
"C:\Users\DIYA GOEL\Downloads\EBDESIGN\frontend\src\services\api.js","GET","/government-scheme/weather-alerts","NO_STATIC_BACKEND_MATCH"
"C:\Users\DIYA GOEL\Downloads\EBDESIGN\frontend\src\services\api.js","POST","/ai-brain/reasoning","NO_STATIC_BACKEND_MATCH"
"C:\Users\DIYA GOEL\Downloads\EBDESIGN\frontend\src\pages\modules\M258\M258.jsx","GET","/api/v1/backend-modules/M258/","EXACT_METHOD_PATH"
"C:\Users\DIYA GOEL\Downloads\EBDESIGN\frontend\src\services\api.js","POST","/online-advocacy/advocate","NO_STATIC_BACKEND_MATCH"
"C:\Users\DIYA GOEL\Downloads\EBDESIGN\frontend\src\services\api.js","GET","/cold-storage","NO_STATIC_BACKEND_MATCH"
"C:\Users\DIYA GOEL\Downloads\EBDESIGN\frontend\src\services\api.js","POST","/knowledge-resilience-farming/build","NO_STATIC_BACKEND_MATCH"
"C:\Users\DIYA GOEL\Downloads\EBDESIGN\frontend\src\pages\modules\M319\M319.jsx","GET","/api/v1/backend-modules/M319/","EXACT_METHOD_PATH"
"C:\Users\DIYA GOEL\Downloads\EBDESIGN\frontend\src\services\api.js","GET","/farmer-skills","NO_STATIC_BACKEND_MATCH"
"C:\Users\DIYA GOEL\Downloads\EBDESIGN\frontend\src\services\api.js","POST","/research-development/publication","NO_STATIC_BACKEND_MATCH"
"C:\Users\DIYA GOEL\Downloads\EBDESIGN\frontend\src\services\api.js","POST","/economy-resilience-farming/build","NO_STATIC_BACKEND_MATCH"
"C:\Users\DIYA GOEL\Downloads\EBDESIGN\frontend\src\services\api.js","GET","/governance-resilience-farming","NO_STATIC_BACKEND_MATCH"
"C:\Users\DIYA GOEL\Downloads\EBDESIGN\frontend\src\services\api.js","POST","/user-management/setting","NO_STATIC_BACKEND_MATCH"
"C:\Users\DIYA GOEL\Downloads\EBDESIGN\frontend\src\services\api.js","POST","/provenance-farming/implement","NO_STATIC_BACKEND_MATCH"
"C:\Users\DIYA GOEL\Downloads\EBDESIGN\frontend\src\services\api.js","GET","/labour/attendance","NO_STATIC_BACKEND_MATCH"
"C:\Users\DIYA GOEL\Downloads\EBDESIGN\frontend\src\services\api.js","GET","/knowledge-sharing","NO_STATIC_BACKEND_MATCH"
"C:\Users\DIYA GOEL\Downloads\EBDESIGN\frontend\src\services\api.js","GET","/legal/contracts","NO_STATIC_BACKEND_MATCH"
"C:\Users\DIYA GOEL\Downloads\EBDESIGN\frontend\src\services\api.js","GET","/operations-resilience-farming","NO_STATIC_BACKEND_MATCH"
"C:\Users\DIYA GOEL\Downloads\EBDESIGN\frontend\src\services\api.js","POST","/inspection-resilience-farming/build","NO_STATIC_BACKEND_MATCH"
"C:\Users\DIYA GOEL\Downloads\EBDESIGN\frontend\src\services\api.js","POST","/crop-rotation/plan","NO_STATIC_BACKEND_MATCH"
"C:\Users\DIYA GOEL\Downloads\EBDESIGN\frontend\src\services\api.js","POST","/research-resilience-farming/build","NO_STATIC_BACKEND_MATCH"
"C:\Users\DIYA GOEL\Downloads\EBDESIGN\frontend\src\services\api.js","GET","/project-systems/project-milestones","NO_STATIC_BACKEND_MATCH"
"C:\Users\DIYA GOEL\Downloads\EBDESIGN\frontend\src\services\api.js","GET","/production","NO_STATIC_BACKEND_MATCH"
"C:\Users\DIYA GOEL\Downloads\EBDESIGN\frontend\src\services\api.js","POST","/rfq","NO_STATIC_BACKEND_MATCH"
"C:\Users\DIYA GOEL\Downloads\EBDESIGN\frontend\src\services\api.js","POST","/digital-divestment/divest","NO_STATIC_BACKEND_MATCH"
"C:\Users\DIYA GOEL\Downloads\EBDESIGN\frontend\src\services\api.js","POST","/ai-self-healing/execute-recovery","NO_STATIC_BACKEND_MATCH"
"C:\Users\DIYA GOEL\Downloads\EBDESIGN\frontend\src\services\farmerService.js","POST","/farmers/register","NO_STATIC_BACKEND_MATCH"
"C:\Users\DIYA GOEL\Downloads\EBDESIGN\frontend\src\services\api.js","POST","/food-grains/manage","NO_STATIC_BACKEND_MATCH"
"C:\Users\DIYA GOEL\Downloads\EBDESIGN\frontend\src\services\api.js","GET","/coalition-building","NO_STATIC_BACKEND_MATCH"
"C:\Users\DIYA GOEL\Downloads\EBDESIGN\frontend\src\services\api.js","GET","/equipment-exchange/listings","NO_STATIC_BACKEND_MATCH"
"C:\Users\DIYA GOEL\Downloads\EBDESIGN\frontend\src\services\api.js","POST","/multilingual/translate","NO_STATIC_BACKEND_MATCH"
"C:\Users\DIYA GOEL\Downloads\EBDESIGN\frontend\src\pages\modules\M257\M257.jsx","GET","/api/v1/backend-modules/M257/","EXACT_METHOD_PATH"
"C:\Users\DIYA GOEL\Downloads\EBDESIGN\frontend\src\services\api.js","POST","/transfers/execute","NO_STATIC_BACKEND_MATCH"
"C:\Users\DIYA GOEL\Downloads\EBDESIGN\frontend\src\services\api.js","GET","/company","NO_STATIC_BACKEND_MATCH"
"C:\Users\DIYA GOEL\Downloads\EBDESIGN\frontend\src\services\api.js","POST","/risks/assess","NO_STATIC_BACKEND_MATCH"
"C:\Users\DIYA GOEL\Downloads\EBDESIGN\frontend\src\services\api.js","POST","/comprehensive-erp/create-equipment-master","NO_STATIC_BACKEND_MATCH"
"C:\Users\DIYA GOEL\Downloads\EBDESIGN\frontend\src\services\api.js","GET","/logistics/ai/insights","NO_STATIC_BACKEND_MATCH"
"C:\Users\DIYA GOEL\Downloads\EBDESIGN\frontend\src\services\api.js","GET","/connectors","NO_STATIC_BACKEND_MATCH"
"C:\Users\DIYA GOEL\Downloads\EBDESIGN\frontend\src\services\api.js","GET","/profiling/profiles","NO_STATIC_BACKEND_MATCH"
"C:\Users\DIYA GOEL\Downloads\EBDESIGN\frontend\src\services\api.js","GET","/farm-activity/activities","NO_STATIC_BACKEND_MATCH"
"C:\Users\DIYA GOEL\Downloads\EBDESIGN\frontend\src\services\api.js","GET","/bilateral-cooperations","NO_STATIC_BACKEND_MATCH"
"C:\Users\DIYA GOEL\Downloads\EBDESIGN\frontend\src\services\api.js","POST","/seedlings/manage","NO_STATIC_BACKEND_MATCH"
"C:\Users\DIYA GOEL\Downloads\EBDESIGN\frontend\src\pages\modules\M306\M306.jsx","GET","/api/v1/backend-modules/M306/","EXACT_METHOD_PATH"
"C:\Users\DIYA GOEL\Downloads\EBDESIGN\frontend\src\services\api.js","GET","/fisheries-water-quality/readings","NO_STATIC_BACKEND_MATCH"
"C:\Users\DIYA GOEL\Downloads\EBDESIGN\frontend\src\services\api.js","POST","/locations/manage","NO_STATIC_BACKEND_MATCH"
"C:\Users\DIYA GOEL\Downloads\EBDESIGN\frontend\src\services\api.js","POST","/soil-testing-ops/submit-sample","NO_STATIC_BACKEND_MATCH"
"C:\Users\DIYA GOEL\Downloads\EBDESIGN\frontend\src\services\api.js","POST","/seeds/manage","NO_STATIC_BACKEND_MATCH"
"C:\Users\DIYA GOEL\Downloads\EBDESIGN\frontend\src\services\api.js","POST","/information-sharing/airecommendations","NO_STATIC_BACKEND_MATCH"
"C:\Users\DIYA GOEL\Downloads\EBDESIGN\frontend\src\services\api.js","POST","/marginalized-engagements/engage","NO_STATIC_BACKEND_MATCH"
"C:\Users\DIYA GOEL\Downloads\EBDESIGN\frontend\src\services\api.js","GET","/warnings/health","NO_STATIC_BACKEND_MATCH"
"C:\Users\DIYA GOEL\Downloads\EBDESIGN\frontend\src\services\api.js","GET","/viticulture","NO_STATIC_BACKEND_MATCH"
"C:\Users\DIYA GOEL\Downloads\EBDESIGN\frontend\src\services\api.js","GET","/yield/lots-needing-attention","NO_STATIC_BACKEND_MATCH"
"C:\Users\DIYA GOEL\Downloads\EBDESIGN\frontend\src\services\api.js","GET","/society-resilience-farming","NO_STATIC_BACKEND_MATCH"
"C:\Users\DIYA GOEL\Downloads\EBDESIGN\frontend\src\services\api.js","GET","/role-management/roles","NO_STATIC_BACKEND_MATCH"
"C:\Users\DIYA GOEL\Downloads\EBDESIGN\frontend\src\services\api.js","POST","/events","NO_STATIC_BACKEND_MATCH"
"C:\Users\DIYA GOEL\Downloads\EBDESIGN\frontend\src\services\api.js","GET","/rfq","NO_STATIC_BACKEND_MATCH"
"C:\Users\DIYA GOEL\Downloads\EBDESIGN\frontend\src\services\api.js","GET","/fertilizers","NO_STATIC_BACKEND_MATCH"
"C:\Users\DIYA GOEL\Downloads\EBDESIGN\frontend\src\services\api.js","GET","/logistics-enhancement/record-driver-location","NO_STATIC_BACKEND_MATCH"
"C:\Users\DIYA GOEL\Downloads\EBDESIGN\frontend\src\services\api.js","GET","/pesticide-inventory/items","NO_STATIC_BACKEND_MATCH"
"C:\Users\DIYA GOEL\Downloads\EBDESIGN\frontend\src\services\api.js","POST","/farmers/listings","NO_STATIC_BACKEND_MATCH"
"C:\Users\DIYA GOEL\Downloads\EBDESIGN\frontend\src\services\api.js","GET","/nutrient-management/plans","NO_STATIC_BACKEND_MATCH"
"C:\Users\DIYA GOEL\Downloads\EBDESIGN\frontend\src\services\api.js","POST","/wine/manage","NO_STATIC_BACKEND_MATCH"
"C:\Users\DIYA GOEL\Downloads\EBDESIGN\frontend\src\services\api.js","POST","/workflow/manage","NO_STATIC_BACKEND_MATCH"
"C:\Users\DIYA GOEL\Downloads\EBDESIGN\frontend\src\services\api.js","GET","/plants","NO_STATIC_BACKEND_MATCH"
"C:\Users\DIYA GOEL\Downloads\EBDESIGN\frontend\src\services\api.js","POST","/migrant-engagements/engage","NO_STATIC_BACKEND_MATCH"
"C:\Users\DIYA GOEL\Downloads\EBDESIGN\frontend\src\services\api.js","GET","/library/enterprise-index/summary","NO_STATIC_BACKEND_MATCH"
"C:\Users\DIYA GOEL\Downloads\EBDESIGN\frontend\src\services\api.js","GET","/hacktivism","NO_STATIC_BACKEND_MATCH"
"C:\Users\DIYA GOEL\Downloads\EBDESIGN\frontend\src\services\api.js","GET","/comprehensive-erp/get-cost-center-report","NO_STATIC_BACKEND_MATCH"
"C:\Users\DIYA GOEL\Downloads\EBDESIGN\frontend\src\services\api.js","GET","/partnership-building","NO_STATIC_BACKEND_MATCH"
"C:\Users\DIYA GOEL\Downloads\EBDESIGN\frontend\src\services\api.js","GET","/automations","NO_STATIC_BACKEND_MATCH"
"C:\Users\DIYA GOEL\Downloads\EBDESIGN\frontend\src\services\api.js","POST","/drone-farming/implement","NO_STATIC_BACKEND_MATCH"
"C:\Users\DIYA GOEL\Downloads\EBDESIGN\frontend\src\services\api.js","GET","/strategy","NO_STATIC_BACKEND_MATCH"
"C:\Users\DIYA GOEL\Downloads\EBDESIGN\frontend\src\services\api.js","POST","/conversational-ai/session","NO_STATIC_BACKEND_MATCH"
"C:\Users\DIYA GOEL\Downloads\EBDESIGN\frontend\src\services\api.js","GET","/decision-engine/rules","NO_STATIC_BACKEND_MATCH"
"C:\Users\DIYA GOEL\Downloads\EBDESIGN\frontend\src\services\api.js","POST","/rice/manage","NO_STATIC_BACKEND_MATCH"
"C:\Users\DIYA GOEL\Downloads\EBDESIGN\frontend\src\services\api.js","POST","/nutrient-management/manage","NO_STATIC_BACKEND_MATCH"
"C:\Users\DIYA GOEL\Downloads\EBDESIGN\frontend\src\services\api.js","GET","/regulations","NO_STATIC_BACKEND_MATCH"
"C:\Users\DIYA GOEL\Downloads\EBDESIGN\frontend\src\services\api.js","GET","/sap-module-architecture/health","NO_STATIC_BACKEND_MATCH"
"C:\Users\DIYA GOEL\Downloads\EBDESIGN\frontend\src\services\commerceApi.js","GET","/enterprise/system/status","NO_STATIC_BACKEND_MATCH"
"C:\Users\DIYA GOEL\Downloads\EBDESIGN\frontend\src\services\api.js","POST","/yield-prediction/predict","NO_STATIC_BACKEND_MATCH"
"C:\Users\DIYA GOEL\Downloads\EBDESIGN\frontend\src\services\api.js","POST","/pesticide-optimization/optimize","NO_STATIC_BACKEND_MATCH"
"C:\Users\DIYA GOEL\Downloads\EBDESIGN\frontend\src\services\api.js","POST","/sensor-farming/implement","NO_STATIC_BACKEND_MATCH"
"C:\Users\DIYA GOEL\Downloads\EBDESIGN\frontend\src\services\api.js","GET","/wearable/disconnect","NO_STATIC_BACKEND_MATCH"
"C:\Users\DIYA GOEL\Downloads\EBDESIGN\frontend\src\services\api.js","POST","/virtual/manage","NO_STATIC_BACKEND_MATCH"
"C:\Users\DIYA GOEL\Downloads\EBDESIGN\frontend\src\services\api.js","GET","/training/modules","NO_STATIC_BACKEND_MATCH"
"C:\Users\DIYA GOEL\Downloads\EBDESIGN\frontend\src\services\api.js","POST","/watershed-records","NO_STATIC_BACKEND_MATCH"
"C:\Users\DIYA GOEL\Downloads\EBDESIGN\frontend\src\services\api.js","GET","/compliance-resilience-farming","NO_STATIC_BACKEND_MATCH"
"C:\Users\DIYA GOEL\Downloads\EBDESIGN\frontend\src\services\api.js","POST","/carbon-footprint-farming/calculate","NO_STATIC_BACKEND_MATCH"
"C:\Users\DIYA GOEL\Downloads\EBDESIGN\frontend\src\services\api.js","POST","/escrow","NO_STATIC_BACKEND_MATCH"
"C:\Users\DIYA GOEL\Downloads\EBDESIGN\frontend\src\services\api.js","POST","/memetic-warfare/wage","NO_STATIC_BACKEND_MATCH"
"C:\Users\DIYA GOEL\Downloads\EBDESIGN\frontend\src\services\api.js","GET","/products","NO_STATIC_BACKEND_MATCH"
"C:\Users\DIYA GOEL\Downloads\EBDESIGN\frontend\src\services\api.js","GET","/workflow","NO_STATIC_BACKEND_MATCH"
"C:\Users\DIYA GOEL\Downloads\EBDESIGN\frontend\src\services\api.js","POST","/nutrient-value-sales/by-nutrient-criteria","NO_STATIC_BACKEND_MATCH"
"C:\Users\DIYA GOEL\Downloads\EBDESIGN\frontend\src\services\api.js","POST","/tribal-warfare/wage","NO_STATIC_BACKEND_MATCH"
"C:\Users\DIYA GOEL\Downloads\EBDESIGN\frontend\src\services\api.js","GET","/istio-configs","NO_STATIC_BACKEND_MATCH"
"C:\Users\DIYA GOEL\Downloads\EBDESIGN\frontend\src\services\api.js","GET","/payment-gateway/process-payment","NO_STATIC_BACKEND_MATCH"
"C:\Users\DIYA GOEL\Downloads\EBDESIGN\frontend\src\services\api.js","GET","/research-development/health","NO_STATIC_BACKEND_MATCH"
"C:\Users\DIYA GOEL\Downloads\EBDESIGN\frontend\src\services\api.js","POST","/backup","NO_STATIC_BACKEND_MATCH"
"C:\Users\DIYA GOEL\Downloads\EBDESIGN\frontend\src\services\api.js","POST","/scenarios","NO_STATIC_BACKEND_MATCH"
"C:\Users\DIYA GOEL\Downloads\EBDESIGN\frontend\src\services\api.js","GET","/experience-sharing","NO_STATIC_BACKEND_MATCH"
"C:\Users\DIYA GOEL\Downloads\EBDESIGN\frontend\src\services\api.js","GET","/logistics-resilience-farming","NO_STATIC_BACKEND_MATCH"
"C:\Users\DIYA GOEL\Downloads\EBDESIGN\frontend\src\services\api.js","GET","/pig-ai/optimize-pig-feed","NO_STATIC_BACKEND_MATCH"
"C:\Users\DIYA GOEL\Downloads\EBDESIGN\frontend\src\services\api.js","POST","/synchronization/perform","NO_STATIC_BACKEND_MATCH"
"C:\Users\DIYA GOEL\Downloads\EBDESIGN\frontend\src\services\api.js","GET","/subsectors","NO_STATIC_BACKEND_MATCH"
"C:\Users\DIYA GOEL\Downloads\EBDESIGN\frontend\src\services\api.js","GET","/wearable/status","NO_STATIC_BACKEND_MATCH"
"C:\Users\DIYA GOEL\Downloads\EBDESIGN\frontend\src\pages\modules\M129\M129.jsx","GET","/api/v1/backend-modules/M129/","EXACT_METHOD_PATH"
"C:\Users\DIYA GOEL\Downloads\EBDESIGN\frontend\src\services\api.js","GET","/crop-selection","NO_STATIC_BACKEND_MATCH"
"C:\Users\DIYA GOEL\Downloads\EBDESIGN\frontend\src\services\api.js","POST","/forage/manage","NO_STATIC_BACKEND_MATCH"
"C:\Users\DIYA GOEL\Downloads\EBDESIGN\frontend\src\services\api.js","GET","/insect-management","NO_STATIC_BACKEND_MATCH"
"C:\Users\DIYA GOEL\Downloads\EBDESIGN\frontend\src\services\api.js","POST","/market-access/manage","NO_STATIC_BACKEND_MATCH"
"C:\Users\DIYA GOEL\Downloads\EBDESIGN\frontend\src\services\api.js","GET","/sites","NO_STATIC_BACKEND_MATCH"
"C:\Users\DIYA GOEL\Downloads\EBDESIGN\frontend\src\services\api.js","GET","/farm-task/tasks","NO_STATIC_BACKEND_MATCH"
"C:\Users\DIYA GOEL\Downloads\EBDESIGN\frontend\src\services\api.js","POST","/identity-management/manage","NO_STATIC_BACKEND_MATCH"
"C:\Users\DIYA GOEL\Downloads\EBDESIGN\frontend\src\services\api.js","POST","/circular-economy-farming/implement","NO_STATIC_BACKEND_MATCH"
"C:\Users\DIYA GOEL\Downloads\EBDESIGN\frontend\src\services\soilNutrientLandService.js","GET","/soil-nutrient-land/land-mapping","NO_STATIC_BACKEND_MATCH"
"C:\Users\DIYA GOEL\Downloads\EBDESIGN\frontend\src\services\coreApi.js","POST","/library/initialize","NO_STATIC_BACKEND_MATCH"
"C:\Users\DIYA GOEL\Downloads\EBDESIGN\frontend\src\services\api.js","POST","/energy-conservation-farming/implement","NO_STATIC_BACKEND_MATCH"
"C:\Users\DIYA GOEL\Downloads\EBDESIGN\frontend\src\services\api.js","POST","/land/manage","NO_STATIC_BACKEND_MATCH"
"C:\Users\DIYA GOEL\Downloads\EBDESIGN\frontend\src\services\api.js","GET","/nervous-system/nervous-system-health","NO_STATIC_BACKEND_MATCH"
"C:\Users\DIYA GOEL\Downloads\EBDESIGN\frontend\src\services\api.js","GET","/success-stories","NO_STATIC_BACKEND_MATCH"
"C:\Users\DIYA GOEL\Downloads\EBDESIGN\frontend\src\services\api.js","GET","/funds","NO_STATIC_BACKEND_MATCH"
"C:\Users\DIYA GOEL\Downloads\EBDESIGN\frontend\src\services\api.js","GET","/nervous-system/deactivate-enterprise-route","NO_STATIC_BACKEND_MATCH"
"C:\Users\DIYA GOEL\Downloads\EBDESIGN\frontend\src\services\api.js","POST","/waste-reduction-farming/implement","NO_STATIC_BACKEND_MATCH"
"C:\Users\DIYA GOEL\Downloads\EBDESIGN\frontend\src\services\api.js","GET","/analytics/stats","NO_STATIC_BACKEND_MATCH"
"C:\Users\DIYA GOEL\Downloads\EBDESIGN\frontend\src\services\api.js","GET","/sorting","NO_STATIC_BACKEND_MATCH"
"C:\Users\DIYA GOEL\Downloads\EBDESIGN\frontend\src\services\api.js","POST","/wishlist/add","NO_STATIC_BACKEND_MATCH"
"C:\Users\DIYA GOEL\Downloads\EBDESIGN\frontend\src\services\api.js","GET","/compliance/tds-rates","NO_STATIC_BACKEND_MATCH"
"C:\Users\DIYA GOEL\Downloads\EBDESIGN\frontend\src\services\api.js","GET","/languages","NO_STATIC_BACKEND_MATCH"
"C:\Users\DIYA GOEL\Downloads\EBDESIGN\frontend\src\services\api.js","GET","/transactions","NO_STATIC_BACKEND_MATCH"
"C:\Users\DIYA GOEL\Downloads\EBDESIGN\frontend\src\services\api.js","GET","/localities","NO_STATIC_BACKEND_MATCH"
"C:\Users\DIYA GOEL\Downloads\EBDESIGN\frontend\src\services\api.js","GET","/upgrades","NO_STATIC_BACKEND_MATCH"
"C:\Users\DIYA GOEL\Downloads\EBDESIGN\frontend\src\services\api.js","GET","/individual-resilience-farming","NO_STATIC_BACKEND_MATCH"
"C:\Users\DIYA GOEL\Downloads\EBDESIGN\frontend\src\services\api.js","GET","/logistics","NO_STATIC_BACKEND_MATCH"
"C:\Users\DIYA GOEL\Downloads\EBDESIGN\frontend\src\services\commerceApi.js","POST","/products","NO_STATIC_BACKEND_MATCH"
"C:\Users\DIYA GOEL\Downloads\EBDESIGN\frontend\src\services\api.js","GET","/sheep-ai/optimize-sheep-feed","NO_STATIC_BACKEND_MATCH"
"C:\Users\DIYA GOEL\Downloads\EBDESIGN\frontend\src\pages\modules\M172\M172.jsx","GET","/api/v1/backend-modules/M172/","EXACT_METHOD_PATH"
"C:\Users\DIYA GOEL\Downloads\EBDESIGN\frontend\src\pages\modules\M253\M253.jsx","GET","/api/v1/backend-modules/M253/","EXACT_METHOD_PATH"
"C:\Users\DIYA GOEL\Downloads\EBDESIGN\frontend\src\services\api.js","POST","/ai-operation-intelligence/recommend-optimizations","NO_STATIC_BACKEND_MATCH"
"C:\Users\DIYA GOEL\Downloads\EBDESIGN\frontend\src\services\api.js","GET","/change-logs","NO_STATIC_BACKEND_MATCH"
"C:\Users\DIYA GOEL\Downloads\EBDESIGN\frontend\src\services\api.js","POST","/weather/for-arp","NO_STATIC_BACKEND_MATCH"
"C:\Users\DIYA GOEL\Downloads\EBDESIGN\frontend\src\services\api.js","POST","/sourcing/manage","NO_STATIC_BACKEND_MATCH"
"C:\Users\DIYA GOEL\Downloads\EBDESIGN\frontend\src\services\api.js","POST","/traceability-farming/implement","NO_STATIC_BACKEND_MATCH"
"C:\Users\DIYA GOEL\Downloads\EBDESIGN\frontend\src\services\api.js","GET","/disposal-policies","NO_STATIC_BACKEND_MATCH"
"C:\Users\DIYA GOEL\Downloads\EBDESIGN\frontend\src\pages\modules\M161\M161.jsx","GET","/api/v1/backend-modules/M161/","EXACT_METHOD_PATH"
"C:\Users\DIYA GOEL\Downloads\EBDESIGN\frontend\src\services\api.js","GET","/linkerd-configs","NO_STATIC_BACKEND_MATCH"
"C:\Users\DIYA GOEL\Downloads\EBDESIGN\frontend\src\services\api.js","GET","/elderly-engagements","NO_STATIC_BACKEND_MATCH"
"C:\Users\DIYA GOEL\Downloads\EBDESIGN\frontend\src\services\api.js","POST","/development-resilience-farming/build","NO_STATIC_BACKEND_MATCH"
"C:\Users\DIYA GOEL\Downloads\EBDESIGN\frontend\src\services\api.js","GET","/sheep/vaccination-alerts","NO_STATIC_BACKEND_MATCH"
"C:\Users\DIYA GOEL\Downloads\EBDESIGN\frontend\src\services\api.js","POST","/satellite-farming/implement","NO_STATIC_BACKEND_MATCH"
"C:\Users\DIYA GOEL\Downloads\EBDESIGN\frontend\src\services\api.js","POST","/complete-ai-integration/integrate","NO_STATIC_BACKEND_MATCH"
"C:\Users\DIYA GOEL\Downloads\EBDESIGN\frontend\src\services\api.js","GET","/capacity-building","NO_STATIC_BACKEND_MATCH"
"C:\Users\DIYA GOEL\Downloads\EBDESIGN\frontend\src\pages\modules\M54\M54.jsx","GET","/api/v1/backend-modules/M054/","EXACT_METHOD_PATH"
"C:\Users\DIYA GOEL\Downloads\EBDESIGN\frontend\src\services\api.js","POST","/weeds/manage","NO_STATIC_BACKEND_MATCH"
"C:\Users\DIYA GOEL\Downloads\EBDESIGN\frontend\src\services\api.js","POST","/water-quality-records","NO_STATIC_BACKEND_MATCH"
"C:\Users\DIYA GOEL\Downloads\EBDESIGN\frontend\src\services\api.js","GET","/gdpr/status","NO_STATIC_BACKEND_MATCH"
"C:\Users\DIYA GOEL\Downloads\EBDESIGN\frontend\src\services\api.js","GET","/nervous-system/brain-focus","NO_STATIC_BACKEND_MATCH"
"C:\Users\DIYA GOEL\Downloads\EBDESIGN\frontend\src\services\api.js","GET","/micronutrient/items","NO_STATIC_BACKEND_MATCH"
"C:\Users\DIYA GOEL\Downloads\EBDESIGN\frontend\src\services\api.js","POST","/cart/add","NO_STATIC_BACKEND_MATCH"
"C:\Users\DIYA GOEL\Downloads\EBDESIGN\frontend\src\services\api.js","GET","/forecast","NO_STATIC_BACKEND_MATCH"
"C:\Users\DIYA GOEL\Downloads\EBDESIGN\frontend\src\services\api.js","POST","/themes","NO_STATIC_BACKEND_MATCH"
"C:\Users\DIYA GOEL\Downloads\EBDESIGN\frontend\src\services\api.js","GET","/machinery-access/machinery-access","NO_STATIC_BACKEND_MATCH"
"C:\Users\DIYA GOEL\Downloads\EBDESIGN\frontend\src\pages\modules\M72\M72.jsx","GET","/api/v1/backend-modules/M072/","EXACT_METHOD_PATH"
"C:\Users\DIYA GOEL\Downloads\EBDESIGN\frontend\src\services\operationsApi.js","POST","/insurance/master-policies","NO_STATIC_BACKEND_MATCH"
"C:\Users\DIYA GOEL\Downloads\EBDESIGN\frontend\src\services\api.js","GET","/weather-advisory","NO_STATIC_BACKEND_MATCH"
"C:\Users\DIYA GOEL\Downloads\EBDESIGN\frontend\src\services\api.js","GET","/imports","NO_STATIC_BACKEND_MATCH"
"C:\Users\DIYA GOEL\Downloads\EBDESIGN\frontend\src\services\api.js","POST","/security-audits/run","NO_STATIC_BACKEND_MATCH"
"C:\Users\DIYA GOEL\Downloads\EBDESIGN\frontend\src\services\api.js","GET","/refunds","NO_STATIC_BACKEND_MATCH"
"C:\Users\DIYA GOEL\Downloads\EBDESIGN\frontend\src\services\api.js","POST","/urban/manage","NO_STATIC_BACKEND_MATCH"
"C:\Users\DIYA GOEL\Downloads\EBDESIGN\frontend\src\services\api.js","GET","/sea","NO_STATIC_BACKEND_MATCH"
"C:\Users\DIYA GOEL\Downloads\EBDESIGN\frontend\src\services\api.js","POST","/horticulture/manage","NO_STATIC_BACKEND_MATCH"
"C:\Users\DIYA GOEL\Downloads\EBDESIGN\frontend\src\services\api.js","POST","/logging/search","NO_STATIC_BACKEND_MATCH"
"C:\Users\DIYA GOEL\Downloads\EBDESIGN\frontend\src\services\api.js","POST","/peppers/manage","NO_STATIC_BACKEND_MATCH"
"C:\Users\DIYA GOEL\Downloads\EBDESIGN\frontend\src\services\api.js","POST","/images/upload","NO_STATIC_BACKEND_MATCH"
"C:\Users\DIYA GOEL\Downloads\EBDESIGN\frontend\src\services\api.js","POST","/library/recommendations","NO_STATIC_BACKEND_MATCH"
"C:\Users\DIYA GOEL\Downloads\EBDESIGN\frontend\src\services\api.js","GET","/trees","NO_STATIC_BACKEND_MATCH"
"C:\Users\DIYA GOEL\Downloads\EBDESIGN\frontend\src\services\api.js","POST","/financial-resilience-farming/build","NO_STATIC_BACKEND_MATCH"
"C:\Users\DIYA GOEL\Downloads\EBDESIGN\frontend\src\services\api.js","POST","/zoo/manage","NO_STATIC_BACKEND_MATCH"
"C:\Users\DIYA GOEL\Downloads\EBDESIGN\frontend\src\services\api.js","GET","/supply-chain","NO_STATIC_BACKEND_MATCH"
"C:\Users\DIYA GOEL\Downloads\EBDESIGN\frontend\src\services\api.js","GET","/migrant-engagements","NO_STATIC_BACKEND_MATCH"
"C:\Users\DIYA GOEL\Downloads\EBDESIGN\frontend\src\services\api.js","GET","/retail","NO_STATIC_BACKEND_MATCH"
"C:\Users\DIYA GOEL\Downloads\EBDESIGN\frontend\src\services\api.js","POST","/asset-accounting/manage","NO_STATIC_BACKEND_MATCH"
"C:\Users\DIYA GOEL\Downloads\EBDESIGN\frontend\src\services\api.js","GET","/fisheries-health","NO_STATIC_BACKEND_MATCH"
"C:\Users\DIYA GOEL\Downloads\EBDESIGN\frontend\src\pages\modules\M184\M184.jsx","GET","/api/v1/backend-modules/M184/","EXACT_METHOD_PATH"
"C:\Users\DIYA GOEL\Downloads\EBDESIGN\frontend\src\services\api.js","GET","/poultry-ai/optimize-egg-production","NO_STATIC_BACKEND_MATCH"
"C:\Users\DIYA GOEL\Downloads\EBDESIGN\frontend\src\services\api.js","GET","/sowing/records","NO_STATIC_BACKEND_MATCH"
"C:\Users\DIYA GOEL\Downloads\EBDESIGN\frontend\src\services\api.js","GET","/library/enterprise-index/activity/files/search","NO_STATIC_BACKEND_MATCH"
"C:\Users\DIYA GOEL\Downloads\EBDESIGN\frontend\src\services\componentApi.js","POST","/farmer-portal/land-records","NO_STATIC_BACKEND_MATCH"
"C:\Users\DIYA GOEL\Downloads\EBDESIGN\frontend\src\services\api.js","POST","/disabled-engagements/engage","NO_STATIC_BACKEND_MATCH"
"C:\Users\DIYA GOEL\Downloads\EBDESIGN\frontend\src\services\api.js","GET","/cyber-warfare","NO_STATIC_BACKEND_MATCH"
"C:\Users\DIYA GOEL\Downloads\EBDESIGN\frontend\src\pages\modules\M101\M101.jsx","GET","/api/v1/backend-modules/M101/","EXACT_METHOD_PATH"
"C:\Users\DIYA GOEL\Downloads\EBDESIGN\frontend\src\services\api.js","POST","/project-systems/milestone","NO_STATIC_BACKEND_MATCH"
"C:\Users\DIYA GOEL\Downloads\EBDESIGN\frontend\src\services\api.js","GET","/poultry-ai/monitor-flock-health","NO_STATIC_BACKEND_MATCH"
"C:\Users\DIYA GOEL\Downloads\EBDESIGN\frontend\src\services\api.js","POST","/cosmosdb-data/query","NO_STATIC_BACKEND_MATCH"
"C:\Users\DIYA GOEL\Downloads\EBDESIGN\frontend\src\services\api.js","GET","/variety-selection","NO_STATIC_BACKEND_MATCH"
"C:\Users\DIYA GOEL\Downloads\EBDESIGN\frontend\src\services\api.js","GET","/pig/herd-performance","NO_STATIC_BACKEND_MATCH"
"C:\Users\DIYA GOEL\Downloads\EBDESIGN\frontend\src\services\api.js","POST","/resource-sharing/share","NO_STATIC_BACKEND_MATCH"
"C:\Users\DIYA GOEL\Downloads\EBDESIGN\frontend\src\services\api.js","GET","/updates","NO_STATIC_BACKEND_MATCH"
"C:\Users\DIYA GOEL\Downloads\EBDESIGN\frontend\src\services\api.js","POST","/ai/optimizations/run","NO_STATIC_BACKEND_MATCH"
"C:\Users\DIYA GOEL\Downloads\EBDESIGN\frontend\src\services\api.js","GET","/carbon-footprint-farming","NO_STATIC_BACKEND_MATCH"
"C:\Users\DIYA GOEL\Downloads\EBDESIGN\frontend\src\services\api.js","POST","/knowledge-sharing/share","NO_STATIC_BACKEND_MATCH"
"C:\Users\DIYA GOEL\Downloads\EBDESIGN\frontend\src\services\api.js","GET","/fish-health/records","NO_STATIC_BACKEND_MATCH"
"C:\Users\DIYA GOEL\Downloads\EBDESIGN\frontend\src\services\api.js","GET","/income","NO_STATIC_BACKEND_MATCH"
"C:\Users\DIYA GOEL\Downloads\EBDESIGN\frontend\src\services\api.js","POST","/cultural-warfare/wage","NO_STATIC_BACKEND_MATCH"
"C:\Users\DIYA GOEL\Downloads\EBDESIGN\frontend\src\services\api.js","GET","/event-manager","NO_STATIC_BACKEND_MATCH"
"C:\Users\DIYA GOEL\Downloads\EBDESIGN\frontend\src\services\api.js","GET","/seedlings","NO_STATIC_BACKEND_MATCH"
"C:\Users\DIYA GOEL\Downloads\EBDESIGN\frontend\src\services\api.js","GET","/technical","NO_STATIC_BACKEND_MATCH"
"C:\Users\DIYA GOEL\Downloads\EBDESIGN\frontend\src\services\api.js","GET","/fisheries-harvest/harvests","NO_STATIC_BACKEND_MATCH"
"C:\Users\DIYA GOEL\Downloads\EBDESIGN\frontend\src\services\api.js","GET","/temperature","NO_STATIC_BACKEND_MATCH"
"C:\Users\DIYA GOEL\Downloads\EBDESIGN\frontend\src\pages\modules\M188\M188.jsx","GET","/api/v1/backend-modules/M188/","EXACT_METHOD_PATH"
"C:\Users\DIYA GOEL\Downloads\EBDESIGN\frontend\src\services\api.js","GET","/theme-manager","NO_STATIC_BACKEND_MATCH"
"C:\Users\DIYA GOEL\Downloads\EBDESIGN\frontend\src\services\api.js","GET","/procurement-subscription/statistics","NO_STATIC_BACKEND_MATCH"
"C:\Users\DIYA GOEL\Downloads\EBDESIGN\frontend\src\services\api.js","GET","/network","NO_STATIC_BACKEND_MATCH"
"C:\Users\DIYA GOEL\Downloads\EBDESIGN\frontend\src\services\api.js","GET","/funding","NO_STATIC_BACKEND_MATCH"
"C:\Users\DIYA GOEL\Downloads\EBDESIGN\frontend\src\services\api.js","GET","/nervous-system/reflex-arcs","NO_STATIC_BACKEND_MATCH"
"C:\Users\DIYA GOEL\Downloads\EBDESIGN\frontend\src\services\api.js","GET","/isolation-policies","NO_STATIC_BACKEND_MATCH"
"C:\Users\DIYA GOEL\Downloads\EBDESIGN\frontend\src\pages\modules\M247\M247.jsx","GET","/api/v1/backend-modules/M247/","EXACT_METHOD_PATH"
"C:\Users\DIYA GOEL\Downloads\EBDESIGN\frontend\src\pages\modules\M225\M225.jsx","GET","/api/v1/backend-modules/M225/","EXACT_METHOD_PATH"
"C:\Users\DIYA GOEL\Downloads\EBDESIGN\frontend\src\services\api.js","POST","/water-analytics-records","NO_STATIC_BACKEND_MATCH"
"C:\Users\DIYA GOEL\Downloads\EBDESIGN\frontend\src\services\api.js","GET","/user-management/predictive-maintenance","NO_STATIC_BACKEND_MATCH"
"C:\Users\DIYA GOEL\Downloads\EBDESIGN\frontend\src\services\api.js","GET","/water-quality/record-measurement","NO_STATIC_BACKEND_MATCH"
"C:\Users\DIYA GOEL\Downloads\EBDESIGN\frontend\src\services\api.js","POST","/game-meat/manage","NO_STATIC_BACKEND_MATCH"
"C:\Users\DIYA GOEL\Downloads\EBDESIGN\frontend\src\services\api.js","GET","/ne-varieties","NO_STATIC_BACKEND_MATCH"
"C:\Users\DIYA GOEL\Downloads\EBDESIGN\frontend\src\services\api.js","GET","/ca","NO_STATIC_BACKEND_MATCH"
"C:\Users\DIYA GOEL\Downloads\EBDESIGN\frontend\src\services\api.js","POST","/comprehensive-erp/create-delivery","NO_STATIC_BACKEND_MATCH"
"C:\Users\DIYA GOEL\Downloads\EBDESIGN\frontend\src\services\api.js","GET","/ecommerce/business-sales","NO_STATIC_BACKEND_MATCH"
"C:\Users\DIYA GOEL\Downloads\EBDESIGN\frontend\src\services\api.js","GET","/goat/milk-production","NO_STATIC_BACKEND_MATCH"
"C:\Users\DIYA GOEL\Downloads\EBDESIGN\frontend\src\services\api.js","POST","/audit-logs/search","NO_STATIC_BACKEND_MATCH"
"C:\Users\DIYA GOEL\Downloads\EBDESIGN\frontend\src\services\api.js","POST","/credentials/issue","NO_STATIC_BACKEND_MATCH"
"C:\Users\DIYA GOEL\Downloads\EBDESIGN\frontend\src\services\api.js","GET","/irrigation-system","NO_STATIC_BACKEND_MATCH"
"C:\Users\DIYA GOEL\Downloads\EBDESIGN\frontend\src\services\api.js","GET","/supply-chain-tracking","NO_STATIC_BACKEND_MATCH"
"C:\Users\DIYA GOEL\Downloads\EBDESIGN\frontend\src\services\api.js","GET","/development-resilience-farming","NO_STATIC_BACKEND_MATCH"
"C:\Users\DIYA GOEL\Downloads\EBDESIGN\frontend\src\services\api.js","POST","/network-building/build","NO_STATIC_BACKEND_MATCH"
"C:\Users\DIYA GOEL\Downloads\EBDESIGN\frontend\src\services\api.js","GET","/pre-orders","NO_STATIC_BACKEND_MATCH"
"C:\Users\DIYA GOEL\Downloads\EBDESIGN\frontend\src\services\api.js","POST","/regional-variety","NO_STATIC_BACKEND_MATCH"
"C:\Users\DIYA GOEL\Downloads\EBDESIGN\frontend\src\services\api.js","GET","/nervous-system/active-motor-functions","NO_STATIC_BACKEND_MATCH"
"C:\Users\DIYA GOEL\Downloads\EBDESIGN\frontend\src\services\api.js","POST","/hatchery-management/batch","NO_STATIC_BACKEND_MATCH"
"C:\Users\DIYA GOEL\Downloads\EBDESIGN\frontend\src\services\api.js","POST","/issues","NO_STATIC_BACKEND_MATCH"
"C:\Users\DIYA GOEL\Downloads\EBDESIGN\frontend\src\services\api.js","POST","/farmer-verifications/verify","NO_STATIC_BACKEND_MATCH"
"C:\Users\DIYA GOEL\Downloads\EBDESIGN\frontend\src\pages\modules\M117\M117.jsx","GET","/api/v1/backend-modules/M117/","EXACT_METHOD_PATH"
"C:\Users\DIYA GOEL\Downloads\EBDESIGN\frontend\src\services\api.js","GET","/regional-development","NO_STATIC_BACKEND_MATCH"
"C:\Users\DIYA GOEL\Downloads\EBDESIGN\frontend\src\services\api.js","GET","/markets-resilience-farming","NO_STATIC_BACKEND_MATCH"
"C:\Users\DIYA GOEL\Downloads\EBDESIGN\frontend\src\services\api.js","GET","/greenhouse-management","NO_STATIC_BACKEND_MATCH"
"C:\Users\DIYA GOEL\Downloads\EBDESIGN\frontend\src\services\api.js","POST","/loans","NO_STATIC_BACKEND_MATCH"
"C:\Users\DIYA GOEL\Downloads\EBDESIGN\frontend\src\services\waterIrrigationService.js","POST","/water-irrigation/watersheds","NO_STATIC_BACKEND_MATCH"
"C:\Users\DIYA GOEL\Downloads\EBDESIGN\frontend\src\services\api.js","GET","/suppliers-resilience-farming","NO_STATIC_BACKEND_MATCH"
"C:\Users\DIYA GOEL\Downloads\EBDESIGN\frontend\src\services\api.js","GET","/cyber-activism","NO_STATIC_BACKEND_MATCH"
"C:\Users\DIYA GOEL\Downloads\EBDESIGN\frontend\src\services\api.js","GET","/feedback","NO_STATIC_BACKEND_MATCH"
"C:\Users\DIYA GOEL\Downloads\EBDESIGN\frontend\src\services\componentApi.js","GET","/language/preferences","NO_STATIC_BACKEND_MATCH"
"C:\Users\DIYA GOEL\Downloads\EBDESIGN\frontend\src\services\api.js","POST","/nutritional-optimization/optimize","NO_STATIC_BACKEND_MATCH"
"C:\Users\DIYA GOEL\Downloads\EBDESIGN\frontend\src\services\api.js","POST","/south-south-cooperations/cooperate","NO_STATIC_BACKEND_MATCH"
"C:\Users\DIYA GOEL\Downloads\EBDESIGN\frontend\src\services\api.js","GET","/machinery-operations/operations","NO_STATIC_BACKEND_MATCH"
"C:\Users\DIYA GOEL\Downloads\EBDESIGN\frontend\src\services\api.js","GET","/streams","NO_STATIC_BACKEND_MATCH"
"C:\Users\DIYA GOEL\Downloads\EBDESIGN\frontend\src\services\api.js","POST","/tools/manage","NO_STATIC_BACKEND_MATCH"
"C:\Users\DIYA GOEL\Downloads\EBDESIGN\frontend\src\services\api.js","GET","/tenant-management/tenants","NO_STATIC_BACKEND_MATCH"
"C:\Users\DIYA GOEL\Downloads\EBDESIGN\frontend\src\pages\modules\M327\M327.jsx","GET","/api/v1/backend-modules/M327/","EXACT_METHOD_PATH"
"C:\Users\DIYA GOEL\Downloads\EBDESIGN\frontend\src\services\api.js","POST","/event-manager/create","NO_STATIC_BACKEND_MATCH"
"C:\Users\DIYA GOEL\Downloads\EBDESIGN\frontend\src\pages\modules\M241\M241.jsx","GET","/api/v1/backend-modules/M241/","EXACT_METHOD_PATH"
"C:\Users\DIYA GOEL\Downloads\EBDESIGN\frontend\src\services\api.js","GET","/advanced-features","NO_STATIC_BACKEND_MATCH"
"C:\Users\DIYA GOEL\Downloads\EBDESIGN\frontend\src\services\api.js","POST","/repositories/manage","NO_STATIC_BACKEND_MATCH"
"C:\Users\DIYA GOEL\Downloads\EBDESIGN\frontend\src\services\api.js","GET","/ai-agent/agents","NO_STATIC_BACKEND_MATCH"
"C:\Users\DIYA GOEL\Downloads\EBDESIGN\frontend\src\services\api.js","GET","/clusters","NO_STATIC_BACKEND_MATCH"
"C:\Users\DIYA GOEL\Downloads\EBDESIGN\frontend\src\services\api.js","GET","/cooperatives","NO_STATIC_BACKEND_MATCH"
"C:\Users\DIYA GOEL\Downloads\EBDESIGN\frontend\src\services\api.js","POST","/mentorships/manage","NO_STATIC_BACKEND_MATCH"
"C:\Users\DIYA GOEL\Downloads\EBDESIGN\frontend\src\services\api.js","POST","/ai/self-healing/initiate","NO_STATIC_BACKEND_MATCH"
"C:\Users\DIYA GOEL\Downloads\EBDESIGN\frontend\src\services\api.js","GET","/platform-telemetry/status","NO_STATIC_BACKEND_MATCH"
"C:\Users\DIYA GOEL\Downloads\EBDESIGN\frontend\src\services\api.js","POST","/budgets","NO_STATIC_BACKEND_MATCH"
"C:\Users\DIYA GOEL\Downloads\EBDESIGN\frontend\src\services\api.js","GET","/soil-management","NO_STATIC_BACKEND_MATCH"
"C:\Users\DIYA GOEL\Downloads\EBDESIGN\frontend\src\services\waterIrrigationService.js","GET","/water-irrigation/water-budgets","NO_STATIC_BACKEND_MATCH"
"C:\Users\DIYA GOEL\Downloads\EBDESIGN\frontend\src\services\api.js","POST","/kiosks/manage","NO_STATIC_BACKEND_MATCH"
"C:\Users\DIYA GOEL\Downloads\EBDESIGN\frontend\src\services\api.js","POST","/nfts/mint","NO_STATIC_BACKEND_MATCH"
"C:\Users\DIYA GOEL\Downloads\EBDESIGN\frontend\src\services\api.js","GET","/normalizers","NO_STATIC_BACKEND_MATCH"
"C:\Users\DIYA GOEL\Downloads\EBDESIGN\frontend\src\services\api.js","GET","/auctions","NO_STATIC_BACKEND_MATCH"
"C:\Users\DIYA GOEL\Downloads\EBDESIGN\frontend\src\services\api.js","POST","/public-participations/facilitate","NO_STATIC_BACKEND_MATCH"
"C:\Users\DIYA GOEL\Downloads\EBDESIGN\frontend\src\services\api.js","GET","/weather/forecast","NO_STATIC_BACKEND_MATCH"
"C:\Users\DIYA GOEL\Downloads\EBDESIGN\frontend\src\services\api.js","POST","/asset-lifecycle/asset","NO_STATIC_BACKEND_MATCH"
"C:\Users\DIYA GOEL\Downloads\EBDESIGN\frontend\src\services\api.js","GET","/land-lease/leases","NO_STATIC_BACKEND_MATCH"
"C:\Users\DIYA GOEL\Downloads\EBDESIGN\frontend\src\services\api.js","POST","/warnings/metrics/reset","NO_STATIC_BACKEND_MATCH"
"C:\Users\DIYA GOEL\Downloads\EBDESIGN\frontend\src\services\api.js","GET","/platform-configuration/apply-configuration","NO_STATIC_BACKEND_MATCH"
"C:\Users\DIYA GOEL\Downloads\EBDESIGN\frontend\src\services\api.js","GET","/video-analytics","NO_STATIC_BACKEND_MATCH"
"C:\Users\DIYA GOEL\Downloads\EBDESIGN\frontend\src\services\api.js","POST","/community-engagements/engage","NO_STATIC_BACKEND_MATCH"
"C:\Users\DIYA GOEL\Downloads\EBDESIGN\frontend\src\services\api.js","GET","/regulatory","NO_STATIC_BACKEND_MATCH"
"C:\Users\DIYA GOEL\Downloads\EBDESIGN\frontend\src\pages\FarmerProcurementPage.jsx","POST","/farmer-procurement/offers","NO_STATIC_BACKEND_MATCH"
"C:\Users\DIYA GOEL\Downloads\EBDESIGN\frontend\src\services\api.js","GET","/platform-telemetry/analytics","NO_STATIC_BACKEND_MATCH"
"C:\Users\DIYA GOEL\Downloads\EBDESIGN\frontend\src\services\api.js","GET","/role-permission/roles","NO_STATIC_BACKEND_MATCH"
"C:\Users\DIYA GOEL\Downloads\EBDESIGN\frontend\src\services\api.js","GET","/partner-management","NO_STATIC_BACKEND_MATCH"
"C:\Users\DIYA GOEL\Downloads\EBDESIGN\frontend\src\services\api.js","POST","/soil-mapping/zone","NO_STATIC_BACKEND_MATCH"
"C:\Users\DIYA GOEL\Downloads\EBDESIGN\frontend\src\services\api.js","GET","/expenses","NO_STATIC_BACKEND_MATCH"
"C:\Users\DIYA GOEL\Downloads\EBDESIGN\frontend\src\services\api.js","GET","/warehouse","NO_STATIC_BACKEND_MATCH"
"C:\Users\DIYA GOEL\Downloads\EBDESIGN\frontend\src\services\api.js","GET","/system-administration/capacity-forecast","NO_STATIC_BACKEND_MATCH"
"C:\Users\DIYA GOEL\Downloads\EBDESIGN\frontend\src\services\api.js","POST","/comparisons/add","NO_STATIC_BACKEND_MATCH"
"C:\Users\DIYA GOEL\Downloads\EBDESIGN\frontend\src\services\api.js","POST","/pest-resilience-farming/build","NO_STATIC_BACKEND_MATCH"
"C:\Users\DIYA GOEL\Downloads\EBDESIGN\frontend\src\services\api.js","GET","/gis-land-mapping/mappings","NO_STATIC_BACKEND_MATCH"
"C:\Users\DIYA GOEL\Downloads\EBDESIGN\frontend\src\services\api.js","GET","/nervous-system/optimal-route","NO_STATIC_BACKEND_MATCH"
"C:\Users\DIYA GOEL\Downloads\EBDESIGN\frontend\src\services\api.js","GET","/wearable/sync-fitbit","NO_STATIC_BACKEND_MATCH"
"C:\Users\DIYA GOEL\Downloads\EBDESIGN\frontend\src\services\api.js","POST","/date-formats","NO_STATIC_BACKEND_MATCH"
"C:\Users\DIYA GOEL\Downloads\EBDESIGN\frontend\src\services\api.js","POST","/routes/manage","NO_STATIC_BACKEND_MATCH"
"C:\Users\DIYA GOEL\Downloads\EBDESIGN\frontend\src\services\api.js","GET","/intellectual-property","NO_STATIC_BACKEND_MATCH"
"C:\Users\DIYA GOEL\Downloads\EBDESIGN\frontend\src\services\api.js","GET","/ranges","NO_STATIC_BACKEND_MATCH"
"C:\Users\DIYA GOEL\Downloads\EBDESIGN\frontend\src\services\api.js","POST","/biofertilizer/item","NO_STATIC_BACKEND_MATCH"
"C:\Users\DIYA GOEL\Downloads\EBDESIGN\frontend\src\services\api.js","GET","/infrastructure-development","NO_STATIC_BACKEND_MATCH"
"C:\Users\DIYA GOEL\Downloads\EBDESIGN\frontend\src\services\api.js","GET","/information-sharing/documents","NO_STATIC_BACKEND_MATCH"
"C:\Users\DIYA GOEL\Downloads\EBDESIGN\frontend\src\pages\modules\M211\M211.jsx","GET","/api/v1/backend-modules/M211/","EXACT_METHOD_PATH"
"C:\Users\DIYA GOEL\Downloads\EBDESIGN\frontend\src\services\api.js","POST","/infrastructure-development/plan","NO_STATIC_BACKEND_MATCH"
"C:\Users\DIYA GOEL\Downloads\EBDESIGN\frontend\src\services\api.js","POST","/mfa-management/device","NO_STATIC_BACKEND_MATCH"
"C:\Users\DIYA GOEL\Downloads\EBDESIGN\frontend\src\services\api.js","GET","/climate-resilience-farming","NO_STATIC_BACKEND_MATCH"
"C:\Users\DIYA GOEL\Downloads\EBDESIGN\frontend\src\services\api.js","GET","/cleanup-tasks","NO_STATIC_BACKEND_MATCH"
"C:\Users\DIYA GOEL\Downloads\EBDESIGN\frontend\src\services\soilNutrientLandService.js","POST","/soil-nutrient-land/soil-samples","NO_STATIC_BACKEND_MATCH"
"C:\Users\DIYA GOEL\Downloads\EBDESIGN\frontend\src\services\api.js","GET","/certification-management","NO_STATIC_BACKEND_MATCH"
"C:\Users\DIYA GOEL\Downloads\EBDESIGN\frontend\src\services\marketplaceService.js","GET","/marketplace/search","NO_STATIC_BACKEND_MATCH"
"C:\Users\DIYA GOEL\Downloads\EBDESIGN\frontend\src\services\api.js","GET","/trade","NO_STATIC_BACKEND_MATCH"
"C:\Users\DIYA GOEL\Downloads\EBDESIGN\frontend\src\services\api.js","POST","/soil-conservation-farming/implement","NO_STATIC_BACKEND_MATCH"
"C:\Users\DIYA GOEL\Downloads\EBDESIGN\frontend\src\services\api.js","POST","/markets-resilience-farming/build","NO_STATIC_BACKEND_MATCH"
"C:\Users\DIYA GOEL\Downloads\EBDESIGN\frontend\src\services\api.js","POST","/plant-health/diagnose","NO_STATIC_BACKEND_MATCH"
"C:\Users\DIYA GOEL\Downloads\EBDESIGN\frontend\src\services\api.js","GET","/medical-coding/nutrient-requirements","NO_STATIC_BACKEND_MATCH"
"C:\Users\DIYA GOEL\Downloads\EBDESIGN\frontend\src\services\api.js","POST","/coalition-building/build","NO_STATIC_BACKEND_MATCH"
"C:\Users\DIYA GOEL\Downloads\EBDESIGN\frontend\src\services\api.js","POST","/shipping/calculate","NO_STATIC_BACKEND_MATCH"
"C:\Users\DIYA GOEL\Downloads\EBDESIGN\frontend\src\services\coreApi.js","POST","/auth/register","NO_STATIC_BACKEND_MATCH"
"C:\Users\DIYA GOEL\Downloads\EBDESIGN\frontend\src\services\api.js","POST","/project-systems/wbs-element","NO_STATIC_BACKEND_MATCH"
"C:\Users\DIYA GOEL\Downloads\EBDESIGN\frontend\src\services\api.js","POST","/records/manage","NO_STATIC_BACKEND_MATCH"
"C:\Users\DIYA GOEL\Downloads\EBDESIGN\frontend\src\services\api.js","GET","/research-development/knowledge/search","NO_STATIC_BACKEND_MATCH"
"C:\Users\DIYA GOEL\Downloads\EBDESIGN\frontend\src\services\api.js","GET","/documents","NO_STATIC_BACKEND_MATCH"
"C:\Users\DIYA GOEL\Downloads\EBDESIGN\frontend\src\services\api.js","POST","/watershed/manage","NO_STATIC_BACKEND_MATCH"
"C:\Users\DIYA GOEL\Downloads\EBDESIGN\frontend\src\services\api.js","POST","/failure-analyses/analyze","NO_STATIC_BACKEND_MATCH"
"C:\Users\DIYA GOEL\Downloads\EBDESIGN\frontend\src\services\api.js","GET","/ai-brain/knowledge-graph","NO_STATIC_BACKEND_MATCH"
"C:\Users\DIYA GOEL\Downloads\EBDESIGN\frontend\src\services\api.js","POST","/cold-chain-monitoring/monitor","NO_STATIC_BACKEND_MATCH"
"C:\Users\DIYA GOEL\Downloads\EBDESIGN\frontend\src\services\api.js","GET","/compliance/status","NO_STATIC_BACKEND_MATCH"
"C:\Users\DIYA GOEL\Downloads\EBDESIGN\frontend\src\services\api.js","POST","/schedules","NO_STATIC_BACKEND_MATCH"
"C:\Users\DIYA GOEL\Downloads\EBDESIGN\frontend\src\services\api.js","GET","/preservation","NO_STATIC_BACKEND_MATCH"
"C:\Users\DIYA GOEL\Downloads\EBDESIGN\frontend\src\services\commerceApi.js","GET","/farmers/fpos/list","NO_STATIC_BACKEND_MATCH"
"C:\Users\DIYA GOEL\Downloads\EBDESIGN\frontend\src\services\api.js","POST","/forms/form","NO_STATIC_BACKEND_MATCH"
"C:\Users\DIYA GOEL\Downloads\EBDESIGN\frontend\src\services\api.js","POST","/reports/generate","NO_STATIC_BACKEND_MATCH"
"C:\Users\DIYA GOEL\Downloads\EBDESIGN\frontend\src\services\api.js","GET","/environmental-impact-farming","NO_STATIC_BACKEND_MATCH"
"C:\Users\DIYA GOEL\Downloads\EBDESIGN\frontend\src\services\api.js","GET","/library/verify","NO_STATIC_BACKEND_MATCH"
"C:\Users\DIYA GOEL\Downloads\EBDESIGN\frontend\src\services\api.js","GET","/user-management/settings","NO_STATIC_BACKEND_MATCH"
"C:\Users\DIYA GOEL\Downloads\EBDESIGN\frontend\src\services\api.js","GET","/nervous-system/stop-heart-beat","NO_STATIC_BACKEND_MATCH"
"C:\Users\DIYA GOEL\Downloads\EBDESIGN\frontend\src\pages\HouseholdProcurementPage.jsx","GET","/strategic/household/procurement-plans","NO_STATIC_BACKEND_MATCH"
"C:\Users\DIYA GOEL\Downloads\EBDESIGN\frontend\src\services\api.js","POST","/tracer/start","NO_STATIC_BACKEND_MATCH"
"C:\Users\DIYA GOEL\Downloads\EBDESIGN\frontend\src\services\api.js","GET","/digital-activism","NO_STATIC_BACKEND_MATCH"
"C:\Users\DIYA GOEL\Downloads\EBDESIGN\frontend\src\services\api.js","GET","/schemes","NO_STATIC_BACKEND_MATCH"
"C:\Users\DIYA GOEL\Downloads\EBDESIGN\frontend\src\services\api.js","GET","/regenerative-agriculture","NO_STATIC_BACKEND_MATCH"
"C:\Users\DIYA GOEL\Downloads\EBDESIGN\frontend\src\services\api.js","GET","/transport","NO_STATIC_BACKEND_MATCH"
"C:\Users\DIYA GOEL\Downloads\EBDESIGN\frontend\src\services\api.js","GET","/training/progress","NO_STATIC_BACKEND_MATCH"
"C:\Users\DIYA GOEL\Downloads\EBDESIGN\frontend\src\services\api.js","GET","/logistics-enhancement/schedule-maintenance","NO_STATIC_BACKEND_MATCH"
"C:\Users\DIYA GOEL\Downloads\EBDESIGN\frontend\src\services\api.js","GET","/decision-influence","NO_STATIC_BACKEND_MATCH"
"C:\Users\DIYA GOEL\Downloads\EBDESIGN\frontend\src\services\api.js","POST","/logistics/shipments","NO_STATIC_BACKEND_MATCH"
"C:\Users\DIYA GOEL\Downloads\EBDESIGN\frontend\src\services\api.js","GET","/task-manager","NO_STATIC_BACKEND_MATCH"
"C:\Users\DIYA GOEL\Downloads\EBDESIGN\frontend\src\services\api.js","POST","/funding/apply","NO_STATIC_BACKEND_MATCH"
"C:\Users\DIYA GOEL\Downloads\EBDESIGN\frontend\src\services\api.js","GET","/community-resilience-farming","NO_STATIC_BACKEND_MATCH"
"C:\Users\DIYA GOEL\Downloads\EBDESIGN\frontend\src\services\api.js","POST","/wildlife/manage","NO_STATIC_BACKEND_MATCH"
"C:\Users\DIYA GOEL\Downloads\EBDESIGN\frontend\src\services\api.js","GET","/fish-feed","NO_STATIC_BACKEND_MATCH"
"C:\Users\DIYA GOEL\Downloads\EBDESIGN\frontend\src\services\api.js","POST","/pesticide-inventory/item","NO_STATIC_BACKEND_MATCH"
"C:\Users\DIYA GOEL\Downloads\EBDESIGN\frontend\src\services\api.js","POST","/soil-health-monitoring/monitor","NO_STATIC_BACKEND_MATCH"
"C:\Users\DIYA GOEL\Downloads\EBDESIGN\frontend\src\services\api.js","POST","/intellectual-property/register","NO_STATIC_BACKEND_MATCH"
"C:\Users\DIYA GOEL\Downloads\EBDESIGN\frontend\src\services\api.js","POST","/inputs/manage","NO_STATIC_BACKEND_MATCH"
"C:\Users\DIYA GOEL\Downloads\EBDESIGN\frontend\src\services\api.js","GET","/input-traceability/records","NO_STATIC_BACKEND_MATCH"
"C:\Users\DIYA GOEL\Downloads\EBDESIGN\frontend\src\services\api.js","POST","/procurement/manage","NO_STATIC_BACKEND_MATCH"
"C:\Users\DIYA GOEL\Downloads\EBDESIGN\frontend\src\services\api.js","GET","/flights","NO_STATIC_BACKEND_MATCH"
"C:\Users\DIYA GOEL\Downloads\EBDESIGN\frontend\src\services\api.js","GET","/ai-self-healing/healing-history","NO_STATIC_BACKEND_MATCH"
"C:\Users\DIYA GOEL\Downloads\EBDESIGN\frontend\src\components\AI\AIChat.jsx","POST","/ai-gateway/chat","NO_STATIC_BACKEND_MATCH"
"C:\Users\DIYA GOEL\Downloads\EBDESIGN\frontend\src\services\api.js","GET","/engineering-project/projects","NO_STATIC_BACKEND_MATCH"
"C:\Users\DIYA GOEL\Downloads\EBDESIGN\frontend\src\services\api.js","GET","/feature-toggle","NO_STATIC_BACKEND_MATCH"
"C:\Users\DIYA GOEL\Downloads\EBDESIGN\frontend\src\services\api.js","GET","/audit-resilience-farming","NO_STATIC_BACKEND_MATCH"
"C:\Users\DIYA GOEL\Downloads\EBDESIGN\frontend\src\services\api.js","POST","/cost-control/profit-center","NO_STATIC_BACKEND_MATCH"
"C:\Users\DIYA GOEL\Downloads\EBDESIGN\frontend\src\services\api.js","GET","/multilingual/preferences","NO_STATIC_BACKEND_MATCH"
"C:\Users\DIYA GOEL\Downloads\EBDESIGN\frontend\src\services\api.js","POST","/pallets/manage","NO_STATIC_BACKEND_MATCH"
"C:\Users\DIYA GOEL\Downloads\EBDESIGN\frontend\src\pages\modules\M69\M69.jsx","GET","/api/v1/backend-modules/M069/","EXACT_METHOD_PATH"
"C:\Users\DIYA GOEL\Downloads\EBDESIGN\frontend\src\services\api.js","GET","/planting-date","NO_STATIC_BACKEND_MATCH"
"C:\Users\DIYA GOEL\Downloads\EBDESIGN\frontend\src\services\api.js","GET","/farmer-welfare/programs","NO_STATIC_BACKEND_MATCH"
"C:\Users\DIYA GOEL\Downloads\EBDESIGN\frontend\src\services\api.js","GET","/ai/copilot/analytics","NO_STATIC_BACKEND_MATCH"
"C:\Users\DIYA GOEL\Downloads\EBDESIGN\frontend\src\services\api.js","GET","/collaborations","NO_STATIC_BACKEND_MATCH"
"C:\Users\DIYA GOEL\Downloads\EBDESIGN\frontend\src\pages\modules\M53\M53.jsx","GET","/api/v1/backend-modules/M053/","EXACT_METHOD_PATH"
"C:\Users\DIYA GOEL\Downloads\EBDESIGN\frontend\src\services\api.js","POST","/trees/manage","NO_STATIC_BACKEND_MATCH"
"C:\Users\DIYA GOEL\Downloads\EBDESIGN\frontend\src\services\api.js","GET","/event-calendar","NO_STATIC_BACKEND_MATCH"
"C:\Users\DIYA GOEL\Downloads\EBDESIGN\frontend\src\services\api.js","POST","/ecommerce/business-sales/analyze","NO_STATIC_BACKEND_MATCH"
"C:\Users\DIYA GOEL\Downloads\EBDESIGN\frontend\src\services\api.js","POST","/reporting/generate","NO_STATIC_BACKEND_MATCH"
"C:\Users\DIYA GOEL\Downloads\EBDESIGN\frontend\src\services\api.js","POST","/forms/submit-form","NO_STATIC_BACKEND_MATCH"
"C:\Users\DIYA GOEL\Downloads\EBDESIGN\frontend\src\services\api.js","GET","/returns","NO_STATIC_BACKEND_MATCH"
"C:\Users\DIYA GOEL\Downloads\EBDESIGN\frontend\src\services\api.js","GET","/ai/fabric/status","NO_STATIC_BACKEND_MATCH"
"C:\Users\DIYA GOEL\Downloads\EBDESIGN\frontend\src\services\api.js","GET","/logistics-enhancement/vehicle","NO_STATIC_BACKEND_MATCH"
"C:\Users\DIYA GOEL\Downloads\EBDESIGN\frontend\src\services\api.js","GET","/goat-ai/optimize-goat-feed","NO_STATIC_BACKEND_MATCH"
"C:\Users\DIYA GOEL\Downloads\EBDESIGN\frontend\src\services\api.js","GET","/vendors","NO_STATIC_BACKEND_MATCH"
"C:\Users\DIYA GOEL\Downloads\EBDESIGN\frontend\src\services\api.js","GET","/unified-ai-gateway","NO_STATIC_BACKEND_MATCH"
"C:\Users\DIYA GOEL\Downloads\EBDESIGN\frontend\src\services\api.js","GET","/rain","NO_STATIC_BACKEND_MATCH"
"C:\Users\DIYA GOEL\Downloads\EBDESIGN\frontend\src\pages\modules\M261\M261.jsx","GET","/api/v1/backend-modules/M261/","EXACT_METHOD_PATH"
"C:\Users\DIYA GOEL\Downloads\EBDESIGN\frontend\src\services\api.js","GET","/sidecars","NO_STATIC_BACKEND_MATCH"
"C:\Users\DIYA GOEL\Downloads\EBDESIGN\frontend\src\services\api.js","POST","/warehouse-management/inventory","NO_STATIC_BACKEND_MATCH"
"C:\Users\DIYA GOEL\Downloads\EBDESIGN\frontend\src\services\api.js","POST","/return-load-board/capacity","NO_STATIC_BACKEND_MATCH"
"C:\Users\DIYA GOEL\Downloads\EBDESIGN\frontend\src\services\api.js","POST","/audit-resilience-farming/build","NO_STATIC_BACKEND_MATCH"
"C:\Users\DIYA GOEL\Downloads\EBDESIGN\frontend\src\services\api.js","POST","/digital-organizing/organize","NO_STATIC_BACKEND_MATCH"
"C:\Users\DIYA GOEL\Downloads\EBDESIGN\frontend\src\services\api.js","GET","/warehouses","NO_STATIC_BACKEND_MATCH"
"C:\Users\DIYA GOEL\Downloads\EBDESIGN\frontend\src\services\api.js","GET","/international-cooperations","NO_STATIC_BACKEND_MATCH"
"C:\Users\DIYA GOEL\Downloads\EBDESIGN\frontend\src\services\api.js","POST","/harvest-prediction/predict","NO_STATIC_BACKEND_MATCH"
"C:\Users\DIYA GOEL\Downloads\EBDESIGN\frontend\src\pages\modules\M51\M51.jsx","GET","/api/v1/backend-modules/M051/","EXACT_METHOD_PATH"
"C:\Users\DIYA GOEL\Downloads\EBDESIGN\frontend\src\services\api.js","POST","/charts/data","NO_STATIC_BACKEND_MATCH"
"C:\Users\DIYA GOEL\Downloads\EBDESIGN\frontend\src\services\api.js","GET","/tabulation","NO_STATIC_BACKEND_MATCH"
"C:\Users\DIYA GOEL\Downloads\EBDESIGN\frontend\src\services\waterIrrigationService.js","POST","/water-irrigation/analytics","NO_STATIC_BACKEND_MATCH"
"C:\Users\DIYA GOEL\Downloads\EBDESIGN\frontend\src\services\api.js","GET","/patterns","NO_STATIC_BACKEND_MATCH"
"C:\Users\DIYA GOEL\Downloads\EBDESIGN\frontend\src\services\api.js","GET","/civil-disruption/active","NO_STATIC_BACKEND_MATCH"
"C:\Users\DIYA GOEL\Downloads\EBDESIGN\frontend\src\pages\modules\M115\M115.jsx","GET","/api/v1/backend-modules/M115/","EXACT_METHOD_PATH"
"C:\Users\DIYA GOEL\Downloads\EBDESIGN\frontend\src\services\api.js","GET","/farmer","NO_STATIC_BACKEND_MATCH"
"C:\Users\DIYA GOEL\Downloads\EBDESIGN\frontend\src\services\api.js","GET","/oats","NO_STATIC_BACKEND_MATCH"
"C:\Users\DIYA GOEL\Downloads\EBDESIGN\frontend\src\services\api.js","POST","/mixed-farming/implement","NO_STATIC_BACKEND_MATCH"
"C:\Users\DIYA GOEL\Downloads\EBDESIGN\frontend\src\services\api.js","POST","/engineering-project/project","NO_STATIC_BACKEND_MATCH"
"C:\Users\DIYA GOEL\Downloads\EBDESIGN\frontend\src\services\api.js","POST","/bulk-order","NO_STATIC_BACKEND_MATCH"
"C:\Users\DIYA GOEL\Downloads\EBDESIGN\frontend\src\services\api.js","GET","/performance-monitor/metrics","NO_STATIC_BACKEND_MATCH"
"C:\Users\DIYA GOEL\Downloads\EBDESIGN\frontend\src\services\machineryVillageOpsService.js","POST","/machinery-village-ops/village-operations","NO_STATIC_BACKEND_MATCH"
"C:\Users\DIYA GOEL\Downloads\EBDESIGN\frontend\src\services\api.js","GET","/fpos","NO_STATIC_BACKEND_MATCH"
"C:\Users\DIYA GOEL\Downloads\EBDESIGN\frontend\src\pages\modules\M50\M50.jsx","GET","/api/v1/backend-modules/M050/","EXACT_METHOD_PATH"
"C:\Users\DIYA GOEL\Downloads\EBDESIGN\frontend\src\services\api.js","POST","/patterns/recognize","NO_STATIC_BACKEND_MATCH"
"C:\Users\DIYA GOEL\Downloads\EBDESIGN\frontend\src\services\api.js","GET","/food-intelligence","NO_STATIC_BACKEND_MATCH"
"C:\Users\DIYA GOEL\Downloads\EBDESIGN\frontend\src\services\api.js","POST","/mutual-funds/invest","NO_STATIC_BACKEND_MATCH"
"C:\Users\DIYA GOEL\Downloads\EBDESIGN\frontend\src\services\api.js","POST","/ai-brain/decision","NO_STATIC_BACKEND_MATCH"
"C:\Users\DIYA GOEL\Downloads\EBDESIGN\frontend\src\services\api.js","GET","/turf","NO_STATIC_BACKEND_MATCH"
"C:\Users\DIYA GOEL\Downloads\EBDESIGN\frontend\src\services\api.js","POST","/geo-boundary/boundary","NO_STATIC_BACKEND_MATCH"
"C:\Users\DIYA GOEL\Downloads\EBDESIGN\frontend\src\services\api.js","GET","/input-consumption/records","NO_STATIC_BACKEND_MATCH"
"C:\Users\DIYA GOEL\Downloads\EBDESIGN\frontend\src\services\api.js","POST","/input-procurement/order","NO_STATIC_BACKEND_MATCH"
"C:\Users\DIYA GOEL\Downloads\EBDESIGN\frontend\src\services\api.js","GET","/library/enterprise-index/features","NO_STATIC_BACKEND_MATCH"
"C:\Users\DIYA GOEL\Downloads\EBDESIGN\frontend\src\pages\modules\M230\M230.jsx","GET","/api/v1/backend-modules/M230/","EXACT_METHOD_PATH"
"C:\Users\DIYA GOEL\Downloads\EBDESIGN\frontend\src\services\api.js","POST","/proposals","NO_STATIC_BACKEND_MATCH"
"C:\Users\DIYA GOEL\Downloads\EBDESIGN\frontend\src\services\api.js","POST","/flood-resilience-farming/build","NO_STATIC_BACKEND_MATCH"
"C:\Users\DIYA GOEL\Downloads\EBDESIGN\frontend\src\services\api.js","GET","/library/modules","NO_STATIC_BACKEND_MATCH"
"C:\Users\DIYA GOEL\Downloads\EBDESIGN\frontend\src\services\api.js","GET","/farm-costing","NO_STATIC_BACKEND_MATCH"
"C:\Users\DIYA GOEL\Downloads\EBDESIGN\frontend\src\services\api.js","GET","/ai/conversational/history","NO_STATIC_BACKEND_MATCH"
"C:\Users\DIYA GOEL\Downloads\EBDESIGN\frontend\src\pages\modules\M119\M119.jsx","GET","/api/v1/backend-modules/M119/","EXACT_METHOD_PATH"
"C:\Users\DIYA GOEL\Downloads\EBDESIGN\frontend\src\services\api.js","GET","/international-engagements","NO_STATIC_BACKEND_MATCH"
"C:\Users\DIYA GOEL\Downloads\EBDESIGN\frontend\src\services\api.js","POST","/ai-self-healing/detect-error","NO_STATIC_BACKEND_MATCH"
"C:\Users\DIYA GOEL\Downloads\EBDESIGN\frontend\src\services\api.js","GET","/animal-health/outbreaks/active","NO_STATIC_BACKEND_MATCH"
"C:\Users\DIYA GOEL\Downloads\EBDESIGN\frontend\src\services\api.js","GET","/regional-cooperations","NO_STATIC_BACKEND_MATCH"
"C:\Users\DIYA GOEL\Downloads\EBDESIGN\frontend\src\services\api.js","GET","/urban-development","NO_STATIC_BACKEND_MATCH"
"C:\Users\DIYA GOEL\Downloads\EBDESIGN\frontend\src\services\api.js","GET","/ai-self-healing/predict-failures","NO_STATIC_BACKEND_MATCH"
"C:\Users\DIYA GOEL\Downloads\EBDESIGN\frontend\src\services\api.js","GET","/rural-development","NO_STATIC_BACKEND_MATCH"
"C:\Users\DIYA GOEL\Downloads\EBDESIGN\frontend\src\services\api.js","POST","/comprehensive-erp/create-employee-master","NO_STATIC_BACKEND_MATCH"
"C:\Users\DIYA GOEL\Downloads\EBDESIGN\frontend\src\services\api.js","POST","/projects/manage","NO_STATIC_BACKEND_MATCH"
"C:\Users\DIYA GOEL\Downloads\EBDESIGN\frontend\src\services\api.js","GET","/intercropping","NO_STATIC_BACKEND_MATCH"
"C:\Users\DIYA GOEL\Downloads\EBDESIGN\frontend\src\services\api.js","PUT","/system-config","NO_STATIC_BACKEND_MATCH"
"C:\Users\DIYA GOEL\Downloads\EBDESIGN\frontend\src\services\api.js","GET","/cold-storage/bookings","NO_STATIC_BACKEND_MATCH"
"C:\Users\DIYA GOEL\Downloads\EBDESIGN\frontend\src\services\api.js","POST","/payment-processing/process","NO_STATIC_BACKEND_MATCH"
"C:\Users\DIYA GOEL\Downloads\EBDESIGN\frontend\src\services\api.js","GET","/farm-profitability","NO_STATIC_BACKEND_MATCH"
"C:\Users\DIYA GOEL\Downloads\EBDESIGN\frontend\src\services\api.js","POST","/comprehensive-erp/create-purchase-order","NO_STATIC_BACKEND_MATCH"
"C:\Users\DIYA GOEL\Downloads\EBDESIGN\frontend\src\services\api.js","GET","/colonies","NO_STATIC_BACKEND_MATCH"
"C:\Users\DIYA GOEL\Downloads\EBDESIGN\frontend\src\services\api.js","POST","/investment","NO_STATIC_BACKEND_MATCH"
"C:\Users\DIYA GOEL\Downloads\EBDESIGN\frontend\src\pages\modules\M82\M82.jsx","GET","/api/v1/backend-modules/M082/","EXACT_METHOD_PATH"
"C:\Users\DIYA GOEL\Downloads\EBDESIGN\frontend\src\services\api.js","GET","/library/enterprise-index/ai-workflow","NO_STATIC_BACKEND_MATCH"
"C:\Users\DIYA GOEL\Downloads\EBDESIGN\frontend\src\services\api.js","GET","/evolution-strategies","NO_STATIC_BACKEND_MATCH"
"C:\Users\DIYA GOEL\Downloads\EBDESIGN\frontend\src\services\api.js","POST","/payment/process","NO_STATIC_BACKEND_MATCH"
"C:\Users\DIYA GOEL\Downloads\EBDESIGN\frontend\src\services\api.js","POST","/radiation/measure","NO_STATIC_BACKEND_MATCH"
"C:\Users\DIYA GOEL\Downloads\EBDESIGN\frontend\src\services\api.js","POST","/sorghum/manage","NO_STATIC_BACKEND_MATCH"
"C:\Users\DIYA GOEL\Downloads\EBDESIGN\frontend\src\services\api.js","POST","/zero-waste-farming/implement","NO_STATIC_BACKEND_MATCH"
"C:\Users\DIYA GOEL\Downloads\EBDESIGN\frontend\src\stores\authStore.js","POST","/api/v1/auth/login","NO_STATIC_BACKEND_MATCH"
"C:\Users\DIYA GOEL\Downloads\EBDESIGN\frontend\src\services\api.js","GET","/roles","NO_STATIC_BACKEND_MATCH"
"C:\Users\DIYA GOEL\Downloads\EBDESIGN\frontend\src\services\api.js","POST","/logistics-resilience-farming/build","NO_STATIC_BACKEND_MATCH"
"C:\Users\DIYA GOEL\Downloads\EBDESIGN\frontend\src\services\api.js","GET","/forage","NO_STATIC_BACKEND_MATCH"
"C:\Users\DIYA GOEL\Downloads\EBDESIGN\frontend\src\pages\modules\M337\M337.jsx","GET","/api/v1/backend-modules/M337/","EXACT_METHOD_PATH"
"C:\Users\DIYA GOEL\Downloads\EBDESIGN\frontend\src\services\api.js","GET","/coordinations","NO_STATIC_BACKEND_MATCH"
"C:\Users\DIYA GOEL\Downloads\EBDESIGN\frontend\src\services\api.js","POST","/labor/manage","NO_STATIC_BACKEND_MATCH"
"C:\Users\DIYA GOEL\Downloads\EBDESIGN\frontend\src\services\api.js","POST","/social-development/plan","NO_STATIC_BACKEND_MATCH"
"C:\Users\DIYA GOEL\Downloads\EBDESIGN\frontend\src\services\api.js","GET","/experience-layer/themes","NO_STATIC_BACKEND_MATCH"
"C:\Users\DIYA GOEL\Downloads\EBDESIGN\frontend\src\services\api.js","POST","/demand/forecast","NO_STATIC_BACKEND_MATCH"
"C:\Users\DIYA GOEL\Downloads\EBDESIGN\frontend\src\services\api.js","GET","/sheep/flock-performance","NO_STATIC_BACKEND_MATCH"
"C:\Users\DIYA GOEL\Downloads\EBDESIGN\frontend\src\services\api.js","POST","/data-visualization/visualize","NO_STATIC_BACKEND_MATCH"
"C:\Users\DIYA GOEL\Downloads\EBDESIGN\frontend\src\services\marketplaceService.js","POST","/marketplace/listings","NO_STATIC_BACKEND_MATCH"
"C:\Users\DIYA GOEL\Downloads\EBDESIGN\frontend\src\services\api.js","GET","/nutrient-value-sales/issue-nutrient-certificate","NO_STATIC_BACKEND_MATCH"
"C:\Users\DIYA GOEL\Downloads\EBDESIGN\frontend\src\services\api.js","GET","/products/products","NO_STATIC_BACKEND_MATCH"
"C:\Users\DIYA GOEL\Downloads\EBDESIGN\frontend\src\services\api.js","POST","/task-manager/create","NO_STATIC_BACKEND_MATCH"
"C:\Users\DIYA GOEL\Downloads\EBDESIGN\frontend\src\services\api.js","POST","/member-benefits/manage","NO_STATIC_BACKEND_MATCH"
"C:\Users\DIYA GOEL\Downloads\EBDESIGN\frontend\src\services\api.js","POST","/land-lease/lease","NO_STATIC_BACKEND_MATCH"
"C:\Users\DIYA GOEL\Downloads\EBDESIGN\frontend\src\services\api.js","GET","/wallet","NO_STATIC_BACKEND_MATCH"
"C:\Users\DIYA GOEL\Downloads\EBDESIGN\frontend\src\services\api.js","GET","/extensions","NO_STATIC_BACKEND_MATCH"
"C:\Users\DIYA GOEL\Downloads\EBDESIGN\frontend\src\services\api.js","POST","/satellite/manage","NO_STATIC_BACKEND_MATCH"
"C:\Users\DIYA GOEL\Downloads\EBDESIGN\frontend\src\pages\FarmerProcurementPage.jsx","POST","/farmer-procurement/compare","NO_STATIC_BACKEND_MATCH"
"C:\Users\DIYA GOEL\Downloads\EBDESIGN\frontend\src\services\api.js","GET","/settlements","NO_STATIC_BACKEND_MATCH"
"C:\Users\DIYA GOEL\Downloads\EBDESIGN\frontend\src\services\api.js","GET","/onions","NO_STATIC_BACKEND_MATCH"
"C:\Users\DIYA GOEL\Downloads\EBDESIGN\frontend\src\pages\modules\M324\M324.jsx","GET","/api/v1/backend-modules/M324/","EXACT_METHOD_PATH"
"C:\Users\DIYA GOEL\Downloads\EBDESIGN\frontend\src\services\api.js","GET","/thermal","NO_STATIC_BACKEND_MATCH"
"C:\Users\DIYA GOEL\Downloads\EBDESIGN\frontend\src\services\coreApi.js","GET","/dashboard/stats","NO_STATIC_BACKEND_MATCH"
"C:\Users\DIYA GOEL\Downloads\EBDESIGN\frontend\src\services\api.js","POST","/micronutrient/item","NO_STATIC_BACKEND_MATCH"
"C:\Users\DIYA GOEL\Downloads\EBDESIGN\frontend\src\services\api.js","GET","/anomaly-detection-farming","NO_STATIC_BACKEND_MATCH"
"C:\Users\DIYA GOEL\Downloads\EBDESIGN\frontend\src\services\api.js","POST","/micro-finance/manage","NO_STATIC_BACKEND_MATCH"
"C:\Users\DIYA GOEL\Downloads\EBDESIGN\frontend\src\services\api.js","GET","/erp/dashboard","NO_STATIC_BACKEND_MATCH"
"C:\Users\DIYA GOEL\Downloads\EBDESIGN\frontend\src\services\api.js","POST","/maintenance/schedule","NO_STATIC_BACKEND_MATCH"
"C:\Users\DIYA GOEL\Downloads\EBDESIGN\frontend\src\services\api.js","GET","/sap-module-architecture","NO_STATIC_BACKEND_MATCH"
"C:\Users\DIYA GOEL\Downloads\EBDESIGN\frontend\src\services\api.js","GET","/ai-agent/tools","NO_STATIC_BACKEND_MATCH"
"C:\Users\DIYA GOEL\Downloads\EBDESIGN\frontend\src\services\api.js","GET","/admin","NO_STATIC_BACKEND_MATCH"
"C:\Users\DIYA GOEL\Downloads\EBDESIGN\frontend\src\services\api.js","POST","/citizen-engagements/engage","NO_STATIC_BACKEND_MATCH"
"C:\Users\DIYA GOEL\Downloads\EBDESIGN\frontend\src\pages\modules\M236\M236.jsx","GET","/api/v1/backend-modules/M236/","EXACT_METHOD_PATH"
"C:\Users\DIYA GOEL\Downloads\EBDESIGN\frontend\src\services\api.js","POST","/orchard/orchard","NO_STATIC_BACKEND_MATCH"
"C:\Users\DIYA GOEL\Downloads\EBDESIGN\frontend\src\services\api.js","GET","/activity-logs","NO_STATIC_BACKEND_MATCH"
"C:\Users\DIYA GOEL\Downloads\EBDESIGN\frontend\src\services\api.js","GET","/orchard-management","NO_STATIC_BACKEND_MATCH"
"C:\Users\DIYA GOEL\Downloads\EBDESIGN\frontend\src\services\api.js","GET","/purge-policies","NO_STATIC_BACKEND_MATCH"
"C:\Users\DIYA GOEL\Downloads\EBDESIGN\frontend\src\services\api.js","GET","/disaster-recovery/plans","NO_STATIC_BACKEND_MATCH"
"C:\Users\DIYA GOEL\Downloads\EBDESIGN\frontend\src\services\api.js","GET","/water-analytics-records","NO_STATIC_BACKEND_MATCH"
"C:\Users\DIYA GOEL\Downloads\EBDESIGN\frontend\src\services\api.js","POST","/training/manage","NO_STATIC_BACKEND_MATCH"
"C:\Users\DIYA GOEL\Downloads\EBDESIGN\frontend\src\pages\modules\M254\M254.jsx","GET","/api/v1/backend-modules/M254/","EXACT_METHOD_PATH"
"C:\Users\DIYA GOEL\Downloads\EBDESIGN\frontend\src\services\api.js","POST","/health/check","NO_STATIC_BACKEND_MATCH"
"C:\Users\DIYA GOEL\Downloads\EBDESIGN\frontend\src\services\api.js","GET","/pig/feed-conversion-ratio","NO_STATIC_BACKEND_MATCH"
"C:\Users\DIYA GOEL\Downloads\EBDESIGN\frontend\src\pages\modules\M328\M328.jsx","GET","/api/v1/backend-modules/M328/","EXACT_METHOD_PATH"
"C:\Users\DIYA GOEL\Downloads\EBDESIGN\frontend\src\services\api.js","POST","/sheep/animal","NO_STATIC_BACKEND_MATCH"
"C:\Users\DIYA GOEL\Downloads\EBDESIGN\frontend\src\services\api.js","POST","/benchmarking/run","NO_STATIC_BACKEND_MATCH"
"C:\Users\DIYA GOEL\Downloads\EBDESIGN\frontend\src\services\api.js","GET","/orders","NO_STATIC_BACKEND_MATCH"
"C:\Users\DIYA GOEL\Downloads\EBDESIGN\frontend\src\services\api.js","GET","/dairy/animals","NO_STATIC_BACKEND_MATCH"
"C:\Users\DIYA GOEL\Downloads\EBDESIGN\frontend\src\services\api.js","GET","/research-development/analytics","NO_STATIC_BACKEND_MATCH"
"C:\Users\DIYA GOEL\Downloads\EBDESIGN\frontend\src\pages\modules\M135\M135.jsx","GET","/api/v1/backend-modules/M135/","EXACT_METHOD_PATH"
"C:\Users\DIYA GOEL\Downloads\EBDESIGN\frontend\src\services\api.js","POST","/ai/operation-intelligence/analyze","NO_STATIC_BACKEND_MATCH"
"C:\Users\DIYA GOEL\Downloads\EBDESIGN\frontend\src\services\api.js","PUT","/config","NO_STATIC_BACKEND_MATCH"
"C:\Users\DIYA GOEL\Downloads\EBDESIGN\frontend\src\services\api.js","POST","/comprehensive-erp/create-sales-order","NO_STATIC_BACKEND_MATCH"
"C:\Users\DIYA GOEL\Downloads\EBDESIGN\frontend\src\services\api.js","GET","/irrigation-scheduler","NO_STATIC_BACKEND_MATCH"
"C:\Users\DIYA GOEL\Downloads\EBDESIGN\frontend\src\services\api.js","GET","/enterprises","NO_STATIC_BACKEND_MATCH"
"C:\Users\DIYA GOEL\Downloads\EBDESIGN\frontend\src\services\api.js","GET","/insurance/products","NO_STATIC_BACKEND_MATCH"
"C:\Users\DIYA GOEL\Downloads\EBDESIGN\frontend\src\services\api.js","GET","/knowledge-graph/search","NO_STATIC_BACKEND_MATCH"
"C:\Users\DIYA GOEL\Downloads\EBDESIGN\frontend\src\services\api.js","GET","/farmers/pricing/benchmark-prices","NO_STATIC_BACKEND_MATCH"
"C:\Users\DIYA GOEL\Downloads\EBDESIGN\frontend\src\services\api.js","POST","/planting-date/recommend","NO_STATIC_BACKEND_MATCH"
"C:\Users\DIYA GOEL\Downloads\EBDESIGN\frontend\src\services\api.js","GET","/digital-boycott","NO_STATIC_BACKEND_MATCH"
"C:\Users\DIYA GOEL\Downloads\EBDESIGN\frontend\src\services\api.js","POST","/benefit-realizations/realize","NO_STATIC_BACKEND_MATCH"
"C:\Users\DIYA GOEL\Downloads\EBDESIGN\frontend\src\services\api.js","GET","/climate-monitoring/alerts","NO_STATIC_BACKEND_MATCH"
"C:\Users\DIYA GOEL\Downloads\EBDESIGN\frontend\src\pages\modules\M314\M314.jsx","GET","/api/v1/backend-modules/M314/","EXACT_METHOD_PATH"
"C:\Users\DIYA GOEL\Downloads\EBDESIGN\frontend\src\services\api.js","POST","/international-cooperations/cooperate","NO_STATIC_BACKEND_MATCH"
"C:\Users\DIYA GOEL\Downloads\EBDESIGN\frontend\src\services\api.js","GET","/joint-ventures","NO_STATIC_BACKEND_MATCH"
"C:\Users\DIYA GOEL\Downloads\EBDESIGN\frontend\src\services\api.js","GET","/shg/savings","NO_STATIC_BACKEND_MATCH"
"C:\Users\DIYA GOEL\Downloads\EBDESIGN\frontend\src\pages\modules\M126\M126.jsx","GET","/api/v1/backend-modules/M126/","EXACT_METHOD_PATH"
"C:\Users\DIYA GOEL\Downloads\EBDESIGN\frontend\src\services\api.js","GET","/unions","NO_STATIC_BACKEND_MATCH"
"C:\Users\DIYA GOEL\Downloads\EBDESIGN\frontend\src\services\api.js","POST","/viticulture/manage","NO_STATIC_BACKEND_MATCH"
"C:\Users\DIYA GOEL\Downloads\EBDESIGN\frontend\src\services\api.js","GET","/districts","NO_STATIC_BACKEND_MATCH"
"C:\Users\DIYA GOEL\Downloads\EBDESIGN\frontend\src\services\api.js","POST","/water-analytics/dashboard","NO_STATIC_BACKEND_MATCH"
"C:\Users\DIYA GOEL\Downloads\EBDESIGN\frontend\src\services\api.js","POST","/policy-resilience-farming/build","NO_STATIC_BACKEND_MATCH"
"C:\Users\DIYA GOEL\Downloads\EBDESIGN\frontend\src\pages\modules\M333\M333.jsx","GET","/api/v1/backend-modules/M333/","EXACT_METHOD_PATH"
"C:\Users\DIYA GOEL\Downloads\EBDESIGN\frontend\src\pages\modules\M139\M139.jsx","GET","/api/v1/backend-modules/M139/","EXACT_METHOD_PATH"
"C:\Users\DIYA GOEL\Downloads\EBDESIGN\frontend\src\services\api.js","GET","/knowledge-resilience-farming","NO_STATIC_BACKEND_MATCH"
"C:\Users\DIYA GOEL\Downloads\EBDESIGN\frontend\src\services\coreApi.js","GET","/library/statistics","NO_STATIC_BACKEND_MATCH"
"C:\Users\DIYA GOEL\Downloads\EBDESIGN\frontend\src\services\api.js","GET","/regulatory-resilience-farming","NO_STATIC_BACKEND_MATCH"
"C:\Users\DIYA GOEL\Downloads\EBDESIGN\frontend\src\services\api.js","POST","/wheat/manage","NO_STATIC_BACKEND_MATCH"
"C:\Users\DIYA GOEL\Downloads\EBDESIGN\frontend\src\services\api.js","GET","/project-systems/milestone-status-summary","NO_STATIC_BACKEND_MATCH"
"C:\Users\DIYA GOEL\Downloads\EBDESIGN\frontend\src\services\api.js","GET","/spatial","NO_STATIC_BACKEND_MATCH"
"C:\Users\DIYA GOEL\Downloads\EBDESIGN\frontend\src\services\api.js","GET","/aquatic-farming","NO_STATIC_BACKEND_MATCH"
"C:\Users\DIYA GOEL\Downloads\EBDESIGN\frontend\src\services\api.js","POST","/cooperative-share/member","NO_STATIC_BACKEND_MATCH"
"C:\Users\DIYA GOEL\Downloads\EBDESIGN\frontend\src\services\api.js","POST","/people-resilience-farming/build","NO_STATIC_BACKEND_MATCH"
"C:\Users\DIYA GOEL\Downloads\EBDESIGN\frontend\src\services\api.js","GET","/dairy/milk-records","NO_STATIC_BACKEND_MATCH"
"C:\Users\DIYA GOEL\Downloads\EBDESIGN\frontend\src\services\api.js","POST","/climate-risk/assessments/assessment","NO_STATIC_BACKEND_MATCH"
"C:\Users\DIYA GOEL\Downloads\EBDESIGN\frontend\src\pages\modules\M318\M318.jsx","GET","/api/v1/backend-modules/M318/","EXACT_METHOD_PATH"
"C:\Users\DIYA GOEL\Downloads\EBDESIGN\frontend\src\services\api.js","GET","/timezones","NO_STATIC_BACKEND_MATCH"
"C:\Users\DIYA GOEL\Downloads\EBDESIGN\frontend\src\services\api.js","POST","/integrated-farming/implement","NO_STATIC_BACKEND_MATCH"
"C:\Users\DIYA GOEL\Downloads\EBDESIGN\frontend\src\services\api.js","GET","/urban","NO_STATIC_BACKEND_MATCH"
"C:\Users\DIYA GOEL\Downloads\EBDESIGN\frontend\src\pages\modules\M232\M232.jsx","GET","/api/v1/backend-modules/M232/","EXACT_METHOD_PATH"
"C:\Users\DIYA GOEL\Downloads\EBDESIGN\frontend\src\services\api.js","POST","/digital-siege/siege","NO_STATIC_BACKEND_MATCH"
"C:\Users\DIYA GOEL\Downloads\EBDESIGN\frontend\src\services\api.js","GET","/payment-processing","NO_STATIC_BACKEND_MATCH"
"C:\Users\DIYA GOEL\Downloads\EBDESIGN\frontend\src\services\api.js","POST","/import-export/manage","NO_STATIC_BACKEND_MATCH"
"C:\Users\DIYA GOEL\Downloads\EBDESIGN\frontend\src\services\machineryVillageOpsService.js","POST","/machinery-village-ops/village-infrastructure","NO_STATIC_BACKEND_MATCH"
"C:\Users\DIYA GOEL\Downloads\EBDESIGN\frontend\src\services\api.js","POST","/research-development/patent","NO_STATIC_BACKEND_MATCH"
"C:\Users\DIYA GOEL\Downloads\EBDESIGN\frontend\src\pages\modules\M308\M308.jsx","GET","/api/v1/backend-modules/M308/","EXACT_METHOD_PATH"
"C:\Users\DIYA GOEL\Downloads\EBDESIGN\frontend\src\services\api.js","GET","/logistics-enhancement/fleet","NO_STATIC_BACKEND_MATCH"
"C:\Users\DIYA GOEL\Downloads\EBDESIGN\frontend\src\services\api.js","POST","/quality/checks","NO_STATIC_BACKEND_MATCH"
"C:\Users\DIYA GOEL\Downloads\EBDESIGN\frontend\src\services\api.js","GET","/processing","NO_STATIC_BACKEND_MATCH"
"C:\Users\DIYA GOEL\Downloads\EBDESIGN\frontend\src\services\api.js","POST","/food-processing/process","NO_STATIC_BACKEND_MATCH"
"C:\Users\DIYA GOEL\Downloads\EBDESIGN\frontend\src\services\api.js","POST","/comprehensive-erp/create-project-definition","NO_STATIC_BACKEND_MATCH"
"C:\Users\DIYA GOEL\Downloads\EBDESIGN\frontend\src\services\api.js","GET","/storage","NO_STATIC_BACKEND_MATCH"
"C:\Users\DIYA GOEL\Downloads\EBDESIGN\frontend\src\services\api.js","GET","/household-economy/household-economy","NO_STATIC_BACKEND_MATCH"
"C:\Users\DIYA GOEL\Downloads\EBDESIGN\frontend\src\pages\modules\M32\M32.jsx","GET","/api/v1/backend-modules/M032/","EXACT_METHOD_PATH"
"C:\Users\DIYA GOEL\Downloads\EBDESIGN\frontend\src\services\api.js","POST","/package","NO_STATIC_BACKEND_MATCH"
"C:\Users\DIYA GOEL\Downloads\EBDESIGN\frontend\src\services\api.js","POST","/comprehensive-erp/create-invoice","NO_STATIC_BACKEND_MATCH"
"C:\Users\DIYA GOEL\Downloads\EBDESIGN\frontend\src\services\api.js","GET","/requests","NO_STATIC_BACKEND_MATCH"
"C:\Users\DIYA GOEL\Downloads\EBDESIGN\frontend\src\services\vendorProcurementService.js","POST","/vendor-procurement/supply-chain/optimize","NO_STATIC_BACKEND_MATCH"
"C:\Users\DIYA GOEL\Downloads\EBDESIGN\frontend\src\services\api.js","POST","/digital-farming/implement","NO_STATIC_BACKEND_MATCH"
"C:\Users\DIYA GOEL\Downloads\EBDESIGN\frontend\src\services\api.js","POST","/community-resilience-farming/build","NO_STATIC_BACKEND_MATCH"
"C:\Users\DIYA GOEL\Downloads\EBDESIGN\frontend\src\services\api.js","GET","/systems-resilience-farming","NO_STATIC_BACKEND_MATCH"
"C:\Users\DIYA GOEL\Downloads\EBDESIGN\frontend\src\services\api.js","POST","/aeroponics/system","NO_STATIC_BACKEND_MATCH"
"C:\Users\DIYA GOEL\Downloads\EBDESIGN\frontend\src\services\api.js","GET","/water-analytics/compare-performance","NO_STATIC_BACKEND_MATCH"
"C:\Users\DIYA GOEL\Downloads\EBDESIGN\frontend\src\services\api.js","GET","/product-reviews/stats","NO_STATIC_BACKEND_MATCH"
"C:\Users\DIYA GOEL\Downloads\EBDESIGN\frontend\src\services\api.js","POST","/farm-operations-dashboard/kpi","NO_STATIC_BACKEND_MATCH"
"C:\Users\DIYA GOEL\Downloads\EBDESIGN\frontend\src\services\api.js","POST","/technology-transfer/transfer","NO_STATIC_BACKEND_MATCH"
"C:\Users\DIYA GOEL\Downloads\EBDESIGN\frontend\src\services\api.js","POST","/ai/library-workspace/events","NO_STATIC_BACKEND_MATCH"
"C:\Users\DIYA GOEL\Downloads\EBDESIGN\frontend\src\services\api.js","GET","/safety","NO_STATIC_BACKEND_MATCH"
"C:\Users\DIYA GOEL\Downloads\EBDESIGN\frontend\src\services\api.js","POST","/farm-productivity/metric","NO_STATIC_BACKEND_MATCH"
"C:\Users\DIYA GOEL\Downloads\EBDESIGN\frontend\src\pages\modules\M38\M38.jsx","GET","/api/v1/backend-modules/M038/","EXACT_METHOD_PATH"
"C:\Users\DIYA GOEL\Downloads\EBDESIGN\frontend\src\pages\modules\M131\M131.jsx","GET","/api/v1/backend-modules/M131/","EXACT_METHOD_PATH"
"C:\Users\DIYA GOEL\Downloads\EBDESIGN\frontend\src\services\api.js","POST","/ecommerce-erp/production-order","NO_STATIC_BACKEND_MATCH"
"C:\Users\DIYA GOEL\Downloads\EBDESIGN\frontend\src\services\api.js","POST","/knowledge-base/search","NO_STATIC_BACKEND_MATCH"
"C:\Users\DIYA GOEL\Downloads\EBDESIGN\frontend\src\services\api.js","GET","/water-budgeting/optimize-allocation","NO_STATIC_BACKEND_MATCH"
"C:\Users\DIYA GOEL\Downloads\EBDESIGN\frontend\src\services\api.js","POST","/system-administration/self-healing","NO_STATIC_BACKEND_MATCH"
"C:\Users\DIYA GOEL\Downloads\EBDESIGN\frontend\src\pages\modules\M203\M203.jsx","GET","/api/v1/backend-modules/M203/","EXACT_METHOD_PATH"
"C:\Users\DIYA GOEL\Downloads\EBDESIGN\frontend\src\services\api.js","POST","/experience/add","NO_STATIC_BACKEND_MATCH"
"C:\Users\DIYA GOEL\Downloads\EBDESIGN\frontend\src\services\api.js","POST","/climate-advisory/advisory","NO_STATIC_BACKEND_MATCH"
"C:\Users\DIYA GOEL\Downloads\EBDESIGN\frontend\src\services\api.js","POST","/hybrid-farming/implement","NO_STATIC_BACKEND_MATCH"
"C:\Users\DIYA GOEL\Downloads\EBDESIGN\frontend\src\services\api.js","POST","/drought-resilience-farming/build","NO_STATIC_BACKEND_MATCH"
"C:\Users\DIYA GOEL\Downloads\EBDESIGN\frontend\src\pages\modules\M274\M274.jsx","GET","/api/v1/backend-modules/M274/","EXACT_METHOD_PATH"
"C:\Users\DIYA GOEL\Downloads\EBDESIGN\frontend\src\services\api.js","GET","/culture-resilience-farming","NO_STATIC_BACKEND_MATCH"
"C:\Users\DIYA GOEL\Downloads\EBDESIGN\frontend\src\services\api.js","POST","/tester/run","NO_STATIC_BACKEND_MATCH"
"C:\Users\DIYA GOEL\Downloads\EBDESIGN\frontend\src\services\api.js","GET","/economic","NO_STATIC_BACKEND_MATCH"
"C:\Users\DIYA GOEL\Downloads\EBDESIGN\frontend\src\services\api.js","POST","/quality-control/control","NO_STATIC_BACKEND_MATCH"
"C:\Users\DIYA GOEL\Downloads\EBDESIGN\frontend\src\pages\modules\M100\M100.jsx","GET","/api/v1/backend-modules/M100/","EXACT_METHOD_PATH"
"C:\Users\DIYA GOEL\Downloads\EBDESIGN\frontend\src\services\api.js","GET","/crop-monitoring","NO_STATIC_BACKEND_MATCH"
"C:\Users\DIYA GOEL\Downloads\EBDESIGN\frontend\src\pages\modules\M163\M163.jsx","GET","/api/v1/backend-modules/M163/","EXACT_METHOD_PATH"
"C:\Users\DIYA GOEL\Downloads\EBDESIGN\frontend\src\services\api.js","POST","/producer-group","NO_STATIC_BACKEND_MATCH"
"C:\Users\DIYA GOEL\Downloads\EBDESIGN\frontend\src\services\api.js","GET","/inventory","NO_STATIC_BACKEND_MATCH"
"C:\Users\DIYA GOEL\Downloads\EBDESIGN\frontend\src\services\api.js","POST","/orders/cart/add","NO_STATIC_BACKEND_MATCH"
"C:\Users\DIYA GOEL\Downloads\EBDESIGN\frontend\src\services\api.js","GET","/agricultural-intelligence/health","NO_STATIC_BACKEND_MATCH"
"C:\Users\DIYA GOEL\Downloads\EBDESIGN\frontend\src\services\api.js","POST","/elasticsearch-data/search","NO_STATIC_BACKEND_MATCH"
"C:\Users\DIYA GOEL\Downloads\EBDESIGN\frontend\src\services\commerceApi.js","DELETE","/orders/cart","NO_STATIC_BACKEND_MATCH"
"C:\Users\DIYA GOEL\Downloads\EBDESIGN\frontend\src\services\api.js","GET","/ecommerce","NO_STATIC_BACKEND_MATCH"
"C:\Users\DIYA GOEL\Downloads\EBDESIGN\frontend\src\services\api.js","POST","/security-access-control/security-score","NO_STATIC_BACKEND_MATCH"
"C:\Users\DIYA GOEL\Downloads\EBDESIGN\frontend\src\services\api.js","GET","/sheep-farming/animals","NO_STATIC_BACKEND_MATCH"
"C:\Users\DIYA GOEL\Downloads\EBDESIGN\frontend\src\services\api.js","GET","/specifications","NO_STATIC_BACKEND_MATCH"
"C:\Users\DIYA GOEL\Downloads\EBDESIGN\frontend\src\services\api.js","GET","/home-automation","NO_STATIC_BACKEND_MATCH"
"C:\Users\DIYA GOEL\Downloads\EBDESIGN\frontend\src\services\api.js","POST","/climate-advisory/get","NO_STATIC_BACKEND_MATCH"
"C:\Users\DIYA GOEL\Downloads\EBDESIGN\frontend\src\services\api.js","GET","/digital-sanction","NO_STATIC_BACKEND_MATCH"
"C:\Users\DIYA GOEL\Downloads\EBDESIGN\frontend\src\services\vendorProcurementService.js","POST","/vendor-procurement/procurement-requests","NO_STATIC_BACKEND_MATCH"
"C:\Users\DIYA GOEL\Downloads\EBDESIGN\frontend\src\services\api.js","GET","/tomatoes","NO_STATIC_BACKEND_MATCH"
"C:\Users\DIYA GOEL\Downloads\EBDESIGN\frontend\src\services\api.js","GET","/predictions","NO_STATIC_BACKEND_MATCH"
"C:\Users\DIYA GOEL\Downloads\EBDESIGN\frontend\src\services\api.js","POST","/enterprise-control/crm/leads","NO_STATIC_BACKEND_MATCH"
"C:\Users\DIYA GOEL\Downloads\EBDESIGN\frontend\src\services\api.js","GET","/supply-chain-decision","NO_STATIC_BACKEND_MATCH"
"C:\Users\DIYA GOEL\Downloads\EBDESIGN\frontend\src\services\api.js","POST","/income/track","NO_STATIC_BACKEND_MATCH"
"C:\Users\DIYA GOEL\Downloads\EBDESIGN\frontend\src\services\api.js","POST","/visualization/manage","NO_STATIC_BACKEND_MATCH"
"C:\Users\DIYA GOEL\Downloads\EBDESIGN\frontend\src\pages\modules\M201\M201.jsx","GET","/api/v1/backend-modules/M201/","EXACT_METHOD_PATH"
"C:\Users\DIYA GOEL\Downloads\EBDESIGN\frontend\src\services\api.js","GET","/diaspora-engagements","NO_STATIC_BACKEND_MATCH"
"C:\Users\DIYA GOEL\Downloads\EBDESIGN\frontend\src\services\api.js","GET","/geo-tagging","NO_STATIC_BACKEND_MATCH"
"C:\Users\DIYA GOEL\Downloads\EBDESIGN\frontend\src\services\api.js","PUT","/system-administration","NO_STATIC_BACKEND_MATCH"
"C:\Users\DIYA GOEL\Downloads\EBDESIGN\frontend\src\services\api.js","GET","/goat/herd-performance","NO_STATIC_BACKEND_MATCH"
"C:\Users\DIYA GOEL\Downloads\EBDESIGN\frontend\src\pages\modules\M296\M296.jsx","GET","/api/v1/backend-modules/M296/","EXACT_METHOD_PATH"
"C:\Users\DIYA GOEL\Downloads\EBDESIGN\frontend\src\services\api.js","GET","/farmer-kyc/applications","NO_STATIC_BACKEND_MATCH"
"C:\Users\DIYA GOEL\Downloads\EBDESIGN\frontend\src\services\api.js","POST","/decision-support/floor-benchmark","NO_STATIC_BACKEND_MATCH"
"C:\Users\DIYA GOEL\Downloads\EBDESIGN\frontend\src\services\api.js","GET","/accountability-resilience-farming","NO_STATIC_BACKEND_MATCH"
"C:\Users\DIYA GOEL\Downloads\EBDESIGN\frontend\src\services\api.js","GET","/bio-pesticide/items","NO_STATIC_BACKEND_MATCH"
"C:\Users\DIYA GOEL\Downloads\EBDESIGN\frontend\src\services\api.js","POST","/economic/analyze","NO_STATIC_BACKEND_MATCH"
"C:\Users\DIYA GOEL\Downloads\EBDESIGN\frontend\src\services\api.js","GET","/ai/coordinator/status","NO_STATIC_BACKEND_MATCH"
"C:\Users\DIYA GOEL\Downloads\EBDESIGN\frontend\src\services\api.js","POST","/thermal/manage","NO_STATIC_BACKEND_MATCH"
"C:\Users\DIYA GOEL\Downloads\EBDESIGN\frontend\src\pages\modules\M98\M98.jsx","GET","/api/v1/backend-modules/M098/","EXACT_METHOD_PATH"
"C:\Users\DIYA GOEL\Downloads\EBDESIGN\frontend\src\services\api.js","GET","/warnings/stats","NO_STATIC_BACKEND_MATCH"
"C:\Users\DIYA GOEL\Downloads\EBDESIGN\frontend\src\services\api.js","POST","/family-warfare/wage","NO_STATIC_BACKEND_MATCH"
"C:\Users\DIYA GOEL\Downloads\EBDESIGN\frontend\src\services\api.js","GET","/attestations","NO_STATIC_BACKEND_MATCH"
"C:\Users\DIYA GOEL\Downloads\EBDESIGN\frontend\src\services\api.js","GET","/ecommerce-integration/health-recommendations","NO_STATIC_BACKEND_MATCH"
"C:\Users\DIYA GOEL\Downloads\EBDESIGN\frontend\src\services\api.js","GET","/library/enterprise-index/activity/ledger/search","NO_STATIC_BACKEND_MATCH"
"C:\Users\DIYA GOEL\Downloads\EBDESIGN\frontend\src\services\api.js","GET","/crop-planning","NO_STATIC_BACKEND_MATCH"
"C:\Users\DIYA GOEL\Downloads\EBDESIGN\frontend\src\services\api.js","GET","/legal","NO_STATIC_BACKEND_MATCH"
"C:\Users\DIYA GOEL\Downloads\EBDESIGN\frontend\src\services\api.js","POST","/ai/recovery/initiate","NO_STATIC_BACKEND_MATCH"
"C:\Users\DIYA GOEL\Downloads\EBDESIGN\frontend\src\pages\modules\M74\M74.jsx","GET","/api/v1/backend-modules/M074/","EXACT_METHOD_PATH"
"C:\Users\DIYA GOEL\Downloads\EBDESIGN\frontend\src\pages\modules\M71\M71.jsx","GET","/api/v1/backend-modules/M071/","EXACT_METHOD_PATH"
"C:\Users\DIYA GOEL\Downloads\EBDESIGN\frontend\src\services\api.js","POST","/quality/manage","NO_STATIC_BACKEND_MATCH"
"C:\Users\DIYA GOEL\Downloads\EBDESIGN\frontend\src\services\api.js","GET","/prescriptive-analytics-farming","NO_STATIC_BACKEND_MATCH"
"C:\Users\DIYA GOEL\Downloads\EBDESIGN\frontend\src\services\api.js","GET","/food-processing","NO_STATIC_BACKEND_MATCH"
"C:\Users\DIYA GOEL\Downloads\EBDESIGN\frontend\src\pages\modules\M40\M40.jsx","GET","/api/v1/backend-modules/M040/","EXACT_METHOD_PATH"
"C:\Users\DIYA GOEL\Downloads\EBDESIGN\frontend\src\services\api.js","POST","/district","NO_STATIC_BACKEND_MATCH"
"C:\Users\DIYA GOEL\Downloads\EBDESIGN\frontend\src\services\api.js","GET","/family-warfare","NO_STATIC_BACKEND_MATCH"
"C:\Users\DIYA GOEL\Downloads\EBDESIGN\frontend\src\services\coreApi.js","GET","/users/profile","NO_STATIC_BACKEND_MATCH"
"C:\Users\DIYA GOEL\Downloads\EBDESIGN\frontend\src\services\api.js","POST","/insect-management/manage","NO_STATIC_BACKEND_MATCH"
"C:\Users\DIYA GOEL\Downloads\EBDESIGN\frontend\src\services\api.js","GET","/poultry/flock-performance","NO_STATIC_BACKEND_MATCH"
"C:\Users\DIYA GOEL\Downloads\EBDESIGN\frontend\src\services\api.js","GET","/sheep/breeding-records","NO_STATIC_BACKEND_MATCH"
"C:\Users\DIYA GOEL\Downloads\EBDESIGN\frontend\src\services\api.js","GET","/sso/providers","NO_STATIC_BACKEND_MATCH"
"C:\Users\DIYA GOEL\Downloads\EBDESIGN\frontend\src\services\api.js","POST","/systems-resilience-farming/build","NO_STATIC_BACKEND_MATCH"
"C:\Users\DIYA GOEL\Downloads\EBDESIGN\frontend\src\services\api.js","GET","/workflow-manager","NO_STATIC_BACKEND_MATCH"
"C:\Users\DIYA GOEL\Downloads\EBDESIGN\frontend\src\services\api.js","POST","/yards/manage","NO_STATIC_BACKEND_MATCH"
"C:\Users\DIYA GOEL\Downloads\EBDESIGN\frontend\src\services\api.js","POST","/documentation-resilience-farming/build","NO_STATIC_BACKEND_MATCH"
"C:\Users\DIYA GOEL\Downloads\EBDESIGN\frontend\src\services\api.js","POST","/preservation/manage","NO_STATIC_BACKEND_MATCH"
"C:\Users\DIYA GOEL\Downloads\EBDESIGN\frontend\src\services\api.js","GET","/variety-directory/categories","NO_STATIC_BACKEND_MATCH"
"C:\Users\DIYA GOEL\Downloads\EBDESIGN\frontend\src\services\api.js","POST","/maintenance/schedules","NO_STATIC_BACKEND_MATCH"
"C:\Users\DIYA GOEL\Downloads\EBDESIGN\frontend\src\services\api.js","GET","/shipments","NO_STATIC_BACKEND_MATCH"
"C:\Users\DIYA GOEL\Downloads\EBDESIGN\frontend\src\services\api.js","GET","/escrow","NO_STATIC_BACKEND_MATCH"
"C:\Users\DIYA GOEL\Downloads\EBDESIGN\frontend\src\services\api.js","POST","/loans/apply","NO_STATIC_BACKEND_MATCH"
"C:\Users\DIYA GOEL\Downloads\EBDESIGN\frontend\src\services\api.js","GET","/diet-therapy","NO_STATIC_BACKEND_MATCH"
"C:\Users\DIYA GOEL\Downloads\EBDESIGN\frontend\src\services\api.js","GET","/poultry/flocks","NO_STATIC_BACKEND_MATCH"
"C:\Users\DIYA GOEL\Downloads\EBDESIGN\frontend\src\services\api.js","GET","/energy/rates","NO_STATIC_BACKEND_MATCH"
"C:\Users\DIYA GOEL\Downloads\EBDESIGN\frontend\src\services\api.js","GET","/compliance-audits","NO_STATIC_BACKEND_MATCH"
"C:\Users\DIYA GOEL\Downloads\EBDESIGN\frontend\src\pages\modules\M180\M180.jsx","GET","/api/v1/backend-modules/M180/","EXACT_METHOD_PATH"
"C:\Users\DIYA GOEL\Downloads\EBDESIGN\frontend\src\services\api.js","GET","/fruit-crops","NO_STATIC_BACKEND_MATCH"
"C:\Users\DIYA GOEL\Downloads\EBDESIGN\frontend\src\services\api.js","GET","/backups","NO_STATIC_BACKEND_MATCH"
"C:\Users\DIYA GOEL\Downloads\EBDESIGN\frontend\src\services\api.js","GET","/sheep-ai/monitor-sheep-health","NO_STATIC_BACKEND_MATCH"
"C:\Users\DIYA GOEL\Downloads\EBDESIGN\frontend\src\services\api.js","POST","/fish-feed/manage","NO_STATIC_BACKEND_MATCH"
"C:\Users\DIYA GOEL\Downloads\EBDESIGN\frontend\src\services\api.js","GET","/policy-resilience-farming","NO_STATIC_BACKEND_MATCH"
"C:\Users\DIYA GOEL\Downloads\EBDESIGN\frontend\src\services\api.js","GET","/voice-ai/preferences","NO_STATIC_BACKEND_MATCH"
"C:\Users\DIYA GOEL\Downloads\EBDESIGN\frontend\src\services\api.js","GET","/multilingual/languages","NO_STATIC_BACKEND_MATCH"
"C:\Users\DIYA GOEL\Downloads\EBDESIGN\frontend\src\services\api.js","POST","/quality-assurance/check","NO_STATIC_BACKEND_MATCH"
"C:\Users\DIYA GOEL\Downloads\EBDESIGN\frontend\src\services\api.js","POST","/milking/manage","NO_STATIC_BACKEND_MATCH"
"C:\Users\DIYA GOEL\Downloads\EBDESIGN\frontend\src\services\api.js","POST","/sugar/manage","NO_STATIC_BACKEND_MATCH"
"C:\Users\DIYA GOEL\Downloads\EBDESIGN\frontend\src\services\api.js","POST","/dairy/animal","NO_STATIC_BACKEND_MATCH"
"C:\Users\DIYA GOEL\Downloads\EBDESIGN\frontend\src\services\api.js","GET","/consents","NO_STATIC_BACKEND_MATCH"
"C:\Users\DIYA GOEL\Downloads\EBDESIGN\frontend\src\services\api.js","GET","/climate-monitoring/flood","NO_STATIC_BACKEND_MATCH"
"C:\Users\DIYA GOEL\Downloads\EBDESIGN\frontend\src\pages\modules\M162\M162.jsx","GET","/api/v1/backend-modules/M162/","EXACT_METHOD_PATH"
"C:\Users\DIYA GOEL\Downloads\EBDESIGN\frontend\src\services\api.js","POST","/support-tickets","NO_STATIC_BACKEND_MATCH"
"C:\Users\DIYA GOEL\Downloads\EBDESIGN\frontend\src\services\api.js","GET","/government/compliance-status","NO_STATIC_BACKEND_MATCH"
"C:\Users\DIYA GOEL\Downloads\EBDESIGN\frontend\src\services\api.js","POST","/computer-vision-farming/implement","NO_STATIC_BACKEND_MATCH"
"C:\Users\DIYA GOEL\Downloads\EBDESIGN\frontend\src\services\api.js","GET","/vegetable-production/records","NO_STATIC_BACKEND_MATCH"
"C:\Users\DIYA GOEL\Downloads\EBDESIGN\frontend\src\services\api.js","GET","/telecommunication","NO_STATIC_BACKEND_MATCH"
"C:\Users\DIYA GOEL\Downloads\EBDESIGN\frontend\src\services\api.js","GET","/farmer-welfare","NO_STATIC_BACKEND_MATCH"
"C:\Users\DIYA GOEL\Downloads\EBDESIGN\frontend\src\services\api.js","GET","/replications","NO_STATIC_BACKEND_MATCH"
"C:\Users\DIYA GOEL\Downloads\EBDESIGN\frontend\src\services\api.js","POST","/pesticides/manage","NO_STATIC_BACKEND_MATCH"
"C:\Users\DIYA GOEL\Downloads\EBDESIGN\frontend\src\services\api.js","GET","/nervous-system/route-request","NO_STATIC_BACKEND_MATCH"
"C:\Users\DIYA GOEL\Downloads\EBDESIGN\frontend\src\services\api.js","GET","/seller-ranking","NO_STATIC_BACKEND_MATCH"
"C:\Users\DIYA GOEL\Downloads\EBDESIGN\frontend\src\services\api.js","GET","/templates","NO_STATIC_BACKEND_MATCH"
"C:\Users\DIYA GOEL\Downloads\EBDESIGN\frontend\src\pages\modules\M150\M150.jsx","GET","/api/v1/backend-modules/M150/","EXACT_METHOD_PATH"
"C:\Users\DIYA GOEL\Downloads\EBDESIGN\frontend\src\services\api.js","GET","/indigenous-engagements","NO_STATIC_BACKEND_MATCH"
"C:\Users\DIYA GOEL\Downloads\EBDESIGN\frontend\src\services\api.js","GET","/psychological-warfare","NO_STATIC_BACKEND_MATCH"
"C:\Users\DIYA GOEL\Downloads\EBDESIGN\frontend\src\services\api.js","GET","/organic","NO_STATIC_BACKEND_MATCH"
"C:\Users\DIYA GOEL\Downloads\EBDESIGN\frontend\src\services\api.js","POST","/research-and-development","NO_STATIC_BACKEND_MATCH"
"C:\Users\DIYA GOEL\Downloads\EBDESIGN\frontend\src\services\api.js","GET","/speech-recognition-farming","NO_STATIC_BACKEND_MATCH"
"C:\Users\DIYA GOEL\Downloads\EBDESIGN\frontend\src\services\api.js","GET","/certification-resilience-farming","NO_STATIC_BACKEND_MATCH"
"C:\Users\DIYA GOEL\Downloads\EBDESIGN\frontend\src\services\api.js","GET","/enterprise-control/crm/pipeline","NO_STATIC_BACKEND_MATCH"
"C:\Users\DIYA GOEL\Downloads\EBDESIGN\frontend\src\services\api.js","GET","/open-field-farming","NO_STATIC_BACKEND_MATCH"
"C:\Users\DIYA GOEL\Downloads\EBDESIGN\frontend\src\services\api.js","GET","/role-permission/permission-matrix","NO_STATIC_BACKEND_MATCH"
"C:\Users\DIYA GOEL\Downloads\EBDESIGN\frontend\src\services\api.js","GET","/farmers/market/prices","NO_STATIC_BACKEND_MATCH"
"C:\Users\DIYA GOEL\Downloads\EBDESIGN\frontend\src\services\api.js","GET","/personal-warfare","NO_STATIC_BACKEND_MATCH"
"C:\Users\DIYA GOEL\Downloads\EBDESIGN\frontend\src\services\api.js","POST","/ai/copilot/actions","NO_STATIC_BACKEND_MATCH"
"C:\Users\DIYA GOEL\Downloads\EBDESIGN\frontend\src\services\api.js","GET","/soil-mapping/zones","NO_STATIC_BACKEND_MATCH"
"C:\Users\DIYA GOEL\Downloads\EBDESIGN\frontend\src\services\api.js","GET","/incidents","NO_STATIC_BACKEND_MATCH"
"C:\Users\DIYA GOEL\Downloads\EBDESIGN\frontend\src\services\api.js","POST","/comprehensive-erp/process-payroll","NO_STATIC_BACKEND_MATCH"
"C:\Users\DIYA GOEL\Downloads\EBDESIGN\frontend\src\services\api.js","GET","/engineering-project","NO_STATIC_BACKEND_MATCH"
"C:\Users\DIYA GOEL\Downloads\EBDESIGN\frontend\src\services\api.js","POST","/crop-selection/select","NO_STATIC_BACKEND_MATCH"
"C:\Users\DIYA GOEL\Downloads\EBDESIGN\frontend\src\services\api.js","GET","/media-engagement","NO_STATIC_BACKEND_MATCH"
"C:\Users\DIYA GOEL\Downloads\EBDESIGN\frontend\src\services\api.js","GET","/farmers/pricing/timing-recommendations","NO_STATIC_BACKEND_MATCH"
"C:\Users\DIYA GOEL\Downloads\EBDESIGN\frontend\src\services\api.js","GET","/resilience/metrics","NO_STATIC_BACKEND_MATCH"
"C:\Users\DIYA GOEL\Downloads\EBDESIGN\frontend\src\services\api.js","GET","/nutrition-intelligence/wellness-practices","NO_STATIC_BACKEND_MATCH"
"C:\Users\DIYA GOEL\Downloads\EBDESIGN\frontend\src\services\api.js","POST","/institutional-resilience-farming/build","NO_STATIC_BACKEND_MATCH"
"C:\Users\DIYA GOEL\Downloads\EBDESIGN\frontend\src\pages\modules\M47\M47.jsx","GET","/api/v1/backend-modules/M047/","EXACT_METHOD_PATH"
"C:\Users\DIYA GOEL\Downloads\EBDESIGN\frontend\src\services\api.js","POST","/workflows-resilience-farming/build","NO_STATIC_BACKEND_MATCH"
"C:\Users\DIYA GOEL\Downloads\EBDESIGN\frontend\src\services\api.js","POST","/solar/manage","NO_STATIC_BACKEND_MATCH"
"C:\Users\DIYA GOEL\Downloads\EBDESIGN\frontend\src\services\waterIrrigationService.js","POST","/water-irrigation/irrigation-logs","NO_STATIC_BACKEND_MATCH"
"C:\Users\DIYA GOEL\Downloads\EBDESIGN\frontend\src\services\api.js","GET","/subsidy-ops/check-logistics-subsidy","NO_STATIC_BACKEND_MATCH"
"C:\Users\DIYA GOEL\Downloads\EBDESIGN\frontend\src\services\api.js","GET","/rabbits","NO_STATIC_BACKEND_MATCH"
"C:\Users\DIYA GOEL\Downloads\EBDESIGN\frontend\src\services\api.js","GET","/decision-engine/status","NO_STATIC_BACKEND_MATCH"
"C:\Users\DIYA GOEL\Downloads\EBDESIGN\frontend\src\services\api.js","GET","/blockchain-verification","NO_STATIC_BACKEND_MATCH"
"C:\Users\DIYA GOEL\Downloads\EBDESIGN\frontend\src\services\api.js","POST","/feed-management/record","NO_STATIC_BACKEND_MATCH"
"C:\Users\DIYA GOEL\Downloads\EBDESIGN\frontend\src\services\api.js","GET","/package","NO_STATIC_BACKEND_MATCH"
"C:\Users\DIYA GOEL\Downloads\EBDESIGN\frontend\src\services\api.js","POST","/defense-fitness-prep/attempt","NO_STATIC_BACKEND_MATCH"
"C:\Users\DIYA GOEL\Downloads\EBDESIGN\frontend\src\services\api.js","POST","/referrals/refer","NO_STATIC_BACKEND_MATCH"
"C:\Users\DIYA GOEL\Downloads\EBDESIGN\frontend\src\services\api.js","GET","/refugee-engagements","NO_STATIC_BACKEND_MATCH"
"C:\Users\DIYA GOEL\Downloads\EBDESIGN\frontend\src\services\api.js","GET","/crop-varieties","NO_STATIC_BACKEND_MATCH"
"C:\Users\DIYA GOEL\Downloads\EBDESIGN\frontend\src\services\api.js","POST","/multilingual/detect","NO_STATIC_BACKEND_MATCH"
"C:\Users\DIYA GOEL\Downloads\EBDESIGN\frontend\src\services\api.js","GET","/resources","NO_STATIC_BACKEND_MATCH"
"C:\Users\DIYA GOEL\Downloads\EBDESIGN\frontend\src\services\api.js","GET","/mass-warfare","NO_STATIC_BACKEND_MATCH"
"C:\Users\DIYA GOEL\Downloads\EBDESIGN\frontend\src\services\api.js","GET","/youth-engagements","NO_STATIC_BACKEND_MATCH"
"C:\Users\DIYA GOEL\Downloads\EBDESIGN\frontend\src\services\api.js","GET","/machinery-optimization","NO_STATIC_BACKEND_MATCH"
"C:\Users\DIYA GOEL\Downloads\EBDESIGN\frontend\src\services\api.js","GET","/fisheries-water-quality","NO_STATIC_BACKEND_MATCH"
"C:\Users\DIYA GOEL\Downloads\EBDESIGN\frontend\src\services\api.js","GET","/library/statistics","NO_STATIC_BACKEND_MATCH"
"C:\Users\DIYA GOEL\Downloads\EBDESIGN\frontend\src\services\coreApi.js","POST","/mfa/setup","NO_STATIC_BACKEND_MATCH"
"C:\Users\DIYA GOEL\Downloads\EBDESIGN\frontend\src\pages\modules\M186\M186.jsx","GET","/api/v1/backend-modules/M186/","EXACT_METHOD_PATH"
"C:\Users\DIYA GOEL\Downloads\EBDESIGN\frontend\src\services\api.js","GET","/farmers/products/compare","NO_STATIC_BACKEND_MATCH"
"C:\Users\DIYA GOEL\Downloads\EBDESIGN\frontend\src\services\api.js","POST","/rabbits/manage","NO_STATIC_BACKEND_MATCH"
"C:\Users\DIYA GOEL\Downloads\EBDESIGN\frontend\src\services\api.js","POST","/input-traceability/record","NO_STATIC_BACKEND_MATCH"
"C:\Users\DIYA GOEL\Downloads\EBDESIGN\frontend\src\services\api.js","POST","/market-price-forecast/forecast","NO_STATIC_BACKEND_MATCH"
"C:\Users\DIYA GOEL\Downloads\EBDESIGN\frontend\src\services\api.js","POST","/ai-agent/agent","NO_STATIC_BACKEND_MATCH"
"C:\Users\DIYA GOEL\Downloads\EBDESIGN\frontend\src\services\api.js","POST","/community-assets/manage","NO_STATIC_BACKEND_MATCH"
"C:\Users\DIYA GOEL\Downloads\EBDESIGN\frontend\src\services\api.js","POST","/shared-infra/second-life","NO_STATIC_BACKEND_MATCH"
"C:\Users\DIYA GOEL\Downloads\EBDESIGN\frontend\src\services\api.js","GET","/products/product","NO_STATIC_BACKEND_MATCH"
"C:\Users\DIYA GOEL\Downloads\EBDESIGN\frontend\src\pages\modules\M237\M237.jsx","GET","/api/v1/backend-modules/M237/","EXACT_METHOD_PATH"
"C:\Users\DIYA GOEL\Downloads\EBDESIGN\frontend\src\services\api.js","PUT","/crop-calendar","NO_STATIC_BACKEND_MATCH"
"C:\Users\DIYA GOEL\Downloads\EBDESIGN\frontend\src\services\api.js","GET","/wine","NO_STATIC_BACKEND_MATCH"
"C:\Users\DIYA GOEL\Downloads\EBDESIGN\frontend\src\services\api.js","POST","/currencies","NO_STATIC_BACKEND_MATCH"
"C:\Users\DIYA GOEL\Downloads\EBDESIGN\frontend\src\services\api.js","POST","/activities","NO_STATIC_BACKEND_MATCH"
"C:\Users\DIYA GOEL\Downloads\EBDESIGN\frontend\src\services\api.js","GET","/issues","NO_STATIC_BACKEND_MATCH"
"C:\Users\DIYA GOEL\Downloads\EBDESIGN\frontend\src\services\api.js","GET","/library/enterprise-index/activity/summary","NO_STATIC_BACKEND_MATCH"
"C:\Users\DIYA GOEL\Downloads\EBDESIGN\frontend\src\services\componentApi.js","GET","/farmer-portal/land-records","NO_STATIC_BACKEND_MATCH"
"C:\Users\DIYA GOEL\Downloads\EBDESIGN\frontend\src\services\api.js","GET","/stakeholder-engagements","NO_STATIC_BACKEND_MATCH"
"C:\Users\DIYA GOEL\Downloads\EBDESIGN\frontend\src\services\api.js","POST","/farmer-health/record","NO_STATIC_BACKEND_MATCH"
"C:\Users\DIYA GOEL\Downloads\EBDESIGN\frontend\src\services\api.js","GET","/ai/optimizations","NO_STATIC_BACKEND_MATCH"
"C:\Users\DIYA GOEL\Downloads\EBDESIGN\frontend\src\services\api.js","GET","/geo-boundary/boundaries","NO_STATIC_BACKEND_MATCH"
"C:\Users\DIYA GOEL\Downloads\EBDESIGN\frontend\src\services\api.js","GET","/admin/recent-audit","NO_STATIC_BACKEND_MATCH"
"C:\Users\DIYA GOEL\Downloads\EBDESIGN\frontend\src\services\api.js","GET","/exports","NO_STATIC_BACKEND_MATCH"
"C:\Users\DIYA GOEL\Downloads\EBDESIGN\frontend\src\services\api.js","GET","/provenance-farming","NO_STATIC_BACKEND_MATCH"
"C:\Users\DIYA GOEL\Downloads\EBDESIGN\frontend\src\services\api.js","GET","/syndicates","NO_STATIC_BACKEND_MATCH"
"C:\Users\DIYA GOEL\Downloads\EBDESIGN\frontend\src\pages\modules\M88\M88.jsx","GET","/api/v1/backend-modules/M088/","EXACT_METHOD_PATH"
"C:\Users\DIYA GOEL\Downloads\EBDESIGN\frontend\src\services\api.js","POST","/fertility-management/record","NO_STATIC_BACKEND_MATCH"
"C:\Users\DIYA GOEL\Downloads\EBDESIGN\frontend\src\services\coreApi.js","POST","/auth/refresh","NO_STATIC_BACKEND_MATCH"
"C:\Users\DIYA GOEL\Downloads\EBDESIGN\frontend\src\services\api.js","GET","/biodiversity-farming","NO_STATIC_BACKEND_MATCH"
"C:\Users\DIYA GOEL\Downloads\EBDESIGN\frontend\src\services\api.js","GET","/labour/record-attendance","NO_STATIC_BACKEND_MATCH"
"C:\Users\DIYA GOEL\Downloads\EBDESIGN\frontend\src\services\api.js","GET","/preferences","NO_STATIC_BACKEND_MATCH"
"C:\Users\DIYA GOEL\Downloads\EBDESIGN\frontend\src\services\api.js","GET","/dynamodb-data","NO_STATIC_BACKEND_MATCH"
"C:\Users\DIYA GOEL\Downloads\EBDESIGN\frontend\src\services\api.js","POST","/aquaculture-analytics/metric","NO_STATIC_BACKEND_MATCH"
"C:\Users\DIYA GOEL\Downloads\EBDESIGN\frontend\src\services\api.js","GET","/sheep/wool-production","NO_STATIC_BACKEND_MATCH"
"C:\Users\DIYA GOEL\Downloads\EBDESIGN\frontend\src\services\api.js","GET","/learning-models","NO_STATIC_BACKEND_MATCH"
"C:\Users\DIYA GOEL\Downloads\EBDESIGN\frontend\src\services\api.js","POST","/biological-control/apply","NO_STATIC_BACKEND_MATCH"
"C:\Users\DIYA GOEL\Downloads\EBDESIGN\frontend\src\services\api.js","GET","/logistics-enhancement/shipment-trail","NO_STATIC_BACKEND_MATCH"
"C:\Users\DIYA GOEL\Downloads\EBDESIGN\frontend\src\pages\modules\M311\M311.jsx","GET","/api/v1/backend-modules/M311/","EXACT_METHOD_PATH"
"C:\Users\DIYA GOEL\Downloads\EBDESIGN\frontend\src\services\api.js","GET","/tester","NO_STATIC_BACKEND_MATCH"
"C:\Users\DIYA GOEL\Downloads\EBDESIGN\frontend\src\services\api.js","GET","/blockchain-verification/stats","NO_STATIC_BACKEND_MATCH"
"C:\Users\DIYA GOEL\Downloads\EBDESIGN\frontend\src\services\api.js","GET","/freight-pooling/join-pool-window","NO_STATIC_BACKEND_MATCH"
"C:\Users\DIYA GOEL\Downloads\EBDESIGN\frontend\src\services\api.js","POST","/ai-self-healing/recovery-strategy","NO_STATIC_BACKEND_MATCH"
"C:\Users\DIYA GOEL\Downloads\EBDESIGN\frontend\src\services\api.js","GET","/import-export","NO_STATIC_BACKEND_MATCH"
"C:\Users\DIYA GOEL\Downloads\EBDESIGN\frontend\src\pages\modules\M312\M312.jsx","GET","/api/v1/backend-modules/M312/","EXACT_METHOD_PATH"
"C:\Users\DIYA GOEL\Downloads\EBDESIGN\frontend\src\services\api.js","POST","/skill-development/develop","NO_STATIC_BACKEND_MATCH"
"C:\Users\DIYA GOEL\Downloads\EBDESIGN\frontend\src\services\api.js","GET","/cold-storage/utilization","NO_STATIC_BACKEND_MATCH"
"C:\Users\DIYA GOEL\Downloads\EBDESIGN\frontend\src\services\api.js","POST","/pond/pond","NO_STATIC_BACKEND_MATCH"
"C:\Users\DIYA GOEL\Downloads\EBDESIGN\frontend\src\services\api.js","POST","/decision-engine/evaluate","NO_STATIC_BACKEND_MATCH"
"C:\Users\DIYA GOEL\Downloads\EBDESIGN\frontend\src\services\api.js","POST","/data-import/import","NO_STATIC_BACKEND_MATCH"
"C:\Users\DIYA GOEL\Downloads\EBDESIGN\frontend\src\services\api.js","POST","/implement-management/implement","NO_STATIC_BACKEND_MATCH"
"C:\Users\DIYA GOEL\Downloads\EBDESIGN\frontend\src\services\api.js","POST","/social-resilience-farming/build","NO_STATIC_BACKEND_MATCH"
"C:\Users\DIYA GOEL\Downloads\EBDESIGN\frontend\src\services\api.js","GET","/pig-farming/animals","NO_STATIC_BACKEND_MATCH"
"C:\Users\DIYA GOEL\Downloads\EBDESIGN\frontend\src\services\api.js","GET","/farmer-value","NO_STATIC_BACKEND_MATCH"
"C:\Users\DIYA GOEL\Downloads\EBDESIGN\frontend\src\services\api.js","POST","/growing/manage","NO_STATIC_BACKEND_MATCH"
"C:\Users\DIYA GOEL\Downloads\EBDESIGN\frontend\src\pages\modules\M220\M220.jsx","GET","/api/v1/backend-modules/M220/","EXACT_METHOD_PATH"
"C:\Users\DIYA GOEL\Downloads\EBDESIGN\frontend\src\services\api.js","GET","/number-formats","NO_STATIC_BACKEND_MATCH"
"C:\Users\DIYA GOEL\Downloads\EBDESIGN\frontend\src\services\api.js","GET","/climate-smart-agriculture","NO_STATIC_BACKEND_MATCH"
"C:\Users\DIYA GOEL\Downloads\EBDESIGN\frontend\src\pages\modules\M282\M282.jsx","GET","/api/v1/backend-modules/M282/","EXACT_METHOD_PATH"
"C:\Users\DIYA GOEL\Downloads\EBDESIGN\frontend\src\services\api.js","GET","/greenhouses","NO_STATIC_BACKEND_MATCH"
"C:\Users\DIYA GOEL\Downloads\EBDESIGN\frontend\src\services\api.js","POST","/livestock/manage","NO_STATIC_BACKEND_MATCH"
"C:\Users\DIYA GOEL\Downloads\EBDESIGN\frontend\src\services\api.js","GET","/quality/checks","NO_STATIC_BACKEND_MATCH"
"C:\Users\DIYA GOEL\Downloads\EBDESIGN\frontend\src\services\api.js","GET","/yield/open-next-bucket","NO_STATIC_BACKEND_MATCH"
"C:\Users\DIYA GOEL\Downloads\EBDESIGN\frontend\src\services\api.js","GET","/oil-seeds","NO_STATIC_BACKEND_MATCH"
"C:\Users\DIYA GOEL\Downloads\EBDESIGN\frontend\src\pages\modules\M120\M120.jsx","GET","/api/v1/backend-modules/M120/","EXACT_METHOD_PATH"
"C:\Users\DIYA GOEL\Downloads\EBDESIGN\frontend\src\services\api.js","GET","/confederations","NO_STATIC_BACKEND_MATCH"
"C:\Users\DIYA GOEL\Downloads\EBDESIGN\frontend\src\services\api.js","POST","/rivers/manage","NO_STATIC_BACKEND_MATCH"
"C:\Users\DIYA GOEL\Downloads\EBDESIGN\frontend\src\pages\modules\M149\M149.jsx","GET","/api/v1/backend-modules/M149/","EXACT_METHOD_PATH"
"C:\Users\DIYA GOEL\Downloads\EBDESIGN\frontend\src\services\api.js","GET","/goat/record-milk-production","NO_STATIC_BACKEND_MATCH"
"C:\Users\DIYA GOEL\Downloads\EBDESIGN\frontend\src\services\api.js","GET","/hygiene","NO_STATIC_BACKEND_MATCH"
"C:\Users\DIYA GOEL\Downloads\EBDESIGN\frontend\src\services\api.js","GET","/role-permission/recommend-role-for-user","NO_STATIC_BACKEND_MATCH"
"C:\Users\DIYA GOEL\Downloads\EBDESIGN\frontend\src\services\api.js","POST","/swine/manage","NO_STATIC_BACKEND_MATCH"
"C:\Users\DIYA GOEL\Downloads\EBDESIGN\frontend\src\pages\modules\M112\M112.jsx","GET","/api/v1/backend-modules/M112/","EXACT_METHOD_PATH"
"C:\Users\DIYA GOEL\Downloads\EBDESIGN\frontend\src\services\api.js","GET","/watershed","NO_STATIC_BACKEND_MATCH"
"C:\Users\DIYA GOEL\Downloads\EBDESIGN\frontend\src\services\api.js","POST","/stakeholder-engagements/engage","NO_STATIC_BACKEND_MATCH"
"C:\Users\DIYA GOEL\Downloads\EBDESIGN\frontend\src\services\api.js","GET","/subscription-boxes","NO_STATIC_BACKEND_MATCH"
"C:\Users\DIYA GOEL\Downloads\EBDESIGN\frontend\src\pages\modules\M159\M159.jsx","GET","/api/v1/backend-modules/M159/","EXACT_METHOD_PATH"
"C:\Users\DIYA GOEL\Downloads\EBDESIGN\frontend\src\services\api.js","POST","/predictive-analytics-farming/implement","NO_STATIC_BACKEND_MATCH"
"C:\Users\DIYA GOEL\Downloads\EBDESIGN\frontend\src\services\api.js","GET","/kyc","NO_STATIC_BACKEND_MATCH"
"C:\Users\DIYA GOEL\Downloads\EBDESIGN\frontend\src\services\api.js","GET","/library/enterprise-index/files/search","NO_STATIC_BACKEND_MATCH"
"C:\Users\DIYA GOEL\Downloads\EBDESIGN\frontend\src\services\api.js","POST","/enterprise-ai/run","NO_STATIC_BACKEND_MATCH"
"C:\Users\DIYA GOEL\Downloads\EBDESIGN\frontend\src\services\api.js","GET","/library/enterprise-index/workflow","NO_STATIC_BACKEND_MATCH"
"C:\Users\DIYA GOEL\Downloads\EBDESIGN\frontend\src\services\api.js","GET","/project-systems/project-wbs","NO_STATIC_BACKEND_MATCH"
"C:\Users\DIYA GOEL\Downloads\EBDESIGN\frontend\src\services\api.js","POST","/procurements","NO_STATIC_BACKEND_MATCH"
"C:\Users\DIYA GOEL\Downloads\EBDESIGN\frontend\src\pages\modules\M43\M43.jsx","GET","/api/v1/backend-modules/M043/","EXACT_METHOD_PATH"
"C:\Users\DIYA GOEL\Downloads\EBDESIGN\frontend\src\services\commerceApi.js","POST","/orders/cart","NO_STATIC_BACKEND_MATCH"
"C:\Users\DIYA GOEL\Downloads\EBDESIGN\frontend\src\pages\HouseholdProcurementPage.jsx","POST","/strategic/household/procurement-plans","NO_STATIC_BACKEND_MATCH"
"C:\Users\DIYA GOEL\Downloads\EBDESIGN\frontend\src\services\api.js","GET","/cooperative-share","NO_STATIC_BACKEND_MATCH"
"C:\Users\DIYA GOEL\Downloads\EBDESIGN\frontend\src\services\soilNutrientLandService.js","POST","/soil-nutrient-land/nutrient-recommendations","NO_STATIC_BACKEND_MATCH"
"C:\Users\DIYA GOEL\Downloads\EBDESIGN\frontend\src\services\api.js","GET","/workflows-resilience-farming","NO_STATIC_BACKEND_MATCH"
"C:\Users\DIYA GOEL\Downloads\EBDESIGN\frontend\src\services\api.js","POST","/descriptive-analytics-farming/implement","NO_STATIC_BACKEND_MATCH"
"C:\Users\DIYA GOEL\Downloads\EBDESIGN\frontend\src\services\api.js","GET","/risk","NO_STATIC_BACKEND_MATCH"
"C:\Users\DIYA GOEL\Downloads\EBDESIGN\frontend\src\services\api.js","POST","/tax/calculate","NO_STATIC_BACKEND_MATCH"
"C:\Users\DIYA GOEL\Downloads\EBDESIGN\frontend\src\services\api.js","GET","/autonomous-farming","NO_STATIC_BACKEND_MATCH"
"C:\Users\DIYA GOEL\Downloads\EBDESIGN\frontend\src\services\api.js","POST","/collective-warfare/wage","NO_STATIC_BACKEND_MATCH"
"C:\Users\DIYA GOEL\Downloads\EBDESIGN\frontend\src\services\api.js","GET","/poultry-ai/optimize-poultry-feed","NO_STATIC_BACKEND_MATCH"
"C:\Users\DIYA GOEL\Downloads\EBDESIGN\frontend\src\services\api.js","POST","/payments/process","NO_STATIC_BACKEND_MATCH"
"C:\Users\DIYA GOEL\Downloads\EBDESIGN\frontend\src\services\api.js","GET","/indigenous","NO_STATIC_BACKEND_MATCH"
"C:\Users\DIYA GOEL\Downloads\EBDESIGN\frontend\src\services\api.js","POST","/mfa/verify","NO_STATIC_BACKEND_MATCH"
"C:\Users\DIYA GOEL\Downloads\EBDESIGN\frontend\src\services\api.js","GET","/user-management/system-analytics","NO_STATIC_BACKEND_MATCH"
"C:\Users\DIYA GOEL\Downloads\EBDESIGN\frontend\src\services\api.js","GET","/pig-ai/monitor-pig-health","NO_STATIC_BACKEND_MATCH"
"C:\Users\DIYA GOEL\Downloads\EBDESIGN\frontend\src\services\api.js","POST","/success-stories","NO_STATIC_BACKEND_MATCH"
"C:\Users\DIYA GOEL\Downloads\EBDESIGN\frontend\src\services\api.js","GET","/incident-response","NO_STATIC_BACKEND_MATCH"
"C:\Users\DIYA GOEL\Downloads\EBDESIGN\frontend\src\services\api.js","POST","/streams/manage","NO_STATIC_BACKEND_MATCH"
"C:\Users\DIYA GOEL\Downloads\EBDESIGN\frontend\src\services\api.js","GET","/timeouts","NO_STATIC_BACKEND_MATCH"
"C:\Users\DIYA GOEL\Downloads\EBDESIGN\frontend\src\services\api.js","POST","/prescriptive-analytics-farming/implement","NO_STATIC_BACKEND_MATCH"
"C:\Users\DIYA GOEL\Downloads\EBDESIGN\frontend\src\services\api.js","GET","/livestock-analytics/records","NO_STATIC_BACKEND_MATCH"
"C:\Users\DIYA GOEL\Downloads\EBDESIGN\frontend\src\services\api.js","POST","/comprehensive-erp/create-bank-account","NO_STATIC_BACKEND_MATCH"
"C:\Users\DIYA GOEL\Downloads\EBDESIGN\frontend\src\services\api.js","GET","/redis-data","NO_STATIC_BACKEND_MATCH"
"C:\Users\DIYA GOEL\Downloads\EBDESIGN\frontend\src\services\api.js","POST","/hygiene/manage","NO_STATIC_BACKEND_MATCH"
"C:\Users\DIYA GOEL\Downloads\EBDESIGN\frontend\src\services\operationsApi.js","GET","/financial/loans","NO_STATIC_BACKEND_MATCH"
"C:\Users\DIYA GOEL\Downloads\EBDESIGN\frontend\src\services\api.js","GET","/total-warfare","NO_STATIC_BACKEND_MATCH"
"C:\Users\DIYA GOEL\Downloads\EBDESIGN\frontend\src\services\api.js","POST","/lobbying-building/build","NO_STATIC_BACKEND_MATCH"
"C:\Users\DIYA GOEL\Downloads\EBDESIGN\frontend\src\services\api.js","GET","/market-price-forecast","NO_STATIC_BACKEND_MATCH"
"C:\Users\DIYA GOEL\Downloads\EBDESIGN\frontend\src\services\api.js","POST","/nutrient-value-sales/submit-nutrient-content","NO_STATIC_BACKEND_MATCH"
"C:\Users\DIYA GOEL\Downloads\EBDESIGN\frontend\src\services\api.js","GET","/product-reviews","NO_STATIC_BACKEND_MATCH"
"C:\Users\DIYA GOEL\Downloads\EBDESIGN\frontend\src\services\api.js","PUT","/memcached-data","NO_STATIC_BACKEND_MATCH"
"C:\Users\DIYA GOEL\Downloads\EBDESIGN\frontend\src\services\api.js","POST","/component-manager/register","NO_STATIC_BACKEND_MATCH"
"C:\Users\DIYA GOEL\Downloads\EBDESIGN\frontend\src\services\api.js","GET","/soil","NO_STATIC_BACKEND_MATCH"
"C:\Users\DIYA GOEL\Downloads\EBDESIGN\frontend\src\services\api.js","POST","/users/manage","NO_STATIC_BACKEND_MATCH"
"C:\Users\DIYA GOEL\Downloads\EBDESIGN\frontend\src\services\api.js","GET","/news","NO_STATIC_BACKEND_MATCH"
"C:\Users\DIYA GOEL\Downloads\EBDESIGN\frontend\src\services\api.js","POST","/ai/fabric/weave","NO_STATIC_BACKEND_MATCH"
"C:\Users\DIYA GOEL\Downloads\EBDESIGN\frontend\src\services\api.js","GET","/referrals","NO_STATIC_BACKEND_MATCH"
"C:\Users\DIYA GOEL\Downloads\EBDESIGN\frontend\src\pages\modules\M243\M243.jsx","GET","/api/v1/backend-modules/M243/","EXACT_METHOD_PATH"
"C:\Users\DIYA GOEL\Downloads\EBDESIGN\frontend\src\services\api.js","POST","/agroforestry/implement","NO_STATIC_BACKEND_MATCH"
"C:\Users\DIYA GOEL\Downloads\EBDESIGN\frontend\src\pages\modules\M92\M92.jsx","GET","/api/v1/backend-modules/M092/","EXACT_METHOD_PATH"
"C:\Users\DIYA GOEL\Downloads\EBDESIGN\frontend\src\services\api.js","GET","/data-export","NO_STATIC_BACKEND_MATCH"
"C:\Users\DIYA GOEL\Downloads\EBDESIGN\frontend\src\services\api.js","GET","/patches","NO_STATIC_BACKEND_MATCH"
"C:\Users\DIYA GOEL\Downloads\EBDESIGN\frontend\src\services\api.js","GET","/poultry/vaccination-alerts","NO_STATIC_BACKEND_MATCH"
"C:\Users\DIYA GOEL\Downloads\EBDESIGN\frontend\src\services\api.js","GET","/equipment-inventory/equipment","NO_STATIC_BACKEND_MATCH"
"C:\Users\DIYA GOEL\Downloads\EBDESIGN\frontend\src\pages\modules\M290\M290.jsx","GET","/api/v1/backend-modules/M290/","EXACT_METHOD_PATH"
"C:\Users\DIYA GOEL\Downloads\EBDESIGN\frontend\src\services\api.js","POST","/governance-resilience-farming/build","NO_STATIC_BACKEND_MATCH"
"C:\Users\DIYA GOEL\Downloads\EBDESIGN\frontend\src\services\api.js","POST","/information-sharing/folder","NO_STATIC_BACKEND_MATCH"
"C:\Users\DIYA GOEL\Downloads\EBDESIGN\frontend\src\services\api.js","GET","/service-registry","NO_STATIC_BACKEND_MATCH"
"C:\Users\DIYA GOEL\Downloads\EBDESIGN\frontend\src\services\api.js","POST","/marketplace/listing","NO_STATIC_BACKEND_MATCH"
"C:\Users\DIYA GOEL\Downloads\EBDESIGN\frontend\src\pages\modules\M76\M76.jsx","GET","/api/v1/backend-modules/M076/","EXACT_METHOD_PATH"
"C:\Users\DIYA GOEL\Downloads\EBDESIGN\frontend\src\pages\modules\M73\M73.jsx","GET","/api/v1/backend-modules/M073/","EXACT_METHOD_PATH"
"C:\Users\DIYA GOEL\Downloads\EBDESIGN\frontend\src\services\api.js","GET","/goat/record-feed-consumption","NO_STATIC_BACKEND_MATCH"
"C:\Users\DIYA GOEL\Downloads\EBDESIGN\frontend\src\services\api.js","GET","/rivers","NO_STATIC_BACKEND_MATCH"
"C:\Users\DIYA GOEL\Downloads\EBDESIGN\frontend\src\services\api.js","GET","/coalitions","NO_STATIC_BACKEND_MATCH"
"C:\Users\DIYA GOEL\Downloads\EBDESIGN\frontend\src\pages\AdvancedMedicalCodingPage.jsx","POST","/advanced-medical-coding/health-management-plan","NO_STATIC_BACKEND_MATCH"
"C:\Users\DIYA GOEL\Downloads\EBDESIGN\frontend\src\pages\modules\M284\M284.jsx","GET","/api/v1/backend-modules/M284/","EXACT_METHOD_PATH"
"C:\Users\DIYA GOEL\Downloads\EBDESIGN\frontend\src\services\api.js","POST","/news","NO_STATIC_BACKEND_MATCH"
"C:\Users\DIYA GOEL\Downloads\EBDESIGN\frontend\src\services\machineryVillageOpsService.js","GET","/machinery-village-ops/village-operations","NO_STATIC_BACKEND_MATCH"
"C:\Users\DIYA GOEL\Downloads\EBDESIGN\frontend\src\services\coreApi.js","POST","/auth/2fa/disable","NO_STATIC_BACKEND_MATCH"
"C:\Users\DIYA GOEL\Downloads\EBDESIGN\frontend\src\services\api.js","POST","/regional-cooperations/cooperate","NO_STATIC_BACKEND_MATCH"
"C:\Users\DIYA GOEL\Downloads\EBDESIGN\frontend\src\services\api.js","GET","/weather/forecast-accuracy","NO_STATIC_BACKEND_MATCH"
"C:\Users\DIYA GOEL\Downloads\EBDESIGN\frontend\src\services\api.js","GET","/water-footprint-farming","NO_STATIC_BACKEND_MATCH"
"C:\Users\DIYA GOEL\Downloads\EBDESIGN\frontend\src\services\api.js","GET","/farmers/pricing/dynamics","NO_STATIC_BACKEND_MATCH"
"C:\Users\DIYA GOEL\Downloads\EBDESIGN\frontend\src\services\api.js","GET","/support/tickets","NO_STATIC_BACKEND_MATCH"
"C:\Users\DIYA GOEL\Downloads\EBDESIGN\frontend\src\services\api.js","POST","/ai-backbone/reset-statistics","NO_STATIC_BACKEND_MATCH"
"C:\Users\DIYA GOEL\Downloads\EBDESIGN\frontend\src\services\machineryVillageOpsService.js","POST","/machinery-village-ops/resource-pools","NO_STATIC_BACKEND_MATCH"
"C:\Users\DIYA GOEL\Downloads\EBDESIGN\frontend\src\services\api.js","POST","/farmer-kyc/application","NO_STATIC_BACKEND_MATCH"
"C:\Users\DIYA GOEL\Downloads\EBDESIGN\frontend\src\services\authService.js","POST","/auth/logout","NO_STATIC_BACKEND_MATCH"
"C:\Users\DIYA GOEL\Downloads\EBDESIGN\frontend\src\services\api.js","GET","/currencies","NO_STATIC_BACKEND_MATCH"
"C:\Users\DIYA GOEL\Downloads\EBDESIGN\frontend\src\services\api.js","POST","/ethics-resilience-farming/build","NO_STATIC_BACKEND_MATCH"
"C:\Users\DIYA GOEL\Downloads\EBDESIGN\frontend\src\pages\modules\M192\M192.jsx","GET","/api/v1/backend-modules/M192/","EXACT_METHOD_PATH"
"C:\Users\DIYA GOEL\Downloads\EBDESIGN\frontend\src\services\api.js","POST","/training-resilience-farming/build","NO_STATIC_BACKEND_MATCH"
"C:\Users\DIYA GOEL\Downloads\EBDESIGN\frontend\src\services\api.js","POST","/onions/manage","NO_STATIC_BACKEND_MATCH"
"C:\Users\DIYA GOEL\Downloads\EBDESIGN\frontend\src\services\api.js","GET","/resource-sharing","NO_STATIC_BACKEND_MATCH"
"C:\Users\DIYA GOEL\Downloads\EBDESIGN\frontend\src\services\api.js","GET","/blockchain-traceability/verify-chain-of-custody","NO_STATIC_BACKEND_MATCH"
"C:\Users\DIYA GOEL\Downloads\EBDESIGN\frontend\src\services\api.js","PUT","/multilingual/preferences","NO_STATIC_BACKEND_MATCH"
"C:\Users\DIYA GOEL\Downloads\EBDESIGN\frontend\src\services\api.js","POST","/poultry/mortality","NO_STATIC_BACKEND_MATCH"
"C:\Users\DIYA GOEL\Downloads\EBDESIGN\frontend\src\services\api.js","POST","/cognitive-warfare/wage","NO_STATIC_BACKEND_MATCH"
"C:\Users\DIYA GOEL\Downloads\EBDESIGN\frontend\src\services\api.js","GET","/cross-border-engagements","NO_STATIC_BACKEND_MATCH"
"C:\Users\DIYA GOEL\Downloads\EBDESIGN\frontend\src\pages\modules\M288\M288.jsx","GET","/api/v1/backend-modules/M288/","EXACT_METHOD_PATH"
"C:\Users\DIYA GOEL\Downloads\EBDESIGN\frontend\src\services\api.js","POST","/decision-support/make","NO_STATIC_BACKEND_MATCH"
"C:\Users\DIYA GOEL\Downloads\EBDESIGN\frontend\src\services\api.js","POST","/monitoring/monitor","NO_STATIC_BACKEND_MATCH"
"C:\Users\DIYA GOEL\Downloads\EBDESIGN\frontend\src\services\api.js","GET","/shg/members","NO_STATIC_BACKEND_MATCH"
"C:\Users\DIYA GOEL\Downloads\EBDESIGN\frontend\src\services\api.js","GET","/proposals","NO_STATIC_BACKEND_MATCH"
"C:\Users\DIYA GOEL\Downloads\EBDESIGN\frontend\src\pages\modules\M169\M169.jsx","GET","/api/v1/backend-modules/M169/","EXACT_METHOD_PATH"
"C:\Users\DIYA GOEL\Downloads\EBDESIGN\frontend\src\services\api.js","GET","/cost-benefit-analysis","NO_STATIC_BACKEND_MATCH"
"C:\Users\DIYA GOEL\Downloads\EBDESIGN\frontend\src\services\api.js","POST","/content-manager/manage","NO_STATIC_BACKEND_MATCH"
"C:\Users\DIYA GOEL\Downloads\EBDESIGN\frontend\src\services\api.js","POST","/logistics/manage","NO_STATIC_BACKEND_MATCH"
"C:\Users\DIYA GOEL\Downloads\EBDESIGN\frontend\src\pages\PremiumMarketplacePage.jsx","GET","/api/v1/ecommerceRoutes/premium-products","NO_STATIC_BACKEND_MATCH"
"C:\Users\DIYA GOEL\Downloads\EBDESIGN\frontend\src\pages\modules\M332\M332.jsx","GET","/api/v1/backend-modules/M332/","EXACT_METHOD_PATH"
"C:\Users\DIYA GOEL\Downloads\EBDESIGN\frontend\src\pages\modules\M125\M125.jsx","GET","/api/v1/backend-modules/M125/","EXACT_METHOD_PATH"
"C:\Users\DIYA GOEL\Downloads\EBDESIGN\frontend\src\services\api.js","GET","/cost","NO_STATIC_BACKEND_MATCH"
"C:\Users\DIYA GOEL\Downloads\EBDESIGN\frontend\src\services\api.js","GET","/categories","NO_STATIC_BACKEND_MATCH"
"C:\Users\DIYA GOEL\Downloads\EBDESIGN\frontend\src\services\api.js","GET","/waste-reduction-farming","NO_STATIC_BACKEND_MATCH"
"C:\Users\DIYA GOEL\Downloads\EBDESIGN\frontend\src\pages\modules\M291\M291.jsx","GET","/api/v1/backend-modules/M291/","EXACT_METHOD_PATH"
"C:\Users\DIYA GOEL\Downloads\EBDESIGN\frontend\src\services\api.js","GET","/feedback-surveys","NO_STATIC_BACKEND_MATCH"
"C:\Users\DIYA GOEL\Downloads\EBDESIGN\frontend\src\services\api.js","GET","/procurements","NO_STATIC_BACKEND_MATCH"
"C:\Users\DIYA GOEL\Downloads\EBDESIGN\frontend\src\services\api.js","POST","/finman/manage","NO_STATIC_BACKEND_MATCH"
"C:\Users\DIYA GOEL\Downloads\EBDESIGN\frontend\src\services\api.js","POST","/ecommerce-integration/cart-nutrition","NO_STATIC_BACKEND_MATCH"
"C:\Users\DIYA GOEL\Downloads\EBDESIGN\frontend\src\services\api.js","POST","/watershed-management/report","NO_STATIC_BACKEND_MATCH"
"C:\Users\DIYA GOEL\Downloads\EBDESIGN\frontend\src\services\api.js","POST","/irrigation/manage","NO_STATIC_BACKEND_MATCH"
"C:\Users\DIYA GOEL\Downloads\EBDESIGN\frontend\src\services\api.js","GET","/growing","NO_STATIC_BACKEND_MATCH"
"C:\Users\DIYA GOEL\Downloads\EBDESIGN\frontend\src\services\api.js","GET","/personalizations","NO_STATIC_BACKEND_MATCH"
"C:\Users\DIYA GOEL\Downloads\EBDESIGN\frontend\src\pages\modules\M309\M309.jsx","GET","/api/v1/backend-modules/M309/","EXACT_METHOD_PATH"
"C:\Users\DIYA GOEL\Downloads\EBDESIGN\frontend\src\services\api.js","GET","/labor-optimization","NO_STATIC_BACKEND_MATCH"
"C:\Users\DIYA GOEL\Downloads\EBDESIGN\frontend\src\services\api.js","POST","/expenses","NO_STATIC_BACKEND_MATCH"
"C:\Users\DIYA GOEL\Downloads\EBDESIGN\frontend\src\services\api.js","GET","/fisheries-pcr-management","NO_STATIC_BACKEND_MATCH"
"C:\Users\DIYA GOEL\Downloads\EBDESIGN\frontend\src\services\api.js","GET","/poultry","NO_STATIC_BACKEND_MATCH"
"C:\Users\DIYA GOEL\Downloads\EBDESIGN\frontend\src\services\api.js","POST","/sheep/breeding-records","NO_STATIC_BACKEND_MATCH"
"C:\Users\DIYA GOEL\Downloads\EBDESIGN\frontend\src\services\api.js","GET","/leadership-resilience-farming","NO_STATIC_BACKEND_MATCH"
"C:\Users\DIYA GOEL\Downloads\EBDESIGN\frontend\src\pages\modules\M67\M67.jsx","GET","/api/v1/backend-modules/M067/","EXACT_METHOD_PATH"
"C:\Users\DIYA GOEL\Downloads\EBDESIGN\frontend\src\services\api.js","POST","/fisheries-harvest/harvest","NO_STATIC_BACKEND_MATCH"
"C:\Users\DIYA GOEL\Downloads\EBDESIGN\frontend\src\services\api.js","GET","/blockchain-traceability/traceability-events","NO_STATIC_BACKEND_MATCH"
"C:\Users\DIYA GOEL\Downloads\EBDESIGN\frontend\src\services\api.js","GET","/security-scans","NO_STATIC_BACKEND_MATCH"
"C:\Users\DIYA GOEL\Downloads\EBDESIGN\frontend\src\services\api.js","POST","/digital-twin","NO_STATIC_BACKEND_MATCH"
"C:\Users\DIYA GOEL\Downloads\EBDESIGN\frontend\src\services\api.js","POST","/comprehensive-erp/create-inspection-lot","NO_STATIC_BACKEND_MATCH"
"C:\Users\DIYA GOEL\Downloads\EBDESIGN\frontend\src\services\api.js","GET","/shared-infrastructure/shared-infrastructure","NO_STATIC_BACKEND_MATCH"
"C:\Users\DIYA GOEL\Downloads\EBDESIGN\frontend\src\pages\modules\M285\M285.jsx","GET","/api/v1/backend-modules/M285/","EXACT_METHOD_PATH"
"C:\Users\DIYA GOEL\Downloads\EBDESIGN\frontend\src\services\commerceApi.js","GET","/blockchain/stats","NO_STATIC_BACKEND_MATCH"
"C:\Users\DIYA GOEL\Downloads\EBDESIGN\frontend\src\services\api.js","GET","/technology","NO_STATIC_BACKEND_MATCH"
"C:\Users\DIYA GOEL\Downloads\EBDESIGN\frontend\src\services\api.js","GET","/soil/tests","NO_STATIC_BACKEND_MATCH"
"C:\Users\DIYA GOEL\Downloads\EBDESIGN\frontend\src\services\api.js","POST","/cold-storage/booking","NO_STATIC_BACKEND_MATCH"
"C:\Users\DIYA GOEL\Downloads\EBDESIGN\frontend\src\services\api.js","POST","/value-creations/create","NO_STATIC_BACKEND_MATCH"
"C:\Users\DIYA GOEL\Downloads\EBDESIGN\frontend\src\services\api.js","GET","/benefit-realizations","NO_STATIC_BACKEND_MATCH"
"C:\Users\DIYA GOEL\Downloads\EBDESIGN\frontend\src\services\api.js","GET","/seed-vault/categories","NO_STATIC_BACKEND_MATCH"
"C:\Users\DIYA GOEL\Downloads\EBDESIGN\frontend\src\services\api.js","GET","/distribution-resilience-farming","NO_STATIC_BACKEND_MATCH"
"C:\Users\DIYA GOEL\Downloads\EBDESIGN\frontend\src\services\api.js","GET","/flags","NO_STATIC_BACKEND_MATCH"
"C:\Users\DIYA GOEL\Downloads\EBDESIGN\frontend\src\services\api.js","GET","/comprehensive-erp/get-inventory-overview","NO_STATIC_BACKEND_MATCH"
"C:\Users\DIYA GOEL\Downloads\EBDESIGN\frontend\src\pages\modules\M259\M259.jsx","GET","/api/v1/backend-modules/M259/","EXACT_METHOD_PATH"
"C:\Users\DIYA GOEL\Downloads\EBDESIGN\frontend\src\pages\modules\M208\M208.jsx","GET","/api/v1/backend-modules/M208/","EXACT_METHOD_PATH"
"C:\Users\DIYA GOEL\Downloads\EBDESIGN\frontend\src\services\api.js","GET","/farmer-family","NO_STATIC_BACKEND_MATCH"
"C:\Users\DIYA GOEL\Downloads\EBDESIGN\frontend\src\services\api.js","GET","/exchanges","NO_STATIC_BACKEND_MATCH"
"C:\Users\DIYA GOEL\Downloads\EBDESIGN\frontend\src\services\operationsApi.js","GET","/logistics/modes","NO_STATIC_BACKEND_MATCH"
"C:\Users\DIYA GOEL\Downloads\EBDESIGN\frontend\src\services\api.js","GET","/habitats","NO_STATIC_BACKEND_MATCH"
"C:\Users\DIYA GOEL\Downloads\EBDESIGN\frontend\src\services\api.js","PUT","/security","NO_STATIC_BACKEND_MATCH"
"C:\Users\DIYA GOEL\Downloads\EBDESIGN\frontend\src\services\api.js","POST","/watershed-management/plan","NO_STATIC_BACKEND_MATCH"
"C:\Users\DIYA GOEL\Downloads\EBDESIGN\frontend\src\services\api.js","POST","/quarantine/manage","NO_STATIC_BACKEND_MATCH"
"C:\Users\DIYA GOEL\Downloads\EBDESIGN\frontend\src\pages\modules\M34\M34.jsx","GET","/api/v1/backend-modules/M034/","EXACT_METHOD_PATH"
"C:\Users\DIYA GOEL\Downloads\EBDESIGN\frontend\src\pages\modules\M289\M289.jsx","GET","/api/v1/backend-modules/M289/","EXACT_METHOD_PATH"
